-- Read a.xtuml on the UserPostOoaInitializationCalloutf command line.
INSERT INTO O_OBJ VALUES ( 166,'Benefit',19,'BENEFIT','',0 );
INSERT INTO O_OBJ VALUES ( 178,'Billing',13,'BILLING','',0 );
INSERT INTO O_OBJ VALUES ( 185,'BillingItem',14,'BILLINGITEM','',0 );
INSERT INTO O_OBJ VALUES ( 69,'Bookable',5,'BOOKABLE','',0 );
INSERT INTO O_OBJ VALUES ( 135,'Booking',10,'BOOKING','',0 );
INSERT INTO O_OBJ VALUES ( 15,'BookingSession',12,'BOOKINGSESSION','',0 );
INSERT INTO O_OBJ VALUES ( 190,'Cash',16,'CASH','',0 );
INSERT INTO O_OBJ VALUES ( 169,'Club',21,'CLUB','',0 );
INSERT INTO O_OBJ VALUES ( 192,'CreditCard',18,'CREDITCARD','',0 );
INSERT INTO O_OBJ VALUES ( 159,'Customer',20,'CUSTOMER','',0 );
INSERT INTO O_OBJ VALUES ( 151,'Facility',3,'FACILITY','',0 );
INSERT INTO O_OBJ VALUES ( 197,'FacilityGroup',4,'FACILITYGROUP','',0 );
INSERT INTO O_OBJ VALUES ( 41,'FacilityType',2,'FACILITYTYPE','',0 );
INSERT INTO O_OBJ VALUES ( 206,'Guest',11,'GUEST','',0 );
INSERT INTO O_OBJ VALUES ( 199,'Hotel',7,'HOTEL','',0 );
INSERT INTO O_OBJ VALUES ( 194,'Invoice',17,'INVOICE','',0 );
INSERT INTO O_OBJ VALUES ( 233,'Package',6,'PACKAGE','',0 );
INSERT INTO O_OBJ VALUES ( 182,'PaymentMethod',15,'PAYMENTMETHOD','',0 );
INSERT INTO O_OBJ VALUES ( 223,'Privilege',9,'PRIVILEGE','',0 );
INSERT INTO O_OBJ VALUES ( 156,'Service',1,'SERVICE','',0 );
INSERT INTO O_OBJ VALUES ( 221,'Staff',8,'STAFF','',0 );
INSERT INTO O_OBJ VALUES ( 671,'SimpleTest',1,'SIMPLETEST','',0 );
INSERT INTO O_ATTR VALUES ( 316,166,0,'discountPercentage','','','discountPercentage',0,50,'','' );
INSERT INTO O_ATTR VALUES ( 325,178,326,'isPayed','','','isPayed',0,25,'','' );
INSERT INTO O_ATTR VALUES ( 326,178,0,'paymentDate','','','paymentDate',0,45,'','' );
INSERT INTO O_ATTR VALUES ( 328,185,329,'description','','','description',0,62,'','' );
INSERT INTO O_ATTR VALUES ( 329,185,0,'cost','','','cost',0,50,'','' );
INSERT INTO O_ATTR VALUES ( 80,69,77,'description','','','description',0,62,'','' );
INSERT INTO O_ATTR VALUES ( 77,69,0,'price','','','price',0,50,'','' );
INSERT INTO O_ATTR VALUES ( 345,69,80,'id','','','id',0,23,'','' );
INSERT INTO O_ATTR VALUES ( 367,135,0,'bookingNumber','','','bookingNumber',0,23,'','' );
INSERT INTO O_ATTR VALUES ( 24,15,0,'ID','','','ID',0,23,'','' );
INSERT INTO O_ATTR VALUES ( 407,15,24,'current_state','','','current_state',0,408,'','' );
INSERT INTO O_ATTR VALUES ( 560,169,0,'clubName','','','clubName',0,62,'','' );
INSERT INTO O_ATTR VALUES ( 562,192,563,'cvcCode','','','cvcCode',0,50,'','' );
INSERT INTO O_ATTR VALUES ( 563,192,564,'expirationDate','','','expirationDate',0,565,'','' );
INSERT INTO O_ATTR VALUES ( 564,192,0,'cardNumber','','','cardNumber',0,50,'','' );
INSERT INTO O_ATTR VALUES ( 567,159,568,'customerID','','','customerID',0,50,'','' );
INSERT INTO O_ATTR VALUES ( 568,159,0,'name','','','name',0,62,'','' );
INSERT INTO O_ATTR VALUES ( 570,151,571,'checkedOut','','','checkedOut',0,45,'','' );
INSERT INTO O_ATTR VALUES ( 571,151,294,'checkedIn','','','checkedIn',0,45,'','' );
INSERT INTO O_ATTR VALUES ( 294,151,0,'facilityID','','','facilityID',0,62,'','' );
INSERT INTO O_ATTR VALUES ( 573,197,0,'name','','','name',0,62,'','' );
INSERT INTO O_ATTR VALUES ( 83,41,0,'approximateArea','','','approximateArea',0,62,'','' );
INSERT INTO O_ATTR VALUES ( 73,41,83,'id','','','id',0,23,'','' );
INSERT INTO O_ATTR VALUES ( 583,206,584,'checkedOut','','','checkedOut',0,45,'','' );
INSERT INTO O_ATTR VALUES ( 584,206,585,'checkedIn','','','checkedIn',0,45,'','' );
INSERT INTO O_ATTR VALUES ( 585,206,586,'age','','','age',0,50,'','' );
INSERT INTO O_ATTR VALUES ( 586,206,0,'name','','','name',0,62,'','' );
INSERT INTO O_ATTR VALUES ( 612,199,613,'description','','','description',0,62,'','' );
INSERT INTO O_ATTR VALUES ( 613,199,0,'adress','','','adress',0,62,'','' );
INSERT INTO O_ATTR VALUES ( 615,194,0,'sentDate','','','sentDate',0,45,'','' );
INSERT INTO O_ATTR VALUES ( 620,156,621,'description','','','description',0,62,'','' );
INSERT INTO O_ATTR VALUES ( 621,156,0,'independent','','','independent',0,25,'','' );
INSERT INTO O_ATTR VALUES ( 623,221,0,'name','','','name',0,62,'','' );
INSERT INTO O_ATTR VALUES ( 690,671,0,'current_state','','','current_state',0,408,'','' );
INSERT INTO O_ID VALUES ( 2,166 );
INSERT INTO O_ID VALUES ( 1,166 );
INSERT INTO O_ID VALUES ( 0,166 );
INSERT INTO O_ID VALUES ( 2,178 );
INSERT INTO O_ID VALUES ( 1,178 );
INSERT INTO O_ID VALUES ( 0,178 );
INSERT INTO O_ID VALUES ( 2,185 );
INSERT INTO O_ID VALUES ( 1,185 );
INSERT INTO O_ID VALUES ( 0,185 );
INSERT INTO O_ID VALUES ( 2,69 );
INSERT INTO O_ID VALUES ( 1,69 );
INSERT INTO O_ID VALUES ( 0,69 );
INSERT INTO O_ID VALUES ( 2,135 );
INSERT INTO O_ID VALUES ( 1,135 );
INSERT INTO O_ID VALUES ( 0,135 );
INSERT INTO O_ID VALUES ( 2,15 );
INSERT INTO O_ID VALUES ( 1,15 );
INSERT INTO O_ID VALUES ( 0,15 );
INSERT INTO O_ID VALUES ( 2,190 );
INSERT INTO O_ID VALUES ( 1,190 );
INSERT INTO O_ID VALUES ( 0,190 );
INSERT INTO O_ID VALUES ( 2,169 );
INSERT INTO O_ID VALUES ( 1,169 );
INSERT INTO O_ID VALUES ( 0,169 );
INSERT INTO O_ID VALUES ( 2,192 );
INSERT INTO O_ID VALUES ( 1,192 );
INSERT INTO O_ID VALUES ( 0,192 );
INSERT INTO O_ID VALUES ( 2,159 );
INSERT INTO O_ID VALUES ( 1,159 );
INSERT INTO O_ID VALUES ( 0,159 );
INSERT INTO O_ID VALUES ( 2,151 );
INSERT INTO O_ID VALUES ( 1,151 );
INSERT INTO O_ID VALUES ( 0,151 );
INSERT INTO O_ID VALUES ( 2,197 );
INSERT INTO O_ID VALUES ( 1,197 );
INSERT INTO O_ID VALUES ( 0,197 );
INSERT INTO O_ID VALUES ( 2,41 );
INSERT INTO O_ID VALUES ( 1,41 );
INSERT INTO O_ID VALUES ( 0,41 );
INSERT INTO O_ID VALUES ( 2,206 );
INSERT INTO O_ID VALUES ( 1,206 );
INSERT INTO O_ID VALUES ( 0,206 );
INSERT INTO O_ID VALUES ( 2,199 );
INSERT INTO O_ID VALUES ( 1,199 );
INSERT INTO O_ID VALUES ( 0,199 );
INSERT INTO O_ID VALUES ( 2,194 );
INSERT INTO O_ID VALUES ( 1,194 );
INSERT INTO O_ID VALUES ( 0,194 );
INSERT INTO O_ID VALUES ( 2,233 );
INSERT INTO O_ID VALUES ( 1,233 );
INSERT INTO O_ID VALUES ( 0,233 );
INSERT INTO O_ID VALUES ( 2,182 );
INSERT INTO O_ID VALUES ( 1,182 );
INSERT INTO O_ID VALUES ( 0,182 );
INSERT INTO O_ID VALUES ( 2,223 );
INSERT INTO O_ID VALUES ( 1,223 );
INSERT INTO O_ID VALUES ( 0,223 );
INSERT INTO O_ID VALUES ( 2,156 );
INSERT INTO O_ID VALUES ( 1,156 );
INSERT INTO O_ID VALUES ( 0,156 );
INSERT INTO O_ID VALUES ( 2,221 );
INSERT INTO O_ID VALUES ( 1,221 );
INSERT INTO O_ID VALUES ( 0,221 );
INSERT INTO O_ID VALUES ( 0,671 );
INSERT INTO O_ID VALUES ( 1,671 );
INSERT INTO O_ID VALUES ( 2,671 );
INSERT INTO O_BATTR VALUES ( 316,166 );
INSERT INTO O_BATTR VALUES ( 325,178 );
INSERT INTO O_BATTR VALUES ( 326,178 );
INSERT INTO O_BATTR VALUES ( 328,185 );
INSERT INTO O_BATTR VALUES ( 329,185 );
INSERT INTO O_BATTR VALUES ( 80,69 );
INSERT INTO O_BATTR VALUES ( 77,69 );
INSERT INTO O_BATTR VALUES ( 345,69 );
INSERT INTO O_BATTR VALUES ( 367,135 );
INSERT INTO O_BATTR VALUES ( 24,15 );
INSERT INTO O_BATTR VALUES ( 407,15 );
INSERT INTO O_BATTR VALUES ( 560,169 );
INSERT INTO O_BATTR VALUES ( 562,192 );
INSERT INTO O_BATTR VALUES ( 563,192 );
INSERT INTO O_BATTR VALUES ( 564,192 );
INSERT INTO O_BATTR VALUES ( 567,159 );
INSERT INTO O_BATTR VALUES ( 568,159 );
INSERT INTO O_BATTR VALUES ( 570,151 );
INSERT INTO O_BATTR VALUES ( 571,151 );
INSERT INTO O_BATTR VALUES ( 294,151 );
INSERT INTO O_BATTR VALUES ( 573,197 );
INSERT INTO O_BATTR VALUES ( 83,41 );
INSERT INTO O_BATTR VALUES ( 73,41 );
INSERT INTO O_BATTR VALUES ( 583,206 );
INSERT INTO O_BATTR VALUES ( 584,206 );
INSERT INTO O_BATTR VALUES ( 585,206 );
INSERT INTO O_BATTR VALUES ( 586,206 );
INSERT INTO O_BATTR VALUES ( 612,199 );
INSERT INTO O_BATTR VALUES ( 613,199 );
INSERT INTO O_BATTR VALUES ( 615,194 );
INSERT INTO O_BATTR VALUES ( 620,156 );
INSERT INTO O_BATTR VALUES ( 621,156 );
INSERT INTO O_BATTR VALUES ( 623,221 );
INSERT INTO O_BATTR VALUES ( 690,671 );
INSERT INTO O_NBATTR VALUES ( 316,166 );
INSERT INTO O_NBATTR VALUES ( 325,178 );
INSERT INTO O_NBATTR VALUES ( 326,178 );
INSERT INTO O_NBATTR VALUES ( 328,185 );
INSERT INTO O_NBATTR VALUES ( 329,185 );
INSERT INTO O_NBATTR VALUES ( 80,69 );
INSERT INTO O_NBATTR VALUES ( 77,69 );
INSERT INTO O_NBATTR VALUES ( 345,69 );
INSERT INTO O_NBATTR VALUES ( 367,135 );
INSERT INTO O_NBATTR VALUES ( 24,15 );
INSERT INTO O_NBATTR VALUES ( 407,15 );
INSERT INTO O_NBATTR VALUES ( 560,169 );
INSERT INTO O_NBATTR VALUES ( 562,192 );
INSERT INTO O_NBATTR VALUES ( 563,192 );
INSERT INTO O_NBATTR VALUES ( 564,192 );
INSERT INTO O_NBATTR VALUES ( 567,159 );
INSERT INTO O_NBATTR VALUES ( 568,159 );
INSERT INTO O_NBATTR VALUES ( 570,151 );
INSERT INTO O_NBATTR VALUES ( 571,151 );
INSERT INTO O_NBATTR VALUES ( 294,151 );
INSERT INTO O_NBATTR VALUES ( 573,197 );
INSERT INTO O_NBATTR VALUES ( 83,41 );
INSERT INTO O_NBATTR VALUES ( 73,41 );
INSERT INTO O_NBATTR VALUES ( 583,206 );
INSERT INTO O_NBATTR VALUES ( 584,206 );
INSERT INTO O_NBATTR VALUES ( 585,206 );
INSERT INTO O_NBATTR VALUES ( 586,206 );
INSERT INTO O_NBATTR VALUES ( 612,199 );
INSERT INTO O_NBATTR VALUES ( 613,199 );
INSERT INTO O_NBATTR VALUES ( 615,194 );
INSERT INTO O_NBATTR VALUES ( 620,156 );
INSERT INTO O_NBATTR VALUES ( 621,156 );
INSERT INTO O_NBATTR VALUES ( 623,221 );
INSERT INTO O_NBATTR VALUES ( 690,671 );
INSERT INTO S_CDT VALUES ( 255,0 );
INSERT INTO S_CDT VALUES ( 25,1 );
INSERT INTO S_CDT VALUES ( 50,2 );
INSERT INTO S_CDT VALUES ( 730,3 );
INSERT INTO S_CDT VALUES ( 62,4 );
INSERT INTO S_CDT VALUES ( 23,5 );
INSERT INTO S_CDT VALUES ( 408,6 );
INSERT INTO S_CDT VALUES ( 790,7 );
INSERT INTO S_CDT VALUES ( 21,8 );
INSERT INTO S_CDT VALUES ( 791,9 );
INSERT INTO S_CDT VALUES ( 792,10 );
INSERT INTO S_CDT VALUES ( 793,11 );
INSERT INTO S_CDT VALUES ( 794,12 );
INSERT INTO S_CDT VALUES ( 795,13 );
INSERT INTO O_TFR VALUES ( 319,178,'isPayed','',25,1,'',1,'',320 );
INSERT INTO O_TFR VALUES ( 320,178,'getCost','',50,1,'',1,'',0 );
INSERT INTO O_TFR VALUES ( 331,69,'isAvailable','',25,1,'',1,'',0 );
INSERT INTO O_TFR VALUES ( 335,69,'getBookableRepresentation','',255,1,'

i = 5;
BookingRepresentation.price = self.price;

',1,'',331 );
INSERT INTO O_TFR VALUES ( 347,135,'addGuest','',255,1,'',1,'',348 );
INSERT INTO O_TFR VALUES ( 348,135,'getBookingInfo','',142,1,'',1,'',353 );
INSERT INTO O_TFR VALUES ( 353,135,'setCustomer','',25,1,'',1,'',356 );
INSERT INTO O_TFR VALUES ( 356,135,'addBookable','',25,1,'',1,'',360 );
INSERT INTO O_TFR VALUES ( 360,135,'addService','',25,1,'',1,'',0 );
INSERT INTO O_TFR VALUES ( 373,15,'addGuest','',142,1,'',1,'',374 );
INSERT INTO O_TFR VALUES ( 374,15,'createGuest','',25,1,'',1,'',380 );
INSERT INTO O_TFR VALUES ( 380,15,'selectBookable','',154,1,'',1,'',385 );
INSERT INTO O_TFR VALUES ( 385,15,'addService','',25,1,'',1,'',389 );
INSERT INTO O_TFR VALUES ( 389,15,'createCustomer','',25,1,'',1,'',43 );
INSERT INTO O_TFR VALUES ( 43,15,'search','',42,1,'select many b from instances of FACILITYTYPE;
return b;',1,'',0 );
INSERT INTO O_TFR VALUES ( 575,41,'getPossibleExtras','',154,1,'',1,'',0 );
INSERT INTO O_TFR VALUES ( 579,206,'setFacility','',25,1,'',1,'',0 );
INSERT INTO O_TFR VALUES ( 588,199,'createFacilityGroup','',25,1,'',1,'',589 );
INSERT INTO O_TFR VALUES ( 589,199,'createStaff','',25,1,'',1,'',593 );
INSERT INTO O_TFR VALUES ( 593,199,'createService','',25,1,'',1,'',597 );
INSERT INTO O_TFR VALUES ( 597,199,'createFacility','',25,1,'',1,'',601 );
INSERT INTO O_TFR VALUES ( 601,199,'availableBookables','',154,1,'',1,'',605 );
INSERT INTO O_TFR VALUES ( 605,199,'addBooking','',25,1,'',1,'',0 );
INSERT INTO O_TPARM VALUES ( 332,331,'filter',50,0,'',0,'' );
INSERT INTO O_TPARM VALUES ( 349,347,'age',50,0,'',0,'' );
INSERT INTO O_TPARM VALUES ( 350,347,'name',62,0,'',349,'' );
INSERT INTO O_TPARM VALUES ( 357,353,'customer',62,0,'',0,'' );
INSERT INTO O_TPARM VALUES ( 361,356,'bookable',76,0,'',0,'' );
INSERT INTO O_TPARM VALUES ( 364,360,'bookable',76,0,'',0,'' );
INSERT INTO O_TPARM VALUES ( 375,373,'age',50,0,'',0,'' );
INSERT INTO O_TPARM VALUES ( 376,373,'name',62,0,'',377,'' );
INSERT INTO O_TPARM VALUES ( 377,373,'facility',152,0,'',375,'' );
INSERT INTO O_TPARM VALUES ( 381,374,'age',50,0,'',0,'' );
INSERT INTO O_TPARM VALUES ( 382,374,'name',62,0,'',381,'' );
INSERT INTO O_TPARM VALUES ( 386,380,'facilityType',55,0,'',0,'' );
INSERT INTO O_TPARM VALUES ( 390,385,'bookable',76,0,'',0,'' );
INSERT INTO O_TPARM VALUES ( 393,389,'name',62,0,'',0,'' );
INSERT INTO O_TPARM VALUES ( 396,43,'fromDate',45,0,'',398,'' );
INSERT INTO O_TPARM VALUES ( 397,43,'toDate',45,0,'',396,'' );
INSERT INTO O_TPARM VALUES ( 398,43,'facilityType',50,0,'',0,'' );
INSERT INTO O_TPARM VALUES ( 580,579,'facility',152,0,'',0,'' );
INSERT INTO O_TPARM VALUES ( 590,588,'name',62,0,'',0,'' );
INSERT INTO O_TPARM VALUES ( 594,589,'name',62,0,'',0,'' );
INSERT INTO O_TPARM VALUES ( 598,593,'description',62,0,'',0,'' );
INSERT INTO O_TPARM VALUES ( 602,597,'facilityID',62,0,'',0,'' );
INSERT INTO O_TPARM VALUES ( 606,601,'filter',50,0,'',0,'' );
INSERT INTO O_TPARM VALUES ( 609,605,'booking',142,0,'',0,'' );
INSERT INTO S_UDT VALUES ( 565,793,1 );
INSERT INTO S_UDT VALUES ( 796,794,3 );
INSERT INTO S_UDT VALUES ( 45,793,2 );
INSERT INTO S_BRG VALUES ( 756,755,'LogSuccess','',0,255,'',1,'' );
INSERT INTO S_BRG VALUES ( 760,755,'LogFailure','',0,255,'',1,'' );
INSERT INTO S_BRG VALUES ( 130,755,'LogInfo','',0,255,'',1,'' );
INSERT INTO S_BRG VALUES ( 767,755,'LogDate','',0,255,'',1,'' );
INSERT INTO S_BRG VALUES ( 772,755,'LogTime','',0,255,'',1,'' );
INSERT INTO S_BRG VALUES ( 777,755,'LogReal','',0,255,'',1,'' );
INSERT INTO S_BRG VALUES ( 782,755,'LogInteger','',0,255,'',0,'' );
INSERT INTO S_BPARM VALUES ( 757,756,'message',62,0,'',0,'' );
INSERT INTO S_BPARM VALUES ( 761,760,'message',62,0,'',0,'' );
INSERT INTO S_BPARM VALUES ( 764,130,'message',62,0,'',0,'' );
INSERT INTO S_BPARM VALUES ( 768,767,'d',565,0,'',0,'' );
INSERT INTO S_BPARM VALUES ( 769,767,'message',62,0,'',768,'' );
INSERT INTO S_BPARM VALUES ( 773,772,'t',45,0,'',774,'' );
INSERT INTO S_BPARM VALUES ( 774,772,'message',62,0,'',0,'' );
INSERT INTO S_BPARM VALUES ( 778,777,'r',730,0,'',779,'' );
INSERT INTO S_BPARM VALUES ( 779,777,'message',62,0,'',0,'' );
INSERT INTO S_BPARM VALUES ( 783,782,'message',50,0,'',0,'' );
INSERT INTO EP_PKG VALUES ( 2,1,1,'Library','',0 );
INSERT INTO EP_PKG VALUES ( 149,0,1,'Hotel','',0 );
INSERT INTO EP_PKG VALUES ( 677,0,1,'TestCases','',0 );
INSERT INTO EP_PKG VALUES ( 727,0,1,'Interfaces','',0 );
INSERT INTO EP_PKG VALUES ( 754,1,1,'Shared EEs','',0 );
INSERT INTO EP_PKG VALUES ( 784,1,1,'System','',0 );
INSERT INTO S_SYNC VALUES ( 254,0,'PopulateFacilityTypes','','
create object instance ft of FACILITYTYPE;
create object instance b of BOOKABLE;
relate ft to b across R2;

ft.approximateArea = "About 20 square meters";
b.price = 100;
b.description = "A double bed room";


create object instance f1 of FACILITY;
relate f1 to ft across R1;
f1.facilityID = "Room1";

create object instance f2 of FACILITY;
relate f2 to ft across R1;
f1.facilityID = "Room2";

create object instance f3 of FACILITY;
relate f3 to ft across R1;
f1.facilityID = "Room3";




	



',255,1,'' );
INSERT INTO S_SYNC VALUES ( 679,0,'startSimpleTest','','LOG::LogInfo(message: "Starting simpleTest ;");
create object instance st of SIMPLETEST;
generate SIMPLETEST1:start to st;',255,1,'' );
INSERT INTO S_SYS VALUES ( 1,'Hotel',1 );
INSERT INTO TE_CI VALUES ( 7845664,'UserComponent','iUserComponent','',7650400,785 );
INSERT INTO TE_CI VALUES ( 7848212,'HotelComponent','iHotelComponent','',7655624,788 );
INSERT INTO TE_OIR VALUES ( 'FACILITY_R1','part','','',0,0,253,151,251 );
INSERT INTO TE_OIR VALUES ( 'FACILITYTYPE_R1_is_instance_of','form','','is_instance_of',1,0,252,41,251 );
INSERT INTO TE_OIR VALUES ( 'R2_subtype','subsuper','R2_object_id','',0,0,250,41,68 );
INSERT INTO TE_OIR VALUES ( 'R2_subtype','subsuper','R2_object_id','',0,0,249,156,68 );
INSERT INTO TE_OIR VALUES ( 'R2_subtype','subsuper','R2_object_id','',0,0,248,233,68 );
INSERT INTO TE_OIR VALUES ( 'BOOKABLE_R2','subsuper','','',0,1,247,69,68 );
INSERT INTO TE_OIR VALUES ( 'FACILITYGROUP_R3_in_group','form','','in_group',1,0,246,197,244 );
INSERT INTO TE_OIR VALUES ( 'FACILITYGROUP_R3_has','part','','has',0,0,245,197,244 );
INSERT INTO TE_OIR VALUES ( 'FACILITYTYPE_R4_includes','part','','includes',0,0,243,41,241 );
INSERT INTO TE_OIR VALUES ( 'SERVICE_R4','form','','',1,0,242,156,241 );
INSERT INTO TE_OIR VALUES ( 'FACILITYTYPE_R5_can_be_complemented_with','part','','can_be_complemented_with',0,0,240,41,238 );
INSERT INTO TE_OIR VALUES ( 'SERVICE_R5','form','','',1,0,239,156,238 );
INSERT INTO TE_OIR VALUES ( 'FACILITYGROUP_R6_contains','part','','contains',0,0,237,197,235 );
INSERT INTO TE_OIR VALUES ( 'FACILITY_R6','form','','',1,0,236,151,235 );
INSERT INTO TE_OIR VALUES ( 'PACKAGE_R8_contains','part','','contains',0,0,234,233,231 );
INSERT INTO TE_OIR VALUES ( 'BOOKABLE_R8_members','form','','members',1,0,232,69,231 );
INSERT INTO TE_OIR VALUES ( 'BOOKABLE_R9','form','','',1,0,230,69,228 );
INSERT INTO TE_OIR VALUES ( 'HOTEL_R9_provides','part','','provides',0,0,229,199,228 );
INSERT INTO TE_OIR VALUES ( 'STAFF_R10_works_at','form','','works_at',1,0,227,221,225 );
INSERT INTO TE_OIR VALUES ( 'HOTEL_R10_employ','part','','employ',0,0,226,199,225 );
INSERT INTO TE_OIR VALUES ( 'PRIVILEGE_R11_privileges','form','','privileges',1,0,224,223,220 );
INSERT INTO TE_OIR VALUES ( 'STAFF_R11_is_assigned','part','','is_assigned',1,0,222,221,220 );
INSERT INTO TE_OIR VALUES ( 'BOOKING_R12','form','','',1,0,219,135,217 );
INSERT INTO TE_OIR VALUES ( 'BOOKABLE_R12','part','','',1,0,218,69,217 );
INSERT INTO TE_OIR VALUES ( 'BOOKING_R13','form','','',1,0,216,135,214 );
INSERT INTO TE_OIR VALUES ( 'HOTEL_R13_remembers_all','part','','remembers_all',0,0,215,199,214 );
INSERT INTO TE_OIR VALUES ( 'BOOKING_R14_is_booked_in','form','','is_booked_in',1,0,213,135,211 );
INSERT INTO TE_OIR VALUES ( 'FACILITY_R14','part','','',1,0,212,151,211 );
INSERT INTO TE_OIR VALUES ( 'GUEST_R15_use','form','','use',1,0,210,206,208 );
INSERT INTO TE_OIR VALUES ( 'BOOKING_R15','part','','',1,0,209,135,208 );
INSERT INTO TE_OIR VALUES ( 'GUEST_R16_stays_in','form','','stays_in',1,0,207,206,204 );
INSERT INTO TE_OIR VALUES ( 'FACILITY_R16','part','','',1,0,205,151,204 );
INSERT INTO TE_OIR VALUES ( 'BOOKINGSESSION_R17','form','','',1,0,203,15,201 );
INSERT INTO TE_OIR VALUES ( 'HOTEL_R17','part','','',0,0,202,199,201 );
INSERT INTO TE_OIR VALUES ( 'HOTEL_R18','part','','',0,0,200,199,196 );
INSERT INTO TE_OIR VALUES ( 'FACILITYGROUP_R18','form','','',1,0,198,197,196 );
INSERT INTO TE_OIR VALUES ( 'R19_subtype','subsuper','R19_object_id','',0,0,195,194,188 );
INSERT INTO TE_OIR VALUES ( 'R19_subtype','subsuper','R19_object_id','',0,0,193,192,188 );
INSERT INTO TE_OIR VALUES ( 'R19_subtype','subsuper','R19_object_id','',0,0,191,190,188 );
INSERT INTO TE_OIR VALUES ( 'PAYMENTMETHOD_R19','subsuper','','',0,0,189,182,188 );
INSERT INTO TE_OIR VALUES ( 'BILLING_R20','part','','',0,0,187,178,184 );
INSERT INTO TE_OIR VALUES ( 'BILLINGITEM_R20','form','','',1,0,186,185,184 );
INSERT INTO TE_OIR VALUES ( 'PAYMENTMETHOD_R21','part','','',0,0,183,182,180 );
INSERT INTO TE_OIR VALUES ( 'BILLING_R21','form','','',1,0,181,178,180 );
INSERT INTO TE_OIR VALUES ( 'BILLING_R22','assr','','',0,0,179,178,175 );
INSERT INTO TE_OIR VALUES ( 'CUSTOMER_R22_makes_a','aone','','makes_a',0,0,177,159,175 );
INSERT INTO TE_OIR VALUES ( 'BOOKING_R22','aoth','','',0,0,176,135,175 );
INSERT INTO TE_OIR VALUES ( 'CLUB_R23','form','','',1,0,174,169,172 );
INSERT INTO TE_OIR VALUES ( 'CUSTOMER_R23_is_member_of','part','','is_member_of',1,0,173,159,172 );
INSERT INTO TE_OIR VALUES ( 'BENEFIT_R24','form','','',1,0,171,166,168 );
INSERT INTO TE_OIR VALUES ( 'CLUB_R24','part','','',0,0,170,169,168 );
INSERT INTO TE_OIR VALUES ( 'BENEFIT_R25_affects_price_of','form','','affects_price_of',1,0,167,166,164 );
INSERT INTO TE_OIR VALUES ( 'BOOKABLE_R25','part','','',1,0,165,69,164 );
INSERT INTO TE_OIR VALUES ( 'BOOKINGSESSION_R26','form','','',0,0,163,15,137 );
INSERT INTO TE_OIR VALUES ( 'BOOKING_R26','part','','',0,0,162,135,137 );
INSERT INTO TE_OIR VALUES ( 'BOOKINGSESSION_R27','form','','',0,0,161,15,158 );
INSERT INTO TE_OIR VALUES ( 'CUSTOMER_R27','part','','',0,0,160,159,158 );
INSERT INTO TE_SYS VALUES ( 1,'','',32,0,0,0,0,0,0,0,0,0,0,0,0,0,128,128,0,0,'','Hotel',0,0,'sc_interface',0,'',1 );
INSERT INTO TE_DISP VALUES ( 1,1,'main','dispatcher' );
INSERT INTO TE_QUEUE VALUES ( 1,1,1,'Self Queue',0,0 );
INSERT INTO TE_QUEUE VALUES ( 2,1,2,'NonSelf Queue',0,0 );
INSERT INTO TE_ABA VALUES ( 7138368,'TE_MACT',7650400,0,0,' Escher_UniqueID_t ',' Escher_UniqueID_t p_sessionID ','Escher_UniqueID_t p_sessionID;
',', p_sessionID','%p',' p_sessionID','    e->p_sessionID = p_sessionID;','    e->p_sessionID = p_sessionID;','','UserComponent_UserInterface_session','void',0,0,'','  UserComponent_SIMPLETEST * st=0;
  /* LOG::LogInfo( message:Got session ID ) */
  XTUML_OAL_STMT_TRACE( 1, "LOG::LogInfo( message:Got session ID )" );
  LOG_LogInfo( "Got session ID" );
  /* SELECT any st FROM INSTANCES OF SIMPLETEST */
  XTUML_OAL_STMT_TRACE( 1, "SELECT any st FROM INSTANCES OF SIMPLETEST" );
  st = (UserComponent_SIMPLETEST *) Escher_SetGetAny( &pG_UserComponent_SIMPLETEST_extent.active );
  /* GENERATE SIMPLETEST2:sessionEvent() TO st */
  XTUML_OAL_STMT_TRACE( 1, "GENERATE SIMPLETEST2:sessionEvent() TO st" );
  { Escher_xtUMLEvent_t * e = Escher_NewxtUMLEvent( st, &UserComponent_SIMPLETESTevent2c );
    Escher_SendEvent( e );
  }
' );
INSERT INTO TE_ABA VALUES ( 7149344,'TE_MACT',7650400,0,0,' void ','','','','','','','','','UserComponent_UserInterface_requestSession','void',0,0,'','' );
INSERT INTO TE_ABA VALUES ( 7160320,'TE_MACT',7650400,0,0,' c_t[ESCHER_SYS_MAX_STRING_LEN] ',' c_t p_message[ESCHER_SYS_MAX_STRING_LEN] ','c_t p_message[ESCHER_SYS_MAX_STRING_LEN];
','','[]',' p_message','    Escher_strcpy( e->p_message, p_message );','    Escher_strcpy( e->p_message, p_message );','','UserComponent_UserInterface_errorSignal','void',0,0,'','' );
INSERT INTO TE_ABA VALUES ( 7171296,'TE_MACT',7650400,0,0,' c_t[ESCHER_SYS_MAX_STRING_LEN] ',' c_t p_message[ESCHER_SYS_MAX_STRING_LEN] ','c_t p_message[ESCHER_SYS_MAX_STRING_LEN];
','','[]',' p_message','    Escher_strcpy( e->p_message, p_message );','    Escher_strcpy( e->p_message, p_message );','','UserComponent_UserInterface_bookingConfirmation','void',0,0,'','  /* LOG::LogInfo( message:PARAM.message ) */
  XTUML_OAL_STMT_TRACE( 1, "LOG::LogInfo( message:PARAM.message )" );
  LOG_LogInfo( p_message );
' );
INSERT INTO TE_ABA VALUES ( 7182272,'TE_MACT',7650400,0,0,' c_t[ESCHER_SYS_MAX_STRING_LEN], Escher_UniqueID_t ',' c_t p_info[ESCHER_SYS_MAX_STRING_LEN], Escher_UniqueID_t p_sessionID ','c_t p_info[ESCHER_SYS_MAX_STRING_LEN];
Escher_UniqueID_t p_sessionID;
',', p_sessionID','[],%p',' p_info, p_sessionID','    Escher_strcpy( e->p_info, p_info );    e->p_sessionID = p_sessionID;','    Escher_strcpy( e->p_info, p_info );    e->p_sessionID = p_sessionID;','','UserComponent_UserInterface_paymentInfo','void',0,0,'','' );
INSERT INTO TE_ABA VALUES ( 7193248,'TE_MACT',7650400,0,0,' Escher_UniqueID_t, const i_t, c_t[ESCHER_SYS_MAX_STRING_LEN], Escher_UniqueID_t ',' Escher_UniqueID_t p_facility, const i_t p_guestAge, c_t p_guestName[ESCHER_SYS_MAX_STRING_LEN], Escher_UniqueID_t p_sessionID ','Escher_UniqueID_t p_facility;
i_t p_guestAge;
c_t p_guestName[ESCHER_SYS_MAX_STRING_LEN];
Escher_UniqueID_t p_sessionID;
',', p_facility, p_guestAge, p_sessionID','%p,%d,[],%p',' p_facility, p_guestAge, p_guestName, p_sessionID','    e->p_facility = p_facility;    e->p_guestAge = p_guestAge;    Escher_strcpy( e->p_guestName, p_guestName );    e->p_sessionID = p_sessionID;','    e->p_facility = p_facility;    e->p_guestAge = p_guestAge;    Escher_strcpy( e->p_guestName, p_guestName );    e->p_sessionID = p_sessionID;','','UserComponent_UserInterface_addGuest','void',0,0,'','' );
INSERT INTO TE_ABA VALUES ( 7204224,'TE_MACT',7650400,0,0,' c_t[ESCHER_SYS_MAX_STRING_LEN], c_t[ESCHER_SYS_MAX_STRING_LEN], Escher_UniqueID_t ',' c_t p_name[ESCHER_SYS_MAX_STRING_LEN], c_t p_phoneNumber[ESCHER_SYS_MAX_STRING_LEN], Escher_UniqueID_t p_sessionID ','c_t p_name[ESCHER_SYS_MAX_STRING_LEN];
c_t p_phoneNumber[ESCHER_SYS_MAX_STRING_LEN];
Escher_UniqueID_t p_sessionID;
',', p_sessionID','[],[],%p',' p_name, p_phoneNumber, p_sessionID','    Escher_strcpy( e->p_name, p_name );    Escher_strcpy( e->p_phoneNumber, p_phoneNumber );    e->p_sessionID = p_sessionID;','    Escher_strcpy( e->p_name, p_name );    Escher_strcpy( e->p_phoneNumber, p_phoneNumber );    e->p_sessionID = p_sessionID;','','UserComponent_UserInterface_customerDetails','void',0,0,'','' );
INSERT INTO TE_ABA VALUES ( 7215200,'TE_MACT',7650400,0,0,' Escher_UniqueID_t, Escher_UniqueID_t ',' Escher_UniqueID_t p_desiredID, Escher_UniqueID_t p_sessionID ','Escher_UniqueID_t p_desiredID;
Escher_UniqueID_t p_sessionID;
',', p_desiredID, p_sessionID','%p,%p',' p_desiredID, p_sessionID','    e->p_desiredID = p_desiredID;    e->p_sessionID = p_sessionID;','    e->p_desiredID = p_desiredID;    e->p_sessionID = p_sessionID;','','UserComponent_UserInterface_addServices','void',0,0,'','' );
INSERT INTO TE_ABA VALUES ( 7226176,'TE_MACT',7650400,0,0,' c_t[ESCHER_SYS_MAX_STRING_LEN], c_t[ESCHER_SYS_MAX_STRING_LEN], Escher_UniqueID_t, const bool, const r_t ',' c_t p_aproximateArea[ESCHER_SYS_MAX_STRING_LEN], c_t p_description[ESCHER_SYS_MAX_STRING_LEN], Escher_UniqueID_t p_id, const bool p_independent, const r_t p_price ','c_t p_aproximateArea[ESCHER_SYS_MAX_STRING_LEN];
c_t p_description[ESCHER_SYS_MAX_STRING_LEN];
Escher_UniqueID_t p_id;
bool p_independent;
r_t p_price;
',', p_id, p_independent, p_price','[],[],%p,%d,%f',' p_aproximateArea, p_description, p_id, p_independent, p_price','    Escher_strcpy( e->p_aproximateArea, p_aproximateArea );    Escher_strcpy( e->p_description, p_description );    e->p_id = p_id;    e->p_independent = p_independent;    e->p_price = p_price;','    Escher_strcpy( e->p_aproximateArea, p_aproximateArea );    Escher_strcpy( e->p_description, p_description );    e->p_id = p_id;    e->p_independent = p_independent;    e->p_price = p_price;','','UserComponent_UserInterface_extraServices','void',0,0,'','' );
INSERT INTO TE_ABA VALUES ( 7237152,'TE_MACT',7650400,0,0,' Escher_UniqueID_t, Escher_UniqueID_t ',' Escher_UniqueID_t p_id, Escher_UniqueID_t p_sessionID ','Escher_UniqueID_t p_id;
Escher_UniqueID_t p_sessionID;
',', p_id, p_sessionID','%p,%p',' p_id, p_sessionID','    e->p_id = p_id;    e->p_sessionID = p_sessionID;','    e->p_id = p_id;    e->p_sessionID = p_sessionID;','','UserComponent_UserInterface_select','void',0,0,'','' );
INSERT INTO TE_ABA VALUES ( 27903048,'TE_MACT',7650400,0,0,' c_t[ESCHER_SYS_MAX_STRING_LEN], c_t[ESCHER_SYS_MAX_STRING_LEN], Escher_UniqueID_t, const bool, const r_t ',' c_t p_aproximateArea[ESCHER_SYS_MAX_STRING_LEN], c_t p_description[ESCHER_SYS_MAX_STRING_LEN], Escher_UniqueID_t p_id, const bool p_independent, const r_t p_price ','c_t p_aproximateArea[ESCHER_SYS_MAX_STRING_LEN];
c_t p_description[ESCHER_SYS_MAX_STRING_LEN];
Escher_UniqueID_t p_id;
bool p_independent;
r_t p_price;
',', p_id, p_independent, p_price','[],[],%p,%d,%f',' p_aproximateArea, p_description, p_id, p_independent, p_price','    Escher_strcpy( e->p_aproximateArea, p_aproximateArea );    Escher_strcpy( e->p_description, p_description );    e->p_id = p_id;    e->p_independent = p_independent;    e->p_price = p_price;','    Escher_strcpy( e->p_aproximateArea, p_aproximateArea );    Escher_strcpy( e->p_description, p_description );    e->p_id = p_id;    e->p_independent = p_independent;    e->p_price = p_price;','','UserComponent_UserInterface_available','void',0,0,'','' );
INSERT INTO TE_ABA VALUES ( 27914024,'TE_MACT',7650400,0,0,' const i_t, Escher_TimeStamp_t, Escher_UniqueID_t, Escher_TimeStamp_t ',' const i_t p_facilityType, Escher_TimeStamp_t p_fromDate, Escher_UniqueID_t p_sessionID, Escher_TimeStamp_t p_toDate ','i_t p_facilityType;
Escher_TimeStamp_t p_fromDate;
Escher_UniqueID_t p_sessionID;
Escher_TimeStamp_t p_toDate;
',', p_facilityType, p_fromDate, p_sessionID, p_toDate','%d,%d,%p,%d',' p_facilityType, p_fromDate, p_sessionID, p_toDate','    e->p_facilityType = p_facilityType;    e->p_fromDate = p_fromDate;    e->p_sessionID = p_sessionID;    e->p_toDate = p_toDate;','    e->p_facilityType = p_facilityType;    e->p_fromDate = p_fromDate;    e->p_sessionID = p_sessionID;    e->p_toDate = p_toDate;','','UserComponent_UserInterface_requestAvailableBookables','void',0,0,'','' );
INSERT INTO TE_ABA VALUES ( 27925000,'TE_MACT',7655624,0,0,' Escher_UniqueID_t ',' Escher_UniqueID_t p_sessionID ','Escher_UniqueID_t p_sessionID;
',', p_sessionID','%p',' p_sessionID','    e->p_sessionID = p_sessionID;','    e->p_sessionID = p_sessionID;','','HotelComponent_UserInterface_session','void',0,0,'','' );
INSERT INTO TE_ABA VALUES ( 27935976,'TE_MACT',7655624,0,0,' void ','','','','','','','','','HotelComponent_UserInterface_requestSession','void',0,0,'','  HotelComponent_BOOKING * booking;HotelComponent_BOOKINGSESSION * session;
  /* LOG::LogInfo( message:Recieved session request ) */
  XTUML_OAL_STMT_TRACE( 1, "LOG::LogInfo( message:Recieved session request )" );
  LOG_LogInfo( "Recieved session request" );
  /* CREATE OBJECT INSTANCE session OF BOOKINGSESSION */
  XTUML_OAL_STMT_TRACE( 1, "CREATE OBJECT INSTANCE session OF BOOKINGSESSION" );
  session = (HotelComponent_BOOKINGSESSION *) Escher_CreateInstance( HotelComponent_DOMAIN_ID, HotelComponent_BOOKINGSESSION_CLASS_NUMBER );
  /* CREATE OBJECT INSTANCE booking OF BOOKING */
  XTUML_OAL_STMT_TRACE( 1, "CREATE OBJECT INSTANCE booking OF BOOKING" );
  booking = (HotelComponent_BOOKING *) Escher_CreateInstance( HotelComponent_DOMAIN_ID, HotelComponent_BOOKING_CLASS_NUMBER );
  /* RELATE session TO booking ACROSS R26 */
  XTUML_OAL_STMT_TRACE( 1, "RELATE session TO booking ACROSS R26" );
  HotelComponent_BOOKINGSESSION_R26_Link( booking, session );
  /* SEND UserInterface::bookingConfirmation(message:Hej) */
  XTUML_OAL_STMT_TRACE( 1, "SEND UserInterface::bookingConfirmation(message:Hej)" );
  HotelComponent_UserInterface_bookingConfirmation( "Hej" );
' );
INSERT INTO TE_ABA VALUES ( 27946952,'TE_MACT',7655624,0,0,' c_t[ESCHER_SYS_MAX_STRING_LEN] ',' c_t p_message[ESCHER_SYS_MAX_STRING_LEN] ','c_t p_message[ESCHER_SYS_MAX_STRING_LEN];
','','[]',' p_message','    Escher_strcpy( e->p_message, p_message );','    Escher_strcpy( e->p_message, p_message );','','HotelComponent_UserInterface_errorSignal','void',0,0,'','' );
INSERT INTO TE_ABA VALUES ( 27957928,'TE_MACT',7655624,0,0,' c_t[ESCHER_SYS_MAX_STRING_LEN] ',' c_t p_message[ESCHER_SYS_MAX_STRING_LEN] ','c_t p_message[ESCHER_SYS_MAX_STRING_LEN];
','','[]',' p_message','    Escher_strcpy( e->p_message, p_message );','    Escher_strcpy( e->p_message, p_message );','','HotelComponent_UserInterface_bookingConfirmation','void',0,0,'','' );
INSERT INTO TE_ABA VALUES ( 27968904,'TE_MACT',7655624,0,0,' c_t[ESCHER_SYS_MAX_STRING_LEN], Escher_UniqueID_t ',' c_t p_info[ESCHER_SYS_MAX_STRING_LEN], Escher_UniqueID_t p_sessionID ','c_t p_info[ESCHER_SYS_MAX_STRING_LEN];
Escher_UniqueID_t p_sessionID;
',', p_sessionID','[],%p',' p_info, p_sessionID','    Escher_strcpy( e->p_info, p_info );    e->p_sessionID = p_sessionID;','    Escher_strcpy( e->p_info, p_info );    e->p_sessionID = p_sessionID;','','HotelComponent_UserInterface_paymentInfo','void',0,0,'','' );
INSERT INTO TE_ABA VALUES ( 27979880,'TE_MACT',7655624,0,0,' Escher_UniqueID_t, const i_t, c_t[ESCHER_SYS_MAX_STRING_LEN], Escher_UniqueID_t ',' Escher_UniqueID_t p_facility, const i_t p_guestAge, c_t p_guestName[ESCHER_SYS_MAX_STRING_LEN], Escher_UniqueID_t p_sessionID ','Escher_UniqueID_t p_facility;
i_t p_guestAge;
c_t p_guestName[ESCHER_SYS_MAX_STRING_LEN];
Escher_UniqueID_t p_sessionID;
',', p_facility, p_guestAge, p_sessionID','%p,%d,[],%p',' p_facility, p_guestAge, p_guestName, p_sessionID','    e->p_facility = p_facility;    e->p_guestAge = p_guestAge;    Escher_strcpy( e->p_guestName, p_guestName );    e->p_sessionID = p_sessionID;','    e->p_facility = p_facility;    e->p_guestAge = p_guestAge;    Escher_strcpy( e->p_guestName, p_guestName );    e->p_sessionID = p_sessionID;','','HotelComponent_UserInterface_addGuest','void',0,0,'','' );
INSERT INTO TE_ABA VALUES ( 27990856,'TE_MACT',7655624,0,0,' c_t[ESCHER_SYS_MAX_STRING_LEN], c_t[ESCHER_SYS_MAX_STRING_LEN], Escher_UniqueID_t ',' c_t p_name[ESCHER_SYS_MAX_STRING_LEN], c_t p_phoneNumber[ESCHER_SYS_MAX_STRING_LEN], Escher_UniqueID_t p_sessionID ','c_t p_name[ESCHER_SYS_MAX_STRING_LEN];
c_t p_phoneNumber[ESCHER_SYS_MAX_STRING_LEN];
Escher_UniqueID_t p_sessionID;
',', p_sessionID','[],[],%p',' p_name, p_phoneNumber, p_sessionID','    Escher_strcpy( e->p_name, p_name );    Escher_strcpy( e->p_phoneNumber, p_phoneNumber );    e->p_sessionID = p_sessionID;','    Escher_strcpy( e->p_name, p_name );    Escher_strcpy( e->p_phoneNumber, p_phoneNumber );    e->p_sessionID = p_sessionID;','','HotelComponent_UserInterface_customerDetails','void',0,0,'','' );
INSERT INTO TE_ABA VALUES ( 28001832,'TE_MACT',7655624,0,0,' Escher_UniqueID_t, Escher_UniqueID_t ',' Escher_UniqueID_t p_desiredID, Escher_UniqueID_t p_sessionID ','Escher_UniqueID_t p_desiredID;
Escher_UniqueID_t p_sessionID;
',', p_desiredID, p_sessionID','%p,%p',' p_desiredID, p_sessionID','    e->p_desiredID = p_desiredID;    e->p_sessionID = p_sessionID;','    e->p_desiredID = p_desiredID;    e->p_sessionID = p_sessionID;','','HotelComponent_UserInterface_addServices','void',0,0,'','' );
INSERT INTO TE_ABA VALUES ( 28881000,'TE_MACT',7655624,0,0,' c_t[ESCHER_SYS_MAX_STRING_LEN], c_t[ESCHER_SYS_MAX_STRING_LEN], Escher_UniqueID_t, const bool, const r_t ',' c_t p_aproximateArea[ESCHER_SYS_MAX_STRING_LEN], c_t p_description[ESCHER_SYS_MAX_STRING_LEN], Escher_UniqueID_t p_id, const bool p_independent, const r_t p_price ','c_t p_aproximateArea[ESCHER_SYS_MAX_STRING_LEN];
c_t p_description[ESCHER_SYS_MAX_STRING_LEN];
Escher_UniqueID_t p_id;
bool p_independent;
r_t p_price;
',', p_id, p_independent, p_price','[],[],%p,%d,%f',' p_aproximateArea, p_description, p_id, p_independent, p_price','    Escher_strcpy( e->p_aproximateArea, p_aproximateArea );    Escher_strcpy( e->p_description, p_description );    e->p_id = p_id;    e->p_independent = p_independent;    e->p_price = p_price;','    Escher_strcpy( e->p_aproximateArea, p_aproximateArea );    Escher_strcpy( e->p_description, p_description );    e->p_id = p_id;    e->p_independent = p_independent;    e->p_price = p_price;','','HotelComponent_UserInterface_extraServices','void',0,0,'','' );
INSERT INTO TE_ABA VALUES ( 28891976,'TE_MACT',7655624,0,0,' Escher_UniqueID_t, Escher_UniqueID_t ',' Escher_UniqueID_t p_id, Escher_UniqueID_t p_sessionID ','Escher_UniqueID_t p_id;
Escher_UniqueID_t p_sessionID;
',', p_id, p_sessionID','%p,%p',' p_id, p_sessionID','    e->p_id = p_id;    e->p_sessionID = p_sessionID;','    e->p_id = p_id;    e->p_sessionID = p_sessionID;','','HotelComponent_UserInterface_select','void',0,0,'','' );
INSERT INTO TE_ABA VALUES ( 28902952,'TE_MACT',7655624,0,0,' c_t[ESCHER_SYS_MAX_STRING_LEN], c_t[ESCHER_SYS_MAX_STRING_LEN], Escher_UniqueID_t, const bool, const r_t ',' c_t p_aproximateArea[ESCHER_SYS_MAX_STRING_LEN], c_t p_description[ESCHER_SYS_MAX_STRING_LEN], Escher_UniqueID_t p_id, const bool p_independent, const r_t p_price ','c_t p_aproximateArea[ESCHER_SYS_MAX_STRING_LEN];
c_t p_description[ESCHER_SYS_MAX_STRING_LEN];
Escher_UniqueID_t p_id;
bool p_independent;
r_t p_price;
',', p_id, p_independent, p_price','[],[],%p,%d,%f',' p_aproximateArea, p_description, p_id, p_independent, p_price','    Escher_strcpy( e->p_aproximateArea, p_aproximateArea );    Escher_strcpy( e->p_description, p_description );    e->p_id = p_id;    e->p_independent = p_independent;    e->p_price = p_price;','    Escher_strcpy( e->p_aproximateArea, p_aproximateArea );    Escher_strcpy( e->p_description, p_description );    e->p_id = p_id;    e->p_independent = p_independent;    e->p_price = p_price;','','HotelComponent_UserInterface_available','void',0,0,'','' );
INSERT INTO TE_ABA VALUES ( 28913928,'TE_MACT',7655624,0,0,' const i_t, Escher_TimeStamp_t, Escher_UniqueID_t, Escher_TimeStamp_t ',' const i_t p_facilityType, Escher_TimeStamp_t p_fromDate, Escher_UniqueID_t p_sessionID, Escher_TimeStamp_t p_toDate ','i_t p_facilityType;
Escher_TimeStamp_t p_fromDate;
Escher_UniqueID_t p_sessionID;
Escher_TimeStamp_t p_toDate;
',', p_facilityType, p_fromDate, p_sessionID, p_toDate','%d,%d,%p,%d',' p_facilityType, p_fromDate, p_sessionID, p_toDate','    e->p_facilityType = p_facilityType;    e->p_fromDate = p_fromDate;    e->p_sessionID = p_sessionID;    e->p_toDate = p_toDate;','    e->p_facilityType = p_facilityType;    e->p_fromDate = p_fromDate;    e->p_sessionID = p_sessionID;    e->p_toDate = p_toDate;','','HotelComponent_UserInterface_requestAvailableBookables','void',0,0,'','  HotelComponent_BOOKINGSESSION * session=0;
  /* SELECT any session FROM INSTANCES OF BOOKINGSESSION WHERE ( SELECTED.ID == PARAM.sessionID ) */
  XTUML_OAL_STMT_TRACE( 1, "SELECT any session FROM INSTANCES OF BOOKINGSESSION WHERE ( SELECTED.ID == PARAM.sessionID )" );
  session = 0;
  { HotelComponent_BOOKINGSESSION * selected;
    Escher_Iterator_s itersessionHotelComponent_BOOKINGSESSION;
    Escher_IteratorReset( &itersessionHotelComponent_BOOKINGSESSION, &pG_HotelComponent_BOOKINGSESSION_extent.active );
    while ( (selected = (HotelComponent_BOOKINGSESSION *) Escher_IteratorNext( &itersessionHotelComponent_BOOKINGSESSION )) != 0 ) {
      if ( ( selected->ID == p_sessionID ) ) {
        session = selected;
        break;
      }
    }
  }
  /* IF ( not_empty session ) */
  XTUML_OAL_STMT_TRACE( 1, "IF ( not_empty session )" );
  if ( ( 0 != session ) ) {
    HotelComponent_FACILITYTYPE * ft=0;Escher_ObjectSet_s result_space={0}; Escher_ObjectSet_s * result = &result_space;
    /* ASSIGN result = session.search(facilityType:PARAM.facilityType, fromDate:PARAM.fromDate, toDate:PARAM.toDate) */
    XTUML_OAL_STMT_TRACE( 2, "ASSIGN result = session.search(facilityType:PARAM.facilityType, fromDate:PARAM.fromDate, toDate:PARAM.toDate)" );
    Escher_CopySet( result, HotelComponent_BOOKINGSESSION_op_search(session, p_facilityType, p_fromDate, p_toDate) );
    /* IF ( empty result ) */
    XTUML_OAL_STMT_TRACE( 2, "IF ( empty result )" );
    if ( Escher_SetIsEmpty( result ) ) {
    /* SEND UserInterface::errorSignal(message:No rooms found) */
    XTUML_OAL_STMT_TRACE( 2, "SEND UserInterface::errorSignal(message:No rooms found)" );
    HotelComponent_UserInterface_errorSignal( "No rooms found" );
    }
    /* FOR EACH ft IN result */
    XTUML_OAL_STMT_TRACE( 2, "FOR EACH ft IN result" );
    { Escher_Iterator_s iterft;
    HotelComponent_FACILITYTYPE * iift;
    Escher_IteratorReset( &iterft, result );
    while ( (iift = (HotelComponent_FACILITYTYPE *)Escher_IteratorNext( &iterft )) != 0 ) {
      ft = iift; {
    HotelComponent_BOOKABLE * b=0;
    /* SELECT one b RELATED BY ft->BOOKABLE[R2] */
    XTUML_OAL_STMT_TRACE( 2, "SELECT one b RELATED BY ft->BOOKABLE[R2]" );
    b = ( 0 != ft ) ? ft->BOOKABLE_R2 : 0;
    /* SEND UserInterface::available(aproximateArea:ft.approximateArea, description:b.description, id:ft.id, independent:FALSE, price:b.price) */
    XTUML_OAL_STMT_TRACE( 2, "SEND UserInterface::available(aproximateArea:ft.approximateArea, description:b.description, id:ft.id, independent:FALSE, price:b.price)" );
    HotelComponent_UserInterface_available( ft->approximateArea, b->description, ft->id, FALSE, b->price );
    }}}
    Escher_ClearSet( result );
  }
  else {
    /* SEND UserInterface::errorSignal(message:Session not found) */
    XTUML_OAL_STMT_TRACE( 2, "SEND UserInterface::errorSignal(message:Session not found)" );
    HotelComponent_UserInterface_errorSignal( "Session not found" );
  }
' );
INSERT INTO TE_ABA VALUES ( 28924904,'S_SYNC',7655624,0,0,' void ','','','','','','','','','HotelComponent_PopulateFacilityTypes','void',0,0,'','  HotelComponent_FACILITY * f3;HotelComponent_FACILITY * f2;HotelComponent_FACILITY * f1;HotelComponent_BOOKABLE * b;HotelComponent_FACILITYTYPE * ft;
  /* CREATE OBJECT INSTANCE ft OF FACILITYTYPE */
  XTUML_OAL_STMT_TRACE( 1, "CREATE OBJECT INSTANCE ft OF FACILITYTYPE" );
  ft = (HotelComponent_FACILITYTYPE *) Escher_CreateInstance( HotelComponent_DOMAIN_ID, HotelComponent_FACILITYTYPE_CLASS_NUMBER );
  /* CREATE OBJECT INSTANCE b OF BOOKABLE */
  XTUML_OAL_STMT_TRACE( 1, "CREATE OBJECT INSTANCE b OF BOOKABLE" );
  b = (HotelComponent_BOOKABLE *) Escher_CreateInstance( HotelComponent_DOMAIN_ID, HotelComponent_BOOKABLE_CLASS_NUMBER );
  /* RELATE ft TO b ACROSS R2 */
  XTUML_OAL_STMT_TRACE( 1, "RELATE ft TO b ACROSS R2" );
  HotelComponent_FACILITYTYPE_R2_Link( b, ft );
  /* ASSIGN ft.approximateArea = About 20 square meters */
  XTUML_OAL_STMT_TRACE( 1, "ASSIGN ft.approximateArea = About 20 square meters" );
  Escher_strcpy( ft->approximateArea, "About 20 square meters" );
  /* ASSIGN b.price = 100 */
  XTUML_OAL_STMT_TRACE( 1, "ASSIGN b.price = 100" );
  b->price = 100;
  /* ASSIGN b.description = A double bed room */
  XTUML_OAL_STMT_TRACE( 1, "ASSIGN b.description = A double bed room" );
  Escher_strcpy( b->description, "A double bed room" );
  /* CREATE OBJECT INSTANCE f1 OF FACILITY */
  XTUML_OAL_STMT_TRACE( 1, "CREATE OBJECT INSTANCE f1 OF FACILITY" );
  f1 = (HotelComponent_FACILITY *) Escher_CreateInstance( HotelComponent_DOMAIN_ID, HotelComponent_FACILITY_CLASS_NUMBER );
  /* RELATE f1 TO ft ACROSS R1 */
  XTUML_OAL_STMT_TRACE( 1, "RELATE f1 TO ft ACROSS R1" );
  HotelComponent_FACILITYTYPE_R1_Link_is_instance_of( f1, ft );
  /* ASSIGN f1.facilityID = Room1 */
  XTUML_OAL_STMT_TRACE( 1, "ASSIGN f1.facilityID = Room1" );
  Escher_strcpy( f1->facilityID, "Room1" );
  /* CREATE OBJECT INSTANCE f2 OF FACILITY */
  XTUML_OAL_STMT_TRACE( 1, "CREATE OBJECT INSTANCE f2 OF FACILITY" );
  f2 = (HotelComponent_FACILITY *) Escher_CreateInstance( HotelComponent_DOMAIN_ID, HotelComponent_FACILITY_CLASS_NUMBER );
  /* RELATE f2 TO ft ACROSS R1 */
  XTUML_OAL_STMT_TRACE( 1, "RELATE f2 TO ft ACROSS R1" );
  HotelComponent_FACILITYTYPE_R1_Link_is_instance_of( f2, ft );
  /* ASSIGN f1.facilityID = Room2 */
  XTUML_OAL_STMT_TRACE( 1, "ASSIGN f1.facilityID = Room2" );
  Escher_strcpy( f1->facilityID, "Room2" );
  /* CREATE OBJECT INSTANCE f3 OF FACILITY */
  XTUML_OAL_STMT_TRACE( 1, "CREATE OBJECT INSTANCE f3 OF FACILITY" );
  f3 = (HotelComponent_FACILITY *) Escher_CreateInstance( HotelComponent_DOMAIN_ID, HotelComponent_FACILITY_CLASS_NUMBER );
  /* RELATE f3 TO ft ACROSS R1 */
  XTUML_OAL_STMT_TRACE( 1, "RELATE f3 TO ft ACROSS R1" );
  HotelComponent_FACILITYTYPE_R1_Link_is_instance_of( f3, ft );
  /* ASSIGN f1.facilityID = Room3 */
  XTUML_OAL_STMT_TRACE( 1, "ASSIGN f1.facilityID = Room3" );
  Escher_strcpy( f1->facilityID, "Room3" );
' );
INSERT INTO TE_ABA VALUES ( 28935880,'O_TFR',7655624,0,0,' c_t[ESCHER_SYS_MAX_STRING_LEN] ',' c_t p_name[ESCHER_SYS_MAX_STRING_LEN] ','c_t p_name[ESCHER_SYS_MAX_STRING_LEN];
','','[]',' p_name','    Escher_strcpy( e->p_name, p_name );','    Escher_strcpy( e->p_name, p_name );','','HotelComponent_HOTEL_op_createFacilityGroup','bool',0,0,'','' );
INSERT INTO TE_ABA VALUES ( 28946856,'O_TFR',7655624,0,0,' c_t[ESCHER_SYS_MAX_STRING_LEN] ',' c_t p_name[ESCHER_SYS_MAX_STRING_LEN] ','c_t p_name[ESCHER_SYS_MAX_STRING_LEN];
','','[]',' p_name','    Escher_strcpy( e->p_name, p_name );','    Escher_strcpy( e->p_name, p_name );','','HotelComponent_HOTEL_op_createStaff','bool',0,0,'','' );
INSERT INTO TE_ABA VALUES ( 28957832,'O_TFR',7655624,0,0,' c_t[ESCHER_SYS_MAX_STRING_LEN] ',' c_t p_description[ESCHER_SYS_MAX_STRING_LEN] ','c_t p_description[ESCHER_SYS_MAX_STRING_LEN];
','','[]',' p_description','    Escher_strcpy( e->p_description, p_description );','    Escher_strcpy( e->p_description, p_description );','','HotelComponent_HOTEL_op_createService','bool',0,0,'','' );
INSERT INTO TE_ABA VALUES ( 28968808,'O_TFR',7655624,0,0,' c_t[ESCHER_SYS_MAX_STRING_LEN] ',' c_t p_facilityID[ESCHER_SYS_MAX_STRING_LEN] ','c_t p_facilityID[ESCHER_SYS_MAX_STRING_LEN];
','','[]',' p_facilityID','    Escher_strcpy( e->p_facilityID, p_facilityID );','    Escher_strcpy( e->p_facilityID, p_facilityID );','','HotelComponent_HOTEL_op_createFacility','bool',0,0,'','' );
INSERT INTO TE_ABA VALUES ( 28979784,'O_TFR',7655624,0,0,' const i_t ',' const i_t p_filter ','i_t p_filter;
',', p_filter','%d',' p_filter','    e->p_filter = p_filter;','    e->p_filter = p_filter;','','HotelComponent_HOTEL_op_availableBookables','Escher_ObjectSet_s *',0,0,'','' );
INSERT INTO TE_ABA VALUES ( 37364200,'O_TFR',7655624,0,0,' HotelComponent_BOOKING * ',' HotelComponent_BOOKING * p_booking ','HotelComponent_BOOKING * p_booking;
','','[]',' p_booking','    e->p_booking = p_booking;','    e->p_booking = p_booking;','','HotelComponent_HOTEL_op_addBooking','bool',0,0,'','' );
INSERT INTO TE_ABA VALUES ( 37375176,'O_TFR',7655624,0,0,' HotelComponent_FACILITY * ',' HotelComponent_FACILITY * p_facility ','HotelComponent_FACILITY * p_facility;
','','[]',' p_facility','    e->p_facility = p_facility;','    e->p_facility = p_facility;','','HotelComponent_GUEST_op_setFacility','bool',0,0,'','' );
INSERT INTO TE_ABA VALUES ( 37386152,'O_TFR',7655624,0,0,' void ','','','','','','','','','HotelComponent_FACILITYTYPE_op_getPossibleExtras','Escher_ObjectSet_s *',0,0,'','' );
INSERT INTO TE_ABA VALUES ( 37397128,'SM_ACT',7655624,0,0,' void ','','','','','','','','','HotelComponent_BOOKINGSESSION_act1','void',0,0,'','  /* LOG::LogInfo( message:Recieved session request ) */
  XTUML_OAL_STMT_TRACE( 1, "LOG::LogInfo( message:Recieved session request )" );
  LOG_LogInfo( "Recieved session request" );
' );
INSERT INTO TE_ABA VALUES ( 37408104,'SM_ACT',7655624,0,0,' void ','','','','','','','','','HotelComponent_BOOKINGSESSION_act6','void',0,0,'','' );
INSERT INTO TE_ABA VALUES ( 37419080,'SM_ACT',7655624,0,0,' void ','','','','','','','','','HotelComponent_BOOKINGSESSION_act5','void',0,0,'','' );
INSERT INTO TE_ABA VALUES ( 37430056,'SM_ACT',7655624,0,0,' void ','','','','','','','','','HotelComponent_BOOKINGSESSION_act2','void',0,0,'','' );
INSERT INTO TE_ABA VALUES ( 37441032,'SM_ACT',7655624,0,0,' void ','','','','','','','','','HotelComponent_BOOKINGSESSION_act3','void',0,0,'','' );
INSERT INTO TE_ABA VALUES ( 37452008,'SM_ACT',7655624,0,0,' void ','','','','','','','','','HotelComponent_BOOKINGSESSION_act4','void',0,0,'','' );
INSERT INTO TE_ABA VALUES ( 37462984,'SM_ACT',7655624,0,0,' void ','','','','','','','','','HotelComponent_BOOKINGSESSION_act7','void',0,0,'','' );
INSERT INTO TE_ABA VALUES ( 43226416,'SM_ACT',7655624,0,0,' void ','','','','','','','','','HotelComponent_BOOKINGSESSION_act8','void',0,0,'','' );
INSERT INTO TE_ABA VALUES ( 43237392,'SM_ACT',7655624,0,0,' void ','','','','','','','','','HotelComponent_BOOKINGSESSION_act9','void',0,0,'','' );
INSERT INTO TE_ABA VALUES ( 43248368,'SM_ACT',7655624,0,0,' void ','','','','','','','','','HotelComponent_BOOKINGSESSION_act10','void',0,0,'','' );
INSERT INTO TE_ABA VALUES ( 43259344,'SM_ACT',7655624,0,0,' void ','','','','','','','','','HotelComponent_BOOKINGSESSION_act11','void',0,0,'','' );
INSERT INTO TE_ABA VALUES ( 43270320,'SM_ACT',7655624,0,0,' void ','','','','','','','','','HotelComponent_BOOKINGSESSION_CB_act1','void',0,0,'','' );
INSERT INTO TE_ABA VALUES ( 43281296,'SM_ACT',7655624,0,0,' void ','','','','','','','','','HotelComponent_BOOKINGSESSION_CB_xact1','void',0,0,'','  HotelComponent_BOOKING * booking;HotelComponent_BOOKINGSESSION * session;
  /* CREATE OBJECT INSTANCE session OF BOOKINGSESSION */
  XTUML_OAL_STMT_TRACE( 1, "CREATE OBJECT INSTANCE session OF BOOKINGSESSION" );
  session = (HotelComponent_BOOKINGSESSION *) Escher_CreateInstance( HotelComponent_DOMAIN_ID, HotelComponent_BOOKINGSESSION_CLASS_NUMBER );
  /* CREATE OBJECT INSTANCE booking OF BOOKING */
  XTUML_OAL_STMT_TRACE( 1, "CREATE OBJECT INSTANCE booking OF BOOKING" );
  booking = (HotelComponent_BOOKING *) Escher_CreateInstance( HotelComponent_DOMAIN_ID, HotelComponent_BOOKING_CLASS_NUMBER );
  /* RELATE session TO booking ACROSS R26 */
  XTUML_OAL_STMT_TRACE( 1, "RELATE session TO booking ACROSS R26" );
  HotelComponent_BOOKINGSESSION_R26_Link( booking, session );
  /* SEND UserInterface::session(sessionID:session.ID) */
  XTUML_OAL_STMT_TRACE( 1, "SEND UserInterface::session(sessionID:session.ID)" );
  HotelComponent_UserInterface_session( session->ID );
' );
INSERT INTO TE_ABA VALUES ( 43292272,'O_TFR',7655624,0,0,' const i_t, HotelComponent_FACILITY *, c_t[ESCHER_SYS_MAX_STRING_LEN] ',' const i_t p_age, HotelComponent_FACILITY * p_facility, c_t p_name[ESCHER_SYS_MAX_STRING_LEN] ','i_t p_age;
HotelComponent_FACILITY * p_facility;
c_t p_name[ESCHER_SYS_MAX_STRING_LEN];
',', p_age','%d,[],[]',' p_age, p_facility, p_name','    e->p_age = p_age;    e->p_facility = p_facility;    Escher_strcpy( e->p_name, p_name );','    e->p_age = p_age;    e->p_facility = p_facility;    Escher_strcpy( e->p_name, p_name );','','HotelComponent_BOOKINGSESSION_op_addGuest','HotelComponent_BOOKING *',0,0,'','' );
INSERT INTO TE_ABA VALUES ( 43303248,'O_TFR',7655624,0,0,' const i_t, c_t[ESCHER_SYS_MAX_STRING_LEN] ',' const i_t p_age, c_t p_name[ESCHER_SYS_MAX_STRING_LEN] ','i_t p_age;
c_t p_name[ESCHER_SYS_MAX_STRING_LEN];
',', p_age','%d,[]',' p_age, p_name','    e->p_age = p_age;    Escher_strcpy( e->p_name, p_name );','    e->p_age = p_age;    Escher_strcpy( e->p_name, p_name );','','HotelComponent_BOOKINGSESSION_op_createGuest','bool',0,0,'','' );
INSERT INTO TE_ABA VALUES ( 43314224,'O_TFR',7655624,0,0,' HotelComponent_FACILITYTYPE * ',' HotelComponent_FACILITYTYPE * p_facilityType ','HotelComponent_FACILITYTYPE * p_facilityType;
','','[]',' p_facilityType','    e->p_facilityType = p_facilityType;','    e->p_facilityType = p_facilityType;','','HotelComponent_BOOKINGSESSION_op_selectBookable','Escher_ObjectSet_s *',0,0,'','' );
INSERT INTO TE_ABA VALUES ( 43325200,'O_TFR',7655624,0,0,' HotelComponent_BOOKABLE * ',' HotelComponent_BOOKABLE * p_bookable ','HotelComponent_BOOKABLE * p_bookable;
','','[]',' p_bookable','    e->p_bookable = p_bookable;','    e->p_bookable = p_bookable;','','HotelComponent_BOOKINGSESSION_op_addService','bool',0,0,'','' );
INSERT INTO TE_ABA VALUES ( 47404488,'O_TFR',7655624,0,0,' c_t[ESCHER_SYS_MAX_STRING_LEN] ',' c_t p_name[ESCHER_SYS_MAX_STRING_LEN] ','c_t p_name[ESCHER_SYS_MAX_STRING_LEN];
','','[]',' p_name','    Escher_strcpy( e->p_name, p_name );','    Escher_strcpy( e->p_name, p_name );','','HotelComponent_BOOKINGSESSION_op_createCustomer','bool',0,0,'','' );
INSERT INTO TE_ABA VALUES ( 47415464,'O_TFR',7655624,0,0,' const i_t, Escher_TimeStamp_t, Escher_TimeStamp_t ',' const i_t p_facilityType, Escher_TimeStamp_t p_fromDate, Escher_TimeStamp_t p_toDate ','i_t p_facilityType;
Escher_TimeStamp_t p_fromDate;
Escher_TimeStamp_t p_toDate;
',', p_facilityType, p_fromDate, p_toDate','%d,%d,%d',' p_facilityType, p_fromDate, p_toDate','    e->p_facilityType = p_facilityType;    e->p_fromDate = p_fromDate;    e->p_toDate = p_toDate;','    e->p_facilityType = p_facilityType;    e->p_fromDate = p_fromDate;    e->p_toDate = p_toDate;','','HotelComponent_BOOKINGSESSION_op_search','Escher_ObjectSet_s *',0,0,'','  Escher_ObjectSet_s b_space={0}; Escher_ObjectSet_s * b = &b_space;
  /* SELECT many b FROM INSTANCES OF FACILITYTYPE */
  XTUML_OAL_STMT_TRACE( 1, "SELECT many b FROM INSTANCES OF FACILITYTYPE" );
  Escher_CopySet( b, &pG_HotelComponent_FACILITYTYPE_extent.active );
  /* RETURN b */
  XTUML_OAL_STMT_TRACE( 1, "RETURN b" );
  {Escher_ObjectSet_s * xtumlOALrv = b;
  Escher_ClearSet( b );
  return xtumlOALrv;}
  Escher_ClearSet( b );
' );
INSERT INTO TE_ABA VALUES ( 47426440,'O_TFR',7655624,0,0,' const i_t, c_t[ESCHER_SYS_MAX_STRING_LEN] ',' const i_t p_age, c_t p_name[ESCHER_SYS_MAX_STRING_LEN] ','i_t p_age;
c_t p_name[ESCHER_SYS_MAX_STRING_LEN];
',', p_age','%d,[]',' p_age, p_name','    e->p_age = p_age;    Escher_strcpy( e->p_name, p_name );','    e->p_age = p_age;    Escher_strcpy( e->p_name, p_name );','','HotelComponent_BOOKING_op_addGuest','void',0,0,'','' );
INSERT INTO TE_ABA VALUES ( 47437416,'O_TFR',7655624,0,0,' void ','','','','','','','','','HotelComponent_BOOKING_op_getBookingInfo','HotelComponent_BOOKING *',0,0,'','' );
INSERT INTO TE_ABA VALUES ( 47448392,'O_TFR',7655624,0,0,' c_t[ESCHER_SYS_MAX_STRING_LEN] ',' c_t p_customer[ESCHER_SYS_MAX_STRING_LEN] ','c_t p_customer[ESCHER_SYS_MAX_STRING_LEN];
','','[]',' p_customer','    Escher_strcpy( e->p_customer, p_customer );','    Escher_strcpy( e->p_customer, p_customer );','','HotelComponent_BOOKING_op_setCustomer','bool',0,0,'','' );
INSERT INTO TE_ABA VALUES ( 47459368,'O_TFR',7655624,0,0,' HotelComponent_BOOKABLE * ',' HotelComponent_BOOKABLE * p_bookable ','HotelComponent_BOOKABLE * p_bookable;
','','[]',' p_bookable','    e->p_bookable = p_bookable;','    e->p_bookable = p_bookable;','','HotelComponent_BOOKING_op_addBookable','bool',0,0,'','' );
INSERT INTO TE_ABA VALUES ( 47470344,'O_TFR',7655624,0,0,' HotelComponent_BOOKABLE * ',' HotelComponent_BOOKABLE * p_bookable ','HotelComponent_BOOKABLE * p_bookable;
','','[]',' p_bookable','    e->p_bookable = p_bookable;','    e->p_bookable = p_bookable;','','HotelComponent_BOOKING_op_addService','bool',0,0,'','' );
INSERT INTO TE_ABA VALUES ( 47481320,'O_TFR',7655624,0,0,' const i_t ',' const i_t p_filter ','i_t p_filter;
',', p_filter','%d',' p_filter','    e->p_filter = p_filter;','    e->p_filter = p_filter;','','HotelComponent_BOOKABLE_op_isAvailable','bool',0,0,'','' );
INSERT INTO TE_ABA VALUES ( 47492296,'O_TFR',7655624,0,0,' void ','','','','','','','','','HotelComponent_BOOKABLE_op_getBookableRepresentation','void',0,0,'','  i_t i;
  /* ASSIGN i = 5 */
  XTUML_OAL_STMT_TRACE( 1, "ASSIGN i = 5" );
  i = 5;
' );
INSERT INTO TE_ABA VALUES ( 47503272,'O_TFR',7655624,0,0,' void ','','','','','','','','','HotelComponent_BILLING_op_isPayed','bool',0,0,'','' );
INSERT INTO TE_ABA VALUES ( 51599152,'O_TFR',7655624,0,0,' void ','','','','','','','','','HotelComponent_BILLING_op_getCost','i_t',0,0,'','' );
INSERT INTO TE_ABA VALUES ( 51610128,'S_SYNC',7650400,0,1,' void ','','','','','','','','','UserComponent_startSimpleTest','void',0,0,'','  UserComponent_SIMPLETEST * st;
  /* LOG::LogInfo( message:Starting simpleTest ; ) */
  XTUML_OAL_STMT_TRACE( 1, "LOG::LogInfo( message:Starting simpleTest ; )" );
  LOG_LogInfo( "Starting simpleTest ;" );
  /* CREATE OBJECT INSTANCE st OF SIMPLETEST */
  XTUML_OAL_STMT_TRACE( 1, "CREATE OBJECT INSTANCE st OF SIMPLETEST" );
  st = (UserComponent_SIMPLETEST *) Escher_CreateInstance( UserComponent_DOMAIN_ID, UserComponent_SIMPLETEST_CLASS_NUMBER );
  /* GENERATE SIMPLETEST1:start() TO st */
  XTUML_OAL_STMT_TRACE( 1, "GENERATE SIMPLETEST1:start() TO st" );
  { Escher_xtUMLEvent_t * e = Escher_NewxtUMLEvent( st, &UserComponent_SIMPLETESTevent1c );
    Escher_SendEvent( e );
  }
' );
INSERT INTO TE_ABA VALUES ( 51621104,'SM_ACT',7650400,0,0,' void ','','','','','','','','','UserComponent_SIMPLETEST_act1','void',0,0,'','  /* LOG::LogInfo( message:Starting simple test... woopido ) */
  XTUML_OAL_STMT_TRACE( 1, "LOG::LogInfo( message:Starting simple test... woopido )" );
  LOG_LogInfo( "Starting simple test... woopido" );
' );
INSERT INTO TE_ABA VALUES ( 51632080,'SM_ACT',7650400,0,0,' void ','','','','','','','','','UserComponent_SIMPLETEST_act2','void',0,0,'','  /* LOG::LogInfo( message:Starting simple test... requesting session ) */
  XTUML_OAL_STMT_TRACE( 1, "LOG::LogInfo( message:Starting simple test... requesting session )" );
  LOG_LogInfo( "Starting simple test... requesting session" );
  /* SEND UserInterface::requestSession() */
  XTUML_OAL_STMT_TRACE( 1, "SEND UserInterface::requestSession()" );
  UserComponent_UserInterface_requestSession();
' );
INSERT INTO TE_ABA VALUES ( 51643056,'SM_ACT',7650400,0,0,' void ','','','','','','','','','UserComponent_SIMPLETEST_act3','void',0,0,'','  /* LOG::LogInfo( message:Session recieved ) */
  XTUML_OAL_STMT_TRACE( 1, "LOG::LogInfo( message:Session recieved )" );
  LOG_LogInfo( "Session recieved" );
' );
INSERT INTO TE_ABA VALUES ( 51654032,'S_BRG',0,0,0,' c_t[ESCHER_SYS_MAX_STRING_LEN] ',' c_t p_message[ESCHER_SYS_MAX_STRING_LEN] ','c_t p_message[ESCHER_SYS_MAX_STRING_LEN];
','','[]',' p_message','    Escher_strcpy( e->p_message, p_message );','    Escher_strcpy( e->p_message, p_message );','','LOG_LogSuccess','void',0,0,'','' );
INSERT INTO TE_ABA VALUES ( 51665008,'S_BRG',0,0,0,' c_t[ESCHER_SYS_MAX_STRING_LEN] ',' c_t p_message[ESCHER_SYS_MAX_STRING_LEN] ','c_t p_message[ESCHER_SYS_MAX_STRING_LEN];
','','[]',' p_message','    Escher_strcpy( e->p_message, p_message );','    Escher_strcpy( e->p_message, p_message );','','LOG_LogFailure','void',0,0,'','' );
INSERT INTO TE_ABA VALUES ( 51675984,'S_BRG',0,0,0,' c_t[ESCHER_SYS_MAX_STRING_LEN] ',' c_t p_message[ESCHER_SYS_MAX_STRING_LEN] ','c_t p_message[ESCHER_SYS_MAX_STRING_LEN];
','','[]',' p_message','    Escher_strcpy( e->p_message, p_message );','    Escher_strcpy( e->p_message, p_message );','','LOG_LogInfo','void',0,0,'','' );
INSERT INTO TE_ABA VALUES ( 51686960,'S_BRG',0,0,0,' Escher_Date_t, c_t[ESCHER_SYS_MAX_STRING_LEN] ',' Escher_Date_t p_d, c_t p_message[ESCHER_SYS_MAX_STRING_LEN] ','Escher_Date_t p_d;
c_t p_message[ESCHER_SYS_MAX_STRING_LEN];
',', p_d','%d,[]',' p_d, p_message','    e->p_d = p_d;    Escher_strcpy( e->p_message, p_message );','    e->p_d = p_d;    Escher_strcpy( e->p_message, p_message );','','LOG_LogDate','void',0,0,'','' );
INSERT INTO TE_ABA VALUES ( 51697936,'S_BRG',0,0,0,' c_t[ESCHER_SYS_MAX_STRING_LEN], Escher_TimeStamp_t ',' c_t p_message[ESCHER_SYS_MAX_STRING_LEN], Escher_TimeStamp_t p_t ','c_t p_message[ESCHER_SYS_MAX_STRING_LEN];
Escher_TimeStamp_t p_t;
',', p_t','[],%d',' p_message, p_t','    Escher_strcpy( e->p_message, p_message );    e->p_t = p_t;','    Escher_strcpy( e->p_message, p_message );    e->p_t = p_t;','','LOG_LogTime','void',0,0,'','' );
INSERT INTO TE_ABA VALUES ( 55798376,'S_BRG',0,0,0,' c_t[ESCHER_SYS_MAX_STRING_LEN], const r_t ',' c_t p_message[ESCHER_SYS_MAX_STRING_LEN], const r_t p_r ','c_t p_message[ESCHER_SYS_MAX_STRING_LEN];
r_t p_r;
',', p_r','[],%f',' p_message, p_r','    Escher_strcpy( e->p_message, p_message );    e->p_r = p_r;','    Escher_strcpy( e->p_message, p_message );    e->p_r = p_r;','','LOG_LogReal','void',0,0,'','' );
INSERT INTO TE_ABA VALUES ( 55809352,'S_BRG',0,0,0,' const i_t ',' const i_t p_message ','i_t p_message;
',', p_message','%d',' p_message','    e->p_message = p_message;','    e->p_message = p_message;','','LOG_LogInteger','void',0,0,'','' );
INSERT INTO TE_C VALUES ( 7650400,'UserComponent','',0,1,1,1,0,0,1,0,'UserComponent_classes','',10,0,10,0,3,0,0,0,0,0,'UserComponent','UserComponent','',1,1,0,1,0,625,0,10941920 );
INSERT INTO TE_C VALUES ( 7655624,'HotelComponent','',0,1,1,1,0,0,1,0,'HotelComponent_classes','',210,210,10,0,3,0,0,0,0,0,'HotelComponent','HotelComponent','',1,1,0,1,0,3,0,10945332 );
INSERT INTO TE_EE VALUES ( 'Logging','LOG','LOG','',1,'LOG_bridge','LOG_bridge.h',0,0,755,8304672,0 );
INSERT INTO TE_DT VALUES ( 8245376,'timestamp',11,1,'Escher_TimeStamp_t','Hotel_sys_types.h','CTOR','',0,'Hotel','%d',0,0,45 );
INSERT INTO TE_DT VALUES ( 8251296,'inst_ref<Timer>',12,0,'Escher_Timer_t *','Hotel_sys_types.h','0','',0,'Hotel','%d',0,0,796 );
INSERT INTO TE_DT VALUES ( 8257216,'date',11,1,'Escher_Date_t','Hotel_sys_types.h','CTOR','',0,'Hotel','%d',0,0,565 );
INSERT INTO TE_DT VALUES ( 8263136,'component_ref',13,0,'','Hotel_sys_types.h','','',0,'Hotel','%x',0,0,795 );
INSERT INTO TE_DT VALUES ( 8269056,'inst_ref<Mapping>',12,0,'i_t','Hotel_sys_types.h','0','',0,'Hotel','%d',0,0,794 );
INSERT INTO TE_DT VALUES ( 8274976,'inst<Mapping>',11,0,'','Hotel_sys_types.h','','',0,'Hotel','%d',0,0,793 );
INSERT INTO TE_DT VALUES ( 8280896,'inst<Event>',10,0,'Escher_xtUMLEvent_t *','Hotel_sys_types.h','0','',0,'Hotel','%p',0,0,792 );
INSERT INTO TE_DT VALUES ( 8286816,'inst_ref_set<Object>',9,0,'Escher_ObjectSet_s *','Hotel_sys_types.h','','',0,'Hotel','%p',0,0,791 );
INSERT INTO TE_DT VALUES ( 8292736,'inst_ref<Object>',8,0,'void *','Hotel_sys_types.h','','',0,'Hotel','%p',0,0,21 );
INSERT INTO TE_DT VALUES ( 8298656,'same_as<Base_Attribute>',7,0,'','Hotel_sys_types.h','','',0,'Hotel','%p',0,0,790 );
INSERT INTO TE_DT VALUES ( 23024624,'state<State_Model>',6,0,'','Hotel_sys_types.h','','',0,'Hotel','%d',0,0,408 );
INSERT INTO TE_DT VALUES ( 23030544,'unique_id',5,1,'Escher_UniqueID_t','Hotel_sys_types.h','0','',0,'Hotel','%p',0,0,23 );
INSERT INTO TE_DT VALUES ( 23036464,'string',4,1,'c_t','Hotel_sys_types.h','CTOR','',0,'Hotel','%s',0,0,62 );
INSERT INTO TE_DT VALUES ( 23042384,'real',3,1,'r_t','Hotel_sys_types.h','0.0','',0,'Hotel','%f',0,0,730 );
INSERT INTO TE_DT VALUES ( 23048304,'integer',2,1,'i_t','Hotel_sys_types.h','0','',0,'Hotel','%d',0,0,50 );
INSERT INTO TE_DT VALUES ( 23054224,'boolean',1,1,'bool','Hotel_sys_types.h','false','',0,'Hotel','%d',0,0,25 );
INSERT INTO TE_DT VALUES ( 23060144,'void',0,0,'void','Hotel_sys_types.h','0','',0,'Hotel','',0,0,255 );
INSERT INTO TE_DT VALUES ( 23066064,'inst_ref_set<SimpleTest>',21,0,'Escher_ObjectSet_s *','','','',0,'UserComponent','',0,7650400,678 );
INSERT INTO TE_DT VALUES ( 23071984,'inst_ref<SimpleTest>',20,0,'UserComponent_SIMPLETEST *','','','',0,'UserComponent','',0,7650400,674 );
INSERT INTO TE_DT VALUES ( 23077904,'inst_ref<Service>',20,0,'HotelComponent_SERVICE *','','','',0,'HotelComponent','',0,7655624,157 );
INSERT INTO TE_DT VALUES ( 23083832,'inst_ref_set<Service>',21,0,'Escher_ObjectSet_s *','','','',0,'HotelComponent','',0,7655624,155 );
INSERT INTO TE_DT VALUES ( 23089752,'inst_ref<FacilityType>',20,1,'HotelComponent_FACILITYTYPE *','','','',0,'HotelComponent','',0,7655624,55 );
INSERT INTO TE_DT VALUES ( 23095672,'inst_ref_set<FacilityType>',21,0,'Escher_ObjectSet_s *','','','',0,'HotelComponent','',0,7655624,42 );
INSERT INTO TE_DT VALUES ( 23101592,'inst_ref<Bookable>',20,1,'HotelComponent_BOOKABLE *','','','',0,'HotelComponent','',0,7655624,76 );
INSERT INTO TE_DT VALUES ( 23107512,'inst_ref_set<Bookable>',21,0,'Escher_ObjectSet_s *','','','',0,'HotelComponent','',0,7655624,154 );
INSERT INTO TE_DT VALUES ( 23113432,'inst_ref<Booking>',20,1,'HotelComponent_BOOKING *','','','',0,'HotelComponent','',0,7655624,142 );
INSERT INTO TE_DT VALUES ( 23119352,'inst_ref_set<Booking>',21,0,'Escher_ObjectSet_s *','','','',0,'HotelComponent','',0,7655624,153 );
INSERT INTO TE_DT VALUES ( 23125272,'inst_ref<Facility>',20,1,'HotelComponent_FACILITY *','','','',0,'HotelComponent','',0,7655624,152 );
INSERT INTO TE_DT VALUES ( 23131192,'inst_ref_set<Facility>',21,0,'Escher_ObjectSet_s *','','','',0,'HotelComponent','',0,7655624,150 );
INSERT INTO TE_ACT VALUES ( 37397128,'HotelComponent_BOOKINGSESSION_act1',0,409,420 );
INSERT INTO TE_ACT VALUES ( 37408104,'HotelComponent_BOOKINGSESSION_act6',0,409,426 );
INSERT INTO TE_ACT VALUES ( 37419080,'HotelComponent_BOOKINGSESSION_act5',0,409,430 );
INSERT INTO TE_ACT VALUES ( 37430056,'HotelComponent_BOOKINGSESSION_act2',0,409,434 );
INSERT INTO TE_ACT VALUES ( 37441032,'HotelComponent_BOOKINGSESSION_act3',0,409,438 );
INSERT INTO TE_ACT VALUES ( 37452008,'HotelComponent_BOOKINGSESSION_act4',0,409,442 );
INSERT INTO TE_ACT VALUES ( 37462984,'HotelComponent_BOOKINGSESSION_act7',0,409,446 );
INSERT INTO TE_ACT VALUES ( 43226416,'HotelComponent_BOOKINGSESSION_act8',0,409,450 );
INSERT INTO TE_ACT VALUES ( 43237392,'HotelComponent_BOOKINGSESSION_act9',0,409,454 );
INSERT INTO TE_ACT VALUES ( 43248368,'HotelComponent_BOOKINGSESSION_act10',0,409,458 );
INSERT INTO TE_ACT VALUES ( 43259344,'HotelComponent_BOOKINGSESSION_act11',0,409,462 );
INSERT INTO TE_ACT VALUES ( 43270320,'HotelComponent_BOOKINGSESSION_CB_act1',0,533,537 );
INSERT INTO TE_ACT VALUES ( 43281296,'HotelComponent_BOOKINGSESSION_CB_xact1',1,533,541 );
INSERT INTO TE_ACT VALUES ( 51621104,'UserComponent_SIMPLETEST_act1',0,691,693 );
INSERT INTO TE_ACT VALUES ( 51632080,'UserComponent_SIMPLETEST_act2',0,691,699 );
INSERT INTO TE_ACT VALUES ( 51643056,'UserComponent_SIMPLETEST_act3',0,691,706 );
INSERT INTO TE_SYNC VALUES ( 'startSimpleTest',0,0,0,1,0,51610128,'UserComponent_startSimpleTest','UserComponent_startSimpleTest','UserComponent_startSimpleTest_deferred',7650400,679,10941920,0 );
INSERT INTO TE_SYNC VALUES ( 'PopulateFacilityTypes',0,0,0,1,0,28924904,'HotelComponent_PopulateFacilityTypes','HotelComponent_PopulateFacilityTypes','HotelComponent_PopulateFacilityTypes_deferred',7655624,254,10945332,0 );
INSERT INTO TE_TFR VALUES ( 0,1,1,'HOTEL','createFacilityGroup','HotelComponent_HOTEL_op_createFacilityGroup',28935880,588 );
INSERT INTO TE_TFR VALUES ( 0,1,1,'HOTEL','createStaff','HotelComponent_HOTEL_op_createStaff',28946856,589 );
INSERT INTO TE_TFR VALUES ( 0,1,1,'HOTEL','createService','HotelComponent_HOTEL_op_createService',28957832,593 );
INSERT INTO TE_TFR VALUES ( 0,1,1,'HOTEL','createFacility','HotelComponent_HOTEL_op_createFacility',28968808,597 );
INSERT INTO TE_TFR VALUES ( 0,1,1,'HOTEL','availableBookables','HotelComponent_HOTEL_op_availableBookables',28979784,601 );
INSERT INTO TE_TFR VALUES ( 0,1,1,'HOTEL','addBooking','HotelComponent_HOTEL_op_addBooking',37364200,605 );
INSERT INTO TE_TFR VALUES ( 0,1,1,'GUEST','setFacility','HotelComponent_GUEST_op_setFacility',37375176,579 );
INSERT INTO TE_TFR VALUES ( 0,1,1,'FACILITYTYPE','getPossibleExtras','HotelComponent_FACILITYTYPE_op_getPossibleExtras',37386152,575 );
INSERT INTO TE_TFR VALUES ( 0,1,1,'BOOKINGSESSION','addGuest','HotelComponent_BOOKINGSESSION_op_addGuest',43292272,373 );
INSERT INTO TE_TFR VALUES ( 0,1,1,'BOOKINGSESSION','createGuest','HotelComponent_BOOKINGSESSION_op_createGuest',43303248,374 );
INSERT INTO TE_TFR VALUES ( 0,1,1,'BOOKINGSESSION','selectBookable','HotelComponent_BOOKINGSESSION_op_selectBookable',43314224,380 );
INSERT INTO TE_TFR VALUES ( 0,1,1,'BOOKINGSESSION','addService','HotelComponent_BOOKINGSESSION_op_addService',43325200,385 );
INSERT INTO TE_TFR VALUES ( 0,1,1,'BOOKINGSESSION','createCustomer','HotelComponent_BOOKINGSESSION_op_createCustomer',47404488,389 );
INSERT INTO TE_TFR VALUES ( 0,1,1,'BOOKINGSESSION','search','HotelComponent_BOOKINGSESSION_op_search',47415464,43 );
INSERT INTO TE_TFR VALUES ( 0,1,1,'BOOKING','addGuest','HotelComponent_BOOKING_op_addGuest',47426440,347 );
INSERT INTO TE_TFR VALUES ( 0,1,1,'BOOKING','getBookingInfo','HotelComponent_BOOKING_op_getBookingInfo',47437416,348 );
INSERT INTO TE_TFR VALUES ( 0,1,1,'BOOKING','setCustomer','HotelComponent_BOOKING_op_setCustomer',47448392,353 );
INSERT INTO TE_TFR VALUES ( 0,1,1,'BOOKING','addBookable','HotelComponent_BOOKING_op_addBookable',47459368,356 );
INSERT INTO TE_TFR VALUES ( 0,1,1,'BOOKING','addService','HotelComponent_BOOKING_op_addService',47470344,360 );
INSERT INTO TE_TFR VALUES ( 0,1,1,'BOOKABLE','isAvailable','HotelComponent_BOOKABLE_op_isAvailable',47481320,331 );
INSERT INTO TE_TFR VALUES ( 0,1,1,'BOOKABLE','getBookableRepresentation','HotelComponent_BOOKABLE_op_getBookableRepresentation',47492296,335 );
INSERT INTO TE_TFR VALUES ( 0,1,1,'BILLING','isPayed','HotelComponent_BILLING_op_isPayed',47503272,319 );
INSERT INTO TE_TFR VALUES ( 0,1,1,'BILLING','getCost','HotelComponent_BILLING_op_getCost',51599152,320 );
INSERT INTO R_REL VALUES ( 158,27,'',0 );
INSERT INTO R_REL VALUES ( 137,26,'',0 );
INSERT INTO R_REL VALUES ( 164,25,'',0 );
INSERT INTO R_REL VALUES ( 168,24,'',0 );
INSERT INTO R_REL VALUES ( 172,23,'',0 );
INSERT INTO R_REL VALUES ( 175,22,'',0 );
INSERT INTO R_REL VALUES ( 180,21,'',0 );
INSERT INTO R_REL VALUES ( 184,20,'',0 );
INSERT INTO R_REL VALUES ( 188,19,'',0 );
INSERT INTO R_REL VALUES ( 196,18,'',0 );
INSERT INTO R_REL VALUES ( 201,17,'',0 );
INSERT INTO R_REL VALUES ( 204,16,'',0 );
INSERT INTO R_REL VALUES ( 208,15,'',0 );
INSERT INTO R_REL VALUES ( 211,14,'',0 );
INSERT INTO R_REL VALUES ( 214,13,'',0 );
INSERT INTO R_REL VALUES ( 217,12,'',0 );
INSERT INTO R_REL VALUES ( 220,11,'',0 );
INSERT INTO R_REL VALUES ( 225,10,'',0 );
INSERT INTO R_REL VALUES ( 228,9,'',0 );
INSERT INTO R_REL VALUES ( 231,8,'',0 );
INSERT INTO R_REL VALUES ( 235,6,'',0 );
INSERT INTO R_REL VALUES ( 238,5,'',0 );
INSERT INTO R_REL VALUES ( 241,4,'',0 );
INSERT INTO R_REL VALUES ( 244,3,'',0 );
INSERT INTO R_REL VALUES ( 68,2,'',0 );
INSERT INTO R_REL VALUES ( 251,1,'',0 );
INSERT INTO TE_BRG VALUES ( 'Logging','LOG','LogSuccess','LOG_LogSuccess',51654032,756,755 );
INSERT INTO TE_BRG VALUES ( 'Logging','LOG','LogFailure','LOG_LogFailure',51665008,760,755 );
INSERT INTO TE_BRG VALUES ( 'Logging','LOG','LogInfo','LOG_LogInfo',51675984,130,755 );
INSERT INTO TE_BRG VALUES ( 'Logging','LOG','LogDate','LOG_LogDate',51686960,767,755 );
INSERT INTO TE_BRG VALUES ( 'Logging','LOG','LogTime','LOG_LogTime',51697936,772,755 );
INSERT INTO TE_BRG VALUES ( 'Logging','LOG','LogReal','LOG_LogReal',55798376,777,755 );
INSERT INTO TE_BRG VALUES ( 'Logging','LOG','LogInteger','LOG_LogInteger',55809352,782,755 );
INSERT INTO TE_PARM VALUES ( 'message','',0,'','',9741152,0,'p_message',0,23048304,0,0,'',55809352,0,0,0,0,0,783 );
INSERT INTO TE_PARM VALUES ( 'message','',0,'','',9745460,9749768,'p_message',0,23036464,1,0,'[ESCHER_SYS_MAX_STRING_LEN]',55798376,0,0,0,0,0,779 );
INSERT INTO TE_PARM VALUES ( 'r','',1,'','',9749768,0,'p_r',0,23042384,0,0,'',55798376,0,0,0,0,0,778 );
INSERT INTO TE_PARM VALUES ( 'message','',0,'','',9754076,9758384,'p_message',0,23036464,1,0,'[ESCHER_SYS_MAX_STRING_LEN]',51697936,0,0,0,0,0,774 );
INSERT INTO TE_PARM VALUES ( 't','',1,'','',9758384,0,'p_t',0,8245376,0,0,'',51697936,0,0,0,0,0,773 );
INSERT INTO TE_PARM VALUES ( 'message','',1,'','',9762692,0,'p_message',0,23036464,1,0,'[ESCHER_SYS_MAX_STRING_LEN]',51686960,0,0,0,0,0,769 );
INSERT INTO TE_PARM VALUES ( 'd','',0,'','',9767000,9762692,'p_d',0,8257216,0,0,'',51686960,0,0,0,0,0,768 );
INSERT INTO TE_PARM VALUES ( 'message','',0,'"Recieved session request"','message:Recieved session request',9771308,0,'p_message',0,23036464,1,0,'[ESCHER_SYS_MAX_STRING_LEN]',51675984,0,0,0,0,0,764 );
INSERT INTO TE_PARM VALUES ( 'message','',0,'','',9775616,0,'p_message',0,23036464,1,0,'[ESCHER_SYS_MAX_STRING_LEN]',51665008,0,0,0,0,0,761 );
INSERT INTO TE_PARM VALUES ( 'message','',0,'','',9779924,0,'p_message',0,23036464,1,0,'[ESCHER_SYS_MAX_STRING_LEN]',51654032,0,0,0,0,0,757 );
INSERT INTO TE_PARM VALUES ( 'booking','',0,'','',23508024,0,'p_booking',0,23113432,0,0,'',37364200,0,0,0,609,0,0 );
INSERT INTO TE_PARM VALUES ( 'filter','',0,'','',23512332,0,'p_filter',0,23048304,0,0,'',28979784,0,0,0,606,0,0 );
INSERT INTO TE_PARM VALUES ( 'facilityID','',0,'','',23516640,0,'p_facilityID',0,23036464,1,0,'[ESCHER_SYS_MAX_STRING_LEN]',28968808,0,0,0,602,0,0 );
INSERT INTO TE_PARM VALUES ( 'description','',0,'','',23520948,0,'p_description',0,23036464,1,0,'[ESCHER_SYS_MAX_STRING_LEN]',28957832,0,0,0,598,0,0 );
INSERT INTO TE_PARM VALUES ( 'name','',0,'','',23525256,0,'p_name',0,23036464,1,0,'[ESCHER_SYS_MAX_STRING_LEN]',28946856,0,0,0,594,0,0 );
INSERT INTO TE_PARM VALUES ( 'name','',0,'','',23529564,0,'p_name',0,23036464,1,0,'[ESCHER_SYS_MAX_STRING_LEN]',28935880,0,0,0,590,0,0 );
INSERT INTO TE_PARM VALUES ( 'facility','',0,'','',23533872,0,'p_facility',0,23125272,0,0,'',37375176,0,0,0,580,0,0 );
INSERT INTO TE_PARM VALUES ( 'facilityType','',0,'p_facilityType, p_fromDate, p_toDate','facilityType:PARAM.facilityType, fromDate:PARAM.fromDate, toDate:PARAM.toDate',23538180,23546796,'p_facilityType',0,23048304,0,0,'',47415464,0,0,0,398,0,0 );
INSERT INTO TE_PARM VALUES ( 'toDate','',2,'','',23542488,0,'p_toDate',0,8245376,0,0,'',47415464,0,0,0,397,0,0 );
INSERT INTO TE_PARM VALUES ( 'fromDate','',1,'','',23546796,23542488,'p_fromDate',0,8245376,0,0,'',47415464,0,0,0,396,0,0 );
INSERT INTO TE_PARM VALUES ( 'name','',0,'','',23551112,0,'p_name',0,23036464,1,0,'[ESCHER_SYS_MAX_STRING_LEN]',47404488,0,0,0,393,0,0 );
INSERT INTO TE_PARM VALUES ( 'bookable','',0,'','',23555420,0,'p_bookable',0,23101592,0,0,'',43325200,0,0,0,390,0,0 );
INSERT INTO TE_PARM VALUES ( 'facilityType','',0,'','',23559728,0,'p_facilityType',0,23089752,0,0,'',43314224,0,0,0,386,0,0 );
INSERT INTO TE_PARM VALUES ( 'name','',1,'','',23564036,0,'p_name',0,23036464,1,0,'[ESCHER_SYS_MAX_STRING_LEN]',43303248,0,0,0,382,0,0 );
INSERT INTO TE_PARM VALUES ( 'age','',0,'','',23568344,23564036,'p_age',0,23048304,0,0,'',43303248,0,0,0,381,0,0 );
INSERT INTO TE_PARM VALUES ( 'facility','',1,'','',23572652,23576960,'p_facility',0,23125272,0,0,'',43292272,0,0,0,377,0,0 );
INSERT INTO TE_PARM VALUES ( 'name','',2,'','',23576960,0,'p_name',0,23036464,1,0,'[ESCHER_SYS_MAX_STRING_LEN]',43292272,0,0,0,376,0,0 );
INSERT INTO TE_PARM VALUES ( 'age','',0,'','',23581268,23572652,'p_age',0,23048304,0,0,'',43292272,0,0,0,375,0,0 );
INSERT INTO TE_PARM VALUES ( 'bookable','',0,'','',23585576,0,'p_bookable',0,23101592,0,0,'',47470344,0,0,0,364,0,0 );
INSERT INTO TE_PARM VALUES ( 'bookable','',0,'','',23589884,0,'p_bookable',0,23101592,0,0,'',47459368,0,0,0,361,0,0 );
INSERT INTO TE_PARM VALUES ( 'customer','',0,'','',23594200,0,'p_customer',0,23036464,1,0,'[ESCHER_SYS_MAX_STRING_LEN]',47448392,0,0,0,357,0,0 );
INSERT INTO TE_PARM VALUES ( 'name','',1,'','',23598508,0,'p_name',0,23036464,1,0,'[ESCHER_SYS_MAX_STRING_LEN]',47426440,0,0,0,350,0,0 );
INSERT INTO TE_PARM VALUES ( 'age','',0,'','',23602816,23598508,'p_age',0,23048304,0,0,'',47426440,0,0,0,349,0,0 );
INSERT INTO TE_PARM VALUES ( 'filter','',0,'','',23607124,0,'p_filter',0,23048304,0,0,'',47481320,0,0,0,332,0,0 );
INSERT INTO TE_PARM VALUES ( 'sessionID','',0,'session->ID','sessionID:session.ID',23611432,0,'p_sessionID',0,23030544,0,0,'',7138368,0,0,0,0,753,0 );
INSERT INTO TE_PARM VALUES ( 'message','',0,'"No rooms found"','message:No rooms found',23615740,0,'p_message',0,23036464,1,0,'[ESCHER_SYS_MAX_STRING_LEN]',7160320,0,0,0,0,752,0 );
INSERT INTO TE_PARM VALUES ( 'message','',0,'"Hej"','message:Hej',23620048,0,'p_message',0,23036464,1,0,'[ESCHER_SYS_MAX_STRING_LEN]',7171296,0,0,0,0,657,0 );
INSERT INTO TE_PARM VALUES ( 'info','',0,'','',23624356,23628664,'p_info',0,23036464,1,0,'[ESCHER_SYS_MAX_STRING_LEN]',7182272,0,0,0,0,751,0 );
INSERT INTO TE_PARM VALUES ( 'sessionID','',1,'','',23628664,0,'p_sessionID',0,23030544,0,0,'',7182272,0,0,0,0,750,0 );
INSERT INTO TE_PARM VALUES ( 'guestAge','',1,'','',23632972,23637288,'p_guestAge',0,23048304,0,0,'',7193248,0,0,0,0,749,0 );
INSERT INTO TE_PARM VALUES ( 'guestName','',2,'','',23637288,23645904,'p_guestName',0,23036464,1,0,'[ESCHER_SYS_MAX_STRING_LEN]',7193248,0,0,0,0,748,0 );
INSERT INTO TE_PARM VALUES ( 'facility','',0,'','',23641596,23632972,'p_facility',0,23030544,0,0,'',7193248,0,0,0,0,747,0 );
INSERT INTO TE_PARM VALUES ( 'sessionID','',3,'','',23645904,0,'p_sessionID',0,23030544,0,0,'',7193248,0,0,0,0,746,0 );
INSERT INTO TE_PARM VALUES ( 'phoneNumber','',1,'','',23650212,23658828,'p_phoneNumber',0,23036464,1,0,'[ESCHER_SYS_MAX_STRING_LEN]',7204224,0,0,0,0,745,0 );
INSERT INTO TE_PARM VALUES ( 'name','',0,'','',23654520,23650212,'p_name',0,23036464,1,0,'[ESCHER_SYS_MAX_STRING_LEN]',7204224,0,0,0,0,744,0 );
INSERT INTO TE_PARM VALUES ( 'sessionID','',2,'','',23658828,0,'p_sessionID',0,23030544,0,0,'',7204224,0,0,0,0,743,0 );
INSERT INTO TE_PARM VALUES ( 'desiredID','',0,'','',23663136,23667444,'p_desiredID',0,23030544,0,0,'',7215200,0,0,0,0,742,0 );
INSERT INTO TE_PARM VALUES ( 'sessionID','',1,'','',23667444,0,'p_sessionID',0,23030544,0,0,'',7215200,0,0,0,0,741,0 );
INSERT INTO TE_PARM VALUES ( 'independent','',3,'','',23671752,23684684,'p_independent',0,23054224,0,0,'',7226176,0,0,0,0,740,0 );
INSERT INTO TE_PARM VALUES ( 'aproximateArea','',0,'','',23676060,23680376,'p_aproximateArea',0,23036464,1,0,'[ESCHER_SYS_MAX_STRING_LEN]',7226176,0,0,0,0,739,0 );
INSERT INTO TE_PARM VALUES ( 'description','',1,'','',23680376,23688992,'p_description',0,23036464,1,0,'[ESCHER_SYS_MAX_STRING_LEN]',7226176,0,0,0,0,738,0 );
INSERT INTO TE_PARM VALUES ( 'price','',4,'','',23684684,0,'p_price',0,23042384,0,0,'',7226176,0,0,0,0,737,0 );
INSERT INTO TE_PARM VALUES ( 'id','',2,'','',23688992,23671752,'p_id',0,23030544,0,0,'',7226176,0,0,0,0,736,0 );
INSERT INTO TE_PARM VALUES ( 'sessionID','',1,'','',23693300,0,'p_sessionID',0,23030544,0,0,'',7237152,0,0,0,0,735,0 );
INSERT INTO TE_PARM VALUES ( 'id','',0,'','',23697608,23693300,'p_id',0,23030544,0,0,'',7237152,0,0,0,0,734,0 );
INSERT INTO TE_PARM VALUES ( 'independent','',3,'','',23701916,23714840,'p_independent',0,23054224,0,0,'',27903048,0,0,0,0,733,0 );
INSERT INTO TE_PARM VALUES ( 'aproximateArea','',0,'','',23706224,23710532,'p_aproximateArea',0,23036464,1,0,'[ESCHER_SYS_MAX_STRING_LEN]',27903048,0,0,0,0,732,0 );
INSERT INTO TE_PARM VALUES ( 'description','',1,'','',23710532,23719148,'p_description',0,23036464,1,0,'[ESCHER_SYS_MAX_STRING_LEN]',27903048,0,0,0,0,731,0 );
INSERT INTO TE_PARM VALUES ( 'price','',4,'','',23714840,0,'p_price',0,23042384,0,0,'',27903048,0,0,0,0,729,0 );
INSERT INTO TE_PARM VALUES ( 'id','',2,'ft->approximateArea, b->description, ft->id, FALSE, b->price','aproximateArea:ft.approximateArea, description:b.description, id:ft.id, independent:FALSE, price:b.price',23719148,23701916,'p_id',0,23030544,0,0,'',27903048,0,0,0,0,728,0 );
INSERT INTO TE_PARM VALUES ( 'facilityType','',0,'','',23723464,23732080,'p_facilityType',0,23048304,0,0,'',27914024,0,0,0,0,51,0 );
INSERT INTO TE_PARM VALUES ( 'toDate','',3,'','',23727772,0,'p_toDate',0,8245376,0,0,'',27914024,0,0,0,0,48,0 );
INSERT INTO TE_PARM VALUES ( 'fromDate','',1,'','',23732080,23736388,'p_fromDate',0,8245376,0,0,'',27914024,0,0,0,0,46,0 );
INSERT INTO TE_PARM VALUES ( 'sessionID','',2,'','',23736388,23727772,'p_sessionID',0,23030544,0,0,'',27914024,0,0,0,0,27,0 );
INSERT INTO TE_PARM VALUES ( 'sessionID','',0,'','',23740696,0,'p_sessionID',0,23030544,0,0,'',27925000,0,0,0,0,0,0 );
INSERT INTO TE_PARM VALUES ( 'message','',0,'','',23745004,0,'p_message',0,23036464,1,0,'[ESCHER_SYS_MAX_STRING_LEN]',27946952,0,0,0,0,0,0 );
INSERT INTO TE_PARM VALUES ( 'message','',0,'','',23749312,0,'p_message',0,23036464,1,0,'[ESCHER_SYS_MAX_STRING_LEN]',27957928,0,0,0,0,0,0 );
INSERT INTO TE_PARM VALUES ( 'info','',0,'','',23753620,23757928,'p_info',0,23036464,1,0,'[ESCHER_SYS_MAX_STRING_LEN]',27968904,0,0,0,0,0,0 );
INSERT INTO TE_PARM VALUES ( 'sessionID','',1,'','',23757928,0,'p_sessionID',0,23030544,0,0,'',27968904,0,0,0,0,0,0 );
INSERT INTO TE_PARM VALUES ( 'facility','',0,'','',23762236,24966576,'p_facility',0,23030544,0,0,'',27979880,0,0,0,0,0,0 );
INSERT INTO TE_PARM VALUES ( 'guestAge','',1,'','',24966576,24970884,'p_guestAge',0,23048304,0,0,'',27979880,0,0,0,0,0,0 );
INSERT INTO TE_PARM VALUES ( 'guestName','',2,'','',24970884,24975192,'p_guestName',0,23036464,1,0,'[ESCHER_SYS_MAX_STRING_LEN]',27979880,0,0,0,0,0,0 );
INSERT INTO TE_PARM VALUES ( 'sessionID','',3,'','',24975192,0,'p_sessionID',0,23030544,0,0,'',27979880,0,0,0,0,0,0 );
INSERT INTO TE_PARM VALUES ( 'name','',0,'','',24979500,24983808,'p_name',0,23036464,1,0,'[ESCHER_SYS_MAX_STRING_LEN]',27990856,0,0,0,0,0,0 );
INSERT INTO TE_PARM VALUES ( 'phoneNumber','',1,'','',24983808,24988116,'p_phoneNumber',0,23036464,1,0,'[ESCHER_SYS_MAX_STRING_LEN]',27990856,0,0,0,0,0,0 );
INSERT INTO TE_PARM VALUES ( 'sessionID','',2,'','',24988116,0,'p_sessionID',0,23030544,0,0,'',27990856,0,0,0,0,0,0 );
INSERT INTO TE_PARM VALUES ( 'desiredID','',0,'','',24992424,24996732,'p_desiredID',0,23030544,0,0,'',28001832,0,0,0,0,0,0 );
INSERT INTO TE_PARM VALUES ( 'sessionID','',1,'','',24996732,0,'p_sessionID',0,23030544,0,0,'',28001832,0,0,0,0,0,0 );
INSERT INTO TE_PARM VALUES ( 'aproximateArea','',0,'','',25001040,25005348,'p_aproximateArea',0,23036464,1,0,'[ESCHER_SYS_MAX_STRING_LEN]',28881000,0,0,0,0,0,0 );
INSERT INTO TE_PARM VALUES ( 'description','',1,'','',25005348,28990768,'p_description',0,23036464,1,0,'[ESCHER_SYS_MAX_STRING_LEN]',28881000,0,0,0,0,0,0 );
INSERT INTO TE_PARM VALUES ( 'id','',2,'','',28990768,28995076,'p_id',0,23030544,0,0,'',28881000,0,0,0,0,0,0 );
INSERT INTO TE_PARM VALUES ( 'independent','',3,'','',28995076,28999384,'p_independent',0,23054224,0,0,'',28881000,0,0,0,0,0,0 );
INSERT INTO TE_PARM VALUES ( 'price','',4,'','',28999384,0,'p_price',0,23042384,0,0,'',28881000,0,0,0,0,0,0 );
INSERT INTO TE_PARM VALUES ( 'id','',0,'','',29003692,29008000,'p_id',0,23030544,0,0,'',28891976,0,0,0,0,0,0 );
INSERT INTO TE_PARM VALUES ( 'sessionID','',1,'','',29008000,0,'p_sessionID',0,23030544,0,0,'',28891976,0,0,0,0,0,0 );
INSERT INTO TE_PARM VALUES ( 'aproximateArea','',0,'','',29012308,29016616,'p_aproximateArea',0,23036464,1,0,'[ESCHER_SYS_MAX_STRING_LEN]',28902952,0,0,0,0,0,0 );
INSERT INTO TE_PARM VALUES ( 'description','',1,'','',29016616,29020924,'p_description',0,23036464,1,0,'[ESCHER_SYS_MAX_STRING_LEN]',28902952,0,0,0,0,0,0 );
INSERT INTO TE_PARM VALUES ( 'id','',2,'','',29020924,29025232,'p_id',0,23030544,0,0,'',28902952,0,0,0,0,0,0 );
INSERT INTO TE_PARM VALUES ( 'independent','',3,'','',29025232,29029540,'p_independent',0,23054224,0,0,'',28902952,0,0,0,0,0,0 );
INSERT INTO TE_PARM VALUES ( 'price','',4,'','',29029540,0,'p_price',0,23042384,0,0,'',28902952,0,0,0,0,0,0 );
INSERT INTO TE_PARM VALUES ( 'facilityType','',0,'','',29033856,29038164,'p_facilityType',0,23048304,0,0,'',28913928,0,0,0,0,0,0 );
INSERT INTO TE_PARM VALUES ( 'fromDate','',1,'','',29038164,29042472,'p_fromDate',0,8245376,0,0,'',28913928,0,0,0,0,0,0 );
INSERT INTO TE_PARM VALUES ( 'sessionID','',2,'','',29042472,29046780,'p_sessionID',0,23030544,0,0,'',28913928,0,0,0,0,0,0 );
INSERT INTO TE_PARM VALUES ( 'toDate','',3,'','',29046780,0,'p_toDate',0,8245376,0,0,'',28913928,0,0,0,0,0,0 );
INSERT INTO TE_WHERE VALUES ( 0,'HotelComponent_STAFF_AnyWhere3',2,221 );
INSERT INTO TE_WHERE VALUES ( 0,'HotelComponent_STAFF_AnyWhere2',1,221 );
INSERT INTO TE_WHERE VALUES ( 0,'HotelComponent_STAFF_AnyWhere1',0,221 );
INSERT INTO TE_WHERE VALUES ( 0,'HotelComponent_SERVICE_AnyWhere3',2,156 );
INSERT INTO TE_WHERE VALUES ( 0,'HotelComponent_SERVICE_AnyWhere2',1,156 );
INSERT INTO TE_WHERE VALUES ( 0,'HotelComponent_SERVICE_AnyWhere1',0,156 );
INSERT INTO TE_WHERE VALUES ( 0,'HotelComponent_PRIVILEGE_AnyWhere3',2,223 );
INSERT INTO TE_WHERE VALUES ( 0,'HotelComponent_PRIVILEGE_AnyWhere2',1,223 );
INSERT INTO TE_WHERE VALUES ( 0,'HotelComponent_PRIVILEGE_AnyWhere1',0,223 );
INSERT INTO TE_WHERE VALUES ( 0,'HotelComponent_PAYMENTMETHOD_AnyWhere3',2,182 );
INSERT INTO TE_WHERE VALUES ( 0,'HotelComponent_PAYMENTMETHOD_AnyWhere2',1,182 );
INSERT INTO TE_WHERE VALUES ( 0,'HotelComponent_PAYMENTMETHOD_AnyWhere1',0,182 );
INSERT INTO TE_WHERE VALUES ( 0,'HotelComponent_PACKAGE_AnyWhere3',2,233 );
INSERT INTO TE_WHERE VALUES ( 0,'HotelComponent_PACKAGE_AnyWhere2',1,233 );
INSERT INTO TE_WHERE VALUES ( 0,'HotelComponent_PACKAGE_AnyWhere1',0,233 );
INSERT INTO TE_WHERE VALUES ( 0,'HotelComponent_INVOICE_AnyWhere3',2,194 );
INSERT INTO TE_WHERE VALUES ( 0,'HotelComponent_INVOICE_AnyWhere2',1,194 );
INSERT INTO TE_WHERE VALUES ( 0,'HotelComponent_INVOICE_AnyWhere1',0,194 );
INSERT INTO TE_WHERE VALUES ( 0,'HotelComponent_HOTEL_AnyWhere3',2,199 );
INSERT INTO TE_WHERE VALUES ( 0,'HotelComponent_HOTEL_AnyWhere2',1,199 );
INSERT INTO TE_WHERE VALUES ( 0,'HotelComponent_HOTEL_AnyWhere1',0,199 );
INSERT INTO TE_WHERE VALUES ( 0,'HotelComponent_GUEST_AnyWhere3',2,206 );
INSERT INTO TE_WHERE VALUES ( 0,'HotelComponent_GUEST_AnyWhere2',1,206 );
INSERT INTO TE_WHERE VALUES ( 0,'HotelComponent_GUEST_AnyWhere1',0,206 );
INSERT INTO TE_WHERE VALUES ( 0,'HotelComponent_FACILITYTYPE_AnyWhere3',2,41 );
INSERT INTO TE_WHERE VALUES ( 0,'HotelComponent_FACILITYTYPE_AnyWhere2',1,41 );
INSERT INTO TE_WHERE VALUES ( 0,'HotelComponent_FACILITYTYPE_AnyWhere1',0,41 );
INSERT INTO TE_WHERE VALUES ( 0,'HotelComponent_FACILITYGROUP_AnyWhere3',2,197 );
INSERT INTO TE_WHERE VALUES ( 0,'HotelComponent_FACILITYGROUP_AnyWhere2',1,197 );
INSERT INTO TE_WHERE VALUES ( 0,'HotelComponent_FACILITYGROUP_AnyWhere1',0,197 );
INSERT INTO TE_WHERE VALUES ( 0,'HotelComponent_FACILITY_AnyWhere3',2,151 );
INSERT INTO TE_WHERE VALUES ( 0,'HotelComponent_FACILITY_AnyWhere2',1,151 );
INSERT INTO TE_WHERE VALUES ( 0,'HotelComponent_FACILITY_AnyWhere1',0,151 );
INSERT INTO TE_WHERE VALUES ( 0,'HotelComponent_CUSTOMER_AnyWhere3',2,159 );
INSERT INTO TE_WHERE VALUES ( 0,'HotelComponent_CUSTOMER_AnyWhere2',1,159 );
INSERT INTO TE_WHERE VALUES ( 0,'HotelComponent_CUSTOMER_AnyWhere1',0,159 );
INSERT INTO TE_WHERE VALUES ( 0,'HotelComponent_CREDITCARD_AnyWhere3',2,192 );
INSERT INTO TE_WHERE VALUES ( 0,'HotelComponent_CREDITCARD_AnyWhere2',1,192 );
INSERT INTO TE_WHERE VALUES ( 0,'HotelComponent_CREDITCARD_AnyWhere1',0,192 );
INSERT INTO TE_WHERE VALUES ( 0,'HotelComponent_CLUB_AnyWhere3',2,169 );
INSERT INTO TE_WHERE VALUES ( 0,'HotelComponent_CLUB_AnyWhere2',1,169 );
INSERT INTO TE_WHERE VALUES ( 0,'HotelComponent_CLUB_AnyWhere1',0,169 );
INSERT INTO TE_WHERE VALUES ( 0,'HotelComponent_CASH_AnyWhere3',2,190 );
INSERT INTO TE_WHERE VALUES ( 0,'HotelComponent_CASH_AnyWhere2',1,190 );
INSERT INTO TE_WHERE VALUES ( 0,'HotelComponent_CASH_AnyWhere1',0,190 );
INSERT INTO TE_WHERE VALUES ( 0,'HotelComponent_BOOKINGSESSION_AnyWhere3',2,15 );
INSERT INTO TE_WHERE VALUES ( 0,'HotelComponent_BOOKINGSESSION_AnyWhere2',1,15 );
INSERT INTO TE_WHERE VALUES ( 0,'HotelComponent_BOOKINGSESSION_AnyWhere1',0,15 );
INSERT INTO TE_WHERE VALUES ( 0,'HotelComponent_BOOKING_AnyWhere3',2,135 );
INSERT INTO TE_WHERE VALUES ( 0,'HotelComponent_BOOKING_AnyWhere2',1,135 );
INSERT INTO TE_WHERE VALUES ( 0,'HotelComponent_BOOKING_AnyWhere1',0,135 );
INSERT INTO TE_WHERE VALUES ( 0,'HotelComponent_BOOKABLE_AnyWhere3',2,69 );
INSERT INTO TE_WHERE VALUES ( 0,'HotelComponent_BOOKABLE_AnyWhere2',1,69 );
INSERT INTO TE_WHERE VALUES ( 0,'HotelComponent_BOOKABLE_AnyWhere1',0,69 );
INSERT INTO TE_WHERE VALUES ( 0,'HotelComponent_BILLINGITEM_AnyWhere3',2,185 );
INSERT INTO TE_WHERE VALUES ( 0,'HotelComponent_BILLINGITEM_AnyWhere2',1,185 );
INSERT INTO TE_WHERE VALUES ( 0,'HotelComponent_BILLINGITEM_AnyWhere1',0,185 );
INSERT INTO TE_WHERE VALUES ( 0,'HotelComponent_BILLING_AnyWhere3',2,178 );
INSERT INTO TE_WHERE VALUES ( 0,'HotelComponent_BILLING_AnyWhere2',1,178 );
INSERT INTO TE_WHERE VALUES ( 0,'HotelComponent_BILLING_AnyWhere1',0,178 );
INSERT INTO TE_WHERE VALUES ( 0,'HotelComponent_BENEFIT_AnyWhere3',2,166 );
INSERT INTO TE_WHERE VALUES ( 0,'HotelComponent_BENEFIT_AnyWhere2',1,166 );
INSERT INTO TE_WHERE VALUES ( 0,'HotelComponent_BENEFIT_AnyWhere1',0,166 );
INSERT INTO TE_WHERE VALUES ( 0,'UserComponent_SIMPLETEST_AnyWhere1',0,671 );
INSERT INTO TE_WHERE VALUES ( 0,'UserComponent_SIMPLETEST_AnyWhere2',1,671 );
INSERT INTO TE_WHERE VALUES ( 0,'UserComponent_SIMPLETEST_AnyWhere3',2,671 );
INSERT INTO TE_ATTR VALUES ( 7290912,0,0,0,0,0,'','name','name','',1,1,0,'[ESCHER_SYS_MAX_STRING_LEN]','HotelComponent_STAFF','c_t',0,623,221 );
INSERT INTO TE_ATTR VALUES ( 7296848,0,0,0,0,0,'','independent','independent','',1,0,0,'','HotelComponent_SERVICE','bool',0,621,156 );
INSERT INTO TE_ATTR VALUES ( 7302784,0,0,0,0,0,'','description','description','',1,1,0,'[ESCHER_SYS_MAX_STRING_LEN]','HotelComponent_SERVICE','c_t',7296848,620,156 );
INSERT INTO TE_ATTR VALUES ( 7308720,0,0,0,0,0,'','sentDate','sentDate','',1,0,0,'','HotelComponent_INVOICE','Escher_TimeStamp_t',0,615,194 );
INSERT INTO TE_ATTR VALUES ( 7314656,0,0,0,0,0,'','adress','adress','',1,1,0,'[ESCHER_SYS_MAX_STRING_LEN]','HotelComponent_HOTEL','c_t',0,613,199 );
INSERT INTO TE_ATTR VALUES ( 7320592,0,0,0,0,0,'','description','description','',1,1,0,'[ESCHER_SYS_MAX_STRING_LEN]','HotelComponent_HOTEL','c_t',7314656,612,199 );
INSERT INTO TE_ATTR VALUES ( 7326528,0,0,0,0,0,'','name','name','',1,1,0,'[ESCHER_SYS_MAX_STRING_LEN]','HotelComponent_GUEST','c_t',0,586,206 );
INSERT INTO TE_ATTR VALUES ( 7332464,0,0,0,0,0,'','age','age','',1,0,0,'','HotelComponent_GUEST','i_t',7326528,585,206 );
INSERT INTO TE_ATTR VALUES ( 7338400,0,0,0,0,0,'','checkedIn','checkedIn','',1,0,0,'','HotelComponent_GUEST','Escher_TimeStamp_t',7332464,584,206 );
INSERT INTO TE_ATTR VALUES ( 7344336,0,0,0,0,0,'','checkedOut','checkedOut','',1,0,0,'','HotelComponent_GUEST','Escher_TimeStamp_t',7338400,583,206 );
INSERT INTO TE_ATTR VALUES ( 37473968,1,1,1,0,0,'','approximateArea','approximateArea','',1,1,0,'[ESCHER_SYS_MAX_STRING_LEN]','HotelComponent_FACILITYTYPE','c_t',0,83,41 );
INSERT INTO TE_ATTR VALUES ( 37479904,1,1,0,0,0,'','id','id','',1,0,0,'','HotelComponent_FACILITYTYPE','Escher_UniqueID_t',37473968,73,41 );
INSERT INTO TE_ATTR VALUES ( 37485840,0,0,0,0,0,'','name','name','',1,1,0,'[ESCHER_SYS_MAX_STRING_LEN]','HotelComponent_FACILITYGROUP','c_t',0,573,197 );
INSERT INTO TE_ATTR VALUES ( 37491776,1,1,1,0,0,'','facilityID','facilityID','',1,1,0,'[ESCHER_SYS_MAX_STRING_LEN]','HotelComponent_FACILITY','c_t',0,294,151 );
INSERT INTO TE_ATTR VALUES ( 37497712,0,0,0,0,0,'','checkedIn','checkedIn','',1,0,0,'','HotelComponent_FACILITY','Escher_TimeStamp_t',37491776,571,151 );
INSERT INTO TE_ATTR VALUES ( 37503648,0,0,0,0,0,'','checkedOut','checkedOut','',1,0,0,'','HotelComponent_FACILITY','Escher_TimeStamp_t',37497712,570,151 );
INSERT INTO TE_ATTR VALUES ( 37509584,0,0,0,0,0,'','name','name','',1,1,0,'[ESCHER_SYS_MAX_STRING_LEN]','HotelComponent_CUSTOMER','c_t',0,568,159 );
INSERT INTO TE_ATTR VALUES ( 37515520,0,0,0,0,0,'','customerID','customerID','',1,0,0,'','HotelComponent_CUSTOMER','i_t',37509584,567,159 );
INSERT INTO TE_ATTR VALUES ( 37521456,0,0,0,0,0,'','cardNumber','cardNumber','',1,0,0,'','HotelComponent_CREDITCARD','i_t',0,564,192 );
INSERT INTO TE_ATTR VALUES ( 37527392,0,0,0,0,0,'','expirationDate','expirationDate','',1,0,0,'','HotelComponent_CREDITCARD','Escher_Date_t',37521456,563,192 );
INSERT INTO TE_ATTR VALUES ( 37541904,0,0,0,0,0,'','cvcCode','cvcCode','',1,0,0,'','HotelComponent_CREDITCARD','i_t',37527392,562,192 );
INSERT INTO TE_ATTR VALUES ( 37547840,0,0,0,0,0,'','clubName','clubName','',1,1,0,'[ESCHER_SYS_MAX_STRING_LEN]','HotelComponent_CLUB','c_t',0,560,169 );
INSERT INTO TE_ATTR VALUES ( 37553776,1,1,0,0,0,'','ID','ID','',1,0,0,'','HotelComponent_BOOKINGSESSION','Escher_UniqueID_t',0,24,15 );
INSERT INTO TE_ATTR VALUES ( 37559712,0,0,0,0,0,'','current_state','current_state','',1,0,0,'','HotelComponent_BOOKINGSESSION','',37553776,407,15 );
INSERT INTO TE_ATTR VALUES ( 37565648,0,0,0,0,0,'','bookingNumber','bookingNumber','',1,0,0,'','HotelComponent_BOOKING','Escher_UniqueID_t',0,367,135 );
INSERT INTO TE_ATTR VALUES ( 37571584,1,1,1,0,0,'','price','price','',1,0,0,'','HotelComponent_BOOKABLE','i_t',0,77,69 );
INSERT INTO TE_ATTR VALUES ( 37577520,1,1,1,0,0,'','description','description','',1,1,0,'[ESCHER_SYS_MAX_STRING_LEN]','HotelComponent_BOOKABLE','c_t',37571584,80,69 );
INSERT INTO TE_ATTR VALUES ( 37583456,0,0,0,0,0,'','id','id','',1,0,0,'','HotelComponent_BOOKABLE','Escher_UniqueID_t',37577520,345,69 );
INSERT INTO TE_ATTR VALUES ( 37589392,0,0,0,0,0,'','cost','cost','',1,0,0,'','HotelComponent_BILLINGITEM','i_t',0,329,185 );
INSERT INTO TE_ATTR VALUES ( 37595328,0,0,0,0,0,'','description','description','',1,1,0,'[ESCHER_SYS_MAX_STRING_LEN]','HotelComponent_BILLINGITEM','c_t',37589392,328,185 );
INSERT INTO TE_ATTR VALUES ( 51139776,0,0,0,0,0,'','paymentDate','paymentDate','',1,0,0,'','HotelComponent_BILLING','Escher_TimeStamp_t',0,326,178 );
INSERT INTO TE_ATTR VALUES ( 51145712,0,0,0,0,0,'','isPayed','isPayed','',1,0,0,'','HotelComponent_BILLING','bool',51139776,325,178 );
INSERT INTO TE_ATTR VALUES ( 51151648,0,0,0,0,0,'','discountPercentage','discountPercentage','',1,0,0,'','HotelComponent_BENEFIT','i_t',0,316,166 );
INSERT INTO TE_ATTR VALUES ( 51157584,0,0,0,0,0,'','current_state','current_state','',1,0,0,'','UserComponent_SIMPLETEST','',0,690,671 );
INSERT INTO TE_REL VALUES ( 1,1,0,0,0,0,251 );
INSERT INTO TE_REL VALUES ( 2,1,0,1,0,0,68 );
INSERT INTO TE_REL VALUES ( 3,0,0,0,0,0,244 );
INSERT INTO TE_REL VALUES ( 4,0,0,0,0,0,241 );
INSERT INTO TE_REL VALUES ( 5,0,0,0,0,0,238 );
INSERT INTO TE_REL VALUES ( 6,0,0,0,0,0,235 );
INSERT INTO TE_REL VALUES ( 8,0,0,0,0,0,231 );
INSERT INTO TE_REL VALUES ( 9,0,0,0,0,0,228 );
INSERT INTO TE_REL VALUES ( 10,0,0,0,0,0,225 );
INSERT INTO TE_REL VALUES ( 11,0,0,0,0,0,220 );
INSERT INTO TE_REL VALUES ( 12,0,0,0,0,0,217 );
INSERT INTO TE_REL VALUES ( 13,0,0,0,0,0,214 );
INSERT INTO TE_REL VALUES ( 14,0,0,0,0,0,211 );
INSERT INTO TE_REL VALUES ( 15,0,0,0,0,0,208 );
INSERT INTO TE_REL VALUES ( 16,0,0,0,0,0,204 );
INSERT INTO TE_REL VALUES ( 17,0,0,0,0,0,201 );
INSERT INTO TE_REL VALUES ( 18,0,0,0,0,0,196 );
INSERT INTO TE_REL VALUES ( 19,0,0,0,0,0,188 );
INSERT INTO TE_REL VALUES ( 20,0,0,0,0,0,184 );
INSERT INTO TE_REL VALUES ( 21,0,0,0,0,0,180 );
INSERT INTO TE_REL VALUES ( 22,0,0,0,0,0,175 );
INSERT INTO TE_REL VALUES ( 23,0,0,0,0,0,172 );
INSERT INTO TE_REL VALUES ( 24,0,0,0,0,0,168 );
INSERT INTO TE_REL VALUES ( 25,0,0,0,0,0,164 );
INSERT INTO TE_REL VALUES ( 26,1,0,0,0,0,137 );
INSERT INTO TE_REL VALUES ( 27,0,0,0,0,0,158 );
INSERT INTO TE_EVT VALUES ( 8583392,'selectEvent',1,'HotelComponent_BOOKINGSESSIONevent1','HOTELCOMPONENT_BOOKINGSESSIONEVENT1NUM',0,0,0,0,0,410,10671520 );
INSERT INTO TE_EVT VALUES ( 8585964,'addGuestEvent',2,'HotelComponent_BOOKINGSESSIONevent2','HOTELCOMPONENT_BOOKINGSESSIONEVENT2NUM',1,0,0,0,0,411,10671520 );
INSERT INTO TE_EVT VALUES ( 8588536,'addServiceEvent',3,'HotelComponent_BOOKINGSESSIONevent3','HOTELCOMPONENT_BOOKINGSESSIONEVENT3NUM',2,0,0,0,0,412,10671520 );
INSERT INTO TE_EVT VALUES ( 8591108,'confirmEvent',4,'HotelComponent_BOOKINGSESSIONevent4','HOTELCOMPONENT_BOOKINGSESSIONEVENT4NUM',3,0,0,0,0,413,10671520 );
INSERT INTO TE_EVT VALUES ( 8593680,'customerDetailsEvent',5,'HotelComponent_BOOKINGSESSIONevent5','HOTELCOMPONENT_BOOKINGSESSIONEVENT5NUM',4,0,0,0,0,414,10671520 );
INSERT INTO TE_EVT VALUES ( 8596252,'paymentInfoEvent',6,'HotelComponent_BOOKINGSESSIONevent6','HOTELCOMPONENT_BOOKINGSESSIONEVENT6NUM',5,0,0,0,0,415,10671520 );
INSERT INTO TE_EVT VALUES ( 8598824,'paymentConfirmedEvent',7,'HotelComponent_BOOKINGSESSIONevent7','HOTELCOMPONENT_BOOKINGSESSIONEVENT7NUM',6,0,0,0,0,416,10671520 );
INSERT INTO TE_EVT VALUES ( 8601396,'cancelEvent',8,'HotelComponent_BOOKINGSESSIONevent8','HOTELCOMPONENT_BOOKINGSESSIONEVENT8NUM',7,0,0,0,0,417,10671520 );
INSERT INTO TE_EVT VALUES ( 8603968,'searchEvent',9,'HotelComponent_BOOKINGSESSIONevent9','HOTELCOMPONENT_BOOKINGSESSIONEVENT9NUM',8,0,0,0,0,418,10671520 );
INSERT INTO TE_EVT VALUES ( 8606540,'requestSessionEvent',1,'HotelComponent_BOOKINGSESSION_CBevent1','HOTELCOMPONENT_BOOKINGSESSION_CBEVENT1NUM',0,0,0,0,0,534,10678280 );
INSERT INTO TE_EVT VALUES ( 45753280,'requestSession',2,'HotelComponent_BOOKINGSESSION_CBevent2','HOTELCOMPONENT_BOOKINGSESSION_CBEVENT2NUM',1,1,2,0,0,535,10678280 );
INSERT INTO TE_EVT VALUES ( 45755852,'start',1,'UserComponent_SIMPLETESTevent1','USERCOMPONENT_SIMPLETESTEVENT1NUM',0,1,1,0,0,686,10685040 );
INSERT INTO TE_EVT VALUES ( 45758424,'sessionEvent',2,'UserComponent_SIMPLETESTevent2','USERCOMPONENT_SIMPLETESTEVENT2NUM',1,1,1,0,0,672,10685040 );
INSERT INTO TE_STATE VALUES ( 'ready','HotelComponent_BOOKINGSESSION_STATE_1',1,1,0,409,419 );
INSERT INTO TE_STATE VALUES ( 'customerProvided','HotelComponent_BOOKINGSESSION_STATE_6',6,6,5,409,425 );
INSERT INTO TE_STATE VALUES ( 'finallyReady','HotelComponent_BOOKINGSESSION_STATE_5',5,5,4,409,429 );
INSERT INTO TE_STATE VALUES ( 'selected','HotelComponent_BOOKINGSESSION_STATE_2',2,2,1,409,433 );
INSERT INTO TE_STATE VALUES ( 'guestAdded','HotelComponent_BOOKINGSESSION_STATE_3',3,3,2,409,437 );
INSERT INTO TE_STATE VALUES ( 'addService','HotelComponent_BOOKINGSESSION_STATE_4',4,4,3,409,441 );
INSERT INTO TE_STATE VALUES ( 'paymentSuggested','HotelComponent_BOOKINGSESSION_STATE_7',7,7,6,409,445 );
INSERT INTO TE_STATE VALUES ( 'confirmation','HotelComponent_BOOKINGSESSION_STATE_8',8,8,7,409,449 );
INSERT INTO TE_STATE VALUES ( 'accepted','HotelComponent_BOOKINGSESSION_STATE_9',9,9,8,409,453 );
INSERT INTO TE_STATE VALUES ( 'aborted','HotelComponent_BOOKINGSESSION_STATE_10',10,10,9,409,457 );
INSERT INTO TE_STATE VALUES ( 'searched','HotelComponent_BOOKINGSESSION_STATE_11',11,11,10,409,461 );
INSERT INTO TE_STATE VALUES ( 'Standby','HotelComponent_BOOKINGSESSION_CB_STATE_1',1,1,0,533,536 );
INSERT INTO TE_STATE VALUES ( 'entryPoint','UserComponent_SIMPLETEST_STATE_1',1,1,0,691,692 );
INSERT INTO TE_STATE VALUES ( 'requestSession','UserComponent_SIMPLETEST_STATE_2',2,2,1,691,698 );
INSERT INTO TE_STATE VALUES ( 'requestAvailableBookables','UserComponent_SIMPLETEST_STATE_3',3,3,2,691,705 );
INSERT INTO R_OIR VALUES ( 159,158,160,0 );
INSERT INTO R_OIR VALUES ( 15,158,161,0 );
INSERT INTO R_OIR VALUES ( 135,137,162,0 );
INSERT INTO R_OIR VALUES ( 15,137,163,0 );
INSERT INTO R_OIR VALUES ( 69,164,165,0 );
INSERT INTO R_OIR VALUES ( 166,164,167,0 );
INSERT INTO R_OIR VALUES ( 169,168,170,0 );
INSERT INTO R_OIR VALUES ( 166,168,171,0 );
INSERT INTO R_OIR VALUES ( 159,172,173,0 );
INSERT INTO R_OIR VALUES ( 169,172,174,0 );
INSERT INTO R_OIR VALUES ( 135,175,176,0 );
INSERT INTO R_OIR VALUES ( 159,175,177,0 );
INSERT INTO R_OIR VALUES ( 178,175,179,0 );
INSERT INTO R_OIR VALUES ( 178,180,181,0 );
INSERT INTO R_OIR VALUES ( 182,180,183,0 );
INSERT INTO R_OIR VALUES ( 185,184,186,0 );
INSERT INTO R_OIR VALUES ( 178,184,187,0 );
INSERT INTO R_OIR VALUES ( 182,188,189,0 );
INSERT INTO R_OIR VALUES ( 190,188,191,0 );
INSERT INTO R_OIR VALUES ( 192,188,193,0 );
INSERT INTO R_OIR VALUES ( 194,188,195,0 );
INSERT INTO R_OIR VALUES ( 197,196,198,0 );
INSERT INTO R_OIR VALUES ( 199,196,200,0 );
INSERT INTO R_OIR VALUES ( 199,201,202,0 );
INSERT INTO R_OIR VALUES ( 15,201,203,0 );
INSERT INTO R_OIR VALUES ( 151,204,205,0 );
INSERT INTO R_OIR VALUES ( 206,204,207,0 );
INSERT INTO R_OIR VALUES ( 135,208,209,0 );
INSERT INTO R_OIR VALUES ( 206,208,210,0 );
INSERT INTO R_OIR VALUES ( 151,211,212,0 );
INSERT INTO R_OIR VALUES ( 135,211,213,0 );
INSERT INTO R_OIR VALUES ( 199,214,215,0 );
INSERT INTO R_OIR VALUES ( 135,214,216,0 );
INSERT INTO R_OIR VALUES ( 69,217,218,0 );
INSERT INTO R_OIR VALUES ( 135,217,219,0 );
INSERT INTO R_OIR VALUES ( 221,220,222,0 );
INSERT INTO R_OIR VALUES ( 223,220,224,0 );
INSERT INTO R_OIR VALUES ( 199,225,226,0 );
INSERT INTO R_OIR VALUES ( 221,225,227,0 );
INSERT INTO R_OIR VALUES ( 199,228,229,0 );
INSERT INTO R_OIR VALUES ( 69,228,230,0 );
INSERT INTO R_OIR VALUES ( 69,231,232,0 );
INSERT INTO R_OIR VALUES ( 233,231,234,0 );
INSERT INTO R_OIR VALUES ( 151,235,236,0 );
INSERT INTO R_OIR VALUES ( 197,235,237,0 );
INSERT INTO R_OIR VALUES ( 156,238,239,0 );
INSERT INTO R_OIR VALUES ( 41,238,240,0 );
INSERT INTO R_OIR VALUES ( 156,241,242,0 );
INSERT INTO R_OIR VALUES ( 41,241,243,0 );
INSERT INTO R_OIR VALUES ( 197,244,245,0 );
INSERT INTO R_OIR VALUES ( 197,244,246,0 );
INSERT INTO R_OIR VALUES ( 69,68,247,0 );
INSERT INTO R_OIR VALUES ( 233,68,248,0 );
INSERT INTO R_OIR VALUES ( 156,68,249,0 );
INSERT INTO R_OIR VALUES ( 41,68,250,0 );
INSERT INTO R_OIR VALUES ( 41,251,252,0 );
INSERT INTO R_OIR VALUES ( 151,251,253,0 );
INSERT INTO TE_PO VALUES ( 9969344,'UserInterface','UserInterface','BookingProvider','',0,0,0,0,7650400,6,626 );
INSERT INTO TE_PO VALUES ( 9972760,'UserInterface','UserInterface','BookingProvider','',1,0,0,0,7655624,6,4 );
INSERT INTO TE_SM VALUES ( 10671520,1,'HotelComponent_BOOKINGSESSION_STATE_1','HotelComponent_BOOKINGSESSION_StateEventMatrix','HotelComponent_BOOKINGSESSION_acts','StateAction_t','HotelComponent_BOOKINGSESSION_Events_u','HotelComponent_BOOKINGSESSION_xacts',0,'state_name_strings',11,9,409,'HotelComponent_BOOKINGSESSION' );
INSERT INTO TE_SM VALUES ( 10678280,1,'HotelComponent_BOOKINGSESSION_CB_STATE_1','HotelComponent_BOOKINGSESSION_CB_StateEventMatrix','HotelComponent_BOOKINGSESSION_CB_acts','StateAction_t','HotelComponent_BOOKINGSESSION_CB_Events_u','HotelComponent_BOOKINGSESSION_CB_xacts',1,'state_name_strings_CB',1,2,533,'HotelComponent_BOOKINGSESSION' );
INSERT INTO TE_SM VALUES ( 10685040,1,'UserComponent_SIMPLETEST_STATE_1','UserComponent_SIMPLETEST_StateEventMatrix','UserComponent_SIMPLETEST_acts','StateAction_t','UserComponent_SIMPLETEST_Events_u','UserComponent_SIMPLETEST_xacts',0,'state_name_strings',3,2,691,'UserComponent_SIMPLETEST' );
INSERT INTO TE_SM VALUES ( 10691800,0,'','UserComponent_SIMPLETEST_CB_StateEventMatrix','UserComponent_SIMPLETEST_CB_acts','StateAction_t','UserComponent_SIMPLETEST_CB_Events_u','UserComponent_SIMPLETEST_CB_xacts',0,'state_name_strings_CB',0,0,723,'UserComponent_SIMPLETEST' );
INSERT INTO TE_CLASS VALUES ( 7913376,'SimpleTest',1,'SIMPLETEST','','UserComponent_SIMPLETEST','UserComponent_SIMPLETEST_CB',1,0,0,0,0,10,0,1,0,0,1,0,0,'UserComponent_SIMPLETEST_class','UserComponent_SIMPLETEST_CLASS_NUMBER','UserComponent_SIMPLETEST_CLASS_NUMBER_CB','UserComponent_SIMPLETEST_LinkCentral','UserComponent_SIMPLETEST_Dispatch','UserComponent_SIMPLETEST_CBDispatch','%d',',
    self->current_state',7650400,671,0 );
INSERT INTO TE_CLASS VALUES ( 7924400,'Staff',8,'STAFF','','HotelComponent_STAFF','HotelComponent_STAFF_CB',0,0,0,0,0,10,0,0,0,0,1,0,0,'HotelComponent_STAFF_class','HotelComponent_STAFF_CLASS_NUMBER','HotelComponent_STAFF_CLASS_NUMBER_CB','HotelComponent_STAFF_LinkCentral','','','''%s''',',
    self->name',7655624,221,7946448 );
INSERT INTO TE_CLASS VALUES ( 7935424,'Service',1,'SERVICE','','HotelComponent_SERVICE','HotelComponent_SERVICE_CB',0,0,0,0,0,10,0,0,0,0,1,0,0,'HotelComponent_SERVICE_class','HotelComponent_SERVICE_CLASS_NUMBER','HotelComponent_SERVICE_CLASS_NUMBER_CB','HotelComponent_SERVICE_LinkCentral','','','%d,''%s''',',
    self->independent,
    self->description',7655624,156,23165088 );
INSERT INTO TE_CLASS VALUES ( 7946448,'Privilege',9,'PRIVILEGE','','HotelComponent_PRIVILEGE','HotelComponent_PRIVILEGE_CB',0,0,0,0,0,10,0,0,0,0,1,0,0,'HotelComponent_PRIVILEGE_class','HotelComponent_PRIVILEGE_CLASS_NUMBER','HotelComponent_PRIVILEGE_CLASS_NUMBER_CB','HotelComponent_PRIVILEGE_LinkCentral','','','','',7655624,223,0 );
INSERT INTO TE_CLASS VALUES ( 7957472,'PaymentMethod',15,'PAYMENTMETHOD','','HotelComponent_PAYMENTMETHOD','HotelComponent_PAYMENTMETHOD_CB',0,0,0,0,0,10,0,0,0,0,1,0,0,'HotelComponent_PAYMENTMETHOD_class','HotelComponent_PAYMENTMETHOD_CLASS_NUMBER','HotelComponent_PAYMENTMETHOD_CLASS_NUMBER_CB','HotelComponent_PAYMENTMETHOD_LinkCentral','','','','',7655624,182,23198160 );
INSERT INTO TE_CLASS VALUES ( 7968496,'Package',6,'PACKAGE','','HotelComponent_PACKAGE','HotelComponent_PACKAGE_CB',0,0,0,0,0,10,0,0,0,0,1,0,0,'HotelComponent_PACKAGE_class','HotelComponent_PACKAGE_CLASS_NUMBER','HotelComponent_PACKAGE_CLASS_NUMBER_CB','HotelComponent_PACKAGE_LinkCentral','','','','',7655624,233,7990544 );
INSERT INTO TE_CLASS VALUES ( 7979520,'Invoice',17,'INVOICE','','HotelComponent_INVOICE','HotelComponent_INVOICE_CB',0,0,0,0,0,10,0,0,0,0,1,0,0,'HotelComponent_INVOICE_class','HotelComponent_INVOICE_CLASS_NUMBER','HotelComponent_INVOICE_CLASS_NUMBER_CB','HotelComponent_INVOICE_LinkCentral','','','%d',',
    self->sentDate',7655624,194,23176112 );
INSERT INTO TE_CLASS VALUES ( 7990544,'Hotel',7,'HOTEL','','HotelComponent_HOTEL','HotelComponent_HOTEL_CB',0,0,0,0,0,10,0,0,0,0,1,0,0,'HotelComponent_HOTEL_class','HotelComponent_HOTEL_CLASS_NUMBER','HotelComponent_HOTEL_CLASS_NUMBER_CB','HotelComponent_HOTEL_LinkCentral','','','''%s'',''%s''',',
    self->adress,
    self->description',7655624,199,7924400 );
INSERT INTO TE_CLASS VALUES ( 8001568,'Guest',11,'GUEST','','HotelComponent_GUEST','HotelComponent_GUEST_CB',0,0,0,0,0,10,0,0,0,0,1,0,0,'HotelComponent_GUEST_class','HotelComponent_GUEST_CLASS_NUMBER','HotelComponent_GUEST_CLASS_NUMBER_CB','HotelComponent_GUEST_LinkCentral','','','''%s'',%d,%d,%d',',
    self->name,
    self->age,
    self->checkedIn,
    self->checkedOut',7655624,206,23209184 );
INSERT INTO TE_CLASS VALUES ( 8012592,'FacilityType',2,'FACILITYTYPE','','HotelComponent_FACILITYTYPE','HotelComponent_FACILITYTYPE_CB',0,0,0,0,0,10,0,1,0,0,1,0,0,'HotelComponent_FACILITYTYPE_class','HotelComponent_FACILITYTYPE_CLASS_NUMBER','HotelComponent_FACILITYTYPE_CLASS_NUMBER_CB','HotelComponent_FACILITYTYPE_LinkCentral','','','''%s'',%ld',',
    self->approximateArea,
    ((long)self->id & ESCHER_IDDUMP_MASK)',7655624,41,23154064 );
INSERT INTO TE_CLASS VALUES ( 23143040,'FacilityGroup',4,'FACILITYGROUP','','HotelComponent_FACILITYGROUP','HotelComponent_FACILITYGROUP_CB',0,0,0,0,0,10,0,0,0,0,1,0,0,'HotelComponent_FACILITYGROUP_class','HotelComponent_FACILITYGROUP_CLASS_NUMBER','HotelComponent_FACILITYGROUP_CLASS_NUMBER_CB','HotelComponent_FACILITYGROUP_LinkCentral','','','''%s''',',
    self->name',7655624,197,23231232 );
INSERT INTO TE_CLASS VALUES ( 23154064,'Facility',3,'FACILITY','','HotelComponent_FACILITY','HotelComponent_FACILITY_CB',0,0,0,0,0,10,0,1,0,0,1,0,0,'HotelComponent_FACILITY_class','HotelComponent_FACILITY_CLASS_NUMBER','HotelComponent_FACILITY_CLASS_NUMBER_CB','HotelComponent_FACILITY_LinkCentral','','','''%s'',%d,%d',',
    self->facilityID,
    self->checkedIn,
    self->checkedOut',7655624,151,23143040 );
INSERT INTO TE_CLASS VALUES ( 23165088,'Customer',20,'CUSTOMER','','HotelComponent_CUSTOMER','HotelComponent_CUSTOMER_CB',0,0,0,0,0,10,0,0,0,0,1,0,0,'HotelComponent_CUSTOMER_class','HotelComponent_CUSTOMER_CLASS_NUMBER','HotelComponent_CUSTOMER_CLASS_NUMBER_CB','HotelComponent_CUSTOMER_LinkCentral','','','''%s'',%d',',
    self->name,
    self->customerID',7655624,159,23187136 );
INSERT INTO TE_CLASS VALUES ( 23176112,'CreditCard',18,'CREDITCARD','','HotelComponent_CREDITCARD','HotelComponent_CREDITCARD_CB',0,0,0,0,0,10,0,0,0,0,1,0,0,'HotelComponent_CREDITCARD_class','HotelComponent_CREDITCARD_CLASS_NUMBER','HotelComponent_CREDITCARD_CLASS_NUMBER_CB','HotelComponent_CREDITCARD_LinkCentral','','','%d,%d,%d',',
    self->cardNumber,
    self->expirationDate,
    self->cvcCode',7655624,192,23264312 );
INSERT INTO TE_CLASS VALUES ( 23187136,'Club',21,'CLUB','','HotelComponent_CLUB','HotelComponent_CLUB_CB',0,0,0,0,0,10,0,0,0,0,1,0,0,'HotelComponent_CLUB_class','HotelComponent_CLUB_CLASS_NUMBER','HotelComponent_CLUB_CLASS_NUMBER_CB','HotelComponent_CLUB_LinkCentral','','','''%s''',',
    self->clubName',7655624,169,8012592 );
INSERT INTO TE_CLASS VALUES ( 23198160,'Cash',16,'CASH','','HotelComponent_CASH','HotelComponent_CASH_CB',0,0,0,0,0,10,0,0,0,0,1,0,0,'HotelComponent_CASH_class','HotelComponent_CASH_CLASS_NUMBER','HotelComponent_CASH_CLASS_NUMBER_CB','HotelComponent_CASH_LinkCentral','','','','',7655624,190,7979520 );
INSERT INTO TE_CLASS VALUES ( 23209184,'BookingSession',12,'BOOKINGSESSION','','HotelComponent_BOOKINGSESSION','HotelComponent_BOOKINGSESSION_CB',0,0,0,0,0,10,0,1,0,0,1,0,0,'HotelComponent_BOOKINGSESSION_class','HotelComponent_BOOKINGSESSION_CLASS_NUMBER','HotelComponent_BOOKINGSESSION_CLASS_NUMBER_CB','HotelComponent_BOOKINGSESSION_LinkCentral','HotelComponent_BOOKINGSESSION_Dispatch','HotelComponent_BOOKINGSESSION_CBDispatch','%ld,%d',',
    ((long)self->ID & ESCHER_IDDUMP_MASK),
    self->current_state',7655624,15,23253288 );
INSERT INTO TE_CLASS VALUES ( 23220208,'Booking',10,'BOOKING','','HotelComponent_BOOKING','HotelComponent_BOOKING_CB',0,0,0,0,0,10,0,1,0,0,1,0,0,'HotelComponent_BOOKING_class','HotelComponent_BOOKING_CLASS_NUMBER','HotelComponent_BOOKING_CLASS_NUMBER_CB','HotelComponent_BOOKING_LinkCentral','','','%ld',',
    ((long)self->bookingNumber & ESCHER_IDDUMP_MASK)',7655624,135,8001568 );
INSERT INTO TE_CLASS VALUES ( 23231232,'Bookable',5,'BOOKABLE','','HotelComponent_BOOKABLE','HotelComponent_BOOKABLE_CB',0,0,0,0,0,10,0,1,0,0,1,0,0,'HotelComponent_BOOKABLE_class','HotelComponent_BOOKABLE_CLASS_NUMBER','HotelComponent_BOOKABLE_CLASS_NUMBER_CB','HotelComponent_BOOKABLE_LinkCentral','','','%d,''%s'',%ld',',
    self->price,
    self->description,
    ((long)self->id & ESCHER_IDDUMP_MASK)',7655624,69,7968496 );
INSERT INTO TE_CLASS VALUES ( 23242256,'BillingItem',14,'BILLINGITEM','','HotelComponent_BILLINGITEM','HotelComponent_BILLINGITEM_CB',0,0,0,0,0,10,0,0,0,0,1,0,0,'HotelComponent_BILLINGITEM_class','HotelComponent_BILLINGITEM_CLASS_NUMBER','HotelComponent_BILLINGITEM_CLASS_NUMBER_CB','HotelComponent_BILLINGITEM_LinkCentral','','','%d,''%s''',',
    self->cost,
    self->description',7655624,185,7957472 );
INSERT INTO TE_CLASS VALUES ( 23253288,'Billing',13,'BILLING','','HotelComponent_BILLING','HotelComponent_BILLING_CB',0,0,0,0,0,10,0,0,0,0,1,0,0,'HotelComponent_BILLING_class','HotelComponent_BILLING_CLASS_NUMBER','HotelComponent_BILLING_CLASS_NUMBER_CB','HotelComponent_BILLING_LinkCentral','','','%d,%d',',
    self->paymentDate,
    self->isPayed',7655624,178,23242256 );
INSERT INTO TE_CLASS VALUES ( 23264312,'Benefit',19,'BENEFIT','','HotelComponent_BENEFIT','HotelComponent_BENEFIT_CB',0,0,0,0,0,10,0,0,0,0,1,0,0,'HotelComponent_BENEFIT_class','HotelComponent_BENEFIT_CLASS_NUMBER','HotelComponent_BENEFIT_CLASS_NUMBER_CB','HotelComponent_BENEFIT_LinkCentral','','','%d',',
    self->discountPercentage',7655624,166,7935424 );
INSERT INTO TE_PREFIX VALUES ( 'Escher_','','Escher_','','ESCHER_','Escher_','','','','Escher_','pport_','rport_','channel_' );
INSERT INTO TE_SET VALUES ( 'SYS_MAX_CONTAINERS','Escher_Iterator_s','Escher_SetFactoryInit','Escher_InitSet','Escher_CopySet','Escher_ClearSet','Escher_SetInsertElement','Escher_SetInsertInstance','Escher_SetInsertBlock','Escher_SetRemoveElement','Escher_SetRemoveInstance','Escher_SetCardinality','Escher_SetContains','Escher_SetEquality','Escher_SetIsEmpty','Escher_SetGetAny','Escher_IteratorReset','Escher_IteratorNext','Escher_ObjectSet_s','Escher_SetElement_s','','' );
INSERT INTO TE_PERSIST VALUES ( 'sys_persist','','ESCHER_PERSIST_INST_CACHE_DEPTH','ESCHER_PERSIST_LINK_CACHE_DEPTH','check_mark_post','','Escher_link_t','','Escher_PersistFactoryInit','Escher_PersistenceCommit','Escher_PersistenceRestore','Escher_PersistDelete','domainnum','Escher_DomainNumber_t','classnum','Escher_ClassNumber_t','index','Escher_InstanceIndex_t','InstanceIdentifier_t','instance_identifier','s1_t','persist_dirty',1,0 );
INSERT INTO R_RTO VALUES ( 159,158,160,-1 );
INSERT INTO R_RTO VALUES ( 135,137,162,-1 );
INSERT INTO R_RTO VALUES ( 69,164,165,-1 );
INSERT INTO R_RTO VALUES ( 169,168,170,-1 );
INSERT INTO R_RTO VALUES ( 159,172,173,-1 );
INSERT INTO R_RTO VALUES ( 135,175,176,-1 );
INSERT INTO R_RTO VALUES ( 159,175,177,-1 );
INSERT INTO R_RTO VALUES ( 182,180,183,-1 );
INSERT INTO R_RTO VALUES ( 178,184,187,-1 );
INSERT INTO R_RTO VALUES ( 182,188,189,-1 );
INSERT INTO R_RTO VALUES ( 199,196,200,-1 );
INSERT INTO R_RTO VALUES ( 199,201,202,-1 );
INSERT INTO R_RTO VALUES ( 151,204,205,-1 );
INSERT INTO R_RTO VALUES ( 135,208,209,-1 );
INSERT INTO R_RTO VALUES ( 151,211,212,-1 );
INSERT INTO R_RTO VALUES ( 199,214,215,-1 );
INSERT INTO R_RTO VALUES ( 69,217,218,-1 );
INSERT INTO R_RTO VALUES ( 221,220,222,-1 );
INSERT INTO R_RTO VALUES ( 199,225,226,-1 );
INSERT INTO R_RTO VALUES ( 199,228,229,-1 );
INSERT INTO R_RTO VALUES ( 233,231,234,-1 );
INSERT INTO R_RTO VALUES ( 197,235,237,-1 );
INSERT INTO R_RTO VALUES ( 41,238,240,-1 );
INSERT INTO R_RTO VALUES ( 41,241,243,-1 );
INSERT INTO R_RTO VALUES ( 197,244,245,-1 );
INSERT INTO R_RTO VALUES ( 69,68,247,-1 );
INSERT INTO R_RTO VALUES ( 151,251,253,-1 );
INSERT INTO TE_EQ VALUES ( 'EVENT_IS_IGNORED','EVENT_CANT_HAPPEN','Escher_systemxtUMLevents','Escher_xtUML_event_pool','Escher_xtUMLEventConstant_t','Escher_xtUMLEvent_t','mc_event_base','ESCHER_SYS_MAX_XTUML_EVENTS','ESCHER_SYS_MAX_SELF_EVENTS','ESCHER_SYS_MAX_NONSELF_EVENTS','Escher_NewxtUMLEvent','Escher_AllocatextUMLEvent','Escher_DeletextUMLEvent','Escher_ModifyxtUMLEvent','Escher_SendSelfEvent','Escher_SendEvent','Escher_EventSearchAndDestroy','Escher_run_flag','e','' );
INSERT INTO TE_ILB VALUES ( 'sys_ilb','ESCHER_SYS_MAX_INTERLEAVED_BRIDGES','ESCHER_SYS_MAX_INTERLEAVED_BRIDGE_DATA','InterleaveBridge','InterleaveBridgeDone','GetILBData','DispatchInterleaveBridge' );
INSERT INTO TE_THREAD VALUES ( 'sys_thread','Escher_thread_create','Escher_mutex_lock','Escher_mutex_unlock','Escher_nonbusy_wait','Escher_nonbusy_wake','Escher_thread_shutdown',0,'POSIX',0,1,'','AUTOSAR_ENABLED' );
INSERT INTO TE_FILE VALUES ( 'h','c','o','Hotel_sys_main','sys_xtuml','sys_events','sys_nvs','NVS_bridge','sys_sets','Hotel_sys_types','sys_thread','sys_trace','TIM_bridge','sys_user_co','sys_ilb','sys_persist','sys_xtumlload','sysc_interfaces','RegDefs','.','_ch','_ch','_ch','_ch','.','bridge.mark','system.mark','datatype.mark','event.mark','class.mark','domain.mark','sys_functions.arc','mc3020/arc','.' );
INSERT INTO TE_CALLOUT VALUES ( 'sys_user_co','UserInitializationCallout','UserPreOoaInitializationCallout','UserPostOoaInitializationCallout','UserBackgroundProcessingCallout','UserEventCantHappenCallout','UserPreShutdownCallout','UserPostShutdownCallout','UserEventNoInstanceCallout','UserEventFreeListEmptyCallout','UserEmptyHandleDetectedCallout','UserObjectPoolEmptyCallout','UserNodeListEmptyCallout','UserInterleavedBridgeOverflowCallout','UserSelfEventQueueEmptyCallout','UserNonSelfEventQueueEmptyCallout','UserPersistenceErrorCallout' );
INSERT INTO TE_STRING VALUES ( 'Escher_memset','Escher_memmove','Escher_strcpy','Escher_stradd','Escher_strlen','Escher_strcmp','Escher_strget','Escher_itoa','Escher_atoi','ESCHER_SYS_MAX_STRING_LEN','ESCHER_DEBUG_BUFFER_DEPTH' );
INSERT INTO TE_TRACE VALUES ( 'COMP_MSG_START_TRACE','COMP_MSG_END_TRACE','STATE_TXN_START_TRACE','STATE_TXN_END_TRACE','STATE_TXN_IG_TRACE','STATE_TXN_CH_TRACE','OAL_ACTION_TRACE' );
INSERT INTO TE_COPYRIGHT VALUES ( 'your copyright statement can go here (from te_copyright.body)' );
INSERT INTO TE_DMA VALUES ( 'sys_memory','Escher_malloc','Escher_free',0 );
INSERT INTO TE_CONTAINER VALUES ( '' );
INSERT INTO R_RGO VALUES ( 178,175,179 );
INSERT INTO R_RGO VALUES ( 190,188,191 );
INSERT INTO R_RGO VALUES ( 192,188,193 );
INSERT INTO R_RGO VALUES ( 194,188,195 );
INSERT INTO R_RGO VALUES ( 233,68,248 );
INSERT INTO R_RGO VALUES ( 156,68,249 );
INSERT INTO R_RGO VALUES ( 41,68,250 );
INSERT INTO R_RGO VALUES ( 41,251,252 );
INSERT INTO R_RGO VALUES ( 197,244,246 );
INSERT INTO R_RGO VALUES ( 156,241,242 );
INSERT INTO R_RGO VALUES ( 156,238,239 );
INSERT INTO R_RGO VALUES ( 151,235,236 );
INSERT INTO R_RGO VALUES ( 69,231,232 );
INSERT INTO R_RGO VALUES ( 69,228,230 );
INSERT INTO R_RGO VALUES ( 221,225,227 );
INSERT INTO R_RGO VALUES ( 223,220,224 );
INSERT INTO R_RGO VALUES ( 135,217,219 );
INSERT INTO R_RGO VALUES ( 135,214,216 );
INSERT INTO R_RGO VALUES ( 135,211,213 );
INSERT INTO R_RGO VALUES ( 206,208,210 );
INSERT INTO R_RGO VALUES ( 206,204,207 );
INSERT INTO R_RGO VALUES ( 15,201,203 );
INSERT INTO R_RGO VALUES ( 197,196,198 );
INSERT INTO R_RGO VALUES ( 185,184,186 );
INSERT INTO R_RGO VALUES ( 178,180,181 );
INSERT INTO R_RGO VALUES ( 169,172,174 );
INSERT INTO R_RGO VALUES ( 166,168,171 );
INSERT INTO R_RGO VALUES ( 166,164,167 );
INSERT INTO R_RGO VALUES ( 15,137,163 );
INSERT INTO R_RGO VALUES ( 15,158,161 );
INSERT INTO TE_DLIST VALUES ( '','Escher_SetRemoveDlistNode' );
INSERT INTO TE_SLIST VALUES ( '','Escher_SetRemoveNode' );
INSERT INTO TE_TARGET VALUES ( 'C','#ifdef	__cplusplus
extern	"C"	{
#endif','#ifdef	__cplusplus
}
#endif','main' );
INSERT INTO R_SIMP VALUES ( 158 );
INSERT INTO R_SIMP VALUES ( 137 );
INSERT INTO R_SIMP VALUES ( 164 );
INSERT INTO R_SIMP VALUES ( 168 );
INSERT INTO R_SIMP VALUES ( 172 );
INSERT INTO R_SIMP VALUES ( 180 );
INSERT INTO R_SIMP VALUES ( 184 );
INSERT INTO R_SIMP VALUES ( 196 );
INSERT INTO R_SIMP VALUES ( 201 );
INSERT INTO R_SIMP VALUES ( 204 );
INSERT INTO R_SIMP VALUES ( 208 );
INSERT INTO R_SIMP VALUES ( 211 );
INSERT INTO R_SIMP VALUES ( 214 );
INSERT INTO R_SIMP VALUES ( 217 );
INSERT INTO R_SIMP VALUES ( 220 );
INSERT INTO R_SIMP VALUES ( 225 );
INSERT INTO R_SIMP VALUES ( 228 );
INSERT INTO R_SIMP VALUES ( 231 );
INSERT INTO R_SIMP VALUES ( 235 );
INSERT INTO R_SIMP VALUES ( 238 );
INSERT INTO R_SIMP VALUES ( 241 );
INSERT INTO R_SIMP VALUES ( 244 );
INSERT INTO R_SIMP VALUES ( 251 );
INSERT INTO TE_RELINFO VALUES ( 0,0,0,0,0,0,0,0,'',0,0,0,0 );
INSERT INTO TE_RELSTORE VALUES ( '','','',0,'','self' );
INSERT INTO TE_INSTANCE VALUES ( 'Escher_CreateInstance','Escher_CreatePersistent','Escher_DeleteInstance','Escher_DeletePersistent','self','Escher_GetSelf','Escher_InstanceBase_t','Escher_iHandle_t','Escher_ClassFactoryInit','Escher_Object_s','ESCHER_SYS_MAX_OBJECT_EXTENT','ESCHER_SYS_MAX_ASSOCIATION_EXTENT','ESCHER_SYS_MAX_TRANSIENT_EXTENT','current_state','','Escher_GetDCI','Escher_GetEventDispatcher','Escher_GetThreadAssignment','' );
INSERT INTO TE_TIM VALUES ( 'ESCHER_SYS_MAX_XTUML_TIMERS',0,1,0,'ETimer_t','','' );
INSERT INTO TE_TYPEMAP VALUES ( 'Escher_InstanceIndex_t','u2_t','Escher_ClassSize_t','u2_t','Escher_ClassNumber_t','u2_t','Escher_StateNumber_t','u1_t','Escher_DomainNumber_t','u1_t','Escher_EventNumber_t','u1_t','Escher_EventPriority_t','u1_t','Escher_EventFlags_t','u1_t','Escher_PolyEventRC_t','u1_t','Escher_SEMcell_t','u2_t','','','' );
INSERT INTO TE_EXTENT VALUES ( 'Escher_ObjectSet_s','Escher_Extent_t','active','inactive','','Escher_ClassSize_t','size','Escher_StateNumber_t','initial_state','Escher_SetElement_s*','container','Escher_iHandle_t','pool','Escher_InstanceIndex_t','population','Escher_ClassSize_t','size_no_rel','link_function' );
INSERT INTO TE_PAR VALUES ( 'message',0,'',0,710,9771308 );
INSERT INTO TE_PAR VALUES ( 'message',0,'',0,704,9771308 );
INSERT INTO TE_PAR VALUES ( 'message',0,'',0,697,9771308 );
INSERT INTO TE_PAR VALUES ( 'message',0,'',0,687,9771308 );
INSERT INTO TE_PAR VALUES ( 'message',0,'',0,673,9771308 );
INSERT INTO TE_PAR VALUES ( 'message',0,'',0,656,9771308 );
INSERT INTO TE_PAR VALUES ( 'sessionID',0,'',0,551,23611432 );
INSERT INTO TE_PAR VALUES ( 'message',0,'',0,424,9771308 );
INSERT INTO TE_PAR VALUES ( 'message',0,'',0,139,23620048 );
INSERT INTO TE_PAR VALUES ( 'message',0,'',0,138,9771308 );
INSERT INTO TE_PAR VALUES ( 'message',0,'',0,89,23615740 );
INSERT INTO TE_PAR VALUES ( 'independent',0,'',3,84,23701916 );
INSERT INTO TE_PAR VALUES ( 'aproximateArea',0,'',0,81,23706224 );
INSERT INTO TE_PAR VALUES ( 'description',0,'',1,78,23710532 );
INSERT INTO TE_PAR VALUES ( 'price',0,'',4,74,23714840 );
INSERT INTO TE_PAR VALUES ( 'id',0,'',2,72,23719148 );
INSERT INTO TE_PAR VALUES ( 'message',0,'',0,61,23615740 );
INSERT INTO TE_PAR VALUES ( 'facilityType',0,'',0,49,23538180 );
INSERT INTO TE_PAR VALUES ( 'toDate',0,'',2,47,23542488 );
INSERT INTO TE_PAR VALUES ( 'fromDate',0,'',1,44,23546796 );
INSERT INTO TE_MACT VALUES ( 7138368,9553568,'UserComponent_UserInterface_session','','UserComponent_UserInterface_session','UserComponent','','UserInterface','BookingProvider','session',1,0,'SPR_RS',0,0,11,0,0,0,664,7650400,9969344,0,0 );
INSERT INTO TE_MACT VALUES ( 7149344,9560384,'UserComponent_UserInterface_requestSession','','UserComponent_UserInterface_requestSession','UserComponent','','UserInterface','BookingProvider','requestSession',0,0,'SPR_RS',0,0,9,0,0,0,661,7650400,9969344,0,9614912 );
INSERT INTO TE_MACT VALUES ( 7160320,9567200,'UserComponent_UserInterface_errorSignal','','UserComponent_UserInterface_errorSignal','UserComponent','','UserInterface','BookingProvider','errorSignal',1,0,'SPR_RS',0,0,5,0,0,0,658,7650400,9969344,0,9608096 );
INSERT INTO TE_MACT VALUES ( 7171296,9574016,'UserComponent_UserInterface_bookingConfirmation','','UserComponent_UserInterface_bookingConfirmation','UserComponent','','UserInterface','BookingProvider','bookingConfirmation',1,0,'SPR_RS',0,0,3,0,0,0,652,7650400,9969344,0,9594464 );
INSERT INTO TE_MACT VALUES ( 7182272,9580832,'UserComponent_UserInterface_paymentInfo','','UserComponent_UserInterface_paymentInfo','UserComponent','','UserInterface','BookingProvider','paymentInfo',0,0,'SPR_RS',0,0,7,0,0,0,649,7650400,9969344,0,27841696 );
INSERT INTO TE_MACT VALUES ( 7193248,9587648,'UserComponent_UserInterface_addGuest','','UserComponent_UserInterface_addGuest','UserComponent','','UserInterface','BookingProvider','addGuest',0,0,'SPR_RS',0,0,0,0,0,0,646,7650400,9969344,0,9601280 );
INSERT INTO TE_MACT VALUES ( 7204224,9594464,'UserComponent_UserInterface_customerDetails','','UserComponent_UserInterface_customerDetails','UserComponent','','UserInterface','BookingProvider','customerDetails',0,0,'SPR_RS',0,0,4,0,0,0,643,7650400,9969344,0,9567200 );
INSERT INTO TE_MACT VALUES ( 7215200,9601280,'UserComponent_UserInterface_addServices','','UserComponent_UserInterface_addServices','UserComponent','','UserInterface','BookingProvider','addServices',0,0,'SPR_RS',0,0,1,0,0,0,640,7650400,9969344,0,27834880 );
INSERT INTO TE_MACT VALUES ( 7226176,9608096,'UserComponent_UserInterface_extraServices','','UserComponent_UserInterface_extraServices','UserComponent','','UserInterface','BookingProvider','extraServices',1,0,'SPR_RS',0,0,6,0,0,0,637,7650400,9969344,0,9580832 );
INSERT INTO TE_MACT VALUES ( 7237152,9614912,'UserComponent_UserInterface_select','','UserComponent_UserInterface_select','UserComponent','','UserInterface','BookingProvider','select',0,0,'SPR_RS',0,0,10,0,0,0,634,7650400,9969344,0,9553568 );
INSERT INTO TE_MACT VALUES ( 27903048,27834880,'UserComponent_UserInterface_available','','UserComponent_UserInterface_available','UserComponent','','UserInterface','BookingProvider','available',1,0,'SPR_RS',0,0,2,0,0,0,631,7650400,9969344,0,9574016 );
INSERT INTO TE_MACT VALUES ( 27914024,27841696,'UserComponent_UserInterface_requestAvailableBookables','','UserComponent_UserInterface_requestAvailableBookables','UserComponent','','UserInterface','BookingProvider','requestAvailableBookables',0,0,'SPR_RS',0,0,8,0,0,0,628,7650400,9969344,0,9560384 );
INSERT INTO TE_MACT VALUES ( 27925000,27848512,'HotelComponent_UserInterface_session','','HotelComponent_UserInterface_session','HotelComponent','sessionID:session.ID','UserInterface','BookingProvider','session',1,1,'SPR_PS',0,0,11,0,145,0,0,7655624,9972760,0,0 );
INSERT INTO TE_MACT VALUES ( 27935976,27855328,'HotelComponent_UserInterface_requestSession','','HotelComponent_UserInterface_requestSession','HotelComponent','','UserInterface','BookingProvider','requestSession',0,1,'SPR_PS',0,0,9,0,124,0,0,7655624,9972760,45753280,28819648 );
INSERT INTO TE_MACT VALUES ( 27946952,27862144,'HotelComponent_UserInterface_errorSignal','','HotelComponent_UserInterface_errorSignal','HotelComponent','message:No rooms found','UserInterface','BookingProvider','errorSignal',1,1,'SPR_PS',0,0,5,0,60,0,0,7655624,9972760,0,28812832 );
INSERT INTO TE_MACT VALUES ( 27957928,27868960,'HotelComponent_UserInterface_bookingConfirmation','','HotelComponent_UserInterface_bookingConfirmation','HotelComponent','message:Hej','UserInterface','BookingProvider','bookingConfirmation',1,1,'SPR_PS',0,0,3,0,117,0,0,7655624,9972760,0,27889408 );
INSERT INTO TE_MACT VALUES ( 27968904,27875776,'HotelComponent_UserInterface_paymentInfo','','HotelComponent_UserInterface_paymentInfo','HotelComponent','','UserInterface','BookingProvider','paymentInfo',0,1,'SPR_PS',0,0,7,0,113,0,0,7655624,9972760,0,28833280 );
INSERT INTO TE_MACT VALUES ( 27979880,27882592,'HotelComponent_UserInterface_addGuest','','HotelComponent_UserInterface_addGuest','HotelComponent','','UserInterface','BookingProvider','addGuest',0,1,'SPR_PS',0,0,0,0,109,0,0,7655624,9972760,0,27896224 );
INSERT INTO TE_MACT VALUES ( 27990856,27889408,'HotelComponent_UserInterface_customerDetails','','HotelComponent_UserInterface_customerDetails','HotelComponent','','UserInterface','BookingProvider','customerDetails',0,1,'SPR_PS',0,0,4,0,105,0,0,7655624,9972760,0,27862144 );
INSERT INTO TE_MACT VALUES ( 28001832,27896224,'HotelComponent_UserInterface_addServices','','HotelComponent_UserInterface_addServices','HotelComponent','','UserInterface','BookingProvider','addServices',0,1,'SPR_PS',0,0,1,0,101,0,0,7655624,9972760,0,28826464 );
INSERT INTO TE_MACT VALUES ( 28881000,28812832,'HotelComponent_UserInterface_extraServices','','HotelComponent_UserInterface_extraServices','HotelComponent','','UserInterface','BookingProvider','extraServices',1,1,'SPR_PS',0,0,6,0,97,0,0,7655624,9972760,0,27875776 );
INSERT INTO TE_MACT VALUES ( 28891976,28819648,'HotelComponent_UserInterface_select','','HotelComponent_UserInterface_select','HotelComponent','','UserInterface','BookingProvider','select',0,1,'SPR_PS',0,0,10,0,93,0,0,7655624,9972760,0,27848512 );
INSERT INTO TE_MACT VALUES ( 28902952,28826464,'HotelComponent_UserInterface_available','','HotelComponent_UserInterface_available','HotelComponent','aproximateArea:ft.approximateArea, description:b.description, id:ft.id, independent:FALSE, price:b.price','UserInterface','BookingProvider','available',1,1,'SPR_PS',0,0,2,0,70,0,0,7655624,9972760,0,27868960 );
INSERT INTO TE_MACT VALUES ( 28913928,28833280,'HotelComponent_UserInterface_requestAvailableBookables','','HotelComponent_UserInterface_requestAvailableBookables','HotelComponent','','UserInterface','BookingProvider','requestAvailableBookables',0,1,'SPR_PS',0,0,8,0,7,0,0,7655624,9972760,0,27855328 );
INSERT INTO R_PART VALUES ( 159,158,160,0,0,'' );
INSERT INTO R_PART VALUES ( 135,137,162,0,0,'' );
INSERT INTO R_PART VALUES ( 69,164,165,1,0,'' );
INSERT INTO R_PART VALUES ( 169,168,170,0,0,'' );
INSERT INTO R_PART VALUES ( 159,172,173,1,1,'is_member_of' );
INSERT INTO R_PART VALUES ( 182,180,183,0,0,'' );
INSERT INTO R_PART VALUES ( 178,184,187,0,0,'' );
INSERT INTO R_PART VALUES ( 199,196,200,0,0,'' );
INSERT INTO R_PART VALUES ( 199,201,202,0,0,'' );
INSERT INTO R_PART VALUES ( 151,204,205,1,0,'' );
INSERT INTO R_PART VALUES ( 135,208,209,1,0,'' );
INSERT INTO R_PART VALUES ( 151,211,212,1,1,'' );
INSERT INTO R_PART VALUES ( 199,214,215,0,0,'remembers_all' );
INSERT INTO R_PART VALUES ( 69,217,218,1,0,'' );
INSERT INTO R_PART VALUES ( 221,220,222,1,0,'is_assigned' );
INSERT INTO R_PART VALUES ( 199,225,226,0,0,'employ' );
INSERT INTO R_PART VALUES ( 199,228,229,0,0,'provides' );
INSERT INTO R_PART VALUES ( 233,231,234,0,0,'contains' );
INSERT INTO R_PART VALUES ( 197,235,237,0,0,'contains' );
INSERT INTO R_PART VALUES ( 41,238,240,0,0,'can_be_complemented_with' );
INSERT INTO R_PART VALUES ( 41,241,243,0,0,'includes' );
INSERT INTO R_PART VALUES ( 197,244,245,0,0,'has' );
INSERT INTO R_PART VALUES ( 151,251,253,0,0,'' );
INSERT INTO TE_IIR VALUES ( 9207520,'UserComponent','UserInterface','BookingProvider',0,'','',0,627,9969344,0 );
INSERT INTO TE_IIR VALUES ( 9211776,'','UserInterface','BookingProvider',0,'','',786,0,9969344,0 );
INSERT INTO TE_IIR VALUES ( 9216032,'HotelComponent','UserInterface','BookingProvider',0,'','',0,5,9972760,9207520 );
INSERT INTO TE_IIR VALUES ( 9220288,'','UserInterface','BookingProvider',0,'','',789,0,9972760,9211776 );
INSERT INTO TE_DCI VALUES ( 7650400,'UserComponent_CLASS_NUMBERS','UserComponent_CLASS_U','UserComponent_task_numbers','UserComponent_TASK_NUMBERS','UserComponent_MAX_CLASS_NUMBERS','UserComponent_STATE_MODELS','UserComponent_CLASS_INFO_INIT','UserComponent_class_info' );
INSERT INTO TE_DCI VALUES ( 7655624,'HotelComponent_CLASS_NUMBERS','HotelComponent_CLASS_U','HotelComponent_task_numbers','HotelComponent_TASK_NUMBERS','HotelComponent_MAX_CLASS_NUMBERS','HotelComponent_STATE_MODELS','HotelComponent_CLASS_INFO_INIT','HotelComponent_class_info' );
INSERT INTO TE_CIA VALUES ( 'domain_class_info','Escher_Extent_t','active_count','domain_class_count','Escher_ClassNumber_t' );
INSERT INTO R_FORM VALUES ( 41,251,252,1,0,'is_instance_of' );
INSERT INTO R_FORM VALUES ( 197,244,246,1,1,'in group' );
INSERT INTO R_FORM VALUES ( 156,241,242,1,0,'' );
INSERT INTO R_FORM VALUES ( 156,238,239,1,0,'' );
INSERT INTO R_FORM VALUES ( 151,235,236,1,1,'' );
INSERT INTO R_FORM VALUES ( 69,231,232,1,0,'members' );
INSERT INTO R_FORM VALUES ( 69,228,230,1,0,'' );
INSERT INTO R_FORM VALUES ( 221,225,227,1,0,'works_at' );
INSERT INTO R_FORM VALUES ( 223,220,224,1,0,'privileges' );
INSERT INTO R_FORM VALUES ( 135,217,219,1,0,'' );
INSERT INTO R_FORM VALUES ( 135,214,216,1,1,'' );
INSERT INTO R_FORM VALUES ( 135,211,213,1,1,'is_booked_in' );
INSERT INTO R_FORM VALUES ( 206,208,210,1,0,'use' );
INSERT INTO R_FORM VALUES ( 206,204,207,1,0,'stays_in' );
INSERT INTO R_FORM VALUES ( 15,201,203,1,0,'' );
INSERT INTO R_FORM VALUES ( 197,196,198,1,0,'' );
INSERT INTO R_FORM VALUES ( 185,184,186,1,0,'' );
INSERT INTO R_FORM VALUES ( 178,180,181,1,1,'' );
INSERT INTO R_FORM VALUES ( 169,172,174,1,1,'' );
INSERT INTO R_FORM VALUES ( 166,168,171,1,1,'' );
INSERT INTO R_FORM VALUES ( 166,164,167,1,0,'affects_price_of' );
INSERT INTO R_FORM VALUES ( 15,137,163,0,0,'' );
INSERT INTO R_FORM VALUES ( 15,158,161,0,0,'' );
INSERT INTO R_ASSOC VALUES ( 175 );
INSERT INTO R_AONE VALUES ( 159,175,177,0,0,'makes_a' );
INSERT INTO TE_BLK VALUES ( 781,0,'','',1,'  ',0 );
INSERT INTO TE_BLK VALUES ( 776,0,'','',1,'  ',0 );
INSERT INTO TE_BLK VALUES ( 771,0,'','',1,'  ',0 );
INSERT INTO TE_BLK VALUES ( 766,0,'','',1,'  ',0 );
INSERT INTO TE_BLK VALUES ( 763,0,'','',1,'  ',0 );
INSERT INTO TE_BLK VALUES ( 759,0,'','',1,'  ',0 );
INSERT INTO TE_BLK VALUES ( 722,0,'','',1,'  ',0 );
INSERT INTO TE_BLK VALUES ( 718,0,'','',1,'  ',0 );
INSERT INTO TE_BLK VALUES ( 714,0,'','',1,'  ',0 );
INSERT INTO TE_BLK VALUES ( 708,709,'','',1,'  ',0 );
INSERT INTO TE_BLK VALUES ( 701,702,'','',1,'  ',0 );
INSERT INTO TE_BLK VALUES ( 695,696,'','',1,'  ',0 );
INSERT INTO TE_BLK VALUES ( 681,682,'UserComponent_SIMPLETEST * st;','',1,'  ',0 );
INSERT INTO TE_BLK VALUES ( 666,667,'UserComponent_SIMPLETEST * st=0;','',1,'  ',0 );
INSERT INTO TE_BLK VALUES ( 663,0,'','',1,'  ',0 );
INSERT INTO TE_BLK VALUES ( 660,0,'','',1,'  ',0 );
INSERT INTO TE_BLK VALUES ( 654,655,'','',1,'  ',0 );
INSERT INTO TE_BLK VALUES ( 651,0,'','',1,'  ',0 );
INSERT INTO TE_BLK VALUES ( 648,0,'','',1,'  ',0 );
INSERT INTO TE_BLK VALUES ( 645,0,'','',1,'  ',0 );
INSERT INTO TE_BLK VALUES ( 642,0,'','',1,'  ',0 );
INSERT INTO TE_BLK VALUES ( 639,0,'','',1,'  ',0 );
INSERT INTO TE_BLK VALUES ( 636,0,'','',1,'  ',0 );
INSERT INTO TE_BLK VALUES ( 633,0,'','',1,'  ',0 );
INSERT INTO TE_BLK VALUES ( 630,0,'','',1,'  ',0 );
INSERT INTO TE_BLK VALUES ( 611,0,'','',1,'  ',0 );
INSERT INTO TE_BLK VALUES ( 608,0,'','',1,'  ',0 );
INSERT INTO TE_BLK VALUES ( 604,0,'','',1,'  ',0 );
INSERT INTO TE_BLK VALUES ( 600,0,'','',1,'  ',0 );
INSERT INTO TE_BLK VALUES ( 596,0,'','',1,'  ',0 );
INSERT INTO TE_BLK VALUES ( 592,0,'','',1,'  ',0 );
INSERT INTO TE_BLK VALUES ( 582,0,'','',1,'  ',0 );
INSERT INTO TE_BLK VALUES ( 577,0,'','',1,'  ',0 );
INSERT INTO TE_BLK VALUES ( 543,544,'HotelComponent_BOOKING * booking;HotelComponent_BOOKINGSESSION * session;','',1,'  ',0 );
INSERT INTO TE_BLK VALUES ( 539,0,'','',1,'  ',0 );
INSERT INTO TE_BLK VALUES ( 532,0,'','',1,'  ',0 );
INSERT INTO TE_BLK VALUES ( 528,0,'','',1,'  ',0 );
INSERT INTO TE_BLK VALUES ( 524,0,'','',1,'  ',0 );
INSERT INTO TE_BLK VALUES ( 520,0,'','',1,'  ',0 );
INSERT INTO TE_BLK VALUES ( 516,0,'','',1,'  ',0 );
INSERT INTO TE_BLK VALUES ( 512,0,'','',1,'  ',0 );
INSERT INTO TE_BLK VALUES ( 508,0,'','',1,'  ',0 );
INSERT INTO TE_BLK VALUES ( 504,0,'','',1,'  ',0 );
INSERT INTO TE_BLK VALUES ( 500,0,'','',1,'  ',0 );
INSERT INTO TE_BLK VALUES ( 496,0,'','',1,'  ',0 );
INSERT INTO TE_BLK VALUES ( 492,0,'','',1,'  ',0 );
INSERT INTO TE_BLK VALUES ( 488,0,'','',1,'  ',0 );
INSERT INTO TE_BLK VALUES ( 484,0,'','',1,'  ',0 );
INSERT INTO TE_BLK VALUES ( 480,0,'','',1,'  ',0 );
INSERT INTO TE_BLK VALUES ( 476,0,'','',1,'  ',0 );
INSERT INTO TE_BLK VALUES ( 472,0,'','',1,'  ',0 );
INSERT INTO TE_BLK VALUES ( 468,0,'','',1,'  ',0 );
INSERT INTO TE_BLK VALUES ( 464,0,'','',1,'  ',0 );
INSERT INTO TE_BLK VALUES ( 460,0,'','',1,'  ',0 );
INSERT INTO TE_BLK VALUES ( 456,0,'','',1,'  ',0 );
INSERT INTO TE_BLK VALUES ( 452,0,'','',1,'  ',0 );
INSERT INTO TE_BLK VALUES ( 448,0,'','',1,'  ',0 );
INSERT INTO TE_BLK VALUES ( 444,0,'','',1,'  ',0 );
INSERT INTO TE_BLK VALUES ( 440,0,'','',1,'  ',0 );
INSERT INTO TE_BLK VALUES ( 436,0,'','',1,'  ',0 );
INSERT INTO TE_BLK VALUES ( 432,0,'','',1,'  ',0 );
INSERT INTO TE_BLK VALUES ( 428,0,'','',1,'  ',0 );
INSERT INTO TE_BLK VALUES ( 422,423,'','',1,'  ',0 );
INSERT INTO TE_BLK VALUES ( 400,401,'Escher_ObjectSet_s b_space={0}; Escher_ObjectSet_s * b = &b_space;','Escher_ClearSet( b );',1,'  ',0 );
INSERT INTO TE_BLK VALUES ( 395,0,'','',1,'  ',0 );
INSERT INTO TE_BLK VALUES ( 392,0,'','',1,'  ',0 );
INSERT INTO TE_BLK VALUES ( 388,0,'','',1,'  ',0 );
INSERT INTO TE_BLK VALUES ( 384,0,'','',1,'  ',0 );
INSERT INTO TE_BLK VALUES ( 379,0,'','',1,'  ',0 );
INSERT INTO TE_BLK VALUES ( 366,0,'','',1,'  ',0 );
INSERT INTO TE_BLK VALUES ( 363,0,'','',1,'  ',0 );
INSERT INTO TE_BLK VALUES ( 359,0,'','',1,'  ',0 );
INSERT INTO TE_BLK VALUES ( 355,0,'','',1,'  ',0 );
INSERT INTO TE_BLK VALUES ( 352,0,'','',1,'  ',0 );
INSERT INTO TE_BLK VALUES ( 337,338,'i_t i;','',1,'  ',0 );
INSERT INTO TE_BLK VALUES ( 334,0,'','',1,'  ',0 );
INSERT INTO TE_BLK VALUES ( 324,0,'','',1,'  ',0 );
INSERT INTO TE_BLK VALUES ( 322,0,'','',1,'  ',0 );
INSERT INTO TE_BLK VALUES ( 257,258,'HotelComponent_FACILITY * f3;HotelComponent_FACILITY * f2;HotelComponent_FACILITY * f1;HotelComponent_BOOKABLE * b;HotelComponent_FACILITYTYPE * ft;','',1,'  ',0 );
INSERT INTO TE_BLK VALUES ( 148,0,'','',1,'  ',0 );
INSERT INTO TE_BLK VALUES ( 127,128,'HotelComponent_BOOKING * booking;HotelComponent_BOOKINGSESSION * session;','',1,'  ',0 );
INSERT INTO TE_BLK VALUES ( 123,0,'','',1,'  ',0 );
INSERT INTO TE_BLK VALUES ( 120,0,'','',1,'  ',0 );
INSERT INTO TE_BLK VALUES ( 116,0,'','',1,'  ',0 );
INSERT INTO TE_BLK VALUES ( 112,0,'','',1,'  ',0 );
INSERT INTO TE_BLK VALUES ( 108,0,'','',1,'  ',0 );
INSERT INTO TE_BLK VALUES ( 104,0,'','',1,'  ',0 );
INSERT INTO TE_BLK VALUES ( 100,0,'','',1,'  ',0 );
INSERT INTO TE_BLK VALUES ( 96,0,'','',1,'  ',0 );
INSERT INTO TE_BLK VALUES ( 92,0,'','',1,'  ',0 );
INSERT INTO TE_BLK VALUES ( 19,88,'','',2,'    ',0 );
INSERT INTO TE_BLK VALUES ( 38,63,'HotelComponent_BOOKABLE * b=0;','',2,'    ',0 );
INSERT INTO TE_BLK VALUES ( 36,59,'','',2,'    ',0 );
INSERT INTO TE_BLK VALUES ( 16,31,'HotelComponent_FACILITYTYPE * ft=0;Escher_ObjectSet_s result_space={0}; Escher_ObjectSet_s * result = &result_space;','Escher_ClearSet( result );',2,'    ',0 );
INSERT INTO TE_BLK VALUES ( 10,11,'HotelComponent_BOOKINGSESSION * session=0;','',1,'  ',0 );
INSERT INTO TE_LNK VALUES ( 9485824,0,'',2,'->BOOKABLE[R2]','',0,67,'BOOKABLE_R2','iBOOKABLE_R2','ft','HotelComponent_BOOKABLE',1,1,'subsuper' );
INSERT INTO TE_ASSIGN VALUES ( 1,0,'','Escher_ObjectSet_s * result',21,'result','HotelComponent_BOOKINGSESSION_op_search(session, p_facilityType, p_fromDate, p_toDate)',7256960,0 );
INSERT INTO TE_BRIDGE VALUES ( '','',7633408 );
INSERT INTO TE_CREATE_EVENT VALUES ( 0,0,'','','','','','',8041184 );
INSERT INTO TE_CREATE_INSTANCE VALUES ( 0,0,'','',8091840 );
INSERT INTO R_AOTH VALUES ( 135,175,176,0,0,'' );
INSERT INTO TE_DELETE_INSTANCE VALUES ( 0,'',0,8185024 );
INSERT INTO TE_ELIF VALUES ( '',8347296 );
INSERT INTO TE_EVENT_PARAMETERS VALUES ( '','','','',8549600 );
INSERT INTO TE_FOR VALUES ( 1,'HotelComponent_FACILITYTYPE','ft','result',9046304 );
INSERT INTO TE_FUNCTION VALUES ( '','',9071744 );
INSERT INTO TE_GENERATE VALUES ( 0,0,'','','','',9088736 );
INSERT INTO TE_GENERATE_CREATOR_EVENT VALUES ( 0,0,'','','','',9122592 );
INSERT INTO TE_GENERATE_PRECREATED_EVENT VALUES ( 0,'',9156448 );
INSERT INTO TE_GENERATE_TO_CLASS VALUES ( 0,0,'','','','',9165088 );
INSERT INTO R_ASSR VALUES ( 178,175,179,0 );
INSERT INTO TE_IF VALUES ( '',9198944 );
INSERT INTO TE_IOP VALUES ( '','',9468832 );
INSERT INTO TE_OPERATION VALUES ( 0,'','','',9681568 );
INSERT INTO TE_RELATE VALUES ( 0,0,0,0,0,'','','',10113664 );
INSERT INTO TE_RELATE_USING VALUES ( 0,0,0,0,0,0,'','','','','','',10139264 );
INSERT INTO TE_RETURN VALUES ( '','','',10241088 );
INSERT INTO TE_SELECT VALUES ( 0,1,'HotelComponent_FACILITYTYPE','FacilityType','','many','b',10266464 );
INSERT INTO TE_SELECT_RELATED VALUES ( 63,9485824,66,0,39,0,0,'','','one',1,'b','b',0,'ft','ft','HotelComponent_FACILITYTYPE' );
INSERT INTO TE_SELECT_WHERE VALUES ( 0,1,'HotelComponent_BOOKINGSESSION','BookingSession','','any','session','selected','( selected->ID == p_sessionID )',0,0,10376608 );
INSERT INTO TE_SGN VALUES ( 0,0,'','','','',10620704 );
INSERT INTO R_SUBSUP VALUES ( 188 );
INSERT INTO R_SUBSUP VALUES ( 68 );
INSERT INTO TE_UNRELATE VALUES ( 0,0,0,0,0,'','','',11457056 );
INSERT INTO R_SUPER VALUES ( 182,188,189 );
INSERT INTO R_SUPER VALUES ( 69,68,247 );
INSERT INTO TE_UNRELATE_USING VALUES ( 0,0,0,0,0,0,'','','','','','',11482656 );
INSERT INTO R_SUB VALUES ( 190,188,191 );
INSERT INTO R_SUB VALUES ( 192,188,193 );
INSERT INTO R_SUB VALUES ( 194,188,195 );
INSERT INTO R_SUB VALUES ( 233,68,248 );
INSERT INTO R_SUB VALUES ( 156,68,249 );
INSERT INTO R_SUB VALUES ( 41,68,250 );
INSERT INTO TE_WHILE VALUES ( '',11593344 );
INSERT INTO I_LNK VALUES ( 371,137,369,372,0 );
INSERT INTO I_AVL VALUES ( 369,135,367,'2','bookingNumber = 2' );
INSERT INTO I_AVL VALUES ( 372,15,24,'1','ID = 1' );
INSERT INTO I_INS VALUES ( 369,'',0,0,318,0,368,':Booking','' );
INSERT INTO I_INS VALUES ( 372,'',409,419,318,0,557,':BookingSession','' );
INSERT INTO I_INS VALUES ( 726,'',691,705,725,719,724,'1:SimpleTest','1' );
INSERT INTO I_LIP VALUES ( 137,369,'R26' );
INSERT INTO I_LIP VALUES ( 175,369,'R22' );
INSERT INTO I_LIP VALUES ( 208,369,'R15' );
INSERT INTO I_LIP VALUES ( 211,369,'R14' );
INSERT INTO I_LIP VALUES ( 214,369,'R13' );
INSERT INTO I_LIP VALUES ( 217,369,'R12' );
INSERT INTO I_LIP VALUES ( 158,372,'R27' );
INSERT INTO I_LIP VALUES ( 137,372,'R26' );
INSERT INTO I_LIP VALUES ( 201,372,'R17' );
INSERT INTO CSME_CIE VALUES ( 317,318,166,149,'Benefit' );
INSERT INTO CSME_CIE VALUES ( 327,318,178,149,'Billing' );
INSERT INTO CSME_CIE VALUES ( 330,318,185,149,'BillingItem' );
INSERT INTO CSME_CIE VALUES ( 346,318,69,149,'Bookable' );
INSERT INTO CSME_CIE VALUES ( 368,318,135,149,'Booking' );
INSERT INTO CSME_CIE VALUES ( 557,318,15,149,'BookingSession' );
INSERT INTO CSME_CIE VALUES ( 559,318,190,149,'Cash' );
INSERT INTO CSME_CIE VALUES ( 561,318,169,149,'Club' );
INSERT INTO CSME_CIE VALUES ( 566,318,192,149,'CreditCard' );
INSERT INTO CSME_CIE VALUES ( 569,318,159,149,'Customer' );
INSERT INTO CSME_CIE VALUES ( 572,318,151,149,'Facility' );
INSERT INTO CSME_CIE VALUES ( 574,318,197,149,'FacilityGroup' );
INSERT INTO CSME_CIE VALUES ( 578,318,41,149,'FacilityType' );
INSERT INTO CSME_CIE VALUES ( 587,318,206,149,'Guest' );
INSERT INTO CSME_CIE VALUES ( 614,318,199,149,'Hotel' );
INSERT INTO CSME_CIE VALUES ( 616,318,194,149,'Invoice' );
INSERT INTO CSME_CIE VALUES ( 617,318,233,149,'Package' );
INSERT INTO CSME_CIE VALUES ( 618,318,182,149,'PaymentMethod' );
INSERT INTO CSME_CIE VALUES ( 619,318,223,149,'Privilege' );
INSERT INTO CSME_CIE VALUES ( 622,318,156,149,'Service' );
INSERT INTO CSME_CIE VALUES ( 624,318,221,149,'Staff' );
INSERT INTO CSME_CIE VALUES ( 724,725,671,677,'SimpleTest' );
INSERT INTO S_IRDT VALUES ( 150,1,151 );
INSERT INTO S_IRDT VALUES ( 152,0,151 );
INSERT INTO S_IRDT VALUES ( 153,1,135 );
INSERT INTO S_IRDT VALUES ( 142,0,135 );
INSERT INTO S_IRDT VALUES ( 154,1,69 );
INSERT INTO S_IRDT VALUES ( 76,0,69 );
INSERT INTO S_IRDT VALUES ( 42,1,41 );
INSERT INTO S_IRDT VALUES ( 55,0,41 );
INSERT INTO S_IRDT VALUES ( 155,1,156 );
INSERT INTO S_IRDT VALUES ( 157,0,156 );
INSERT INTO S_IRDT VALUES ( 674,0,671 );
INSERT INTO S_IRDT VALUES ( 678,1,671 );
INSERT INTO S_EE VALUES ( 755,'Logging','','LOG',0,'','Logging' );
INSERT INTO C_C VALUES ( 3,0,0,'HotelComponent','',0,0,0,'' );
INSERT INTO C_C VALUES ( 625,0,0,'UserComponent','',0,0,0,'' );
INSERT INTO C_I VALUES ( 6,0,'BookingProvider','' );
INSERT INTO C_P VALUES ( 5,'BookingProvider','Unnamed Interface','','HotelComponent::UserInterface::BookingProvider' );
INSERT INTO C_R VALUES ( 627,'BookingProvider','','Unnamed Interface','UserComponent::UserInterface::BookingProvider' );
INSERT INTO C_EP VALUES ( 8,6,-1,'requestAvailableBookables','' );
INSERT INTO C_EP VALUES ( 90,6,-1,'available','' );
INSERT INTO C_EP VALUES ( 94,6,-1,'select','' );
INSERT INTO C_EP VALUES ( 98,6,-1,'extraServices','' );
INSERT INTO C_EP VALUES ( 102,6,-1,'addServices','' );
INSERT INTO C_EP VALUES ( 106,6,-1,'customerDetails','' );
INSERT INTO C_EP VALUES ( 110,6,-1,'addGuest','' );
INSERT INTO C_EP VALUES ( 114,6,-1,'paymentInfo','' );
INSERT INTO C_EP VALUES ( 118,6,-1,'bookingConfirmation','' );
INSERT INTO C_EP VALUES ( 121,6,-1,'errorSignal','' );
INSERT INTO C_EP VALUES ( 125,6,-1,'requestSession','' );
INSERT INTO C_EP VALUES ( 146,6,-1,'session','' );
INSERT INTO C_AS VALUES ( 8,'requestAvailableBookables','',0,0 );
INSERT INTO C_AS VALUES ( 90,'available','',1,8 );
INSERT INTO C_AS VALUES ( 94,'select','',0,90 );
INSERT INTO C_AS VALUES ( 98,'extraServices','',1,94 );
INSERT INTO C_AS VALUES ( 102,'addServices','',0,98 );
INSERT INTO C_AS VALUES ( 106,'customerDetails','',0,102 );
INSERT INTO C_AS VALUES ( 110,'addGuest','',0,106 );
INSERT INTO C_AS VALUES ( 114,'paymentInfo','',0,110 );
INSERT INTO C_AS VALUES ( 118,'bookingConfirmation','',1,114 );
INSERT INTO C_AS VALUES ( 121,'errorSignal','',1,118 );
INSERT INTO C_AS VALUES ( 125,'requestSession','',0,121 );
INSERT INTO C_AS VALUES ( 146,'session','',1,125 );
INSERT INTO C_SF VALUES ( 787,627,5,'','HotelComponent::UserInterface::BookingProvider -o)- UserComponent::UserInterface::BookingProvider' );
INSERT INTO C_PP VALUES ( 27,8,23,'sessionID','',0,'',46 );
INSERT INTO C_PP VALUES ( 46,8,45,'fromDate','',0,'',51 );
INSERT INTO C_PP VALUES ( 48,8,45,'toDate','',0,'',27 );
INSERT INTO C_PP VALUES ( 51,8,50,'facilityType','',0,'',0 );
INSERT INTO C_PP VALUES ( 728,90,23,'id','',0,'',731 );
INSERT INTO C_PP VALUES ( 729,90,730,'price','',0,'',733 );
INSERT INTO C_PP VALUES ( 731,90,62,'description','',0,'',732 );
INSERT INTO C_PP VALUES ( 732,90,62,'aproximateArea','',0,'',0 );
INSERT INTO C_PP VALUES ( 733,90,25,'independent','',0,'',728 );
INSERT INTO C_PP VALUES ( 734,94,23,'id','',0,'',0 );
INSERT INTO C_PP VALUES ( 735,94,23,'sessionID','',0,'',734 );
INSERT INTO C_PP VALUES ( 736,98,23,'id','',0,'',738 );
INSERT INTO C_PP VALUES ( 737,98,730,'price','',0,'',740 );
INSERT INTO C_PP VALUES ( 738,98,62,'description','',0,'',739 );
INSERT INTO C_PP VALUES ( 739,98,62,'aproximateArea','',0,'',0 );
INSERT INTO C_PP VALUES ( 740,98,25,'independent','',0,'',736 );
INSERT INTO C_PP VALUES ( 741,102,23,'sessionID','',0,'',742 );
INSERT INTO C_PP VALUES ( 742,102,23,'desiredID','',0,'',0 );
INSERT INTO C_PP VALUES ( 743,106,23,'sessionID','',0,'',745 );
INSERT INTO C_PP VALUES ( 744,106,62,'name','',0,'',0 );
INSERT INTO C_PP VALUES ( 745,106,62,'phoneNumber','',0,'',744 );
INSERT INTO C_PP VALUES ( 746,110,23,'sessionID','',0,'',748 );
INSERT INTO C_PP VALUES ( 747,110,23,'facility','',0,'',0 );
INSERT INTO C_PP VALUES ( 748,110,62,'guestName','',0,'',749 );
INSERT INTO C_PP VALUES ( 749,110,50,'guestAge','',0,'',747 );
INSERT INTO C_PP VALUES ( 750,114,23,'sessionID','',0,'',751 );
INSERT INTO C_PP VALUES ( 751,114,62,'info','',0,'',0 );
INSERT INTO C_PP VALUES ( 657,118,62,'message','',0,'',0 );
INSERT INTO C_PP VALUES ( 752,121,62,'message','',0,'',0 );
INSERT INTO C_PP VALUES ( 753,146,23,'sessionID','',0,'',0 );
INSERT INTO C_IR VALUES ( 5,6,0,4 );
INSERT INTO C_IR VALUES ( 627,6,0,626 );
INSERT INTO C_PO VALUES ( 4,3,'UserInterface',0,0 );
INSERT INTO C_PO VALUES ( 626,625,'UserInterface',0,0 );
INSERT INTO SPR_REP VALUES ( 628,8,627 );
INSERT INTO SPR_REP VALUES ( 631,90,627 );
INSERT INTO SPR_REP VALUES ( 634,94,627 );
INSERT INTO SPR_REP VALUES ( 637,98,627 );
INSERT INTO SPR_REP VALUES ( 640,102,627 );
INSERT INTO SPR_REP VALUES ( 643,106,627 );
INSERT INTO SPR_REP VALUES ( 646,110,627 );
INSERT INTO SPR_REP VALUES ( 649,114,627 );
INSERT INTO SPR_REP VALUES ( 652,118,627 );
INSERT INTO SPR_REP VALUES ( 658,121,627 );
INSERT INTO SPR_REP VALUES ( 661,125,627 );
INSERT INTO SPR_REP VALUES ( 664,146,627 );
INSERT INTO SPR_PEP VALUES ( 7,8,5 );
INSERT INTO SPR_PEP VALUES ( 70,90,5 );
INSERT INTO SPR_PEP VALUES ( 93,94,5 );
INSERT INTO SPR_PEP VALUES ( 97,98,5 );
INSERT INTO SPR_PEP VALUES ( 101,102,5 );
INSERT INTO SPR_PEP VALUES ( 105,106,5 );
INSERT INTO SPR_PEP VALUES ( 109,110,5 );
INSERT INTO SPR_PEP VALUES ( 113,114,5 );
INSERT INTO SPR_PEP VALUES ( 117,118,5 );
INSERT INTO SPR_PEP VALUES ( 60,121,5 );
INSERT INTO SPR_PEP VALUES ( 124,125,5 );
INSERT INTO SPR_PEP VALUES ( 145,146,5 );
INSERT INTO SPR_RS VALUES ( 628,'requestAvailableBookables','','',1 );
INSERT INTO SPR_RS VALUES ( 631,'available','','',1 );
INSERT INTO SPR_RS VALUES ( 634,'select','','',1 );
INSERT INTO SPR_RS VALUES ( 637,'extraServices','','',1 );
INSERT INTO SPR_RS VALUES ( 640,'addServices','','',1 );
INSERT INTO SPR_RS VALUES ( 643,'customerDetails','','',1 );
INSERT INTO SPR_RS VALUES ( 646,'addGuest','','',1 );
INSERT INTO SPR_RS VALUES ( 649,'paymentInfo','','',1 );
INSERT INTO SPR_RS VALUES ( 652,'bookingConfirmation','','LOG::LogInfo(message: param.message);',1 );
INSERT INTO SPR_RS VALUES ( 658,'errorSignal','','',1 );
INSERT INTO SPR_RS VALUES ( 661,'requestSession','','',1 );
INSERT INTO SPR_RS VALUES ( 664,'session','','LOG::LogInfo(message: "Got session ID");
select any st from instances of SIMPLETEST;

generate SIMPLETEST2:sessionEvent to st;
',1 );
INSERT INTO SPR_PS VALUES ( 7,'requestAvailableBookables','','select any session from instances of BOOKINGSESSION where (selected.ID == param.sessionID);

if (not_empty session)
	result = session.search(fromDate: param.fromDate, 
							toDate: param.toDate,
							facilityType: param.facilityType);
	if(empty result)
		send BookingProvider::errorSignal(message: "No rooms found");
	end if;
							
	for each ft in result		
		select one b related by ft->BOOKABLE[R2];
		send BookingProvider::available(id: ft.id , 
										price: b.price , 
										description: b.description,
										aproximateArea: ft.approximateArea,
										independent: false);
	end for;
else
	send BookingProvider::errorSignal(message: "Session not found");
end if;',1 );
INSERT INTO SPR_PS VALUES ( 70,'available','','',1 );
INSERT INTO SPR_PS VALUES ( 93,'select','','',1 );
INSERT INTO SPR_PS VALUES ( 97,'extraServices','','',1 );
INSERT INTO SPR_PS VALUES ( 101,'addServices','','',1 );
INSERT INTO SPR_PS VALUES ( 105,'customerDetails','','',1 );
INSERT INTO SPR_PS VALUES ( 109,'addGuest','','',1 );
INSERT INTO SPR_PS VALUES ( 113,'paymentInfo','','',1 );
INSERT INTO SPR_PS VALUES ( 117,'bookingConfirmation','','',1 );
INSERT INTO SPR_PS VALUES ( 60,'errorSignal','','',1 );
INSERT INTO SPR_PS VALUES ( 124,'requestSession','','// Initialize a booking session
LOG::LogInfo(message: "Recieved session request");
create object instance session of BOOKINGSESSION;

create object instance booking of BOOKING;
relate session to booking across R26;

//send BookingProvider::session(sessionID: session.ID);
send BookingProvider::bookingConfirmation(message: "Hej");',1 );
INSERT INTO SPR_PS VALUES ( 145,'session','','',1 );
INSERT INTO CL_IPINS VALUES ( 787,789 );
INSERT INTO CL_IP VALUES ( 789,'BookingProvider','' );
INSERT INTO CL_IR VALUES ( 786,787,'BookingProvider','' );
INSERT INTO CL_IIR VALUES ( 786,627,785,0,'BookingProvider','' );
INSERT INTO CL_IIR VALUES ( 789,5,788,0,'BookingProvider','' );
INSERT INTO CL_IC VALUES ( 785,625,0,0,0,'','Hotel::Library::UserComponent','' );
INSERT INTO CL_IC VALUES ( 788,3,0,0,0,'','Hotel::Library::HotelComponent','' );
INSERT INTO SM_SM VALUES ( 409,'',0 );
INSERT INTO SM_SM VALUES ( 533,'',0 );
INSERT INTO SM_SM VALUES ( 691,'',0 );
INSERT INTO SM_SM VALUES ( 723,'',0 );
INSERT INTO SM_STATE VALUES ( 419,409,0,'ready',1,0 );
INSERT INTO SM_STATE VALUES ( 425,409,0,'customerProvided',6,0 );
INSERT INTO SM_STATE VALUES ( 429,409,0,'finallyReady',5,0 );
INSERT INTO SM_STATE VALUES ( 433,409,0,'selected',2,0 );
INSERT INTO SM_STATE VALUES ( 437,409,0,'guestAdded',3,0 );
INSERT INTO SM_STATE VALUES ( 441,409,0,'addService',4,0 );
INSERT INTO SM_STATE VALUES ( 445,409,0,'paymentSuggested',7,0 );
INSERT INTO SM_STATE VALUES ( 449,409,0,'confirmation',8,0 );
INSERT INTO SM_STATE VALUES ( 453,409,0,'accepted',9,0 );
INSERT INTO SM_STATE VALUES ( 457,409,0,'aborted',10,0 );
INSERT INTO SM_STATE VALUES ( 461,409,0,'searched',11,0 );
INSERT INTO SM_STATE VALUES ( 536,533,0,'Standby',1,0 );
INSERT INTO SM_STATE VALUES ( 692,691,0,'entryPoint',1,0 );
INSERT INTO SM_STATE VALUES ( 698,691,0,'requestSession',2,0 );
INSERT INTO SM_STATE VALUES ( 705,691,0,'requestAvailableBookables',3,0 );
INSERT INTO SM_EVT VALUES ( 410,409,0,1,'selectEvent',0,'','BOOKINGSESSION1','' );
INSERT INTO SM_EVT VALUES ( 411,409,0,2,'addGuestEvent',0,'','BOOKINGSESSION2','' );
INSERT INTO SM_EVT VALUES ( 412,409,0,3,'addServiceEvent',0,'','BOOKINGSESSION3','' );
INSERT INTO SM_EVT VALUES ( 413,409,0,4,'confirmEvent',0,'','BOOKINGSESSION4','' );
INSERT INTO SM_EVT VALUES ( 414,409,0,5,'customerDetailsEvent',0,'','BOOKINGSESSION5','' );
INSERT INTO SM_EVT VALUES ( 415,409,0,6,'paymentInfoEvent',0,'','BOOKINGSESSION6','' );
INSERT INTO SM_EVT VALUES ( 416,409,0,7,'paymentConfirmedEvent',0,'','BOOKINGSESSION7','' );
INSERT INTO SM_EVT VALUES ( 417,409,0,8,'cancelEvent',0,'','BOOKINGSESSION8','' );
INSERT INTO SM_EVT VALUES ( 418,409,0,9,'searchEvent',0,'','BOOKINGSESSION9','' );
INSERT INTO SM_EVT VALUES ( 534,533,0,1,'requestSessionEvent',0,'','BOOKINGSESSION_A1','' );
INSERT INTO SM_EVT VALUES ( 535,533,0,2,'requestSession',0,'','UserInterface::requestSession','' );
INSERT INTO SM_EVT VALUES ( 686,691,0,1,'start',0,'','SIMPLETEST1','' );
INSERT INTO SM_EVT VALUES ( 672,691,0,2,'sessionEvent',0,'','SIMPLETEST2','' );
INSERT INTO SM_SEME VALUES ( 419,410,409,0 );
INSERT INTO SM_SEME VALUES ( 419,411,409,0 );
INSERT INTO SM_SEME VALUES ( 419,412,409,0 );
INSERT INTO SM_SEME VALUES ( 419,413,409,0 );
INSERT INTO SM_SEME VALUES ( 419,414,409,0 );
INSERT INTO SM_SEME VALUES ( 419,415,409,0 );
INSERT INTO SM_SEME VALUES ( 419,416,409,0 );
INSERT INTO SM_SEME VALUES ( 419,417,409,0 );
INSERT INTO SM_SEME VALUES ( 419,418,409,0 );
INSERT INTO SM_SEME VALUES ( 425,410,409,0 );
INSERT INTO SM_SEME VALUES ( 425,411,409,0 );
INSERT INTO SM_SEME VALUES ( 425,412,409,0 );
INSERT INTO SM_SEME VALUES ( 425,413,409,0 );
INSERT INTO SM_SEME VALUES ( 425,414,409,0 );
INSERT INTO SM_SEME VALUES ( 425,415,409,0 );
INSERT INTO SM_SEME VALUES ( 425,416,409,0 );
INSERT INTO SM_SEME VALUES ( 425,417,409,0 );
INSERT INTO SM_SEME VALUES ( 425,418,409,0 );
INSERT INTO SM_SEME VALUES ( 429,410,409,0 );
INSERT INTO SM_SEME VALUES ( 429,411,409,0 );
INSERT INTO SM_SEME VALUES ( 429,412,409,0 );
INSERT INTO SM_SEME VALUES ( 429,413,409,0 );
INSERT INTO SM_SEME VALUES ( 429,414,409,0 );
INSERT INTO SM_SEME VALUES ( 429,415,409,0 );
INSERT INTO SM_SEME VALUES ( 429,416,409,0 );
INSERT INTO SM_SEME VALUES ( 429,417,409,0 );
INSERT INTO SM_SEME VALUES ( 429,418,409,0 );
INSERT INTO SM_SEME VALUES ( 433,410,409,0 );
INSERT INTO SM_SEME VALUES ( 433,411,409,0 );
INSERT INTO SM_SEME VALUES ( 433,412,409,0 );
INSERT INTO SM_SEME VALUES ( 433,413,409,0 );
INSERT INTO SM_SEME VALUES ( 433,414,409,0 );
INSERT INTO SM_SEME VALUES ( 433,415,409,0 );
INSERT INTO SM_SEME VALUES ( 433,416,409,0 );
INSERT INTO SM_SEME VALUES ( 433,417,409,0 );
INSERT INTO SM_SEME VALUES ( 433,418,409,0 );
INSERT INTO SM_SEME VALUES ( 437,410,409,0 );
INSERT INTO SM_SEME VALUES ( 437,411,409,0 );
INSERT INTO SM_SEME VALUES ( 437,412,409,0 );
INSERT INTO SM_SEME VALUES ( 437,413,409,0 );
INSERT INTO SM_SEME VALUES ( 437,414,409,0 );
INSERT INTO SM_SEME VALUES ( 437,415,409,0 );
INSERT INTO SM_SEME VALUES ( 437,416,409,0 );
INSERT INTO SM_SEME VALUES ( 437,417,409,0 );
INSERT INTO SM_SEME VALUES ( 437,418,409,0 );
INSERT INTO SM_SEME VALUES ( 441,410,409,0 );
INSERT INTO SM_SEME VALUES ( 441,411,409,0 );
INSERT INTO SM_SEME VALUES ( 441,412,409,0 );
INSERT INTO SM_SEME VALUES ( 441,413,409,0 );
INSERT INTO SM_SEME VALUES ( 441,414,409,0 );
INSERT INTO SM_SEME VALUES ( 441,415,409,0 );
INSERT INTO SM_SEME VALUES ( 441,416,409,0 );
INSERT INTO SM_SEME VALUES ( 441,417,409,0 );
INSERT INTO SM_SEME VALUES ( 441,418,409,0 );
INSERT INTO SM_SEME VALUES ( 445,410,409,0 );
INSERT INTO SM_SEME VALUES ( 445,411,409,0 );
INSERT INTO SM_SEME VALUES ( 445,412,409,0 );
INSERT INTO SM_SEME VALUES ( 445,413,409,0 );
INSERT INTO SM_SEME VALUES ( 445,414,409,0 );
INSERT INTO SM_SEME VALUES ( 445,415,409,0 );
INSERT INTO SM_SEME VALUES ( 445,416,409,0 );
INSERT INTO SM_SEME VALUES ( 445,417,409,0 );
INSERT INTO SM_SEME VALUES ( 445,418,409,0 );
INSERT INTO SM_SEME VALUES ( 449,410,409,0 );
INSERT INTO SM_SEME VALUES ( 449,411,409,0 );
INSERT INTO SM_SEME VALUES ( 449,412,409,0 );
INSERT INTO SM_SEME VALUES ( 449,413,409,0 );
INSERT INTO SM_SEME VALUES ( 449,414,409,0 );
INSERT INTO SM_SEME VALUES ( 449,415,409,0 );
INSERT INTO SM_SEME VALUES ( 449,416,409,0 );
INSERT INTO SM_SEME VALUES ( 449,417,409,0 );
INSERT INTO SM_SEME VALUES ( 449,418,409,0 );
INSERT INTO SM_SEME VALUES ( 453,410,409,0 );
INSERT INTO SM_SEME VALUES ( 453,411,409,0 );
INSERT INTO SM_SEME VALUES ( 453,412,409,0 );
INSERT INTO SM_SEME VALUES ( 453,413,409,0 );
INSERT INTO SM_SEME VALUES ( 453,414,409,0 );
INSERT INTO SM_SEME VALUES ( 453,415,409,0 );
INSERT INTO SM_SEME VALUES ( 453,416,409,0 );
INSERT INTO SM_SEME VALUES ( 453,417,409,0 );
INSERT INTO SM_SEME VALUES ( 453,418,409,0 );
INSERT INTO SM_SEME VALUES ( 457,410,409,0 );
INSERT INTO SM_SEME VALUES ( 457,411,409,0 );
INSERT INTO SM_SEME VALUES ( 457,412,409,0 );
INSERT INTO SM_SEME VALUES ( 457,413,409,0 );
INSERT INTO SM_SEME VALUES ( 457,414,409,0 );
INSERT INTO SM_SEME VALUES ( 457,415,409,0 );
INSERT INTO SM_SEME VALUES ( 457,416,409,0 );
INSERT INTO SM_SEME VALUES ( 457,417,409,0 );
INSERT INTO SM_SEME VALUES ( 457,418,409,0 );
INSERT INTO SM_SEME VALUES ( 461,410,409,0 );
INSERT INTO SM_SEME VALUES ( 461,411,409,0 );
INSERT INTO SM_SEME VALUES ( 461,412,409,0 );
INSERT INTO SM_SEME VALUES ( 461,413,409,0 );
INSERT INTO SM_SEME VALUES ( 461,414,409,0 );
INSERT INTO SM_SEME VALUES ( 461,415,409,0 );
INSERT INTO SM_SEME VALUES ( 461,416,409,0 );
INSERT INTO SM_SEME VALUES ( 461,417,409,0 );
INSERT INTO SM_SEME VALUES ( 461,418,409,0 );
INSERT INTO SM_SEME VALUES ( 536,534,533,0 );
INSERT INTO SM_SEME VALUES ( 536,535,533,0 );
INSERT INTO SM_SEME VALUES ( 692,686,691,0 );
INSERT INTO SM_SEME VALUES ( 692,672,691,0 );
INSERT INTO SM_SEME VALUES ( 698,686,691,0 );
INSERT INTO SM_SEME VALUES ( 698,672,691,0 );
INSERT INTO SM_SEME VALUES ( 705,686,691,0 );
INSERT INTO SM_SEME VALUES ( 705,672,691,0 );
INSERT INTO SM_NSTXN VALUES ( 469,409,433,411,0 );
INSERT INTO SM_NSTXN VALUES ( 473,409,437,412,0 );
INSERT INTO SM_NSTXN VALUES ( 477,409,437,411,0 );
INSERT INTO SM_NSTXN VALUES ( 481,409,441,412,0 );
INSERT INTO SM_NSTXN VALUES ( 485,409,441,413,0 );
INSERT INTO SM_NSTXN VALUES ( 489,409,437,413,0 );
INSERT INTO SM_NSTXN VALUES ( 493,409,429,414,0 );
INSERT INTO SM_NSTXN VALUES ( 497,409,425,415,0 );
INSERT INTO SM_NSTXN VALUES ( 501,409,445,416,0 );
INSERT INTO SM_NSTXN VALUES ( 505,409,449,413,0 );
INSERT INTO SM_NSTXN VALUES ( 509,409,449,417,0 );
INSERT INTO SM_NSTXN VALUES ( 513,409,429,410,0 );
INSERT INTO SM_NSTXN VALUES ( 517,409,461,410,0 );
INSERT INTO SM_NSTXN VALUES ( 521,409,419,418,0 );
INSERT INTO SM_NSTXN VALUES ( 525,409,429,418,0 );
INSERT INTO SM_NSTXN VALUES ( 529,409,461,418,0 );
INSERT INTO SM_NSTXN VALUES ( 540,533,536,535,0 );
INSERT INTO SM_NSTXN VALUES ( 715,691,692,686,0 );
INSERT INTO SM_NSTXN VALUES ( 719,691,698,672,0 );
INSERT INTO SM_CH VALUES ( 419,410,409,0,'' );
INSERT INTO SM_CH VALUES ( 419,411,409,0,'' );
INSERT INTO SM_CH VALUES ( 419,412,409,0,'' );
INSERT INTO SM_CH VALUES ( 419,413,409,0,'' );
INSERT INTO SM_CH VALUES ( 419,414,409,0,'' );
INSERT INTO SM_CH VALUES ( 419,415,409,0,'' );
INSERT INTO SM_CH VALUES ( 419,416,409,0,'' );
INSERT INTO SM_CH VALUES ( 419,417,409,0,'' );
INSERT INTO SM_CH VALUES ( 425,410,409,0,'' );
INSERT INTO SM_CH VALUES ( 425,411,409,0,'' );
INSERT INTO SM_CH VALUES ( 425,412,409,0,'' );
INSERT INTO SM_CH VALUES ( 425,413,409,0,'' );
INSERT INTO SM_CH VALUES ( 425,414,409,0,'' );
INSERT INTO SM_CH VALUES ( 425,416,409,0,'' );
INSERT INTO SM_CH VALUES ( 425,417,409,0,'' );
INSERT INTO SM_CH VALUES ( 425,418,409,0,'' );
INSERT INTO SM_CH VALUES ( 429,411,409,0,'' );
INSERT INTO SM_CH VALUES ( 429,412,409,0,'' );
INSERT INTO SM_CH VALUES ( 429,413,409,0,'' );
INSERT INTO SM_CH VALUES ( 429,415,409,0,'' );
INSERT INTO SM_CH VALUES ( 429,416,409,0,'' );
INSERT INTO SM_CH VALUES ( 429,417,409,0,'' );
INSERT INTO SM_CH VALUES ( 433,410,409,0,'' );
INSERT INTO SM_CH VALUES ( 433,412,409,0,'' );
INSERT INTO SM_CH VALUES ( 433,413,409,0,'' );
INSERT INTO SM_CH VALUES ( 433,414,409,0,'' );
INSERT INTO SM_CH VALUES ( 433,415,409,0,'' );
INSERT INTO SM_CH VALUES ( 433,416,409,0,'' );
INSERT INTO SM_CH VALUES ( 433,417,409,0,'' );
INSERT INTO SM_CH VALUES ( 433,418,409,0,'' );
INSERT INTO SM_CH VALUES ( 437,410,409,0,'' );
INSERT INTO SM_CH VALUES ( 437,414,409,0,'' );
INSERT INTO SM_CH VALUES ( 437,415,409,0,'' );
INSERT INTO SM_CH VALUES ( 437,416,409,0,'' );
INSERT INTO SM_CH VALUES ( 437,417,409,0,'' );
INSERT INTO SM_CH VALUES ( 437,418,409,0,'' );
INSERT INTO SM_CH VALUES ( 441,410,409,0,'' );
INSERT INTO SM_CH VALUES ( 441,411,409,0,'' );
INSERT INTO SM_CH VALUES ( 441,414,409,0,'' );
INSERT INTO SM_CH VALUES ( 441,415,409,0,'' );
INSERT INTO SM_CH VALUES ( 441,416,409,0,'' );
INSERT INTO SM_CH VALUES ( 441,417,409,0,'' );
INSERT INTO SM_CH VALUES ( 441,418,409,0,'' );
INSERT INTO SM_CH VALUES ( 445,410,409,0,'' );
INSERT INTO SM_CH VALUES ( 445,411,409,0,'' );
INSERT INTO SM_CH VALUES ( 445,412,409,0,'' );
INSERT INTO SM_CH VALUES ( 445,413,409,0,'' );
INSERT INTO SM_CH VALUES ( 445,414,409,0,'' );
INSERT INTO SM_CH VALUES ( 445,415,409,0,'' );
INSERT INTO SM_CH VALUES ( 445,417,409,0,'' );
INSERT INTO SM_CH VALUES ( 445,418,409,0,'' );
INSERT INTO SM_CH VALUES ( 449,410,409,0,'' );
INSERT INTO SM_CH VALUES ( 449,411,409,0,'' );
INSERT INTO SM_CH VALUES ( 449,412,409,0,'' );
INSERT INTO SM_CH VALUES ( 449,414,409,0,'' );
INSERT INTO SM_CH VALUES ( 449,415,409,0,'' );
INSERT INTO SM_CH VALUES ( 449,416,409,0,'' );
INSERT INTO SM_CH VALUES ( 449,418,409,0,'' );
INSERT INTO SM_CH VALUES ( 453,410,409,0,'' );
INSERT INTO SM_CH VALUES ( 453,411,409,0,'' );
INSERT INTO SM_CH VALUES ( 453,412,409,0,'' );
INSERT INTO SM_CH VALUES ( 453,413,409,0,'' );
INSERT INTO SM_CH VALUES ( 453,414,409,0,'' );
INSERT INTO SM_CH VALUES ( 453,415,409,0,'' );
INSERT INTO SM_CH VALUES ( 453,416,409,0,'' );
INSERT INTO SM_CH VALUES ( 453,417,409,0,'' );
INSERT INTO SM_CH VALUES ( 453,418,409,0,'' );
INSERT INTO SM_CH VALUES ( 457,410,409,0,'' );
INSERT INTO SM_CH VALUES ( 457,411,409,0,'' );
INSERT INTO SM_CH VALUES ( 457,412,409,0,'' );
INSERT INTO SM_CH VALUES ( 457,413,409,0,'' );
INSERT INTO SM_CH VALUES ( 457,414,409,0,'' );
INSERT INTO SM_CH VALUES ( 457,415,409,0,'' );
INSERT INTO SM_CH VALUES ( 457,416,409,0,'' );
INSERT INTO SM_CH VALUES ( 457,417,409,0,'' );
INSERT INTO SM_CH VALUES ( 457,418,409,0,'' );
INSERT INTO SM_CH VALUES ( 461,411,409,0,'' );
INSERT INTO SM_CH VALUES ( 461,412,409,0,'' );
INSERT INTO SM_CH VALUES ( 461,413,409,0,'' );
INSERT INTO SM_CH VALUES ( 461,414,409,0,'' );
INSERT INTO SM_CH VALUES ( 461,415,409,0,'' );
INSERT INTO SM_CH VALUES ( 461,416,409,0,'' );
INSERT INTO SM_CH VALUES ( 461,417,409,0,'' );
INSERT INTO SM_CH VALUES ( 536,534,533,0,'' );
INSERT INTO SM_CH VALUES ( 692,672,691,0,'' );
INSERT INTO SM_CH VALUES ( 698,686,691,0,'' );
INSERT INTO SM_CH VALUES ( 705,686,691,0,'' );
INSERT INTO SM_CH VALUES ( 705,672,691,0,'' );
INSERT INTO SM_TXN VALUES ( 465,409,419,0 );
INSERT INTO SM_TXN VALUES ( 469,409,437,0 );
INSERT INTO SM_TXN VALUES ( 473,409,441,0 );
INSERT INTO SM_TXN VALUES ( 477,409,437,0 );
INSERT INTO SM_TXN VALUES ( 481,409,441,0 );
INSERT INTO SM_TXN VALUES ( 485,409,429,0 );
INSERT INTO SM_TXN VALUES ( 489,409,429,0 );
INSERT INTO SM_TXN VALUES ( 493,409,425,0 );
INSERT INTO SM_TXN VALUES ( 497,409,445,0 );
INSERT INTO SM_TXN VALUES ( 501,409,449,0 );
INSERT INTO SM_TXN VALUES ( 505,409,453,0 );
INSERT INTO SM_TXN VALUES ( 509,409,457,0 );
INSERT INTO SM_TXN VALUES ( 513,409,433,0 );
INSERT INTO SM_TXN VALUES ( 517,409,433,0 );
INSERT INTO SM_TXN VALUES ( 521,409,461,0 );
INSERT INTO SM_TXN VALUES ( 525,409,429,0 );
INSERT INTO SM_TXN VALUES ( 529,409,461,0 );
INSERT INTO SM_TXN VALUES ( 540,533,536,0 );
INSERT INTO SM_TXN VALUES ( 711,691,692,0 );
INSERT INTO SM_TXN VALUES ( 715,691,698,0 );
INSERT INTO SM_TXN VALUES ( 719,691,705,0 );
INSERT INTO SM_CRTXN VALUES ( 465,409,0,0 );
INSERT INTO SM_CRTXN VALUES ( 711,691,0,0 );
INSERT INTO SM_MOORE VALUES ( 409 );
INSERT INTO SM_MOORE VALUES ( 533 );
INSERT INTO SM_MOORE VALUES ( 691 );
INSERT INTO SM_MOORE VALUES ( 723 );
INSERT INTO SM_MOAH VALUES ( 420,409,419 );
INSERT INTO SM_MOAH VALUES ( 426,409,425 );
INSERT INTO SM_MOAH VALUES ( 430,409,429 );
INSERT INTO SM_MOAH VALUES ( 434,409,433 );
INSERT INTO SM_MOAH VALUES ( 438,409,437 );
INSERT INTO SM_MOAH VALUES ( 442,409,441 );
INSERT INTO SM_MOAH VALUES ( 446,409,445 );
INSERT INTO SM_MOAH VALUES ( 450,409,449 );
INSERT INTO SM_MOAH VALUES ( 454,409,453 );
INSERT INTO SM_MOAH VALUES ( 458,409,457 );
INSERT INTO SM_MOAH VALUES ( 462,409,461 );
INSERT INTO SM_MOAH VALUES ( 537,533,536 );
INSERT INTO SM_MOAH VALUES ( 693,691,692 );
INSERT INTO SM_MOAH VALUES ( 699,691,698 );
INSERT INTO SM_MOAH VALUES ( 706,691,705 );
INSERT INTO SM_AH VALUES ( 420,409 );
INSERT INTO SM_AH VALUES ( 426,409 );
INSERT INTO SM_AH VALUES ( 430,409 );
INSERT INTO SM_AH VALUES ( 434,409 );
INSERT INTO SM_AH VALUES ( 438,409 );
INSERT INTO SM_AH VALUES ( 442,409 );
INSERT INTO SM_AH VALUES ( 446,409 );
INSERT INTO SM_AH VALUES ( 450,409 );
INSERT INTO SM_AH VALUES ( 454,409 );
INSERT INTO SM_AH VALUES ( 458,409 );
INSERT INTO SM_AH VALUES ( 462,409 );
INSERT INTO SM_AH VALUES ( 466,409 );
INSERT INTO SM_AH VALUES ( 470,409 );
INSERT INTO SM_AH VALUES ( 474,409 );
INSERT INTO SM_AH VALUES ( 478,409 );
INSERT INTO SM_AH VALUES ( 482,409 );
INSERT INTO SM_AH VALUES ( 486,409 );
INSERT INTO SM_AH VALUES ( 490,409 );
INSERT INTO SM_AH VALUES ( 494,409 );
INSERT INTO SM_AH VALUES ( 498,409 );
INSERT INTO SM_AH VALUES ( 502,409 );
INSERT INTO SM_AH VALUES ( 506,409 );
INSERT INTO SM_AH VALUES ( 510,409 );
INSERT INTO SM_AH VALUES ( 514,409 );
INSERT INTO SM_AH VALUES ( 518,409 );
INSERT INTO SM_AH VALUES ( 522,409 );
INSERT INTO SM_AH VALUES ( 526,409 );
INSERT INTO SM_AH VALUES ( 530,409 );
INSERT INTO SM_AH VALUES ( 537,533 );
INSERT INTO SM_AH VALUES ( 541,533 );
INSERT INTO SM_AH VALUES ( 693,691 );
INSERT INTO SM_AH VALUES ( 699,691 );
INSERT INTO SM_AH VALUES ( 706,691 );
INSERT INTO SM_AH VALUES ( 712,691 );
INSERT INTO SM_AH VALUES ( 716,691 );
INSERT INTO SM_AH VALUES ( 720,691 );
INSERT INTO SM_ACT VALUES ( 420,409,1,'LOG::LogInfo(message: "Recieved session request");
','' );
INSERT INTO SM_ACT VALUES ( 426,409,1,'','' );
INSERT INTO SM_ACT VALUES ( 430,409,1,'','' );
INSERT INTO SM_ACT VALUES ( 434,409,1,'','' );
INSERT INTO SM_ACT VALUES ( 438,409,1,'','' );
INSERT INTO SM_ACT VALUES ( 442,409,1,'','' );
INSERT INTO SM_ACT VALUES ( 446,409,1,'','' );
INSERT INTO SM_ACT VALUES ( 450,409,1,'','' );
INSERT INTO SM_ACT VALUES ( 454,409,1,'','' );
INSERT INTO SM_ACT VALUES ( 458,409,1,'','' );
INSERT INTO SM_ACT VALUES ( 462,409,1,'','' );
INSERT INTO SM_ACT VALUES ( 466,409,1,'','' );
INSERT INTO SM_ACT VALUES ( 470,409,1,'','' );
INSERT INTO SM_ACT VALUES ( 474,409,1,'','' );
INSERT INTO SM_ACT VALUES ( 478,409,1,'','' );
INSERT INTO SM_ACT VALUES ( 482,409,1,'','' );
INSERT INTO SM_ACT VALUES ( 486,409,1,'','' );
INSERT INTO SM_ACT VALUES ( 490,409,1,'','' );
INSERT INTO SM_ACT VALUES ( 494,409,1,'','' );
INSERT INTO SM_ACT VALUES ( 498,409,1,'','' );
INSERT INTO SM_ACT VALUES ( 502,409,1,'','' );
INSERT INTO SM_ACT VALUES ( 506,409,1,'','' );
INSERT INTO SM_ACT VALUES ( 510,409,1,'','' );
INSERT INTO SM_ACT VALUES ( 514,409,1,'','' );
INSERT INTO SM_ACT VALUES ( 518,409,1,'','' );
INSERT INTO SM_ACT VALUES ( 522,409,1,'','' );
INSERT INTO SM_ACT VALUES ( 526,409,1,'','' );
INSERT INTO SM_ACT VALUES ( 530,409,1,'','' );
INSERT INTO SM_ACT VALUES ( 537,533,1,'','' );
INSERT INTO SM_ACT VALUES ( 541,533,1,'// Initialize a booking session

create object instance session of BOOKINGSESSION;

create object instance booking of BOOKING;
relate session to booking across R26;

send BookingProvider::session(sessionID: session.ID);','' );
INSERT INTO SM_ACT VALUES ( 693,691,1,'LOG::LogInfo(message: "Starting simple test... woopido");
','' );
INSERT INTO SM_ACT VALUES ( 699,691,1,'LOG::LogInfo(message: "Starting simple test... requesting session");
send BookingProvider::requestSession();','' );
INSERT INTO SM_ACT VALUES ( 706,691,1,'LOG::LogInfo(message: "Session recieved");','' );
INSERT INTO SM_ACT VALUES ( 712,691,1,'','' );
INSERT INTO SM_ACT VALUES ( 716,691,1,'','' );
INSERT INTO SM_ACT VALUES ( 720,691,1,'','' );
INSERT INTO SM_ISM VALUES ( 409,15 );
INSERT INTO SM_ISM VALUES ( 691,671 );
INSERT INTO SM_ASM VALUES ( 533,15 );
INSERT INTO SM_ASM VALUES ( 723,671 );
INSERT INTO SM_SEVT VALUES ( 410,409,0 );
INSERT INTO SM_SEVT VALUES ( 411,409,0 );
INSERT INTO SM_SEVT VALUES ( 412,409,0 );
INSERT INTO SM_SEVT VALUES ( 413,409,0 );
INSERT INTO SM_SEVT VALUES ( 414,409,0 );
INSERT INTO SM_SEVT VALUES ( 415,409,0 );
INSERT INTO SM_SEVT VALUES ( 416,409,0 );
INSERT INTO SM_SEVT VALUES ( 417,409,0 );
INSERT INTO SM_SEVT VALUES ( 418,409,0 );
INSERT INTO SM_SEVT VALUES ( 534,533,0 );
INSERT INTO SM_SEVT VALUES ( 535,533,0 );
INSERT INTO SM_SEVT VALUES ( 686,691,0 );
INSERT INTO SM_SEVT VALUES ( 672,691,0 );
INSERT INTO SM_LEVT VALUES ( 410,409,0 );
INSERT INTO SM_LEVT VALUES ( 411,409,0 );
INSERT INTO SM_LEVT VALUES ( 412,409,0 );
INSERT INTO SM_LEVT VALUES ( 413,409,0 );
INSERT INTO SM_LEVT VALUES ( 414,409,0 );
INSERT INTO SM_LEVT VALUES ( 415,409,0 );
INSERT INTO SM_LEVT VALUES ( 416,409,0 );
INSERT INTO SM_LEVT VALUES ( 417,409,0 );
INSERT INTO SM_LEVT VALUES ( 418,409,0 );
INSERT INTO SM_LEVT VALUES ( 534,533,0 );
INSERT INTO SM_LEVT VALUES ( 686,691,0 );
INSERT INTO SM_LEVT VALUES ( 672,691,0 );
INSERT INTO SM_SGEVT VALUES ( 535,533,0,124,0,'UserInterface::requestSession' );
INSERT INTO SM_TAH VALUES ( 466,409,465 );
INSERT INTO SM_TAH VALUES ( 470,409,469 );
INSERT INTO SM_TAH VALUES ( 474,409,473 );
INSERT INTO SM_TAH VALUES ( 478,409,477 );
INSERT INTO SM_TAH VALUES ( 482,409,481 );
INSERT INTO SM_TAH VALUES ( 486,409,485 );
INSERT INTO SM_TAH VALUES ( 490,409,489 );
INSERT INTO SM_TAH VALUES ( 494,409,493 );
INSERT INTO SM_TAH VALUES ( 498,409,497 );
INSERT INTO SM_TAH VALUES ( 502,409,501 );
INSERT INTO SM_TAH VALUES ( 506,409,505 );
INSERT INTO SM_TAH VALUES ( 510,409,509 );
INSERT INTO SM_TAH VALUES ( 514,409,513 );
INSERT INTO SM_TAH VALUES ( 518,409,517 );
INSERT INTO SM_TAH VALUES ( 522,409,521 );
INSERT INTO SM_TAH VALUES ( 526,409,525 );
INSERT INTO SM_TAH VALUES ( 530,409,529 );
INSERT INTO SM_TAH VALUES ( 541,533,540 );
INSERT INTO SM_TAH VALUES ( 712,691,711 );
INSERT INTO SM_TAH VALUES ( 716,691,715 );
INSERT INTO SM_TAH VALUES ( 720,691,719 );
INSERT INTO ACT_BLK VALUES ( 10,1,0,1,'','','',19,1,1,38,0,0,0,0,0,0,0,0,0,9,0 );
INSERT INTO ACT_BLK VALUES ( 16,0,0,0,'','','',11,2,0,0,0,0,0,0,0,0,0,0,0,9,0 );
INSERT INTO ACT_BLK VALUES ( 36,0,0,0,'BookingProvider','','',8,3,8,8,0,0,0,0,0,0,0,0,0,9,0 );
INSERT INTO ACT_BLK VALUES ( 38,1,0,0,'BookingProvider','','',13,3,13,8,0,0,12,40,0,0,0,0,0,9,0 );
INSERT INTO ACT_BLK VALUES ( 19,0,0,0,'BookingProvider','','',20,2,20,7,0,0,0,0,0,0,0,0,0,9,0 );
INSERT INTO ACT_BLK VALUES ( 92,0,0,0,'','','',0,0,0,0,0,0,0,0,0,0,0,0,0,91,0 );
INSERT INTO ACT_BLK VALUES ( 96,0,0,0,'','','',0,0,0,0,0,0,0,0,0,0,0,0,0,95,0 );
INSERT INTO ACT_BLK VALUES ( 100,0,0,0,'','','',0,0,0,0,0,0,0,0,0,0,0,0,0,99,0 );
INSERT INTO ACT_BLK VALUES ( 104,0,0,0,'','','',0,0,0,0,0,0,0,0,0,0,0,0,0,103,0 );
INSERT INTO ACT_BLK VALUES ( 108,0,0,0,'','','',0,0,0,0,0,0,0,0,0,0,0,0,0,107,0 );
INSERT INTO ACT_BLK VALUES ( 112,0,0,0,'','','',0,0,0,0,0,0,0,0,0,0,0,0,0,111,0 );
INSERT INTO ACT_BLK VALUES ( 116,0,0,0,'','','',0,0,0,0,0,0,0,0,0,0,0,0,0,115,0 );
INSERT INTO ACT_BLK VALUES ( 120,0,0,0,'','','',0,0,0,0,0,0,0,0,0,0,0,0,0,119,0 );
INSERT INTO ACT_BLK VALUES ( 123,0,0,0,'','','',0,0,0,0,0,0,0,0,0,0,0,0,0,122,0 );
INSERT INTO ACT_BLK VALUES ( 127,0,0,0,'BookingProvider','','',9,1,9,6,0,0,6,34,0,0,0,0,0,126,0 );
INSERT INTO ACT_BLK VALUES ( 148,0,0,0,'','','',0,0,0,0,0,0,0,0,0,0,0,0,0,147,0 );
INSERT INTO ACT_BLK VALUES ( 257,0,0,0,'','','',21,1,19,30,0,0,20,24,0,0,0,0,0,256,0 );
INSERT INTO ACT_BLK VALUES ( 322,0,0,0,'','','',0,0,0,0,0,0,0,0,0,0,0,0,0,321,0 );
INSERT INTO ACT_BLK VALUES ( 324,0,0,0,'','','',0,0,0,0,0,0,0,0,0,0,0,0,0,323,0 );
INSERT INTO ACT_BLK VALUES ( 334,0,0,0,'','','',0,0,0,0,0,0,0,0,0,0,0,0,0,333,0 );
INSERT INTO ACT_BLK VALUES ( 337,0,0,0,'','','',4,1,0,0,0,0,0,0,0,0,0,0,0,336,0 );
INSERT INTO ACT_BLK VALUES ( 352,0,0,0,'','','',0,0,0,0,0,0,0,0,0,0,0,0,0,351,0 );
INSERT INTO ACT_BLK VALUES ( 355,0,0,0,'','','',0,0,0,0,0,0,0,0,0,0,0,0,0,354,0 );
INSERT INTO ACT_BLK VALUES ( 359,0,0,0,'','','',0,0,0,0,0,0,0,0,0,0,0,0,0,358,0 );
INSERT INTO ACT_BLK VALUES ( 363,0,0,0,'','','',0,0,0,0,0,0,0,0,0,0,0,0,0,362,0 );
INSERT INTO ACT_BLK VALUES ( 366,0,0,0,'','','',0,0,0,0,0,0,0,0,0,0,0,0,0,365,0 );
INSERT INTO ACT_BLK VALUES ( 379,0,0,0,'','','',0,0,0,0,0,0,0,0,0,0,0,0,0,378,0 );
INSERT INTO ACT_BLK VALUES ( 384,0,0,0,'','','',0,0,0,0,0,0,0,0,0,0,0,0,0,383,0 );
INSERT INTO ACT_BLK VALUES ( 388,0,0,0,'','','',0,0,0,0,0,0,0,0,0,0,0,0,0,387,0 );
INSERT INTO ACT_BLK VALUES ( 392,0,0,0,'','','',0,0,0,0,0,0,0,0,0,0,0,0,0,391,0 );
INSERT INTO ACT_BLK VALUES ( 395,0,0,0,'','','',0,0,0,0,0,0,0,0,0,0,0,0,0,394,0 );
INSERT INTO ACT_BLK VALUES ( 400,1,0,0,'','','',2,1,1,33,0,0,0,0,0,0,0,0,0,399,0 );
INSERT INTO ACT_BLK VALUES ( 422,0,0,0,'LOG','','',1,1,1,1,0,0,0,0,0,0,0,0,0,421,0 );
INSERT INTO ACT_BLK VALUES ( 428,0,0,0,'','','',0,0,0,0,0,0,0,0,0,0,0,0,0,427,0 );
INSERT INTO ACT_BLK VALUES ( 432,0,0,0,'','','',0,0,0,0,0,0,0,0,0,0,0,0,0,431,0 );
INSERT INTO ACT_BLK VALUES ( 436,0,0,0,'','','',0,0,0,0,0,0,0,0,0,0,0,0,0,435,0 );
INSERT INTO ACT_BLK VALUES ( 440,0,0,0,'','','',0,0,0,0,0,0,0,0,0,0,0,0,0,439,0 );
INSERT INTO ACT_BLK VALUES ( 444,0,0,0,'','','',0,0,0,0,0,0,0,0,0,0,0,0,0,443,0 );
INSERT INTO ACT_BLK VALUES ( 448,0,0,0,'','','',0,0,0,0,0,0,0,0,0,0,0,0,0,447,0 );
INSERT INTO ACT_BLK VALUES ( 452,0,0,0,'','','',0,0,0,0,0,0,0,0,0,0,0,0,0,451,0 );
INSERT INTO ACT_BLK VALUES ( 456,0,0,0,'','','',0,0,0,0,0,0,0,0,0,0,0,0,0,455,0 );
INSERT INTO ACT_BLK VALUES ( 460,0,0,0,'','','',0,0,0,0,0,0,0,0,0,0,0,0,0,459,0 );
INSERT INTO ACT_BLK VALUES ( 464,0,0,0,'','','',0,0,0,0,0,0,0,0,0,0,0,0,0,463,0 );
INSERT INTO ACT_BLK VALUES ( 468,0,0,0,'','','',0,0,0,0,0,0,0,0,0,0,0,0,0,467,0 );
INSERT INTO ACT_BLK VALUES ( 472,0,0,0,'','','',0,0,0,0,0,0,0,0,0,0,0,0,0,471,0 );
INSERT INTO ACT_BLK VALUES ( 476,0,0,0,'','','',0,0,0,0,0,0,0,0,0,0,0,0,0,475,0 );
INSERT INTO ACT_BLK VALUES ( 480,0,0,0,'','','',0,0,0,0,0,0,0,0,0,0,0,0,0,479,0 );
INSERT INTO ACT_BLK VALUES ( 484,0,0,0,'','','',0,0,0,0,0,0,0,0,0,0,0,0,0,483,0 );
INSERT INTO ACT_BLK VALUES ( 488,0,0,0,'','','',0,0,0,0,0,0,0,0,0,0,0,0,0,487,0 );
INSERT INTO ACT_BLK VALUES ( 492,0,0,0,'','','',0,0,0,0,0,0,0,0,0,0,0,0,0,491,0 );
INSERT INTO ACT_BLK VALUES ( 496,0,0,0,'','','',0,0,0,0,0,0,0,0,0,0,0,0,0,495,0 );
INSERT INTO ACT_BLK VALUES ( 500,0,0,0,'','','',0,0,0,0,0,0,0,0,0,0,0,0,0,499,0 );
INSERT INTO ACT_BLK VALUES ( 504,0,0,0,'','','',0,0,0,0,0,0,0,0,0,0,0,0,0,503,0 );
INSERT INTO ACT_BLK VALUES ( 508,0,0,0,'','','',0,0,0,0,0,0,0,0,0,0,0,0,0,507,0 );
INSERT INTO ACT_BLK VALUES ( 512,0,0,0,'','','',0,0,0,0,0,0,0,0,0,0,0,0,0,511,0 );
INSERT INTO ACT_BLK VALUES ( 516,0,0,0,'','','',0,0,0,0,0,0,0,0,0,0,0,0,0,515,0 );
INSERT INTO ACT_BLK VALUES ( 520,0,0,0,'','','',0,0,0,0,0,0,0,0,0,0,0,0,0,519,0 );
INSERT INTO ACT_BLK VALUES ( 524,0,0,0,'','','',0,0,0,0,0,0,0,0,0,0,0,0,0,523,0 );
INSERT INTO ACT_BLK VALUES ( 528,0,0,0,'','','',0,0,0,0,0,0,0,0,0,0,0,0,0,527,0 );
INSERT INTO ACT_BLK VALUES ( 532,0,0,0,'','','',0,0,0,0,0,0,0,0,0,0,0,0,0,531,0 );
INSERT INTO ACT_BLK VALUES ( 539,0,0,0,'','','',0,0,0,0,0,0,0,0,0,0,0,0,0,538,0 );
INSERT INTO ACT_BLK VALUES ( 543,0,0,0,'BookingProvider','','',8,1,8,6,0,0,6,34,0,0,0,0,0,542,0 );
INSERT INTO ACT_BLK VALUES ( 577,0,0,0,'','','',0,0,0,0,0,0,0,0,0,0,0,0,0,576,0 );
INSERT INTO ACT_BLK VALUES ( 582,0,0,0,'','','',0,0,0,0,0,0,0,0,0,0,0,0,0,581,0 );
INSERT INTO ACT_BLK VALUES ( 592,0,0,0,'','','',0,0,0,0,0,0,0,0,0,0,0,0,0,591,0 );
INSERT INTO ACT_BLK VALUES ( 596,0,0,0,'','','',0,0,0,0,0,0,0,0,0,0,0,0,0,595,0 );
INSERT INTO ACT_BLK VALUES ( 600,0,0,0,'','','',0,0,0,0,0,0,0,0,0,0,0,0,0,599,0 );
INSERT INTO ACT_BLK VALUES ( 604,0,0,0,'','','',0,0,0,0,0,0,0,0,0,0,0,0,0,603,0 );
INSERT INTO ACT_BLK VALUES ( 608,0,0,0,'','','',0,0,0,0,0,0,0,0,0,0,0,0,0,607,0 );
INSERT INTO ACT_BLK VALUES ( 611,0,0,0,'','','',0,0,0,0,0,0,0,0,0,0,0,0,0,610,0 );
INSERT INTO ACT_BLK VALUES ( 630,0,0,0,'','','',0,0,0,0,0,0,0,0,0,0,0,0,0,629,0 );
INSERT INTO ACT_BLK VALUES ( 633,0,0,0,'','','',0,0,0,0,0,0,0,0,0,0,0,0,0,632,0 );
INSERT INTO ACT_BLK VALUES ( 636,0,0,0,'','','',0,0,0,0,0,0,0,0,0,0,0,0,0,635,0 );
INSERT INTO ACT_BLK VALUES ( 639,0,0,0,'','','',0,0,0,0,0,0,0,0,0,0,0,0,0,638,0 );
INSERT INTO ACT_BLK VALUES ( 642,0,0,0,'','','',0,0,0,0,0,0,0,0,0,0,0,0,0,641,0 );
INSERT INTO ACT_BLK VALUES ( 645,0,0,0,'','','',0,0,0,0,0,0,0,0,0,0,0,0,0,644,0 );
INSERT INTO ACT_BLK VALUES ( 648,0,0,0,'','','',0,0,0,0,0,0,0,0,0,0,0,0,0,647,0 );
INSERT INTO ACT_BLK VALUES ( 651,0,0,0,'','','',0,0,0,0,0,0,0,0,0,0,0,0,0,650,0 );
INSERT INTO ACT_BLK VALUES ( 654,0,0,0,'LOG','','',1,1,1,1,0,0,0,0,0,0,0,0,0,653,0 );
INSERT INTO ACT_BLK VALUES ( 660,0,0,0,'','','',0,0,0,0,0,0,0,0,0,0,0,0,0,659,0 );
INSERT INTO ACT_BLK VALUES ( 663,0,0,0,'','','',0,0,0,0,0,0,0,0,0,0,0,0,0,662,0 );
INSERT INTO ACT_BLK VALUES ( 666,1,0,0,'V_VAR.Var_ID','','',4,1,2,33,0,0,0,0,0,0,0,0,0,665,0 );
INSERT INTO ACT_BLK VALUES ( 681,0,0,0,'V_VAR.Var_ID','','',3,1,2,30,0,0,0,0,0,0,0,0,0,680,0 );
INSERT INTO ACT_BLK VALUES ( 695,0,0,0,'LOG','','',1,1,1,1,0,0,0,0,0,0,0,0,0,694,0 );
INSERT INTO ACT_BLK VALUES ( 701,0,0,0,'BookingProvider','','',2,1,2,6,0,0,0,0,0,0,0,0,0,700,0 );
INSERT INTO ACT_BLK VALUES ( 708,0,0,0,'LOG','','',1,1,1,1,0,0,0,0,0,0,0,0,0,707,0 );
INSERT INTO ACT_BLK VALUES ( 714,0,0,0,'','','',0,0,0,0,0,0,0,0,0,0,0,0,0,713,0 );
INSERT INTO ACT_BLK VALUES ( 718,0,0,0,'','','',0,0,0,0,0,0,0,0,0,0,0,0,0,717,0 );
INSERT INTO ACT_BLK VALUES ( 722,0,0,0,'','','',0,0,0,0,0,0,0,0,0,0,0,0,0,721,0 );
INSERT INTO ACT_BLK VALUES ( 759,0,0,0,'','','',0,0,0,0,0,0,0,0,0,0,0,0,0,758,0 );
INSERT INTO ACT_BLK VALUES ( 763,0,0,0,'','','',0,0,0,0,0,0,0,0,0,0,0,0,0,762,0 );
INSERT INTO ACT_BLK VALUES ( 766,0,0,0,'','','',0,0,0,0,0,0,0,0,0,0,0,0,0,765,0 );
INSERT INTO ACT_BLK VALUES ( 771,0,0,0,'','','',0,0,0,0,0,0,0,0,0,0,0,0,0,770,0 );
INSERT INTO ACT_BLK VALUES ( 776,0,0,0,'','','',0,0,0,0,0,0,0,0,0,0,0,0,0,775,0 );
INSERT INTO ACT_BLK VALUES ( 781,0,0,0,'','','',0,0,0,0,0,0,0,0,0,0,0,0,0,780,0 );
INSERT INTO ACT_ACT VALUES ( 9,'signal',0,10,0,0,'UserInterface::BookingProvider::requestAvailableBookables',0 );
INSERT INTO ACT_ACT VALUES ( 91,'signal',0,92,0,0,'UserInterface::BookingProvider::available',0 );
INSERT INTO ACT_ACT VALUES ( 95,'signal',0,96,0,0,'UserInterface::BookingProvider::select',0 );
INSERT INTO ACT_ACT VALUES ( 99,'signal',0,100,0,0,'UserInterface::BookingProvider::extraServices',0 );
INSERT INTO ACT_ACT VALUES ( 103,'signal',0,104,0,0,'UserInterface::BookingProvider::addServices',0 );
INSERT INTO ACT_ACT VALUES ( 107,'signal',0,108,0,0,'UserInterface::BookingProvider::customerDetails',0 );
INSERT INTO ACT_ACT VALUES ( 111,'signal',0,112,0,0,'UserInterface::BookingProvider::addGuest',0 );
INSERT INTO ACT_ACT VALUES ( 115,'signal',0,116,0,0,'UserInterface::BookingProvider::paymentInfo',0 );
INSERT INTO ACT_ACT VALUES ( 119,'signal',0,120,0,0,'UserInterface::BookingProvider::bookingConfirmation',0 );
INSERT INTO ACT_ACT VALUES ( 122,'signal',0,123,0,0,'UserInterface::BookingProvider::errorSignal',0 );
INSERT INTO ACT_ACT VALUES ( 126,'signal',0,127,0,0,'UserInterface::BookingProvider::requestSession',0 );
INSERT INTO ACT_ACT VALUES ( 147,'signal',0,148,0,0,'UserInterface::BookingProvider::session',0 );
INSERT INTO ACT_ACT VALUES ( 256,'function',0,257,0,0,'PopulateFacilityTypes',0 );
INSERT INTO ACT_ACT VALUES ( 321,'operation',0,322,0,0,'Billing::isPayed',0 );
INSERT INTO ACT_ACT VALUES ( 323,'operation',0,324,0,0,'Billing::getCost',0 );
INSERT INTO ACT_ACT VALUES ( 333,'operation',0,334,0,0,'Bookable::isAvailable',0 );
INSERT INTO ACT_ACT VALUES ( 336,'operation',0,337,0,0,'Bookable::getBookableRepresentation',0 );
INSERT INTO ACT_ACT VALUES ( 351,'operation',0,352,0,0,'Booking::addGuest',0 );
INSERT INTO ACT_ACT VALUES ( 354,'operation',0,355,0,0,'Booking::getBookingInfo',0 );
INSERT INTO ACT_ACT VALUES ( 358,'operation',0,359,0,0,'Booking::setCustomer',0 );
INSERT INTO ACT_ACT VALUES ( 362,'operation',0,363,0,0,'Booking::addBookable',0 );
INSERT INTO ACT_ACT VALUES ( 365,'operation',0,366,0,0,'Booking::addService',0 );
INSERT INTO ACT_ACT VALUES ( 378,'operation',0,379,0,0,'BookingSession::addGuest',0 );
INSERT INTO ACT_ACT VALUES ( 383,'operation',0,384,0,0,'BookingSession::createGuest',0 );
INSERT INTO ACT_ACT VALUES ( 387,'operation',0,388,0,0,'BookingSession::selectBookable',0 );
INSERT INTO ACT_ACT VALUES ( 391,'operation',0,392,0,0,'BookingSession::addService',0 );
INSERT INTO ACT_ACT VALUES ( 394,'operation',0,395,0,0,'BookingSession::createCustomer',0 );
INSERT INTO ACT_ACT VALUES ( 399,'operation',0,400,0,0,'BookingSession::search',0 );
INSERT INTO ACT_ACT VALUES ( 421,'state',0,422,0,0,'BookingSession::ready',0 );
INSERT INTO ACT_ACT VALUES ( 427,'state',0,428,0,0,'BookingSession::customerProvided',0 );
INSERT INTO ACT_ACT VALUES ( 431,'state',0,432,0,0,'BookingSession::finallyReady',0 );
INSERT INTO ACT_ACT VALUES ( 435,'state',0,436,0,0,'BookingSession::selected',0 );
INSERT INTO ACT_ACT VALUES ( 439,'state',0,440,0,0,'BookingSession::guestAdded',0 );
INSERT INTO ACT_ACT VALUES ( 443,'state',0,444,0,0,'BookingSession::addService',0 );
INSERT INTO ACT_ACT VALUES ( 447,'state',0,448,0,0,'BookingSession::paymentSuggested',0 );
INSERT INTO ACT_ACT VALUES ( 451,'state',0,452,0,0,'BookingSession::confirmation',0 );
INSERT INTO ACT_ACT VALUES ( 455,'state',0,456,0,0,'BookingSession::accepted',0 );
INSERT INTO ACT_ACT VALUES ( 459,'state',0,460,0,0,'BookingSession::aborted',0 );
INSERT INTO ACT_ACT VALUES ( 463,'state',0,464,0,0,'BookingSession::searched',0 );
INSERT INTO ACT_ACT VALUES ( 467,'transition',0,468,0,0,'No Event Assigned',0 );
INSERT INTO ACT_ACT VALUES ( 471,'transition',0,472,0,0,'BOOKINGSESSION2: addGuestEvent',0 );
INSERT INTO ACT_ACT VALUES ( 475,'transition',0,476,0,0,'BOOKINGSESSION3: addServiceEvent',0 );
INSERT INTO ACT_ACT VALUES ( 479,'transition',0,480,0,0,'BOOKINGSESSION2: addGuestEvent',0 );
INSERT INTO ACT_ACT VALUES ( 483,'transition',0,484,0,0,'BOOKINGSESSION3: addServiceEvent',0 );
INSERT INTO ACT_ACT VALUES ( 487,'transition',0,488,0,0,'BOOKINGSESSION4: confirmEvent',0 );
INSERT INTO ACT_ACT VALUES ( 491,'transition',0,492,0,0,'BOOKINGSESSION4: confirmEvent',0 );
INSERT INTO ACT_ACT VALUES ( 495,'transition',0,496,0,0,'BOOKINGSESSION5: customerDetailsEvent',0 );
INSERT INTO ACT_ACT VALUES ( 499,'transition',0,500,0,0,'BOOKINGSESSION6: paymentInfoEvent',0 );
INSERT INTO ACT_ACT VALUES ( 503,'transition',0,504,0,0,'BOOKINGSESSION7: paymentConfirmedEvent',0 );
INSERT INTO ACT_ACT VALUES ( 507,'transition',0,508,0,0,'BOOKINGSESSION4: confirmEvent',0 );
INSERT INTO ACT_ACT VALUES ( 511,'transition',0,512,0,0,'BOOKINGSESSION8: cancelEvent',0 );
INSERT INTO ACT_ACT VALUES ( 515,'transition',0,516,0,0,'BOOKINGSESSION1: selectEvent',0 );
INSERT INTO ACT_ACT VALUES ( 519,'transition',0,520,0,0,'BOOKINGSESSION1: selectEvent',0 );
INSERT INTO ACT_ACT VALUES ( 523,'transition',0,524,0,0,'BOOKINGSESSION9: searchEvent',0 );
INSERT INTO ACT_ACT VALUES ( 527,'transition',0,528,0,0,'BOOKINGSESSION9: searchEvent',0 );
INSERT INTO ACT_ACT VALUES ( 531,'transition',0,532,0,0,'BOOKINGSESSION9: searchEvent',0 );
INSERT INTO ACT_ACT VALUES ( 538,'class state',0,539,0,0,'BookingSession::Standby',0 );
INSERT INTO ACT_ACT VALUES ( 542,'class transition',0,543,0,0,'UserInterface::requestSession',0 );
INSERT INTO ACT_ACT VALUES ( 576,'operation',0,577,0,0,'FacilityType::getPossibleExtras',0 );
INSERT INTO ACT_ACT VALUES ( 581,'operation',0,582,0,0,'Guest::setFacility',0 );
INSERT INTO ACT_ACT VALUES ( 591,'operation',0,592,0,0,'Hotel::createFacilityGroup',0 );
INSERT INTO ACT_ACT VALUES ( 595,'operation',0,596,0,0,'Hotel::createStaff',0 );
INSERT INTO ACT_ACT VALUES ( 599,'operation',0,600,0,0,'Hotel::createService',0 );
INSERT INTO ACT_ACT VALUES ( 603,'operation',0,604,0,0,'Hotel::createFacility',0 );
INSERT INTO ACT_ACT VALUES ( 607,'operation',0,608,0,0,'Hotel::availableBookables',0 );
INSERT INTO ACT_ACT VALUES ( 610,'operation',0,611,0,0,'Hotel::addBooking',0 );
INSERT INTO ACT_ACT VALUES ( 629,'signal',0,630,0,0,'UserInterface::BookingProvider::requestAvailableBookables',0 );
INSERT INTO ACT_ACT VALUES ( 632,'signal',0,633,0,0,'UserInterface::BookingProvider::available',0 );
INSERT INTO ACT_ACT VALUES ( 635,'signal',0,636,0,0,'UserInterface::BookingProvider::select',0 );
INSERT INTO ACT_ACT VALUES ( 638,'signal',0,639,0,0,'UserInterface::BookingProvider::extraServices',0 );
INSERT INTO ACT_ACT VALUES ( 641,'signal',0,642,0,0,'UserInterface::BookingProvider::addServices',0 );
INSERT INTO ACT_ACT VALUES ( 644,'signal',0,645,0,0,'UserInterface::BookingProvider::customerDetails',0 );
INSERT INTO ACT_ACT VALUES ( 647,'signal',0,648,0,0,'UserInterface::BookingProvider::addGuest',0 );
INSERT INTO ACT_ACT VALUES ( 650,'signal',0,651,0,0,'UserInterface::BookingProvider::paymentInfo',0 );
INSERT INTO ACT_ACT VALUES ( 653,'signal',0,654,0,0,'UserInterface::BookingProvider::bookingConfirmation',0 );
INSERT INTO ACT_ACT VALUES ( 659,'signal',0,660,0,0,'UserInterface::BookingProvider::errorSignal',0 );
INSERT INTO ACT_ACT VALUES ( 662,'signal',0,663,0,0,'UserInterface::BookingProvider::requestSession',0 );
INSERT INTO ACT_ACT VALUES ( 665,'signal',0,666,0,0,'UserInterface::BookingProvider::session',0 );
INSERT INTO ACT_ACT VALUES ( 680,'function',0,681,0,0,'startSimpleTest',0 );
INSERT INTO ACT_ACT VALUES ( 694,'state',0,695,0,0,'SimpleTest::entryPoint',0 );
INSERT INTO ACT_ACT VALUES ( 700,'state',0,701,0,0,'SimpleTest::requestSession',0 );
INSERT INTO ACT_ACT VALUES ( 707,'state',0,708,0,0,'SimpleTest::requestAvailableBookables',0 );
INSERT INTO ACT_ACT VALUES ( 713,'transition',0,714,0,0,'No Event Assigned',0 );
INSERT INTO ACT_ACT VALUES ( 717,'transition',0,718,0,0,'SIMPLETEST1: start',0 );
INSERT INTO ACT_ACT VALUES ( 721,'transition',0,722,0,0,'SIMPLETEST2: sessionEvent',0 );
INSERT INTO ACT_ACT VALUES ( 758,'bridge',0,759,0,0,'Logging::LogSuccess',0 );
INSERT INTO ACT_ACT VALUES ( 762,'bridge',0,763,0,0,'Logging::LogFailure',0 );
INSERT INTO ACT_ACT VALUES ( 765,'bridge',0,766,0,0,'Logging::LogInfo',0 );
INSERT INTO ACT_ACT VALUES ( 770,'bridge',0,771,0,0,'Logging::LogDate',0 );
INSERT INTO ACT_ACT VALUES ( 775,'bridge',0,776,0,0,'Logging::LogTime',0 );
INSERT INTO ACT_ACT VALUES ( 780,'bridge',0,781,0,0,'Logging::LogReal',0 );
INSERT INTO ACT_AI VALUES ( 31,33,34,0,0 );
INSERT INTO ACT_AI VALUES ( 263,265,266,0,0 );
INSERT INTO ACT_AI VALUES ( 264,268,269,0,0 );
INSERT INTO ACT_AI VALUES ( 267,271,272,0,0 );
INSERT INTO ACT_AI VALUES ( 275,277,278,0,0 );
INSERT INTO ACT_AI VALUES ( 281,283,284,0,0 );
INSERT INTO ACT_AI VALUES ( 287,288,289,0,0 );
INSERT INTO ACT_AI VALUES ( 338,339,340,0,0 );
INSERT INTO ACT_SEL VALUES ( 63,65,1,'one',66 );
INSERT INTO ACT_FOR VALUES ( 35,38,1,39,40,41 );
INSERT INTO ACT_REL VALUES ( 133,132,134,'',137,6,34,0,0 );
INSERT INTO ACT_REL VALUES ( 261,260,262,'',68,4,23,0,0 );
INSERT INTO ACT_REL VALUES ( 273,274,260,'',251,12,24,0,0 );
INSERT INTO ACT_REL VALUES ( 279,280,260,'',251,16,24,0,0 );
INSERT INTO ACT_REL VALUES ( 285,286,260,'',251,20,24,0,0 );
INSERT INTO ACT_REL VALUES ( 547,546,548,'',137,6,34,0,0 );
INSERT INTO ACT_E VALUES ( 18,19,12 );
INSERT INTO ACT_FIW VALUES ( 11,13,1,'any',14,15,1,38 );
INSERT INTO ACT_FIO VALUES ( 401,403,1,'many',41,1,33 );
INSERT INTO ACT_FIO VALUES ( 668,670,1,'any',671,2,33 );
INSERT INTO ACT_CR VALUES ( 129,132,1,15,3,35 );
INSERT INTO ACT_CR VALUES ( 131,134,1,135,5,35 );
INSERT INTO ACT_CR VALUES ( 258,260,1,41,2,30 );
INSERT INTO ACT_CR VALUES ( 259,262,1,69,3,29 );
INSERT INTO ACT_CR VALUES ( 270,274,1,151,11,30 );
INSERT INTO ACT_CR VALUES ( 276,280,1,151,15,30 );
INSERT INTO ACT_CR VALUES ( 282,286,1,151,19,30 );
INSERT INTO ACT_CR VALUES ( 544,546,1,15,3,35 );
INSERT INTO ACT_CR VALUES ( 545,548,1,135,5,35 );
INSERT INTO ACT_CR VALUES ( 683,685,1,671,2,30 );
INSERT INTO ACT_IF VALUES ( 12,16,17,0,0 );
INSERT INTO ACT_IF VALUES ( 32,36,37,0,0 );
INSERT INTO ACT_BRG VALUES ( 128,130,2,6,2,1 );
INSERT INTO ACT_BRG VALUES ( 423,130,1,6,1,1 );
INSERT INTO ACT_BRG VALUES ( 655,130,1,6,1,1 );
INSERT INTO ACT_BRG VALUES ( 667,130,1,6,1,1 );
INSERT INTO ACT_BRG VALUES ( 682,130,1,6,1,1 );
INSERT INTO ACT_BRG VALUES ( 696,130,1,6,1,1 );
INSERT INTO ACT_BRG VALUES ( 702,130,1,6,1,1 );
INSERT INTO ACT_BRG VALUES ( 709,130,1,6,1,1 );
INSERT INTO ACT_SR VALUES ( 63 );
INSERT INTO ACT_RET VALUES ( 402,404 );
INSERT INTO ACT_LNK VALUES ( 67,'',63,68,0,2,69,12,31,12,40,0,0 );
INSERT INTO ACT_SGN VALUES ( 59,8,25,8,8,60,0,0 );
INSERT INTO ACT_SGN VALUES ( 64,13,25,13,8,70,0,0 );
INSERT INTO ACT_SGN VALUES ( 88,20,24,20,7,60,0,0 );
INSERT INTO ACT_SGN VALUES ( 136,9,23,9,6,117,0,0 );
INSERT INTO ACT_SGN VALUES ( 549,8,23,8,6,145,0,0 );
INSERT INTO ACT_SGN VALUES ( 703,2,23,2,6,0,661,0 );
INSERT INTO ACT_SAB VALUES ( 421,409,420 );
INSERT INTO ACT_SAB VALUES ( 427,409,426 );
INSERT INTO ACT_SAB VALUES ( 431,409,430 );
INSERT INTO ACT_SAB VALUES ( 435,409,434 );
INSERT INTO ACT_SAB VALUES ( 439,409,438 );
INSERT INTO ACT_SAB VALUES ( 443,409,442 );
INSERT INTO ACT_SAB VALUES ( 447,409,446 );
INSERT INTO ACT_SAB VALUES ( 451,409,450 );
INSERT INTO ACT_SAB VALUES ( 455,409,454 );
INSERT INTO ACT_SAB VALUES ( 459,409,458 );
INSERT INTO ACT_SAB VALUES ( 463,409,462 );
INSERT INTO ACT_SAB VALUES ( 538,533,537 );
INSERT INTO ACT_SAB VALUES ( 694,691,693 );
INSERT INTO ACT_SAB VALUES ( 700,691,699 );
INSERT INTO ACT_SAB VALUES ( 707,691,706 );
INSERT INTO ACT_FNB VALUES ( 256,254 );
INSERT INTO ACT_FNB VALUES ( 680,679 );
INSERT INTO ACT_OPB VALUES ( 321,319 );
INSERT INTO ACT_OPB VALUES ( 323,320 );
INSERT INTO ACT_OPB VALUES ( 333,331 );
INSERT INTO ACT_OPB VALUES ( 336,335 );
INSERT INTO ACT_OPB VALUES ( 351,347 );
INSERT INTO ACT_OPB VALUES ( 354,348 );
INSERT INTO ACT_OPB VALUES ( 358,353 );
INSERT INTO ACT_OPB VALUES ( 362,356 );
INSERT INTO ACT_OPB VALUES ( 365,360 );
INSERT INTO ACT_OPB VALUES ( 378,373 );
INSERT INTO ACT_OPB VALUES ( 383,374 );
INSERT INTO ACT_OPB VALUES ( 387,380 );
INSERT INTO ACT_OPB VALUES ( 391,385 );
INSERT INTO ACT_OPB VALUES ( 394,389 );
INSERT INTO ACT_OPB VALUES ( 399,43 );
INSERT INTO ACT_OPB VALUES ( 576,575 );
INSERT INTO ACT_OPB VALUES ( 581,579 );
INSERT INTO ACT_OPB VALUES ( 591,588 );
INSERT INTO ACT_OPB VALUES ( 595,589 );
INSERT INTO ACT_OPB VALUES ( 599,593 );
INSERT INTO ACT_OPB VALUES ( 603,597 );
INSERT INTO ACT_OPB VALUES ( 607,601 );
INSERT INTO ACT_OPB VALUES ( 610,605 );
INSERT INTO ACT_BRB VALUES ( 758,756 );
INSERT INTO ACT_BRB VALUES ( 762,760 );
INSERT INTO ACT_BRB VALUES ( 765,130 );
INSERT INTO ACT_BRB VALUES ( 770,767 );
INSERT INTO ACT_BRB VALUES ( 775,772 );
INSERT INTO ACT_BRB VALUES ( 780,777 );
INSERT INTO ACT_PSB VALUES ( 9,7 );
INSERT INTO ACT_PSB VALUES ( 91,70 );
INSERT INTO ACT_PSB VALUES ( 95,93 );
INSERT INTO ACT_PSB VALUES ( 99,97 );
INSERT INTO ACT_PSB VALUES ( 103,101 );
INSERT INTO ACT_PSB VALUES ( 107,105 );
INSERT INTO ACT_PSB VALUES ( 111,109 );
INSERT INTO ACT_PSB VALUES ( 115,113 );
INSERT INTO ACT_PSB VALUES ( 119,117 );
INSERT INTO ACT_PSB VALUES ( 122,60 );
INSERT INTO ACT_PSB VALUES ( 126,124 );
INSERT INTO ACT_PSB VALUES ( 147,145 );
INSERT INTO ACT_RSB VALUES ( 629,628 );
INSERT INTO ACT_RSB VALUES ( 632,631 );
INSERT INTO ACT_RSB VALUES ( 635,634 );
INSERT INTO ACT_RSB VALUES ( 638,637 );
INSERT INTO ACT_RSB VALUES ( 641,640 );
INSERT INTO ACT_RSB VALUES ( 644,643 );
INSERT INTO ACT_RSB VALUES ( 647,646 );
INSERT INTO ACT_RSB VALUES ( 650,649 );
INSERT INTO ACT_RSB VALUES ( 653,652 );
INSERT INTO ACT_RSB VALUES ( 659,658 );
INSERT INTO ACT_RSB VALUES ( 662,661 );
INSERT INTO ACT_RSB VALUES ( 665,664 );
INSERT INTO ACT_TAB VALUES ( 467,409,466 );
INSERT INTO ACT_TAB VALUES ( 471,409,470 );
INSERT INTO ACT_TAB VALUES ( 475,409,474 );
INSERT INTO ACT_TAB VALUES ( 479,409,478 );
INSERT INTO ACT_TAB VALUES ( 483,409,482 );
INSERT INTO ACT_TAB VALUES ( 487,409,486 );
INSERT INTO ACT_TAB VALUES ( 491,409,490 );
INSERT INTO ACT_TAB VALUES ( 495,409,494 );
INSERT INTO ACT_TAB VALUES ( 499,409,498 );
INSERT INTO ACT_TAB VALUES ( 503,409,502 );
INSERT INTO ACT_TAB VALUES ( 507,409,506 );
INSERT INTO ACT_TAB VALUES ( 511,409,510 );
INSERT INTO ACT_TAB VALUES ( 515,409,514 );
INSERT INTO ACT_TAB VALUES ( 519,409,518 );
INSERT INTO ACT_TAB VALUES ( 523,409,522 );
INSERT INTO ACT_TAB VALUES ( 527,409,526 );
INSERT INTO ACT_TAB VALUES ( 531,409,530 );
INSERT INTO ACT_TAB VALUES ( 542,533,541 );
INSERT INTO ACT_TAB VALUES ( 713,691,712 );
INSERT INTO ACT_TAB VALUES ( 717,691,716 );
INSERT INTO ACT_TAB VALUES ( 721,691,720 );
INSERT INTO E_GEN VALUES ( 669,670 );
INSERT INTO E_GEN VALUES ( 684,685 );
INSERT INTO E_ESS VALUES ( 669,1,0,4,10,4,22,2,33,0,0,0,0 );
INSERT INTO E_ESS VALUES ( 684,1,0,3,10,3,22,2,30,0,0,0,0 );
INSERT INTO E_GES VALUES ( 669 );
INSERT INTO E_GES VALUES ( 684 );
INSERT INTO E_GSME VALUES ( 669,672 );
INSERT INTO E_GSME VALUES ( 684,686 );
INSERT INTO PE_PE VALUES ( 3,1,2,0,2 );
INSERT INTO PE_PE VALUES ( 149,1,0,3,7 );
INSERT INTO PE_PE VALUES ( 150,1,149,0,3 );
INSERT INTO PE_PE VALUES ( 152,1,149,0,3 );
INSERT INTO PE_PE VALUES ( 153,1,149,0,3 );
INSERT INTO PE_PE VALUES ( 142,1,149,0,3 );
INSERT INTO PE_PE VALUES ( 154,1,149,0,3 );
INSERT INTO PE_PE VALUES ( 76,1,149,0,3 );
INSERT INTO PE_PE VALUES ( 42,1,149,0,3 );
INSERT INTO PE_PE VALUES ( 55,1,149,0,3 );
INSERT INTO PE_PE VALUES ( 155,1,149,0,3 );
INSERT INTO PE_PE VALUES ( 157,1,149,0,3 );
INSERT INTO PE_PE VALUES ( 158,1,149,0,9 );
INSERT INTO PE_PE VALUES ( 137,1,149,0,9 );
INSERT INTO PE_PE VALUES ( 164,1,149,0,9 );
INSERT INTO PE_PE VALUES ( 168,1,149,0,9 );
INSERT INTO PE_PE VALUES ( 172,1,149,0,9 );
INSERT INTO PE_PE VALUES ( 175,1,149,0,9 );
INSERT INTO PE_PE VALUES ( 180,1,149,0,9 );
INSERT INTO PE_PE VALUES ( 184,1,149,0,9 );
INSERT INTO PE_PE VALUES ( 188,1,149,0,9 );
INSERT INTO PE_PE VALUES ( 196,1,149,0,9 );
INSERT INTO PE_PE VALUES ( 201,1,149,0,9 );
INSERT INTO PE_PE VALUES ( 204,1,149,0,9 );
INSERT INTO PE_PE VALUES ( 208,1,149,0,9 );
INSERT INTO PE_PE VALUES ( 211,1,149,0,9 );
INSERT INTO PE_PE VALUES ( 214,1,149,0,9 );
INSERT INTO PE_PE VALUES ( 217,1,149,0,9 );
INSERT INTO PE_PE VALUES ( 220,1,149,0,9 );
INSERT INTO PE_PE VALUES ( 225,1,149,0,9 );
INSERT INTO PE_PE VALUES ( 228,1,149,0,9 );
INSERT INTO PE_PE VALUES ( 231,1,149,0,9 );
INSERT INTO PE_PE VALUES ( 235,1,149,0,9 );
INSERT INTO PE_PE VALUES ( 238,1,149,0,9 );
INSERT INTO PE_PE VALUES ( 241,1,149,0,9 );
INSERT INTO PE_PE VALUES ( 244,1,149,0,9 );
INSERT INTO PE_PE VALUES ( 68,1,149,0,9 );
INSERT INTO PE_PE VALUES ( 251,1,149,0,9 );
INSERT INTO PE_PE VALUES ( 254,1,149,0,1 );
INSERT INTO PE_PE VALUES ( 166,1,149,0,4 );
INSERT INTO PE_PE VALUES ( 178,1,149,0,4 );
INSERT INTO PE_PE VALUES ( 185,1,149,0,4 );
INSERT INTO PE_PE VALUES ( 69,1,149,0,4 );
INSERT INTO PE_PE VALUES ( 135,1,149,0,4 );
INSERT INTO PE_PE VALUES ( 15,1,149,0,4 );
INSERT INTO PE_PE VALUES ( 190,1,149,0,4 );
INSERT INTO PE_PE VALUES ( 169,1,149,0,4 );
INSERT INTO PE_PE VALUES ( 192,1,149,0,4 );
INSERT INTO PE_PE VALUES ( 159,1,149,0,4 );
INSERT INTO PE_PE VALUES ( 151,1,149,0,4 );
INSERT INTO PE_PE VALUES ( 197,1,149,0,4 );
INSERT INTO PE_PE VALUES ( 41,1,149,0,4 );
INSERT INTO PE_PE VALUES ( 206,1,149,0,4 );
INSERT INTO PE_PE VALUES ( 199,1,149,0,4 );
INSERT INTO PE_PE VALUES ( 194,1,149,0,4 );
INSERT INTO PE_PE VALUES ( 233,1,149,0,4 );
INSERT INTO PE_PE VALUES ( 182,1,149,0,4 );
INSERT INTO PE_PE VALUES ( 223,1,149,0,4 );
INSERT INTO PE_PE VALUES ( 156,1,149,0,4 );
INSERT INTO PE_PE VALUES ( 221,1,149,0,4 );
INSERT INTO PE_PE VALUES ( 625,1,2,0,2 );
INSERT INTO PE_PE VALUES ( 677,1,0,625,7 );
INSERT INTO PE_PE VALUES ( 674,1,677,0,3 );
INSERT INTO PE_PE VALUES ( 678,1,677,0,3 );
INSERT INTO PE_PE VALUES ( 679,1,677,0,1 );
INSERT INTO PE_PE VALUES ( 671,1,677,0,4 );
INSERT INTO PE_PE VALUES ( 727,1,2,0,7 );
INSERT INTO PE_PE VALUES ( 6,1,727,0,6 );
INSERT INTO PE_PE VALUES ( 755,1,754,0,5 );
INSERT INTO PE_PE VALUES ( 785,1,784,0,21 );
INSERT INTO PE_PE VALUES ( 788,1,784,0,21 );
INSERT INTO PE_PE VALUES ( 787,1,784,0,22 );
INSERT INTO PE_PE VALUES ( 255,1,0,0,3 );
INSERT INTO PE_PE VALUES ( 25,1,0,0,3 );
INSERT INTO PE_PE VALUES ( 50,1,0,0,3 );
INSERT INTO PE_PE VALUES ( 730,1,0,0,3 );
INSERT INTO PE_PE VALUES ( 62,1,0,0,3 );
INSERT INTO PE_PE VALUES ( 23,1,0,0,3 );
INSERT INTO PE_PE VALUES ( 408,1,0,0,3 );
INSERT INTO PE_PE VALUES ( 790,1,0,0,3 );
INSERT INTO PE_PE VALUES ( 21,1,0,0,3 );
INSERT INTO PE_PE VALUES ( 791,1,0,0,3 );
INSERT INTO PE_PE VALUES ( 792,1,0,0,3 );
INSERT INTO PE_PE VALUES ( 793,1,0,0,3 );
INSERT INTO PE_PE VALUES ( 794,1,0,0,3 );
INSERT INTO PE_PE VALUES ( 795,1,0,0,3 );
INSERT INTO PE_PE VALUES ( 565,1,0,0,3 );
INSERT INTO PE_PE VALUES ( 796,1,0,0,3 );
INSERT INTO PE_PE VALUES ( 45,1,0,0,3 );
INSERT INTO S_DT VALUES ( 150,0,'inst_ref_set<Facility>','','' );
INSERT INTO S_DT VALUES ( 152,0,'inst_ref<Facility>','','' );
INSERT INTO S_DT VALUES ( 153,0,'inst_ref_set<Booking>','','' );
INSERT INTO S_DT VALUES ( 142,0,'inst_ref<Booking>','','' );
INSERT INTO S_DT VALUES ( 154,0,'inst_ref_set<Bookable>','','' );
INSERT INTO S_DT VALUES ( 76,0,'inst_ref<Bookable>','','' );
INSERT INTO S_DT VALUES ( 42,0,'inst_ref_set<FacilityType>','','' );
INSERT INTO S_DT VALUES ( 55,0,'inst_ref<FacilityType>','','' );
INSERT INTO S_DT VALUES ( 155,0,'inst_ref_set<Service>','','' );
INSERT INTO S_DT VALUES ( 157,0,'inst_ref<Service>','','' );
INSERT INTO S_DT VALUES ( 674,0,'inst_ref<SimpleTest>','','' );
INSERT INTO S_DT VALUES ( 678,0,'inst_ref_set<SimpleTest>','','' );
INSERT INTO S_DT VALUES ( 255,0,'void','','' );
INSERT INTO S_DT VALUES ( 25,0,'boolean','','' );
INSERT INTO S_DT VALUES ( 50,0,'integer','','' );
INSERT INTO S_DT VALUES ( 730,0,'real','','' );
INSERT INTO S_DT VALUES ( 62,0,'string','','' );
INSERT INTO S_DT VALUES ( 23,0,'unique_id','','' );
INSERT INTO S_DT VALUES ( 408,0,'state<State_Model>','','' );
INSERT INTO S_DT VALUES ( 790,0,'same_as<Base_Attribute>','','' );
INSERT INTO S_DT VALUES ( 21,0,'inst_ref<Object>','','' );
INSERT INTO S_DT VALUES ( 791,0,'inst_ref_set<Object>','','' );
INSERT INTO S_DT VALUES ( 792,0,'inst<Event>','','' );
INSERT INTO S_DT VALUES ( 793,0,'inst<Mapping>','','' );
INSERT INTO S_DT VALUES ( 794,0,'inst_ref<Mapping>','','' );
INSERT INTO S_DT VALUES ( 795,0,'component_ref','','' );
INSERT INTO S_DT VALUES ( 565,0,'date','','' );
INSERT INTO S_DT VALUES ( 796,0,'inst_ref<Timer>','','' );
INSERT INTO S_DT VALUES ( 45,0,'timestamp','','' );
