-- Read a.xtuml on the UserPostOoaInitializationCalloutf command line.
INSERT INTO O_OBJ VALUES ( 269,'Benefit',19,'BENEFIT','',0 );
INSERT INTO O_OBJ VALUES ( 281,'Billing',13,'BILLING','',0 );
INSERT INTO O_OBJ VALUES ( 288,'BillingItem',14,'BILLINGITEM','',0 );
INSERT INTO O_OBJ VALUES ( 69,'Bookable',5,'BOOKABLE','',0 );
INSERT INTO O_OBJ VALUES ( 135,'Booking',10,'BOOKING','',0 );
INSERT INTO O_OBJ VALUES ( 15,'BookingSession',12,'BOOKINGSESSION','',0 );
INSERT INTO O_OBJ VALUES ( 293,'Cash',16,'CASH','',0 );
INSERT INTO O_OBJ VALUES ( 272,'Club',21,'CLUB','',0 );
INSERT INTO O_OBJ VALUES ( 295,'CreditCard',18,'CREDITCARD','',0 );
INSERT INTO O_OBJ VALUES ( 262,'Customer',20,'CUSTOMER','',0 );
INSERT INTO O_OBJ VALUES ( 161,'Facility',3,'FACILITY','',0 );
INSERT INTO O_OBJ VALUES ( 300,'FacilityGroup',4,'FACILITYGROUP','',0 );
INSERT INTO O_OBJ VALUES ( 41,'FacilityType',2,'FACILITYTYPE','',0 );
INSERT INTO O_OBJ VALUES ( 308,'Guest',11,'GUEST','',0 );
INSERT INTO O_OBJ VALUES ( 198,'Hotel',7,'HOTEL','',0 );
INSERT INTO O_OBJ VALUES ( 297,'Invoice',17,'INVOICE','',0 );
INSERT INTO O_OBJ VALUES ( 334,'Package',6,'PACKAGE','',0 );
INSERT INTO O_OBJ VALUES ( 285,'PaymentMethod',15,'PAYMENTMETHOD','',0 );
INSERT INTO O_OBJ VALUES ( 325,'Privilege',9,'PRIVILEGE','',0 );
INSERT INTO O_OBJ VALUES ( 259,'Service',1,'SERVICE','',0 );
INSERT INTO O_OBJ VALUES ( 323,'Staff',8,'STAFF','',0 );
INSERT INTO O_OBJ VALUES ( 774,'SimpleTest',1,'SIMPLETEST','',0 );
INSERT INTO O_OBJ VALUES ( 796,'Setup',2,'SETUP','',0 );
INSERT INTO O_ATTR VALUES ( 415,269,0,'discountPercentage','','','discountPercentage',0,50,'','' );
INSERT INTO O_ATTR VALUES ( 426,281,427,'isPayed','','','isPayed',0,25,'','' );
INSERT INTO O_ATTR VALUES ( 427,281,0,'paymentDate','','','paymentDate',0,428,'','' );
INSERT INTO O_ATTR VALUES ( 431,288,432,'description','','','description',0,62,'','' );
INSERT INTO O_ATTR VALUES ( 432,288,0,'cost','','','cost',0,50,'','' );
INSERT INTO O_ATTR VALUES ( 80,69,77,'description','','','description',0,62,'','' );
INSERT INTO O_ATTR VALUES ( 77,69,0,'price','','','price',0,50,'','' );
INSERT INTO O_ATTR VALUES ( 449,69,80,'id','','','id',0,23,'','' );
INSERT INTO O_ATTR VALUES ( 212,69,449,'name','','','name',0,62,'','' );
INSERT INTO O_ATTR VALUES ( 472,135,0,'bookingNumber','','','bookingNumber',0,23,'','' );
INSERT INTO O_ATTR VALUES ( 24,15,0,'ID','','','ID',0,23,'','' );
INSERT INTO O_ATTR VALUES ( 509,15,24,'current_state','','','current_state',0,510,'','' );
INSERT INTO O_ATTR VALUES ( 645,272,0,'clubName','','','clubName',0,62,'','' );
INSERT INTO O_ATTR VALUES ( 648,295,649,'cvcCode','','','cvcCode',0,50,'','' );
INSERT INTO O_ATTR VALUES ( 649,295,650,'expirationDate','','','expirationDate',0,45,'','' );
INSERT INTO O_ATTR VALUES ( 650,295,0,'cardNumber','','','cardNumber',0,50,'','' );
INSERT INTO O_ATTR VALUES ( 653,262,654,'customerID','','','customerID',0,50,'','' );
INSERT INTO O_ATTR VALUES ( 654,262,0,'name','','','name',0,62,'','' );
INSERT INTO O_ATTR VALUES ( 657,161,658,'checkedOut','','','checkedOut',0,428,'','' );
INSERT INTO O_ATTR VALUES ( 658,161,184,'checkedIn','','','checkedIn',0,428,'','' );
INSERT INTO O_ATTR VALUES ( 184,161,0,'facilityID','','','facilityID',0,62,'','' );
INSERT INTO O_ATTR VALUES ( 661,300,0,'name','','','name',0,62,'','' );
INSERT INTO O_ATTR VALUES ( 83,41,0,'approximateArea','','','approximateArea',0,62,'','' );
INSERT INTO O_ATTR VALUES ( 73,41,83,'id','','','id',0,23,'','' );
INSERT INTO O_ATTR VALUES ( 673,308,674,'checkedOut','','','checkedOut',0,428,'','' );
INSERT INTO O_ATTR VALUES ( 674,308,675,'checkedIn','','','checkedIn',0,428,'','' );
INSERT INTO O_ATTR VALUES ( 675,308,676,'age','','','age',0,50,'','' );
INSERT INTO O_ATTR VALUES ( 676,308,0,'name','','','name',0,62,'','' );
INSERT INTO O_ATTR VALUES ( 703,198,704,'description','','','description',0,62,'','' );
INSERT INTO O_ATTR VALUES ( 704,198,0,'adress','','','adress',0,62,'','' );
INSERT INTO O_ATTR VALUES ( 707,297,0,'sentDate','','','sentDate',0,428,'','' );
INSERT INTO O_ATTR VALUES ( 716,259,717,'description','','','description',0,62,'','' );
INSERT INTO O_ATTR VALUES ( 717,259,0,'independent','','','independent',0,25,'','' );
INSERT INTO O_ATTR VALUES ( 720,323,0,'name','','','name',0,62,'','' );
INSERT INTO O_ATTR VALUES ( 818,774,0,'current_state','','','current_state',0,510,'','' );
INSERT INTO O_ATTR VALUES ( 819,774,818,'sessionID','','','sessionID',0,23,'','' );
INSERT INTO O_ATTR VALUES ( 878,796,0,'current_state','','','current_state',0,510,'','' );
INSERT INTO O_ID VALUES ( 2,269 );
INSERT INTO O_ID VALUES ( 1,269 );
INSERT INTO O_ID VALUES ( 0,269 );
INSERT INTO O_ID VALUES ( 2,281 );
INSERT INTO O_ID VALUES ( 1,281 );
INSERT INTO O_ID VALUES ( 0,281 );
INSERT INTO O_ID VALUES ( 2,288 );
INSERT INTO O_ID VALUES ( 1,288 );
INSERT INTO O_ID VALUES ( 0,288 );
INSERT INTO O_ID VALUES ( 2,69 );
INSERT INTO O_ID VALUES ( 1,69 );
INSERT INTO O_ID VALUES ( 0,69 );
INSERT INTO O_ID VALUES ( 2,135 );
INSERT INTO O_ID VALUES ( 1,135 );
INSERT INTO O_ID VALUES ( 0,135 );
INSERT INTO O_ID VALUES ( 2,15 );
INSERT INTO O_ID VALUES ( 1,15 );
INSERT INTO O_ID VALUES ( 0,15 );
INSERT INTO O_ID VALUES ( 2,293 );
INSERT INTO O_ID VALUES ( 1,293 );
INSERT INTO O_ID VALUES ( 0,293 );
INSERT INTO O_ID VALUES ( 2,272 );
INSERT INTO O_ID VALUES ( 1,272 );
INSERT INTO O_ID VALUES ( 0,272 );
INSERT INTO O_ID VALUES ( 2,295 );
INSERT INTO O_ID VALUES ( 1,295 );
INSERT INTO O_ID VALUES ( 0,295 );
INSERT INTO O_ID VALUES ( 2,262 );
INSERT INTO O_ID VALUES ( 1,262 );
INSERT INTO O_ID VALUES ( 0,262 );
INSERT INTO O_ID VALUES ( 2,161 );
INSERT INTO O_ID VALUES ( 1,161 );
INSERT INTO O_ID VALUES ( 0,161 );
INSERT INTO O_ID VALUES ( 2,300 );
INSERT INTO O_ID VALUES ( 1,300 );
INSERT INTO O_ID VALUES ( 0,300 );
INSERT INTO O_ID VALUES ( 2,41 );
INSERT INTO O_ID VALUES ( 1,41 );
INSERT INTO O_ID VALUES ( 0,41 );
INSERT INTO O_ID VALUES ( 2,308 );
INSERT INTO O_ID VALUES ( 1,308 );
INSERT INTO O_ID VALUES ( 0,308 );
INSERT INTO O_ID VALUES ( 2,198 );
INSERT INTO O_ID VALUES ( 1,198 );
INSERT INTO O_ID VALUES ( 0,198 );
INSERT INTO O_ID VALUES ( 2,297 );
INSERT INTO O_ID VALUES ( 1,297 );
INSERT INTO O_ID VALUES ( 0,297 );
INSERT INTO O_ID VALUES ( 2,334 );
INSERT INTO O_ID VALUES ( 1,334 );
INSERT INTO O_ID VALUES ( 0,334 );
INSERT INTO O_ID VALUES ( 2,285 );
INSERT INTO O_ID VALUES ( 1,285 );
INSERT INTO O_ID VALUES ( 0,285 );
INSERT INTO O_ID VALUES ( 2,325 );
INSERT INTO O_ID VALUES ( 1,325 );
INSERT INTO O_ID VALUES ( 0,325 );
INSERT INTO O_ID VALUES ( 2,259 );
INSERT INTO O_ID VALUES ( 1,259 );
INSERT INTO O_ID VALUES ( 0,259 );
INSERT INTO O_ID VALUES ( 2,323 );
INSERT INTO O_ID VALUES ( 1,323 );
INSERT INTO O_ID VALUES ( 0,323 );
INSERT INTO O_ID VALUES ( 0,774 );
INSERT INTO O_ID VALUES ( 1,774 );
INSERT INTO O_ID VALUES ( 2,774 );
INSERT INTO O_ID VALUES ( 0,796 );
INSERT INTO O_ID VALUES ( 1,796 );
INSERT INTO O_ID VALUES ( 2,796 );
INSERT INTO O_BATTR VALUES ( 415,269 );
INSERT INTO O_BATTR VALUES ( 426,281 );
INSERT INTO O_BATTR VALUES ( 427,281 );
INSERT INTO O_BATTR VALUES ( 431,288 );
INSERT INTO O_BATTR VALUES ( 432,288 );
INSERT INTO O_BATTR VALUES ( 80,69 );
INSERT INTO O_BATTR VALUES ( 77,69 );
INSERT INTO O_BATTR VALUES ( 449,69 );
INSERT INTO O_BATTR VALUES ( 212,69 );
INSERT INTO O_BATTR VALUES ( 472,135 );
INSERT INTO O_BATTR VALUES ( 24,15 );
INSERT INTO O_BATTR VALUES ( 509,15 );
INSERT INTO O_BATTR VALUES ( 645,272 );
INSERT INTO O_BATTR VALUES ( 648,295 );
INSERT INTO O_BATTR VALUES ( 649,295 );
INSERT INTO O_BATTR VALUES ( 650,295 );
INSERT INTO O_BATTR VALUES ( 653,262 );
INSERT INTO O_BATTR VALUES ( 654,262 );
INSERT INTO O_BATTR VALUES ( 657,161 );
INSERT INTO O_BATTR VALUES ( 658,161 );
INSERT INTO O_BATTR VALUES ( 184,161 );
INSERT INTO O_BATTR VALUES ( 661,300 );
INSERT INTO O_BATTR VALUES ( 83,41 );
INSERT INTO O_BATTR VALUES ( 73,41 );
INSERT INTO O_BATTR VALUES ( 673,308 );
INSERT INTO O_BATTR VALUES ( 674,308 );
INSERT INTO O_BATTR VALUES ( 675,308 );
INSERT INTO O_BATTR VALUES ( 676,308 );
INSERT INTO O_BATTR VALUES ( 703,198 );
INSERT INTO O_BATTR VALUES ( 704,198 );
INSERT INTO O_BATTR VALUES ( 707,297 );
INSERT INTO O_BATTR VALUES ( 716,259 );
INSERT INTO O_BATTR VALUES ( 717,259 );
INSERT INTO O_BATTR VALUES ( 720,323 );
INSERT INTO O_BATTR VALUES ( 818,774 );
INSERT INTO O_BATTR VALUES ( 819,774 );
INSERT INTO O_BATTR VALUES ( 878,796 );
INSERT INTO O_NBATTR VALUES ( 415,269 );
INSERT INTO O_NBATTR VALUES ( 426,281 );
INSERT INTO O_NBATTR VALUES ( 427,281 );
INSERT INTO O_NBATTR VALUES ( 431,288 );
INSERT INTO O_NBATTR VALUES ( 432,288 );
INSERT INTO O_NBATTR VALUES ( 80,69 );
INSERT INTO O_NBATTR VALUES ( 77,69 );
INSERT INTO O_NBATTR VALUES ( 449,69 );
INSERT INTO O_NBATTR VALUES ( 212,69 );
INSERT INTO O_NBATTR VALUES ( 472,135 );
INSERT INTO O_NBATTR VALUES ( 24,15 );
INSERT INTO O_NBATTR VALUES ( 509,15 );
INSERT INTO O_NBATTR VALUES ( 645,272 );
INSERT INTO O_NBATTR VALUES ( 648,295 );
INSERT INTO O_NBATTR VALUES ( 649,295 );
INSERT INTO O_NBATTR VALUES ( 650,295 );
INSERT INTO O_NBATTR VALUES ( 653,262 );
INSERT INTO O_NBATTR VALUES ( 654,262 );
INSERT INTO O_NBATTR VALUES ( 657,161 );
INSERT INTO O_NBATTR VALUES ( 658,161 );
INSERT INTO O_NBATTR VALUES ( 184,161 );
INSERT INTO O_NBATTR VALUES ( 661,300 );
INSERT INTO O_NBATTR VALUES ( 83,41 );
INSERT INTO O_NBATTR VALUES ( 73,41 );
INSERT INTO O_NBATTR VALUES ( 673,308 );
INSERT INTO O_NBATTR VALUES ( 674,308 );
INSERT INTO O_NBATTR VALUES ( 675,308 );
INSERT INTO O_NBATTR VALUES ( 676,308 );
INSERT INTO O_NBATTR VALUES ( 703,198 );
INSERT INTO O_NBATTR VALUES ( 704,198 );
INSERT INTO O_NBATTR VALUES ( 707,297 );
INSERT INTO O_NBATTR VALUES ( 716,259 );
INSERT INTO O_NBATTR VALUES ( 717,259 );
INSERT INTO O_NBATTR VALUES ( 720,323 );
INSERT INTO O_NBATTR VALUES ( 818,774 );
INSERT INTO O_NBATTR VALUES ( 819,774 );
INSERT INTO O_NBATTR VALUES ( 878,796 );
INSERT INTO S_CDT VALUES ( 355,0 );
INSERT INTO S_CDT VALUES ( 25,1 );
INSERT INTO S_CDT VALUES ( 50,2 );
INSERT INTO S_CDT VALUES ( 243,3 );
INSERT INTO S_CDT VALUES ( 62,4 );
INSERT INTO S_CDT VALUES ( 23,5 );
INSERT INTO S_CDT VALUES ( 510,6 );
INSERT INTO S_CDT VALUES ( 1025,7 );
INSERT INTO S_CDT VALUES ( 21,8 );
INSERT INTO S_CDT VALUES ( 1026,9 );
INSERT INTO S_CDT VALUES ( 1002,10 );
INSERT INTO S_CDT VALUES ( 1027,11 );
INSERT INTO S_CDT VALUES ( 1028,12 );
INSERT INTO S_CDT VALUES ( 1029,13 );
INSERT INTO O_TFR VALUES ( 420,281,'isPayed','',25,1,'',1,'',421 );
INSERT INTO O_TFR VALUES ( 421,281,'getCost','',50,1,'',1,'',0 );
INSERT INTO O_TFR VALUES ( 435,69,'isAvailable','',25,1,'',1,'',0 );
INSERT INTO O_TFR VALUES ( 439,69,'getBookableRepresentation','',355,1,'

i = 5;
BookingRepresentation.price = self.price;

',1,'',435 );
INSERT INTO O_TFR VALUES ( 452,135,'addGuest','',355,1,'',1,'',453 );
INSERT INTO O_TFR VALUES ( 453,135,'getBookingInfo','',145,1,'',1,'',458 );
INSERT INTO O_TFR VALUES ( 458,135,'setCustomer','',25,1,'',1,'',461 );
INSERT INTO O_TFR VALUES ( 461,135,'addBookable','',25,1,'',1,'',465 );
INSERT INTO O_TFR VALUES ( 465,135,'addService','',25,1,'',1,'',0 );
INSERT INTO O_TFR VALUES ( 475,15,'addGuest','',145,1,'',1,'',476 );
INSERT INTO O_TFR VALUES ( 476,15,'createGuest','',25,1,'',1,'',482 );
INSERT INTO O_TFR VALUES ( 482,15,'selectBookable','',257,1,'',1,'',487 );
INSERT INTO O_TFR VALUES ( 487,15,'addService','',25,1,'',1,'',491 );
INSERT INTO O_TFR VALUES ( 491,15,'createCustomer','',25,1,'',1,'',43 );
INSERT INTO O_TFR VALUES ( 43,15,'search','',42,1,'select many b from instances of FACILITYTYPE;
return b;',1,'',0 );
INSERT INTO O_TFR VALUES ( 664,41,'getPossibleExtras','',257,1,'',1,'',0 );
INSERT INTO O_TFR VALUES ( 669,308,'setFacility','',25,1,'',1,'',0 );
INSERT INTO O_TFR VALUES ( 679,198,'createFacilityGroup','',25,1,'',1,'',680 );
INSERT INTO O_TFR VALUES ( 680,198,'createStaff','',25,1,'',1,'',684 );
INSERT INTO O_TFR VALUES ( 684,198,'createService','',25,1,'',1,'',688 );
INSERT INTO O_TFR VALUES ( 688,198,'createFacility','',25,1,'',1,'',692 );
INSERT INTO O_TFR VALUES ( 692,198,'availableBookables','',257,1,'',1,'',696 );
INSERT INTO O_TFR VALUES ( 696,198,'addBooking','',25,1,'',1,'',0 );
INSERT INTO O_TPARM VALUES ( 436,435,'filter',50,0,'',0,'' );
INSERT INTO O_TPARM VALUES ( 454,452,'age',50,0,'',0,'' );
INSERT INTO O_TPARM VALUES ( 455,452,'name',62,0,'',454,'' );
INSERT INTO O_TPARM VALUES ( 462,458,'customer',62,0,'',0,'' );
INSERT INTO O_TPARM VALUES ( 466,461,'bookable',76,0,'',0,'' );
INSERT INTO O_TPARM VALUES ( 469,465,'bookable',76,0,'',0,'' );
INSERT INTO O_TPARM VALUES ( 477,475,'age',50,0,'',0,'' );
INSERT INTO O_TPARM VALUES ( 478,475,'name',62,0,'',479,'' );
INSERT INTO O_TPARM VALUES ( 479,475,'facility',172,0,'',477,'' );
INSERT INTO O_TPARM VALUES ( 483,476,'age',50,0,'',0,'' );
INSERT INTO O_TPARM VALUES ( 484,476,'name',62,0,'',483,'' );
INSERT INTO O_TPARM VALUES ( 488,482,'facilityType',55,0,'',0,'' );
INSERT INTO O_TPARM VALUES ( 492,487,'bookable',76,0,'',0,'' );
INSERT INTO O_TPARM VALUES ( 495,491,'name',62,0,'',0,'' );
INSERT INTO O_TPARM VALUES ( 498,43,'fromDate',428,0,'',500,'' );
INSERT INTO O_TPARM VALUES ( 499,43,'toDate',428,0,'',498,'' );
INSERT INTO O_TPARM VALUES ( 500,43,'facilityType',50,0,'',0,'' );
INSERT INTO O_TPARM VALUES ( 670,669,'facility',172,0,'',0,'' );
INSERT INTO O_TPARM VALUES ( 681,679,'name',62,0,'',0,'' );
INSERT INTO O_TPARM VALUES ( 685,680,'name',62,0,'',0,'' );
INSERT INTO O_TPARM VALUES ( 689,684,'description',62,0,'',0,'' );
INSERT INTO O_TPARM VALUES ( 693,688,'facilityID',62,0,'',0,'' );
INSERT INTO O_TPARM VALUES ( 697,692,'filter',50,0,'',0,'' );
INSERT INTO O_TPARM VALUES ( 700,696,'booking',145,0,'',0,'' );
INSERT INTO S_UDT VALUES ( 45,1027,1 );
INSERT INTO S_UDT VALUES ( 999,1028,3 );
INSERT INTO S_UDT VALUES ( 428,1027,2 );
INSERT INTO S_BRG VALUES ( 949,948,'LogSuccess','',0,355,'',1,'' );
INSERT INTO S_BRG VALUES ( 953,948,'LogFailure','',0,355,'',1,'' );
INSERT INTO S_BRG VALUES ( 130,948,'LogInfo','',0,355,'',1,'' );
INSERT INTO S_BRG VALUES ( 960,948,'LogDate','',0,355,'',1,'' );
INSERT INTO S_BRG VALUES ( 965,948,'LogTime','',0,355,'',1,'' );
INSERT INTO S_BRG VALUES ( 970,948,'LogReal','',0,355,'',1,'' );
INSERT INTO S_BRG VALUES ( 975,948,'LogInteger','',0,355,'',0,'' );
INSERT INTO S_BRG VALUES ( 978,977,'current_date','',1,45,'',0,'' );
INSERT INTO S_BRG VALUES ( 844,977,'create_date','',1,45,'',0,'' );
INSERT INTO S_BRG VALUES ( 985,977,'get_second','',1,50,'',0,'' );
INSERT INTO S_BRG VALUES ( 987,977,'get_minute','',1,50,'',0,'' );
INSERT INTO S_BRG VALUES ( 989,977,'get_hour','',1,50,'',0,'' );
INSERT INTO S_BRG VALUES ( 991,977,'get_day','',1,50,'',0,'' );
INSERT INTO S_BRG VALUES ( 993,977,'get_month','',1,50,'',0,'' );
INSERT INTO S_BRG VALUES ( 995,977,'get_year','',1,50,'',0,'' );
INSERT INTO S_BRG VALUES ( 997,977,'current_clock','',1,428,'',0,'' );
INSERT INTO S_BRG VALUES ( 998,977,'timer_start','This bridge operation starts a timer set to expire in the specified number of
microseconds, generating the passed event upon expiration. Returns the instance
handle of the timer.',1,999,'',0,'' );
INSERT INTO S_BRG VALUES ( 1003,977,'timer_start_recurring','This bridge operation starts a timer set to expire in the specified number of
microseconds, generating the passed event upon expiration. Upon expiration, the
timer will be restarted and fire again in the specified number of microseconds
generating the passed event. This bridge operation returns the instance handle
of the timer.',1,999,'',0,'' );
INSERT INTO S_BRG VALUES ( 1006,977,'timer_remaining_time','Returns the time remaining (in microseconds) for the passed timer instance. If
the timer has expired, a zero value is returned.',1,50,'',0,'' );
INSERT INTO S_BRG VALUES ( 1008,977,'timer_reset_time','This bridge operation attempts to set the passed existing timer to expire in
the specified number of microseconds. If the timer exists (that is, it has not
expired), a TRUE value is returned. If the timer no longer exists, a FALSE value
is returned.',1,25,'',0,'' );
INSERT INTO S_BRG VALUES ( 1011,977,'timer_add_time','This bridge operation attempts to add the specified number of microseconds to a
passed existing timer. If the timer exists (that is, it has not expired), a TRUE
value is returned. If the timer no longer exists, a FALSE value is returned.',1,25,'',0,'' );
INSERT INTO S_BRG VALUES ( 1014,977,'timer_cancel','This bridge operation cancels and deletes the passed timer instance. If the 
timer exists (that is, it had not expired), a TRUE value is returned. If the
timer no longer exists, a FALSE value is returned.',1,25,'',0,'' );
INSERT INTO S_BPARM VALUES ( 950,949,'message',62,0,'',0,'' );
INSERT INTO S_BPARM VALUES ( 954,953,'message',62,0,'',0,'' );
INSERT INTO S_BPARM VALUES ( 957,130,'message',62,0,'',0,'' );
INSERT INTO S_BPARM VALUES ( 961,960,'d',45,0,'',0,'' );
INSERT INTO S_BPARM VALUES ( 962,960,'message',62,0,'',961,'' );
INSERT INTO S_BPARM VALUES ( 966,965,'t',428,0,'',967,'' );
INSERT INTO S_BPARM VALUES ( 967,965,'message',62,0,'',0,'' );
INSERT INTO S_BPARM VALUES ( 971,970,'r',243,0,'',972,'' );
INSERT INTO S_BPARM VALUES ( 972,970,'message',62,0,'',0,'' );
INSERT INTO S_BPARM VALUES ( 976,975,'message',50,0,'',0,'' );
INSERT INTO S_BPARM VALUES ( 979,844,'second',50,0,'',980,'' );
INSERT INTO S_BPARM VALUES ( 981,844,'minute',50,0,'',982,'' );
INSERT INTO S_BPARM VALUES ( 982,844,'hour',50,0,'',983,'' );
INSERT INTO S_BPARM VALUES ( 983,844,'day',50,0,'',0,'' );
INSERT INTO S_BPARM VALUES ( 980,844,'month',50,0,'',981,'' );
INSERT INTO S_BPARM VALUES ( 984,844,'year',50,0,'',979,'' );
INSERT INTO S_BPARM VALUES ( 986,985,'date',45,0,'',0,'' );
INSERT INTO S_BPARM VALUES ( 988,987,'date',45,0,'',0,'' );
INSERT INTO S_BPARM VALUES ( 990,989,'date',45,0,'',0,'' );
INSERT INTO S_BPARM VALUES ( 992,991,'date',45,0,'',0,'' );
INSERT INTO S_BPARM VALUES ( 994,993,'date',45,0,'',0,'' );
INSERT INTO S_BPARM VALUES ( 996,995,'date',45,0,'',0,'' );
INSERT INTO S_BPARM VALUES ( 1000,998,'microseconds',50,0,'',1001,'' );
INSERT INTO S_BPARM VALUES ( 1001,998,'event_inst',1002,0,'',0,'' );
INSERT INTO S_BPARM VALUES ( 1004,1003,'microseconds',50,0,'',1005,'' );
INSERT INTO S_BPARM VALUES ( 1005,1003,'event_inst',1002,0,'',0,'' );
INSERT INTO S_BPARM VALUES ( 1007,1006,'timer_inst_ref',999,0,'',0,'' );
INSERT INTO S_BPARM VALUES ( 1009,1008,'timer_inst_ref',999,0,'',1010,'' );
INSERT INTO S_BPARM VALUES ( 1010,1008,'microseconds',50,0,'',0,'' );
INSERT INTO S_BPARM VALUES ( 1012,1011,'timer_inst_ref',999,0,'',1013,'' );
INSERT INTO S_BPARM VALUES ( 1013,1011,'microseconds',50,0,'',0,'' );
INSERT INTO S_BPARM VALUES ( 1015,1014,'timer_inst_ref',999,0,'',0,'' );
INSERT INTO EP_PKG VALUES ( 2,1,1,'Library','',0 );
INSERT INTO EP_PKG VALUES ( 254,0,1,'Hotel','',0 );
INSERT INTO EP_PKG VALUES ( 802,0,1,'TestCases','',0 );
INSERT INTO EP_PKG VALUES ( 922,0,1,'Interfaces','',0 );
INSERT INTO EP_PKG VALUES ( 947,1,1,'Shared EEs','',0 );
INSERT INTO EP_PKG VALUES ( 1016,1,1,'System','',0 );
INSERT INTO S_SYNC VALUES ( 354,0,'PopulateFacilityTypes','','
create object instance ft of FACILITYTYPE;
create object instance b of BOOKABLE;
relate ft to b across R2;

ft.approximateArea = "About 20 square meters";
b.price = 100;
b.description = "A double bed room";


create object instance f1 of FACILITY;
relate f1 to ft across R1;
f1.facilityID = "Room1";

create object instance f2 of FACILITY;
relate f2 to ft across R1;
f2.facilityID = "Room2";

create object instance f3 of FACILITY;
relate f3 to ft across R1;
f3.facilityID = "Room3";




	



',355,1,'' );
INSERT INTO S_SYNC VALUES ( 804,0,'startSimpleTest','','LOG::LogInfo(message: "Starting simpleTest ;");
create object instance st of SIMPLETEST;
create object instance setup of SETUP;
generate SIMPLETEST1:start to st;',355,1,'' );
INSERT INTO S_SYS VALUES ( 1,'Hotel',1 );
INSERT INTO TE_CI VALUES ( 7845664,'UserComponent','iUserComponent','',7650400,1022 );
INSERT INTO TE_CI VALUES ( 7848212,'HotelComponent','iHotelComponent','',7655624,1017 );
INSERT INTO TE_OIR VALUES ( 'FACILITY_R1','part','','',0,0,353,161,180 );
INSERT INTO TE_OIR VALUES ( 'FACILITYTYPE_R1_is_instance_of','form','','is_instance_of',1,0,352,41,180 );
INSERT INTO TE_OIR VALUES ( 'R2_subtype','subsuper','R2_object_id','',0,0,351,41,68 );
INSERT INTO TE_OIR VALUES ( 'R2_subtype','subsuper','R2_object_id','',0,0,350,259,68 );
INSERT INTO TE_OIR VALUES ( 'R2_subtype','subsuper','R2_object_id','',0,0,349,334,68 );
INSERT INTO TE_OIR VALUES ( 'BOOKABLE_R2','subsuper','','',0,1,348,69,68 );
INSERT INTO TE_OIR VALUES ( 'FACILITYGROUP_R3_in_group','form','','in_group',1,0,347,300,345 );
INSERT INTO TE_OIR VALUES ( 'FACILITYGROUP_R3_has','part','','has',0,0,346,300,345 );
INSERT INTO TE_OIR VALUES ( 'FACILITYTYPE_R4_includes','part','','includes',0,0,344,41,342 );
INSERT INTO TE_OIR VALUES ( 'SERVICE_R4','form','','',1,0,343,259,342 );
INSERT INTO TE_OIR VALUES ( 'FACILITYTYPE_R5_can_be_complemented_with','part','','can_be_complemented_with',0,0,341,41,339 );
INSERT INTO TE_OIR VALUES ( 'SERVICE_R5','form','','',1,0,340,259,339 );
INSERT INTO TE_OIR VALUES ( 'FACILITYGROUP_R6_contains','part','','contains',0,0,338,300,336 );
INSERT INTO TE_OIR VALUES ( 'FACILITY_R6','form','','',1,0,337,161,336 );
INSERT INTO TE_OIR VALUES ( 'PACKAGE_R8_contains','part','','contains',0,0,335,334,332 );
INSERT INTO TE_OIR VALUES ( 'BOOKABLE_R8_members','form','','members',1,0,333,69,332 );
INSERT INTO TE_OIR VALUES ( 'BOOKABLE_R9','form','','',1,0,331,69,230 );
INSERT INTO TE_OIR VALUES ( 'HOTEL_R9_provides','part','','provides',0,0,330,198,230 );
INSERT INTO TE_OIR VALUES ( 'STAFF_R10_works_at','form','','works_at',1,0,329,323,327 );
INSERT INTO TE_OIR VALUES ( 'HOTEL_R10_employ','part','','employ',0,0,328,198,327 );
INSERT INTO TE_OIR VALUES ( 'PRIVILEGE_R11_privileges','form','','privileges',1,0,326,325,322 );
INSERT INTO TE_OIR VALUES ( 'STAFF_R11_is_assigned','part','','is_assigned',1,0,324,323,322 );
INSERT INTO TE_OIR VALUES ( 'BOOKING_R12','form','','',1,0,321,135,319 );
INSERT INTO TE_OIR VALUES ( 'BOOKABLE_R12','part','','',1,0,320,69,319 );
INSERT INTO TE_OIR VALUES ( 'BOOKING_R13','form','','',1,0,318,135,316 );
INSERT INTO TE_OIR VALUES ( 'HOTEL_R13_remembers_all','part','','remembers_all',0,0,317,198,316 );
INSERT INTO TE_OIR VALUES ( 'BOOKING_R14_is_booked_in','form','','is_booked_in',1,0,315,135,313 );
INSERT INTO TE_OIR VALUES ( 'FACILITY_R14','part','','',1,0,314,161,313 );
INSERT INTO TE_OIR VALUES ( 'GUEST_R15_use','form','','use',1,0,312,308,310 );
INSERT INTO TE_OIR VALUES ( 'BOOKING_R15','part','','',1,0,311,135,310 );
INSERT INTO TE_OIR VALUES ( 'GUEST_R16_stays_in','form','','stays_in',1,0,309,308,306 );
INSERT INTO TE_OIR VALUES ( 'FACILITY_R16','part','','',1,0,307,161,306 );
INSERT INTO TE_OIR VALUES ( 'BOOKINGSESSION_R17','form','','',1,0,305,15,303 );
INSERT INTO TE_OIR VALUES ( 'HOTEL_R17','part','','',0,0,304,198,303 );
INSERT INTO TE_OIR VALUES ( 'HOTEL_R18','part','','',0,0,302,198,299 );
INSERT INTO TE_OIR VALUES ( 'FACILITYGROUP_R18','form','','',1,0,301,300,299 );
INSERT INTO TE_OIR VALUES ( 'R19_subtype','subsuper','R19_object_id','',0,0,298,297,291 );
INSERT INTO TE_OIR VALUES ( 'R19_subtype','subsuper','R19_object_id','',0,0,296,295,291 );
INSERT INTO TE_OIR VALUES ( 'R19_subtype','subsuper','R19_object_id','',0,0,294,293,291 );
INSERT INTO TE_OIR VALUES ( 'PAYMENTMETHOD_R19','subsuper','','',0,0,292,285,291 );
INSERT INTO TE_OIR VALUES ( 'BILLING_R20','part','','',0,0,290,281,287 );
INSERT INTO TE_OIR VALUES ( 'BILLINGITEM_R20','form','','',1,0,289,288,287 );
INSERT INTO TE_OIR VALUES ( 'PAYMENTMETHOD_R21','part','','',0,0,286,285,283 );
INSERT INTO TE_OIR VALUES ( 'BILLING_R21','form','','',1,0,284,281,283 );
INSERT INTO TE_OIR VALUES ( 'BILLING_R22','assr','','',0,0,282,281,278 );
INSERT INTO TE_OIR VALUES ( 'CUSTOMER_R22_makes_a','aone','','makes_a',0,0,280,262,278 );
INSERT INTO TE_OIR VALUES ( 'BOOKING_R22','aoth','','',0,0,279,135,278 );
INSERT INTO TE_OIR VALUES ( 'CLUB_R23','form','','',1,0,277,272,275 );
INSERT INTO TE_OIR VALUES ( 'CUSTOMER_R23_is_member_of','part','','is_member_of',1,0,276,262,275 );
INSERT INTO TE_OIR VALUES ( 'BENEFIT_R24','form','','',1,0,274,269,271 );
INSERT INTO TE_OIR VALUES ( 'CLUB_R24','part','','',0,0,273,272,271 );
INSERT INTO TE_OIR VALUES ( 'BENEFIT_R25_affects_price_of','form','','affects_price_of',1,0,270,269,267 );
INSERT INTO TE_OIR VALUES ( 'BOOKABLE_R25','part','','',1,0,268,69,267 );
INSERT INTO TE_OIR VALUES ( 'BOOKINGSESSION_R26','form','','',0,0,266,15,137 );
INSERT INTO TE_OIR VALUES ( 'BOOKING_R26','part','','',0,0,265,135,137 );
INSERT INTO TE_OIR VALUES ( 'BOOKINGSESSION_R27','form','','',0,0,264,15,261 );
INSERT INTO TE_OIR VALUES ( 'CUSTOMER_R27','part','','',0,0,263,262,261 );
INSERT INTO TE_SYS VALUES ( 1,'','',32,0,0,0,0,0,0,0,0,0,0,0,0,0,128,128,0,0,'','Hotel',0,0,'sc_interface',0,'',1 );
INSERT INTO TE_DISP VALUES ( 1,1,'main','dispatcher' );
INSERT INTO TE_QUEUE VALUES ( 1,1,1,'Self Queue',0,0 );
INSERT INTO TE_QUEUE VALUES ( 2,1,2,'NonSelf Queue',0,0 );
INSERT INTO TE_ABA VALUES ( 7138368,'TE_MACT',7650400,0,0,' Escher_UniqueID_t, c_t[ESCHER_SYS_MAX_STRING_LEN] ',' Escher_UniqueID_t p_facilityTypeID, c_t p_name[ESCHER_SYS_MAX_STRING_LEN] ','Escher_UniqueID_t p_facilityTypeID;
c_t p_name[ESCHER_SYS_MAX_STRING_LEN];
',', p_facilityTypeID','%p,[]',' p_facilityTypeID, p_name','    e->p_facilityTypeID = p_facilityTypeID;    Escher_strcpy( e->p_name, p_name );','    e->p_facilityTypeID = p_facilityTypeID;    Escher_strcpy( e->p_name, p_name );','','UserComponent_Port1_sendFacilityType','void',0,0,'','  UserComponent_SETUP * setup=0;
  /* SELECT any setup FROM INSTANCES OF SETUP */
  XTUML_OAL_STMT_TRACE( 1, "SELECT any setup FROM INSTANCES OF SETUP" );
  setup = (UserComponent_SETUP *) Escher_SetGetAny( &pG_UserComponent_SETUP_extent.active );
  /* GENERATE SETUP1:facilityTypeAdded(facilityType:PARAM.facilityTypeID) TO setup */
  XTUML_OAL_STMT_TRACE( 1, "GENERATE SETUP1:facilityTypeAdded(facilityType:PARAM.facilityTypeID) TO setup" );
  { UserComponent_SETUPevent1 * e = (UserComponent_SETUPevent1 *) Escher_NewxtUMLEvent( setup, &UserComponent_SETUPevent1c );
    e->p_facilityType = p_facilityTypeID;
    Escher_SendEvent( (Escher_xtUMLEvent_t *) e );
  }
' );
INSERT INTO TE_ABA VALUES ( 7149344,'TE_MACT',7650400,0,0,' c_t[ESCHER_SYS_MAX_STRING_LEN], c_t[ESCHER_SYS_MAX_STRING_LEN], c_t[ESCHER_SYS_MAX_STRING_LEN], const r_t ',' c_t p_approximateArea[ESCHER_SYS_MAX_STRING_LEN], c_t p_description[ESCHER_SYS_MAX_STRING_LEN], c_t p_name[ESCHER_SYS_MAX_STRING_LEN], const r_t p_price ','c_t p_approximateArea[ESCHER_SYS_MAX_STRING_LEN];
c_t p_description[ESCHER_SYS_MAX_STRING_LEN];
c_t p_name[ESCHER_SYS_MAX_STRING_LEN];
r_t p_price;
',', p_price','[],[],[],%f',' p_approximateArea, p_description, p_name, p_price','    Escher_strcpy( e->p_approximateArea, p_approximateArea );    Escher_strcpy( e->p_description, p_description );    Escher_strcpy( e->p_name, p_name );    e->p_price = p_price;','    Escher_strcpy( e->p_approximateArea, p_approximateArea );    Escher_strcpy( e->p_description, p_description );    Escher_strcpy( e->p_name, p_name );    e->p_price = p_price;','','UserComponent_Port1_addFacilityType','void',0,0,'','' );
INSERT INTO TE_ABA VALUES ( 7160320,'TE_MACT',7650400,0,0,' c_t[ESCHER_SYS_MAX_STRING_LEN], Escher_UniqueID_t ',' c_t p_facilityID[ESCHER_SYS_MAX_STRING_LEN], Escher_UniqueID_t p_facilityType ','c_t p_facilityID[ESCHER_SYS_MAX_STRING_LEN];
Escher_UniqueID_t p_facilityType;
',', p_facilityType','[],%p',' p_facilityID, p_facilityType','    Escher_strcpy( e->p_facilityID, p_facilityID );    e->p_facilityType = p_facilityType;','    Escher_strcpy( e->p_facilityID, p_facilityID );    e->p_facilityType = p_facilityType;','','UserComponent_Port1_addFacility','void',0,0,'','' );
INSERT INTO TE_ABA VALUES ( 7171296,'TE_MACT',7650400,0,0,' Escher_UniqueID_t ',' Escher_UniqueID_t p_sessionID ','Escher_UniqueID_t p_sessionID;
',', p_sessionID','%p',' p_sessionID','    e->p_sessionID = p_sessionID;','    e->p_sessionID = p_sessionID;','','UserComponent_UserInterface_session','void',0,0,'','  UserComponent_SIMPLETEST * st=0;
  /* LOG::LogInfo( message:Got session ID ) */
  XTUML_OAL_STMT_TRACE( 1, "LOG::LogInfo( message:Got session ID )" );
  LOG_LogInfo( "Got session ID" );
  /* SELECT any st FROM INSTANCES OF SIMPLETEST */
  XTUML_OAL_STMT_TRACE( 1, "SELECT any st FROM INSTANCES OF SIMPLETEST" );
  st = (UserComponent_SIMPLETEST *) Escher_SetGetAny( &pG_UserComponent_SIMPLETEST_extent.active );
  /* GENERATE SIMPLETEST2:sessionEvent(sessionID:PARAM.sessionID) TO st */
  XTUML_OAL_STMT_TRACE( 1, "GENERATE SIMPLETEST2:sessionEvent(sessionID:PARAM.sessionID) TO st" );
  { UserComponent_SIMPLETESTevent2 * e = (UserComponent_SIMPLETESTevent2 *) Escher_NewxtUMLEvent( st, &UserComponent_SIMPLETESTevent2c );
    e->p_sessionID = p_sessionID;
    Escher_SendEvent( (Escher_xtUMLEvent_t *) e );
  }
' );
INSERT INTO TE_ABA VALUES ( 7182272,'TE_MACT',7650400,0,0,' void ','','','','','','','','','UserComponent_UserInterface_requestSession','void',0,0,'','' );
INSERT INTO TE_ABA VALUES ( 7193248,'TE_MACT',7650400,0,0,' c_t[ESCHER_SYS_MAX_STRING_LEN] ',' c_t p_message[ESCHER_SYS_MAX_STRING_LEN] ','c_t p_message[ESCHER_SYS_MAX_STRING_LEN];
','','[]',' p_message','    Escher_strcpy( e->p_message, p_message );','    Escher_strcpy( e->p_message, p_message );','','UserComponent_UserInterface_errorSignal','void',0,0,'','  /* LOG::LogInfo( message:( ERROR:  + PARAM.message ) ) */
  XTUML_OAL_STMT_TRACE( 1, "LOG::LogInfo( message:( ERROR:  + PARAM.message ) )" );
  LOG_LogInfo( Escher_stradd( "ERROR: ", p_message ) );
' );
INSERT INTO TE_ABA VALUES ( 7204224,'TE_MACT',7650400,0,0,' c_t[ESCHER_SYS_MAX_STRING_LEN] ',' c_t p_message[ESCHER_SYS_MAX_STRING_LEN] ','c_t p_message[ESCHER_SYS_MAX_STRING_LEN];
','','[]',' p_message','    Escher_strcpy( e->p_message, p_message );','    Escher_strcpy( e->p_message, p_message );','','UserComponent_UserInterface_bookingConfirmation','void',0,0,'','  /* LOG::LogInfo( message:PARAM.message ) */
  XTUML_OAL_STMT_TRACE( 1, "LOG::LogInfo( message:PARAM.message )" );
  LOG_LogInfo( p_message );
' );
INSERT INTO TE_ABA VALUES ( 7215200,'TE_MACT',7650400,0,0,' c_t[ESCHER_SYS_MAX_STRING_LEN], Escher_UniqueID_t ',' c_t p_info[ESCHER_SYS_MAX_STRING_LEN], Escher_UniqueID_t p_sessionID ','c_t p_info[ESCHER_SYS_MAX_STRING_LEN];
Escher_UniqueID_t p_sessionID;
',', p_sessionID','[],%p',' p_info, p_sessionID','    Escher_strcpy( e->p_info, p_info );    e->p_sessionID = p_sessionID;','    Escher_strcpy( e->p_info, p_info );    e->p_sessionID = p_sessionID;','','UserComponent_UserInterface_paymentInfo','void',0,0,'','' );
INSERT INTO TE_ABA VALUES ( 7226176,'TE_MACT',7650400,0,0,' Escher_UniqueID_t, const i_t, c_t[ESCHER_SYS_MAX_STRING_LEN], Escher_UniqueID_t ',' Escher_UniqueID_t p_facility, const i_t p_guestAge, c_t p_guestName[ESCHER_SYS_MAX_STRING_LEN], Escher_UniqueID_t p_sessionID ','Escher_UniqueID_t p_facility;
i_t p_guestAge;
c_t p_guestName[ESCHER_SYS_MAX_STRING_LEN];
Escher_UniqueID_t p_sessionID;
',', p_facility, p_guestAge, p_sessionID','%p,%d,[],%p',' p_facility, p_guestAge, p_guestName, p_sessionID','    e->p_facility = p_facility;    e->p_guestAge = p_guestAge;    Escher_strcpy( e->p_guestName, p_guestName );    e->p_sessionID = p_sessionID;','    e->p_facility = p_facility;    e->p_guestAge = p_guestAge;    Escher_strcpy( e->p_guestName, p_guestName );    e->p_sessionID = p_sessionID;','','UserComponent_UserInterface_addGuest','void',0,0,'','' );
INSERT INTO TE_ABA VALUES ( 7237152,'TE_MACT',7650400,0,0,' c_t[ESCHER_SYS_MAX_STRING_LEN], c_t[ESCHER_SYS_MAX_STRING_LEN], Escher_UniqueID_t ',' c_t p_name[ESCHER_SYS_MAX_STRING_LEN], c_t p_phoneNumber[ESCHER_SYS_MAX_STRING_LEN], Escher_UniqueID_t p_sessionID ','c_t p_name[ESCHER_SYS_MAX_STRING_LEN];
c_t p_phoneNumber[ESCHER_SYS_MAX_STRING_LEN];
Escher_UniqueID_t p_sessionID;
',', p_sessionID','[],[],%p',' p_name, p_phoneNumber, p_sessionID','    Escher_strcpy( e->p_name, p_name );    Escher_strcpy( e->p_phoneNumber, p_phoneNumber );    e->p_sessionID = p_sessionID;','    Escher_strcpy( e->p_name, p_name );    Escher_strcpy( e->p_phoneNumber, p_phoneNumber );    e->p_sessionID = p_sessionID;','','UserComponent_UserInterface_customerDetails','void',0,0,'','' );
INSERT INTO TE_ABA VALUES ( 28831504,'TE_MACT',7650400,0,0,' Escher_UniqueID_t, Escher_UniqueID_t ',' Escher_UniqueID_t p_desiredID, Escher_UniqueID_t p_sessionID ','Escher_UniqueID_t p_desiredID;
Escher_UniqueID_t p_sessionID;
',', p_desiredID, p_sessionID','%p,%p',' p_desiredID, p_sessionID','    e->p_desiredID = p_desiredID;    e->p_sessionID = p_sessionID;','    e->p_desiredID = p_desiredID;    e->p_sessionID = p_sessionID;','','UserComponent_UserInterface_addServices','void',0,0,'','' );
INSERT INTO TE_ABA VALUES ( 28842480,'TE_MACT',7650400,0,0,' c_t[ESCHER_SYS_MAX_STRING_LEN], c_t[ESCHER_SYS_MAX_STRING_LEN], Escher_UniqueID_t, const bool, const r_t ',' c_t p_aproximateArea[ESCHER_SYS_MAX_STRING_LEN], c_t p_description[ESCHER_SYS_MAX_STRING_LEN], Escher_UniqueID_t p_id, const bool p_independent, const r_t p_price ','c_t p_aproximateArea[ESCHER_SYS_MAX_STRING_LEN];
c_t p_description[ESCHER_SYS_MAX_STRING_LEN];
Escher_UniqueID_t p_id;
bool p_independent;
r_t p_price;
',', p_id, p_independent, p_price','[],[],%p,%d,%f',' p_aproximateArea, p_description, p_id, p_independent, p_price','    Escher_strcpy( e->p_aproximateArea, p_aproximateArea );    Escher_strcpy( e->p_description, p_description );    e->p_id = p_id;    e->p_independent = p_independent;    e->p_price = p_price;','    Escher_strcpy( e->p_aproximateArea, p_aproximateArea );    Escher_strcpy( e->p_description, p_description );    e->p_id = p_id;    e->p_independent = p_independent;    e->p_price = p_price;','','UserComponent_UserInterface_extraServices','void',0,0,'','' );
INSERT INTO TE_ABA VALUES ( 28853456,'TE_MACT',7650400,0,0,' Escher_UniqueID_t, Escher_UniqueID_t ',' Escher_UniqueID_t p_id, Escher_UniqueID_t p_sessionID ','Escher_UniqueID_t p_id;
Escher_UniqueID_t p_sessionID;
',', p_id, p_sessionID','%p,%p',' p_id, p_sessionID','    e->p_id = p_id;    e->p_sessionID = p_sessionID;','    e->p_id = p_id;    e->p_sessionID = p_sessionID;','','UserComponent_UserInterface_select','void',0,0,'','' );
INSERT INTO TE_ABA VALUES ( 28864432,'TE_MACT',7650400,0,0,' c_t[ESCHER_SYS_MAX_STRING_LEN], c_t[ESCHER_SYS_MAX_STRING_LEN], Escher_UniqueID_t, const bool, const r_t ',' c_t p_aproximateArea[ESCHER_SYS_MAX_STRING_LEN], c_t p_description[ESCHER_SYS_MAX_STRING_LEN], Escher_UniqueID_t p_id, const bool p_independent, const r_t p_price ','c_t p_aproximateArea[ESCHER_SYS_MAX_STRING_LEN];
c_t p_description[ESCHER_SYS_MAX_STRING_LEN];
Escher_UniqueID_t p_id;
bool p_independent;
r_t p_price;
',', p_id, p_independent, p_price','[],[],%p,%d,%f',' p_aproximateArea, p_description, p_id, p_independent, p_price','    Escher_strcpy( e->p_aproximateArea, p_aproximateArea );    Escher_strcpy( e->p_description, p_description );    e->p_id = p_id;    e->p_independent = p_independent;    e->p_price = p_price;','    Escher_strcpy( e->p_aproximateArea, p_aproximateArea );    Escher_strcpy( e->p_description, p_description );    e->p_id = p_id;    e->p_independent = p_independent;    e->p_price = p_price;','','UserComponent_UserInterface_available','void',0,0,'','' );
INSERT INTO TE_ABA VALUES ( 28875408,'TE_MACT',7650400,0,0,' const i_t, Escher_Date_t, Escher_UniqueID_t, Escher_Date_t ',' const i_t p_facilityType, Escher_Date_t p_fromDate, Escher_UniqueID_t p_sessionID, Escher_Date_t p_toDate ','i_t p_facilityType;
Escher_Date_t p_fromDate;
Escher_UniqueID_t p_sessionID;
Escher_Date_t p_toDate;
',', p_facilityType, p_fromDate, p_sessionID, p_toDate','%d,%d,%p,%d',' p_facilityType, p_fromDate, p_sessionID, p_toDate','    e->p_facilityType = p_facilityType;    e->p_fromDate = p_fromDate;    e->p_sessionID = p_sessionID;    e->p_toDate = p_toDate;','    e->p_facilityType = p_facilityType;    e->p_fromDate = p_fromDate;    e->p_sessionID = p_sessionID;    e->p_toDate = p_toDate;','','UserComponent_UserInterface_requestAvailableBookables','void',0,0,'','' );
INSERT INTO TE_ABA VALUES ( 28886384,'TE_MACT',7655624,0,0,' Escher_UniqueID_t, c_t[ESCHER_SYS_MAX_STRING_LEN] ',' Escher_UniqueID_t p_facilityTypeID, c_t p_name[ESCHER_SYS_MAX_STRING_LEN] ','Escher_UniqueID_t p_facilityTypeID;
c_t p_name[ESCHER_SYS_MAX_STRING_LEN];
',', p_facilityTypeID','%p,[]',' p_facilityTypeID, p_name','    e->p_facilityTypeID = p_facilityTypeID;    Escher_strcpy( e->p_name, p_name );','    e->p_facilityTypeID = p_facilityTypeID;    Escher_strcpy( e->p_name, p_name );','','HotelComponent_Port1_sendFacilityType','void',0,0,'','' );
INSERT INTO TE_ABA VALUES ( 28897360,'TE_MACT',7655624,0,0,' c_t[ESCHER_SYS_MAX_STRING_LEN], c_t[ESCHER_SYS_MAX_STRING_LEN], c_t[ESCHER_SYS_MAX_STRING_LEN], const r_t ',' c_t p_approximateArea[ESCHER_SYS_MAX_STRING_LEN], c_t p_description[ESCHER_SYS_MAX_STRING_LEN], c_t p_name[ESCHER_SYS_MAX_STRING_LEN], const r_t p_price ','c_t p_approximateArea[ESCHER_SYS_MAX_STRING_LEN];
c_t p_description[ESCHER_SYS_MAX_STRING_LEN];
c_t p_name[ESCHER_SYS_MAX_STRING_LEN];
r_t p_price;
',', p_price','[],[],[],%f',' p_approximateArea, p_description, p_name, p_price','    Escher_strcpy( e->p_approximateArea, p_approximateArea );    Escher_strcpy( e->p_description, p_description );    Escher_strcpy( e->p_name, p_name );    e->p_price = p_price;','    Escher_strcpy( e->p_approximateArea, p_approximateArea );    Escher_strcpy( e->p_description, p_description );    Escher_strcpy( e->p_name, p_name );    e->p_price = p_price;','','HotelComponent_Port1_addFacilityType','void',0,0,'','  HotelComponent_BOOKABLE * b;HotelComponent_FACILITYTYPE * ft;HotelComponent_HOTEL * h=0;
  /* CREATE OBJECT INSTANCE ft OF FACILITYTYPE */
  XTUML_OAL_STMT_TRACE( 1, "CREATE OBJECT INSTANCE ft OF FACILITYTYPE" );
  ft = (HotelComponent_FACILITYTYPE *) Escher_CreateInstance( HotelComponent_DOMAIN_ID, HotelComponent_FACILITYTYPE_CLASS_NUMBER );
  /* CREATE OBJECT INSTANCE b OF BOOKABLE */
  XTUML_OAL_STMT_TRACE( 1, "CREATE OBJECT INSTANCE b OF BOOKABLE" );
  b = (HotelComponent_BOOKABLE *) Escher_CreateInstance( HotelComponent_DOMAIN_ID, HotelComponent_BOOKABLE_CLASS_NUMBER );
  /* RELATE ft TO b ACROSS R2 */
  XTUML_OAL_STMT_TRACE( 1, "RELATE ft TO b ACROSS R2" );
  HotelComponent_FACILITYTYPE_R2_Link( b, ft );
  /* SELECT any h FROM INSTANCES OF HOTEL */
  XTUML_OAL_STMT_TRACE( 1, "SELECT any h FROM INSTANCES OF HOTEL" );
  h = (HotelComponent_HOTEL *) Escher_SetGetAny( &pG_HotelComponent_HOTEL_extent.active );
  /* IF ( empty h ) */
  XTUML_OAL_STMT_TRACE( 1, "IF ( empty h )" );
  if ( ( 0 == h ) ) {
    /* CREATE OBJECT INSTANCE h OF HOTEL */
    XTUML_OAL_STMT_TRACE( 2, "CREATE OBJECT INSTANCE h OF HOTEL" );
    h = (HotelComponent_HOTEL *) Escher_CreateInstance( HotelComponent_DOMAIN_ID, HotelComponent_HOTEL_CLASS_NUMBER );
  }
  /* IF ( not_empty h ) */
  XTUML_OAL_STMT_TRACE( 1, "IF ( not_empty h )" );
  if ( ( 0 != h ) ) {
    /* RELATE b TO h ACROSS R9 */
    XTUML_OAL_STMT_TRACE( 2, "RELATE b TO h ACROSS R9" );
    HotelComponent_BOOKABLE_R9_Link( h, b );
    /* ASSIGN b.price = PARAM.price */
    XTUML_OAL_STMT_TRACE( 2, "ASSIGN b.price = PARAM.price" );
    b->price = p_price;
    /* ASSIGN b.description = PARAM.description */
    XTUML_OAL_STMT_TRACE( 2, "ASSIGN b.description = PARAM.description" );
    Escher_strcpy( b->description, p_description );
    /* ASSIGN ft.approximateArea = PARAM.approximateArea */
    XTUML_OAL_STMT_TRACE( 2, "ASSIGN ft.approximateArea = PARAM.approximateArea" );
    Escher_strcpy( ft->approximateArea, p_approximateArea );
    /* ASSIGN b.name = PARAM.name */
    XTUML_OAL_STMT_TRACE( 2, "ASSIGN b.name = PARAM.name" );
    Escher_strcpy( b->name, p_name );
  }
  /* SEND Port1::sendFacilityType(facilityTypeID:ft.id, name:b.name) */
  XTUML_OAL_STMT_TRACE( 1, "SEND Port1::sendFacilityType(facilityTypeID:ft.id, name:b.name)" );
  HotelComponent_Port1_sendFacilityType( ft->id, b->name );
' );
INSERT INTO TE_ABA VALUES ( 28908336,'TE_MACT',7655624,0,0,' c_t[ESCHER_SYS_MAX_STRING_LEN], Escher_UniqueID_t ',' c_t p_facilityID[ESCHER_SYS_MAX_STRING_LEN], Escher_UniqueID_t p_facilityType ','c_t p_facilityID[ESCHER_SYS_MAX_STRING_LEN];
Escher_UniqueID_t p_facilityType;
',', p_facilityType','[],%p',' p_facilityID, p_facilityType','    Escher_strcpy( e->p_facilityID, p_facilityID );    e->p_facilityType = p_facilityType;','    Escher_strcpy( e->p_facilityID, p_facilityID );    e->p_facilityType = p_facilityType;','','HotelComponent_Port1_addFacility','void',0,0,'','  HotelComponent_FACILITY * f;HotelComponent_FACILITYTYPE * ft=0;
  /* CREATE OBJECT INSTANCE f OF FACILITY */
  XTUML_OAL_STMT_TRACE( 1, "CREATE OBJECT INSTANCE f OF FACILITY" );
  f = (HotelComponent_FACILITY *) Escher_CreateInstance( HotelComponent_DOMAIN_ID, HotelComponent_FACILITY_CLASS_NUMBER );
  /* SELECT any ft FROM INSTANCES OF FACILITYTYPE WHERE ( SELECTED.id == PARAM.facilityType ) */
  XTUML_OAL_STMT_TRACE( 1, "SELECT any ft FROM INSTANCES OF FACILITYTYPE WHERE ( SELECTED.id == PARAM.facilityType )" );
  ft = 0;
  { HotelComponent_FACILITYTYPE * selected;
    Escher_Iterator_s iterftHotelComponent_FACILITYTYPE;
    Escher_IteratorReset( &iterftHotelComponent_FACILITYTYPE, &pG_HotelComponent_FACILITYTYPE_extent.active );
    while ( (selected = (HotelComponent_FACILITYTYPE *) Escher_IteratorNext( &iterftHotelComponent_FACILITYTYPE )) != 0 ) {
      if ( ( selected->id == p_facilityType ) ) {
        ft = selected;
        break;
      }
    }
  }
  /* IF ( not_empty ft ) */
  XTUML_OAL_STMT_TRACE( 1, "IF ( not_empty ft )" );
  if ( ( 0 != ft ) ) {
    /* RELATE f TO ft ACROSS R1 */
    XTUML_OAL_STMT_TRACE( 2, "RELATE f TO ft ACROSS R1" );
    HotelComponent_FACILITYTYPE_R1_Link_is_instance_of( f, ft );
    /* ASSIGN f.facilityID = PARAM.facilityID */
    XTUML_OAL_STMT_TRACE( 2, "ASSIGN f.facilityID = PARAM.facilityID" );
    Escher_strcpy( f->facilityID, p_facilityID );
  }
' );
INSERT INTO TE_ABA VALUES ( 28919312,'TE_MACT',7655624,0,0,' Escher_UniqueID_t ',' Escher_UniqueID_t p_sessionID ','Escher_UniqueID_t p_sessionID;
',', p_sessionID','%p',' p_sessionID','    e->p_sessionID = p_sessionID;','    e->p_sessionID = p_sessionID;','','HotelComponent_UserInterface_session','void',0,0,'','' );
INSERT INTO TE_ABA VALUES ( 28930288,'TE_MACT',7655624,0,0,' void ','','','','','','','','','HotelComponent_UserInterface_requestSession','void',0,0,'','  HotelComponent_BOOKING * booking;HotelComponent_BOOKINGSESSION * session;
  /* LOG::LogInfo( message:Recieved session request ) */
  XTUML_OAL_STMT_TRACE( 1, "LOG::LogInfo( message:Recieved session request )" );
  LOG_LogInfo( "Recieved session request" );
  /* CREATE OBJECT INSTANCE session OF BOOKINGSESSION */
  XTUML_OAL_STMT_TRACE( 1, "CREATE OBJECT INSTANCE session OF BOOKINGSESSION" );
  session = (HotelComponent_BOOKINGSESSION *) Escher_CreateInstance( HotelComponent_DOMAIN_ID, HotelComponent_BOOKINGSESSION_CLASS_NUMBER );
  /* CREATE OBJECT INSTANCE booking OF BOOKING */
  XTUML_OAL_STMT_TRACE( 1, "CREATE OBJECT INSTANCE booking OF BOOKING" );
  booking = (HotelComponent_BOOKING *) Escher_CreateInstance( HotelComponent_DOMAIN_ID, HotelComponent_BOOKING_CLASS_NUMBER );
  /* RELATE session TO booking ACROSS R26 */
  XTUML_OAL_STMT_TRACE( 1, "RELATE session TO booking ACROSS R26" );
  HotelComponent_BOOKINGSESSION_R26_Link( booking, session );
  /* SEND UserInterface::session(sessionID:session.ID) */
  XTUML_OAL_STMT_TRACE( 1, "SEND UserInterface::session(sessionID:session.ID)" );
  HotelComponent_UserInterface_session( session->ID );
' );
INSERT INTO TE_ABA VALUES ( 33093976,'TE_MACT',7655624,0,0,' c_t[ESCHER_SYS_MAX_STRING_LEN] ',' c_t p_message[ESCHER_SYS_MAX_STRING_LEN] ','c_t p_message[ESCHER_SYS_MAX_STRING_LEN];
','','[]',' p_message','    Escher_strcpy( e->p_message, p_message );','    Escher_strcpy( e->p_message, p_message );','','HotelComponent_UserInterface_errorSignal','void',0,0,'','' );
INSERT INTO TE_ABA VALUES ( 33104952,'TE_MACT',7655624,0,0,' c_t[ESCHER_SYS_MAX_STRING_LEN] ',' c_t p_message[ESCHER_SYS_MAX_STRING_LEN] ','c_t p_message[ESCHER_SYS_MAX_STRING_LEN];
','','[]',' p_message','    Escher_strcpy( e->p_message, p_message );','    Escher_strcpy( e->p_message, p_message );','','HotelComponent_UserInterface_bookingConfirmation','void',0,0,'','' );
INSERT INTO TE_ABA VALUES ( 33115928,'TE_MACT',7655624,0,0,' c_t[ESCHER_SYS_MAX_STRING_LEN], Escher_UniqueID_t ',' c_t p_info[ESCHER_SYS_MAX_STRING_LEN], Escher_UniqueID_t p_sessionID ','c_t p_info[ESCHER_SYS_MAX_STRING_LEN];
Escher_UniqueID_t p_sessionID;
',', p_sessionID','[],%p',' p_info, p_sessionID','    Escher_strcpy( e->p_info, p_info );    e->p_sessionID = p_sessionID;','    Escher_strcpy( e->p_info, p_info );    e->p_sessionID = p_sessionID;','','HotelComponent_UserInterface_paymentInfo','void',0,0,'','' );
INSERT INTO TE_ABA VALUES ( 33126904,'TE_MACT',7655624,0,0,' Escher_UniqueID_t, const i_t, c_t[ESCHER_SYS_MAX_STRING_LEN], Escher_UniqueID_t ',' Escher_UniqueID_t p_facility, const i_t p_guestAge, c_t p_guestName[ESCHER_SYS_MAX_STRING_LEN], Escher_UniqueID_t p_sessionID ','Escher_UniqueID_t p_facility;
i_t p_guestAge;
c_t p_guestName[ESCHER_SYS_MAX_STRING_LEN];
Escher_UniqueID_t p_sessionID;
',', p_facility, p_guestAge, p_sessionID','%p,%d,[],%p',' p_facility, p_guestAge, p_guestName, p_sessionID','    e->p_facility = p_facility;    e->p_guestAge = p_guestAge;    Escher_strcpy( e->p_guestName, p_guestName );    e->p_sessionID = p_sessionID;','    e->p_facility = p_facility;    e->p_guestAge = p_guestAge;    Escher_strcpy( e->p_guestName, p_guestName );    e->p_sessionID = p_sessionID;','','HotelComponent_UserInterface_addGuest','void',0,0,'','' );
INSERT INTO TE_ABA VALUES ( 33137880,'TE_MACT',7655624,0,0,' c_t[ESCHER_SYS_MAX_STRING_LEN], c_t[ESCHER_SYS_MAX_STRING_LEN], Escher_UniqueID_t ',' c_t p_name[ESCHER_SYS_MAX_STRING_LEN], c_t p_phoneNumber[ESCHER_SYS_MAX_STRING_LEN], Escher_UniqueID_t p_sessionID ','c_t p_name[ESCHER_SYS_MAX_STRING_LEN];
c_t p_phoneNumber[ESCHER_SYS_MAX_STRING_LEN];
Escher_UniqueID_t p_sessionID;
',', p_sessionID','[],[],%p',' p_name, p_phoneNumber, p_sessionID','    Escher_strcpy( e->p_name, p_name );    Escher_strcpy( e->p_phoneNumber, p_phoneNumber );    e->p_sessionID = p_sessionID;','    Escher_strcpy( e->p_name, p_name );    Escher_strcpy( e->p_phoneNumber, p_phoneNumber );    e->p_sessionID = p_sessionID;','','HotelComponent_UserInterface_customerDetails','void',0,0,'','' );
INSERT INTO TE_ABA VALUES ( 33148856,'TE_MACT',7655624,0,0,' Escher_UniqueID_t, Escher_UniqueID_t ',' Escher_UniqueID_t p_desiredID, Escher_UniqueID_t p_sessionID ','Escher_UniqueID_t p_desiredID;
Escher_UniqueID_t p_sessionID;
',', p_desiredID, p_sessionID','%p,%p',' p_desiredID, p_sessionID','    e->p_desiredID = p_desiredID;    e->p_sessionID = p_sessionID;','    e->p_desiredID = p_desiredID;    e->p_sessionID = p_sessionID;','','HotelComponent_UserInterface_addServices','void',0,0,'','' );
INSERT INTO TE_ABA VALUES ( 33159832,'TE_MACT',7655624,0,0,' c_t[ESCHER_SYS_MAX_STRING_LEN], c_t[ESCHER_SYS_MAX_STRING_LEN], Escher_UniqueID_t, const bool, const r_t ',' c_t p_aproximateArea[ESCHER_SYS_MAX_STRING_LEN], c_t p_description[ESCHER_SYS_MAX_STRING_LEN], Escher_UniqueID_t p_id, const bool p_independent, const r_t p_price ','c_t p_aproximateArea[ESCHER_SYS_MAX_STRING_LEN];
c_t p_description[ESCHER_SYS_MAX_STRING_LEN];
Escher_UniqueID_t p_id;
bool p_independent;
r_t p_price;
',', p_id, p_independent, p_price','[],[],%p,%d,%f',' p_aproximateArea, p_description, p_id, p_independent, p_price','    Escher_strcpy( e->p_aproximateArea, p_aproximateArea );    Escher_strcpy( e->p_description, p_description );    e->p_id = p_id;    e->p_independent = p_independent;    e->p_price = p_price;','    Escher_strcpy( e->p_aproximateArea, p_aproximateArea );    Escher_strcpy( e->p_description, p_description );    e->p_id = p_id;    e->p_independent = p_independent;    e->p_price = p_price;','','HotelComponent_UserInterface_extraServices','void',0,0,'','' );
INSERT INTO TE_ABA VALUES ( 33170808,'TE_MACT',7655624,0,0,' Escher_UniqueID_t, Escher_UniqueID_t ',' Escher_UniqueID_t p_id, Escher_UniqueID_t p_sessionID ','Escher_UniqueID_t p_id;
Escher_UniqueID_t p_sessionID;
',', p_id, p_sessionID','%p,%p',' p_id, p_sessionID','    e->p_id = p_id;    e->p_sessionID = p_sessionID;','    e->p_id = p_id;    e->p_sessionID = p_sessionID;','','HotelComponent_UserInterface_select','void',0,0,'','' );
INSERT INTO TE_ABA VALUES ( 33181784,'TE_MACT',7655624,0,0,' c_t[ESCHER_SYS_MAX_STRING_LEN], c_t[ESCHER_SYS_MAX_STRING_LEN], Escher_UniqueID_t, const bool, const r_t ',' c_t p_aproximateArea[ESCHER_SYS_MAX_STRING_LEN], c_t p_description[ESCHER_SYS_MAX_STRING_LEN], Escher_UniqueID_t p_id, const bool p_independent, const r_t p_price ','c_t p_aproximateArea[ESCHER_SYS_MAX_STRING_LEN];
c_t p_description[ESCHER_SYS_MAX_STRING_LEN];
Escher_UniqueID_t p_id;
bool p_independent;
r_t p_price;
',', p_id, p_independent, p_price','[],[],%p,%d,%f',' p_aproximateArea, p_description, p_id, p_independent, p_price','    Escher_strcpy( e->p_aproximateArea, p_aproximateArea );    Escher_strcpy( e->p_description, p_description );    e->p_id = p_id;    e->p_independent = p_independent;    e->p_price = p_price;','    Escher_strcpy( e->p_aproximateArea, p_aproximateArea );    Escher_strcpy( e->p_description, p_description );    e->p_id = p_id;    e->p_independent = p_independent;    e->p_price = p_price;','','HotelComponent_UserInterface_available','void',0,0,'','' );
INSERT INTO TE_ABA VALUES ( 33192760,'TE_MACT',7655624,0,0,' const i_t, Escher_Date_t, Escher_UniqueID_t, Escher_Date_t ',' const i_t p_facilityType, Escher_Date_t p_fromDate, Escher_UniqueID_t p_sessionID, Escher_Date_t p_toDate ','i_t p_facilityType;
Escher_Date_t p_fromDate;
Escher_UniqueID_t p_sessionID;
Escher_Date_t p_toDate;
',', p_facilityType, p_fromDate, p_sessionID, p_toDate','%d,%d,%p,%d',' p_facilityType, p_fromDate, p_sessionID, p_toDate','    e->p_facilityType = p_facilityType;    e->p_fromDate = p_fromDate;    e->p_sessionID = p_sessionID;    e->p_toDate = p_toDate;','    e->p_facilityType = p_facilityType;    e->p_fromDate = p_fromDate;    e->p_sessionID = p_sessionID;    e->p_toDate = p_toDate;','','HotelComponent_UserInterface_requestAvailableBookables','void',0,0,'','  HotelComponent_BOOKINGSESSION * session=0;
  /* SELECT any session FROM INSTANCES OF BOOKINGSESSION WHERE ( SELECTED.ID == PARAM.sessionID ) */
  XTUML_OAL_STMT_TRACE( 1, "SELECT any session FROM INSTANCES OF BOOKINGSESSION WHERE ( SELECTED.ID == PARAM.sessionID )" );
  session = 0;
  { HotelComponent_BOOKINGSESSION * selected;
    Escher_Iterator_s itersessionHotelComponent_BOOKINGSESSION;
    Escher_IteratorReset( &itersessionHotelComponent_BOOKINGSESSION, &pG_HotelComponent_BOOKINGSESSION_extent.active );
    while ( (selected = (HotelComponent_BOOKINGSESSION *) Escher_IteratorNext( &itersessionHotelComponent_BOOKINGSESSION )) != 0 ) {
      if ( ( selected->ID == p_sessionID ) ) {
        session = selected;
        break;
      }
    }
  }
  /* IF ( not_empty session ) */
  XTUML_OAL_STMT_TRACE( 1, "IF ( not_empty session )" );
  if ( ( 0 != session ) ) {
    HotelComponent_FACILITYTYPE * ft=0;Escher_ObjectSet_s result_space={0}; Escher_ObjectSet_s * result = &result_space;
    /* ASSIGN result = session.search(facilityType:PARAM.facilityType, fromDate:PARAM.fromDate, toDate:PARAM.toDate) */
    XTUML_OAL_STMT_TRACE( 2, "ASSIGN result = session.search(facilityType:PARAM.facilityType, fromDate:PARAM.fromDate, toDate:PARAM.toDate)" );
    Escher_CopySet( result, HotelComponent_BOOKINGSESSION_op_search(session, p_facilityType, p_fromDate, p_toDate) );
    /* IF ( empty result ) */
    XTUML_OAL_STMT_TRACE( 2, "IF ( empty result )" );
    if ( Escher_SetIsEmpty( result ) ) {
    /* SEND UserInterface::errorSignal(message:No rooms found) */
    XTUML_OAL_STMT_TRACE( 2, "SEND UserInterface::errorSignal(message:No rooms found)" );
    HotelComponent_UserInterface_errorSignal( "No rooms found" );
    }
    /* FOR EACH ft IN result */
    XTUML_OAL_STMT_TRACE( 2, "FOR EACH ft IN result" );
    { Escher_Iterator_s iterft;
    HotelComponent_FACILITYTYPE * iift;
    Escher_IteratorReset( &iterft, result );
    while ( (iift = (HotelComponent_FACILITYTYPE *)Escher_IteratorNext( &iterft )) != 0 ) {
      ft = iift; {
    HotelComponent_BOOKABLE * b=0;
    /* SELECT one b RELATED BY ft->BOOKABLE[R2] */
    XTUML_OAL_STMT_TRACE( 2, "SELECT one b RELATED BY ft->BOOKABLE[R2]" );
    b = ( 0 != ft ) ? ft->BOOKABLE_R2 : 0;
    /* SEND UserInterface::available(aproximateArea:ft.approximateArea, description:b.description, id:ft.id, independent:FALSE, price:b.price) */
    XTUML_OAL_STMT_TRACE( 2, "SEND UserInterface::available(aproximateArea:ft.approximateArea, description:b.description, id:ft.id, independent:FALSE, price:b.price)" );
    HotelComponent_UserInterface_available( ft->approximateArea, b->description, ft->id, FALSE, b->price );
    }}}
    Escher_ClearSet( result );
  }
  else {
    /* SEND UserInterface::errorSignal(message:Session not found) */
    XTUML_OAL_STMT_TRACE( 2, "SEND UserInterface::errorSignal(message:Session not found)" );
    HotelComponent_UserInterface_errorSignal( "Session not found" );
  }
' );
INSERT INTO TE_ABA VALUES ( 40433632,'S_SYNC',7655624,0,0,' void ','','','','','','','','','HotelComponent_PopulateFacilityTypes','void',0,0,'','  HotelComponent_FACILITY * f3;HotelComponent_FACILITY * f2;HotelComponent_FACILITY * f1;HotelComponent_BOOKABLE * b;HotelComponent_FACILITYTYPE * ft;
  /* CREATE OBJECT INSTANCE ft OF FACILITYTYPE */
  XTUML_OAL_STMT_TRACE( 1, "CREATE OBJECT INSTANCE ft OF FACILITYTYPE" );
  ft = (HotelComponent_FACILITYTYPE *) Escher_CreateInstance( HotelComponent_DOMAIN_ID, HotelComponent_FACILITYTYPE_CLASS_NUMBER );
  /* CREATE OBJECT INSTANCE b OF BOOKABLE */
  XTUML_OAL_STMT_TRACE( 1, "CREATE OBJECT INSTANCE b OF BOOKABLE" );
  b = (HotelComponent_BOOKABLE *) Escher_CreateInstance( HotelComponent_DOMAIN_ID, HotelComponent_BOOKABLE_CLASS_NUMBER );
  /* RELATE ft TO b ACROSS R2 */
  XTUML_OAL_STMT_TRACE( 1, "RELATE ft TO b ACROSS R2" );
  HotelComponent_FACILITYTYPE_R2_Link( b, ft );
  /* ASSIGN ft.approximateArea = About 20 square meters */
  XTUML_OAL_STMT_TRACE( 1, "ASSIGN ft.approximateArea = About 20 square meters" );
  Escher_strcpy( ft->approximateArea, "About 20 square meters" );
  /* ASSIGN b.price = 100 */
  XTUML_OAL_STMT_TRACE( 1, "ASSIGN b.price = 100" );
  b->price = 100;
  /* ASSIGN b.description = A double bed room */
  XTUML_OAL_STMT_TRACE( 1, "ASSIGN b.description = A double bed room" );
  Escher_strcpy( b->description, "A double bed room" );
  /* CREATE OBJECT INSTANCE f1 OF FACILITY */
  XTUML_OAL_STMT_TRACE( 1, "CREATE OBJECT INSTANCE f1 OF FACILITY" );
  f1 = (HotelComponent_FACILITY *) Escher_CreateInstance( HotelComponent_DOMAIN_ID, HotelComponent_FACILITY_CLASS_NUMBER );
  /* RELATE f1 TO ft ACROSS R1 */
  XTUML_OAL_STMT_TRACE( 1, "RELATE f1 TO ft ACROSS R1" );
  HotelComponent_FACILITYTYPE_R1_Link_is_instance_of( f1, ft );
  /* ASSIGN f1.facilityID = Room1 */
  XTUML_OAL_STMT_TRACE( 1, "ASSIGN f1.facilityID = Room1" );
  Escher_strcpy( f1->facilityID, "Room1" );
  /* CREATE OBJECT INSTANCE f2 OF FACILITY */
  XTUML_OAL_STMT_TRACE( 1, "CREATE OBJECT INSTANCE f2 OF FACILITY" );
  f2 = (HotelComponent_FACILITY *) Escher_CreateInstance( HotelComponent_DOMAIN_ID, HotelComponent_FACILITY_CLASS_NUMBER );
  /* RELATE f2 TO ft ACROSS R1 */
  XTUML_OAL_STMT_TRACE( 1, "RELATE f2 TO ft ACROSS R1" );
  HotelComponent_FACILITYTYPE_R1_Link_is_instance_of( f2, ft );
  /* ASSIGN f2.facilityID = Room2 */
  XTUML_OAL_STMT_TRACE( 1, "ASSIGN f2.facilityID = Room2" );
  Escher_strcpy( f2->facilityID, "Room2" );
  /* CREATE OBJECT INSTANCE f3 OF FACILITY */
  XTUML_OAL_STMT_TRACE( 1, "CREATE OBJECT INSTANCE f3 OF FACILITY" );
  f3 = (HotelComponent_FACILITY *) Escher_CreateInstance( HotelComponent_DOMAIN_ID, HotelComponent_FACILITY_CLASS_NUMBER );
  /* RELATE f3 TO ft ACROSS R1 */
  XTUML_OAL_STMT_TRACE( 1, "RELATE f3 TO ft ACROSS R1" );
  HotelComponent_FACILITYTYPE_R1_Link_is_instance_of( f3, ft );
  /* ASSIGN f3.facilityID = Room3 */
  XTUML_OAL_STMT_TRACE( 1, "ASSIGN f3.facilityID = Room3" );
  Escher_strcpy( f3->facilityID, "Room3" );
' );
INSERT INTO TE_ABA VALUES ( 40444608,'O_TFR',7655624,0,0,' c_t[ESCHER_SYS_MAX_STRING_LEN] ',' c_t p_name[ESCHER_SYS_MAX_STRING_LEN] ','c_t p_name[ESCHER_SYS_MAX_STRING_LEN];
','','[]',' p_name','    Escher_strcpy( e->p_name, p_name );','    Escher_strcpy( e->p_name, p_name );','','HotelComponent_HOTEL_op_createFacilityGroup','bool',0,0,'','' );
INSERT INTO TE_ABA VALUES ( 40455584,'O_TFR',7655624,0,0,' c_t[ESCHER_SYS_MAX_STRING_LEN] ',' c_t p_name[ESCHER_SYS_MAX_STRING_LEN] ','c_t p_name[ESCHER_SYS_MAX_STRING_LEN];
','','[]',' p_name','    Escher_strcpy( e->p_name, p_name );','    Escher_strcpy( e->p_name, p_name );','','HotelComponent_HOTEL_op_createStaff','bool',0,0,'','' );
INSERT INTO TE_ABA VALUES ( 40466560,'O_TFR',7655624,0,0,' c_t[ESCHER_SYS_MAX_STRING_LEN] ',' c_t p_description[ESCHER_SYS_MAX_STRING_LEN] ','c_t p_description[ESCHER_SYS_MAX_STRING_LEN];
','','[]',' p_description','    Escher_strcpy( e->p_description, p_description );','    Escher_strcpy( e->p_description, p_description );','','HotelComponent_HOTEL_op_createService','bool',0,0,'','' );
INSERT INTO TE_ABA VALUES ( 40477536,'O_TFR',7655624,0,0,' c_t[ESCHER_SYS_MAX_STRING_LEN] ',' c_t p_facilityID[ESCHER_SYS_MAX_STRING_LEN] ','c_t p_facilityID[ESCHER_SYS_MAX_STRING_LEN];
','','[]',' p_facilityID','    Escher_strcpy( e->p_facilityID, p_facilityID );','    Escher_strcpy( e->p_facilityID, p_facilityID );','','HotelComponent_HOTEL_op_createFacility','bool',0,0,'','' );
INSERT INTO TE_ABA VALUES ( 40488512,'O_TFR',7655624,0,0,' const i_t ',' const i_t p_filter ','i_t p_filter;
',', p_filter','%d',' p_filter','    e->p_filter = p_filter;','    e->p_filter = p_filter;','','HotelComponent_HOTEL_op_availableBookables','Escher_ObjectSet_s *',0,0,'','' );
INSERT INTO TE_ABA VALUES ( 40499488,'O_TFR',7655624,0,0,' HotelComponent_BOOKING * ',' HotelComponent_BOOKING * p_booking ','HotelComponent_BOOKING * p_booking;
','','[]',' p_booking','    e->p_booking = p_booking;','    e->p_booking = p_booking;','','HotelComponent_HOTEL_op_addBooking','bool',0,0,'','' );
INSERT INTO TE_ABA VALUES ( 40510464,'O_TFR',7655624,0,0,' HotelComponent_FACILITY * ',' HotelComponent_FACILITY * p_facility ','HotelComponent_FACILITY * p_facility;
','','[]',' p_facility','    e->p_facility = p_facility;','    e->p_facility = p_facility;','','HotelComponent_GUEST_op_setFacility','bool',0,0,'','' );
INSERT INTO TE_ABA VALUES ( 40521440,'O_TFR',7655624,0,0,' void ','','','','','','','','','HotelComponent_FACILITYTYPE_op_getPossibleExtras','Escher_ObjectSet_s *',0,0,'','' );
INSERT INTO TE_ABA VALUES ( 40532416,'SM_ACT',7655624,0,0,' void ','','','','','','','','','HotelComponent_BOOKINGSESSION_act1','void',0,0,'','  /* LOG::LogInfo( message:Recieved session request ) */
  XTUML_OAL_STMT_TRACE( 1, "LOG::LogInfo( message:Recieved session request )" );
  LOG_LogInfo( "Recieved session request" );
' );
INSERT INTO TE_ABA VALUES ( 44679352,'SM_ACT',7655624,0,0,' void ','','','','','','','','','HotelComponent_BOOKINGSESSION_act6','void',0,0,'','' );
INSERT INTO TE_ABA VALUES ( 44690328,'SM_ACT',7655624,0,0,' void ','','','','','','','','','HotelComponent_BOOKINGSESSION_act5','void',0,0,'','' );
INSERT INTO TE_ABA VALUES ( 44701304,'SM_ACT',7655624,0,0,' void ','','','','','','','','','HotelComponent_BOOKINGSESSION_act2','void',0,0,'','' );
INSERT INTO TE_ABA VALUES ( 44712280,'SM_ACT',7655624,0,0,' void ','','','','','','','','','HotelComponent_BOOKINGSESSION_act3','void',0,0,'','' );
INSERT INTO TE_ABA VALUES ( 44723256,'SM_ACT',7655624,0,0,' void ','','','','','','','','','HotelComponent_BOOKINGSESSION_act4','void',0,0,'','' );
INSERT INTO TE_ABA VALUES ( 44734232,'SM_ACT',7655624,0,0,' void ','','','','','','','','','HotelComponent_BOOKINGSESSION_act7','void',0,0,'','' );
INSERT INTO TE_ABA VALUES ( 44745208,'SM_ACT',7655624,0,0,' void ','','','','','','','','','HotelComponent_BOOKINGSESSION_act8','void',0,0,'','' );
INSERT INTO TE_ABA VALUES ( 44756184,'SM_ACT',7655624,0,0,' void ','','','','','','','','','HotelComponent_BOOKINGSESSION_act9','void',0,0,'','' );
INSERT INTO TE_ABA VALUES ( 44767160,'SM_ACT',7655624,0,0,' void ','','','','','','','','','HotelComponent_BOOKINGSESSION_act10','void',0,0,'','' );
INSERT INTO TE_ABA VALUES ( 44778136,'SM_ACT',7655624,0,0,' void ','','','','','','','','','HotelComponent_BOOKINGSESSION_act11','void',0,0,'','' );
INSERT INTO TE_ABA VALUES ( 48806248,'SM_ACT',7655624,0,0,' void ','','','','','','','','','HotelComponent_BOOKINGSESSION_CB_act1','void',0,0,'','' );
INSERT INTO TE_ABA VALUES ( 48817224,'O_TFR',7655624,0,0,' const i_t, HotelComponent_FACILITY *, c_t[ESCHER_SYS_MAX_STRING_LEN] ',' const i_t p_age, HotelComponent_FACILITY * p_facility, c_t p_name[ESCHER_SYS_MAX_STRING_LEN] ','i_t p_age;
HotelComponent_FACILITY * p_facility;
c_t p_name[ESCHER_SYS_MAX_STRING_LEN];
',', p_age','%d,[],[]',' p_age, p_facility, p_name','    e->p_age = p_age;    e->p_facility = p_facility;    Escher_strcpy( e->p_name, p_name );','    e->p_age = p_age;    e->p_facility = p_facility;    Escher_strcpy( e->p_name, p_name );','','HotelComponent_BOOKINGSESSION_op_addGuest','HotelComponent_BOOKING *',0,0,'','' );
INSERT INTO TE_ABA VALUES ( 48828200,'O_TFR',7655624,0,0,' const i_t, c_t[ESCHER_SYS_MAX_STRING_LEN] ',' const i_t p_age, c_t p_name[ESCHER_SYS_MAX_STRING_LEN] ','i_t p_age;
c_t p_name[ESCHER_SYS_MAX_STRING_LEN];
',', p_age','%d,[]',' p_age, p_name','    e->p_age = p_age;    Escher_strcpy( e->p_name, p_name );','    e->p_age = p_age;    Escher_strcpy( e->p_name, p_name );','','HotelComponent_BOOKINGSESSION_op_createGuest','bool',0,0,'','' );
INSERT INTO TE_ABA VALUES ( 48839176,'O_TFR',7655624,0,0,' HotelComponent_FACILITYTYPE * ',' HotelComponent_FACILITYTYPE * p_facilityType ','HotelComponent_FACILITYTYPE * p_facilityType;
','','[]',' p_facilityType','    e->p_facilityType = p_facilityType;','    e->p_facilityType = p_facilityType;','','HotelComponent_BOOKINGSESSION_op_selectBookable','Escher_ObjectSet_s *',0,0,'','' );
INSERT INTO TE_ABA VALUES ( 48850152,'O_TFR',7655624,0,0,' HotelComponent_BOOKABLE * ',' HotelComponent_BOOKABLE * p_bookable ','HotelComponent_BOOKABLE * p_bookable;
','','[]',' p_bookable','    e->p_bookable = p_bookable;','    e->p_bookable = p_bookable;','','HotelComponent_BOOKINGSESSION_op_addService','bool',0,0,'','' );
INSERT INTO TE_ABA VALUES ( 48861128,'O_TFR',7655624,0,0,' c_t[ESCHER_SYS_MAX_STRING_LEN] ',' c_t p_name[ESCHER_SYS_MAX_STRING_LEN] ','c_t p_name[ESCHER_SYS_MAX_STRING_LEN];
','','[]',' p_name','    Escher_strcpy( e->p_name, p_name );','    Escher_strcpy( e->p_name, p_name );','','HotelComponent_BOOKINGSESSION_op_createCustomer','bool',0,0,'','' );
INSERT INTO TE_ABA VALUES ( 48872104,'O_TFR',7655624,0,0,' const i_t, Escher_TimeStamp_t, Escher_TimeStamp_t ',' const i_t p_facilityType, Escher_TimeStamp_t p_fromDate, Escher_TimeStamp_t p_toDate ','i_t p_facilityType;
Escher_TimeStamp_t p_fromDate;
Escher_TimeStamp_t p_toDate;
',', p_facilityType, p_fromDate, p_toDate','%d,%d,%d',' p_facilityType, p_fromDate, p_toDate','    e->p_facilityType = p_facilityType;    e->p_fromDate = p_fromDate;    e->p_toDate = p_toDate;','    e->p_facilityType = p_facilityType;    e->p_fromDate = p_fromDate;    e->p_toDate = p_toDate;','','HotelComponent_BOOKINGSESSION_op_search','Escher_ObjectSet_s *',0,0,'','  Escher_ObjectSet_s b_space={0}; Escher_ObjectSet_s * b = &b_space;
  /* SELECT many b FROM INSTANCES OF FACILITYTYPE */
  XTUML_OAL_STMT_TRACE( 1, "SELECT many b FROM INSTANCES OF FACILITYTYPE" );
  Escher_CopySet( b, &pG_HotelComponent_FACILITYTYPE_extent.active );
  /* RETURN b */
  XTUML_OAL_STMT_TRACE( 1, "RETURN b" );
  {Escher_ObjectSet_s * xtumlOALrv = b;
  Escher_ClearSet( b );
  return xtumlOALrv;}
  Escher_ClearSet( b );
' );
INSERT INTO TE_ABA VALUES ( 48883080,'O_TFR',7655624,0,0,' const i_t, c_t[ESCHER_SYS_MAX_STRING_LEN] ',' const i_t p_age, c_t p_name[ESCHER_SYS_MAX_STRING_LEN] ','i_t p_age;
c_t p_name[ESCHER_SYS_MAX_STRING_LEN];
',', p_age','%d,[]',' p_age, p_name','    e->p_age = p_age;    Escher_strcpy( e->p_name, p_name );','    e->p_age = p_age;    Escher_strcpy( e->p_name, p_name );','','HotelComponent_BOOKING_op_addGuest','void',0,0,'','' );
INSERT INTO TE_ABA VALUES ( 48894056,'O_TFR',7655624,0,0,' void ','','','','','','','','','HotelComponent_BOOKING_op_getBookingInfo','HotelComponent_BOOKING *',0,0,'','' );
INSERT INTO TE_ABA VALUES ( 48905032,'O_TFR',7655624,0,0,' c_t[ESCHER_SYS_MAX_STRING_LEN] ',' c_t p_customer[ESCHER_SYS_MAX_STRING_LEN] ','c_t p_customer[ESCHER_SYS_MAX_STRING_LEN];
','','[]',' p_customer','    Escher_strcpy( e->p_customer, p_customer );','    Escher_strcpy( e->p_customer, p_customer );','','HotelComponent_BOOKING_op_setCustomer','bool',0,0,'','' );
INSERT INTO TE_ABA VALUES ( 52945640,'O_TFR',7655624,0,0,' HotelComponent_BOOKABLE * ',' HotelComponent_BOOKABLE * p_bookable ','HotelComponent_BOOKABLE * p_bookable;
','','[]',' p_bookable','    e->p_bookable = p_bookable;','    e->p_bookable = p_bookable;','','HotelComponent_BOOKING_op_addBookable','bool',0,0,'','' );
INSERT INTO TE_ABA VALUES ( 52956616,'O_TFR',7655624,0,0,' HotelComponent_BOOKABLE * ',' HotelComponent_BOOKABLE * p_bookable ','HotelComponent_BOOKABLE * p_bookable;
','','[]',' p_bookable','    e->p_bookable = p_bookable;','    e->p_bookable = p_bookable;','','HotelComponent_BOOKING_op_addService','bool',0,0,'','' );
INSERT INTO TE_ABA VALUES ( 52967592,'O_TFR',7655624,0,0,' const i_t ',' const i_t p_filter ','i_t p_filter;
',', p_filter','%d',' p_filter','    e->p_filter = p_filter;','    e->p_filter = p_filter;','','HotelComponent_BOOKABLE_op_isAvailable','bool',0,0,'','' );
INSERT INTO TE_ABA VALUES ( 52978568,'O_TFR',7655624,0,0,' void ','','','','','','','','','HotelComponent_BOOKABLE_op_getBookableRepresentation','void',0,0,'','  i_t i;
  /* ASSIGN i = 5 */
  XTUML_OAL_STMT_TRACE( 1, "ASSIGN i = 5" );
  i = 5;
' );
INSERT INTO TE_ABA VALUES ( 52989544,'O_TFR',7655624,0,0,' void ','','','','','','','','','HotelComponent_BILLING_op_isPayed','bool',0,0,'','' );
INSERT INTO TE_ABA VALUES ( 53000520,'O_TFR',7655624,0,0,' void ','','','','','','','','','HotelComponent_BILLING_op_getCost','i_t',0,0,'','' );
INSERT INTO TE_ABA VALUES ( 53011496,'S_SYNC',7650400,0,1,' void ','','','','','','','','','UserComponent_startSimpleTest','void',0,0,'','  UserComponent_SETUP * setup;UserComponent_SIMPLETEST * st;
  /* LOG::LogInfo( message:Starting simpleTest ; ) */
  XTUML_OAL_STMT_TRACE( 1, "LOG::LogInfo( message:Starting simpleTest ; )" );
  LOG_LogInfo( "Starting simpleTest ;" );
  /* CREATE OBJECT INSTANCE st OF SIMPLETEST */
  XTUML_OAL_STMT_TRACE( 1, "CREATE OBJECT INSTANCE st OF SIMPLETEST" );
  st = (UserComponent_SIMPLETEST *) Escher_CreateInstance( UserComponent_DOMAIN_ID, UserComponent_SIMPLETEST_CLASS_NUMBER );
  /* CREATE OBJECT INSTANCE setup OF SETUP */
  XTUML_OAL_STMT_TRACE( 1, "CREATE OBJECT INSTANCE setup OF SETUP" );
  setup = (UserComponent_SETUP *) Escher_CreateInstance( UserComponent_DOMAIN_ID, UserComponent_SETUP_CLASS_NUMBER );
  /* GENERATE SIMPLETEST1:start() TO st */
  XTUML_OAL_STMT_TRACE( 1, "GENERATE SIMPLETEST1:start() TO st" );
  { Escher_xtUMLEvent_t * e = Escher_NewxtUMLEvent( st, &UserComponent_SIMPLETESTevent1c );
    Escher_SendEvent( e );
  }
' );
INSERT INTO TE_ABA VALUES ( 53022472,'SM_ACT',7650400,0,0,' void ','','','','','','','','','UserComponent_SETUP_act1','void',0,0,'','  /* SEND Port1::addFacilityType(approximateArea:10-12 m^2, description:ASBRA, name:Single Room, price:1500) */
  XTUML_OAL_STMT_TRACE( 1, "SEND Port1::addFacilityType(approximateArea:10-12 m^2, description:ASBRA, name:Single Room, price:1500)" );
  UserComponent_Port1_addFacilityType( "10-12 m^2", "ASBRA", "Single Room", 1500 );
  /* SEND Port1::addFacilityType(approximateArea:12-14 m^2, description:DLIGT, name:Double Room, price:2500) */
  XTUML_OAL_STMT_TRACE( 1, "SEND Port1::addFacilityType(approximateArea:12-14 m^2, description:DLIGT, name:Double Room, price:2500)" );
  UserComponent_Port1_addFacilityType( "12-14 m^2", "DLIGT", "Double Room", 2500 );
' );
INSERT INTO TE_ABA VALUES ( 53033448,'SM_ACT',7650400,0,0,' void ','','','','','','','','','UserComponent_SETUP_act2','void',0,0,'','  /* LOG::LogInfo( message:creating facilities ) */
  XTUML_OAL_STMT_TRACE( 1, "LOG::LogInfo( message:creating facilities )" );
  LOG_LogInfo( "creating facilities" );
  /* SEND Port1::addFacility(facilityID:1215D, facilityType:PARAM.facilityType) */
  XTUML_OAL_STMT_TRACE( 1, "SEND Port1::addFacility(facilityID:1215D, facilityType:PARAM.facilityType)" );
  UserComponent_Port1_addFacility( "1215D", rcvd_evt->p_facilityType );
  /* SEND Port1::addFacility(facilityID:1215A, facilityType:PARAM.facilityType) */
  XTUML_OAL_STMT_TRACE( 1, "SEND Port1::addFacility(facilityID:1215A, facilityType:PARAM.facilityType)" );
  UserComponent_Port1_addFacility( "1215A", rcvd_evt->p_facilityType );
  /* SEND Port1::addFacility(facilityID:1215C, facilityType:PARAM.facilityType) */
  XTUML_OAL_STMT_TRACE( 1, "SEND Port1::addFacility(facilityID:1215C, facilityType:PARAM.facilityType)" );
  UserComponent_Port1_addFacility( "1215C", rcvd_evt->p_facilityType );
' );
INSERT INTO TE_ABA VALUES ( 53044424,'SM_ACT',7650400,0,0,' void ','','','','','','','','','UserComponent_SIMPLETEST_act1','void',0,0,'','  /* LOG::LogInfo( message:Starting simple test... woopido ) */
  XTUML_OAL_STMT_TRACE( 1, "LOG::LogInfo( message:Starting simple test... woopido )" );
  LOG_LogInfo( "Starting simple test... woopido" );
' );
INSERT INTO TE_ABA VALUES ( 57195008,'SM_ACT',7650400,0,0,' void ','','','','','','','','','UserComponent_SIMPLETEST_act2','void',0,0,'','  /* LOG::LogInfo( message:Starting simple test... requesting session ) */
  XTUML_OAL_STMT_TRACE( 1, "LOG::LogInfo( message:Starting simple test... requesting session )" );
  LOG_LogInfo( "Starting simple test... requesting session" );
  /* SEND UserInterface::requestSession() */
  XTUML_OAL_STMT_TRACE( 1, "SEND UserInterface::requestSession()" );
  UserComponent_UserInterface_requestSession();
' );
INSERT INTO TE_ABA VALUES ( 57205984,'SM_ACT',7650400,0,0,' void ','','','','','','','','','UserComponent_SIMPLETEST_act3','void',0,0,'','  /* LOG::LogInfo( message:Session recieved ) */
  XTUML_OAL_STMT_TRACE( 1, "LOG::LogInfo( message:Session recieved )" );
  LOG_LogInfo( "Session recieved" );
  /* SEND UserInterface::requestAvailableBookables(facilityType:1, TIM::create_date(day:1, hour:4, minute:12, month:1, second:8, year:2010), sessionID:PARAM.sessionID, TIM::create_date(day:1, hour:4, minute:12, month:1, second:8, year:2010)) */
  XTUML_OAL_STMT_TRACE( 1, "SEND UserInterface::requestAvailableBookables(facilityType:1, TIM::create_date(day:1, hour:4, minute:12, month:1, second:8, year:2010), sessionID:PARAM.sessionID, TIM::create_date(day:1, hour:4, minute:12, month:1, second:8, year:2010))" );
  UserComponent_UserInterface_requestAvailableBookables( 1, TIM_create_date( 1, 4, 12, 1, 8, 2010 ), rcvd_evt->p_sessionID, TIM_create_date( 1, 4, 12, 1, 8, 2010 ) );
' );
INSERT INTO TE_ABA VALUES ( 57216960,'SM_ACT',7650400,0,0,' void ','','','','','','','','','UserComponent_SIMPLETEST_xact1','void',0,0,'','  /* ASSIGN self.sessionID = PARAM.sessionID */
  XTUML_OAL_STMT_TRACE( 1, "ASSIGN self.sessionID = PARAM.sessionID" );
  self->sessionID = rcvd_evt->p_sessionID;
' );
INSERT INTO TE_ABA VALUES ( 57227936,'S_BRG',0,0,0,' c_t[ESCHER_SYS_MAX_STRING_LEN] ',' c_t p_message[ESCHER_SYS_MAX_STRING_LEN] ','c_t p_message[ESCHER_SYS_MAX_STRING_LEN];
','','[]',' p_message','    Escher_strcpy( e->p_message, p_message );','    Escher_strcpy( e->p_message, p_message );','','LOG_LogSuccess','void',0,0,'','' );
INSERT INTO TE_ABA VALUES ( 57238912,'S_BRG',0,0,0,' c_t[ESCHER_SYS_MAX_STRING_LEN] ',' c_t p_message[ESCHER_SYS_MAX_STRING_LEN] ','c_t p_message[ESCHER_SYS_MAX_STRING_LEN];
','','[]',' p_message','    Escher_strcpy( e->p_message, p_message );','    Escher_strcpy( e->p_message, p_message );','','LOG_LogFailure','void',0,0,'','' );
INSERT INTO TE_ABA VALUES ( 57249888,'S_BRG',0,0,0,' c_t[ESCHER_SYS_MAX_STRING_LEN] ',' c_t p_message[ESCHER_SYS_MAX_STRING_LEN] ','c_t p_message[ESCHER_SYS_MAX_STRING_LEN];
','','[]',' p_message','    Escher_strcpy( e->p_message, p_message );','    Escher_strcpy( e->p_message, p_message );','','LOG_LogInfo','void',0,0,'','' );
INSERT INTO TE_ABA VALUES ( 57260864,'S_BRG',0,0,0,' Escher_Date_t, c_t[ESCHER_SYS_MAX_STRING_LEN] ',' Escher_Date_t p_d, c_t p_message[ESCHER_SYS_MAX_STRING_LEN] ','Escher_Date_t p_d;
c_t p_message[ESCHER_SYS_MAX_STRING_LEN];
',', p_d','%d,[]',' p_d, p_message','    e->p_d = p_d;    Escher_strcpy( e->p_message, p_message );','    e->p_d = p_d;    Escher_strcpy( e->p_message, p_message );','','LOG_LogDate','void',0,0,'','' );
INSERT INTO TE_ABA VALUES ( 57271840,'S_BRG',0,0,0,' c_t[ESCHER_SYS_MAX_STRING_LEN], Escher_TimeStamp_t ',' c_t p_message[ESCHER_SYS_MAX_STRING_LEN], Escher_TimeStamp_t p_t ','c_t p_message[ESCHER_SYS_MAX_STRING_LEN];
Escher_TimeStamp_t p_t;
',', p_t','[],%d',' p_message, p_t','    Escher_strcpy( e->p_message, p_message );    e->p_t = p_t;','    Escher_strcpy( e->p_message, p_message );    e->p_t = p_t;','','LOG_LogTime','void',0,0,'','' );
INSERT INTO TE_ABA VALUES ( 57282816,'S_BRG',0,0,0,' c_t[ESCHER_SYS_MAX_STRING_LEN], const r_t ',' c_t p_message[ESCHER_SYS_MAX_STRING_LEN], const r_t p_r ','c_t p_message[ESCHER_SYS_MAX_STRING_LEN];
r_t p_r;
',', p_r','[],%f',' p_message, p_r','    Escher_strcpy( e->p_message, p_message );    e->p_r = p_r;','    Escher_strcpy( e->p_message, p_message );    e->p_r = p_r;','','LOG_LogReal','void',0,0,'','' );
INSERT INTO TE_ABA VALUES ( 57293792,'S_BRG',0,0,0,' const i_t ',' const i_t p_message ','i_t p_message;
',', p_message','%d',' p_message','    e->p_message = p_message;','    e->p_message = p_message;','','LOG_LogInteger','void',0,0,'','' );
INSERT INTO TE_ABA VALUES ( 61304856,'S_BRG',0,0,0,' void ','','','','','','','','','TIM_current_date','Escher_Date_t',0,0,'','' );
INSERT INTO TE_ABA VALUES ( 61315832,'S_BRG',0,0,0,' const i_t, const i_t, const i_t, const i_t, const i_t, const i_t ',' const i_t p_day, const i_t p_hour, const i_t p_minute, const i_t p_month, const i_t p_second, const i_t p_year ','i_t p_day;
i_t p_hour;
i_t p_minute;
i_t p_month;
i_t p_second;
i_t p_year;
',', p_day, p_hour, p_minute, p_month, p_second, p_year','%d,%d,%d,%d,%d,%d',' p_day, p_hour, p_minute, p_month, p_second, p_year','    e->p_day = p_day;    e->p_hour = p_hour;    e->p_minute = p_minute;    e->p_month = p_month;    e->p_second = p_second;    e->p_year = p_year;','    e->p_day = p_day;    e->p_hour = p_hour;    e->p_minute = p_minute;    e->p_month = p_month;    e->p_second = p_second;    e->p_year = p_year;','','TIM_create_date','Escher_Date_t',0,0,'','' );
INSERT INTO TE_ABA VALUES ( 61326808,'S_BRG',0,0,0,' Escher_Date_t ',' Escher_Date_t p_date ','Escher_Date_t p_date;
',', p_date','%d',' p_date','    e->p_date = p_date;','    e->p_date = p_date;','','TIM_get_second','i_t',0,0,'','' );
INSERT INTO TE_ABA VALUES ( 61337784,'S_BRG',0,0,0,' Escher_Date_t ',' Escher_Date_t p_date ','Escher_Date_t p_date;
',', p_date','%d',' p_date','    e->p_date = p_date;','    e->p_date = p_date;','','TIM_get_minute','i_t',0,0,'','' );
INSERT INTO TE_ABA VALUES ( 61348760,'S_BRG',0,0,0,' Escher_Date_t ',' Escher_Date_t p_date ','Escher_Date_t p_date;
',', p_date','%d',' p_date','    e->p_date = p_date;','    e->p_date = p_date;','','TIM_get_hour','i_t',0,0,'','' );
INSERT INTO TE_ABA VALUES ( 61359736,'S_BRG',0,0,0,' Escher_Date_t ',' Escher_Date_t p_date ','Escher_Date_t p_date;
',', p_date','%d',' p_date','    e->p_date = p_date;','    e->p_date = p_date;','','TIM_get_day','i_t',0,0,'','' );
INSERT INTO TE_ABA VALUES ( 61370712,'S_BRG',0,0,0,' Escher_Date_t ',' Escher_Date_t p_date ','Escher_Date_t p_date;
',', p_date','%d',' p_date','    e->p_date = p_date;','    e->p_date = p_date;','','TIM_get_month','i_t',0,0,'','' );
INSERT INTO TE_ABA VALUES ( 61381688,'S_BRG',0,0,0,' Escher_Date_t ',' Escher_Date_t p_date ','Escher_Date_t p_date;
',', p_date','%d',' p_date','    e->p_date = p_date;','    e->p_date = p_date;','','TIM_get_year','i_t',0,0,'','' );
INSERT INTO TE_ABA VALUES ( 61392664,'S_BRG',0,0,0,' void ','','','','','','','','','TIM_current_clock','Escher_TimeStamp_t',0,0,'','' );
INSERT INTO TE_ABA VALUES ( 61403640,'S_BRG',0,0,0,' Escher_xtUMLEvent_t *, const i_t ',' Escher_xtUMLEvent_t * p_event_inst, const i_t p_microseconds ','Escher_xtUMLEvent_t * p_event_inst;
i_t p_microseconds;
',', p_event_inst, p_microseconds','%p,%d',' p_event_inst, p_microseconds','    e->p_event_inst = p_event_inst;    e->p_microseconds = p_microseconds;','    e->p_event_inst = p_event_inst;    e->p_microseconds = p_microseconds;','','TIM_timer_start','Escher_Timer_t *',0,0,'','' );
INSERT INTO TE_ABA VALUES ( 65448552,'S_BRG',0,0,0,' Escher_xtUMLEvent_t *, const i_t ',' Escher_xtUMLEvent_t * p_event_inst, const i_t p_microseconds ','Escher_xtUMLEvent_t * p_event_inst;
i_t p_microseconds;
',', p_event_inst, p_microseconds','%p,%d',' p_event_inst, p_microseconds','    e->p_event_inst = p_event_inst;    e->p_microseconds = p_microseconds;','    e->p_event_inst = p_event_inst;    e->p_microseconds = p_microseconds;','','TIM_timer_start_recurring','Escher_Timer_t *',0,0,'','' );
INSERT INTO TE_ABA VALUES ( 65459528,'S_BRG',0,0,0,' Escher_Timer_t * ',' Escher_Timer_t * p_timer_inst_ref ','Escher_Timer_t * p_timer_inst_ref;
',', p_timer_inst_ref','%d',' p_timer_inst_ref','    e->p_timer_inst_ref = p_timer_inst_ref;','    e->p_timer_inst_ref = p_timer_inst_ref;','','TIM_timer_remaining_time','i_t',0,0,'','' );
INSERT INTO TE_ABA VALUES ( 65470504,'S_BRG',0,0,0,' const i_t, Escher_Timer_t * ',' const i_t p_microseconds, Escher_Timer_t * p_timer_inst_ref ','i_t p_microseconds;
Escher_Timer_t * p_timer_inst_ref;
',', p_microseconds, p_timer_inst_ref','%d,%d',' p_microseconds, p_timer_inst_ref','    e->p_microseconds = p_microseconds;    e->p_timer_inst_ref = p_timer_inst_ref;','    e->p_microseconds = p_microseconds;    e->p_timer_inst_ref = p_timer_inst_ref;','','TIM_timer_reset_time','bool',0,0,'','' );
INSERT INTO TE_ABA VALUES ( 65481480,'S_BRG',0,0,0,' const i_t, Escher_Timer_t * ',' const i_t p_microseconds, Escher_Timer_t * p_timer_inst_ref ','i_t p_microseconds;
Escher_Timer_t * p_timer_inst_ref;
',', p_microseconds, p_timer_inst_ref','%d,%d',' p_microseconds, p_timer_inst_ref','    e->p_microseconds = p_microseconds;    e->p_timer_inst_ref = p_timer_inst_ref;','    e->p_microseconds = p_microseconds;    e->p_timer_inst_ref = p_timer_inst_ref;','','TIM_timer_add_time','bool',0,0,'','' );
INSERT INTO TE_ABA VALUES ( 65492456,'S_BRG',0,0,0,' Escher_Timer_t * ',' Escher_Timer_t * p_timer_inst_ref ','Escher_Timer_t * p_timer_inst_ref;
',', p_timer_inst_ref','%d',' p_timer_inst_ref','    e->p_timer_inst_ref = p_timer_inst_ref;','    e->p_timer_inst_ref = p_timer_inst_ref;','','TIM_timer_cancel','bool',0,0,'','' );
INSERT INTO TE_C VALUES ( 7650400,'UserComponent','',0,1,1,1,0,0,1,0,'UserComponent_classes','',20,0,10,0,3,0,0,0,0,0,'UserComponent','UserComponent','',1,1,0,1,0,723,0,10941920 );
INSERT INTO TE_C VALUES ( 7655624,'HotelComponent','',0,1,1,1,0,0,1,0,'HotelComponent_classes','',210,210,10,0,3,0,0,0,0,0,'HotelComponent','HotelComponent','',1,1,0,1,0,3,0,10945332 );
INSERT INTO TE_EE VALUES ( 'Time','TIM','TIM','The Time external entity provides date, timestamp, and timer related operations.',1,'TIM_bridge','TIM_bridge.h',0,0,977,8304672,0 );
INSERT INTO TE_EE VALUES ( 'Logging','LOG','LOG','',1,'LOG_bridge','LOG_bridge.h',0,0,948,8308924,0 );
INSERT INTO TE_DT VALUES ( 8245376,'timestamp',11,1,'Escher_TimeStamp_t','Hotel_sys_types.h','CTOR','',0,'Hotel','%d',0,0,428 );
INSERT INTO TE_DT VALUES ( 8251296,'inst_ref<Timer>',12,1,'Escher_Timer_t *','Hotel_sys_types.h','0','',0,'Hotel','%d',0,0,999 );
INSERT INTO TE_DT VALUES ( 8257216,'date',11,1,'Escher_Date_t','Hotel_sys_types.h','CTOR','',0,'Hotel','%d',0,0,45 );
INSERT INTO TE_DT VALUES ( 8263136,'component_ref',13,0,'','Hotel_sys_types.h','','',0,'Hotel','%x',0,0,1029 );
INSERT INTO TE_DT VALUES ( 8269056,'inst_ref<Mapping>',12,0,'i_t','Hotel_sys_types.h','0','',0,'Hotel','%d',0,0,1028 );
INSERT INTO TE_DT VALUES ( 8274976,'inst<Mapping>',11,0,'','Hotel_sys_types.h','','',0,'Hotel','%d',0,0,1027 );
INSERT INTO TE_DT VALUES ( 8280896,'inst<Event>',10,1,'Escher_xtUMLEvent_t *','Hotel_sys_types.h','0','',0,'Hotel','%p',0,0,1002 );
INSERT INTO TE_DT VALUES ( 8286816,'inst_ref_set<Object>',9,0,'Escher_ObjectSet_s *','Hotel_sys_types.h','','',0,'Hotel','%p',0,0,1026 );
INSERT INTO TE_DT VALUES ( 8292736,'inst_ref<Object>',8,0,'void *','Hotel_sys_types.h','','',0,'Hotel','%p',0,0,21 );
INSERT INTO TE_DT VALUES ( 8298656,'same_as<Base_Attribute>',7,0,'','Hotel_sys_types.h','','',0,'Hotel','%p',0,0,1025 );
INSERT INTO TE_DT VALUES ( 23574152,'state<State_Model>',6,0,'','Hotel_sys_types.h','','',0,'Hotel','%d',0,0,510 );
INSERT INTO TE_DT VALUES ( 23580072,'unique_id',5,1,'Escher_UniqueID_t','Hotel_sys_types.h','0','',0,'Hotel','%p',0,0,23 );
INSERT INTO TE_DT VALUES ( 23585992,'string',4,1,'c_t','Hotel_sys_types.h','CTOR','',0,'Hotel','%s',0,0,62 );
INSERT INTO TE_DT VALUES ( 23591912,'real',3,1,'r_t','Hotel_sys_types.h','0.0','',0,'Hotel','%f',0,0,243 );
INSERT INTO TE_DT VALUES ( 23597832,'integer',2,1,'i_t','Hotel_sys_types.h','0','',0,'Hotel','%d',0,0,50 );
INSERT INTO TE_DT VALUES ( 23603752,'boolean',1,1,'bool','Hotel_sys_types.h','false','',0,'Hotel','%d',0,0,25 );
INSERT INTO TE_DT VALUES ( 23609672,'void',0,0,'void','Hotel_sys_types.h','0','',0,'Hotel','',0,0,355 );
INSERT INTO TE_DT VALUES ( 23615592,'inst_ref_set<SimpleTest>',21,0,'Escher_ObjectSet_s *','','','',0,'UserComponent','',0,7650400,803 );
INSERT INTO TE_DT VALUES ( 23621512,'inst_ref<SimpleTest>',20,0,'UserComponent_SIMPLETEST *','','','',0,'UserComponent','',0,7650400,779 );
INSERT INTO TE_DT VALUES ( 23627432,'inst_ref<Service>',20,0,'HotelComponent_SERVICE *','','','',0,'HotelComponent','',0,7655624,260 );
INSERT INTO TE_DT VALUES ( 23633360,'inst_ref_set<Service>',21,0,'Escher_ObjectSet_s *','','','',0,'HotelComponent','',0,7655624,258 );
INSERT INTO TE_DT VALUES ( 23639280,'inst_ref<FacilityType>',20,1,'HotelComponent_FACILITYTYPE *','','','',0,'HotelComponent','',0,7655624,55 );
INSERT INTO TE_DT VALUES ( 23645200,'inst_ref_set<FacilityType>',21,0,'Escher_ObjectSet_s *','','','',0,'HotelComponent','',0,7655624,42 );
INSERT INTO TE_DT VALUES ( 23651120,'inst_ref<Bookable>',20,1,'HotelComponent_BOOKABLE *','','','',0,'HotelComponent','',0,7655624,76 );
INSERT INTO TE_DT VALUES ( 23657040,'inst_ref_set<Bookable>',21,0,'Escher_ObjectSet_s *','','','',0,'HotelComponent','',0,7655624,257 );
INSERT INTO TE_DT VALUES ( 23662960,'inst_ref<Booking>',20,1,'HotelComponent_BOOKING *','','','',0,'HotelComponent','',0,7655624,145 );
INSERT INTO TE_DT VALUES ( 23668880,'inst_ref_set<Booking>',21,0,'Escher_ObjectSet_s *','','','',0,'HotelComponent','',0,7655624,256 );
INSERT INTO TE_DT VALUES ( 23674800,'inst_ref<Facility>',20,1,'HotelComponent_FACILITY *','','','',0,'HotelComponent','',0,7655624,172 );
INSERT INTO TE_DT VALUES ( 23680720,'inst_ref_set<Facility>',21,0,'Escher_ObjectSet_s *','','','',0,'HotelComponent','',0,7655624,255 );
INSERT INTO TE_ACT VALUES ( 40532416,'HotelComponent_BOOKINGSESSION_act1',0,511,522 );
INSERT INTO TE_ACT VALUES ( 44679352,'HotelComponent_BOOKINGSESSION_act6',0,511,528 );
INSERT INTO TE_ACT VALUES ( 44690328,'HotelComponent_BOOKINGSESSION_act5',0,511,532 );
INSERT INTO TE_ACT VALUES ( 44701304,'HotelComponent_BOOKINGSESSION_act2',0,511,536 );
INSERT INTO TE_ACT VALUES ( 44712280,'HotelComponent_BOOKINGSESSION_act3',0,511,540 );
INSERT INTO TE_ACT VALUES ( 44723256,'HotelComponent_BOOKINGSESSION_act4',0,511,544 );
INSERT INTO TE_ACT VALUES ( 44734232,'HotelComponent_BOOKINGSESSION_act7',0,511,548 );
INSERT INTO TE_ACT VALUES ( 44745208,'HotelComponent_BOOKINGSESSION_act8',0,511,552 );
INSERT INTO TE_ACT VALUES ( 44756184,'HotelComponent_BOOKINGSESSION_act9',0,511,556 );
INSERT INTO TE_ACT VALUES ( 44767160,'HotelComponent_BOOKINGSESSION_act10',0,511,560 );
INSERT INTO TE_ACT VALUES ( 44778136,'HotelComponent_BOOKINGSESSION_act11',0,511,564 );
INSERT INTO TE_ACT VALUES ( 48806248,'HotelComponent_BOOKINGSESSION_CB_act1',0,635,638 );
INSERT INTO TE_ACT VALUES ( 53022472,'UserComponent_SETUP_act1',0,879,882 );
INSERT INTO TE_ACT VALUES ( 53033448,'UserComponent_SETUP_act2',0,879,896 );
INSERT INTO TE_ACT VALUES ( 53044424,'UserComponent_SIMPLETEST_act1',0,820,823 );
INSERT INTO TE_ACT VALUES ( 57195008,'UserComponent_SIMPLETEST_act2',0,820,829 );
INSERT INTO TE_ACT VALUES ( 57205984,'UserComponent_SIMPLETEST_act3',0,820,836 );
INSERT INTO TE_ACT VALUES ( 57216960,'UserComponent_SIMPLETEST_xact1',1,820,868 );
INSERT INTO TE_SYNC VALUES ( 'startSimpleTest',0,0,0,1,0,53011496,'UserComponent_startSimpleTest','UserComponent_startSimpleTest','UserComponent_startSimpleTest_deferred',7650400,804,10941920,0 );
INSERT INTO TE_SYNC VALUES ( 'PopulateFacilityTypes',0,0,0,1,0,40433632,'HotelComponent_PopulateFacilityTypes','HotelComponent_PopulateFacilityTypes','HotelComponent_PopulateFacilityTypes_deferred',7655624,354,10945332,0 );
INSERT INTO TE_TFR VALUES ( 0,1,1,'HOTEL','createFacilityGroup','HotelComponent_HOTEL_op_createFacilityGroup',40444608,679 );
INSERT INTO TE_TFR VALUES ( 0,1,1,'HOTEL','createStaff','HotelComponent_HOTEL_op_createStaff',40455584,680 );
INSERT INTO TE_TFR VALUES ( 0,1,1,'HOTEL','createService','HotelComponent_HOTEL_op_createService',40466560,684 );
INSERT INTO TE_TFR VALUES ( 0,1,1,'HOTEL','createFacility','HotelComponent_HOTEL_op_createFacility',40477536,688 );
INSERT INTO TE_TFR VALUES ( 0,1,1,'HOTEL','availableBookables','HotelComponent_HOTEL_op_availableBookables',40488512,692 );
INSERT INTO TE_TFR VALUES ( 0,1,1,'HOTEL','addBooking','HotelComponent_HOTEL_op_addBooking',40499488,696 );
INSERT INTO TE_TFR VALUES ( 0,1,1,'GUEST','setFacility','HotelComponent_GUEST_op_setFacility',40510464,669 );
INSERT INTO TE_TFR VALUES ( 0,1,1,'FACILITYTYPE','getPossibleExtras','HotelComponent_FACILITYTYPE_op_getPossibleExtras',40521440,664 );
INSERT INTO TE_TFR VALUES ( 0,1,1,'BOOKINGSESSION','addGuest','HotelComponent_BOOKINGSESSION_op_addGuest',48817224,475 );
INSERT INTO TE_TFR VALUES ( 0,1,1,'BOOKINGSESSION','createGuest','HotelComponent_BOOKINGSESSION_op_createGuest',48828200,476 );
INSERT INTO TE_TFR VALUES ( 0,1,1,'BOOKINGSESSION','selectBookable','HotelComponent_BOOKINGSESSION_op_selectBookable',48839176,482 );
INSERT INTO TE_TFR VALUES ( 0,1,1,'BOOKINGSESSION','addService','HotelComponent_BOOKINGSESSION_op_addService',48850152,487 );
INSERT INTO TE_TFR VALUES ( 0,1,1,'BOOKINGSESSION','createCustomer','HotelComponent_BOOKINGSESSION_op_createCustomer',48861128,491 );
INSERT INTO TE_TFR VALUES ( 0,1,1,'BOOKINGSESSION','search','HotelComponent_BOOKINGSESSION_op_search',48872104,43 );
INSERT INTO TE_TFR VALUES ( 0,1,1,'BOOKING','addGuest','HotelComponent_BOOKING_op_addGuest',48883080,452 );
INSERT INTO TE_TFR VALUES ( 0,1,1,'BOOKING','getBookingInfo','HotelComponent_BOOKING_op_getBookingInfo',48894056,453 );
INSERT INTO TE_TFR VALUES ( 0,1,1,'BOOKING','setCustomer','HotelComponent_BOOKING_op_setCustomer',48905032,458 );
INSERT INTO TE_TFR VALUES ( 0,1,1,'BOOKING','addBookable','HotelComponent_BOOKING_op_addBookable',52945640,461 );
INSERT INTO TE_TFR VALUES ( 0,1,1,'BOOKING','addService','HotelComponent_BOOKING_op_addService',52956616,465 );
INSERT INTO TE_TFR VALUES ( 0,1,1,'BOOKABLE','isAvailable','HotelComponent_BOOKABLE_op_isAvailable',52967592,435 );
INSERT INTO TE_TFR VALUES ( 0,1,1,'BOOKABLE','getBookableRepresentation','HotelComponent_BOOKABLE_op_getBookableRepresentation',52978568,439 );
INSERT INTO TE_TFR VALUES ( 0,1,1,'BILLING','isPayed','HotelComponent_BILLING_op_isPayed',52989544,420 );
INSERT INTO TE_TFR VALUES ( 0,1,1,'BILLING','getCost','HotelComponent_BILLING_op_getCost',53000520,421 );
INSERT INTO R_REL VALUES ( 261,27,'',0 );
INSERT INTO R_REL VALUES ( 137,26,'',0 );
INSERT INTO R_REL VALUES ( 267,25,'',0 );
INSERT INTO R_REL VALUES ( 271,24,'',0 );
INSERT INTO R_REL VALUES ( 275,23,'',0 );
INSERT INTO R_REL VALUES ( 278,22,'',0 );
INSERT INTO R_REL VALUES ( 283,21,'',0 );
INSERT INTO R_REL VALUES ( 287,20,'',0 );
INSERT INTO R_REL VALUES ( 291,19,'',0 );
INSERT INTO R_REL VALUES ( 299,18,'',0 );
INSERT INTO R_REL VALUES ( 303,17,'',0 );
INSERT INTO R_REL VALUES ( 306,16,'',0 );
INSERT INTO R_REL VALUES ( 310,15,'',0 );
INSERT INTO R_REL VALUES ( 313,14,'',0 );
INSERT INTO R_REL VALUES ( 316,13,'',0 );
INSERT INTO R_REL VALUES ( 319,12,'',0 );
INSERT INTO R_REL VALUES ( 322,11,'',0 );
INSERT INTO R_REL VALUES ( 327,10,'',0 );
INSERT INTO R_REL VALUES ( 230,9,'',0 );
INSERT INTO R_REL VALUES ( 332,8,'',0 );
INSERT INTO R_REL VALUES ( 336,6,'',0 );
INSERT INTO R_REL VALUES ( 339,5,'',0 );
INSERT INTO R_REL VALUES ( 342,4,'',0 );
INSERT INTO R_REL VALUES ( 345,3,'',0 );
INSERT INTO R_REL VALUES ( 68,2,'',0 );
INSERT INTO R_REL VALUES ( 180,1,'',0 );
INSERT INTO TE_BRG VALUES ( 'Logging','LOG','LogSuccess','LOG_LogSuccess',57227936,949,948 );
INSERT INTO TE_BRG VALUES ( 'Logging','LOG','LogFailure','LOG_LogFailure',57238912,953,948 );
INSERT INTO TE_BRG VALUES ( 'Logging','LOG','LogInfo','LOG_LogInfo',57249888,130,948 );
INSERT INTO TE_BRG VALUES ( 'Logging','LOG','LogDate','LOG_LogDate',57260864,960,948 );
INSERT INTO TE_BRG VALUES ( 'Logging','LOG','LogTime','LOG_LogTime',57271840,965,948 );
INSERT INTO TE_BRG VALUES ( 'Logging','LOG','LogReal','LOG_LogReal',57282816,970,948 );
INSERT INTO TE_BRG VALUES ( 'Logging','LOG','LogInteger','LOG_LogInteger',57293792,975,948 );
INSERT INTO TE_BRG VALUES ( 'Time','TIM','current_date','TIM_current_date',61304856,978,977 );
INSERT INTO TE_BRG VALUES ( 'Time','TIM','create_date','TIM_create_date',61315832,844,977 );
INSERT INTO TE_BRG VALUES ( 'Time','TIM','get_second','TIM_get_second',61326808,985,977 );
INSERT INTO TE_BRG VALUES ( 'Time','TIM','get_minute','TIM_get_minute',61337784,987,977 );
INSERT INTO TE_BRG VALUES ( 'Time','TIM','get_hour','TIM_get_hour',61348760,989,977 );
INSERT INTO TE_BRG VALUES ( 'Time','TIM','get_day','TIM_get_day',61359736,991,977 );
INSERT INTO TE_BRG VALUES ( 'Time','TIM','get_month','TIM_get_month',61370712,993,977 );
INSERT INTO TE_BRG VALUES ( 'Time','TIM','get_year','TIM_get_year',61381688,995,977 );
INSERT INTO TE_BRG VALUES ( 'Time','TIM','current_clock','TIM_current_clock',61392664,997,977 );
INSERT INTO TE_BRG VALUES ( 'Time','TIM','timer_start','TIM_timer_start',61403640,998,977 );
INSERT INTO TE_BRG VALUES ( 'Time','TIM','timer_start_recurring','TIM_timer_start_recurring',65448552,1003,977 );
INSERT INTO TE_BRG VALUES ( 'Time','TIM','timer_remaining_time','TIM_timer_remaining_time',65459528,1006,977 );
INSERT INTO TE_BRG VALUES ( 'Time','TIM','timer_reset_time','TIM_timer_reset_time',65470504,1008,977 );
INSERT INTO TE_BRG VALUES ( 'Time','TIM','timer_add_time','TIM_timer_add_time',65481480,1011,977 );
INSERT INTO TE_BRG VALUES ( 'Time','TIM','timer_cancel','TIM_timer_cancel',65492456,1014,977 );
INSERT INTO TE_PARM VALUES ( 'timer_inst_ref','',0,'','',9741152,0,'p_timer_inst_ref',0,8251296,0,0,'',65492456,0,0,0,0,0,1015 );
INSERT INTO TE_PARM VALUES ( 'microseconds','',0,'','',9745460,9749768,'p_microseconds',0,23597832,0,0,'',65481480,0,0,0,0,0,1013 );
INSERT INTO TE_PARM VALUES ( 'timer_inst_ref','',1,'','',9749768,0,'p_timer_inst_ref',0,8251296,0,0,'',65481480,0,0,0,0,0,1012 );
INSERT INTO TE_PARM VALUES ( 'microseconds','',0,'','',9754076,9758384,'p_microseconds',0,23597832,0,0,'',65470504,0,0,0,0,0,1010 );
INSERT INTO TE_PARM VALUES ( 'timer_inst_ref','',1,'','',9758384,0,'p_timer_inst_ref',0,8251296,0,0,'',65470504,0,0,0,0,0,1009 );
INSERT INTO TE_PARM VALUES ( 'timer_inst_ref','',0,'','',9762692,0,'p_timer_inst_ref',0,8251296,0,0,'',65459528,0,0,0,0,0,1007 );
INSERT INTO TE_PARM VALUES ( 'event_inst','',0,'','',9767000,9771308,'p_event_inst',0,8280896,0,0,'',65448552,0,0,0,0,0,1005 );
INSERT INTO TE_PARM VALUES ( 'microseconds','',1,'','',9771308,0,'p_microseconds',0,23597832,0,0,'',65448552,0,0,0,0,0,1004 );
INSERT INTO TE_PARM VALUES ( 'event_inst','',0,'','',9775616,9779924,'p_event_inst',0,8280896,0,0,'',61403640,0,0,0,0,0,1001 );
INSERT INTO TE_PARM VALUES ( 'microseconds','',1,'','',9779924,0,'p_microseconds',0,23597832,0,0,'',61403640,0,0,0,0,0,1000 );
INSERT INTO TE_PARM VALUES ( 'date','',0,'','',24304160,0,'p_date',0,8257216,0,0,'',61381688,0,0,0,0,0,996 );
INSERT INTO TE_PARM VALUES ( 'date','',0,'','',24308468,0,'p_date',0,8257216,0,0,'',61370712,0,0,0,0,0,994 );
INSERT INTO TE_PARM VALUES ( 'date','',0,'','',24312776,0,'p_date',0,8257216,0,0,'',61359736,0,0,0,0,0,992 );
INSERT INTO TE_PARM VALUES ( 'date','',0,'','',24317084,0,'p_date',0,8257216,0,0,'',61348760,0,0,0,0,0,990 );
INSERT INTO TE_PARM VALUES ( 'date','',0,'','',24321392,0,'p_date',0,8257216,0,0,'',61337784,0,0,0,0,0,988 );
INSERT INTO TE_PARM VALUES ( 'date','',0,'','',24325700,0,'p_date',0,8257216,0,0,'',61326808,0,0,0,0,0,986 );
INSERT INTO TE_PARM VALUES ( 'year','',5,'','',24330008,0,'p_year',0,23597832,0,0,'',61315832,0,0,0,0,0,984 );
INSERT INTO TE_PARM VALUES ( 'month','',3,'','',24334316,24351556,'p_month',0,23597832,0,0,'',61315832,0,0,0,0,0,980 );
INSERT INTO TE_PARM VALUES ( 'day','',0,'','',24338624,24342932,'p_day',0,23597832,0,0,'',61315832,0,0,0,0,0,983 );
INSERT INTO TE_PARM VALUES ( 'hour','',1,'1, 4, 12, 1, 8, 2010','day:1, hour:4, minute:12, month:1, second:8, year:2010',24342932,24347248,'p_hour',0,23597832,0,0,'',61315832,0,0,0,0,0,982 );
INSERT INTO TE_PARM VALUES ( 'minute','',2,'','',24347248,24334316,'p_minute',0,23597832,0,0,'',61315832,0,0,0,0,0,981 );
INSERT INTO TE_PARM VALUES ( 'second','',4,'','',24351556,24330008,'p_second',0,23597832,0,0,'',61315832,0,0,0,0,0,979 );
INSERT INTO TE_PARM VALUES ( 'message','',0,'','',24355864,0,'p_message',0,23597832,0,0,'',57293792,0,0,0,0,0,976 );
INSERT INTO TE_PARM VALUES ( 'message','',0,'','',24360172,24364480,'p_message',0,23585992,1,0,'[ESCHER_SYS_MAX_STRING_LEN]',57282816,0,0,0,0,0,972 );
INSERT INTO TE_PARM VALUES ( 'r','',1,'','',24364480,0,'p_r',0,23591912,0,0,'',57282816,0,0,0,0,0,971 );
INSERT INTO TE_PARM VALUES ( 'message','',0,'','',24368788,24373096,'p_message',0,23585992,1,0,'[ESCHER_SYS_MAX_STRING_LEN]',57271840,0,0,0,0,0,967 );
INSERT INTO TE_PARM VALUES ( 't','',1,'','',24373096,0,'p_t',0,8245376,0,0,'',57271840,0,0,0,0,0,966 );
INSERT INTO TE_PARM VALUES ( 'message','',1,'','',24377404,0,'p_message',0,23585992,1,0,'[ESCHER_SYS_MAX_STRING_LEN]',57260864,0,0,0,0,0,962 );
INSERT INTO TE_PARM VALUES ( 'd','',0,'','',24381712,24377404,'p_d',0,8257216,0,0,'',57260864,0,0,0,0,0,961 );
INSERT INTO TE_PARM VALUES ( 'message','',0,'"Recieved session request"','message:Recieved session request',24386020,0,'p_message',0,23585992,1,0,'[ESCHER_SYS_MAX_STRING_LEN]',57249888,0,0,0,0,0,957 );
INSERT INTO TE_PARM VALUES ( 'message','',0,'','',24390336,0,'p_message',0,23585992,1,0,'[ESCHER_SYS_MAX_STRING_LEN]',57238912,0,0,0,0,0,954 );
INSERT INTO TE_PARM VALUES ( 'message','',0,'','',24394644,0,'p_message',0,23585992,1,0,'[ESCHER_SYS_MAX_STRING_LEN]',57227936,0,0,0,0,0,950 );
INSERT INTO TE_PARM VALUES ( 'booking','',0,'','',24398952,0,'p_booking',0,23662960,0,0,'',40499488,0,0,0,700,0,0 );
INSERT INTO TE_PARM VALUES ( 'filter','',0,'','',24403260,0,'p_filter',0,23597832,0,0,'',40488512,0,0,0,697,0,0 );
INSERT INTO TE_PARM VALUES ( 'facilityID','',0,'','',24407568,0,'p_facilityID',0,23585992,1,0,'[ESCHER_SYS_MAX_STRING_LEN]',40477536,0,0,0,693,0,0 );
INSERT INTO TE_PARM VALUES ( 'description','',0,'','',24411876,0,'p_description',0,23585992,1,0,'[ESCHER_SYS_MAX_STRING_LEN]',40466560,0,0,0,689,0,0 );
INSERT INTO TE_PARM VALUES ( 'name','',0,'','',24416184,0,'p_name',0,23585992,1,0,'[ESCHER_SYS_MAX_STRING_LEN]',40455584,0,0,0,685,0,0 );
INSERT INTO TE_PARM VALUES ( 'name','',0,'','',24420492,0,'p_name',0,23585992,1,0,'[ESCHER_SYS_MAX_STRING_LEN]',40444608,0,0,0,681,0,0 );
INSERT INTO TE_PARM VALUES ( 'facility','',0,'','',24424800,0,'p_facility',0,23674800,0,0,'',40510464,0,0,0,670,0,0 );
INSERT INTO TE_PARM VALUES ( 'facilityType','',0,'p_facilityType, p_fromDate, p_toDate','facilityType:PARAM.facilityType, fromDate:PARAM.fromDate, toDate:PARAM.toDate',24429108,24437732,'p_facilityType',0,23597832,0,0,'',48872104,0,0,0,500,0,0 );
INSERT INTO TE_PARM VALUES ( 'toDate','',2,'','',24433424,0,'p_toDate',0,8245376,0,0,'',48872104,0,0,0,499,0,0 );
INSERT INTO TE_PARM VALUES ( 'fromDate','',1,'','',24437732,24433424,'p_fromDate',0,8245376,0,0,'',48872104,0,0,0,498,0,0 );
INSERT INTO TE_PARM VALUES ( 'name','',0,'','',24442040,0,'p_name',0,23585992,1,0,'[ESCHER_SYS_MAX_STRING_LEN]',48861128,0,0,0,495,0,0 );
INSERT INTO TE_PARM VALUES ( 'bookable','',0,'','',24446348,0,'p_bookable',0,23651120,0,0,'',48850152,0,0,0,492,0,0 );
INSERT INTO TE_PARM VALUES ( 'facilityType','',0,'','',24450656,0,'p_facilityType',0,23639280,0,0,'',48839176,0,0,0,488,0,0 );
INSERT INTO TE_PARM VALUES ( 'name','',1,'','',24454964,0,'p_name',0,23585992,1,0,'[ESCHER_SYS_MAX_STRING_LEN]',48828200,0,0,0,484,0,0 );
INSERT INTO TE_PARM VALUES ( 'age','',0,'','',24459272,24454964,'p_age',0,23597832,0,0,'',48828200,0,0,0,483,0,0 );
INSERT INTO TE_PARM VALUES ( 'facility','',1,'','',24463580,24467888,'p_facility',0,23674800,0,0,'',48817224,0,0,0,479,0,0 );
INSERT INTO TE_PARM VALUES ( 'name','',2,'','',24467888,0,'p_name',0,23585992,1,0,'[ESCHER_SYS_MAX_STRING_LEN]',48817224,0,0,0,478,0,0 );
INSERT INTO TE_PARM VALUES ( 'age','',0,'','',24472196,24463580,'p_age',0,23597832,0,0,'',48817224,0,0,0,477,0,0 );
INSERT INTO TE_PARM VALUES ( 'bookable','',0,'','',24476512,0,'p_bookable',0,23651120,0,0,'',52956616,0,0,0,469,0,0 );
INSERT INTO TE_PARM VALUES ( 'bookable','',0,'','',24480820,0,'p_bookable',0,23651120,0,0,'',52945640,0,0,0,466,0,0 );
INSERT INTO TE_PARM VALUES ( 'customer','',0,'','',24485128,0,'p_customer',0,23585992,1,0,'[ESCHER_SYS_MAX_STRING_LEN]',48905032,0,0,0,462,0,0 );
INSERT INTO TE_PARM VALUES ( 'name','',1,'','',24489436,0,'p_name',0,23585992,1,0,'[ESCHER_SYS_MAX_STRING_LEN]',48883080,0,0,0,455,0,0 );
INSERT INTO TE_PARM VALUES ( 'age','',0,'','',24493744,24489436,'p_age',0,23597832,0,0,'',48883080,0,0,0,454,0,0 );
INSERT INTO TE_PARM VALUES ( 'filter','',0,'','',24498052,0,'p_filter',0,23597832,0,0,'',52967592,0,0,0,436,0,0 );
INSERT INTO TE_PARM VALUES ( 'facilityType','',0,'','',24502360,0,'p_facilityType',0,23580072,0,0,'',0,879,880,0,0,0,0 );
INSERT INTO TE_PARM VALUES ( 'sessionID','',0,'','',24506668,0,'p_sessionID',0,23580072,0,0,'',0,820,821,0,0,0,0 );
INSERT INTO TE_PARM VALUES ( 'name','',1,'','',24510976,0,'p_name',0,23585992,1,0,'[ESCHER_SYS_MAX_STRING_LEN]',7138368,0,0,0,0,946,0 );
INSERT INTO TE_PARM VALUES ( 'facilityTypeID','',0,'ft->id, b->name','facilityTypeID:ft.id, name:b.name',24515284,24510976,'p_facilityTypeID',0,23580072,0,0,'',7138368,0,0,0,0,799,0 );
INSERT INTO TE_PARM VALUES ( 'description','',1,'','',24519600,24528216,'p_description',0,23585992,1,0,'[ESCHER_SYS_MAX_STRING_LEN]',7149344,0,0,0,0,246,0 );
INSERT INTO TE_PARM VALUES ( 'price','',3,'','',24523908,0,'p_price',0,23591912,0,0,'',7149344,0,0,0,0,244,0 );
INSERT INTO TE_PARM VALUES ( 'name','',2,'','',24528216,24523908,'p_name',0,23585992,1,0,'[ESCHER_SYS_MAX_STRING_LEN]',7149344,0,0,0,0,250,0 );
INSERT INTO TE_PARM VALUES ( 'approximateArea','',0,'"10-12 m^2", "ASBRA", "Single Room", 1500','approximateArea:10-12 m^2, description:ASBRA, name:Single Room, price:1500',24532524,24519600,'p_approximateArea',0,23585992,1,0,'[ESCHER_SYS_MAX_STRING_LEN]',7149344,0,0,0,0,248,0 );
INSERT INTO TE_PARM VALUES ( 'facilityType','',1,'','',24536832,0,'p_facilityType',0,23580072,0,0,'',7160320,0,0,0,0,170,0 );
INSERT INTO TE_PARM VALUES ( 'facilityID','',0,'"1215D", rcvd_evt->p_facilityType','facilityID:1215D, facilityType:PARAM.facilityType',24541140,24536832,'p_facilityID',0,23585992,1,0,'[ESCHER_SYS_MAX_STRING_LEN]',7160320,0,0,0,0,185,0 );
INSERT INTO TE_PARM VALUES ( 'sessionID','',0,'session->ID','sessionID:session.ID',24545448,0,'p_sessionID',0,23580072,0,0,'',7171296,0,0,0,0,778,0 );
INSERT INTO TE_PARM VALUES ( 'message','',0,'"No rooms found"','message:No rooms found',24549756,0,'p_message',0,23585992,1,0,'[ESCHER_SYS_MAX_STRING_LEN]',7193248,0,0,0,0,763,0 );
INSERT INTO TE_PARM VALUES ( 'message','',0,'','',24554064,0,'p_message',0,23585992,1,0,'[ESCHER_SYS_MAX_STRING_LEN]',7204224,0,0,0,0,755,0 );
INSERT INTO TE_PARM VALUES ( 'info','',0,'','',24558372,24562688,'p_info',0,23585992,1,0,'[ESCHER_SYS_MAX_STRING_LEN]',7215200,0,0,0,0,945,0 );
INSERT INTO TE_PARM VALUES ( 'sessionID','',1,'','',24562688,0,'p_sessionID',0,23580072,0,0,'',7215200,0,0,0,0,944,0 );
INSERT INTO TE_PARM VALUES ( 'guestAge','',1,'','',24566996,24571304,'p_guestAge',0,23597832,0,0,'',7226176,0,0,0,0,943,0 );
INSERT INTO TE_PARM VALUES ( 'guestName','',2,'','',24571304,24579920,'p_guestName',0,23585992,1,0,'[ESCHER_SYS_MAX_STRING_LEN]',7226176,0,0,0,0,942,0 );
INSERT INTO TE_PARM VALUES ( 'facility','',0,'','',24575612,24566996,'p_facility',0,23580072,0,0,'',7226176,0,0,0,0,941,0 );
INSERT INTO TE_PARM VALUES ( 'sessionID','',3,'','',24579920,0,'p_sessionID',0,23580072,0,0,'',7226176,0,0,0,0,940,0 );
INSERT INTO TE_PARM VALUES ( 'phoneNumber','',1,'','',24584228,24592844,'p_phoneNumber',0,23585992,1,0,'[ESCHER_SYS_MAX_STRING_LEN]',7237152,0,0,0,0,939,0 );
INSERT INTO TE_PARM VALUES ( 'name','',0,'','',24588536,24584228,'p_name',0,23585992,1,0,'[ESCHER_SYS_MAX_STRING_LEN]',7237152,0,0,0,0,938,0 );
INSERT INTO TE_PARM VALUES ( 'sessionID','',2,'','',24592844,0,'p_sessionID',0,23580072,0,0,'',7237152,0,0,0,0,937,0 );
INSERT INTO TE_PARM VALUES ( 'desiredID','',0,'','',24597152,24601460,'p_desiredID',0,23580072,0,0,'',28831504,0,0,0,0,936,0 );
INSERT INTO TE_PARM VALUES ( 'sessionID','',1,'','',24601460,0,'p_sessionID',0,23580072,0,0,'',28831504,0,0,0,0,935,0 );
INSERT INTO TE_PARM VALUES ( 'independent','',3,'','',24605776,24618700,'p_independent',0,23603752,0,0,'',28842480,0,0,0,0,934,0 );
INSERT INTO TE_PARM VALUES ( 'aproximateArea','',0,'','',24610084,24614392,'p_aproximateArea',0,23585992,1,0,'[ESCHER_SYS_MAX_STRING_LEN]',28842480,0,0,0,0,933,0 );
INSERT INTO TE_PARM VALUES ( 'description','',1,'','',24614392,24623008,'p_description',0,23585992,1,0,'[ESCHER_SYS_MAX_STRING_LEN]',28842480,0,0,0,0,932,0 );
INSERT INTO TE_PARM VALUES ( 'price','',4,'','',24618700,0,'p_price',0,23591912,0,0,'',28842480,0,0,0,0,931,0 );
INSERT INTO TE_PARM VALUES ( 'id','',2,'','',24623008,24605776,'p_id',0,23580072,0,0,'',28842480,0,0,0,0,930,0 );
INSERT INTO TE_PARM VALUES ( 'sessionID','',1,'','',24627316,0,'p_sessionID',0,23580072,0,0,'',28853456,0,0,0,0,929,0 );
INSERT INTO TE_PARM VALUES ( 'id','',0,'','',24631624,24627316,'p_id',0,23580072,0,0,'',28853456,0,0,0,0,928,0 );
INSERT INTO TE_PARM VALUES ( 'independent','',3,'','',24635932,24652960,'p_independent',0,23603752,0,0,'',28864432,0,0,0,0,927,0 );
INSERT INTO TE_PARM VALUES ( 'aproximateArea','',0,'','',24640240,24644548,'p_aproximateArea',0,23585992,1,0,'[ESCHER_SYS_MAX_STRING_LEN]',28864432,0,0,0,0,926,0 );
INSERT INTO TE_PARM VALUES ( 'description','',1,'','',24644548,24657268,'p_description',0,23585992,1,0,'[ESCHER_SYS_MAX_STRING_LEN]',28864432,0,0,0,0,925,0 );
INSERT INTO TE_PARM VALUES ( 'price','',4,'','',24652960,0,'p_price',0,23591912,0,0,'',28864432,0,0,0,0,924,0 );
INSERT INTO TE_PARM VALUES ( 'id','',2,'ft->approximateArea, b->description, ft->id, FALSE, b->price','aproximateArea:ft.approximateArea, description:b.description, id:ft.id, independent:FALSE, price:b.price',24657268,24635932,'p_id',0,23580072,0,0,'',28864432,0,0,0,0,923,0 );
INSERT INTO TE_PARM VALUES ( 'facilityType','',0,'','',24661576,24670192,'p_facilityType',0,23597832,0,0,'',28875408,0,0,0,0,51,0 );
INSERT INTO TE_PARM VALUES ( 'toDate','',3,'','',24665884,0,'p_toDate',0,8257216,0,0,'',28875408,0,0,0,0,48,0 );
INSERT INTO TE_PARM VALUES ( 'fromDate','',1,'','',24670192,24674500,'p_fromDate',0,8257216,0,0,'',28875408,0,0,0,0,46,0 );
INSERT INTO TE_PARM VALUES ( 'sessionID','',2,'1, TIM_create_date( 1, 4, 12, 1, 8, 2010 ), rcvd_evt->p_sessionID, TIM_create_date( 1, 4, 12, 1, 8, 2010 )','facilityType:1, TIM::create_date(day:1, hour:4, minute:12, month:1, second:8, year:2010), sessionID:PARAM.sessionID, TIM::create_date(day:1, hour:4, minute:12, month:1, second:8, year:2010)',24674500,24665884,'p_sessionID',0,23580072,0,0,'',28875408,0,0,0,0,27,0 );
INSERT INTO TE_PARM VALUES ( 'facilityTypeID','',0,'','',24678808,24683116,'p_facilityTypeID',0,23580072,0,0,'',28886384,0,0,0,0,0,0 );
INSERT INTO TE_PARM VALUES ( 'name','',1,'','',24683116,0,'p_name',0,23585992,1,0,'[ESCHER_SYS_MAX_STRING_LEN]',28886384,0,0,0,0,0,0 );
INSERT INTO TE_PARM VALUES ( 'approximateArea','',0,'','',24687424,24691732,'p_approximateArea',0,23585992,1,0,'[ESCHER_SYS_MAX_STRING_LEN]',28897360,0,0,0,0,0,0 );
INSERT INTO TE_PARM VALUES ( 'description','',1,'','',24691732,25164224,'p_description',0,23585992,1,0,'[ESCHER_SYS_MAX_STRING_LEN]',28897360,0,0,0,0,0,0 );
INSERT INTO TE_PARM VALUES ( 'name','',2,'','',25164224,25168532,'p_name',0,23585992,1,0,'[ESCHER_SYS_MAX_STRING_LEN]',28897360,0,0,0,0,0,0 );
INSERT INTO TE_PARM VALUES ( 'price','',3,'','',25168532,0,'p_price',0,23591912,0,0,'',28897360,0,0,0,0,0,0 );
INSERT INTO TE_PARM VALUES ( 'facilityID','',0,'','',25172840,25177148,'p_facilityID',0,23585992,1,0,'[ESCHER_SYS_MAX_STRING_LEN]',28908336,0,0,0,0,0,0 );
INSERT INTO TE_PARM VALUES ( 'facilityType','',1,'','',25177148,0,'p_facilityType',0,23580072,0,0,'',28908336,0,0,0,0,0,0 );
INSERT INTO TE_PARM VALUES ( 'sessionID','',0,'','',25181456,0,'p_sessionID',0,23580072,0,0,'',28919312,0,0,0,0,0,0 );
INSERT INTO TE_PARM VALUES ( 'message','',0,'','',25185764,0,'p_message',0,23585992,1,0,'[ESCHER_SYS_MAX_STRING_LEN]',33093976,0,0,0,0,0,0 );
INSERT INTO TE_PARM VALUES ( 'message','',0,'','',25190072,0,'p_message',0,23585992,1,0,'[ESCHER_SYS_MAX_STRING_LEN]',33104952,0,0,0,0,0,0 );
INSERT INTO TE_PARM VALUES ( 'info','',0,'','',25194380,25198688,'p_info',0,23585992,1,0,'[ESCHER_SYS_MAX_STRING_LEN]',33115928,0,0,0,0,0,0 );
INSERT INTO TE_PARM VALUES ( 'sessionID','',1,'','',25198688,0,'p_sessionID',0,23580072,0,0,'',33115928,0,0,0,0,0,0 );
INSERT INTO TE_PARM VALUES ( 'facility','',0,'','',25202996,29341280,'p_facility',0,23580072,0,0,'',33126904,0,0,0,0,0,0 );
INSERT INTO TE_PARM VALUES ( 'guestAge','',1,'','',29341280,29345588,'p_guestAge',0,23597832,0,0,'',33126904,0,0,0,0,0,0 );
INSERT INTO TE_PARM VALUES ( 'guestName','',2,'','',29345588,29349896,'p_guestName',0,23585992,1,0,'[ESCHER_SYS_MAX_STRING_LEN]',33126904,0,0,0,0,0,0 );
INSERT INTO TE_PARM VALUES ( 'sessionID','',3,'','',29349896,0,'p_sessionID',0,23580072,0,0,'',33126904,0,0,0,0,0,0 );
INSERT INTO TE_PARM VALUES ( 'name','',0,'','',29354204,29358512,'p_name',0,23585992,1,0,'[ESCHER_SYS_MAX_STRING_LEN]',33137880,0,0,0,0,0,0 );
INSERT INTO TE_PARM VALUES ( 'phoneNumber','',1,'','',29358512,29362820,'p_phoneNumber',0,23585992,1,0,'[ESCHER_SYS_MAX_STRING_LEN]',33137880,0,0,0,0,0,0 );
INSERT INTO TE_PARM VALUES ( 'sessionID','',2,'','',29362820,0,'p_sessionID',0,23580072,0,0,'',33137880,0,0,0,0,0,0 );
INSERT INTO TE_PARM VALUES ( 'desiredID','',0,'','',29367128,29371436,'p_desiredID',0,23580072,0,0,'',33148856,0,0,0,0,0,0 );
INSERT INTO TE_PARM VALUES ( 'sessionID','',1,'','',29371436,0,'p_sessionID',0,23580072,0,0,'',33148856,0,0,0,0,0,0 );
INSERT INTO TE_PARM VALUES ( 'aproximateArea','',0,'','',29375744,29380052,'p_aproximateArea',0,23585992,1,0,'[ESCHER_SYS_MAX_STRING_LEN]',33159832,0,0,0,0,0,0 );
INSERT INTO TE_PARM VALUES ( 'description','',1,'','',29380052,36003800,'p_description',0,23585992,1,0,'[ESCHER_SYS_MAX_STRING_LEN]',33159832,0,0,0,0,0,0 );
INSERT INTO TE_PARM VALUES ( 'id','',2,'','',36003800,36008108,'p_id',0,23580072,0,0,'',33159832,0,0,0,0,0,0 );
INSERT INTO TE_PARM VALUES ( 'independent','',3,'','',36008108,36012416,'p_independent',0,23603752,0,0,'',33159832,0,0,0,0,0,0 );
INSERT INTO TE_PARM VALUES ( 'price','',4,'','',36012416,0,'p_price',0,23591912,0,0,'',33159832,0,0,0,0,0,0 );
INSERT INTO TE_PARM VALUES ( 'id','',0,'','',36016724,36021032,'p_id',0,23580072,0,0,'',33170808,0,0,0,0,0,0 );
INSERT INTO TE_PARM VALUES ( 'sessionID','',1,'','',36021032,0,'p_sessionID',0,23580072,0,0,'',33170808,0,0,0,0,0,0 );
INSERT INTO TE_PARM VALUES ( 'aproximateArea','',0,'','',36025340,36029648,'p_aproximateArea',0,23585992,1,0,'[ESCHER_SYS_MAX_STRING_LEN]',33181784,0,0,0,0,0,0 );
INSERT INTO TE_PARM VALUES ( 'description','',1,'','',36029648,36033956,'p_description',0,23585992,1,0,'[ESCHER_SYS_MAX_STRING_LEN]',33181784,0,0,0,0,0,0 );
INSERT INTO TE_PARM VALUES ( 'id','',2,'','',36033956,36038264,'p_id',0,23580072,0,0,'',33181784,0,0,0,0,0,0 );
INSERT INTO TE_PARM VALUES ( 'independent','',3,'','',36038264,36042572,'p_independent',0,23603752,0,0,'',33181784,0,0,0,0,0,0 );
INSERT INTO TE_PARM VALUES ( 'price','',4,'','',36042572,0,'p_price',0,23591912,0,0,'',33181784,0,0,0,0,0,0 );
INSERT INTO TE_PARM VALUES ( 'facilityType','',0,'','',37246912,37251220,'p_facilityType',0,23597832,0,0,'',33192760,0,0,0,0,0,0 );
INSERT INTO TE_PARM VALUES ( 'fromDate','',1,'','',37251220,37255528,'p_fromDate',0,8257216,0,0,'',33192760,0,0,0,0,0,0 );
INSERT INTO TE_PARM VALUES ( 'sessionID','',2,'','',37255528,37259836,'p_sessionID',0,23580072,0,0,'',33192760,0,0,0,0,0,0 );
INSERT INTO TE_PARM VALUES ( 'toDate','',3,'','',37259836,0,'p_toDate',0,8257216,0,0,'',33192760,0,0,0,0,0,0 );
INSERT INTO TE_WHERE VALUES ( 0,'HotelComponent_STAFF_AnyWhere3',2,323 );
INSERT INTO TE_WHERE VALUES ( 0,'HotelComponent_STAFF_AnyWhere2',1,323 );
INSERT INTO TE_WHERE VALUES ( 0,'HotelComponent_STAFF_AnyWhere1',0,323 );
INSERT INTO TE_WHERE VALUES ( 0,'HotelComponent_SERVICE_AnyWhere3',2,259 );
INSERT INTO TE_WHERE VALUES ( 0,'HotelComponent_SERVICE_AnyWhere2',1,259 );
INSERT INTO TE_WHERE VALUES ( 0,'HotelComponent_SERVICE_AnyWhere1',0,259 );
INSERT INTO TE_WHERE VALUES ( 0,'HotelComponent_PRIVILEGE_AnyWhere3',2,325 );
INSERT INTO TE_WHERE VALUES ( 0,'HotelComponent_PRIVILEGE_AnyWhere2',1,325 );
INSERT INTO TE_WHERE VALUES ( 0,'HotelComponent_PRIVILEGE_AnyWhere1',0,325 );
INSERT INTO TE_WHERE VALUES ( 0,'HotelComponent_PAYMENTMETHOD_AnyWhere3',2,285 );
INSERT INTO TE_WHERE VALUES ( 0,'HotelComponent_PAYMENTMETHOD_AnyWhere2',1,285 );
INSERT INTO TE_WHERE VALUES ( 0,'HotelComponent_PAYMENTMETHOD_AnyWhere1',0,285 );
INSERT INTO TE_WHERE VALUES ( 0,'HotelComponent_PACKAGE_AnyWhere3',2,334 );
INSERT INTO TE_WHERE VALUES ( 0,'HotelComponent_PACKAGE_AnyWhere2',1,334 );
INSERT INTO TE_WHERE VALUES ( 0,'HotelComponent_PACKAGE_AnyWhere1',0,334 );
INSERT INTO TE_WHERE VALUES ( 0,'HotelComponent_INVOICE_AnyWhere3',2,297 );
INSERT INTO TE_WHERE VALUES ( 0,'HotelComponent_INVOICE_AnyWhere2',1,297 );
INSERT INTO TE_WHERE VALUES ( 0,'HotelComponent_INVOICE_AnyWhere1',0,297 );
INSERT INTO TE_WHERE VALUES ( 0,'HotelComponent_HOTEL_AnyWhere3',2,198 );
INSERT INTO TE_WHERE VALUES ( 0,'HotelComponent_HOTEL_AnyWhere2',1,198 );
INSERT INTO TE_WHERE VALUES ( 0,'HotelComponent_HOTEL_AnyWhere1',0,198 );
INSERT INTO TE_WHERE VALUES ( 0,'HotelComponent_GUEST_AnyWhere3',2,308 );
INSERT INTO TE_WHERE VALUES ( 0,'HotelComponent_GUEST_AnyWhere2',1,308 );
INSERT INTO TE_WHERE VALUES ( 0,'HotelComponent_GUEST_AnyWhere1',0,308 );
INSERT INTO TE_WHERE VALUES ( 0,'HotelComponent_FACILITYTYPE_AnyWhere3',2,41 );
INSERT INTO TE_WHERE VALUES ( 0,'HotelComponent_FACILITYTYPE_AnyWhere2',1,41 );
INSERT INTO TE_WHERE VALUES ( 0,'HotelComponent_FACILITYTYPE_AnyWhere1',0,41 );
INSERT INTO TE_WHERE VALUES ( 0,'HotelComponent_FACILITYGROUP_AnyWhere3',2,300 );
INSERT INTO TE_WHERE VALUES ( 0,'HotelComponent_FACILITYGROUP_AnyWhere2',1,300 );
INSERT INTO TE_WHERE VALUES ( 0,'HotelComponent_FACILITYGROUP_AnyWhere1',0,300 );
INSERT INTO TE_WHERE VALUES ( 0,'HotelComponent_FACILITY_AnyWhere3',2,161 );
INSERT INTO TE_WHERE VALUES ( 0,'HotelComponent_FACILITY_AnyWhere2',1,161 );
INSERT INTO TE_WHERE VALUES ( 0,'HotelComponent_FACILITY_AnyWhere1',0,161 );
INSERT INTO TE_WHERE VALUES ( 0,'HotelComponent_CUSTOMER_AnyWhere3',2,262 );
INSERT INTO TE_WHERE VALUES ( 0,'HotelComponent_CUSTOMER_AnyWhere2',1,262 );
INSERT INTO TE_WHERE VALUES ( 0,'HotelComponent_CUSTOMER_AnyWhere1',0,262 );
INSERT INTO TE_WHERE VALUES ( 0,'HotelComponent_CREDITCARD_AnyWhere3',2,295 );
INSERT INTO TE_WHERE VALUES ( 0,'HotelComponent_CREDITCARD_AnyWhere2',1,295 );
INSERT INTO TE_WHERE VALUES ( 0,'HotelComponent_CREDITCARD_AnyWhere1',0,295 );
INSERT INTO TE_WHERE VALUES ( 0,'HotelComponent_CLUB_AnyWhere3',2,272 );
INSERT INTO TE_WHERE VALUES ( 0,'HotelComponent_CLUB_AnyWhere2',1,272 );
INSERT INTO TE_WHERE VALUES ( 0,'HotelComponent_CLUB_AnyWhere1',0,272 );
INSERT INTO TE_WHERE VALUES ( 0,'HotelComponent_CASH_AnyWhere3',2,293 );
INSERT INTO TE_WHERE VALUES ( 0,'HotelComponent_CASH_AnyWhere2',1,293 );
INSERT INTO TE_WHERE VALUES ( 0,'HotelComponent_CASH_AnyWhere1',0,293 );
INSERT INTO TE_WHERE VALUES ( 0,'HotelComponent_BOOKINGSESSION_AnyWhere3',2,15 );
INSERT INTO TE_WHERE VALUES ( 0,'HotelComponent_BOOKINGSESSION_AnyWhere2',1,15 );
INSERT INTO TE_WHERE VALUES ( 0,'HotelComponent_BOOKINGSESSION_AnyWhere1',0,15 );
INSERT INTO TE_WHERE VALUES ( 0,'HotelComponent_BOOKING_AnyWhere3',2,135 );
INSERT INTO TE_WHERE VALUES ( 0,'HotelComponent_BOOKING_AnyWhere2',1,135 );
INSERT INTO TE_WHERE VALUES ( 0,'HotelComponent_BOOKING_AnyWhere1',0,135 );
INSERT INTO TE_WHERE VALUES ( 0,'HotelComponent_BOOKABLE_AnyWhere3',2,69 );
INSERT INTO TE_WHERE VALUES ( 0,'HotelComponent_BOOKABLE_AnyWhere2',1,69 );
INSERT INTO TE_WHERE VALUES ( 0,'HotelComponent_BOOKABLE_AnyWhere1',0,69 );
INSERT INTO TE_WHERE VALUES ( 0,'HotelComponent_BILLINGITEM_AnyWhere3',2,288 );
INSERT INTO TE_WHERE VALUES ( 0,'HotelComponent_BILLINGITEM_AnyWhere2',1,288 );
INSERT INTO TE_WHERE VALUES ( 0,'HotelComponent_BILLINGITEM_AnyWhere1',0,288 );
INSERT INTO TE_WHERE VALUES ( 0,'HotelComponent_BILLING_AnyWhere3',2,281 );
INSERT INTO TE_WHERE VALUES ( 0,'HotelComponent_BILLING_AnyWhere2',1,281 );
INSERT INTO TE_WHERE VALUES ( 0,'HotelComponent_BILLING_AnyWhere1',0,281 );
INSERT INTO TE_WHERE VALUES ( 0,'HotelComponent_BENEFIT_AnyWhere3',2,269 );
INSERT INTO TE_WHERE VALUES ( 0,'HotelComponent_BENEFIT_AnyWhere2',1,269 );
INSERT INTO TE_WHERE VALUES ( 0,'HotelComponent_BENEFIT_AnyWhere1',0,269 );
INSERT INTO TE_WHERE VALUES ( 0,'UserComponent_SETUP_AnyWhere1',0,796 );
INSERT INTO TE_WHERE VALUES ( 0,'UserComponent_SETUP_AnyWhere2',1,796 );
INSERT INTO TE_WHERE VALUES ( 0,'UserComponent_SETUP_AnyWhere3',2,796 );
INSERT INTO TE_WHERE VALUES ( 0,'UserComponent_SIMPLETEST_AnyWhere1',0,774 );
INSERT INTO TE_WHERE VALUES ( 0,'UserComponent_SIMPLETEST_AnyWhere2',1,774 );
INSERT INTO TE_WHERE VALUES ( 0,'UserComponent_SIMPLETEST_AnyWhere3',2,774 );
INSERT INTO TE_ATTR VALUES ( 7290912,0,0,0,0,0,'','name','name','',1,1,0,'[ESCHER_SYS_MAX_STRING_LEN]','HotelComponent_STAFF','c_t',0,720,323 );
INSERT INTO TE_ATTR VALUES ( 7296848,0,0,0,0,0,'','independent','independent','',1,0,0,'','HotelComponent_SERVICE','bool',0,717,259 );
INSERT INTO TE_ATTR VALUES ( 7302784,0,0,0,0,0,'','description','description','',1,1,0,'[ESCHER_SYS_MAX_STRING_LEN]','HotelComponent_SERVICE','c_t',7296848,716,259 );
INSERT INTO TE_ATTR VALUES ( 7308720,0,0,0,0,0,'','sentDate','sentDate','',1,0,0,'','HotelComponent_INVOICE','Escher_TimeStamp_t',0,707,297 );
INSERT INTO TE_ATTR VALUES ( 7314656,0,0,0,0,0,'','adress','adress','',1,1,0,'[ESCHER_SYS_MAX_STRING_LEN]','HotelComponent_HOTEL','c_t',0,704,198 );
INSERT INTO TE_ATTR VALUES ( 7320592,0,0,0,0,0,'','description','description','',1,1,0,'[ESCHER_SYS_MAX_STRING_LEN]','HotelComponent_HOTEL','c_t',7314656,703,198 );
INSERT INTO TE_ATTR VALUES ( 7326528,0,0,0,0,0,'','name','name','',1,1,0,'[ESCHER_SYS_MAX_STRING_LEN]','HotelComponent_GUEST','c_t',0,676,308 );
INSERT INTO TE_ATTR VALUES ( 7332464,0,0,0,0,0,'','age','age','',1,0,0,'','HotelComponent_GUEST','i_t',7326528,675,308 );
INSERT INTO TE_ATTR VALUES ( 7338400,0,0,0,0,0,'','checkedIn','checkedIn','',1,0,0,'','HotelComponent_GUEST','Escher_TimeStamp_t',7332464,674,308 );
INSERT INTO TE_ATTR VALUES ( 7344336,0,0,0,0,0,'','checkedOut','checkedOut','',1,0,0,'','HotelComponent_GUEST','Escher_TimeStamp_t',7338400,673,308 );
INSERT INTO TE_ATTR VALUES ( 43743464,1,1,1,0,0,'','approximateArea','approximateArea','',1,1,0,'[ESCHER_SYS_MAX_STRING_LEN]','HotelComponent_FACILITYTYPE','c_t',0,83,41 );
INSERT INTO TE_ATTR VALUES ( 43749400,1,1,0,0,0,'','id','id','',1,0,0,'','HotelComponent_FACILITYTYPE','Escher_UniqueID_t',43743464,73,41 );
INSERT INTO TE_ATTR VALUES ( 43755336,0,0,0,0,0,'','name','name','',1,1,0,'[ESCHER_SYS_MAX_STRING_LEN]','HotelComponent_FACILITYGROUP','c_t',0,661,300 );
INSERT INTO TE_ATTR VALUES ( 43761272,1,1,1,0,0,'','facilityID','facilityID','',1,1,0,'[ESCHER_SYS_MAX_STRING_LEN]','HotelComponent_FACILITY','c_t',0,184,161 );
INSERT INTO TE_ATTR VALUES ( 43767208,0,0,0,0,0,'','checkedIn','checkedIn','',1,0,0,'','HotelComponent_FACILITY','Escher_TimeStamp_t',43761272,658,161 );
INSERT INTO TE_ATTR VALUES ( 43773144,0,0,0,0,0,'','checkedOut','checkedOut','',1,0,0,'','HotelComponent_FACILITY','Escher_TimeStamp_t',43767208,657,161 );
INSERT INTO TE_ATTR VALUES ( 43779080,0,0,0,0,0,'','name','name','',1,1,0,'[ESCHER_SYS_MAX_STRING_LEN]','HotelComponent_CUSTOMER','c_t',0,654,262 );
INSERT INTO TE_ATTR VALUES ( 43785016,0,0,0,0,0,'','customerID','customerID','',1,0,0,'','HotelComponent_CUSTOMER','i_t',43779080,653,262 );
INSERT INTO TE_ATTR VALUES ( 43790952,0,0,0,0,0,'','cardNumber','cardNumber','',1,0,0,'','HotelComponent_CREDITCARD','i_t',0,650,295 );
INSERT INTO TE_ATTR VALUES ( 43796888,0,0,0,0,0,'','expirationDate','expirationDate','',1,0,0,'','HotelComponent_CREDITCARD','Escher_Date_t',43790952,649,295 );
INSERT INTO TE_ATTR VALUES ( 44211408,0,0,0,0,0,'','cvcCode','cvcCode','',1,0,0,'','HotelComponent_CREDITCARD','i_t',43796888,648,295 );
INSERT INTO TE_ATTR VALUES ( 44217344,0,0,0,0,0,'','clubName','clubName','',1,1,0,'[ESCHER_SYS_MAX_STRING_LEN]','HotelComponent_CLUB','c_t',0,645,272 );
INSERT INTO TE_ATTR VALUES ( 44223280,1,1,0,0,0,'','ID','ID','',1,0,0,'','HotelComponent_BOOKINGSESSION','Escher_UniqueID_t',0,24,15 );
INSERT INTO TE_ATTR VALUES ( 44229216,0,0,0,0,0,'','current_state','current_state','',1,0,0,'','HotelComponent_BOOKINGSESSION','',44223280,509,15 );
INSERT INTO TE_ATTR VALUES ( 44235152,0,0,0,0,0,'','bookingNumber','bookingNumber','',1,0,0,'','HotelComponent_BOOKING','Escher_UniqueID_t',0,472,135 );
INSERT INTO TE_ATTR VALUES ( 44241088,1,1,1,0,0,'','price','price','',1,0,0,'','HotelComponent_BOOKABLE','i_t',0,77,69 );
INSERT INTO TE_ATTR VALUES ( 44247024,1,1,1,0,0,'','description','description','',1,1,0,'[ESCHER_SYS_MAX_STRING_LEN]','HotelComponent_BOOKABLE','c_t',44241088,80,69 );
INSERT INTO TE_ATTR VALUES ( 44252960,0,0,0,0,0,'','id','id','',1,0,0,'','HotelComponent_BOOKABLE','Escher_UniqueID_t',44247024,449,69 );
INSERT INTO TE_ATTR VALUES ( 44258896,1,1,1,0,0,'','name','name','',1,1,0,'[ESCHER_SYS_MAX_STRING_LEN]','HotelComponent_BOOKABLE','c_t',44252960,212,69 );
INSERT INTO TE_ATTR VALUES ( 44264832,0,0,0,0,0,'','cost','cost','',1,0,0,'','HotelComponent_BILLINGITEM','i_t',0,432,288 );
INSERT INTO TE_ATTR VALUES ( 54280880,0,0,0,0,0,'','description','description','',1,1,0,'[ESCHER_SYS_MAX_STRING_LEN]','HotelComponent_BILLINGITEM','c_t',44264832,431,288 );
INSERT INTO TE_ATTR VALUES ( 54286816,0,0,0,0,0,'','paymentDate','paymentDate','',1,0,0,'','HotelComponent_BILLING','Escher_TimeStamp_t',0,427,281 );
INSERT INTO TE_ATTR VALUES ( 54292752,0,0,0,0,0,'','isPayed','isPayed','',1,0,0,'','HotelComponent_BILLING','bool',54286816,426,281 );
INSERT INTO TE_ATTR VALUES ( 54298688,0,0,0,0,0,'','discountPercentage','discountPercentage','',1,0,0,'','HotelComponent_BENEFIT','i_t',0,415,269 );
INSERT INTO TE_ATTR VALUES ( 54304624,0,0,0,0,0,'','current_state','current_state','',1,0,0,'','UserComponent_SETUP','',0,878,796 );
INSERT INTO TE_ATTR VALUES ( 54310560,0,0,0,0,0,'','current_state','current_state','',1,0,0,'','UserComponent_SIMPLETEST','',0,818,774 );
INSERT INTO TE_ATTR VALUES ( 54316496,1,1,1,0,0,'','sessionID','sessionID','',1,0,0,'','UserComponent_SIMPLETEST','Escher_UniqueID_t',54310560,819,774 );
INSERT INTO TE_REL VALUES ( 1,1,0,0,0,0,180 );
INSERT INTO TE_REL VALUES ( 2,1,0,1,0,0,68 );
INSERT INTO TE_REL VALUES ( 3,0,0,0,0,0,345 );
INSERT INTO TE_REL VALUES ( 4,0,0,0,0,0,342 );
INSERT INTO TE_REL VALUES ( 5,0,0,0,0,0,339 );
INSERT INTO TE_REL VALUES ( 6,0,0,0,0,0,336 );
INSERT INTO TE_REL VALUES ( 8,0,0,0,0,0,332 );
INSERT INTO TE_REL VALUES ( 9,1,0,0,0,0,230 );
INSERT INTO TE_REL VALUES ( 10,0,0,0,0,0,327 );
INSERT INTO TE_REL VALUES ( 11,0,0,0,0,0,322 );
INSERT INTO TE_REL VALUES ( 12,0,0,0,0,0,319 );
INSERT INTO TE_REL VALUES ( 13,0,0,0,0,0,316 );
INSERT INTO TE_REL VALUES ( 14,0,0,0,0,0,313 );
INSERT INTO TE_REL VALUES ( 15,0,0,0,0,0,310 );
INSERT INTO TE_REL VALUES ( 16,0,0,0,0,0,306 );
INSERT INTO TE_REL VALUES ( 17,0,0,0,0,0,303 );
INSERT INTO TE_REL VALUES ( 18,0,0,0,0,0,299 );
INSERT INTO TE_REL VALUES ( 19,0,0,0,0,0,291 );
INSERT INTO TE_REL VALUES ( 20,0,0,0,0,0,287 );
INSERT INTO TE_REL VALUES ( 21,0,0,0,0,0,283 );
INSERT INTO TE_REL VALUES ( 22,0,0,0,0,0,278 );
INSERT INTO TE_REL VALUES ( 23,0,0,0,0,0,275 );
INSERT INTO TE_REL VALUES ( 24,0,0,0,0,0,271 );
INSERT INTO TE_REL VALUES ( 25,0,0,0,0,0,267 );
INSERT INTO TE_REL VALUES ( 26,1,0,0,0,0,137 );
INSERT INTO TE_REL VALUES ( 27,0,0,0,0,0,261 );
INSERT INTO TE_EVT VALUES ( 8583392,'selectEvent',1,'HotelComponent_BOOKINGSESSIONevent1','HOTELCOMPONENT_BOOKINGSESSIONEVENT1NUM',0,0,0,0,0,512,10671520 );
INSERT INTO TE_EVT VALUES ( 8585964,'addGuestEvent',2,'HotelComponent_BOOKINGSESSIONevent2','HOTELCOMPONENT_BOOKINGSESSIONEVENT2NUM',1,0,0,0,0,513,10671520 );
INSERT INTO TE_EVT VALUES ( 8588536,'addServiceEvent',3,'HotelComponent_BOOKINGSESSIONevent3','HOTELCOMPONENT_BOOKINGSESSIONEVENT3NUM',2,0,0,0,0,514,10671520 );
INSERT INTO TE_EVT VALUES ( 8591108,'confirmEvent',4,'HotelComponent_BOOKINGSESSIONevent4','HOTELCOMPONENT_BOOKINGSESSIONEVENT4NUM',3,0,0,0,0,515,10671520 );
INSERT INTO TE_EVT VALUES ( 8593680,'customerDetailsEvent',5,'HotelComponent_BOOKINGSESSIONevent5','HOTELCOMPONENT_BOOKINGSESSIONEVENT5NUM',4,0,0,0,0,516,10671520 );
INSERT INTO TE_EVT VALUES ( 8596252,'paymentInfoEvent',6,'HotelComponent_BOOKINGSESSIONevent6','HOTELCOMPONENT_BOOKINGSESSIONEVENT6NUM',5,0,0,0,0,517,10671520 );
INSERT INTO TE_EVT VALUES ( 8598824,'paymentConfirmedEvent',7,'HotelComponent_BOOKINGSESSIONevent7','HOTELCOMPONENT_BOOKINGSESSIONEVENT7NUM',6,0,0,0,0,518,10671520 );
INSERT INTO TE_EVT VALUES ( 8601396,'cancelEvent',8,'HotelComponent_BOOKINGSESSIONevent8','HOTELCOMPONENT_BOOKINGSESSIONEVENT8NUM',7,0,0,0,0,519,10671520 );
INSERT INTO TE_EVT VALUES ( 8603968,'searchEvent',9,'HotelComponent_BOOKINGSESSIONevent9','HOTELCOMPONENT_BOOKINGSESSIONEVENT9NUM',8,0,0,0,0,520,10671520 );
INSERT INTO TE_EVT VALUES ( 8606540,'requestSessionEvent',1,'HotelComponent_BOOKINGSESSION_CBevent1','HOTELCOMPONENT_BOOKINGSESSION_CBEVENT1NUM',0,0,0,0,0,636,10678280 );
INSERT INTO TE_EVT VALUES ( 54340248,'facilityTypeAdded',1,'UserComponent_SETUPevent1','USERCOMPONENT_SETUPEVENT1NUM',0,1,4,0,0,798,10685040 );
INSERT INTO TE_EVT VALUES ( 54342820,'start',1,'UserComponent_SIMPLETESTevent1','USERCOMPONENT_SIMPLETESTEVENT1NUM',0,1,1,0,0,813,10691800 );
INSERT INTO TE_EVT VALUES ( 54345392,'sessionEvent',2,'UserComponent_SIMPLETESTevent2','USERCOMPONENT_SIMPLETESTEVENT2NUM',1,1,3,0,0,776,10691800 );
INSERT INTO TE_STATE VALUES ( 'ready','HotelComponent_BOOKINGSESSION_STATE_1',1,1,0,511,521 );
INSERT INTO TE_STATE VALUES ( 'customerProvided','HotelComponent_BOOKINGSESSION_STATE_6',6,6,5,511,527 );
INSERT INTO TE_STATE VALUES ( 'finallyReady','HotelComponent_BOOKINGSESSION_STATE_5',5,5,4,511,531 );
INSERT INTO TE_STATE VALUES ( 'selected','HotelComponent_BOOKINGSESSION_STATE_2',2,2,1,511,535 );
INSERT INTO TE_STATE VALUES ( 'guestAdded','HotelComponent_BOOKINGSESSION_STATE_3',3,3,2,511,539 );
INSERT INTO TE_STATE VALUES ( 'addService','HotelComponent_BOOKINGSESSION_STATE_4',4,4,3,511,543 );
INSERT INTO TE_STATE VALUES ( 'paymentSuggested','HotelComponent_BOOKINGSESSION_STATE_7',7,7,6,511,547 );
INSERT INTO TE_STATE VALUES ( 'confirmation','HotelComponent_BOOKINGSESSION_STATE_8',8,8,7,511,551 );
INSERT INTO TE_STATE VALUES ( 'accepted','HotelComponent_BOOKINGSESSION_STATE_9',9,9,8,511,555 );
INSERT INTO TE_STATE VALUES ( 'aborted','HotelComponent_BOOKINGSESSION_STATE_10',10,10,9,511,559 );
INSERT INTO TE_STATE VALUES ( 'searched','HotelComponent_BOOKINGSESSION_STATE_11',11,11,10,511,563 );
INSERT INTO TE_STATE VALUES ( 'Standby','HotelComponent_BOOKINGSESSION_CB_STATE_1',1,1,0,635,637 );
INSERT INTO TE_STATE VALUES ( 'Setup','UserComponent_SETUP_STATE_1',1,1,0,879,881 );
INSERT INTO TE_STATE VALUES ( 'CreateFacilities','UserComponent_SETUP_STATE_2',2,2,1,879,895 );
INSERT INTO TE_STATE VALUES ( 'entryPoint','UserComponent_SIMPLETEST_STATE_1',1,1,0,820,822 );
INSERT INTO TE_STATE VALUES ( 'requestSession','UserComponent_SIMPLETEST_STATE_2',2,2,1,820,828 );
INSERT INTO TE_STATE VALUES ( 'requestAvailableBookables','UserComponent_SIMPLETEST_STATE_3',3,3,2,820,835 );
INSERT INTO R_OIR VALUES ( 262,261,263,0 );
INSERT INTO R_OIR VALUES ( 15,261,264,0 );
INSERT INTO R_OIR VALUES ( 135,137,265,0 );
INSERT INTO R_OIR VALUES ( 15,137,266,0 );
INSERT INTO R_OIR VALUES ( 69,267,268,0 );
INSERT INTO R_OIR VALUES ( 269,267,270,0 );
INSERT INTO R_OIR VALUES ( 272,271,273,0 );
INSERT INTO R_OIR VALUES ( 269,271,274,0 );
INSERT INTO R_OIR VALUES ( 262,275,276,0 );
INSERT INTO R_OIR VALUES ( 272,275,277,0 );
INSERT INTO R_OIR VALUES ( 135,278,279,0 );
INSERT INTO R_OIR VALUES ( 262,278,280,0 );
INSERT INTO R_OIR VALUES ( 281,278,282,0 );
INSERT INTO R_OIR VALUES ( 281,283,284,0 );
INSERT INTO R_OIR VALUES ( 285,283,286,0 );
INSERT INTO R_OIR VALUES ( 288,287,289,0 );
INSERT INTO R_OIR VALUES ( 281,287,290,0 );
INSERT INTO R_OIR VALUES ( 285,291,292,0 );
INSERT INTO R_OIR VALUES ( 293,291,294,0 );
INSERT INTO R_OIR VALUES ( 295,291,296,0 );
INSERT INTO R_OIR VALUES ( 297,291,298,0 );
INSERT INTO R_OIR VALUES ( 300,299,301,0 );
INSERT INTO R_OIR VALUES ( 198,299,302,0 );
INSERT INTO R_OIR VALUES ( 198,303,304,0 );
INSERT INTO R_OIR VALUES ( 15,303,305,0 );
INSERT INTO R_OIR VALUES ( 161,306,307,0 );
INSERT INTO R_OIR VALUES ( 308,306,309,0 );
INSERT INTO R_OIR VALUES ( 135,310,311,0 );
INSERT INTO R_OIR VALUES ( 308,310,312,0 );
INSERT INTO R_OIR VALUES ( 161,313,314,0 );
INSERT INTO R_OIR VALUES ( 135,313,315,0 );
INSERT INTO R_OIR VALUES ( 198,316,317,0 );
INSERT INTO R_OIR VALUES ( 135,316,318,0 );
INSERT INTO R_OIR VALUES ( 69,319,320,0 );
INSERT INTO R_OIR VALUES ( 135,319,321,0 );
INSERT INTO R_OIR VALUES ( 323,322,324,0 );
INSERT INTO R_OIR VALUES ( 325,322,326,0 );
INSERT INTO R_OIR VALUES ( 198,327,328,0 );
INSERT INTO R_OIR VALUES ( 323,327,329,0 );
INSERT INTO R_OIR VALUES ( 198,230,330,0 );
INSERT INTO R_OIR VALUES ( 69,230,331,0 );
INSERT INTO R_OIR VALUES ( 69,332,333,0 );
INSERT INTO R_OIR VALUES ( 334,332,335,0 );
INSERT INTO R_OIR VALUES ( 161,336,337,0 );
INSERT INTO R_OIR VALUES ( 300,336,338,0 );
INSERT INTO R_OIR VALUES ( 259,339,340,0 );
INSERT INTO R_OIR VALUES ( 41,339,341,0 );
INSERT INTO R_OIR VALUES ( 259,342,343,0 );
INSERT INTO R_OIR VALUES ( 41,342,344,0 );
INSERT INTO R_OIR VALUES ( 300,345,346,0 );
INSERT INTO R_OIR VALUES ( 300,345,347,0 );
INSERT INTO R_OIR VALUES ( 69,68,348,0 );
INSERT INTO R_OIR VALUES ( 334,68,349,0 );
INSERT INTO R_OIR VALUES ( 259,68,350,0 );
INSERT INTO R_OIR VALUES ( 41,68,351,0 );
INSERT INTO R_OIR VALUES ( 41,180,352,0 );
INSERT INTO R_OIR VALUES ( 161,180,353,0 );
INSERT INTO TE_PO VALUES ( 9969344,'UserInterface','UserInterface','BookingProvider','',0,0,0,0,7650400,6,724 );
INSERT INTO TE_PO VALUES ( 9972760,'Port1','Port1','StaffInterface','',0,0,0,1,7650400,153,782 );
INSERT INTO TE_PO VALUES ( 9976176,'UserInterface','UserInterface','BookingProvider','',1,0,0,0,7655624,6,4 );
INSERT INTO TE_PO VALUES ( 9979592,'Port1','Port1','StaffInterface','',1,0,0,1,7655624,153,151 );
INSERT INTO TE_SM VALUES ( 10671520,1,'HotelComponent_BOOKINGSESSION_STATE_1','HotelComponent_BOOKINGSESSION_StateEventMatrix','HotelComponent_BOOKINGSESSION_acts','StateAction_t','HotelComponent_BOOKINGSESSION_Events_u','HotelComponent_BOOKINGSESSION_xacts',0,'state_name_strings',11,9,511,'HotelComponent_BOOKINGSESSION' );
INSERT INTO TE_SM VALUES ( 10678280,0,'HotelComponent_BOOKINGSESSION_CB_STATE_1','HotelComponent_BOOKINGSESSION_CB_StateEventMatrix','HotelComponent_BOOKINGSESSION_CB_acts','StateAction_t','HotelComponent_BOOKINGSESSION_CB_Events_u','HotelComponent_BOOKINGSESSION_CB_xacts',0,'state_name_strings_CB',1,1,635,'HotelComponent_BOOKINGSESSION' );
INSERT INTO TE_SM VALUES ( 10685040,1,'UserComponent_SETUP_STATE_1','UserComponent_SETUP_StateEventMatrix','UserComponent_SETUP_acts','StateAction_t','UserComponent_SETUP_Events_u','UserComponent_SETUP_xacts',0,'state_name_strings',2,1,879,'UserComponent_SETUP' );
INSERT INTO TE_SM VALUES ( 10691800,1,'UserComponent_SIMPLETEST_STATE_1','UserComponent_SIMPLETEST_StateEventMatrix','UserComponent_SIMPLETEST_acts','StateAction_t','UserComponent_SIMPLETEST_Events_u','UserComponent_SIMPLETEST_xacts',1,'state_name_strings',3,2,820,'UserComponent_SIMPLETEST' );
INSERT INTO TE_SM VALUES ( 10698560,0,'','UserComponent_SIMPLETEST_CB_StateEventMatrix','UserComponent_SIMPLETEST_CB_acts','StateAction_t','UserComponent_SIMPLETEST_CB_Events_u','UserComponent_SIMPLETEST_CB_xacts',0,'state_name_strings_CB',0,0,877,'UserComponent_SIMPLETEST' );
INSERT INTO TE_CLASS VALUES ( 7913376,'Setup',2,'SETUP','','UserComponent_SETUP','UserComponent_SETUP_CB',1,0,0,0,0,10,0,1,0,0,1,0,0,'UserComponent_SETUP_class','UserComponent_SETUP_CLASS_NUMBER','UserComponent_SETUP_CLASS_NUMBER_CB','UserComponent_SETUP_LinkCentral','UserComponent_SETUP_Dispatch','','%d',',
    self->current_state',7650400,796,0 );
INSERT INTO TE_CLASS VALUES ( 7924400,'SimpleTest',1,'SIMPLETEST','','UserComponent_SIMPLETEST','UserComponent_SIMPLETEST_CB',1,0,0,0,0,10,0,1,0,0,1,0,0,'UserComponent_SIMPLETEST_class','UserComponent_SIMPLETEST_CLASS_NUMBER','UserComponent_SIMPLETEST_CLASS_NUMBER_CB','UserComponent_SIMPLETEST_LinkCentral','UserComponent_SIMPLETEST_Dispatch','UserComponent_SIMPLETEST_CBDispatch','%d,%ld',',
    self->current_state,
    ((long)self->sessionID & ESCHER_IDDUMP_MASK)',7650400,774,7913376 );
INSERT INTO TE_CLASS VALUES ( 7935424,'Staff',8,'STAFF','','HotelComponent_STAFF','HotelComponent_STAFF_CB',0,0,0,0,0,10,0,0,0,0,1,0,0,'HotelComponent_STAFF_class','HotelComponent_STAFF_CLASS_NUMBER','HotelComponent_STAFF_CLASS_NUMBER_CB','HotelComponent_STAFF_LinkCentral','','','''%s''',',
    self->name',7655624,323,7957472 );
INSERT INTO TE_CLASS VALUES ( 7946448,'Service',1,'SERVICE','','HotelComponent_SERVICE','HotelComponent_SERVICE_CB',0,0,0,0,0,10,0,0,0,0,1,0,0,'HotelComponent_SERVICE_class','HotelComponent_SERVICE_CLASS_NUMBER','HotelComponent_SERVICE_CLASS_NUMBER_CB','HotelComponent_SERVICE_LinkCentral','','','%d,''%s''',',
    self->independent,
    self->description',7655624,259,23725640 );
INSERT INTO TE_CLASS VALUES ( 7957472,'Privilege',9,'PRIVILEGE','','HotelComponent_PRIVILEGE','HotelComponent_PRIVILEGE_CB',0,0,0,0,0,10,0,0,0,0,1,0,0,'HotelComponent_PRIVILEGE_class','HotelComponent_PRIVILEGE_CLASS_NUMBER','HotelComponent_PRIVILEGE_CLASS_NUMBER_CB','HotelComponent_PRIVILEGE_LinkCentral','','','','',7655624,325,0 );
INSERT INTO TE_CLASS VALUES ( 7968496,'PaymentMethod',15,'PAYMENTMETHOD','','HotelComponent_PAYMENTMETHOD','HotelComponent_PAYMENTMETHOD_CB',0,0,0,0,0,10,0,0,0,0,1,0,0,'HotelComponent_PAYMENTMETHOD_class','HotelComponent_PAYMENTMETHOD_CLASS_NUMBER','HotelComponent_PAYMENTMETHOD_CLASS_NUMBER_CB','HotelComponent_PAYMENTMETHOD_LinkCentral','','','','',7655624,285,23758712 );
INSERT INTO TE_CLASS VALUES ( 7979520,'Package',6,'PACKAGE','','HotelComponent_PACKAGE','HotelComponent_PACKAGE_CB',0,0,0,0,0,10,0,0,0,0,1,0,0,'HotelComponent_PACKAGE_class','HotelComponent_PACKAGE_CLASS_NUMBER','HotelComponent_PACKAGE_CLASS_NUMBER_CB','HotelComponent_PACKAGE_LinkCentral','','','','',7655624,334,8001568 );
INSERT INTO TE_CLASS VALUES ( 7990544,'Invoice',17,'INVOICE','','HotelComponent_INVOICE','HotelComponent_INVOICE_CB',0,0,0,0,0,10,0,0,0,0,1,0,0,'HotelComponent_INVOICE_class','HotelComponent_INVOICE_CLASS_NUMBER','HotelComponent_INVOICE_CLASS_NUMBER_CB','HotelComponent_INVOICE_LinkCentral','','','%d',',
    self->sentDate',7655624,297,23736664 );
INSERT INTO TE_CLASS VALUES ( 8001568,'Hotel',7,'HOTEL','','HotelComponent_HOTEL','HotelComponent_HOTEL_CB',0,0,0,0,0,10,0,1,0,0,1,0,0,'HotelComponent_HOTEL_class','HotelComponent_HOTEL_CLASS_NUMBER','HotelComponent_HOTEL_CLASS_NUMBER_CB','HotelComponent_HOTEL_LinkCentral','','','''%s'',''%s''',',
    self->adress,
    self->description',7655624,198,7935424 );
INSERT INTO TE_CLASS VALUES ( 8012592,'Guest',11,'GUEST','','HotelComponent_GUEST','HotelComponent_GUEST_CB',0,0,0,0,0,10,0,0,0,0,1,0,0,'HotelComponent_GUEST_class','HotelComponent_GUEST_CLASS_NUMBER','HotelComponent_GUEST_CLASS_NUMBER_CB','HotelComponent_GUEST_LinkCentral','','','''%s'',%d,%d,%d',',
    self->name,
    self->age,
    self->checkedIn,
    self->checkedOut',7655624,308,23769736 );
INSERT INTO TE_CLASS VALUES ( 23692568,'FacilityType',2,'FACILITYTYPE','','HotelComponent_FACILITYTYPE','HotelComponent_FACILITYTYPE_CB',0,0,0,0,0,10,0,1,0,0,1,0,0,'HotelComponent_FACILITYTYPE_class','HotelComponent_FACILITYTYPE_CLASS_NUMBER','HotelComponent_FACILITYTYPE_CLASS_NUMBER_CB','HotelComponent_FACILITYTYPE_LinkCentral','','','''%s'',%ld',',
    self->approximateArea,
    ((long)self->id & ESCHER_IDDUMP_MASK)',7655624,41,23714616 );
INSERT INTO TE_CLASS VALUES ( 23703592,'FacilityGroup',4,'FACILITYGROUP','','HotelComponent_FACILITYGROUP','HotelComponent_FACILITYGROUP_CB',0,0,0,0,0,10,0,0,0,0,1,0,0,'HotelComponent_FACILITYGROUP_class','HotelComponent_FACILITYGROUP_CLASS_NUMBER','HotelComponent_FACILITYGROUP_CLASS_NUMBER_CB','HotelComponent_FACILITYGROUP_LinkCentral','','','''%s''',',
    self->name',7655624,300,23791784 );
INSERT INTO TE_CLASS VALUES ( 23714616,'Facility',3,'FACILITY','','HotelComponent_FACILITY','HotelComponent_FACILITY_CB',0,0,0,0,0,10,0,1,0,0,1,0,0,'HotelComponent_FACILITY_class','HotelComponent_FACILITY_CLASS_NUMBER','HotelComponent_FACILITY_CLASS_NUMBER_CB','HotelComponent_FACILITY_LinkCentral','','','''%s'',%d,%d',',
    self->facilityID,
    self->checkedIn,
    self->checkedOut',7655624,161,23703592 );
INSERT INTO TE_CLASS VALUES ( 23725640,'Customer',20,'CUSTOMER','','HotelComponent_CUSTOMER','HotelComponent_CUSTOMER_CB',0,0,0,0,0,10,0,0,0,0,1,0,0,'HotelComponent_CUSTOMER_class','HotelComponent_CUSTOMER_CLASS_NUMBER','HotelComponent_CUSTOMER_CLASS_NUMBER_CB','HotelComponent_CUSTOMER_LinkCentral','','','''%s'',%d',',
    self->name,
    self->customerID',7655624,262,23747688 );
INSERT INTO TE_CLASS VALUES ( 23736664,'CreditCard',18,'CREDITCARD','','HotelComponent_CREDITCARD','HotelComponent_CREDITCARD_CB',0,0,0,0,0,10,0,0,0,0,1,0,0,'HotelComponent_CREDITCARD_class','HotelComponent_CREDITCARD_CLASS_NUMBER','HotelComponent_CREDITCARD_CLASS_NUMBER_CB','HotelComponent_CREDITCARD_LinkCentral','','','%d,%d,%d',',
    self->cardNumber,
    self->expirationDate,
    self->cvcCode',7655624,295,23824864 );
INSERT INTO TE_CLASS VALUES ( 23747688,'Club',21,'CLUB','','HotelComponent_CLUB','HotelComponent_CLUB_CB',0,0,0,0,0,10,0,0,0,0,1,0,0,'HotelComponent_CLUB_class','HotelComponent_CLUB_CLASS_NUMBER','HotelComponent_CLUB_CLASS_NUMBER_CB','HotelComponent_CLUB_LinkCentral','','','''%s''',',
    self->clubName',7655624,272,23692568 );
INSERT INTO TE_CLASS VALUES ( 23758712,'Cash',16,'CASH','','HotelComponent_CASH','HotelComponent_CASH_CB',0,0,0,0,0,10,0,0,0,0,1,0,0,'HotelComponent_CASH_class','HotelComponent_CASH_CLASS_NUMBER','HotelComponent_CASH_CLASS_NUMBER_CB','HotelComponent_CASH_LinkCentral','','','','',7655624,293,7990544 );
INSERT INTO TE_CLASS VALUES ( 23769736,'BookingSession',12,'BOOKINGSESSION','','HotelComponent_BOOKINGSESSION','HotelComponent_BOOKINGSESSION_CB',0,0,0,0,0,10,0,1,0,0,1,0,0,'HotelComponent_BOOKINGSESSION_class','HotelComponent_BOOKINGSESSION_CLASS_NUMBER','HotelComponent_BOOKINGSESSION_CLASS_NUMBER_CB','HotelComponent_BOOKINGSESSION_LinkCentral','HotelComponent_BOOKINGSESSION_Dispatch','HotelComponent_BOOKINGSESSION_CBDispatch','%ld,%d',',
    ((long)self->ID & ESCHER_IDDUMP_MASK),
    self->current_state',7655624,15,23813840 );
INSERT INTO TE_CLASS VALUES ( 23780760,'Booking',10,'BOOKING','','HotelComponent_BOOKING','HotelComponent_BOOKING_CB',0,0,0,0,0,10,0,1,0,0,1,0,0,'HotelComponent_BOOKING_class','HotelComponent_BOOKING_CLASS_NUMBER','HotelComponent_BOOKING_CLASS_NUMBER_CB','HotelComponent_BOOKING_LinkCentral','','','%ld',',
    ((long)self->bookingNumber & ESCHER_IDDUMP_MASK)',7655624,135,8012592 );
INSERT INTO TE_CLASS VALUES ( 23791784,'Bookable',5,'BOOKABLE','','HotelComponent_BOOKABLE','HotelComponent_BOOKABLE_CB',0,0,0,0,0,10,0,1,0,0,1,0,0,'HotelComponent_BOOKABLE_class','HotelComponent_BOOKABLE_CLASS_NUMBER','HotelComponent_BOOKABLE_CLASS_NUMBER_CB','HotelComponent_BOOKABLE_LinkCentral','','','%d,''%s'',%ld,''%s''',',
    self->price,
    self->description,
    ((long)self->id & ESCHER_IDDUMP_MASK),
    self->name',7655624,69,7979520 );
INSERT INTO TE_CLASS VALUES ( 23802816,'BillingItem',14,'BILLINGITEM','','HotelComponent_BILLINGITEM','HotelComponent_BILLINGITEM_CB',0,0,0,0,0,10,0,0,0,0,1,0,0,'HotelComponent_BILLINGITEM_class','HotelComponent_BILLINGITEM_CLASS_NUMBER','HotelComponent_BILLINGITEM_CLASS_NUMBER_CB','HotelComponent_BILLINGITEM_LinkCentral','','','%d,''%s''',',
    self->cost,
    self->description',7655624,288,7968496 );
INSERT INTO TE_CLASS VALUES ( 23813840,'Billing',13,'BILLING','','HotelComponent_BILLING','HotelComponent_BILLING_CB',0,0,0,0,0,10,0,0,0,0,1,0,0,'HotelComponent_BILLING_class','HotelComponent_BILLING_CLASS_NUMBER','HotelComponent_BILLING_CLASS_NUMBER_CB','HotelComponent_BILLING_LinkCentral','','','%d,%d',',
    self->paymentDate,
    self->isPayed',7655624,281,23802816 );
INSERT INTO TE_CLASS VALUES ( 23824864,'Benefit',19,'BENEFIT','','HotelComponent_BENEFIT','HotelComponent_BENEFIT_CB',0,0,0,0,0,10,0,0,0,0,1,0,0,'HotelComponent_BENEFIT_class','HotelComponent_BENEFIT_CLASS_NUMBER','HotelComponent_BENEFIT_CLASS_NUMBER_CB','HotelComponent_BENEFIT_LinkCentral','','','%d',',
    self->discountPercentage',7655624,269,7946448 );
INSERT INTO TE_PREFIX VALUES ( 'Escher_','','Escher_','','ESCHER_','Escher_','','','','Escher_','pport_','rport_','channel_' );
INSERT INTO TE_SET VALUES ( 'SYS_MAX_CONTAINERS','Escher_Iterator_s','Escher_SetFactoryInit','Escher_InitSet','Escher_CopySet','Escher_ClearSet','Escher_SetInsertElement','Escher_SetInsertInstance','Escher_SetInsertBlock','Escher_SetRemoveElement','Escher_SetRemoveInstance','Escher_SetCardinality','Escher_SetContains','Escher_SetEquality','Escher_SetIsEmpty','Escher_SetGetAny','Escher_IteratorReset','Escher_IteratorNext','Escher_ObjectSet_s','Escher_SetElement_s','','' );
INSERT INTO TE_PERSIST VALUES ( 'sys_persist','','ESCHER_PERSIST_INST_CACHE_DEPTH','ESCHER_PERSIST_LINK_CACHE_DEPTH','check_mark_post','','Escher_link_t','','Escher_PersistFactoryInit','Escher_PersistenceCommit','Escher_PersistenceRestore','Escher_PersistDelete','domainnum','Escher_DomainNumber_t','classnum','Escher_ClassNumber_t','index','Escher_InstanceIndex_t','InstanceIdentifier_t','instance_identifier','s1_t','persist_dirty',1,0 );
INSERT INTO R_RTO VALUES ( 262,261,263,-1 );
INSERT INTO R_RTO VALUES ( 135,137,265,-1 );
INSERT INTO R_RTO VALUES ( 69,267,268,-1 );
INSERT INTO R_RTO VALUES ( 272,271,273,-1 );
INSERT INTO R_RTO VALUES ( 262,275,276,-1 );
INSERT INTO R_RTO VALUES ( 135,278,279,-1 );
INSERT INTO R_RTO VALUES ( 262,278,280,-1 );
INSERT INTO R_RTO VALUES ( 285,283,286,-1 );
INSERT INTO R_RTO VALUES ( 281,287,290,-1 );
INSERT INTO R_RTO VALUES ( 285,291,292,-1 );
INSERT INTO R_RTO VALUES ( 198,299,302,-1 );
INSERT INTO R_RTO VALUES ( 198,303,304,-1 );
INSERT INTO R_RTO VALUES ( 161,306,307,-1 );
INSERT INTO R_RTO VALUES ( 135,310,311,-1 );
INSERT INTO R_RTO VALUES ( 161,313,314,-1 );
INSERT INTO R_RTO VALUES ( 198,316,317,-1 );
INSERT INTO R_RTO VALUES ( 69,319,320,-1 );
INSERT INTO R_RTO VALUES ( 323,322,324,-1 );
INSERT INTO R_RTO VALUES ( 198,327,328,-1 );
INSERT INTO R_RTO VALUES ( 198,230,330,-1 );
INSERT INTO R_RTO VALUES ( 334,332,335,-1 );
INSERT INTO R_RTO VALUES ( 300,336,338,-1 );
INSERT INTO R_RTO VALUES ( 41,339,341,-1 );
INSERT INTO R_RTO VALUES ( 41,342,344,-1 );
INSERT INTO R_RTO VALUES ( 300,345,346,-1 );
INSERT INTO R_RTO VALUES ( 69,68,348,-1 );
INSERT INTO R_RTO VALUES ( 161,180,353,-1 );
INSERT INTO TE_EQ VALUES ( 'EVENT_IS_IGNORED','EVENT_CANT_HAPPEN','Escher_systemxtUMLevents','Escher_xtUML_event_pool','Escher_xtUMLEventConstant_t','Escher_xtUMLEvent_t','mc_event_base','ESCHER_SYS_MAX_XTUML_EVENTS','ESCHER_SYS_MAX_SELF_EVENTS','ESCHER_SYS_MAX_NONSELF_EVENTS','Escher_NewxtUMLEvent','Escher_AllocatextUMLEvent','Escher_DeletextUMLEvent','Escher_ModifyxtUMLEvent','Escher_SendSelfEvent','Escher_SendEvent','Escher_EventSearchAndDestroy','Escher_run_flag','e','' );
INSERT INTO TE_ILB VALUES ( 'sys_ilb','ESCHER_SYS_MAX_INTERLEAVED_BRIDGES','ESCHER_SYS_MAX_INTERLEAVED_BRIDGE_DATA','InterleaveBridge','InterleaveBridgeDone','GetILBData','DispatchInterleaveBridge' );
INSERT INTO TE_THREAD VALUES ( 'sys_thread','Escher_thread_create','Escher_mutex_lock','Escher_mutex_unlock','Escher_nonbusy_wait','Escher_nonbusy_wake','Escher_thread_shutdown',0,'POSIX',0,1,'','AUTOSAR_ENABLED' );
INSERT INTO TE_FILE VALUES ( 'h','c','o','Hotel_sys_main','sys_xtuml','sys_events','sys_nvs','NVS_bridge','sys_sets','Hotel_sys_types','sys_thread','sys_trace','TIM_bridge','sys_user_co','sys_ilb','sys_persist','sys_xtumlload','sysc_interfaces','RegDefs','.','_ch','_ch','_ch','_ch','.','bridge.mark','system.mark','datatype.mark','event.mark','class.mark','domain.mark','sys_functions.arc','mc3020/arc','.' );
INSERT INTO TE_CALLOUT VALUES ( 'sys_user_co','UserInitializationCallout','UserPreOoaInitializationCallout','UserPostOoaInitializationCallout','UserBackgroundProcessingCallout','UserEventCantHappenCallout','UserPreShutdownCallout','UserPostShutdownCallout','UserEventNoInstanceCallout','UserEventFreeListEmptyCallout','UserEmptyHandleDetectedCallout','UserObjectPoolEmptyCallout','UserNodeListEmptyCallout','UserInterleavedBridgeOverflowCallout','UserSelfEventQueueEmptyCallout','UserNonSelfEventQueueEmptyCallout','UserPersistenceErrorCallout' );
INSERT INTO TE_STRING VALUES ( 'Escher_memset','Escher_memmove','Escher_strcpy','Escher_stradd','Escher_strlen','Escher_strcmp','Escher_strget','Escher_itoa','Escher_atoi','ESCHER_SYS_MAX_STRING_LEN','ESCHER_DEBUG_BUFFER_DEPTH' );
INSERT INTO TE_TRACE VALUES ( 'COMP_MSG_START_TRACE','COMP_MSG_END_TRACE','STATE_TXN_START_TRACE','STATE_TXN_END_TRACE','STATE_TXN_IG_TRACE','STATE_TXN_CH_TRACE','OAL_ACTION_TRACE' );
INSERT INTO TE_COPYRIGHT VALUES ( 'your copyright statement can go here (from te_copyright.body)' );
INSERT INTO TE_DMA VALUES ( 'sys_memory','Escher_malloc','Escher_free',0 );
INSERT INTO TE_CONTAINER VALUES ( '' );
INSERT INTO R_RGO VALUES ( 281,278,282 );
INSERT INTO R_RGO VALUES ( 293,291,294 );
INSERT INTO R_RGO VALUES ( 295,291,296 );
INSERT INTO R_RGO VALUES ( 297,291,298 );
INSERT INTO R_RGO VALUES ( 334,68,349 );
INSERT INTO R_RGO VALUES ( 259,68,350 );
INSERT INTO R_RGO VALUES ( 41,68,351 );
INSERT INTO R_RGO VALUES ( 41,180,352 );
INSERT INTO R_RGO VALUES ( 300,345,347 );
INSERT INTO R_RGO VALUES ( 259,342,343 );
INSERT INTO R_RGO VALUES ( 259,339,340 );
INSERT INTO R_RGO VALUES ( 161,336,337 );
INSERT INTO R_RGO VALUES ( 69,332,333 );
INSERT INTO R_RGO VALUES ( 69,230,331 );
INSERT INTO R_RGO VALUES ( 323,327,329 );
INSERT INTO R_RGO VALUES ( 325,322,326 );
INSERT INTO R_RGO VALUES ( 135,319,321 );
INSERT INTO R_RGO VALUES ( 135,316,318 );
INSERT INTO R_RGO VALUES ( 135,313,315 );
INSERT INTO R_RGO VALUES ( 308,310,312 );
INSERT INTO R_RGO VALUES ( 308,306,309 );
INSERT INTO R_RGO VALUES ( 15,303,305 );
INSERT INTO R_RGO VALUES ( 300,299,301 );
INSERT INTO R_RGO VALUES ( 288,287,289 );
INSERT INTO R_RGO VALUES ( 281,283,284 );
INSERT INTO R_RGO VALUES ( 272,275,277 );
INSERT INTO R_RGO VALUES ( 269,271,274 );
INSERT INTO R_RGO VALUES ( 269,267,270 );
INSERT INTO R_RGO VALUES ( 15,137,266 );
INSERT INTO R_RGO VALUES ( 15,261,264 );
INSERT INTO TE_DLIST VALUES ( '','Escher_SetRemoveDlistNode' );
INSERT INTO TE_SLIST VALUES ( '','Escher_SetRemoveNode' );
INSERT INTO TE_TARGET VALUES ( 'C','#ifdef	__cplusplus
extern	"C"	{
#endif','#ifdef	__cplusplus
}
#endif','main' );
INSERT INTO R_SIMP VALUES ( 261 );
INSERT INTO R_SIMP VALUES ( 137 );
INSERT INTO R_SIMP VALUES ( 267 );
INSERT INTO R_SIMP VALUES ( 271 );
INSERT INTO R_SIMP VALUES ( 275 );
INSERT INTO R_SIMP VALUES ( 283 );
INSERT INTO R_SIMP VALUES ( 287 );
INSERT INTO R_SIMP VALUES ( 299 );
INSERT INTO R_SIMP VALUES ( 303 );
INSERT INTO R_SIMP VALUES ( 306 );
INSERT INTO R_SIMP VALUES ( 310 );
INSERT INTO R_SIMP VALUES ( 313 );
INSERT INTO R_SIMP VALUES ( 316 );
INSERT INTO R_SIMP VALUES ( 319 );
INSERT INTO R_SIMP VALUES ( 322 );
INSERT INTO R_SIMP VALUES ( 327 );
INSERT INTO R_SIMP VALUES ( 230 );
INSERT INTO R_SIMP VALUES ( 332 );
INSERT INTO R_SIMP VALUES ( 336 );
INSERT INTO R_SIMP VALUES ( 339 );
INSERT INTO R_SIMP VALUES ( 342 );
INSERT INTO R_SIMP VALUES ( 345 );
INSERT INTO R_SIMP VALUES ( 180 );
INSERT INTO TE_RELINFO VALUES ( 0,0,0,0,0,0,0,0,'',0,0,0,0 );
INSERT INTO TE_RELSTORE VALUES ( '','','',0,'','self' );
INSERT INTO TE_INSTANCE VALUES ( 'Escher_CreateInstance','Escher_CreatePersistent','Escher_DeleteInstance','Escher_DeletePersistent','self','Escher_GetSelf','Escher_InstanceBase_t','Escher_iHandle_t','Escher_ClassFactoryInit','Escher_Object_s','ESCHER_SYS_MAX_OBJECT_EXTENT','ESCHER_SYS_MAX_ASSOCIATION_EXTENT','ESCHER_SYS_MAX_TRANSIENT_EXTENT','current_state','','Escher_GetDCI','Escher_GetEventDispatcher','Escher_GetThreadAssignment','' );
INSERT INTO TE_TIM VALUES ( 'ESCHER_SYS_MAX_XTUML_TIMERS',0,1,0,'ETimer_t','','' );
INSERT INTO TE_TYPEMAP VALUES ( 'Escher_InstanceIndex_t','u2_t','Escher_ClassSize_t','u2_t','Escher_ClassNumber_t','u2_t','Escher_StateNumber_t','u1_t','Escher_DomainNumber_t','u1_t','Escher_EventNumber_t','u1_t','Escher_EventPriority_t','u1_t','Escher_EventFlags_t','u1_t','Escher_PolyEventRC_t','u1_t','Escher_SEMcell_t','u2_t','','','' );
INSERT INTO TE_EXTENT VALUES ( 'Escher_ObjectSet_s','Escher_Extent_t','active','inactive','','Escher_ClassSize_t','size','Escher_StateNumber_t','initial_state','Escher_SetElement_s*','container','Escher_iHandle_t','pool','Escher_InstanceIndex_t','population','Escher_ClassSize_t','size_no_rel','link_function' );
INSERT INTO TE_PAR VALUES ( 'facilityType',0,'',1,909,24536832 );
INSERT INTO TE_PAR VALUES ( 'facilityID',0,'',0,908,24541140 );
INSERT INTO TE_PAR VALUES ( 'facilityType',0,'',1,907,24536832 );
INSERT INTO TE_PAR VALUES ( 'facilityID',0,'',0,906,24541140 );
INSERT INTO TE_PAR VALUES ( 'facilityType',0,'',1,905,24536832 );
INSERT INTO TE_PAR VALUES ( 'facilityID',0,'',0,904,24541140 );
INSERT INTO TE_PAR VALUES ( 'message',0,'',0,903,24386020 );
INSERT INTO TE_PAR VALUES ( 'description',0,'',1,894,24519600 );
INSERT INTO TE_PAR VALUES ( 'price',0,'',3,893,24523908 );
INSERT INTO TE_PAR VALUES ( 'name',0,'',2,892,24528216 );
INSERT INTO TE_PAR VALUES ( 'approximateArea',0,'',0,891,24532524 );
INSERT INTO TE_PAR VALUES ( 'description',0,'',1,890,24519600 );
INSERT INTO TE_PAR VALUES ( 'price',0,'',3,889,24523908 );
INSERT INTO TE_PAR VALUES ( 'name',0,'',2,888,24528216 );
INSERT INTO TE_PAR VALUES ( 'approximateArea',0,'',0,887,24532524 );
INSERT INTO TE_PAR VALUES ( 'facilityType',0,'',0,852,24661576 );
INSERT INTO TE_PAR VALUES ( 'hour',0,'',1,858,24342932 );
INSERT INTO TE_PAR VALUES ( 'minute',0,'',2,857,24347248 );
INSERT INTO TE_PAR VALUES ( 'second',0,'',4,856,24351556 );
INSERT INTO TE_PAR VALUES ( 'year',0,'',5,855,24330008 );
INSERT INTO TE_PAR VALUES ( 'month',0,'',3,854,24334316 );
INSERT INTO TE_PAR VALUES ( 'day',0,'',0,853,24338624 );
INSERT INTO TE_PAR VALUES ( 'toDate',0,'',3,845,24665884 );
INSERT INTO TE_PAR VALUES ( 'hour',0,'',1,851,24342932 );
INSERT INTO TE_PAR VALUES ( 'minute',0,'',2,850,24347248 );
INSERT INTO TE_PAR VALUES ( 'second',0,'',4,849,24351556 );
INSERT INTO TE_PAR VALUES ( 'year',0,'',5,848,24330008 );
INSERT INTO TE_PAR VALUES ( 'month',0,'',3,847,24334316 );
INSERT INTO TE_PAR VALUES ( 'day',0,'',0,846,24338624 );
INSERT INTO TE_PAR VALUES ( 'fromDate',0,'',1,843,24670192 );
INSERT INTO TE_PAR VALUES ( 'sessionID',0,'',2,842,24674500 );
INSERT INTO TE_PAR VALUES ( 'message',0,'',0,841,24386020 );
INSERT INTO TE_PAR VALUES ( 'message',0,'',0,834,24386020 );
INSERT INTO TE_PAR VALUES ( 'message',0,'',0,827,24386020 );
INSERT INTO TE_PAR VALUES ( 'message',0,'',0,814,24386020 );
INSERT INTO TE_PAR VALUES ( 'facilityType',0,'',0,797,0 );
INSERT INTO TE_PAR VALUES ( 'message',0,'',0,777,24386020 );
INSERT INTO TE_PAR VALUES ( 'sessionID',0,'',0,775,0 );
INSERT INTO TE_PAR VALUES ( 'message',0,'',0,761,24386020 );
INSERT INTO TE_PAR VALUES ( 'message',0,'',0,754,24386020 );
INSERT INTO TE_PAR VALUES ( 'message',0,'',0,526,24386020 );
INSERT INTO TE_PAR VALUES ( 'name',0,'',1,210,24510976 );
INSERT INTO TE_PAR VALUES ( 'facilityTypeID',0,'',0,209,24515284 );
INSERT INTO TE_PAR VALUES ( 'sessionID',0,'',0,141,24545448 );
INSERT INTO TE_PAR VALUES ( 'message',0,'',0,139,24386020 );
INSERT INTO TE_PAR VALUES ( 'message',0,'',0,89,24549756 );
INSERT INTO TE_PAR VALUES ( 'independent',0,'',3,84,24635932 );
INSERT INTO TE_PAR VALUES ( 'aproximateArea',0,'',0,81,24640240 );
INSERT INTO TE_PAR VALUES ( 'description',0,'',1,78,24644548 );
INSERT INTO TE_PAR VALUES ( 'price',0,'',4,74,24652960 );
INSERT INTO TE_PAR VALUES ( 'id',0,'',2,72,24657268 );
INSERT INTO TE_PAR VALUES ( 'message',0,'',0,61,24549756 );
INSERT INTO TE_PAR VALUES ( 'facilityType',0,'',0,49,24429108 );
INSERT INTO TE_PAR VALUES ( 'toDate',0,'',2,47,24433424 );
INSERT INTO TE_PAR VALUES ( 'fromDate',0,'',1,44,24437732 );
INSERT INTO TE_MACT VALUES ( 7138368,9553568,'UserComponent_Port1_sendFacilityType','','UserComponent_Port1_sendFacilityType','UserComponent','','Port1','StaffInterface','sendFacilityType',1,0,'SPR_RS',0,0,2,0,0,0,790,7650400,9972760,0,0 );
INSERT INTO TE_MACT VALUES ( 7149344,9560384,'UserComponent_Port1_addFacilityType','','UserComponent_Port1_addFacilityType','UserComponent','approximateArea:10-12 m^2, description:ASBRA, name:Single Room, price:1500','Port1','StaffInterface','addFacilityType',0,0,'SPR_RS',0,0,1,0,0,0,787,7650400,9972760,0,9553568 );
INSERT INTO TE_MACT VALUES ( 7160320,9567200,'UserComponent_Port1_addFacility','','UserComponent_Port1_addFacility','UserComponent','facilityID:1215D, facilityType:PARAM.facilityType','Port1','StaffInterface','addFacility',0,0,'SPR_RS',0,0,0,0,0,0,784,7650400,9972760,0,9560384 );
INSERT INTO TE_MACT VALUES ( 7171296,9574016,'UserComponent_UserInterface_session','','UserComponent_UserInterface_session','UserComponent','','UserInterface','BookingProvider','session',1,0,'SPR_RS',0,0,11,0,0,0,767,7650400,9969344,0,0 );
INSERT INTO TE_MACT VALUES ( 7182272,9580832,'UserComponent_UserInterface_requestSession','','UserComponent_UserInterface_requestSession','UserComponent','','UserInterface','BookingProvider','requestSession',0,0,'SPR_RS',0,0,9,0,0,0,764,7650400,9969344,0,25109688 );
INSERT INTO TE_MACT VALUES ( 7193248,9587648,'UserComponent_UserInterface_errorSignal','','UserComponent_UserInterface_errorSignal','UserComponent','','UserInterface','BookingProvider','errorSignal',1,0,'SPR_RS',0,0,5,0,0,0,756,7650400,9969344,0,25102872 );
INSERT INTO TE_MACT VALUES ( 7204224,9594464,'UserComponent_UserInterface_bookingConfirmation','','UserComponent_UserInterface_bookingConfirmation','UserComponent','','UserInterface','BookingProvider','bookingConfirmation',1,0,'SPR_RS',0,0,3,0,0,0,750,7650400,9969344,0,9614912 );
INSERT INTO TE_MACT VALUES ( 7215200,9601280,'UserComponent_UserInterface_paymentInfo','','UserComponent_UserInterface_paymentInfo','UserComponent','','UserInterface','BookingProvider','paymentInfo',0,0,'SPR_RS',0,0,7,0,0,0,747,7650400,9969344,0,25123320 );
INSERT INTO TE_MACT VALUES ( 7226176,9608096,'UserComponent_UserInterface_addGuest','','UserComponent_UserInterface_addGuest','UserComponent','','UserInterface','BookingProvider','addGuest',0,0,'SPR_RS',0,0,0,0,0,0,744,7650400,9969344,0,25096056 );
INSERT INTO TE_MACT VALUES ( 7237152,9614912,'UserComponent_UserInterface_customerDetails','','UserComponent_UserInterface_customerDetails','UserComponent','','UserInterface','BookingProvider','customerDetails',0,0,'SPR_RS',0,0,4,0,0,0,741,7650400,9969344,0,9587648 );
INSERT INTO TE_MACT VALUES ( 28831504,25096056,'UserComponent_UserInterface_addServices','','UserComponent_UserInterface_addServices','UserComponent','','UserInterface','BookingProvider','addServices',0,0,'SPR_RS',0,0,1,0,0,0,738,7650400,9969344,0,25116504 );
INSERT INTO TE_MACT VALUES ( 28842480,25102872,'UserComponent_UserInterface_extraServices','','UserComponent_UserInterface_extraServices','UserComponent','','UserInterface','BookingProvider','extraServices',1,0,'SPR_RS',0,0,6,0,0,0,735,7650400,9969344,0,9601280 );
INSERT INTO TE_MACT VALUES ( 28853456,25109688,'UserComponent_UserInterface_select','','UserComponent_UserInterface_select','UserComponent','','UserInterface','BookingProvider','select',0,0,'SPR_RS',0,0,10,0,0,0,732,7650400,9969344,0,9574016 );
INSERT INTO TE_MACT VALUES ( 28864432,25116504,'UserComponent_UserInterface_available','','UserComponent_UserInterface_available','UserComponent','','UserInterface','BookingProvider','available',1,0,'SPR_RS',0,0,2,0,0,0,729,7650400,9969344,0,9594464 );
INSERT INTO TE_MACT VALUES ( 28875408,25123320,'UserComponent_UserInterface_requestAvailableBookables','','UserComponent_UserInterface_requestAvailableBookables','UserComponent','facilityType:1, TIM::create_date(day:1, hour:4, minute:12, month:1, second:8, year:2010), sessionID:PARAM.sessionID, TIM::create_date(day:1, hour:4, minute:12, month:1, second:8, year:2010)','UserInterface','BookingProvider','requestAvailableBookables',0,0,'SPR_RS',0,0,8,0,0,0,726,7650400,9969344,0,9580832 );
INSERT INTO TE_MACT VALUES ( 28886384,25130136,'HotelComponent_Port1_sendFacilityType','','HotelComponent_Port1_sendFacilityType','HotelComponent','facilityTypeID:ft.id, name:b.name','Port1','StaffInterface','sendFacilityType',1,1,'SPR_PS',0,0,2,0,205,0,0,7655624,9979592,0,0 );
INSERT INTO TE_MACT VALUES ( 28897360,25136952,'HotelComponent_Port1_addFacilityType','','HotelComponent_Port1_addFacilityType','HotelComponent','','Port1','StaffInterface','addFacilityType',0,1,'SPR_PS',0,0,1,0,186,0,0,7655624,9979592,0,25130136 );
INSERT INTO TE_MACT VALUES ( 28908336,25143768,'HotelComponent_Port1_addFacility','','HotelComponent_Port1_addFacility','HotelComponent','','Port1','StaffInterface','addFacility',0,1,'SPR_PS',0,0,0,0,154,0,0,7655624,9979592,0,25136952 );
INSERT INTO TE_MACT VALUES ( 28919312,25150584,'HotelComponent_UserInterface_session','','HotelComponent_UserInterface_session','HotelComponent','sessionID:session.ID','UserInterface','BookingProvider','session',1,1,'SPR_PS',0,0,11,0,138,0,0,7655624,9976176,0,0 );
INSERT INTO TE_MACT VALUES ( 28930288,25157400,'HotelComponent_UserInterface_requestSession','','HotelComponent_UserInterface_requestSession','HotelComponent','','UserInterface','BookingProvider','requestSession',0,1,'SPR_PS',0,0,9,0,124,0,0,7655624,9976176,0,33073520 );
INSERT INTO TE_MACT VALUES ( 33093976,33025808,'HotelComponent_UserInterface_errorSignal','','HotelComponent_UserInterface_errorSignal','HotelComponent','message:No rooms found','UserInterface','BookingProvider','errorSignal',1,1,'SPR_PS',0,0,5,0,60,0,0,7655624,9976176,0,33066704 );
INSERT INTO TE_MACT VALUES ( 33104952,33032624,'HotelComponent_UserInterface_bookingConfirmation','','HotelComponent_UserInterface_bookingConfirmation','HotelComponent','','UserInterface','BookingProvider','bookingConfirmation',1,1,'SPR_PS',0,0,3,0,117,0,0,7655624,9976176,0,33053072 );
INSERT INTO TE_MACT VALUES ( 33115928,33039440,'HotelComponent_UserInterface_paymentInfo','','HotelComponent_UserInterface_paymentInfo','HotelComponent','','UserInterface','BookingProvider','paymentInfo',0,1,'SPR_PS',0,0,7,0,113,0,0,7655624,9976176,0,33087152 );
INSERT INTO TE_MACT VALUES ( 33126904,33046256,'HotelComponent_UserInterface_addGuest','','HotelComponent_UserInterface_addGuest','HotelComponent','','UserInterface','BookingProvider','addGuest',0,1,'SPR_PS',0,0,0,0,109,0,0,7655624,9976176,0,33059888 );
INSERT INTO TE_MACT VALUES ( 33137880,33053072,'HotelComponent_UserInterface_customerDetails','','HotelComponent_UserInterface_customerDetails','HotelComponent','','UserInterface','BookingProvider','customerDetails',0,1,'SPR_PS',0,0,4,0,105,0,0,7655624,9976176,0,33025808 );
INSERT INTO TE_MACT VALUES ( 33148856,33059888,'HotelComponent_UserInterface_addServices','','HotelComponent_UserInterface_addServices','HotelComponent','','UserInterface','BookingProvider','addServices',0,1,'SPR_PS',0,0,1,0,101,0,0,7655624,9976176,0,33080336 );
INSERT INTO TE_MACT VALUES ( 33159832,33066704,'HotelComponent_UserInterface_extraServices','','HotelComponent_UserInterface_extraServices','HotelComponent','','UserInterface','BookingProvider','extraServices',1,1,'SPR_PS',0,0,6,0,97,0,0,7655624,9976176,0,33039440 );
INSERT INTO TE_MACT VALUES ( 33170808,33073520,'HotelComponent_UserInterface_select','','HotelComponent_UserInterface_select','HotelComponent','','UserInterface','BookingProvider','select',0,1,'SPR_PS',0,0,10,0,93,0,0,7655624,9976176,0,25150584 );
INSERT INTO TE_MACT VALUES ( 33181784,33080336,'HotelComponent_UserInterface_available','','HotelComponent_UserInterface_available','HotelComponent','aproximateArea:ft.approximateArea, description:b.description, id:ft.id, independent:FALSE, price:b.price','UserInterface','BookingProvider','available',1,1,'SPR_PS',0,0,2,0,70,0,0,7655624,9976176,0,33032624 );
INSERT INTO TE_MACT VALUES ( 33192760,33087152,'HotelComponent_UserInterface_requestAvailableBookables','','HotelComponent_UserInterface_requestAvailableBookables','HotelComponent','','UserInterface','BookingProvider','requestAvailableBookables',0,1,'SPR_PS',0,0,8,0,7,0,0,7655624,9976176,0,25157400 );
INSERT INTO R_PART VALUES ( 262,261,263,0,0,'' );
INSERT INTO R_PART VALUES ( 135,137,265,0,0,'' );
INSERT INTO R_PART VALUES ( 69,267,268,1,0,'' );
INSERT INTO R_PART VALUES ( 272,271,273,0,0,'' );
INSERT INTO R_PART VALUES ( 262,275,276,1,1,'is_member_of' );
INSERT INTO R_PART VALUES ( 285,283,286,0,0,'' );
INSERT INTO R_PART VALUES ( 281,287,290,0,0,'' );
INSERT INTO R_PART VALUES ( 198,299,302,0,0,'' );
INSERT INTO R_PART VALUES ( 198,303,304,0,0,'' );
INSERT INTO R_PART VALUES ( 161,306,307,1,0,'' );
INSERT INTO R_PART VALUES ( 135,310,311,1,0,'' );
INSERT INTO R_PART VALUES ( 161,313,314,1,1,'' );
INSERT INTO R_PART VALUES ( 198,316,317,0,0,'remembers_all' );
INSERT INTO R_PART VALUES ( 69,319,320,1,0,'' );
INSERT INTO R_PART VALUES ( 323,322,324,1,0,'is_assigned' );
INSERT INTO R_PART VALUES ( 198,327,328,0,0,'employ' );
INSERT INTO R_PART VALUES ( 198,230,330,0,0,'provides' );
INSERT INTO R_PART VALUES ( 334,332,335,0,0,'contains' );
INSERT INTO R_PART VALUES ( 300,336,338,0,0,'contains' );
INSERT INTO R_PART VALUES ( 41,339,341,0,0,'can_be_complemented_with' );
INSERT INTO R_PART VALUES ( 41,342,344,0,0,'includes' );
INSERT INTO R_PART VALUES ( 300,345,346,0,0,'has' );
INSERT INTO R_PART VALUES ( 161,180,353,0,0,'' );
INSERT INTO TE_IIR VALUES ( 9207520,'UserComponent','UserInterface','BookingProvider',0,'','',0,725,9969344,0 );
INSERT INTO TE_IIR VALUES ( 9211776,'','UserInterface','BookingProvider',0,'','',1023,0,9969344,0 );
INSERT INTO TE_IIR VALUES ( 9216032,'UserComponent','Port1','StaffInterface',0,'','',0,783,9972760,0 );
INSERT INTO TE_IIR VALUES ( 9220288,'','Port1','StaffInterface',0,'','',1024,0,9972760,0 );
INSERT INTO TE_IIR VALUES ( 9224544,'HotelComponent','UserInterface','BookingProvider',0,'','',0,5,9976176,9207520 );
INSERT INTO TE_IIR VALUES ( 9228800,'','UserInterface','BookingProvider',0,'','',1018,0,9976176,9211776 );
INSERT INTO TE_IIR VALUES ( 9233056,'HotelComponent','Port1','StaffInterface',0,'','',0,152,9979592,9216032 );
INSERT INTO TE_IIR VALUES ( 9237312,'','Port1','StaffInterface',0,'','',1020,0,9979592,9220288 );
INSERT INTO TE_DCI VALUES ( 7650400,'UserComponent_CLASS_NUMBERS','UserComponent_CLASS_U','UserComponent_task_numbers','UserComponent_TASK_NUMBERS','UserComponent_MAX_CLASS_NUMBERS','UserComponent_STATE_MODELS','UserComponent_CLASS_INFO_INIT','UserComponent_class_info' );
INSERT INTO TE_DCI VALUES ( 7655624,'HotelComponent_CLASS_NUMBERS','HotelComponent_CLASS_U','HotelComponent_task_numbers','HotelComponent_TASK_NUMBERS','HotelComponent_MAX_CLASS_NUMBERS','HotelComponent_STATE_MODELS','HotelComponent_CLASS_INFO_INIT','HotelComponent_class_info' );
INSERT INTO TE_CIA VALUES ( 'domain_class_info','Escher_Extent_t','active_count','domain_class_count','Escher_ClassNumber_t' );
INSERT INTO R_FORM VALUES ( 41,180,352,1,0,'is_instance_of' );
INSERT INTO R_FORM VALUES ( 300,345,347,1,1,'in group' );
INSERT INTO R_FORM VALUES ( 259,342,343,1,0,'' );
INSERT INTO R_FORM VALUES ( 259,339,340,1,0,'' );
INSERT INTO R_FORM VALUES ( 161,336,337,1,1,'' );
INSERT INTO R_FORM VALUES ( 69,332,333,1,0,'members' );
INSERT INTO R_FORM VALUES ( 69,230,331,1,0,'' );
INSERT INTO R_FORM VALUES ( 323,327,329,1,0,'works_at' );
INSERT INTO R_FORM VALUES ( 325,322,326,1,0,'privileges' );
INSERT INTO R_FORM VALUES ( 135,319,321,1,0,'' );
INSERT INTO R_FORM VALUES ( 135,316,318,1,1,'' );
INSERT INTO R_FORM VALUES ( 135,313,315,1,1,'is_booked_in' );
INSERT INTO R_FORM VALUES ( 308,310,312,1,0,'use' );
INSERT INTO R_FORM VALUES ( 308,306,309,1,0,'stays_in' );
INSERT INTO R_FORM VALUES ( 15,303,305,1,0,'' );
INSERT INTO R_FORM VALUES ( 300,299,301,1,0,'' );
INSERT INTO R_FORM VALUES ( 288,287,289,1,0,'' );
INSERT INTO R_FORM VALUES ( 281,283,284,1,1,'' );
INSERT INTO R_FORM VALUES ( 272,275,277,1,1,'' );
INSERT INTO R_FORM VALUES ( 269,271,274,1,1,'' );
INSERT INTO R_FORM VALUES ( 269,267,270,1,0,'affects_price_of' );
INSERT INTO R_FORM VALUES ( 15,137,266,0,0,'' );
INSERT INTO R_FORM VALUES ( 15,261,264,0,0,'' );
INSERT INTO R_ASSOC VALUES ( 278 );
INSERT INTO R_AONE VALUES ( 262,278,280,0,0,'makes_a' );
INSERT INTO TE_BLK VALUES ( 974,0,'','',1,'  ',0 );
INSERT INTO TE_BLK VALUES ( 969,0,'','',1,'  ',0 );
INSERT INTO TE_BLK VALUES ( 964,0,'','',1,'  ',0 );
INSERT INTO TE_BLK VALUES ( 959,0,'','',1,'  ',0 );
INSERT INTO TE_BLK VALUES ( 956,0,'','',1,'  ',0 );
INSERT INTO TE_BLK VALUES ( 952,0,'','',1,'  ',0 );
INSERT INTO TE_BLK VALUES ( 921,0,'','',1,'  ',0 );
INSERT INTO TE_BLK VALUES ( 917,0,'','',1,'  ',0 );
INSERT INTO TE_BLK VALUES ( 913,0,'','',1,'  ',0 );
INSERT INTO TE_BLK VALUES ( 898,899,'','',1,'  ',0 );
INSERT INTO TE_BLK VALUES ( 884,885,'','',1,'  ',0 );
INSERT INTO TE_BLK VALUES ( 870,871,'','',1,'  ',0 );
INSERT INTO TE_BLK VALUES ( 866,0,'','',1,'  ',0 );
INSERT INTO TE_BLK VALUES ( 862,0,'','',1,'  ',0 );
INSERT INTO TE_BLK VALUES ( 838,839,'','',1,'  ',0 );
INSERT INTO TE_BLK VALUES ( 831,832,'','',1,'  ',0 );
INSERT INTO TE_BLK VALUES ( 825,826,'','',1,'  ',0 );
INSERT INTO TE_BLK VALUES ( 806,807,'UserComponent_SETUP * setup;UserComponent_SIMPLETEST * st;','',1,'  ',0 );
INSERT INTO TE_BLK VALUES ( 792,793,'UserComponent_SETUP * setup=0;','',1,'  ',0 );
INSERT INTO TE_BLK VALUES ( 789,0,'','',1,'  ',0 );
INSERT INTO TE_BLK VALUES ( 786,0,'','',1,'  ',0 );
INSERT INTO TE_BLK VALUES ( 769,770,'UserComponent_SIMPLETEST * st=0;','',1,'  ',0 );
INSERT INTO TE_BLK VALUES ( 766,0,'','',1,'  ',0 );
INSERT INTO TE_BLK VALUES ( 758,759,'','',1,'  ',0 );
INSERT INTO TE_BLK VALUES ( 752,753,'','',1,'  ',0 );
INSERT INTO TE_BLK VALUES ( 749,0,'','',1,'  ',0 );
INSERT INTO TE_BLK VALUES ( 746,0,'','',1,'  ',0 );
INSERT INTO TE_BLK VALUES ( 743,0,'','',1,'  ',0 );
INSERT INTO TE_BLK VALUES ( 740,0,'','',1,'  ',0 );
INSERT INTO TE_BLK VALUES ( 737,0,'','',1,'  ',0 );
INSERT INTO TE_BLK VALUES ( 734,0,'','',1,'  ',0 );
INSERT INTO TE_BLK VALUES ( 731,0,'','',1,'  ',0 );
INSERT INTO TE_BLK VALUES ( 728,0,'','',1,'  ',0 );
INSERT INTO TE_BLK VALUES ( 702,0,'','',1,'  ',0 );
INSERT INTO TE_BLK VALUES ( 699,0,'','',1,'  ',0 );
INSERT INTO TE_BLK VALUES ( 695,0,'','',1,'  ',0 );
INSERT INTO TE_BLK VALUES ( 691,0,'','',1,'  ',0 );
INSERT INTO TE_BLK VALUES ( 687,0,'','',1,'  ',0 );
INSERT INTO TE_BLK VALUES ( 683,0,'','',1,'  ',0 );
INSERT INTO TE_BLK VALUES ( 672,0,'','',1,'  ',0 );
INSERT INTO TE_BLK VALUES ( 666,0,'','',1,'  ',0 );
INSERT INTO TE_BLK VALUES ( 640,0,'','',1,'  ',0 );
INSERT INTO TE_BLK VALUES ( 634,0,'','',1,'  ',0 );
INSERT INTO TE_BLK VALUES ( 630,0,'','',1,'  ',0 );
INSERT INTO TE_BLK VALUES ( 626,0,'','',1,'  ',0 );
INSERT INTO TE_BLK VALUES ( 622,0,'','',1,'  ',0 );
INSERT INTO TE_BLK VALUES ( 618,0,'','',1,'  ',0 );
INSERT INTO TE_BLK VALUES ( 614,0,'','',1,'  ',0 );
INSERT INTO TE_BLK VALUES ( 610,0,'','',1,'  ',0 );
INSERT INTO TE_BLK VALUES ( 606,0,'','',1,'  ',0 );
INSERT INTO TE_BLK VALUES ( 602,0,'','',1,'  ',0 );
INSERT INTO TE_BLK VALUES ( 598,0,'','',1,'  ',0 );
INSERT INTO TE_BLK VALUES ( 594,0,'','',1,'  ',0 );
INSERT INTO TE_BLK VALUES ( 590,0,'','',1,'  ',0 );
INSERT INTO TE_BLK VALUES ( 586,0,'','',1,'  ',0 );
INSERT INTO TE_BLK VALUES ( 582,0,'','',1,'  ',0 );
INSERT INTO TE_BLK VALUES ( 578,0,'','',1,'  ',0 );
INSERT INTO TE_BLK VALUES ( 574,0,'','',1,'  ',0 );
INSERT INTO TE_BLK VALUES ( 570,0,'','',1,'  ',0 );
INSERT INTO TE_BLK VALUES ( 566,0,'','',1,'  ',0 );
INSERT INTO TE_BLK VALUES ( 562,0,'','',1,'  ',0 );
INSERT INTO TE_BLK VALUES ( 558,0,'','',1,'  ',0 );
INSERT INTO TE_BLK VALUES ( 554,0,'','',1,'  ',0 );
INSERT INTO TE_BLK VALUES ( 550,0,'','',1,'  ',0 );
INSERT INTO TE_BLK VALUES ( 546,0,'','',1,'  ',0 );
INSERT INTO TE_BLK VALUES ( 542,0,'','',1,'  ',0 );
INSERT INTO TE_BLK VALUES ( 538,0,'','',1,'  ',0 );
INSERT INTO TE_BLK VALUES ( 534,0,'','',1,'  ',0 );
INSERT INTO TE_BLK VALUES ( 530,0,'','',1,'  ',0 );
INSERT INTO TE_BLK VALUES ( 524,525,'','',1,'  ',0 );
INSERT INTO TE_BLK VALUES ( 502,503,'Escher_ObjectSet_s b_space={0}; Escher_ObjectSet_s * b = &b_space;','Escher_ClearSet( b );',1,'  ',0 );
INSERT INTO TE_BLK VALUES ( 497,0,'','',1,'  ',0 );
INSERT INTO TE_BLK VALUES ( 494,0,'','',1,'  ',0 );
INSERT INTO TE_BLK VALUES ( 490,0,'','',1,'  ',0 );
INSERT INTO TE_BLK VALUES ( 486,0,'','',1,'  ',0 );
INSERT INTO TE_BLK VALUES ( 481,0,'','',1,'  ',0 );
INSERT INTO TE_BLK VALUES ( 471,0,'','',1,'  ',0 );
INSERT INTO TE_BLK VALUES ( 468,0,'','',1,'  ',0 );
INSERT INTO TE_BLK VALUES ( 464,0,'','',1,'  ',0 );
INSERT INTO TE_BLK VALUES ( 460,0,'','',1,'  ',0 );
INSERT INTO TE_BLK VALUES ( 457,0,'','',1,'  ',0 );
INSERT INTO TE_BLK VALUES ( 441,442,'i_t i;','',1,'  ',0 );
INSERT INTO TE_BLK VALUES ( 438,0,'','',1,'  ',0 );
INSERT INTO TE_BLK VALUES ( 425,0,'','',1,'  ',0 );
INSERT INTO TE_BLK VALUES ( 423,0,'','',1,'  ',0 );
INSERT INTO TE_BLK VALUES ( 357,358,'HotelComponent_FACILITY * f3;HotelComponent_FACILITY * f2;HotelComponent_FACILITY * f1;HotelComponent_BOOKABLE * b;HotelComponent_FACILITYTYPE * ft;','',1,'  ',0 );
INSERT INTO TE_BLK VALUES ( 253,0,'','',1,'  ',0 );
INSERT INTO TE_BLK VALUES ( 203,228,'','',2,'    ',0 );
INSERT INTO TE_BLK VALUES ( 200,227,'','',2,'    ',0 );
INSERT INTO TE_BLK VALUES ( 189,190,'HotelComponent_BOOKABLE * b;HotelComponent_FACILITYTYPE * ft;HotelComponent_HOTEL * h=0;','',1,'  ',0 );
INSERT INTO TE_BLK VALUES ( 165,178,'','',2,'    ',0 );
INSERT INTO TE_BLK VALUES ( 157,158,'HotelComponent_FACILITY * f;HotelComponent_FACILITYTYPE * ft=0;','',1,'  ',0 );
INSERT INTO TE_BLK VALUES ( 150,0,'','',1,'  ',0 );
INSERT INTO TE_BLK VALUES ( 127,128,'HotelComponent_BOOKING * booking;HotelComponent_BOOKINGSESSION * session;','',1,'  ',0 );
INSERT INTO TE_BLK VALUES ( 123,0,'','',1,'  ',0 );
INSERT INTO TE_BLK VALUES ( 120,0,'','',1,'  ',0 );
INSERT INTO TE_BLK VALUES ( 116,0,'','',1,'  ',0 );
INSERT INTO TE_BLK VALUES ( 112,0,'','',1,'  ',0 );
INSERT INTO TE_BLK VALUES ( 108,0,'','',1,'  ',0 );
INSERT INTO TE_BLK VALUES ( 104,0,'','',1,'  ',0 );
INSERT INTO TE_BLK VALUES ( 100,0,'','',1,'  ',0 );
INSERT INTO TE_BLK VALUES ( 96,0,'','',1,'  ',0 );
INSERT INTO TE_BLK VALUES ( 92,0,'','',1,'  ',0 );
INSERT INTO TE_BLK VALUES ( 19,88,'','',2,'    ',0 );
INSERT INTO TE_BLK VALUES ( 38,63,'HotelComponent_BOOKABLE * b=0;','',2,'    ',0 );
INSERT INTO TE_BLK VALUES ( 36,59,'','',2,'    ',0 );
INSERT INTO TE_BLK VALUES ( 16,31,'HotelComponent_FACILITYTYPE * ft=0;Escher_ObjectSet_s result_space={0}; Escher_ObjectSet_s * result = &result_space;','Escher_ClearSet( result );',2,'    ',0 );
INSERT INTO TE_BLK VALUES ( 10,11,'HotelComponent_BOOKINGSESSION * session=0;','',1,'  ',0 );
INSERT INTO TE_LNK VALUES ( 9485824,0,'',2,'->BOOKABLE[R2]','',0,67,'BOOKABLE_R2','iBOOKABLE_R2','ft','HotelComponent_BOOKABLE',1,1,'subsuper' );
INSERT INTO TE_ASSIGN VALUES ( 1,0,'','Escher_ObjectSet_s * result',21,'result','HotelComponent_BOOKINGSESSION_op_search(session, p_facilityType, p_fromDate, p_toDate)',7256960,0 );
INSERT INTO TE_BRIDGE VALUES ( '','',7633408 );
INSERT INTO TE_CREATE_EVENT VALUES ( 0,0,'','','','','','',8041184 );
INSERT INTO TE_CREATE_INSTANCE VALUES ( 0,0,'','',8091840 );
INSERT INTO R_AOTH VALUES ( 135,278,279,0,0,'' );
INSERT INTO TE_DELETE_INSTANCE VALUES ( 0,'',0,8185024 );
INSERT INTO TE_ELIF VALUES ( '',8347296 );
INSERT INTO TE_EVENT_PARAMETERS VALUES ( '','','','',8549600 );
INSERT INTO TE_FOR VALUES ( 1,'HotelComponent_FACILITYTYPE','ft','result',9046304 );
INSERT INTO TE_FUNCTION VALUES ( '','',9071744 );
INSERT INTO TE_GENERATE VALUES ( 0,0,'','','','',9088736 );
INSERT INTO TE_GENERATE_CREATOR_EVENT VALUES ( 0,0,'','','','',9122592 );
INSERT INTO TE_GENERATE_PRECREATED_EVENT VALUES ( 0,'',9156448 );
INSERT INTO TE_GENERATE_TO_CLASS VALUES ( 0,0,'','','','',9165088 );
INSERT INTO R_ASSR VALUES ( 281,278,282,0 );
INSERT INTO TE_IF VALUES ( '',9198944 );
INSERT INTO TE_IOP VALUES ( '','',9468832 );
INSERT INTO TE_OPERATION VALUES ( 0,'','','',9681568 );
INSERT INTO TE_RELATE VALUES ( 0,0,0,0,0,'','','',10113664 );
INSERT INTO TE_RELATE_USING VALUES ( 0,0,0,0,0,0,'','','','','','',10139264 );
INSERT INTO TE_RETURN VALUES ( '','','',10241088 );
INSERT INTO TE_SELECT VALUES ( 0,1,'HotelComponent_HOTEL','Hotel','','any','h',10266464 );
INSERT INTO TE_SELECT_RELATED VALUES ( 63,9485824,66,0,39,0,0,'','','one',1,'b','b',0,'ft','ft','HotelComponent_FACILITYTYPE' );
INSERT INTO TE_SELECT_WHERE VALUES ( 0,1,'HotelComponent_BOOKINGSESSION','BookingSession','','any','session','selected','( selected->ID == p_sessionID )',0,0,10376608 );
INSERT INTO TE_SGN VALUES ( 0,0,'','','','',10620704 );
INSERT INTO R_SUBSUP VALUES ( 291 );
INSERT INTO R_SUBSUP VALUES ( 68 );
INSERT INTO TE_UNRELATE VALUES ( 0,0,0,0,0,'','','',11457056 );
INSERT INTO R_SUPER VALUES ( 285,291,292 );
INSERT INTO R_SUPER VALUES ( 69,68,348 );
INSERT INTO TE_UNRELATE_USING VALUES ( 0,0,0,0,0,0,'','','','','','',11482656 );
INSERT INTO R_SUB VALUES ( 293,291,294 );
INSERT INTO R_SUB VALUES ( 295,291,296 );
INSERT INTO R_SUB VALUES ( 297,291,298 );
INSERT INTO R_SUB VALUES ( 334,68,349 );
INSERT INTO R_SUB VALUES ( 259,68,350 );
INSERT INTO R_SUB VALUES ( 41,68,351 );
INSERT INTO TE_WHILE VALUES ( '',11593344 );
INSERT INTO CSME_CIE VALUES ( 416,417,269,254,'Benefit' );
INSERT INTO CSME_CIE VALUES ( 418,419,269,254,'Benefit' );
INSERT INTO CSME_CIE VALUES ( 429,417,281,254,'Billing' );
INSERT INTO CSME_CIE VALUES ( 430,419,281,254,'Billing' );
INSERT INTO CSME_CIE VALUES ( 433,417,288,254,'BillingItem' );
INSERT INTO CSME_CIE VALUES ( 434,419,288,254,'BillingItem' );
INSERT INTO CSME_CIE VALUES ( 450,417,69,254,'Bookable' );
INSERT INTO CSME_CIE VALUES ( 451,419,69,254,'Bookable' );
INSERT INTO CSME_CIE VALUES ( 473,417,135,254,'Booking' );
INSERT INTO CSME_CIE VALUES ( 474,419,135,254,'Booking' );
INSERT INTO CSME_CIE VALUES ( 641,417,15,254,'BookingSession' );
INSERT INTO CSME_CIE VALUES ( 642,419,15,254,'BookingSession' );
INSERT INTO CSME_CIE VALUES ( 643,417,293,254,'Cash' );
INSERT INTO CSME_CIE VALUES ( 644,419,293,254,'Cash' );
INSERT INTO CSME_CIE VALUES ( 646,417,272,254,'Club' );
INSERT INTO CSME_CIE VALUES ( 647,419,272,254,'Club' );
INSERT INTO CSME_CIE VALUES ( 651,417,295,254,'CreditCard' );
INSERT INTO CSME_CIE VALUES ( 652,419,295,254,'CreditCard' );
INSERT INTO CSME_CIE VALUES ( 655,417,262,254,'Customer' );
INSERT INTO CSME_CIE VALUES ( 656,419,262,254,'Customer' );
INSERT INTO CSME_CIE VALUES ( 659,417,161,254,'Facility' );
INSERT INTO CSME_CIE VALUES ( 660,419,161,254,'Facility' );
INSERT INTO CSME_CIE VALUES ( 662,417,300,254,'FacilityGroup' );
INSERT INTO CSME_CIE VALUES ( 663,419,300,254,'FacilityGroup' );
INSERT INTO CSME_CIE VALUES ( 667,417,41,254,'FacilityType' );
INSERT INTO CSME_CIE VALUES ( 668,419,41,254,'FacilityType' );
INSERT INTO CSME_CIE VALUES ( 677,417,308,254,'Guest' );
INSERT INTO CSME_CIE VALUES ( 678,419,308,254,'Guest' );
INSERT INTO CSME_CIE VALUES ( 705,417,198,254,'Hotel' );
INSERT INTO CSME_CIE VALUES ( 706,419,198,254,'Hotel' );
INSERT INTO CSME_CIE VALUES ( 708,417,297,254,'Invoice' );
INSERT INTO CSME_CIE VALUES ( 709,419,297,254,'Invoice' );
INSERT INTO CSME_CIE VALUES ( 710,417,334,254,'Package' );
INSERT INTO CSME_CIE VALUES ( 711,419,334,254,'Package' );
INSERT INTO CSME_CIE VALUES ( 712,417,285,254,'PaymentMethod' );
INSERT INTO CSME_CIE VALUES ( 713,419,285,254,'PaymentMethod' );
INSERT INTO CSME_CIE VALUES ( 714,417,325,254,'Privilege' );
INSERT INTO CSME_CIE VALUES ( 715,419,325,254,'Privilege' );
INSERT INTO CSME_CIE VALUES ( 718,417,259,254,'Service' );
INSERT INTO CSME_CIE VALUES ( 719,419,259,254,'Service' );
INSERT INTO CSME_CIE VALUES ( 721,417,323,254,'Staff' );
INSERT INTO CSME_CIE VALUES ( 722,419,323,254,'Staff' );
INSERT INTO S_IRDT VALUES ( 255,1,161 );
INSERT INTO S_IRDT VALUES ( 172,0,161 );
INSERT INTO S_IRDT VALUES ( 256,1,135 );
INSERT INTO S_IRDT VALUES ( 145,0,135 );
INSERT INTO S_IRDT VALUES ( 257,1,69 );
INSERT INTO S_IRDT VALUES ( 76,0,69 );
INSERT INTO S_IRDT VALUES ( 42,1,41 );
INSERT INTO S_IRDT VALUES ( 55,0,41 );
INSERT INTO S_IRDT VALUES ( 258,1,259 );
INSERT INTO S_IRDT VALUES ( 260,0,259 );
INSERT INTO S_IRDT VALUES ( 779,0,774 );
INSERT INTO S_IRDT VALUES ( 803,1,774 );
INSERT INTO S_EE VALUES ( 948,'Logging','','LOG',0,'','Logging' );
INSERT INTO S_EE VALUES ( 977,'Time','The Time external entity provides date, timestamp, and timer related operations.','TIM',0,'','Time' );
INSERT INTO C_C VALUES ( 3,0,0,'HotelComponent','',0,0,0,'' );
INSERT INTO C_C VALUES ( 723,0,0,'UserComponent','',0,0,0,'' );
INSERT INTO C_I VALUES ( 6,0,'BookingProvider','' );
INSERT INTO C_I VALUES ( 153,0,'StaffInterface','' );
INSERT INTO C_P VALUES ( 5,'BookingProvider','Unnamed Interface','','HotelComponent::UserInterface::BookingProvider' );
INSERT INTO C_P VALUES ( 152,'StaffInterface','Unnamed Interface','','HotelComponent::Port1::StaffInterface' );
INSERT INTO C_R VALUES ( 725,'BookingProvider','','Unnamed Interface','UserComponent::UserInterface::BookingProvider' );
INSERT INTO C_R VALUES ( 783,'StaffInterface','','Unnamed Interface','UserComponent::Port1::StaffInterface' );
INSERT INTO C_EP VALUES ( 8,6,-1,'requestAvailableBookables','' );
INSERT INTO C_EP VALUES ( 90,6,-1,'available','' );
INSERT INTO C_EP VALUES ( 94,6,-1,'select','' );
INSERT INTO C_EP VALUES ( 98,6,-1,'extraServices','' );
INSERT INTO C_EP VALUES ( 102,6,-1,'addServices','' );
INSERT INTO C_EP VALUES ( 106,6,-1,'customerDetails','' );
INSERT INTO C_EP VALUES ( 110,6,-1,'addGuest','' );
INSERT INTO C_EP VALUES ( 114,6,-1,'paymentInfo','' );
INSERT INTO C_EP VALUES ( 118,6,-1,'bookingConfirmation','' );
INSERT INTO C_EP VALUES ( 121,6,-1,'errorSignal','' );
INSERT INTO C_EP VALUES ( 125,6,-1,'requestSession','' );
INSERT INTO C_EP VALUES ( 148,6,-1,'session','' );
INSERT INTO C_EP VALUES ( 155,153,-1,'addFacility','' );
INSERT INTO C_EP VALUES ( 187,153,-1,'addFacilityType','' );
INSERT INTO C_EP VALUES ( 251,153,-1,'sendFacilityType','' );
INSERT INTO C_AS VALUES ( 8,'requestAvailableBookables','',0,0 );
INSERT INTO C_AS VALUES ( 90,'available','',1,8 );
INSERT INTO C_AS VALUES ( 94,'select','',0,90 );
INSERT INTO C_AS VALUES ( 98,'extraServices','',1,94 );
INSERT INTO C_AS VALUES ( 102,'addServices','',0,98 );
INSERT INTO C_AS VALUES ( 106,'customerDetails','',0,102 );
INSERT INTO C_AS VALUES ( 110,'addGuest','',0,106 );
INSERT INTO C_AS VALUES ( 114,'paymentInfo','',0,110 );
INSERT INTO C_AS VALUES ( 118,'bookingConfirmation','',1,114 );
INSERT INTO C_AS VALUES ( 121,'errorSignal','',1,118 );
INSERT INTO C_AS VALUES ( 125,'requestSession','',0,121 );
INSERT INTO C_AS VALUES ( 148,'session','',1,125 );
INSERT INTO C_AS VALUES ( 155,'addFacility','',0,0 );
INSERT INTO C_AS VALUES ( 187,'addFacilityType','',0,155 );
INSERT INTO C_AS VALUES ( 251,'sendFacilityType','',1,187 );
INSERT INTO C_SF VALUES ( 1019,725,5,'','HotelComponent::UserInterface::BookingProvider -o)- UserComponent::UserInterface::BookingProvider' );
INSERT INTO C_SF VALUES ( 1021,783,152,'','HotelComponent::Port1::StaffInterface -o)- UserComponent::Port1::StaffInterface' );
INSERT INTO C_PP VALUES ( 27,8,23,'sessionID','',0,'',46 );
INSERT INTO C_PP VALUES ( 46,8,45,'fromDate','',0,'',51 );
INSERT INTO C_PP VALUES ( 48,8,45,'toDate','',0,'',27 );
INSERT INTO C_PP VALUES ( 51,8,50,'facilityType','',0,'',0 );
INSERT INTO C_PP VALUES ( 923,90,23,'id','',0,'',925 );
INSERT INTO C_PP VALUES ( 924,90,243,'price','',0,'',927 );
INSERT INTO C_PP VALUES ( 925,90,62,'description','',0,'',926 );
INSERT INTO C_PP VALUES ( 926,90,62,'aproximateArea','',0,'',0 );
INSERT INTO C_PP VALUES ( 927,90,25,'independent','',0,'',923 );
INSERT INTO C_PP VALUES ( 928,94,23,'id','',0,'',0 );
INSERT INTO C_PP VALUES ( 929,94,23,'sessionID','',0,'',928 );
INSERT INTO C_PP VALUES ( 930,98,23,'id','',0,'',932 );
INSERT INTO C_PP VALUES ( 931,98,243,'price','',0,'',934 );
INSERT INTO C_PP VALUES ( 932,98,62,'description','',0,'',933 );
INSERT INTO C_PP VALUES ( 933,98,62,'aproximateArea','',0,'',0 );
INSERT INTO C_PP VALUES ( 934,98,25,'independent','',0,'',930 );
INSERT INTO C_PP VALUES ( 935,102,23,'sessionID','',0,'',936 );
INSERT INTO C_PP VALUES ( 936,102,23,'desiredID','',0,'',0 );
INSERT INTO C_PP VALUES ( 937,106,23,'sessionID','',0,'',939 );
INSERT INTO C_PP VALUES ( 938,106,62,'name','',0,'',0 );
INSERT INTO C_PP VALUES ( 939,106,62,'phoneNumber','',0,'',938 );
INSERT INTO C_PP VALUES ( 940,110,23,'sessionID','',0,'',942 );
INSERT INTO C_PP VALUES ( 941,110,23,'facility','',0,'',0 );
INSERT INTO C_PP VALUES ( 942,110,62,'guestName','',0,'',943 );
INSERT INTO C_PP VALUES ( 943,110,50,'guestAge','',0,'',941 );
INSERT INTO C_PP VALUES ( 944,114,23,'sessionID','',0,'',945 );
INSERT INTO C_PP VALUES ( 945,114,62,'info','',0,'',0 );
INSERT INTO C_PP VALUES ( 755,118,62,'message','',0,'',0 );
INSERT INTO C_PP VALUES ( 763,121,62,'message','',0,'',0 );
INSERT INTO C_PP VALUES ( 778,148,23,'sessionID','',0,'',0 );
INSERT INTO C_PP VALUES ( 185,155,62,'facilityID','',0,'',0 );
INSERT INTO C_PP VALUES ( 170,155,23,'facilityType','',0,'',185 );
INSERT INTO C_PP VALUES ( 248,187,62,'approximateArea','',0,'',0 );
INSERT INTO C_PP VALUES ( 250,187,62,'name','',0,'',246 );
INSERT INTO C_PP VALUES ( 244,187,243,'price','',0,'',250 );
INSERT INTO C_PP VALUES ( 246,187,62,'description','',0,'',248 );
INSERT INTO C_PP VALUES ( 799,251,23,'facilityTypeID','',0,'',0 );
INSERT INTO C_PP VALUES ( 946,251,62,'name','',0,'',799 );
INSERT INTO C_IR VALUES ( 5,6,0,4 );
INSERT INTO C_IR VALUES ( 152,153,0,151 );
INSERT INTO C_IR VALUES ( 725,6,0,724 );
INSERT INTO C_IR VALUES ( 783,153,0,782 );
INSERT INTO C_PO VALUES ( 4,3,'UserInterface',0,0 );
INSERT INTO C_PO VALUES ( 151,3,'Port1',0,0 );
INSERT INTO C_PO VALUES ( 724,723,'UserInterface',0,0 );
INSERT INTO C_PO VALUES ( 782,723,'Port1',0,0 );
INSERT INTO SPR_REP VALUES ( 726,8,725 );
INSERT INTO SPR_REP VALUES ( 729,90,725 );
INSERT INTO SPR_REP VALUES ( 732,94,725 );
INSERT INTO SPR_REP VALUES ( 735,98,725 );
INSERT INTO SPR_REP VALUES ( 738,102,725 );
INSERT INTO SPR_REP VALUES ( 741,106,725 );
INSERT INTO SPR_REP VALUES ( 744,110,725 );
INSERT INTO SPR_REP VALUES ( 747,114,725 );
INSERT INTO SPR_REP VALUES ( 750,118,725 );
INSERT INTO SPR_REP VALUES ( 756,121,725 );
INSERT INTO SPR_REP VALUES ( 764,125,725 );
INSERT INTO SPR_REP VALUES ( 767,148,725 );
INSERT INTO SPR_REP VALUES ( 784,155,783 );
INSERT INTO SPR_REP VALUES ( 787,187,783 );
INSERT INTO SPR_REP VALUES ( 790,251,783 );
INSERT INTO SPR_PEP VALUES ( 7,8,5 );
INSERT INTO SPR_PEP VALUES ( 70,90,5 );
INSERT INTO SPR_PEP VALUES ( 93,94,5 );
INSERT INTO SPR_PEP VALUES ( 97,98,5 );
INSERT INTO SPR_PEP VALUES ( 101,102,5 );
INSERT INTO SPR_PEP VALUES ( 105,106,5 );
INSERT INTO SPR_PEP VALUES ( 109,110,5 );
INSERT INTO SPR_PEP VALUES ( 113,114,5 );
INSERT INTO SPR_PEP VALUES ( 117,118,5 );
INSERT INTO SPR_PEP VALUES ( 60,121,5 );
INSERT INTO SPR_PEP VALUES ( 124,125,5 );
INSERT INTO SPR_PEP VALUES ( 138,148,5 );
INSERT INTO SPR_PEP VALUES ( 154,155,152 );
INSERT INTO SPR_PEP VALUES ( 186,187,152 );
INSERT INTO SPR_PEP VALUES ( 205,251,152 );
INSERT INTO SPR_RS VALUES ( 726,'requestAvailableBookables','','',1 );
INSERT INTO SPR_RS VALUES ( 729,'available','','',1 );
INSERT INTO SPR_RS VALUES ( 732,'select','','',1 );
INSERT INTO SPR_RS VALUES ( 735,'extraServices','','',1 );
INSERT INTO SPR_RS VALUES ( 738,'addServices','','',1 );
INSERT INTO SPR_RS VALUES ( 741,'customerDetails','','',1 );
INSERT INTO SPR_RS VALUES ( 744,'addGuest','','',1 );
INSERT INTO SPR_RS VALUES ( 747,'paymentInfo','','',1 );
INSERT INTO SPR_RS VALUES ( 750,'bookingConfirmation','','LOG::LogInfo(message: param.message);',1 );
INSERT INTO SPR_RS VALUES ( 756,'errorSignal','','LOG::LogInfo(message: "ERROR: " + param.message);',1 );
INSERT INTO SPR_RS VALUES ( 764,'requestSession','','',1 );
INSERT INTO SPR_RS VALUES ( 767,'session','','LOG::LogInfo(message: "Got session ID");
select any st from instances of SIMPLETEST;

generate SIMPLETEST2:sessionEvent(sessionID: param.sessionID) to st;
',1 );
INSERT INTO SPR_RS VALUES ( 784,'addFacility','','',1 );
INSERT INTO SPR_RS VALUES ( 787,'addFacilityType','','',1 );
INSERT INTO SPR_RS VALUES ( 790,'sendFacilityType','','select any setup from instances of SETUP;

generate SETUP1:facilityTypeAdded(facilityType: param.facilityTypeID) to setup;',1 );
INSERT INTO SPR_PS VALUES ( 7,'requestAvailableBookables','','select any session from instances of BOOKINGSESSION where (selected.ID == param.sessionID);

if (not_empty session)
	result = session.search(fromDate: param.fromDate, 
							toDate: param.toDate,
							facilityType: param.facilityType);
	if(empty result)
		send BookingProvider::errorSignal(message: "No rooms found");
	end if;
							
	for each ft in result		
		select one b related by ft->BOOKABLE[R2];
		send BookingProvider::available(id: ft.id , 
										price: b.price , 
										description: b.description,
										aproximateArea: ft.approximateArea,
										independent: false);
	end for;
else
	send BookingProvider::errorSignal(message: "Session not found");
end if;',1 );
INSERT INTO SPR_PS VALUES ( 70,'available','','',1 );
INSERT INTO SPR_PS VALUES ( 93,'select','','',1 );
INSERT INTO SPR_PS VALUES ( 97,'extraServices','','',1 );
INSERT INTO SPR_PS VALUES ( 101,'addServices','','',1 );
INSERT INTO SPR_PS VALUES ( 105,'customerDetails','','',1 );
INSERT INTO SPR_PS VALUES ( 109,'addGuest','','',1 );
INSERT INTO SPR_PS VALUES ( 113,'paymentInfo','','',1 );
INSERT INTO SPR_PS VALUES ( 117,'bookingConfirmation','','',1 );
INSERT INTO SPR_PS VALUES ( 60,'errorSignal','','',1 );
INSERT INTO SPR_PS VALUES ( 124,'requestSession','','// Initialize a booking session
LOG::LogInfo(message: "Recieved session request");
create object instance session of BOOKINGSESSION;

create object instance booking of BOOKING;
relate session to booking across R26;

send BookingProvider::session(sessionID: session.ID);',1 );
INSERT INTO SPR_PS VALUES ( 138,'session','','',1 );
INSERT INTO SPR_PS VALUES ( 154,'addFacility','','create object instance f of FACILITY;
select any ft from instances of FACILITYTYPE where (selected.id == param.facilityType);
if(not_empty ft)
	relate f to ft across R1;
	f.facilityID = param.facilityID;
end if;',1 );
INSERT INTO SPR_PS VALUES ( 186,'addFacilityType','','create object instance ft of FACILITYTYPE;
create object instance b of BOOKABLE;

relate ft to b across R2;

select any h from instances of HOTEL;

if(empty h)
	create object instance h of HOTEL;
end if;

if(not_empty h)
	relate b to h across R9;
	b.price = param.price;
	b.description = param.description;
	ft.approximateArea = param.approximateArea;
	b.name = param.name;
	
end if;

send StaffInterface::sendFacilityType(facilityTypeID: ft.id, name: b.name);',1 );
INSERT INTO SPR_PS VALUES ( 205,'sendFacilityType','','',1 );
INSERT INTO CL_IPINS VALUES ( 1019,1018 );
INSERT INTO CL_IPINS VALUES ( 1021,1020 );
INSERT INTO CL_IP VALUES ( 1018,'BookingProvider','' );
INSERT INTO CL_IP VALUES ( 1020,'StaffInterface','' );
INSERT INTO CL_IR VALUES ( 1023,1019,'BookingProvider','' );
INSERT INTO CL_IR VALUES ( 1024,1021,'StaffInterface','' );
INSERT INTO CL_IIR VALUES ( 1018,5,1017,0,'BookingProvider','' );
INSERT INTO CL_IIR VALUES ( 1020,152,1017,0,'StaffInterface','' );
INSERT INTO CL_IIR VALUES ( 1023,725,1022,0,'BookingProvider','' );
INSERT INTO CL_IIR VALUES ( 1024,783,1022,0,'StaffInterface','' );
INSERT INTO CL_IC VALUES ( 1017,3,0,0,0,'','Hotel::Library::HotelComponent','' );
INSERT INTO CL_IC VALUES ( 1022,723,0,0,0,'','Hotel::Library::UserComponent','' );
INSERT INTO SM_SM VALUES ( 511,'',0 );
INSERT INTO SM_SM VALUES ( 635,'',0 );
INSERT INTO SM_SM VALUES ( 820,'',0 );
INSERT INTO SM_SM VALUES ( 877,'',0 );
INSERT INTO SM_SM VALUES ( 879,'',0 );
INSERT INTO SM_STATE VALUES ( 521,511,0,'ready',1,0 );
INSERT INTO SM_STATE VALUES ( 527,511,0,'customerProvided',6,0 );
INSERT INTO SM_STATE VALUES ( 531,511,0,'finallyReady',5,0 );
INSERT INTO SM_STATE VALUES ( 535,511,0,'selected',2,0 );
INSERT INTO SM_STATE VALUES ( 539,511,0,'guestAdded',3,0 );
INSERT INTO SM_STATE VALUES ( 543,511,0,'addService',4,0 );
INSERT INTO SM_STATE VALUES ( 547,511,0,'paymentSuggested',7,0 );
INSERT INTO SM_STATE VALUES ( 551,511,0,'confirmation',8,0 );
INSERT INTO SM_STATE VALUES ( 555,511,0,'accepted',9,0 );
INSERT INTO SM_STATE VALUES ( 559,511,0,'aborted',10,0 );
INSERT INTO SM_STATE VALUES ( 563,511,0,'searched',11,0 );
INSERT INTO SM_STATE VALUES ( 637,635,0,'Standby',1,0 );
INSERT INTO SM_STATE VALUES ( 822,820,0,'entryPoint',1,0 );
INSERT INTO SM_STATE VALUES ( 828,820,0,'requestSession',2,0 );
INSERT INTO SM_STATE VALUES ( 835,820,0,'requestAvailableBookables',3,0 );
INSERT INTO SM_STATE VALUES ( 881,879,0,'Setup',1,0 );
INSERT INTO SM_STATE VALUES ( 895,879,0,'CreateFacilities',2,0 );
INSERT INTO SM_EVT VALUES ( 512,511,0,1,'selectEvent',0,'','BOOKINGSESSION1','' );
INSERT INTO SM_EVT VALUES ( 513,511,0,2,'addGuestEvent',0,'','BOOKINGSESSION2','' );
INSERT INTO SM_EVT VALUES ( 514,511,0,3,'addServiceEvent',0,'','BOOKINGSESSION3','' );
INSERT INTO SM_EVT VALUES ( 515,511,0,4,'confirmEvent',0,'','BOOKINGSESSION4','' );
INSERT INTO SM_EVT VALUES ( 516,511,0,5,'customerDetailsEvent',0,'','BOOKINGSESSION5','' );
INSERT INTO SM_EVT VALUES ( 517,511,0,6,'paymentInfoEvent',0,'','BOOKINGSESSION6','' );
INSERT INTO SM_EVT VALUES ( 518,511,0,7,'paymentConfirmedEvent',0,'','BOOKINGSESSION7','' );
INSERT INTO SM_EVT VALUES ( 519,511,0,8,'cancelEvent',0,'','BOOKINGSESSION8','' );
INSERT INTO SM_EVT VALUES ( 520,511,0,9,'searchEvent',0,'','BOOKINGSESSION9','' );
INSERT INTO SM_EVT VALUES ( 636,635,0,1,'requestSessionEvent',0,'','BOOKINGSESSION_A1','' );
INSERT INTO SM_EVT VALUES ( 813,820,0,1,'start',0,'','SIMPLETEST1','' );
INSERT INTO SM_EVT VALUES ( 776,820,0,2,'sessionEvent',0,'','SIMPLETEST2','' );
INSERT INTO SM_EVT VALUES ( 798,879,0,1,'facilityTypeAdded',0,'','SETUP1','' );
INSERT INTO SM_SEME VALUES ( 521,512,511,0 );
INSERT INTO SM_SEME VALUES ( 521,513,511,0 );
INSERT INTO SM_SEME VALUES ( 521,514,511,0 );
INSERT INTO SM_SEME VALUES ( 521,515,511,0 );
INSERT INTO SM_SEME VALUES ( 521,516,511,0 );
INSERT INTO SM_SEME VALUES ( 521,517,511,0 );
INSERT INTO SM_SEME VALUES ( 521,518,511,0 );
INSERT INTO SM_SEME VALUES ( 521,519,511,0 );
INSERT INTO SM_SEME VALUES ( 521,520,511,0 );
INSERT INTO SM_SEME VALUES ( 527,512,511,0 );
INSERT INTO SM_SEME VALUES ( 527,513,511,0 );
INSERT INTO SM_SEME VALUES ( 527,514,511,0 );
INSERT INTO SM_SEME VALUES ( 527,515,511,0 );
INSERT INTO SM_SEME VALUES ( 527,516,511,0 );
INSERT INTO SM_SEME VALUES ( 527,517,511,0 );
INSERT INTO SM_SEME VALUES ( 527,518,511,0 );
INSERT INTO SM_SEME VALUES ( 527,519,511,0 );
INSERT INTO SM_SEME VALUES ( 527,520,511,0 );
INSERT INTO SM_SEME VALUES ( 531,512,511,0 );
INSERT INTO SM_SEME VALUES ( 531,513,511,0 );
INSERT INTO SM_SEME VALUES ( 531,514,511,0 );
INSERT INTO SM_SEME VALUES ( 531,515,511,0 );
INSERT INTO SM_SEME VALUES ( 531,516,511,0 );
INSERT INTO SM_SEME VALUES ( 531,517,511,0 );
INSERT INTO SM_SEME VALUES ( 531,518,511,0 );
INSERT INTO SM_SEME VALUES ( 531,519,511,0 );
INSERT INTO SM_SEME VALUES ( 531,520,511,0 );
INSERT INTO SM_SEME VALUES ( 535,512,511,0 );
INSERT INTO SM_SEME VALUES ( 535,513,511,0 );
INSERT INTO SM_SEME VALUES ( 535,514,511,0 );
INSERT INTO SM_SEME VALUES ( 535,515,511,0 );
INSERT INTO SM_SEME VALUES ( 535,516,511,0 );
INSERT INTO SM_SEME VALUES ( 535,517,511,0 );
INSERT INTO SM_SEME VALUES ( 535,518,511,0 );
INSERT INTO SM_SEME VALUES ( 535,519,511,0 );
INSERT INTO SM_SEME VALUES ( 535,520,511,0 );
INSERT INTO SM_SEME VALUES ( 539,512,511,0 );
INSERT INTO SM_SEME VALUES ( 539,513,511,0 );
INSERT INTO SM_SEME VALUES ( 539,514,511,0 );
INSERT INTO SM_SEME VALUES ( 539,515,511,0 );
INSERT INTO SM_SEME VALUES ( 539,516,511,0 );
INSERT INTO SM_SEME VALUES ( 539,517,511,0 );
INSERT INTO SM_SEME VALUES ( 539,518,511,0 );
INSERT INTO SM_SEME VALUES ( 539,519,511,0 );
INSERT INTO SM_SEME VALUES ( 539,520,511,0 );
INSERT INTO SM_SEME VALUES ( 543,512,511,0 );
INSERT INTO SM_SEME VALUES ( 543,513,511,0 );
INSERT INTO SM_SEME VALUES ( 543,514,511,0 );
INSERT INTO SM_SEME VALUES ( 543,515,511,0 );
INSERT INTO SM_SEME VALUES ( 543,516,511,0 );
INSERT INTO SM_SEME VALUES ( 543,517,511,0 );
INSERT INTO SM_SEME VALUES ( 543,518,511,0 );
INSERT INTO SM_SEME VALUES ( 543,519,511,0 );
INSERT INTO SM_SEME VALUES ( 543,520,511,0 );
INSERT INTO SM_SEME VALUES ( 547,512,511,0 );
INSERT INTO SM_SEME VALUES ( 547,513,511,0 );
INSERT INTO SM_SEME VALUES ( 547,514,511,0 );
INSERT INTO SM_SEME VALUES ( 547,515,511,0 );
INSERT INTO SM_SEME VALUES ( 547,516,511,0 );
INSERT INTO SM_SEME VALUES ( 547,517,511,0 );
INSERT INTO SM_SEME VALUES ( 547,518,511,0 );
INSERT INTO SM_SEME VALUES ( 547,519,511,0 );
INSERT INTO SM_SEME VALUES ( 547,520,511,0 );
INSERT INTO SM_SEME VALUES ( 551,512,511,0 );
INSERT INTO SM_SEME VALUES ( 551,513,511,0 );
INSERT INTO SM_SEME VALUES ( 551,514,511,0 );
INSERT INTO SM_SEME VALUES ( 551,515,511,0 );
INSERT INTO SM_SEME VALUES ( 551,516,511,0 );
INSERT INTO SM_SEME VALUES ( 551,517,511,0 );
INSERT INTO SM_SEME VALUES ( 551,518,511,0 );
INSERT INTO SM_SEME VALUES ( 551,519,511,0 );
INSERT INTO SM_SEME VALUES ( 551,520,511,0 );
INSERT INTO SM_SEME VALUES ( 555,512,511,0 );
INSERT INTO SM_SEME VALUES ( 555,513,511,0 );
INSERT INTO SM_SEME VALUES ( 555,514,511,0 );
INSERT INTO SM_SEME VALUES ( 555,515,511,0 );
INSERT INTO SM_SEME VALUES ( 555,516,511,0 );
INSERT INTO SM_SEME VALUES ( 555,517,511,0 );
INSERT INTO SM_SEME VALUES ( 555,518,511,0 );
INSERT INTO SM_SEME VALUES ( 555,519,511,0 );
INSERT INTO SM_SEME VALUES ( 555,520,511,0 );
INSERT INTO SM_SEME VALUES ( 559,512,511,0 );
INSERT INTO SM_SEME VALUES ( 559,513,511,0 );
INSERT INTO SM_SEME VALUES ( 559,514,511,0 );
INSERT INTO SM_SEME VALUES ( 559,515,511,0 );
INSERT INTO SM_SEME VALUES ( 559,516,511,0 );
INSERT INTO SM_SEME VALUES ( 559,517,511,0 );
INSERT INTO SM_SEME VALUES ( 559,518,511,0 );
INSERT INTO SM_SEME VALUES ( 559,519,511,0 );
INSERT INTO SM_SEME VALUES ( 559,520,511,0 );
INSERT INTO SM_SEME VALUES ( 563,512,511,0 );
INSERT INTO SM_SEME VALUES ( 563,513,511,0 );
INSERT INTO SM_SEME VALUES ( 563,514,511,0 );
INSERT INTO SM_SEME VALUES ( 563,515,511,0 );
INSERT INTO SM_SEME VALUES ( 563,516,511,0 );
INSERT INTO SM_SEME VALUES ( 563,517,511,0 );
INSERT INTO SM_SEME VALUES ( 563,518,511,0 );
INSERT INTO SM_SEME VALUES ( 563,519,511,0 );
INSERT INTO SM_SEME VALUES ( 563,520,511,0 );
INSERT INTO SM_SEME VALUES ( 637,636,635,0 );
INSERT INTO SM_SEME VALUES ( 822,813,820,0 );
INSERT INTO SM_SEME VALUES ( 822,776,820,0 );
INSERT INTO SM_SEME VALUES ( 828,813,820,0 );
INSERT INTO SM_SEME VALUES ( 828,776,820,0 );
INSERT INTO SM_SEME VALUES ( 835,813,820,0 );
INSERT INTO SM_SEME VALUES ( 835,776,820,0 );
INSERT INTO SM_SEME VALUES ( 881,798,879,0 );
INSERT INTO SM_SEME VALUES ( 895,798,879,0 );
INSERT INTO SM_NSTXN VALUES ( 571,511,535,513,0 );
INSERT INTO SM_NSTXN VALUES ( 575,511,539,514,0 );
INSERT INTO SM_NSTXN VALUES ( 579,511,539,513,0 );
INSERT INTO SM_NSTXN VALUES ( 583,511,543,514,0 );
INSERT INTO SM_NSTXN VALUES ( 587,511,543,515,0 );
INSERT INTO SM_NSTXN VALUES ( 591,511,539,515,0 );
INSERT INTO SM_NSTXN VALUES ( 595,511,531,516,0 );
INSERT INTO SM_NSTXN VALUES ( 599,511,527,517,0 );
INSERT INTO SM_NSTXN VALUES ( 603,511,547,518,0 );
INSERT INTO SM_NSTXN VALUES ( 607,511,551,515,0 );
INSERT INTO SM_NSTXN VALUES ( 611,511,551,519,0 );
INSERT INTO SM_NSTXN VALUES ( 615,511,531,512,0 );
INSERT INTO SM_NSTXN VALUES ( 619,511,563,512,0 );
INSERT INTO SM_NSTXN VALUES ( 623,511,521,520,0 );
INSERT INTO SM_NSTXN VALUES ( 627,511,531,520,0 );
INSERT INTO SM_NSTXN VALUES ( 631,511,563,520,0 );
INSERT INTO SM_NSTXN VALUES ( 863,820,822,813,0 );
INSERT INTO SM_NSTXN VALUES ( 867,820,828,776,0 );
INSERT INTO SM_NSTXN VALUES ( 914,879,881,798,0 );
INSERT INTO SM_NSTXN VALUES ( 918,879,895,798,0 );
INSERT INTO SM_CH VALUES ( 521,512,511,0,'' );
INSERT INTO SM_CH VALUES ( 521,513,511,0,'' );
INSERT INTO SM_CH VALUES ( 521,514,511,0,'' );
INSERT INTO SM_CH VALUES ( 521,515,511,0,'' );
INSERT INTO SM_CH VALUES ( 521,516,511,0,'' );
INSERT INTO SM_CH VALUES ( 521,517,511,0,'' );
INSERT INTO SM_CH VALUES ( 521,518,511,0,'' );
INSERT INTO SM_CH VALUES ( 521,519,511,0,'' );
INSERT INTO SM_CH VALUES ( 527,512,511,0,'' );
INSERT INTO SM_CH VALUES ( 527,513,511,0,'' );
INSERT INTO SM_CH VALUES ( 527,514,511,0,'' );
INSERT INTO SM_CH VALUES ( 527,515,511,0,'' );
INSERT INTO SM_CH VALUES ( 527,516,511,0,'' );
INSERT INTO SM_CH VALUES ( 527,518,511,0,'' );
INSERT INTO SM_CH VALUES ( 527,519,511,0,'' );
INSERT INTO SM_CH VALUES ( 527,520,511,0,'' );
INSERT INTO SM_CH VALUES ( 531,513,511,0,'' );
INSERT INTO SM_CH VALUES ( 531,514,511,0,'' );
INSERT INTO SM_CH VALUES ( 531,515,511,0,'' );
INSERT INTO SM_CH VALUES ( 531,517,511,0,'' );
INSERT INTO SM_CH VALUES ( 531,518,511,0,'' );
INSERT INTO SM_CH VALUES ( 531,519,511,0,'' );
INSERT INTO SM_CH VALUES ( 535,512,511,0,'' );
INSERT INTO SM_CH VALUES ( 535,514,511,0,'' );
INSERT INTO SM_CH VALUES ( 535,515,511,0,'' );
INSERT INTO SM_CH VALUES ( 535,516,511,0,'' );
INSERT INTO SM_CH VALUES ( 535,517,511,0,'' );
INSERT INTO SM_CH VALUES ( 535,518,511,0,'' );
INSERT INTO SM_CH VALUES ( 535,519,511,0,'' );
INSERT INTO SM_CH VALUES ( 535,520,511,0,'' );
INSERT INTO SM_CH VALUES ( 539,512,511,0,'' );
INSERT INTO SM_CH VALUES ( 539,516,511,0,'' );
INSERT INTO SM_CH VALUES ( 539,517,511,0,'' );
INSERT INTO SM_CH VALUES ( 539,518,511,0,'' );
INSERT INTO SM_CH VALUES ( 539,519,511,0,'' );
INSERT INTO SM_CH VALUES ( 539,520,511,0,'' );
INSERT INTO SM_CH VALUES ( 543,512,511,0,'' );
INSERT INTO SM_CH VALUES ( 543,513,511,0,'' );
INSERT INTO SM_CH VALUES ( 543,516,511,0,'' );
INSERT INTO SM_CH VALUES ( 543,517,511,0,'' );
INSERT INTO SM_CH VALUES ( 543,518,511,0,'' );
INSERT INTO SM_CH VALUES ( 543,519,511,0,'' );
INSERT INTO SM_CH VALUES ( 543,520,511,0,'' );
INSERT INTO SM_CH VALUES ( 547,512,511,0,'' );
INSERT INTO SM_CH VALUES ( 547,513,511,0,'' );
INSERT INTO SM_CH VALUES ( 547,514,511,0,'' );
INSERT INTO SM_CH VALUES ( 547,515,511,0,'' );
INSERT INTO SM_CH VALUES ( 547,516,511,0,'' );
INSERT INTO SM_CH VALUES ( 547,517,511,0,'' );
INSERT INTO SM_CH VALUES ( 547,519,511,0,'' );
INSERT INTO SM_CH VALUES ( 547,520,511,0,'' );
INSERT INTO SM_CH VALUES ( 551,512,511,0,'' );
INSERT INTO SM_CH VALUES ( 551,513,511,0,'' );
INSERT INTO SM_CH VALUES ( 551,514,511,0,'' );
INSERT INTO SM_CH VALUES ( 551,516,511,0,'' );
INSERT INTO SM_CH VALUES ( 551,517,511,0,'' );
INSERT INTO SM_CH VALUES ( 551,518,511,0,'' );
INSERT INTO SM_CH VALUES ( 551,520,511,0,'' );
INSERT INTO SM_CH VALUES ( 555,512,511,0,'' );
INSERT INTO SM_CH VALUES ( 555,513,511,0,'' );
INSERT INTO SM_CH VALUES ( 555,514,511,0,'' );
INSERT INTO SM_CH VALUES ( 555,515,511,0,'' );
INSERT INTO SM_CH VALUES ( 555,516,511,0,'' );
INSERT INTO SM_CH VALUES ( 555,517,511,0,'' );
INSERT INTO SM_CH VALUES ( 555,518,511,0,'' );
INSERT INTO SM_CH VALUES ( 555,519,511,0,'' );
INSERT INTO SM_CH VALUES ( 555,520,511,0,'' );
INSERT INTO SM_CH VALUES ( 559,512,511,0,'' );
INSERT INTO SM_CH VALUES ( 559,513,511,0,'' );
INSERT INTO SM_CH VALUES ( 559,514,511,0,'' );
INSERT INTO SM_CH VALUES ( 559,515,511,0,'' );
INSERT INTO SM_CH VALUES ( 559,516,511,0,'' );
INSERT INTO SM_CH VALUES ( 559,517,511,0,'' );
INSERT INTO SM_CH VALUES ( 559,518,511,0,'' );
INSERT INTO SM_CH VALUES ( 559,519,511,0,'' );
INSERT INTO SM_CH VALUES ( 559,520,511,0,'' );
INSERT INTO SM_CH VALUES ( 563,513,511,0,'' );
INSERT INTO SM_CH VALUES ( 563,514,511,0,'' );
INSERT INTO SM_CH VALUES ( 563,515,511,0,'' );
INSERT INTO SM_CH VALUES ( 563,516,511,0,'' );
INSERT INTO SM_CH VALUES ( 563,517,511,0,'' );
INSERT INTO SM_CH VALUES ( 563,518,511,0,'' );
INSERT INTO SM_CH VALUES ( 563,519,511,0,'' );
INSERT INTO SM_CH VALUES ( 637,636,635,0,'' );
INSERT INTO SM_CH VALUES ( 822,776,820,0,'' );
INSERT INTO SM_CH VALUES ( 828,813,820,0,'' );
INSERT INTO SM_CH VALUES ( 835,813,820,0,'' );
INSERT INTO SM_CH VALUES ( 835,776,820,0,'' );
INSERT INTO SM_TXN VALUES ( 567,511,521,0 );
INSERT INTO SM_TXN VALUES ( 571,511,539,0 );
INSERT INTO SM_TXN VALUES ( 575,511,543,0 );
INSERT INTO SM_TXN VALUES ( 579,511,539,0 );
INSERT INTO SM_TXN VALUES ( 583,511,543,0 );
INSERT INTO SM_TXN VALUES ( 587,511,531,0 );
INSERT INTO SM_TXN VALUES ( 591,511,531,0 );
INSERT INTO SM_TXN VALUES ( 595,511,527,0 );
INSERT INTO SM_TXN VALUES ( 599,511,547,0 );
INSERT INTO SM_TXN VALUES ( 603,511,551,0 );
INSERT INTO SM_TXN VALUES ( 607,511,555,0 );
INSERT INTO SM_TXN VALUES ( 611,511,559,0 );
INSERT INTO SM_TXN VALUES ( 615,511,535,0 );
INSERT INTO SM_TXN VALUES ( 619,511,535,0 );
INSERT INTO SM_TXN VALUES ( 623,511,563,0 );
INSERT INTO SM_TXN VALUES ( 627,511,531,0 );
INSERT INTO SM_TXN VALUES ( 631,511,563,0 );
INSERT INTO SM_TXN VALUES ( 859,820,822,0 );
INSERT INTO SM_TXN VALUES ( 863,820,828,0 );
INSERT INTO SM_TXN VALUES ( 867,820,835,0 );
INSERT INTO SM_TXN VALUES ( 910,879,881,0 );
INSERT INTO SM_TXN VALUES ( 914,879,895,0 );
INSERT INTO SM_TXN VALUES ( 918,879,895,0 );
INSERT INTO SM_CRTXN VALUES ( 567,511,0,0 );
INSERT INTO SM_CRTXN VALUES ( 859,820,0,0 );
INSERT INTO SM_CRTXN VALUES ( 910,879,0,0 );
INSERT INTO SM_MOORE VALUES ( 511 );
INSERT INTO SM_MOORE VALUES ( 635 );
INSERT INTO SM_MOORE VALUES ( 820 );
INSERT INTO SM_MOORE VALUES ( 877 );
INSERT INTO SM_MOORE VALUES ( 879 );
INSERT INTO SM_MOAH VALUES ( 522,511,521 );
INSERT INTO SM_MOAH VALUES ( 528,511,527 );
INSERT INTO SM_MOAH VALUES ( 532,511,531 );
INSERT INTO SM_MOAH VALUES ( 536,511,535 );
INSERT INTO SM_MOAH VALUES ( 540,511,539 );
INSERT INTO SM_MOAH VALUES ( 544,511,543 );
INSERT INTO SM_MOAH VALUES ( 548,511,547 );
INSERT INTO SM_MOAH VALUES ( 552,511,551 );
INSERT INTO SM_MOAH VALUES ( 556,511,555 );
INSERT INTO SM_MOAH VALUES ( 560,511,559 );
INSERT INTO SM_MOAH VALUES ( 564,511,563 );
INSERT INTO SM_MOAH VALUES ( 638,635,637 );
INSERT INTO SM_MOAH VALUES ( 823,820,822 );
INSERT INTO SM_MOAH VALUES ( 829,820,828 );
INSERT INTO SM_MOAH VALUES ( 836,820,835 );
INSERT INTO SM_MOAH VALUES ( 882,879,881 );
INSERT INTO SM_MOAH VALUES ( 896,879,895 );
INSERT INTO SM_AH VALUES ( 522,511 );
INSERT INTO SM_AH VALUES ( 528,511 );
INSERT INTO SM_AH VALUES ( 532,511 );
INSERT INTO SM_AH VALUES ( 536,511 );
INSERT INTO SM_AH VALUES ( 540,511 );
INSERT INTO SM_AH VALUES ( 544,511 );
INSERT INTO SM_AH VALUES ( 548,511 );
INSERT INTO SM_AH VALUES ( 552,511 );
INSERT INTO SM_AH VALUES ( 556,511 );
INSERT INTO SM_AH VALUES ( 560,511 );
INSERT INTO SM_AH VALUES ( 564,511 );
INSERT INTO SM_AH VALUES ( 568,511 );
INSERT INTO SM_AH VALUES ( 572,511 );
INSERT INTO SM_AH VALUES ( 576,511 );
INSERT INTO SM_AH VALUES ( 580,511 );
INSERT INTO SM_AH VALUES ( 584,511 );
INSERT INTO SM_AH VALUES ( 588,511 );
INSERT INTO SM_AH VALUES ( 592,511 );
INSERT INTO SM_AH VALUES ( 596,511 );
INSERT INTO SM_AH VALUES ( 600,511 );
INSERT INTO SM_AH VALUES ( 604,511 );
INSERT INTO SM_AH VALUES ( 608,511 );
INSERT INTO SM_AH VALUES ( 612,511 );
INSERT INTO SM_AH VALUES ( 616,511 );
INSERT INTO SM_AH VALUES ( 620,511 );
INSERT INTO SM_AH VALUES ( 624,511 );
INSERT INTO SM_AH VALUES ( 628,511 );
INSERT INTO SM_AH VALUES ( 632,511 );
INSERT INTO SM_AH VALUES ( 638,635 );
INSERT INTO SM_AH VALUES ( 823,820 );
INSERT INTO SM_AH VALUES ( 829,820 );
INSERT INTO SM_AH VALUES ( 836,820 );
INSERT INTO SM_AH VALUES ( 860,820 );
INSERT INTO SM_AH VALUES ( 864,820 );
INSERT INTO SM_AH VALUES ( 868,820 );
INSERT INTO SM_AH VALUES ( 882,879 );
INSERT INTO SM_AH VALUES ( 896,879 );
INSERT INTO SM_AH VALUES ( 911,879 );
INSERT INTO SM_AH VALUES ( 915,879 );
INSERT INTO SM_AH VALUES ( 919,879 );
INSERT INTO SM_ACT VALUES ( 522,511,1,'LOG::LogInfo(message: "Recieved session request");
','' );
INSERT INTO SM_ACT VALUES ( 528,511,1,'','' );
INSERT INTO SM_ACT VALUES ( 532,511,1,'','' );
INSERT INTO SM_ACT VALUES ( 536,511,1,'','' );
INSERT INTO SM_ACT VALUES ( 540,511,1,'','' );
INSERT INTO SM_ACT VALUES ( 544,511,1,'','' );
INSERT INTO SM_ACT VALUES ( 548,511,1,'','' );
INSERT INTO SM_ACT VALUES ( 552,511,1,'','' );
INSERT INTO SM_ACT VALUES ( 556,511,1,'','' );
INSERT INTO SM_ACT VALUES ( 560,511,1,'','' );
INSERT INTO SM_ACT VALUES ( 564,511,1,'','' );
INSERT INTO SM_ACT VALUES ( 568,511,1,'','' );
INSERT INTO SM_ACT VALUES ( 572,511,1,'','' );
INSERT INTO SM_ACT VALUES ( 576,511,1,'','' );
INSERT INTO SM_ACT VALUES ( 580,511,1,'','' );
INSERT INTO SM_ACT VALUES ( 584,511,1,'','' );
INSERT INTO SM_ACT VALUES ( 588,511,1,'','' );
INSERT INTO SM_ACT VALUES ( 592,511,1,'','' );
INSERT INTO SM_ACT VALUES ( 596,511,1,'','' );
INSERT INTO SM_ACT VALUES ( 600,511,1,'','' );
INSERT INTO SM_ACT VALUES ( 604,511,1,'','' );
INSERT INTO SM_ACT VALUES ( 608,511,1,'','' );
INSERT INTO SM_ACT VALUES ( 612,511,1,'','' );
INSERT INTO SM_ACT VALUES ( 616,511,1,'','' );
INSERT INTO SM_ACT VALUES ( 620,511,1,'','' );
INSERT INTO SM_ACT VALUES ( 624,511,1,'','' );
INSERT INTO SM_ACT VALUES ( 628,511,1,'','' );
INSERT INTO SM_ACT VALUES ( 632,511,1,'','' );
INSERT INTO SM_ACT VALUES ( 638,635,1,'','' );
INSERT INTO SM_ACT VALUES ( 823,820,1,'LOG::LogInfo(message: "Starting simple test... woopido");
','' );
INSERT INTO SM_ACT VALUES ( 829,820,1,'LOG::LogInfo(message: "Starting simple test... requesting session");
send BookingProvider::requestSession();','' );
INSERT INTO SM_ACT VALUES ( 836,820,1,'LOG::LogInfo(message: "Session recieved");
send BookingProvider::requestAvailableBookables(sessionID: param.sessionID, 
												fromDate: TIM::create_date(day:1, month:1, year:2010, second:8, minute:12, hour:4),
												toDate: TIM::create_date(day:1, month:1, year:2010, second:8, minute:12, hour:4),
												facilityType: 1);','' );
INSERT INTO SM_ACT VALUES ( 860,820,1,'','' );
INSERT INTO SM_ACT VALUES ( 864,820,1,'','' );
INSERT INTO SM_ACT VALUES ( 868,820,1,'self.sessionID = param.sessionID;','' );
INSERT INTO SM_ACT VALUES ( 882,879,1,'
send StaffInterface::addFacilityType(approximateArea: "10-12 m^2", name: "Single Room", price: 1500, description: "ASBRA");
send StaffInterface::addFacilityType(approximateArea: "12-14 m^2", name: "Double Room", price: 2500, description: "DLIGT");
','' );
INSERT INTO SM_ACT VALUES ( 896,879,1,'
LOG::LogInfo(message: "creating facilities");
send StaffInterface::addFacility(facilityID: "1215D", facilityType: param.facilityType);
send StaffInterface::addFacility(facilityID: "1215A", facilityType: param.facilityType);
send StaffInterface::addFacility(facilityID: "1215C", facilityType: param.facilityType);','' );
INSERT INTO SM_ACT VALUES ( 911,879,1,'','' );
INSERT INTO SM_ACT VALUES ( 915,879,1,'','' );
INSERT INTO SM_ACT VALUES ( 919,879,1,'','' );
INSERT INTO SM_EVTDI VALUES ( 821,820,'sessionID','',23,'',776,0 );
INSERT INTO SM_EVTDI VALUES ( 880,879,'facilityType','',23,'',798,0 );
INSERT INTO SM_ISM VALUES ( 511,15 );
INSERT INTO SM_ISM VALUES ( 820,774 );
INSERT INTO SM_ISM VALUES ( 879,796 );
INSERT INTO SM_ASM VALUES ( 635,15 );
INSERT INTO SM_ASM VALUES ( 877,774 );
INSERT INTO SM_SEVT VALUES ( 512,511,0 );
INSERT INTO SM_SEVT VALUES ( 513,511,0 );
INSERT INTO SM_SEVT VALUES ( 514,511,0 );
INSERT INTO SM_SEVT VALUES ( 515,511,0 );
INSERT INTO SM_SEVT VALUES ( 516,511,0 );
INSERT INTO SM_SEVT VALUES ( 517,511,0 );
INSERT INTO SM_SEVT VALUES ( 518,511,0 );
INSERT INTO SM_SEVT VALUES ( 519,511,0 );
INSERT INTO SM_SEVT VALUES ( 520,511,0 );
INSERT INTO SM_SEVT VALUES ( 636,635,0 );
INSERT INTO SM_SEVT VALUES ( 813,820,0 );
INSERT INTO SM_SEVT VALUES ( 776,820,0 );
INSERT INTO SM_SEVT VALUES ( 798,879,0 );
INSERT INTO SM_LEVT VALUES ( 512,511,0 );
INSERT INTO SM_LEVT VALUES ( 513,511,0 );
INSERT INTO SM_LEVT VALUES ( 514,511,0 );
INSERT INTO SM_LEVT VALUES ( 515,511,0 );
INSERT INTO SM_LEVT VALUES ( 516,511,0 );
INSERT INTO SM_LEVT VALUES ( 517,511,0 );
INSERT INTO SM_LEVT VALUES ( 518,511,0 );
INSERT INTO SM_LEVT VALUES ( 519,511,0 );
INSERT INTO SM_LEVT VALUES ( 520,511,0 );
INSERT INTO SM_LEVT VALUES ( 636,635,0 );
INSERT INTO SM_LEVT VALUES ( 813,820,0 );
INSERT INTO SM_LEVT VALUES ( 776,820,0 );
INSERT INTO SM_LEVT VALUES ( 798,879,0 );
INSERT INTO SM_TAH VALUES ( 568,511,567 );
INSERT INTO SM_TAH VALUES ( 572,511,571 );
INSERT INTO SM_TAH VALUES ( 576,511,575 );
INSERT INTO SM_TAH VALUES ( 580,511,579 );
INSERT INTO SM_TAH VALUES ( 584,511,583 );
INSERT INTO SM_TAH VALUES ( 588,511,587 );
INSERT INTO SM_TAH VALUES ( 592,511,591 );
INSERT INTO SM_TAH VALUES ( 596,511,595 );
INSERT INTO SM_TAH VALUES ( 600,511,599 );
INSERT INTO SM_TAH VALUES ( 604,511,603 );
INSERT INTO SM_TAH VALUES ( 608,511,607 );
INSERT INTO SM_TAH VALUES ( 612,511,611 );
INSERT INTO SM_TAH VALUES ( 616,511,615 );
INSERT INTO SM_TAH VALUES ( 620,511,619 );
INSERT INTO SM_TAH VALUES ( 624,511,623 );
INSERT INTO SM_TAH VALUES ( 628,511,627 );
INSERT INTO SM_TAH VALUES ( 632,511,631 );
INSERT INTO SM_TAH VALUES ( 860,820,859 );
INSERT INTO SM_TAH VALUES ( 864,820,863 );
INSERT INTO SM_TAH VALUES ( 868,820,867 );
INSERT INTO SM_TAH VALUES ( 911,879,910 );
INSERT INTO SM_TAH VALUES ( 915,879,914 );
INSERT INTO SM_TAH VALUES ( 919,879,918 );
INSERT INTO ACT_BLK VALUES ( 10,1,0,1,'','','',19,1,1,38,0,0,0,0,0,0,0,0,0,9,0 );
INSERT INTO ACT_BLK VALUES ( 16,0,0,0,'','','',11,2,0,0,0,0,0,0,0,0,0,0,0,9,0 );
INSERT INTO ACT_BLK VALUES ( 36,0,0,0,'BookingProvider','','',8,3,8,8,0,0,0,0,0,0,0,0,0,9,0 );
INSERT INTO ACT_BLK VALUES ( 38,1,0,0,'BookingProvider','','',13,3,13,8,0,0,12,40,0,0,0,0,0,9,0 );
INSERT INTO ACT_BLK VALUES ( 19,0,0,0,'BookingProvider','','',20,2,20,7,0,0,0,0,0,0,0,0,0,9,0 );
INSERT INTO ACT_BLK VALUES ( 92,0,0,0,'','','',0,0,0,0,0,0,0,0,0,0,0,0,0,91,0 );
INSERT INTO ACT_BLK VALUES ( 96,0,0,0,'','','',0,0,0,0,0,0,0,0,0,0,0,0,0,95,0 );
INSERT INTO ACT_BLK VALUES ( 100,0,0,0,'','','',0,0,0,0,0,0,0,0,0,0,0,0,0,99,0 );
INSERT INTO ACT_BLK VALUES ( 104,0,0,0,'','','',0,0,0,0,0,0,0,0,0,0,0,0,0,103,0 );
INSERT INTO ACT_BLK VALUES ( 108,0,0,0,'','','',0,0,0,0,0,0,0,0,0,0,0,0,0,107,0 );
INSERT INTO ACT_BLK VALUES ( 112,0,0,0,'','','',0,0,0,0,0,0,0,0,0,0,0,0,0,111,0 );
INSERT INTO ACT_BLK VALUES ( 116,0,0,0,'','','',0,0,0,0,0,0,0,0,0,0,0,0,0,115,0 );
INSERT INTO ACT_BLK VALUES ( 120,0,0,0,'','','',0,0,0,0,0,0,0,0,0,0,0,0,0,119,0 );
INSERT INTO ACT_BLK VALUES ( 123,0,0,0,'','','',0,0,0,0,0,0,0,0,0,0,0,0,0,122,0 );
INSERT INTO ACT_BLK VALUES ( 127,0,0,0,'BookingProvider','','',8,1,8,6,0,0,6,34,0,0,0,0,0,126,0 );
INSERT INTO ACT_BLK VALUES ( 150,0,0,0,'','','',0,0,0,0,0,0,0,0,0,0,0,0,0,149,0 );
INSERT INTO ACT_BLK VALUES ( 157,1,0,1,'','','',3,1,2,33,0,0,0,0,0,0,0,0,0,156,0 );
INSERT INTO ACT_BLK VALUES ( 165,0,0,0,'','','',5,2,0,0,0,0,4,24,0,0,0,0,0,156,0 );
INSERT INTO ACT_BLK VALUES ( 189,1,0,0,'StaffInterface','','',21,1,21,6,0,0,4,23,0,0,0,0,0,188,0 );
INSERT INTO ACT_BLK VALUES ( 200,0,0,0,'','','',9,2,9,30,0,0,0,0,0,0,0,0,0,188,0 );
INSERT INTO ACT_BLK VALUES ( 203,0,0,0,'','','',17,2,0,0,0,0,13,23,0,0,0,0,0,188,0 );
INSERT INTO ACT_BLK VALUES ( 253,0,0,0,'','','',0,0,0,0,0,0,0,0,0,0,0,0,0,252,0 );
INSERT INTO ACT_BLK VALUES ( 357,0,0,0,'','','',21,1,19,30,0,0,20,24,0,0,0,0,0,356,0 );
INSERT INTO ACT_BLK VALUES ( 423,0,0,0,'','','',0,0,0,0,0,0,0,0,0,0,0,0,0,422,0 );
INSERT INTO ACT_BLK VALUES ( 425,0,0,0,'','','',0,0,0,0,0,0,0,0,0,0,0,0,0,424,0 );
INSERT INTO ACT_BLK VALUES ( 438,0,0,0,'','','',0,0,0,0,0,0,0,0,0,0,0,0,0,437,0 );
INSERT INTO ACT_BLK VALUES ( 441,0,0,0,'','','',4,1,0,0,0,0,0,0,0,0,0,0,0,440,0 );
INSERT INTO ACT_BLK VALUES ( 457,0,0,0,'','','',0,0,0,0,0,0,0,0,0,0,0,0,0,456,0 );
INSERT INTO ACT_BLK VALUES ( 460,0,0,0,'','','',0,0,0,0,0,0,0,0,0,0,0,0,0,459,0 );
INSERT INTO ACT_BLK VALUES ( 464,0,0,0,'','','',0,0,0,0,0,0,0,0,0,0,0,0,0,463,0 );
INSERT INTO ACT_BLK VALUES ( 468,0,0,0,'','','',0,0,0,0,0,0,0,0,0,0,0,0,0,467,0 );
INSERT INTO ACT_BLK VALUES ( 471,0,0,0,'','','',0,0,0,0,0,0,0,0,0,0,0,0,0,470,0 );
INSERT INTO ACT_BLK VALUES ( 481,0,0,0,'','','',0,0,0,0,0,0,0,0,0,0,0,0,0,480,0 );
INSERT INTO ACT_BLK VALUES ( 486,0,0,0,'','','',0,0,0,0,0,0,0,0,0,0,0,0,0,485,0 );
INSERT INTO ACT_BLK VALUES ( 490,0,0,0,'','','',0,0,0,0,0,0,0,0,0,0,0,0,0,489,0 );
INSERT INTO ACT_BLK VALUES ( 494,0,0,0,'','','',0,0,0,0,0,0,0,0,0,0,0,0,0,493,0 );
INSERT INTO ACT_BLK VALUES ( 497,0,0,0,'','','',0,0,0,0,0,0,0,0,0,0,0,0,0,496,0 );
INSERT INTO ACT_BLK VALUES ( 502,1,0,0,'','','',2,1,1,33,0,0,0,0,0,0,0,0,0,501,0 );
INSERT INTO ACT_BLK VALUES ( 524,0,0,0,'LOG','','',1,1,1,1,0,0,0,0,0,0,0,0,0,523,0 );
INSERT INTO ACT_BLK VALUES ( 530,0,0,0,'','','',0,0,0,0,0,0,0,0,0,0,0,0,0,529,0 );
INSERT INTO ACT_BLK VALUES ( 534,0,0,0,'','','',0,0,0,0,0,0,0,0,0,0,0,0,0,533,0 );
INSERT INTO ACT_BLK VALUES ( 538,0,0,0,'','','',0,0,0,0,0,0,0,0,0,0,0,0,0,537,0 );
INSERT INTO ACT_BLK VALUES ( 542,0,0,0,'','','',0,0,0,0,0,0,0,0,0,0,0,0,0,541,0 );
INSERT INTO ACT_BLK VALUES ( 546,0,0,0,'','','',0,0,0,0,0,0,0,0,0,0,0,0,0,545,0 );
INSERT INTO ACT_BLK VALUES ( 550,0,0,0,'','','',0,0,0,0,0,0,0,0,0,0,0,0,0,549,0 );
INSERT INTO ACT_BLK VALUES ( 554,0,0,0,'','','',0,0,0,0,0,0,0,0,0,0,0,0,0,553,0 );
INSERT INTO ACT_BLK VALUES ( 558,0,0,0,'','','',0,0,0,0,0,0,0,0,0,0,0,0,0,557,0 );
INSERT INTO ACT_BLK VALUES ( 562,0,0,0,'','','',0,0,0,0,0,0,0,0,0,0,0,0,0,561,0 );
INSERT INTO ACT_BLK VALUES ( 566,0,0,0,'','','',0,0,0,0,0,0,0,0,0,0,0,0,0,565,0 );
INSERT INTO ACT_BLK VALUES ( 570,0,0,0,'','','',0,0,0,0,0,0,0,0,0,0,0,0,0,569,0 );
INSERT INTO ACT_BLK VALUES ( 574,0,0,0,'','','',0,0,0,0,0,0,0,0,0,0,0,0,0,573,0 );
INSERT INTO ACT_BLK VALUES ( 578,0,0,0,'','','',0,0,0,0,0,0,0,0,0,0,0,0,0,577,0 );
INSERT INTO ACT_BLK VALUES ( 582,0,0,0,'','','',0,0,0,0,0,0,0,0,0,0,0,0,0,581,0 );
INSERT INTO ACT_BLK VALUES ( 586,0,0,0,'','','',0,0,0,0,0,0,0,0,0,0,0,0,0,585,0 );
INSERT INTO ACT_BLK VALUES ( 590,0,0,0,'','','',0,0,0,0,0,0,0,0,0,0,0,0,0,589,0 );
INSERT INTO ACT_BLK VALUES ( 594,0,0,0,'','','',0,0,0,0,0,0,0,0,0,0,0,0,0,593,0 );
INSERT INTO ACT_BLK VALUES ( 598,0,0,0,'','','',0,0,0,0,0,0,0,0,0,0,0,0,0,597,0 );
INSERT INTO ACT_BLK VALUES ( 602,0,0,0,'','','',0,0,0,0,0,0,0,0,0,0,0,0,0,601,0 );
INSERT INTO ACT_BLK VALUES ( 606,0,0,0,'','','',0,0,0,0,0,0,0,0,0,0,0,0,0,605,0 );
INSERT INTO ACT_BLK VALUES ( 610,0,0,0,'','','',0,0,0,0,0,0,0,0,0,0,0,0,0,609,0 );
INSERT INTO ACT_BLK VALUES ( 614,0,0,0,'','','',0,0,0,0,0,0,0,0,0,0,0,0,0,613,0 );
INSERT INTO ACT_BLK VALUES ( 618,0,0,0,'','','',0,0,0,0,0,0,0,0,0,0,0,0,0,617,0 );
INSERT INTO ACT_BLK VALUES ( 622,0,0,0,'','','',0,0,0,0,0,0,0,0,0,0,0,0,0,621,0 );
INSERT INTO ACT_BLK VALUES ( 626,0,0,0,'','','',0,0,0,0,0,0,0,0,0,0,0,0,0,625,0 );
INSERT INTO ACT_BLK VALUES ( 630,0,0,0,'','','',0,0,0,0,0,0,0,0,0,0,0,0,0,629,0 );
INSERT INTO ACT_BLK VALUES ( 634,0,0,0,'','','',0,0,0,0,0,0,0,0,0,0,0,0,0,633,0 );
INSERT INTO ACT_BLK VALUES ( 640,0,0,0,'','','',0,0,0,0,0,0,0,0,0,0,0,0,0,639,0 );
INSERT INTO ACT_BLK VALUES ( 666,0,0,0,'','','',0,0,0,0,0,0,0,0,0,0,0,0,0,665,0 );
INSERT INTO ACT_BLK VALUES ( 672,0,0,0,'','','',0,0,0,0,0,0,0,0,0,0,0,0,0,671,0 );
INSERT INTO ACT_BLK VALUES ( 683,0,0,0,'','','',0,0,0,0,0,0,0,0,0,0,0,0,0,682,0 );
INSERT INTO ACT_BLK VALUES ( 687,0,0,0,'','','',0,0,0,0,0,0,0,0,0,0,0,0,0,686,0 );
INSERT INTO ACT_BLK VALUES ( 691,0,0,0,'','','',0,0,0,0,0,0,0,0,0,0,0,0,0,690,0 );
INSERT INTO ACT_BLK VALUES ( 695,0,0,0,'','','',0,0,0,0,0,0,0,0,0,0,0,0,0,694,0 );
INSERT INTO ACT_BLK VALUES ( 699,0,0,0,'','','',0,0,0,0,0,0,0,0,0,0,0,0,0,698,0 );
INSERT INTO ACT_BLK VALUES ( 702,0,0,0,'','','',0,0,0,0,0,0,0,0,0,0,0,0,0,701,0 );
INSERT INTO ACT_BLK VALUES ( 728,0,0,0,'','','',0,0,0,0,0,0,0,0,0,0,0,0,0,727,0 );
INSERT INTO ACT_BLK VALUES ( 731,0,0,0,'','','',0,0,0,0,0,0,0,0,0,0,0,0,0,730,0 );
INSERT INTO ACT_BLK VALUES ( 734,0,0,0,'','','',0,0,0,0,0,0,0,0,0,0,0,0,0,733,0 );
INSERT INTO ACT_BLK VALUES ( 737,0,0,0,'','','',0,0,0,0,0,0,0,0,0,0,0,0,0,736,0 );
INSERT INTO ACT_BLK VALUES ( 740,0,0,0,'','','',0,0,0,0,0,0,0,0,0,0,0,0,0,739,0 );
INSERT INTO ACT_BLK VALUES ( 743,0,0,0,'','','',0,0,0,0,0,0,0,0,0,0,0,0,0,742,0 );
INSERT INTO ACT_BLK VALUES ( 746,0,0,0,'','','',0,0,0,0,0,0,0,0,0,0,0,0,0,745,0 );
INSERT INTO ACT_BLK VALUES ( 749,0,0,0,'','','',0,0,0,0,0,0,0,0,0,0,0,0,0,748,0 );
INSERT INTO ACT_BLK VALUES ( 752,0,0,0,'LOG','','',1,1,1,1,0,0,0,0,0,0,0,0,0,751,0 );
INSERT INTO ACT_BLK VALUES ( 758,0,0,0,'LOG','','',1,1,1,1,0,0,0,0,0,0,0,0,0,757,0 );
INSERT INTO ACT_BLK VALUES ( 766,0,0,0,'','','',0,0,0,0,0,0,0,0,0,0,0,0,0,765,0 );
INSERT INTO ACT_BLK VALUES ( 769,1,0,0,'V_VAR.Var_ID','sessionID','sessionID',4,1,2,33,0,0,0,0,0,0,0,0,0,768,0 );
INSERT INTO ACT_BLK VALUES ( 786,0,0,0,'','','',0,0,0,0,0,0,0,0,0,0,0,0,0,785,0 );
INSERT INTO ACT_BLK VALUES ( 789,0,0,0,'','','',0,0,0,0,0,0,0,0,0,0,0,0,0,788,0 );
INSERT INTO ACT_BLK VALUES ( 792,1,0,0,'V_VAR.Var_ID','facilityType','facilityType',3,1,1,36,0,0,0,0,0,0,0,0,0,791,0 );
INSERT INTO ACT_BLK VALUES ( 806,0,0,0,'V_VAR.Var_ID','','',4,1,3,33,0,0,0,0,0,0,0,0,0,805,0 );
INSERT INTO ACT_BLK VALUES ( 825,0,0,0,'LOG','','',1,1,1,1,0,0,0,0,0,0,0,0,0,824,0 );
INSERT INTO ACT_BLK VALUES ( 831,0,0,0,'BookingProvider','','',2,1,2,6,0,0,0,0,0,0,0,0,0,830,0 );
INSERT INTO ACT_BLK VALUES ( 838,0,0,0,'TIM','','',2,1,4,21,0,0,0,0,0,0,0,0,0,837,0 );
INSERT INTO ACT_BLK VALUES ( 862,0,0,0,'','','',0,0,0,0,0,0,0,0,0,0,0,0,0,861,0 );
INSERT INTO ACT_BLK VALUES ( 866,0,0,0,'','','',0,0,0,0,0,0,0,0,0,0,0,0,0,865,0 );
INSERT INTO ACT_BLK VALUES ( 870,0,0,0,'','','',1,1,0,0,0,0,0,0,0,0,0,0,0,869,0 );
INSERT INTO ACT_BLK VALUES ( 884,0,0,0,'StaffInterface','','',3,1,3,6,0,0,0,0,0,0,0,0,0,883,0 );
INSERT INTO ACT_BLK VALUES ( 898,0,0,0,'StaffInterface','','',5,1,5,6,0,0,0,0,0,0,0,0,0,897,0 );
INSERT INTO ACT_BLK VALUES ( 913,0,0,0,'','','',0,0,0,0,0,0,0,0,0,0,0,0,0,912,0 );
INSERT INTO ACT_BLK VALUES ( 917,0,0,0,'','','',0,0,0,0,0,0,0,0,0,0,0,0,0,916,0 );
INSERT INTO ACT_BLK VALUES ( 921,0,0,0,'','','',0,0,0,0,0,0,0,0,0,0,0,0,0,920,0 );
INSERT INTO ACT_BLK VALUES ( 952,0,0,0,'','','',0,0,0,0,0,0,0,0,0,0,0,0,0,951,0 );
INSERT INTO ACT_BLK VALUES ( 956,0,0,0,'','','',0,0,0,0,0,0,0,0,0,0,0,0,0,955,0 );
INSERT INTO ACT_BLK VALUES ( 959,0,0,0,'','','',0,0,0,0,0,0,0,0,0,0,0,0,0,958,0 );
INSERT INTO ACT_BLK VALUES ( 964,0,0,0,'','','',0,0,0,0,0,0,0,0,0,0,0,0,0,963,0 );
INSERT INTO ACT_BLK VALUES ( 969,0,0,0,'','','',0,0,0,0,0,0,0,0,0,0,0,0,0,968,0 );
INSERT INTO ACT_BLK VALUES ( 974,0,0,0,'','','',0,0,0,0,0,0,0,0,0,0,0,0,0,973,0 );
INSERT INTO ACT_ACT VALUES ( 9,'signal',0,10,0,0,'UserInterface::BookingProvider::requestAvailableBookables',0 );
INSERT INTO ACT_ACT VALUES ( 91,'signal',0,92,0,0,'UserInterface::BookingProvider::available',0 );
INSERT INTO ACT_ACT VALUES ( 95,'signal',0,96,0,0,'UserInterface::BookingProvider::select',0 );
INSERT INTO ACT_ACT VALUES ( 99,'signal',0,100,0,0,'UserInterface::BookingProvider::extraServices',0 );
INSERT INTO ACT_ACT VALUES ( 103,'signal',0,104,0,0,'UserInterface::BookingProvider::addServices',0 );
INSERT INTO ACT_ACT VALUES ( 107,'signal',0,108,0,0,'UserInterface::BookingProvider::customerDetails',0 );
INSERT INTO ACT_ACT VALUES ( 111,'signal',0,112,0,0,'UserInterface::BookingProvider::addGuest',0 );
INSERT INTO ACT_ACT VALUES ( 115,'signal',0,116,0,0,'UserInterface::BookingProvider::paymentInfo',0 );
INSERT INTO ACT_ACT VALUES ( 119,'signal',0,120,0,0,'UserInterface::BookingProvider::bookingConfirmation',0 );
INSERT INTO ACT_ACT VALUES ( 122,'signal',0,123,0,0,'UserInterface::BookingProvider::errorSignal',0 );
INSERT INTO ACT_ACT VALUES ( 126,'signal',0,127,0,0,'UserInterface::BookingProvider::requestSession',0 );
INSERT INTO ACT_ACT VALUES ( 149,'signal',0,150,0,0,'UserInterface::BookingProvider::session',0 );
INSERT INTO ACT_ACT VALUES ( 156,'signal',0,157,0,0,'Port1::StaffInterface::addFacility',0 );
INSERT INTO ACT_ACT VALUES ( 188,'signal',0,189,0,0,'Port1::StaffInterface::addFacilityType',0 );
INSERT INTO ACT_ACT VALUES ( 252,'signal',0,253,0,0,'Port1::StaffInterface::sendFacilityType',0 );
INSERT INTO ACT_ACT VALUES ( 356,'function',0,357,0,0,'PopulateFacilityTypes',0 );
INSERT INTO ACT_ACT VALUES ( 422,'operation',0,423,0,0,'Billing::isPayed',0 );
INSERT INTO ACT_ACT VALUES ( 424,'operation',0,425,0,0,'Billing::getCost',0 );
INSERT INTO ACT_ACT VALUES ( 437,'operation',0,438,0,0,'Bookable::isAvailable',0 );
INSERT INTO ACT_ACT VALUES ( 440,'operation',0,441,0,0,'Bookable::getBookableRepresentation',0 );
INSERT INTO ACT_ACT VALUES ( 456,'operation',0,457,0,0,'Booking::addGuest',0 );
INSERT INTO ACT_ACT VALUES ( 459,'operation',0,460,0,0,'Booking::getBookingInfo',0 );
INSERT INTO ACT_ACT VALUES ( 463,'operation',0,464,0,0,'Booking::setCustomer',0 );
INSERT INTO ACT_ACT VALUES ( 467,'operation',0,468,0,0,'Booking::addBookable',0 );
INSERT INTO ACT_ACT VALUES ( 470,'operation',0,471,0,0,'Booking::addService',0 );
INSERT INTO ACT_ACT VALUES ( 480,'operation',0,481,0,0,'BookingSession::addGuest',0 );
INSERT INTO ACT_ACT VALUES ( 485,'operation',0,486,0,0,'BookingSession::createGuest',0 );
INSERT INTO ACT_ACT VALUES ( 489,'operation',0,490,0,0,'BookingSession::selectBookable',0 );
INSERT INTO ACT_ACT VALUES ( 493,'operation',0,494,0,0,'BookingSession::addService',0 );
INSERT INTO ACT_ACT VALUES ( 496,'operation',0,497,0,0,'BookingSession::createCustomer',0 );
INSERT INTO ACT_ACT VALUES ( 501,'operation',0,502,0,0,'BookingSession::search',0 );
INSERT INTO ACT_ACT VALUES ( 523,'state',0,524,0,0,'BookingSession::ready',0 );
INSERT INTO ACT_ACT VALUES ( 529,'state',0,530,0,0,'BookingSession::customerProvided',0 );
INSERT INTO ACT_ACT VALUES ( 533,'state',0,534,0,0,'BookingSession::finallyReady',0 );
INSERT INTO ACT_ACT VALUES ( 537,'state',0,538,0,0,'BookingSession::selected',0 );
INSERT INTO ACT_ACT VALUES ( 541,'state',0,542,0,0,'BookingSession::guestAdded',0 );
INSERT INTO ACT_ACT VALUES ( 545,'state',0,546,0,0,'BookingSession::addService',0 );
INSERT INTO ACT_ACT VALUES ( 549,'state',0,550,0,0,'BookingSession::paymentSuggested',0 );
INSERT INTO ACT_ACT VALUES ( 553,'state',0,554,0,0,'BookingSession::confirmation',0 );
INSERT INTO ACT_ACT VALUES ( 557,'state',0,558,0,0,'BookingSession::accepted',0 );
INSERT INTO ACT_ACT VALUES ( 561,'state',0,562,0,0,'BookingSession::aborted',0 );
INSERT INTO ACT_ACT VALUES ( 565,'state',0,566,0,0,'BookingSession::searched',0 );
INSERT INTO ACT_ACT VALUES ( 569,'transition',0,570,0,0,'No Event Assigned',0 );
INSERT INTO ACT_ACT VALUES ( 573,'transition',0,574,0,0,'BOOKINGSESSION2: addGuestEvent',0 );
INSERT INTO ACT_ACT VALUES ( 577,'transition',0,578,0,0,'BOOKINGSESSION3: addServiceEvent',0 );
INSERT INTO ACT_ACT VALUES ( 581,'transition',0,582,0,0,'BOOKINGSESSION2: addGuestEvent',0 );
INSERT INTO ACT_ACT VALUES ( 585,'transition',0,586,0,0,'BOOKINGSESSION3: addServiceEvent',0 );
INSERT INTO ACT_ACT VALUES ( 589,'transition',0,590,0,0,'BOOKINGSESSION4: confirmEvent',0 );
INSERT INTO ACT_ACT VALUES ( 593,'transition',0,594,0,0,'BOOKINGSESSION4: confirmEvent',0 );
INSERT INTO ACT_ACT VALUES ( 597,'transition',0,598,0,0,'BOOKINGSESSION5: customerDetailsEvent',0 );
INSERT INTO ACT_ACT VALUES ( 601,'transition',0,602,0,0,'BOOKINGSESSION6: paymentInfoEvent',0 );
INSERT INTO ACT_ACT VALUES ( 605,'transition',0,606,0,0,'BOOKINGSESSION7: paymentConfirmedEvent',0 );
INSERT INTO ACT_ACT VALUES ( 609,'transition',0,610,0,0,'BOOKINGSESSION4: confirmEvent',0 );
INSERT INTO ACT_ACT VALUES ( 613,'transition',0,614,0,0,'BOOKINGSESSION8: cancelEvent',0 );
INSERT INTO ACT_ACT VALUES ( 617,'transition',0,618,0,0,'BOOKINGSESSION1: selectEvent',0 );
INSERT INTO ACT_ACT VALUES ( 621,'transition',0,622,0,0,'BOOKINGSESSION1: selectEvent',0 );
INSERT INTO ACT_ACT VALUES ( 625,'transition',0,626,0,0,'BOOKINGSESSION9: searchEvent',0 );
INSERT INTO ACT_ACT VALUES ( 629,'transition',0,630,0,0,'BOOKINGSESSION9: searchEvent',0 );
INSERT INTO ACT_ACT VALUES ( 633,'transition',0,634,0,0,'BOOKINGSESSION9: searchEvent',0 );
INSERT INTO ACT_ACT VALUES ( 639,'class state',0,640,0,0,'BookingSession::Standby',0 );
INSERT INTO ACT_ACT VALUES ( 665,'operation',0,666,0,0,'FacilityType::getPossibleExtras',0 );
INSERT INTO ACT_ACT VALUES ( 671,'operation',0,672,0,0,'Guest::setFacility',0 );
INSERT INTO ACT_ACT VALUES ( 682,'operation',0,683,0,0,'Hotel::createFacilityGroup',0 );
INSERT INTO ACT_ACT VALUES ( 686,'operation',0,687,0,0,'Hotel::createStaff',0 );
INSERT INTO ACT_ACT VALUES ( 690,'operation',0,691,0,0,'Hotel::createService',0 );
INSERT INTO ACT_ACT VALUES ( 694,'operation',0,695,0,0,'Hotel::createFacility',0 );
INSERT INTO ACT_ACT VALUES ( 698,'operation',0,699,0,0,'Hotel::availableBookables',0 );
INSERT INTO ACT_ACT VALUES ( 701,'operation',0,702,0,0,'Hotel::addBooking',0 );
INSERT INTO ACT_ACT VALUES ( 727,'signal',0,728,0,0,'UserInterface::BookingProvider::requestAvailableBookables',0 );
INSERT INTO ACT_ACT VALUES ( 730,'signal',0,731,0,0,'UserInterface::BookingProvider::available',0 );
INSERT INTO ACT_ACT VALUES ( 733,'signal',0,734,0,0,'UserInterface::BookingProvider::select',0 );
INSERT INTO ACT_ACT VALUES ( 736,'signal',0,737,0,0,'UserInterface::BookingProvider::extraServices',0 );
INSERT INTO ACT_ACT VALUES ( 739,'signal',0,740,0,0,'UserInterface::BookingProvider::addServices',0 );
INSERT INTO ACT_ACT VALUES ( 742,'signal',0,743,0,0,'UserInterface::BookingProvider::customerDetails',0 );
INSERT INTO ACT_ACT VALUES ( 745,'signal',0,746,0,0,'UserInterface::BookingProvider::addGuest',0 );
INSERT INTO ACT_ACT VALUES ( 748,'signal',0,749,0,0,'UserInterface::BookingProvider::paymentInfo',0 );
INSERT INTO ACT_ACT VALUES ( 751,'signal',0,752,0,0,'UserInterface::BookingProvider::bookingConfirmation',0 );
INSERT INTO ACT_ACT VALUES ( 757,'signal',0,758,0,0,'UserInterface::BookingProvider::errorSignal',0 );
INSERT INTO ACT_ACT VALUES ( 765,'signal',0,766,0,0,'UserInterface::BookingProvider::requestSession',0 );
INSERT INTO ACT_ACT VALUES ( 768,'signal',0,769,0,0,'UserInterface::BookingProvider::session',0 );
INSERT INTO ACT_ACT VALUES ( 785,'signal',0,786,0,0,'Port1::StaffInterface::addFacility',0 );
INSERT INTO ACT_ACT VALUES ( 788,'signal',0,789,0,0,'Port1::StaffInterface::addFacilityType',0 );
INSERT INTO ACT_ACT VALUES ( 791,'signal',0,792,0,0,'Port1::StaffInterface::sendFacilityType',0 );
INSERT INTO ACT_ACT VALUES ( 805,'function',0,806,0,0,'startSimpleTest',0 );
INSERT INTO ACT_ACT VALUES ( 824,'state',0,825,0,0,'SimpleTest::entryPoint',0 );
INSERT INTO ACT_ACT VALUES ( 830,'state',0,831,0,0,'SimpleTest::requestSession',0 );
INSERT INTO ACT_ACT VALUES ( 837,'state',0,838,0,0,'SimpleTest::requestAvailableBookables',0 );
INSERT INTO ACT_ACT VALUES ( 861,'transition',0,862,0,0,'No Event Assigned',0 );
INSERT INTO ACT_ACT VALUES ( 865,'transition',0,866,0,0,'SIMPLETEST1: start',0 );
INSERT INTO ACT_ACT VALUES ( 869,'transition',0,870,0,0,'SIMPLETEST2: sessionEvent',0 );
INSERT INTO ACT_ACT VALUES ( 883,'state',0,884,0,0,'Setup::Setup',0 );
INSERT INTO ACT_ACT VALUES ( 897,'state',0,898,0,0,'Setup::CreateFacilities',0 );
INSERT INTO ACT_ACT VALUES ( 912,'transition',0,913,0,0,'No Event Assigned',0 );
INSERT INTO ACT_ACT VALUES ( 916,'transition',0,917,0,0,'SETUP1: facilityTypeAdded',0 );
INSERT INTO ACT_ACT VALUES ( 920,'transition',0,921,0,0,'SETUP1: facilityTypeAdded',0 );
INSERT INTO ACT_ACT VALUES ( 951,'bridge',0,952,0,0,'Logging::LogSuccess',0 );
INSERT INTO ACT_ACT VALUES ( 955,'bridge',0,956,0,0,'Logging::LogFailure',0 );
INSERT INTO ACT_ACT VALUES ( 958,'bridge',0,959,0,0,'Logging::LogInfo',0 );
INSERT INTO ACT_ACT VALUES ( 963,'bridge',0,964,0,0,'Logging::LogDate',0 );
INSERT INTO ACT_ACT VALUES ( 968,'bridge',0,969,0,0,'Logging::LogTime',0 );
INSERT INTO ACT_ACT VALUES ( 973,'bridge',0,974,0,0,'Logging::LogReal',0 );
INSERT INTO ACT_AI VALUES ( 31,33,34,0,0 );
INSERT INTO ACT_AI VALUES ( 179,181,182,0,0 );
INSERT INTO ACT_AI VALUES ( 229,232,233,0,0 );
INSERT INTO ACT_AI VALUES ( 231,235,236,0,0 );
INSERT INTO ACT_AI VALUES ( 234,238,239,0,0 );
INSERT INTO ACT_AI VALUES ( 237,240,241,0,0 );
INSERT INTO ACT_AI VALUES ( 363,365,366,0,0 );
INSERT INTO ACT_AI VALUES ( 364,368,369,0,0 );
INSERT INTO ACT_AI VALUES ( 367,371,372,0,0 );
INSERT INTO ACT_AI VALUES ( 375,377,378,0,0 );
INSERT INTO ACT_AI VALUES ( 381,383,384,0,0 );
INSERT INTO ACT_AI VALUES ( 387,388,389,0,0 );
INSERT INTO ACT_AI VALUES ( 442,443,444,0,0 );
INSERT INTO ACT_AI VALUES ( 871,872,873,0,0 );
INSERT INTO ACT_SEL VALUES ( 63,65,1,'one',66 );
INSERT INTO ACT_FOR VALUES ( 35,38,1,39,40,41 );
INSERT INTO ACT_REL VALUES ( 133,132,134,'',137,6,34,0,0 );
INSERT INTO ACT_REL VALUES ( 178,160,163,'',180,4,24,0,0 );
INSERT INTO ACT_REL VALUES ( 193,192,194,'',68,4,23,0,0 );
INSERT INTO ACT_REL VALUES ( 228,194,197,'',230,13,23,0,0 );
INSERT INTO ACT_REL VALUES ( 361,360,362,'',68,4,23,0,0 );
INSERT INTO ACT_REL VALUES ( 373,374,360,'',180,12,24,0,0 );
INSERT INTO ACT_REL VALUES ( 379,380,360,'',180,16,24,0,0 );
INSERT INTO ACT_REL VALUES ( 385,386,360,'',180,20,24,0,0 );
INSERT INTO ACT_E VALUES ( 18,19,12 );
INSERT INTO ACT_FIW VALUES ( 11,13,1,'any',14,15,1,38 );
INSERT INTO ACT_FIW VALUES ( 159,163,1,'any',164,41,2,33 );
INSERT INTO ACT_FIO VALUES ( 195,197,1,'any',198,6,32 );
INSERT INTO ACT_FIO VALUES ( 503,505,1,'many',41,1,33 );
INSERT INTO ACT_FIO VALUES ( 771,773,1,'any',774,2,33 );
INSERT INTO ACT_FIO VALUES ( 793,795,1,'any',796,1,36 );
INSERT INTO ACT_CR VALUES ( 129,132,1,15,3,35 );
INSERT INTO ACT_CR VALUES ( 131,134,1,135,5,35 );
INSERT INTO ACT_CR VALUES ( 158,160,1,161,1,29 );
INSERT INTO ACT_CR VALUES ( 190,192,1,41,1,30 );
INSERT INTO ACT_CR VALUES ( 191,194,1,69,2,29 );
INSERT INTO ACT_CR VALUES ( 227,197,0,198,9,30 );
INSERT INTO ACT_CR VALUES ( 358,360,1,41,2,30 );
INSERT INTO ACT_CR VALUES ( 359,362,1,69,3,29 );
INSERT INTO ACT_CR VALUES ( 370,374,1,161,11,30 );
INSERT INTO ACT_CR VALUES ( 376,380,1,161,15,30 );
INSERT INTO ACT_CR VALUES ( 382,386,1,161,19,30 );
INSERT INTO ACT_CR VALUES ( 808,810,1,774,2,30 );
INSERT INTO ACT_CR VALUES ( 809,812,1,796,3,33 );
INSERT INTO ACT_IF VALUES ( 12,16,17,0,0 );
INSERT INTO ACT_IF VALUES ( 32,36,37,0,0 );
INSERT INTO ACT_IF VALUES ( 162,165,166,0,0 );
INSERT INTO ACT_IF VALUES ( 196,200,201,0,0 );
INSERT INTO ACT_IF VALUES ( 199,203,204,0,0 );
INSERT INTO ACT_BRG VALUES ( 128,130,2,6,2,1 );
INSERT INTO ACT_BRG VALUES ( 525,130,1,6,1,1 );
INSERT INTO ACT_BRG VALUES ( 753,130,1,6,1,1 );
INSERT INTO ACT_BRG VALUES ( 759,130,1,6,1,1 );
INSERT INTO ACT_BRG VALUES ( 770,130,1,6,1,1 );
INSERT INTO ACT_BRG VALUES ( 807,130,1,6,1,1 );
INSERT INTO ACT_BRG VALUES ( 826,130,1,6,1,1 );
INSERT INTO ACT_BRG VALUES ( 832,130,1,6,1,1 );
INSERT INTO ACT_BRG VALUES ( 839,130,1,6,1,1 );
INSERT INTO ACT_BRG VALUES ( 899,130,2,6,2,1 );
INSERT INTO ACT_SR VALUES ( 63 );
INSERT INTO ACT_RET VALUES ( 504,506 );
INSERT INTO ACT_LNK VALUES ( 67,'',63,68,0,2,69,12,31,12,40,0,0 );
INSERT INTO ACT_SGN VALUES ( 59,8,25,8,8,60,0,0 );
INSERT INTO ACT_SGN VALUES ( 64,13,25,13,8,70,0,0 );
INSERT INTO ACT_SGN VALUES ( 88,20,24,20,7,60,0,0 );
INSERT INTO ACT_SGN VALUES ( 136,8,23,8,6,138,0,0 );
INSERT INTO ACT_SGN VALUES ( 202,21,22,21,6,205,0,0 );
INSERT INTO ACT_SGN VALUES ( 833,2,23,2,6,0,764,0 );
INSERT INTO ACT_SGN VALUES ( 840,2,23,2,6,0,726,0 );
INSERT INTO ACT_SGN VALUES ( 885,2,22,2,6,0,787,0 );
INSERT INTO ACT_SGN VALUES ( 886,3,22,3,6,0,787,0 );
INSERT INTO ACT_SGN VALUES ( 900,3,22,3,6,0,784,0 );
INSERT INTO ACT_SGN VALUES ( 901,4,22,4,6,0,784,0 );
INSERT INTO ACT_SGN VALUES ( 902,5,22,5,6,0,784,0 );
INSERT INTO ACT_SAB VALUES ( 523,511,522 );
INSERT INTO ACT_SAB VALUES ( 529,511,528 );
INSERT INTO ACT_SAB VALUES ( 533,511,532 );
INSERT INTO ACT_SAB VALUES ( 537,511,536 );
INSERT INTO ACT_SAB VALUES ( 541,511,540 );
INSERT INTO ACT_SAB VALUES ( 545,511,544 );
INSERT INTO ACT_SAB VALUES ( 549,511,548 );
INSERT INTO ACT_SAB VALUES ( 553,511,552 );
INSERT INTO ACT_SAB VALUES ( 557,511,556 );
INSERT INTO ACT_SAB VALUES ( 561,511,560 );
INSERT INTO ACT_SAB VALUES ( 565,511,564 );
INSERT INTO ACT_SAB VALUES ( 639,635,638 );
INSERT INTO ACT_SAB VALUES ( 824,820,823 );
INSERT INTO ACT_SAB VALUES ( 830,820,829 );
INSERT INTO ACT_SAB VALUES ( 837,820,836 );
INSERT INTO ACT_SAB VALUES ( 883,879,882 );
INSERT INTO ACT_SAB VALUES ( 897,879,896 );
INSERT INTO ACT_FNB VALUES ( 356,354 );
INSERT INTO ACT_FNB VALUES ( 805,804 );
INSERT INTO ACT_OPB VALUES ( 422,420 );
INSERT INTO ACT_OPB VALUES ( 424,421 );
INSERT INTO ACT_OPB VALUES ( 437,435 );
INSERT INTO ACT_OPB VALUES ( 440,439 );
INSERT INTO ACT_OPB VALUES ( 456,452 );
INSERT INTO ACT_OPB VALUES ( 459,453 );
INSERT INTO ACT_OPB VALUES ( 463,458 );
INSERT INTO ACT_OPB VALUES ( 467,461 );
INSERT INTO ACT_OPB VALUES ( 470,465 );
INSERT INTO ACT_OPB VALUES ( 480,475 );
INSERT INTO ACT_OPB VALUES ( 485,476 );
INSERT INTO ACT_OPB VALUES ( 489,482 );
INSERT INTO ACT_OPB VALUES ( 493,487 );
INSERT INTO ACT_OPB VALUES ( 496,491 );
INSERT INTO ACT_OPB VALUES ( 501,43 );
INSERT INTO ACT_OPB VALUES ( 665,664 );
INSERT INTO ACT_OPB VALUES ( 671,669 );
INSERT INTO ACT_OPB VALUES ( 682,679 );
INSERT INTO ACT_OPB VALUES ( 686,680 );
INSERT INTO ACT_OPB VALUES ( 690,684 );
INSERT INTO ACT_OPB VALUES ( 694,688 );
INSERT INTO ACT_OPB VALUES ( 698,692 );
INSERT INTO ACT_OPB VALUES ( 701,696 );
INSERT INTO ACT_BRB VALUES ( 951,949 );
INSERT INTO ACT_BRB VALUES ( 955,953 );
INSERT INTO ACT_BRB VALUES ( 958,130 );
INSERT INTO ACT_BRB VALUES ( 963,960 );
INSERT INTO ACT_BRB VALUES ( 968,965 );
INSERT INTO ACT_BRB VALUES ( 973,970 );
INSERT INTO ACT_PSB VALUES ( 9,7 );
INSERT INTO ACT_PSB VALUES ( 91,70 );
INSERT INTO ACT_PSB VALUES ( 95,93 );
INSERT INTO ACT_PSB VALUES ( 99,97 );
INSERT INTO ACT_PSB VALUES ( 103,101 );
INSERT INTO ACT_PSB VALUES ( 107,105 );
INSERT INTO ACT_PSB VALUES ( 111,109 );
INSERT INTO ACT_PSB VALUES ( 115,113 );
INSERT INTO ACT_PSB VALUES ( 119,117 );
INSERT INTO ACT_PSB VALUES ( 122,60 );
INSERT INTO ACT_PSB VALUES ( 126,124 );
INSERT INTO ACT_PSB VALUES ( 149,138 );
INSERT INTO ACT_PSB VALUES ( 156,154 );
INSERT INTO ACT_PSB VALUES ( 188,186 );
INSERT INTO ACT_PSB VALUES ( 252,205 );
INSERT INTO ACT_RSB VALUES ( 727,726 );
INSERT INTO ACT_RSB VALUES ( 730,729 );
INSERT INTO ACT_RSB VALUES ( 733,732 );
INSERT INTO ACT_RSB VALUES ( 736,735 );
INSERT INTO ACT_RSB VALUES ( 739,738 );
INSERT INTO ACT_RSB VALUES ( 742,741 );
INSERT INTO ACT_RSB VALUES ( 745,744 );
INSERT INTO ACT_RSB VALUES ( 748,747 );
INSERT INTO ACT_RSB VALUES ( 751,750 );
INSERT INTO ACT_RSB VALUES ( 757,756 );
INSERT INTO ACT_RSB VALUES ( 765,764 );
INSERT INTO ACT_RSB VALUES ( 768,767 );
INSERT INTO ACT_RSB VALUES ( 785,784 );
INSERT INTO ACT_RSB VALUES ( 788,787 );
INSERT INTO ACT_RSB VALUES ( 791,790 );
INSERT INTO ACT_TAB VALUES ( 569,511,568 );
INSERT INTO ACT_TAB VALUES ( 573,511,572 );
INSERT INTO ACT_TAB VALUES ( 577,511,576 );
INSERT INTO ACT_TAB VALUES ( 581,511,580 );
INSERT INTO ACT_TAB VALUES ( 585,511,584 );
INSERT INTO ACT_TAB VALUES ( 589,511,588 );
INSERT INTO ACT_TAB VALUES ( 593,511,592 );
INSERT INTO ACT_TAB VALUES ( 597,511,596 );
INSERT INTO ACT_TAB VALUES ( 601,511,600 );
INSERT INTO ACT_TAB VALUES ( 605,511,604 );
INSERT INTO ACT_TAB VALUES ( 609,511,608 );
INSERT INTO ACT_TAB VALUES ( 613,511,612 );
INSERT INTO ACT_TAB VALUES ( 617,511,616 );
INSERT INTO ACT_TAB VALUES ( 621,511,620 );
INSERT INTO ACT_TAB VALUES ( 625,511,624 );
INSERT INTO ACT_TAB VALUES ( 629,511,628 );
INSERT INTO ACT_TAB VALUES ( 633,511,632 );
INSERT INTO ACT_TAB VALUES ( 861,820,860 );
INSERT INTO ACT_TAB VALUES ( 865,820,864 );
INSERT INTO ACT_TAB VALUES ( 869,820,868 );
INSERT INTO ACT_TAB VALUES ( 912,879,911 );
INSERT INTO ACT_TAB VALUES ( 916,879,915 );
INSERT INTO ACT_TAB VALUES ( 920,879,919 );
INSERT INTO E_GEN VALUES ( 772,773 );
INSERT INTO E_GEN VALUES ( 794,795 );
INSERT INTO E_GEN VALUES ( 811,810 );
INSERT INTO E_ESS VALUES ( 772,1,0,4,10,4,22,2,33,4,35,0,0 );
INSERT INTO E_ESS VALUES ( 794,1,0,3,10,3,17,1,36,3,35,0,0 );
INSERT INTO E_ESS VALUES ( 811,1,0,4,10,4,22,3,33,0,0,0,0 );
INSERT INTO E_GES VALUES ( 772 );
INSERT INTO E_GES VALUES ( 794 );
INSERT INTO E_GES VALUES ( 811 );
INSERT INTO E_GSME VALUES ( 772,776 );
INSERT INTO E_GSME VALUES ( 794,798 );
INSERT INTO E_GSME VALUES ( 811,813 );
INSERT INTO PE_PE VALUES ( 3,1,2,0,2 );
INSERT INTO PE_PE VALUES ( 254,1,0,3,7 );
INSERT INTO PE_PE VALUES ( 255,1,254,0,3 );
INSERT INTO PE_PE VALUES ( 172,1,254,0,3 );
INSERT INTO PE_PE VALUES ( 256,1,254,0,3 );
INSERT INTO PE_PE VALUES ( 145,1,254,0,3 );
INSERT INTO PE_PE VALUES ( 257,1,254,0,3 );
INSERT INTO PE_PE VALUES ( 76,1,254,0,3 );
INSERT INTO PE_PE VALUES ( 42,1,254,0,3 );
INSERT INTO PE_PE VALUES ( 55,1,254,0,3 );
INSERT INTO PE_PE VALUES ( 258,1,254,0,3 );
INSERT INTO PE_PE VALUES ( 260,1,254,0,3 );
INSERT INTO PE_PE VALUES ( 261,1,254,0,9 );
INSERT INTO PE_PE VALUES ( 137,1,254,0,9 );
INSERT INTO PE_PE VALUES ( 267,1,254,0,9 );
INSERT INTO PE_PE VALUES ( 271,1,254,0,9 );
INSERT INTO PE_PE VALUES ( 275,1,254,0,9 );
INSERT INTO PE_PE VALUES ( 278,1,254,0,9 );
INSERT INTO PE_PE VALUES ( 283,1,254,0,9 );
INSERT INTO PE_PE VALUES ( 287,1,254,0,9 );
INSERT INTO PE_PE VALUES ( 291,1,254,0,9 );
INSERT INTO PE_PE VALUES ( 299,1,254,0,9 );
INSERT INTO PE_PE VALUES ( 303,1,254,0,9 );
INSERT INTO PE_PE VALUES ( 306,1,254,0,9 );
INSERT INTO PE_PE VALUES ( 310,1,254,0,9 );
INSERT INTO PE_PE VALUES ( 313,1,254,0,9 );
INSERT INTO PE_PE VALUES ( 316,1,254,0,9 );
INSERT INTO PE_PE VALUES ( 319,1,254,0,9 );
INSERT INTO PE_PE VALUES ( 322,1,254,0,9 );
INSERT INTO PE_PE VALUES ( 327,1,254,0,9 );
INSERT INTO PE_PE VALUES ( 230,1,254,0,9 );
INSERT INTO PE_PE VALUES ( 332,1,254,0,9 );
INSERT INTO PE_PE VALUES ( 336,1,254,0,9 );
INSERT INTO PE_PE VALUES ( 339,1,254,0,9 );
INSERT INTO PE_PE VALUES ( 342,1,254,0,9 );
INSERT INTO PE_PE VALUES ( 345,1,254,0,9 );
INSERT INTO PE_PE VALUES ( 68,1,254,0,9 );
INSERT INTO PE_PE VALUES ( 180,1,254,0,9 );
INSERT INTO PE_PE VALUES ( 354,1,254,0,1 );
INSERT INTO PE_PE VALUES ( 269,1,254,0,4 );
INSERT INTO PE_PE VALUES ( 281,1,254,0,4 );
INSERT INTO PE_PE VALUES ( 288,1,254,0,4 );
INSERT INTO PE_PE VALUES ( 69,1,254,0,4 );
INSERT INTO PE_PE VALUES ( 135,1,254,0,4 );
INSERT INTO PE_PE VALUES ( 15,1,254,0,4 );
INSERT INTO PE_PE VALUES ( 293,1,254,0,4 );
INSERT INTO PE_PE VALUES ( 272,1,254,0,4 );
INSERT INTO PE_PE VALUES ( 295,1,254,0,4 );
INSERT INTO PE_PE VALUES ( 262,1,254,0,4 );
INSERT INTO PE_PE VALUES ( 161,1,254,0,4 );
INSERT INTO PE_PE VALUES ( 300,1,254,0,4 );
INSERT INTO PE_PE VALUES ( 41,1,254,0,4 );
INSERT INTO PE_PE VALUES ( 308,1,254,0,4 );
INSERT INTO PE_PE VALUES ( 198,1,254,0,4 );
INSERT INTO PE_PE VALUES ( 297,1,254,0,4 );
INSERT INTO PE_PE VALUES ( 334,1,254,0,4 );
INSERT INTO PE_PE VALUES ( 285,1,254,0,4 );
INSERT INTO PE_PE VALUES ( 325,1,254,0,4 );
INSERT INTO PE_PE VALUES ( 259,1,254,0,4 );
INSERT INTO PE_PE VALUES ( 323,1,254,0,4 );
INSERT INTO PE_PE VALUES ( 723,1,2,0,2 );
INSERT INTO PE_PE VALUES ( 802,1,0,723,7 );
INSERT INTO PE_PE VALUES ( 779,1,802,0,3 );
INSERT INTO PE_PE VALUES ( 803,1,802,0,3 );
INSERT INTO PE_PE VALUES ( 804,1,802,0,1 );
INSERT INTO PE_PE VALUES ( 774,1,802,0,4 );
INSERT INTO PE_PE VALUES ( 796,1,802,0,4 );
INSERT INTO PE_PE VALUES ( 922,1,2,0,7 );
INSERT INTO PE_PE VALUES ( 6,1,922,0,6 );
INSERT INTO PE_PE VALUES ( 153,1,922,0,6 );
INSERT INTO PE_PE VALUES ( 948,1,947,0,5 );
INSERT INTO PE_PE VALUES ( 977,1,947,0,5 );
INSERT INTO PE_PE VALUES ( 1017,1,1016,0,21 );
INSERT INTO PE_PE VALUES ( 1022,1,1016,0,21 );
INSERT INTO PE_PE VALUES ( 1019,1,1016,0,22 );
INSERT INTO PE_PE VALUES ( 1021,1,1016,0,22 );
INSERT INTO PE_PE VALUES ( 355,1,0,0,3 );
INSERT INTO PE_PE VALUES ( 25,1,0,0,3 );
INSERT INTO PE_PE VALUES ( 50,1,0,0,3 );
INSERT INTO PE_PE VALUES ( 243,1,0,0,3 );
INSERT INTO PE_PE VALUES ( 62,1,0,0,3 );
INSERT INTO PE_PE VALUES ( 23,1,0,0,3 );
INSERT INTO PE_PE VALUES ( 510,1,0,0,3 );
INSERT INTO PE_PE VALUES ( 1025,1,0,0,3 );
INSERT INTO PE_PE VALUES ( 21,1,0,0,3 );
INSERT INTO PE_PE VALUES ( 1026,1,0,0,3 );
INSERT INTO PE_PE VALUES ( 1002,1,0,0,3 );
INSERT INTO PE_PE VALUES ( 1027,1,0,0,3 );
INSERT INTO PE_PE VALUES ( 1028,1,0,0,3 );
INSERT INTO PE_PE VALUES ( 1029,1,0,0,3 );
INSERT INTO PE_PE VALUES ( 45,1,0,0,3 );
INSERT INTO PE_PE VALUES ( 999,1,0,0,3 );
INSERT INTO PE_PE VALUES ( 428,1,0,0,3 );
INSERT INTO S_DT VALUES ( 255,0,'inst_ref_set<Facility>','','' );
INSERT INTO S_DT VALUES ( 172,0,'inst_ref<Facility>','','' );
INSERT INTO S_DT VALUES ( 256,0,'inst_ref_set<Booking>','','' );
INSERT INTO S_DT VALUES ( 145,0,'inst_ref<Booking>','','' );
INSERT INTO S_DT VALUES ( 257,0,'inst_ref_set<Bookable>','','' );
INSERT INTO S_DT VALUES ( 76,0,'inst_ref<Bookable>','','' );
INSERT INTO S_DT VALUES ( 42,0,'inst_ref_set<FacilityType>','','' );
INSERT INTO S_DT VALUES ( 55,0,'inst_ref<FacilityType>','','' );
INSERT INTO S_DT VALUES ( 258,0,'inst_ref_set<Service>','','' );
INSERT INTO S_DT VALUES ( 260,0,'inst_ref<Service>','','' );
INSERT INTO S_DT VALUES ( 779,0,'inst_ref<SimpleTest>','','' );
INSERT INTO S_DT VALUES ( 803,0,'inst_ref_set<SimpleTest>','','' );
INSERT INTO S_DT VALUES ( 355,0,'void','','' );
INSERT INTO S_DT VALUES ( 25,0,'boolean','','' );
INSERT INTO S_DT VALUES ( 50,0,'integer','','' );
INSERT INTO S_DT VALUES ( 243,0,'real','','' );
INSERT INTO S_DT VALUES ( 62,0,'string','','' );
INSERT INTO S_DT VALUES ( 23,0,'unique_id','','' );
INSERT INTO S_DT VALUES ( 510,0,'state<State_Model>','','' );
INSERT INTO S_DT VALUES ( 1025,0,'same_as<Base_Attribute>','','' );
INSERT INTO S_DT VALUES ( 21,0,'inst_ref<Object>','','' );
INSERT INTO S_DT VALUES ( 1026,0,'inst_ref_set<Object>','','' );
INSERT INTO S_DT VALUES ( 1002,0,'inst<Event>','','' );
INSERT INTO S_DT VALUES ( 1027,0,'inst<Mapping>','','' );
INSERT INTO S_DT VALUES ( 1028,0,'inst_ref<Mapping>','','' );
INSERT INTO S_DT VALUES ( 1029,0,'component_ref','','' );
INSERT INTO S_DT VALUES ( 45,0,'date','','' );
INSERT INTO S_DT VALUES ( 999,0,'inst_ref<Timer>','','' );
INSERT INTO S_DT VALUES ( 428,0,'timestamp','','' );
