-- root-types-contained: SystemModel_c,PackageableElement_c,DataType_c,CoreDataType_c,UserDataType_c
-- BP 7.1 content: StreamData syschar: 3 persistence-version: 7.1.6

INSERT INTO S_SYS
	VALUES ("77552e13-265a-4a67-beca-bb6af5f15d0b",
	'Hotel',
	1);
INSERT INTO EP_PKG
	VALUES ("08644b1f-a992-4e52-8ec3-1f5eff4dec19",
	"77552e13-265a-4a67-beca-bb6af5f15d0b",
	"77552e13-265a-4a67-beca-bb6af5f15d0b",
	'Library',
	'',
	0);
INSERT INTO PE_PE
	VALUES ("ab2192c8-8390-4631-9e2c-fca2a1f30c08",
	1,
	"08644b1f-a992-4e52-8ec3-1f5eff4dec19",
	"00000000-0000-0000-0000-000000000000",
	2);
INSERT INTO C_C
	VALUES ("ab2192c8-8390-4631-9e2c-fca2a1f30c08",
	"00000000-0000-0000-0000-000000000000",
	"00000000-0000-0000-0000-000000000000",
	'HotelComponent',
	'',
	0,
	"00000000-0000-0000-0000-000000000000",
	0,
	'');
INSERT INTO C_PO
	VALUES ("54eb899f-f23f-4a84-8403-f0454a9283e7",
	"ab2192c8-8390-4631-9e2c-fca2a1f30c08",
	'UserInterface',
	0,
	0);
INSERT INTO C_IR
	VALUES ("36293ad6-77b6-4c0b-a2dd-f02064f6189a",
	"708e7060-3f4e-41ab-94ce-7b712ad36251",
	"00000000-0000-0000-0000-000000000000",
	"54eb899f-f23f-4a84-8403-f0454a9283e7");
INSERT INTO C_P
	VALUES ("36293ad6-77b6-4c0b-a2dd-f02064f6189a",
	'BookingProvider',
	'Unnamed Interface',
	'',
	'HotelComponent::UserInterface::BookingProvider');
INSERT INTO SPR_PEP
	VALUES ("ad67a789-a0d9-4e09-8c1b-cc137ff39554",
	"8500002a-94f3-4a61-bfa8-32f8fd7d89b4",
	"36293ad6-77b6-4c0b-a2dd-f02064f6189a");
INSERT INTO SPR_PS
	VALUES ("ad67a789-a0d9-4e09-8c1b-cc137ff39554",
	'requestAvailableBookables',
	'',
	'select any session from instances of BOOKINGSESSION where (selected.ID == param.sessionID);

if (not_empty session)
	result = session.search(fromDate: param.fromDate, 
							toDate: param.toDate,
							facilityType: param.facilityType);
	if(empty result)
		send BookingProvider::errorSignal(message: "No rooms found");
	end if;
							
	for each ft in result		
		select one b related by ft->BOOKABLE[R2];
		send BookingProvider::available(id: ft.id , 
										price: b.price , 
										description: b.description,
										aproximateArea: ft.approximateArea,
										independent: false);
	end for;
else
	send BookingProvider::errorSignal(message: "Session not found");
end if;',
	1);
INSERT INTO ACT_PSB
	VALUES ("18348f8c-b618-4fd7-9016-e30ccb10eed2",
	"ad67a789-a0d9-4e09-8c1b-cc137ff39554");
INSERT INTO ACT_ACT
	VALUES ("18348f8c-b618-4fd7-9016-e30ccb10eed2",
	'signal',
	0,
	"d47bf3eb-1274-43f9-8353-0d14db3c522c",
	"00000000-0000-0000-0000-000000000000",
	0,
	'UserInterface::BookingProvider::requestAvailableBookables',
	"00000000-0000-0000-0000-000000000000");
INSERT INTO ACT_BLK
	VALUES ("d47bf3eb-1274-43f9-8353-0d14db3c522c",
	1,
	0,
	1,
	'',
	'',
	'',
	19,
	1,
	1,
	38,
	0,
	0,
	0,
	0,
	0,
	0,
	0,
	0,
	0,
	"18348f8c-b618-4fd7-9016-e30ccb10eed2",
	"00000000-0000-0000-0000-000000000000");
INSERT INTO ACT_SMT
	VALUES ("484d4ef5-3c66-4448-a865-8659c0f25ef0",
	"d47bf3eb-1274-43f9-8353-0d14db3c522c",
	"8ed8968a-476f-4a59-9894-a2d7f0d9a338",
	1,
	1,
	'UserInterface::BookingProvider::requestAvailableBookables line: 1');
INSERT INTO ACT_FIW
	VALUES ("484d4ef5-3c66-4448-a865-8659c0f25ef0",
	"96e30adb-661f-4669-9a3b-369c63a4e09b",
	1,
	'any',
	"7b9329d9-eb46-4aa9-a0fe-fe0f82050c72",
	"7137c09d-ba0e-406b-b3b5-76bb3cc48f3d",
	1,
	38);
INSERT INTO ACT_SMT
	VALUES ("8ed8968a-476f-4a59-9894-a2d7f0d9a338",
	"d47bf3eb-1274-43f9-8353-0d14db3c522c",
	"00000000-0000-0000-0000-000000000000",
	3,
	1,
	'UserInterface::BookingProvider::requestAvailableBookables line: 3');
INSERT INTO ACT_IF
	VALUES ("8ed8968a-476f-4a59-9894-a2d7f0d9a338",
	"88d68f6d-c86d-4093-b74f-16f4259fc2e9",
	"5f78568a-e0d4-46c0-b485-efa485c117cb",
	"00000000-0000-0000-0000-000000000000",
	"00000000-0000-0000-0000-000000000000");
INSERT INTO ACT_SMT
	VALUES ("b7b92331-6f3b-49e8-a167-e4ffa4e2f73e",
	"d47bf3eb-1274-43f9-8353-0d14db3c522c",
	"00000000-0000-0000-0000-000000000000",
	19,
	1,
	'UserInterface::BookingProvider::requestAvailableBookables line: 19');
INSERT INTO ACT_E
	VALUES ("b7b92331-6f3b-49e8-a167-e4ffa4e2f73e",
	"4e605b2b-95ae-45c9-ab1f-e680068fcb5e",
	"8ed8968a-476f-4a59-9894-a2d7f0d9a338");
INSERT INTO V_VAL
	VALUES ("f6ac7c73-94fe-4968-ad6c-0a8ab49fcf15",
	0,
	0,
	1,
	60,
	-1,
	0,
	0,
	0,
	0,
	"ba5eda7a-def5-0000-0000-000000000008",
	"d47bf3eb-1274-43f9-8353-0d14db3c522c");
INSERT INTO V_SLR
	VALUES ("f6ac7c73-94fe-4968-ad6c-0a8ab49fcf15",
	"00000000-0000-0000-0000-000000000000",
	"00000000-0000-0000-0000-000000000000",
	"00000000-0000-0000-0000-000000000000");
INSERT INTO V_VAL
	VALUES ("3575bd34-787f-4cd8-9ca4-7123db5d53b3",
	0,
	0,
	1,
	69,
	70,
	0,
	0,
	0,
	0,
	"ba5eda7a-def5-0000-0000-000000000005",
	"d47bf3eb-1274-43f9-8353-0d14db3c522c");
INSERT INTO V_AVL
	VALUES ("3575bd34-787f-4cd8-9ca4-7123db5d53b3",
	"f6ac7c73-94fe-4968-ad6c-0a8ab49fcf15",
	"7137c09d-ba0e-406b-b3b5-76bb3cc48f3d",
	"df46d3b5-7060-4611-8908-d535d035865a");
INSERT INTO V_VAL
	VALUES ("7b9329d9-eb46-4aa9-a0fe-fe0f82050c72",
	0,
	0,
	-1,
	-1,
	-1,
	0,
	0,
	0,
	0,
	"ba5eda7a-def5-0000-0000-000000000001",
	"d47bf3eb-1274-43f9-8353-0d14db3c522c");
INSERT INTO V_BIN
	VALUES ("7b9329d9-eb46-4aa9-a0fe-fe0f82050c72",
	"01a65db7-fc58-4092-bf08-e62d25813243",
	"3575bd34-787f-4cd8-9ca4-7123db5d53b3",
	'==');
INSERT INTO V_VAL
	VALUES ("01a65db7-fc58-4092-bf08-e62d25813243",
	0,
	0,
	1,
	81,
	89,
	0,
	0,
	0,
	0,
	"ba5eda7a-def5-0000-0000-000000000005",
	"d47bf3eb-1274-43f9-8353-0d14db3c522c");
INSERT INTO V_PVL
	VALUES ("01a65db7-fc58-4092-bf08-e62d25813243",
	"00000000-0000-0000-0000-000000000000",
	"00000000-0000-0000-0000-000000000000",
	"00000000-0000-0000-0000-000000000000",
	"440d61eb-481a-4ea0-b89c-0bc624d141a3");
INSERT INTO V_VAL
	VALUES ("c7eedab1-8f1e-46e9-8a32-afcb0f84c163",
	0,
	0,
	3,
	15,
	21,
	0,
	0,
	0,
	0,
	"ba5eda7a-def5-0000-0000-000000000008",
	"d47bf3eb-1274-43f9-8353-0d14db3c522c");
INSERT INTO V_IRF
	VALUES ("c7eedab1-8f1e-46e9-8a32-afcb0f84c163",
	"96e30adb-661f-4669-9a3b-369c63a4e09b");
INSERT INTO V_VAL
	VALUES ("5f78568a-e0d4-46c0-b485-efa485c117cb",
	0,
	0,
	-1,
	-1,
	-1,
	0,
	0,
	0,
	0,
	"ba5eda7a-def5-0000-0000-000000000001",
	"d47bf3eb-1274-43f9-8353-0d14db3c522c");
INSERT INTO V_UNY
	VALUES ("5f78568a-e0d4-46c0-b485-efa485c117cb",
	"c7eedab1-8f1e-46e9-8a32-afcb0f84c163",
	'not_empty');
INSERT INTO V_VAR
	VALUES ("96e30adb-661f-4669-9a3b-369c63a4e09b",
	"d47bf3eb-1274-43f9-8353-0d14db3c522c",
	'session',
	1,
	"ba5eda7a-def5-0000-0000-000000000008");
INSERT INTO V_INT
	VALUES ("96e30adb-661f-4669-9a3b-369c63a4e09b",
	0,
	"7137c09d-ba0e-406b-b3b5-76bb3cc48f3d");
INSERT INTO V_LOC
	VALUES ("9fffc593-b2e5-4251-916d-a5babde9e4e6",
	1,
	12,
	18,
	"96e30adb-661f-4669-9a3b-369c63a4e09b");
INSERT INTO V_LOC
	VALUES ("0547cccc-a806-402f-9dd5-290bafba229e",
	4,
	11,
	17,
	"96e30adb-661f-4669-9a3b-369c63a4e09b");
INSERT INTO ACT_BLK
	VALUES ("88d68f6d-c86d-4093-b74f-16f4259fc2e9",
	0,
	0,
	0,
	'',
	'',
	'',
	11,
	2,
	0,
	0,
	0,
	0,
	0,
	0,
	0,
	0,
	0,
	0,
	0,
	"18348f8c-b618-4fd7-9016-e30ccb10eed2",
	"00000000-0000-0000-0000-000000000000");
INSERT INTO ACT_SMT
	VALUES ("dc5a56d1-fad8-4f84-9ba3-3292f0a97b10",
	"88d68f6d-c86d-4093-b74f-16f4259fc2e9",
	"5fe55e60-c99d-4350-92b8-726751cc4ec8",
	4,
	2,
	'UserInterface::BookingProvider::requestAvailableBookables line: 4');
INSERT INTO ACT_AI
	VALUES ("dc5a56d1-fad8-4f84-9ba3-3292f0a97b10",
	"52bf8224-3b77-4fce-9d56-ebb4fbf968e9",
	"c9530920-52a7-4adc-9c52-2ec3d4754e7c",
	0,
	0);
INSERT INTO ACT_SMT
	VALUES ("5fe55e60-c99d-4350-92b8-726751cc4ec8",
	"88d68f6d-c86d-4093-b74f-16f4259fc2e9",
	"23d60c59-d733-4b8a-8b30-2b60c70c9453",
	7,
	2,
	'UserInterface::BookingProvider::requestAvailableBookables line: 7');
INSERT INTO ACT_IF
	VALUES ("5fe55e60-c99d-4350-92b8-726751cc4ec8",
	"a9862e13-8ba8-48d0-aeed-8399f28bcce5",
	"b3f605f9-effd-4564-b955-ed70fc014079",
	"00000000-0000-0000-0000-000000000000",
	"00000000-0000-0000-0000-000000000000");
INSERT INTO ACT_SMT
	VALUES ("23d60c59-d733-4b8a-8b30-2b60c70c9453",
	"88d68f6d-c86d-4093-b74f-16f4259fc2e9",
	"00000000-0000-0000-0000-000000000000",
	11,
	2,
	'UserInterface::BookingProvider::requestAvailableBookables line: 11');
INSERT INTO ACT_FOR
	VALUES ("23d60c59-d733-4b8a-8b30-2b60c70c9453",
	"70ac6229-aa39-40aa-92ff-675314886d29",
	1,
	"69dfc1cb-7b8d-4cdb-97eb-541b4a832b5f",
	"1b1a8e32-ba7e-4715-8bce-f9973d0ec452",
	"bafdc953-1881-43a3-a5f1-9dcc7e2d60c3");
INSERT INTO V_VAL
	VALUES ("c9530920-52a7-4adc-9c52-2ec3d4754e7c",
	1,
	1,
	4,
	2,
	7,
	0,
	0,
	0,
	0,
	"ebb6007c-c361-40c7-ad5b-5b07d6a01d41",
	"88d68f6d-c86d-4093-b74f-16f4259fc2e9");
INSERT INTO V_ISR
	VALUES ("c9530920-52a7-4adc-9c52-2ec3d4754e7c",
	"1b1a8e32-ba7e-4715-8bce-f9973d0ec452");
INSERT INTO V_VAL
	VALUES ("52bf8224-3b77-4fce-9d56-ebb4fbf968e9",
	0,
	0,
	4,
	19,
	-1,
	4,
	26,
	6,
	8,
	"ebb6007c-c361-40c7-ad5b-5b07d6a01d41",
	"88d68f6d-c86d-4093-b74f-16f4259fc2e9");
INSERT INTO V_TRV
	VALUES ("52bf8224-3b77-4fce-9d56-ebb4fbf968e9",
	"ad7ec6a1-0909-48cc-8bb1-e07002fbff5e",
	"96e30adb-661f-4669-9a3b-369c63a4e09b",
	1,
	0,
	0);
INSERT INTO V_VAL
	VALUES ("31723d34-3da3-4304-96a9-3c109165139d",
	0,
	0,
	4,
	42,
	49,
	0,
	0,
	0,
	0,
	"ba5eda7a-def5-0000-0000-00000000000e",
	"88d68f6d-c86d-4093-b74f-16f4259fc2e9");
INSERT INTO V_PVL
	VALUES ("31723d34-3da3-4304-96a9-3c109165139d",
	"00000000-0000-0000-0000-000000000000",
	"00000000-0000-0000-0000-000000000000",
	"00000000-0000-0000-0000-000000000000",
	"bb7fca6d-dbf4-4e65-bf71-bad1b55fe0c7");
INSERT INTO V_PAR
	VALUES ("31723d34-3da3-4304-96a9-3c109165139d",
	"00000000-0000-0000-0000-000000000000",
	"52bf8224-3b77-4fce-9d56-ebb4fbf968e9",
	'fromDate',
	"31a28322-3f24-4ece-8c4b-aac402609766",
	4,
	26);
INSERT INTO V_VAL
	VALUES ("31a28322-3f24-4ece-8c4b-aac402609766",
	0,
	0,
	5,
	22,
	27,
	0,
	0,
	0,
	0,
	"ba5eda7a-def5-0000-0000-00000000000e",
	"88d68f6d-c86d-4093-b74f-16f4259fc2e9");
INSERT INTO V_PVL
	VALUES ("31a28322-3f24-4ece-8c4b-aac402609766",
	"00000000-0000-0000-0000-000000000000",
	"00000000-0000-0000-0000-000000000000",
	"00000000-0000-0000-0000-000000000000",
	"5b1beab7-9ad5-43f6-84fb-0e6f38b599d5");
INSERT INTO V_PAR
	VALUES ("31a28322-3f24-4ece-8c4b-aac402609766",
	"00000000-0000-0000-0000-000000000000",
	"52bf8224-3b77-4fce-9d56-ebb4fbf968e9",
	'toDate',
	"727c1559-ef1f-4724-941d-88fc41dd0f67",
	5,
	8);
INSERT INTO V_VAL
	VALUES ("727c1559-ef1f-4724-941d-88fc41dd0f67",
	0,
	0,
	6,
	28,
	39,
	0,
	0,
	0,
	0,
	"ba5eda7a-def5-0000-0000-000000000002",
	"88d68f6d-c86d-4093-b74f-16f4259fc2e9");
INSERT INTO V_PVL
	VALUES ("727c1559-ef1f-4724-941d-88fc41dd0f67",
	"00000000-0000-0000-0000-000000000000",
	"00000000-0000-0000-0000-000000000000",
	"00000000-0000-0000-0000-000000000000",
	"904a3139-6502-47f8-a585-1b805644ae21");
INSERT INTO V_PAR
	VALUES ("727c1559-ef1f-4724-941d-88fc41dd0f67",
	"00000000-0000-0000-0000-000000000000",
	"52bf8224-3b77-4fce-9d56-ebb4fbf968e9",
	'facilityType',
	"00000000-0000-0000-0000-000000000000",
	6,
	8);
INSERT INTO V_VAL
	VALUES ("e0f017fc-5542-408c-9a0c-16c086bb715a",
	0,
	0,
	7,
	11,
	16,
	0,
	0,
	0,
	0,
	"ebb6007c-c361-40c7-ad5b-5b07d6a01d41",
	"88d68f6d-c86d-4093-b74f-16f4259fc2e9");
INSERT INTO V_ISR
	VALUES ("e0f017fc-5542-408c-9a0c-16c086bb715a",
	"1b1a8e32-ba7e-4715-8bce-f9973d0ec452");
INSERT INTO V_VAL
	VALUES ("b3f605f9-effd-4564-b955-ed70fc014079",
	0,
	0,
	-1,
	-1,
	-1,
	0,
	0,
	0,
	0,
	"ba5eda7a-def5-0000-0000-000000000001",
	"88d68f6d-c86d-4093-b74f-16f4259fc2e9");
INSERT INTO V_UNY
	VALUES ("b3f605f9-effd-4564-b955-ed70fc014079",
	"e0f017fc-5542-408c-9a0c-16c086bb715a",
	'empty');
INSERT INTO V_VAR
	VALUES ("1b1a8e32-ba7e-4715-8bce-f9973d0ec452",
	"88d68f6d-c86d-4093-b74f-16f4259fc2e9",
	'result',
	1,
	"ebb6007c-c361-40c7-ad5b-5b07d6a01d41");
INSERT INTO V_INS
	VALUES ("1b1a8e32-ba7e-4715-8bce-f9973d0ec452",
	"bafdc953-1881-43a3-a5f1-9dcc7e2d60c3");
INSERT INTO V_LOC
	VALUES ("166a0631-d9ba-4ae0-a73b-5f8e70e1d1b7",
	4,
	2,
	7,
	"1b1a8e32-ba7e-4715-8bce-f9973d0ec452");
INSERT INTO V_LOC
	VALUES ("70b4436b-4281-4e5c-beed-2d2faf5f2458",
	11,
	17,
	22,
	"1b1a8e32-ba7e-4715-8bce-f9973d0ec452");
INSERT INTO V_VAR
	VALUES ("69dfc1cb-7b8d-4cdb-97eb-541b4a832b5f",
	"88d68f6d-c86d-4093-b74f-16f4259fc2e9",
	'ft',
	1,
	"99dc6d1a-909c-4bcb-a5b6-04d65b974e90");
INSERT INTO V_INT
	VALUES ("69dfc1cb-7b8d-4cdb-97eb-541b4a832b5f",
	1,
	"bafdc953-1881-43a3-a5f1-9dcc7e2d60c3");
INSERT INTO V_LOC
	VALUES ("e4ee28a5-23ea-4de5-a572-7e862a2de7fc",
	11,
	11,
	12,
	"69dfc1cb-7b8d-4cdb-97eb-541b4a832b5f");
INSERT INTO V_LOC
	VALUES ("584a6dc3-48f9-4239-985d-a41cf4de9cf9",
	13,
	39,
	40,
	"69dfc1cb-7b8d-4cdb-97eb-541b4a832b5f");
INSERT INTO V_LOC
	VALUES ("b94209fb-3059-4646-b3b8-0ae6fd75cc21",
	16,
	27,
	28,
	"69dfc1cb-7b8d-4cdb-97eb-541b4a832b5f");
INSERT INTO ACT_BLK
	VALUES ("a9862e13-8ba8-48d0-aeed-8399f28bcce5",
	0,
	0,
	0,
	'BookingProvider',
	'',
	'',
	8,
	3,
	8,
	8,
	0,
	0,
	0,
	0,
	0,
	0,
	0,
	0,
	0,
	"18348f8c-b618-4fd7-9016-e30ccb10eed2",
	"00000000-0000-0000-0000-000000000000");
INSERT INTO ACT_SMT
	VALUES ("f969dad7-74c0-4e30-851c-5741dd45a2bb",
	"a9862e13-8ba8-48d0-aeed-8399f28bcce5",
	"00000000-0000-0000-0000-000000000000",
	8,
	3,
	'UserInterface::BookingProvider::requestAvailableBookables line: 8');
INSERT INTO ACT_SGN
	VALUES ("f969dad7-74c0-4e30-851c-5741dd45a2bb",
	8,
	25,
	8,
	8,
	"6752f1fb-4d87-4e38-a4d2-a76b30240df9",
	"00000000-0000-0000-0000-000000000000",
	"00000000-0000-0000-0000-000000000000");
INSERT INTO V_VAL
	VALUES ("74a6a61d-b618-44c3-b0d3-40e6a37053ad",
	0,
	0,
	8,
	46,
	60,
	0,
	0,
	0,
	0,
	"ba5eda7a-def5-0000-0000-000000000004",
	"a9862e13-8ba8-48d0-aeed-8399f28bcce5");
INSERT INTO V_LST
	VALUES ("74a6a61d-b618-44c3-b0d3-40e6a37053ad",
	'No rooms found');
INSERT INTO V_PAR
	VALUES ("74a6a61d-b618-44c3-b0d3-40e6a37053ad",
	"f969dad7-74c0-4e30-851c-5741dd45a2bb",
	"00000000-0000-0000-0000-000000000000",
	'message',
	"00000000-0000-0000-0000-000000000000",
	8,
	37);
INSERT INTO ACT_BLK
	VALUES ("70ac6229-aa39-40aa-92ff-675314886d29",
	1,
	0,
	0,
	'BookingProvider',
	'',
	'',
	13,
	3,
	13,
	8,
	0,
	0,
	12,
	40,
	0,
	0,
	0,
	0,
	0,
	"18348f8c-b618-4fd7-9016-e30ccb10eed2",
	"00000000-0000-0000-0000-000000000000");
INSERT INTO ACT_SMT
	VALUES ("75a95fa2-dded-42e7-af04-2e8078ca380a",
	"70ac6229-aa39-40aa-92ff-675314886d29",
	"f5a37f7e-9fc1-4842-92d9-a00de350bdd2",
	12,
	3,
	'UserInterface::BookingProvider::requestAvailableBookables line: 12');
INSERT INTO ACT_SEL
	VALUES ("75a95fa2-dded-42e7-af04-2e8078ca380a",
	"23a0ae05-9856-4fc0-9942-6bf579fc587d",
	1,
	'one',
	"575db3a3-6f6e-417c-a4af-018234153907");
INSERT INTO ACT_SR
	VALUES ("75a95fa2-dded-42e7-af04-2e8078ca380a");
INSERT INTO ACT_LNK
	VALUES ("9e29105f-e188-4552-bee6-c9a8e346420c",
	'',
	"75a95fa2-dded-42e7-af04-2e8078ca380a",
	"655f93cd-124d-4c1c-8fee-9a2f5468ffe1",
	"00000000-0000-0000-0000-000000000000",
	2,
	"803702ba-1594-4405-b96a-8c76b6ef1c69",
	12,
	31,
	12,
	40,
	0,
	0);
INSERT INTO ACT_SMT
	VALUES ("f5a37f7e-9fc1-4842-92d9-a00de350bdd2",
	"70ac6229-aa39-40aa-92ff-675314886d29",
	"00000000-0000-0000-0000-000000000000",
	13,
	3,
	'UserInterface::BookingProvider::requestAvailableBookables line: 13');
INSERT INTO ACT_SGN
	VALUES ("f5a37f7e-9fc1-4842-92d9-a00de350bdd2",
	13,
	25,
	13,
	8,
	"bd3fdb96-1c93-414b-9f1d-6b837b25374d",
	"00000000-0000-0000-0000-000000000000",
	"00000000-0000-0000-0000-000000000000");
INSERT INTO V_VAL
	VALUES ("575db3a3-6f6e-417c-a4af-018234153907",
	0,
	0,
	12,
	27,
	28,
	0,
	0,
	0,
	0,
	"99dc6d1a-909c-4bcb-a5b6-04d65b974e90",
	"70ac6229-aa39-40aa-92ff-675314886d29");
INSERT INTO V_IRF
	VALUES ("575db3a3-6f6e-417c-a4af-018234153907",
	"69dfc1cb-7b8d-4cdb-97eb-541b4a832b5f");
INSERT INTO V_VAL
	VALUES ("44b10b64-3f11-4b8b-aa64-d6433bc7803b",
	0,
	0,
	13,
	39,
	40,
	0,
	0,
	0,
	0,
	"99dc6d1a-909c-4bcb-a5b6-04d65b974e90",
	"70ac6229-aa39-40aa-92ff-675314886d29");
INSERT INTO V_IRF
	VALUES ("44b10b64-3f11-4b8b-aa64-d6433bc7803b",
	"69dfc1cb-7b8d-4cdb-97eb-541b4a832b5f");
INSERT INTO V_VAL
	VALUES ("3359bb30-c9db-40b7-b176-d9cedbc7284b",
	0,
	0,
	13,
	42,
	43,
	0,
	0,
	0,
	0,
	"ba5eda7a-def5-0000-0000-000000000005",
	"70ac6229-aa39-40aa-92ff-675314886d29");
INSERT INTO V_AVL
	VALUES ("3359bb30-c9db-40b7-b176-d9cedbc7284b",
	"44b10b64-3f11-4b8b-aa64-d6433bc7803b",
	"bafdc953-1881-43a3-a5f1-9dcc7e2d60c3",
	"c7050232-2f33-4247-8fc7-4866e3c7280d");
INSERT INTO V_PAR
	VALUES ("3359bb30-c9db-40b7-b176-d9cedbc7284b",
	"f5a37f7e-9fc1-4842-92d9-a00de350bdd2",
	"00000000-0000-0000-0000-000000000000",
	'id',
	"1197c859-ead1-46f6-b388-658e199c695d",
	13,
	35);
INSERT INTO V_VAL
	VALUES ("ed2daf9f-6a59-458e-a5f0-5cf0a6ea1554",
	0,
	0,
	14,
	18,
	18,
	0,
	0,
	0,
	0,
	"bdce89ef-72f6-4386-ba13-b2d926836c80",
	"70ac6229-aa39-40aa-92ff-675314886d29");
INSERT INTO V_IRF
	VALUES ("ed2daf9f-6a59-458e-a5f0-5cf0a6ea1554",
	"23a0ae05-9856-4fc0-9942-6bf579fc587d");
INSERT INTO V_VAL
	VALUES ("1197c859-ead1-46f6-b388-658e199c695d",
	0,
	0,
	14,
	20,
	24,
	0,
	0,
	0,
	0,
	"ba5eda7a-def5-0000-0000-000000000002",
	"70ac6229-aa39-40aa-92ff-675314886d29");
INSERT INTO V_AVL
	VALUES ("1197c859-ead1-46f6-b388-658e199c695d",
	"ed2daf9f-6a59-458e-a5f0-5cf0a6ea1554",
	"803702ba-1594-4405-b96a-8c76b6ef1c69",
	"8ccbac66-5148-4ed4-bb36-09215ce15366");
INSERT INTO V_PAR
	VALUES ("1197c859-ead1-46f6-b388-658e199c695d",
	"f5a37f7e-9fc1-4842-92d9-a00de350bdd2",
	"00000000-0000-0000-0000-000000000000",
	'price',
	"532ab609-73ce-4664-a25b-648ceb724bb7",
	14,
	11);
INSERT INTO V_VAL
	VALUES ("c4b20ecd-35b3-40c5-8220-d58732d597e2",
	0,
	0,
	15,
	24,
	24,
	0,
	0,
	0,
	0,
	"bdce89ef-72f6-4386-ba13-b2d926836c80",
	"70ac6229-aa39-40aa-92ff-675314886d29");
INSERT INTO V_IRF
	VALUES ("c4b20ecd-35b3-40c5-8220-d58732d597e2",
	"23a0ae05-9856-4fc0-9942-6bf579fc587d");
INSERT INTO V_VAL
	VALUES ("532ab609-73ce-4664-a25b-648ceb724bb7",
	0,
	0,
	15,
	26,
	36,
	0,
	0,
	0,
	0,
	"ba5eda7a-def5-0000-0000-000000000004",
	"70ac6229-aa39-40aa-92ff-675314886d29");
INSERT INTO V_AVL
	VALUES ("532ab609-73ce-4664-a25b-648ceb724bb7",
	"c4b20ecd-35b3-40c5-8220-d58732d597e2",
	"803702ba-1594-4405-b96a-8c76b6ef1c69",
	"7edb737c-eda0-435c-ab44-20ad0293ebdb");
INSERT INTO V_PAR
	VALUES ("532ab609-73ce-4664-a25b-648ceb724bb7",
	"f5a37f7e-9fc1-4842-92d9-a00de350bdd2",
	"00000000-0000-0000-0000-000000000000",
	'description',
	"7a95a062-799e-48bc-86b5-f759d2530393",
	15,
	11);
INSERT INTO V_VAL
	VALUES ("b0c6e364-247b-4cfe-a8fa-8ca7be041a64",
	0,
	0,
	16,
	27,
	28,
	0,
	0,
	0,
	0,
	"99dc6d1a-909c-4bcb-a5b6-04d65b974e90",
	"70ac6229-aa39-40aa-92ff-675314886d29");
INSERT INTO V_IRF
	VALUES ("b0c6e364-247b-4cfe-a8fa-8ca7be041a64",
	"69dfc1cb-7b8d-4cdb-97eb-541b4a832b5f");
INSERT INTO V_VAL
	VALUES ("7a95a062-799e-48bc-86b5-f759d2530393",
	0,
	0,
	16,
	30,
	44,
	0,
	0,
	0,
	0,
	"ba5eda7a-def5-0000-0000-000000000004",
	"70ac6229-aa39-40aa-92ff-675314886d29");
INSERT INTO V_AVL
	VALUES ("7a95a062-799e-48bc-86b5-f759d2530393",
	"b0c6e364-247b-4cfe-a8fa-8ca7be041a64",
	"bafdc953-1881-43a3-a5f1-9dcc7e2d60c3",
	"839b61ce-d63e-49ba-a0ae-d1b0093bb680");
INSERT INTO V_PAR
	VALUES ("7a95a062-799e-48bc-86b5-f759d2530393",
	"f5a37f7e-9fc1-4842-92d9-a00de350bdd2",
	"00000000-0000-0000-0000-000000000000",
	'aproximateArea',
	"30236f20-a164-4e9e-a10d-c2c4f39671f2",
	16,
	11);
INSERT INTO V_VAL
	VALUES ("30236f20-a164-4e9e-a10d-c2c4f39671f2",
	0,
	0,
	-1,
	-1,
	-1,
	0,
	0,
	0,
	0,
	"ba5eda7a-def5-0000-0000-000000000001",
	"70ac6229-aa39-40aa-92ff-675314886d29");
INSERT INTO V_LBO
	VALUES ("30236f20-a164-4e9e-a10d-c2c4f39671f2",
	'FALSE');
INSERT INTO V_PAR
	VALUES ("30236f20-a164-4e9e-a10d-c2c4f39671f2",
	"f5a37f7e-9fc1-4842-92d9-a00de350bdd2",
	"00000000-0000-0000-0000-000000000000",
	'independent',
	"00000000-0000-0000-0000-000000000000",
	17,
	11);
INSERT INTO V_VAR
	VALUES ("23a0ae05-9856-4fc0-9942-6bf579fc587d",
	"70ac6229-aa39-40aa-92ff-675314886d29",
	'b',
	1,
	"bdce89ef-72f6-4386-ba13-b2d926836c80");
INSERT INTO V_INT
	VALUES ("23a0ae05-9856-4fc0-9942-6bf579fc587d",
	0,
	"803702ba-1594-4405-b96a-8c76b6ef1c69");
INSERT INTO V_LOC
	VALUES ("f87d36d5-a3e3-430a-a37b-fee3c3ee37de",
	12,
	14,
	14,
	"23a0ae05-9856-4fc0-9942-6bf579fc587d");
INSERT INTO V_LOC
	VALUES ("7776a934-4584-4de4-9a40-f66b57bcff0a",
	14,
	18,
	18,
	"23a0ae05-9856-4fc0-9942-6bf579fc587d");
INSERT INTO V_LOC
	VALUES ("1f414d1a-3372-4e65-af6e-99fea76a25bf",
	15,
	24,
	24,
	"23a0ae05-9856-4fc0-9942-6bf579fc587d");
INSERT INTO ACT_BLK
	VALUES ("4e605b2b-95ae-45c9-ab1f-e680068fcb5e",
	0,
	0,
	0,
	'BookingProvider',
	'',
	'',
	20,
	2,
	20,
	7,
	0,
	0,
	0,
	0,
	0,
	0,
	0,
	0,
	0,
	"18348f8c-b618-4fd7-9016-e30ccb10eed2",
	"00000000-0000-0000-0000-000000000000");
INSERT INTO ACT_SMT
	VALUES ("596a510d-e8fe-49d0-b8da-37dbfa57f8f1",
	"4e605b2b-95ae-45c9-ab1f-e680068fcb5e",
	"00000000-0000-0000-0000-000000000000",
	20,
	2,
	'UserInterface::BookingProvider::requestAvailableBookables line: 20');
INSERT INTO ACT_SGN
	VALUES ("596a510d-e8fe-49d0-b8da-37dbfa57f8f1",
	20,
	24,
	20,
	7,
	"6752f1fb-4d87-4e38-a4d2-a76b30240df9",
	"00000000-0000-0000-0000-000000000000",
	"00000000-0000-0000-0000-000000000000");
INSERT INTO V_VAL
	VALUES ("29ee1df6-4872-4381-9069-0ff6a31bfb11",
	0,
	0,
	20,
	45,
	62,
	0,
	0,
	0,
	0,
	"ba5eda7a-def5-0000-0000-000000000004",
	"4e605b2b-95ae-45c9-ab1f-e680068fcb5e");
INSERT INTO V_LST
	VALUES ("29ee1df6-4872-4381-9069-0ff6a31bfb11",
	'Session not found');
INSERT INTO V_PAR
	VALUES ("29ee1df6-4872-4381-9069-0ff6a31bfb11",
	"596a510d-e8fe-49d0-b8da-37dbfa57f8f1",
	"00000000-0000-0000-0000-000000000000",
	'message',
	"00000000-0000-0000-0000-000000000000",
	20,
	36);
INSERT INTO SPR_PEP
	VALUES ("bd3fdb96-1c93-414b-9f1d-6b837b25374d",
	"54d1cfcd-e847-40b5-be88-ddf038c56595",
	"36293ad6-77b6-4c0b-a2dd-f02064f6189a");
INSERT INTO SPR_PS
	VALUES ("bd3fdb96-1c93-414b-9f1d-6b837b25374d",
	'available',
	'',
	'',
	1);
INSERT INTO ACT_PSB
	VALUES ("90af362c-a063-4290-adc2-6904fc0e277a",
	"bd3fdb96-1c93-414b-9f1d-6b837b25374d");
INSERT INTO ACT_ACT
	VALUES ("90af362c-a063-4290-adc2-6904fc0e277a",
	'signal',
	0,
	"52f6fc9d-8dca-4b27-8732-a62275d99022",
	"00000000-0000-0000-0000-000000000000",
	0,
	'UserInterface::BookingProvider::available',
	"00000000-0000-0000-0000-000000000000");
INSERT INTO ACT_BLK
	VALUES ("52f6fc9d-8dca-4b27-8732-a62275d99022",
	0,
	0,
	0,
	'',
	'',
	'',
	0,
	0,
	0,
	0,
	0,
	0,
	0,
	0,
	0,
	0,
	0,
	0,
	0,
	"90af362c-a063-4290-adc2-6904fc0e277a",
	"00000000-0000-0000-0000-000000000000");
INSERT INTO SPR_PEP
	VALUES ("abc6b7f2-37a1-405e-a869-e8c1c3ff68f8",
	"55b848f9-d68a-4698-bf86-446ac83e49f5",
	"36293ad6-77b6-4c0b-a2dd-f02064f6189a");
INSERT INTO SPR_PS
	VALUES ("abc6b7f2-37a1-405e-a869-e8c1c3ff68f8",
	'select',
	'',
	'',
	1);
INSERT INTO ACT_PSB
	VALUES ("7a9ad93b-ee82-42be-bfaa-f99928ab7e4d",
	"abc6b7f2-37a1-405e-a869-e8c1c3ff68f8");
INSERT INTO ACT_ACT
	VALUES ("7a9ad93b-ee82-42be-bfaa-f99928ab7e4d",
	'signal',
	0,
	"18a563a9-d04c-4df8-ad7c-3a2fd364ab58",
	"00000000-0000-0000-0000-000000000000",
	0,
	'UserInterface::BookingProvider::select',
	"00000000-0000-0000-0000-000000000000");
INSERT INTO ACT_BLK
	VALUES ("18a563a9-d04c-4df8-ad7c-3a2fd364ab58",
	0,
	0,
	0,
	'',
	'',
	'',
	0,
	0,
	0,
	0,
	0,
	0,
	0,
	0,
	0,
	0,
	0,
	0,
	0,
	"7a9ad93b-ee82-42be-bfaa-f99928ab7e4d",
	"00000000-0000-0000-0000-000000000000");
INSERT INTO SPR_PEP
	VALUES ("e57ea280-c4da-4c33-a6bd-b5a55b1d476a",
	"10d65452-16c4-45b0-ad3e-4dec03bb99a7",
	"36293ad6-77b6-4c0b-a2dd-f02064f6189a");
INSERT INTO SPR_PS
	VALUES ("e57ea280-c4da-4c33-a6bd-b5a55b1d476a",
	'extraServices',
	'',
	'',
	1);
INSERT INTO ACT_PSB
	VALUES ("06cecc24-6fd4-4674-8866-769626b586d1",
	"e57ea280-c4da-4c33-a6bd-b5a55b1d476a");
INSERT INTO ACT_ACT
	VALUES ("06cecc24-6fd4-4674-8866-769626b586d1",
	'signal',
	0,
	"350feee7-53a3-41e5-b3b3-3c821a0d4c03",
	"00000000-0000-0000-0000-000000000000",
	0,
	'UserInterface::BookingProvider::extraServices',
	"00000000-0000-0000-0000-000000000000");
INSERT INTO ACT_BLK
	VALUES ("350feee7-53a3-41e5-b3b3-3c821a0d4c03",
	0,
	0,
	0,
	'',
	'',
	'',
	0,
	0,
	0,
	0,
	0,
	0,
	0,
	0,
	0,
	0,
	0,
	0,
	0,
	"06cecc24-6fd4-4674-8866-769626b586d1",
	"00000000-0000-0000-0000-000000000000");
INSERT INTO SPR_PEP
	VALUES ("f4f69049-a18c-40db-908e-fde4956ebd16",
	"87ed1c56-1bee-4041-bca4-056967095bc2",
	"36293ad6-77b6-4c0b-a2dd-f02064f6189a");
INSERT INTO SPR_PS
	VALUES ("f4f69049-a18c-40db-908e-fde4956ebd16",
	'addServices',
	'',
	'',
	1);
INSERT INTO ACT_PSB
	VALUES ("f0cb78ea-e62b-410b-89d9-541ac71237f3",
	"f4f69049-a18c-40db-908e-fde4956ebd16");
INSERT INTO ACT_ACT
	VALUES ("f0cb78ea-e62b-410b-89d9-541ac71237f3",
	'signal',
	0,
	"74dffdba-830d-4f40-8d7e-69cd587a2462",
	"00000000-0000-0000-0000-000000000000",
	0,
	'UserInterface::BookingProvider::addServices',
	"00000000-0000-0000-0000-000000000000");
INSERT INTO ACT_BLK
	VALUES ("74dffdba-830d-4f40-8d7e-69cd587a2462",
	0,
	0,
	0,
	'',
	'',
	'',
	0,
	0,
	0,
	0,
	0,
	0,
	0,
	0,
	0,
	0,
	0,
	0,
	0,
	"f0cb78ea-e62b-410b-89d9-541ac71237f3",
	"00000000-0000-0000-0000-000000000000");
INSERT INTO SPR_PEP
	VALUES ("bf9df925-e6b4-4ed6-80d9-5ccf5795e43b",
	"57eb1124-4a29-48ad-8677-d8760788067a",
	"36293ad6-77b6-4c0b-a2dd-f02064f6189a");
INSERT INTO SPR_PS
	VALUES ("bf9df925-e6b4-4ed6-80d9-5ccf5795e43b",
	'customerDetails',
	'',
	'',
	1);
INSERT INTO ACT_PSB
	VALUES ("c907d77b-26f6-4bea-b7c2-36f5426fdd7c",
	"bf9df925-e6b4-4ed6-80d9-5ccf5795e43b");
INSERT INTO ACT_ACT
	VALUES ("c907d77b-26f6-4bea-b7c2-36f5426fdd7c",
	'signal',
	0,
	"2810c574-ddb2-471c-8376-384d25dfdce6",
	"00000000-0000-0000-0000-000000000000",
	0,
	'UserInterface::BookingProvider::customerDetails',
	"00000000-0000-0000-0000-000000000000");
INSERT INTO ACT_BLK
	VALUES ("2810c574-ddb2-471c-8376-384d25dfdce6",
	0,
	0,
	0,
	'',
	'',
	'',
	0,
	0,
	0,
	0,
	0,
	0,
	0,
	0,
	0,
	0,
	0,
	0,
	0,
	"c907d77b-26f6-4bea-b7c2-36f5426fdd7c",
	"00000000-0000-0000-0000-000000000000");
INSERT INTO SPR_PEP
	VALUES ("0c0df819-2738-4521-8efe-cfb0e7d5f5ac",
	"275df8ce-b628-4b96-85dd-66e9224fc9df",
	"36293ad6-77b6-4c0b-a2dd-f02064f6189a");
INSERT INTO SPR_PS
	VALUES ("0c0df819-2738-4521-8efe-cfb0e7d5f5ac",
	'addGuest',
	'',
	'',
	1);
INSERT INTO ACT_PSB
	VALUES ("a4c5b3c9-eecd-4074-8d29-630d36a8d964",
	"0c0df819-2738-4521-8efe-cfb0e7d5f5ac");
INSERT INTO ACT_ACT
	VALUES ("a4c5b3c9-eecd-4074-8d29-630d36a8d964",
	'signal',
	0,
	"d603fbdc-3de5-4511-8fec-9b86e82dbd51",
	"00000000-0000-0000-0000-000000000000",
	0,
	'UserInterface::BookingProvider::addGuest',
	"00000000-0000-0000-0000-000000000000");
INSERT INTO ACT_BLK
	VALUES ("d603fbdc-3de5-4511-8fec-9b86e82dbd51",
	0,
	0,
	0,
	'',
	'',
	'',
	0,
	0,
	0,
	0,
	0,
	0,
	0,
	0,
	0,
	0,
	0,
	0,
	0,
	"a4c5b3c9-eecd-4074-8d29-630d36a8d964",
	"00000000-0000-0000-0000-000000000000");
INSERT INTO SPR_PEP
	VALUES ("100207a1-8747-4b7c-a2b4-4b3cd928a7e1",
	"40e06920-24e2-499d-b1c8-deb66c9637ec",
	"36293ad6-77b6-4c0b-a2dd-f02064f6189a");
INSERT INTO SPR_PS
	VALUES ("100207a1-8747-4b7c-a2b4-4b3cd928a7e1",
	'paymentInfo',
	'',
	'',
	1);
INSERT INTO ACT_PSB
	VALUES ("6e031137-af18-4e85-ac62-ca116cb76f4b",
	"100207a1-8747-4b7c-a2b4-4b3cd928a7e1");
INSERT INTO ACT_ACT
	VALUES ("6e031137-af18-4e85-ac62-ca116cb76f4b",
	'signal',
	0,
	"0e5f9c79-a080-4f09-a96c-44e9898564c1",
	"00000000-0000-0000-0000-000000000000",
	0,
	'UserInterface::BookingProvider::paymentInfo',
	"00000000-0000-0000-0000-000000000000");
INSERT INTO ACT_BLK
	VALUES ("0e5f9c79-a080-4f09-a96c-44e9898564c1",
	0,
	0,
	0,
	'',
	'',
	'',
	0,
	0,
	0,
	0,
	0,
	0,
	0,
	0,
	0,
	0,
	0,
	0,
	0,
	"6e031137-af18-4e85-ac62-ca116cb76f4b",
	"00000000-0000-0000-0000-000000000000");
INSERT INTO SPR_PEP
	VALUES ("adf84adb-26cf-413b-bd98-e3ff7028bfbd",
	"19aa6808-338c-45b0-8a31-1b3efb70b47a",
	"36293ad6-77b6-4c0b-a2dd-f02064f6189a");
INSERT INTO SPR_PS
	VALUES ("adf84adb-26cf-413b-bd98-e3ff7028bfbd",
	'bookingConfirmation',
	'',
	'',
	1);
INSERT INTO ACT_PSB
	VALUES ("93e930c2-d627-4aca-bd45-3731e10952df",
	"adf84adb-26cf-413b-bd98-e3ff7028bfbd");
INSERT INTO ACT_ACT
	VALUES ("93e930c2-d627-4aca-bd45-3731e10952df",
	'signal',
	0,
	"bdb284d1-13e3-4bc1-87fa-c896134b5af2",
	"00000000-0000-0000-0000-000000000000",
	0,
	'UserInterface::BookingProvider::bookingConfirmation',
	"00000000-0000-0000-0000-000000000000");
INSERT INTO ACT_BLK
	VALUES ("bdb284d1-13e3-4bc1-87fa-c896134b5af2",
	0,
	0,
	0,
	'',
	'',
	'',
	0,
	0,
	0,
	0,
	0,
	0,
	0,
	0,
	0,
	0,
	0,
	0,
	0,
	"93e930c2-d627-4aca-bd45-3731e10952df",
	"00000000-0000-0000-0000-000000000000");
INSERT INTO SPR_PEP
	VALUES ("6752f1fb-4d87-4e38-a4d2-a76b30240df9",
	"89169ec3-d50b-4b5b-95fa-d95fb15c3f98",
	"36293ad6-77b6-4c0b-a2dd-f02064f6189a");
INSERT INTO SPR_PS
	VALUES ("6752f1fb-4d87-4e38-a4d2-a76b30240df9",
	'errorSignal',
	'',
	'',
	1);
INSERT INTO ACT_PSB
	VALUES ("cd9106ea-f2e0-4494-a69d-71cc0e6927d0",
	"6752f1fb-4d87-4e38-a4d2-a76b30240df9");
INSERT INTO ACT_ACT
	VALUES ("cd9106ea-f2e0-4494-a69d-71cc0e6927d0",
	'signal',
	0,
	"17ed7f98-3496-4702-b286-9bd63037db0d",
	"00000000-0000-0000-0000-000000000000",
	0,
	'UserInterface::BookingProvider::errorSignal',
	"00000000-0000-0000-0000-000000000000");
INSERT INTO ACT_BLK
	VALUES ("17ed7f98-3496-4702-b286-9bd63037db0d",
	0,
	0,
	0,
	'',
	'',
	'',
	0,
	0,
	0,
	0,
	0,
	0,
	0,
	0,
	0,
	0,
	0,
	0,
	0,
	"cd9106ea-f2e0-4494-a69d-71cc0e6927d0",
	"00000000-0000-0000-0000-000000000000");
INSERT INTO SPR_PEP
	VALUES ("52f59bac-a1c2-4318-a901-bbe93808d139",
	"b21fad1b-897b-424f-84f8-01bdab76de49",
	"36293ad6-77b6-4c0b-a2dd-f02064f6189a");
INSERT INTO SPR_PS
	VALUES ("52f59bac-a1c2-4318-a901-bbe93808d139",
	'requestSession',
	'',
	'// Initialize a booking session
LOG::LogInfo(message: "Recieved session request");
create object instance session of BOOKINGSESSION;

create object instance booking of BOOKING;
relate session to booking across R26;

send BookingProvider::session(sessionID: session.ID);',
	1);
INSERT INTO ACT_PSB
	VALUES ("35a050f6-ac61-47f2-8f2b-5eb9ec3d004c",
	"52f59bac-a1c2-4318-a901-bbe93808d139");
INSERT INTO ACT_ACT
	VALUES ("35a050f6-ac61-47f2-8f2b-5eb9ec3d004c",
	'signal',
	0,
	"9cb1180d-29fc-42f3-a6cf-adb3ab9d9de1",
	"00000000-0000-0000-0000-000000000000",
	0,
	'UserInterface::BookingProvider::requestSession',
	"00000000-0000-0000-0000-000000000000");
INSERT INTO ACT_BLK
	VALUES ("9cb1180d-29fc-42f3-a6cf-adb3ab9d9de1",
	0,
	0,
	0,
	'BookingProvider',
	'',
	'',
	8,
	1,
	8,
	6,
	0,
	0,
	6,
	34,
	0,
	0,
	0,
	0,
	0,
	"35a050f6-ac61-47f2-8f2b-5eb9ec3d004c",
	"00000000-0000-0000-0000-000000000000");
INSERT INTO ACT_SMT
	VALUES ("72f6dac7-11d5-43ce-ade5-5b1771e4b7f4",
	"9cb1180d-29fc-42f3-a6cf-adb3ab9d9de1",
	"5989cda9-26d5-4a6a-ad44-1cd1109a98ec",
	2,
	1,
	'UserInterface::BookingProvider::requestSession line: 2');
INSERT INTO ACT_BRG
	VALUES ("72f6dac7-11d5-43ce-ade5-5b1771e4b7f4",
	"768e1cca-7403-495c-9b22-afd11a473eb6",
	2,
	6,
	2,
	1);
INSERT INTO ACT_SMT
	VALUES ("5989cda9-26d5-4a6a-ad44-1cd1109a98ec",
	"9cb1180d-29fc-42f3-a6cf-adb3ab9d9de1",
	"ef1fd3f6-a501-4d1a-9242-47a8f4827ce6",
	3,
	1,
	'UserInterface::BookingProvider::requestSession line: 3');
INSERT INTO ACT_CR
	VALUES ("5989cda9-26d5-4a6a-ad44-1cd1109a98ec",
	"271bfe3e-12db-4843-ae08-3f4e2243eeb6",
	1,
	"7137c09d-ba0e-406b-b3b5-76bb3cc48f3d",
	3,
	35);
INSERT INTO ACT_SMT
	VALUES ("ef1fd3f6-a501-4d1a-9242-47a8f4827ce6",
	"9cb1180d-29fc-42f3-a6cf-adb3ab9d9de1",
	"2cb213fa-3d9c-4107-b7e8-164e23d648b5",
	5,
	1,
	'UserInterface::BookingProvider::requestSession line: 5');
INSERT INTO ACT_CR
	VALUES ("ef1fd3f6-a501-4d1a-9242-47a8f4827ce6",
	"21b55673-f4ad-4b8c-b82b-468a30e04435",
	1,
	"9a41fe9e-f547-4cde-b68d-f7db43c904dc",
	5,
	35);
INSERT INTO ACT_SMT
	VALUES ("2cb213fa-3d9c-4107-b7e8-164e23d648b5",
	"9cb1180d-29fc-42f3-a6cf-adb3ab9d9de1",
	"aa481d13-5b5f-4509-9add-9fb4fc4896ce",
	6,
	1,
	'UserInterface::BookingProvider::requestSession line: 6');
INSERT INTO ACT_REL
	VALUES ("2cb213fa-3d9c-4107-b7e8-164e23d648b5",
	"271bfe3e-12db-4843-ae08-3f4e2243eeb6",
	"21b55673-f4ad-4b8c-b82b-468a30e04435",
	'',
	"a30fd0d6-3586-438e-8d6d-b3d3b14c0f03",
	6,
	34,
	0,
	0);
INSERT INTO ACT_SMT
	VALUES ("aa481d13-5b5f-4509-9add-9fb4fc4896ce",
	"9cb1180d-29fc-42f3-a6cf-adb3ab9d9de1",
	"00000000-0000-0000-0000-000000000000",
	8,
	1,
	'UserInterface::BookingProvider::requestSession line: 8');
INSERT INTO ACT_SGN
	VALUES ("aa481d13-5b5f-4509-9add-9fb4fc4896ce",
	8,
	23,
	8,
	6,
	"9a412571-97a5-4764-873e-18ee296bab0f",
	"00000000-0000-0000-0000-000000000000",
	"00000000-0000-0000-0000-000000000000");
INSERT INTO V_VAL
	VALUES ("bf0d83eb-4da3-48f5-a123-280fcc9a5215",
	0,
	0,
	2,
	23,
	47,
	0,
	0,
	0,
	0,
	"ba5eda7a-def5-0000-0000-000000000004",
	"9cb1180d-29fc-42f3-a6cf-adb3ab9d9de1");
INSERT INTO V_LST
	VALUES ("bf0d83eb-4da3-48f5-a123-280fcc9a5215",
	'Recieved session request');
INSERT INTO V_PAR
	VALUES ("bf0d83eb-4da3-48f5-a123-280fcc9a5215",
	"72f6dac7-11d5-43ce-ade5-5b1771e4b7f4",
	"00000000-0000-0000-0000-000000000000",
	'message',
	"00000000-0000-0000-0000-000000000000",
	2,
	14);
INSERT INTO V_VAL
	VALUES ("a80f2c19-a6f9-4856-b890-a2201848b51b",
	0,
	0,
	8,
	42,
	48,
	0,
	0,
	0,
	0,
	"ba5eda7a-def5-0000-0000-000000000008",
	"9cb1180d-29fc-42f3-a6cf-adb3ab9d9de1");
INSERT INTO V_IRF
	VALUES ("a80f2c19-a6f9-4856-b890-a2201848b51b",
	"271bfe3e-12db-4843-ae08-3f4e2243eeb6");
INSERT INTO V_VAL
	VALUES ("a1772d22-bdf0-47ae-92e0-5ffd9a17ff46",
	0,
	0,
	8,
	50,
	51,
	0,
	0,
	0,
	0,
	"ba5eda7a-def5-0000-0000-000000000005",
	"9cb1180d-29fc-42f3-a6cf-adb3ab9d9de1");
INSERT INTO V_AVL
	VALUES ("a1772d22-bdf0-47ae-92e0-5ffd9a17ff46",
	"a80f2c19-a6f9-4856-b890-a2201848b51b",
	"7137c09d-ba0e-406b-b3b5-76bb3cc48f3d",
	"df46d3b5-7060-4611-8908-d535d035865a");
INSERT INTO V_PAR
	VALUES ("a1772d22-bdf0-47ae-92e0-5ffd9a17ff46",
	"aa481d13-5b5f-4509-9add-9fb4fc4896ce",
	"00000000-0000-0000-0000-000000000000",
	'sessionID',
	"00000000-0000-0000-0000-000000000000",
	8,
	31);
INSERT INTO V_VAR
	VALUES ("271bfe3e-12db-4843-ae08-3f4e2243eeb6",
	"9cb1180d-29fc-42f3-a6cf-adb3ab9d9de1",
	'session',
	1,
	"ba5eda7a-def5-0000-0000-000000000008");
INSERT INTO V_INT
	VALUES ("271bfe3e-12db-4843-ae08-3f4e2243eeb6",
	0,
	"7137c09d-ba0e-406b-b3b5-76bb3cc48f3d");
INSERT INTO V_LOC
	VALUES ("1d2b3b96-f24b-4798-ab71-69b8486905ec",
	3,
	24,
	30,
	"271bfe3e-12db-4843-ae08-3f4e2243eeb6");
INSERT INTO V_LOC
	VALUES ("250b6a92-e064-40b2-a2c9-8434bd131e68",
	6,
	8,
	14,
	"271bfe3e-12db-4843-ae08-3f4e2243eeb6");
INSERT INTO V_LOC
	VALUES ("f276eed5-d639-4cc7-91d6-99873e74e588",
	8,
	42,
	48,
	"271bfe3e-12db-4843-ae08-3f4e2243eeb6");
INSERT INTO V_VAR
	VALUES ("21b55673-f4ad-4b8c-b82b-468a30e04435",
	"9cb1180d-29fc-42f3-a6cf-adb3ab9d9de1",
	'booking',
	1,
	"433f7688-7b95-4f9c-89f1-cf076d691ab7");
INSERT INTO V_INT
	VALUES ("21b55673-f4ad-4b8c-b82b-468a30e04435",
	0,
	"9a41fe9e-f547-4cde-b68d-f7db43c904dc");
INSERT INTO V_LOC
	VALUES ("d1ab21b9-364b-41a9-a377-d45f85d82136",
	5,
	24,
	30,
	"21b55673-f4ad-4b8c-b82b-468a30e04435");
INSERT INTO V_LOC
	VALUES ("fe648071-8b6d-46d6-98f4-8822dc0bdd8b",
	6,
	19,
	25,
	"21b55673-f4ad-4b8c-b82b-468a30e04435");
INSERT INTO SPR_PEP
	VALUES ("9a412571-97a5-4764-873e-18ee296bab0f",
	"0a31b7ea-b3a4-43b3-bfab-1e664637468e",
	"36293ad6-77b6-4c0b-a2dd-f02064f6189a");
INSERT INTO SPR_PS
	VALUES ("9a412571-97a5-4764-873e-18ee296bab0f",
	'session',
	'',
	'',
	1);
INSERT INTO ACT_PSB
	VALUES ("0323e6e0-b336-4d70-b4f5-df13719552ba",
	"9a412571-97a5-4764-873e-18ee296bab0f");
INSERT INTO ACT_ACT
	VALUES ("0323e6e0-b336-4d70-b4f5-df13719552ba",
	'signal',
	0,
	"c5d6c473-77b2-4152-b517-0801a9733c29",
	"00000000-0000-0000-0000-000000000000",
	0,
	'UserInterface::BookingProvider::session',
	"00000000-0000-0000-0000-000000000000");
INSERT INTO ACT_BLK
	VALUES ("c5d6c473-77b2-4152-b517-0801a9733c29",
	0,
	0,
	0,
	'',
	'',
	'',
	0,
	0,
	0,
	0,
	0,
	0,
	0,
	0,
	0,
	0,
	0,
	0,
	0,
	"0323e6e0-b336-4d70-b4f5-df13719552ba",
	"00000000-0000-0000-0000-000000000000");
INSERT INTO C_PO
	VALUES ("60bda041-6be5-4a74-9de4-1a56d08a5972",
	"ab2192c8-8390-4631-9e2c-fca2a1f30c08",
	'Port1',
	0,
	0);
INSERT INTO C_IR
	VALUES ("9d173fe3-55ba-463f-a9f9-a5b42dd200a2",
	"7af64316-7236-4637-9c49-e47d2784ce9e",
	"00000000-0000-0000-0000-000000000000",
	"60bda041-6be5-4a74-9de4-1a56d08a5972");
INSERT INTO C_P
	VALUES ("9d173fe3-55ba-463f-a9f9-a5b42dd200a2",
	'StaffInterface',
	'Unnamed Interface',
	'',
	'HotelComponent::Port1::StaffInterface');
INSERT INTO SPR_PEP
	VALUES ("5d4a4780-fc7a-4f75-b9f9-6ee7a5043833",
	"c86ea0b4-abc2-4994-bee2-500e130b8b73",
	"9d173fe3-55ba-463f-a9f9-a5b42dd200a2");
INSERT INTO SPR_PS
	VALUES ("5d4a4780-fc7a-4f75-b9f9-6ee7a5043833",
	'addFacility',
	'',
	'create object instance f of FACILITY;
select any ft from instances of FACILITYTYPE where (selected.id == param.facilityType);
if(not_empty ft)
	relate f to ft across R1;
	f.facilityID = param.facilityID;
end if;',
	1);
INSERT INTO ACT_PSB
	VALUES ("9fe84f3e-cd8b-4236-8a86-6af8711e6b56",
	"5d4a4780-fc7a-4f75-b9f9-6ee7a5043833");
INSERT INTO ACT_ACT
	VALUES ("9fe84f3e-cd8b-4236-8a86-6af8711e6b56",
	'signal',
	0,
	"f7406c8c-31b7-426d-8df1-c3099e20089e",
	"00000000-0000-0000-0000-000000000000",
	0,
	'Port1::StaffInterface::addFacility',
	"00000000-0000-0000-0000-000000000000");
INSERT INTO ACT_BLK
	VALUES ("f7406c8c-31b7-426d-8df1-c3099e20089e",
	1,
	0,
	1,
	'',
	'',
	'',
	3,
	1,
	2,
	33,
	0,
	0,
	0,
	0,
	0,
	0,
	0,
	0,
	0,
	"9fe84f3e-cd8b-4236-8a86-6af8711e6b56",
	"00000000-0000-0000-0000-000000000000");
INSERT INTO ACT_SMT
	VALUES ("ad78b160-1037-429f-a7c7-b2f31eebf633",
	"f7406c8c-31b7-426d-8df1-c3099e20089e",
	"c18a4a6e-1f31-4796-a5d0-bbab1863c15c",
	1,
	1,
	'Port1::StaffInterface::addFacility line: 1');
INSERT INTO ACT_CR
	VALUES ("ad78b160-1037-429f-a7c7-b2f31eebf633",
	"6bf889a8-37ff-463a-9cfd-c292624bb926",
	1,
	"4b839513-bd70-4d73-85ed-c06b10ee091a",
	1,
	29);
INSERT INTO ACT_SMT
	VALUES ("c18a4a6e-1f31-4796-a5d0-bbab1863c15c",
	"f7406c8c-31b7-426d-8df1-c3099e20089e",
	"c9beb4e4-f30f-4dd3-9df0-3df33b82f9e3",
	2,
	1,
	'Port1::StaffInterface::addFacility line: 2');
INSERT INTO ACT_FIW
	VALUES ("c18a4a6e-1f31-4796-a5d0-bbab1863c15c",
	"bd86b4e9-797c-40b8-9b66-970fca4a8060",
	1,
	'any',
	"f8a6636e-386a-460c-a705-4cc9d32aa05e",
	"bafdc953-1881-43a3-a5f1-9dcc7e2d60c3",
	2,
	33);
INSERT INTO ACT_SMT
	VALUES ("c9beb4e4-f30f-4dd3-9df0-3df33b82f9e3",
	"f7406c8c-31b7-426d-8df1-c3099e20089e",
	"00000000-0000-0000-0000-000000000000",
	3,
	1,
	'Port1::StaffInterface::addFacility line: 3');
INSERT INTO ACT_IF
	VALUES ("c9beb4e4-f30f-4dd3-9df0-3df33b82f9e3",
	"3dbf15bc-b9b1-43c6-9d4c-d0dcdd0a9456",
	"1a15e59f-e233-42bd-a59d-4eb68cf64ee5",
	"00000000-0000-0000-0000-000000000000",
	"00000000-0000-0000-0000-000000000000");
INSERT INTO V_VAL
	VALUES ("c04216cc-9b57-493b-9f35-cabc0d334d3e",
	0,
	0,
	2,
	53,
	-1,
	0,
	0,
	0,
	0,
	"ba5eda7a-def5-0000-0000-000000000008",
	"f7406c8c-31b7-426d-8df1-c3099e20089e");
INSERT INTO V_SLR
	VALUES ("c04216cc-9b57-493b-9f35-cabc0d334d3e",
	"00000000-0000-0000-0000-000000000000",
	"00000000-0000-0000-0000-000000000000",
	"00000000-0000-0000-0000-000000000000");
INSERT INTO V_VAL
	VALUES ("eabf47c4-bd28-46a8-916a-e3959e4dc426",
	0,
	0,
	2,
	62,
	63,
	0,
	0,
	0,
	0,
	"ba5eda7a-def5-0000-0000-000000000005",
	"f7406c8c-31b7-426d-8df1-c3099e20089e");
INSERT INTO V_AVL
	VALUES ("eabf47c4-bd28-46a8-916a-e3959e4dc426",
	"c04216cc-9b57-493b-9f35-cabc0d334d3e",
	"bafdc953-1881-43a3-a5f1-9dcc7e2d60c3",
	"c7050232-2f33-4247-8fc7-4866e3c7280d");
INSERT INTO V_VAL
	VALUES ("f8a6636e-386a-460c-a705-4cc9d32aa05e",
	0,
	0,
	-1,
	-1,
	-1,
	0,
	0,
	0,
	0,
	"ba5eda7a-def5-0000-0000-000000000001",
	"f7406c8c-31b7-426d-8df1-c3099e20089e");
INSERT INTO V_BIN
	VALUES ("f8a6636e-386a-460c-a705-4cc9d32aa05e",
	"30884d7c-c45a-41b5-9c3a-75c39d22b030",
	"eabf47c4-bd28-46a8-916a-e3959e4dc426",
	'==');
INSERT INTO V_VAL
	VALUES ("30884d7c-c45a-41b5-9c3a-75c39d22b030",
	0,
	0,
	2,
	74,
	85,
	0,
	0,
	0,
	0,
	"ba5eda7a-def5-0000-0000-000000000005",
	"f7406c8c-31b7-426d-8df1-c3099e20089e");
INSERT INTO V_PVL
	VALUES ("30884d7c-c45a-41b5-9c3a-75c39d22b030",
	"00000000-0000-0000-0000-000000000000",
	"00000000-0000-0000-0000-000000000000",
	"00000000-0000-0000-0000-000000000000",
	"3ed552e5-044a-477f-847c-2beaa7359a32");
INSERT INTO V_VAL
	VALUES ("9de05022-dd26-4c46-b4d7-f6b9969d108e",
	0,
	0,
	3,
	14,
	15,
	0,
	0,
	0,
	0,
	"99dc6d1a-909c-4bcb-a5b6-04d65b974e90",
	"f7406c8c-31b7-426d-8df1-c3099e20089e");
INSERT INTO V_IRF
	VALUES ("9de05022-dd26-4c46-b4d7-f6b9969d108e",
	"bd86b4e9-797c-40b8-9b66-970fca4a8060");
INSERT INTO V_VAL
	VALUES ("1a15e59f-e233-42bd-a59d-4eb68cf64ee5",
	0,
	0,
	-1,
	-1,
	-1,
	0,
	0,
	0,
	0,
	"ba5eda7a-def5-0000-0000-000000000001",
	"f7406c8c-31b7-426d-8df1-c3099e20089e");
INSERT INTO V_UNY
	VALUES ("1a15e59f-e233-42bd-a59d-4eb68cf64ee5",
	"9de05022-dd26-4c46-b4d7-f6b9969d108e",
	'not_empty');
INSERT INTO V_VAR
	VALUES ("6bf889a8-37ff-463a-9cfd-c292624bb926",
	"f7406c8c-31b7-426d-8df1-c3099e20089e",
	'f',
	1,
	"bd43dc09-3be2-4ae8-806d-bedb08b1e03c");
INSERT INTO V_INT
	VALUES ("6bf889a8-37ff-463a-9cfd-c292624bb926",
	0,
	"4b839513-bd70-4d73-85ed-c06b10ee091a");
INSERT INTO V_LOC
	VALUES ("c899da17-8f5f-4c63-95d4-4f2dee5865b8",
	1,
	24,
	24,
	"6bf889a8-37ff-463a-9cfd-c292624bb926");
INSERT INTO V_LOC
	VALUES ("4eee9a88-637d-4619-a84b-c368b37fc50e",
	4,
	9,
	9,
	"6bf889a8-37ff-463a-9cfd-c292624bb926");
INSERT INTO V_LOC
	VALUES ("c59af38b-01ad-4c42-897b-a4855dc53af9",
	5,
	2,
	2,
	"6bf889a8-37ff-463a-9cfd-c292624bb926");
INSERT INTO V_VAR
	VALUES ("bd86b4e9-797c-40b8-9b66-970fca4a8060",
	"f7406c8c-31b7-426d-8df1-c3099e20089e",
	'ft',
	1,
	"99dc6d1a-909c-4bcb-a5b6-04d65b974e90");
INSERT INTO V_INT
	VALUES ("bd86b4e9-797c-40b8-9b66-970fca4a8060",
	0,
	"bafdc953-1881-43a3-a5f1-9dcc7e2d60c3");
INSERT INTO V_LOC
	VALUES ("20dbe540-26d1-4807-927c-74d22180180e",
	2,
	12,
	13,
	"bd86b4e9-797c-40b8-9b66-970fca4a8060");
INSERT INTO V_LOC
	VALUES ("c64b3b21-e13e-4390-8c5e-d7cad436a123",
	4,
	14,
	15,
	"bd86b4e9-797c-40b8-9b66-970fca4a8060");
INSERT INTO ACT_BLK
	VALUES ("3dbf15bc-b9b1-43c6-9d4c-d0dcdd0a9456",
	0,
	0,
	0,
	'',
	'',
	'',
	5,
	2,
	0,
	0,
	0,
	0,
	4,
	24,
	0,
	0,
	0,
	0,
	0,
	"9fe84f3e-cd8b-4236-8a86-6af8711e6b56",
	"00000000-0000-0000-0000-000000000000");
INSERT INTO ACT_SMT
	VALUES ("ba58211a-0d8c-41f3-898d-583b2c4a820f",
	"3dbf15bc-b9b1-43c6-9d4c-d0dcdd0a9456",
	"564ee6c2-2e59-4a80-91e7-bb0f56fe0506",
	4,
	2,
	'Port1::StaffInterface::addFacility line: 4');
INSERT INTO ACT_REL
	VALUES ("ba58211a-0d8c-41f3-898d-583b2c4a820f",
	"6bf889a8-37ff-463a-9cfd-c292624bb926",
	"bd86b4e9-797c-40b8-9b66-970fca4a8060",
	'',
	"861d98e9-8fb8-41c9-b775-c91333eaac35",
	4,
	24,
	0,
	0);
INSERT INTO ACT_SMT
	VALUES ("564ee6c2-2e59-4a80-91e7-bb0f56fe0506",
	"3dbf15bc-b9b1-43c6-9d4c-d0dcdd0a9456",
	"00000000-0000-0000-0000-000000000000",
	5,
	2,
	'Port1::StaffInterface::addFacility line: 5');
INSERT INTO ACT_AI
	VALUES ("564ee6c2-2e59-4a80-91e7-bb0f56fe0506",
	"6d284ff0-6000-4047-8e13-e9b44d7b86ba",
	"527c5f95-24be-49c8-865d-89a962e10612",
	0,
	0);
INSERT INTO V_VAL
	VALUES ("0d8f997a-756f-4434-99c4-66fa8e461060",
	1,
	0,
	5,
	2,
	2,
	0,
	0,
	0,
	0,
	"bd43dc09-3be2-4ae8-806d-bedb08b1e03c",
	"3dbf15bc-b9b1-43c6-9d4c-d0dcdd0a9456");
INSERT INTO V_IRF
	VALUES ("0d8f997a-756f-4434-99c4-66fa8e461060",
	"6bf889a8-37ff-463a-9cfd-c292624bb926");
INSERT INTO V_VAL
	VALUES ("527c5f95-24be-49c8-865d-89a962e10612",
	1,
	0,
	5,
	4,
	13,
	0,
	0,
	0,
	0,
	"ba5eda7a-def5-0000-0000-000000000004",
	"3dbf15bc-b9b1-43c6-9d4c-d0dcdd0a9456");
INSERT INTO V_AVL
	VALUES ("527c5f95-24be-49c8-865d-89a962e10612",
	"0d8f997a-756f-4434-99c4-66fa8e461060",
	"4b839513-bd70-4d73-85ed-c06b10ee091a",
	"e22cda36-25e1-4b81-aef1-d74c43020c14");
INSERT INTO V_VAL
	VALUES ("6d284ff0-6000-4047-8e13-e9b44d7b86ba",
	0,
	0,
	5,
	23,
	32,
	0,
	0,
	0,
	0,
	"ba5eda7a-def5-0000-0000-000000000004",
	"3dbf15bc-b9b1-43c6-9d4c-d0dcdd0a9456");
INSERT INTO V_PVL
	VALUES ("6d284ff0-6000-4047-8e13-e9b44d7b86ba",
	"00000000-0000-0000-0000-000000000000",
	"00000000-0000-0000-0000-000000000000",
	"00000000-0000-0000-0000-000000000000",
	"5055dfea-acfb-446f-9a4a-c84ab94fb0c6");
INSERT INTO SPR_PEP
	VALUES ("1aee11b8-e562-4626-acc6-35cc36201bb3",
	"19f06228-e268-4733-9af7-92f3f313ceff",
	"9d173fe3-55ba-463f-a9f9-a5b42dd200a2");
INSERT INTO SPR_PS
	VALUES ("1aee11b8-e562-4626-acc6-35cc36201bb3",
	'addFacilityType',
	'',
	'create object instance ft of FACILITYTYPE;
create object instance b of BOOKABLE;

relate ft to b across R2;

select any h from instances of HOTEL;

if(empty h)
	create object instance h of HOTEL;
end if;

if(not_empty h)
	relate b to h across R9;
	b.price = param.price;
	b.description = param.description;
	ft.approximateArea = param.approximateArea;
	b.name = param.name;
	
end if;

send StaffInterface::sendFacilityType(facilityTypeID: ft.id, name: b.name);',
	1);
INSERT INTO ACT_PSB
	VALUES ("70cde943-e4db-4a47-a473-68f164b103cc",
	"1aee11b8-e562-4626-acc6-35cc36201bb3");
INSERT INTO ACT_ACT
	VALUES ("70cde943-e4db-4a47-a473-68f164b103cc",
	'signal',
	0,
	"56c936fa-9d14-404d-95cb-2a1f190ddb8f",
	"00000000-0000-0000-0000-000000000000",
	0,
	'Port1::StaffInterface::addFacilityType',
	"00000000-0000-0000-0000-000000000000");
INSERT INTO ACT_BLK
	VALUES ("56c936fa-9d14-404d-95cb-2a1f190ddb8f",
	1,
	0,
	0,
	'StaffInterface',
	'',
	'',
	21,
	1,
	21,
	6,
	0,
	0,
	4,
	23,
	0,
	0,
	0,
	0,
	0,
	"70cde943-e4db-4a47-a473-68f164b103cc",
	"00000000-0000-0000-0000-000000000000");
INSERT INTO ACT_SMT
	VALUES ("6c0c8a4d-9983-450c-981b-47264875f2e3",
	"56c936fa-9d14-404d-95cb-2a1f190ddb8f",
	"57cb4df2-79ac-4b7c-b187-d71464093cff",
	1,
	1,
	'Port1::StaffInterface::addFacilityType line: 1');
INSERT INTO ACT_CR
	VALUES ("6c0c8a4d-9983-450c-981b-47264875f2e3",
	"a5baaa6b-951a-4cd4-95f4-be2d94ebf565",
	1,
	"bafdc953-1881-43a3-a5f1-9dcc7e2d60c3",
	1,
	30);
INSERT INTO ACT_SMT
	VALUES ("57cb4df2-79ac-4b7c-b187-d71464093cff",
	"56c936fa-9d14-404d-95cb-2a1f190ddb8f",
	"5d53a549-8182-4dbb-99ad-a29715e7b917",
	2,
	1,
	'Port1::StaffInterface::addFacilityType line: 2');
INSERT INTO ACT_CR
	VALUES ("57cb4df2-79ac-4b7c-b187-d71464093cff",
	"7dfeb59e-5aae-4cf4-9a15-3f31533b521e",
	1,
	"803702ba-1594-4405-b96a-8c76b6ef1c69",
	2,
	29);
INSERT INTO ACT_SMT
	VALUES ("5d53a549-8182-4dbb-99ad-a29715e7b917",
	"56c936fa-9d14-404d-95cb-2a1f190ddb8f",
	"b48d0668-8a46-4dd3-851f-5c7f17799bed",
	4,
	1,
	'Port1::StaffInterface::addFacilityType line: 4');
INSERT INTO ACT_REL
	VALUES ("5d53a549-8182-4dbb-99ad-a29715e7b917",
	"a5baaa6b-951a-4cd4-95f4-be2d94ebf565",
	"7dfeb59e-5aae-4cf4-9a15-3f31533b521e",
	'',
	"655f93cd-124d-4c1c-8fee-9a2f5468ffe1",
	4,
	23,
	0,
	0);
INSERT INTO ACT_SMT
	VALUES ("b48d0668-8a46-4dd3-851f-5c7f17799bed",
	"56c936fa-9d14-404d-95cb-2a1f190ddb8f",
	"4d462726-ca6b-4dec-91b4-e342903bc83b",
	6,
	1,
	'Port1::StaffInterface::addFacilityType line: 6');
INSERT INTO ACT_FIO
	VALUES ("b48d0668-8a46-4dd3-851f-5c7f17799bed",
	"bc0cc499-9839-4044-b5cb-06a10a443e31",
	1,
	'any',
	"daf3cea3-b187-4d6a-9517-f12785ae9b3a",
	6,
	32);
INSERT INTO ACT_SMT
	VALUES ("4d462726-ca6b-4dec-91b4-e342903bc83b",
	"56c936fa-9d14-404d-95cb-2a1f190ddb8f",
	"c723983f-f60e-47a9-9a57-e87b9d585124",
	8,
	1,
	'Port1::StaffInterface::addFacilityType line: 8');
INSERT INTO ACT_IF
	VALUES ("4d462726-ca6b-4dec-91b4-e342903bc83b",
	"2bbafdc2-6161-40fc-b6a9-204eafbb4bd4",
	"e5086388-e88d-4b66-8935-2c50e5c90a11",
	"00000000-0000-0000-0000-000000000000",
	"00000000-0000-0000-0000-000000000000");
INSERT INTO ACT_SMT
	VALUES ("c723983f-f60e-47a9-9a57-e87b9d585124",
	"56c936fa-9d14-404d-95cb-2a1f190ddb8f",
	"f83f85a9-2b4a-4e96-a6bd-4bc8aea92c36",
	12,
	1,
	'Port1::StaffInterface::addFacilityType line: 12');
INSERT INTO ACT_IF
	VALUES ("c723983f-f60e-47a9-9a57-e87b9d585124",
	"8a292683-8ef5-4c90-a1b7-514d01b60c99",
	"b9095b1b-6b1b-4246-90ff-c177935362c6",
	"00000000-0000-0000-0000-000000000000",
	"00000000-0000-0000-0000-000000000000");
INSERT INTO ACT_SMT
	VALUES ("f83f85a9-2b4a-4e96-a6bd-4bc8aea92c36",
	"56c936fa-9d14-404d-95cb-2a1f190ddb8f",
	"00000000-0000-0000-0000-000000000000",
	21,
	1,
	'Port1::StaffInterface::addFacilityType line: 21');
INSERT INTO ACT_SGN
	VALUES ("f83f85a9-2b4a-4e96-a6bd-4bc8aea92c36",
	21,
	22,
	21,
	6,
	"feb554a9-891f-4263-acc6-9505d061cdea",
	"00000000-0000-0000-0000-000000000000",
	"00000000-0000-0000-0000-000000000000");
INSERT INTO V_VAL
	VALUES ("71357802-ced4-44cd-8bf3-9d0ac17981fd",
	0,
	0,
	8,
	10,
	10,
	0,
	0,
	0,
	0,
	"ba5eda7a-def5-0000-0000-000000000008",
	"56c936fa-9d14-404d-95cb-2a1f190ddb8f");
INSERT INTO V_IRF
	VALUES ("71357802-ced4-44cd-8bf3-9d0ac17981fd",
	"bc0cc499-9839-4044-b5cb-06a10a443e31");
INSERT INTO V_VAL
	VALUES ("e5086388-e88d-4b66-8935-2c50e5c90a11",
	0,
	0,
	-1,
	-1,
	-1,
	0,
	0,
	0,
	0,
	"ba5eda7a-def5-0000-0000-000000000001",
	"56c936fa-9d14-404d-95cb-2a1f190ddb8f");
INSERT INTO V_UNY
	VALUES ("e5086388-e88d-4b66-8935-2c50e5c90a11",
	"71357802-ced4-44cd-8bf3-9d0ac17981fd",
	'empty');
INSERT INTO V_VAL
	VALUES ("eccb4671-5a2a-4b43-9d6c-12f93edbd5bc",
	0,
	0,
	12,
	14,
	14,
	0,
	0,
	0,
	0,
	"ba5eda7a-def5-0000-0000-000000000008",
	"56c936fa-9d14-404d-95cb-2a1f190ddb8f");
INSERT INTO V_IRF
	VALUES ("eccb4671-5a2a-4b43-9d6c-12f93edbd5bc",
	"bc0cc499-9839-4044-b5cb-06a10a443e31");
INSERT INTO V_VAL
	VALUES ("b9095b1b-6b1b-4246-90ff-c177935362c6",
	0,
	0,
	-1,
	-1,
	-1,
	0,
	0,
	0,
	0,
	"ba5eda7a-def5-0000-0000-000000000001",
	"56c936fa-9d14-404d-95cb-2a1f190ddb8f");
INSERT INTO V_UNY
	VALUES ("b9095b1b-6b1b-4246-90ff-c177935362c6",
	"eccb4671-5a2a-4b43-9d6c-12f93edbd5bc",
	'not_empty');
INSERT INTO V_VAL
	VALUES ("48dc2c2f-4df0-49af-a8c1-f9d18e7f62c5",
	0,
	0,
	21,
	55,
	56,
	0,
	0,
	0,
	0,
	"99dc6d1a-909c-4bcb-a5b6-04d65b974e90",
	"56c936fa-9d14-404d-95cb-2a1f190ddb8f");
INSERT INTO V_IRF
	VALUES ("48dc2c2f-4df0-49af-a8c1-f9d18e7f62c5",
	"a5baaa6b-951a-4cd4-95f4-be2d94ebf565");
INSERT INTO V_VAL
	VALUES ("b77e3a32-1f16-49c5-959e-8db7061fe731",
	0,
	0,
	21,
	58,
	59,
	0,
	0,
	0,
	0,
	"ba5eda7a-def5-0000-0000-000000000005",
	"56c936fa-9d14-404d-95cb-2a1f190ddb8f");
INSERT INTO V_AVL
	VALUES ("b77e3a32-1f16-49c5-959e-8db7061fe731",
	"48dc2c2f-4df0-49af-a8c1-f9d18e7f62c5",
	"bafdc953-1881-43a3-a5f1-9dcc7e2d60c3",
	"c7050232-2f33-4247-8fc7-4866e3c7280d");
INSERT INTO V_PAR
	VALUES ("b77e3a32-1f16-49c5-959e-8db7061fe731",
	"f83f85a9-2b4a-4e96-a6bd-4bc8aea92c36",
	"00000000-0000-0000-0000-000000000000",
	'facilityTypeID',
	"d32b4020-ee63-4dd1-b5f0-a0a53909a6f7",
	21,
	39);
INSERT INTO V_VAL
	VALUES ("523d929f-95ae-4b65-99f0-a055d79aa704",
	0,
	0,
	21,
	68,
	68,
	0,
	0,
	0,
	0,
	"bdce89ef-72f6-4386-ba13-b2d926836c80",
	"56c936fa-9d14-404d-95cb-2a1f190ddb8f");
INSERT INTO V_IRF
	VALUES ("523d929f-95ae-4b65-99f0-a055d79aa704",
	"7dfeb59e-5aae-4cf4-9a15-3f31533b521e");
INSERT INTO V_VAL
	VALUES ("d32b4020-ee63-4dd1-b5f0-a0a53909a6f7",
	0,
	0,
	21,
	70,
	73,
	0,
	0,
	0,
	0,
	"ba5eda7a-def5-0000-0000-000000000004",
	"56c936fa-9d14-404d-95cb-2a1f190ddb8f");
INSERT INTO V_AVL
	VALUES ("d32b4020-ee63-4dd1-b5f0-a0a53909a6f7",
	"523d929f-95ae-4b65-99f0-a055d79aa704",
	"803702ba-1594-4405-b96a-8c76b6ef1c69",
	"3f2fc0b4-be17-44ca-a848-72144603506d");
INSERT INTO V_PAR
	VALUES ("d32b4020-ee63-4dd1-b5f0-a0a53909a6f7",
	"f83f85a9-2b4a-4e96-a6bd-4bc8aea92c36",
	"00000000-0000-0000-0000-000000000000",
	'name',
	"00000000-0000-0000-0000-000000000000",
	21,
	62);
INSERT INTO V_VAR
	VALUES ("a5baaa6b-951a-4cd4-95f4-be2d94ebf565",
	"56c936fa-9d14-404d-95cb-2a1f190ddb8f",
	'ft',
	1,
	"99dc6d1a-909c-4bcb-a5b6-04d65b974e90");
INSERT INTO V_INT
	VALUES ("a5baaa6b-951a-4cd4-95f4-be2d94ebf565",
	0,
	"bafdc953-1881-43a3-a5f1-9dcc7e2d60c3");
INSERT INTO V_LOC
	VALUES ("b0612cc0-e588-4023-95a3-53b1435cb0ac",
	1,
	24,
	25,
	"a5baaa6b-951a-4cd4-95f4-be2d94ebf565");
INSERT INTO V_LOC
	VALUES ("f7b8f30f-bc53-4090-8161-3cd85be3fa73",
	4,
	8,
	9,
	"a5baaa6b-951a-4cd4-95f4-be2d94ebf565");
INSERT INTO V_LOC
	VALUES ("58218bf3-7375-4da6-a3aa-bedb3f631826",
	16,
	2,
	3,
	"a5baaa6b-951a-4cd4-95f4-be2d94ebf565");
INSERT INTO V_LOC
	VALUES ("6edf8506-eac9-40c1-898c-25f2bb825aae",
	21,
	55,
	56,
	"a5baaa6b-951a-4cd4-95f4-be2d94ebf565");
INSERT INTO V_VAR
	VALUES ("7dfeb59e-5aae-4cf4-9a15-3f31533b521e",
	"56c936fa-9d14-404d-95cb-2a1f190ddb8f",
	'b',
	1,
	"bdce89ef-72f6-4386-ba13-b2d926836c80");
INSERT INTO V_INT
	VALUES ("7dfeb59e-5aae-4cf4-9a15-3f31533b521e",
	0,
	"803702ba-1594-4405-b96a-8c76b6ef1c69");
INSERT INTO V_LOC
	VALUES ("ff842fd1-783b-4bda-8793-7e2ce65c9c4f",
	2,
	24,
	24,
	"7dfeb59e-5aae-4cf4-9a15-3f31533b521e");
INSERT INTO V_LOC
	VALUES ("5d9cb373-49ef-479f-a9cb-f36faf526655",
	4,
	14,
	14,
	"7dfeb59e-5aae-4cf4-9a15-3f31533b521e");
INSERT INTO V_LOC
	VALUES ("5161e68b-e2c9-4fe9-852c-08638cc0107a",
	13,
	9,
	9,
	"7dfeb59e-5aae-4cf4-9a15-3f31533b521e");
INSERT INTO V_LOC
	VALUES ("51463d3c-111d-461e-bfff-51a683036cd7",
	14,
	2,
	2,
	"7dfeb59e-5aae-4cf4-9a15-3f31533b521e");
INSERT INTO V_LOC
	VALUES ("010cf5f5-1f63-4e23-8fc4-9aa611ccdfee",
	15,
	2,
	2,
	"7dfeb59e-5aae-4cf4-9a15-3f31533b521e");
INSERT INTO V_LOC
	VALUES ("0dc2098b-bd96-4a10-bdc6-3ef2856d15c1",
	17,
	2,
	2,
	"7dfeb59e-5aae-4cf4-9a15-3f31533b521e");
INSERT INTO V_LOC
	VALUES ("344f43fc-36ee-451d-af0f-02f32fff7c79",
	21,
	68,
	68,
	"7dfeb59e-5aae-4cf4-9a15-3f31533b521e");
INSERT INTO V_VAR
	VALUES ("bc0cc499-9839-4044-b5cb-06a10a443e31",
	"56c936fa-9d14-404d-95cb-2a1f190ddb8f",
	'h',
	1,
	"ba5eda7a-def5-0000-0000-000000000008");
INSERT INTO V_INT
	VALUES ("bc0cc499-9839-4044-b5cb-06a10a443e31",
	0,
	"daf3cea3-b187-4d6a-9517-f12785ae9b3a");
INSERT INTO V_LOC
	VALUES ("3ef7198e-d8cc-4c3c-b460-b1caf9159da1",
	6,
	12,
	12,
	"bc0cc499-9839-4044-b5cb-06a10a443e31");
INSERT INTO V_LOC
	VALUES ("9d37cd94-093a-4fd5-b912-67c25164c30a",
	9,
	25,
	25,
	"bc0cc499-9839-4044-b5cb-06a10a443e31");
INSERT INTO V_LOC
	VALUES ("f688649a-2a19-4241-b11c-bbdf54eceb51",
	13,
	14,
	14,
	"bc0cc499-9839-4044-b5cb-06a10a443e31");
INSERT INTO ACT_BLK
	VALUES ("2bbafdc2-6161-40fc-b6a9-204eafbb4bd4",
	0,
	0,
	0,
	'',
	'',
	'',
	9,
	2,
	9,
	30,
	0,
	0,
	0,
	0,
	0,
	0,
	0,
	0,
	0,
	"70cde943-e4db-4a47-a473-68f164b103cc",
	"00000000-0000-0000-0000-000000000000");
INSERT INTO ACT_SMT
	VALUES ("232cdc29-3422-415e-91e3-13de80610351",
	"2bbafdc2-6161-40fc-b6a9-204eafbb4bd4",
	"00000000-0000-0000-0000-000000000000",
	9,
	2,
	'Port1::StaffInterface::addFacilityType line: 9');
INSERT INTO ACT_CR
	VALUES ("232cdc29-3422-415e-91e3-13de80610351",
	"bc0cc499-9839-4044-b5cb-06a10a443e31",
	0,
	"daf3cea3-b187-4d6a-9517-f12785ae9b3a",
	9,
	30);
INSERT INTO ACT_BLK
	VALUES ("8a292683-8ef5-4c90-a1b7-514d01b60c99",
	0,
	0,
	0,
	'',
	'',
	'',
	17,
	2,
	0,
	0,
	0,
	0,
	13,
	23,
	0,
	0,
	0,
	0,
	0,
	"70cde943-e4db-4a47-a473-68f164b103cc",
	"00000000-0000-0000-0000-000000000000");
INSERT INTO ACT_SMT
	VALUES ("997089a5-bc9f-4c39-a0cc-b4f1dfe4b59d",
	"8a292683-8ef5-4c90-a1b7-514d01b60c99",
	"b1b2104f-1e78-4b8a-ad62-0758cf17e2b2",
	13,
	2,
	'Port1::StaffInterface::addFacilityType line: 13');
INSERT INTO ACT_REL
	VALUES ("997089a5-bc9f-4c39-a0cc-b4f1dfe4b59d",
	"7dfeb59e-5aae-4cf4-9a15-3f31533b521e",
	"bc0cc499-9839-4044-b5cb-06a10a443e31",
	'',
	"8e6b9c28-ea1f-478f-8a85-37281a7e9221",
	13,
	23,
	0,
	0);
INSERT INTO ACT_SMT
	VALUES ("b1b2104f-1e78-4b8a-ad62-0758cf17e2b2",
	"8a292683-8ef5-4c90-a1b7-514d01b60c99",
	"a294a25d-9ce2-47b3-b9fc-4c17ab293754",
	14,
	2,
	'Port1::StaffInterface::addFacilityType line: 14');
INSERT INTO ACT_AI
	VALUES ("b1b2104f-1e78-4b8a-ad62-0758cf17e2b2",
	"12d3cfd3-741d-4e12-a53b-511463a335f4",
	"968d0f46-9a8a-4b2a-aba6-080d73c33f42",
	0,
	0);
INSERT INTO ACT_SMT
	VALUES ("a294a25d-9ce2-47b3-b9fc-4c17ab293754",
	"8a292683-8ef5-4c90-a1b7-514d01b60c99",
	"fe5f6bde-1f69-4bca-810a-595c7b41d4c9",
	15,
	2,
	'Port1::StaffInterface::addFacilityType line: 15');
INSERT INTO ACT_AI
	VALUES ("a294a25d-9ce2-47b3-b9fc-4c17ab293754",
	"26a88f39-eab3-482e-becb-8306c12ab990",
	"3deb1676-6aea-449a-be0a-944285471448",
	0,
	0);
INSERT INTO ACT_SMT
	VALUES ("fe5f6bde-1f69-4bca-810a-595c7b41d4c9",
	"8a292683-8ef5-4c90-a1b7-514d01b60c99",
	"99ceb244-544c-45da-b633-97197ed778b9",
	16,
	2,
	'Port1::StaffInterface::addFacilityType line: 16');
INSERT INTO ACT_AI
	VALUES ("fe5f6bde-1f69-4bca-810a-595c7b41d4c9",
	"166ff688-6721-4e9e-af70-9dbdde184180",
	"205dc716-15b7-46d1-8b96-03a904a44bae",
	0,
	0);
INSERT INTO ACT_SMT
	VALUES ("99ceb244-544c-45da-b633-97197ed778b9",
	"8a292683-8ef5-4c90-a1b7-514d01b60c99",
	"00000000-0000-0000-0000-000000000000",
	17,
	2,
	'Port1::StaffInterface::addFacilityType line: 17');
INSERT INTO ACT_AI
	VALUES ("99ceb244-544c-45da-b633-97197ed778b9",
	"a283f67e-fb24-4099-8967-bce2a5253dc4",
	"84044161-b861-4c5d-9258-870f5f326ed2",
	0,
	0);
INSERT INTO V_VAL
	VALUES ("a70b793e-2a49-4292-8c77-466ae8bb8a29",
	1,
	0,
	14,
	2,
	2,
	0,
	0,
	0,
	0,
	"bdce89ef-72f6-4386-ba13-b2d926836c80",
	"8a292683-8ef5-4c90-a1b7-514d01b60c99");
INSERT INTO V_IRF
	VALUES ("a70b793e-2a49-4292-8c77-466ae8bb8a29",
	"7dfeb59e-5aae-4cf4-9a15-3f31533b521e");
INSERT INTO V_VAL
	VALUES ("968d0f46-9a8a-4b2a-aba6-080d73c33f42",
	1,
	0,
	14,
	4,
	8,
	0,
	0,
	0,
	0,
	"ba5eda7a-def5-0000-0000-000000000002",
	"8a292683-8ef5-4c90-a1b7-514d01b60c99");
INSERT INTO V_AVL
	VALUES ("968d0f46-9a8a-4b2a-aba6-080d73c33f42",
	"a70b793e-2a49-4292-8c77-466ae8bb8a29",
	"803702ba-1594-4405-b96a-8c76b6ef1c69",
	"8ccbac66-5148-4ed4-bb36-09215ce15366");
INSERT INTO V_VAL
	VALUES ("12d3cfd3-741d-4e12-a53b-511463a335f4",
	0,
	0,
	14,
	18,
	22,
	0,
	0,
	0,
	0,
	"ba5eda7a-def5-0000-0000-000000000003",
	"8a292683-8ef5-4c90-a1b7-514d01b60c99");
INSERT INTO V_PVL
	VALUES ("12d3cfd3-741d-4e12-a53b-511463a335f4",
	"00000000-0000-0000-0000-000000000000",
	"00000000-0000-0000-0000-000000000000",
	"00000000-0000-0000-0000-000000000000",
	"de5edff6-21df-436a-baaf-ee1a13999228");
INSERT INTO V_VAL
	VALUES ("0f3a8986-e3c0-4091-a4a4-40d8504c0005",
	1,
	0,
	15,
	2,
	2,
	0,
	0,
	0,
	0,
	"bdce89ef-72f6-4386-ba13-b2d926836c80",
	"8a292683-8ef5-4c90-a1b7-514d01b60c99");
INSERT INTO V_IRF
	VALUES ("0f3a8986-e3c0-4091-a4a4-40d8504c0005",
	"7dfeb59e-5aae-4cf4-9a15-3f31533b521e");
INSERT INTO V_VAL
	VALUES ("3deb1676-6aea-449a-be0a-944285471448",
	1,
	0,
	15,
	4,
	14,
	0,
	0,
	0,
	0,
	"ba5eda7a-def5-0000-0000-000000000004",
	"8a292683-8ef5-4c90-a1b7-514d01b60c99");
INSERT INTO V_AVL
	VALUES ("3deb1676-6aea-449a-be0a-944285471448",
	"0f3a8986-e3c0-4091-a4a4-40d8504c0005",
	"803702ba-1594-4405-b96a-8c76b6ef1c69",
	"7edb737c-eda0-435c-ab44-20ad0293ebdb");
INSERT INTO V_VAL
	VALUES ("26a88f39-eab3-482e-becb-8306c12ab990",
	0,
	0,
	15,
	24,
	34,
	0,
	0,
	0,
	0,
	"ba5eda7a-def5-0000-0000-000000000004",
	"8a292683-8ef5-4c90-a1b7-514d01b60c99");
INSERT INTO V_PVL
	VALUES ("26a88f39-eab3-482e-becb-8306c12ab990",
	"00000000-0000-0000-0000-000000000000",
	"00000000-0000-0000-0000-000000000000",
	"00000000-0000-0000-0000-000000000000",
	"ae84f3b2-9628-4fe2-abfc-6630078db393");
INSERT INTO V_VAL
	VALUES ("48ca6186-d86e-436a-aa7e-afd4014b5b8d",
	1,
	0,
	16,
	2,
	3,
	0,
	0,
	0,
	0,
	"99dc6d1a-909c-4bcb-a5b6-04d65b974e90",
	"8a292683-8ef5-4c90-a1b7-514d01b60c99");
INSERT INTO V_IRF
	VALUES ("48ca6186-d86e-436a-aa7e-afd4014b5b8d",
	"a5baaa6b-951a-4cd4-95f4-be2d94ebf565");
INSERT INTO V_VAL
	VALUES ("205dc716-15b7-46d1-8b96-03a904a44bae",
	1,
	0,
	16,
	5,
	19,
	0,
	0,
	0,
	0,
	"ba5eda7a-def5-0000-0000-000000000004",
	"8a292683-8ef5-4c90-a1b7-514d01b60c99");
INSERT INTO V_AVL
	VALUES ("205dc716-15b7-46d1-8b96-03a904a44bae",
	"48ca6186-d86e-436a-aa7e-afd4014b5b8d",
	"bafdc953-1881-43a3-a5f1-9dcc7e2d60c3",
	"839b61ce-d63e-49ba-a0ae-d1b0093bb680");
INSERT INTO V_VAL
	VALUES ("166ff688-6721-4e9e-af70-9dbdde184180",
	0,
	0,
	16,
	29,
	43,
	0,
	0,
	0,
	0,
	"ba5eda7a-def5-0000-0000-000000000004",
	"8a292683-8ef5-4c90-a1b7-514d01b60c99");
INSERT INTO V_PVL
	VALUES ("166ff688-6721-4e9e-af70-9dbdde184180",
	"00000000-0000-0000-0000-000000000000",
	"00000000-0000-0000-0000-000000000000",
	"00000000-0000-0000-0000-000000000000",
	"fc57c5a9-de76-4b8c-a1eb-66202621f92f");
INSERT INTO V_VAL
	VALUES ("d87c1623-c277-47e6-9932-3b74525d3e99",
	1,
	0,
	17,
	2,
	2,
	0,
	0,
	0,
	0,
	"bdce89ef-72f6-4386-ba13-b2d926836c80",
	"8a292683-8ef5-4c90-a1b7-514d01b60c99");
INSERT INTO V_IRF
	VALUES ("d87c1623-c277-47e6-9932-3b74525d3e99",
	"7dfeb59e-5aae-4cf4-9a15-3f31533b521e");
INSERT INTO V_VAL
	VALUES ("84044161-b861-4c5d-9258-870f5f326ed2",
	1,
	0,
	17,
	4,
	7,
	0,
	0,
	0,
	0,
	"ba5eda7a-def5-0000-0000-000000000004",
	"8a292683-8ef5-4c90-a1b7-514d01b60c99");
INSERT INTO V_AVL
	VALUES ("84044161-b861-4c5d-9258-870f5f326ed2",
	"d87c1623-c277-47e6-9932-3b74525d3e99",
	"803702ba-1594-4405-b96a-8c76b6ef1c69",
	"3f2fc0b4-be17-44ca-a848-72144603506d");
INSERT INTO V_VAL
	VALUES ("a283f67e-fb24-4099-8967-bce2a5253dc4",
	0,
	0,
	17,
	17,
	20,
	0,
	0,
	0,
	0,
	"ba5eda7a-def5-0000-0000-000000000004",
	"8a292683-8ef5-4c90-a1b7-514d01b60c99");
INSERT INTO V_PVL
	VALUES ("a283f67e-fb24-4099-8967-bce2a5253dc4",
	"00000000-0000-0000-0000-000000000000",
	"00000000-0000-0000-0000-000000000000",
	"00000000-0000-0000-0000-000000000000",
	"ffbe64fe-56a6-4c62-b5e4-b28648e78656");
INSERT INTO SPR_PEP
	VALUES ("feb554a9-891f-4263-acc6-9505d061cdea",
	"cd0882a7-a468-425e-a99e-c9480ba64c90",
	"9d173fe3-55ba-463f-a9f9-a5b42dd200a2");
INSERT INTO SPR_PS
	VALUES ("feb554a9-891f-4263-acc6-9505d061cdea",
	'sendFacilityType',
	'',
	'',
	1);
INSERT INTO ACT_PSB
	VALUES ("504210d3-1394-42af-8793-b9289da87239",
	"feb554a9-891f-4263-acc6-9505d061cdea");
INSERT INTO ACT_ACT
	VALUES ("504210d3-1394-42af-8793-b9289da87239",
	'signal',
	0,
	"e951e5c1-2490-40ec-9b03-75d53a6c0b44",
	"00000000-0000-0000-0000-000000000000",
	0,
	'Port1::StaffInterface::sendFacilityType',
	"00000000-0000-0000-0000-000000000000");
INSERT INTO ACT_BLK
	VALUES ("e951e5c1-2490-40ec-9b03-75d53a6c0b44",
	0,
	0,
	0,
	'',
	'',
	'',
	0,
	0,
	0,
	0,
	0,
	0,
	0,
	0,
	0,
	0,
	0,
	0,
	0,
	"504210d3-1394-42af-8793-b9289da87239",
	"00000000-0000-0000-0000-000000000000");
INSERT INTO PE_PE
	VALUES ("960454f9-cf5f-4331-88bf-8023709586b1",
	1,
	"00000000-0000-0000-0000-000000000000",
	"ab2192c8-8390-4631-9e2c-fca2a1f30c08",
	7);
INSERT INTO EP_PKG
	VALUES ("960454f9-cf5f-4331-88bf-8023709586b1",
	"00000000-0000-0000-0000-000000000000",
	"77552e13-265a-4a67-beca-bb6af5f15d0b",
	'Hotel',
	'',
	0);
INSERT INTO PE_PE
	VALUES ("6557ebe6-ab9f-4355-8439-aba9a82c7dd3",
	1,
	"960454f9-cf5f-4331-88bf-8023709586b1",
	"00000000-0000-0000-0000-000000000000",
	3);
INSERT INTO S_DT
	VALUES ("6557ebe6-ab9f-4355-8439-aba9a82c7dd3",
	"00000000-0000-0000-0000-000000000000",
	'inst_ref_set<Facility>',
	'',
	'');
INSERT INTO S_IRDT
	VALUES ("6557ebe6-ab9f-4355-8439-aba9a82c7dd3",
	1,
	"4b839513-bd70-4d73-85ed-c06b10ee091a");
INSERT INTO PE_PE
	VALUES ("bd43dc09-3be2-4ae8-806d-bedb08b1e03c",
	1,
	"960454f9-cf5f-4331-88bf-8023709586b1",
	"00000000-0000-0000-0000-000000000000",
	3);
INSERT INTO S_DT
	VALUES ("bd43dc09-3be2-4ae8-806d-bedb08b1e03c",
	"00000000-0000-0000-0000-000000000000",
	'inst_ref<Facility>',
	'',
	'');
INSERT INTO S_IRDT
	VALUES ("bd43dc09-3be2-4ae8-806d-bedb08b1e03c",
	0,
	"4b839513-bd70-4d73-85ed-c06b10ee091a");
INSERT INTO PE_PE
	VALUES ("43b0cae0-5c1a-4413-9ef4-db5152923f7b",
	1,
	"960454f9-cf5f-4331-88bf-8023709586b1",
	"00000000-0000-0000-0000-000000000000",
	3);
INSERT INTO S_DT
	VALUES ("43b0cae0-5c1a-4413-9ef4-db5152923f7b",
	"00000000-0000-0000-0000-000000000000",
	'inst_ref_set<Booking>',
	'',
	'');
INSERT INTO S_IRDT
	VALUES ("43b0cae0-5c1a-4413-9ef4-db5152923f7b",
	1,
	"9a41fe9e-f547-4cde-b68d-f7db43c904dc");
INSERT INTO PE_PE
	VALUES ("433f7688-7b95-4f9c-89f1-cf076d691ab7",
	1,
	"960454f9-cf5f-4331-88bf-8023709586b1",
	"00000000-0000-0000-0000-000000000000",
	3);
INSERT INTO S_DT
	VALUES ("433f7688-7b95-4f9c-89f1-cf076d691ab7",
	"00000000-0000-0000-0000-000000000000",
	'inst_ref<Booking>',
	'',
	'');
INSERT INTO S_IRDT
	VALUES ("433f7688-7b95-4f9c-89f1-cf076d691ab7",
	0,
	"9a41fe9e-f547-4cde-b68d-f7db43c904dc");
INSERT INTO PE_PE
	VALUES ("df204ffe-8ba5-4335-839a-3b03a55091e7",
	1,
	"960454f9-cf5f-4331-88bf-8023709586b1",
	"00000000-0000-0000-0000-000000000000",
	3);
INSERT INTO S_DT
	VALUES ("df204ffe-8ba5-4335-839a-3b03a55091e7",
	"00000000-0000-0000-0000-000000000000",
	'inst_ref_set<Bookable>',
	'',
	'');
INSERT INTO S_IRDT
	VALUES ("df204ffe-8ba5-4335-839a-3b03a55091e7",
	1,
	"803702ba-1594-4405-b96a-8c76b6ef1c69");
INSERT INTO PE_PE
	VALUES ("bdce89ef-72f6-4386-ba13-b2d926836c80",
	1,
	"960454f9-cf5f-4331-88bf-8023709586b1",
	"00000000-0000-0000-0000-000000000000",
	3);
INSERT INTO S_DT
	VALUES ("bdce89ef-72f6-4386-ba13-b2d926836c80",
	"00000000-0000-0000-0000-000000000000",
	'inst_ref<Bookable>',
	'',
	'');
INSERT INTO S_IRDT
	VALUES ("bdce89ef-72f6-4386-ba13-b2d926836c80",
	0,
	"803702ba-1594-4405-b96a-8c76b6ef1c69");
INSERT INTO PE_PE
	VALUES ("ebb6007c-c361-40c7-ad5b-5b07d6a01d41",
	1,
	"960454f9-cf5f-4331-88bf-8023709586b1",
	"00000000-0000-0000-0000-000000000000",
	3);
INSERT INTO S_DT
	VALUES ("ebb6007c-c361-40c7-ad5b-5b07d6a01d41",
	"00000000-0000-0000-0000-000000000000",
	'inst_ref_set<FacilityType>',
	'',
	'');
INSERT INTO S_IRDT
	VALUES ("ebb6007c-c361-40c7-ad5b-5b07d6a01d41",
	1,
	"bafdc953-1881-43a3-a5f1-9dcc7e2d60c3");
INSERT INTO PE_PE
	VALUES ("99dc6d1a-909c-4bcb-a5b6-04d65b974e90",
	1,
	"960454f9-cf5f-4331-88bf-8023709586b1",
	"00000000-0000-0000-0000-000000000000",
	3);
INSERT INTO S_DT
	VALUES ("99dc6d1a-909c-4bcb-a5b6-04d65b974e90",
	"00000000-0000-0000-0000-000000000000",
	'inst_ref<FacilityType>',
	'',
	'');
INSERT INTO S_IRDT
	VALUES ("99dc6d1a-909c-4bcb-a5b6-04d65b974e90",
	0,
	"bafdc953-1881-43a3-a5f1-9dcc7e2d60c3");
INSERT INTO PE_PE
	VALUES ("c53c3d3d-c925-46df-8d23-da7e20b6f64c",
	1,
	"960454f9-cf5f-4331-88bf-8023709586b1",
	"00000000-0000-0000-0000-000000000000",
	3);
INSERT INTO S_DT
	VALUES ("c53c3d3d-c925-46df-8d23-da7e20b6f64c",
	"00000000-0000-0000-0000-000000000000",
	'inst_ref_set<Service>',
	'',
	'');
INSERT INTO S_IRDT
	VALUES ("c53c3d3d-c925-46df-8d23-da7e20b6f64c",
	1,
	"1efeba6e-0315-442d-8e70-729b05561bea");
INSERT INTO PE_PE
	VALUES ("41359d03-d56a-4b09-9529-4f2f2969949e",
	1,
	"960454f9-cf5f-4331-88bf-8023709586b1",
	"00000000-0000-0000-0000-000000000000",
	3);
INSERT INTO S_DT
	VALUES ("41359d03-d56a-4b09-9529-4f2f2969949e",
	"00000000-0000-0000-0000-000000000000",
	'inst_ref<Service>',
	'',
	'');
INSERT INTO S_IRDT
	VALUES ("41359d03-d56a-4b09-9529-4f2f2969949e",
	0,
	"1efeba6e-0315-442d-8e70-729b05561bea");
INSERT INTO PE_PE
	VALUES ("e8826e92-bfc8-4325-979a-2122f04032b6",
	1,
	"960454f9-cf5f-4331-88bf-8023709586b1",
	"00000000-0000-0000-0000-000000000000",
	9);
INSERT INTO R_REL
	VALUES ("e8826e92-bfc8-4325-979a-2122f04032b6",
	27,
	'',
	"00000000-0000-0000-0000-000000000000");
INSERT INTO R_SIMP
	VALUES ("e8826e92-bfc8-4325-979a-2122f04032b6");
INSERT INTO R_PART
	VALUES ("bd271967-a0a4-4bd7-9783-303111ffdc9b",
	"e8826e92-bfc8-4325-979a-2122f04032b6",
	"8fd6d4e6-2cf9-4cb6-b42f-dd04cc9d2bb4",
	0,
	0,
	'');
INSERT INTO R_RTO
	VALUES ("bd271967-a0a4-4bd7-9783-303111ffdc9b",
	"e8826e92-bfc8-4325-979a-2122f04032b6",
	"8fd6d4e6-2cf9-4cb6-b42f-dd04cc9d2bb4",
	-1);
INSERT INTO R_OIR
	VALUES ("bd271967-a0a4-4bd7-9783-303111ffdc9b",
	"e8826e92-bfc8-4325-979a-2122f04032b6",
	"8fd6d4e6-2cf9-4cb6-b42f-dd04cc9d2bb4",
	"00000000-0000-0000-0000-000000000000");
INSERT INTO R_PART
	VALUES ("7137c09d-ba0e-406b-b3b5-76bb3cc48f3d",
	"e8826e92-bfc8-4325-979a-2122f04032b6",
	"84f388ff-c5fa-46aa-bbcd-66ac73d3101c",
	0,
	0,
	'');
INSERT INTO R_RTO
	VALUES ("7137c09d-ba0e-406b-b3b5-76bb3cc48f3d",
	"e8826e92-bfc8-4325-979a-2122f04032b6",
	"84f388ff-c5fa-46aa-bbcd-66ac73d3101c",
	-1);
INSERT INTO R_OIR
	VALUES ("7137c09d-ba0e-406b-b3b5-76bb3cc48f3d",
	"e8826e92-bfc8-4325-979a-2122f04032b6",
	"84f388ff-c5fa-46aa-bbcd-66ac73d3101c",
	"00000000-0000-0000-0000-000000000000");
INSERT INTO PE_PE
	VALUES ("a30fd0d6-3586-438e-8d6d-b3d3b14c0f03",
	1,
	"960454f9-cf5f-4331-88bf-8023709586b1",
	"00000000-0000-0000-0000-000000000000",
	9);
INSERT INTO R_REL
	VALUES ("a30fd0d6-3586-438e-8d6d-b3d3b14c0f03",
	26,
	'',
	"00000000-0000-0000-0000-000000000000");
INSERT INTO R_SIMP
	VALUES ("a30fd0d6-3586-438e-8d6d-b3d3b14c0f03");
INSERT INTO R_PART
	VALUES ("9a41fe9e-f547-4cde-b68d-f7db43c904dc",
	"a30fd0d6-3586-438e-8d6d-b3d3b14c0f03",
	"30c64141-d0a5-47e7-afc3-fb1ec9e5775e",
	0,
	0,
	'');
INSERT INTO R_RTO
	VALUES ("9a41fe9e-f547-4cde-b68d-f7db43c904dc",
	"a30fd0d6-3586-438e-8d6d-b3d3b14c0f03",
	"30c64141-d0a5-47e7-afc3-fb1ec9e5775e",
	-1);
INSERT INTO R_OIR
	VALUES ("9a41fe9e-f547-4cde-b68d-f7db43c904dc",
	"a30fd0d6-3586-438e-8d6d-b3d3b14c0f03",
	"30c64141-d0a5-47e7-afc3-fb1ec9e5775e",
	"00000000-0000-0000-0000-000000000000");
INSERT INTO R_PART
	VALUES ("7137c09d-ba0e-406b-b3b5-76bb3cc48f3d",
	"a30fd0d6-3586-438e-8d6d-b3d3b14c0f03",
	"404c4b1d-c180-4c8b-a833-c61ea6f10d6c",
	0,
	0,
	'');
INSERT INTO R_RTO
	VALUES ("7137c09d-ba0e-406b-b3b5-76bb3cc48f3d",
	"a30fd0d6-3586-438e-8d6d-b3d3b14c0f03",
	"404c4b1d-c180-4c8b-a833-c61ea6f10d6c",
	-1);
INSERT INTO R_OIR
	VALUES ("7137c09d-ba0e-406b-b3b5-76bb3cc48f3d",
	"a30fd0d6-3586-438e-8d6d-b3d3b14c0f03",
	"404c4b1d-c180-4c8b-a833-c61ea6f10d6c",
	"00000000-0000-0000-0000-000000000000");
INSERT INTO PE_PE
	VALUES ("1a07e92a-4064-4fe6-82ed-e219bcad12d8",
	1,
	"960454f9-cf5f-4331-88bf-8023709586b1",
	"00000000-0000-0000-0000-000000000000",
	9);
INSERT INTO R_REL
	VALUES ("1a07e92a-4064-4fe6-82ed-e219bcad12d8",
	25,
	'',
	"00000000-0000-0000-0000-000000000000");
INSERT INTO R_SIMP
	VALUES ("1a07e92a-4064-4fe6-82ed-e219bcad12d8");
INSERT INTO R_PART
	VALUES ("803702ba-1594-4405-b96a-8c76b6ef1c69",
	"1a07e92a-4064-4fe6-82ed-e219bcad12d8",
	"ea3126f3-f5fb-4d96-b479-af29683a3964",
	1,
	0,
	'');
INSERT INTO R_RTO
	VALUES ("803702ba-1594-4405-b96a-8c76b6ef1c69",
	"1a07e92a-4064-4fe6-82ed-e219bcad12d8",
	"ea3126f3-f5fb-4d96-b479-af29683a3964",
	-1);
INSERT INTO R_OIR
	VALUES ("803702ba-1594-4405-b96a-8c76b6ef1c69",
	"1a07e92a-4064-4fe6-82ed-e219bcad12d8",
	"ea3126f3-f5fb-4d96-b479-af29683a3964",
	"00000000-0000-0000-0000-000000000000");
INSERT INTO R_PART
	VALUES ("b7e04034-9ae1-478b-b876-84a049865e77",
	"1a07e92a-4064-4fe6-82ed-e219bcad12d8",
	"c35bfe33-46b2-4153-be77-2450b41f0b03",
	1,
	0,
	'affects_price_of');
INSERT INTO R_RTO
	VALUES ("b7e04034-9ae1-478b-b876-84a049865e77",
	"1a07e92a-4064-4fe6-82ed-e219bcad12d8",
	"c35bfe33-46b2-4153-be77-2450b41f0b03",
	-1);
INSERT INTO R_OIR
	VALUES ("b7e04034-9ae1-478b-b876-84a049865e77",
	"1a07e92a-4064-4fe6-82ed-e219bcad12d8",
	"c35bfe33-46b2-4153-be77-2450b41f0b03",
	"00000000-0000-0000-0000-000000000000");
INSERT INTO PE_PE
	VALUES ("d0f8c2b3-33de-4e15-a759-da6c2e5f1356",
	1,
	"960454f9-cf5f-4331-88bf-8023709586b1",
	"00000000-0000-0000-0000-000000000000",
	9);
INSERT INTO R_REL
	VALUES ("d0f8c2b3-33de-4e15-a759-da6c2e5f1356",
	24,
	'',
	"00000000-0000-0000-0000-000000000000");
INSERT INTO R_SIMP
	VALUES ("d0f8c2b3-33de-4e15-a759-da6c2e5f1356");
INSERT INTO R_PART
	VALUES ("33325975-636b-4865-afdb-d6d8138b80fe",
	"d0f8c2b3-33de-4e15-a759-da6c2e5f1356",
	"31097f11-7095-44e0-9954-469e0023c372",
	0,
	0,
	'');
INSERT INTO R_RTO
	VALUES ("33325975-636b-4865-afdb-d6d8138b80fe",
	"d0f8c2b3-33de-4e15-a759-da6c2e5f1356",
	"31097f11-7095-44e0-9954-469e0023c372",
	-1);
INSERT INTO R_OIR
	VALUES ("33325975-636b-4865-afdb-d6d8138b80fe",
	"d0f8c2b3-33de-4e15-a759-da6c2e5f1356",
	"31097f11-7095-44e0-9954-469e0023c372",
	"00000000-0000-0000-0000-000000000000");
INSERT INTO R_PART
	VALUES ("b7e04034-9ae1-478b-b876-84a049865e77",
	"d0f8c2b3-33de-4e15-a759-da6c2e5f1356",
	"00002b38-6a02-4bbe-8dd4-ef69092fdd5e",
	1,
	1,
	'');
INSERT INTO R_RTO
	VALUES ("b7e04034-9ae1-478b-b876-84a049865e77",
	"d0f8c2b3-33de-4e15-a759-da6c2e5f1356",
	"00002b38-6a02-4bbe-8dd4-ef69092fdd5e",
	-1);
INSERT INTO R_OIR
	VALUES ("b7e04034-9ae1-478b-b876-84a049865e77",
	"d0f8c2b3-33de-4e15-a759-da6c2e5f1356",
	"00002b38-6a02-4bbe-8dd4-ef69092fdd5e",
	"00000000-0000-0000-0000-000000000000");
INSERT INTO PE_PE
	VALUES ("80e90b6a-30a0-41e8-b414-ac39ddd7f140",
	1,
	"960454f9-cf5f-4331-88bf-8023709586b1",
	"00000000-0000-0000-0000-000000000000",
	9);
INSERT INTO R_REL
	VALUES ("80e90b6a-30a0-41e8-b414-ac39ddd7f140",
	23,
	'',
	"00000000-0000-0000-0000-000000000000");
INSERT INTO R_SIMP
	VALUES ("80e90b6a-30a0-41e8-b414-ac39ddd7f140");
INSERT INTO R_PART
	VALUES ("bd271967-a0a4-4bd7-9783-303111ffdc9b",
	"80e90b6a-30a0-41e8-b414-ac39ddd7f140",
	"8dbdd0ee-1586-4767-a3e3-006183cb1823",
	1,
	1,
	'is_member_of');
INSERT INTO R_RTO
	VALUES ("bd271967-a0a4-4bd7-9783-303111ffdc9b",
	"80e90b6a-30a0-41e8-b414-ac39ddd7f140",
	"8dbdd0ee-1586-4767-a3e3-006183cb1823",
	-1);
INSERT INTO R_OIR
	VALUES ("bd271967-a0a4-4bd7-9783-303111ffdc9b",
	"80e90b6a-30a0-41e8-b414-ac39ddd7f140",
	"8dbdd0ee-1586-4767-a3e3-006183cb1823",
	"00000000-0000-0000-0000-000000000000");
INSERT INTO R_PART
	VALUES ("33325975-636b-4865-afdb-d6d8138b80fe",
	"80e90b6a-30a0-41e8-b414-ac39ddd7f140",
	"54d3bb98-7c23-4910-991f-8ccb0ddd3d25",
	1,
	1,
	'');
INSERT INTO R_RTO
	VALUES ("33325975-636b-4865-afdb-d6d8138b80fe",
	"80e90b6a-30a0-41e8-b414-ac39ddd7f140",
	"54d3bb98-7c23-4910-991f-8ccb0ddd3d25",
	-1);
INSERT INTO R_OIR
	VALUES ("33325975-636b-4865-afdb-d6d8138b80fe",
	"80e90b6a-30a0-41e8-b414-ac39ddd7f140",
	"54d3bb98-7c23-4910-991f-8ccb0ddd3d25",
	"00000000-0000-0000-0000-000000000000");
INSERT INTO PE_PE
	VALUES ("fb7ebd48-fca8-4db0-8828-bd411442c941",
	1,
	"960454f9-cf5f-4331-88bf-8023709586b1",
	"00000000-0000-0000-0000-000000000000",
	9);
INSERT INTO R_REL
	VALUES ("fb7ebd48-fca8-4db0-8828-bd411442c941",
	22,
	'',
	"00000000-0000-0000-0000-000000000000");
INSERT INTO R_ASSOC
	VALUES ("fb7ebd48-fca8-4db0-8828-bd411442c941");
INSERT INTO R_AOTH
	VALUES ("9a41fe9e-f547-4cde-b68d-f7db43c904dc",
	"fb7ebd48-fca8-4db0-8828-bd411442c941",
	"a8ecd928-0e48-41ac-8485-a6336b9bd404",
	0,
	0,
	'');
INSERT INTO R_RTO
	VALUES ("9a41fe9e-f547-4cde-b68d-f7db43c904dc",
	"fb7ebd48-fca8-4db0-8828-bd411442c941",
	"a8ecd928-0e48-41ac-8485-a6336b9bd404",
	-1);
INSERT INTO R_OIR
	VALUES ("9a41fe9e-f547-4cde-b68d-f7db43c904dc",
	"fb7ebd48-fca8-4db0-8828-bd411442c941",
	"a8ecd928-0e48-41ac-8485-a6336b9bd404",
	"00000000-0000-0000-0000-000000000000");
INSERT INTO R_AONE
	VALUES ("bd271967-a0a4-4bd7-9783-303111ffdc9b",
	"fb7ebd48-fca8-4db0-8828-bd411442c941",
	"34211b09-b258-4c6f-acbd-21357396ba0c",
	0,
	0,
	'makes_a');
INSERT INTO R_RTO
	VALUES ("bd271967-a0a4-4bd7-9783-303111ffdc9b",
	"fb7ebd48-fca8-4db0-8828-bd411442c941",
	"34211b09-b258-4c6f-acbd-21357396ba0c",
	-1);
INSERT INTO R_OIR
	VALUES ("bd271967-a0a4-4bd7-9783-303111ffdc9b",
	"fb7ebd48-fca8-4db0-8828-bd411442c941",
	"34211b09-b258-4c6f-acbd-21357396ba0c",
	"00000000-0000-0000-0000-000000000000");
INSERT INTO R_ASSR
	VALUES ("99c3a579-f918-44fd-916c-a41161cb6518",
	"fb7ebd48-fca8-4db0-8828-bd411442c941",
	"58f22f52-e1eb-4c83-899f-f42164ce5569",
	0);
INSERT INTO R_RGO
	VALUES ("99c3a579-f918-44fd-916c-a41161cb6518",
	"fb7ebd48-fca8-4db0-8828-bd411442c941",
	"58f22f52-e1eb-4c83-899f-f42164ce5569");
INSERT INTO R_OIR
	VALUES ("99c3a579-f918-44fd-916c-a41161cb6518",
	"fb7ebd48-fca8-4db0-8828-bd411442c941",
	"58f22f52-e1eb-4c83-899f-f42164ce5569",
	"00000000-0000-0000-0000-000000000000");
INSERT INTO PE_PE
	VALUES ("995332a0-bcad-41ba-84ba-f8f5200c08a9",
	1,
	"960454f9-cf5f-4331-88bf-8023709586b1",
	"00000000-0000-0000-0000-000000000000",
	9);
INSERT INTO R_REL
	VALUES ("995332a0-bcad-41ba-84ba-f8f5200c08a9",
	21,
	'',
	"00000000-0000-0000-0000-000000000000");
INSERT INTO R_SIMP
	VALUES ("995332a0-bcad-41ba-84ba-f8f5200c08a9");
INSERT INTO R_PART
	VALUES ("99c3a579-f918-44fd-916c-a41161cb6518",
	"995332a0-bcad-41ba-84ba-f8f5200c08a9",
	"3a307587-efbe-46b3-a1a6-5e9b0765c0ca",
	1,
	1,
	'');
INSERT INTO R_RTO
	VALUES ("99c3a579-f918-44fd-916c-a41161cb6518",
	"995332a0-bcad-41ba-84ba-f8f5200c08a9",
	"3a307587-efbe-46b3-a1a6-5e9b0765c0ca",
	-1);
INSERT INTO R_OIR
	VALUES ("99c3a579-f918-44fd-916c-a41161cb6518",
	"995332a0-bcad-41ba-84ba-f8f5200c08a9",
	"3a307587-efbe-46b3-a1a6-5e9b0765c0ca",
	"00000000-0000-0000-0000-000000000000");
INSERT INTO R_PART
	VALUES ("d26e1020-b532-43cc-aba6-3b584f19f179",
	"995332a0-bcad-41ba-84ba-f8f5200c08a9",
	"e33b9fea-6892-4298-9a8c-0f03ac39b370",
	0,
	0,
	'');
INSERT INTO R_RTO
	VALUES ("d26e1020-b532-43cc-aba6-3b584f19f179",
	"995332a0-bcad-41ba-84ba-f8f5200c08a9",
	"e33b9fea-6892-4298-9a8c-0f03ac39b370",
	-1);
INSERT INTO R_OIR
	VALUES ("d26e1020-b532-43cc-aba6-3b584f19f179",
	"995332a0-bcad-41ba-84ba-f8f5200c08a9",
	"e33b9fea-6892-4298-9a8c-0f03ac39b370",
	"00000000-0000-0000-0000-000000000000");
INSERT INTO PE_PE
	VALUES ("737fb9b4-6772-447a-9946-dea477ac7b1c",
	1,
	"960454f9-cf5f-4331-88bf-8023709586b1",
	"00000000-0000-0000-0000-000000000000",
	9);
INSERT INTO R_REL
	VALUES ("737fb9b4-6772-447a-9946-dea477ac7b1c",
	20,
	'',
	"00000000-0000-0000-0000-000000000000");
INSERT INTO R_SIMP
	VALUES ("737fb9b4-6772-447a-9946-dea477ac7b1c");
INSERT INTO R_PART
	VALUES ("37699420-e221-4e5c-800b-cf398f6e9803",
	"737fb9b4-6772-447a-9946-dea477ac7b1c",
	"7294955b-91f7-425d-850b-64f98ffa9908",
	1,
	0,
	'');
INSERT INTO R_RTO
	VALUES ("37699420-e221-4e5c-800b-cf398f6e9803",
	"737fb9b4-6772-447a-9946-dea477ac7b1c",
	"7294955b-91f7-425d-850b-64f98ffa9908",
	-1);
INSERT INTO R_OIR
	VALUES ("37699420-e221-4e5c-800b-cf398f6e9803",
	"737fb9b4-6772-447a-9946-dea477ac7b1c",
	"7294955b-91f7-425d-850b-64f98ffa9908",
	"00000000-0000-0000-0000-000000000000");
INSERT INTO R_PART
	VALUES ("99c3a579-f918-44fd-916c-a41161cb6518",
	"737fb9b4-6772-447a-9946-dea477ac7b1c",
	"353bef7d-d0ef-4253-8d57-e1f6fcb42b0c",
	0,
	0,
	'');
INSERT INTO R_RTO
	VALUES ("99c3a579-f918-44fd-916c-a41161cb6518",
	"737fb9b4-6772-447a-9946-dea477ac7b1c",
	"353bef7d-d0ef-4253-8d57-e1f6fcb42b0c",
	-1);
INSERT INTO R_OIR
	VALUES ("99c3a579-f918-44fd-916c-a41161cb6518",
	"737fb9b4-6772-447a-9946-dea477ac7b1c",
	"353bef7d-d0ef-4253-8d57-e1f6fcb42b0c",
	"00000000-0000-0000-0000-000000000000");
INSERT INTO PE_PE
	VALUES ("5b5a3175-13b4-4416-849f-5e76f1a4d678",
	1,
	"960454f9-cf5f-4331-88bf-8023709586b1",
	"00000000-0000-0000-0000-000000000000",
	9);
INSERT INTO R_REL
	VALUES ("5b5a3175-13b4-4416-849f-5e76f1a4d678",
	19,
	'',
	"00000000-0000-0000-0000-000000000000");
INSERT INTO R_SUBSUP
	VALUES ("5b5a3175-13b4-4416-849f-5e76f1a4d678");
INSERT INTO R_SUPER
	VALUES ("d26e1020-b532-43cc-aba6-3b584f19f179",
	"5b5a3175-13b4-4416-849f-5e76f1a4d678",
	"f76a8b5a-a168-4e59-b5c9-be355bf2289a");
INSERT INTO R_RTO
	VALUES ("d26e1020-b532-43cc-aba6-3b584f19f179",
	"5b5a3175-13b4-4416-849f-5e76f1a4d678",
	"f76a8b5a-a168-4e59-b5c9-be355bf2289a",
	-1);
INSERT INTO R_OIR
	VALUES ("d26e1020-b532-43cc-aba6-3b584f19f179",
	"5b5a3175-13b4-4416-849f-5e76f1a4d678",
	"f76a8b5a-a168-4e59-b5c9-be355bf2289a",
	"00000000-0000-0000-0000-000000000000");
INSERT INTO R_SUB
	VALUES ("80f12c98-ccb7-4bab-acab-351f7970a5eb",
	"5b5a3175-13b4-4416-849f-5e76f1a4d678",
	"1ba9dd84-92a7-4d7c-b780-859a5f45d542");
INSERT INTO R_RGO
	VALUES ("80f12c98-ccb7-4bab-acab-351f7970a5eb",
	"5b5a3175-13b4-4416-849f-5e76f1a4d678",
	"1ba9dd84-92a7-4d7c-b780-859a5f45d542");
INSERT INTO R_OIR
	VALUES ("80f12c98-ccb7-4bab-acab-351f7970a5eb",
	"5b5a3175-13b4-4416-849f-5e76f1a4d678",
	"1ba9dd84-92a7-4d7c-b780-859a5f45d542",
	"00000000-0000-0000-0000-000000000000");
INSERT INTO R_SUB
	VALUES ("3aa4c78b-6981-4249-a93a-87e0e14f07b3",
	"5b5a3175-13b4-4416-849f-5e76f1a4d678",
	"4c29aba1-6047-4a4f-8e11-fc7c983d6f8c");
INSERT INTO R_RGO
	VALUES ("3aa4c78b-6981-4249-a93a-87e0e14f07b3",
	"5b5a3175-13b4-4416-849f-5e76f1a4d678",
	"4c29aba1-6047-4a4f-8e11-fc7c983d6f8c");
INSERT INTO R_OIR
	VALUES ("3aa4c78b-6981-4249-a93a-87e0e14f07b3",
	"5b5a3175-13b4-4416-849f-5e76f1a4d678",
	"4c29aba1-6047-4a4f-8e11-fc7c983d6f8c",
	"00000000-0000-0000-0000-000000000000");
INSERT INTO R_SUB
	VALUES ("f7fdf9fb-1710-40c4-833a-7cddef46a59a",
	"5b5a3175-13b4-4416-849f-5e76f1a4d678",
	"2098beaf-324a-479a-97bd-0c72010067b2");
INSERT INTO R_RGO
	VALUES ("f7fdf9fb-1710-40c4-833a-7cddef46a59a",
	"5b5a3175-13b4-4416-849f-5e76f1a4d678",
	"2098beaf-324a-479a-97bd-0c72010067b2");
INSERT INTO R_OIR
	VALUES ("f7fdf9fb-1710-40c4-833a-7cddef46a59a",
	"5b5a3175-13b4-4416-849f-5e76f1a4d678",
	"2098beaf-324a-479a-97bd-0c72010067b2",
	"00000000-0000-0000-0000-000000000000");
INSERT INTO PE_PE
	VALUES ("27f82e85-9615-4283-a515-8b663c4c6678",
	1,
	"960454f9-cf5f-4331-88bf-8023709586b1",
	"00000000-0000-0000-0000-000000000000",
	9);
INSERT INTO R_REL
	VALUES ("27f82e85-9615-4283-a515-8b663c4c6678",
	18,
	'',
	"00000000-0000-0000-0000-000000000000");
INSERT INTO R_SIMP
	VALUES ("27f82e85-9615-4283-a515-8b663c4c6678");
INSERT INTO R_PART
	VALUES ("bb0b5c24-97a4-43d0-bb19-ce1683a93dc8",
	"27f82e85-9615-4283-a515-8b663c4c6678",
	"1202adb4-b546-4d2e-8522-1cd2b762eb0a",
	1,
	0,
	'');
INSERT INTO R_RTO
	VALUES ("bb0b5c24-97a4-43d0-bb19-ce1683a93dc8",
	"27f82e85-9615-4283-a515-8b663c4c6678",
	"1202adb4-b546-4d2e-8522-1cd2b762eb0a",
	-1);
INSERT INTO R_OIR
	VALUES ("bb0b5c24-97a4-43d0-bb19-ce1683a93dc8",
	"27f82e85-9615-4283-a515-8b663c4c6678",
	"1202adb4-b546-4d2e-8522-1cd2b762eb0a",
	"00000000-0000-0000-0000-000000000000");
INSERT INTO R_PART
	VALUES ("daf3cea3-b187-4d6a-9517-f12785ae9b3a",
	"27f82e85-9615-4283-a515-8b663c4c6678",
	"c78bc65d-b8e5-4b68-974d-19354e082db0",
	0,
	0,
	'');
INSERT INTO R_RTO
	VALUES ("daf3cea3-b187-4d6a-9517-f12785ae9b3a",
	"27f82e85-9615-4283-a515-8b663c4c6678",
	"c78bc65d-b8e5-4b68-974d-19354e082db0",
	-1);
INSERT INTO R_OIR
	VALUES ("daf3cea3-b187-4d6a-9517-f12785ae9b3a",
	"27f82e85-9615-4283-a515-8b663c4c6678",
	"c78bc65d-b8e5-4b68-974d-19354e082db0",
	"00000000-0000-0000-0000-000000000000");
INSERT INTO PE_PE
	VALUES ("17f1dd67-3fd4-46db-8752-891089e87a24",
	1,
	"960454f9-cf5f-4331-88bf-8023709586b1",
	"00000000-0000-0000-0000-000000000000",
	9);
INSERT INTO R_REL
	VALUES ("17f1dd67-3fd4-46db-8752-891089e87a24",
	17,
	'',
	"00000000-0000-0000-0000-000000000000");
INSERT INTO R_SIMP
	VALUES ("17f1dd67-3fd4-46db-8752-891089e87a24");
INSERT INTO R_PART
	VALUES ("daf3cea3-b187-4d6a-9517-f12785ae9b3a",
	"17f1dd67-3fd4-46db-8752-891089e87a24",
	"aef79ac8-231d-4295-a52d-a0148b9ed0b7",
	0,
	0,
	'');
INSERT INTO R_RTO
	VALUES ("daf3cea3-b187-4d6a-9517-f12785ae9b3a",
	"17f1dd67-3fd4-46db-8752-891089e87a24",
	"aef79ac8-231d-4295-a52d-a0148b9ed0b7",
	-1);
INSERT INTO R_OIR
	VALUES ("daf3cea3-b187-4d6a-9517-f12785ae9b3a",
	"17f1dd67-3fd4-46db-8752-891089e87a24",
	"aef79ac8-231d-4295-a52d-a0148b9ed0b7",
	"00000000-0000-0000-0000-000000000000");
INSERT INTO R_PART
	VALUES ("7137c09d-ba0e-406b-b3b5-76bb3cc48f3d",
	"17f1dd67-3fd4-46db-8752-891089e87a24",
	"98f02e38-3e58-4681-84cc-2eebc38ab253",
	1,
	0,
	'');
INSERT INTO R_RTO
	VALUES ("7137c09d-ba0e-406b-b3b5-76bb3cc48f3d",
	"17f1dd67-3fd4-46db-8752-891089e87a24",
	"98f02e38-3e58-4681-84cc-2eebc38ab253",
	-1);
INSERT INTO R_OIR
	VALUES ("7137c09d-ba0e-406b-b3b5-76bb3cc48f3d",
	"17f1dd67-3fd4-46db-8752-891089e87a24",
	"98f02e38-3e58-4681-84cc-2eebc38ab253",
	"00000000-0000-0000-0000-000000000000");
INSERT INTO PE_PE
	VALUES ("52b0eaa5-a352-460e-8eff-763b9460a089",
	1,
	"960454f9-cf5f-4331-88bf-8023709586b1",
	"00000000-0000-0000-0000-000000000000",
	9);
INSERT INTO R_REL
	VALUES ("52b0eaa5-a352-460e-8eff-763b9460a089",
	16,
	'',
	"00000000-0000-0000-0000-000000000000");
INSERT INTO R_SIMP
	VALUES ("52b0eaa5-a352-460e-8eff-763b9460a089");
INSERT INTO R_PART
	VALUES ("4b839513-bd70-4d73-85ed-c06b10ee091a",
	"52b0eaa5-a352-460e-8eff-763b9460a089",
	"25501ca8-a17d-4a63-b431-b3b0dcc8216c",
	1,
	0,
	'');
INSERT INTO R_RTO
	VALUES ("4b839513-bd70-4d73-85ed-c06b10ee091a",
	"52b0eaa5-a352-460e-8eff-763b9460a089",
	"25501ca8-a17d-4a63-b431-b3b0dcc8216c",
	-1);
INSERT INTO R_OIR
	VALUES ("4b839513-bd70-4d73-85ed-c06b10ee091a",
	"52b0eaa5-a352-460e-8eff-763b9460a089",
	"25501ca8-a17d-4a63-b431-b3b0dcc8216c",
	"00000000-0000-0000-0000-000000000000");
INSERT INTO R_PART
	VALUES ("9309978f-bd81-4f9f-96e9-b124c945fbf1",
	"52b0eaa5-a352-460e-8eff-763b9460a089",
	"1552b6fa-6820-4af7-82dc-be6c93f0ef5c",
	1,
	0,
	'stays_in');
INSERT INTO R_RTO
	VALUES ("9309978f-bd81-4f9f-96e9-b124c945fbf1",
	"52b0eaa5-a352-460e-8eff-763b9460a089",
	"1552b6fa-6820-4af7-82dc-be6c93f0ef5c",
	-1);
INSERT INTO R_OIR
	VALUES ("9309978f-bd81-4f9f-96e9-b124c945fbf1",
	"52b0eaa5-a352-460e-8eff-763b9460a089",
	"1552b6fa-6820-4af7-82dc-be6c93f0ef5c",
	"00000000-0000-0000-0000-000000000000");
INSERT INTO PE_PE
	VALUES ("04439075-ebac-4bb8-8ccd-793e4071228c",
	1,
	"960454f9-cf5f-4331-88bf-8023709586b1",
	"00000000-0000-0000-0000-000000000000",
	9);
INSERT INTO R_REL
	VALUES ("04439075-ebac-4bb8-8ccd-793e4071228c",
	15,
	'',
	"00000000-0000-0000-0000-000000000000");
INSERT INTO R_SIMP
	VALUES ("04439075-ebac-4bb8-8ccd-793e4071228c");
INSERT INTO R_PART
	VALUES ("9a41fe9e-f547-4cde-b68d-f7db43c904dc",
	"04439075-ebac-4bb8-8ccd-793e4071228c",
	"39bead95-08e1-44c3-ab0d-6d1bead6a294",
	1,
	0,
	'');
INSERT INTO R_RTO
	VALUES ("9a41fe9e-f547-4cde-b68d-f7db43c904dc",
	"04439075-ebac-4bb8-8ccd-793e4071228c",
	"39bead95-08e1-44c3-ab0d-6d1bead6a294",
	-1);
INSERT INTO R_OIR
	VALUES ("9a41fe9e-f547-4cde-b68d-f7db43c904dc",
	"04439075-ebac-4bb8-8ccd-793e4071228c",
	"39bead95-08e1-44c3-ab0d-6d1bead6a294",
	"00000000-0000-0000-0000-000000000000");
INSERT INTO R_PART
	VALUES ("9309978f-bd81-4f9f-96e9-b124c945fbf1",
	"04439075-ebac-4bb8-8ccd-793e4071228c",
	"ae27ca47-c396-4937-85d9-50896567cb6f",
	1,
	0,
	'use');
INSERT INTO R_RTO
	VALUES ("9309978f-bd81-4f9f-96e9-b124c945fbf1",
	"04439075-ebac-4bb8-8ccd-793e4071228c",
	"ae27ca47-c396-4937-85d9-50896567cb6f",
	-1);
INSERT INTO R_OIR
	VALUES ("9309978f-bd81-4f9f-96e9-b124c945fbf1",
	"04439075-ebac-4bb8-8ccd-793e4071228c",
	"ae27ca47-c396-4937-85d9-50896567cb6f",
	"00000000-0000-0000-0000-000000000000");
INSERT INTO PE_PE
	VALUES ("67bafe36-3499-4032-89f0-72889662bcf2",
	1,
	"960454f9-cf5f-4331-88bf-8023709586b1",
	"00000000-0000-0000-0000-000000000000",
	9);
INSERT INTO R_REL
	VALUES ("67bafe36-3499-4032-89f0-72889662bcf2",
	14,
	'',
	"00000000-0000-0000-0000-000000000000");
INSERT INTO R_SIMP
	VALUES ("67bafe36-3499-4032-89f0-72889662bcf2");
INSERT INTO R_PART
	VALUES ("4b839513-bd70-4d73-85ed-c06b10ee091a",
	"67bafe36-3499-4032-89f0-72889662bcf2",
	"0dc7c9cf-4e22-4985-8dc1-c23eabca04d8",
	1,
	1,
	'');
INSERT INTO R_RTO
	VALUES ("4b839513-bd70-4d73-85ed-c06b10ee091a",
	"67bafe36-3499-4032-89f0-72889662bcf2",
	"0dc7c9cf-4e22-4985-8dc1-c23eabca04d8",
	-1);
INSERT INTO R_OIR
	VALUES ("4b839513-bd70-4d73-85ed-c06b10ee091a",
	"67bafe36-3499-4032-89f0-72889662bcf2",
	"0dc7c9cf-4e22-4985-8dc1-c23eabca04d8",
	"00000000-0000-0000-0000-000000000000");
INSERT INTO R_PART
	VALUES ("9a41fe9e-f547-4cde-b68d-f7db43c904dc",
	"67bafe36-3499-4032-89f0-72889662bcf2",
	"b82ac6be-d970-48c5-9151-97d4f0db7548",
	1,
	1,
	'is_booked_in');
INSERT INTO R_RTO
	VALUES ("9a41fe9e-f547-4cde-b68d-f7db43c904dc",
	"67bafe36-3499-4032-89f0-72889662bcf2",
	"b82ac6be-d970-48c5-9151-97d4f0db7548",
	-1);
INSERT INTO R_OIR
	VALUES ("9a41fe9e-f547-4cde-b68d-f7db43c904dc",
	"67bafe36-3499-4032-89f0-72889662bcf2",
	"b82ac6be-d970-48c5-9151-97d4f0db7548",
	"00000000-0000-0000-0000-000000000000");
INSERT INTO PE_PE
	VALUES ("6b659d9b-9323-400f-bda2-168e1882b5ad",
	1,
	"960454f9-cf5f-4331-88bf-8023709586b1",
	"00000000-0000-0000-0000-000000000000",
	9);
INSERT INTO R_REL
	VALUES ("6b659d9b-9323-400f-bda2-168e1882b5ad",
	13,
	'',
	"00000000-0000-0000-0000-000000000000");
INSERT INTO R_SIMP
	VALUES ("6b659d9b-9323-400f-bda2-168e1882b5ad");
INSERT INTO R_PART
	VALUES ("daf3cea3-b187-4d6a-9517-f12785ae9b3a",
	"6b659d9b-9323-400f-bda2-168e1882b5ad",
	"a8431207-ca51-4e17-8338-6e6602c8d4e4",
	0,
	0,
	'remembers_all');
INSERT INTO R_RTO
	VALUES ("daf3cea3-b187-4d6a-9517-f12785ae9b3a",
	"6b659d9b-9323-400f-bda2-168e1882b5ad",
	"a8431207-ca51-4e17-8338-6e6602c8d4e4",
	-1);
INSERT INTO R_OIR
	VALUES ("daf3cea3-b187-4d6a-9517-f12785ae9b3a",
	"6b659d9b-9323-400f-bda2-168e1882b5ad",
	"a8431207-ca51-4e17-8338-6e6602c8d4e4",
	"00000000-0000-0000-0000-000000000000");
INSERT INTO R_PART
	VALUES ("9a41fe9e-f547-4cde-b68d-f7db43c904dc",
	"6b659d9b-9323-400f-bda2-168e1882b5ad",
	"519f603e-e0a2-4c7f-af0c-464e8166195f",
	1,
	1,
	'');
INSERT INTO R_RTO
	VALUES ("9a41fe9e-f547-4cde-b68d-f7db43c904dc",
	"6b659d9b-9323-400f-bda2-168e1882b5ad",
	"519f603e-e0a2-4c7f-af0c-464e8166195f",
	-1);
INSERT INTO R_OIR
	VALUES ("9a41fe9e-f547-4cde-b68d-f7db43c904dc",
	"6b659d9b-9323-400f-bda2-168e1882b5ad",
	"519f603e-e0a2-4c7f-af0c-464e8166195f",
	"00000000-0000-0000-0000-000000000000");
INSERT INTO PE_PE
	VALUES ("7d508746-e918-4ced-820e-e5203f63e646",
	1,
	"960454f9-cf5f-4331-88bf-8023709586b1",
	"00000000-0000-0000-0000-000000000000",
	9);
INSERT INTO R_REL
	VALUES ("7d508746-e918-4ced-820e-e5203f63e646",
	12,
	'',
	"00000000-0000-0000-0000-000000000000");
INSERT INTO R_SIMP
	VALUES ("7d508746-e918-4ced-820e-e5203f63e646");
INSERT INTO R_PART
	VALUES ("803702ba-1594-4405-b96a-8c76b6ef1c69",
	"7d508746-e918-4ced-820e-e5203f63e646",
	"adaefc2a-48da-4549-b346-3b926f9a26ab",
	1,
	0,
	'');
INSERT INTO R_RTO
	VALUES ("803702ba-1594-4405-b96a-8c76b6ef1c69",
	"7d508746-e918-4ced-820e-e5203f63e646",
	"adaefc2a-48da-4549-b346-3b926f9a26ab",
	-1);
INSERT INTO R_OIR
	VALUES ("803702ba-1594-4405-b96a-8c76b6ef1c69",
	"7d508746-e918-4ced-820e-e5203f63e646",
	"adaefc2a-48da-4549-b346-3b926f9a26ab",
	"00000000-0000-0000-0000-000000000000");
INSERT INTO R_PART
	VALUES ("9a41fe9e-f547-4cde-b68d-f7db43c904dc",
	"7d508746-e918-4ced-820e-e5203f63e646",
	"51a414ea-2589-47b7-87d5-e52346c1f4cf",
	1,
	0,
	'');
INSERT INTO R_RTO
	VALUES ("9a41fe9e-f547-4cde-b68d-f7db43c904dc",
	"7d508746-e918-4ced-820e-e5203f63e646",
	"51a414ea-2589-47b7-87d5-e52346c1f4cf",
	-1);
INSERT INTO R_OIR
	VALUES ("9a41fe9e-f547-4cde-b68d-f7db43c904dc",
	"7d508746-e918-4ced-820e-e5203f63e646",
	"51a414ea-2589-47b7-87d5-e52346c1f4cf",
	"00000000-0000-0000-0000-000000000000");
INSERT INTO PE_PE
	VALUES ("002fe6fb-c382-4ec0-81b2-d01180b5ec85",
	1,
	"960454f9-cf5f-4331-88bf-8023709586b1",
	"00000000-0000-0000-0000-000000000000",
	9);
INSERT INTO R_REL
	VALUES ("002fe6fb-c382-4ec0-81b2-d01180b5ec85",
	11,
	'',
	"00000000-0000-0000-0000-000000000000");
INSERT INTO R_SIMP
	VALUES ("002fe6fb-c382-4ec0-81b2-d01180b5ec85");
INSERT INTO R_PART
	VALUES ("20ba6bbe-cbf1-487f-84fe-b3855f86b898",
	"002fe6fb-c382-4ec0-81b2-d01180b5ec85",
	"e37ba630-26e3-4da2-89bf-0c9be7e97693",
	1,
	0,
	'is_assigned');
INSERT INTO R_RTO
	VALUES ("20ba6bbe-cbf1-487f-84fe-b3855f86b898",
	"002fe6fb-c382-4ec0-81b2-d01180b5ec85",
	"e37ba630-26e3-4da2-89bf-0c9be7e97693",
	-1);
INSERT INTO R_OIR
	VALUES ("20ba6bbe-cbf1-487f-84fe-b3855f86b898",
	"002fe6fb-c382-4ec0-81b2-d01180b5ec85",
	"e37ba630-26e3-4da2-89bf-0c9be7e97693",
	"00000000-0000-0000-0000-000000000000");
INSERT INTO R_PART
	VALUES ("d4920e0c-3487-44a7-8290-60ff9ed36c4e",
	"002fe6fb-c382-4ec0-81b2-d01180b5ec85",
	"973a1e30-66ee-4a9d-b2c6-38838a699d22",
	1,
	0,
	'privileges');
INSERT INTO R_RTO
	VALUES ("d4920e0c-3487-44a7-8290-60ff9ed36c4e",
	"002fe6fb-c382-4ec0-81b2-d01180b5ec85",
	"973a1e30-66ee-4a9d-b2c6-38838a699d22",
	-1);
INSERT INTO R_OIR
	VALUES ("d4920e0c-3487-44a7-8290-60ff9ed36c4e",
	"002fe6fb-c382-4ec0-81b2-d01180b5ec85",
	"973a1e30-66ee-4a9d-b2c6-38838a699d22",
	"00000000-0000-0000-0000-000000000000");
INSERT INTO PE_PE
	VALUES ("dc2eb1da-3e82-485a-a57f-8be99f6a17a6",
	1,
	"960454f9-cf5f-4331-88bf-8023709586b1",
	"00000000-0000-0000-0000-000000000000",
	9);
INSERT INTO R_REL
	VALUES ("dc2eb1da-3e82-485a-a57f-8be99f6a17a6",
	10,
	'',
	"00000000-0000-0000-0000-000000000000");
INSERT INTO R_SIMP
	VALUES ("dc2eb1da-3e82-485a-a57f-8be99f6a17a6");
INSERT INTO R_PART
	VALUES ("daf3cea3-b187-4d6a-9517-f12785ae9b3a",
	"dc2eb1da-3e82-485a-a57f-8be99f6a17a6",
	"5f0c1d18-c783-4861-bacd-157ac7c5eadd",
	0,
	0,
	'employ');
INSERT INTO R_RTO
	VALUES ("daf3cea3-b187-4d6a-9517-f12785ae9b3a",
	"dc2eb1da-3e82-485a-a57f-8be99f6a17a6",
	"5f0c1d18-c783-4861-bacd-157ac7c5eadd",
	-1);
INSERT INTO R_OIR
	VALUES ("daf3cea3-b187-4d6a-9517-f12785ae9b3a",
	"dc2eb1da-3e82-485a-a57f-8be99f6a17a6",
	"5f0c1d18-c783-4861-bacd-157ac7c5eadd",
	"00000000-0000-0000-0000-000000000000");
INSERT INTO R_PART
	VALUES ("20ba6bbe-cbf1-487f-84fe-b3855f86b898",
	"dc2eb1da-3e82-485a-a57f-8be99f6a17a6",
	"7f166105-f16c-4d27-ae5d-32b36de90c8a",
	1,
	0,
	'works_at');
INSERT INTO R_RTO
	VALUES ("20ba6bbe-cbf1-487f-84fe-b3855f86b898",
	"dc2eb1da-3e82-485a-a57f-8be99f6a17a6",
	"7f166105-f16c-4d27-ae5d-32b36de90c8a",
	-1);
INSERT INTO R_OIR
	VALUES ("20ba6bbe-cbf1-487f-84fe-b3855f86b898",
	"dc2eb1da-3e82-485a-a57f-8be99f6a17a6",
	"7f166105-f16c-4d27-ae5d-32b36de90c8a",
	"00000000-0000-0000-0000-000000000000");
INSERT INTO PE_PE
	VALUES ("8e6b9c28-ea1f-478f-8a85-37281a7e9221",
	1,
	"960454f9-cf5f-4331-88bf-8023709586b1",
	"00000000-0000-0000-0000-000000000000",
	9);
INSERT INTO R_REL
	VALUES ("8e6b9c28-ea1f-478f-8a85-37281a7e9221",
	9,
	'',
	"00000000-0000-0000-0000-000000000000");
INSERT INTO R_SIMP
	VALUES ("8e6b9c28-ea1f-478f-8a85-37281a7e9221");
INSERT INTO R_PART
	VALUES ("daf3cea3-b187-4d6a-9517-f12785ae9b3a",
	"8e6b9c28-ea1f-478f-8a85-37281a7e9221",
	"c7d6c68e-7ca4-4ed3-8a3c-1589fdcad15a",
	0,
	0,
	'provides');
INSERT INTO R_RTO
	VALUES ("daf3cea3-b187-4d6a-9517-f12785ae9b3a",
	"8e6b9c28-ea1f-478f-8a85-37281a7e9221",
	"c7d6c68e-7ca4-4ed3-8a3c-1589fdcad15a",
	-1);
INSERT INTO R_OIR
	VALUES ("daf3cea3-b187-4d6a-9517-f12785ae9b3a",
	"8e6b9c28-ea1f-478f-8a85-37281a7e9221",
	"c7d6c68e-7ca4-4ed3-8a3c-1589fdcad15a",
	"00000000-0000-0000-0000-000000000000");
INSERT INTO R_PART
	VALUES ("803702ba-1594-4405-b96a-8c76b6ef1c69",
	"8e6b9c28-ea1f-478f-8a85-37281a7e9221",
	"a8092995-9e47-4ea7-933f-1107687fa0c6",
	1,
	0,
	'');
INSERT INTO R_RTO
	VALUES ("803702ba-1594-4405-b96a-8c76b6ef1c69",
	"8e6b9c28-ea1f-478f-8a85-37281a7e9221",
	"a8092995-9e47-4ea7-933f-1107687fa0c6",
	-1);
INSERT INTO R_OIR
	VALUES ("803702ba-1594-4405-b96a-8c76b6ef1c69",
	"8e6b9c28-ea1f-478f-8a85-37281a7e9221",
	"a8092995-9e47-4ea7-933f-1107687fa0c6",
	"00000000-0000-0000-0000-000000000000");
INSERT INTO PE_PE
	VALUES ("3325f7b8-3264-421e-8761-e21c909a5629",
	1,
	"960454f9-cf5f-4331-88bf-8023709586b1",
	"00000000-0000-0000-0000-000000000000",
	9);
INSERT INTO R_REL
	VALUES ("3325f7b8-3264-421e-8761-e21c909a5629",
	8,
	'',
	"00000000-0000-0000-0000-000000000000");
INSERT INTO R_SIMP
	VALUES ("3325f7b8-3264-421e-8761-e21c909a5629");
INSERT INTO R_PART
	VALUES ("803702ba-1594-4405-b96a-8c76b6ef1c69",
	"3325f7b8-3264-421e-8761-e21c909a5629",
	"99e326a1-deb0-4b66-9607-92a946669c60",
	1,
	0,
	'members');
INSERT INTO R_RTO
	VALUES ("803702ba-1594-4405-b96a-8c76b6ef1c69",
	"3325f7b8-3264-421e-8761-e21c909a5629",
	"99e326a1-deb0-4b66-9607-92a946669c60",
	-1);
INSERT INTO R_OIR
	VALUES ("803702ba-1594-4405-b96a-8c76b6ef1c69",
	"3325f7b8-3264-421e-8761-e21c909a5629",
	"99e326a1-deb0-4b66-9607-92a946669c60",
	"00000000-0000-0000-0000-000000000000");
INSERT INTO R_PART
	VALUES ("7a1c6c92-00d7-49ac-a23b-cfb4d3362f53",
	"3325f7b8-3264-421e-8761-e21c909a5629",
	"a9258539-1b6e-4757-8379-14d15dc93273",
	0,
	0,
	'contains');
INSERT INTO R_RTO
	VALUES ("7a1c6c92-00d7-49ac-a23b-cfb4d3362f53",
	"3325f7b8-3264-421e-8761-e21c909a5629",
	"a9258539-1b6e-4757-8379-14d15dc93273",
	-1);
INSERT INTO R_OIR
	VALUES ("7a1c6c92-00d7-49ac-a23b-cfb4d3362f53",
	"3325f7b8-3264-421e-8761-e21c909a5629",
	"a9258539-1b6e-4757-8379-14d15dc93273",
	"00000000-0000-0000-0000-000000000000");
INSERT INTO PE_PE
	VALUES ("cb8d1a7f-fd3c-4429-a5dd-c6ef9102edff",
	1,
	"960454f9-cf5f-4331-88bf-8023709586b1",
	"00000000-0000-0000-0000-000000000000",
	9);
INSERT INTO R_REL
	VALUES ("cb8d1a7f-fd3c-4429-a5dd-c6ef9102edff",
	6,
	'',
	"00000000-0000-0000-0000-000000000000");
INSERT INTO R_SIMP
	VALUES ("cb8d1a7f-fd3c-4429-a5dd-c6ef9102edff");
INSERT INTO R_PART
	VALUES ("4b839513-bd70-4d73-85ed-c06b10ee091a",
	"cb8d1a7f-fd3c-4429-a5dd-c6ef9102edff",
	"77ff7653-0280-4f8e-8f16-d24ec7d664f2",
	1,
	1,
	'');
INSERT INTO R_RTO
	VALUES ("4b839513-bd70-4d73-85ed-c06b10ee091a",
	"cb8d1a7f-fd3c-4429-a5dd-c6ef9102edff",
	"77ff7653-0280-4f8e-8f16-d24ec7d664f2",
	-1);
INSERT INTO R_OIR
	VALUES ("4b839513-bd70-4d73-85ed-c06b10ee091a",
	"cb8d1a7f-fd3c-4429-a5dd-c6ef9102edff",
	"77ff7653-0280-4f8e-8f16-d24ec7d664f2",
	"00000000-0000-0000-0000-000000000000");
INSERT INTO R_PART
	VALUES ("bb0b5c24-97a4-43d0-bb19-ce1683a93dc8",
	"cb8d1a7f-fd3c-4429-a5dd-c6ef9102edff",
	"8995068b-da0d-4d41-90b9-d0db85a2cbb9",
	0,
	0,
	'contains');
INSERT INTO R_RTO
	VALUES ("bb0b5c24-97a4-43d0-bb19-ce1683a93dc8",
	"cb8d1a7f-fd3c-4429-a5dd-c6ef9102edff",
	"8995068b-da0d-4d41-90b9-d0db85a2cbb9",
	-1);
INSERT INTO R_OIR
	VALUES ("bb0b5c24-97a4-43d0-bb19-ce1683a93dc8",
	"cb8d1a7f-fd3c-4429-a5dd-c6ef9102edff",
	"8995068b-da0d-4d41-90b9-d0db85a2cbb9",
	"00000000-0000-0000-0000-000000000000");
INSERT INTO PE_PE
	VALUES ("2eefcfb6-146c-44cf-afc9-d135839bc442",
	1,
	"960454f9-cf5f-4331-88bf-8023709586b1",
	"00000000-0000-0000-0000-000000000000",
	9);
INSERT INTO R_REL
	VALUES ("2eefcfb6-146c-44cf-afc9-d135839bc442",
	5,
	'',
	"00000000-0000-0000-0000-000000000000");
INSERT INTO R_SIMP
	VALUES ("2eefcfb6-146c-44cf-afc9-d135839bc442");
INSERT INTO R_PART
	VALUES ("1efeba6e-0315-442d-8e70-729b05561bea",
	"2eefcfb6-146c-44cf-afc9-d135839bc442",
	"56a49bc0-2be0-492c-9e3e-1db099ed7826",
	1,
	0,
	'');
INSERT INTO R_RTO
	VALUES ("1efeba6e-0315-442d-8e70-729b05561bea",
	"2eefcfb6-146c-44cf-afc9-d135839bc442",
	"56a49bc0-2be0-492c-9e3e-1db099ed7826",
	-1);
INSERT INTO R_OIR
	VALUES ("1efeba6e-0315-442d-8e70-729b05561bea",
	"2eefcfb6-146c-44cf-afc9-d135839bc442",
	"56a49bc0-2be0-492c-9e3e-1db099ed7826",
	"00000000-0000-0000-0000-000000000000");
INSERT INTO R_PART
	VALUES ("bafdc953-1881-43a3-a5f1-9dcc7e2d60c3",
	"2eefcfb6-146c-44cf-afc9-d135839bc442",
	"1e23b346-2dac-4340-bd6e-c2cfcaf0971b",
	0,
	0,
	'can_be_complemented_with');
INSERT INTO R_RTO
	VALUES ("bafdc953-1881-43a3-a5f1-9dcc7e2d60c3",
	"2eefcfb6-146c-44cf-afc9-d135839bc442",
	"1e23b346-2dac-4340-bd6e-c2cfcaf0971b",
	-1);
INSERT INTO R_OIR
	VALUES ("bafdc953-1881-43a3-a5f1-9dcc7e2d60c3",
	"2eefcfb6-146c-44cf-afc9-d135839bc442",
	"1e23b346-2dac-4340-bd6e-c2cfcaf0971b",
	"00000000-0000-0000-0000-000000000000");
INSERT INTO PE_PE
	VALUES ("55c612ef-684e-4f08-8fd3-2f7baa4f6a03",
	1,
	"960454f9-cf5f-4331-88bf-8023709586b1",
	"00000000-0000-0000-0000-000000000000",
	9);
INSERT INTO R_REL
	VALUES ("55c612ef-684e-4f08-8fd3-2f7baa4f6a03",
	4,
	'',
	"00000000-0000-0000-0000-000000000000");
INSERT INTO R_SIMP
	VALUES ("55c612ef-684e-4f08-8fd3-2f7baa4f6a03");
INSERT INTO R_PART
	VALUES ("1efeba6e-0315-442d-8e70-729b05561bea",
	"55c612ef-684e-4f08-8fd3-2f7baa4f6a03",
	"e44658ba-0fba-4f4e-9ec5-84aa92cbb45c",
	1,
	0,
	'');
INSERT INTO R_RTO
	VALUES ("1efeba6e-0315-442d-8e70-729b05561bea",
	"55c612ef-684e-4f08-8fd3-2f7baa4f6a03",
	"e44658ba-0fba-4f4e-9ec5-84aa92cbb45c",
	-1);
INSERT INTO R_OIR
	VALUES ("1efeba6e-0315-442d-8e70-729b05561bea",
	"55c612ef-684e-4f08-8fd3-2f7baa4f6a03",
	"e44658ba-0fba-4f4e-9ec5-84aa92cbb45c",
	"00000000-0000-0000-0000-000000000000");
INSERT INTO R_PART
	VALUES ("bafdc953-1881-43a3-a5f1-9dcc7e2d60c3",
	"55c612ef-684e-4f08-8fd3-2f7baa4f6a03",
	"77de1e4f-f473-4327-8c37-26da30f816fc",
	0,
	0,
	'includes');
INSERT INTO R_RTO
	VALUES ("bafdc953-1881-43a3-a5f1-9dcc7e2d60c3",
	"55c612ef-684e-4f08-8fd3-2f7baa4f6a03",
	"77de1e4f-f473-4327-8c37-26da30f816fc",
	-1);
INSERT INTO R_OIR
	VALUES ("bafdc953-1881-43a3-a5f1-9dcc7e2d60c3",
	"55c612ef-684e-4f08-8fd3-2f7baa4f6a03",
	"77de1e4f-f473-4327-8c37-26da30f816fc",
	"00000000-0000-0000-0000-000000000000");
INSERT INTO PE_PE
	VALUES ("b6e0045d-1e07-4da1-89ae-bb851de5ae4a",
	1,
	"960454f9-cf5f-4331-88bf-8023709586b1",
	"00000000-0000-0000-0000-000000000000",
	9);
INSERT INTO R_REL
	VALUES ("b6e0045d-1e07-4da1-89ae-bb851de5ae4a",
	3,
	'',
	"00000000-0000-0000-0000-000000000000");
INSERT INTO R_SIMP
	VALUES ("b6e0045d-1e07-4da1-89ae-bb851de5ae4a");
INSERT INTO R_PART
	VALUES ("bb0b5c24-97a4-43d0-bb19-ce1683a93dc8",
	"b6e0045d-1e07-4da1-89ae-bb851de5ae4a",
	"c4dd5b77-1e25-440c-badd-f2b4a5448322",
	0,
	0,
	'has');
INSERT INTO R_RTO
	VALUES ("bb0b5c24-97a4-43d0-bb19-ce1683a93dc8",
	"b6e0045d-1e07-4da1-89ae-bb851de5ae4a",
	"c4dd5b77-1e25-440c-badd-f2b4a5448322",
	-1);
INSERT INTO R_OIR
	VALUES ("bb0b5c24-97a4-43d0-bb19-ce1683a93dc8",
	"b6e0045d-1e07-4da1-89ae-bb851de5ae4a",
	"c4dd5b77-1e25-440c-badd-f2b4a5448322",
	"00000000-0000-0000-0000-000000000000");
INSERT INTO R_PART
	VALUES ("bb0b5c24-97a4-43d0-bb19-ce1683a93dc8",
	"b6e0045d-1e07-4da1-89ae-bb851de5ae4a",
	"da5078a7-2cd7-4cf9-b068-a7698995668e",
	1,
	1,
	'in group');
INSERT INTO R_RTO
	VALUES ("bb0b5c24-97a4-43d0-bb19-ce1683a93dc8",
	"b6e0045d-1e07-4da1-89ae-bb851de5ae4a",
	"da5078a7-2cd7-4cf9-b068-a7698995668e",
	-1);
INSERT INTO R_OIR
	VALUES ("bb0b5c24-97a4-43d0-bb19-ce1683a93dc8",
	"b6e0045d-1e07-4da1-89ae-bb851de5ae4a",
	"da5078a7-2cd7-4cf9-b068-a7698995668e",
	"00000000-0000-0000-0000-000000000000");
INSERT INTO PE_PE
	VALUES ("655f93cd-124d-4c1c-8fee-9a2f5468ffe1",
	1,
	"960454f9-cf5f-4331-88bf-8023709586b1",
	"00000000-0000-0000-0000-000000000000",
	9);
INSERT INTO R_REL
	VALUES ("655f93cd-124d-4c1c-8fee-9a2f5468ffe1",
	2,
	'',
	"00000000-0000-0000-0000-000000000000");
INSERT INTO R_SUBSUP
	VALUES ("655f93cd-124d-4c1c-8fee-9a2f5468ffe1");
INSERT INTO R_SUPER
	VALUES ("803702ba-1594-4405-b96a-8c76b6ef1c69",
	"655f93cd-124d-4c1c-8fee-9a2f5468ffe1",
	"e77468f8-eb00-4953-b3f1-a7ad93b6c20e");
INSERT INTO R_RTO
	VALUES ("803702ba-1594-4405-b96a-8c76b6ef1c69",
	"655f93cd-124d-4c1c-8fee-9a2f5468ffe1",
	"e77468f8-eb00-4953-b3f1-a7ad93b6c20e",
	-1);
INSERT INTO R_OIR
	VALUES ("803702ba-1594-4405-b96a-8c76b6ef1c69",
	"655f93cd-124d-4c1c-8fee-9a2f5468ffe1",
	"e77468f8-eb00-4953-b3f1-a7ad93b6c20e",
	"00000000-0000-0000-0000-000000000000");
INSERT INTO R_SUB
	VALUES ("7a1c6c92-00d7-49ac-a23b-cfb4d3362f53",
	"655f93cd-124d-4c1c-8fee-9a2f5468ffe1",
	"436371eb-cbe1-40dd-aa41-77ae8abcc98f");
INSERT INTO R_RGO
	VALUES ("7a1c6c92-00d7-49ac-a23b-cfb4d3362f53",
	"655f93cd-124d-4c1c-8fee-9a2f5468ffe1",
	"436371eb-cbe1-40dd-aa41-77ae8abcc98f");
INSERT INTO R_OIR
	VALUES ("7a1c6c92-00d7-49ac-a23b-cfb4d3362f53",
	"655f93cd-124d-4c1c-8fee-9a2f5468ffe1",
	"436371eb-cbe1-40dd-aa41-77ae8abcc98f",
	"00000000-0000-0000-0000-000000000000");
INSERT INTO R_SUB
	VALUES ("1efeba6e-0315-442d-8e70-729b05561bea",
	"655f93cd-124d-4c1c-8fee-9a2f5468ffe1",
	"538375ec-701e-44a0-a2fa-dc7774434702");
INSERT INTO R_RGO
	VALUES ("1efeba6e-0315-442d-8e70-729b05561bea",
	"655f93cd-124d-4c1c-8fee-9a2f5468ffe1",
	"538375ec-701e-44a0-a2fa-dc7774434702");
INSERT INTO R_OIR
	VALUES ("1efeba6e-0315-442d-8e70-729b05561bea",
	"655f93cd-124d-4c1c-8fee-9a2f5468ffe1",
	"538375ec-701e-44a0-a2fa-dc7774434702",
	"00000000-0000-0000-0000-000000000000");
INSERT INTO R_SUB
	VALUES ("bafdc953-1881-43a3-a5f1-9dcc7e2d60c3",
	"655f93cd-124d-4c1c-8fee-9a2f5468ffe1",
	"0f3a975d-eb0e-4480-bbed-ae4648523ecf");
INSERT INTO R_RGO
	VALUES ("bafdc953-1881-43a3-a5f1-9dcc7e2d60c3",
	"655f93cd-124d-4c1c-8fee-9a2f5468ffe1",
	"0f3a975d-eb0e-4480-bbed-ae4648523ecf");
INSERT INTO R_OIR
	VALUES ("bafdc953-1881-43a3-a5f1-9dcc7e2d60c3",
	"655f93cd-124d-4c1c-8fee-9a2f5468ffe1",
	"0f3a975d-eb0e-4480-bbed-ae4648523ecf",
	"00000000-0000-0000-0000-000000000000");
INSERT INTO PE_PE
	VALUES ("861d98e9-8fb8-41c9-b775-c91333eaac35",
	1,
	"960454f9-cf5f-4331-88bf-8023709586b1",
	"00000000-0000-0000-0000-000000000000",
	9);
INSERT INTO R_REL
	VALUES ("861d98e9-8fb8-41c9-b775-c91333eaac35",
	1,
	'',
	"00000000-0000-0000-0000-000000000000");
INSERT INTO R_SIMP
	VALUES ("861d98e9-8fb8-41c9-b775-c91333eaac35");
INSERT INTO R_PART
	VALUES ("bafdc953-1881-43a3-a5f1-9dcc7e2d60c3",
	"861d98e9-8fb8-41c9-b775-c91333eaac35",
	"f3b58287-3254-4757-975d-c2512681cca4",
	1,
	0,
	'is_instance_of');
INSERT INTO R_RTO
	VALUES ("bafdc953-1881-43a3-a5f1-9dcc7e2d60c3",
	"861d98e9-8fb8-41c9-b775-c91333eaac35",
	"f3b58287-3254-4757-975d-c2512681cca4",
	-1);
INSERT INTO R_OIR
	VALUES ("bafdc953-1881-43a3-a5f1-9dcc7e2d60c3",
	"861d98e9-8fb8-41c9-b775-c91333eaac35",
	"f3b58287-3254-4757-975d-c2512681cca4",
	"00000000-0000-0000-0000-000000000000");
INSERT INTO R_PART
	VALUES ("4b839513-bd70-4d73-85ed-c06b10ee091a",
	"861d98e9-8fb8-41c9-b775-c91333eaac35",
	"86ac1080-593f-4e6f-8bbb-da9c3f370a67",
	0,
	0,
	'');
INSERT INTO R_RTO
	VALUES ("4b839513-bd70-4d73-85ed-c06b10ee091a",
	"861d98e9-8fb8-41c9-b775-c91333eaac35",
	"86ac1080-593f-4e6f-8bbb-da9c3f370a67",
	-1);
INSERT INTO R_OIR
	VALUES ("4b839513-bd70-4d73-85ed-c06b10ee091a",
	"861d98e9-8fb8-41c9-b775-c91333eaac35",
	"86ac1080-593f-4e6f-8bbb-da9c3f370a67",
	"00000000-0000-0000-0000-000000000000");
INSERT INTO PE_PE
	VALUES ("19b27525-ef50-4d33-ab2c-8b7895f454e1",
	1,
	"960454f9-cf5f-4331-88bf-8023709586b1",
	"00000000-0000-0000-0000-000000000000",
	1);
INSERT INTO S_SYNC
	VALUES ("19b27525-ef50-4d33-ab2c-8b7895f454e1",
	"00000000-0000-0000-0000-000000000000",
	'PopulateFacilityTypes',
	'',
	'
create object instance ft of FACILITYTYPE;
create object instance b of BOOKABLE;
relate ft to b across R2;

ft.approximateArea = "About 20 square meters";
b.price = 100;
b.description = "A double bed room";


create object instance f1 of FACILITY;
relate f1 to ft across R1;
f1.facilityID = "Room1";

create object instance f2 of FACILITY;
relate f2 to ft across R1;
f2.facilityID = "Room2";

create object instance f3 of FACILITY;
relate f3 to ft across R1;
f3.facilityID = "Room3";




	



',
	"ba5eda7a-def5-0000-0000-000000000000",
	1,
	'');
INSERT INTO ACT_FNB
	VALUES ("95d7e201-185e-4090-b35e-af6c4c288491",
	"19b27525-ef50-4d33-ab2c-8b7895f454e1");
INSERT INTO ACT_ACT
	VALUES ("95d7e201-185e-4090-b35e-af6c4c288491",
	'function',
	0,
	"1aabd4b6-b80e-4d39-9fc1-c3adf4e54319",
	"00000000-0000-0000-0000-000000000000",
	0,
	'PopulateFacilityTypes',
	"00000000-0000-0000-0000-000000000000");
INSERT INTO ACT_BLK
	VALUES ("1aabd4b6-b80e-4d39-9fc1-c3adf4e54319",
	0,
	0,
	0,
	'',
	'',
	'',
	21,
	1,
	19,
	30,
	0,
	0,
	20,
	24,
	0,
	0,
	0,
	0,
	0,
	"95d7e201-185e-4090-b35e-af6c4c288491",
	"00000000-0000-0000-0000-000000000000");
INSERT INTO ACT_SMT
	VALUES ("75257b08-6561-4a14-860f-aff2558d601f",
	"1aabd4b6-b80e-4d39-9fc1-c3adf4e54319",
	"d6408fe6-ecf5-4610-8258-1dbf32f476b2",
	2,
	1,
	'PopulateFacilityTypes line: 2');
INSERT INTO ACT_CR
	VALUES ("75257b08-6561-4a14-860f-aff2558d601f",
	"e9465654-11d6-43cc-9ae1-4d584b5f991d",
	1,
	"bafdc953-1881-43a3-a5f1-9dcc7e2d60c3",
	2,
	30);
INSERT INTO ACT_SMT
	VALUES ("d6408fe6-ecf5-4610-8258-1dbf32f476b2",
	"1aabd4b6-b80e-4d39-9fc1-c3adf4e54319",
	"4ce8465d-8f77-4963-aae0-380cff377ab7",
	3,
	1,
	'PopulateFacilityTypes line: 3');
INSERT INTO ACT_CR
	VALUES ("d6408fe6-ecf5-4610-8258-1dbf32f476b2",
	"73daca29-aab6-4b79-be78-a2ff94d515ae",
	1,
	"803702ba-1594-4405-b96a-8c76b6ef1c69",
	3,
	29);
INSERT INTO ACT_SMT
	VALUES ("4ce8465d-8f77-4963-aae0-380cff377ab7",
	"1aabd4b6-b80e-4d39-9fc1-c3adf4e54319",
	"cba45cb2-3cca-417f-b755-865aee64f298",
	4,
	1,
	'PopulateFacilityTypes line: 4');
INSERT INTO ACT_REL
	VALUES ("4ce8465d-8f77-4963-aae0-380cff377ab7",
	"e9465654-11d6-43cc-9ae1-4d584b5f991d",
	"73daca29-aab6-4b79-be78-a2ff94d515ae",
	'',
	"655f93cd-124d-4c1c-8fee-9a2f5468ffe1",
	4,
	23,
	0,
	0);
INSERT INTO ACT_SMT
	VALUES ("cba45cb2-3cca-417f-b755-865aee64f298",
	"1aabd4b6-b80e-4d39-9fc1-c3adf4e54319",
	"bc645748-3978-4086-bc93-e9ec7dfe0457",
	6,
	1,
	'PopulateFacilityTypes line: 6');
INSERT INTO ACT_AI
	VALUES ("cba45cb2-3cca-417f-b755-865aee64f298",
	"5bb00d75-41f1-4ec3-b943-9d2aae2d7ab9",
	"35800c22-e0d3-47db-a733-bd321434a916",
	0,
	0);
INSERT INTO ACT_SMT
	VALUES ("bc645748-3978-4086-bc93-e9ec7dfe0457",
	"1aabd4b6-b80e-4d39-9fc1-c3adf4e54319",
	"b96b720f-e93a-4fa6-85ed-e85faa45bef3",
	7,
	1,
	'PopulateFacilityTypes line: 7');
INSERT INTO ACT_AI
	VALUES ("bc645748-3978-4086-bc93-e9ec7dfe0457",
	"7c22e768-76b8-4750-94d2-23bcc67014b6",
	"563727c6-970f-4471-ba9f-d2598340d240",
	0,
	0);
INSERT INTO ACT_SMT
	VALUES ("b96b720f-e93a-4fa6-85ed-e85faa45bef3",
	"1aabd4b6-b80e-4d39-9fc1-c3adf4e54319",
	"dfdc63b8-b06f-483d-bb6f-35d29b9ee93f",
	8,
	1,
	'PopulateFacilityTypes line: 8');
INSERT INTO ACT_AI
	VALUES ("b96b720f-e93a-4fa6-85ed-e85faa45bef3",
	"6e34adad-633c-4e7e-b8e7-4b778d7b5276",
	"9a0eda06-ac7a-4bee-968a-f206921db0b6",
	0,
	0);
INSERT INTO ACT_SMT
	VALUES ("dfdc63b8-b06f-483d-bb6f-35d29b9ee93f",
	"1aabd4b6-b80e-4d39-9fc1-c3adf4e54319",
	"81834517-31fa-461b-a732-b137d8484ab2",
	11,
	1,
	'PopulateFacilityTypes line: 11');
INSERT INTO ACT_CR
	VALUES ("dfdc63b8-b06f-483d-bb6f-35d29b9ee93f",
	"feeb5d35-e153-48c6-b94a-0a3a9f65f2aa",
	1,
	"4b839513-bd70-4d73-85ed-c06b10ee091a",
	11,
	30);
INSERT INTO ACT_SMT
	VALUES ("81834517-31fa-461b-a732-b137d8484ab2",
	"1aabd4b6-b80e-4d39-9fc1-c3adf4e54319",
	"d9251d1d-be53-4970-b793-ebff36a3f954",
	12,
	1,
	'PopulateFacilityTypes line: 12');
INSERT INTO ACT_REL
	VALUES ("81834517-31fa-461b-a732-b137d8484ab2",
	"feeb5d35-e153-48c6-b94a-0a3a9f65f2aa",
	"e9465654-11d6-43cc-9ae1-4d584b5f991d",
	'',
	"861d98e9-8fb8-41c9-b775-c91333eaac35",
	12,
	24,
	0,
	0);
INSERT INTO ACT_SMT
	VALUES ("d9251d1d-be53-4970-b793-ebff36a3f954",
	"1aabd4b6-b80e-4d39-9fc1-c3adf4e54319",
	"bbb8aad4-3683-4ab0-b52c-062d25dfa6ca",
	13,
	1,
	'PopulateFacilityTypes line: 13');
INSERT INTO ACT_AI
	VALUES ("d9251d1d-be53-4970-b793-ebff36a3f954",
	"962dba92-aeb2-4f02-908e-4911df08b96a",
	"5f853b9b-87bb-42ef-810f-6611cf202f67",
	0,
	0);
INSERT INTO ACT_SMT
	VALUES ("bbb8aad4-3683-4ab0-b52c-062d25dfa6ca",
	"1aabd4b6-b80e-4d39-9fc1-c3adf4e54319",
	"b40b6241-3987-4676-8d78-a893910191c3",
	15,
	1,
	'PopulateFacilityTypes line: 15');
INSERT INTO ACT_CR
	VALUES ("bbb8aad4-3683-4ab0-b52c-062d25dfa6ca",
	"f8df4ea2-f42a-4647-9002-81c4c0e48404",
	1,
	"4b839513-bd70-4d73-85ed-c06b10ee091a",
	15,
	30);
INSERT INTO ACT_SMT
	VALUES ("b40b6241-3987-4676-8d78-a893910191c3",
	"1aabd4b6-b80e-4d39-9fc1-c3adf4e54319",
	"41c657dd-9546-4bfe-8ce5-e9c162cace86",
	16,
	1,
	'PopulateFacilityTypes line: 16');
INSERT INTO ACT_REL
	VALUES ("b40b6241-3987-4676-8d78-a893910191c3",
	"f8df4ea2-f42a-4647-9002-81c4c0e48404",
	"e9465654-11d6-43cc-9ae1-4d584b5f991d",
	'',
	"861d98e9-8fb8-41c9-b775-c91333eaac35",
	16,
	24,
	0,
	0);
INSERT INTO ACT_SMT
	VALUES ("41c657dd-9546-4bfe-8ce5-e9c162cace86",
	"1aabd4b6-b80e-4d39-9fc1-c3adf4e54319",
	"86e98e29-6552-4bab-a1e6-6566e11d95d1",
	17,
	1,
	'PopulateFacilityTypes line: 17');
INSERT INTO ACT_AI
	VALUES ("41c657dd-9546-4bfe-8ce5-e9c162cace86",
	"82c07a24-4ba4-47bc-88e4-715c064ea63c",
	"bcf46ac8-0a2a-4c38-884f-62ea26532164",
	0,
	0);
INSERT INTO ACT_SMT
	VALUES ("86e98e29-6552-4bab-a1e6-6566e11d95d1",
	"1aabd4b6-b80e-4d39-9fc1-c3adf4e54319",
	"631cc3eb-f8b9-4a0c-ba4f-243eedd3fb3a",
	19,
	1,
	'PopulateFacilityTypes line: 19');
INSERT INTO ACT_CR
	VALUES ("86e98e29-6552-4bab-a1e6-6566e11d95d1",
	"c16a679f-1023-4e75-9a57-79f8bc8f844b",
	1,
	"4b839513-bd70-4d73-85ed-c06b10ee091a",
	19,
	30);
INSERT INTO ACT_SMT
	VALUES ("631cc3eb-f8b9-4a0c-ba4f-243eedd3fb3a",
	"1aabd4b6-b80e-4d39-9fc1-c3adf4e54319",
	"5cbbb592-7c5e-4d1f-8c1a-af24f5d4d8e1",
	20,
	1,
	'PopulateFacilityTypes line: 20');
INSERT INTO ACT_REL
	VALUES ("631cc3eb-f8b9-4a0c-ba4f-243eedd3fb3a",
	"c16a679f-1023-4e75-9a57-79f8bc8f844b",
	"e9465654-11d6-43cc-9ae1-4d584b5f991d",
	'',
	"861d98e9-8fb8-41c9-b775-c91333eaac35",
	20,
	24,
	0,
	0);
INSERT INTO ACT_SMT
	VALUES ("5cbbb592-7c5e-4d1f-8c1a-af24f5d4d8e1",
	"1aabd4b6-b80e-4d39-9fc1-c3adf4e54319",
	"00000000-0000-0000-0000-000000000000",
	21,
	1,
	'PopulateFacilityTypes line: 21');
INSERT INTO ACT_AI
	VALUES ("5cbbb592-7c5e-4d1f-8c1a-af24f5d4d8e1",
	"d7dafa39-2c5b-4027-a910-c45d3e8f3d8a",
	"19d6d8a4-e84e-4813-9e0b-3d3d1a66e427",
	0,
	0);
INSERT INTO V_VAL
	VALUES ("8884c4bd-10aa-410d-8f24-774b51cb4259",
	1,
	0,
	6,
	1,
	2,
	0,
	0,
	0,
	0,
	"99dc6d1a-909c-4bcb-a5b6-04d65b974e90",
	"1aabd4b6-b80e-4d39-9fc1-c3adf4e54319");
INSERT INTO V_IRF
	VALUES ("8884c4bd-10aa-410d-8f24-774b51cb4259",
	"e9465654-11d6-43cc-9ae1-4d584b5f991d");
INSERT INTO V_VAL
	VALUES ("35800c22-e0d3-47db-a733-bd321434a916",
	1,
	0,
	6,
	4,
	18,
	0,
	0,
	0,
	0,
	"ba5eda7a-def5-0000-0000-000000000004",
	"1aabd4b6-b80e-4d39-9fc1-c3adf4e54319");
INSERT INTO V_AVL
	VALUES ("35800c22-e0d3-47db-a733-bd321434a916",
	"8884c4bd-10aa-410d-8f24-774b51cb4259",
	"bafdc953-1881-43a3-a5f1-9dcc7e2d60c3",
	"839b61ce-d63e-49ba-a0ae-d1b0093bb680");
INSERT INTO V_VAL
	VALUES ("5bb00d75-41f1-4ec3-b943-9d2aae2d7ab9",
	0,
	0,
	6,
	22,
	44,
	0,
	0,
	0,
	0,
	"ba5eda7a-def5-0000-0000-000000000004",
	"1aabd4b6-b80e-4d39-9fc1-c3adf4e54319");
INSERT INTO V_LST
	VALUES ("5bb00d75-41f1-4ec3-b943-9d2aae2d7ab9",
	'About 20 square meters');
INSERT INTO V_VAL
	VALUES ("a7b5dc63-1db3-4d0e-81b6-9e07086f1f19",
	1,
	0,
	7,
	1,
	1,
	0,
	0,
	0,
	0,
	"bdce89ef-72f6-4386-ba13-b2d926836c80",
	"1aabd4b6-b80e-4d39-9fc1-c3adf4e54319");
INSERT INTO V_IRF
	VALUES ("a7b5dc63-1db3-4d0e-81b6-9e07086f1f19",
	"73daca29-aab6-4b79-be78-a2ff94d515ae");
INSERT INTO V_VAL
	VALUES ("563727c6-970f-4471-ba9f-d2598340d240",
	1,
	0,
	7,
	3,
	7,
	0,
	0,
	0,
	0,
	"ba5eda7a-def5-0000-0000-000000000002",
	"1aabd4b6-b80e-4d39-9fc1-c3adf4e54319");
INSERT INTO V_AVL
	VALUES ("563727c6-970f-4471-ba9f-d2598340d240",
	"a7b5dc63-1db3-4d0e-81b6-9e07086f1f19",
	"803702ba-1594-4405-b96a-8c76b6ef1c69",
	"8ccbac66-5148-4ed4-bb36-09215ce15366");
INSERT INTO V_VAL
	VALUES ("7c22e768-76b8-4750-94d2-23bcc67014b6",
	0,
	0,
	7,
	11,
	13,
	0,
	0,
	0,
	0,
	"ba5eda7a-def5-0000-0000-000000000002",
	"1aabd4b6-b80e-4d39-9fc1-c3adf4e54319");
INSERT INTO V_LIN
	VALUES ("7c22e768-76b8-4750-94d2-23bcc67014b6",
	'100');
INSERT INTO V_VAL
	VALUES ("39e96e20-44bd-451e-b02e-311304b09de9",
	1,
	0,
	8,
	1,
	1,
	0,
	0,
	0,
	0,
	"bdce89ef-72f6-4386-ba13-b2d926836c80",
	"1aabd4b6-b80e-4d39-9fc1-c3adf4e54319");
INSERT INTO V_IRF
	VALUES ("39e96e20-44bd-451e-b02e-311304b09de9",
	"73daca29-aab6-4b79-be78-a2ff94d515ae");
INSERT INTO V_VAL
	VALUES ("9a0eda06-ac7a-4bee-968a-f206921db0b6",
	1,
	0,
	8,
	3,
	13,
	0,
	0,
	0,
	0,
	"ba5eda7a-def5-0000-0000-000000000004",
	"1aabd4b6-b80e-4d39-9fc1-c3adf4e54319");
INSERT INTO V_AVL
	VALUES ("9a0eda06-ac7a-4bee-968a-f206921db0b6",
	"39e96e20-44bd-451e-b02e-311304b09de9",
	"803702ba-1594-4405-b96a-8c76b6ef1c69",
	"7edb737c-eda0-435c-ab44-20ad0293ebdb");
INSERT INTO V_VAL
	VALUES ("6e34adad-633c-4e7e-b8e7-4b778d7b5276",
	0,
	0,
	8,
	17,
	34,
	0,
	0,
	0,
	0,
	"ba5eda7a-def5-0000-0000-000000000004",
	"1aabd4b6-b80e-4d39-9fc1-c3adf4e54319");
INSERT INTO V_LST
	VALUES ("6e34adad-633c-4e7e-b8e7-4b778d7b5276",
	'A double bed room');
INSERT INTO V_VAL
	VALUES ("0233ed74-f704-446c-96b3-34ad18142448",
	1,
	0,
	13,
	1,
	2,
	0,
	0,
	0,
	0,
	"bd43dc09-3be2-4ae8-806d-bedb08b1e03c",
	"1aabd4b6-b80e-4d39-9fc1-c3adf4e54319");
INSERT INTO V_IRF
	VALUES ("0233ed74-f704-446c-96b3-34ad18142448",
	"feeb5d35-e153-48c6-b94a-0a3a9f65f2aa");
INSERT INTO V_VAL
	VALUES ("5f853b9b-87bb-42ef-810f-6611cf202f67",
	1,
	0,
	13,
	4,
	13,
	0,
	0,
	0,
	0,
	"ba5eda7a-def5-0000-0000-000000000004",
	"1aabd4b6-b80e-4d39-9fc1-c3adf4e54319");
INSERT INTO V_AVL
	VALUES ("5f853b9b-87bb-42ef-810f-6611cf202f67",
	"0233ed74-f704-446c-96b3-34ad18142448",
	"4b839513-bd70-4d73-85ed-c06b10ee091a",
	"e22cda36-25e1-4b81-aef1-d74c43020c14");
INSERT INTO V_VAL
	VALUES ("962dba92-aeb2-4f02-908e-4911df08b96a",
	0,
	0,
	13,
	17,
	22,
	0,
	0,
	0,
	0,
	"ba5eda7a-def5-0000-0000-000000000004",
	"1aabd4b6-b80e-4d39-9fc1-c3adf4e54319");
INSERT INTO V_LST
	VALUES ("962dba92-aeb2-4f02-908e-4911df08b96a",
	'Room1');
INSERT INTO V_VAL
	VALUES ("f2dddce3-5183-470e-82ca-410af4bf44cd",
	1,
	0,
	17,
	1,
	2,
	0,
	0,
	0,
	0,
	"bd43dc09-3be2-4ae8-806d-bedb08b1e03c",
	"1aabd4b6-b80e-4d39-9fc1-c3adf4e54319");
INSERT INTO V_IRF
	VALUES ("f2dddce3-5183-470e-82ca-410af4bf44cd",
	"f8df4ea2-f42a-4647-9002-81c4c0e48404");
INSERT INTO V_VAL
	VALUES ("bcf46ac8-0a2a-4c38-884f-62ea26532164",
	1,
	0,
	17,
	4,
	13,
	0,
	0,
	0,
	0,
	"ba5eda7a-def5-0000-0000-000000000004",
	"1aabd4b6-b80e-4d39-9fc1-c3adf4e54319");
INSERT INTO V_AVL
	VALUES ("bcf46ac8-0a2a-4c38-884f-62ea26532164",
	"f2dddce3-5183-470e-82ca-410af4bf44cd",
	"4b839513-bd70-4d73-85ed-c06b10ee091a",
	"e22cda36-25e1-4b81-aef1-d74c43020c14");
INSERT INTO V_VAL
	VALUES ("82c07a24-4ba4-47bc-88e4-715c064ea63c",
	0,
	0,
	17,
	17,
	22,
	0,
	0,
	0,
	0,
	"ba5eda7a-def5-0000-0000-000000000004",
	"1aabd4b6-b80e-4d39-9fc1-c3adf4e54319");
INSERT INTO V_LST
	VALUES ("82c07a24-4ba4-47bc-88e4-715c064ea63c",
	'Room2');
INSERT INTO V_VAL
	VALUES ("2b00a5c6-29c7-4e09-a110-caad953a95df",
	1,
	0,
	21,
	1,
	2,
	0,
	0,
	0,
	0,
	"bd43dc09-3be2-4ae8-806d-bedb08b1e03c",
	"1aabd4b6-b80e-4d39-9fc1-c3adf4e54319");
INSERT INTO V_IRF
	VALUES ("2b00a5c6-29c7-4e09-a110-caad953a95df",
	"c16a679f-1023-4e75-9a57-79f8bc8f844b");
INSERT INTO V_VAL
	VALUES ("19d6d8a4-e84e-4813-9e0b-3d3d1a66e427",
	1,
	0,
	21,
	4,
	13,
	0,
	0,
	0,
	0,
	"ba5eda7a-def5-0000-0000-000000000004",
	"1aabd4b6-b80e-4d39-9fc1-c3adf4e54319");
INSERT INTO V_AVL
	VALUES ("19d6d8a4-e84e-4813-9e0b-3d3d1a66e427",
	"2b00a5c6-29c7-4e09-a110-caad953a95df",
	"4b839513-bd70-4d73-85ed-c06b10ee091a",
	"e22cda36-25e1-4b81-aef1-d74c43020c14");
INSERT INTO V_VAL
	VALUES ("d7dafa39-2c5b-4027-a910-c45d3e8f3d8a",
	0,
	0,
	21,
	17,
	22,
	0,
	0,
	0,
	0,
	"ba5eda7a-def5-0000-0000-000000000004",
	"1aabd4b6-b80e-4d39-9fc1-c3adf4e54319");
INSERT INTO V_LST
	VALUES ("d7dafa39-2c5b-4027-a910-c45d3e8f3d8a",
	'Room3');
INSERT INTO V_VAR
	VALUES ("e9465654-11d6-43cc-9ae1-4d584b5f991d",
	"1aabd4b6-b80e-4d39-9fc1-c3adf4e54319",
	'ft',
	1,
	"99dc6d1a-909c-4bcb-a5b6-04d65b974e90");
INSERT INTO V_INT
	VALUES ("e9465654-11d6-43cc-9ae1-4d584b5f991d",
	0,
	"bafdc953-1881-43a3-a5f1-9dcc7e2d60c3");
INSERT INTO V_LOC
	VALUES ("9fa2bb5b-9f0c-4849-89cf-e225180dd39c",
	2,
	24,
	25,
	"e9465654-11d6-43cc-9ae1-4d584b5f991d");
INSERT INTO V_LOC
	VALUES ("bfa7777a-f7f7-4999-bcf3-8187cf981a27",
	4,
	8,
	9,
	"e9465654-11d6-43cc-9ae1-4d584b5f991d");
INSERT INTO V_LOC
	VALUES ("3c807b7b-91be-4d60-842d-6e6c42b453bf",
	6,
	1,
	2,
	"e9465654-11d6-43cc-9ae1-4d584b5f991d");
INSERT INTO V_LOC
	VALUES ("461e404c-92ce-4e75-a930-cbfbfe06b2a3",
	12,
	14,
	15,
	"e9465654-11d6-43cc-9ae1-4d584b5f991d");
INSERT INTO V_LOC
	VALUES ("cce020f1-55e9-4e07-92a1-cf22d1098e37",
	16,
	14,
	15,
	"e9465654-11d6-43cc-9ae1-4d584b5f991d");
INSERT INTO V_LOC
	VALUES ("aa1ab814-8a6a-475e-a648-966c65be681a",
	20,
	14,
	15,
	"e9465654-11d6-43cc-9ae1-4d584b5f991d");
INSERT INTO V_VAR
	VALUES ("73daca29-aab6-4b79-be78-a2ff94d515ae",
	"1aabd4b6-b80e-4d39-9fc1-c3adf4e54319",
	'b',
	1,
	"bdce89ef-72f6-4386-ba13-b2d926836c80");
INSERT INTO V_INT
	VALUES ("73daca29-aab6-4b79-be78-a2ff94d515ae",
	0,
	"803702ba-1594-4405-b96a-8c76b6ef1c69");
INSERT INTO V_LOC
	VALUES ("8663a8de-5a60-47f7-830a-15fca84d9497",
	3,
	24,
	24,
	"73daca29-aab6-4b79-be78-a2ff94d515ae");
INSERT INTO V_LOC
	VALUES ("c21d0444-77ce-4902-8db4-dfb368bea4f3",
	4,
	14,
	14,
	"73daca29-aab6-4b79-be78-a2ff94d515ae");
INSERT INTO V_LOC
	VALUES ("369a79fa-38fc-4c8c-a2d8-512231407d96",
	7,
	1,
	1,
	"73daca29-aab6-4b79-be78-a2ff94d515ae");
INSERT INTO V_LOC
	VALUES ("1b1a2166-1d09-4eb2-b816-ead9ce02f9c4",
	8,
	1,
	1,
	"73daca29-aab6-4b79-be78-a2ff94d515ae");
INSERT INTO V_VAR
	VALUES ("feeb5d35-e153-48c6-b94a-0a3a9f65f2aa",
	"1aabd4b6-b80e-4d39-9fc1-c3adf4e54319",
	'f1',
	1,
	"bd43dc09-3be2-4ae8-806d-bedb08b1e03c");
INSERT INTO V_INT
	VALUES ("feeb5d35-e153-48c6-b94a-0a3a9f65f2aa",
	0,
	"4b839513-bd70-4d73-85ed-c06b10ee091a");
INSERT INTO V_LOC
	VALUES ("56975ea5-e3e9-47a6-8487-9d628060d544",
	11,
	24,
	25,
	"feeb5d35-e153-48c6-b94a-0a3a9f65f2aa");
INSERT INTO V_LOC
	VALUES ("63c95b01-e890-49a0-961c-9f5b14c2322c",
	12,
	8,
	9,
	"feeb5d35-e153-48c6-b94a-0a3a9f65f2aa");
INSERT INTO V_LOC
	VALUES ("3658b0ee-77db-4495-a770-6c45f6ad9ae3",
	13,
	1,
	2,
	"feeb5d35-e153-48c6-b94a-0a3a9f65f2aa");
INSERT INTO V_VAR
	VALUES ("f8df4ea2-f42a-4647-9002-81c4c0e48404",
	"1aabd4b6-b80e-4d39-9fc1-c3adf4e54319",
	'f2',
	1,
	"bd43dc09-3be2-4ae8-806d-bedb08b1e03c");
INSERT INTO V_INT
	VALUES ("f8df4ea2-f42a-4647-9002-81c4c0e48404",
	0,
	"4b839513-bd70-4d73-85ed-c06b10ee091a");
INSERT INTO V_LOC
	VALUES ("8be01ea9-714d-49e6-8e78-d7d99f31b823",
	15,
	24,
	25,
	"f8df4ea2-f42a-4647-9002-81c4c0e48404");
INSERT INTO V_LOC
	VALUES ("d6415262-765b-483e-9276-710bfad80ec4",
	16,
	8,
	9,
	"f8df4ea2-f42a-4647-9002-81c4c0e48404");
INSERT INTO V_LOC
	VALUES ("95c52fc6-7034-4ea5-be6a-6148f4a2c969",
	17,
	1,
	2,
	"f8df4ea2-f42a-4647-9002-81c4c0e48404");
INSERT INTO V_VAR
	VALUES ("c16a679f-1023-4e75-9a57-79f8bc8f844b",
	"1aabd4b6-b80e-4d39-9fc1-c3adf4e54319",
	'f3',
	1,
	"bd43dc09-3be2-4ae8-806d-bedb08b1e03c");
INSERT INTO V_INT
	VALUES ("c16a679f-1023-4e75-9a57-79f8bc8f844b",
	0,
	"4b839513-bd70-4d73-85ed-c06b10ee091a");
INSERT INTO V_LOC
	VALUES ("3ebe3038-60ba-49be-be64-c98396e2d094",
	19,
	24,
	25,
	"c16a679f-1023-4e75-9a57-79f8bc8f844b");
INSERT INTO V_LOC
	VALUES ("8807732b-9730-47da-937f-b3194fabed1e",
	20,
	8,
	9,
	"c16a679f-1023-4e75-9a57-79f8bc8f844b");
INSERT INTO V_LOC
	VALUES ("096fcc88-2ff6-46e7-b505-9679f4642fd4",
	21,
	1,
	2,
	"c16a679f-1023-4e75-9a57-79f8bc8f844b");
INSERT INTO PE_PE
	VALUES ("b7e04034-9ae1-478b-b876-84a049865e77",
	1,
	"960454f9-cf5f-4331-88bf-8023709586b1",
	"00000000-0000-0000-0000-000000000000",
	4);
INSERT INTO O_OBJ
	VALUES ("b7e04034-9ae1-478b-b876-84a049865e77",
	'Benefit',
	19,
	'BENEFIT',
	'',
	"00000000-0000-0000-0000-000000000000");
INSERT INTO O_NBATTR
	VALUES ("8cf466c1-ef7d-46fc-a661-bd5641c8561e",
	"b7e04034-9ae1-478b-b876-84a049865e77");
INSERT INTO O_BATTR
	VALUES ("8cf466c1-ef7d-46fc-a661-bd5641c8561e",
	"b7e04034-9ae1-478b-b876-84a049865e77");
INSERT INTO O_ATTR
	VALUES ("8cf466c1-ef7d-46fc-a661-bd5641c8561e",
	"b7e04034-9ae1-478b-b876-84a049865e77",
	"00000000-0000-0000-0000-000000000000",
	'discountPercentage',
	'',
	'',
	'discountPercentage',
	0,
	"ba5eda7a-def5-0000-0000-000000000002",
	'',
	'');
INSERT INTO O_ID
	VALUES (2,
	"b7e04034-9ae1-478b-b876-84a049865e77");
INSERT INTO O_ID
	VALUES (1,
	"b7e04034-9ae1-478b-b876-84a049865e77");
INSERT INTO O_ID
	VALUES (0,
	"b7e04034-9ae1-478b-b876-84a049865e77");
INSERT INTO CSME_CIE
	VALUES ("7198fb45-9888-4c75-81e3-40032a14da98",
	"2fb1b278-da98-49b1-9c58-8021dceffd83",
	"b7e04034-9ae1-478b-b876-84a049865e77",
	"960454f9-cf5f-4331-88bf-8023709586b1",
	'Benefit');
INSERT INTO CSME_CIE
	VALUES ("05be1fdc-d7ac-4ae3-ab3d-c222ce7b97d3",
	"8b21c695-eeb6-4037-9434-89237fba2083",
	"b7e04034-9ae1-478b-b876-84a049865e77",
	"960454f9-cf5f-4331-88bf-8023709586b1",
	'Benefit');
INSERT INTO PE_PE
	VALUES ("99c3a579-f918-44fd-916c-a41161cb6518",
	1,
	"960454f9-cf5f-4331-88bf-8023709586b1",
	"00000000-0000-0000-0000-000000000000",
	4);
INSERT INTO O_OBJ
	VALUES ("99c3a579-f918-44fd-916c-a41161cb6518",
	'Billing',
	13,
	'BILLING',
	'',
	"00000000-0000-0000-0000-000000000000");
INSERT INTO O_TFR
	VALUES ("3320253a-8d00-44d8-bb17-47df7564b5c1",
	"99c3a579-f918-44fd-916c-a41161cb6518",
	'isPayed',
	'',
	"ba5eda7a-def5-0000-0000-000000000001",
	1,
	'',
	1,
	'',
	"2b5f0429-ceb9-45e5-8f10-1ca5f6b8bea4");
INSERT INTO ACT_OPB
	VALUES ("dcf0d39d-b02e-44a4-bf8f-26ea082a712f",
	"3320253a-8d00-44d8-bb17-47df7564b5c1");
INSERT INTO ACT_ACT
	VALUES ("dcf0d39d-b02e-44a4-bf8f-26ea082a712f",
	'operation',
	0,
	"974ed365-3ca3-48c3-b9fc-d6fe99850630",
	"00000000-0000-0000-0000-000000000000",
	0,
	'Billing::isPayed',
	"00000000-0000-0000-0000-000000000000");
INSERT INTO ACT_BLK
	VALUES ("974ed365-3ca3-48c3-b9fc-d6fe99850630",
	0,
	0,
	0,
	'',
	'',
	'',
	0,
	0,
	0,
	0,
	0,
	0,
	0,
	0,
	0,
	0,
	0,
	0,
	0,
	"dcf0d39d-b02e-44a4-bf8f-26ea082a712f",
	"00000000-0000-0000-0000-000000000000");
INSERT INTO O_TFR
	VALUES ("2b5f0429-ceb9-45e5-8f10-1ca5f6b8bea4",
	"99c3a579-f918-44fd-916c-a41161cb6518",
	'getCost',
	'',
	"ba5eda7a-def5-0000-0000-000000000002",
	1,
	'',
	1,
	'',
	"00000000-0000-0000-0000-000000000000");
INSERT INTO ACT_OPB
	VALUES ("72ed59c5-43f0-44af-bea6-3d13e18810a6",
	"2b5f0429-ceb9-45e5-8f10-1ca5f6b8bea4");
INSERT INTO ACT_ACT
	VALUES ("72ed59c5-43f0-44af-bea6-3d13e18810a6",
	'operation',
	0,
	"3f0b543e-106f-49ad-bad2-f7b9150c6d21",
	"00000000-0000-0000-0000-000000000000",
	0,
	'Billing::getCost',
	"00000000-0000-0000-0000-000000000000");
INSERT INTO ACT_BLK
	VALUES ("3f0b543e-106f-49ad-bad2-f7b9150c6d21",
	0,
	0,
	0,
	'',
	'',
	'',
	0,
	0,
	0,
	0,
	0,
	0,
	0,
	0,
	0,
	0,
	0,
	0,
	0,
	"72ed59c5-43f0-44af-bea6-3d13e18810a6",
	"00000000-0000-0000-0000-000000000000");
INSERT INTO O_NBATTR
	VALUES ("9fbcb3d8-ee3c-4fab-b468-a811d1524204",
	"99c3a579-f918-44fd-916c-a41161cb6518");
INSERT INTO O_BATTR
	VALUES ("9fbcb3d8-ee3c-4fab-b468-a811d1524204",
	"99c3a579-f918-44fd-916c-a41161cb6518");
INSERT INTO O_ATTR
	VALUES ("9fbcb3d8-ee3c-4fab-b468-a811d1524204",
	"99c3a579-f918-44fd-916c-a41161cb6518",
	"2246761d-31ce-42e6-8bf4-72041f212e7c",
	'isPayed',
	'',
	'',
	'isPayed',
	0,
	"ba5eda7a-def5-0000-0000-000000000001",
	'',
	'');
INSERT INTO O_NBATTR
	VALUES ("2246761d-31ce-42e6-8bf4-72041f212e7c",
	"99c3a579-f918-44fd-916c-a41161cb6518");
INSERT INTO O_BATTR
	VALUES ("2246761d-31ce-42e6-8bf4-72041f212e7c",
	"99c3a579-f918-44fd-916c-a41161cb6518");
INSERT INTO O_ATTR
	VALUES ("2246761d-31ce-42e6-8bf4-72041f212e7c",
	"99c3a579-f918-44fd-916c-a41161cb6518",
	"00000000-0000-0000-0000-000000000000",
	'paymentDate',
	'',
	'',
	'paymentDate',
	0,
	"ba5eda7a-def5-0000-0000-000000000010",
	'',
	'');
INSERT INTO O_ID
	VALUES (2,
	"99c3a579-f918-44fd-916c-a41161cb6518");
INSERT INTO O_ID
	VALUES (1,
	"99c3a579-f918-44fd-916c-a41161cb6518");
INSERT INTO O_ID
	VALUES (0,
	"99c3a579-f918-44fd-916c-a41161cb6518");
INSERT INTO CSME_CIE
	VALUES ("911803e5-776a-4d54-ae81-a2a521c072d6",
	"2fb1b278-da98-49b1-9c58-8021dceffd83",
	"99c3a579-f918-44fd-916c-a41161cb6518",
	"960454f9-cf5f-4331-88bf-8023709586b1",
	'Billing');
INSERT INTO CSME_CIE
	VALUES ("25eef9e7-6036-41ae-b26a-12a3c31e22e7",
	"8b21c695-eeb6-4037-9434-89237fba2083",
	"99c3a579-f918-44fd-916c-a41161cb6518",
	"960454f9-cf5f-4331-88bf-8023709586b1",
	'Billing');
INSERT INTO PE_PE
	VALUES ("37699420-e221-4e5c-800b-cf398f6e9803",
	1,
	"960454f9-cf5f-4331-88bf-8023709586b1",
	"00000000-0000-0000-0000-000000000000",
	4);
INSERT INTO O_OBJ
	VALUES ("37699420-e221-4e5c-800b-cf398f6e9803",
	'BillingItem',
	14,
	'BILLINGITEM',
	'',
	"00000000-0000-0000-0000-000000000000");
INSERT INTO O_NBATTR
	VALUES ("5c630467-39da-4a2d-8ae2-e16ccda92fbb",
	"37699420-e221-4e5c-800b-cf398f6e9803");
INSERT INTO O_BATTR
	VALUES ("5c630467-39da-4a2d-8ae2-e16ccda92fbb",
	"37699420-e221-4e5c-800b-cf398f6e9803");
INSERT INTO O_ATTR
	VALUES ("5c630467-39da-4a2d-8ae2-e16ccda92fbb",
	"37699420-e221-4e5c-800b-cf398f6e9803",
	"9dd362c1-1938-444b-80a5-df8a36e62170",
	'description',
	'',
	'',
	'description',
	0,
	"ba5eda7a-def5-0000-0000-000000000004",
	'',
	'');
INSERT INTO O_NBATTR
	VALUES ("9dd362c1-1938-444b-80a5-df8a36e62170",
	"37699420-e221-4e5c-800b-cf398f6e9803");
INSERT INTO O_BATTR
	VALUES ("9dd362c1-1938-444b-80a5-df8a36e62170",
	"37699420-e221-4e5c-800b-cf398f6e9803");
INSERT INTO O_ATTR
	VALUES ("9dd362c1-1938-444b-80a5-df8a36e62170",
	"37699420-e221-4e5c-800b-cf398f6e9803",
	"00000000-0000-0000-0000-000000000000",
	'cost',
	'',
	'',
	'cost',
	0,
	"ba5eda7a-def5-0000-0000-000000000002",
	'',
	'');
INSERT INTO O_ID
	VALUES (2,
	"37699420-e221-4e5c-800b-cf398f6e9803");
INSERT INTO O_ID
	VALUES (1,
	"37699420-e221-4e5c-800b-cf398f6e9803");
INSERT INTO O_ID
	VALUES (0,
	"37699420-e221-4e5c-800b-cf398f6e9803");
INSERT INTO CSME_CIE
	VALUES ("d3c9567a-138d-4a94-baf0-5cefaad726a1",
	"2fb1b278-da98-49b1-9c58-8021dceffd83",
	"37699420-e221-4e5c-800b-cf398f6e9803",
	"960454f9-cf5f-4331-88bf-8023709586b1",
	'BillingItem');
INSERT INTO CSME_CIE
	VALUES ("ee99dea8-c75a-472e-94f0-63f698560eed",
	"8b21c695-eeb6-4037-9434-89237fba2083",
	"37699420-e221-4e5c-800b-cf398f6e9803",
	"960454f9-cf5f-4331-88bf-8023709586b1",
	'BillingItem');
INSERT INTO PE_PE
	VALUES ("803702ba-1594-4405-b96a-8c76b6ef1c69",
	1,
	"960454f9-cf5f-4331-88bf-8023709586b1",
	"00000000-0000-0000-0000-000000000000",
	4);
INSERT INTO O_OBJ
	VALUES ("803702ba-1594-4405-b96a-8c76b6ef1c69",
	'Bookable',
	5,
	'BOOKABLE',
	'',
	"00000000-0000-0000-0000-000000000000");
INSERT INTO O_TFR
	VALUES ("3a9b4376-648e-4e0e-91f4-8c8ff2abb7f5",
	"803702ba-1594-4405-b96a-8c76b6ef1c69",
	'isAvailable',
	'',
	"ba5eda7a-def5-0000-0000-000000000001",
	1,
	'',
	1,
	'',
	"00000000-0000-0000-0000-000000000000");
INSERT INTO O_TPARM
	VALUES ("07f1bda8-87af-4b8f-b9ca-15c0105e80e3",
	"3a9b4376-648e-4e0e-91f4-8c8ff2abb7f5",
	'filter',
	"ba5eda7a-def5-0000-0000-000000000002",
	0,
	'',
	"00000000-0000-0000-0000-000000000000",
	'');
INSERT INTO ACT_OPB
	VALUES ("108fa75c-06ec-4f97-ae72-91a10579dd2a",
	"3a9b4376-648e-4e0e-91f4-8c8ff2abb7f5");
INSERT INTO ACT_ACT
	VALUES ("108fa75c-06ec-4f97-ae72-91a10579dd2a",
	'operation',
	0,
	"4c745faa-5f46-4845-930b-e167829ff2ca",
	"00000000-0000-0000-0000-000000000000",
	0,
	'Bookable::isAvailable',
	"00000000-0000-0000-0000-000000000000");
INSERT INTO ACT_BLK
	VALUES ("4c745faa-5f46-4845-930b-e167829ff2ca",
	0,
	0,
	0,
	'',
	'',
	'',
	0,
	0,
	0,
	0,
	0,
	0,
	0,
	0,
	0,
	0,
	0,
	0,
	0,
	"108fa75c-06ec-4f97-ae72-91a10579dd2a",
	"00000000-0000-0000-0000-000000000000");
INSERT INTO O_TFR
	VALUES ("f5d8d2fd-312b-4ac1-b4e3-55f4241a2d58",
	"803702ba-1594-4405-b96a-8c76b6ef1c69",
	'getBookableRepresentation',
	'',
	"ba5eda7a-def5-0000-0000-000000000000",
	1,
	'

i = 5;
BookingRepresentation.price = self.price;

',
	1,
	'',
	"3a9b4376-648e-4e0e-91f4-8c8ff2abb7f5");
INSERT INTO ACT_OPB
	VALUES ("70525795-6011-46d6-981d-f5f8453b8bea",
	"f5d8d2fd-312b-4ac1-b4e3-55f4241a2d58");
INSERT INTO ACT_ACT
	VALUES ("70525795-6011-46d6-981d-f5f8453b8bea",
	'operation',
	0,
	"b78294ad-d0ad-4d05-b16c-ea9cef0c4e53",
	"00000000-0000-0000-0000-000000000000",
	0,
	'Bookable::getBookableRepresentation',
	"00000000-0000-0000-0000-000000000000");
INSERT INTO ACT_BLK
	VALUES ("b78294ad-d0ad-4d05-b16c-ea9cef0c4e53",
	0,
	0,
	0,
	'',
	'',
	'',
	4,
	1,
	0,
	0,
	0,
	0,
	0,
	0,
	0,
	0,
	0,
	0,
	0,
	"70525795-6011-46d6-981d-f5f8453b8bea",
	"00000000-0000-0000-0000-000000000000");
INSERT INTO ACT_SMT
	VALUES ("977284e3-8438-4c69-a39d-fda3c0997b52",
	"b78294ad-d0ad-4d05-b16c-ea9cef0c4e53",
	"00000000-0000-0000-0000-000000000000",
	3,
	1,
	'Bookable::getBookableRepresentation line: 3');
INSERT INTO ACT_AI
	VALUES ("977284e3-8438-4c69-a39d-fda3c0997b52",
	"55843000-61a4-43e9-9bbc-2e7ddbbf065e",
	"af8dc7b2-f7f3-4a2d-b449-60390043d7c3",
	0,
	0);
INSERT INTO V_VAL
	VALUES ("af8dc7b2-f7f3-4a2d-b449-60390043d7c3",
	1,
	1,
	3,
	1,
	1,
	0,
	0,
	0,
	0,
	"ba5eda7a-def5-0000-0000-000000000002",
	"b78294ad-d0ad-4d05-b16c-ea9cef0c4e53");
INSERT INTO V_TVL
	VALUES ("af8dc7b2-f7f3-4a2d-b449-60390043d7c3",
	"0385b9a3-d7a9-4a26-8c09-758c1bd2d71f");
INSERT INTO V_VAL
	VALUES ("55843000-61a4-43e9-9bbc-2e7ddbbf065e",
	0,
	0,
	3,
	5,
	5,
	0,
	0,
	0,
	0,
	"ba5eda7a-def5-0000-0000-000000000002",
	"b78294ad-d0ad-4d05-b16c-ea9cef0c4e53");
INSERT INTO V_LIN
	VALUES ("55843000-61a4-43e9-9bbc-2e7ddbbf065e",
	'5');
INSERT INTO V_VAR
	VALUES ("0385b9a3-d7a9-4a26-8c09-758c1bd2d71f",
	"b78294ad-d0ad-4d05-b16c-ea9cef0c4e53",
	'i',
	1,
	"ba5eda7a-def5-0000-0000-000000000002");
INSERT INTO V_TRN
	VALUES ("0385b9a3-d7a9-4a26-8c09-758c1bd2d71f",
	"00000000-0000-0000-0000-000000000000",
	'');
INSERT INTO V_LOC
	VALUES ("e9d6e4e3-264f-4b77-9024-d009076aafae",
	3,
	1,
	1,
	"0385b9a3-d7a9-4a26-8c09-758c1bd2d71f");
INSERT INTO V_VAR
	VALUES ("90ef3fc7-ffea-49e2-ad1e-5b3b3a47cdeb",
	"b78294ad-d0ad-4d05-b16c-ea9cef0c4e53",
	'BookingRepresentation',
	0,
	"00000000-0000-0000-0000-000000000000");
INSERT INTO V_TRN
	VALUES ("90ef3fc7-ffea-49e2-ad1e-5b3b3a47cdeb",
	"00000000-0000-0000-0000-000000000000",
	'');
INSERT INTO V_LOC
	VALUES ("743f4c73-281f-47f8-a851-307724e7f589",
	4,
	1,
	21,
	"90ef3fc7-ffea-49e2-ad1e-5b3b3a47cdeb");
INSERT INTO O_NBATTR
	VALUES ("7edb737c-eda0-435c-ab44-20ad0293ebdb",
	"803702ba-1594-4405-b96a-8c76b6ef1c69");
INSERT INTO O_BATTR
	VALUES ("7edb737c-eda0-435c-ab44-20ad0293ebdb",
	"803702ba-1594-4405-b96a-8c76b6ef1c69");
INSERT INTO O_ATTR
	VALUES ("7edb737c-eda0-435c-ab44-20ad0293ebdb",
	"803702ba-1594-4405-b96a-8c76b6ef1c69",
	"8ccbac66-5148-4ed4-bb36-09215ce15366",
	'description',
	'',
	'',
	'description',
	0,
	"ba5eda7a-def5-0000-0000-000000000004",
	'',
	'');
INSERT INTO O_NBATTR
	VALUES ("8ccbac66-5148-4ed4-bb36-09215ce15366",
	"803702ba-1594-4405-b96a-8c76b6ef1c69");
INSERT INTO O_BATTR
	VALUES ("8ccbac66-5148-4ed4-bb36-09215ce15366",
	"803702ba-1594-4405-b96a-8c76b6ef1c69");
INSERT INTO O_ATTR
	VALUES ("8ccbac66-5148-4ed4-bb36-09215ce15366",
	"803702ba-1594-4405-b96a-8c76b6ef1c69",
	"00000000-0000-0000-0000-000000000000",
	'price',
	'',
	'',
	'price',
	0,
	"ba5eda7a-def5-0000-0000-000000000002",
	'',
	'');
INSERT INTO O_NBATTR
	VALUES ("e81f13fc-76a3-4546-9580-b71352170e10",
	"803702ba-1594-4405-b96a-8c76b6ef1c69");
INSERT INTO O_BATTR
	VALUES ("e81f13fc-76a3-4546-9580-b71352170e10",
	"803702ba-1594-4405-b96a-8c76b6ef1c69");
INSERT INTO O_ATTR
	VALUES ("e81f13fc-76a3-4546-9580-b71352170e10",
	"803702ba-1594-4405-b96a-8c76b6ef1c69",
	"7edb737c-eda0-435c-ab44-20ad0293ebdb",
	'id',
	'',
	'',
	'id',
	0,
	"ba5eda7a-def5-0000-0000-000000000005",
	'',
	'');
INSERT INTO O_NBATTR
	VALUES ("3f2fc0b4-be17-44ca-a848-72144603506d",
	"803702ba-1594-4405-b96a-8c76b6ef1c69");
INSERT INTO O_BATTR
	VALUES ("3f2fc0b4-be17-44ca-a848-72144603506d",
	"803702ba-1594-4405-b96a-8c76b6ef1c69");
INSERT INTO O_ATTR
	VALUES ("3f2fc0b4-be17-44ca-a848-72144603506d",
	"803702ba-1594-4405-b96a-8c76b6ef1c69",
	"e81f13fc-76a3-4546-9580-b71352170e10",
	'name',
	'',
	'',
	'name',
	0,
	"ba5eda7a-def5-0000-0000-000000000004",
	'',
	'');
INSERT INTO O_ID
	VALUES (2,
	"803702ba-1594-4405-b96a-8c76b6ef1c69");
INSERT INTO O_ID
	VALUES (1,
	"803702ba-1594-4405-b96a-8c76b6ef1c69");
INSERT INTO O_ID
	VALUES (0,
	"803702ba-1594-4405-b96a-8c76b6ef1c69");
INSERT INTO CSME_CIE
	VALUES ("42855bd3-d205-4f66-8aea-2c1f388537c0",
	"2fb1b278-da98-49b1-9c58-8021dceffd83",
	"803702ba-1594-4405-b96a-8c76b6ef1c69",
	"960454f9-cf5f-4331-88bf-8023709586b1",
	'Bookable');
INSERT INTO CSME_CIE
	VALUES ("ffe85ec2-d75a-489e-b60d-9d4465bdb3f7",
	"8b21c695-eeb6-4037-9434-89237fba2083",
	"803702ba-1594-4405-b96a-8c76b6ef1c69",
	"960454f9-cf5f-4331-88bf-8023709586b1",
	'Bookable');
INSERT INTO PE_PE
	VALUES ("9a41fe9e-f547-4cde-b68d-f7db43c904dc",
	1,
	"960454f9-cf5f-4331-88bf-8023709586b1",
	"00000000-0000-0000-0000-000000000000",
	4);
INSERT INTO O_OBJ
	VALUES ("9a41fe9e-f547-4cde-b68d-f7db43c904dc",
	'Booking',
	10,
	'BOOKING',
	'',
	"00000000-0000-0000-0000-000000000000");
INSERT INTO O_TFR
	VALUES ("11a60648-7f28-4e24-93de-4da0ae187839",
	"9a41fe9e-f547-4cde-b68d-f7db43c904dc",
	'addGuest',
	'',
	"ba5eda7a-def5-0000-0000-000000000000",
	1,
	'',
	1,
	'',
	"70fa737a-e32e-4822-a845-fcdc3e41ae92");
INSERT INTO O_TPARM
	VALUES ("a8ec887e-f522-4ae0-947b-df7709a53686",
	"11a60648-7f28-4e24-93de-4da0ae187839",
	'age',
	"ba5eda7a-def5-0000-0000-000000000002",
	0,
	'',
	"9ef8b31c-b6a0-4abf-8cc7-5838a697ef30",
	'');
INSERT INTO O_TPARM
	VALUES ("9ef8b31c-b6a0-4abf-8cc7-5838a697ef30",
	"11a60648-7f28-4e24-93de-4da0ae187839",
	'name',
	"ba5eda7a-def5-0000-0000-000000000004",
	0,
	'',
	"00000000-0000-0000-0000-000000000000",
	'');
INSERT INTO ACT_OPB
	VALUES ("7ccdfd69-2754-4ebb-8cac-861c31057c6a",
	"11a60648-7f28-4e24-93de-4da0ae187839");
INSERT INTO ACT_ACT
	VALUES ("7ccdfd69-2754-4ebb-8cac-861c31057c6a",
	'operation',
	0,
	"e8ebc165-bb06-4684-b315-ee87bf4265d7",
	"00000000-0000-0000-0000-000000000000",
	0,
	'Booking::addGuest',
	"00000000-0000-0000-0000-000000000000");
INSERT INTO ACT_BLK
	VALUES ("e8ebc165-bb06-4684-b315-ee87bf4265d7",
	0,
	0,
	0,
	'',
	'',
	'',
	0,
	0,
	0,
	0,
	0,
	0,
	0,
	0,
	0,
	0,
	0,
	0,
	0,
	"7ccdfd69-2754-4ebb-8cac-861c31057c6a",
	"00000000-0000-0000-0000-000000000000");
INSERT INTO O_TFR
	VALUES ("70fa737a-e32e-4822-a845-fcdc3e41ae92",
	"9a41fe9e-f547-4cde-b68d-f7db43c904dc",
	'getBookingInfo',
	'',
	"433f7688-7b95-4f9c-89f1-cf076d691ab7",
	1,
	'',
	1,
	'',
	"64d93b6f-5167-468a-93bf-ca92c8944e24");
INSERT INTO ACT_OPB
	VALUES ("61c82d37-12a6-404f-bced-fd169016bab7",
	"70fa737a-e32e-4822-a845-fcdc3e41ae92");
INSERT INTO ACT_ACT
	VALUES ("61c82d37-12a6-404f-bced-fd169016bab7",
	'operation',
	0,
	"23f6dd83-bd42-4832-b291-077c4a352d4f",
	"00000000-0000-0000-0000-000000000000",
	0,
	'Booking::getBookingInfo',
	"00000000-0000-0000-0000-000000000000");
INSERT INTO ACT_BLK
	VALUES ("23f6dd83-bd42-4832-b291-077c4a352d4f",
	0,
	0,
	0,
	'',
	'',
	'',
	0,
	0,
	0,
	0,
	0,
	0,
	0,
	0,
	0,
	0,
	0,
	0,
	0,
	"61c82d37-12a6-404f-bced-fd169016bab7",
	"00000000-0000-0000-0000-000000000000");
INSERT INTO O_TFR
	VALUES ("64d93b6f-5167-468a-93bf-ca92c8944e24",
	"9a41fe9e-f547-4cde-b68d-f7db43c904dc",
	'setCustomer',
	'',
	"ba5eda7a-def5-0000-0000-000000000001",
	1,
	'',
	1,
	'',
	"52ca49b2-de88-4bb4-81b7-b995d78ecf81");
INSERT INTO O_TPARM
	VALUES ("25bbb532-f822-44c4-b310-00befa20b691",
	"64d93b6f-5167-468a-93bf-ca92c8944e24",
	'customer',
	"ba5eda7a-def5-0000-0000-000000000004",
	0,
	'',
	"00000000-0000-0000-0000-000000000000",
	'');
INSERT INTO ACT_OPB
	VALUES ("fa3e5625-8bec-4834-8ac3-de75661d1d57",
	"64d93b6f-5167-468a-93bf-ca92c8944e24");
INSERT INTO ACT_ACT
	VALUES ("fa3e5625-8bec-4834-8ac3-de75661d1d57",
	'operation',
	0,
	"b4e4502f-885f-4934-9c51-e852527ffa55",
	"00000000-0000-0000-0000-000000000000",
	0,
	'Booking::setCustomer',
	"00000000-0000-0000-0000-000000000000");
INSERT INTO ACT_BLK
	VALUES ("b4e4502f-885f-4934-9c51-e852527ffa55",
	0,
	0,
	0,
	'',
	'',
	'',
	0,
	0,
	0,
	0,
	0,
	0,
	0,
	0,
	0,
	0,
	0,
	0,
	0,
	"fa3e5625-8bec-4834-8ac3-de75661d1d57",
	"00000000-0000-0000-0000-000000000000");
INSERT INTO O_TFR
	VALUES ("52ca49b2-de88-4bb4-81b7-b995d78ecf81",
	"9a41fe9e-f547-4cde-b68d-f7db43c904dc",
	'addBookable',
	'',
	"ba5eda7a-def5-0000-0000-000000000001",
	1,
	'',
	1,
	'',
	"ed50ea1b-06ab-4767-b877-4e21f462c911");
INSERT INTO O_TPARM
	VALUES ("76959683-30fb-4418-8077-ec8f4601ee42",
	"52ca49b2-de88-4bb4-81b7-b995d78ecf81",
	'bookable',
	"bdce89ef-72f6-4386-ba13-b2d926836c80",
	0,
	'',
	"00000000-0000-0000-0000-000000000000",
	'');
INSERT INTO ACT_OPB
	VALUES ("c599a6f6-b6d3-4d22-9ed1-4884658f61f2",
	"52ca49b2-de88-4bb4-81b7-b995d78ecf81");
INSERT INTO ACT_ACT
	VALUES ("c599a6f6-b6d3-4d22-9ed1-4884658f61f2",
	'operation',
	0,
	"fde2052a-8397-4325-82c6-091c762c9a79",
	"00000000-0000-0000-0000-000000000000",
	0,
	'Booking::addBookable',
	"00000000-0000-0000-0000-000000000000");
INSERT INTO ACT_BLK
	VALUES ("fde2052a-8397-4325-82c6-091c762c9a79",
	0,
	0,
	0,
	'',
	'',
	'',
	0,
	0,
	0,
	0,
	0,
	0,
	0,
	0,
	0,
	0,
	0,
	0,
	0,
	"c599a6f6-b6d3-4d22-9ed1-4884658f61f2",
	"00000000-0000-0000-0000-000000000000");
INSERT INTO O_TFR
	VALUES ("ed50ea1b-06ab-4767-b877-4e21f462c911",
	"9a41fe9e-f547-4cde-b68d-f7db43c904dc",
	'addService',
	'',
	"ba5eda7a-def5-0000-0000-000000000001",
	1,
	'',
	1,
	'',
	"00000000-0000-0000-0000-000000000000");
INSERT INTO O_TPARM
	VALUES ("ce51fdb2-9444-46b8-a1d3-2b5109206e14",
	"ed50ea1b-06ab-4767-b877-4e21f462c911",
	'bookable',
	"bdce89ef-72f6-4386-ba13-b2d926836c80",
	0,
	'',
	"00000000-0000-0000-0000-000000000000",
	'');
INSERT INTO ACT_OPB
	VALUES ("5e7075d5-f090-43f0-9378-bdaffe923383",
	"ed50ea1b-06ab-4767-b877-4e21f462c911");
INSERT INTO ACT_ACT
	VALUES ("5e7075d5-f090-43f0-9378-bdaffe923383",
	'operation',
	0,
	"3334d77c-ca74-4995-92b7-d774e1698739",
	"00000000-0000-0000-0000-000000000000",
	0,
	'Booking::addService',
	"00000000-0000-0000-0000-000000000000");
INSERT INTO ACT_BLK
	VALUES ("3334d77c-ca74-4995-92b7-d774e1698739",
	0,
	0,
	0,
	'',
	'',
	'',
	0,
	0,
	0,
	0,
	0,
	0,
	0,
	0,
	0,
	0,
	0,
	0,
	0,
	"5e7075d5-f090-43f0-9378-bdaffe923383",
	"00000000-0000-0000-0000-000000000000");
INSERT INTO O_NBATTR
	VALUES ("de30d967-1c94-45a4-8e5f-b18dc80d1e04",
	"9a41fe9e-f547-4cde-b68d-f7db43c904dc");
INSERT INTO O_BATTR
	VALUES ("de30d967-1c94-45a4-8e5f-b18dc80d1e04",
	"9a41fe9e-f547-4cde-b68d-f7db43c904dc");
INSERT INTO O_ATTR
	VALUES ("de30d967-1c94-45a4-8e5f-b18dc80d1e04",
	"9a41fe9e-f547-4cde-b68d-f7db43c904dc",
	"00000000-0000-0000-0000-000000000000",
	'bookingNumber',
	'',
	'',
	'bookingNumber',
	0,
	"ba5eda7a-def5-0000-0000-000000000005",
	'',
	'');
INSERT INTO O_ID
	VALUES (2,
	"9a41fe9e-f547-4cde-b68d-f7db43c904dc");
INSERT INTO O_ID
	VALUES (1,
	"9a41fe9e-f547-4cde-b68d-f7db43c904dc");
INSERT INTO O_ID
	VALUES (0,
	"9a41fe9e-f547-4cde-b68d-f7db43c904dc");
INSERT INTO CSME_CIE
	VALUES ("5856ae84-1a42-4045-96f3-6deb2b5144b6",
	"2fb1b278-da98-49b1-9c58-8021dceffd83",
	"9a41fe9e-f547-4cde-b68d-f7db43c904dc",
	"960454f9-cf5f-4331-88bf-8023709586b1",
	'Booking');
INSERT INTO CSME_CIE
	VALUES ("f40c0313-5e3f-4a33-86b8-18d563d743ff",
	"8b21c695-eeb6-4037-9434-89237fba2083",
	"9a41fe9e-f547-4cde-b68d-f7db43c904dc",
	"960454f9-cf5f-4331-88bf-8023709586b1",
	'Booking');
INSERT INTO PE_PE
	VALUES ("7137c09d-ba0e-406b-b3b5-76bb3cc48f3d",
	1,
	"960454f9-cf5f-4331-88bf-8023709586b1",
	"00000000-0000-0000-0000-000000000000",
	4);
INSERT INTO O_OBJ
	VALUES ("7137c09d-ba0e-406b-b3b5-76bb3cc48f3d",
	'BookingSession',
	12,
	'BOOKINGSESSION',
	'',
	"00000000-0000-0000-0000-000000000000");
INSERT INTO O_TFR
	VALUES ("05de7466-0a07-4b67-9ee8-5f366e9f9749",
	"7137c09d-ba0e-406b-b3b5-76bb3cc48f3d",
	'addGuest',
	'',
	"433f7688-7b95-4f9c-89f1-cf076d691ab7",
	1,
	'',
	1,
	'',
	"973159ef-6d38-4a97-8d59-b677decdc9ad");
INSERT INTO O_TPARM
	VALUES ("2cd610e7-ad50-42c5-af6e-e3015f63da6c",
	"05de7466-0a07-4b67-9ee8-5f366e9f9749",
	'age',
	"ba5eda7a-def5-0000-0000-000000000002",
	0,
	'',
	"3d28979b-45fd-4184-b69b-97f728fee1b3",
	'');
INSERT INTO O_TPARM
	VALUES ("3d28979b-45fd-4184-b69b-97f728fee1b3",
	"05de7466-0a07-4b67-9ee8-5f366e9f9749",
	'name',
	"ba5eda7a-def5-0000-0000-000000000004",
	0,
	'',
	"b5a1913d-01c4-4e00-8ec7-60743582e763",
	'');
INSERT INTO O_TPARM
	VALUES ("b5a1913d-01c4-4e00-8ec7-60743582e763",
	"05de7466-0a07-4b67-9ee8-5f366e9f9749",
	'facility',
	"bd43dc09-3be2-4ae8-806d-bedb08b1e03c",
	0,
	'',
	"00000000-0000-0000-0000-000000000000",
	'');
INSERT INTO ACT_OPB
	VALUES ("42e63fac-cac2-4c81-ab66-934848140e7d",
	"05de7466-0a07-4b67-9ee8-5f366e9f9749");
INSERT INTO ACT_ACT
	VALUES ("42e63fac-cac2-4c81-ab66-934848140e7d",
	'operation',
	0,
	"783f3d6d-81a3-4904-a89b-32362f41fed0",
	"00000000-0000-0000-0000-000000000000",
	0,
	'BookingSession::addGuest',
	"00000000-0000-0000-0000-000000000000");
INSERT INTO ACT_BLK
	VALUES ("783f3d6d-81a3-4904-a89b-32362f41fed0",
	0,
	0,
	0,
	'',
	'',
	'',
	0,
	0,
	0,
	0,
	0,
	0,
	0,
	0,
	0,
	0,
	0,
	0,
	0,
	"42e63fac-cac2-4c81-ab66-934848140e7d",
	"00000000-0000-0000-0000-000000000000");
INSERT INTO O_TFR
	VALUES ("973159ef-6d38-4a97-8d59-b677decdc9ad",
	"7137c09d-ba0e-406b-b3b5-76bb3cc48f3d",
	'createGuest',
	'',
	"ba5eda7a-def5-0000-0000-000000000001",
	1,
	'',
	1,
	'',
	"f499439d-d4fe-4c3b-a8d0-33d0d0ec3b9f");
INSERT INTO O_TPARM
	VALUES ("9a299bce-b8e7-4078-908e-bd495c0df698",
	"973159ef-6d38-4a97-8d59-b677decdc9ad",
	'age',
	"ba5eda7a-def5-0000-0000-000000000002",
	0,
	'',
	"66d4ce13-6a90-48f7-b3dd-37922f12da6b",
	'');
INSERT INTO O_TPARM
	VALUES ("66d4ce13-6a90-48f7-b3dd-37922f12da6b",
	"973159ef-6d38-4a97-8d59-b677decdc9ad",
	'name',
	"ba5eda7a-def5-0000-0000-000000000004",
	0,
	'',
	"00000000-0000-0000-0000-000000000000",
	'');
INSERT INTO ACT_OPB
	VALUES ("e2cccdaf-75ca-4dbe-8e0e-d8e9099dfe78",
	"973159ef-6d38-4a97-8d59-b677decdc9ad");
INSERT INTO ACT_ACT
	VALUES ("e2cccdaf-75ca-4dbe-8e0e-d8e9099dfe78",
	'operation',
	0,
	"65ceb6ef-c34b-433a-b1d6-7c08c514bfda",
	"00000000-0000-0000-0000-000000000000",
	0,
	'BookingSession::createGuest',
	"00000000-0000-0000-0000-000000000000");
INSERT INTO ACT_BLK
	VALUES ("65ceb6ef-c34b-433a-b1d6-7c08c514bfda",
	0,
	0,
	0,
	'',
	'',
	'',
	0,
	0,
	0,
	0,
	0,
	0,
	0,
	0,
	0,
	0,
	0,
	0,
	0,
	"e2cccdaf-75ca-4dbe-8e0e-d8e9099dfe78",
	"00000000-0000-0000-0000-000000000000");
INSERT INTO O_TFR
	VALUES ("f499439d-d4fe-4c3b-a8d0-33d0d0ec3b9f",
	"7137c09d-ba0e-406b-b3b5-76bb3cc48f3d",
	'selectBookable',
	'',
	"df204ffe-8ba5-4335-839a-3b03a55091e7",
	1,
	'',
	1,
	'',
	"3c890d0f-ccdd-4ce5-a703-cbbc87bec2c9");
INSERT INTO O_TPARM
	VALUES ("dc38b8c8-4b8d-48df-9100-2164413d853e",
	"f499439d-d4fe-4c3b-a8d0-33d0d0ec3b9f",
	'facilityType',
	"99dc6d1a-909c-4bcb-a5b6-04d65b974e90",
	0,
	'',
	"00000000-0000-0000-0000-000000000000",
	'');
INSERT INTO ACT_OPB
	VALUES ("4dc601f4-c64b-4deb-add7-7a491838b5f5",
	"f499439d-d4fe-4c3b-a8d0-33d0d0ec3b9f");
INSERT INTO ACT_ACT
	VALUES ("4dc601f4-c64b-4deb-add7-7a491838b5f5",
	'operation',
	0,
	"fdfecf40-f86c-451a-89d5-106d7eaaaa1d",
	"00000000-0000-0000-0000-000000000000",
	0,
	'BookingSession::selectBookable',
	"00000000-0000-0000-0000-000000000000");
INSERT INTO ACT_BLK
	VALUES ("fdfecf40-f86c-451a-89d5-106d7eaaaa1d",
	0,
	0,
	0,
	'',
	'',
	'',
	0,
	0,
	0,
	0,
	0,
	0,
	0,
	0,
	0,
	0,
	0,
	0,
	0,
	"4dc601f4-c64b-4deb-add7-7a491838b5f5",
	"00000000-0000-0000-0000-000000000000");
INSERT INTO O_TFR
	VALUES ("3c890d0f-ccdd-4ce5-a703-cbbc87bec2c9",
	"7137c09d-ba0e-406b-b3b5-76bb3cc48f3d",
	'addService',
	'',
	"ba5eda7a-def5-0000-0000-000000000001",
	1,
	'',
	1,
	'',
	"4da49d83-26d3-43ca-8187-3975b38144e9");
INSERT INTO O_TPARM
	VALUES ("f076e994-905e-4365-996b-af1be541514e",
	"3c890d0f-ccdd-4ce5-a703-cbbc87bec2c9",
	'bookable',
	"bdce89ef-72f6-4386-ba13-b2d926836c80",
	0,
	'',
	"00000000-0000-0000-0000-000000000000",
	'');
INSERT INTO ACT_OPB
	VALUES ("d4291920-c0fe-4d2f-9632-14536e43e236",
	"3c890d0f-ccdd-4ce5-a703-cbbc87bec2c9");
INSERT INTO ACT_ACT
	VALUES ("d4291920-c0fe-4d2f-9632-14536e43e236",
	'operation',
	0,
	"05eedf70-466f-44aa-a39e-653d6124f166",
	"00000000-0000-0000-0000-000000000000",
	0,
	'BookingSession::addService',
	"00000000-0000-0000-0000-000000000000");
INSERT INTO ACT_BLK
	VALUES ("05eedf70-466f-44aa-a39e-653d6124f166",
	0,
	0,
	0,
	'',
	'',
	'',
	0,
	0,
	0,
	0,
	0,
	0,
	0,
	0,
	0,
	0,
	0,
	0,
	0,
	"d4291920-c0fe-4d2f-9632-14536e43e236",
	"00000000-0000-0000-0000-000000000000");
INSERT INTO O_TFR
	VALUES ("4da49d83-26d3-43ca-8187-3975b38144e9",
	"7137c09d-ba0e-406b-b3b5-76bb3cc48f3d",
	'createCustomer',
	'',
	"ba5eda7a-def5-0000-0000-000000000001",
	1,
	'',
	1,
	'',
	"ad7ec6a1-0909-48cc-8bb1-e07002fbff5e");
INSERT INTO O_TPARM
	VALUES ("85874f5e-8dce-4622-8f9e-a7d2cbf42842",
	"4da49d83-26d3-43ca-8187-3975b38144e9",
	'name',
	"ba5eda7a-def5-0000-0000-000000000004",
	0,
	'',
	"00000000-0000-0000-0000-000000000000",
	'');
INSERT INTO ACT_OPB
	VALUES ("834b5ef9-df59-431c-b378-72d05169a90b",
	"4da49d83-26d3-43ca-8187-3975b38144e9");
INSERT INTO ACT_ACT
	VALUES ("834b5ef9-df59-431c-b378-72d05169a90b",
	'operation',
	0,
	"08ec850f-61cf-46ca-9daa-5501e76df000",
	"00000000-0000-0000-0000-000000000000",
	0,
	'BookingSession::createCustomer',
	"00000000-0000-0000-0000-000000000000");
INSERT INTO ACT_BLK
	VALUES ("08ec850f-61cf-46ca-9daa-5501e76df000",
	0,
	0,
	0,
	'',
	'',
	'',
	0,
	0,
	0,
	0,
	0,
	0,
	0,
	0,
	0,
	0,
	0,
	0,
	0,
	"834b5ef9-df59-431c-b378-72d05169a90b",
	"00000000-0000-0000-0000-000000000000");
INSERT INTO O_TFR
	VALUES ("ad7ec6a1-0909-48cc-8bb1-e07002fbff5e",
	"7137c09d-ba0e-406b-b3b5-76bb3cc48f3d",
	'search',
	'',
	"ebb6007c-c361-40c7-ad5b-5b07d6a01d41",
	1,
	'select many b from instances of FACILITYTYPE;
return b;',
	1,
	'',
	"00000000-0000-0000-0000-000000000000");
INSERT INTO O_TPARM
	VALUES ("0ef9b8e6-8616-49fc-a1c9-9dac1dafd37d",
	"ad7ec6a1-0909-48cc-8bb1-e07002fbff5e",
	'fromDate',
	"ba5eda7a-def5-0000-0000-000000000010",
	0,
	'',
	"00000000-0000-0000-0000-000000000000",
	'');
INSERT INTO O_TPARM
	VALUES ("9aa4b7ff-c6de-49d7-9abf-090bc4abfc47",
	"ad7ec6a1-0909-48cc-8bb1-e07002fbff5e",
	'toDate',
	"ba5eda7a-def5-0000-0000-000000000010",
	0,
	'',
	"0ef9b8e6-8616-49fc-a1c9-9dac1dafd37d",
	'');
INSERT INTO O_TPARM
	VALUES ("1e0989d6-5c1c-4a30-a265-acb6695e117b",
	"ad7ec6a1-0909-48cc-8bb1-e07002fbff5e",
	'facilityType',
	"ba5eda7a-def5-0000-0000-000000000002",
	0,
	'',
	"9aa4b7ff-c6de-49d7-9abf-090bc4abfc47",
	'');
INSERT INTO ACT_OPB
	VALUES ("ef7d215b-2f34-48e2-b5ed-5c4f563ab5ac",
	"ad7ec6a1-0909-48cc-8bb1-e07002fbff5e");
INSERT INTO ACT_ACT
	VALUES ("ef7d215b-2f34-48e2-b5ed-5c4f563ab5ac",
	'operation',
	0,
	"c0f98f3c-1e5c-4d33-9cf3-853234deecbb",
	"00000000-0000-0000-0000-000000000000",
	0,
	'BookingSession::search',
	"00000000-0000-0000-0000-000000000000");
INSERT INTO ACT_BLK
	VALUES ("c0f98f3c-1e5c-4d33-9cf3-853234deecbb",
	1,
	0,
	0,
	'',
	'',
	'',
	2,
	1,
	1,
	33,
	0,
	0,
	0,
	0,
	0,
	0,
	0,
	0,
	0,
	"ef7d215b-2f34-48e2-b5ed-5c4f563ab5ac",
	"00000000-0000-0000-0000-000000000000");
INSERT INTO ACT_SMT
	VALUES ("61a4da8d-a83d-48a4-9f5b-53c7d5a21edf",
	"c0f98f3c-1e5c-4d33-9cf3-853234deecbb",
	"c09cb927-4b10-4278-99fb-c84a74b5d014",
	1,
	1,
	'BookingSession::search line: 1');
INSERT INTO ACT_FIO
	VALUES ("61a4da8d-a83d-48a4-9f5b-53c7d5a21edf",
	"8492deff-9634-4d9e-9bb0-922ed838d60d",
	1,
	'many',
	"bafdc953-1881-43a3-a5f1-9dcc7e2d60c3",
	1,
	33);
INSERT INTO ACT_SMT
	VALUES ("c09cb927-4b10-4278-99fb-c84a74b5d014",
	"c0f98f3c-1e5c-4d33-9cf3-853234deecbb",
	"00000000-0000-0000-0000-000000000000",
	2,
	1,
	'BookingSession::search line: 2');
INSERT INTO ACT_RET
	VALUES ("c09cb927-4b10-4278-99fb-c84a74b5d014",
	"7a6f1ada-2b34-4801-9e10-cbcb08e8ae2a");
INSERT INTO V_VAL
	VALUES ("7a6f1ada-2b34-4801-9e10-cbcb08e8ae2a",
	0,
	0,
	2,
	8,
	8,
	0,
	0,
	0,
	0,
	"ebb6007c-c361-40c7-ad5b-5b07d6a01d41",
	"c0f98f3c-1e5c-4d33-9cf3-853234deecbb");
INSERT INTO V_ISR
	VALUES ("7a6f1ada-2b34-4801-9e10-cbcb08e8ae2a",
	"8492deff-9634-4d9e-9bb0-922ed838d60d");
INSERT INTO V_VAR
	VALUES ("8492deff-9634-4d9e-9bb0-922ed838d60d",
	"c0f98f3c-1e5c-4d33-9cf3-853234deecbb",
	'b',
	1,
	"ebb6007c-c361-40c7-ad5b-5b07d6a01d41");
INSERT INTO V_INS
	VALUES ("8492deff-9634-4d9e-9bb0-922ed838d60d",
	"bafdc953-1881-43a3-a5f1-9dcc7e2d60c3");
INSERT INTO V_LOC
	VALUES ("e92b47ab-5146-4a92-b718-de2d215f9cf1",
	1,
	13,
	13,
	"8492deff-9634-4d9e-9bb0-922ed838d60d");
INSERT INTO V_LOC
	VALUES ("988cb536-c42a-4b1a-aa2a-29186e991217",
	2,
	8,
	8,
	"8492deff-9634-4d9e-9bb0-922ed838d60d");
INSERT INTO O_NBATTR
	VALUES ("df46d3b5-7060-4611-8908-d535d035865a",
	"7137c09d-ba0e-406b-b3b5-76bb3cc48f3d");
INSERT INTO O_BATTR
	VALUES ("df46d3b5-7060-4611-8908-d535d035865a",
	"7137c09d-ba0e-406b-b3b5-76bb3cc48f3d");
INSERT INTO O_ATTR
	VALUES ("df46d3b5-7060-4611-8908-d535d035865a",
	"7137c09d-ba0e-406b-b3b5-76bb3cc48f3d",
	"00000000-0000-0000-0000-000000000000",
	'ID',
	'',
	'',
	'ID',
	0,
	"ba5eda7a-def5-0000-0000-000000000005",
	'',
	'');
INSERT INTO O_NBATTR
	VALUES ("3a14ca04-48d1-4f7a-ae3f-730f9dcf0f47",
	"7137c09d-ba0e-406b-b3b5-76bb3cc48f3d");
INSERT INTO O_BATTR
	VALUES ("3a14ca04-48d1-4f7a-ae3f-730f9dcf0f47",
	"7137c09d-ba0e-406b-b3b5-76bb3cc48f3d");
INSERT INTO O_ATTR
	VALUES ("3a14ca04-48d1-4f7a-ae3f-730f9dcf0f47",
	"7137c09d-ba0e-406b-b3b5-76bb3cc48f3d",
	"df46d3b5-7060-4611-8908-d535d035865a",
	'current_state',
	'',
	'',
	'current_state',
	0,
	"ba5eda7a-def5-0000-0000-000000000006",
	'',
	'');
INSERT INTO O_ID
	VALUES (2,
	"7137c09d-ba0e-406b-b3b5-76bb3cc48f3d");
INSERT INTO O_ID
	VALUES (1,
	"7137c09d-ba0e-406b-b3b5-76bb3cc48f3d");
INSERT INTO O_ID
	VALUES (0,
	"7137c09d-ba0e-406b-b3b5-76bb3cc48f3d");
INSERT INTO SM_ISM
	VALUES ("c87b2dab-d00f-4d32-a5d3-d1e5b01c9cb3",
	"7137c09d-ba0e-406b-b3b5-76bb3cc48f3d");
INSERT INTO SM_SM
	VALUES ("c87b2dab-d00f-4d32-a5d3-d1e5b01c9cb3",
	'',
	0);
INSERT INTO SM_MOORE
	VALUES ("c87b2dab-d00f-4d32-a5d3-d1e5b01c9cb3");
INSERT INTO SM_LEVT
	VALUES ("463dc70c-f7bb-484c-8def-bd2056914139",
	"c87b2dab-d00f-4d32-a5d3-d1e5b01c9cb3",
	"00000000-0000-0000-0000-000000000000");
INSERT INTO SM_SEVT
	VALUES ("463dc70c-f7bb-484c-8def-bd2056914139",
	"c87b2dab-d00f-4d32-a5d3-d1e5b01c9cb3",
	"00000000-0000-0000-0000-000000000000");
INSERT INTO SM_EVT
	VALUES ("463dc70c-f7bb-484c-8def-bd2056914139",
	"c87b2dab-d00f-4d32-a5d3-d1e5b01c9cb3",
	"00000000-0000-0000-0000-000000000000",
	1,
	'selectEvent',
	0,
	'',
	'BOOKINGSESSION1',
	'');
INSERT INTO SM_LEVT
	VALUES ("2113072c-9fe7-4d67-8795-583d185185c1",
	"c87b2dab-d00f-4d32-a5d3-d1e5b01c9cb3",
	"00000000-0000-0000-0000-000000000000");
INSERT INTO SM_SEVT
	VALUES ("2113072c-9fe7-4d67-8795-583d185185c1",
	"c87b2dab-d00f-4d32-a5d3-d1e5b01c9cb3",
	"00000000-0000-0000-0000-000000000000");
INSERT INTO SM_EVT
	VALUES ("2113072c-9fe7-4d67-8795-583d185185c1",
	"c87b2dab-d00f-4d32-a5d3-d1e5b01c9cb3",
	"00000000-0000-0000-0000-000000000000",
	2,
	'addGuestEvent',
	0,
	'',
	'BOOKINGSESSION2',
	'');
INSERT INTO SM_LEVT
	VALUES ("0e59bc59-c4a8-49b6-b5c2-bd2e2de4f771",
	"c87b2dab-d00f-4d32-a5d3-d1e5b01c9cb3",
	"00000000-0000-0000-0000-000000000000");
INSERT INTO SM_SEVT
	VALUES ("0e59bc59-c4a8-49b6-b5c2-bd2e2de4f771",
	"c87b2dab-d00f-4d32-a5d3-d1e5b01c9cb3",
	"00000000-0000-0000-0000-000000000000");
INSERT INTO SM_EVT
	VALUES ("0e59bc59-c4a8-49b6-b5c2-bd2e2de4f771",
	"c87b2dab-d00f-4d32-a5d3-d1e5b01c9cb3",
	"00000000-0000-0000-0000-000000000000",
	3,
	'addServiceEvent',
	0,
	'',
	'BOOKINGSESSION3',
	'');
INSERT INTO SM_LEVT
	VALUES ("9a883f49-b118-47b2-880c-373bfecf9218",
	"c87b2dab-d00f-4d32-a5d3-d1e5b01c9cb3",
	"00000000-0000-0000-0000-000000000000");
INSERT INTO SM_SEVT
	VALUES ("9a883f49-b118-47b2-880c-373bfecf9218",
	"c87b2dab-d00f-4d32-a5d3-d1e5b01c9cb3",
	"00000000-0000-0000-0000-000000000000");
INSERT INTO SM_EVT
	VALUES ("9a883f49-b118-47b2-880c-373bfecf9218",
	"c87b2dab-d00f-4d32-a5d3-d1e5b01c9cb3",
	"00000000-0000-0000-0000-000000000000",
	4,
	'confirmEvent',
	0,
	'',
	'BOOKINGSESSION4',
	'');
INSERT INTO SM_LEVT
	VALUES ("153a511b-c927-49fe-95d5-db518898883d",
	"c87b2dab-d00f-4d32-a5d3-d1e5b01c9cb3",
	"00000000-0000-0000-0000-000000000000");
INSERT INTO SM_SEVT
	VALUES ("153a511b-c927-49fe-95d5-db518898883d",
	"c87b2dab-d00f-4d32-a5d3-d1e5b01c9cb3",
	"00000000-0000-0000-0000-000000000000");
INSERT INTO SM_EVT
	VALUES ("153a511b-c927-49fe-95d5-db518898883d",
	"c87b2dab-d00f-4d32-a5d3-d1e5b01c9cb3",
	"00000000-0000-0000-0000-000000000000",
	5,
	'customerDetailsEvent',
	0,
	'',
	'BOOKINGSESSION5',
	'');
INSERT INTO SM_LEVT
	VALUES ("459dadf1-a920-477f-b495-f73fd93f16e7",
	"c87b2dab-d00f-4d32-a5d3-d1e5b01c9cb3",
	"00000000-0000-0000-0000-000000000000");
INSERT INTO SM_SEVT
	VALUES ("459dadf1-a920-477f-b495-f73fd93f16e7",
	"c87b2dab-d00f-4d32-a5d3-d1e5b01c9cb3",
	"00000000-0000-0000-0000-000000000000");
INSERT INTO SM_EVT
	VALUES ("459dadf1-a920-477f-b495-f73fd93f16e7",
	"c87b2dab-d00f-4d32-a5d3-d1e5b01c9cb3",
	"00000000-0000-0000-0000-000000000000",
	6,
	'paymentInfoEvent',
	0,
	'',
	'BOOKINGSESSION6',
	'');
INSERT INTO SM_LEVT
	VALUES ("2abc1152-f6f1-440f-8291-2896e45ba380",
	"c87b2dab-d00f-4d32-a5d3-d1e5b01c9cb3",
	"00000000-0000-0000-0000-000000000000");
INSERT INTO SM_SEVT
	VALUES ("2abc1152-f6f1-440f-8291-2896e45ba380",
	"c87b2dab-d00f-4d32-a5d3-d1e5b01c9cb3",
	"00000000-0000-0000-0000-000000000000");
INSERT INTO SM_EVT
	VALUES ("2abc1152-f6f1-440f-8291-2896e45ba380",
	"c87b2dab-d00f-4d32-a5d3-d1e5b01c9cb3",
	"00000000-0000-0000-0000-000000000000",
	7,
	'paymentConfirmedEvent',
	0,
	'',
	'BOOKINGSESSION7',
	'');
INSERT INTO SM_LEVT
	VALUES ("5d2bc261-464e-4c96-88a1-0dcf2267fd8b",
	"c87b2dab-d00f-4d32-a5d3-d1e5b01c9cb3",
	"00000000-0000-0000-0000-000000000000");
INSERT INTO SM_SEVT
	VALUES ("5d2bc261-464e-4c96-88a1-0dcf2267fd8b",
	"c87b2dab-d00f-4d32-a5d3-d1e5b01c9cb3",
	"00000000-0000-0000-0000-000000000000");
INSERT INTO SM_EVT
	VALUES ("5d2bc261-464e-4c96-88a1-0dcf2267fd8b",
	"c87b2dab-d00f-4d32-a5d3-d1e5b01c9cb3",
	"00000000-0000-0000-0000-000000000000",
	8,
	'cancelEvent',
	0,
	'',
	'BOOKINGSESSION8',
	'');
INSERT INTO SM_LEVT
	VALUES ("42a35ac4-7d83-4153-8c24-cc4699f29672",
	"c87b2dab-d00f-4d32-a5d3-d1e5b01c9cb3",
	"00000000-0000-0000-0000-000000000000");
INSERT INTO SM_SEVT
	VALUES ("42a35ac4-7d83-4153-8c24-cc4699f29672",
	"c87b2dab-d00f-4d32-a5d3-d1e5b01c9cb3",
	"00000000-0000-0000-0000-000000000000");
INSERT INTO SM_EVT
	VALUES ("42a35ac4-7d83-4153-8c24-cc4699f29672",
	"c87b2dab-d00f-4d32-a5d3-d1e5b01c9cb3",
	"00000000-0000-0000-0000-000000000000",
	9,
	'searchEvent',
	0,
	'',
	'BOOKINGSESSION9',
	'');
INSERT INTO SM_STATE
	VALUES ("abba5c5c-cc80-413e-acaf-3b88d5e3c3c6",
	"c87b2dab-d00f-4d32-a5d3-d1e5b01c9cb3",
	"00000000-0000-0000-0000-000000000000",
	'ready',
	1,
	0);
INSERT INTO SM_CH
	VALUES ("abba5c5c-cc80-413e-acaf-3b88d5e3c3c6",
	"463dc70c-f7bb-484c-8def-bd2056914139",
	"c87b2dab-d00f-4d32-a5d3-d1e5b01c9cb3",
	"00000000-0000-0000-0000-000000000000",
	'');
INSERT INTO SM_SEME
	VALUES ("abba5c5c-cc80-413e-acaf-3b88d5e3c3c6",
	"463dc70c-f7bb-484c-8def-bd2056914139",
	"c87b2dab-d00f-4d32-a5d3-d1e5b01c9cb3",
	"00000000-0000-0000-0000-000000000000");
INSERT INTO SM_CH
	VALUES ("abba5c5c-cc80-413e-acaf-3b88d5e3c3c6",
	"2113072c-9fe7-4d67-8795-583d185185c1",
	"c87b2dab-d00f-4d32-a5d3-d1e5b01c9cb3",
	"00000000-0000-0000-0000-000000000000",
	'');
INSERT INTO SM_SEME
	VALUES ("abba5c5c-cc80-413e-acaf-3b88d5e3c3c6",
	"2113072c-9fe7-4d67-8795-583d185185c1",
	"c87b2dab-d00f-4d32-a5d3-d1e5b01c9cb3",
	"00000000-0000-0000-0000-000000000000");
INSERT INTO SM_CH
	VALUES ("abba5c5c-cc80-413e-acaf-3b88d5e3c3c6",
	"0e59bc59-c4a8-49b6-b5c2-bd2e2de4f771",
	"c87b2dab-d00f-4d32-a5d3-d1e5b01c9cb3",
	"00000000-0000-0000-0000-000000000000",
	'');
INSERT INTO SM_SEME
	VALUES ("abba5c5c-cc80-413e-acaf-3b88d5e3c3c6",
	"0e59bc59-c4a8-49b6-b5c2-bd2e2de4f771",
	"c87b2dab-d00f-4d32-a5d3-d1e5b01c9cb3",
	"00000000-0000-0000-0000-000000000000");
INSERT INTO SM_CH
	VALUES ("abba5c5c-cc80-413e-acaf-3b88d5e3c3c6",
	"9a883f49-b118-47b2-880c-373bfecf9218",
	"c87b2dab-d00f-4d32-a5d3-d1e5b01c9cb3",
	"00000000-0000-0000-0000-000000000000",
	'');
INSERT INTO SM_SEME
	VALUES ("abba5c5c-cc80-413e-acaf-3b88d5e3c3c6",
	"9a883f49-b118-47b2-880c-373bfecf9218",
	"c87b2dab-d00f-4d32-a5d3-d1e5b01c9cb3",
	"00000000-0000-0000-0000-000000000000");
INSERT INTO SM_CH
	VALUES ("abba5c5c-cc80-413e-acaf-3b88d5e3c3c6",
	"153a511b-c927-49fe-95d5-db518898883d",
	"c87b2dab-d00f-4d32-a5d3-d1e5b01c9cb3",
	"00000000-0000-0000-0000-000000000000",
	'');
INSERT INTO SM_SEME
	VALUES ("abba5c5c-cc80-413e-acaf-3b88d5e3c3c6",
	"153a511b-c927-49fe-95d5-db518898883d",
	"c87b2dab-d00f-4d32-a5d3-d1e5b01c9cb3",
	"00000000-0000-0000-0000-000000000000");
INSERT INTO SM_CH
	VALUES ("abba5c5c-cc80-413e-acaf-3b88d5e3c3c6",
	"459dadf1-a920-477f-b495-f73fd93f16e7",
	"c87b2dab-d00f-4d32-a5d3-d1e5b01c9cb3",
	"00000000-0000-0000-0000-000000000000",
	'');
INSERT INTO SM_SEME
	VALUES ("abba5c5c-cc80-413e-acaf-3b88d5e3c3c6",
	"459dadf1-a920-477f-b495-f73fd93f16e7",
	"c87b2dab-d00f-4d32-a5d3-d1e5b01c9cb3",
	"00000000-0000-0000-0000-000000000000");
INSERT INTO SM_CH
	VALUES ("abba5c5c-cc80-413e-acaf-3b88d5e3c3c6",
	"2abc1152-f6f1-440f-8291-2896e45ba380",
	"c87b2dab-d00f-4d32-a5d3-d1e5b01c9cb3",
	"00000000-0000-0000-0000-000000000000",
	'');
INSERT INTO SM_SEME
	VALUES ("abba5c5c-cc80-413e-acaf-3b88d5e3c3c6",
	"2abc1152-f6f1-440f-8291-2896e45ba380",
	"c87b2dab-d00f-4d32-a5d3-d1e5b01c9cb3",
	"00000000-0000-0000-0000-000000000000");
INSERT INTO SM_CH
	VALUES ("abba5c5c-cc80-413e-acaf-3b88d5e3c3c6",
	"5d2bc261-464e-4c96-88a1-0dcf2267fd8b",
	"c87b2dab-d00f-4d32-a5d3-d1e5b01c9cb3",
	"00000000-0000-0000-0000-000000000000",
	'');
INSERT INTO SM_SEME
	VALUES ("abba5c5c-cc80-413e-acaf-3b88d5e3c3c6",
	"5d2bc261-464e-4c96-88a1-0dcf2267fd8b",
	"c87b2dab-d00f-4d32-a5d3-d1e5b01c9cb3",
	"00000000-0000-0000-0000-000000000000");
INSERT INTO SM_SEME
	VALUES ("abba5c5c-cc80-413e-acaf-3b88d5e3c3c6",
	"42a35ac4-7d83-4153-8c24-cc4699f29672",
	"c87b2dab-d00f-4d32-a5d3-d1e5b01c9cb3",
	"00000000-0000-0000-0000-000000000000");
INSERT INTO SM_MOAH
	VALUES ("418295cd-5f23-4573-b0b2-f9fc1a7b797b",
	"c87b2dab-d00f-4d32-a5d3-d1e5b01c9cb3",
	"abba5c5c-cc80-413e-acaf-3b88d5e3c3c6");
INSERT INTO SM_AH
	VALUES ("418295cd-5f23-4573-b0b2-f9fc1a7b797b",
	"c87b2dab-d00f-4d32-a5d3-d1e5b01c9cb3");
INSERT INTO SM_ACT
	VALUES ("418295cd-5f23-4573-b0b2-f9fc1a7b797b",
	"c87b2dab-d00f-4d32-a5d3-d1e5b01c9cb3",
	1,
	'LOG::LogInfo(message: "Recieved session request");
',
	'');
INSERT INTO ACT_SAB
	VALUES ("5436b922-b404-4f33-a1b7-26b767c59649",
	"c87b2dab-d00f-4d32-a5d3-d1e5b01c9cb3",
	"418295cd-5f23-4573-b0b2-f9fc1a7b797b");
INSERT INTO ACT_ACT
	VALUES ("5436b922-b404-4f33-a1b7-26b767c59649",
	'state',
	0,
	"41fc4cf0-d43a-47c6-afb9-877c608f6fbe",
	"00000000-0000-0000-0000-000000000000",
	0,
	'BookingSession::ready',
	"00000000-0000-0000-0000-000000000000");
INSERT INTO ACT_BLK
	VALUES ("41fc4cf0-d43a-47c6-afb9-877c608f6fbe",
	0,
	0,
	0,
	'LOG',
	'',
	'',
	1,
	1,
	1,
	1,
	0,
	0,
	0,
	0,
	0,
	0,
	0,
	0,
	0,
	"5436b922-b404-4f33-a1b7-26b767c59649",
	"00000000-0000-0000-0000-000000000000");
INSERT INTO ACT_SMT
	VALUES ("37a9f452-07ca-46b1-9f21-c34e0f03d479",
	"41fc4cf0-d43a-47c6-afb9-877c608f6fbe",
	"00000000-0000-0000-0000-000000000000",
	1,
	1,
	'BookingSession::ready line: 1');
INSERT INTO ACT_BRG
	VALUES ("37a9f452-07ca-46b1-9f21-c34e0f03d479",
	"768e1cca-7403-495c-9b22-afd11a473eb6",
	1,
	6,
	1,
	1);
INSERT INTO V_VAL
	VALUES ("bd3cdb23-9a8a-49dd-9581-9a9300d9a332",
	0,
	0,
	1,
	23,
	47,
	0,
	0,
	0,
	0,
	"ba5eda7a-def5-0000-0000-000000000004",
	"41fc4cf0-d43a-47c6-afb9-877c608f6fbe");
INSERT INTO V_LST
	VALUES ("bd3cdb23-9a8a-49dd-9581-9a9300d9a332",
	'Recieved session request');
INSERT INTO V_PAR
	VALUES ("bd3cdb23-9a8a-49dd-9581-9a9300d9a332",
	"37a9f452-07ca-46b1-9f21-c34e0f03d479",
	"00000000-0000-0000-0000-000000000000",
	'message',
	"00000000-0000-0000-0000-000000000000",
	1,
	14);
INSERT INTO SM_STATE
	VALUES ("379a455a-c9de-4de3-9d42-47151db4b5c1",
	"c87b2dab-d00f-4d32-a5d3-d1e5b01c9cb3",
	"00000000-0000-0000-0000-000000000000",
	'customerProvided',
	6,
	0);
INSERT INTO SM_CH
	VALUES ("379a455a-c9de-4de3-9d42-47151db4b5c1",
	"463dc70c-f7bb-484c-8def-bd2056914139",
	"c87b2dab-d00f-4d32-a5d3-d1e5b01c9cb3",
	"00000000-0000-0000-0000-000000000000",
	'');
INSERT INTO SM_SEME
	VALUES ("379a455a-c9de-4de3-9d42-47151db4b5c1",
	"463dc70c-f7bb-484c-8def-bd2056914139",
	"c87b2dab-d00f-4d32-a5d3-d1e5b01c9cb3",
	"00000000-0000-0000-0000-000000000000");
INSERT INTO SM_CH
	VALUES ("379a455a-c9de-4de3-9d42-47151db4b5c1",
	"2113072c-9fe7-4d67-8795-583d185185c1",
	"c87b2dab-d00f-4d32-a5d3-d1e5b01c9cb3",
	"00000000-0000-0000-0000-000000000000",
	'');
INSERT INTO SM_SEME
	VALUES ("379a455a-c9de-4de3-9d42-47151db4b5c1",
	"2113072c-9fe7-4d67-8795-583d185185c1",
	"c87b2dab-d00f-4d32-a5d3-d1e5b01c9cb3",
	"00000000-0000-0000-0000-000000000000");
INSERT INTO SM_CH
	VALUES ("379a455a-c9de-4de3-9d42-47151db4b5c1",
	"0e59bc59-c4a8-49b6-b5c2-bd2e2de4f771",
	"c87b2dab-d00f-4d32-a5d3-d1e5b01c9cb3",
	"00000000-0000-0000-0000-000000000000",
	'');
INSERT INTO SM_SEME
	VALUES ("379a455a-c9de-4de3-9d42-47151db4b5c1",
	"0e59bc59-c4a8-49b6-b5c2-bd2e2de4f771",
	"c87b2dab-d00f-4d32-a5d3-d1e5b01c9cb3",
	"00000000-0000-0000-0000-000000000000");
INSERT INTO SM_CH
	VALUES ("379a455a-c9de-4de3-9d42-47151db4b5c1",
	"9a883f49-b118-47b2-880c-373bfecf9218",
	"c87b2dab-d00f-4d32-a5d3-d1e5b01c9cb3",
	"00000000-0000-0000-0000-000000000000",
	'');
INSERT INTO SM_SEME
	VALUES ("379a455a-c9de-4de3-9d42-47151db4b5c1",
	"9a883f49-b118-47b2-880c-373bfecf9218",
	"c87b2dab-d00f-4d32-a5d3-d1e5b01c9cb3",
	"00000000-0000-0000-0000-000000000000");
INSERT INTO SM_CH
	VALUES ("379a455a-c9de-4de3-9d42-47151db4b5c1",
	"153a511b-c927-49fe-95d5-db518898883d",
	"c87b2dab-d00f-4d32-a5d3-d1e5b01c9cb3",
	"00000000-0000-0000-0000-000000000000",
	'');
INSERT INTO SM_SEME
	VALUES ("379a455a-c9de-4de3-9d42-47151db4b5c1",
	"153a511b-c927-49fe-95d5-db518898883d",
	"c87b2dab-d00f-4d32-a5d3-d1e5b01c9cb3",
	"00000000-0000-0000-0000-000000000000");
INSERT INTO SM_SEME
	VALUES ("379a455a-c9de-4de3-9d42-47151db4b5c1",
	"459dadf1-a920-477f-b495-f73fd93f16e7",
	"c87b2dab-d00f-4d32-a5d3-d1e5b01c9cb3",
	"00000000-0000-0000-0000-000000000000");
INSERT INTO SM_CH
	VALUES ("379a455a-c9de-4de3-9d42-47151db4b5c1",
	"2abc1152-f6f1-440f-8291-2896e45ba380",
	"c87b2dab-d00f-4d32-a5d3-d1e5b01c9cb3",
	"00000000-0000-0000-0000-000000000000",
	'');
INSERT INTO SM_SEME
	VALUES ("379a455a-c9de-4de3-9d42-47151db4b5c1",
	"2abc1152-f6f1-440f-8291-2896e45ba380",
	"c87b2dab-d00f-4d32-a5d3-d1e5b01c9cb3",
	"00000000-0000-0000-0000-000000000000");
INSERT INTO SM_CH
	VALUES ("379a455a-c9de-4de3-9d42-47151db4b5c1",
	"5d2bc261-464e-4c96-88a1-0dcf2267fd8b",
	"c87b2dab-d00f-4d32-a5d3-d1e5b01c9cb3",
	"00000000-0000-0000-0000-000000000000",
	'');
INSERT INTO SM_SEME
	VALUES ("379a455a-c9de-4de3-9d42-47151db4b5c1",
	"5d2bc261-464e-4c96-88a1-0dcf2267fd8b",
	"c87b2dab-d00f-4d32-a5d3-d1e5b01c9cb3",
	"00000000-0000-0000-0000-000000000000");
INSERT INTO SM_CH
	VALUES ("379a455a-c9de-4de3-9d42-47151db4b5c1",
	"42a35ac4-7d83-4153-8c24-cc4699f29672",
	"c87b2dab-d00f-4d32-a5d3-d1e5b01c9cb3",
	"00000000-0000-0000-0000-000000000000",
	'');
INSERT INTO SM_SEME
	VALUES ("379a455a-c9de-4de3-9d42-47151db4b5c1",
	"42a35ac4-7d83-4153-8c24-cc4699f29672",
	"c87b2dab-d00f-4d32-a5d3-d1e5b01c9cb3",
	"00000000-0000-0000-0000-000000000000");
INSERT INTO SM_MOAH
	VALUES ("c3158b28-1d86-4a56-9d32-e880d9a9c9fe",
	"c87b2dab-d00f-4d32-a5d3-d1e5b01c9cb3",
	"379a455a-c9de-4de3-9d42-47151db4b5c1");
INSERT INTO SM_AH
	VALUES ("c3158b28-1d86-4a56-9d32-e880d9a9c9fe",
	"c87b2dab-d00f-4d32-a5d3-d1e5b01c9cb3");
INSERT INTO SM_ACT
	VALUES ("c3158b28-1d86-4a56-9d32-e880d9a9c9fe",
	"c87b2dab-d00f-4d32-a5d3-d1e5b01c9cb3",
	1,
	'',
	'');
INSERT INTO ACT_SAB
	VALUES ("ffe5f6df-a4eb-4575-9bbc-2c083b14f509",
	"c87b2dab-d00f-4d32-a5d3-d1e5b01c9cb3",
	"c3158b28-1d86-4a56-9d32-e880d9a9c9fe");
INSERT INTO ACT_ACT
	VALUES ("ffe5f6df-a4eb-4575-9bbc-2c083b14f509",
	'state',
	0,
	"b934cb23-44ac-4b46-977d-b0b4d2e22cb3",
	"00000000-0000-0000-0000-000000000000",
	0,
	'BookingSession::customerProvided',
	"00000000-0000-0000-0000-000000000000");
INSERT INTO ACT_BLK
	VALUES ("b934cb23-44ac-4b46-977d-b0b4d2e22cb3",
	0,
	0,
	0,
	'',
	'',
	'',
	0,
	0,
	0,
	0,
	0,
	0,
	0,
	0,
	0,
	0,
	0,
	0,
	0,
	"ffe5f6df-a4eb-4575-9bbc-2c083b14f509",
	"00000000-0000-0000-0000-000000000000");
INSERT INTO SM_STATE
	VALUES ("2f872649-fe94-4f31-b88d-635a7e02ac36",
	"c87b2dab-d00f-4d32-a5d3-d1e5b01c9cb3",
	"00000000-0000-0000-0000-000000000000",
	'finallyReady',
	5,
	0);
INSERT INTO SM_SEME
	VALUES ("2f872649-fe94-4f31-b88d-635a7e02ac36",
	"463dc70c-f7bb-484c-8def-bd2056914139",
	"c87b2dab-d00f-4d32-a5d3-d1e5b01c9cb3",
	"00000000-0000-0000-0000-000000000000");
INSERT INTO SM_CH
	VALUES ("2f872649-fe94-4f31-b88d-635a7e02ac36",
	"2113072c-9fe7-4d67-8795-583d185185c1",
	"c87b2dab-d00f-4d32-a5d3-d1e5b01c9cb3",
	"00000000-0000-0000-0000-000000000000",
	'');
INSERT INTO SM_SEME
	VALUES ("2f872649-fe94-4f31-b88d-635a7e02ac36",
	"2113072c-9fe7-4d67-8795-583d185185c1",
	"c87b2dab-d00f-4d32-a5d3-d1e5b01c9cb3",
	"00000000-0000-0000-0000-000000000000");
INSERT INTO SM_CH
	VALUES ("2f872649-fe94-4f31-b88d-635a7e02ac36",
	"0e59bc59-c4a8-49b6-b5c2-bd2e2de4f771",
	"c87b2dab-d00f-4d32-a5d3-d1e5b01c9cb3",
	"00000000-0000-0000-0000-000000000000",
	'');
INSERT INTO SM_SEME
	VALUES ("2f872649-fe94-4f31-b88d-635a7e02ac36",
	"0e59bc59-c4a8-49b6-b5c2-bd2e2de4f771",
	"c87b2dab-d00f-4d32-a5d3-d1e5b01c9cb3",
	"00000000-0000-0000-0000-000000000000");
INSERT INTO SM_CH
	VALUES ("2f872649-fe94-4f31-b88d-635a7e02ac36",
	"9a883f49-b118-47b2-880c-373bfecf9218",
	"c87b2dab-d00f-4d32-a5d3-d1e5b01c9cb3",
	"00000000-0000-0000-0000-000000000000",
	'');
INSERT INTO SM_SEME
	VALUES ("2f872649-fe94-4f31-b88d-635a7e02ac36",
	"9a883f49-b118-47b2-880c-373bfecf9218",
	"c87b2dab-d00f-4d32-a5d3-d1e5b01c9cb3",
	"00000000-0000-0000-0000-000000000000");
INSERT INTO SM_SEME
	VALUES ("2f872649-fe94-4f31-b88d-635a7e02ac36",
	"153a511b-c927-49fe-95d5-db518898883d",
	"c87b2dab-d00f-4d32-a5d3-d1e5b01c9cb3",
	"00000000-0000-0000-0000-000000000000");
INSERT INTO SM_CH
	VALUES ("2f872649-fe94-4f31-b88d-635a7e02ac36",
	"459dadf1-a920-477f-b495-f73fd93f16e7",
	"c87b2dab-d00f-4d32-a5d3-d1e5b01c9cb3",
	"00000000-0000-0000-0000-000000000000",
	'');
INSERT INTO SM_SEME
	VALUES ("2f872649-fe94-4f31-b88d-635a7e02ac36",
	"459dadf1-a920-477f-b495-f73fd93f16e7",
	"c87b2dab-d00f-4d32-a5d3-d1e5b01c9cb3",
	"00000000-0000-0000-0000-000000000000");
INSERT INTO SM_CH
	VALUES ("2f872649-fe94-4f31-b88d-635a7e02ac36",
	"2abc1152-f6f1-440f-8291-2896e45ba380",
	"c87b2dab-d00f-4d32-a5d3-d1e5b01c9cb3",
	"00000000-0000-0000-0000-000000000000",
	'');
INSERT INTO SM_SEME
	VALUES ("2f872649-fe94-4f31-b88d-635a7e02ac36",
	"2abc1152-f6f1-440f-8291-2896e45ba380",
	"c87b2dab-d00f-4d32-a5d3-d1e5b01c9cb3",
	"00000000-0000-0000-0000-000000000000");
INSERT INTO SM_CH
	VALUES ("2f872649-fe94-4f31-b88d-635a7e02ac36",
	"5d2bc261-464e-4c96-88a1-0dcf2267fd8b",
	"c87b2dab-d00f-4d32-a5d3-d1e5b01c9cb3",
	"00000000-0000-0000-0000-000000000000",
	'');
INSERT INTO SM_SEME
	VALUES ("2f872649-fe94-4f31-b88d-635a7e02ac36",
	"5d2bc261-464e-4c96-88a1-0dcf2267fd8b",
	"c87b2dab-d00f-4d32-a5d3-d1e5b01c9cb3",
	"00000000-0000-0000-0000-000000000000");
INSERT INTO SM_SEME
	VALUES ("2f872649-fe94-4f31-b88d-635a7e02ac36",
	"42a35ac4-7d83-4153-8c24-cc4699f29672",
	"c87b2dab-d00f-4d32-a5d3-d1e5b01c9cb3",
	"00000000-0000-0000-0000-000000000000");
INSERT INTO SM_MOAH
	VALUES ("a285934d-8100-43dc-b14a-9e01d6d279fd",
	"c87b2dab-d00f-4d32-a5d3-d1e5b01c9cb3",
	"2f872649-fe94-4f31-b88d-635a7e02ac36");
INSERT INTO SM_AH
	VALUES ("a285934d-8100-43dc-b14a-9e01d6d279fd",
	"c87b2dab-d00f-4d32-a5d3-d1e5b01c9cb3");
INSERT INTO SM_ACT
	VALUES ("a285934d-8100-43dc-b14a-9e01d6d279fd",
	"c87b2dab-d00f-4d32-a5d3-d1e5b01c9cb3",
	1,
	'',
	'');
INSERT INTO ACT_SAB
	VALUES ("c46a307e-13e3-4256-b9df-ad2c6842b692",
	"c87b2dab-d00f-4d32-a5d3-d1e5b01c9cb3",
	"a285934d-8100-43dc-b14a-9e01d6d279fd");
INSERT INTO ACT_ACT
	VALUES ("c46a307e-13e3-4256-b9df-ad2c6842b692",
	'state',
	0,
	"55139d9c-fad6-47fd-a71c-bfb20d4f0b33",
	"00000000-0000-0000-0000-000000000000",
	0,
	'BookingSession::finallyReady',
	"00000000-0000-0000-0000-000000000000");
INSERT INTO ACT_BLK
	VALUES ("55139d9c-fad6-47fd-a71c-bfb20d4f0b33",
	0,
	0,
	0,
	'',
	'',
	'',
	0,
	0,
	0,
	0,
	0,
	0,
	0,
	0,
	0,
	0,
	0,
	0,
	0,
	"c46a307e-13e3-4256-b9df-ad2c6842b692",
	"00000000-0000-0000-0000-000000000000");
INSERT INTO SM_STATE
	VALUES ("ec664e05-8719-4277-966f-43d8cf4e3176",
	"c87b2dab-d00f-4d32-a5d3-d1e5b01c9cb3",
	"00000000-0000-0000-0000-000000000000",
	'selected',
	2,
	0);
INSERT INTO SM_CH
	VALUES ("ec664e05-8719-4277-966f-43d8cf4e3176",
	"463dc70c-f7bb-484c-8def-bd2056914139",
	"c87b2dab-d00f-4d32-a5d3-d1e5b01c9cb3",
	"00000000-0000-0000-0000-000000000000",
	'');
INSERT INTO SM_SEME
	VALUES ("ec664e05-8719-4277-966f-43d8cf4e3176",
	"463dc70c-f7bb-484c-8def-bd2056914139",
	"c87b2dab-d00f-4d32-a5d3-d1e5b01c9cb3",
	"00000000-0000-0000-0000-000000000000");
INSERT INTO SM_SEME
	VALUES ("ec664e05-8719-4277-966f-43d8cf4e3176",
	"2113072c-9fe7-4d67-8795-583d185185c1",
	"c87b2dab-d00f-4d32-a5d3-d1e5b01c9cb3",
	"00000000-0000-0000-0000-000000000000");
INSERT INTO SM_CH
	VALUES ("ec664e05-8719-4277-966f-43d8cf4e3176",
	"0e59bc59-c4a8-49b6-b5c2-bd2e2de4f771",
	"c87b2dab-d00f-4d32-a5d3-d1e5b01c9cb3",
	"00000000-0000-0000-0000-000000000000",
	'');
INSERT INTO SM_SEME
	VALUES ("ec664e05-8719-4277-966f-43d8cf4e3176",
	"0e59bc59-c4a8-49b6-b5c2-bd2e2de4f771",
	"c87b2dab-d00f-4d32-a5d3-d1e5b01c9cb3",
	"00000000-0000-0000-0000-000000000000");
INSERT INTO SM_CH
	VALUES ("ec664e05-8719-4277-966f-43d8cf4e3176",
	"9a883f49-b118-47b2-880c-373bfecf9218",
	"c87b2dab-d00f-4d32-a5d3-d1e5b01c9cb3",
	"00000000-0000-0000-0000-000000000000",
	'');
INSERT INTO SM_SEME
	VALUES ("ec664e05-8719-4277-966f-43d8cf4e3176",
	"9a883f49-b118-47b2-880c-373bfecf9218",
	"c87b2dab-d00f-4d32-a5d3-d1e5b01c9cb3",
	"00000000-0000-0000-0000-000000000000");
INSERT INTO SM_CH
	VALUES ("ec664e05-8719-4277-966f-43d8cf4e3176",
	"153a511b-c927-49fe-95d5-db518898883d",
	"c87b2dab-d00f-4d32-a5d3-d1e5b01c9cb3",
	"00000000-0000-0000-0000-000000000000",
	'');
INSERT INTO SM_SEME
	VALUES ("ec664e05-8719-4277-966f-43d8cf4e3176",
	"153a511b-c927-49fe-95d5-db518898883d",
	"c87b2dab-d00f-4d32-a5d3-d1e5b01c9cb3",
	"00000000-0000-0000-0000-000000000000");
INSERT INTO SM_CH
	VALUES ("ec664e05-8719-4277-966f-43d8cf4e3176",
	"459dadf1-a920-477f-b495-f73fd93f16e7",
	"c87b2dab-d00f-4d32-a5d3-d1e5b01c9cb3",
	"00000000-0000-0000-0000-000000000000",
	'');
INSERT INTO SM_SEME
	VALUES ("ec664e05-8719-4277-966f-43d8cf4e3176",
	"459dadf1-a920-477f-b495-f73fd93f16e7",
	"c87b2dab-d00f-4d32-a5d3-d1e5b01c9cb3",
	"00000000-0000-0000-0000-000000000000");
INSERT INTO SM_CH
	VALUES ("ec664e05-8719-4277-966f-43d8cf4e3176",
	"2abc1152-f6f1-440f-8291-2896e45ba380",
	"c87b2dab-d00f-4d32-a5d3-d1e5b01c9cb3",
	"00000000-0000-0000-0000-000000000000",
	'');
INSERT INTO SM_SEME
	VALUES ("ec664e05-8719-4277-966f-43d8cf4e3176",
	"2abc1152-f6f1-440f-8291-2896e45ba380",
	"c87b2dab-d00f-4d32-a5d3-d1e5b01c9cb3",
	"00000000-0000-0000-0000-000000000000");
INSERT INTO SM_CH
	VALUES ("ec664e05-8719-4277-966f-43d8cf4e3176",
	"5d2bc261-464e-4c96-88a1-0dcf2267fd8b",
	"c87b2dab-d00f-4d32-a5d3-d1e5b01c9cb3",
	"00000000-0000-0000-0000-000000000000",
	'');
INSERT INTO SM_SEME
	VALUES ("ec664e05-8719-4277-966f-43d8cf4e3176",
	"5d2bc261-464e-4c96-88a1-0dcf2267fd8b",
	"c87b2dab-d00f-4d32-a5d3-d1e5b01c9cb3",
	"00000000-0000-0000-0000-000000000000");
INSERT INTO SM_CH
	VALUES ("ec664e05-8719-4277-966f-43d8cf4e3176",
	"42a35ac4-7d83-4153-8c24-cc4699f29672",
	"c87b2dab-d00f-4d32-a5d3-d1e5b01c9cb3",
	"00000000-0000-0000-0000-000000000000",
	'');
INSERT INTO SM_SEME
	VALUES ("ec664e05-8719-4277-966f-43d8cf4e3176",
	"42a35ac4-7d83-4153-8c24-cc4699f29672",
	"c87b2dab-d00f-4d32-a5d3-d1e5b01c9cb3",
	"00000000-0000-0000-0000-000000000000");
INSERT INTO SM_MOAH
	VALUES ("e09f2adb-c3b8-49ef-82b6-8ce64830c08a",
	"c87b2dab-d00f-4d32-a5d3-d1e5b01c9cb3",
	"ec664e05-8719-4277-966f-43d8cf4e3176");
INSERT INTO SM_AH
	VALUES ("e09f2adb-c3b8-49ef-82b6-8ce64830c08a",
	"c87b2dab-d00f-4d32-a5d3-d1e5b01c9cb3");
INSERT INTO SM_ACT
	VALUES ("e09f2adb-c3b8-49ef-82b6-8ce64830c08a",
	"c87b2dab-d00f-4d32-a5d3-d1e5b01c9cb3",
	1,
	'',
	'');
INSERT INTO ACT_SAB
	VALUES ("56765898-ddee-4c37-91f2-d965992d8b54",
	"c87b2dab-d00f-4d32-a5d3-d1e5b01c9cb3",
	"e09f2adb-c3b8-49ef-82b6-8ce64830c08a");
INSERT INTO ACT_ACT
	VALUES ("56765898-ddee-4c37-91f2-d965992d8b54",
	'state',
	0,
	"4aeb6692-ba0e-4209-8e4c-6d6fc5f6f514",
	"00000000-0000-0000-0000-000000000000",
	0,
	'BookingSession::selected',
	"00000000-0000-0000-0000-000000000000");
INSERT INTO ACT_BLK
	VALUES ("4aeb6692-ba0e-4209-8e4c-6d6fc5f6f514",
	0,
	0,
	0,
	'',
	'',
	'',
	0,
	0,
	0,
	0,
	0,
	0,
	0,
	0,
	0,
	0,
	0,
	0,
	0,
	"56765898-ddee-4c37-91f2-d965992d8b54",
	"00000000-0000-0000-0000-000000000000");
INSERT INTO SM_STATE
	VALUES ("0a2fd1bd-2d48-4562-b322-ca038ace3cef",
	"c87b2dab-d00f-4d32-a5d3-d1e5b01c9cb3",
	"00000000-0000-0000-0000-000000000000",
	'guestAdded',
	3,
	0);
INSERT INTO SM_CH
	VALUES ("0a2fd1bd-2d48-4562-b322-ca038ace3cef",
	"463dc70c-f7bb-484c-8def-bd2056914139",
	"c87b2dab-d00f-4d32-a5d3-d1e5b01c9cb3",
	"00000000-0000-0000-0000-000000000000",
	'');
INSERT INTO SM_SEME
	VALUES ("0a2fd1bd-2d48-4562-b322-ca038ace3cef",
	"463dc70c-f7bb-484c-8def-bd2056914139",
	"c87b2dab-d00f-4d32-a5d3-d1e5b01c9cb3",
	"00000000-0000-0000-0000-000000000000");
INSERT INTO SM_SEME
	VALUES ("0a2fd1bd-2d48-4562-b322-ca038ace3cef",
	"2113072c-9fe7-4d67-8795-583d185185c1",
	"c87b2dab-d00f-4d32-a5d3-d1e5b01c9cb3",
	"00000000-0000-0000-0000-000000000000");
INSERT INTO SM_SEME
	VALUES ("0a2fd1bd-2d48-4562-b322-ca038ace3cef",
	"0e59bc59-c4a8-49b6-b5c2-bd2e2de4f771",
	"c87b2dab-d00f-4d32-a5d3-d1e5b01c9cb3",
	"00000000-0000-0000-0000-000000000000");
INSERT INTO SM_SEME
	VALUES ("0a2fd1bd-2d48-4562-b322-ca038ace3cef",
	"9a883f49-b118-47b2-880c-373bfecf9218",
	"c87b2dab-d00f-4d32-a5d3-d1e5b01c9cb3",
	"00000000-0000-0000-0000-000000000000");
INSERT INTO SM_CH
	VALUES ("0a2fd1bd-2d48-4562-b322-ca038ace3cef",
	"153a511b-c927-49fe-95d5-db518898883d",
	"c87b2dab-d00f-4d32-a5d3-d1e5b01c9cb3",
	"00000000-0000-0000-0000-000000000000",
	'');
INSERT INTO SM_SEME
	VALUES ("0a2fd1bd-2d48-4562-b322-ca038ace3cef",
	"153a511b-c927-49fe-95d5-db518898883d",
	"c87b2dab-d00f-4d32-a5d3-d1e5b01c9cb3",
	"00000000-0000-0000-0000-000000000000");
INSERT INTO SM_CH
	VALUES ("0a2fd1bd-2d48-4562-b322-ca038ace3cef",
	"459dadf1-a920-477f-b495-f73fd93f16e7",
	"c87b2dab-d00f-4d32-a5d3-d1e5b01c9cb3",
	"00000000-0000-0000-0000-000000000000",
	'');
INSERT INTO SM_SEME
	VALUES ("0a2fd1bd-2d48-4562-b322-ca038ace3cef",
	"459dadf1-a920-477f-b495-f73fd93f16e7",
	"c87b2dab-d00f-4d32-a5d3-d1e5b01c9cb3",
	"00000000-0000-0000-0000-000000000000");
INSERT INTO SM_CH
	VALUES ("0a2fd1bd-2d48-4562-b322-ca038ace3cef",
	"2abc1152-f6f1-440f-8291-2896e45ba380",
	"c87b2dab-d00f-4d32-a5d3-d1e5b01c9cb3",
	"00000000-0000-0000-0000-000000000000",
	'');
INSERT INTO SM_SEME
	VALUES ("0a2fd1bd-2d48-4562-b322-ca038ace3cef",
	"2abc1152-f6f1-440f-8291-2896e45ba380",
	"c87b2dab-d00f-4d32-a5d3-d1e5b01c9cb3",
	"00000000-0000-0000-0000-000000000000");
INSERT INTO SM_CH
	VALUES ("0a2fd1bd-2d48-4562-b322-ca038ace3cef",
	"5d2bc261-464e-4c96-88a1-0dcf2267fd8b",
	"c87b2dab-d00f-4d32-a5d3-d1e5b01c9cb3",
	"00000000-0000-0000-0000-000000000000",
	'');
INSERT INTO SM_SEME
	VALUES ("0a2fd1bd-2d48-4562-b322-ca038ace3cef",
	"5d2bc261-464e-4c96-88a1-0dcf2267fd8b",
	"c87b2dab-d00f-4d32-a5d3-d1e5b01c9cb3",
	"00000000-0000-0000-0000-000000000000");
INSERT INTO SM_CH
	VALUES ("0a2fd1bd-2d48-4562-b322-ca038ace3cef",
	"42a35ac4-7d83-4153-8c24-cc4699f29672",
	"c87b2dab-d00f-4d32-a5d3-d1e5b01c9cb3",
	"00000000-0000-0000-0000-000000000000",
	'');
INSERT INTO SM_SEME
	VALUES ("0a2fd1bd-2d48-4562-b322-ca038ace3cef",
	"42a35ac4-7d83-4153-8c24-cc4699f29672",
	"c87b2dab-d00f-4d32-a5d3-d1e5b01c9cb3",
	"00000000-0000-0000-0000-000000000000");
INSERT INTO SM_MOAH
	VALUES ("2232bc33-de11-4ec7-b257-f8c79d218a20",
	"c87b2dab-d00f-4d32-a5d3-d1e5b01c9cb3",
	"0a2fd1bd-2d48-4562-b322-ca038ace3cef");
INSERT INTO SM_AH
	VALUES ("2232bc33-de11-4ec7-b257-f8c79d218a20",
	"c87b2dab-d00f-4d32-a5d3-d1e5b01c9cb3");
INSERT INTO SM_ACT
	VALUES ("2232bc33-de11-4ec7-b257-f8c79d218a20",
	"c87b2dab-d00f-4d32-a5d3-d1e5b01c9cb3",
	1,
	'',
	'');
INSERT INTO ACT_SAB
	VALUES ("b29c26c8-5cec-4a1f-835c-a51288c4fbf9",
	"c87b2dab-d00f-4d32-a5d3-d1e5b01c9cb3",
	"2232bc33-de11-4ec7-b257-f8c79d218a20");
INSERT INTO ACT_ACT
	VALUES ("b29c26c8-5cec-4a1f-835c-a51288c4fbf9",
	'state',
	0,
	"efefab86-2676-4c60-b726-e6dbd79ac4ad",
	"00000000-0000-0000-0000-000000000000",
	0,
	'BookingSession::guestAdded',
	"00000000-0000-0000-0000-000000000000");
INSERT INTO ACT_BLK
	VALUES ("efefab86-2676-4c60-b726-e6dbd79ac4ad",
	0,
	0,
	0,
	'',
	'',
	'',
	0,
	0,
	0,
	0,
	0,
	0,
	0,
	0,
	0,
	0,
	0,
	0,
	0,
	"b29c26c8-5cec-4a1f-835c-a51288c4fbf9",
	"00000000-0000-0000-0000-000000000000");
INSERT INTO SM_STATE
	VALUES ("5ba9883b-4a7b-40ed-a541-d3bba232f55a",
	"c87b2dab-d00f-4d32-a5d3-d1e5b01c9cb3",
	"00000000-0000-0000-0000-000000000000",
	'addService',
	4,
	0);
INSERT INTO SM_CH
	VALUES ("5ba9883b-4a7b-40ed-a541-d3bba232f55a",
	"463dc70c-f7bb-484c-8def-bd2056914139",
	"c87b2dab-d00f-4d32-a5d3-d1e5b01c9cb3",
	"00000000-0000-0000-0000-000000000000",
	'');
INSERT INTO SM_SEME
	VALUES ("5ba9883b-4a7b-40ed-a541-d3bba232f55a",
	"463dc70c-f7bb-484c-8def-bd2056914139",
	"c87b2dab-d00f-4d32-a5d3-d1e5b01c9cb3",
	"00000000-0000-0000-0000-000000000000");
INSERT INTO SM_CH
	VALUES ("5ba9883b-4a7b-40ed-a541-d3bba232f55a",
	"2113072c-9fe7-4d67-8795-583d185185c1",
	"c87b2dab-d00f-4d32-a5d3-d1e5b01c9cb3",
	"00000000-0000-0000-0000-000000000000",
	'');
INSERT INTO SM_SEME
	VALUES ("5ba9883b-4a7b-40ed-a541-d3bba232f55a",
	"2113072c-9fe7-4d67-8795-583d185185c1",
	"c87b2dab-d00f-4d32-a5d3-d1e5b01c9cb3",
	"00000000-0000-0000-0000-000000000000");
INSERT INTO SM_SEME
	VALUES ("5ba9883b-4a7b-40ed-a541-d3bba232f55a",
	"0e59bc59-c4a8-49b6-b5c2-bd2e2de4f771",
	"c87b2dab-d00f-4d32-a5d3-d1e5b01c9cb3",
	"00000000-0000-0000-0000-000000000000");
INSERT INTO SM_SEME
	VALUES ("5ba9883b-4a7b-40ed-a541-d3bba232f55a",
	"9a883f49-b118-47b2-880c-373bfecf9218",
	"c87b2dab-d00f-4d32-a5d3-d1e5b01c9cb3",
	"00000000-0000-0000-0000-000000000000");
INSERT INTO SM_CH
	VALUES ("5ba9883b-4a7b-40ed-a541-d3bba232f55a",
	"153a511b-c927-49fe-95d5-db518898883d",
	"c87b2dab-d00f-4d32-a5d3-d1e5b01c9cb3",
	"00000000-0000-0000-0000-000000000000",
	'');
INSERT INTO SM_SEME
	VALUES ("5ba9883b-4a7b-40ed-a541-d3bba232f55a",
	"153a511b-c927-49fe-95d5-db518898883d",
	"c87b2dab-d00f-4d32-a5d3-d1e5b01c9cb3",
	"00000000-0000-0000-0000-000000000000");
INSERT INTO SM_CH
	VALUES ("5ba9883b-4a7b-40ed-a541-d3bba232f55a",
	"459dadf1-a920-477f-b495-f73fd93f16e7",
	"c87b2dab-d00f-4d32-a5d3-d1e5b01c9cb3",
	"00000000-0000-0000-0000-000000000000",
	'');
INSERT INTO SM_SEME
	VALUES ("5ba9883b-4a7b-40ed-a541-d3bba232f55a",
	"459dadf1-a920-477f-b495-f73fd93f16e7",
	"c87b2dab-d00f-4d32-a5d3-d1e5b01c9cb3",
	"00000000-0000-0000-0000-000000000000");
INSERT INTO SM_CH
	VALUES ("5ba9883b-4a7b-40ed-a541-d3bba232f55a",
	"2abc1152-f6f1-440f-8291-2896e45ba380",
	"c87b2dab-d00f-4d32-a5d3-d1e5b01c9cb3",
	"00000000-0000-0000-0000-000000000000",
	'');
INSERT INTO SM_SEME
	VALUES ("5ba9883b-4a7b-40ed-a541-d3bba232f55a",
	"2abc1152-f6f1-440f-8291-2896e45ba380",
	"c87b2dab-d00f-4d32-a5d3-d1e5b01c9cb3",
	"00000000-0000-0000-0000-000000000000");
INSERT INTO SM_CH
	VALUES ("5ba9883b-4a7b-40ed-a541-d3bba232f55a",
	"5d2bc261-464e-4c96-88a1-0dcf2267fd8b",
	"c87b2dab-d00f-4d32-a5d3-d1e5b01c9cb3",
	"00000000-0000-0000-0000-000000000000",
	'');
INSERT INTO SM_SEME
	VALUES ("5ba9883b-4a7b-40ed-a541-d3bba232f55a",
	"5d2bc261-464e-4c96-88a1-0dcf2267fd8b",
	"c87b2dab-d00f-4d32-a5d3-d1e5b01c9cb3",
	"00000000-0000-0000-0000-000000000000");
INSERT INTO SM_CH
	VALUES ("5ba9883b-4a7b-40ed-a541-d3bba232f55a",
	"42a35ac4-7d83-4153-8c24-cc4699f29672",
	"c87b2dab-d00f-4d32-a5d3-d1e5b01c9cb3",
	"00000000-0000-0000-0000-000000000000",
	'');
INSERT INTO SM_SEME
	VALUES ("5ba9883b-4a7b-40ed-a541-d3bba232f55a",
	"42a35ac4-7d83-4153-8c24-cc4699f29672",
	"c87b2dab-d00f-4d32-a5d3-d1e5b01c9cb3",
	"00000000-0000-0000-0000-000000000000");
INSERT INTO SM_MOAH
	VALUES ("b96e84ea-d627-4e2e-a8b5-c9972e6aee35",
	"c87b2dab-d00f-4d32-a5d3-d1e5b01c9cb3",
	"5ba9883b-4a7b-40ed-a541-d3bba232f55a");
INSERT INTO SM_AH
	VALUES ("b96e84ea-d627-4e2e-a8b5-c9972e6aee35",
	"c87b2dab-d00f-4d32-a5d3-d1e5b01c9cb3");
INSERT INTO SM_ACT
	VALUES ("b96e84ea-d627-4e2e-a8b5-c9972e6aee35",
	"c87b2dab-d00f-4d32-a5d3-d1e5b01c9cb3",
	1,
	'',
	'');
INSERT INTO ACT_SAB
	VALUES ("77e84ce5-6731-477e-a08a-998dfcbe31a1",
	"c87b2dab-d00f-4d32-a5d3-d1e5b01c9cb3",
	"b96e84ea-d627-4e2e-a8b5-c9972e6aee35");
INSERT INTO ACT_ACT
	VALUES ("77e84ce5-6731-477e-a08a-998dfcbe31a1",
	'state',
	0,
	"5de1da93-0090-4cba-9f59-b786be0a29b8",
	"00000000-0000-0000-0000-000000000000",
	0,
	'BookingSession::addService',
	"00000000-0000-0000-0000-000000000000");
INSERT INTO ACT_BLK
	VALUES ("5de1da93-0090-4cba-9f59-b786be0a29b8",
	0,
	0,
	0,
	'',
	'',
	'',
	0,
	0,
	0,
	0,
	0,
	0,
	0,
	0,
	0,
	0,
	0,
	0,
	0,
	"77e84ce5-6731-477e-a08a-998dfcbe31a1",
	"00000000-0000-0000-0000-000000000000");
INSERT INTO SM_STATE
	VALUES ("16b76ff7-c8d4-4f88-81c4-f6f0a7d93a90",
	"c87b2dab-d00f-4d32-a5d3-d1e5b01c9cb3",
	"00000000-0000-0000-0000-000000000000",
	'paymentSuggested',
	7,
	0);
INSERT INTO SM_CH
	VALUES ("16b76ff7-c8d4-4f88-81c4-f6f0a7d93a90",
	"463dc70c-f7bb-484c-8def-bd2056914139",
	"c87b2dab-d00f-4d32-a5d3-d1e5b01c9cb3",
	"00000000-0000-0000-0000-000000000000",
	'');
INSERT INTO SM_SEME
	VALUES ("16b76ff7-c8d4-4f88-81c4-f6f0a7d93a90",
	"463dc70c-f7bb-484c-8def-bd2056914139",
	"c87b2dab-d00f-4d32-a5d3-d1e5b01c9cb3",
	"00000000-0000-0000-0000-000000000000");
INSERT INTO SM_CH
	VALUES ("16b76ff7-c8d4-4f88-81c4-f6f0a7d93a90",
	"2113072c-9fe7-4d67-8795-583d185185c1",
	"c87b2dab-d00f-4d32-a5d3-d1e5b01c9cb3",
	"00000000-0000-0000-0000-000000000000",
	'');
INSERT INTO SM_SEME
	VALUES ("16b76ff7-c8d4-4f88-81c4-f6f0a7d93a90",
	"2113072c-9fe7-4d67-8795-583d185185c1",
	"c87b2dab-d00f-4d32-a5d3-d1e5b01c9cb3",
	"00000000-0000-0000-0000-000000000000");
INSERT INTO SM_CH
	VALUES ("16b76ff7-c8d4-4f88-81c4-f6f0a7d93a90",
	"0e59bc59-c4a8-49b6-b5c2-bd2e2de4f771",
	"c87b2dab-d00f-4d32-a5d3-d1e5b01c9cb3",
	"00000000-0000-0000-0000-000000000000",
	'');
INSERT INTO SM_SEME
	VALUES ("16b76ff7-c8d4-4f88-81c4-f6f0a7d93a90",
	"0e59bc59-c4a8-49b6-b5c2-bd2e2de4f771",
	"c87b2dab-d00f-4d32-a5d3-d1e5b01c9cb3",
	"00000000-0000-0000-0000-000000000000");
INSERT INTO SM_CH
	VALUES ("16b76ff7-c8d4-4f88-81c4-f6f0a7d93a90",
	"9a883f49-b118-47b2-880c-373bfecf9218",
	"c87b2dab-d00f-4d32-a5d3-d1e5b01c9cb3",
	"00000000-0000-0000-0000-000000000000",
	'');
INSERT INTO SM_SEME
	VALUES ("16b76ff7-c8d4-4f88-81c4-f6f0a7d93a90",
	"9a883f49-b118-47b2-880c-373bfecf9218",
	"c87b2dab-d00f-4d32-a5d3-d1e5b01c9cb3",
	"00000000-0000-0000-0000-000000000000");
INSERT INTO SM_CH
	VALUES ("16b76ff7-c8d4-4f88-81c4-f6f0a7d93a90",
	"153a511b-c927-49fe-95d5-db518898883d",
	"c87b2dab-d00f-4d32-a5d3-d1e5b01c9cb3",
	"00000000-0000-0000-0000-000000000000",
	'');
INSERT INTO SM_SEME
	VALUES ("16b76ff7-c8d4-4f88-81c4-f6f0a7d93a90",
	"153a511b-c927-49fe-95d5-db518898883d",
	"c87b2dab-d00f-4d32-a5d3-d1e5b01c9cb3",
	"00000000-0000-0000-0000-000000000000");
INSERT INTO SM_CH
	VALUES ("16b76ff7-c8d4-4f88-81c4-f6f0a7d93a90",
	"459dadf1-a920-477f-b495-f73fd93f16e7",
	"c87b2dab-d00f-4d32-a5d3-d1e5b01c9cb3",
	"00000000-0000-0000-0000-000000000000",
	'');
INSERT INTO SM_SEME
	VALUES ("16b76ff7-c8d4-4f88-81c4-f6f0a7d93a90",
	"459dadf1-a920-477f-b495-f73fd93f16e7",
	"c87b2dab-d00f-4d32-a5d3-d1e5b01c9cb3",
	"00000000-0000-0000-0000-000000000000");
INSERT INTO SM_SEME
	VALUES ("16b76ff7-c8d4-4f88-81c4-f6f0a7d93a90",
	"2abc1152-f6f1-440f-8291-2896e45ba380",
	"c87b2dab-d00f-4d32-a5d3-d1e5b01c9cb3",
	"00000000-0000-0000-0000-000000000000");
INSERT INTO SM_CH
	VALUES ("16b76ff7-c8d4-4f88-81c4-f6f0a7d93a90",
	"5d2bc261-464e-4c96-88a1-0dcf2267fd8b",
	"c87b2dab-d00f-4d32-a5d3-d1e5b01c9cb3",
	"00000000-0000-0000-0000-000000000000",
	'');
INSERT INTO SM_SEME
	VALUES ("16b76ff7-c8d4-4f88-81c4-f6f0a7d93a90",
	"5d2bc261-464e-4c96-88a1-0dcf2267fd8b",
	"c87b2dab-d00f-4d32-a5d3-d1e5b01c9cb3",
	"00000000-0000-0000-0000-000000000000");
INSERT INTO SM_CH
	VALUES ("16b76ff7-c8d4-4f88-81c4-f6f0a7d93a90",
	"42a35ac4-7d83-4153-8c24-cc4699f29672",
	"c87b2dab-d00f-4d32-a5d3-d1e5b01c9cb3",
	"00000000-0000-0000-0000-000000000000",
	'');
INSERT INTO SM_SEME
	VALUES ("16b76ff7-c8d4-4f88-81c4-f6f0a7d93a90",
	"42a35ac4-7d83-4153-8c24-cc4699f29672",
	"c87b2dab-d00f-4d32-a5d3-d1e5b01c9cb3",
	"00000000-0000-0000-0000-000000000000");
INSERT INTO SM_MOAH
	VALUES ("caa79a10-5883-4625-ae61-2d96cda1fdae",
	"c87b2dab-d00f-4d32-a5d3-d1e5b01c9cb3",
	"16b76ff7-c8d4-4f88-81c4-f6f0a7d93a90");
INSERT INTO SM_AH
	VALUES ("caa79a10-5883-4625-ae61-2d96cda1fdae",
	"c87b2dab-d00f-4d32-a5d3-d1e5b01c9cb3");
INSERT INTO SM_ACT
	VALUES ("caa79a10-5883-4625-ae61-2d96cda1fdae",
	"c87b2dab-d00f-4d32-a5d3-d1e5b01c9cb3",
	1,
	'',
	'');
INSERT INTO ACT_SAB
	VALUES ("f79eb359-34d1-4ba9-99d6-252356e94b79",
	"c87b2dab-d00f-4d32-a5d3-d1e5b01c9cb3",
	"caa79a10-5883-4625-ae61-2d96cda1fdae");
INSERT INTO ACT_ACT
	VALUES ("f79eb359-34d1-4ba9-99d6-252356e94b79",
	'state',
	0,
	"f0fca64c-7b9c-4b23-9d4e-65527e228770",
	"00000000-0000-0000-0000-000000000000",
	0,
	'BookingSession::paymentSuggested',
	"00000000-0000-0000-0000-000000000000");
INSERT INTO ACT_BLK
	VALUES ("f0fca64c-7b9c-4b23-9d4e-65527e228770",
	0,
	0,
	0,
	'',
	'',
	'',
	0,
	0,
	0,
	0,
	0,
	0,
	0,
	0,
	0,
	0,
	0,
	0,
	0,
	"f79eb359-34d1-4ba9-99d6-252356e94b79",
	"00000000-0000-0000-0000-000000000000");
INSERT INTO SM_STATE
	VALUES ("72fee477-0c93-4c4b-a7f5-91fc26b56a7c",
	"c87b2dab-d00f-4d32-a5d3-d1e5b01c9cb3",
	"00000000-0000-0000-0000-000000000000",
	'confirmation',
	8,
	0);
INSERT INTO SM_CH
	VALUES ("72fee477-0c93-4c4b-a7f5-91fc26b56a7c",
	"463dc70c-f7bb-484c-8def-bd2056914139",
	"c87b2dab-d00f-4d32-a5d3-d1e5b01c9cb3",
	"00000000-0000-0000-0000-000000000000",
	'');
INSERT INTO SM_SEME
	VALUES ("72fee477-0c93-4c4b-a7f5-91fc26b56a7c",
	"463dc70c-f7bb-484c-8def-bd2056914139",
	"c87b2dab-d00f-4d32-a5d3-d1e5b01c9cb3",
	"00000000-0000-0000-0000-000000000000");
INSERT INTO SM_CH
	VALUES ("72fee477-0c93-4c4b-a7f5-91fc26b56a7c",
	"2113072c-9fe7-4d67-8795-583d185185c1",
	"c87b2dab-d00f-4d32-a5d3-d1e5b01c9cb3",
	"00000000-0000-0000-0000-000000000000",
	'');
INSERT INTO SM_SEME
	VALUES ("72fee477-0c93-4c4b-a7f5-91fc26b56a7c",
	"2113072c-9fe7-4d67-8795-583d185185c1",
	"c87b2dab-d00f-4d32-a5d3-d1e5b01c9cb3",
	"00000000-0000-0000-0000-000000000000");
INSERT INTO SM_CH
	VALUES ("72fee477-0c93-4c4b-a7f5-91fc26b56a7c",
	"0e59bc59-c4a8-49b6-b5c2-bd2e2de4f771",
	"c87b2dab-d00f-4d32-a5d3-d1e5b01c9cb3",
	"00000000-0000-0000-0000-000000000000",
	'');
INSERT INTO SM_SEME
	VALUES ("72fee477-0c93-4c4b-a7f5-91fc26b56a7c",
	"0e59bc59-c4a8-49b6-b5c2-bd2e2de4f771",
	"c87b2dab-d00f-4d32-a5d3-d1e5b01c9cb3",
	"00000000-0000-0000-0000-000000000000");
INSERT INTO SM_SEME
	VALUES ("72fee477-0c93-4c4b-a7f5-91fc26b56a7c",
	"9a883f49-b118-47b2-880c-373bfecf9218",
	"c87b2dab-d00f-4d32-a5d3-d1e5b01c9cb3",
	"00000000-0000-0000-0000-000000000000");
INSERT INTO SM_CH
	VALUES ("72fee477-0c93-4c4b-a7f5-91fc26b56a7c",
	"153a511b-c927-49fe-95d5-db518898883d",
	"c87b2dab-d00f-4d32-a5d3-d1e5b01c9cb3",
	"00000000-0000-0000-0000-000000000000",
	'');
INSERT INTO SM_SEME
	VALUES ("72fee477-0c93-4c4b-a7f5-91fc26b56a7c",
	"153a511b-c927-49fe-95d5-db518898883d",
	"c87b2dab-d00f-4d32-a5d3-d1e5b01c9cb3",
	"00000000-0000-0000-0000-000000000000");
INSERT INTO SM_CH
	VALUES ("72fee477-0c93-4c4b-a7f5-91fc26b56a7c",
	"459dadf1-a920-477f-b495-f73fd93f16e7",
	"c87b2dab-d00f-4d32-a5d3-d1e5b01c9cb3",
	"00000000-0000-0000-0000-000000000000",
	'');
INSERT INTO SM_SEME
	VALUES ("72fee477-0c93-4c4b-a7f5-91fc26b56a7c",
	"459dadf1-a920-477f-b495-f73fd93f16e7",
	"c87b2dab-d00f-4d32-a5d3-d1e5b01c9cb3",
	"00000000-0000-0000-0000-000000000000");
INSERT INTO SM_CH
	VALUES ("72fee477-0c93-4c4b-a7f5-91fc26b56a7c",
	"2abc1152-f6f1-440f-8291-2896e45ba380",
	"c87b2dab-d00f-4d32-a5d3-d1e5b01c9cb3",
	"00000000-0000-0000-0000-000000000000",
	'');
INSERT INTO SM_SEME
	VALUES ("72fee477-0c93-4c4b-a7f5-91fc26b56a7c",
	"2abc1152-f6f1-440f-8291-2896e45ba380",
	"c87b2dab-d00f-4d32-a5d3-d1e5b01c9cb3",
	"00000000-0000-0000-0000-000000000000");
INSERT INTO SM_SEME
	VALUES ("72fee477-0c93-4c4b-a7f5-91fc26b56a7c",
	"5d2bc261-464e-4c96-88a1-0dcf2267fd8b",
	"c87b2dab-d00f-4d32-a5d3-d1e5b01c9cb3",
	"00000000-0000-0000-0000-000000000000");
INSERT INTO SM_CH
	VALUES ("72fee477-0c93-4c4b-a7f5-91fc26b56a7c",
	"42a35ac4-7d83-4153-8c24-cc4699f29672",
	"c87b2dab-d00f-4d32-a5d3-d1e5b01c9cb3",
	"00000000-0000-0000-0000-000000000000",
	'');
INSERT INTO SM_SEME
	VALUES ("72fee477-0c93-4c4b-a7f5-91fc26b56a7c",
	"42a35ac4-7d83-4153-8c24-cc4699f29672",
	"c87b2dab-d00f-4d32-a5d3-d1e5b01c9cb3",
	"00000000-0000-0000-0000-000000000000");
INSERT INTO SM_MOAH
	VALUES ("453741f6-be0b-4208-a469-2f4c6fe47c87",
	"c87b2dab-d00f-4d32-a5d3-d1e5b01c9cb3",
	"72fee477-0c93-4c4b-a7f5-91fc26b56a7c");
INSERT INTO SM_AH
	VALUES ("453741f6-be0b-4208-a469-2f4c6fe47c87",
	"c87b2dab-d00f-4d32-a5d3-d1e5b01c9cb3");
INSERT INTO SM_ACT
	VALUES ("453741f6-be0b-4208-a469-2f4c6fe47c87",
	"c87b2dab-d00f-4d32-a5d3-d1e5b01c9cb3",
	1,
	'',
	'');
INSERT INTO ACT_SAB
	VALUES ("335daea8-577e-4fb6-9cb2-40cf2c294d8b",
	"c87b2dab-d00f-4d32-a5d3-d1e5b01c9cb3",
	"453741f6-be0b-4208-a469-2f4c6fe47c87");
INSERT INTO ACT_ACT
	VALUES ("335daea8-577e-4fb6-9cb2-40cf2c294d8b",
	'state',
	0,
	"87e0899c-486f-48f1-9b1c-2e0d3f9bd491",
	"00000000-0000-0000-0000-000000000000",
	0,
	'BookingSession::confirmation',
	"00000000-0000-0000-0000-000000000000");
INSERT INTO ACT_BLK
	VALUES ("87e0899c-486f-48f1-9b1c-2e0d3f9bd491",
	0,
	0,
	0,
	'',
	'',
	'',
	0,
	0,
	0,
	0,
	0,
	0,
	0,
	0,
	0,
	0,
	0,
	0,
	0,
	"335daea8-577e-4fb6-9cb2-40cf2c294d8b",
	"00000000-0000-0000-0000-000000000000");
INSERT INTO SM_STATE
	VALUES ("c19dec2f-8b92-4dea-8ea8-e41ae60a6aa4",
	"c87b2dab-d00f-4d32-a5d3-d1e5b01c9cb3",
	"00000000-0000-0000-0000-000000000000",
	'accepted',
	9,
	0);
INSERT INTO SM_CH
	VALUES ("c19dec2f-8b92-4dea-8ea8-e41ae60a6aa4",
	"463dc70c-f7bb-484c-8def-bd2056914139",
	"c87b2dab-d00f-4d32-a5d3-d1e5b01c9cb3",
	"00000000-0000-0000-0000-000000000000",
	'');
INSERT INTO SM_SEME
	VALUES ("c19dec2f-8b92-4dea-8ea8-e41ae60a6aa4",
	"463dc70c-f7bb-484c-8def-bd2056914139",
	"c87b2dab-d00f-4d32-a5d3-d1e5b01c9cb3",
	"00000000-0000-0000-0000-000000000000");
INSERT INTO SM_CH
	VALUES ("c19dec2f-8b92-4dea-8ea8-e41ae60a6aa4",
	"2113072c-9fe7-4d67-8795-583d185185c1",
	"c87b2dab-d00f-4d32-a5d3-d1e5b01c9cb3",
	"00000000-0000-0000-0000-000000000000",
	'');
INSERT INTO SM_SEME
	VALUES ("c19dec2f-8b92-4dea-8ea8-e41ae60a6aa4",
	"2113072c-9fe7-4d67-8795-583d185185c1",
	"c87b2dab-d00f-4d32-a5d3-d1e5b01c9cb3",
	"00000000-0000-0000-0000-000000000000");
INSERT INTO SM_CH
	VALUES ("c19dec2f-8b92-4dea-8ea8-e41ae60a6aa4",
	"0e59bc59-c4a8-49b6-b5c2-bd2e2de4f771",
	"c87b2dab-d00f-4d32-a5d3-d1e5b01c9cb3",
	"00000000-0000-0000-0000-000000000000",
	'');
INSERT INTO SM_SEME
	VALUES ("c19dec2f-8b92-4dea-8ea8-e41ae60a6aa4",
	"0e59bc59-c4a8-49b6-b5c2-bd2e2de4f771",
	"c87b2dab-d00f-4d32-a5d3-d1e5b01c9cb3",
	"00000000-0000-0000-0000-000000000000");
INSERT INTO SM_CH
	VALUES ("c19dec2f-8b92-4dea-8ea8-e41ae60a6aa4",
	"9a883f49-b118-47b2-880c-373bfecf9218",
	"c87b2dab-d00f-4d32-a5d3-d1e5b01c9cb3",
	"00000000-0000-0000-0000-000000000000",
	'');
INSERT INTO SM_SEME
	VALUES ("c19dec2f-8b92-4dea-8ea8-e41ae60a6aa4",
	"9a883f49-b118-47b2-880c-373bfecf9218",
	"c87b2dab-d00f-4d32-a5d3-d1e5b01c9cb3",
	"00000000-0000-0000-0000-000000000000");
INSERT INTO SM_CH
	VALUES ("c19dec2f-8b92-4dea-8ea8-e41ae60a6aa4",
	"153a511b-c927-49fe-95d5-db518898883d",
	"c87b2dab-d00f-4d32-a5d3-d1e5b01c9cb3",
	"00000000-0000-0000-0000-000000000000",
	'');
INSERT INTO SM_SEME
	VALUES ("c19dec2f-8b92-4dea-8ea8-e41ae60a6aa4",
	"153a511b-c927-49fe-95d5-db518898883d",
	"c87b2dab-d00f-4d32-a5d3-d1e5b01c9cb3",
	"00000000-0000-0000-0000-000000000000");
INSERT INTO SM_CH
	VALUES ("c19dec2f-8b92-4dea-8ea8-e41ae60a6aa4",
	"459dadf1-a920-477f-b495-f73fd93f16e7",
	"c87b2dab-d00f-4d32-a5d3-d1e5b01c9cb3",
	"00000000-0000-0000-0000-000000000000",
	'');
INSERT INTO SM_SEME
	VALUES ("c19dec2f-8b92-4dea-8ea8-e41ae60a6aa4",
	"459dadf1-a920-477f-b495-f73fd93f16e7",
	"c87b2dab-d00f-4d32-a5d3-d1e5b01c9cb3",
	"00000000-0000-0000-0000-000000000000");
INSERT INTO SM_CH
	VALUES ("c19dec2f-8b92-4dea-8ea8-e41ae60a6aa4",
	"2abc1152-f6f1-440f-8291-2896e45ba380",
	"c87b2dab-d00f-4d32-a5d3-d1e5b01c9cb3",
	"00000000-0000-0000-0000-000000000000",
	'');
INSERT INTO SM_SEME
	VALUES ("c19dec2f-8b92-4dea-8ea8-e41ae60a6aa4",
	"2abc1152-f6f1-440f-8291-2896e45ba380",
	"c87b2dab-d00f-4d32-a5d3-d1e5b01c9cb3",
	"00000000-0000-0000-0000-000000000000");
INSERT INTO SM_CH
	VALUES ("c19dec2f-8b92-4dea-8ea8-e41ae60a6aa4",
	"5d2bc261-464e-4c96-88a1-0dcf2267fd8b",
	"c87b2dab-d00f-4d32-a5d3-d1e5b01c9cb3",
	"00000000-0000-0000-0000-000000000000",
	'');
INSERT INTO SM_SEME
	VALUES ("c19dec2f-8b92-4dea-8ea8-e41ae60a6aa4",
	"5d2bc261-464e-4c96-88a1-0dcf2267fd8b",
	"c87b2dab-d00f-4d32-a5d3-d1e5b01c9cb3",
	"00000000-0000-0000-0000-000000000000");
INSERT INTO SM_CH
	VALUES ("c19dec2f-8b92-4dea-8ea8-e41ae60a6aa4",
	"42a35ac4-7d83-4153-8c24-cc4699f29672",
	"c87b2dab-d00f-4d32-a5d3-d1e5b01c9cb3",
	"00000000-0000-0000-0000-000000000000",
	'');
INSERT INTO SM_SEME
	VALUES ("c19dec2f-8b92-4dea-8ea8-e41ae60a6aa4",
	"42a35ac4-7d83-4153-8c24-cc4699f29672",
	"c87b2dab-d00f-4d32-a5d3-d1e5b01c9cb3",
	"00000000-0000-0000-0000-000000000000");
INSERT INTO SM_MOAH
	VALUES ("9da23d14-d5bf-469e-943e-4c64857d6295",
	"c87b2dab-d00f-4d32-a5d3-d1e5b01c9cb3",
	"c19dec2f-8b92-4dea-8ea8-e41ae60a6aa4");
INSERT INTO SM_AH
	VALUES ("9da23d14-d5bf-469e-943e-4c64857d6295",
	"c87b2dab-d00f-4d32-a5d3-d1e5b01c9cb3");
INSERT INTO SM_ACT
	VALUES ("9da23d14-d5bf-469e-943e-4c64857d6295",
	"c87b2dab-d00f-4d32-a5d3-d1e5b01c9cb3",
	1,
	'',
	'');
INSERT INTO ACT_SAB
	VALUES ("72054fd9-0ec5-46d7-9c56-c8180dbf818f",
	"c87b2dab-d00f-4d32-a5d3-d1e5b01c9cb3",
	"9da23d14-d5bf-469e-943e-4c64857d6295");
INSERT INTO ACT_ACT
	VALUES ("72054fd9-0ec5-46d7-9c56-c8180dbf818f",
	'state',
	0,
	"1d506f13-0998-4a28-b329-1c9d4885cf8f",
	"00000000-0000-0000-0000-000000000000",
	0,
	'BookingSession::accepted',
	"00000000-0000-0000-0000-000000000000");
INSERT INTO ACT_BLK
	VALUES ("1d506f13-0998-4a28-b329-1c9d4885cf8f",
	0,
	0,
	0,
	'',
	'',
	'',
	0,
	0,
	0,
	0,
	0,
	0,
	0,
	0,
	0,
	0,
	0,
	0,
	0,
	"72054fd9-0ec5-46d7-9c56-c8180dbf818f",
	"00000000-0000-0000-0000-000000000000");
INSERT INTO SM_STATE
	VALUES ("4aecb993-a30f-4e82-ae57-ca7b870f160e",
	"c87b2dab-d00f-4d32-a5d3-d1e5b01c9cb3",
	"00000000-0000-0000-0000-000000000000",
	'aborted',
	10,
	0);
INSERT INTO SM_CH
	VALUES ("4aecb993-a30f-4e82-ae57-ca7b870f160e",
	"463dc70c-f7bb-484c-8def-bd2056914139",
	"c87b2dab-d00f-4d32-a5d3-d1e5b01c9cb3",
	"00000000-0000-0000-0000-000000000000",
	'');
INSERT INTO SM_SEME
	VALUES ("4aecb993-a30f-4e82-ae57-ca7b870f160e",
	"463dc70c-f7bb-484c-8def-bd2056914139",
	"c87b2dab-d00f-4d32-a5d3-d1e5b01c9cb3",
	"00000000-0000-0000-0000-000000000000");
INSERT INTO SM_CH
	VALUES ("4aecb993-a30f-4e82-ae57-ca7b870f160e",
	"2113072c-9fe7-4d67-8795-583d185185c1",
	"c87b2dab-d00f-4d32-a5d3-d1e5b01c9cb3",
	"00000000-0000-0000-0000-000000000000",
	'');
INSERT INTO SM_SEME
	VALUES ("4aecb993-a30f-4e82-ae57-ca7b870f160e",
	"2113072c-9fe7-4d67-8795-583d185185c1",
	"c87b2dab-d00f-4d32-a5d3-d1e5b01c9cb3",
	"00000000-0000-0000-0000-000000000000");
INSERT INTO SM_CH
	VALUES ("4aecb993-a30f-4e82-ae57-ca7b870f160e",
	"0e59bc59-c4a8-49b6-b5c2-bd2e2de4f771",
	"c87b2dab-d00f-4d32-a5d3-d1e5b01c9cb3",
	"00000000-0000-0000-0000-000000000000",
	'');
INSERT INTO SM_SEME
	VALUES ("4aecb993-a30f-4e82-ae57-ca7b870f160e",
	"0e59bc59-c4a8-49b6-b5c2-bd2e2de4f771",
	"c87b2dab-d00f-4d32-a5d3-d1e5b01c9cb3",
	"00000000-0000-0000-0000-000000000000");
INSERT INTO SM_CH
	VALUES ("4aecb993-a30f-4e82-ae57-ca7b870f160e",
	"9a883f49-b118-47b2-880c-373bfecf9218",
	"c87b2dab-d00f-4d32-a5d3-d1e5b01c9cb3",
	"00000000-0000-0000-0000-000000000000",
	'');
INSERT INTO SM_SEME
	VALUES ("4aecb993-a30f-4e82-ae57-ca7b870f160e",
	"9a883f49-b118-47b2-880c-373bfecf9218",
	"c87b2dab-d00f-4d32-a5d3-d1e5b01c9cb3",
	"00000000-0000-0000-0000-000000000000");
INSERT INTO SM_CH
	VALUES ("4aecb993-a30f-4e82-ae57-ca7b870f160e",
	"153a511b-c927-49fe-95d5-db518898883d",
	"c87b2dab-d00f-4d32-a5d3-d1e5b01c9cb3",
	"00000000-0000-0000-0000-000000000000",
	'');
INSERT INTO SM_SEME
	VALUES ("4aecb993-a30f-4e82-ae57-ca7b870f160e",
	"153a511b-c927-49fe-95d5-db518898883d",
	"c87b2dab-d00f-4d32-a5d3-d1e5b01c9cb3",
	"00000000-0000-0000-0000-000000000000");
INSERT INTO SM_CH
	VALUES ("4aecb993-a30f-4e82-ae57-ca7b870f160e",
	"459dadf1-a920-477f-b495-f73fd93f16e7",
	"c87b2dab-d00f-4d32-a5d3-d1e5b01c9cb3",
	"00000000-0000-0000-0000-000000000000",
	'');
INSERT INTO SM_SEME
	VALUES ("4aecb993-a30f-4e82-ae57-ca7b870f160e",
	"459dadf1-a920-477f-b495-f73fd93f16e7",
	"c87b2dab-d00f-4d32-a5d3-d1e5b01c9cb3",
	"00000000-0000-0000-0000-000000000000");
INSERT INTO SM_CH
	VALUES ("4aecb993-a30f-4e82-ae57-ca7b870f160e",
	"2abc1152-f6f1-440f-8291-2896e45ba380",
	"c87b2dab-d00f-4d32-a5d3-d1e5b01c9cb3",
	"00000000-0000-0000-0000-000000000000",
	'');
INSERT INTO SM_SEME
	VALUES ("4aecb993-a30f-4e82-ae57-ca7b870f160e",
	"2abc1152-f6f1-440f-8291-2896e45ba380",
	"c87b2dab-d00f-4d32-a5d3-d1e5b01c9cb3",
	"00000000-0000-0000-0000-000000000000");
INSERT INTO SM_CH
	VALUES ("4aecb993-a30f-4e82-ae57-ca7b870f160e",
	"5d2bc261-464e-4c96-88a1-0dcf2267fd8b",
	"c87b2dab-d00f-4d32-a5d3-d1e5b01c9cb3",
	"00000000-0000-0000-0000-000000000000",
	'');
INSERT INTO SM_SEME
	VALUES ("4aecb993-a30f-4e82-ae57-ca7b870f160e",
	"5d2bc261-464e-4c96-88a1-0dcf2267fd8b",
	"c87b2dab-d00f-4d32-a5d3-d1e5b01c9cb3",
	"00000000-0000-0000-0000-000000000000");
INSERT INTO SM_CH
	VALUES ("4aecb993-a30f-4e82-ae57-ca7b870f160e",
	"42a35ac4-7d83-4153-8c24-cc4699f29672",
	"c87b2dab-d00f-4d32-a5d3-d1e5b01c9cb3",
	"00000000-0000-0000-0000-000000000000",
	'');
INSERT INTO SM_SEME
	VALUES ("4aecb993-a30f-4e82-ae57-ca7b870f160e",
	"42a35ac4-7d83-4153-8c24-cc4699f29672",
	"c87b2dab-d00f-4d32-a5d3-d1e5b01c9cb3",
	"00000000-0000-0000-0000-000000000000");
INSERT INTO SM_MOAH
	VALUES ("d79ba01f-2e1e-40c4-bf30-bf8ccd739bb5",
	"c87b2dab-d00f-4d32-a5d3-d1e5b01c9cb3",
	"4aecb993-a30f-4e82-ae57-ca7b870f160e");
INSERT INTO SM_AH
	VALUES ("d79ba01f-2e1e-40c4-bf30-bf8ccd739bb5",
	"c87b2dab-d00f-4d32-a5d3-d1e5b01c9cb3");
INSERT INTO SM_ACT
	VALUES ("d79ba01f-2e1e-40c4-bf30-bf8ccd739bb5",
	"c87b2dab-d00f-4d32-a5d3-d1e5b01c9cb3",
	1,
	'',
	'');
INSERT INTO ACT_SAB
	VALUES ("d9fd7438-2f45-4533-8dfa-77788dce497d",
	"c87b2dab-d00f-4d32-a5d3-d1e5b01c9cb3",
	"d79ba01f-2e1e-40c4-bf30-bf8ccd739bb5");
INSERT INTO ACT_ACT
	VALUES ("d9fd7438-2f45-4533-8dfa-77788dce497d",
	'state',
	0,
	"79c84623-c07d-4e04-ae72-89b7d432a239",
	"00000000-0000-0000-0000-000000000000",
	0,
	'BookingSession::aborted',
	"00000000-0000-0000-0000-000000000000");
INSERT INTO ACT_BLK
	VALUES ("79c84623-c07d-4e04-ae72-89b7d432a239",
	0,
	0,
	0,
	'',
	'',
	'',
	0,
	0,
	0,
	0,
	0,
	0,
	0,
	0,
	0,
	0,
	0,
	0,
	0,
	"d9fd7438-2f45-4533-8dfa-77788dce497d",
	"00000000-0000-0000-0000-000000000000");
INSERT INTO SM_STATE
	VALUES ("82c06f18-ae14-4d95-9351-b2eea2fa5c2b",
	"c87b2dab-d00f-4d32-a5d3-d1e5b01c9cb3",
	"00000000-0000-0000-0000-000000000000",
	'searched',
	11,
	0);
INSERT INTO SM_SEME
	VALUES ("82c06f18-ae14-4d95-9351-b2eea2fa5c2b",
	"463dc70c-f7bb-484c-8def-bd2056914139",
	"c87b2dab-d00f-4d32-a5d3-d1e5b01c9cb3",
	"00000000-0000-0000-0000-000000000000");
INSERT INTO SM_CH
	VALUES ("82c06f18-ae14-4d95-9351-b2eea2fa5c2b",
	"2113072c-9fe7-4d67-8795-583d185185c1",
	"c87b2dab-d00f-4d32-a5d3-d1e5b01c9cb3",
	"00000000-0000-0000-0000-000000000000",
	'');
INSERT INTO SM_SEME
	VALUES ("82c06f18-ae14-4d95-9351-b2eea2fa5c2b",
	"2113072c-9fe7-4d67-8795-583d185185c1",
	"c87b2dab-d00f-4d32-a5d3-d1e5b01c9cb3",
	"00000000-0000-0000-0000-000000000000");
INSERT INTO SM_CH
	VALUES ("82c06f18-ae14-4d95-9351-b2eea2fa5c2b",
	"0e59bc59-c4a8-49b6-b5c2-bd2e2de4f771",
	"c87b2dab-d00f-4d32-a5d3-d1e5b01c9cb3",
	"00000000-0000-0000-0000-000000000000",
	'');
INSERT INTO SM_SEME
	VALUES ("82c06f18-ae14-4d95-9351-b2eea2fa5c2b",
	"0e59bc59-c4a8-49b6-b5c2-bd2e2de4f771",
	"c87b2dab-d00f-4d32-a5d3-d1e5b01c9cb3",
	"00000000-0000-0000-0000-000000000000");
INSERT INTO SM_CH
	VALUES ("82c06f18-ae14-4d95-9351-b2eea2fa5c2b",
	"9a883f49-b118-47b2-880c-373bfecf9218",
	"c87b2dab-d00f-4d32-a5d3-d1e5b01c9cb3",
	"00000000-0000-0000-0000-000000000000",
	'');
INSERT INTO SM_SEME
	VALUES ("82c06f18-ae14-4d95-9351-b2eea2fa5c2b",
	"9a883f49-b118-47b2-880c-373bfecf9218",
	"c87b2dab-d00f-4d32-a5d3-d1e5b01c9cb3",
	"00000000-0000-0000-0000-000000000000");
INSERT INTO SM_CH
	VALUES ("82c06f18-ae14-4d95-9351-b2eea2fa5c2b",
	"153a511b-c927-49fe-95d5-db518898883d",
	"c87b2dab-d00f-4d32-a5d3-d1e5b01c9cb3",
	"00000000-0000-0000-0000-000000000000",
	'');
INSERT INTO SM_SEME
	VALUES ("82c06f18-ae14-4d95-9351-b2eea2fa5c2b",
	"153a511b-c927-49fe-95d5-db518898883d",
	"c87b2dab-d00f-4d32-a5d3-d1e5b01c9cb3",
	"00000000-0000-0000-0000-000000000000");
INSERT INTO SM_CH
	VALUES ("82c06f18-ae14-4d95-9351-b2eea2fa5c2b",
	"459dadf1-a920-477f-b495-f73fd93f16e7",
	"c87b2dab-d00f-4d32-a5d3-d1e5b01c9cb3",
	"00000000-0000-0000-0000-000000000000",
	'');
INSERT INTO SM_SEME
	VALUES ("82c06f18-ae14-4d95-9351-b2eea2fa5c2b",
	"459dadf1-a920-477f-b495-f73fd93f16e7",
	"c87b2dab-d00f-4d32-a5d3-d1e5b01c9cb3",
	"00000000-0000-0000-0000-000000000000");
INSERT INTO SM_CH
	VALUES ("82c06f18-ae14-4d95-9351-b2eea2fa5c2b",
	"2abc1152-f6f1-440f-8291-2896e45ba380",
	"c87b2dab-d00f-4d32-a5d3-d1e5b01c9cb3",
	"00000000-0000-0000-0000-000000000000",
	'');
INSERT INTO SM_SEME
	VALUES ("82c06f18-ae14-4d95-9351-b2eea2fa5c2b",
	"2abc1152-f6f1-440f-8291-2896e45ba380",
	"c87b2dab-d00f-4d32-a5d3-d1e5b01c9cb3",
	"00000000-0000-0000-0000-000000000000");
INSERT INTO SM_CH
	VALUES ("82c06f18-ae14-4d95-9351-b2eea2fa5c2b",
	"5d2bc261-464e-4c96-88a1-0dcf2267fd8b",
	"c87b2dab-d00f-4d32-a5d3-d1e5b01c9cb3",
	"00000000-0000-0000-0000-000000000000",
	'');
INSERT INTO SM_SEME
	VALUES ("82c06f18-ae14-4d95-9351-b2eea2fa5c2b",
	"5d2bc261-464e-4c96-88a1-0dcf2267fd8b",
	"c87b2dab-d00f-4d32-a5d3-d1e5b01c9cb3",
	"00000000-0000-0000-0000-000000000000");
INSERT INTO SM_SEME
	VALUES ("82c06f18-ae14-4d95-9351-b2eea2fa5c2b",
	"42a35ac4-7d83-4153-8c24-cc4699f29672",
	"c87b2dab-d00f-4d32-a5d3-d1e5b01c9cb3",
	"00000000-0000-0000-0000-000000000000");
INSERT INTO SM_MOAH
	VALUES ("722f9888-a7b0-46e6-a540-ffd88ecf6551",
	"c87b2dab-d00f-4d32-a5d3-d1e5b01c9cb3",
	"82c06f18-ae14-4d95-9351-b2eea2fa5c2b");
INSERT INTO SM_AH
	VALUES ("722f9888-a7b0-46e6-a540-ffd88ecf6551",
	"c87b2dab-d00f-4d32-a5d3-d1e5b01c9cb3");
INSERT INTO SM_ACT
	VALUES ("722f9888-a7b0-46e6-a540-ffd88ecf6551",
	"c87b2dab-d00f-4d32-a5d3-d1e5b01c9cb3",
	1,
	'',
	'');
INSERT INTO ACT_SAB
	VALUES ("8c0d71fe-54f0-4211-92b3-1db4e45f701a",
	"c87b2dab-d00f-4d32-a5d3-d1e5b01c9cb3",
	"722f9888-a7b0-46e6-a540-ffd88ecf6551");
INSERT INTO ACT_ACT
	VALUES ("8c0d71fe-54f0-4211-92b3-1db4e45f701a",
	'state',
	0,
	"93b78028-d6d1-4e11-8b30-f443d049dff6",
	"00000000-0000-0000-0000-000000000000",
	0,
	'BookingSession::searched',
	"00000000-0000-0000-0000-000000000000");
INSERT INTO ACT_BLK
	VALUES ("93b78028-d6d1-4e11-8b30-f443d049dff6",
	0,
	0,
	0,
	'',
	'',
	'',
	0,
	0,
	0,
	0,
	0,
	0,
	0,
	0,
	0,
	0,
	0,
	0,
	0,
	"8c0d71fe-54f0-4211-92b3-1db4e45f701a",
	"00000000-0000-0000-0000-000000000000");
INSERT INTO SM_CRTXN
	VALUES ("9fee36df-cfe0-4663-93c6-14edffbbab94",
	"c87b2dab-d00f-4d32-a5d3-d1e5b01c9cb3",
	"00000000-0000-0000-0000-000000000000",
	"00000000-0000-0000-0000-000000000000");
INSERT INTO SM_TAH
	VALUES ("f83245d0-2eff-40c0-af32-4ff256b63f63",
	"c87b2dab-d00f-4d32-a5d3-d1e5b01c9cb3",
	"9fee36df-cfe0-4663-93c6-14edffbbab94");
INSERT INTO SM_AH
	VALUES ("f83245d0-2eff-40c0-af32-4ff256b63f63",
	"c87b2dab-d00f-4d32-a5d3-d1e5b01c9cb3");
INSERT INTO SM_ACT
	VALUES ("f83245d0-2eff-40c0-af32-4ff256b63f63",
	"c87b2dab-d00f-4d32-a5d3-d1e5b01c9cb3",
	1,
	'',
	'');
INSERT INTO ACT_TAB
	VALUES ("abf57c3f-f3b2-467b-9fcb-f3b4d71e5da1",
	"c87b2dab-d00f-4d32-a5d3-d1e5b01c9cb3",
	"f83245d0-2eff-40c0-af32-4ff256b63f63");
INSERT INTO ACT_ACT
	VALUES ("abf57c3f-f3b2-467b-9fcb-f3b4d71e5da1",
	'transition',
	0,
	"7e2e456b-df0e-454f-ae9f-0a5acb2b1b01",
	"00000000-0000-0000-0000-000000000000",
	0,
	'No Event Assigned',
	"00000000-0000-0000-0000-000000000000");
INSERT INTO ACT_BLK
	VALUES ("7e2e456b-df0e-454f-ae9f-0a5acb2b1b01",
	0,
	0,
	0,
	'',
	'',
	'',
	0,
	0,
	0,
	0,
	0,
	0,
	0,
	0,
	0,
	0,
	0,
	0,
	0,
	"abf57c3f-f3b2-467b-9fcb-f3b4d71e5da1",
	"00000000-0000-0000-0000-000000000000");
INSERT INTO SM_TXN
	VALUES ("9fee36df-cfe0-4663-93c6-14edffbbab94",
	"c87b2dab-d00f-4d32-a5d3-d1e5b01c9cb3",
	"abba5c5c-cc80-413e-acaf-3b88d5e3c3c6",
	"00000000-0000-0000-0000-000000000000");
INSERT INTO SM_NSTXN
	VALUES ("d07c231f-e5cc-4d3e-95ac-da89a9677513",
	"c87b2dab-d00f-4d32-a5d3-d1e5b01c9cb3",
	"ec664e05-8719-4277-966f-43d8cf4e3176",
	"2113072c-9fe7-4d67-8795-583d185185c1",
	"00000000-0000-0000-0000-000000000000");
INSERT INTO SM_TAH
	VALUES ("5e4b5bf6-1f5a-4101-b8d9-776c13135615",
	"c87b2dab-d00f-4d32-a5d3-d1e5b01c9cb3",
	"d07c231f-e5cc-4d3e-95ac-da89a9677513");
INSERT INTO SM_AH
	VALUES ("5e4b5bf6-1f5a-4101-b8d9-776c13135615",
	"c87b2dab-d00f-4d32-a5d3-d1e5b01c9cb3");
INSERT INTO SM_ACT
	VALUES ("5e4b5bf6-1f5a-4101-b8d9-776c13135615",
	"c87b2dab-d00f-4d32-a5d3-d1e5b01c9cb3",
	1,
	'',
	'');
INSERT INTO ACT_TAB
	VALUES ("7a6b338b-5955-4847-9867-679be7ab9c3c",
	"c87b2dab-d00f-4d32-a5d3-d1e5b01c9cb3",
	"5e4b5bf6-1f5a-4101-b8d9-776c13135615");
INSERT INTO ACT_ACT
	VALUES ("7a6b338b-5955-4847-9867-679be7ab9c3c",
	'transition',
	0,
	"b9724b1f-ac71-4b7f-8ad8-5c0161580e6e",
	"00000000-0000-0000-0000-000000000000",
	0,
	'BOOKINGSESSION2: addGuestEvent',
	"00000000-0000-0000-0000-000000000000");
INSERT INTO ACT_BLK
	VALUES ("b9724b1f-ac71-4b7f-8ad8-5c0161580e6e",
	0,
	0,
	0,
	'',
	'',
	'',
	0,
	0,
	0,
	0,
	0,
	0,
	0,
	0,
	0,
	0,
	0,
	0,
	0,
	"7a6b338b-5955-4847-9867-679be7ab9c3c",
	"00000000-0000-0000-0000-000000000000");
INSERT INTO SM_TXN
	VALUES ("d07c231f-e5cc-4d3e-95ac-da89a9677513",
	"c87b2dab-d00f-4d32-a5d3-d1e5b01c9cb3",
	"0a2fd1bd-2d48-4562-b322-ca038ace3cef",
	"00000000-0000-0000-0000-000000000000");
INSERT INTO SM_NSTXN
	VALUES ("d061b9c4-6276-4144-ac29-8c55ad2337cf",
	"c87b2dab-d00f-4d32-a5d3-d1e5b01c9cb3",
	"0a2fd1bd-2d48-4562-b322-ca038ace3cef",
	"0e59bc59-c4a8-49b6-b5c2-bd2e2de4f771",
	"00000000-0000-0000-0000-000000000000");
INSERT INTO SM_TAH
	VALUES ("954b2c9c-7f5c-4a11-acab-3151c21f2e51",
	"c87b2dab-d00f-4d32-a5d3-d1e5b01c9cb3",
	"d061b9c4-6276-4144-ac29-8c55ad2337cf");
INSERT INTO SM_AH
	VALUES ("954b2c9c-7f5c-4a11-acab-3151c21f2e51",
	"c87b2dab-d00f-4d32-a5d3-d1e5b01c9cb3");
INSERT INTO SM_ACT
	VALUES ("954b2c9c-7f5c-4a11-acab-3151c21f2e51",
	"c87b2dab-d00f-4d32-a5d3-d1e5b01c9cb3",
	1,
	'',
	'');
INSERT INTO ACT_TAB
	VALUES ("4f39910a-ec7f-4f49-8c5a-0962ea5e3043",
	"c87b2dab-d00f-4d32-a5d3-d1e5b01c9cb3",
	"954b2c9c-7f5c-4a11-acab-3151c21f2e51");
INSERT INTO ACT_ACT
	VALUES ("4f39910a-ec7f-4f49-8c5a-0962ea5e3043",
	'transition',
	0,
	"ec2c1dd5-5c64-461a-b04a-565416337e68",
	"00000000-0000-0000-0000-000000000000",
	0,
	'BOOKINGSESSION3: addServiceEvent',
	"00000000-0000-0000-0000-000000000000");
INSERT INTO ACT_BLK
	VALUES ("ec2c1dd5-5c64-461a-b04a-565416337e68",
	0,
	0,
	0,
	'',
	'',
	'',
	0,
	0,
	0,
	0,
	0,
	0,
	0,
	0,
	0,
	0,
	0,
	0,
	0,
	"4f39910a-ec7f-4f49-8c5a-0962ea5e3043",
	"00000000-0000-0000-0000-000000000000");
INSERT INTO SM_TXN
	VALUES ("d061b9c4-6276-4144-ac29-8c55ad2337cf",
	"c87b2dab-d00f-4d32-a5d3-d1e5b01c9cb3",
	"5ba9883b-4a7b-40ed-a541-d3bba232f55a",
	"00000000-0000-0000-0000-000000000000");
INSERT INTO SM_NSTXN
	VALUES ("8fa7516c-1495-49b9-bb66-14661e4ffa3a",
	"c87b2dab-d00f-4d32-a5d3-d1e5b01c9cb3",
	"0a2fd1bd-2d48-4562-b322-ca038ace3cef",
	"2113072c-9fe7-4d67-8795-583d185185c1",
	"00000000-0000-0000-0000-000000000000");
INSERT INTO SM_TAH
	VALUES ("2db25764-a9e0-45df-90f6-643801e20e10",
	"c87b2dab-d00f-4d32-a5d3-d1e5b01c9cb3",
	"8fa7516c-1495-49b9-bb66-14661e4ffa3a");
INSERT INTO SM_AH
	VALUES ("2db25764-a9e0-45df-90f6-643801e20e10",
	"c87b2dab-d00f-4d32-a5d3-d1e5b01c9cb3");
INSERT INTO SM_ACT
	VALUES ("2db25764-a9e0-45df-90f6-643801e20e10",
	"c87b2dab-d00f-4d32-a5d3-d1e5b01c9cb3",
	1,
	'',
	'');
INSERT INTO ACT_TAB
	VALUES ("58730ecd-1803-4f19-bfa1-bdad6a0969fe",
	"c87b2dab-d00f-4d32-a5d3-d1e5b01c9cb3",
	"2db25764-a9e0-45df-90f6-643801e20e10");
INSERT INTO ACT_ACT
	VALUES ("58730ecd-1803-4f19-bfa1-bdad6a0969fe",
	'transition',
	0,
	"3bef37ca-5448-472d-9296-2f49e1c5c38b",
	"00000000-0000-0000-0000-000000000000",
	0,
	'BOOKINGSESSION2: addGuestEvent',
	"00000000-0000-0000-0000-000000000000");
INSERT INTO ACT_BLK
	VALUES ("3bef37ca-5448-472d-9296-2f49e1c5c38b",
	0,
	0,
	0,
	'',
	'',
	'',
	0,
	0,
	0,
	0,
	0,
	0,
	0,
	0,
	0,
	0,
	0,
	0,
	0,
	"58730ecd-1803-4f19-bfa1-bdad6a0969fe",
	"00000000-0000-0000-0000-000000000000");
INSERT INTO SM_TXN
	VALUES ("8fa7516c-1495-49b9-bb66-14661e4ffa3a",
	"c87b2dab-d00f-4d32-a5d3-d1e5b01c9cb3",
	"0a2fd1bd-2d48-4562-b322-ca038ace3cef",
	"00000000-0000-0000-0000-000000000000");
INSERT INTO SM_NSTXN
	VALUES ("bca5f9b2-78a7-4087-886e-1d17e5ab62a3",
	"c87b2dab-d00f-4d32-a5d3-d1e5b01c9cb3",
	"5ba9883b-4a7b-40ed-a541-d3bba232f55a",
	"0e59bc59-c4a8-49b6-b5c2-bd2e2de4f771",
	"00000000-0000-0000-0000-000000000000");
INSERT INTO SM_TAH
	VALUES ("5c1f9670-7a4c-4f01-b4e2-324d523a0e84",
	"c87b2dab-d00f-4d32-a5d3-d1e5b01c9cb3",
	"bca5f9b2-78a7-4087-886e-1d17e5ab62a3");
INSERT INTO SM_AH
	VALUES ("5c1f9670-7a4c-4f01-b4e2-324d523a0e84",
	"c87b2dab-d00f-4d32-a5d3-d1e5b01c9cb3");
INSERT INTO SM_ACT
	VALUES ("5c1f9670-7a4c-4f01-b4e2-324d523a0e84",
	"c87b2dab-d00f-4d32-a5d3-d1e5b01c9cb3",
	1,
	'',
	'');
INSERT INTO ACT_TAB
	VALUES ("30a4ad40-2b3d-4ac8-baab-1b4b033205b8",
	"c87b2dab-d00f-4d32-a5d3-d1e5b01c9cb3",
	"5c1f9670-7a4c-4f01-b4e2-324d523a0e84");
INSERT INTO ACT_ACT
	VALUES ("30a4ad40-2b3d-4ac8-baab-1b4b033205b8",
	'transition',
	0,
	"a7d157f5-f673-409f-bc12-0def35887d04",
	"00000000-0000-0000-0000-000000000000",
	0,
	'BOOKINGSESSION3: addServiceEvent',
	"00000000-0000-0000-0000-000000000000");
INSERT INTO ACT_BLK
	VALUES ("a7d157f5-f673-409f-bc12-0def35887d04",
	0,
	0,
	0,
	'',
	'',
	'',
	0,
	0,
	0,
	0,
	0,
	0,
	0,
	0,
	0,
	0,
	0,
	0,
	0,
	"30a4ad40-2b3d-4ac8-baab-1b4b033205b8",
	"00000000-0000-0000-0000-000000000000");
INSERT INTO SM_TXN
	VALUES ("bca5f9b2-78a7-4087-886e-1d17e5ab62a3",
	"c87b2dab-d00f-4d32-a5d3-d1e5b01c9cb3",
	"5ba9883b-4a7b-40ed-a541-d3bba232f55a",
	"00000000-0000-0000-0000-000000000000");
INSERT INTO SM_NSTXN
	VALUES ("a824f355-940c-4185-aca4-ab6b81f07db6",
	"c87b2dab-d00f-4d32-a5d3-d1e5b01c9cb3",
	"5ba9883b-4a7b-40ed-a541-d3bba232f55a",
	"9a883f49-b118-47b2-880c-373bfecf9218",
	"00000000-0000-0000-0000-000000000000");
INSERT INTO SM_TAH
	VALUES ("92b379a3-161a-4907-869b-d3cce8eba8ed",
	"c87b2dab-d00f-4d32-a5d3-d1e5b01c9cb3",
	"a824f355-940c-4185-aca4-ab6b81f07db6");
INSERT INTO SM_AH
	VALUES ("92b379a3-161a-4907-869b-d3cce8eba8ed",
	"c87b2dab-d00f-4d32-a5d3-d1e5b01c9cb3");
INSERT INTO SM_ACT
	VALUES ("92b379a3-161a-4907-869b-d3cce8eba8ed",
	"c87b2dab-d00f-4d32-a5d3-d1e5b01c9cb3",
	1,
	'',
	'');
INSERT INTO ACT_TAB
	VALUES ("9273f4a9-1b02-4615-ac0b-d74ec0d52547",
	"c87b2dab-d00f-4d32-a5d3-d1e5b01c9cb3",
	"92b379a3-161a-4907-869b-d3cce8eba8ed");
INSERT INTO ACT_ACT
	VALUES ("9273f4a9-1b02-4615-ac0b-d74ec0d52547",
	'transition',
	0,
	"0fe1e951-8bc1-4e38-9dc8-ea88b854ff2a",
	"00000000-0000-0000-0000-000000000000",
	0,
	'BOOKINGSESSION4: confirmEvent',
	"00000000-0000-0000-0000-000000000000");
INSERT INTO ACT_BLK
	VALUES ("0fe1e951-8bc1-4e38-9dc8-ea88b854ff2a",
	0,
	0,
	0,
	'',
	'',
	'',
	0,
	0,
	0,
	0,
	0,
	0,
	0,
	0,
	0,
	0,
	0,
	0,
	0,
	"9273f4a9-1b02-4615-ac0b-d74ec0d52547",
	"00000000-0000-0000-0000-000000000000");
INSERT INTO SM_TXN
	VALUES ("a824f355-940c-4185-aca4-ab6b81f07db6",
	"c87b2dab-d00f-4d32-a5d3-d1e5b01c9cb3",
	"2f872649-fe94-4f31-b88d-635a7e02ac36",
	"00000000-0000-0000-0000-000000000000");
INSERT INTO SM_NSTXN
	VALUES ("4e570a7c-9b19-4e01-9d88-fd0ebc5b4afa",
	"c87b2dab-d00f-4d32-a5d3-d1e5b01c9cb3",
	"0a2fd1bd-2d48-4562-b322-ca038ace3cef",
	"9a883f49-b118-47b2-880c-373bfecf9218",
	"00000000-0000-0000-0000-000000000000");
INSERT INTO SM_TAH
	VALUES ("bd7743ec-5b90-4217-828f-f1f93b04b228",
	"c87b2dab-d00f-4d32-a5d3-d1e5b01c9cb3",
	"4e570a7c-9b19-4e01-9d88-fd0ebc5b4afa");
INSERT INTO SM_AH
	VALUES ("bd7743ec-5b90-4217-828f-f1f93b04b228",
	"c87b2dab-d00f-4d32-a5d3-d1e5b01c9cb3");
INSERT INTO SM_ACT
	VALUES ("bd7743ec-5b90-4217-828f-f1f93b04b228",
	"c87b2dab-d00f-4d32-a5d3-d1e5b01c9cb3",
	1,
	'',
	'');
INSERT INTO ACT_TAB
	VALUES ("735b1968-7d5b-4851-baea-55c3934ac869",
	"c87b2dab-d00f-4d32-a5d3-d1e5b01c9cb3",
	"bd7743ec-5b90-4217-828f-f1f93b04b228");
INSERT INTO ACT_ACT
	VALUES ("735b1968-7d5b-4851-baea-55c3934ac869",
	'transition',
	0,
	"ebb8c133-b619-49c7-8dc0-b1195f4e5f5c",
	"00000000-0000-0000-0000-000000000000",
	0,
	'BOOKINGSESSION4: confirmEvent',
	"00000000-0000-0000-0000-000000000000");
INSERT INTO ACT_BLK
	VALUES ("ebb8c133-b619-49c7-8dc0-b1195f4e5f5c",
	0,
	0,
	0,
	'',
	'',
	'',
	0,
	0,
	0,
	0,
	0,
	0,
	0,
	0,
	0,
	0,
	0,
	0,
	0,
	"735b1968-7d5b-4851-baea-55c3934ac869",
	"00000000-0000-0000-0000-000000000000");
INSERT INTO SM_TXN
	VALUES ("4e570a7c-9b19-4e01-9d88-fd0ebc5b4afa",
	"c87b2dab-d00f-4d32-a5d3-d1e5b01c9cb3",
	"2f872649-fe94-4f31-b88d-635a7e02ac36",
	"00000000-0000-0000-0000-000000000000");
INSERT INTO SM_NSTXN
	VALUES ("7772ee11-1a82-4b38-b3ff-70fc22c6c75c",
	"c87b2dab-d00f-4d32-a5d3-d1e5b01c9cb3",
	"2f872649-fe94-4f31-b88d-635a7e02ac36",
	"153a511b-c927-49fe-95d5-db518898883d",
	"00000000-0000-0000-0000-000000000000");
INSERT INTO SM_TAH
	VALUES ("c038f923-d335-408d-9921-3bd3ba021585",
	"c87b2dab-d00f-4d32-a5d3-d1e5b01c9cb3",
	"7772ee11-1a82-4b38-b3ff-70fc22c6c75c");
INSERT INTO SM_AH
	VALUES ("c038f923-d335-408d-9921-3bd3ba021585",
	"c87b2dab-d00f-4d32-a5d3-d1e5b01c9cb3");
INSERT INTO SM_ACT
	VALUES ("c038f923-d335-408d-9921-3bd3ba021585",
	"c87b2dab-d00f-4d32-a5d3-d1e5b01c9cb3",
	1,
	'',
	'');
INSERT INTO ACT_TAB
	VALUES ("a14ac7bd-88fe-4e1e-9b4e-c01fc39ee286",
	"c87b2dab-d00f-4d32-a5d3-d1e5b01c9cb3",
	"c038f923-d335-408d-9921-3bd3ba021585");
INSERT INTO ACT_ACT
	VALUES ("a14ac7bd-88fe-4e1e-9b4e-c01fc39ee286",
	'transition',
	0,
	"92249588-1005-44e0-9177-49c6bf94b9a0",
	"00000000-0000-0000-0000-000000000000",
	0,
	'BOOKINGSESSION5: customerDetailsEvent',
	"00000000-0000-0000-0000-000000000000");
INSERT INTO ACT_BLK
	VALUES ("92249588-1005-44e0-9177-49c6bf94b9a0",
	0,
	0,
	0,
	'',
	'',
	'',
	0,
	0,
	0,
	0,
	0,
	0,
	0,
	0,
	0,
	0,
	0,
	0,
	0,
	"a14ac7bd-88fe-4e1e-9b4e-c01fc39ee286",
	"00000000-0000-0000-0000-000000000000");
INSERT INTO SM_TXN
	VALUES ("7772ee11-1a82-4b38-b3ff-70fc22c6c75c",
	"c87b2dab-d00f-4d32-a5d3-d1e5b01c9cb3",
	"379a455a-c9de-4de3-9d42-47151db4b5c1",
	"00000000-0000-0000-0000-000000000000");
INSERT INTO SM_NSTXN
	VALUES ("07e5917f-d314-4987-a2de-cd5ccc16bffb",
	"c87b2dab-d00f-4d32-a5d3-d1e5b01c9cb3",
	"379a455a-c9de-4de3-9d42-47151db4b5c1",
	"459dadf1-a920-477f-b495-f73fd93f16e7",
	"00000000-0000-0000-0000-000000000000");
INSERT INTO SM_TAH
	VALUES ("70af8250-2e39-45f2-913a-19033c5f505b",
	"c87b2dab-d00f-4d32-a5d3-d1e5b01c9cb3",
	"07e5917f-d314-4987-a2de-cd5ccc16bffb");
INSERT INTO SM_AH
	VALUES ("70af8250-2e39-45f2-913a-19033c5f505b",
	"c87b2dab-d00f-4d32-a5d3-d1e5b01c9cb3");
INSERT INTO SM_ACT
	VALUES ("70af8250-2e39-45f2-913a-19033c5f505b",
	"c87b2dab-d00f-4d32-a5d3-d1e5b01c9cb3",
	1,
	'',
	'');
INSERT INTO ACT_TAB
	VALUES ("9225f08e-18d6-476a-b922-edc2d41bf8dc",
	"c87b2dab-d00f-4d32-a5d3-d1e5b01c9cb3",
	"70af8250-2e39-45f2-913a-19033c5f505b");
INSERT INTO ACT_ACT
	VALUES ("9225f08e-18d6-476a-b922-edc2d41bf8dc",
	'transition',
	0,
	"6eb6c099-7b6c-452f-9afe-d4a0664a65fc",
	"00000000-0000-0000-0000-000000000000",
	0,
	'BOOKINGSESSION6: paymentInfoEvent',
	"00000000-0000-0000-0000-000000000000");
INSERT INTO ACT_BLK
	VALUES ("6eb6c099-7b6c-452f-9afe-d4a0664a65fc",
	0,
	0,
	0,
	'',
	'',
	'',
	0,
	0,
	0,
	0,
	0,
	0,
	0,
	0,
	0,
	0,
	0,
	0,
	0,
	"9225f08e-18d6-476a-b922-edc2d41bf8dc",
	"00000000-0000-0000-0000-000000000000");
INSERT INTO SM_TXN
	VALUES ("07e5917f-d314-4987-a2de-cd5ccc16bffb",
	"c87b2dab-d00f-4d32-a5d3-d1e5b01c9cb3",
	"16b76ff7-c8d4-4f88-81c4-f6f0a7d93a90",
	"00000000-0000-0000-0000-000000000000");
INSERT INTO SM_NSTXN
	VALUES ("ce040e31-907f-4748-bd3a-a580e86be93f",
	"c87b2dab-d00f-4d32-a5d3-d1e5b01c9cb3",
	"16b76ff7-c8d4-4f88-81c4-f6f0a7d93a90",
	"2abc1152-f6f1-440f-8291-2896e45ba380",
	"00000000-0000-0000-0000-000000000000");
INSERT INTO SM_TAH
	VALUES ("bbe798a5-8b5f-4a30-9a80-23aa2e593954",
	"c87b2dab-d00f-4d32-a5d3-d1e5b01c9cb3",
	"ce040e31-907f-4748-bd3a-a580e86be93f");
INSERT INTO SM_AH
	VALUES ("bbe798a5-8b5f-4a30-9a80-23aa2e593954",
	"c87b2dab-d00f-4d32-a5d3-d1e5b01c9cb3");
INSERT INTO SM_ACT
	VALUES ("bbe798a5-8b5f-4a30-9a80-23aa2e593954",
	"c87b2dab-d00f-4d32-a5d3-d1e5b01c9cb3",
	1,
	'',
	'');
INSERT INTO ACT_TAB
	VALUES ("f331cc85-a72d-45bc-a108-4157b5902fb2",
	"c87b2dab-d00f-4d32-a5d3-d1e5b01c9cb3",
	"bbe798a5-8b5f-4a30-9a80-23aa2e593954");
INSERT INTO ACT_ACT
	VALUES ("f331cc85-a72d-45bc-a108-4157b5902fb2",
	'transition',
	0,
	"348c30e2-6cfa-43f7-a72b-81b53fdc9f92",
	"00000000-0000-0000-0000-000000000000",
	0,
	'BOOKINGSESSION7: paymentConfirmedEvent',
	"00000000-0000-0000-0000-000000000000");
INSERT INTO ACT_BLK
	VALUES ("348c30e2-6cfa-43f7-a72b-81b53fdc9f92",
	0,
	0,
	0,
	'',
	'',
	'',
	0,
	0,
	0,
	0,
	0,
	0,
	0,
	0,
	0,
	0,
	0,
	0,
	0,
	"f331cc85-a72d-45bc-a108-4157b5902fb2",
	"00000000-0000-0000-0000-000000000000");
INSERT INTO SM_TXN
	VALUES ("ce040e31-907f-4748-bd3a-a580e86be93f",
	"c87b2dab-d00f-4d32-a5d3-d1e5b01c9cb3",
	"72fee477-0c93-4c4b-a7f5-91fc26b56a7c",
	"00000000-0000-0000-0000-000000000000");
INSERT INTO SM_NSTXN
	VALUES ("580ba611-db2b-4fe4-8f5b-cb5fdab70ba2",
	"c87b2dab-d00f-4d32-a5d3-d1e5b01c9cb3",
	"72fee477-0c93-4c4b-a7f5-91fc26b56a7c",
	"9a883f49-b118-47b2-880c-373bfecf9218",
	"00000000-0000-0000-0000-000000000000");
INSERT INTO SM_TAH
	VALUES ("4502ef61-4af2-442a-a088-8a6f6b5ca707",
	"c87b2dab-d00f-4d32-a5d3-d1e5b01c9cb3",
	"580ba611-db2b-4fe4-8f5b-cb5fdab70ba2");
INSERT INTO SM_AH
	VALUES ("4502ef61-4af2-442a-a088-8a6f6b5ca707",
	"c87b2dab-d00f-4d32-a5d3-d1e5b01c9cb3");
INSERT INTO SM_ACT
	VALUES ("4502ef61-4af2-442a-a088-8a6f6b5ca707",
	"c87b2dab-d00f-4d32-a5d3-d1e5b01c9cb3",
	1,
	'',
	'');
INSERT INTO ACT_TAB
	VALUES ("0b2ce987-d4d4-4289-9ccb-e7fc47a5a84e",
	"c87b2dab-d00f-4d32-a5d3-d1e5b01c9cb3",
	"4502ef61-4af2-442a-a088-8a6f6b5ca707");
INSERT INTO ACT_ACT
	VALUES ("0b2ce987-d4d4-4289-9ccb-e7fc47a5a84e",
	'transition',
	0,
	"cbff03a8-f0a6-4858-bc67-528fa3befa7a",
	"00000000-0000-0000-0000-000000000000",
	0,
	'BOOKINGSESSION4: confirmEvent',
	"00000000-0000-0000-0000-000000000000");
INSERT INTO ACT_BLK
	VALUES ("cbff03a8-f0a6-4858-bc67-528fa3befa7a",
	0,
	0,
	0,
	'',
	'',
	'',
	0,
	0,
	0,
	0,
	0,
	0,
	0,
	0,
	0,
	0,
	0,
	0,
	0,
	"0b2ce987-d4d4-4289-9ccb-e7fc47a5a84e",
	"00000000-0000-0000-0000-000000000000");
INSERT INTO SM_TXN
	VALUES ("580ba611-db2b-4fe4-8f5b-cb5fdab70ba2",
	"c87b2dab-d00f-4d32-a5d3-d1e5b01c9cb3",
	"c19dec2f-8b92-4dea-8ea8-e41ae60a6aa4",
	"00000000-0000-0000-0000-000000000000");
INSERT INTO SM_NSTXN
	VALUES ("d7bba8e9-9132-4c23-8001-1f6d4c35dce3",
	"c87b2dab-d00f-4d32-a5d3-d1e5b01c9cb3",
	"72fee477-0c93-4c4b-a7f5-91fc26b56a7c",
	"5d2bc261-464e-4c96-88a1-0dcf2267fd8b",
	"00000000-0000-0000-0000-000000000000");
INSERT INTO SM_TAH
	VALUES ("0cc5fd5d-78d3-43df-82b9-4ff8797f6f75",
	"c87b2dab-d00f-4d32-a5d3-d1e5b01c9cb3",
	"d7bba8e9-9132-4c23-8001-1f6d4c35dce3");
INSERT INTO SM_AH
	VALUES ("0cc5fd5d-78d3-43df-82b9-4ff8797f6f75",
	"c87b2dab-d00f-4d32-a5d3-d1e5b01c9cb3");
INSERT INTO SM_ACT
	VALUES ("0cc5fd5d-78d3-43df-82b9-4ff8797f6f75",
	"c87b2dab-d00f-4d32-a5d3-d1e5b01c9cb3",
	1,
	'',
	'');
INSERT INTO ACT_TAB
	VALUES ("b748f3b7-1c16-4d1f-9016-2bfbb0101576",
	"c87b2dab-d00f-4d32-a5d3-d1e5b01c9cb3",
	"0cc5fd5d-78d3-43df-82b9-4ff8797f6f75");
INSERT INTO ACT_ACT
	VALUES ("b748f3b7-1c16-4d1f-9016-2bfbb0101576",
	'transition',
	0,
	"da4bc496-7714-4329-84d0-de03806c0da5",
	"00000000-0000-0000-0000-000000000000",
	0,
	'BOOKINGSESSION8: cancelEvent',
	"00000000-0000-0000-0000-000000000000");
INSERT INTO ACT_BLK
	VALUES ("da4bc496-7714-4329-84d0-de03806c0da5",
	0,
	0,
	0,
	'',
	'',
	'',
	0,
	0,
	0,
	0,
	0,
	0,
	0,
	0,
	0,
	0,
	0,
	0,
	0,
	"b748f3b7-1c16-4d1f-9016-2bfbb0101576",
	"00000000-0000-0000-0000-000000000000");
INSERT INTO SM_TXN
	VALUES ("d7bba8e9-9132-4c23-8001-1f6d4c35dce3",
	"c87b2dab-d00f-4d32-a5d3-d1e5b01c9cb3",
	"4aecb993-a30f-4e82-ae57-ca7b870f160e",
	"00000000-0000-0000-0000-000000000000");
INSERT INTO SM_NSTXN
	VALUES ("9def0dcb-a7de-410e-8a24-04d98a5006a1",
	"c87b2dab-d00f-4d32-a5d3-d1e5b01c9cb3",
	"2f872649-fe94-4f31-b88d-635a7e02ac36",
	"463dc70c-f7bb-484c-8def-bd2056914139",
	"00000000-0000-0000-0000-000000000000");
INSERT INTO SM_TAH
	VALUES ("5503c25c-8933-4dd4-875b-836fb1e2f6d4",
	"c87b2dab-d00f-4d32-a5d3-d1e5b01c9cb3",
	"9def0dcb-a7de-410e-8a24-04d98a5006a1");
INSERT INTO SM_AH
	VALUES ("5503c25c-8933-4dd4-875b-836fb1e2f6d4",
	"c87b2dab-d00f-4d32-a5d3-d1e5b01c9cb3");
INSERT INTO SM_ACT
	VALUES ("5503c25c-8933-4dd4-875b-836fb1e2f6d4",
	"c87b2dab-d00f-4d32-a5d3-d1e5b01c9cb3",
	1,
	'',
	'');
INSERT INTO ACT_TAB
	VALUES ("126e80f4-bcb1-4ed0-ba64-3a0bc722507f",
	"c87b2dab-d00f-4d32-a5d3-d1e5b01c9cb3",
	"5503c25c-8933-4dd4-875b-836fb1e2f6d4");
INSERT INTO ACT_ACT
	VALUES ("126e80f4-bcb1-4ed0-ba64-3a0bc722507f",
	'transition',
	0,
	"63fbe019-e7a3-4f8a-9141-cb8c23102a4b",
	"00000000-0000-0000-0000-000000000000",
	0,
	'BOOKINGSESSION1: selectEvent',
	"00000000-0000-0000-0000-000000000000");
INSERT INTO ACT_BLK
	VALUES ("63fbe019-e7a3-4f8a-9141-cb8c23102a4b",
	0,
	0,
	0,
	'',
	'',
	'',
	0,
	0,
	0,
	0,
	0,
	0,
	0,
	0,
	0,
	0,
	0,
	0,
	0,
	"126e80f4-bcb1-4ed0-ba64-3a0bc722507f",
	"00000000-0000-0000-0000-000000000000");
INSERT INTO SM_TXN
	VALUES ("9def0dcb-a7de-410e-8a24-04d98a5006a1",
	"c87b2dab-d00f-4d32-a5d3-d1e5b01c9cb3",
	"ec664e05-8719-4277-966f-43d8cf4e3176",
	"00000000-0000-0000-0000-000000000000");
INSERT INTO SM_NSTXN
	VALUES ("d0e26d94-bf1a-45d3-bdb1-e0f3d6f32599",
	"c87b2dab-d00f-4d32-a5d3-d1e5b01c9cb3",
	"82c06f18-ae14-4d95-9351-b2eea2fa5c2b",
	"463dc70c-f7bb-484c-8def-bd2056914139",
	"00000000-0000-0000-0000-000000000000");
INSERT INTO SM_TAH
	VALUES ("3bd450a6-95b5-47e3-8fab-3cc0e8e69f16",
	"c87b2dab-d00f-4d32-a5d3-d1e5b01c9cb3",
	"d0e26d94-bf1a-45d3-bdb1-e0f3d6f32599");
INSERT INTO SM_AH
	VALUES ("3bd450a6-95b5-47e3-8fab-3cc0e8e69f16",
	"c87b2dab-d00f-4d32-a5d3-d1e5b01c9cb3");
INSERT INTO SM_ACT
	VALUES ("3bd450a6-95b5-47e3-8fab-3cc0e8e69f16",
	"c87b2dab-d00f-4d32-a5d3-d1e5b01c9cb3",
	1,
	'',
	'');
INSERT INTO ACT_TAB
	VALUES ("390d8dd3-fd8a-42cd-b908-895a4933cc82",
	"c87b2dab-d00f-4d32-a5d3-d1e5b01c9cb3",
	"3bd450a6-95b5-47e3-8fab-3cc0e8e69f16");
INSERT INTO ACT_ACT
	VALUES ("390d8dd3-fd8a-42cd-b908-895a4933cc82",
	'transition',
	0,
	"8dc4c329-d47b-42ed-a072-0e8e823b3aed",
	"00000000-0000-0000-0000-000000000000",
	0,
	'BOOKINGSESSION1: selectEvent',
	"00000000-0000-0000-0000-000000000000");
INSERT INTO ACT_BLK
	VALUES ("8dc4c329-d47b-42ed-a072-0e8e823b3aed",
	0,
	0,
	0,
	'',
	'',
	'',
	0,
	0,
	0,
	0,
	0,
	0,
	0,
	0,
	0,
	0,
	0,
	0,
	0,
	"390d8dd3-fd8a-42cd-b908-895a4933cc82",
	"00000000-0000-0000-0000-000000000000");
INSERT INTO SM_TXN
	VALUES ("d0e26d94-bf1a-45d3-bdb1-e0f3d6f32599",
	"c87b2dab-d00f-4d32-a5d3-d1e5b01c9cb3",
	"ec664e05-8719-4277-966f-43d8cf4e3176",
	"00000000-0000-0000-0000-000000000000");
INSERT INTO SM_NSTXN
	VALUES ("7d4f2898-2a1d-43e2-8766-ef1ea1383482",
	"c87b2dab-d00f-4d32-a5d3-d1e5b01c9cb3",
	"abba5c5c-cc80-413e-acaf-3b88d5e3c3c6",
	"42a35ac4-7d83-4153-8c24-cc4699f29672",
	"00000000-0000-0000-0000-000000000000");
INSERT INTO SM_TAH
	VALUES ("dde59609-4671-4f2b-8912-b12f1fb8543a",
	"c87b2dab-d00f-4d32-a5d3-d1e5b01c9cb3",
	"7d4f2898-2a1d-43e2-8766-ef1ea1383482");
INSERT INTO SM_AH
	VALUES ("dde59609-4671-4f2b-8912-b12f1fb8543a",
	"c87b2dab-d00f-4d32-a5d3-d1e5b01c9cb3");
INSERT INTO SM_ACT
	VALUES ("dde59609-4671-4f2b-8912-b12f1fb8543a",
	"c87b2dab-d00f-4d32-a5d3-d1e5b01c9cb3",
	1,
	'',
	'');
INSERT INTO ACT_TAB
	VALUES ("df50a31f-a8a0-4249-b316-5582804cb60e",
	"c87b2dab-d00f-4d32-a5d3-d1e5b01c9cb3",
	"dde59609-4671-4f2b-8912-b12f1fb8543a");
INSERT INTO ACT_ACT
	VALUES ("df50a31f-a8a0-4249-b316-5582804cb60e",
	'transition',
	0,
	"24debae5-ed38-441e-a667-d7eb1e29c7f3",
	"00000000-0000-0000-0000-000000000000",
	0,
	'BOOKINGSESSION9: searchEvent',
	"00000000-0000-0000-0000-000000000000");
INSERT INTO ACT_BLK
	VALUES ("24debae5-ed38-441e-a667-d7eb1e29c7f3",
	0,
	0,
	0,
	'',
	'',
	'',
	0,
	0,
	0,
	0,
	0,
	0,
	0,
	0,
	0,
	0,
	0,
	0,
	0,
	"df50a31f-a8a0-4249-b316-5582804cb60e",
	"00000000-0000-0000-0000-000000000000");
INSERT INTO SM_TXN
	VALUES ("7d4f2898-2a1d-43e2-8766-ef1ea1383482",
	"c87b2dab-d00f-4d32-a5d3-d1e5b01c9cb3",
	"82c06f18-ae14-4d95-9351-b2eea2fa5c2b",
	"00000000-0000-0000-0000-000000000000");
INSERT INTO SM_NSTXN
	VALUES ("989444bb-d541-46e0-8153-6a2b76aada74",
	"c87b2dab-d00f-4d32-a5d3-d1e5b01c9cb3",
	"2f872649-fe94-4f31-b88d-635a7e02ac36",
	"42a35ac4-7d83-4153-8c24-cc4699f29672",
	"00000000-0000-0000-0000-000000000000");
INSERT INTO SM_TAH
	VALUES ("ab4fad15-d1e3-4102-bfbc-dfa7fca520dc",
	"c87b2dab-d00f-4d32-a5d3-d1e5b01c9cb3",
	"989444bb-d541-46e0-8153-6a2b76aada74");
INSERT INTO SM_AH
	VALUES ("ab4fad15-d1e3-4102-bfbc-dfa7fca520dc",
	"c87b2dab-d00f-4d32-a5d3-d1e5b01c9cb3");
INSERT INTO SM_ACT
	VALUES ("ab4fad15-d1e3-4102-bfbc-dfa7fca520dc",
	"c87b2dab-d00f-4d32-a5d3-d1e5b01c9cb3",
	1,
	'',
	'');
INSERT INTO ACT_TAB
	VALUES ("b0857552-ab9d-48f5-9897-d064b6d8e983",
	"c87b2dab-d00f-4d32-a5d3-d1e5b01c9cb3",
	"ab4fad15-d1e3-4102-bfbc-dfa7fca520dc");
INSERT INTO ACT_ACT
	VALUES ("b0857552-ab9d-48f5-9897-d064b6d8e983",
	'transition',
	0,
	"6d8e3885-3334-4315-aba2-d125b33c07e8",
	"00000000-0000-0000-0000-000000000000",
	0,
	'BOOKINGSESSION9: searchEvent',
	"00000000-0000-0000-0000-000000000000");
INSERT INTO ACT_BLK
	VALUES ("6d8e3885-3334-4315-aba2-d125b33c07e8",
	0,
	0,
	0,
	'',
	'',
	'',
	0,
	0,
	0,
	0,
	0,
	0,
	0,
	0,
	0,
	0,
	0,
	0,
	0,
	"b0857552-ab9d-48f5-9897-d064b6d8e983",
	"00000000-0000-0000-0000-000000000000");
INSERT INTO SM_TXN
	VALUES ("989444bb-d541-46e0-8153-6a2b76aada74",
	"c87b2dab-d00f-4d32-a5d3-d1e5b01c9cb3",
	"2f872649-fe94-4f31-b88d-635a7e02ac36",
	"00000000-0000-0000-0000-000000000000");
INSERT INTO SM_NSTXN
	VALUES ("58d246cd-d443-4fb0-8ac7-fd9123a35c23",
	"c87b2dab-d00f-4d32-a5d3-d1e5b01c9cb3",
	"82c06f18-ae14-4d95-9351-b2eea2fa5c2b",
	"42a35ac4-7d83-4153-8c24-cc4699f29672",
	"00000000-0000-0000-0000-000000000000");
INSERT INTO SM_TAH
	VALUES ("c95fdfb0-398f-43ec-9b84-c1134dd792d7",
	"c87b2dab-d00f-4d32-a5d3-d1e5b01c9cb3",
	"58d246cd-d443-4fb0-8ac7-fd9123a35c23");
INSERT INTO SM_AH
	VALUES ("c95fdfb0-398f-43ec-9b84-c1134dd792d7",
	"c87b2dab-d00f-4d32-a5d3-d1e5b01c9cb3");
INSERT INTO SM_ACT
	VALUES ("c95fdfb0-398f-43ec-9b84-c1134dd792d7",
	"c87b2dab-d00f-4d32-a5d3-d1e5b01c9cb3",
	1,
	'',
	'');
INSERT INTO ACT_TAB
	VALUES ("cec0bfa8-b9c1-4beb-affc-35cf7b24dae9",
	"c87b2dab-d00f-4d32-a5d3-d1e5b01c9cb3",
	"c95fdfb0-398f-43ec-9b84-c1134dd792d7");
INSERT INTO ACT_ACT
	VALUES ("cec0bfa8-b9c1-4beb-affc-35cf7b24dae9",
	'transition',
	0,
	"defb775a-088b-4cfe-bbe3-a236882563fc",
	"00000000-0000-0000-0000-000000000000",
	0,
	'BOOKINGSESSION9: searchEvent',
	"00000000-0000-0000-0000-000000000000");
INSERT INTO ACT_BLK
	VALUES ("defb775a-088b-4cfe-bbe3-a236882563fc",
	0,
	0,
	0,
	'',
	'',
	'',
	0,
	0,
	0,
	0,
	0,
	0,
	0,
	0,
	0,
	0,
	0,
	0,
	0,
	"cec0bfa8-b9c1-4beb-affc-35cf7b24dae9",
	"00000000-0000-0000-0000-000000000000");
INSERT INTO SM_TXN
	VALUES ("58d246cd-d443-4fb0-8ac7-fd9123a35c23",
	"c87b2dab-d00f-4d32-a5d3-d1e5b01c9cb3",
	"82c06f18-ae14-4d95-9351-b2eea2fa5c2b",
	"00000000-0000-0000-0000-000000000000");
INSERT INTO SM_ASM
	VALUES ("1cceaf51-6f2a-4dbc-806e-afb09371f60a",
	"7137c09d-ba0e-406b-b3b5-76bb3cc48f3d");
INSERT INTO SM_SM
	VALUES ("1cceaf51-6f2a-4dbc-806e-afb09371f60a",
	'',
	0);
INSERT INTO SM_MOORE
	VALUES ("1cceaf51-6f2a-4dbc-806e-afb09371f60a");
INSERT INTO SM_LEVT
	VALUES ("6a869ce9-b6a6-41ca-a021-ce5c93e3f8f5",
	"1cceaf51-6f2a-4dbc-806e-afb09371f60a",
	"00000000-0000-0000-0000-000000000000");
INSERT INTO SM_SEVT
	VALUES ("6a869ce9-b6a6-41ca-a021-ce5c93e3f8f5",
	"1cceaf51-6f2a-4dbc-806e-afb09371f60a",
	"00000000-0000-0000-0000-000000000000");
INSERT INTO SM_EVT
	VALUES ("6a869ce9-b6a6-41ca-a021-ce5c93e3f8f5",
	"1cceaf51-6f2a-4dbc-806e-afb09371f60a",
	"00000000-0000-0000-0000-000000000000",
	1,
	'requestSessionEvent',
	0,
	'',
	'BOOKINGSESSION_A1',
	'');
INSERT INTO SM_STATE
	VALUES ("41cae87c-efc9-4d47-82ed-23030b389384",
	"1cceaf51-6f2a-4dbc-806e-afb09371f60a",
	"00000000-0000-0000-0000-000000000000",
	'Standby',
	1,
	0);
INSERT INTO SM_CH
	VALUES ("41cae87c-efc9-4d47-82ed-23030b389384",
	"6a869ce9-b6a6-41ca-a021-ce5c93e3f8f5",
	"1cceaf51-6f2a-4dbc-806e-afb09371f60a",
	"00000000-0000-0000-0000-000000000000",
	'');
INSERT INTO SM_SEME
	VALUES ("41cae87c-efc9-4d47-82ed-23030b389384",
	"6a869ce9-b6a6-41ca-a021-ce5c93e3f8f5",
	"1cceaf51-6f2a-4dbc-806e-afb09371f60a",
	"00000000-0000-0000-0000-000000000000");
INSERT INTO SM_MOAH
	VALUES ("45ab631e-8185-492b-b854-b894e9f7cb06",
	"1cceaf51-6f2a-4dbc-806e-afb09371f60a",
	"41cae87c-efc9-4d47-82ed-23030b389384");
INSERT INTO SM_AH
	VALUES ("45ab631e-8185-492b-b854-b894e9f7cb06",
	"1cceaf51-6f2a-4dbc-806e-afb09371f60a");
INSERT INTO SM_ACT
	VALUES ("45ab631e-8185-492b-b854-b894e9f7cb06",
	"1cceaf51-6f2a-4dbc-806e-afb09371f60a",
	1,
	'',
	'');
INSERT INTO ACT_SAB
	VALUES ("fb592d50-912c-4843-8e65-47c8918b5afa",
	"1cceaf51-6f2a-4dbc-806e-afb09371f60a",
	"45ab631e-8185-492b-b854-b894e9f7cb06");
INSERT INTO ACT_ACT
	VALUES ("fb592d50-912c-4843-8e65-47c8918b5afa",
	'class state',
	0,
	"1dcfdc43-b7e4-4d43-8829-29371faf5231",
	"00000000-0000-0000-0000-000000000000",
	0,
	'BookingSession::Standby',
	"00000000-0000-0000-0000-000000000000");
INSERT INTO ACT_BLK
	VALUES ("1dcfdc43-b7e4-4d43-8829-29371faf5231",
	0,
	0,
	0,
	'',
	'',
	'',
	0,
	0,
	0,
	0,
	0,
	0,
	0,
	0,
	0,
	0,
	0,
	0,
	0,
	"fb592d50-912c-4843-8e65-47c8918b5afa",
	"00000000-0000-0000-0000-000000000000");
INSERT INTO CSME_CIE
	VALUES ("34c6a951-fc21-4aa3-b051-d06978546b93",
	"2fb1b278-da98-49b1-9c58-8021dceffd83",
	"7137c09d-ba0e-406b-b3b5-76bb3cc48f3d",
	"960454f9-cf5f-4331-88bf-8023709586b1",
	'BookingSession');
INSERT INTO CSME_CIE
	VALUES ("af00afdd-23f3-4918-8888-d5537c75f2f4",
	"8b21c695-eeb6-4037-9434-89237fba2083",
	"7137c09d-ba0e-406b-b3b5-76bb3cc48f3d",
	"960454f9-cf5f-4331-88bf-8023709586b1",
	'BookingSession');
INSERT INTO PE_PE
	VALUES ("80f12c98-ccb7-4bab-acab-351f7970a5eb",
	1,
	"960454f9-cf5f-4331-88bf-8023709586b1",
	"00000000-0000-0000-0000-000000000000",
	4);
INSERT INTO O_OBJ
	VALUES ("80f12c98-ccb7-4bab-acab-351f7970a5eb",
	'Cash',
	16,
	'CASH',
	'',
	"00000000-0000-0000-0000-000000000000");
INSERT INTO O_ID
	VALUES (2,
	"80f12c98-ccb7-4bab-acab-351f7970a5eb");
INSERT INTO O_ID
	VALUES (1,
	"80f12c98-ccb7-4bab-acab-351f7970a5eb");
INSERT INTO O_ID
	VALUES (0,
	"80f12c98-ccb7-4bab-acab-351f7970a5eb");
INSERT INTO CSME_CIE
	VALUES ("a8546f1c-6978-4dc9-82b6-5e183e6ac06f",
	"2fb1b278-da98-49b1-9c58-8021dceffd83",
	"80f12c98-ccb7-4bab-acab-351f7970a5eb",
	"960454f9-cf5f-4331-88bf-8023709586b1",
	'Cash');
INSERT INTO CSME_CIE
	VALUES ("131e04cd-4cb8-4a59-a43a-246dfa2c8df0",
	"8b21c695-eeb6-4037-9434-89237fba2083",
	"80f12c98-ccb7-4bab-acab-351f7970a5eb",
	"960454f9-cf5f-4331-88bf-8023709586b1",
	'Cash');
INSERT INTO PE_PE
	VALUES ("33325975-636b-4865-afdb-d6d8138b80fe",
	1,
	"960454f9-cf5f-4331-88bf-8023709586b1",
	"00000000-0000-0000-0000-000000000000",
	4);
INSERT INTO O_OBJ
	VALUES ("33325975-636b-4865-afdb-d6d8138b80fe",
	'Club',
	21,
	'CLUB',
	'',
	"00000000-0000-0000-0000-000000000000");
INSERT INTO O_NBATTR
	VALUES ("f7156dde-f70b-4ca5-96b1-9eb8fe126ef1",
	"33325975-636b-4865-afdb-d6d8138b80fe");
INSERT INTO O_BATTR
	VALUES ("f7156dde-f70b-4ca5-96b1-9eb8fe126ef1",
	"33325975-636b-4865-afdb-d6d8138b80fe");
INSERT INTO O_ATTR
	VALUES ("f7156dde-f70b-4ca5-96b1-9eb8fe126ef1",
	"33325975-636b-4865-afdb-d6d8138b80fe",
	"00000000-0000-0000-0000-000000000000",
	'clubName',
	'',
	'',
	'clubName',
	0,
	"ba5eda7a-def5-0000-0000-000000000004",
	'',
	'');
INSERT INTO O_ID
	VALUES (2,
	"33325975-636b-4865-afdb-d6d8138b80fe");
INSERT INTO O_ID
	VALUES (1,
	"33325975-636b-4865-afdb-d6d8138b80fe");
INSERT INTO O_ID
	VALUES (0,
	"33325975-636b-4865-afdb-d6d8138b80fe");
INSERT INTO CSME_CIE
	VALUES ("7c095f69-0c4b-42ef-bb9b-fc4f3817a421",
	"2fb1b278-da98-49b1-9c58-8021dceffd83",
	"33325975-636b-4865-afdb-d6d8138b80fe",
	"960454f9-cf5f-4331-88bf-8023709586b1",
	'Club');
INSERT INTO CSME_CIE
	VALUES ("b6a8b559-d59d-4768-ab6b-d8734416c6f2",
	"8b21c695-eeb6-4037-9434-89237fba2083",
	"33325975-636b-4865-afdb-d6d8138b80fe",
	"960454f9-cf5f-4331-88bf-8023709586b1",
	'Club');
INSERT INTO PE_PE
	VALUES ("3aa4c78b-6981-4249-a93a-87e0e14f07b3",
	1,
	"960454f9-cf5f-4331-88bf-8023709586b1",
	"00000000-0000-0000-0000-000000000000",
	4);
INSERT INTO O_OBJ
	VALUES ("3aa4c78b-6981-4249-a93a-87e0e14f07b3",
	'CreditCard',
	18,
	'CREDITCARD',
	'',
	"00000000-0000-0000-0000-000000000000");
INSERT INTO O_NBATTR
	VALUES ("1ecb3801-21b8-4bc9-980b-3ac37ca7195e",
	"3aa4c78b-6981-4249-a93a-87e0e14f07b3");
INSERT INTO O_BATTR
	VALUES ("1ecb3801-21b8-4bc9-980b-3ac37ca7195e",
	"3aa4c78b-6981-4249-a93a-87e0e14f07b3");
INSERT INTO O_ATTR
	VALUES ("1ecb3801-21b8-4bc9-980b-3ac37ca7195e",
	"3aa4c78b-6981-4249-a93a-87e0e14f07b3",
	"436a5009-62ed-4ae4-9c1b-4450511bd9bd",
	'cvcCode',
	'',
	'',
	'cvcCode',
	0,
	"ba5eda7a-def5-0000-0000-000000000002",
	'',
	'');
INSERT INTO O_NBATTR
	VALUES ("436a5009-62ed-4ae4-9c1b-4450511bd9bd",
	"3aa4c78b-6981-4249-a93a-87e0e14f07b3");
INSERT INTO O_BATTR
	VALUES ("436a5009-62ed-4ae4-9c1b-4450511bd9bd",
	"3aa4c78b-6981-4249-a93a-87e0e14f07b3");
INSERT INTO O_ATTR
	VALUES ("436a5009-62ed-4ae4-9c1b-4450511bd9bd",
	"3aa4c78b-6981-4249-a93a-87e0e14f07b3",
	"7b30fa3b-0ff7-4475-89d9-dfd446eba0d6",
	'expirationDate',
	'',
	'',
	'expirationDate',
	0,
	"ba5eda7a-def5-0000-0000-00000000000e",
	'',
	'');
INSERT INTO O_NBATTR
	VALUES ("7b30fa3b-0ff7-4475-89d9-dfd446eba0d6",
	"3aa4c78b-6981-4249-a93a-87e0e14f07b3");
INSERT INTO O_BATTR
	VALUES ("7b30fa3b-0ff7-4475-89d9-dfd446eba0d6",
	"3aa4c78b-6981-4249-a93a-87e0e14f07b3");
INSERT INTO O_ATTR
	VALUES ("7b30fa3b-0ff7-4475-89d9-dfd446eba0d6",
	"3aa4c78b-6981-4249-a93a-87e0e14f07b3",
	"00000000-0000-0000-0000-000000000000",
	'cardNumber',
	'',
	'',
	'cardNumber',
	0,
	"ba5eda7a-def5-0000-0000-000000000002",
	'',
	'');
INSERT INTO O_ID
	VALUES (2,
	"3aa4c78b-6981-4249-a93a-87e0e14f07b3");
INSERT INTO O_ID
	VALUES (1,
	"3aa4c78b-6981-4249-a93a-87e0e14f07b3");
INSERT INTO O_ID
	VALUES (0,
	"3aa4c78b-6981-4249-a93a-87e0e14f07b3");
INSERT INTO CSME_CIE
	VALUES ("42f34c12-b228-40aa-9f19-2dfa9d157b32",
	"2fb1b278-da98-49b1-9c58-8021dceffd83",
	"3aa4c78b-6981-4249-a93a-87e0e14f07b3",
	"960454f9-cf5f-4331-88bf-8023709586b1",
	'CreditCard');
INSERT INTO CSME_CIE
	VALUES ("c7d297b8-b3af-4b55-b5d6-00352bf41788",
	"8b21c695-eeb6-4037-9434-89237fba2083",
	"3aa4c78b-6981-4249-a93a-87e0e14f07b3",
	"960454f9-cf5f-4331-88bf-8023709586b1",
	'CreditCard');
INSERT INTO PE_PE
	VALUES ("bd271967-a0a4-4bd7-9783-303111ffdc9b",
	1,
	"960454f9-cf5f-4331-88bf-8023709586b1",
	"00000000-0000-0000-0000-000000000000",
	4);
INSERT INTO O_OBJ
	VALUES ("bd271967-a0a4-4bd7-9783-303111ffdc9b",
	'Customer',
	20,
	'CUSTOMER',
	'',
	"00000000-0000-0000-0000-000000000000");
INSERT INTO O_NBATTR
	VALUES ("d7ab9c18-4a8e-4361-919f-bf2193fc4147",
	"bd271967-a0a4-4bd7-9783-303111ffdc9b");
INSERT INTO O_BATTR
	VALUES ("d7ab9c18-4a8e-4361-919f-bf2193fc4147",
	"bd271967-a0a4-4bd7-9783-303111ffdc9b");
INSERT INTO O_ATTR
	VALUES ("d7ab9c18-4a8e-4361-919f-bf2193fc4147",
	"bd271967-a0a4-4bd7-9783-303111ffdc9b",
	"dc17542e-30df-48f7-8741-c6c824345a60",
	'customerID',
	'',
	'',
	'customerID',
	0,
	"ba5eda7a-def5-0000-0000-000000000002",
	'',
	'');
INSERT INTO O_NBATTR
	VALUES ("dc17542e-30df-48f7-8741-c6c824345a60",
	"bd271967-a0a4-4bd7-9783-303111ffdc9b");
INSERT INTO O_BATTR
	VALUES ("dc17542e-30df-48f7-8741-c6c824345a60",
	"bd271967-a0a4-4bd7-9783-303111ffdc9b");
INSERT INTO O_ATTR
	VALUES ("dc17542e-30df-48f7-8741-c6c824345a60",
	"bd271967-a0a4-4bd7-9783-303111ffdc9b",
	"00000000-0000-0000-0000-000000000000",
	'name',
	'',
	'',
	'name',
	0,
	"ba5eda7a-def5-0000-0000-000000000004",
	'',
	'');
INSERT INTO O_ID
	VALUES (2,
	"bd271967-a0a4-4bd7-9783-303111ffdc9b");
INSERT INTO O_ID
	VALUES (1,
	"bd271967-a0a4-4bd7-9783-303111ffdc9b");
INSERT INTO O_ID
	VALUES (0,
	"bd271967-a0a4-4bd7-9783-303111ffdc9b");
INSERT INTO CSME_CIE
	VALUES ("edb3653d-4726-4292-bd25-9cd13411e12c",
	"2fb1b278-da98-49b1-9c58-8021dceffd83",
	"bd271967-a0a4-4bd7-9783-303111ffdc9b",
	"960454f9-cf5f-4331-88bf-8023709586b1",
	'Customer');
INSERT INTO CSME_CIE
	VALUES ("e3e9f610-df38-4c30-a3bd-21a9d887fc67",
	"8b21c695-eeb6-4037-9434-89237fba2083",
	"bd271967-a0a4-4bd7-9783-303111ffdc9b",
	"960454f9-cf5f-4331-88bf-8023709586b1",
	'Customer');
INSERT INTO PE_PE
	VALUES ("4b839513-bd70-4d73-85ed-c06b10ee091a",
	1,
	"960454f9-cf5f-4331-88bf-8023709586b1",
	"00000000-0000-0000-0000-000000000000",
	4);
INSERT INTO O_OBJ
	VALUES ("4b839513-bd70-4d73-85ed-c06b10ee091a",
	'Facility',
	3,
	'FACILITY',
	'',
	"00000000-0000-0000-0000-000000000000");
INSERT INTO O_NBATTR
	VALUES ("f68e319f-09bf-4974-af63-20ff8c0aa86d",
	"4b839513-bd70-4d73-85ed-c06b10ee091a");
INSERT INTO O_BATTR
	VALUES ("f68e319f-09bf-4974-af63-20ff8c0aa86d",
	"4b839513-bd70-4d73-85ed-c06b10ee091a");
INSERT INTO O_ATTR
	VALUES ("f68e319f-09bf-4974-af63-20ff8c0aa86d",
	"4b839513-bd70-4d73-85ed-c06b10ee091a",
	"c291b39a-a3ce-4de8-94c2-657b168ceedd",
	'checkedOut',
	'',
	'',
	'checkedOut',
	0,
	"ba5eda7a-def5-0000-0000-000000000010",
	'',
	'');
INSERT INTO O_NBATTR
	VALUES ("c291b39a-a3ce-4de8-94c2-657b168ceedd",
	"4b839513-bd70-4d73-85ed-c06b10ee091a");
INSERT INTO O_BATTR
	VALUES ("c291b39a-a3ce-4de8-94c2-657b168ceedd",
	"4b839513-bd70-4d73-85ed-c06b10ee091a");
INSERT INTO O_ATTR
	VALUES ("c291b39a-a3ce-4de8-94c2-657b168ceedd",
	"4b839513-bd70-4d73-85ed-c06b10ee091a",
	"e22cda36-25e1-4b81-aef1-d74c43020c14",
	'checkedIn',
	'',
	'',
	'checkedIn',
	0,
	"ba5eda7a-def5-0000-0000-000000000010",
	'',
	'');
INSERT INTO O_NBATTR
	VALUES ("e22cda36-25e1-4b81-aef1-d74c43020c14",
	"4b839513-bd70-4d73-85ed-c06b10ee091a");
INSERT INTO O_BATTR
	VALUES ("e22cda36-25e1-4b81-aef1-d74c43020c14",
	"4b839513-bd70-4d73-85ed-c06b10ee091a");
INSERT INTO O_ATTR
	VALUES ("e22cda36-25e1-4b81-aef1-d74c43020c14",
	"4b839513-bd70-4d73-85ed-c06b10ee091a",
	"00000000-0000-0000-0000-000000000000",
	'facilityID',
	'',
	'',
	'facilityID',
	0,
	"ba5eda7a-def5-0000-0000-000000000004",
	'',
	'');
INSERT INTO O_ID
	VALUES (2,
	"4b839513-bd70-4d73-85ed-c06b10ee091a");
INSERT INTO O_ID
	VALUES (1,
	"4b839513-bd70-4d73-85ed-c06b10ee091a");
INSERT INTO O_ID
	VALUES (0,
	"4b839513-bd70-4d73-85ed-c06b10ee091a");
INSERT INTO CSME_CIE
	VALUES ("2bbdd1b7-e7ae-4f3a-9779-c3d3d0a8e8c7",
	"2fb1b278-da98-49b1-9c58-8021dceffd83",
	"4b839513-bd70-4d73-85ed-c06b10ee091a",
	"960454f9-cf5f-4331-88bf-8023709586b1",
	'Facility');
INSERT INTO CSME_CIE
	VALUES ("5cf34a01-1b34-4684-884e-017c90491dd7",
	"8b21c695-eeb6-4037-9434-89237fba2083",
	"4b839513-bd70-4d73-85ed-c06b10ee091a",
	"960454f9-cf5f-4331-88bf-8023709586b1",
	'Facility');
INSERT INTO PE_PE
	VALUES ("bb0b5c24-97a4-43d0-bb19-ce1683a93dc8",
	1,
	"960454f9-cf5f-4331-88bf-8023709586b1",
	"00000000-0000-0000-0000-000000000000",
	4);
INSERT INTO O_OBJ
	VALUES ("bb0b5c24-97a4-43d0-bb19-ce1683a93dc8",
	'FacilityGroup',
	4,
	'FACILITYGROUP',
	'',
	"00000000-0000-0000-0000-000000000000");
INSERT INTO O_NBATTR
	VALUES ("6b52b505-f421-4f29-9799-2e95cb2f7a89",
	"bb0b5c24-97a4-43d0-bb19-ce1683a93dc8");
INSERT INTO O_BATTR
	VALUES ("6b52b505-f421-4f29-9799-2e95cb2f7a89",
	"bb0b5c24-97a4-43d0-bb19-ce1683a93dc8");
INSERT INTO O_ATTR
	VALUES ("6b52b505-f421-4f29-9799-2e95cb2f7a89",
	"bb0b5c24-97a4-43d0-bb19-ce1683a93dc8",
	"00000000-0000-0000-0000-000000000000",
	'name',
	'',
	'',
	'name',
	0,
	"ba5eda7a-def5-0000-0000-000000000004",
	'',
	'');
INSERT INTO O_ID
	VALUES (2,
	"bb0b5c24-97a4-43d0-bb19-ce1683a93dc8");
INSERT INTO O_ID
	VALUES (1,
	"bb0b5c24-97a4-43d0-bb19-ce1683a93dc8");
INSERT INTO O_ID
	VALUES (0,
	"bb0b5c24-97a4-43d0-bb19-ce1683a93dc8");
INSERT INTO CSME_CIE
	VALUES ("d528968c-aed4-476c-ab67-d190b2a6163d",
	"2fb1b278-da98-49b1-9c58-8021dceffd83",
	"bb0b5c24-97a4-43d0-bb19-ce1683a93dc8",
	"960454f9-cf5f-4331-88bf-8023709586b1",
	'FacilityGroup');
INSERT INTO CSME_CIE
	VALUES ("e733aac5-4398-4f5c-ac65-2f94c549a5f1",
	"8b21c695-eeb6-4037-9434-89237fba2083",
	"bb0b5c24-97a4-43d0-bb19-ce1683a93dc8",
	"960454f9-cf5f-4331-88bf-8023709586b1",
	'FacilityGroup');
INSERT INTO PE_PE
	VALUES ("bafdc953-1881-43a3-a5f1-9dcc7e2d60c3",
	1,
	"960454f9-cf5f-4331-88bf-8023709586b1",
	"00000000-0000-0000-0000-000000000000",
	4);
INSERT INTO O_OBJ
	VALUES ("bafdc953-1881-43a3-a5f1-9dcc7e2d60c3",
	'FacilityType',
	2,
	'FACILITYTYPE',
	'',
	"00000000-0000-0000-0000-000000000000");
INSERT INTO O_TFR
	VALUES ("7c6f1c17-66e4-4037-8be9-f2078ba06981",
	"bafdc953-1881-43a3-a5f1-9dcc7e2d60c3",
	'getPossibleExtras',
	'',
	"df204ffe-8ba5-4335-839a-3b03a55091e7",
	1,
	'',
	1,
	'',
	"00000000-0000-0000-0000-000000000000");
INSERT INTO ACT_OPB
	VALUES ("5835325d-adc0-429d-9059-f1804a1075ce",
	"7c6f1c17-66e4-4037-8be9-f2078ba06981");
INSERT INTO ACT_ACT
	VALUES ("5835325d-adc0-429d-9059-f1804a1075ce",
	'operation',
	0,
	"74a6e258-d77d-443e-bf7d-c392dd14f32f",
	"00000000-0000-0000-0000-000000000000",
	0,
	'FacilityType::getPossibleExtras',
	"00000000-0000-0000-0000-000000000000");
INSERT INTO ACT_BLK
	VALUES ("74a6e258-d77d-443e-bf7d-c392dd14f32f",
	0,
	0,
	0,
	'',
	'',
	'',
	0,
	0,
	0,
	0,
	0,
	0,
	0,
	0,
	0,
	0,
	0,
	0,
	0,
	"5835325d-adc0-429d-9059-f1804a1075ce",
	"00000000-0000-0000-0000-000000000000");
INSERT INTO O_NBATTR
	VALUES ("839b61ce-d63e-49ba-a0ae-d1b0093bb680",
	"bafdc953-1881-43a3-a5f1-9dcc7e2d60c3");
INSERT INTO O_BATTR
	VALUES ("839b61ce-d63e-49ba-a0ae-d1b0093bb680",
	"bafdc953-1881-43a3-a5f1-9dcc7e2d60c3");
INSERT INTO O_ATTR
	VALUES ("839b61ce-d63e-49ba-a0ae-d1b0093bb680",
	"bafdc953-1881-43a3-a5f1-9dcc7e2d60c3",
	"00000000-0000-0000-0000-000000000000",
	'approximateArea',
	'',
	'',
	'approximateArea',
	0,
	"ba5eda7a-def5-0000-0000-000000000004",
	'',
	'');
INSERT INTO O_NBATTR
	VALUES ("c7050232-2f33-4247-8fc7-4866e3c7280d",
	"bafdc953-1881-43a3-a5f1-9dcc7e2d60c3");
INSERT INTO O_BATTR
	VALUES ("c7050232-2f33-4247-8fc7-4866e3c7280d",
	"bafdc953-1881-43a3-a5f1-9dcc7e2d60c3");
INSERT INTO O_ATTR
	VALUES ("c7050232-2f33-4247-8fc7-4866e3c7280d",
	"bafdc953-1881-43a3-a5f1-9dcc7e2d60c3",
	"839b61ce-d63e-49ba-a0ae-d1b0093bb680",
	'id',
	'',
	'',
	'id',
	0,
	"ba5eda7a-def5-0000-0000-000000000005",
	'',
	'');
INSERT INTO O_ID
	VALUES (2,
	"bafdc953-1881-43a3-a5f1-9dcc7e2d60c3");
INSERT INTO O_ID
	VALUES (1,
	"bafdc953-1881-43a3-a5f1-9dcc7e2d60c3");
INSERT INTO O_ID
	VALUES (0,
	"bafdc953-1881-43a3-a5f1-9dcc7e2d60c3");
INSERT INTO CSME_CIE
	VALUES ("97093e9c-1c18-4a46-b9be-99328c1bb2a0",
	"2fb1b278-da98-49b1-9c58-8021dceffd83",
	"bafdc953-1881-43a3-a5f1-9dcc7e2d60c3",
	"960454f9-cf5f-4331-88bf-8023709586b1",
	'FacilityType');
INSERT INTO CSME_CIE
	VALUES ("5758a1ec-bb8a-4e52-b54f-2ecec6143358",
	"8b21c695-eeb6-4037-9434-89237fba2083",
	"bafdc953-1881-43a3-a5f1-9dcc7e2d60c3",
	"960454f9-cf5f-4331-88bf-8023709586b1",
	'FacilityType');
INSERT INTO PE_PE
	VALUES ("9309978f-bd81-4f9f-96e9-b124c945fbf1",
	1,
	"960454f9-cf5f-4331-88bf-8023709586b1",
	"00000000-0000-0000-0000-000000000000",
	4);
INSERT INTO O_OBJ
	VALUES ("9309978f-bd81-4f9f-96e9-b124c945fbf1",
	'Guest',
	11,
	'GUEST',
	'',
	"00000000-0000-0000-0000-000000000000");
INSERT INTO O_TFR
	VALUES ("0ad92127-a4ab-45f8-845e-1d70fa15b0c5",
	"9309978f-bd81-4f9f-96e9-b124c945fbf1",
	'setFacility',
	'',
	"ba5eda7a-def5-0000-0000-000000000001",
	1,
	'',
	1,
	'',
	"00000000-0000-0000-0000-000000000000");
INSERT INTO O_TPARM
	VALUES ("c1538823-c1f1-44b9-aaaf-e434940cf412",
	"0ad92127-a4ab-45f8-845e-1d70fa15b0c5",
	'facility',
	"bd43dc09-3be2-4ae8-806d-bedb08b1e03c",
	0,
	'',
	"00000000-0000-0000-0000-000000000000",
	'');
INSERT INTO ACT_OPB
	VALUES ("19c91d33-8a8b-415a-92c7-5ccbc0aa57ca",
	"0ad92127-a4ab-45f8-845e-1d70fa15b0c5");
INSERT INTO ACT_ACT
	VALUES ("19c91d33-8a8b-415a-92c7-5ccbc0aa57ca",
	'operation',
	0,
	"707f0523-0f96-4c02-b099-b909f4f38a82",
	"00000000-0000-0000-0000-000000000000",
	0,
	'Guest::setFacility',
	"00000000-0000-0000-0000-000000000000");
INSERT INTO ACT_BLK
	VALUES ("707f0523-0f96-4c02-b099-b909f4f38a82",
	0,
	0,
	0,
	'',
	'',
	'',
	0,
	0,
	0,
	0,
	0,
	0,
	0,
	0,
	0,
	0,
	0,
	0,
	0,
	"19c91d33-8a8b-415a-92c7-5ccbc0aa57ca",
	"00000000-0000-0000-0000-000000000000");
INSERT INTO O_NBATTR
	VALUES ("d5229f3c-55dc-4032-9fbc-8fa747fca3f4",
	"9309978f-bd81-4f9f-96e9-b124c945fbf1");
INSERT INTO O_BATTR
	VALUES ("d5229f3c-55dc-4032-9fbc-8fa747fca3f4",
	"9309978f-bd81-4f9f-96e9-b124c945fbf1");
INSERT INTO O_ATTR
	VALUES ("d5229f3c-55dc-4032-9fbc-8fa747fca3f4",
	"9309978f-bd81-4f9f-96e9-b124c945fbf1",
	"999973f9-f86f-464b-89b6-b6047a3c5b15",
	'checkedOut',
	'',
	'',
	'checkedOut',
	0,
	"ba5eda7a-def5-0000-0000-000000000010",
	'',
	'');
INSERT INTO O_NBATTR
	VALUES ("999973f9-f86f-464b-89b6-b6047a3c5b15",
	"9309978f-bd81-4f9f-96e9-b124c945fbf1");
INSERT INTO O_BATTR
	VALUES ("999973f9-f86f-464b-89b6-b6047a3c5b15",
	"9309978f-bd81-4f9f-96e9-b124c945fbf1");
INSERT INTO O_ATTR
	VALUES ("999973f9-f86f-464b-89b6-b6047a3c5b15",
	"9309978f-bd81-4f9f-96e9-b124c945fbf1",
	"559211bd-fddf-44c5-9d11-96cb7183956d",
	'checkedIn',
	'',
	'',
	'checkedIn',
	0,
	"ba5eda7a-def5-0000-0000-000000000010",
	'',
	'');
INSERT INTO O_NBATTR
	VALUES ("559211bd-fddf-44c5-9d11-96cb7183956d",
	"9309978f-bd81-4f9f-96e9-b124c945fbf1");
INSERT INTO O_BATTR
	VALUES ("559211bd-fddf-44c5-9d11-96cb7183956d",
	"9309978f-bd81-4f9f-96e9-b124c945fbf1");
INSERT INTO O_ATTR
	VALUES ("559211bd-fddf-44c5-9d11-96cb7183956d",
	"9309978f-bd81-4f9f-96e9-b124c945fbf1",
	"36028530-8e9f-4cac-9d21-dc774eb26d1a",
	'age',
	'',
	'',
	'age',
	0,
	"ba5eda7a-def5-0000-0000-000000000002",
	'',
	'');
INSERT INTO O_NBATTR
	VALUES ("36028530-8e9f-4cac-9d21-dc774eb26d1a",
	"9309978f-bd81-4f9f-96e9-b124c945fbf1");
INSERT INTO O_BATTR
	VALUES ("36028530-8e9f-4cac-9d21-dc774eb26d1a",
	"9309978f-bd81-4f9f-96e9-b124c945fbf1");
INSERT INTO O_ATTR
	VALUES ("36028530-8e9f-4cac-9d21-dc774eb26d1a",
	"9309978f-bd81-4f9f-96e9-b124c945fbf1",
	"00000000-0000-0000-0000-000000000000",
	'name',
	'',
	'',
	'name',
	0,
	"ba5eda7a-def5-0000-0000-000000000004",
	'',
	'');
INSERT INTO O_ID
	VALUES (2,
	"9309978f-bd81-4f9f-96e9-b124c945fbf1");
INSERT INTO O_ID
	VALUES (1,
	"9309978f-bd81-4f9f-96e9-b124c945fbf1");
INSERT INTO O_ID
	VALUES (0,
	"9309978f-bd81-4f9f-96e9-b124c945fbf1");
INSERT INTO CSME_CIE
	VALUES ("8c539a61-d284-49e3-8acf-ea84a42f6549",
	"2fb1b278-da98-49b1-9c58-8021dceffd83",
	"9309978f-bd81-4f9f-96e9-b124c945fbf1",
	"960454f9-cf5f-4331-88bf-8023709586b1",
	'Guest');
INSERT INTO CSME_CIE
	VALUES ("40a26f48-6fef-4368-b7fd-f53fe1505621",
	"8b21c695-eeb6-4037-9434-89237fba2083",
	"9309978f-bd81-4f9f-96e9-b124c945fbf1",
	"960454f9-cf5f-4331-88bf-8023709586b1",
	'Guest');
INSERT INTO PE_PE
	VALUES ("daf3cea3-b187-4d6a-9517-f12785ae9b3a",
	1,
	"960454f9-cf5f-4331-88bf-8023709586b1",
	"00000000-0000-0000-0000-000000000000",
	4);
INSERT INTO O_OBJ
	VALUES ("daf3cea3-b187-4d6a-9517-f12785ae9b3a",
	'Hotel',
	7,
	'HOTEL',
	'',
	"00000000-0000-0000-0000-000000000000");
INSERT INTO O_TFR
	VALUES ("e805ee2f-c747-462d-bf85-43728d65e110",
	"daf3cea3-b187-4d6a-9517-f12785ae9b3a",
	'createFacilityGroup',
	'',
	"ba5eda7a-def5-0000-0000-000000000001",
	1,
	'',
	1,
	'',
	"314bfd58-83f9-4991-98e8-ce0b92f901a4");
INSERT INTO O_TPARM
	VALUES ("bb08cb75-a1ac-4076-a950-d298e9c33a1b",
	"e805ee2f-c747-462d-bf85-43728d65e110",
	'name',
	"ba5eda7a-def5-0000-0000-000000000004",
	0,
	'',
	"00000000-0000-0000-0000-000000000000",
	'');
INSERT INTO ACT_OPB
	VALUES ("77a7e1de-89ad-4be0-9cd4-2b094f019f9c",
	"e805ee2f-c747-462d-bf85-43728d65e110");
INSERT INTO ACT_ACT
	VALUES ("77a7e1de-89ad-4be0-9cd4-2b094f019f9c",
	'operation',
	0,
	"0b73c145-e7fc-4523-83a6-021183443356",
	"00000000-0000-0000-0000-000000000000",
	0,
	'Hotel::createFacilityGroup',
	"00000000-0000-0000-0000-000000000000");
INSERT INTO ACT_BLK
	VALUES ("0b73c145-e7fc-4523-83a6-021183443356",
	0,
	0,
	0,
	'',
	'',
	'',
	0,
	0,
	0,
	0,
	0,
	0,
	0,
	0,
	0,
	0,
	0,
	0,
	0,
	"77a7e1de-89ad-4be0-9cd4-2b094f019f9c",
	"00000000-0000-0000-0000-000000000000");
INSERT INTO O_TFR
	VALUES ("314bfd58-83f9-4991-98e8-ce0b92f901a4",
	"daf3cea3-b187-4d6a-9517-f12785ae9b3a",
	'createStaff',
	'',
	"ba5eda7a-def5-0000-0000-000000000001",
	1,
	'',
	1,
	'',
	"a9d35b92-3364-4384-95f0-07b45f1a6ac2");
INSERT INTO O_TPARM
	VALUES ("fd291d23-a18f-4184-8351-7d2208f8d37f",
	"314bfd58-83f9-4991-98e8-ce0b92f901a4",
	'name',
	"ba5eda7a-def5-0000-0000-000000000004",
	0,
	'',
	"00000000-0000-0000-0000-000000000000",
	'');
INSERT INTO ACT_OPB
	VALUES ("872373d8-45b8-4bd8-b61c-eafe25ef4a7c",
	"314bfd58-83f9-4991-98e8-ce0b92f901a4");
INSERT INTO ACT_ACT
	VALUES ("872373d8-45b8-4bd8-b61c-eafe25ef4a7c",
	'operation',
	0,
	"e6e4506d-e21c-4081-8d9b-0a74232d3fc2",
	"00000000-0000-0000-0000-000000000000",
	0,
	'Hotel::createStaff',
	"00000000-0000-0000-0000-000000000000");
INSERT INTO ACT_BLK
	VALUES ("e6e4506d-e21c-4081-8d9b-0a74232d3fc2",
	0,
	0,
	0,
	'',
	'',
	'',
	0,
	0,
	0,
	0,
	0,
	0,
	0,
	0,
	0,
	0,
	0,
	0,
	0,
	"872373d8-45b8-4bd8-b61c-eafe25ef4a7c",
	"00000000-0000-0000-0000-000000000000");
INSERT INTO O_TFR
	VALUES ("a9d35b92-3364-4384-95f0-07b45f1a6ac2",
	"daf3cea3-b187-4d6a-9517-f12785ae9b3a",
	'createService',
	'',
	"ba5eda7a-def5-0000-0000-000000000001",
	1,
	'',
	1,
	'',
	"dcf32531-3848-47b9-921b-32e4d9282f80");
INSERT INTO O_TPARM
	VALUES ("e9957c9d-da65-489d-a71a-803e10832999",
	"a9d35b92-3364-4384-95f0-07b45f1a6ac2",
	'description',
	"ba5eda7a-def5-0000-0000-000000000004",
	0,
	'',
	"00000000-0000-0000-0000-000000000000",
	'');
INSERT INTO ACT_OPB
	VALUES ("9eddfbca-8843-422e-9774-8186ab235601",
	"a9d35b92-3364-4384-95f0-07b45f1a6ac2");
INSERT INTO ACT_ACT
	VALUES ("9eddfbca-8843-422e-9774-8186ab235601",
	'operation',
	0,
	"485deb16-77a9-48c5-8b2f-8ed481dc4d79",
	"00000000-0000-0000-0000-000000000000",
	0,
	'Hotel::createService',
	"00000000-0000-0000-0000-000000000000");
INSERT INTO ACT_BLK
	VALUES ("485deb16-77a9-48c5-8b2f-8ed481dc4d79",
	0,
	0,
	0,
	'',
	'',
	'',
	0,
	0,
	0,
	0,
	0,
	0,
	0,
	0,
	0,
	0,
	0,
	0,
	0,
	"9eddfbca-8843-422e-9774-8186ab235601",
	"00000000-0000-0000-0000-000000000000");
INSERT INTO O_TFR
	VALUES ("dcf32531-3848-47b9-921b-32e4d9282f80",
	"daf3cea3-b187-4d6a-9517-f12785ae9b3a",
	'createFacility',
	'',
	"ba5eda7a-def5-0000-0000-000000000001",
	1,
	'',
	1,
	'',
	"ccf03a92-529e-4e4e-9ad4-39e811fe957b");
INSERT INTO O_TPARM
	VALUES ("ee8d99a4-2851-4f34-af88-1ba65acd387e",
	"dcf32531-3848-47b9-921b-32e4d9282f80",
	'facilityID',
	"ba5eda7a-def5-0000-0000-000000000004",
	0,
	'',
	"00000000-0000-0000-0000-000000000000",
	'');
INSERT INTO ACT_OPB
	VALUES ("fda2e18f-afae-451f-b4d8-ee1729d7ba7c",
	"dcf32531-3848-47b9-921b-32e4d9282f80");
INSERT INTO ACT_ACT
	VALUES ("fda2e18f-afae-451f-b4d8-ee1729d7ba7c",
	'operation',
	0,
	"88150fc5-e5ee-4448-8c4f-22163c67054e",
	"00000000-0000-0000-0000-000000000000",
	0,
	'Hotel::createFacility',
	"00000000-0000-0000-0000-000000000000");
INSERT INTO ACT_BLK
	VALUES ("88150fc5-e5ee-4448-8c4f-22163c67054e",
	0,
	0,
	0,
	'',
	'',
	'',
	0,
	0,
	0,
	0,
	0,
	0,
	0,
	0,
	0,
	0,
	0,
	0,
	0,
	"fda2e18f-afae-451f-b4d8-ee1729d7ba7c",
	"00000000-0000-0000-0000-000000000000");
INSERT INTO O_TFR
	VALUES ("ccf03a92-529e-4e4e-9ad4-39e811fe957b",
	"daf3cea3-b187-4d6a-9517-f12785ae9b3a",
	'availableBookables',
	'',
	"df204ffe-8ba5-4335-839a-3b03a55091e7",
	1,
	'',
	1,
	'',
	"e63532ba-8f8f-46c0-9029-316eba07a309");
INSERT INTO O_TPARM
	VALUES ("80ae5404-e78a-4c3f-ae1a-c46137121f3b",
	"ccf03a92-529e-4e4e-9ad4-39e811fe957b",
	'filter',
	"ba5eda7a-def5-0000-0000-000000000002",
	0,
	'',
	"00000000-0000-0000-0000-000000000000",
	'');
INSERT INTO ACT_OPB
	VALUES ("a6c1dfcf-dbc0-4c08-9919-1f6d6645662e",
	"ccf03a92-529e-4e4e-9ad4-39e811fe957b");
INSERT INTO ACT_ACT
	VALUES ("a6c1dfcf-dbc0-4c08-9919-1f6d6645662e",
	'operation',
	0,
	"1da02d35-17ea-470e-8186-35d567497583",
	"00000000-0000-0000-0000-000000000000",
	0,
	'Hotel::availableBookables',
	"00000000-0000-0000-0000-000000000000");
INSERT INTO ACT_BLK
	VALUES ("1da02d35-17ea-470e-8186-35d567497583",
	0,
	0,
	0,
	'',
	'',
	'',
	0,
	0,
	0,
	0,
	0,
	0,
	0,
	0,
	0,
	0,
	0,
	0,
	0,
	"a6c1dfcf-dbc0-4c08-9919-1f6d6645662e",
	"00000000-0000-0000-0000-000000000000");
INSERT INTO O_TFR
	VALUES ("e63532ba-8f8f-46c0-9029-316eba07a309",
	"daf3cea3-b187-4d6a-9517-f12785ae9b3a",
	'addBooking',
	'',
	"ba5eda7a-def5-0000-0000-000000000001",
	1,
	'',
	1,
	'',
	"00000000-0000-0000-0000-000000000000");
INSERT INTO O_TPARM
	VALUES ("e87d143c-b35e-4000-9b94-7b4b3902cb9f",
	"e63532ba-8f8f-46c0-9029-316eba07a309",
	'booking',
	"433f7688-7b95-4f9c-89f1-cf076d691ab7",
	0,
	'',
	"00000000-0000-0000-0000-000000000000",
	'');
INSERT INTO ACT_OPB
	VALUES ("4d61e62e-ad8a-4771-ba8e-fd3313a50a3d",
	"e63532ba-8f8f-46c0-9029-316eba07a309");
INSERT INTO ACT_ACT
	VALUES ("4d61e62e-ad8a-4771-ba8e-fd3313a50a3d",
	'operation',
	0,
	"353e0757-447b-482c-a541-c567042db4e7",
	"00000000-0000-0000-0000-000000000000",
	0,
	'Hotel::addBooking',
	"00000000-0000-0000-0000-000000000000");
INSERT INTO ACT_BLK
	VALUES ("353e0757-447b-482c-a541-c567042db4e7",
	0,
	0,
	0,
	'',
	'',
	'',
	0,
	0,
	0,
	0,
	0,
	0,
	0,
	0,
	0,
	0,
	0,
	0,
	0,
	"4d61e62e-ad8a-4771-ba8e-fd3313a50a3d",
	"00000000-0000-0000-0000-000000000000");
INSERT INTO O_NBATTR
	VALUES ("dd0944e9-2b79-4b67-b2d3-6a3f90157086",
	"daf3cea3-b187-4d6a-9517-f12785ae9b3a");
INSERT INTO O_BATTR
	VALUES ("dd0944e9-2b79-4b67-b2d3-6a3f90157086",
	"daf3cea3-b187-4d6a-9517-f12785ae9b3a");
INSERT INTO O_ATTR
	VALUES ("dd0944e9-2b79-4b67-b2d3-6a3f90157086",
	"daf3cea3-b187-4d6a-9517-f12785ae9b3a",
	"40bf02d7-fb68-44d4-98e2-ed5237db8d14",
	'description',
	'',
	'',
	'description',
	0,
	"ba5eda7a-def5-0000-0000-000000000004",
	'',
	'');
INSERT INTO O_NBATTR
	VALUES ("40bf02d7-fb68-44d4-98e2-ed5237db8d14",
	"daf3cea3-b187-4d6a-9517-f12785ae9b3a");
INSERT INTO O_BATTR
	VALUES ("40bf02d7-fb68-44d4-98e2-ed5237db8d14",
	"daf3cea3-b187-4d6a-9517-f12785ae9b3a");
INSERT INTO O_ATTR
	VALUES ("40bf02d7-fb68-44d4-98e2-ed5237db8d14",
	"daf3cea3-b187-4d6a-9517-f12785ae9b3a",
	"00000000-0000-0000-0000-000000000000",
	'adress',
	'',
	'',
	'adress',
	0,
	"ba5eda7a-def5-0000-0000-000000000004",
	'',
	'');
INSERT INTO O_ID
	VALUES (2,
	"daf3cea3-b187-4d6a-9517-f12785ae9b3a");
INSERT INTO O_ID
	VALUES (1,
	"daf3cea3-b187-4d6a-9517-f12785ae9b3a");
INSERT INTO O_ID
	VALUES (0,
	"daf3cea3-b187-4d6a-9517-f12785ae9b3a");
INSERT INTO CSME_CIE
	VALUES ("bedba5c0-3907-4d6d-b800-4cd4ec950302",
	"2fb1b278-da98-49b1-9c58-8021dceffd83",
	"daf3cea3-b187-4d6a-9517-f12785ae9b3a",
	"960454f9-cf5f-4331-88bf-8023709586b1",
	'Hotel');
INSERT INTO CSME_CIE
	VALUES ("b36c73ff-08c9-4fe1-a759-c2eb14ad614f",
	"8b21c695-eeb6-4037-9434-89237fba2083",
	"daf3cea3-b187-4d6a-9517-f12785ae9b3a",
	"960454f9-cf5f-4331-88bf-8023709586b1",
	'Hotel');
INSERT INTO PE_PE
	VALUES ("f7fdf9fb-1710-40c4-833a-7cddef46a59a",
	1,
	"960454f9-cf5f-4331-88bf-8023709586b1",
	"00000000-0000-0000-0000-000000000000",
	4);
INSERT INTO O_OBJ
	VALUES ("f7fdf9fb-1710-40c4-833a-7cddef46a59a",
	'Invoice',
	17,
	'INVOICE',
	'',
	"00000000-0000-0000-0000-000000000000");
INSERT INTO O_NBATTR
	VALUES ("c7f83c2d-75a4-41e0-bcef-67fb46eb271f",
	"f7fdf9fb-1710-40c4-833a-7cddef46a59a");
INSERT INTO O_BATTR
	VALUES ("c7f83c2d-75a4-41e0-bcef-67fb46eb271f",
	"f7fdf9fb-1710-40c4-833a-7cddef46a59a");
INSERT INTO O_ATTR
	VALUES ("c7f83c2d-75a4-41e0-bcef-67fb46eb271f",
	"f7fdf9fb-1710-40c4-833a-7cddef46a59a",
	"00000000-0000-0000-0000-000000000000",
	'sentDate',
	'',
	'',
	'sentDate',
	0,
	"ba5eda7a-def5-0000-0000-000000000010",
	'',
	'');
INSERT INTO O_ID
	VALUES (2,
	"f7fdf9fb-1710-40c4-833a-7cddef46a59a");
INSERT INTO O_ID
	VALUES (1,
	"f7fdf9fb-1710-40c4-833a-7cddef46a59a");
INSERT INTO O_ID
	VALUES (0,
	"f7fdf9fb-1710-40c4-833a-7cddef46a59a");
INSERT INTO CSME_CIE
	VALUES ("3870b5b0-b469-4c7c-aea4-c228466e181b",
	"2fb1b278-da98-49b1-9c58-8021dceffd83",
	"f7fdf9fb-1710-40c4-833a-7cddef46a59a",
	"960454f9-cf5f-4331-88bf-8023709586b1",
	'Invoice');
INSERT INTO CSME_CIE
	VALUES ("4a62bfeb-c5d1-46af-9dc2-206602bbdc18",
	"8b21c695-eeb6-4037-9434-89237fba2083",
	"f7fdf9fb-1710-40c4-833a-7cddef46a59a",
	"960454f9-cf5f-4331-88bf-8023709586b1",
	'Invoice');
INSERT INTO PE_PE
	VALUES ("7a1c6c92-00d7-49ac-a23b-cfb4d3362f53",
	1,
	"960454f9-cf5f-4331-88bf-8023709586b1",
	"00000000-0000-0000-0000-000000000000",
	4);
INSERT INTO O_OBJ
	VALUES ("7a1c6c92-00d7-49ac-a23b-cfb4d3362f53",
	'Package',
	6,
	'PACKAGE',
	'',
	"00000000-0000-0000-0000-000000000000");
INSERT INTO O_ID
	VALUES (2,
	"7a1c6c92-00d7-49ac-a23b-cfb4d3362f53");
INSERT INTO O_ID
	VALUES (1,
	"7a1c6c92-00d7-49ac-a23b-cfb4d3362f53");
INSERT INTO O_ID
	VALUES (0,
	"7a1c6c92-00d7-49ac-a23b-cfb4d3362f53");
INSERT INTO CSME_CIE
	VALUES ("e027e441-0418-45ed-87ec-d8f34d576578",
	"2fb1b278-da98-49b1-9c58-8021dceffd83",
	"7a1c6c92-00d7-49ac-a23b-cfb4d3362f53",
	"960454f9-cf5f-4331-88bf-8023709586b1",
	'Package');
INSERT INTO CSME_CIE
	VALUES ("be15bee4-38ea-48af-92df-aa34c0c7ff7e",
	"8b21c695-eeb6-4037-9434-89237fba2083",
	"7a1c6c92-00d7-49ac-a23b-cfb4d3362f53",
	"960454f9-cf5f-4331-88bf-8023709586b1",
	'Package');
INSERT INTO PE_PE
	VALUES ("d26e1020-b532-43cc-aba6-3b584f19f179",
	1,
	"960454f9-cf5f-4331-88bf-8023709586b1",
	"00000000-0000-0000-0000-000000000000",
	4);
INSERT INTO O_OBJ
	VALUES ("d26e1020-b532-43cc-aba6-3b584f19f179",
	'PaymentMethod',
	15,
	'PAYMENTMETHOD',
	'',
	"00000000-0000-0000-0000-000000000000");
INSERT INTO O_ID
	VALUES (2,
	"d26e1020-b532-43cc-aba6-3b584f19f179");
INSERT INTO O_ID
	VALUES (1,
	"d26e1020-b532-43cc-aba6-3b584f19f179");
INSERT INTO O_ID
	VALUES (0,
	"d26e1020-b532-43cc-aba6-3b584f19f179");
INSERT INTO CSME_CIE
	VALUES ("f46466df-020b-45f6-8113-2e97f6491874",
	"2fb1b278-da98-49b1-9c58-8021dceffd83",
	"d26e1020-b532-43cc-aba6-3b584f19f179",
	"960454f9-cf5f-4331-88bf-8023709586b1",
	'PaymentMethod');
INSERT INTO CSME_CIE
	VALUES ("755ae927-7875-4b1a-9903-627c9b0ecbfd",
	"8b21c695-eeb6-4037-9434-89237fba2083",
	"d26e1020-b532-43cc-aba6-3b584f19f179",
	"960454f9-cf5f-4331-88bf-8023709586b1",
	'PaymentMethod');
INSERT INTO PE_PE
	VALUES ("d4920e0c-3487-44a7-8290-60ff9ed36c4e",
	1,
	"960454f9-cf5f-4331-88bf-8023709586b1",
	"00000000-0000-0000-0000-000000000000",
	4);
INSERT INTO O_OBJ
	VALUES ("d4920e0c-3487-44a7-8290-60ff9ed36c4e",
	'Privilege',
	9,
	'PRIVILEGE',
	'',
	"00000000-0000-0000-0000-000000000000");
INSERT INTO O_ID
	VALUES (2,
	"d4920e0c-3487-44a7-8290-60ff9ed36c4e");
INSERT INTO O_ID
	VALUES (1,
	"d4920e0c-3487-44a7-8290-60ff9ed36c4e");
INSERT INTO O_ID
	VALUES (0,
	"d4920e0c-3487-44a7-8290-60ff9ed36c4e");
INSERT INTO CSME_CIE
	VALUES ("4225b147-b6e1-42a6-bd51-26f445f38f85",
	"2fb1b278-da98-49b1-9c58-8021dceffd83",
	"d4920e0c-3487-44a7-8290-60ff9ed36c4e",
	"960454f9-cf5f-4331-88bf-8023709586b1",
	'Privilege');
INSERT INTO CSME_CIE
	VALUES ("842a4df6-67fa-41dd-b532-5f8755e8ddec",
	"8b21c695-eeb6-4037-9434-89237fba2083",
	"d4920e0c-3487-44a7-8290-60ff9ed36c4e",
	"960454f9-cf5f-4331-88bf-8023709586b1",
	'Privilege');
INSERT INTO PE_PE
	VALUES ("1efeba6e-0315-442d-8e70-729b05561bea",
	1,
	"960454f9-cf5f-4331-88bf-8023709586b1",
	"00000000-0000-0000-0000-000000000000",
	4);
INSERT INTO O_OBJ
	VALUES ("1efeba6e-0315-442d-8e70-729b05561bea",
	'Service',
	1,
	'SERVICE',
	'',
	"00000000-0000-0000-0000-000000000000");
INSERT INTO O_NBATTR
	VALUES ("94d24ba7-e81b-4033-ab80-f5b46aa981a3",
	"1efeba6e-0315-442d-8e70-729b05561bea");
INSERT INTO O_BATTR
	VALUES ("94d24ba7-e81b-4033-ab80-f5b46aa981a3",
	"1efeba6e-0315-442d-8e70-729b05561bea");
INSERT INTO O_ATTR
	VALUES ("94d24ba7-e81b-4033-ab80-f5b46aa981a3",
	"1efeba6e-0315-442d-8e70-729b05561bea",
	"f3b73f8a-d0a1-475e-9c5a-2c0b958d674d",
	'description',
	'',
	'',
	'description',
	0,
	"ba5eda7a-def5-0000-0000-000000000004",
	'',
	'');
INSERT INTO O_NBATTR
	VALUES ("f3b73f8a-d0a1-475e-9c5a-2c0b958d674d",
	"1efeba6e-0315-442d-8e70-729b05561bea");
INSERT INTO O_BATTR
	VALUES ("f3b73f8a-d0a1-475e-9c5a-2c0b958d674d",
	"1efeba6e-0315-442d-8e70-729b05561bea");
INSERT INTO O_ATTR
	VALUES ("f3b73f8a-d0a1-475e-9c5a-2c0b958d674d",
	"1efeba6e-0315-442d-8e70-729b05561bea",
	"00000000-0000-0000-0000-000000000000",
	'independent',
	'',
	'',
	'independent',
	0,
	"ba5eda7a-def5-0000-0000-000000000001",
	'',
	'');
INSERT INTO O_ID
	VALUES (2,
	"1efeba6e-0315-442d-8e70-729b05561bea");
INSERT INTO O_ID
	VALUES (1,
	"1efeba6e-0315-442d-8e70-729b05561bea");
INSERT INTO O_ID
	VALUES (0,
	"1efeba6e-0315-442d-8e70-729b05561bea");
INSERT INTO CSME_CIE
	VALUES ("d19b27dd-1f8c-438f-8055-15e56f976e1f",
	"2fb1b278-da98-49b1-9c58-8021dceffd83",
	"1efeba6e-0315-442d-8e70-729b05561bea",
	"960454f9-cf5f-4331-88bf-8023709586b1",
	'Service');
INSERT INTO CSME_CIE
	VALUES ("d05f571b-c715-4056-841c-37065412f4e1",
	"8b21c695-eeb6-4037-9434-89237fba2083",
	"1efeba6e-0315-442d-8e70-729b05561bea",
	"960454f9-cf5f-4331-88bf-8023709586b1",
	'Service');
INSERT INTO PE_PE
	VALUES ("20ba6bbe-cbf1-487f-84fe-b3855f86b898",
	1,
	"960454f9-cf5f-4331-88bf-8023709586b1",
	"00000000-0000-0000-0000-000000000000",
	4);
INSERT INTO O_OBJ
	VALUES ("20ba6bbe-cbf1-487f-84fe-b3855f86b898",
	'Staff',
	8,
	'STAFF',
	'',
	"00000000-0000-0000-0000-000000000000");
INSERT INTO O_NBATTR
	VALUES ("7f93fcbc-8a42-4885-9ff6-91ff5f717b5b",
	"20ba6bbe-cbf1-487f-84fe-b3855f86b898");
INSERT INTO O_BATTR
	VALUES ("7f93fcbc-8a42-4885-9ff6-91ff5f717b5b",
	"20ba6bbe-cbf1-487f-84fe-b3855f86b898");
INSERT INTO O_ATTR
	VALUES ("7f93fcbc-8a42-4885-9ff6-91ff5f717b5b",
	"20ba6bbe-cbf1-487f-84fe-b3855f86b898",
	"00000000-0000-0000-0000-000000000000",
	'name',
	'',
	'',
	'name',
	0,
	"ba5eda7a-def5-0000-0000-000000000004",
	'',
	'');
INSERT INTO O_ID
	VALUES (2,
	"20ba6bbe-cbf1-487f-84fe-b3855f86b898");
INSERT INTO O_ID
	VALUES (1,
	"20ba6bbe-cbf1-487f-84fe-b3855f86b898");
INSERT INTO O_ID
	VALUES (0,
	"20ba6bbe-cbf1-487f-84fe-b3855f86b898");
INSERT INTO CSME_CIE
	VALUES ("32dc8de0-1a76-4cf2-af06-31d95cdcbc58",
	"2fb1b278-da98-49b1-9c58-8021dceffd83",
	"20ba6bbe-cbf1-487f-84fe-b3855f86b898",
	"960454f9-cf5f-4331-88bf-8023709586b1",
	'Staff');
INSERT INTO CSME_CIE
	VALUES ("fa51341d-f3ef-4341-bf03-53f300d3efec",
	"8b21c695-eeb6-4037-9434-89237fba2083",
	"20ba6bbe-cbf1-487f-84fe-b3855f86b898",
	"960454f9-cf5f-4331-88bf-8023709586b1",
	'Staff');
INSERT INTO PE_PE
	VALUES ("0968771f-8553-4274-be70-86a03e4e6267",
	1,
	"08644b1f-a992-4e52-8ec3-1f5eff4dec19",
	"00000000-0000-0000-0000-000000000000",
	2);
INSERT INTO C_C
	VALUES ("0968771f-8553-4274-be70-86a03e4e6267",
	"00000000-0000-0000-0000-000000000000",
	"00000000-0000-0000-0000-000000000000",
	'UserComponent',
	'',
	0,
	"00000000-0000-0000-0000-000000000000",
	0,
	'');
INSERT INTO C_PO
	VALUES ("187ffcd4-1a0a-4d08-9368-d7eb60024fef",
	"0968771f-8553-4274-be70-86a03e4e6267",
	'UserInterface',
	0,
	0);
INSERT INTO C_IR
	VALUES ("59710e0c-1d62-4800-a82b-b80bbaed4667",
	"708e7060-3f4e-41ab-94ce-7b712ad36251",
	"00000000-0000-0000-0000-000000000000",
	"187ffcd4-1a0a-4d08-9368-d7eb60024fef");
INSERT INTO C_R
	VALUES ("59710e0c-1d62-4800-a82b-b80bbaed4667",
	'BookingProvider',
	'',
	'Unnamed Interface',
	'UserComponent::UserInterface::BookingProvider');
INSERT INTO SPR_REP
	VALUES ("0f4f0c74-9081-4693-8692-8e7887366c52",
	"8500002a-94f3-4a61-bfa8-32f8fd7d89b4",
	"59710e0c-1d62-4800-a82b-b80bbaed4667");
INSERT INTO SPR_RS
	VALUES ("0f4f0c74-9081-4693-8692-8e7887366c52",
	'requestAvailableBookables',
	'',
	'',
	1);
INSERT INTO ACT_RSB
	VALUES ("92ef01b2-20de-4767-899a-ae07edf600ab",
	"0f4f0c74-9081-4693-8692-8e7887366c52");
INSERT INTO ACT_ACT
	VALUES ("92ef01b2-20de-4767-899a-ae07edf600ab",
	'signal',
	0,
	"e54c6969-6be9-4f99-af38-f890c354cb00",
	"00000000-0000-0000-0000-000000000000",
	0,
	'UserInterface::BookingProvider::requestAvailableBookables',
	"00000000-0000-0000-0000-000000000000");
INSERT INTO ACT_BLK
	VALUES ("e54c6969-6be9-4f99-af38-f890c354cb00",
	0,
	0,
	0,
	'',
	'',
	'',
	0,
	0,
	0,
	0,
	0,
	0,
	0,
	0,
	0,
	0,
	0,
	0,
	0,
	"92ef01b2-20de-4767-899a-ae07edf600ab",
	"00000000-0000-0000-0000-000000000000");
INSERT INTO SPR_REP
	VALUES ("3680a2b1-7282-4b1a-ac97-358f023efa4b",
	"54d1cfcd-e847-40b5-be88-ddf038c56595",
	"59710e0c-1d62-4800-a82b-b80bbaed4667");
INSERT INTO SPR_RS
	VALUES ("3680a2b1-7282-4b1a-ac97-358f023efa4b",
	'available',
	'',
	'',
	1);
INSERT INTO ACT_RSB
	VALUES ("d0408c4c-db83-4520-8875-a4d8b9b8d495",
	"3680a2b1-7282-4b1a-ac97-358f023efa4b");
INSERT INTO ACT_ACT
	VALUES ("d0408c4c-db83-4520-8875-a4d8b9b8d495",
	'signal',
	0,
	"8975f5eb-98c8-4fd1-849e-08c863c6a26b",
	"00000000-0000-0000-0000-000000000000",
	0,
	'UserInterface::BookingProvider::available',
	"00000000-0000-0000-0000-000000000000");
INSERT INTO ACT_BLK
	VALUES ("8975f5eb-98c8-4fd1-849e-08c863c6a26b",
	0,
	0,
	0,
	'',
	'',
	'',
	0,
	0,
	0,
	0,
	0,
	0,
	0,
	0,
	0,
	0,
	0,
	0,
	0,
	"d0408c4c-db83-4520-8875-a4d8b9b8d495",
	"00000000-0000-0000-0000-000000000000");
INSERT INTO SPR_REP
	VALUES ("a0805044-494e-48af-9a28-d1e60266c9e8",
	"55b848f9-d68a-4698-bf86-446ac83e49f5",
	"59710e0c-1d62-4800-a82b-b80bbaed4667");
INSERT INTO SPR_RS
	VALUES ("a0805044-494e-48af-9a28-d1e60266c9e8",
	'select',
	'',
	'',
	1);
INSERT INTO ACT_RSB
	VALUES ("d9147914-125e-4a0d-aaf9-5d5266e93cc6",
	"a0805044-494e-48af-9a28-d1e60266c9e8");
INSERT INTO ACT_ACT
	VALUES ("d9147914-125e-4a0d-aaf9-5d5266e93cc6",
	'signal',
	0,
	"9b26c8f6-949b-4f30-b5c2-473b7b81d377",
	"00000000-0000-0000-0000-000000000000",
	0,
	'UserInterface::BookingProvider::select',
	"00000000-0000-0000-0000-000000000000");
INSERT INTO ACT_BLK
	VALUES ("9b26c8f6-949b-4f30-b5c2-473b7b81d377",
	0,
	0,
	0,
	'',
	'',
	'',
	0,
	0,
	0,
	0,
	0,
	0,
	0,
	0,
	0,
	0,
	0,
	0,
	0,
	"d9147914-125e-4a0d-aaf9-5d5266e93cc6",
	"00000000-0000-0000-0000-000000000000");
INSERT INTO SPR_REP
	VALUES ("ed1e87bc-d1d1-48c3-85ae-185abad87897",
	"10d65452-16c4-45b0-ad3e-4dec03bb99a7",
	"59710e0c-1d62-4800-a82b-b80bbaed4667");
INSERT INTO SPR_RS
	VALUES ("ed1e87bc-d1d1-48c3-85ae-185abad87897",
	'extraServices',
	'',
	'',
	1);
INSERT INTO ACT_RSB
	VALUES ("1c4c278f-6a14-4b22-9897-4a3c1bf7cf00",
	"ed1e87bc-d1d1-48c3-85ae-185abad87897");
INSERT INTO ACT_ACT
	VALUES ("1c4c278f-6a14-4b22-9897-4a3c1bf7cf00",
	'signal',
	0,
	"3020f7a8-16a5-41aa-954b-33a2c1cf7fd0",
	"00000000-0000-0000-0000-000000000000",
	0,
	'UserInterface::BookingProvider::extraServices',
	"00000000-0000-0000-0000-000000000000");
INSERT INTO ACT_BLK
	VALUES ("3020f7a8-16a5-41aa-954b-33a2c1cf7fd0",
	0,
	0,
	0,
	'',
	'',
	'',
	0,
	0,
	0,
	0,
	0,
	0,
	0,
	0,
	0,
	0,
	0,
	0,
	0,
	"1c4c278f-6a14-4b22-9897-4a3c1bf7cf00",
	"00000000-0000-0000-0000-000000000000");
INSERT INTO SPR_REP
	VALUES ("5eb199d9-39f7-4ed5-a2cb-f0983a52bfa4",
	"87ed1c56-1bee-4041-bca4-056967095bc2",
	"59710e0c-1d62-4800-a82b-b80bbaed4667");
INSERT INTO SPR_RS
	VALUES ("5eb199d9-39f7-4ed5-a2cb-f0983a52bfa4",
	'addServices',
	'',
	'',
	1);
INSERT INTO ACT_RSB
	VALUES ("3673370d-6c63-4e32-8d81-704960ed5997",
	"5eb199d9-39f7-4ed5-a2cb-f0983a52bfa4");
INSERT INTO ACT_ACT
	VALUES ("3673370d-6c63-4e32-8d81-704960ed5997",
	'signal',
	0,
	"4ca26838-37f9-459f-ad2a-b21144e46ef9",
	"00000000-0000-0000-0000-000000000000",
	0,
	'UserInterface::BookingProvider::addServices',
	"00000000-0000-0000-0000-000000000000");
INSERT INTO ACT_BLK
	VALUES ("4ca26838-37f9-459f-ad2a-b21144e46ef9",
	0,
	0,
	0,
	'',
	'',
	'',
	0,
	0,
	0,
	0,
	0,
	0,
	0,
	0,
	0,
	0,
	0,
	0,
	0,
	"3673370d-6c63-4e32-8d81-704960ed5997",
	"00000000-0000-0000-0000-000000000000");
INSERT INTO SPR_REP
	VALUES ("d77be9c2-0803-460b-adcd-8208f0b3441b",
	"57eb1124-4a29-48ad-8677-d8760788067a",
	"59710e0c-1d62-4800-a82b-b80bbaed4667");
INSERT INTO SPR_RS
	VALUES ("d77be9c2-0803-460b-adcd-8208f0b3441b",
	'customerDetails',
	'',
	'',
	1);
INSERT INTO ACT_RSB
	VALUES ("3a9e8c13-4e63-42cc-b586-5436367cdef5",
	"d77be9c2-0803-460b-adcd-8208f0b3441b");
INSERT INTO ACT_ACT
	VALUES ("3a9e8c13-4e63-42cc-b586-5436367cdef5",
	'signal',
	0,
	"cdb05dee-a80b-4359-8081-678683b7b215",
	"00000000-0000-0000-0000-000000000000",
	0,
	'UserInterface::BookingProvider::customerDetails',
	"00000000-0000-0000-0000-000000000000");
INSERT INTO ACT_BLK
	VALUES ("cdb05dee-a80b-4359-8081-678683b7b215",
	0,
	0,
	0,
	'',
	'',
	'',
	0,
	0,
	0,
	0,
	0,
	0,
	0,
	0,
	0,
	0,
	0,
	0,
	0,
	"3a9e8c13-4e63-42cc-b586-5436367cdef5",
	"00000000-0000-0000-0000-000000000000");
INSERT INTO SPR_REP
	VALUES ("ffb380d8-057b-4e3e-8756-add42a8f81d8",
	"275df8ce-b628-4b96-85dd-66e9224fc9df",
	"59710e0c-1d62-4800-a82b-b80bbaed4667");
INSERT INTO SPR_RS
	VALUES ("ffb380d8-057b-4e3e-8756-add42a8f81d8",
	'addGuest',
	'',
	'',
	1);
INSERT INTO ACT_RSB
	VALUES ("897d9bad-31b6-4d52-a372-1fbc88e2e706",
	"ffb380d8-057b-4e3e-8756-add42a8f81d8");
INSERT INTO ACT_ACT
	VALUES ("897d9bad-31b6-4d52-a372-1fbc88e2e706",
	'signal',
	0,
	"a67258e3-b7b5-4689-ae57-8ed799ece460",
	"00000000-0000-0000-0000-000000000000",
	0,
	'UserInterface::BookingProvider::addGuest',
	"00000000-0000-0000-0000-000000000000");
INSERT INTO ACT_BLK
	VALUES ("a67258e3-b7b5-4689-ae57-8ed799ece460",
	0,
	0,
	0,
	'',
	'',
	'',
	0,
	0,
	0,
	0,
	0,
	0,
	0,
	0,
	0,
	0,
	0,
	0,
	0,
	"897d9bad-31b6-4d52-a372-1fbc88e2e706",
	"00000000-0000-0000-0000-000000000000");
INSERT INTO SPR_REP
	VALUES ("4ff24761-bc79-4d00-be36-ac08fa93359b",
	"40e06920-24e2-499d-b1c8-deb66c9637ec",
	"59710e0c-1d62-4800-a82b-b80bbaed4667");
INSERT INTO SPR_RS
	VALUES ("4ff24761-bc79-4d00-be36-ac08fa93359b",
	'paymentInfo',
	'',
	'',
	1);
INSERT INTO ACT_RSB
	VALUES ("bd4e42e7-a059-4299-8938-4dc6438deec5",
	"4ff24761-bc79-4d00-be36-ac08fa93359b");
INSERT INTO ACT_ACT
	VALUES ("bd4e42e7-a059-4299-8938-4dc6438deec5",
	'signal',
	0,
	"3f15fdfb-4dcf-48e3-81f0-6d96a16b5f7d",
	"00000000-0000-0000-0000-000000000000",
	0,
	'UserInterface::BookingProvider::paymentInfo',
	"00000000-0000-0000-0000-000000000000");
INSERT INTO ACT_BLK
	VALUES ("3f15fdfb-4dcf-48e3-81f0-6d96a16b5f7d",
	0,
	0,
	0,
	'',
	'',
	'',
	0,
	0,
	0,
	0,
	0,
	0,
	0,
	0,
	0,
	0,
	0,
	0,
	0,
	"bd4e42e7-a059-4299-8938-4dc6438deec5",
	"00000000-0000-0000-0000-000000000000");
INSERT INTO SPR_REP
	VALUES ("562d9bef-da1e-4569-aa14-e81b3c6803b7",
	"19aa6808-338c-45b0-8a31-1b3efb70b47a",
	"59710e0c-1d62-4800-a82b-b80bbaed4667");
INSERT INTO SPR_RS
	VALUES ("562d9bef-da1e-4569-aa14-e81b3c6803b7",
	'bookingConfirmation',
	'',
	'LOG::LogInfo(message: param.message);',
	1);
INSERT INTO ACT_RSB
	VALUES ("597f9c5a-1908-4afc-b46f-3b53e1b179da",
	"562d9bef-da1e-4569-aa14-e81b3c6803b7");
INSERT INTO ACT_ACT
	VALUES ("597f9c5a-1908-4afc-b46f-3b53e1b179da",
	'signal',
	0,
	"3718f78e-e221-48f6-8db6-91b6e2422145",
	"00000000-0000-0000-0000-000000000000",
	0,
	'UserInterface::BookingProvider::bookingConfirmation',
	"00000000-0000-0000-0000-000000000000");
INSERT INTO ACT_BLK
	VALUES ("3718f78e-e221-48f6-8db6-91b6e2422145",
	0,
	0,
	0,
	'LOG',
	'',
	'',
	1,
	1,
	1,
	1,
	0,
	0,
	0,
	0,
	0,
	0,
	0,
	0,
	0,
	"597f9c5a-1908-4afc-b46f-3b53e1b179da",
	"00000000-0000-0000-0000-000000000000");
INSERT INTO ACT_SMT
	VALUES ("85cb8969-e340-41a4-9445-b2b3914e31cf",
	"3718f78e-e221-48f6-8db6-91b6e2422145",
	"00000000-0000-0000-0000-000000000000",
	1,
	1,
	'UserInterface::BookingProvider::bookingConfirmation line: 1');
INSERT INTO ACT_BRG
	VALUES ("85cb8969-e340-41a4-9445-b2b3914e31cf",
	"768e1cca-7403-495c-9b22-afd11a473eb6",
	1,
	6,
	1,
	1);
INSERT INTO V_VAL
	VALUES ("df68a200-fca4-499b-b519-8fa0e94e8855",
	0,
	0,
	1,
	29,
	35,
	0,
	0,
	0,
	0,
	"ba5eda7a-def5-0000-0000-000000000004",
	"3718f78e-e221-48f6-8db6-91b6e2422145");
INSERT INTO V_PVL
	VALUES ("df68a200-fca4-499b-b519-8fa0e94e8855",
	"00000000-0000-0000-0000-000000000000",
	"00000000-0000-0000-0000-000000000000",
	"00000000-0000-0000-0000-000000000000",
	"a3b665ee-74eb-4b72-82bd-d6fa5f6917b3");
INSERT INTO V_PAR
	VALUES ("df68a200-fca4-499b-b519-8fa0e94e8855",
	"85cb8969-e340-41a4-9445-b2b3914e31cf",
	"00000000-0000-0000-0000-000000000000",
	'message',
	"00000000-0000-0000-0000-000000000000",
	1,
	14);
INSERT INTO SPR_REP
	VALUES ("a8898a52-2111-40f1-9da3-70247604dd4d",
	"89169ec3-d50b-4b5b-95fa-d95fb15c3f98",
	"59710e0c-1d62-4800-a82b-b80bbaed4667");
INSERT INTO SPR_RS
	VALUES ("a8898a52-2111-40f1-9da3-70247604dd4d",
	'errorSignal',
	'',
	'LOG::LogInfo(message: "ERROR: " + param.message);',
	1);
INSERT INTO ACT_RSB
	VALUES ("38db245b-4463-4716-9118-3d27e8ffd5f8",
	"a8898a52-2111-40f1-9da3-70247604dd4d");
INSERT INTO ACT_ACT
	VALUES ("38db245b-4463-4716-9118-3d27e8ffd5f8",
	'signal',
	0,
	"79190f8a-36d7-45c9-b905-cba03f77bba7",
	"00000000-0000-0000-0000-000000000000",
	0,
	'UserInterface::BookingProvider::errorSignal',
	"00000000-0000-0000-0000-000000000000");
INSERT INTO ACT_BLK
	VALUES ("79190f8a-36d7-45c9-b905-cba03f77bba7",
	0,
	0,
	0,
	'LOG',
	'',
	'',
	1,
	1,
	1,
	1,
	0,
	0,
	0,
	0,
	0,
	0,
	0,
	0,
	0,
	"38db245b-4463-4716-9118-3d27e8ffd5f8",
	"00000000-0000-0000-0000-000000000000");
INSERT INTO ACT_SMT
	VALUES ("26684212-e435-483c-96a7-4bba38915117",
	"79190f8a-36d7-45c9-b905-cba03f77bba7",
	"00000000-0000-0000-0000-000000000000",
	1,
	1,
	'UserInterface::BookingProvider::errorSignal line: 1');
INSERT INTO ACT_BRG
	VALUES ("26684212-e435-483c-96a7-4bba38915117",
	"768e1cca-7403-495c-9b22-afd11a473eb6",
	1,
	6,
	1,
	1);
INSERT INTO V_VAL
	VALUES ("e60bf672-772a-43ea-97f1-0d858c09f634",
	0,
	0,
	1,
	23,
	30,
	0,
	0,
	0,
	0,
	"ba5eda7a-def5-0000-0000-000000000004",
	"79190f8a-36d7-45c9-b905-cba03f77bba7");
INSERT INTO V_LST
	VALUES ("e60bf672-772a-43ea-97f1-0d858c09f634",
	'ERROR: ');
INSERT INTO V_VAL
	VALUES ("b159fac9-2c0b-48a1-8c1d-fa4922879af3",
	0,
	0,
	-1,
	-1,
	-1,
	0,
	0,
	0,
	0,
	"ba5eda7a-def5-0000-0000-000000000004",
	"79190f8a-36d7-45c9-b905-cba03f77bba7");
INSERT INTO V_BIN
	VALUES ("b159fac9-2c0b-48a1-8c1d-fa4922879af3",
	"de9a58df-4203-496e-9b51-67f4b260f00e",
	"e60bf672-772a-43ea-97f1-0d858c09f634",
	'+');
INSERT INTO V_PAR
	VALUES ("b159fac9-2c0b-48a1-8c1d-fa4922879af3",
	"26684212-e435-483c-96a7-4bba38915117",
	"00000000-0000-0000-0000-000000000000",
	'message',
	"00000000-0000-0000-0000-000000000000",
	1,
	14);
INSERT INTO V_VAL
	VALUES ("de9a58df-4203-496e-9b51-67f4b260f00e",
	0,
	0,
	1,
	41,
	47,
	0,
	0,
	0,
	0,
	"ba5eda7a-def5-0000-0000-000000000004",
	"79190f8a-36d7-45c9-b905-cba03f77bba7");
INSERT INTO V_PVL
	VALUES ("de9a58df-4203-496e-9b51-67f4b260f00e",
	"00000000-0000-0000-0000-000000000000",
	"00000000-0000-0000-0000-000000000000",
	"00000000-0000-0000-0000-000000000000",
	"ed7f9ed0-5d21-4eea-b033-d488f64972b9");
INSERT INTO SPR_REP
	VALUES ("4008216b-9430-4340-b497-4f91f4977fec",
	"b21fad1b-897b-424f-84f8-01bdab76de49",
	"59710e0c-1d62-4800-a82b-b80bbaed4667");
INSERT INTO SPR_RS
	VALUES ("4008216b-9430-4340-b497-4f91f4977fec",
	'requestSession',
	'',
	'',
	1);
INSERT INTO ACT_RSB
	VALUES ("cb1b749c-c256-45c8-9010-e6e3507be535",
	"4008216b-9430-4340-b497-4f91f4977fec");
INSERT INTO ACT_ACT
	VALUES ("cb1b749c-c256-45c8-9010-e6e3507be535",
	'signal',
	0,
	"345fa896-c58e-4bef-8914-381751275d01",
	"00000000-0000-0000-0000-000000000000",
	0,
	'UserInterface::BookingProvider::requestSession',
	"00000000-0000-0000-0000-000000000000");
INSERT INTO ACT_BLK
	VALUES ("345fa896-c58e-4bef-8914-381751275d01",
	0,
	0,
	0,
	'',
	'',
	'',
	0,
	0,
	0,
	0,
	0,
	0,
	0,
	0,
	0,
	0,
	0,
	0,
	0,
	"cb1b749c-c256-45c8-9010-e6e3507be535",
	"00000000-0000-0000-0000-000000000000");
INSERT INTO SPR_REP
	VALUES ("8a7f3173-16b8-460c-b31e-aab059b3d85e",
	"0a31b7ea-b3a4-43b3-bfab-1e664637468e",
	"59710e0c-1d62-4800-a82b-b80bbaed4667");
INSERT INTO SPR_RS
	VALUES ("8a7f3173-16b8-460c-b31e-aab059b3d85e",
	'session',
	'',
	'LOG::LogInfo(message: "Got session ID");
select any st from instances of SIMPLETEST;

generate SIMPLETEST2:sessionEvent(sessionID: param.sessionID) to st;
',
	1);
INSERT INTO ACT_RSB
	VALUES ("208608d7-8737-4df3-8d97-be90ba1cf238",
	"8a7f3173-16b8-460c-b31e-aab059b3d85e");
INSERT INTO ACT_ACT
	VALUES ("208608d7-8737-4df3-8d97-be90ba1cf238",
	'signal',
	0,
	"1cc697e5-08c7-4a2e-a912-a7628f101c58",
	"00000000-0000-0000-0000-000000000000",
	0,
	'UserInterface::BookingProvider::session',
	"00000000-0000-0000-0000-000000000000");
INSERT INTO ACT_BLK
	VALUES ("1cc697e5-08c7-4a2e-a912-a7628f101c58",
	1,
	0,
	0,
	'V_VAR.Var_ID',
	'sessionID',
	'sessionID',
	4,
	1,
	2,
	33,
	0,
	0,
	0,
	0,
	0,
	0,
	0,
	0,
	0,
	"208608d7-8737-4df3-8d97-be90ba1cf238",
	"00000000-0000-0000-0000-000000000000");
INSERT INTO ACT_SMT
	VALUES ("ca130682-e6eb-4cdb-bad1-4ed5b680b016",
	"1cc697e5-08c7-4a2e-a912-a7628f101c58",
	"3242224f-d02f-41c1-9629-227de7877f07",
	1,
	1,
	'UserInterface::BookingProvider::session line: 1');
INSERT INTO ACT_BRG
	VALUES ("ca130682-e6eb-4cdb-bad1-4ed5b680b016",
	"768e1cca-7403-495c-9b22-afd11a473eb6",
	1,
	6,
	1,
	1);
INSERT INTO ACT_SMT
	VALUES ("3242224f-d02f-41c1-9629-227de7877f07",
	"1cc697e5-08c7-4a2e-a912-a7628f101c58",
	"eb39452d-5032-495c-86a2-693a0b4e2025",
	2,
	1,
	'UserInterface::BookingProvider::session line: 2');
INSERT INTO ACT_FIO
	VALUES ("3242224f-d02f-41c1-9629-227de7877f07",
	"5f3edb0c-1da5-4471-9425-2a4fa6139335",
	1,
	'any',
	"6daee5e1-aefd-49c8-b18d-234fb0eb1928",
	2,
	33);
INSERT INTO ACT_SMT
	VALUES ("eb39452d-5032-495c-86a2-693a0b4e2025",
	"1cc697e5-08c7-4a2e-a912-a7628f101c58",
	"00000000-0000-0000-0000-000000000000",
	4,
	1,
	'UserInterface::BookingProvider::session line: 4');
INSERT INTO E_ESS
	VALUES ("eb39452d-5032-495c-86a2-693a0b4e2025",
	1,
	0,
	4,
	10,
	4,
	22,
	2,
	33,
	4,
	35,
	0,
	0);
INSERT INTO V_PAR
	VALUES ("bb6bde25-e36c-4a45-911d-4e766ec796b5",
	"eb39452d-5032-495c-86a2-693a0b4e2025",
	"00000000-0000-0000-0000-000000000000",
	'sessionID',
	"00000000-0000-0000-0000-000000000000",
	4,
	35);
INSERT INTO E_GES
	VALUES ("eb39452d-5032-495c-86a2-693a0b4e2025");
INSERT INTO E_GSME
	VALUES ("eb39452d-5032-495c-86a2-693a0b4e2025",
	"2a21dfc2-cf8a-496d-91fa-d6cd6995d113");
INSERT INTO E_GEN
	VALUES ("eb39452d-5032-495c-86a2-693a0b4e2025",
	"5f3edb0c-1da5-4471-9425-2a4fa6139335");
INSERT INTO V_VAL
	VALUES ("d71a52d4-e37c-4ed3-964b-fe4a1b3e1281",
	0,
	0,
	1,
	23,
	37,
	0,
	0,
	0,
	0,
	"ba5eda7a-def5-0000-0000-000000000004",
	"1cc697e5-08c7-4a2e-a912-a7628f101c58");
INSERT INTO V_LST
	VALUES ("d71a52d4-e37c-4ed3-964b-fe4a1b3e1281",
	'Got session ID');
INSERT INTO V_PAR
	VALUES ("d71a52d4-e37c-4ed3-964b-fe4a1b3e1281",
	"ca130682-e6eb-4cdb-bad1-4ed5b680b016",
	"00000000-0000-0000-0000-000000000000",
	'message',
	"00000000-0000-0000-0000-000000000000",
	1,
	14);
INSERT INTO V_VAL
	VALUES ("bb6bde25-e36c-4a45-911d-4e766ec796b5",
	0,
	0,
	4,
	52,
	60,
	0,
	0,
	0,
	0,
	"ba5eda7a-def5-0000-0000-000000000005",
	"1cc697e5-08c7-4a2e-a912-a7628f101c58");
INSERT INTO V_PVL
	VALUES ("bb6bde25-e36c-4a45-911d-4e766ec796b5",
	"00000000-0000-0000-0000-000000000000",
	"00000000-0000-0000-0000-000000000000",
	"00000000-0000-0000-0000-000000000000",
	"fec1123c-a15a-45df-adbc-758261d72c0f");
INSERT INTO V_VAR
	VALUES ("5f3edb0c-1da5-4471-9425-2a4fa6139335",
	"1cc697e5-08c7-4a2e-a912-a7628f101c58",
	'st',
	1,
	"9db8c033-ff94-41f2-bd5c-36e5cdae0e4b");
INSERT INTO V_INT
	VALUES ("5f3edb0c-1da5-4471-9425-2a4fa6139335",
	0,
	"6daee5e1-aefd-49c8-b18d-234fb0eb1928");
INSERT INTO V_LOC
	VALUES ("6b5b010d-c555-47e5-9184-f4932f9390e4",
	2,
	12,
	13,
	"5f3edb0c-1da5-4471-9425-2a4fa6139335");
INSERT INTO V_LOC
	VALUES ("81ea8f9c-9f60-42a1-9c15-1c6715881df9",
	4,
	66,
	67,
	"5f3edb0c-1da5-4471-9425-2a4fa6139335");
INSERT INTO C_PO
	VALUES ("1b3b7d15-d7bf-4f0c-bb84-bd2864dd8865",
	"0968771f-8553-4274-be70-86a03e4e6267",
	'Port1',
	0,
	0);
INSERT INTO C_IR
	VALUES ("9a341639-f7bf-4aa4-8144-2c10b6728e8f",
	"7af64316-7236-4637-9c49-e47d2784ce9e",
	"00000000-0000-0000-0000-000000000000",
	"1b3b7d15-d7bf-4f0c-bb84-bd2864dd8865");
INSERT INTO C_R
	VALUES ("9a341639-f7bf-4aa4-8144-2c10b6728e8f",
	'StaffInterface',
	'',
	'Unnamed Interface',
	'UserComponent::Port1::StaffInterface');
INSERT INTO SPR_REP
	VALUES ("e6181567-d769-42fe-9d0b-d198e6a37dc0",
	"c86ea0b4-abc2-4994-bee2-500e130b8b73",
	"9a341639-f7bf-4aa4-8144-2c10b6728e8f");
INSERT INTO SPR_RS
	VALUES ("e6181567-d769-42fe-9d0b-d198e6a37dc0",
	'addFacility',
	'',
	'',
	1);
INSERT INTO ACT_RSB
	VALUES ("1c3dfad4-eb15-496b-887a-6cac61d421c9",
	"e6181567-d769-42fe-9d0b-d198e6a37dc0");
INSERT INTO ACT_ACT
	VALUES ("1c3dfad4-eb15-496b-887a-6cac61d421c9",
	'signal',
	0,
	"e0b05d48-eef8-4c3e-8962-33c48d93facb",
	"00000000-0000-0000-0000-000000000000",
	0,
	'Port1::StaffInterface::addFacility',
	"00000000-0000-0000-0000-000000000000");
INSERT INTO ACT_BLK
	VALUES ("e0b05d48-eef8-4c3e-8962-33c48d93facb",
	0,
	0,
	0,
	'',
	'',
	'',
	0,
	0,
	0,
	0,
	0,
	0,
	0,
	0,
	0,
	0,
	0,
	0,
	0,
	"1c3dfad4-eb15-496b-887a-6cac61d421c9",
	"00000000-0000-0000-0000-000000000000");
INSERT INTO SPR_REP
	VALUES ("a8594653-92b4-4a46-a04e-ec4cff538621",
	"19f06228-e268-4733-9af7-92f3f313ceff",
	"9a341639-f7bf-4aa4-8144-2c10b6728e8f");
INSERT INTO SPR_RS
	VALUES ("a8594653-92b4-4a46-a04e-ec4cff538621",
	'addFacilityType',
	'',
	'',
	1);
INSERT INTO ACT_RSB
	VALUES ("7e257583-a01a-41f7-bae9-594de80f6c00",
	"a8594653-92b4-4a46-a04e-ec4cff538621");
INSERT INTO ACT_ACT
	VALUES ("7e257583-a01a-41f7-bae9-594de80f6c00",
	'signal',
	0,
	"6577d3dd-12fe-4804-89d8-0e05536af5c6",
	"00000000-0000-0000-0000-000000000000",
	0,
	'Port1::StaffInterface::addFacilityType',
	"00000000-0000-0000-0000-000000000000");
INSERT INTO ACT_BLK
	VALUES ("6577d3dd-12fe-4804-89d8-0e05536af5c6",
	0,
	0,
	0,
	'',
	'',
	'',
	0,
	0,
	0,
	0,
	0,
	0,
	0,
	0,
	0,
	0,
	0,
	0,
	0,
	"7e257583-a01a-41f7-bae9-594de80f6c00",
	"00000000-0000-0000-0000-000000000000");
INSERT INTO SPR_REP
	VALUES ("f3d4f341-8fa5-42f3-9d09-5288a3d21a18",
	"cd0882a7-a468-425e-a99e-c9480ba64c90",
	"9a341639-f7bf-4aa4-8144-2c10b6728e8f");
INSERT INTO SPR_RS
	VALUES ("f3d4f341-8fa5-42f3-9d09-5288a3d21a18",
	'sendFacilityType',
	'',
	'select any setup from instances of SETUP;

generate SETUP1:facilityTypeAdded(facilityType: param.facilityTypeID) to setup;',
	1);
INSERT INTO ACT_RSB
	VALUES ("86d78fcf-474d-4c99-b4d1-478dca727872",
	"f3d4f341-8fa5-42f3-9d09-5288a3d21a18");
INSERT INTO ACT_ACT
	VALUES ("86d78fcf-474d-4c99-b4d1-478dca727872",
	'signal',
	0,
	"a329bd87-1080-4544-a1ad-0f75cd2dd519",
	"00000000-0000-0000-0000-000000000000",
	0,
	'Port1::StaffInterface::sendFacilityType',
	"00000000-0000-0000-0000-000000000000");
INSERT INTO ACT_BLK
	VALUES ("a329bd87-1080-4544-a1ad-0f75cd2dd519",
	1,
	0,
	0,
	'V_VAR.Var_ID',
	'facilityType',
	'facilityType',
	3,
	1,
	1,
	36,
	0,
	0,
	0,
	0,
	0,
	0,
	0,
	0,
	0,
	"86d78fcf-474d-4c99-b4d1-478dca727872",
	"00000000-0000-0000-0000-000000000000");
INSERT INTO ACT_SMT
	VALUES ("8f4128e9-0079-4daa-83a4-09b109a76527",
	"a329bd87-1080-4544-a1ad-0f75cd2dd519",
	"dca649ed-8e96-438e-bba6-80c3a81cf7b7",
	1,
	1,
	'Port1::StaffInterface::sendFacilityType line: 1');
INSERT INTO ACT_FIO
	VALUES ("8f4128e9-0079-4daa-83a4-09b109a76527",
	"8b5bbddd-e017-40fc-b5c4-2c3eaf256199",
	1,
	'any',
	"1a7e6244-76d4-4656-b802-6270c53bb941",
	1,
	36);
INSERT INTO ACT_SMT
	VALUES ("dca649ed-8e96-438e-bba6-80c3a81cf7b7",
	"a329bd87-1080-4544-a1ad-0f75cd2dd519",
	"00000000-0000-0000-0000-000000000000",
	3,
	1,
	'Port1::StaffInterface::sendFacilityType line: 3');
INSERT INTO E_ESS
	VALUES ("dca649ed-8e96-438e-bba6-80c3a81cf7b7",
	1,
	0,
	3,
	10,
	3,
	17,
	1,
	36,
	3,
	35,
	0,
	0);
INSERT INTO V_PAR
	VALUES ("106a9124-2911-4a98-aa0c-d210ee9d3e7d",
	"dca649ed-8e96-438e-bba6-80c3a81cf7b7",
	"00000000-0000-0000-0000-000000000000",
	'facilityType',
	"00000000-0000-0000-0000-000000000000",
	3,
	35);
INSERT INTO E_GES
	VALUES ("dca649ed-8e96-438e-bba6-80c3a81cf7b7");
INSERT INTO E_GSME
	VALUES ("dca649ed-8e96-438e-bba6-80c3a81cf7b7",
	"7172f41b-b749-4042-97a8-a497e403224c");
INSERT INTO E_GEN
	VALUES ("dca649ed-8e96-438e-bba6-80c3a81cf7b7",
	"8b5bbddd-e017-40fc-b5c4-2c3eaf256199");
INSERT INTO V_VAL
	VALUES ("106a9124-2911-4a98-aa0c-d210ee9d3e7d",
	0,
	0,
	3,
	55,
	68,
	0,
	0,
	0,
	0,
	"ba5eda7a-def5-0000-0000-000000000005",
	"a329bd87-1080-4544-a1ad-0f75cd2dd519");
INSERT INTO V_PVL
	VALUES ("106a9124-2911-4a98-aa0c-d210ee9d3e7d",
	"00000000-0000-0000-0000-000000000000",
	"00000000-0000-0000-0000-000000000000",
	"00000000-0000-0000-0000-000000000000",
	"f9b7191e-c871-410b-a95e-320c345ff717");
INSERT INTO V_VAR
	VALUES ("8b5bbddd-e017-40fc-b5c4-2c3eaf256199",
	"a329bd87-1080-4544-a1ad-0f75cd2dd519",
	'setup',
	1,
	"ba5eda7a-def5-0000-0000-000000000008");
INSERT INTO V_INT
	VALUES ("8b5bbddd-e017-40fc-b5c4-2c3eaf256199",
	0,
	"1a7e6244-76d4-4656-b802-6270c53bb941");
INSERT INTO V_LOC
	VALUES ("edf6e8b4-f43d-421e-b525-ad01fadeb01c",
	1,
	12,
	16,
	"8b5bbddd-e017-40fc-b5c4-2c3eaf256199");
INSERT INTO V_LOC
	VALUES ("f9a0c34a-3720-44c7-acea-94d646a3cf06",
	3,
	74,
	78,
	"8b5bbddd-e017-40fc-b5c4-2c3eaf256199");
INSERT INTO PE_PE
	VALUES ("dcd45889-1e8f-44ce-a0ac-90e67ced68c3",
	1,
	"00000000-0000-0000-0000-000000000000",
	"0968771f-8553-4274-be70-86a03e4e6267",
	7);
INSERT INTO EP_PKG
	VALUES ("dcd45889-1e8f-44ce-a0ac-90e67ced68c3",
	"00000000-0000-0000-0000-000000000000",
	"77552e13-265a-4a67-beca-bb6af5f15d0b",
	'TestCases',
	'',
	0);
INSERT INTO PE_PE
	VALUES ("9db8c033-ff94-41f2-bd5c-36e5cdae0e4b",
	1,
	"dcd45889-1e8f-44ce-a0ac-90e67ced68c3",
	"00000000-0000-0000-0000-000000000000",
	3);
INSERT INTO S_DT
	VALUES ("9db8c033-ff94-41f2-bd5c-36e5cdae0e4b",
	"00000000-0000-0000-0000-000000000000",
	'inst_ref<SimpleTest>',
	'',
	'');
INSERT INTO S_IRDT
	VALUES ("9db8c033-ff94-41f2-bd5c-36e5cdae0e4b",
	0,
	"6daee5e1-aefd-49c8-b18d-234fb0eb1928");
INSERT INTO PE_PE
	VALUES ("3b6ab3cd-ea6e-4950-b3b5-4414cd4a5d43",
	1,
	"dcd45889-1e8f-44ce-a0ac-90e67ced68c3",
	"00000000-0000-0000-0000-000000000000",
	3);
INSERT INTO S_DT
	VALUES ("3b6ab3cd-ea6e-4950-b3b5-4414cd4a5d43",
	"00000000-0000-0000-0000-000000000000",
	'inst_ref_set<SimpleTest>',
	'',
	'');
INSERT INTO S_IRDT
	VALUES ("3b6ab3cd-ea6e-4950-b3b5-4414cd4a5d43",
	1,
	"6daee5e1-aefd-49c8-b18d-234fb0eb1928");
INSERT INTO PE_PE
	VALUES ("68467367-5409-4c38-b4e4-909abfbab8a5",
	1,
	"dcd45889-1e8f-44ce-a0ac-90e67ced68c3",
	"00000000-0000-0000-0000-000000000000",
	1);
INSERT INTO S_SYNC
	VALUES ("68467367-5409-4c38-b4e4-909abfbab8a5",
	"00000000-0000-0000-0000-000000000000",
	'startSimpleTest',
	'',
	'LOG::LogInfo(message: "Starting simpleTest ;");
create object instance st of SIMPLETEST;
create object instance setup of SETUP;
generate SIMPLETEST1:start to st;',
	"ba5eda7a-def5-0000-0000-000000000000",
	1,
	'');
INSERT INTO ACT_FNB
	VALUES ("b6820542-b353-472a-9474-d2603606b3ba",
	"68467367-5409-4c38-b4e4-909abfbab8a5");
INSERT INTO ACT_ACT
	VALUES ("b6820542-b353-472a-9474-d2603606b3ba",
	'function',
	0,
	"e1c2772d-a012-4334-ae03-948635b201f3",
	"00000000-0000-0000-0000-000000000000",
	0,
	'startSimpleTest',
	"00000000-0000-0000-0000-000000000000");
INSERT INTO ACT_BLK
	VALUES ("e1c2772d-a012-4334-ae03-948635b201f3",
	0,
	0,
	0,
	'V_VAR.Var_ID',
	'',
	'',
	4,
	1,
	3,
	33,
	0,
	0,
	0,
	0,
	0,
	0,
	0,
	0,
	0,
	"b6820542-b353-472a-9474-d2603606b3ba",
	"00000000-0000-0000-0000-000000000000");
INSERT INTO ACT_SMT
	VALUES ("d5421ddf-2f0a-4159-ac49-68a6ad9f0248",
	"e1c2772d-a012-4334-ae03-948635b201f3",
	"7791e9aa-e3af-42df-aa2a-08f2fec916b1",
	1,
	1,
	'startSimpleTest line: 1');
INSERT INTO ACT_BRG
	VALUES ("d5421ddf-2f0a-4159-ac49-68a6ad9f0248",
	"768e1cca-7403-495c-9b22-afd11a473eb6",
	1,
	6,
	1,
	1);
INSERT INTO ACT_SMT
	VALUES ("7791e9aa-e3af-42df-aa2a-08f2fec916b1",
	"e1c2772d-a012-4334-ae03-948635b201f3",
	"ca4742f2-e441-46b0-a4f4-9da720b698b0",
	2,
	1,
	'startSimpleTest line: 2');
INSERT INTO ACT_CR
	VALUES ("7791e9aa-e3af-42df-aa2a-08f2fec916b1",
	"9a6bd3f5-0bb7-456f-a992-0164f4838a8e",
	1,
	"6daee5e1-aefd-49c8-b18d-234fb0eb1928",
	2,
	30);
INSERT INTO ACT_SMT
	VALUES ("ca4742f2-e441-46b0-a4f4-9da720b698b0",
	"e1c2772d-a012-4334-ae03-948635b201f3",
	"804ed15f-df25-446b-9bd5-f0253fe05a9d",
	3,
	1,
	'startSimpleTest line: 3');
INSERT INTO ACT_CR
	VALUES ("ca4742f2-e441-46b0-a4f4-9da720b698b0",
	"990d7b93-dcc9-4f67-ad4a-086f6bed7b37",
	1,
	"1a7e6244-76d4-4656-b802-6270c53bb941",
	3,
	33);
INSERT INTO ACT_SMT
	VALUES ("804ed15f-df25-446b-9bd5-f0253fe05a9d",
	"e1c2772d-a012-4334-ae03-948635b201f3",
	"00000000-0000-0000-0000-000000000000",
	4,
	1,
	'startSimpleTest line: 4');
INSERT INTO E_ESS
	VALUES ("804ed15f-df25-446b-9bd5-f0253fe05a9d",
	1,
	0,
	4,
	10,
	4,
	22,
	3,
	33,
	0,
	0,
	0,
	0);
INSERT INTO E_GES
	VALUES ("804ed15f-df25-446b-9bd5-f0253fe05a9d");
INSERT INTO E_GSME
	VALUES ("804ed15f-df25-446b-9bd5-f0253fe05a9d",
	"571ae000-303e-4af6-9350-7f3c94749e60");
INSERT INTO E_GEN
	VALUES ("804ed15f-df25-446b-9bd5-f0253fe05a9d",
	"9a6bd3f5-0bb7-456f-a992-0164f4838a8e");
INSERT INTO V_VAL
	VALUES ("634f3d59-882f-4c33-b22f-c4ff59c14d57",
	0,
	0,
	1,
	23,
	44,
	0,
	0,
	0,
	0,
	"ba5eda7a-def5-0000-0000-000000000004",
	"e1c2772d-a012-4334-ae03-948635b201f3");
INSERT INTO V_LST
	VALUES ("634f3d59-882f-4c33-b22f-c4ff59c14d57",
	'Starting simpleTest ;');
INSERT INTO V_PAR
	VALUES ("634f3d59-882f-4c33-b22f-c4ff59c14d57",
	"d5421ddf-2f0a-4159-ac49-68a6ad9f0248",
	"00000000-0000-0000-0000-000000000000",
	'message',
	"00000000-0000-0000-0000-000000000000",
	1,
	14);
INSERT INTO V_VAR
	VALUES ("9a6bd3f5-0bb7-456f-a992-0164f4838a8e",
	"e1c2772d-a012-4334-ae03-948635b201f3",
	'st',
	1,
	"9db8c033-ff94-41f2-bd5c-36e5cdae0e4b");
INSERT INTO V_INT
	VALUES ("9a6bd3f5-0bb7-456f-a992-0164f4838a8e",
	0,
	"6daee5e1-aefd-49c8-b18d-234fb0eb1928");
INSERT INTO V_LOC
	VALUES ("e9fd8fd9-aeb6-472e-9eaa-27810dcf165b",
	2,
	24,
	25,
	"9a6bd3f5-0bb7-456f-a992-0164f4838a8e");
INSERT INTO V_LOC
	VALUES ("aba71430-b9a2-4ae3-8f89-1c5b89a151a1",
	4,
	31,
	32,
	"9a6bd3f5-0bb7-456f-a992-0164f4838a8e");
INSERT INTO V_VAR
	VALUES ("990d7b93-dcc9-4f67-ad4a-086f6bed7b37",
	"e1c2772d-a012-4334-ae03-948635b201f3",
	'setup',
	1,
	"ba5eda7a-def5-0000-0000-000000000008");
INSERT INTO V_INT
	VALUES ("990d7b93-dcc9-4f67-ad4a-086f6bed7b37",
	0,
	"1a7e6244-76d4-4656-b802-6270c53bb941");
INSERT INTO V_LOC
	VALUES ("6ca393d3-b342-43f0-8e9b-00c61a7d0747",
	3,
	24,
	28,
	"990d7b93-dcc9-4f67-ad4a-086f6bed7b37");
INSERT INTO PE_PE
	VALUES ("6daee5e1-aefd-49c8-b18d-234fb0eb1928",
	1,
	"dcd45889-1e8f-44ce-a0ac-90e67ced68c3",
	"00000000-0000-0000-0000-000000000000",
	4);
INSERT INTO O_OBJ
	VALUES ("6daee5e1-aefd-49c8-b18d-234fb0eb1928",
	'SimpleTest',
	1,
	'SIMPLETEST',
	'',
	"00000000-0000-0000-0000-000000000000");
INSERT INTO O_NBATTR
	VALUES ("fa000d2e-0253-4293-bd82-1e0913c0904f",
	"6daee5e1-aefd-49c8-b18d-234fb0eb1928");
INSERT INTO O_BATTR
	VALUES ("fa000d2e-0253-4293-bd82-1e0913c0904f",
	"6daee5e1-aefd-49c8-b18d-234fb0eb1928");
INSERT INTO O_ATTR
	VALUES ("fa000d2e-0253-4293-bd82-1e0913c0904f",
	"6daee5e1-aefd-49c8-b18d-234fb0eb1928",
	"00000000-0000-0000-0000-000000000000",
	'current_state',
	'',
	'',
	'current_state',
	0,
	"ba5eda7a-def5-0000-0000-000000000006",
	'',
	'');
INSERT INTO O_NBATTR
	VALUES ("10645a6f-534c-4e7d-84b2-77d94f3125c4",
	"6daee5e1-aefd-49c8-b18d-234fb0eb1928");
INSERT INTO O_BATTR
	VALUES ("10645a6f-534c-4e7d-84b2-77d94f3125c4",
	"6daee5e1-aefd-49c8-b18d-234fb0eb1928");
INSERT INTO O_ATTR
	VALUES ("10645a6f-534c-4e7d-84b2-77d94f3125c4",
	"6daee5e1-aefd-49c8-b18d-234fb0eb1928",
	"fa000d2e-0253-4293-bd82-1e0913c0904f",
	'sessionID',
	'',
	'',
	'sessionID',
	0,
	"ba5eda7a-def5-0000-0000-000000000005",
	'',
	'');
INSERT INTO O_ID
	VALUES (0,
	"6daee5e1-aefd-49c8-b18d-234fb0eb1928");
INSERT INTO O_ID
	VALUES (1,
	"6daee5e1-aefd-49c8-b18d-234fb0eb1928");
INSERT INTO O_ID
	VALUES (2,
	"6daee5e1-aefd-49c8-b18d-234fb0eb1928");
INSERT INTO SM_ISM
	VALUES ("ff73a57e-de54-43da-89b9-7fc18e7e85a5",
	"6daee5e1-aefd-49c8-b18d-234fb0eb1928");
INSERT INTO SM_SM
	VALUES ("ff73a57e-de54-43da-89b9-7fc18e7e85a5",
	'',
	0);
INSERT INTO SM_MOORE
	VALUES ("ff73a57e-de54-43da-89b9-7fc18e7e85a5");
INSERT INTO SM_EVTDI
	VALUES ("cf45ac62-45f1-44bc-b7a3-c755aacea2a2",
	"ff73a57e-de54-43da-89b9-7fc18e7e85a5",
	'sessionID',
	'',
	"ba5eda7a-def5-0000-0000-000000000005",
	'',
	"2a21dfc2-cf8a-496d-91fa-d6cd6995d113",
	"00000000-0000-0000-0000-000000000000");
INSERT INTO SM_LEVT
	VALUES ("571ae000-303e-4af6-9350-7f3c94749e60",
	"ff73a57e-de54-43da-89b9-7fc18e7e85a5",
	"00000000-0000-0000-0000-000000000000");
INSERT INTO SM_SEVT
	VALUES ("571ae000-303e-4af6-9350-7f3c94749e60",
	"ff73a57e-de54-43da-89b9-7fc18e7e85a5",
	"00000000-0000-0000-0000-000000000000");
INSERT INTO SM_EVT
	VALUES ("571ae000-303e-4af6-9350-7f3c94749e60",
	"ff73a57e-de54-43da-89b9-7fc18e7e85a5",
	"00000000-0000-0000-0000-000000000000",
	1,
	'start',
	0,
	'',
	'SIMPLETEST1',
	'');
INSERT INTO SM_LEVT
	VALUES ("2a21dfc2-cf8a-496d-91fa-d6cd6995d113",
	"ff73a57e-de54-43da-89b9-7fc18e7e85a5",
	"00000000-0000-0000-0000-000000000000");
INSERT INTO SM_SEVT
	VALUES ("2a21dfc2-cf8a-496d-91fa-d6cd6995d113",
	"ff73a57e-de54-43da-89b9-7fc18e7e85a5",
	"00000000-0000-0000-0000-000000000000");
INSERT INTO SM_EVT
	VALUES ("2a21dfc2-cf8a-496d-91fa-d6cd6995d113",
	"ff73a57e-de54-43da-89b9-7fc18e7e85a5",
	"00000000-0000-0000-0000-000000000000",
	2,
	'sessionEvent',
	0,
	'',
	'SIMPLETEST2',
	'');
INSERT INTO SM_STATE
	VALUES ("ff3aa0df-09b3-4d91-b2a7-212ccf415d16",
	"ff73a57e-de54-43da-89b9-7fc18e7e85a5",
	"00000000-0000-0000-0000-000000000000",
	'entryPoint',
	1,
	0);
INSERT INTO SM_SEME
	VALUES ("ff3aa0df-09b3-4d91-b2a7-212ccf415d16",
	"571ae000-303e-4af6-9350-7f3c94749e60",
	"ff73a57e-de54-43da-89b9-7fc18e7e85a5",
	"00000000-0000-0000-0000-000000000000");
INSERT INTO SM_CH
	VALUES ("ff3aa0df-09b3-4d91-b2a7-212ccf415d16",
	"2a21dfc2-cf8a-496d-91fa-d6cd6995d113",
	"ff73a57e-de54-43da-89b9-7fc18e7e85a5",
	"00000000-0000-0000-0000-000000000000",
	'');
INSERT INTO SM_SEME
	VALUES ("ff3aa0df-09b3-4d91-b2a7-212ccf415d16",
	"2a21dfc2-cf8a-496d-91fa-d6cd6995d113",
	"ff73a57e-de54-43da-89b9-7fc18e7e85a5",
	"00000000-0000-0000-0000-000000000000");
INSERT INTO SM_MOAH
	VALUES ("cb212bf5-d2bb-45da-8e27-c663ec05029f",
	"ff73a57e-de54-43da-89b9-7fc18e7e85a5",
	"ff3aa0df-09b3-4d91-b2a7-212ccf415d16");
INSERT INTO SM_AH
	VALUES ("cb212bf5-d2bb-45da-8e27-c663ec05029f",
	"ff73a57e-de54-43da-89b9-7fc18e7e85a5");
INSERT INTO SM_ACT
	VALUES ("cb212bf5-d2bb-45da-8e27-c663ec05029f",
	"ff73a57e-de54-43da-89b9-7fc18e7e85a5",
	1,
	'LOG::LogInfo(message: "Starting simple test... woopido");
',
	'');
INSERT INTO ACT_SAB
	VALUES ("c8798c7a-fc95-4e95-b891-5d1ead318c9d",
	"ff73a57e-de54-43da-89b9-7fc18e7e85a5",
	"cb212bf5-d2bb-45da-8e27-c663ec05029f");
INSERT INTO ACT_ACT
	VALUES ("c8798c7a-fc95-4e95-b891-5d1ead318c9d",
	'state',
	0,
	"c4edeea1-02d8-4cba-9db3-2d1a92bb1bf8",
	"00000000-0000-0000-0000-000000000000",
	0,
	'SimpleTest::entryPoint',
	"00000000-0000-0000-0000-000000000000");
INSERT INTO ACT_BLK
	VALUES ("c4edeea1-02d8-4cba-9db3-2d1a92bb1bf8",
	0,
	0,
	0,
	'LOG',
	'',
	'',
	1,
	1,
	1,
	1,
	0,
	0,
	0,
	0,
	0,
	0,
	0,
	0,
	0,
	"c8798c7a-fc95-4e95-b891-5d1ead318c9d",
	"00000000-0000-0000-0000-000000000000");
INSERT INTO ACT_SMT
	VALUES ("2c7b1b40-f21b-406e-bd23-49b3c1b6752e",
	"c4edeea1-02d8-4cba-9db3-2d1a92bb1bf8",
	"00000000-0000-0000-0000-000000000000",
	1,
	1,
	'SimpleTest::entryPoint line: 1');
INSERT INTO ACT_BRG
	VALUES ("2c7b1b40-f21b-406e-bd23-49b3c1b6752e",
	"768e1cca-7403-495c-9b22-afd11a473eb6",
	1,
	6,
	1,
	1);
INSERT INTO V_VAL
	VALUES ("56a7e635-6262-41cc-be2c-c564d63196df",
	0,
	0,
	1,
	23,
	54,
	0,
	0,
	0,
	0,
	"ba5eda7a-def5-0000-0000-000000000004",
	"c4edeea1-02d8-4cba-9db3-2d1a92bb1bf8");
INSERT INTO V_LST
	VALUES ("56a7e635-6262-41cc-be2c-c564d63196df",
	'Starting simple test... woopido');
INSERT INTO V_PAR
	VALUES ("56a7e635-6262-41cc-be2c-c564d63196df",
	"2c7b1b40-f21b-406e-bd23-49b3c1b6752e",
	"00000000-0000-0000-0000-000000000000",
	'message',
	"00000000-0000-0000-0000-000000000000",
	1,
	14);
INSERT INTO SM_STATE
	VALUES ("69ed6288-8a7a-4a78-8509-c5afa7b80900",
	"ff73a57e-de54-43da-89b9-7fc18e7e85a5",
	"00000000-0000-0000-0000-000000000000",
	'requestSession',
	2,
	0);
INSERT INTO SM_CH
	VALUES ("69ed6288-8a7a-4a78-8509-c5afa7b80900",
	"571ae000-303e-4af6-9350-7f3c94749e60",
	"ff73a57e-de54-43da-89b9-7fc18e7e85a5",
	"00000000-0000-0000-0000-000000000000",
	'');
INSERT INTO SM_SEME
	VALUES ("69ed6288-8a7a-4a78-8509-c5afa7b80900",
	"571ae000-303e-4af6-9350-7f3c94749e60",
	"ff73a57e-de54-43da-89b9-7fc18e7e85a5",
	"00000000-0000-0000-0000-000000000000");
INSERT INTO SM_SEME
	VALUES ("69ed6288-8a7a-4a78-8509-c5afa7b80900",
	"2a21dfc2-cf8a-496d-91fa-d6cd6995d113",
	"ff73a57e-de54-43da-89b9-7fc18e7e85a5",
	"00000000-0000-0000-0000-000000000000");
INSERT INTO SM_MOAH
	VALUES ("7bfddb0f-c3e6-4837-b6e1-2f61082ec5e2",
	"ff73a57e-de54-43da-89b9-7fc18e7e85a5",
	"69ed6288-8a7a-4a78-8509-c5afa7b80900");
INSERT INTO SM_AH
	VALUES ("7bfddb0f-c3e6-4837-b6e1-2f61082ec5e2",
	"ff73a57e-de54-43da-89b9-7fc18e7e85a5");
INSERT INTO SM_ACT
	VALUES ("7bfddb0f-c3e6-4837-b6e1-2f61082ec5e2",
	"ff73a57e-de54-43da-89b9-7fc18e7e85a5",
	1,
	'LOG::LogInfo(message: "Starting simple test... requesting session");
send BookingProvider::requestSession();',
	'');
INSERT INTO ACT_SAB
	VALUES ("44a0dfac-90fb-4c80-8988-f3f070052d7b",
	"ff73a57e-de54-43da-89b9-7fc18e7e85a5",
	"7bfddb0f-c3e6-4837-b6e1-2f61082ec5e2");
INSERT INTO ACT_ACT
	VALUES ("44a0dfac-90fb-4c80-8988-f3f070052d7b",
	'state',
	0,
	"7c3b2929-1cf4-46bf-8853-d8f1bd525532",
	"00000000-0000-0000-0000-000000000000",
	0,
	'SimpleTest::requestSession',
	"00000000-0000-0000-0000-000000000000");
INSERT INTO ACT_BLK
	VALUES ("7c3b2929-1cf4-46bf-8853-d8f1bd525532",
	0,
	0,
	0,
	'BookingProvider',
	'',
	'',
	2,
	1,
	2,
	6,
	0,
	0,
	0,
	0,
	0,
	0,
	0,
	0,
	0,
	"44a0dfac-90fb-4c80-8988-f3f070052d7b",
	"00000000-0000-0000-0000-000000000000");
INSERT INTO ACT_SMT
	VALUES ("e03de539-0c66-4ea0-bb73-bd6848ac187e",
	"7c3b2929-1cf4-46bf-8853-d8f1bd525532",
	"ddb836a0-f750-479a-9f36-6671c0f98509",
	1,
	1,
	'SimpleTest::requestSession line: 1');
INSERT INTO ACT_BRG
	VALUES ("e03de539-0c66-4ea0-bb73-bd6848ac187e",
	"768e1cca-7403-495c-9b22-afd11a473eb6",
	1,
	6,
	1,
	1);
INSERT INTO ACT_SMT
	VALUES ("ddb836a0-f750-479a-9f36-6671c0f98509",
	"7c3b2929-1cf4-46bf-8853-d8f1bd525532",
	"00000000-0000-0000-0000-000000000000",
	2,
	1,
	'SimpleTest::requestSession line: 2');
INSERT INTO ACT_SGN
	VALUES ("ddb836a0-f750-479a-9f36-6671c0f98509",
	2,
	23,
	2,
	6,
	"00000000-0000-0000-0000-000000000000",
	"4008216b-9430-4340-b497-4f91f4977fec",
	"00000000-0000-0000-0000-000000000000");
INSERT INTO V_VAL
	VALUES ("78eddbd3-7d73-4495-bcb3-57865ae4cb6a",
	0,
	0,
	1,
	23,
	65,
	0,
	0,
	0,
	0,
	"ba5eda7a-def5-0000-0000-000000000004",
	"7c3b2929-1cf4-46bf-8853-d8f1bd525532");
INSERT INTO V_LST
	VALUES ("78eddbd3-7d73-4495-bcb3-57865ae4cb6a",
	'Starting simple test... requesting session');
INSERT INTO V_PAR
	VALUES ("78eddbd3-7d73-4495-bcb3-57865ae4cb6a",
	"e03de539-0c66-4ea0-bb73-bd6848ac187e",
	"00000000-0000-0000-0000-000000000000",
	'message',
	"00000000-0000-0000-0000-000000000000",
	1,
	14);
INSERT INTO SM_STATE
	VALUES ("8fac4aec-97cb-4a48-8f6e-ef08889c723a",
	"ff73a57e-de54-43da-89b9-7fc18e7e85a5",
	"00000000-0000-0000-0000-000000000000",
	'requestAvailableBookables',
	3,
	0);
INSERT INTO SM_CH
	VALUES ("8fac4aec-97cb-4a48-8f6e-ef08889c723a",
	"571ae000-303e-4af6-9350-7f3c94749e60",
	"ff73a57e-de54-43da-89b9-7fc18e7e85a5",
	"00000000-0000-0000-0000-000000000000",
	'');
INSERT INTO SM_SEME
	VALUES ("8fac4aec-97cb-4a48-8f6e-ef08889c723a",
	"571ae000-303e-4af6-9350-7f3c94749e60",
	"ff73a57e-de54-43da-89b9-7fc18e7e85a5",
	"00000000-0000-0000-0000-000000000000");
INSERT INTO SM_CH
	VALUES ("8fac4aec-97cb-4a48-8f6e-ef08889c723a",
	"2a21dfc2-cf8a-496d-91fa-d6cd6995d113",
	"ff73a57e-de54-43da-89b9-7fc18e7e85a5",
	"00000000-0000-0000-0000-000000000000",
	'');
INSERT INTO SM_SEME
	VALUES ("8fac4aec-97cb-4a48-8f6e-ef08889c723a",
	"2a21dfc2-cf8a-496d-91fa-d6cd6995d113",
	"ff73a57e-de54-43da-89b9-7fc18e7e85a5",
	"00000000-0000-0000-0000-000000000000");
INSERT INTO SM_MOAH
	VALUES ("e12e3fe8-5c7c-4fbf-8611-5a11885ce338",
	"ff73a57e-de54-43da-89b9-7fc18e7e85a5",
	"8fac4aec-97cb-4a48-8f6e-ef08889c723a");
INSERT INTO SM_AH
	VALUES ("e12e3fe8-5c7c-4fbf-8611-5a11885ce338",
	"ff73a57e-de54-43da-89b9-7fc18e7e85a5");
INSERT INTO SM_ACT
	VALUES ("e12e3fe8-5c7c-4fbf-8611-5a11885ce338",
	"ff73a57e-de54-43da-89b9-7fc18e7e85a5",
	1,
	'LOG::LogInfo(message: "Session recieved");
send BookingProvider::requestAvailableBookables(sessionID: param.sessionID, 
												fromDate: TIM::create_date(day:1, month:1, year:2010, second:8, minute:12, hour:4),
												toDate: TIM::create_date(day:1, month:1, year:2010, second:8, minute:12, hour:4),
												facilityType: 1);',
	'');
INSERT INTO ACT_SAB
	VALUES ("e45af5ac-a47c-407d-a0ff-6a493e9b897f",
	"ff73a57e-de54-43da-89b9-7fc18e7e85a5",
	"e12e3fe8-5c7c-4fbf-8611-5a11885ce338");
INSERT INTO ACT_ACT
	VALUES ("e45af5ac-a47c-407d-a0ff-6a493e9b897f",
	'state',
	0,
	"6cc7246c-8ff7-418b-b289-d8b8bad24dd2",
	"00000000-0000-0000-0000-000000000000",
	0,
	'SimpleTest::requestAvailableBookables',
	"00000000-0000-0000-0000-000000000000");
INSERT INTO ACT_BLK
	VALUES ("6cc7246c-8ff7-418b-b289-d8b8bad24dd2",
	0,
	0,
	0,
	'TIM',
	'',
	'',
	2,
	1,
	4,
	21,
	0,
	0,
	0,
	0,
	0,
	0,
	0,
	0,
	0,
	"e45af5ac-a47c-407d-a0ff-6a493e9b897f",
	"00000000-0000-0000-0000-000000000000");
INSERT INTO ACT_SMT
	VALUES ("cbea1ac2-7f24-4017-a9a8-cebe54b5bd75",
	"6cc7246c-8ff7-418b-b289-d8b8bad24dd2",
	"a4a46067-b13c-42f6-89fc-d88d804d5992",
	1,
	1,
	'SimpleTest::requestAvailableBookables line: 1');
INSERT INTO ACT_BRG
	VALUES ("cbea1ac2-7f24-4017-a9a8-cebe54b5bd75",
	"768e1cca-7403-495c-9b22-afd11a473eb6",
	1,
	6,
	1,
	1);
INSERT INTO ACT_SMT
	VALUES ("a4a46067-b13c-42f6-89fc-d88d804d5992",
	"6cc7246c-8ff7-418b-b289-d8b8bad24dd2",
	"00000000-0000-0000-0000-000000000000",
	2,
	1,
	'SimpleTest::requestAvailableBookables line: 2');
INSERT INTO ACT_SGN
	VALUES ("a4a46067-b13c-42f6-89fc-d88d804d5992",
	2,
	23,
	2,
	6,
	"00000000-0000-0000-0000-000000000000",
	"0f4f0c74-9081-4693-8692-8e7887366c52",
	"00000000-0000-0000-0000-000000000000");
INSERT INTO V_VAL
	VALUES ("e274f294-dfd2-4a9c-9005-692e3f66c07f",
	0,
	0,
	1,
	23,
	39,
	0,
	0,
	0,
	0,
	"ba5eda7a-def5-0000-0000-000000000004",
	"6cc7246c-8ff7-418b-b289-d8b8bad24dd2");
INSERT INTO V_LST
	VALUES ("e274f294-dfd2-4a9c-9005-692e3f66c07f",
	'Session recieved');
INSERT INTO V_PAR
	VALUES ("e274f294-dfd2-4a9c-9005-692e3f66c07f",
	"cbea1ac2-7f24-4017-a9a8-cebe54b5bd75",
	"00000000-0000-0000-0000-000000000000",
	'message',
	"00000000-0000-0000-0000-000000000000",
	1,
	14);
INSERT INTO V_VAL
	VALUES ("54d65187-e68f-491b-b7df-a165be3e0d8c",
	0,
	0,
	2,
	66,
	74,
	0,
	0,
	0,
	0,
	"ba5eda7a-def5-0000-0000-000000000005",
	"6cc7246c-8ff7-418b-b289-d8b8bad24dd2");
INSERT INTO V_EDV
	VALUES ("54d65187-e68f-491b-b7df-a165be3e0d8c");
INSERT INTO V_EPR
	VALUES ("54d65187-e68f-491b-b7df-a165be3e0d8c",
	"ff73a57e-de54-43da-89b9-7fc18e7e85a5",
	"cf45ac62-45f1-44bc-b7a3-c755aacea2a2",
	"00000000-0000-0000-0000-000000000000");
INSERT INTO V_PAR
	VALUES ("54d65187-e68f-491b-b7df-a165be3e0d8c",
	"a4a46067-b13c-42f6-89fc-d88d804d5992",
	"00000000-0000-0000-0000-000000000000",
	'sessionID',
	"6ba0ba3f-305c-4e4d-a5ee-5d5c20d93042",
	2,
	49);
INSERT INTO V_VAL
	VALUES ("6ba0ba3f-305c-4e4d-a5ee-5d5c20d93042",
	0,
	0,
	3,
	28,
	-1,
	3,
	40,
	3,
	88,
	"ba5eda7a-def5-0000-0000-00000000000e",
	"6cc7246c-8ff7-418b-b289-d8b8bad24dd2");
INSERT INTO V_BRV
	VALUES ("6ba0ba3f-305c-4e4d-a5ee-5d5c20d93042",
	"46742184-2efc-49e2-9fe1-e62dcc44be84",
	1,
	3,
	23);
INSERT INTO V_PAR
	VALUES ("6ba0ba3f-305c-4e4d-a5ee-5d5c20d93042",
	"a4a46067-b13c-42f6-89fc-d88d804d5992",
	"00000000-0000-0000-0000-000000000000",
	'fromDate',
	"163ab280-04a9-4670-829e-c250ad9c7ca2",
	3,
	13);
INSERT INTO V_VAL
	VALUES ("667eafc9-a84a-44b2-8c9b-58847d0ff4f3",
	0,
	0,
	3,
	44,
	44,
	0,
	0,
	0,
	0,
	"ba5eda7a-def5-0000-0000-000000000002",
	"6cc7246c-8ff7-418b-b289-d8b8bad24dd2");
INSERT INTO V_LIN
	VALUES ("667eafc9-a84a-44b2-8c9b-58847d0ff4f3",
	'1');
INSERT INTO V_PAR
	VALUES ("667eafc9-a84a-44b2-8c9b-58847d0ff4f3",
	"00000000-0000-0000-0000-000000000000",
	"6ba0ba3f-305c-4e4d-a5ee-5d5c20d93042",
	'day',
	"75b7e96a-a330-4ca4-a067-dbf6792c7ea0",
	3,
	40);
INSERT INTO V_VAL
	VALUES ("75b7e96a-a330-4ca4-a067-dbf6792c7ea0",
	0,
	0,
	3,
	53,
	53,
	0,
	0,
	0,
	0,
	"ba5eda7a-def5-0000-0000-000000000002",
	"6cc7246c-8ff7-418b-b289-d8b8bad24dd2");
INSERT INTO V_LIN
	VALUES ("75b7e96a-a330-4ca4-a067-dbf6792c7ea0",
	'1');
INSERT INTO V_PAR
	VALUES ("75b7e96a-a330-4ca4-a067-dbf6792c7ea0",
	"00000000-0000-0000-0000-000000000000",
	"6ba0ba3f-305c-4e4d-a5ee-5d5c20d93042",
	'month',
	"110b822c-24aa-467b-a3e0-bb5819c10e22",
	3,
	47);
INSERT INTO V_VAL
	VALUES ("110b822c-24aa-467b-a3e0-bb5819c10e22",
	0,
	0,
	3,
	61,
	64,
	0,
	0,
	0,
	0,
	"ba5eda7a-def5-0000-0000-000000000002",
	"6cc7246c-8ff7-418b-b289-d8b8bad24dd2");
INSERT INTO V_LIN
	VALUES ("110b822c-24aa-467b-a3e0-bb5819c10e22",
	'2010');
INSERT INTO V_PAR
	VALUES ("110b822c-24aa-467b-a3e0-bb5819c10e22",
	"00000000-0000-0000-0000-000000000000",
	"6ba0ba3f-305c-4e4d-a5ee-5d5c20d93042",
	'year',
	"9943364a-a0f3-42dc-a426-4bacee8fde7c",
	3,
	56);
INSERT INTO V_VAL
	VALUES ("9943364a-a0f3-42dc-a426-4bacee8fde7c",
	0,
	0,
	3,
	74,
	74,
	0,
	0,
	0,
	0,
	"ba5eda7a-def5-0000-0000-000000000002",
	"6cc7246c-8ff7-418b-b289-d8b8bad24dd2");
INSERT INTO V_LIN
	VALUES ("9943364a-a0f3-42dc-a426-4bacee8fde7c",
	'8');
INSERT INTO V_PAR
	VALUES ("9943364a-a0f3-42dc-a426-4bacee8fde7c",
	"00000000-0000-0000-0000-000000000000",
	"6ba0ba3f-305c-4e4d-a5ee-5d5c20d93042",
	'second',
	"77b68d79-5d2e-4d59-b756-8e175b76b500",
	3,
	67);
INSERT INTO V_VAL
	VALUES ("77b68d79-5d2e-4d59-b756-8e175b76b500",
	0,
	0,
	3,
	84,
	85,
	0,
	0,
	0,
	0,
	"ba5eda7a-def5-0000-0000-000000000002",
	"6cc7246c-8ff7-418b-b289-d8b8bad24dd2");
INSERT INTO V_LIN
	VALUES ("77b68d79-5d2e-4d59-b756-8e175b76b500",
	'12');
INSERT INTO V_PAR
	VALUES ("77b68d79-5d2e-4d59-b756-8e175b76b500",
	"00000000-0000-0000-0000-000000000000",
	"6ba0ba3f-305c-4e4d-a5ee-5d5c20d93042",
	'minute',
	"4dbd0840-97a0-41c4-a96f-0430d0102b15",
	3,
	77);
INSERT INTO V_VAL
	VALUES ("4dbd0840-97a0-41c4-a96f-0430d0102b15",
	0,
	0,
	3,
	93,
	93,
	0,
	0,
	0,
	0,
	"ba5eda7a-def5-0000-0000-000000000002",
	"6cc7246c-8ff7-418b-b289-d8b8bad24dd2");
INSERT INTO V_LIN
	VALUES ("4dbd0840-97a0-41c4-a96f-0430d0102b15",
	'4');
INSERT INTO V_PAR
	VALUES ("4dbd0840-97a0-41c4-a96f-0430d0102b15",
	"00000000-0000-0000-0000-000000000000",
	"6ba0ba3f-305c-4e4d-a5ee-5d5c20d93042",
	'hour',
	"00000000-0000-0000-0000-000000000000",
	3,
	88);
INSERT INTO V_VAL
	VALUES ("163ab280-04a9-4670-829e-c250ad9c7ca2",
	0,
	0,
	4,
	26,
	-1,
	4,
	38,
	4,
	86,
	"ba5eda7a-def5-0000-0000-00000000000e",
	"6cc7246c-8ff7-418b-b289-d8b8bad24dd2");
INSERT INTO V_BRV
	VALUES ("163ab280-04a9-4670-829e-c250ad9c7ca2",
	"46742184-2efc-49e2-9fe1-e62dcc44be84",
	1,
	4,
	21);
INSERT INTO V_PAR
	VALUES ("163ab280-04a9-4670-829e-c250ad9c7ca2",
	"a4a46067-b13c-42f6-89fc-d88d804d5992",
	"00000000-0000-0000-0000-000000000000",
	'toDate',
	"85792516-e3e1-4521-a64e-7d5d63a9c577",
	4,
	13);
INSERT INTO V_VAL
	VALUES ("1aa6d067-cb01-452f-a39e-d19b41748fcf",
	0,
	0,
	4,
	42,
	42,
	0,
	0,
	0,
	0,
	"ba5eda7a-def5-0000-0000-000000000002",
	"6cc7246c-8ff7-418b-b289-d8b8bad24dd2");
INSERT INTO V_LIN
	VALUES ("1aa6d067-cb01-452f-a39e-d19b41748fcf",
	'1');
INSERT INTO V_PAR
	VALUES ("1aa6d067-cb01-452f-a39e-d19b41748fcf",
	"00000000-0000-0000-0000-000000000000",
	"163ab280-04a9-4670-829e-c250ad9c7ca2",
	'day',
	"05bc6954-297e-43c1-99e5-cd224b4aff2a",
	4,
	38);
INSERT INTO V_VAL
	VALUES ("05bc6954-297e-43c1-99e5-cd224b4aff2a",
	0,
	0,
	4,
	51,
	51,
	0,
	0,
	0,
	0,
	"ba5eda7a-def5-0000-0000-000000000002",
	"6cc7246c-8ff7-418b-b289-d8b8bad24dd2");
INSERT INTO V_LIN
	VALUES ("05bc6954-297e-43c1-99e5-cd224b4aff2a",
	'1');
INSERT INTO V_PAR
	VALUES ("05bc6954-297e-43c1-99e5-cd224b4aff2a",
	"00000000-0000-0000-0000-000000000000",
	"163ab280-04a9-4670-829e-c250ad9c7ca2",
	'month',
	"11914e31-534e-42fb-9a00-808b279d0dfa",
	4,
	45);
INSERT INTO V_VAL
	VALUES ("11914e31-534e-42fb-9a00-808b279d0dfa",
	0,
	0,
	4,
	59,
	62,
	0,
	0,
	0,
	0,
	"ba5eda7a-def5-0000-0000-000000000002",
	"6cc7246c-8ff7-418b-b289-d8b8bad24dd2");
INSERT INTO V_LIN
	VALUES ("11914e31-534e-42fb-9a00-808b279d0dfa",
	'2010');
INSERT INTO V_PAR
	VALUES ("11914e31-534e-42fb-9a00-808b279d0dfa",
	"00000000-0000-0000-0000-000000000000",
	"163ab280-04a9-4670-829e-c250ad9c7ca2",
	'year',
	"7c91ff00-b1bc-4654-9dc7-b493e69a95c0",
	4,
	54);
INSERT INTO V_VAL
	VALUES ("7c91ff00-b1bc-4654-9dc7-b493e69a95c0",
	0,
	0,
	4,
	72,
	72,
	0,
	0,
	0,
	0,
	"ba5eda7a-def5-0000-0000-000000000002",
	"6cc7246c-8ff7-418b-b289-d8b8bad24dd2");
INSERT INTO V_LIN
	VALUES ("7c91ff00-b1bc-4654-9dc7-b493e69a95c0",
	'8');
INSERT INTO V_PAR
	VALUES ("7c91ff00-b1bc-4654-9dc7-b493e69a95c0",
	"00000000-0000-0000-0000-000000000000",
	"163ab280-04a9-4670-829e-c250ad9c7ca2",
	'second',
	"2756252c-8acf-4867-9489-b9de9c71a748",
	4,
	65);
INSERT INTO V_VAL
	VALUES ("2756252c-8acf-4867-9489-b9de9c71a748",
	0,
	0,
	4,
	82,
	83,
	0,
	0,
	0,
	0,
	"ba5eda7a-def5-0000-0000-000000000002",
	"6cc7246c-8ff7-418b-b289-d8b8bad24dd2");
INSERT INTO V_LIN
	VALUES ("2756252c-8acf-4867-9489-b9de9c71a748",
	'12');
INSERT INTO V_PAR
	VALUES ("2756252c-8acf-4867-9489-b9de9c71a748",
	"00000000-0000-0000-0000-000000000000",
	"163ab280-04a9-4670-829e-c250ad9c7ca2",
	'minute',
	"5197c8a2-a680-4a6e-a4ad-f770ff36e9c3",
	4,
	75);
INSERT INTO V_VAL
	VALUES ("5197c8a2-a680-4a6e-a4ad-f770ff36e9c3",
	0,
	0,
	4,
	91,
	91,
	0,
	0,
	0,
	0,
	"ba5eda7a-def5-0000-0000-000000000002",
	"6cc7246c-8ff7-418b-b289-d8b8bad24dd2");
INSERT INTO V_LIN
	VALUES ("5197c8a2-a680-4a6e-a4ad-f770ff36e9c3",
	'4');
INSERT INTO V_PAR
	VALUES ("5197c8a2-a680-4a6e-a4ad-f770ff36e9c3",
	"00000000-0000-0000-0000-000000000000",
	"163ab280-04a9-4670-829e-c250ad9c7ca2",
	'hour',
	"00000000-0000-0000-0000-000000000000",
	4,
	86);
INSERT INTO V_VAL
	VALUES ("85792516-e3e1-4521-a64e-7d5d63a9c577",
	0,
	0,
	5,
	27,
	27,
	0,
	0,
	0,
	0,
	"ba5eda7a-def5-0000-0000-000000000002",
	"6cc7246c-8ff7-418b-b289-d8b8bad24dd2");
INSERT INTO V_LIN
	VALUES ("85792516-e3e1-4521-a64e-7d5d63a9c577",
	'1');
INSERT INTO V_PAR
	VALUES ("85792516-e3e1-4521-a64e-7d5d63a9c577",
	"a4a46067-b13c-42f6-89fc-d88d804d5992",
	"00000000-0000-0000-0000-000000000000",
	'facilityType',
	"00000000-0000-0000-0000-000000000000",
	5,
	13);
INSERT INTO SM_CRTXN
	VALUES ("5d4c75a5-ca8e-4a22-a325-1e2fb4b2bd0f",
	"ff73a57e-de54-43da-89b9-7fc18e7e85a5",
	"00000000-0000-0000-0000-000000000000",
	"00000000-0000-0000-0000-000000000000");
INSERT INTO SM_TAH
	VALUES ("85bb9e42-b91b-4e88-b799-f796536b3d92",
	"ff73a57e-de54-43da-89b9-7fc18e7e85a5",
	"5d4c75a5-ca8e-4a22-a325-1e2fb4b2bd0f");
INSERT INTO SM_AH
	VALUES ("85bb9e42-b91b-4e88-b799-f796536b3d92",
	"ff73a57e-de54-43da-89b9-7fc18e7e85a5");
INSERT INTO SM_ACT
	VALUES ("85bb9e42-b91b-4e88-b799-f796536b3d92",
	"ff73a57e-de54-43da-89b9-7fc18e7e85a5",
	1,
	'',
	'');
INSERT INTO ACT_TAB
	VALUES ("7c645d62-7c63-4005-83f5-982112120ca2",
	"ff73a57e-de54-43da-89b9-7fc18e7e85a5",
	"85bb9e42-b91b-4e88-b799-f796536b3d92");
INSERT INTO ACT_ACT
	VALUES ("7c645d62-7c63-4005-83f5-982112120ca2",
	'transition',
	0,
	"f5d3498b-5de6-45e3-82e1-c7d9dd825102",
	"00000000-0000-0000-0000-000000000000",
	0,
	'No Event Assigned',
	"00000000-0000-0000-0000-000000000000");
INSERT INTO ACT_BLK
	VALUES ("f5d3498b-5de6-45e3-82e1-c7d9dd825102",
	0,
	0,
	0,
	'',
	'',
	'',
	0,
	0,
	0,
	0,
	0,
	0,
	0,
	0,
	0,
	0,
	0,
	0,
	0,
	"7c645d62-7c63-4005-83f5-982112120ca2",
	"00000000-0000-0000-0000-000000000000");
INSERT INTO SM_TXN
	VALUES ("5d4c75a5-ca8e-4a22-a325-1e2fb4b2bd0f",
	"ff73a57e-de54-43da-89b9-7fc18e7e85a5",
	"ff3aa0df-09b3-4d91-b2a7-212ccf415d16",
	"00000000-0000-0000-0000-000000000000");
INSERT INTO SM_NSTXN
	VALUES ("37a78df7-872d-4fbf-908e-618445b592ba",
	"ff73a57e-de54-43da-89b9-7fc18e7e85a5",
	"ff3aa0df-09b3-4d91-b2a7-212ccf415d16",
	"571ae000-303e-4af6-9350-7f3c94749e60",
	"00000000-0000-0000-0000-000000000000");
INSERT INTO SM_TAH
	VALUES ("aab67572-8ef9-43c5-9aac-3d4b755821f4",
	"ff73a57e-de54-43da-89b9-7fc18e7e85a5",
	"37a78df7-872d-4fbf-908e-618445b592ba");
INSERT INTO SM_AH
	VALUES ("aab67572-8ef9-43c5-9aac-3d4b755821f4",
	"ff73a57e-de54-43da-89b9-7fc18e7e85a5");
INSERT INTO SM_ACT
	VALUES ("aab67572-8ef9-43c5-9aac-3d4b755821f4",
	"ff73a57e-de54-43da-89b9-7fc18e7e85a5",
	1,
	'',
	'');
INSERT INTO ACT_TAB
	VALUES ("4d4f3076-d437-468a-8b66-2588d843bee0",
	"ff73a57e-de54-43da-89b9-7fc18e7e85a5",
	"aab67572-8ef9-43c5-9aac-3d4b755821f4");
INSERT INTO ACT_ACT
	VALUES ("4d4f3076-d437-468a-8b66-2588d843bee0",
	'transition',
	0,
	"a7b63f6f-e4f9-421a-bfca-7ee3f873425a",
	"00000000-0000-0000-0000-000000000000",
	0,
	'SIMPLETEST1: start',
	"00000000-0000-0000-0000-000000000000");
INSERT INTO ACT_BLK
	VALUES ("a7b63f6f-e4f9-421a-bfca-7ee3f873425a",
	0,
	0,
	0,
	'',
	'',
	'',
	0,
	0,
	0,
	0,
	0,
	0,
	0,
	0,
	0,
	0,
	0,
	0,
	0,
	"4d4f3076-d437-468a-8b66-2588d843bee0",
	"00000000-0000-0000-0000-000000000000");
INSERT INTO SM_TXN
	VALUES ("37a78df7-872d-4fbf-908e-618445b592ba",
	"ff73a57e-de54-43da-89b9-7fc18e7e85a5",
	"69ed6288-8a7a-4a78-8509-c5afa7b80900",
	"00000000-0000-0000-0000-000000000000");
INSERT INTO SM_NSTXN
	VALUES ("0f04dfa6-dac0-47a0-b8c3-d4d13cc2f1f7",
	"ff73a57e-de54-43da-89b9-7fc18e7e85a5",
	"69ed6288-8a7a-4a78-8509-c5afa7b80900",
	"2a21dfc2-cf8a-496d-91fa-d6cd6995d113",
	"00000000-0000-0000-0000-000000000000");
INSERT INTO SM_TAH
	VALUES ("dc6f4ce0-453b-4bad-b2e4-768df5994abc",
	"ff73a57e-de54-43da-89b9-7fc18e7e85a5",
	"0f04dfa6-dac0-47a0-b8c3-d4d13cc2f1f7");
INSERT INTO SM_AH
	VALUES ("dc6f4ce0-453b-4bad-b2e4-768df5994abc",
	"ff73a57e-de54-43da-89b9-7fc18e7e85a5");
INSERT INTO SM_ACT
	VALUES ("dc6f4ce0-453b-4bad-b2e4-768df5994abc",
	"ff73a57e-de54-43da-89b9-7fc18e7e85a5",
	1,
	'self.sessionID = param.sessionID;',
	'');
INSERT INTO ACT_TAB
	VALUES ("796329e7-9789-4e66-bb82-5d45617fb05f",
	"ff73a57e-de54-43da-89b9-7fc18e7e85a5",
	"dc6f4ce0-453b-4bad-b2e4-768df5994abc");
INSERT INTO ACT_ACT
	VALUES ("796329e7-9789-4e66-bb82-5d45617fb05f",
	'transition',
	0,
	"df00590f-900b-4167-b756-72e983c7751e",
	"00000000-0000-0000-0000-000000000000",
	0,
	'SIMPLETEST2: sessionEvent',
	"00000000-0000-0000-0000-000000000000");
INSERT INTO ACT_BLK
	VALUES ("df00590f-900b-4167-b756-72e983c7751e",
	0,
	0,
	0,
	'',
	'',
	'',
	1,
	1,
	0,
	0,
	0,
	0,
	0,
	0,
	0,
	0,
	0,
	0,
	0,
	"796329e7-9789-4e66-bb82-5d45617fb05f",
	"00000000-0000-0000-0000-000000000000");
INSERT INTO ACT_SMT
	VALUES ("9a5992d3-6fda-496d-9b5f-7767b6f0e407",
	"df00590f-900b-4167-b756-72e983c7751e",
	"00000000-0000-0000-0000-000000000000",
	1,
	1,
	'SIMPLETEST2: sessionEvent line: 1');
INSERT INTO ACT_AI
	VALUES ("9a5992d3-6fda-496d-9b5f-7767b6f0e407",
	"dbdd92db-c4a5-47b8-a7ba-b685b30762bf",
	"465cd050-d461-4f4d-8cc4-6a2812e28170",
	0,
	0);
INSERT INTO V_VAL
	VALUES ("b57cf830-e29a-450e-a07f-8858cfc43dab",
	1,
	0,
	1,
	1,
	4,
	0,
	0,
	0,
	0,
	"9db8c033-ff94-41f2-bd5c-36e5cdae0e4b",
	"df00590f-900b-4167-b756-72e983c7751e");
INSERT INTO V_IRF
	VALUES ("b57cf830-e29a-450e-a07f-8858cfc43dab",
	"7bc4acf0-f104-457b-bd89-4569a512e1ee");
INSERT INTO V_VAL
	VALUES ("465cd050-d461-4f4d-8cc4-6a2812e28170",
	1,
	0,
	1,
	6,
	14,
	0,
	0,
	0,
	0,
	"ba5eda7a-def5-0000-0000-000000000005",
	"df00590f-900b-4167-b756-72e983c7751e");
INSERT INTO V_AVL
	VALUES ("465cd050-d461-4f4d-8cc4-6a2812e28170",
	"b57cf830-e29a-450e-a07f-8858cfc43dab",
	"6daee5e1-aefd-49c8-b18d-234fb0eb1928",
	"10645a6f-534c-4e7d-84b2-77d94f3125c4");
INSERT INTO V_VAL
	VALUES ("dbdd92db-c4a5-47b8-a7ba-b685b30762bf",
	0,
	0,
	1,
	24,
	32,
	0,
	0,
	0,
	0,
	"ba5eda7a-def5-0000-0000-000000000005",
	"df00590f-900b-4167-b756-72e983c7751e");
INSERT INTO V_EDV
	VALUES ("dbdd92db-c4a5-47b8-a7ba-b685b30762bf");
INSERT INTO V_EPR
	VALUES ("dbdd92db-c4a5-47b8-a7ba-b685b30762bf",
	"ff73a57e-de54-43da-89b9-7fc18e7e85a5",
	"cf45ac62-45f1-44bc-b7a3-c755aacea2a2",
	"00000000-0000-0000-0000-000000000000");
INSERT INTO V_VAR
	VALUES ("7bc4acf0-f104-457b-bd89-4569a512e1ee",
	"df00590f-900b-4167-b756-72e983c7751e",
	'self',
	1,
	"9db8c033-ff94-41f2-bd5c-36e5cdae0e4b");
INSERT INTO V_INT
	VALUES ("7bc4acf0-f104-457b-bd89-4569a512e1ee",
	0,
	"6daee5e1-aefd-49c8-b18d-234fb0eb1928");
INSERT INTO V_LOC
	VALUES ("e6927c37-8f36-4bb9-8de8-b6ca57c67a81",
	1,
	1,
	4,
	"7bc4acf0-f104-457b-bd89-4569a512e1ee");
INSERT INTO SM_TXN
	VALUES ("0f04dfa6-dac0-47a0-b8c3-d4d13cc2f1f7",
	"ff73a57e-de54-43da-89b9-7fc18e7e85a5",
	"8fac4aec-97cb-4a48-8f6e-ef08889c723a",
	"00000000-0000-0000-0000-000000000000");
INSERT INTO SM_ASM
	VALUES ("96895ef9-6c20-43e9-ac42-4a9d9b10dc18",
	"6daee5e1-aefd-49c8-b18d-234fb0eb1928");
INSERT INTO SM_SM
	VALUES ("96895ef9-6c20-43e9-ac42-4a9d9b10dc18",
	'',
	0);
INSERT INTO SM_MOORE
	VALUES ("96895ef9-6c20-43e9-ac42-4a9d9b10dc18");
INSERT INTO PE_PE
	VALUES ("1a7e6244-76d4-4656-b802-6270c53bb941",
	1,
	"dcd45889-1e8f-44ce-a0ac-90e67ced68c3",
	"00000000-0000-0000-0000-000000000000",
	4);
INSERT INTO O_OBJ
	VALUES ("1a7e6244-76d4-4656-b802-6270c53bb941",
	'Setup',
	2,
	'SETUP',
	'',
	"00000000-0000-0000-0000-000000000000");
INSERT INTO O_NBATTR
	VALUES ("6b012fb4-170b-474e-b625-6d11f2fed1d2",
	"1a7e6244-76d4-4656-b802-6270c53bb941");
INSERT INTO O_BATTR
	VALUES ("6b012fb4-170b-474e-b625-6d11f2fed1d2",
	"1a7e6244-76d4-4656-b802-6270c53bb941");
INSERT INTO O_ATTR
	VALUES ("6b012fb4-170b-474e-b625-6d11f2fed1d2",
	"1a7e6244-76d4-4656-b802-6270c53bb941",
	"00000000-0000-0000-0000-000000000000",
	'current_state',
	'',
	'',
	'current_state',
	0,
	"ba5eda7a-def5-0000-0000-000000000006",
	'',
	'');
INSERT INTO O_ID
	VALUES (0,
	"1a7e6244-76d4-4656-b802-6270c53bb941");
INSERT INTO O_ID
	VALUES (1,
	"1a7e6244-76d4-4656-b802-6270c53bb941");
INSERT INTO O_ID
	VALUES (2,
	"1a7e6244-76d4-4656-b802-6270c53bb941");
INSERT INTO SM_ISM
	VALUES ("04df3e9d-5386-4a1e-befa-8ef3c8f1edb3",
	"1a7e6244-76d4-4656-b802-6270c53bb941");
INSERT INTO SM_SM
	VALUES ("04df3e9d-5386-4a1e-befa-8ef3c8f1edb3",
	'',
	0);
INSERT INTO SM_MOORE
	VALUES ("04df3e9d-5386-4a1e-befa-8ef3c8f1edb3");
INSERT INTO SM_EVTDI
	VALUES ("8ccb55f4-957e-442e-bb9d-16bbe737f3b2",
	"04df3e9d-5386-4a1e-befa-8ef3c8f1edb3",
	'facilityType',
	'',
	"ba5eda7a-def5-0000-0000-000000000005",
	'',
	"7172f41b-b749-4042-97a8-a497e403224c",
	"00000000-0000-0000-0000-000000000000");
INSERT INTO SM_LEVT
	VALUES ("7172f41b-b749-4042-97a8-a497e403224c",
	"04df3e9d-5386-4a1e-befa-8ef3c8f1edb3",
	"00000000-0000-0000-0000-000000000000");
INSERT INTO SM_SEVT
	VALUES ("7172f41b-b749-4042-97a8-a497e403224c",
	"04df3e9d-5386-4a1e-befa-8ef3c8f1edb3",
	"00000000-0000-0000-0000-000000000000");
INSERT INTO SM_EVT
	VALUES ("7172f41b-b749-4042-97a8-a497e403224c",
	"04df3e9d-5386-4a1e-befa-8ef3c8f1edb3",
	"00000000-0000-0000-0000-000000000000",
	1,
	'facilityTypeAdded',
	0,
	'',
	'SETUP1',
	'');
INSERT INTO SM_STATE
	VALUES ("72d1d647-ba9c-4993-9e23-2d8e2599bf4a",
	"04df3e9d-5386-4a1e-befa-8ef3c8f1edb3",
	"00000000-0000-0000-0000-000000000000",
	'Setup',
	1,
	0);
INSERT INTO SM_SEME
	VALUES ("72d1d647-ba9c-4993-9e23-2d8e2599bf4a",
	"7172f41b-b749-4042-97a8-a497e403224c",
	"04df3e9d-5386-4a1e-befa-8ef3c8f1edb3",
	"00000000-0000-0000-0000-000000000000");
INSERT INTO SM_MOAH
	VALUES ("4680226d-1e90-4298-ab71-0971b54aadba",
	"04df3e9d-5386-4a1e-befa-8ef3c8f1edb3",
	"72d1d647-ba9c-4993-9e23-2d8e2599bf4a");
INSERT INTO SM_AH
	VALUES ("4680226d-1e90-4298-ab71-0971b54aadba",
	"04df3e9d-5386-4a1e-befa-8ef3c8f1edb3");
INSERT INTO SM_ACT
	VALUES ("4680226d-1e90-4298-ab71-0971b54aadba",
	"04df3e9d-5386-4a1e-befa-8ef3c8f1edb3",
	1,
	'
send StaffInterface::addFacilityType(approximateArea: "10-12 m^2", name: "Single Room", price: 1500, description: "ASBRA");
send StaffInterface::addFacilityType(approximateArea: "12-14 m^2", name: "Double Room", price: 2500, description: "DLIGT");
',
	'');
INSERT INTO ACT_SAB
	VALUES ("4513c375-c664-4564-8a01-d9d20e2e21ed",
	"04df3e9d-5386-4a1e-befa-8ef3c8f1edb3",
	"4680226d-1e90-4298-ab71-0971b54aadba");
INSERT INTO ACT_ACT
	VALUES ("4513c375-c664-4564-8a01-d9d20e2e21ed",
	'state',
	0,
	"84718bff-888d-4889-817b-83643db8833e",
	"00000000-0000-0000-0000-000000000000",
	0,
	'Setup::Setup',
	"00000000-0000-0000-0000-000000000000");
INSERT INTO ACT_BLK
	VALUES ("84718bff-888d-4889-817b-83643db8833e",
	0,
	0,
	0,
	'StaffInterface',
	'',
	'',
	3,
	1,
	3,
	6,
	0,
	0,
	0,
	0,
	0,
	0,
	0,
	0,
	0,
	"4513c375-c664-4564-8a01-d9d20e2e21ed",
	"00000000-0000-0000-0000-000000000000");
INSERT INTO ACT_SMT
	VALUES ("964c11da-f7c0-4dc6-9f54-c0f6e778a164",
	"84718bff-888d-4889-817b-83643db8833e",
	"f1ef6562-6e6e-48fe-94af-66ac4b524676",
	2,
	1,
	'Setup::Setup line: 2');
INSERT INTO ACT_SGN
	VALUES ("964c11da-f7c0-4dc6-9f54-c0f6e778a164",
	2,
	22,
	2,
	6,
	"00000000-0000-0000-0000-000000000000",
	"a8594653-92b4-4a46-a04e-ec4cff538621",
	"00000000-0000-0000-0000-000000000000");
INSERT INTO ACT_SMT
	VALUES ("f1ef6562-6e6e-48fe-94af-66ac4b524676",
	"84718bff-888d-4889-817b-83643db8833e",
	"00000000-0000-0000-0000-000000000000",
	3,
	1,
	'Setup::Setup line: 3');
INSERT INTO ACT_SGN
	VALUES ("f1ef6562-6e6e-48fe-94af-66ac4b524676",
	3,
	22,
	3,
	6,
	"00000000-0000-0000-0000-000000000000",
	"a8594653-92b4-4a46-a04e-ec4cff538621",
	"00000000-0000-0000-0000-000000000000");
INSERT INTO V_VAL
	VALUES ("8772a8fc-c9f0-4890-a6ba-9f3792df4aab",
	0,
	0,
	2,
	55,
	64,
	0,
	0,
	0,
	0,
	"ba5eda7a-def5-0000-0000-000000000004",
	"84718bff-888d-4889-817b-83643db8833e");
INSERT INTO V_LST
	VALUES ("8772a8fc-c9f0-4890-a6ba-9f3792df4aab",
	'10-12 m^2');
INSERT INTO V_PAR
	VALUES ("8772a8fc-c9f0-4890-a6ba-9f3792df4aab",
	"964c11da-f7c0-4dc6-9f54-c0f6e778a164",
	"00000000-0000-0000-0000-000000000000",
	'approximateArea',
	"64358475-6b23-4ca7-9e83-d15b003e81f4",
	2,
	38);
INSERT INTO V_VAL
	VALUES ("64358475-6b23-4ca7-9e83-d15b003e81f4",
	0,
	0,
	2,
	74,
	85,
	0,
	0,
	0,
	0,
	"ba5eda7a-def5-0000-0000-000000000004",
	"84718bff-888d-4889-817b-83643db8833e");
INSERT INTO V_LST
	VALUES ("64358475-6b23-4ca7-9e83-d15b003e81f4",
	'Single Room');
INSERT INTO V_PAR
	VALUES ("64358475-6b23-4ca7-9e83-d15b003e81f4",
	"964c11da-f7c0-4dc6-9f54-c0f6e778a164",
	"00000000-0000-0000-0000-000000000000",
	'name',
	"1834ec15-61e6-4324-97a7-181810528c2e",
	2,
	68);
INSERT INTO V_VAL
	VALUES ("1834ec15-61e6-4324-97a7-181810528c2e",
	0,
	0,
	2,
	96,
	99,
	0,
	0,
	0,
	0,
	"ba5eda7a-def5-0000-0000-000000000002",
	"84718bff-888d-4889-817b-83643db8833e");
INSERT INTO V_LIN
	VALUES ("1834ec15-61e6-4324-97a7-181810528c2e",
	'1500');
INSERT INTO V_PAR
	VALUES ("1834ec15-61e6-4324-97a7-181810528c2e",
	"964c11da-f7c0-4dc6-9f54-c0f6e778a164",
	"00000000-0000-0000-0000-000000000000",
	'price',
	"465ac65a-ea37-4ebe-b3dc-f351b5803da2",
	2,
	89);
INSERT INTO V_VAL
	VALUES ("465ac65a-ea37-4ebe-b3dc-f351b5803da2",
	0,
	0,
	2,
	115,
	120,
	0,
	0,
	0,
	0,
	"ba5eda7a-def5-0000-0000-000000000004",
	"84718bff-888d-4889-817b-83643db8833e");
INSERT INTO V_LST
	VALUES ("465ac65a-ea37-4ebe-b3dc-f351b5803da2",
	'ASBRA');
INSERT INTO V_PAR
	VALUES ("465ac65a-ea37-4ebe-b3dc-f351b5803da2",
	"964c11da-f7c0-4dc6-9f54-c0f6e778a164",
	"00000000-0000-0000-0000-000000000000",
	'description',
	"00000000-0000-0000-0000-000000000000",
	2,
	102);
INSERT INTO V_VAL
	VALUES ("8e2447c3-2bd9-4ae3-b4d9-2f3d1962fff9",
	0,
	0,
	3,
	55,
	64,
	0,
	0,
	0,
	0,
	"ba5eda7a-def5-0000-0000-000000000004",
	"84718bff-888d-4889-817b-83643db8833e");
INSERT INTO V_LST
	VALUES ("8e2447c3-2bd9-4ae3-b4d9-2f3d1962fff9",
	'12-14 m^2');
INSERT INTO V_PAR
	VALUES ("8e2447c3-2bd9-4ae3-b4d9-2f3d1962fff9",
	"f1ef6562-6e6e-48fe-94af-66ac4b524676",
	"00000000-0000-0000-0000-000000000000",
	'approximateArea',
	"29c8ee9f-d179-4bb7-a0b3-8ee917c79ecc",
	3,
	38);
INSERT INTO V_VAL
	VALUES ("29c8ee9f-d179-4bb7-a0b3-8ee917c79ecc",
	0,
	0,
	3,
	74,
	85,
	0,
	0,
	0,
	0,
	"ba5eda7a-def5-0000-0000-000000000004",
	"84718bff-888d-4889-817b-83643db8833e");
INSERT INTO V_LST
	VALUES ("29c8ee9f-d179-4bb7-a0b3-8ee917c79ecc",
	'Double Room');
INSERT INTO V_PAR
	VALUES ("29c8ee9f-d179-4bb7-a0b3-8ee917c79ecc",
	"f1ef6562-6e6e-48fe-94af-66ac4b524676",
	"00000000-0000-0000-0000-000000000000",
	'name',
	"2bc3bd8a-60b5-4cec-bae6-ed6902a69509",
	3,
	68);
INSERT INTO V_VAL
	VALUES ("2bc3bd8a-60b5-4cec-bae6-ed6902a69509",
	0,
	0,
	3,
	96,
	99,
	0,
	0,
	0,
	0,
	"ba5eda7a-def5-0000-0000-000000000002",
	"84718bff-888d-4889-817b-83643db8833e");
INSERT INTO V_LIN
	VALUES ("2bc3bd8a-60b5-4cec-bae6-ed6902a69509",
	'2500');
INSERT INTO V_PAR
	VALUES ("2bc3bd8a-60b5-4cec-bae6-ed6902a69509",
	"f1ef6562-6e6e-48fe-94af-66ac4b524676",
	"00000000-0000-0000-0000-000000000000",
	'price',
	"e6e6c692-8555-451d-a441-7b854e859dc2",
	3,
	89);
INSERT INTO V_VAL
	VALUES ("e6e6c692-8555-451d-a441-7b854e859dc2",
	0,
	0,
	3,
	115,
	121,
	0,
	0,
	0,
	0,
	"ba5eda7a-def5-0000-0000-000000000004",
	"84718bff-888d-4889-817b-83643db8833e");
INSERT INTO V_LST
	VALUES ("e6e6c692-8555-451d-a441-7b854e859dc2",
	'DLIGT');
INSERT INTO V_PAR
	VALUES ("e6e6c692-8555-451d-a441-7b854e859dc2",
	"f1ef6562-6e6e-48fe-94af-66ac4b524676",
	"00000000-0000-0000-0000-000000000000",
	'description',
	"00000000-0000-0000-0000-000000000000",
	3,
	102);
INSERT INTO SM_STATE
	VALUES ("0d39ddc7-f557-4477-a172-b8b6c4d49c73",
	"04df3e9d-5386-4a1e-befa-8ef3c8f1edb3",
	"00000000-0000-0000-0000-000000000000",
	'CreateFacilities',
	2,
	0);
INSERT INTO SM_SEME
	VALUES ("0d39ddc7-f557-4477-a172-b8b6c4d49c73",
	"7172f41b-b749-4042-97a8-a497e403224c",
	"04df3e9d-5386-4a1e-befa-8ef3c8f1edb3",
	"00000000-0000-0000-0000-000000000000");
INSERT INTO SM_MOAH
	VALUES ("688fabc7-b549-493b-b87b-e1249778a5d8",
	"04df3e9d-5386-4a1e-befa-8ef3c8f1edb3",
	"0d39ddc7-f557-4477-a172-b8b6c4d49c73");
INSERT INTO SM_AH
	VALUES ("688fabc7-b549-493b-b87b-e1249778a5d8",
	"04df3e9d-5386-4a1e-befa-8ef3c8f1edb3");
INSERT INTO SM_ACT
	VALUES ("688fabc7-b549-493b-b87b-e1249778a5d8",
	"04df3e9d-5386-4a1e-befa-8ef3c8f1edb3",
	1,
	'
LOG::LogInfo(message: "creating facilities");
send StaffInterface::addFacility(facilityID: "1215D", facilityType: param.facilityType);
send StaffInterface::addFacility(facilityID: "1215A", facilityType: param.facilityType);
send StaffInterface::addFacility(facilityID: "1215C", facilityType: param.facilityType);',
	'');
INSERT INTO ACT_SAB
	VALUES ("83a0b026-51d8-44df-ab91-10634a5c1cc3",
	"04df3e9d-5386-4a1e-befa-8ef3c8f1edb3",
	"688fabc7-b549-493b-b87b-e1249778a5d8");
INSERT INTO ACT_ACT
	VALUES ("83a0b026-51d8-44df-ab91-10634a5c1cc3",
	'state',
	0,
	"99c71ecd-b0e0-4672-aa8a-c330445135e4",
	"00000000-0000-0000-0000-000000000000",
	0,
	'Setup::CreateFacilities',
	"00000000-0000-0000-0000-000000000000");
INSERT INTO ACT_BLK
	VALUES ("99c71ecd-b0e0-4672-aa8a-c330445135e4",
	0,
	0,
	0,
	'StaffInterface',
	'',
	'',
	5,
	1,
	5,
	6,
	0,
	0,
	0,
	0,
	0,
	0,
	0,
	0,
	0,
	"83a0b026-51d8-44df-ab91-10634a5c1cc3",
	"00000000-0000-0000-0000-000000000000");
INSERT INTO ACT_SMT
	VALUES ("2c0e0f76-e05f-4b22-935a-385f41292ac8",
	"99c71ecd-b0e0-4672-aa8a-c330445135e4",
	"2a64057b-896d-4a4c-ac10-1558d615ec8c",
	2,
	1,
	'Setup::CreateFacilities line: 2');
INSERT INTO ACT_BRG
	VALUES ("2c0e0f76-e05f-4b22-935a-385f41292ac8",
	"768e1cca-7403-495c-9b22-afd11a473eb6",
	2,
	6,
	2,
	1);
INSERT INTO ACT_SMT
	VALUES ("2a64057b-896d-4a4c-ac10-1558d615ec8c",
	"99c71ecd-b0e0-4672-aa8a-c330445135e4",
	"b8b726b4-6104-497a-baae-123a3322f35a",
	3,
	1,
	'Setup::CreateFacilities line: 3');
INSERT INTO ACT_SGN
	VALUES ("2a64057b-896d-4a4c-ac10-1558d615ec8c",
	3,
	22,
	3,
	6,
	"00000000-0000-0000-0000-000000000000",
	"e6181567-d769-42fe-9d0b-d198e6a37dc0",
	"00000000-0000-0000-0000-000000000000");
INSERT INTO ACT_SMT
	VALUES ("b8b726b4-6104-497a-baae-123a3322f35a",
	"99c71ecd-b0e0-4672-aa8a-c330445135e4",
	"efc0418d-b473-4f3b-85e5-c1a0513a540b",
	4,
	1,
	'Setup::CreateFacilities line: 4');
INSERT INTO ACT_SGN
	VALUES ("b8b726b4-6104-497a-baae-123a3322f35a",
	4,
	22,
	4,
	6,
	"00000000-0000-0000-0000-000000000000",
	"e6181567-d769-42fe-9d0b-d198e6a37dc0",
	"00000000-0000-0000-0000-000000000000");
INSERT INTO ACT_SMT
	VALUES ("efc0418d-b473-4f3b-85e5-c1a0513a540b",
	"99c71ecd-b0e0-4672-aa8a-c330445135e4",
	"00000000-0000-0000-0000-000000000000",
	5,
	1,
	'Setup::CreateFacilities line: 5');
INSERT INTO ACT_SGN
	VALUES ("efc0418d-b473-4f3b-85e5-c1a0513a540b",
	5,
	22,
	5,
	6,
	"00000000-0000-0000-0000-000000000000",
	"e6181567-d769-42fe-9d0b-d198e6a37dc0",
	"00000000-0000-0000-0000-000000000000");
INSERT INTO V_VAL
	VALUES ("47771181-8189-457f-806b-bd72d08157ae",
	0,
	0,
	2,
	23,
	42,
	0,
	0,
	0,
	0,
	"ba5eda7a-def5-0000-0000-000000000004",
	"99c71ecd-b0e0-4672-aa8a-c330445135e4");
INSERT INTO V_LST
	VALUES ("47771181-8189-457f-806b-bd72d08157ae",
	'creating facilities');
INSERT INTO V_PAR
	VALUES ("47771181-8189-457f-806b-bd72d08157ae",
	"2c0e0f76-e05f-4b22-935a-385f41292ac8",
	"00000000-0000-0000-0000-000000000000",
	'message',
	"00000000-0000-0000-0000-000000000000",
	2,
	14);
INSERT INTO V_VAL
	VALUES ("736df7c9-5ee6-4264-aa98-0be7500c9632",
	0,
	0,
	3,
	46,
	51,
	0,
	0,
	0,
	0,
	"ba5eda7a-def5-0000-0000-000000000004",
	"99c71ecd-b0e0-4672-aa8a-c330445135e4");
INSERT INTO V_LST
	VALUES ("736df7c9-5ee6-4264-aa98-0be7500c9632",
	'1215D');
INSERT INTO V_PAR
	VALUES ("736df7c9-5ee6-4264-aa98-0be7500c9632",
	"2a64057b-896d-4a4c-ac10-1558d615ec8c",
	"00000000-0000-0000-0000-000000000000",
	'facilityID',
	"3cc527bc-a749-4f39-82da-2f538a4a612c",
	3,
	34);
INSERT INTO V_VAL
	VALUES ("3cc527bc-a749-4f39-82da-2f538a4a612c",
	0,
	0,
	3,
	75,
	86,
	0,
	0,
	0,
	0,
	"ba5eda7a-def5-0000-0000-000000000005",
	"99c71ecd-b0e0-4672-aa8a-c330445135e4");
INSERT INTO V_EDV
	VALUES ("3cc527bc-a749-4f39-82da-2f538a4a612c");
INSERT INTO V_EPR
	VALUES ("3cc527bc-a749-4f39-82da-2f538a4a612c",
	"04df3e9d-5386-4a1e-befa-8ef3c8f1edb3",
	"8ccb55f4-957e-442e-bb9d-16bbe737f3b2",
	"00000000-0000-0000-0000-000000000000");
INSERT INTO V_EPR
	VALUES ("3cc527bc-a749-4f39-82da-2f538a4a612c",
	"04df3e9d-5386-4a1e-befa-8ef3c8f1edb3",
	"8ccb55f4-957e-442e-bb9d-16bbe737f3b2",
	"00000000-0000-0000-0000-000000000000");
INSERT INTO V_PAR
	VALUES ("3cc527bc-a749-4f39-82da-2f538a4a612c",
	"2a64057b-896d-4a4c-ac10-1558d615ec8c",
	"00000000-0000-0000-0000-000000000000",
	'facilityType',
	"00000000-0000-0000-0000-000000000000",
	3,
	55);
INSERT INTO V_VAL
	VALUES ("81aafc71-237a-4cc5-9816-6ba6d5dd397b",
	0,
	0,
	4,
	46,
	51,
	0,
	0,
	0,
	0,
	"ba5eda7a-def5-0000-0000-000000000004",
	"99c71ecd-b0e0-4672-aa8a-c330445135e4");
INSERT INTO V_LST
	VALUES ("81aafc71-237a-4cc5-9816-6ba6d5dd397b",
	'1215A');
INSERT INTO V_PAR
	VALUES ("81aafc71-237a-4cc5-9816-6ba6d5dd397b",
	"b8b726b4-6104-497a-baae-123a3322f35a",
	"00000000-0000-0000-0000-000000000000",
	'facilityID',
	"dcfa86c0-9bac-43a9-a1be-9dc97b1cc83d",
	4,
	34);
INSERT INTO V_VAL
	VALUES ("dcfa86c0-9bac-43a9-a1be-9dc97b1cc83d",
	0,
	0,
	4,
	75,
	86,
	0,
	0,
	0,
	0,
	"ba5eda7a-def5-0000-0000-000000000005",
	"99c71ecd-b0e0-4672-aa8a-c330445135e4");
INSERT INTO V_EDV
	VALUES ("dcfa86c0-9bac-43a9-a1be-9dc97b1cc83d");
INSERT INTO V_EPR
	VALUES ("dcfa86c0-9bac-43a9-a1be-9dc97b1cc83d",
	"04df3e9d-5386-4a1e-befa-8ef3c8f1edb3",
	"8ccb55f4-957e-442e-bb9d-16bbe737f3b2",
	"00000000-0000-0000-0000-000000000000");
INSERT INTO V_EPR
	VALUES ("dcfa86c0-9bac-43a9-a1be-9dc97b1cc83d",
	"04df3e9d-5386-4a1e-befa-8ef3c8f1edb3",
	"8ccb55f4-957e-442e-bb9d-16bbe737f3b2",
	"00000000-0000-0000-0000-000000000000");
INSERT INTO V_PAR
	VALUES ("dcfa86c0-9bac-43a9-a1be-9dc97b1cc83d",
	"b8b726b4-6104-497a-baae-123a3322f35a",
	"00000000-0000-0000-0000-000000000000",
	'facilityType',
	"00000000-0000-0000-0000-000000000000",
	4,
	55);
INSERT INTO V_VAL
	VALUES ("af95dc80-e22c-415e-bd26-439a96304b9f",
	0,
	0,
	5,
	46,
	51,
	0,
	0,
	0,
	0,
	"ba5eda7a-def5-0000-0000-000000000004",
	"99c71ecd-b0e0-4672-aa8a-c330445135e4");
INSERT INTO V_LST
	VALUES ("af95dc80-e22c-415e-bd26-439a96304b9f",
	'1215C');
INSERT INTO V_PAR
	VALUES ("af95dc80-e22c-415e-bd26-439a96304b9f",
	"efc0418d-b473-4f3b-85e5-c1a0513a540b",
	"00000000-0000-0000-0000-000000000000",
	'facilityID',
	"30467152-dcb4-4f81-832e-ebda275cff36",
	5,
	34);
INSERT INTO V_VAL
	VALUES ("30467152-dcb4-4f81-832e-ebda275cff36",
	0,
	0,
	5,
	75,
	86,
	0,
	0,
	0,
	0,
	"ba5eda7a-def5-0000-0000-000000000005",
	"99c71ecd-b0e0-4672-aa8a-c330445135e4");
INSERT INTO V_EDV
	VALUES ("30467152-dcb4-4f81-832e-ebda275cff36");
INSERT INTO V_EPR
	VALUES ("30467152-dcb4-4f81-832e-ebda275cff36",
	"04df3e9d-5386-4a1e-befa-8ef3c8f1edb3",
	"8ccb55f4-957e-442e-bb9d-16bbe737f3b2",
	"00000000-0000-0000-0000-000000000000");
INSERT INTO V_EPR
	VALUES ("30467152-dcb4-4f81-832e-ebda275cff36",
	"04df3e9d-5386-4a1e-befa-8ef3c8f1edb3",
	"8ccb55f4-957e-442e-bb9d-16bbe737f3b2",
	"00000000-0000-0000-0000-000000000000");
INSERT INTO V_PAR
	VALUES ("30467152-dcb4-4f81-832e-ebda275cff36",
	"efc0418d-b473-4f3b-85e5-c1a0513a540b",
	"00000000-0000-0000-0000-000000000000",
	'facilityType',
	"00000000-0000-0000-0000-000000000000",
	5,
	55);
INSERT INTO SM_CRTXN
	VALUES ("c36dd6a1-1488-424a-84b1-26c0996e94c5",
	"04df3e9d-5386-4a1e-befa-8ef3c8f1edb3",
	"00000000-0000-0000-0000-000000000000",
	"00000000-0000-0000-0000-000000000000");
INSERT INTO SM_TAH
	VALUES ("90dd3b64-1068-4bc1-820e-b77edf31cfd8",
	"04df3e9d-5386-4a1e-befa-8ef3c8f1edb3",
	"c36dd6a1-1488-424a-84b1-26c0996e94c5");
INSERT INTO SM_AH
	VALUES ("90dd3b64-1068-4bc1-820e-b77edf31cfd8",
	"04df3e9d-5386-4a1e-befa-8ef3c8f1edb3");
INSERT INTO SM_ACT
	VALUES ("90dd3b64-1068-4bc1-820e-b77edf31cfd8",
	"04df3e9d-5386-4a1e-befa-8ef3c8f1edb3",
	1,
	'',
	'');
INSERT INTO ACT_TAB
	VALUES ("7e2cbdb7-65b7-44a9-a605-ea3345936207",
	"04df3e9d-5386-4a1e-befa-8ef3c8f1edb3",
	"90dd3b64-1068-4bc1-820e-b77edf31cfd8");
INSERT INTO ACT_ACT
	VALUES ("7e2cbdb7-65b7-44a9-a605-ea3345936207",
	'transition',
	0,
	"5867db1e-d5a7-4d4a-af75-645c289a27c9",
	"00000000-0000-0000-0000-000000000000",
	0,
	'No Event Assigned',
	"00000000-0000-0000-0000-000000000000");
INSERT INTO ACT_BLK
	VALUES ("5867db1e-d5a7-4d4a-af75-645c289a27c9",
	0,
	0,
	0,
	'',
	'',
	'',
	0,
	0,
	0,
	0,
	0,
	0,
	0,
	0,
	0,
	0,
	0,
	0,
	0,
	"7e2cbdb7-65b7-44a9-a605-ea3345936207",
	"00000000-0000-0000-0000-000000000000");
INSERT INTO SM_TXN
	VALUES ("c36dd6a1-1488-424a-84b1-26c0996e94c5",
	"04df3e9d-5386-4a1e-befa-8ef3c8f1edb3",
	"72d1d647-ba9c-4993-9e23-2d8e2599bf4a",
	"00000000-0000-0000-0000-000000000000");
INSERT INTO SM_NSTXN
	VALUES ("ef9a56d7-46a9-4ac0-8375-d560e572ae52",
	"04df3e9d-5386-4a1e-befa-8ef3c8f1edb3",
	"72d1d647-ba9c-4993-9e23-2d8e2599bf4a",
	"7172f41b-b749-4042-97a8-a497e403224c",
	"00000000-0000-0000-0000-000000000000");
INSERT INTO SM_TAH
	VALUES ("732839b4-cd9d-475d-acf4-742320f0882e",
	"04df3e9d-5386-4a1e-befa-8ef3c8f1edb3",
	"ef9a56d7-46a9-4ac0-8375-d560e572ae52");
INSERT INTO SM_AH
	VALUES ("732839b4-cd9d-475d-acf4-742320f0882e",
	"04df3e9d-5386-4a1e-befa-8ef3c8f1edb3");
INSERT INTO SM_ACT
	VALUES ("732839b4-cd9d-475d-acf4-742320f0882e",
	"04df3e9d-5386-4a1e-befa-8ef3c8f1edb3",
	1,
	'',
	'');
INSERT INTO ACT_TAB
	VALUES ("b633e14d-d47f-4b49-9d86-438b8eac6665",
	"04df3e9d-5386-4a1e-befa-8ef3c8f1edb3",
	"732839b4-cd9d-475d-acf4-742320f0882e");
INSERT INTO ACT_ACT
	VALUES ("b633e14d-d47f-4b49-9d86-438b8eac6665",
	'transition',
	0,
	"4dff13ee-4314-4d27-a9af-34e7a37325a2",
	"00000000-0000-0000-0000-000000000000",
	0,
	'SETUP1: facilityTypeAdded',
	"00000000-0000-0000-0000-000000000000");
INSERT INTO ACT_BLK
	VALUES ("4dff13ee-4314-4d27-a9af-34e7a37325a2",
	0,
	0,
	0,
	'',
	'',
	'',
	0,
	0,
	0,
	0,
	0,
	0,
	0,
	0,
	0,
	0,
	0,
	0,
	0,
	"b633e14d-d47f-4b49-9d86-438b8eac6665",
	"00000000-0000-0000-0000-000000000000");
INSERT INTO SM_TXN
	VALUES ("ef9a56d7-46a9-4ac0-8375-d560e572ae52",
	"04df3e9d-5386-4a1e-befa-8ef3c8f1edb3",
	"0d39ddc7-f557-4477-a172-b8b6c4d49c73",
	"00000000-0000-0000-0000-000000000000");
INSERT INTO SM_NSTXN
	VALUES ("a3cb1caf-8901-4df6-938a-f432ab3d4419",
	"04df3e9d-5386-4a1e-befa-8ef3c8f1edb3",
	"0d39ddc7-f557-4477-a172-b8b6c4d49c73",
	"7172f41b-b749-4042-97a8-a497e403224c",
	"00000000-0000-0000-0000-000000000000");
INSERT INTO SM_TAH
	VALUES ("0ad55a37-7a30-4ad6-bd67-21dbec4c12fc",
	"04df3e9d-5386-4a1e-befa-8ef3c8f1edb3",
	"a3cb1caf-8901-4df6-938a-f432ab3d4419");
INSERT INTO SM_AH
	VALUES ("0ad55a37-7a30-4ad6-bd67-21dbec4c12fc",
	"04df3e9d-5386-4a1e-befa-8ef3c8f1edb3");
INSERT INTO SM_ACT
	VALUES ("0ad55a37-7a30-4ad6-bd67-21dbec4c12fc",
	"04df3e9d-5386-4a1e-befa-8ef3c8f1edb3",
	1,
	'',
	'');
INSERT INTO ACT_TAB
	VALUES ("0bb2cfbf-18ce-4405-951e-324695da45be",
	"04df3e9d-5386-4a1e-befa-8ef3c8f1edb3",
	"0ad55a37-7a30-4ad6-bd67-21dbec4c12fc");
INSERT INTO ACT_ACT
	VALUES ("0bb2cfbf-18ce-4405-951e-324695da45be",
	'transition',
	0,
	"ec97c72a-e3dd-4a57-86f7-5f1a38110a5c",
	"00000000-0000-0000-0000-000000000000",
	0,
	'SETUP1: facilityTypeAdded',
	"00000000-0000-0000-0000-000000000000");
INSERT INTO ACT_BLK
	VALUES ("ec97c72a-e3dd-4a57-86f7-5f1a38110a5c",
	0,
	0,
	0,
	'',
	'',
	'',
	0,
	0,
	0,
	0,
	0,
	0,
	0,
	0,
	0,
	0,
	0,
	0,
	0,
	"0bb2cfbf-18ce-4405-951e-324695da45be",
	"00000000-0000-0000-0000-000000000000");
INSERT INTO SM_TXN
	VALUES ("a3cb1caf-8901-4df6-938a-f432ab3d4419",
	"04df3e9d-5386-4a1e-befa-8ef3c8f1edb3",
	"0d39ddc7-f557-4477-a172-b8b6c4d49c73",
	"00000000-0000-0000-0000-000000000000");
INSERT INTO PE_PE
	VALUES ("182dfb43-4b42-4388-a888-adc923ffd180",
	1,
	"08644b1f-a992-4e52-8ec3-1f5eff4dec19",
	"00000000-0000-0000-0000-000000000000",
	7);
INSERT INTO EP_PKG
	VALUES ("182dfb43-4b42-4388-a888-adc923ffd180",
	"00000000-0000-0000-0000-000000000000",
	"77552e13-265a-4a67-beca-bb6af5f15d0b",
	'Interfaces',
	'',
	0);
INSERT INTO PE_PE
	VALUES ("708e7060-3f4e-41ab-94ce-7b712ad36251",
	1,
	"182dfb43-4b42-4388-a888-adc923ffd180",
	"00000000-0000-0000-0000-000000000000",
	6);
INSERT INTO C_I
	VALUES ("708e7060-3f4e-41ab-94ce-7b712ad36251",
	"00000000-0000-0000-0000-000000000000",
	'BookingProvider',
	'');
INSERT INTO C_EP
	VALUES ("8500002a-94f3-4a61-bfa8-32f8fd7d89b4",
	"708e7060-3f4e-41ab-94ce-7b712ad36251",
	-1,
	'requestAvailableBookables',
	'');
INSERT INTO C_AS
	VALUES ("8500002a-94f3-4a61-bfa8-32f8fd7d89b4",
	'requestAvailableBookables',
	'',
	0,
	"00000000-0000-0000-0000-000000000000");
INSERT INTO C_PP
	VALUES ("440d61eb-481a-4ea0-b89c-0bc624d141a3",
	"8500002a-94f3-4a61-bfa8-32f8fd7d89b4",
	"ba5eda7a-def5-0000-0000-000000000005",
	'sessionID',
	'',
	0,
	'',
	"00000000-0000-0000-0000-000000000000");
INSERT INTO C_PP
	VALUES ("bb7fca6d-dbf4-4e65-bf71-bad1b55fe0c7",
	"8500002a-94f3-4a61-bfa8-32f8fd7d89b4",
	"ba5eda7a-def5-0000-0000-00000000000e",
	'fromDate',
	'',
	0,
	'',
	"440d61eb-481a-4ea0-b89c-0bc624d141a3");
INSERT INTO C_PP
	VALUES ("5b1beab7-9ad5-43f6-84fb-0e6f38b599d5",
	"8500002a-94f3-4a61-bfa8-32f8fd7d89b4",
	"ba5eda7a-def5-0000-0000-00000000000e",
	'toDate',
	'',
	0,
	'',
	"bb7fca6d-dbf4-4e65-bf71-bad1b55fe0c7");
INSERT INTO C_PP
	VALUES ("904a3139-6502-47f8-a585-1b805644ae21",
	"8500002a-94f3-4a61-bfa8-32f8fd7d89b4",
	"ba5eda7a-def5-0000-0000-000000000002",
	'facilityType',
	'',
	0,
	'',
	"5b1beab7-9ad5-43f6-84fb-0e6f38b599d5");
INSERT INTO C_EP
	VALUES ("54d1cfcd-e847-40b5-be88-ddf038c56595",
	"708e7060-3f4e-41ab-94ce-7b712ad36251",
	-1,
	'available',
	'');
INSERT INTO C_AS
	VALUES ("54d1cfcd-e847-40b5-be88-ddf038c56595",
	'available',
	'',
	1,
	"8500002a-94f3-4a61-bfa8-32f8fd7d89b4");
INSERT INTO C_PP
	VALUES ("b99356fc-5e76-4f1f-9eda-76579565e657",
	"54d1cfcd-e847-40b5-be88-ddf038c56595",
	"ba5eda7a-def5-0000-0000-000000000005",
	'id',
	'',
	0,
	'',
	"00000000-0000-0000-0000-000000000000");
INSERT INTO C_PP
	VALUES ("5304459a-0f6b-48c5-b818-bc584864f61f",
	"54d1cfcd-e847-40b5-be88-ddf038c56595",
	"ba5eda7a-def5-0000-0000-000000000003",
	'price',
	'',
	0,
	'',
	"b99356fc-5e76-4f1f-9eda-76579565e657");
INSERT INTO C_PP
	VALUES ("56da61d1-d010-4a41-87cd-1b1b11d8b828",
	"54d1cfcd-e847-40b5-be88-ddf038c56595",
	"ba5eda7a-def5-0000-0000-000000000004",
	'description',
	'',
	0,
	'',
	"5304459a-0f6b-48c5-b818-bc584864f61f");
INSERT INTO C_PP
	VALUES ("b79bff53-be30-45a5-8923-7a3f5ab4710d",
	"54d1cfcd-e847-40b5-be88-ddf038c56595",
	"ba5eda7a-def5-0000-0000-000000000004",
	'aproximateArea',
	'',
	0,
	'',
	"56da61d1-d010-4a41-87cd-1b1b11d8b828");
INSERT INTO C_PP
	VALUES ("9a07908f-2d90-4fab-90c0-6d3e67ee8616",
	"54d1cfcd-e847-40b5-be88-ddf038c56595",
	"ba5eda7a-def5-0000-0000-000000000001",
	'independent',
	'',
	0,
	'',
	"b79bff53-be30-45a5-8923-7a3f5ab4710d");
INSERT INTO C_EP
	VALUES ("55b848f9-d68a-4698-bf86-446ac83e49f5",
	"708e7060-3f4e-41ab-94ce-7b712ad36251",
	-1,
	'select',
	'');
INSERT INTO C_AS
	VALUES ("55b848f9-d68a-4698-bf86-446ac83e49f5",
	'select',
	'',
	0,
	"54d1cfcd-e847-40b5-be88-ddf038c56595");
INSERT INTO C_PP
	VALUES ("9e138e25-187d-45e0-b2e3-b5230d2a8883",
	"55b848f9-d68a-4698-bf86-446ac83e49f5",
	"ba5eda7a-def5-0000-0000-000000000005",
	'id',
	'',
	0,
	'',
	"00000000-0000-0000-0000-000000000000");
INSERT INTO C_PP
	VALUES ("eee16ca7-f592-4209-868f-d6a58e473aee",
	"55b848f9-d68a-4698-bf86-446ac83e49f5",
	"ba5eda7a-def5-0000-0000-000000000005",
	'sessionID',
	'',
	0,
	'',
	"9e138e25-187d-45e0-b2e3-b5230d2a8883");
INSERT INTO C_EP
	VALUES ("10d65452-16c4-45b0-ad3e-4dec03bb99a7",
	"708e7060-3f4e-41ab-94ce-7b712ad36251",
	-1,
	'extraServices',
	'');
INSERT INTO C_AS
	VALUES ("10d65452-16c4-45b0-ad3e-4dec03bb99a7",
	'extraServices',
	'',
	1,
	"55b848f9-d68a-4698-bf86-446ac83e49f5");
INSERT INTO C_PP
	VALUES ("3d2fc28f-324a-4e94-b3b6-330584f78523",
	"10d65452-16c4-45b0-ad3e-4dec03bb99a7",
	"ba5eda7a-def5-0000-0000-000000000005",
	'id',
	'',
	0,
	'',
	"00000000-0000-0000-0000-000000000000");
INSERT INTO C_PP
	VALUES ("785bb700-66e1-4fa9-9694-b929474e55ff",
	"10d65452-16c4-45b0-ad3e-4dec03bb99a7",
	"ba5eda7a-def5-0000-0000-000000000003",
	'price',
	'',
	0,
	'',
	"3d2fc28f-324a-4e94-b3b6-330584f78523");
INSERT INTO C_PP
	VALUES ("67bb21b4-4919-4a78-b72f-8b69e2cf5f97",
	"10d65452-16c4-45b0-ad3e-4dec03bb99a7",
	"ba5eda7a-def5-0000-0000-000000000004",
	'description',
	'',
	0,
	'',
	"785bb700-66e1-4fa9-9694-b929474e55ff");
INSERT INTO C_PP
	VALUES ("82ccc6c0-4b2c-4e41-b127-716f6e516d19",
	"10d65452-16c4-45b0-ad3e-4dec03bb99a7",
	"ba5eda7a-def5-0000-0000-000000000004",
	'aproximateArea',
	'',
	0,
	'',
	"67bb21b4-4919-4a78-b72f-8b69e2cf5f97");
INSERT INTO C_PP
	VALUES ("32560363-913f-4fe4-863c-37fa358ec8c0",
	"10d65452-16c4-45b0-ad3e-4dec03bb99a7",
	"ba5eda7a-def5-0000-0000-000000000001",
	'independent',
	'',
	0,
	'',
	"82ccc6c0-4b2c-4e41-b127-716f6e516d19");
INSERT INTO C_EP
	VALUES ("87ed1c56-1bee-4041-bca4-056967095bc2",
	"708e7060-3f4e-41ab-94ce-7b712ad36251",
	-1,
	'addServices',
	'');
INSERT INTO C_AS
	VALUES ("87ed1c56-1bee-4041-bca4-056967095bc2",
	'addServices',
	'',
	0,
	"10d65452-16c4-45b0-ad3e-4dec03bb99a7");
INSERT INTO C_PP
	VALUES ("074cc4f4-819e-47a2-9f21-e95a11815a59",
	"87ed1c56-1bee-4041-bca4-056967095bc2",
	"ba5eda7a-def5-0000-0000-000000000005",
	'sessionID',
	'',
	0,
	'',
	"00000000-0000-0000-0000-000000000000");
INSERT INTO C_PP
	VALUES ("d5983e81-05ed-401f-bccd-625543d07d85",
	"87ed1c56-1bee-4041-bca4-056967095bc2",
	"ba5eda7a-def5-0000-0000-000000000005",
	'desiredID',
	'',
	0,
	'',
	"074cc4f4-819e-47a2-9f21-e95a11815a59");
INSERT INTO C_EP
	VALUES ("57eb1124-4a29-48ad-8677-d8760788067a",
	"708e7060-3f4e-41ab-94ce-7b712ad36251",
	-1,
	'customerDetails',
	'');
INSERT INTO C_AS
	VALUES ("57eb1124-4a29-48ad-8677-d8760788067a",
	'customerDetails',
	'',
	0,
	"87ed1c56-1bee-4041-bca4-056967095bc2");
INSERT INTO C_PP
	VALUES ("9f35fb46-9c6b-4202-8310-888981c424af",
	"57eb1124-4a29-48ad-8677-d8760788067a",
	"ba5eda7a-def5-0000-0000-000000000005",
	'sessionID',
	'',
	0,
	'',
	"00000000-0000-0000-0000-000000000000");
INSERT INTO C_PP
	VALUES ("c2367ced-24e1-4602-a7c5-4001bd1043d4",
	"57eb1124-4a29-48ad-8677-d8760788067a",
	"ba5eda7a-def5-0000-0000-000000000004",
	'name',
	'',
	0,
	'',
	"9f35fb46-9c6b-4202-8310-888981c424af");
INSERT INTO C_PP
	VALUES ("180912be-1f82-4ef3-9fc2-a2acbf555b77",
	"57eb1124-4a29-48ad-8677-d8760788067a",
	"ba5eda7a-def5-0000-0000-000000000004",
	'phoneNumber',
	'',
	0,
	'',
	"c2367ced-24e1-4602-a7c5-4001bd1043d4");
INSERT INTO C_EP
	VALUES ("275df8ce-b628-4b96-85dd-66e9224fc9df",
	"708e7060-3f4e-41ab-94ce-7b712ad36251",
	-1,
	'addGuest',
	'');
INSERT INTO C_AS
	VALUES ("275df8ce-b628-4b96-85dd-66e9224fc9df",
	'addGuest',
	'',
	0,
	"57eb1124-4a29-48ad-8677-d8760788067a");
INSERT INTO C_PP
	VALUES ("5813d0b6-e9b6-4d9c-83b2-7539947713a0",
	"275df8ce-b628-4b96-85dd-66e9224fc9df",
	"ba5eda7a-def5-0000-0000-000000000005",
	'sessionID',
	'',
	0,
	'',
	"00000000-0000-0000-0000-000000000000");
INSERT INTO C_PP
	VALUES ("07e12052-ec30-46ab-97bd-53e1562e42b5",
	"275df8ce-b628-4b96-85dd-66e9224fc9df",
	"ba5eda7a-def5-0000-0000-000000000005",
	'facility',
	'',
	0,
	'',
	"5813d0b6-e9b6-4d9c-83b2-7539947713a0");
INSERT INTO C_PP
	VALUES ("f2081eb7-638b-479f-bdef-a8d3d2aeb082",
	"275df8ce-b628-4b96-85dd-66e9224fc9df",
	"ba5eda7a-def5-0000-0000-000000000004",
	'guestName',
	'',
	0,
	'',
	"07e12052-ec30-46ab-97bd-53e1562e42b5");
INSERT INTO C_PP
	VALUES ("41edc071-08b3-4da2-a6d0-cab5122398ca",
	"275df8ce-b628-4b96-85dd-66e9224fc9df",
	"ba5eda7a-def5-0000-0000-000000000002",
	'guestAge',
	'',
	0,
	'',
	"f2081eb7-638b-479f-bdef-a8d3d2aeb082");
INSERT INTO C_EP
	VALUES ("40e06920-24e2-499d-b1c8-deb66c9637ec",
	"708e7060-3f4e-41ab-94ce-7b712ad36251",
	-1,
	'paymentInfo',
	'');
INSERT INTO C_AS
	VALUES ("40e06920-24e2-499d-b1c8-deb66c9637ec",
	'paymentInfo',
	'',
	0,
	"275df8ce-b628-4b96-85dd-66e9224fc9df");
INSERT INTO C_PP
	VALUES ("8aff4a0e-3cc5-4dad-93f0-c1749ecf9471",
	"40e06920-24e2-499d-b1c8-deb66c9637ec",
	"ba5eda7a-def5-0000-0000-000000000005",
	'sessionID',
	'',
	0,
	'',
	"00000000-0000-0000-0000-000000000000");
INSERT INTO C_PP
	VALUES ("78e48b64-919d-466a-bb65-ba1cb83b002f",
	"40e06920-24e2-499d-b1c8-deb66c9637ec",
	"ba5eda7a-def5-0000-0000-000000000004",
	'info',
	'',
	0,
	'',
	"8aff4a0e-3cc5-4dad-93f0-c1749ecf9471");
INSERT INTO C_EP
	VALUES ("19aa6808-338c-45b0-8a31-1b3efb70b47a",
	"708e7060-3f4e-41ab-94ce-7b712ad36251",
	-1,
	'bookingConfirmation',
	'');
INSERT INTO C_AS
	VALUES ("19aa6808-338c-45b0-8a31-1b3efb70b47a",
	'bookingConfirmation',
	'',
	1,
	"40e06920-24e2-499d-b1c8-deb66c9637ec");
INSERT INTO C_PP
	VALUES ("a3b665ee-74eb-4b72-82bd-d6fa5f6917b3",
	"19aa6808-338c-45b0-8a31-1b3efb70b47a",
	"ba5eda7a-def5-0000-0000-000000000004",
	'message',
	'',
	0,
	'',
	"00000000-0000-0000-0000-000000000000");
INSERT INTO C_EP
	VALUES ("89169ec3-d50b-4b5b-95fa-d95fb15c3f98",
	"708e7060-3f4e-41ab-94ce-7b712ad36251",
	-1,
	'errorSignal',
	'');
INSERT INTO C_AS
	VALUES ("89169ec3-d50b-4b5b-95fa-d95fb15c3f98",
	'errorSignal',
	'',
	1,
	"19aa6808-338c-45b0-8a31-1b3efb70b47a");
INSERT INTO C_PP
	VALUES ("ed7f9ed0-5d21-4eea-b033-d488f64972b9",
	"89169ec3-d50b-4b5b-95fa-d95fb15c3f98",
	"ba5eda7a-def5-0000-0000-000000000004",
	'message',
	'',
	0,
	'',
	"00000000-0000-0000-0000-000000000000");
INSERT INTO C_EP
	VALUES ("b21fad1b-897b-424f-84f8-01bdab76de49",
	"708e7060-3f4e-41ab-94ce-7b712ad36251",
	-1,
	'requestSession',
	'');
INSERT INTO C_AS
	VALUES ("b21fad1b-897b-424f-84f8-01bdab76de49",
	'requestSession',
	'',
	0,
	"89169ec3-d50b-4b5b-95fa-d95fb15c3f98");
INSERT INTO C_EP
	VALUES ("0a31b7ea-b3a4-43b3-bfab-1e664637468e",
	"708e7060-3f4e-41ab-94ce-7b712ad36251",
	-1,
	'session',
	'');
INSERT INTO C_AS
	VALUES ("0a31b7ea-b3a4-43b3-bfab-1e664637468e",
	'session',
	'',
	1,
	"b21fad1b-897b-424f-84f8-01bdab76de49");
INSERT INTO C_PP
	VALUES ("fec1123c-a15a-45df-adbc-758261d72c0f",
	"0a31b7ea-b3a4-43b3-bfab-1e664637468e",
	"ba5eda7a-def5-0000-0000-000000000005",
	'sessionID',
	'',
	0,
	'',
	"00000000-0000-0000-0000-000000000000");
INSERT INTO PE_PE
	VALUES ("7af64316-7236-4637-9c49-e47d2784ce9e",
	1,
	"182dfb43-4b42-4388-a888-adc923ffd180",
	"00000000-0000-0000-0000-000000000000",
	6);
INSERT INTO C_I
	VALUES ("7af64316-7236-4637-9c49-e47d2784ce9e",
	"00000000-0000-0000-0000-000000000000",
	'StaffInterface',
	'');
INSERT INTO C_EP
	VALUES ("c86ea0b4-abc2-4994-bee2-500e130b8b73",
	"7af64316-7236-4637-9c49-e47d2784ce9e",
	-1,
	'addFacility',
	'');
INSERT INTO C_AS
	VALUES ("c86ea0b4-abc2-4994-bee2-500e130b8b73",
	'addFacility',
	'',
	0,
	"00000000-0000-0000-0000-000000000000");
INSERT INTO C_PP
	VALUES ("5055dfea-acfb-446f-9a4a-c84ab94fb0c6",
	"c86ea0b4-abc2-4994-bee2-500e130b8b73",
	"ba5eda7a-def5-0000-0000-000000000004",
	'facilityID',
	'',
	0,
	'',
	"00000000-0000-0000-0000-000000000000");
INSERT INTO C_PP
	VALUES ("3ed552e5-044a-477f-847c-2beaa7359a32",
	"c86ea0b4-abc2-4994-bee2-500e130b8b73",
	"ba5eda7a-def5-0000-0000-000000000005",
	'facilityType',
	'',
	0,
	'',
	"5055dfea-acfb-446f-9a4a-c84ab94fb0c6");
INSERT INTO C_EP
	VALUES ("19f06228-e268-4733-9af7-92f3f313ceff",
	"7af64316-7236-4637-9c49-e47d2784ce9e",
	-1,
	'addFacilityType',
	'');
INSERT INTO C_AS
	VALUES ("19f06228-e268-4733-9af7-92f3f313ceff",
	'addFacilityType',
	'',
	0,
	"c86ea0b4-abc2-4994-bee2-500e130b8b73");
INSERT INTO C_PP
	VALUES ("fc57c5a9-de76-4b8c-a1eb-66202621f92f",
	"19f06228-e268-4733-9af7-92f3f313ceff",
	"ba5eda7a-def5-0000-0000-000000000004",
	'approximateArea',
	'',
	0,
	'',
	"00000000-0000-0000-0000-000000000000");
INSERT INTO C_PP
	VALUES ("ffbe64fe-56a6-4c62-b5e4-b28648e78656",
	"19f06228-e268-4733-9af7-92f3f313ceff",
	"ba5eda7a-def5-0000-0000-000000000004",
	'name',
	'',
	0,
	'',
	"fc57c5a9-de76-4b8c-a1eb-66202621f92f");
INSERT INTO C_PP
	VALUES ("de5edff6-21df-436a-baaf-ee1a13999228",
	"19f06228-e268-4733-9af7-92f3f313ceff",
	"ba5eda7a-def5-0000-0000-000000000003",
	'price',
	'',
	0,
	'',
	"ffbe64fe-56a6-4c62-b5e4-b28648e78656");
INSERT INTO C_PP
	VALUES ("ae84f3b2-9628-4fe2-abfc-6630078db393",
	"19f06228-e268-4733-9af7-92f3f313ceff",
	"ba5eda7a-def5-0000-0000-000000000004",
	'description',
	'',
	0,
	'',
	"de5edff6-21df-436a-baaf-ee1a13999228");
INSERT INTO C_EP
	VALUES ("cd0882a7-a468-425e-a99e-c9480ba64c90",
	"7af64316-7236-4637-9c49-e47d2784ce9e",
	-1,
	'sendFacilityType',
	'');
INSERT INTO C_AS
	VALUES ("cd0882a7-a468-425e-a99e-c9480ba64c90",
	'sendFacilityType',
	'',
	1,
	"19f06228-e268-4733-9af7-92f3f313ceff");
INSERT INTO C_PP
	VALUES ("f9b7191e-c871-410b-a95e-320c345ff717",
	"cd0882a7-a468-425e-a99e-c9480ba64c90",
	"ba5eda7a-def5-0000-0000-000000000005",
	'facilityTypeID',
	'',
	0,
	'',
	"00000000-0000-0000-0000-000000000000");
INSERT INTO C_PP
	VALUES ("66f48a6d-8afc-4211-a78f-a96043aff758",
	"cd0882a7-a468-425e-a99e-c9480ba64c90",
	"ba5eda7a-def5-0000-0000-000000000004",
	'name',
	'',
	0,
	'',
	"f9b7191e-c871-410b-a95e-320c345ff717");
INSERT INTO EP_PKG
	VALUES ("7ab991a5-3958-4a50-bf82-5b2da16ecd76",
	"77552e13-265a-4a67-beca-bb6af5f15d0b",
	"77552e13-265a-4a67-beca-bb6af5f15d0b",
	'Shared EEs',
	'',
	0);
INSERT INTO PE_PE
	VALUES ("fad39749-df67-43e1-8b90-799862a3757c",
	1,
	"7ab991a5-3958-4a50-bf82-5b2da16ecd76",
	"00000000-0000-0000-0000-000000000000",
	5);
INSERT INTO S_EE
	VALUES ("fad39749-df67-43e1-8b90-799862a3757c",
	'Logging',
	'',
	'LOG',
	"00000000-0000-0000-0000-000000000000",
	'',
	'Logging');
INSERT INTO S_BRG
	VALUES ("21801458-b22d-439e-a399-3ef5384aaf91",
	"fad39749-df67-43e1-8b90-799862a3757c",
	'LogSuccess',
	'',
	0,
	"ba5eda7a-def5-0000-0000-000000000000",
	'',
	1,
	'');
INSERT INTO S_BPARM
	VALUES ("4f3dc2d0-bef8-43e0-8748-16ddb80b9ebc",
	"21801458-b22d-439e-a399-3ef5384aaf91",
	'message',
	"ba5eda7a-def5-0000-0000-000000000004",
	0,
	'',
	"00000000-0000-0000-0000-000000000000",
	'');
INSERT INTO ACT_BRB
	VALUES ("0c13a320-4e6a-4b00-aebe-e67ec20e42f1",
	"21801458-b22d-439e-a399-3ef5384aaf91");
INSERT INTO ACT_ACT
	VALUES ("0c13a320-4e6a-4b00-aebe-e67ec20e42f1",
	'bridge',
	0,
	"005f8751-7588-4c34-a272-2ac5f94c7e48",
	"00000000-0000-0000-0000-000000000000",
	0,
	'Logging::LogSuccess',
	"00000000-0000-0000-0000-000000000000");
INSERT INTO ACT_BLK
	VALUES ("005f8751-7588-4c34-a272-2ac5f94c7e48",
	0,
	0,
	0,
	'',
	'',
	'',
	0,
	0,
	0,
	0,
	0,
	0,
	0,
	0,
	0,
	0,
	0,
	0,
	0,
	"0c13a320-4e6a-4b00-aebe-e67ec20e42f1",
	"00000000-0000-0000-0000-000000000000");
INSERT INTO S_BRG
	VALUES ("43685d54-3033-4e04-b853-5510e9a6781b",
	"fad39749-df67-43e1-8b90-799862a3757c",
	'LogFailure',
	'',
	0,
	"ba5eda7a-def5-0000-0000-000000000000",
	'',
	1,
	'');
INSERT INTO S_BPARM
	VALUES ("fa599f4c-fe9c-4b1e-815d-c98ebdc65d9f",
	"43685d54-3033-4e04-b853-5510e9a6781b",
	'message',
	"ba5eda7a-def5-0000-0000-000000000004",
	0,
	'',
	"00000000-0000-0000-0000-000000000000",
	'');
INSERT INTO ACT_BRB
	VALUES ("17052965-4a0c-4950-b052-f0def29bcf7c",
	"43685d54-3033-4e04-b853-5510e9a6781b");
INSERT INTO ACT_ACT
	VALUES ("17052965-4a0c-4950-b052-f0def29bcf7c",
	'bridge',
	0,
	"ad786bae-9aa4-42d2-a496-295853a26293",
	"00000000-0000-0000-0000-000000000000",
	0,
	'Logging::LogFailure',
	"00000000-0000-0000-0000-000000000000");
INSERT INTO ACT_BLK
	VALUES ("ad786bae-9aa4-42d2-a496-295853a26293",
	0,
	0,
	0,
	'',
	'',
	'',
	0,
	0,
	0,
	0,
	0,
	0,
	0,
	0,
	0,
	0,
	0,
	0,
	0,
	"17052965-4a0c-4950-b052-f0def29bcf7c",
	"00000000-0000-0000-0000-000000000000");
INSERT INTO S_BRG
	VALUES ("768e1cca-7403-495c-9b22-afd11a473eb6",
	"fad39749-df67-43e1-8b90-799862a3757c",
	'LogInfo',
	'',
	0,
	"ba5eda7a-def5-0000-0000-000000000000",
	'',
	1,
	'');
INSERT INTO S_BPARM
	VALUES ("f676d1cb-709e-45ec-b3cd-5cd645f64b51",
	"768e1cca-7403-495c-9b22-afd11a473eb6",
	'message',
	"ba5eda7a-def5-0000-0000-000000000004",
	0,
	'',
	"00000000-0000-0000-0000-000000000000",
	'');
INSERT INTO ACT_BRB
	VALUES ("d5f47476-45dd-4089-9a8f-6b38772a3be6",
	"768e1cca-7403-495c-9b22-afd11a473eb6");
INSERT INTO ACT_ACT
	VALUES ("d5f47476-45dd-4089-9a8f-6b38772a3be6",
	'bridge',
	0,
	"80cc9571-61a1-44fa-871d-fc0ec5742a8d",
	"00000000-0000-0000-0000-000000000000",
	0,
	'Logging::LogInfo',
	"00000000-0000-0000-0000-000000000000");
INSERT INTO ACT_BLK
	VALUES ("80cc9571-61a1-44fa-871d-fc0ec5742a8d",
	0,
	0,
	0,
	'',
	'',
	'',
	0,
	0,
	0,
	0,
	0,
	0,
	0,
	0,
	0,
	0,
	0,
	0,
	0,
	"d5f47476-45dd-4089-9a8f-6b38772a3be6",
	"00000000-0000-0000-0000-000000000000");
INSERT INTO S_BRG
	VALUES ("badb0c1c-59d4-4171-b6dc-4d014c05a69b",
	"fad39749-df67-43e1-8b90-799862a3757c",
	'LogDate',
	'',
	0,
	"ba5eda7a-def5-0000-0000-000000000000",
	'',
	1,
	'');
INSERT INTO S_BPARM
	VALUES ("2bd39248-c021-4cd4-bee9-0d1d6e7eb9aa",
	"badb0c1c-59d4-4171-b6dc-4d014c05a69b",
	'd',
	"ba5eda7a-def5-0000-0000-00000000000e",
	0,
	'',
	"00000000-0000-0000-0000-000000000000",
	'');
INSERT INTO S_BPARM
	VALUES ("83234d50-594b-458b-a62b-f47b31effc32",
	"badb0c1c-59d4-4171-b6dc-4d014c05a69b",
	'message',
	"ba5eda7a-def5-0000-0000-000000000004",
	0,
	'',
	"2bd39248-c021-4cd4-bee9-0d1d6e7eb9aa",
	'');
INSERT INTO ACT_BRB
	VALUES ("27e288ac-8044-405a-b6a1-301ac1906556",
	"badb0c1c-59d4-4171-b6dc-4d014c05a69b");
INSERT INTO ACT_ACT
	VALUES ("27e288ac-8044-405a-b6a1-301ac1906556",
	'bridge',
	0,
	"2a9ea690-3f94-4a17-8863-2784173c00a9",
	"00000000-0000-0000-0000-000000000000",
	0,
	'Logging::LogDate',
	"00000000-0000-0000-0000-000000000000");
INSERT INTO ACT_BLK
	VALUES ("2a9ea690-3f94-4a17-8863-2784173c00a9",
	0,
	0,
	0,
	'',
	'',
	'',
	0,
	0,
	0,
	0,
	0,
	0,
	0,
	0,
	0,
	0,
	0,
	0,
	0,
	"27e288ac-8044-405a-b6a1-301ac1906556",
	"00000000-0000-0000-0000-000000000000");
INSERT INTO S_BRG
	VALUES ("0b1d27b9-3158-473f-bb9b-8c8be6e0634e",
	"fad39749-df67-43e1-8b90-799862a3757c",
	'LogTime',
	'',
	0,
	"ba5eda7a-def5-0000-0000-000000000000",
	'',
	1,
	'');
INSERT INTO S_BPARM
	VALUES ("a06921df-e610-47e1-8e10-8486d9032cbc",
	"0b1d27b9-3158-473f-bb9b-8c8be6e0634e",
	't',
	"ba5eda7a-def5-0000-0000-000000000010",
	0,
	'',
	"faac3627-d51c-4ea8-bc3a-2111aa687e5d",
	'');
INSERT INTO S_BPARM
	VALUES ("faac3627-d51c-4ea8-bc3a-2111aa687e5d",
	"0b1d27b9-3158-473f-bb9b-8c8be6e0634e",
	'message',
	"ba5eda7a-def5-0000-0000-000000000004",
	0,
	'',
	"00000000-0000-0000-0000-000000000000",
	'');
INSERT INTO ACT_BRB
	VALUES ("50a9764e-f77f-451d-ae0b-0e476bb33b8a",
	"0b1d27b9-3158-473f-bb9b-8c8be6e0634e");
INSERT INTO ACT_ACT
	VALUES ("50a9764e-f77f-451d-ae0b-0e476bb33b8a",
	'bridge',
	0,
	"25ef6cb0-2cf7-4e39-9ff8-20183f769841",
	"00000000-0000-0000-0000-000000000000",
	0,
	'Logging::LogTime',
	"00000000-0000-0000-0000-000000000000");
INSERT INTO ACT_BLK
	VALUES ("25ef6cb0-2cf7-4e39-9ff8-20183f769841",
	0,
	0,
	0,
	'',
	'',
	'',
	0,
	0,
	0,
	0,
	0,
	0,
	0,
	0,
	0,
	0,
	0,
	0,
	0,
	"50a9764e-f77f-451d-ae0b-0e476bb33b8a",
	"00000000-0000-0000-0000-000000000000");
INSERT INTO S_BRG
	VALUES ("7ef21ad9-927c-4b1b-92a2-85003af84ab1",
	"fad39749-df67-43e1-8b90-799862a3757c",
	'LogReal',
	'',
	0,
	"ba5eda7a-def5-0000-0000-000000000000",
	'',
	1,
	'');
INSERT INTO S_BPARM
	VALUES ("648d875e-c1c6-4f8b-83f7-353ca551df2d",
	"7ef21ad9-927c-4b1b-92a2-85003af84ab1",
	'r',
	"ba5eda7a-def5-0000-0000-000000000003",
	0,
	'',
	"cf3ad5fd-6bd3-443d-bdee-959aedc60b72",
	'');
INSERT INTO S_BPARM
	VALUES ("cf3ad5fd-6bd3-443d-bdee-959aedc60b72",
	"7ef21ad9-927c-4b1b-92a2-85003af84ab1",
	'message',
	"ba5eda7a-def5-0000-0000-000000000004",
	0,
	'',
	"00000000-0000-0000-0000-000000000000",
	'');
INSERT INTO ACT_BRB
	VALUES ("2c9e2727-0c1c-416a-bc0d-7d3047fd9cca",
	"7ef21ad9-927c-4b1b-92a2-85003af84ab1");
INSERT INTO ACT_ACT
	VALUES ("2c9e2727-0c1c-416a-bc0d-7d3047fd9cca",
	'bridge',
	0,
	"ddfb1a2c-e10c-4b03-ad34-7f6ab17d7426",
	"00000000-0000-0000-0000-000000000000",
	0,
	'Logging::LogReal',
	"00000000-0000-0000-0000-000000000000");
INSERT INTO ACT_BLK
	VALUES ("ddfb1a2c-e10c-4b03-ad34-7f6ab17d7426",
	0,
	0,
	0,
	'',
	'',
	'',
	0,
	0,
	0,
	0,
	0,
	0,
	0,
	0,
	0,
	0,
	0,
	0,
	0,
	"2c9e2727-0c1c-416a-bc0d-7d3047fd9cca",
	"00000000-0000-0000-0000-000000000000");
INSERT INTO S_BRG
	VALUES ("f042e0db-8b5c-46dd-910f-2c376ca7fb93",
	"fad39749-df67-43e1-8b90-799862a3757c",
	'LogInteger',
	'',
	0,
	"ba5eda7a-def5-0000-0000-000000000000",
	'',
	0,
	'');
INSERT INTO S_BPARM
	VALUES ("10aa8954-4293-4341-bbfe-cc1a144eceb4",
	"f042e0db-8b5c-46dd-910f-2c376ca7fb93",
	'message',
	"ba5eda7a-def5-0000-0000-000000000002",
	0,
	'',
	"00000000-0000-0000-0000-000000000000",
	'');
INSERT INTO PE_PE
	VALUES ("f219567e-d9b0-4046-8d52-913e07a80d8b",
	1,
	"7ab991a5-3958-4a50-bf82-5b2da16ecd76",
	"00000000-0000-0000-0000-000000000000",
	5);
INSERT INTO S_EE
	VALUES ("f219567e-d9b0-4046-8d52-913e07a80d8b",
	'Time',
	'The Time external entity provides date, timestamp, and timer related operations.',
	'TIM',
	"00000000-0000-0000-0000-000000000000",
	'',
	'Time');
INSERT INTO S_BRG
	VALUES ("b43ca519-9342-4581-9be9-ff6444d8faf5",
	"f219567e-d9b0-4046-8d52-913e07a80d8b",
	'current_date',
	'',
	1,
	"ba5eda7a-def5-0000-0000-00000000000e",
	'',
	0,
	'');
INSERT INTO S_BRG
	VALUES ("46742184-2efc-49e2-9fe1-e62dcc44be84",
	"f219567e-d9b0-4046-8d52-913e07a80d8b",
	'create_date',
	'',
	1,
	"ba5eda7a-def5-0000-0000-00000000000e",
	'',
	0,
	'');
INSERT INTO S_BPARM
	VALUES ("c89c5709-ca37-42cc-8e50-bffb64e16300",
	"46742184-2efc-49e2-9fe1-e62dcc44be84",
	'second',
	"ba5eda7a-def5-0000-0000-000000000002",
	0,
	'',
	"4d785b69-d809-432d-b173-e3a554a9e8a3",
	'');
INSERT INTO S_BPARM
	VALUES ("1488d6f9-7ba7-438d-bd0b-1bb2572acc58",
	"46742184-2efc-49e2-9fe1-e62dcc44be84",
	'minute',
	"ba5eda7a-def5-0000-0000-000000000002",
	0,
	'',
	"d3168719-391f-43fe-88b8-9237046f9d14",
	'');
INSERT INTO S_BPARM
	VALUES ("d3168719-391f-43fe-88b8-9237046f9d14",
	"46742184-2efc-49e2-9fe1-e62dcc44be84",
	'hour',
	"ba5eda7a-def5-0000-0000-000000000002",
	0,
	'',
	"24b8a055-e7a4-458f-8768-0b7203c072b6",
	'');
INSERT INTO S_BPARM
	VALUES ("24b8a055-e7a4-458f-8768-0b7203c072b6",
	"46742184-2efc-49e2-9fe1-e62dcc44be84",
	'day',
	"ba5eda7a-def5-0000-0000-000000000002",
	0,
	'',
	"00000000-0000-0000-0000-000000000000",
	'');
INSERT INTO S_BPARM
	VALUES ("4d785b69-d809-432d-b173-e3a554a9e8a3",
	"46742184-2efc-49e2-9fe1-e62dcc44be84",
	'month',
	"ba5eda7a-def5-0000-0000-000000000002",
	0,
	'',
	"1488d6f9-7ba7-438d-bd0b-1bb2572acc58",
	'');
INSERT INTO S_BPARM
	VALUES ("b08d9ec5-77d6-4a43-a8aa-238b467ac633",
	"46742184-2efc-49e2-9fe1-e62dcc44be84",
	'year',
	"ba5eda7a-def5-0000-0000-000000000002",
	0,
	'',
	"c89c5709-ca37-42cc-8e50-bffb64e16300",
	'');
INSERT INTO S_BRG
	VALUES ("e966a0d6-a15b-4d82-9537-46efa92e8029",
	"f219567e-d9b0-4046-8d52-913e07a80d8b",
	'get_second',
	'',
	1,
	"ba5eda7a-def5-0000-0000-000000000002",
	'',
	0,
	'');
INSERT INTO S_BPARM
	VALUES ("9513ed8a-c7d6-4390-a068-d34f8adf444b",
	"e966a0d6-a15b-4d82-9537-46efa92e8029",
	'date',
	"ba5eda7a-def5-0000-0000-00000000000e",
	0,
	'',
	"00000000-0000-0000-0000-000000000000",
	'');
INSERT INTO S_BRG
	VALUES ("f1918392-977c-4346-af9c-2c3a3d5f6307",
	"f219567e-d9b0-4046-8d52-913e07a80d8b",
	'get_minute',
	'',
	1,
	"ba5eda7a-def5-0000-0000-000000000002",
	'',
	0,
	'');
INSERT INTO S_BPARM
	VALUES ("f585c15e-7f66-4e26-a41a-56d9fd41b60e",
	"f1918392-977c-4346-af9c-2c3a3d5f6307",
	'date',
	"ba5eda7a-def5-0000-0000-00000000000e",
	0,
	'',
	"00000000-0000-0000-0000-000000000000",
	'');
INSERT INTO S_BRG
	VALUES ("3d1a6e95-d19d-4c24-a8d5-7e2e7f38e5b5",
	"f219567e-d9b0-4046-8d52-913e07a80d8b",
	'get_hour',
	'',
	1,
	"ba5eda7a-def5-0000-0000-000000000002",
	'',
	0,
	'');
INSERT INTO S_BPARM
	VALUES ("d3f3682a-b8b0-497c-8b9a-64295501fbaf",
	"3d1a6e95-d19d-4c24-a8d5-7e2e7f38e5b5",
	'date',
	"ba5eda7a-def5-0000-0000-00000000000e",
	0,
	'',
	"00000000-0000-0000-0000-000000000000",
	'');
INSERT INTO S_BRG
	VALUES ("7a83ce04-e3aa-4add-b4c3-2af162ad3fc3",
	"f219567e-d9b0-4046-8d52-913e07a80d8b",
	'get_day',
	'',
	1,
	"ba5eda7a-def5-0000-0000-000000000002",
	'',
	0,
	'');
INSERT INTO S_BPARM
	VALUES ("919a1871-cd66-492d-8a11-17b645e13092",
	"7a83ce04-e3aa-4add-b4c3-2af162ad3fc3",
	'date',
	"ba5eda7a-def5-0000-0000-00000000000e",
	0,
	'',
	"00000000-0000-0000-0000-000000000000",
	'');
INSERT INTO S_BRG
	VALUES ("20059e2e-78d7-4303-8608-0a66bc7b6936",
	"f219567e-d9b0-4046-8d52-913e07a80d8b",
	'get_month',
	'',
	1,
	"ba5eda7a-def5-0000-0000-000000000002",
	'',
	0,
	'');
INSERT INTO S_BPARM
	VALUES ("f325e91d-2586-4702-b161-24c4f77361d6",
	"20059e2e-78d7-4303-8608-0a66bc7b6936",
	'date',
	"ba5eda7a-def5-0000-0000-00000000000e",
	0,
	'',
	"00000000-0000-0000-0000-000000000000",
	'');
INSERT INTO S_BRG
	VALUES ("7c1c684b-1141-4c29-85e4-5b923690152e",
	"f219567e-d9b0-4046-8d52-913e07a80d8b",
	'get_year',
	'',
	1,
	"ba5eda7a-def5-0000-0000-000000000002",
	'',
	0,
	'');
INSERT INTO S_BPARM
	VALUES ("08ea60b5-b73c-42f7-afc1-91d8f27e5d27",
	"7c1c684b-1141-4c29-85e4-5b923690152e",
	'date',
	"ba5eda7a-def5-0000-0000-00000000000e",
	0,
	'',
	"00000000-0000-0000-0000-000000000000",
	'');
INSERT INTO S_BRG
	VALUES ("b128bd65-8b8b-4404-bfb7-8ebf4b5e6bfb",
	"f219567e-d9b0-4046-8d52-913e07a80d8b",
	'current_clock',
	'',
	1,
	"ba5eda7a-def5-0000-0000-000000000010",
	'',
	0,
	'');
INSERT INTO S_BRG
	VALUES ("b05f18a0-922d-48f0-b803-c3a1ec374dcd",
	"f219567e-d9b0-4046-8d52-913e07a80d8b",
	'timer_start',
	'This bridge operation starts a timer set to expire in the specified number of
microseconds, generating the passed event upon expiration. Returns the instance
handle of the timer.',
	1,
	"ba5eda7a-def5-0000-0000-00000000000f",
	'',
	0,
	'');
INSERT INTO S_BPARM
	VALUES ("6cd415a0-900e-4f06-a6cd-0a6501a9812c",
	"b05f18a0-922d-48f0-b803-c3a1ec374dcd",
	'microseconds',
	"ba5eda7a-def5-0000-0000-000000000002",
	0,
	'',
	"0e0aada6-6d34-4ed0-b5f2-99258f34fd48",
	'');
INSERT INTO S_BPARM
	VALUES ("0e0aada6-6d34-4ed0-b5f2-99258f34fd48",
	"b05f18a0-922d-48f0-b803-c3a1ec374dcd",
	'event_inst',
	"ba5eda7a-def5-0000-0000-00000000000a",
	0,
	'',
	"00000000-0000-0000-0000-000000000000",
	'');
INSERT INTO S_BRG
	VALUES ("05ff4b10-dd8c-4e19-9c95-345f5d3e109c",
	"f219567e-d9b0-4046-8d52-913e07a80d8b",
	'timer_start_recurring',
	'This bridge operation starts a timer set to expire in the specified number of
microseconds, generating the passed event upon expiration. Upon expiration, the
timer will be restarted and fire again in the specified number of microseconds
generating the passed event. This bridge operation returns the instance handle
of the timer.',
	1,
	"ba5eda7a-def5-0000-0000-00000000000f",
	'',
	0,
	'');
INSERT INTO S_BPARM
	VALUES ("018acfbc-cddc-4269-99e0-3ee97e629ddf",
	"05ff4b10-dd8c-4e19-9c95-345f5d3e109c",
	'microseconds',
	"ba5eda7a-def5-0000-0000-000000000002",
	0,
	'',
	"9d665631-9af8-48f4-abdc-7ba4a10307ad",
	'');
INSERT INTO S_BPARM
	VALUES ("9d665631-9af8-48f4-abdc-7ba4a10307ad",
	"05ff4b10-dd8c-4e19-9c95-345f5d3e109c",
	'event_inst',
	"ba5eda7a-def5-0000-0000-00000000000a",
	0,
	'',
	"00000000-0000-0000-0000-000000000000",
	'');
INSERT INTO S_BRG
	VALUES ("4eb83c3f-f6d4-4cfc-8813-a1c0f646aedf",
	"f219567e-d9b0-4046-8d52-913e07a80d8b",
	'timer_remaining_time',
	'Returns the time remaining (in microseconds) for the passed timer instance. If
the timer has expired, a zero value is returned.',
	1,
	"ba5eda7a-def5-0000-0000-000000000002",
	'',
	0,
	'');
INSERT INTO S_BPARM
	VALUES ("4b49b9eb-53a2-440a-80d9-95f724edef49",
	"4eb83c3f-f6d4-4cfc-8813-a1c0f646aedf",
	'timer_inst_ref',
	"ba5eda7a-def5-0000-0000-00000000000f",
	0,
	'',
	"00000000-0000-0000-0000-000000000000",
	'');
INSERT INTO S_BRG
	VALUES ("70f0f6a4-bd7b-4d73-818b-4f63757fa667",
	"f219567e-d9b0-4046-8d52-913e07a80d8b",
	'timer_reset_time',
	'This bridge operation attempts to set the passed existing timer to expire in
the specified number of microseconds. If the timer exists (that is, it has not
expired), a TRUE value is returned. If the timer no longer exists, a FALSE value
is returned.',
	1,
	"ba5eda7a-def5-0000-0000-000000000001",
	'',
	0,
	'');
INSERT INTO S_BPARM
	VALUES ("e3ed223d-b381-47e8-9e97-745aca0c8060",
	"70f0f6a4-bd7b-4d73-818b-4f63757fa667",
	'timer_inst_ref',
	"ba5eda7a-def5-0000-0000-00000000000f",
	0,
	'',
	"70076f85-922c-4a8e-aafd-c7a87d19ffc8",
	'');
INSERT INTO S_BPARM
	VALUES ("70076f85-922c-4a8e-aafd-c7a87d19ffc8",
	"70f0f6a4-bd7b-4d73-818b-4f63757fa667",
	'microseconds',
	"ba5eda7a-def5-0000-0000-000000000002",
	0,
	'',
	"00000000-0000-0000-0000-000000000000",
	'');
INSERT INTO S_BRG
	VALUES ("7ebf3eb6-48b0-41db-9b19-eb459a53b1ca",
	"f219567e-d9b0-4046-8d52-913e07a80d8b",
	'timer_add_time',
	'This bridge operation attempts to add the specified number of microseconds to a
passed existing timer. If the timer exists (that is, it has not expired), a TRUE
value is returned. If the timer no longer exists, a FALSE value is returned.',
	1,
	"ba5eda7a-def5-0000-0000-000000000001",
	'',
	0,
	'');
INSERT INTO S_BPARM
	VALUES ("5cb8158f-d756-4746-a883-c2cb14a296f8",
	"7ebf3eb6-48b0-41db-9b19-eb459a53b1ca",
	'timer_inst_ref',
	"ba5eda7a-def5-0000-0000-00000000000f",
	0,
	'',
	"d7af908f-f891-45c2-bf9e-f825df45ca13",
	'');
INSERT INTO S_BPARM
	VALUES ("d7af908f-f891-45c2-bf9e-f825df45ca13",
	"7ebf3eb6-48b0-41db-9b19-eb459a53b1ca",
	'microseconds',
	"ba5eda7a-def5-0000-0000-000000000002",
	0,
	'',
	"00000000-0000-0000-0000-000000000000",
	'');
INSERT INTO S_BRG
	VALUES ("5eaf1550-c0f3-4005-aa70-ce76a54e7b59",
	"f219567e-d9b0-4046-8d52-913e07a80d8b",
	'timer_cancel',
	'This bridge operation cancels and deletes the passed timer instance. If the 
timer exists (that is, it had not expired), a TRUE value is returned. If the
timer no longer exists, a FALSE value is returned.',
	1,
	"ba5eda7a-def5-0000-0000-000000000001",
	'',
	0,
	'');
INSERT INTO S_BPARM
	VALUES ("b194e863-2d9a-4f17-bde6-2651b4c7d93a",
	"5eaf1550-c0f3-4005-aa70-ce76a54e7b59",
	'timer_inst_ref',
	"ba5eda7a-def5-0000-0000-00000000000f",
	0,
	'',
	"00000000-0000-0000-0000-000000000000",
	'');
INSERT INTO EP_PKG
	VALUES ("83d1f9e7-250e-4a5d-ba9a-b668467be094",
	"77552e13-265a-4a67-beca-bb6af5f15d0b",
	"77552e13-265a-4a67-beca-bb6af5f15d0b",
	'System',
	'',
	0);
INSERT INTO PE_PE
	VALUES ("9be30658-b83f-4197-bc41-2898ecad8268",
	1,
	"83d1f9e7-250e-4a5d-ba9a-b668467be094",
	"00000000-0000-0000-0000-000000000000",
	21);
INSERT INTO CL_IC
	VALUES ("9be30658-b83f-4197-bc41-2898ecad8268",
	"ab2192c8-8390-4631-9e2c-fca2a1f30c08",
	"00000000-0000-0000-0000-000000000000",
	"00000000-0000-0000-0000-000000000000",
	0,
	'',
	'Hotel::Library::HotelComponent',
	'');
INSERT INTO CL_IIR
	VALUES ("8746047e-e1bc-415f-8ab3-5370cb8d6982",
	"36293ad6-77b6-4c0b-a2dd-f02064f6189a",
	"9be30658-b83f-4197-bc41-2898ecad8268",
	"00000000-0000-0000-0000-000000000000",
	'BookingProvider',
	'');
INSERT INTO CL_IP
	VALUES ("8746047e-e1bc-415f-8ab3-5370cb8d6982",
	'BookingProvider',
	'');
INSERT INTO CL_IPINS
	VALUES ("65e285ef-feb0-4fe2-bdb5-a224158f80c3",
	"8746047e-e1bc-415f-8ab3-5370cb8d6982");
INSERT INTO CL_IIR
	VALUES ("7eb7bb6c-04e9-4532-a055-b5650aac0073",
	"9d173fe3-55ba-463f-a9f9-a5b42dd200a2",
	"9be30658-b83f-4197-bc41-2898ecad8268",
	"00000000-0000-0000-0000-000000000000",
	'StaffInterface',
	'');
INSERT INTO CL_IP
	VALUES ("7eb7bb6c-04e9-4532-a055-b5650aac0073",
	'StaffInterface',
	'');
INSERT INTO CL_IPINS
	VALUES ("33dea24e-1705-4168-9d63-3f1c595f1c16",
	"7eb7bb6c-04e9-4532-a055-b5650aac0073");
INSERT INTO PE_PE
	VALUES ("25c7663b-e695-4af4-af9b-093d998e4e64",
	1,
	"83d1f9e7-250e-4a5d-ba9a-b668467be094",
	"00000000-0000-0000-0000-000000000000",
	21);
INSERT INTO CL_IC
	VALUES ("25c7663b-e695-4af4-af9b-093d998e4e64",
	"0968771f-8553-4274-be70-86a03e4e6267",
	"00000000-0000-0000-0000-000000000000",
	"00000000-0000-0000-0000-000000000000",
	0,
	'',
	'Hotel::Library::UserComponent',
	'');
INSERT INTO CL_IIR
	VALUES ("facae2fe-ff87-4066-a0f3-11f2c4c732dd",
	"59710e0c-1d62-4800-a82b-b80bbaed4667",
	"25c7663b-e695-4af4-af9b-093d998e4e64",
	"00000000-0000-0000-0000-000000000000",
	'BookingProvider',
	'');
INSERT INTO CL_IR
	VALUES ("facae2fe-ff87-4066-a0f3-11f2c4c732dd",
	"65e285ef-feb0-4fe2-bdb5-a224158f80c3",
	'BookingProvider',
	'');
INSERT INTO CL_IIR
	VALUES ("5ab6c997-2cd1-469f-97e8-3634c355b00a",
	"9a341639-f7bf-4aa4-8144-2c10b6728e8f",
	"25c7663b-e695-4af4-af9b-093d998e4e64",
	"00000000-0000-0000-0000-000000000000",
	'StaffInterface',
	'');
INSERT INTO CL_IR
	VALUES ("5ab6c997-2cd1-469f-97e8-3634c355b00a",
	"33dea24e-1705-4168-9d63-3f1c595f1c16",
	'StaffInterface',
	'');
INSERT INTO PE_PE
	VALUES ("65e285ef-feb0-4fe2-bdb5-a224158f80c3",
	1,
	"83d1f9e7-250e-4a5d-ba9a-b668467be094",
	"00000000-0000-0000-0000-000000000000",
	22);
INSERT INTO C_SF
	VALUES ("65e285ef-feb0-4fe2-bdb5-a224158f80c3",
	"59710e0c-1d62-4800-a82b-b80bbaed4667",
	"36293ad6-77b6-4c0b-a2dd-f02064f6189a",
	'',
	'HotelComponent::UserInterface::BookingProvider -o)- UserComponent::UserInterface::BookingProvider');
INSERT INTO PE_PE
	VALUES ("33dea24e-1705-4168-9d63-3f1c595f1c16",
	1,
	"83d1f9e7-250e-4a5d-ba9a-b668467be094",
	"00000000-0000-0000-0000-000000000000",
	22);
INSERT INTO C_SF
	VALUES ("33dea24e-1705-4168-9d63-3f1c595f1c16",
	"9a341639-f7bf-4aa4-8144-2c10b6728e8f",
	"9d173fe3-55ba-463f-a9f9-a5b42dd200a2",
	'',
	'HotelComponent::Port1::StaffInterface -o)- UserComponent::Port1::StaffInterface');
INSERT INTO PE_PE
	VALUES ("ba5eda7a-def5-0000-0000-000000000000",
	1,
	"00000000-0000-0000-0000-000000000000",
	"00000000-0000-0000-0000-000000000000",
	3);
INSERT INTO S_DT
	VALUES ("ba5eda7a-def5-0000-0000-000000000000",
	"00000000-0000-0000-0000-000000000000",
	'void',
	'',
	'');
INSERT INTO S_CDT
	VALUES ("ba5eda7a-def5-0000-0000-000000000000",
	0);
INSERT INTO PE_PE
	VALUES ("ba5eda7a-def5-0000-0000-000000000001",
	1,
	"00000000-0000-0000-0000-000000000000",
	"00000000-0000-0000-0000-000000000000",
	3);
INSERT INTO S_DT
	VALUES ("ba5eda7a-def5-0000-0000-000000000001",
	"00000000-0000-0000-0000-000000000000",
	'boolean',
	'',
	'');
INSERT INTO S_CDT
	VALUES ("ba5eda7a-def5-0000-0000-000000000001",
	1);
INSERT INTO PE_PE
	VALUES ("ba5eda7a-def5-0000-0000-000000000002",
	1,
	"00000000-0000-0000-0000-000000000000",
	"00000000-0000-0000-0000-000000000000",
	3);
INSERT INTO S_DT
	VALUES ("ba5eda7a-def5-0000-0000-000000000002",
	"00000000-0000-0000-0000-000000000000",
	'integer',
	'',
	'');
INSERT INTO S_CDT
	VALUES ("ba5eda7a-def5-0000-0000-000000000002",
	2);
INSERT INTO PE_PE
	VALUES ("ba5eda7a-def5-0000-0000-000000000003",
	1,
	"00000000-0000-0000-0000-000000000000",
	"00000000-0000-0000-0000-000000000000",
	3);
INSERT INTO S_DT
	VALUES ("ba5eda7a-def5-0000-0000-000000000003",
	"00000000-0000-0000-0000-000000000000",
	'real',
	'',
	'');
INSERT INTO S_CDT
	VALUES ("ba5eda7a-def5-0000-0000-000000000003",
	3);
INSERT INTO PE_PE
	VALUES ("ba5eda7a-def5-0000-0000-000000000004",
	1,
	"00000000-0000-0000-0000-000000000000",
	"00000000-0000-0000-0000-000000000000",
	3);
INSERT INTO S_DT
	VALUES ("ba5eda7a-def5-0000-0000-000000000004",
	"00000000-0000-0000-0000-000000000000",
	'string',
	'',
	'');
INSERT INTO S_CDT
	VALUES ("ba5eda7a-def5-0000-0000-000000000004",
	4);
INSERT INTO PE_PE
	VALUES ("ba5eda7a-def5-0000-0000-000000000005",
	1,
	"00000000-0000-0000-0000-000000000000",
	"00000000-0000-0000-0000-000000000000",
	3);
INSERT INTO S_DT
	VALUES ("ba5eda7a-def5-0000-0000-000000000005",
	"00000000-0000-0000-0000-000000000000",
	'unique_id',
	'',
	'');
INSERT INTO S_CDT
	VALUES ("ba5eda7a-def5-0000-0000-000000000005",
	5);
INSERT INTO PE_PE
	VALUES ("ba5eda7a-def5-0000-0000-000000000006",
	1,
	"00000000-0000-0000-0000-000000000000",
	"00000000-0000-0000-0000-000000000000",
	3);
INSERT INTO S_DT
	VALUES ("ba5eda7a-def5-0000-0000-000000000006",
	"00000000-0000-0000-0000-000000000000",
	'state<State_Model>',
	'',
	'');
INSERT INTO S_CDT
	VALUES ("ba5eda7a-def5-0000-0000-000000000006",
	6);
INSERT INTO PE_PE
	VALUES ("ba5eda7a-def5-0000-0000-000000000007",
	1,
	"00000000-0000-0000-0000-000000000000",
	"00000000-0000-0000-0000-000000000000",
	3);
INSERT INTO S_DT
	VALUES ("ba5eda7a-def5-0000-0000-000000000007",
	"00000000-0000-0000-0000-000000000000",
	'same_as<Base_Attribute>',
	'',
	'');
INSERT INTO S_CDT
	VALUES ("ba5eda7a-def5-0000-0000-000000000007",
	7);
INSERT INTO PE_PE
	VALUES ("ba5eda7a-def5-0000-0000-000000000008",
	1,
	"00000000-0000-0000-0000-000000000000",
	"00000000-0000-0000-0000-000000000000",
	3);
INSERT INTO S_DT
	VALUES ("ba5eda7a-def5-0000-0000-000000000008",
	"00000000-0000-0000-0000-000000000000",
	'inst_ref<Object>',
	'',
	'');
INSERT INTO S_CDT
	VALUES ("ba5eda7a-def5-0000-0000-000000000008",
	8);
INSERT INTO PE_PE
	VALUES ("ba5eda7a-def5-0000-0000-000000000009",
	1,
	"00000000-0000-0000-0000-000000000000",
	"00000000-0000-0000-0000-000000000000",
	3);
INSERT INTO S_DT
	VALUES ("ba5eda7a-def5-0000-0000-000000000009",
	"00000000-0000-0000-0000-000000000000",
	'inst_ref_set<Object>',
	'',
	'');
INSERT INTO S_CDT
	VALUES ("ba5eda7a-def5-0000-0000-000000000009",
	9);
INSERT INTO PE_PE
	VALUES ("ba5eda7a-def5-0000-0000-00000000000a",
	1,
	"00000000-0000-0000-0000-000000000000",
	"00000000-0000-0000-0000-000000000000",
	3);
INSERT INTO S_DT
	VALUES ("ba5eda7a-def5-0000-0000-00000000000a",
	"00000000-0000-0000-0000-000000000000",
	'inst<Event>',
	'',
	'');
INSERT INTO S_CDT
	VALUES ("ba5eda7a-def5-0000-0000-00000000000a",
	10);
INSERT INTO PE_PE
	VALUES ("ba5eda7a-def5-0000-0000-00000000000b",
	1,
	"00000000-0000-0000-0000-000000000000",
	"00000000-0000-0000-0000-000000000000",
	3);
INSERT INTO S_DT
	VALUES ("ba5eda7a-def5-0000-0000-00000000000b",
	"00000000-0000-0000-0000-000000000000",
	'inst<Mapping>',
	'',
	'');
INSERT INTO S_CDT
	VALUES ("ba5eda7a-def5-0000-0000-00000000000b",
	11);
INSERT INTO PE_PE
	VALUES ("ba5eda7a-def5-0000-0000-00000000000c",
	1,
	"00000000-0000-0000-0000-000000000000",
	"00000000-0000-0000-0000-000000000000",
	3);
INSERT INTO S_DT
	VALUES ("ba5eda7a-def5-0000-0000-00000000000c",
	"00000000-0000-0000-0000-000000000000",
	'inst_ref<Mapping>',
	'',
	'');
INSERT INTO S_CDT
	VALUES ("ba5eda7a-def5-0000-0000-00000000000c",
	12);
INSERT INTO PE_PE
	VALUES ("ba5eda7a-def5-0000-0000-00000000000d",
	1,
	"00000000-0000-0000-0000-000000000000",
	"00000000-0000-0000-0000-000000000000",
	3);
INSERT INTO S_DT
	VALUES ("ba5eda7a-def5-0000-0000-00000000000d",
	"00000000-0000-0000-0000-000000000000",
	'component_ref',
	'',
	'');
INSERT INTO S_CDT
	VALUES ("ba5eda7a-def5-0000-0000-00000000000d",
	13);
INSERT INTO PE_PE
	VALUES ("ba5eda7a-def5-0000-0000-00000000000e",
	1,
	"00000000-0000-0000-0000-000000000000",
	"00000000-0000-0000-0000-000000000000",
	3);
INSERT INTO S_DT
	VALUES ("ba5eda7a-def5-0000-0000-00000000000e",
	"00000000-0000-0000-0000-000000000000",
	'date',
	'',
	'');
INSERT INTO S_UDT
	VALUES ("ba5eda7a-def5-0000-0000-00000000000e",
	"ba5eda7a-def5-0000-0000-00000000000b",
	1);
INSERT INTO PE_PE
	VALUES ("ba5eda7a-def5-0000-0000-00000000000f",
	1,
	"00000000-0000-0000-0000-000000000000",
	"00000000-0000-0000-0000-000000000000",
	3);
INSERT INTO S_DT
	VALUES ("ba5eda7a-def5-0000-0000-00000000000f",
	"00000000-0000-0000-0000-000000000000",
	'inst_ref<Timer>',
	'',
	'');
INSERT INTO S_UDT
	VALUES ("ba5eda7a-def5-0000-0000-00000000000f",
	"ba5eda7a-def5-0000-0000-00000000000c",
	3);
INSERT INTO PE_PE
	VALUES ("ba5eda7a-def5-0000-0000-000000000010",
	1,
	"00000000-0000-0000-0000-000000000000",
	"00000000-0000-0000-0000-000000000000",
	3);
INSERT INTO S_DT
	VALUES ("ba5eda7a-def5-0000-0000-000000000010",
	"00000000-0000-0000-0000-000000000000",
	'timestamp',
	'',
	'');
INSERT INTO S_UDT
	VALUES ("ba5eda7a-def5-0000-0000-000000000010",
	"ba5eda7a-def5-0000-0000-00000000000b",
	2);
