-- root-types-contained: SystemModel_c,PackageableElement_c,DataType_c,CoreDataType_c,UserDataType_c
-- BP 7.1 content: StreamData syschar: 3 persistence-version: 7.1.6

INSERT INTO S_SYS
	VALUES ("77552e13-265a-4a67-beca-bb6af5f15d0b",
	'Hotel',
	1);
INSERT INTO EP_PKG
	VALUES ("08644b1f-a992-4e52-8ec3-1f5eff4dec19",
	"77552e13-265a-4a67-beca-bb6af5f15d0b",
	"77552e13-265a-4a67-beca-bb6af5f15d0b",
	'Library',
	'',
	0);
INSERT INTO PE_PE
	VALUES ("ab2192c8-8390-4631-9e2c-fca2a1f30c08",
	1,
	"08644b1f-a992-4e52-8ec3-1f5eff4dec19",
	"00000000-0000-0000-0000-000000000000",
	2);
INSERT INTO C_C
	VALUES ("ab2192c8-8390-4631-9e2c-fca2a1f30c08",
	"00000000-0000-0000-0000-000000000000",
	"00000000-0000-0000-0000-000000000000",
	'HotelComponent',
	'',
	0,
	"00000000-0000-0000-0000-000000000000",
	0,
	'');
INSERT INTO C_PO
	VALUES ("54eb899f-f23f-4a84-8403-f0454a9283e7",
	"ab2192c8-8390-4631-9e2c-fca2a1f30c08",
	'UserInterface',
	0,
	0);
INSERT INTO C_IR
	VALUES ("36293ad6-77b6-4c0b-a2dd-f02064f6189a",
	"708e7060-3f4e-41ab-94ce-7b712ad36251",
	"00000000-0000-0000-0000-000000000000",
	"54eb899f-f23f-4a84-8403-f0454a9283e7");
INSERT INTO C_P
	VALUES ("36293ad6-77b6-4c0b-a2dd-f02064f6189a",
	'BookingProvider',
	'Unnamed Interface',
	'',
	'HotelComponent::UserInterface::BookingProvider');
INSERT INTO SPR_PEP
	VALUES ("ad67a789-a0d9-4e09-8c1b-cc137ff39554",
	"8500002a-94f3-4a61-bfa8-32f8fd7d89b4",
	"36293ad6-77b6-4c0b-a2dd-f02064f6189a");
INSERT INTO SPR_PS
	VALUES ("ad67a789-a0d9-4e09-8c1b-cc137ff39554",
	'requestAvailableBookables',
	'',
	'select any session from instances of BOOKINGSESSION where (selected.ID == param.sessionID);

if (not_empty session)
	result = session.search(fromDate: param.fromDate, 
							toDate: param.toDate,
							facilityType: param.facilityType);
	if(empty result)
		send BookingProvider::errorSignal(message: "H: requestAvail: No rooms found",
											sessionID:param.sessionID);
	
	else
		generate BOOKINGSESSION9:searchEvent(fromDate: param.fromDate,
											 toDate: param.toDate) to session;
		for each ft in result		
			select one b related by ft->BOOKABLE[R2];
			send BookingProvider::available(id: ft.id , 
											price: b.price , 
											description: b.description,
											aproximateArea: ft.approximateArea,
											independent: false,
											sessionID:session.ID);
		end for;
	end if;
		

else
	send BookingProvider::errorSignal(message: "H: requestAvail: Session not found",
										sessionID:param.sessionID);
end if;',
	1);
INSERT INTO ACT_PSB
	VALUES ("38ec5dfe-84e8-4f0c-bf24-0da926b77f68",
	"ad67a789-a0d9-4e09-8c1b-cc137ff39554");
INSERT INTO ACT_ACT
	VALUES ("38ec5dfe-84e8-4f0c-bf24-0da926b77f68",
	'signal',
	1,
	"a38dc61c-078a-4d0b-8bbf-dc9bd479359f",
	"00000000-0000-0000-0000-000000000000",
	0,
	'UserInterface::BookingProvider::requestAvailableBookables',
	"00000000-0000-0000-0000-000000000000");
INSERT INTO ACT_BLK
	VALUES ("a38dc61c-078a-4d0b-8bbf-dc9bd479359f",
	1,
	0,
	1,
	'',
	'',
	'',
	3,
	1,
	1,
	38,
	0,
	0,
	0,
	0,
	0,
	0,
	0,
	0,
	0,
	"38ec5dfe-84e8-4f0c-bf24-0da926b77f68",
	"00000000-0000-0000-0000-000000000000");
INSERT INTO ACT_SMT
	VALUES ("00360da1-6dc4-4668-b821-28d09fc2e060",
	"a38dc61c-078a-4d0b-8bbf-dc9bd479359f",
	"411863c8-d263-475e-b171-f7080b8b91f0",
	1,
	1,
	'UserInterface::BookingProvider::requestAvailableBookables line: 1');
INSERT INTO ACT_FIW
	VALUES ("00360da1-6dc4-4668-b821-28d09fc2e060",
	"d3150732-21b0-4904-8f81-52de720834f9",
	1,
	'any',
	"67a37c7a-2335-4608-92c4-35f00bfb8805",
	"7137c09d-ba0e-406b-b3b5-76bb3cc48f3d",
	1,
	38);
INSERT INTO ACT_SMT
	VALUES ("411863c8-d263-475e-b171-f7080b8b91f0",
	"a38dc61c-078a-4d0b-8bbf-dc9bd479359f",
	"00000000-0000-0000-0000-000000000000",
	3,
	1,
	'UserInterface::BookingProvider::requestAvailableBookables line: 3');
INSERT INTO ACT_IF
	VALUES ("411863c8-d263-475e-b171-f7080b8b91f0",
	"04154fae-95fd-40c2-aae3-1d700c0e5519",
	"13565809-8736-4283-9f4a-50a7c7386d48",
	"00000000-0000-0000-0000-000000000000",
	"00000000-0000-0000-0000-000000000000");
INSERT INTO V_VAL
	VALUES ("d2833def-b846-403e-b97b-13d7caf82f78",
	0,
	0,
	1,
	60,
	-1,
	0,
	0,
	0,
	0,
	"ba5eda7a-def5-0000-0000-000000000008",
	"a38dc61c-078a-4d0b-8bbf-dc9bd479359f");
INSERT INTO V_SLR
	VALUES ("d2833def-b846-403e-b97b-13d7caf82f78",
	"00000000-0000-0000-0000-000000000000",
	"00000000-0000-0000-0000-000000000000",
	"00000000-0000-0000-0000-000000000000");
INSERT INTO V_VAL
	VALUES ("db6e342c-8143-4ec2-b942-c052283fac7b",
	0,
	0,
	1,
	69,
	70,
	0,
	0,
	0,
	0,
	"ba5eda7a-def5-0000-0000-000000000005",
	"a38dc61c-078a-4d0b-8bbf-dc9bd479359f");
INSERT INTO V_AVL
	VALUES ("db6e342c-8143-4ec2-b942-c052283fac7b",
	"d2833def-b846-403e-b97b-13d7caf82f78",
	"7137c09d-ba0e-406b-b3b5-76bb3cc48f3d",
	"df46d3b5-7060-4611-8908-d535d035865a");
INSERT INTO V_VAL
	VALUES ("67a37c7a-2335-4608-92c4-35f00bfb8805",
	0,
	0,
	-1,
	-1,
	-1,
	0,
	0,
	0,
	0,
	"ba5eda7a-def5-0000-0000-000000000001",
	"a38dc61c-078a-4d0b-8bbf-dc9bd479359f");
INSERT INTO V_BIN
	VALUES ("67a37c7a-2335-4608-92c4-35f00bfb8805",
	"9f2f41cb-1dd3-4326-80d8-ddab20294f62",
	"db6e342c-8143-4ec2-b942-c052283fac7b",
	'==');
INSERT INTO V_VAL
	VALUES ("9f2f41cb-1dd3-4326-80d8-ddab20294f62",
	0,
	0,
	1,
	81,
	89,
	0,
	0,
	0,
	0,
	"ba5eda7a-def5-0000-0000-000000000005",
	"a38dc61c-078a-4d0b-8bbf-dc9bd479359f");
INSERT INTO V_PVL
	VALUES ("9f2f41cb-1dd3-4326-80d8-ddab20294f62",
	"00000000-0000-0000-0000-000000000000",
	"00000000-0000-0000-0000-000000000000",
	"00000000-0000-0000-0000-000000000000",
	"440d61eb-481a-4ea0-b89c-0bc624d141a3");
INSERT INTO V_VAL
	VALUES ("24f013dc-ec5c-4423-a4f4-f08e00120839",
	0,
	0,
	3,
	15,
	21,
	0,
	0,
	0,
	0,
	"ba5eda7a-def5-0000-0000-000000000008",
	"a38dc61c-078a-4d0b-8bbf-dc9bd479359f");
INSERT INTO V_IRF
	VALUES ("24f013dc-ec5c-4423-a4f4-f08e00120839",
	"d3150732-21b0-4904-8f81-52de720834f9");
INSERT INTO V_VAL
	VALUES ("13565809-8736-4283-9f4a-50a7c7386d48",
	0,
	0,
	-1,
	-1,
	-1,
	0,
	0,
	0,
	0,
	"ba5eda7a-def5-0000-0000-000000000001",
	"a38dc61c-078a-4d0b-8bbf-dc9bd479359f");
INSERT INTO V_UNY
	VALUES ("13565809-8736-4283-9f4a-50a7c7386d48",
	"24f013dc-ec5c-4423-a4f4-f08e00120839",
	'not_empty');
INSERT INTO V_VAR
	VALUES ("d3150732-21b0-4904-8f81-52de720834f9",
	"a38dc61c-078a-4d0b-8bbf-dc9bd479359f",
	'session',
	1,
	"ba5eda7a-def5-0000-0000-000000000008");
INSERT INTO V_INT
	VALUES ("d3150732-21b0-4904-8f81-52de720834f9",
	0,
	"7137c09d-ba0e-406b-b3b5-76bb3cc48f3d");
INSERT INTO V_LOC
	VALUES ("678ddb8b-c6c7-4dbe-a6b2-0a24e4879264",
	1,
	12,
	18,
	"d3150732-21b0-4904-8f81-52de720834f9");
INSERT INTO V_LOC
	VALUES ("70f6cfd4-a4be-4972-8a49-b328df9f885a",
	4,
	11,
	17,
	"d3150732-21b0-4904-8f81-52de720834f9");
INSERT INTO V_LOC
	VALUES ("582d2368-0df5-4d4e-958e-2a414fe8bac9",
	13,
	38,
	44,
	"d3150732-21b0-4904-8f81-52de720834f9");
INSERT INTO V_LOC
	VALUES ("feb4ba59-3751-4b17-95c9-62601bfe11dd",
	21,
	22,
	28,
	"d3150732-21b0-4904-8f81-52de720834f9");
INSERT INTO ACT_BLK
	VALUES ("04154fae-95fd-40c2-aae3-1d700c0e5519",
	0,
	0,
	0,
	'',
	'',
	'',
	11,
	2,
	0,
	0,
	0,
	0,
	0,
	0,
	0,
	0,
	0,
	0,
	0,
	"38ec5dfe-84e8-4f0c-bf24-0da926b77f68",
	"00000000-0000-0000-0000-000000000000");
INSERT INTO ACT_SMT
	VALUES ("88b3ea18-12fc-4b6c-918d-125c2bb02c7d",
	"04154fae-95fd-40c2-aae3-1d700c0e5519",
	"e988e7ea-a5d2-4182-b2c9-ae69146073f4",
	4,
	2,
	'UserInterface::BookingProvider::requestAvailableBookables line: 4');
INSERT INTO ACT_AI
	VALUES ("88b3ea18-12fc-4b6c-918d-125c2bb02c7d",
	"f35f4d6b-4c8b-49dc-b4a6-456ca07aca40",
	"99246107-2994-4739-8090-558c6a796136",
	0,
	0);
INSERT INTO ACT_SMT
	VALUES ("e988e7ea-a5d2-4182-b2c9-ae69146073f4",
	"04154fae-95fd-40c2-aae3-1d700c0e5519",
	"00000000-0000-0000-0000-000000000000",
	7,
	2,
	'UserInterface::BookingProvider::requestAvailableBookables line: 7');
INSERT INTO ACT_IF
	VALUES ("e988e7ea-a5d2-4182-b2c9-ae69146073f4",
	"a16d8028-9897-4210-bd51-1a70b52bcf42",
	"00000000-0000-0000-0000-000000000000",
	"00000000-0000-0000-0000-000000000000",
	"00000000-0000-0000-0000-000000000000");
INSERT INTO V_VAL
	VALUES ("99246107-2994-4739-8090-558c6a796136",
	1,
	1,
	4,
	2,
	7,
	0,
	0,
	0,
	0,
	"ebb6007c-c361-40c7-ad5b-5b07d6a01d41",
	"04154fae-95fd-40c2-aae3-1d700c0e5519");
INSERT INTO V_ISR
	VALUES ("99246107-2994-4739-8090-558c6a796136",
	"eb670c64-cff4-47f6-8906-4a18577ad4de");
INSERT INTO V_VAL
	VALUES ("f35f4d6b-4c8b-49dc-b4a6-456ca07aca40",
	0,
	0,
	4,
	19,
	-1,
	4,
	26,
	6,
	8,
	"ebb6007c-c361-40c7-ad5b-5b07d6a01d41",
	"04154fae-95fd-40c2-aae3-1d700c0e5519");
INSERT INTO V_TRV
	VALUES ("f35f4d6b-4c8b-49dc-b4a6-456ca07aca40",
	"ad7ec6a1-0909-48cc-8bb1-e07002fbff5e",
	"d3150732-21b0-4904-8f81-52de720834f9",
	1,
	0,
	0);
INSERT INTO V_VAL
	VALUES ("d10dd28b-3a63-4efe-9541-1b47444ce005",
	0,
	0,
	4,
	42,
	49,
	0,
	0,
	0,
	0,
	"ba5eda7a-def5-0000-0000-00000000000e",
	"04154fae-95fd-40c2-aae3-1d700c0e5519");
INSERT INTO V_PVL
	VALUES ("d10dd28b-3a63-4efe-9541-1b47444ce005",
	"00000000-0000-0000-0000-000000000000",
	"00000000-0000-0000-0000-000000000000",
	"00000000-0000-0000-0000-000000000000",
	"bb7fca6d-dbf4-4e65-bf71-bad1b55fe0c7");
INSERT INTO V_PAR
	VALUES ("d10dd28b-3a63-4efe-9541-1b47444ce005",
	"00000000-0000-0000-0000-000000000000",
	"f35f4d6b-4c8b-49dc-b4a6-456ca07aca40",
	'fromDate',
	"c7268268-687d-461f-ac37-da06dad03d78",
	4,
	26);
INSERT INTO V_VAL
	VALUES ("c7268268-687d-461f-ac37-da06dad03d78",
	0,
	0,
	5,
	22,
	27,
	0,
	0,
	0,
	0,
	"ba5eda7a-def5-0000-0000-00000000000e",
	"04154fae-95fd-40c2-aae3-1d700c0e5519");
INSERT INTO V_PVL
	VALUES ("c7268268-687d-461f-ac37-da06dad03d78",
	"00000000-0000-0000-0000-000000000000",
	"00000000-0000-0000-0000-000000000000",
	"00000000-0000-0000-0000-000000000000",
	"5b1beab7-9ad5-43f6-84fb-0e6f38b599d5");
INSERT INTO V_PAR
	VALUES ("c7268268-687d-461f-ac37-da06dad03d78",
	"00000000-0000-0000-0000-000000000000",
	"f35f4d6b-4c8b-49dc-b4a6-456ca07aca40",
	'toDate',
	"b4f303cd-dda0-44f2-b7c2-ce22399dab81",
	5,
	8);
INSERT INTO V_VAL
	VALUES ("b4f303cd-dda0-44f2-b7c2-ce22399dab81",
	0,
	0,
	6,
	28,
	39,
	0,
	0,
	0,
	0,
	"ba5eda7a-def5-0000-0000-000000000002",
	"04154fae-95fd-40c2-aae3-1d700c0e5519");
INSERT INTO V_PVL
	VALUES ("b4f303cd-dda0-44f2-b7c2-ce22399dab81",
	"00000000-0000-0000-0000-000000000000",
	"00000000-0000-0000-0000-000000000000",
	"00000000-0000-0000-0000-000000000000",
	"904a3139-6502-47f8-a585-1b805644ae21");
INSERT INTO V_PAR
	VALUES ("b4f303cd-dda0-44f2-b7c2-ce22399dab81",
	"00000000-0000-0000-0000-000000000000",
	"f35f4d6b-4c8b-49dc-b4a6-456ca07aca40",
	'facilityType',
	"00000000-0000-0000-0000-000000000000",
	6,
	8);
INSERT INTO V_VAL
	VALUES ("91fdff3b-eb93-4b97-b0d7-87b09eaff4c6",
	0,
	0,
	7,
	11,
	16,
	0,
	0,
	0,
	0,
	"ebb6007c-c361-40c7-ad5b-5b07d6a01d41",
	"04154fae-95fd-40c2-aae3-1d700c0e5519");
INSERT INTO V_ISR
	VALUES ("91fdff3b-eb93-4b97-b0d7-87b09eaff4c6",
	"eb670c64-cff4-47f6-8906-4a18577ad4de");
INSERT INTO V_VAL
	VALUES ("f442dae5-3f92-469b-90a3-9497421c89a8",
	0,
	0,
	-1,
	-1,
	-1,
	0,
	0,
	0,
	0,
	"ba5eda7a-def5-0000-0000-000000000001",
	"04154fae-95fd-40c2-aae3-1d700c0e5519");
INSERT INTO V_UNY
	VALUES ("f442dae5-3f92-469b-90a3-9497421c89a8",
	"91fdff3b-eb93-4b97-b0d7-87b09eaff4c6",
	'empty');
INSERT INTO V_VAR
	VALUES ("eb670c64-cff4-47f6-8906-4a18577ad4de",
	"04154fae-95fd-40c2-aae3-1d700c0e5519",
	'result',
	1,
	"ebb6007c-c361-40c7-ad5b-5b07d6a01d41");
INSERT INTO V_INS
	VALUES ("eb670c64-cff4-47f6-8906-4a18577ad4de",
	"bafdc953-1881-43a3-a5f1-9dcc7e2d60c3");
INSERT INTO V_LOC
	VALUES ("52abe23d-82fa-4762-87ad-12f445915d94",
	4,
	2,
	7,
	"eb670c64-cff4-47f6-8906-4a18577ad4de");
INSERT INTO V_LOC
	VALUES ("f9b440cc-218d-4b43-a675-d12d613b8821",
	14,
	18,
	23,
	"eb670c64-cff4-47f6-8906-4a18577ad4de");
INSERT INTO ACT_BLK
	VALUES ("efcc5e67-1c93-45e8-a420-417621b36777",
	0,
	0,
	0,
	'BookingProvider',
	'',
	'',
	8,
	3,
	8,
	8,
	0,
	0,
	0,
	0,
	0,
	0,
	0,
	0,
	0,
	"38ec5dfe-84e8-4f0c-bf24-0da926b77f68",
	"00000000-0000-0000-0000-000000000000");
INSERT INTO ACT_SMT
	VALUES ("020f1062-d1b0-43f8-935b-638f6ff8247e",
	"efcc5e67-1c93-45e8-a420-417621b36777",
	"00000000-0000-0000-0000-000000000000",
	8,
	3,
	'UserInterface::BookingProvider::requestAvailableBookables line: 8');
INSERT INTO ACT_SGN
	VALUES ("020f1062-d1b0-43f8-935b-638f6ff8247e",
	8,
	25,
	8,
	8,
	"6752f1fb-4d87-4e38-a4d2-a76b30240df9",
	"00000000-0000-0000-0000-000000000000",
	"00000000-0000-0000-0000-000000000000");
INSERT INTO V_VAL
	VALUES ("30b2f6d0-fd5c-44f1-bea3-2f566112f5af",
	0,
	0,
	8,
	46,
	77,
	0,
	0,
	0,
	0,
	"ba5eda7a-def5-0000-0000-000000000004",
	"efcc5e67-1c93-45e8-a420-417621b36777");
INSERT INTO V_LST
	VALUES ("30b2f6d0-fd5c-44f1-bea3-2f566112f5af",
	'H: requestAvail: No rooms found');
INSERT INTO V_PAR
	VALUES ("30b2f6d0-fd5c-44f1-bea3-2f566112f5af",
	"020f1062-d1b0-43f8-935b-638f6ff8247e",
	"00000000-0000-0000-0000-000000000000",
	'message',
	"12d7c2f1-aee3-4bf7-9c76-914d4a7dcb82",
	8,
	37);
INSERT INTO V_VAL
	VALUES ("12d7c2f1-aee3-4bf7-9c76-914d4a7dcb82",
	0,
	0,
	9,
	28,
	36,
	0,
	0,
	0,
	0,
	"ba5eda7a-def5-0000-0000-000000000005",
	"efcc5e67-1c93-45e8-a420-417621b36777");
INSERT INTO V_PVL
	VALUES ("12d7c2f1-aee3-4bf7-9c76-914d4a7dcb82",
	"00000000-0000-0000-0000-000000000000",
	"00000000-0000-0000-0000-000000000000",
	"00000000-0000-0000-0000-000000000000",
	"440d61eb-481a-4ea0-b89c-0bc624d141a3");
INSERT INTO V_PAR
	VALUES ("12d7c2f1-aee3-4bf7-9c76-914d4a7dcb82",
	"020f1062-d1b0-43f8-935b-638f6ff8247e",
	"00000000-0000-0000-0000-000000000000",
	'sessionID',
	"00000000-0000-0000-0000-000000000000",
	9,
	12);
INSERT INTO ACT_BLK
	VALUES ("a16d8028-9897-4210-bd51-1a70b52bcf42",
	0,
	0,
	0,
	'V_VAR.Var_ID',
	'fromDate',
	'toDate',
	14,
	3,
	0,
	0,
	0,
	0,
	0,
	0,
	0,
	0,
	0,
	0,
	0,
	"38ec5dfe-84e8-4f0c-bf24-0da926b77f68",
	"00000000-0000-0000-0000-000000000000");
INSERT INTO ACT_SMT
	VALUES ("d4b0fefd-1247-419d-8a9e-9a4647d30980",
	"a16d8028-9897-4210-bd51-1a70b52bcf42",
	"7fc24a9a-7017-4a33-ac0d-35bf24f90f7c",
	12,
	3,
	'UserInterface::BookingProvider::requestAvailableBookables line: 12');
INSERT INTO E_ESS
	VALUES ("d4b0fefd-1247-419d-8a9e-9a4647d30980",
	1,
	0,
	12,
	12,
	12,
	28,
	0,
	0,
	12,
	40,
	13,
	13);
INSERT INTO V_PAR
	VALUES ("3ec99082-41e0-4230-854a-e74fdfc54616",
	"d4b0fefd-1247-419d-8a9e-9a4647d30980",
	"00000000-0000-0000-0000-000000000000",
	'toDate',
	"00000000-0000-0000-0000-000000000000",
	13,
	13);
INSERT INTO V_PAR
	VALUES ("32b5e4c8-303d-46ca-81b5-14f04ba5c01e",
	"d4b0fefd-1247-419d-8a9e-9a4647d30980",
	"00000000-0000-0000-0000-000000000000",
	'fromDate',
	"3ec99082-41e0-4230-854a-e74fdfc54616",
	12,
	40);
INSERT INTO E_GES
	VALUES ("d4b0fefd-1247-419d-8a9e-9a4647d30980");
INSERT INTO E_GSME
	VALUES ("d4b0fefd-1247-419d-8a9e-9a4647d30980",
	"42a35ac4-7d83-4153-8c24-cc4699f29672");
INSERT INTO E_GEN
	VALUES ("d4b0fefd-1247-419d-8a9e-9a4647d30980",
	"d3150732-21b0-4904-8f81-52de720834f9");
INSERT INTO ACT_SMT
	VALUES ("7fc24a9a-7017-4a33-ac0d-35bf24f90f7c",
	"a16d8028-9897-4210-bd51-1a70b52bcf42",
	"00000000-0000-0000-0000-000000000000",
	-1,
	-1,
	'UserInterface::BookingProvider::requestAvailableBookables line: -1');
INSERT INTO ACT_FOR
	VALUES ("7fc24a9a-7017-4a33-ac0d-35bf24f90f7c",
	"d753cc73-1a9d-4df8-93c7-9720af8eba56",
	0,
	"00000000-0000-0000-0000-000000000000",
	"00000000-0000-0000-0000-000000000000",
	"00000000-0000-0000-0000-000000000000");
INSERT INTO V_VAL
	VALUES ("32b5e4c8-303d-46ca-81b5-14f04ba5c01e",
	0,
	0,
	12,
	56,
	63,
	0,
	0,
	0,
	0,
	"ba5eda7a-def5-0000-0000-00000000000e",
	"a16d8028-9897-4210-bd51-1a70b52bcf42");
INSERT INTO V_PVL
	VALUES ("32b5e4c8-303d-46ca-81b5-14f04ba5c01e",
	"00000000-0000-0000-0000-000000000000",
	"00000000-0000-0000-0000-000000000000",
	"00000000-0000-0000-0000-000000000000",
	"bb7fca6d-dbf4-4e65-bf71-bad1b55fe0c7");
INSERT INTO V_VAL
	VALUES ("3ec99082-41e0-4230-854a-e74fdfc54616",
	0,
	0,
	13,
	27,
	32,
	0,
	0,
	0,
	0,
	"ba5eda7a-def5-0000-0000-00000000000e",
	"a16d8028-9897-4210-bd51-1a70b52bcf42");
INSERT INTO V_PVL
	VALUES ("3ec99082-41e0-4230-854a-e74fdfc54616",
	"00000000-0000-0000-0000-000000000000",
	"00000000-0000-0000-0000-000000000000",
	"00000000-0000-0000-0000-000000000000",
	"5b1beab7-9ad5-43f6-84fb-0e6f38b599d5");
INSERT INTO V_VAR
	VALUES ("2fd3e555-5da0-4ab3-81e1-a5c470cde801",
	"a16d8028-9897-4210-bd51-1a70b52bcf42",
	'ft',
	1,
	"99dc6d1a-909c-4bcb-a5b6-04d65b974e90");
INSERT INTO V_INT
	VALUES ("2fd3e555-5da0-4ab3-81e1-a5c470cde801",
	1,
	"bafdc953-1881-43a3-a5f1-9dcc7e2d60c3");
INSERT INTO V_LOC
	VALUES ("c3d670c2-a3d7-4d87-baa7-e65d3fd30760",
	14,
	12,
	13,
	"2fd3e555-5da0-4ab3-81e1-a5c470cde801");
INSERT INTO V_LOC
	VALUES ("7ee6e056-9378-4fc0-8617-9b41ea1284a6",
	16,
	40,
	41,
	"2fd3e555-5da0-4ab3-81e1-a5c470cde801");
INSERT INTO V_LOC
	VALUES ("fa078b6c-6b9b-41d4-b33e-9e166f4f0911",
	19,
	28,
	29,
	"2fd3e555-5da0-4ab3-81e1-a5c470cde801");
INSERT INTO ACT_BLK
	VALUES ("d753cc73-1a9d-4df8-93c7-9720af8eba56",
	1,
	0,
	0,
	'BookingProvider',
	'',
	'',
	16,
	4,
	16,
	9,
	0,
	0,
	15,
	41,
	0,
	0,
	0,
	0,
	0,
	"38ec5dfe-84e8-4f0c-bf24-0da926b77f68",
	"00000000-0000-0000-0000-000000000000");
INSERT INTO ACT_SMT
	VALUES ("7e27260c-1181-48b8-92a5-b711110cbdc3",
	"d753cc73-1a9d-4df8-93c7-9720af8eba56",
	"00000000-0000-0000-0000-000000000000",
	15,
	4,
	'UserInterface::BookingProvider::requestAvailableBookables line: 15');
INSERT INTO ACT_SEL
	VALUES ("7e27260c-1181-48b8-92a5-b711110cbdc3",
	"518074a8-3005-4c80-aae2-9ea0aaadc2f0",
	1,
	'one',
	"d1f36147-056c-439b-ad42-85491848b8e4");
INSERT INTO ACT_SR
	VALUES ("7e27260c-1181-48b8-92a5-b711110cbdc3");
INSERT INTO ACT_LNK
	VALUES ("616937e1-7700-4822-a0fa-6fc4eb5cd48c",
	'',
	"7e27260c-1181-48b8-92a5-b711110cbdc3",
	"655f93cd-124d-4c1c-8fee-9a2f5468ffe1",
	"00000000-0000-0000-0000-000000000000",
	2,
	"803702ba-1594-4405-b96a-8c76b6ef1c69",
	15,
	32,
	15,
	41,
	0,
	0);
INSERT INTO V_VAL
	VALUES ("d1f36147-056c-439b-ad42-85491848b8e4",
	0,
	0,
	15,
	28,
	29,
	0,
	0,
	0,
	0,
	"99dc6d1a-909c-4bcb-a5b6-04d65b974e90",
	"d753cc73-1a9d-4df8-93c7-9720af8eba56");
INSERT INTO V_IRF
	VALUES ("d1f36147-056c-439b-ad42-85491848b8e4",
	"2fd3e555-5da0-4ab3-81e1-a5c470cde801");
INSERT INTO V_VAL
	VALUES ("ef4a93d9-a0b7-4ee2-8daa-635ce5c17272",
	0,
	0,
	16,
	40,
	41,
	0,
	0,
	0,
	0,
	"99dc6d1a-909c-4bcb-a5b6-04d65b974e90",
	"d753cc73-1a9d-4df8-93c7-9720af8eba56");
INSERT INTO V_IRF
	VALUES ("ef4a93d9-a0b7-4ee2-8daa-635ce5c17272",
	"2fd3e555-5da0-4ab3-81e1-a5c470cde801");
INSERT INTO V_VAL
	VALUES ("67c2d744-9241-49e8-a4a1-323e01819dec",
	0,
	0,
	17,
	19,
	19,
	0,
	0,
	0,
	0,
	"bdce89ef-72f6-4386-ba13-b2d926836c80",
	"d753cc73-1a9d-4df8-93c7-9720af8eba56");
INSERT INTO V_IRF
	VALUES ("67c2d744-9241-49e8-a4a1-323e01819dec",
	"518074a8-3005-4c80-aae2-9ea0aaadc2f0");
INSERT INTO V_VAL
	VALUES ("1a2ec72a-a675-48c0-8164-62b6feee3695",
	0,
	0,
	18,
	25,
	25,
	0,
	0,
	0,
	0,
	"bdce89ef-72f6-4386-ba13-b2d926836c80",
	"d753cc73-1a9d-4df8-93c7-9720af8eba56");
INSERT INTO V_IRF
	VALUES ("1a2ec72a-a675-48c0-8164-62b6feee3695",
	"518074a8-3005-4c80-aae2-9ea0aaadc2f0");
INSERT INTO V_VAL
	VALUES ("5e9a4b5e-03b7-46ac-af31-43eed7466e8c",
	0,
	0,
	19,
	28,
	29,
	0,
	0,
	0,
	0,
	"99dc6d1a-909c-4bcb-a5b6-04d65b974e90",
	"d753cc73-1a9d-4df8-93c7-9720af8eba56");
INSERT INTO V_IRF
	VALUES ("5e9a4b5e-03b7-46ac-af31-43eed7466e8c",
	"2fd3e555-5da0-4ab3-81e1-a5c470cde801");
INSERT INTO V_VAL
	VALUES ("34d0cc1f-a953-440b-9e69-18c270f5cfbf",
	0,
	0,
	21,
	22,
	28,
	0,
	0,
	0,
	0,
	"ba5eda7a-def5-0000-0000-000000000008",
	"d753cc73-1a9d-4df8-93c7-9720af8eba56");
INSERT INTO V_IRF
	VALUES ("34d0cc1f-a953-440b-9e69-18c270f5cfbf",
	"d3150732-21b0-4904-8f81-52de720834f9");
INSERT INTO V_VAR
	VALUES ("518074a8-3005-4c80-aae2-9ea0aaadc2f0",
	"d753cc73-1a9d-4df8-93c7-9720af8eba56",
	'b',
	1,
	"bdce89ef-72f6-4386-ba13-b2d926836c80");
INSERT INTO V_INT
	VALUES ("518074a8-3005-4c80-aae2-9ea0aaadc2f0",
	0,
	"803702ba-1594-4405-b96a-8c76b6ef1c69");
INSERT INTO V_LOC
	VALUES ("fb2275db-69f8-4768-b9a6-880bba89fd25",
	15,
	15,
	15,
	"518074a8-3005-4c80-aae2-9ea0aaadc2f0");
INSERT INTO V_LOC
	VALUES ("9ce2a317-8b8b-4719-b44e-30fe42f81bb4",
	17,
	19,
	19,
	"518074a8-3005-4c80-aae2-9ea0aaadc2f0");
INSERT INTO V_LOC
	VALUES ("21f7a42b-3789-4215-8db0-ffff4d37b503",
	18,
	25,
	25,
	"518074a8-3005-4c80-aae2-9ea0aaadc2f0");
INSERT INTO SPR_PEP
	VALUES ("bd3fdb96-1c93-414b-9f1d-6b837b25374d",
	"54d1cfcd-e847-40b5-be88-ddf038c56595",
	"36293ad6-77b6-4c0b-a2dd-f02064f6189a");
INSERT INTO SPR_PS
	VALUES ("bd3fdb96-1c93-414b-9f1d-6b837b25374d",
	'available',
	'',
	'',
	1);
INSERT INTO ACT_PSB
	VALUES ("8fa1faca-c57b-4337-b3f2-67b32a03ff97",
	"bd3fdb96-1c93-414b-9f1d-6b837b25374d");
INSERT INTO ACT_ACT
	VALUES ("8fa1faca-c57b-4337-b3f2-67b32a03ff97",
	'signal',
	0,
	"a2aeec26-e6af-41e0-8938-96501b1f9c7b",
	"00000000-0000-0000-0000-000000000000",
	0,
	'UserInterface::BookingProvider::available',
	"00000000-0000-0000-0000-000000000000");
INSERT INTO ACT_BLK
	VALUES ("a2aeec26-e6af-41e0-8938-96501b1f9c7b",
	0,
	0,
	0,
	'',
	'',
	'',
	0,
	0,
	0,
	0,
	0,
	0,
	0,
	0,
	0,
	0,
	0,
	0,
	0,
	"8fa1faca-c57b-4337-b3f2-67b32a03ff97",
	"00000000-0000-0000-0000-000000000000");
INSERT INTO SPR_PEP
	VALUES ("abc6b7f2-37a1-405e-a869-e8c1c3ff68f8",
	"55b848f9-d68a-4698-bf86-446ac83e49f5",
	"36293ad6-77b6-4c0b-a2dd-f02064f6189a");
INSERT INTO SPR_PS
	VALUES ("abc6b7f2-37a1-405e-a869-e8c1c3ff68f8",
	'selectBookable',
	'',
	'select any bs from instances of BOOKINGSESSION where selected.ID == param.sessionID;

if (not_empty bs)
	LOG::LogInfo(message: "H: selectSignal: Generating select event.");
	generate BOOKINGSESSION1:selectEvent(id:param.id) to bs;
else
	LOG::LogInfo(message: "H: selectSignal: Session not found.");
end if;',
	1);
INSERT INTO ACT_PSB
	VALUES ("5fcfef5c-41af-4e1e-b8ca-4d6677afb6ff",
	"abc6b7f2-37a1-405e-a869-e8c1c3ff68f8");
INSERT INTO ACT_ACT
	VALUES ("5fcfef5c-41af-4e1e-b8ca-4d6677afb6ff",
	'signal',
	0,
	"abb2b2d6-a679-4f73-82c6-d3256d328ea1",
	"00000000-0000-0000-0000-000000000000",
	0,
	'UserInterface::BookingProvider::selectBookable',
	"00000000-0000-0000-0000-000000000000");
INSERT INTO ACT_BLK
	VALUES ("abb2b2d6-a679-4f73-82c6-d3256d328ea1",
	1,
	0,
	1,
	'',
	'',
	'',
	3,
	1,
	1,
	33,
	0,
	0,
	0,
	0,
	0,
	0,
	0,
	0,
	0,
	"5fcfef5c-41af-4e1e-b8ca-4d6677afb6ff",
	"00000000-0000-0000-0000-000000000000");
INSERT INTO ACT_SMT
	VALUES ("c0672d4a-3b97-4f5f-b4b0-53a94d6bf35a",
	"abb2b2d6-a679-4f73-82c6-d3256d328ea1",
	"46b2385d-f06b-4789-b6e2-4720aa474a2f",
	1,
	1,
	'UserInterface::BookingProvider::selectBookable line: 1');
INSERT INTO ACT_FIW
	VALUES ("c0672d4a-3b97-4f5f-b4b0-53a94d6bf35a",
	"5037e907-3d5c-4bbb-8333-9973311a0199",
	1,
	'any',
	"22e71a75-424c-48f5-b811-1a66110ad1eb",
	"7137c09d-ba0e-406b-b3b5-76bb3cc48f3d",
	1,
	33);
INSERT INTO ACT_SMT
	VALUES ("46b2385d-f06b-4789-b6e2-4720aa474a2f",
	"abb2b2d6-a679-4f73-82c6-d3256d328ea1",
	"00000000-0000-0000-0000-000000000000",
	3,
	1,
	'UserInterface::BookingProvider::selectBookable line: 3');
INSERT INTO ACT_IF
	VALUES ("46b2385d-f06b-4789-b6e2-4720aa474a2f",
	"139f6f38-6d21-478c-b2bc-4ff0188291a5",
	"2db5391e-96bb-4a61-a893-77d169f112a2",
	"00000000-0000-0000-0000-000000000000",
	"00000000-0000-0000-0000-000000000000");
INSERT INTO V_VAL
	VALUES ("1a2c7691-27b6-4c62-b1f9-c35ef72dc176",
	0,
	0,
	1,
	54,
	-1,
	0,
	0,
	0,
	0,
	"ba5eda7a-def5-0000-0000-000000000008",
	"abb2b2d6-a679-4f73-82c6-d3256d328ea1");
INSERT INTO V_SLR
	VALUES ("1a2c7691-27b6-4c62-b1f9-c35ef72dc176",
	"00000000-0000-0000-0000-000000000000",
	"00000000-0000-0000-0000-000000000000",
	"00000000-0000-0000-0000-000000000000");
INSERT INTO V_VAL
	VALUES ("bccb9f6d-567d-42ca-adc8-cf360c47532d",
	0,
	0,
	1,
	63,
	64,
	0,
	0,
	0,
	0,
	"ba5eda7a-def5-0000-0000-000000000005",
	"abb2b2d6-a679-4f73-82c6-d3256d328ea1");
INSERT INTO V_AVL
	VALUES ("bccb9f6d-567d-42ca-adc8-cf360c47532d",
	"1a2c7691-27b6-4c62-b1f9-c35ef72dc176",
	"7137c09d-ba0e-406b-b3b5-76bb3cc48f3d",
	"df46d3b5-7060-4611-8908-d535d035865a");
INSERT INTO V_VAL
	VALUES ("22e71a75-424c-48f5-b811-1a66110ad1eb",
	0,
	0,
	-1,
	-1,
	-1,
	0,
	0,
	0,
	0,
	"ba5eda7a-def5-0000-0000-000000000001",
	"abb2b2d6-a679-4f73-82c6-d3256d328ea1");
INSERT INTO V_BIN
	VALUES ("22e71a75-424c-48f5-b811-1a66110ad1eb",
	"29279d6e-e414-44bd-9e31-a1ec33dabd0c",
	"bccb9f6d-567d-42ca-adc8-cf360c47532d",
	'==');
INSERT INTO V_VAL
	VALUES ("29279d6e-e414-44bd-9e31-a1ec33dabd0c",
	0,
	0,
	1,
	75,
	83,
	0,
	0,
	0,
	0,
	"ba5eda7a-def5-0000-0000-000000000005",
	"abb2b2d6-a679-4f73-82c6-d3256d328ea1");
INSERT INTO V_PVL
	VALUES ("29279d6e-e414-44bd-9e31-a1ec33dabd0c",
	"00000000-0000-0000-0000-000000000000",
	"00000000-0000-0000-0000-000000000000",
	"00000000-0000-0000-0000-000000000000",
	"eee16ca7-f592-4209-868f-d6a58e473aee");
INSERT INTO V_VAL
	VALUES ("bf87e1ed-13e9-4c97-b647-f6d04fbb8cc8",
	0,
	0,
	3,
	15,
	16,
	0,
	0,
	0,
	0,
	"ba5eda7a-def5-0000-0000-000000000008",
	"abb2b2d6-a679-4f73-82c6-d3256d328ea1");
INSERT INTO V_IRF
	VALUES ("bf87e1ed-13e9-4c97-b647-f6d04fbb8cc8",
	"5037e907-3d5c-4bbb-8333-9973311a0199");
INSERT INTO V_VAL
	VALUES ("2db5391e-96bb-4a61-a893-77d169f112a2",
	0,
	0,
	-1,
	-1,
	-1,
	0,
	0,
	0,
	0,
	"ba5eda7a-def5-0000-0000-000000000001",
	"abb2b2d6-a679-4f73-82c6-d3256d328ea1");
INSERT INTO V_UNY
	VALUES ("2db5391e-96bb-4a61-a893-77d169f112a2",
	"bf87e1ed-13e9-4c97-b647-f6d04fbb8cc8",
	'not_empty');
INSERT INTO V_VAR
	VALUES ("5037e907-3d5c-4bbb-8333-9973311a0199",
	"abb2b2d6-a679-4f73-82c6-d3256d328ea1",
	'bs',
	1,
	"ba5eda7a-def5-0000-0000-000000000008");
INSERT INTO V_INT
	VALUES ("5037e907-3d5c-4bbb-8333-9973311a0199",
	0,
	"7137c09d-ba0e-406b-b3b5-76bb3cc48f3d");
INSERT INTO V_LOC
	VALUES ("aa8b212f-168f-4ede-973b-ad96e0a04a74",
	1,
	12,
	13,
	"5037e907-3d5c-4bbb-8333-9973311a0199");
INSERT INTO V_LOC
	VALUES ("2de96a62-15cf-4ed3-a2da-3e979d0dd5df",
	5,
	55,
	56,
	"5037e907-3d5c-4bbb-8333-9973311a0199");
INSERT INTO ACT_BLK
	VALUES ("139f6f38-6d21-478c-b2bc-4ff0188291a5",
	0,
	0,
	0,
	'V_VAR.Var_ID',
	'id',
	'id',
	5,
	2,
	4,
	2,
	0,
	0,
	0,
	0,
	0,
	0,
	0,
	0,
	0,
	"5fcfef5c-41af-4e1e-b8ca-4d6677afb6ff",
	"00000000-0000-0000-0000-000000000000");
INSERT INTO ACT_SMT
	VALUES ("4dd48843-ab7f-4bdb-9e5a-f0a43cd437aa",
	"139f6f38-6d21-478c-b2bc-4ff0188291a5",
	"00000000-0000-0000-0000-000000000000",
	4,
	2,
	'UserInterface::BookingProvider::selectBookable line: 4');
INSERT INTO ACT_BRG
	VALUES ("4dd48843-ab7f-4bdb-9e5a-f0a43cd437aa",
	"768e1cca-7403-495c-9b22-afd11a473eb6",
	4,
	7,
	4,
	2);
INSERT INTO V_VAL
	VALUES ("228aba96-880e-4159-ae47-ad8a375ca278",
	0,
	0,
	4,
	24,
	65,
	0,
	0,
	0,
	0,
	"ba5eda7a-def5-0000-0000-000000000004",
	"139f6f38-6d21-478c-b2bc-4ff0188291a5");
INSERT INTO V_LST
	VALUES ("228aba96-880e-4159-ae47-ad8a375ca278",
	'H: selectSignal: Generating select event.');
INSERT INTO V_PAR
	VALUES ("228aba96-880e-4159-ae47-ad8a375ca278",
	"4dd48843-ab7f-4bdb-9e5a-f0a43cd437aa",
	"00000000-0000-0000-0000-000000000000",
	'message',
	"00000000-0000-0000-0000-000000000000",
	4,
	15);
INSERT INTO SPR_PEP
	VALUES ("e57ea280-c4da-4c33-a6bd-b5a55b1d476a",
	"10d65452-16c4-45b0-ad3e-4dec03bb99a7",
	"36293ad6-77b6-4c0b-a2dd-f02064f6189a");
INSERT INTO SPR_PS
	VALUES ("e57ea280-c4da-4c33-a6bd-b5a55b1d476a",
	'extraServices',
	'',
	'',
	1);
INSERT INTO ACT_PSB
	VALUES ("45b6f171-381f-49d7-9636-fcc25611d3bf",
	"e57ea280-c4da-4c33-a6bd-b5a55b1d476a");
INSERT INTO ACT_ACT
	VALUES ("45b6f171-381f-49d7-9636-fcc25611d3bf",
	'signal',
	0,
	"3aaa9a0e-c735-4f5c-a257-1ca8ae364a27",
	"00000000-0000-0000-0000-000000000000",
	0,
	'UserInterface::BookingProvider::extraServices',
	"00000000-0000-0000-0000-000000000000");
INSERT INTO ACT_BLK
	VALUES ("3aaa9a0e-c735-4f5c-a257-1ca8ae364a27",
	0,
	0,
	0,
	'',
	'',
	'',
	0,
	0,
	0,
	0,
	0,
	0,
	0,
	0,
	0,
	0,
	0,
	0,
	0,
	"45b6f171-381f-49d7-9636-fcc25611d3bf",
	"00000000-0000-0000-0000-000000000000");
INSERT INTO SPR_PEP
	VALUES ("f4f69049-a18c-40db-908e-fde4956ebd16",
	"87ed1c56-1bee-4041-bca4-056967095bc2",
	"36293ad6-77b6-4c0b-a2dd-f02064f6189a");
INSERT INTO SPR_PS
	VALUES ("f4f69049-a18c-40db-908e-fde4956ebd16",
	'addServices',
	'',
	'',
	1);
INSERT INTO ACT_PSB
	VALUES ("6f260ef7-3568-4ee6-b82c-2aeb0673b61b",
	"f4f69049-a18c-40db-908e-fde4956ebd16");
INSERT INTO ACT_ACT
	VALUES ("6f260ef7-3568-4ee6-b82c-2aeb0673b61b",
	'signal',
	0,
	"6c068aae-86dd-4a60-8652-9107b6093b7e",
	"00000000-0000-0000-0000-000000000000",
	0,
	'UserInterface::BookingProvider::addServices',
	"00000000-0000-0000-0000-000000000000");
INSERT INTO ACT_BLK
	VALUES ("6c068aae-86dd-4a60-8652-9107b6093b7e",
	0,
	0,
	0,
	'',
	'',
	'',
	0,
	0,
	0,
	0,
	0,
	0,
	0,
	0,
	0,
	0,
	0,
	0,
	0,
	"6f260ef7-3568-4ee6-b82c-2aeb0673b61b",
	"00000000-0000-0000-0000-000000000000");
INSERT INTO SPR_PEP
	VALUES ("bf9df925-e6b4-4ed6-80d9-5ccf5795e43b",
	"57eb1124-4a29-48ad-8677-d8760788067a",
	"36293ad6-77b6-4c0b-a2dd-f02064f6189a");
INSERT INTO SPR_PS
	VALUES ("bf9df925-e6b4-4ed6-80d9-5ccf5795e43b",
	'customerDetails',
	'',
	'select any bs from instances of BOOKINGSESSION where selected.ID == param.sessionID;

if (not_empty bs)
	LOG::LogInfo(message: "H: customerDetailsSignal: Generating cusDet event.");
	generate BOOKINGSESSION5:customerDetailsEvent(name:param.name,
												  phoneNumber:param.phoneNumber) to bs;
else
	LOG::LogInfo(message: "H: customerDetailsSignal: Session not found.");
end if;',
	1);
INSERT INTO ACT_PSB
	VALUES ("271691bf-e18a-40af-a719-10bbf672723c",
	"bf9df925-e6b4-4ed6-80d9-5ccf5795e43b");
INSERT INTO ACT_ACT
	VALUES ("271691bf-e18a-40af-a719-10bbf672723c",
	'signal',
	0,
	"1c271022-0124-4fdb-84ea-f98f71e86c72",
	"00000000-0000-0000-0000-000000000000",
	0,
	'UserInterface::BookingProvider::customerDetails',
	"00000000-0000-0000-0000-000000000000");
INSERT INTO ACT_BLK
	VALUES ("1c271022-0124-4fdb-84ea-f98f71e86c72",
	1,
	0,
	1,
	'',
	'',
	'',
	7,
	1,
	1,
	33,
	0,
	0,
	0,
	0,
	0,
	0,
	0,
	0,
	0,
	"271691bf-e18a-40af-a719-10bbf672723c",
	"00000000-0000-0000-0000-000000000000");
INSERT INTO ACT_SMT
	VALUES ("d03bc98a-c554-43a9-9bf2-798984b984a2",
	"1c271022-0124-4fdb-84ea-f98f71e86c72",
	"22cd7be2-142c-4a12-87cd-4b1f61b759aa",
	1,
	1,
	'UserInterface::BookingProvider::customerDetails line: 1');
INSERT INTO ACT_FIW
	VALUES ("d03bc98a-c554-43a9-9bf2-798984b984a2",
	"03f755de-c3a7-4dd5-b938-1a2fba2e33f6",
	1,
	'any',
	"c68d4859-b079-4019-9bd0-8385ee9a303d",
	"7137c09d-ba0e-406b-b3b5-76bb3cc48f3d",
	1,
	33);
INSERT INTO ACT_SMT
	VALUES ("22cd7be2-142c-4a12-87cd-4b1f61b759aa",
	"1c271022-0124-4fdb-84ea-f98f71e86c72",
	"00000000-0000-0000-0000-000000000000",
	3,
	1,
	'UserInterface::BookingProvider::customerDetails line: 3');
INSERT INTO ACT_IF
	VALUES ("22cd7be2-142c-4a12-87cd-4b1f61b759aa",
	"c62a47fc-3148-4ed0-b8c0-e0929fc569e5",
	"e8549e29-75c3-40f4-bb75-2a97eb62f28b",
	"00000000-0000-0000-0000-000000000000",
	"00000000-0000-0000-0000-000000000000");
INSERT INTO ACT_SMT
	VALUES ("810d8fd1-b7f0-4fc7-aa88-3c8e00f39571",
	"1c271022-0124-4fdb-84ea-f98f71e86c72",
	"00000000-0000-0000-0000-000000000000",
	7,
	1,
	'UserInterface::BookingProvider::customerDetails line: 7');
INSERT INTO ACT_E
	VALUES ("810d8fd1-b7f0-4fc7-aa88-3c8e00f39571",
	"334a33af-01c9-4a9b-8862-afc6b9759ed9",
	"22cd7be2-142c-4a12-87cd-4b1f61b759aa");
INSERT INTO V_VAL
	VALUES ("30ac3729-f5a0-4bc7-9d4f-520ac8cc0cac",
	0,
	0,
	1,
	54,
	-1,
	0,
	0,
	0,
	0,
	"ba5eda7a-def5-0000-0000-000000000008",
	"1c271022-0124-4fdb-84ea-f98f71e86c72");
INSERT INTO V_SLR
	VALUES ("30ac3729-f5a0-4bc7-9d4f-520ac8cc0cac",
	"00000000-0000-0000-0000-000000000000",
	"00000000-0000-0000-0000-000000000000",
	"00000000-0000-0000-0000-000000000000");
INSERT INTO V_VAL
	VALUES ("6a1e4ce9-9777-428d-9306-d24afdb3aef0",
	0,
	0,
	1,
	63,
	64,
	0,
	0,
	0,
	0,
	"ba5eda7a-def5-0000-0000-000000000005",
	"1c271022-0124-4fdb-84ea-f98f71e86c72");
INSERT INTO V_AVL
	VALUES ("6a1e4ce9-9777-428d-9306-d24afdb3aef0",
	"30ac3729-f5a0-4bc7-9d4f-520ac8cc0cac",
	"7137c09d-ba0e-406b-b3b5-76bb3cc48f3d",
	"df46d3b5-7060-4611-8908-d535d035865a");
INSERT INTO V_VAL
	VALUES ("c68d4859-b079-4019-9bd0-8385ee9a303d",
	0,
	0,
	-1,
	-1,
	-1,
	0,
	0,
	0,
	0,
	"ba5eda7a-def5-0000-0000-000000000001",
	"1c271022-0124-4fdb-84ea-f98f71e86c72");
INSERT INTO V_BIN
	VALUES ("c68d4859-b079-4019-9bd0-8385ee9a303d",
	"fba81d73-7c97-4d7e-9618-6c86973f55d0",
	"6a1e4ce9-9777-428d-9306-d24afdb3aef0",
	'==');
INSERT INTO V_VAL
	VALUES ("fba81d73-7c97-4d7e-9618-6c86973f55d0",
	0,
	0,
	1,
	75,
	83,
	0,
	0,
	0,
	0,
	"ba5eda7a-def5-0000-0000-000000000005",
	"1c271022-0124-4fdb-84ea-f98f71e86c72");
INSERT INTO V_PVL
	VALUES ("fba81d73-7c97-4d7e-9618-6c86973f55d0",
	"00000000-0000-0000-0000-000000000000",
	"00000000-0000-0000-0000-000000000000",
	"00000000-0000-0000-0000-000000000000",
	"9f35fb46-9c6b-4202-8310-888981c424af");
INSERT INTO V_VAL
	VALUES ("ccc15ddc-b6d9-4844-9584-73503205e3d9",
	0,
	0,
	3,
	15,
	16,
	0,
	0,
	0,
	0,
	"ba5eda7a-def5-0000-0000-000000000008",
	"1c271022-0124-4fdb-84ea-f98f71e86c72");
INSERT INTO V_IRF
	VALUES ("ccc15ddc-b6d9-4844-9584-73503205e3d9",
	"03f755de-c3a7-4dd5-b938-1a2fba2e33f6");
INSERT INTO V_VAL
	VALUES ("e8549e29-75c3-40f4-bb75-2a97eb62f28b",
	0,
	0,
	-1,
	-1,
	-1,
	0,
	0,
	0,
	0,
	"ba5eda7a-def5-0000-0000-000000000001",
	"1c271022-0124-4fdb-84ea-f98f71e86c72");
INSERT INTO V_UNY
	VALUES ("e8549e29-75c3-40f4-bb75-2a97eb62f28b",
	"ccc15ddc-b6d9-4844-9584-73503205e3d9",
	'not_empty');
INSERT INTO V_VAR
	VALUES ("03f755de-c3a7-4dd5-b938-1a2fba2e33f6",
	"1c271022-0124-4fdb-84ea-f98f71e86c72",
	'bs',
	1,
	"ba5eda7a-def5-0000-0000-000000000008");
INSERT INTO V_INT
	VALUES ("03f755de-c3a7-4dd5-b938-1a2fba2e33f6",
	0,
	"7137c09d-ba0e-406b-b3b5-76bb3cc48f3d");
INSERT INTO V_LOC
	VALUES ("31658a19-089e-4eba-b8dc-e3ffbf0c7c6a",
	1,
	12,
	13,
	"03f755de-c3a7-4dd5-b938-1a2fba2e33f6");
INSERT INTO V_LOC
	VALUES ("6dcefc60-56e0-442d-aa12-628d5d62123c",
	6,
	49,
	50,
	"03f755de-c3a7-4dd5-b938-1a2fba2e33f6");
INSERT INTO ACT_BLK
	VALUES ("c62a47fc-3148-4ed0-b8c0-e0929fc569e5",
	0,
	0,
	0,
	'V_VAR.Var_ID',
	'name',
	'phoneNumber',
	5,
	2,
	4,
	2,
	0,
	0,
	0,
	0,
	0,
	0,
	0,
	0,
	0,
	"271691bf-e18a-40af-a719-10bbf672723c",
	"00000000-0000-0000-0000-000000000000");
INSERT INTO ACT_SMT
	VALUES ("2ca86248-ec79-46c1-aea9-a481b6c94cc2",
	"c62a47fc-3148-4ed0-b8c0-e0929fc569e5",
	"36c50ff7-53a4-42a7-8b28-21fb094c1424",
	4,
	2,
	'UserInterface::BookingProvider::customerDetails line: 4');
INSERT INTO ACT_BRG
	VALUES ("2ca86248-ec79-46c1-aea9-a481b6c94cc2",
	"768e1cca-7403-495c-9b22-afd11a473eb6",
	4,
	7,
	4,
	2);
INSERT INTO ACT_SMT
	VALUES ("36c50ff7-53a4-42a7-8b28-21fb094c1424",
	"c62a47fc-3148-4ed0-b8c0-e0929fc569e5",
	"00000000-0000-0000-0000-000000000000",
	5,
	2,
	'UserInterface::BookingProvider::customerDetails line: 5');
INSERT INTO E_ESS
	VALUES ("36c50ff7-53a4-42a7-8b28-21fb094c1424",
	1,
	0,
	5,
	11,
	5,
	27,
	4,
	2,
	5,
	48,
	6,
	15);
INSERT INTO V_PAR
	VALUES ("e9f061c6-1c83-45e0-9ae0-577e77be83f0",
	"36c50ff7-53a4-42a7-8b28-21fb094c1424",
	"00000000-0000-0000-0000-000000000000",
	'phoneNumber',
	"00000000-0000-0000-0000-000000000000",
	6,
	15);
INSERT INTO V_PAR
	VALUES ("d2859781-2b40-4b05-9042-95be46f9b3b4",
	"36c50ff7-53a4-42a7-8b28-21fb094c1424",
	"00000000-0000-0000-0000-000000000000",
	'name',
	"e9f061c6-1c83-45e0-9ae0-577e77be83f0",
	5,
	48);
INSERT INTO E_GES
	VALUES ("36c50ff7-53a4-42a7-8b28-21fb094c1424");
INSERT INTO E_GSME
	VALUES ("36c50ff7-53a4-42a7-8b28-21fb094c1424",
	"153a511b-c927-49fe-95d5-db518898883d");
INSERT INTO E_GEN
	VALUES ("36c50ff7-53a4-42a7-8b28-21fb094c1424",
	"03f755de-c3a7-4dd5-b938-1a2fba2e33f6");
INSERT INTO V_VAL
	VALUES ("d07c946c-d563-4b31-b28c-38e5f847a823",
	0,
	0,
	4,
	24,
	74,
	0,
	0,
	0,
	0,
	"ba5eda7a-def5-0000-0000-000000000004",
	"c62a47fc-3148-4ed0-b8c0-e0929fc569e5");
INSERT INTO V_LST
	VALUES ("d07c946c-d563-4b31-b28c-38e5f847a823",
	'H: customerDetailsSignal: Generating cusDet event.');
INSERT INTO V_PAR
	VALUES ("d07c946c-d563-4b31-b28c-38e5f847a823",
	"2ca86248-ec79-46c1-aea9-a481b6c94cc2",
	"00000000-0000-0000-0000-000000000000",
	'message',
	"00000000-0000-0000-0000-000000000000",
	4,
	15);
INSERT INTO V_VAL
	VALUES ("d2859781-2b40-4b05-9042-95be46f9b3b4",
	0,
	0,
	5,
	59,
	62,
	0,
	0,
	0,
	0,
	"ba5eda7a-def5-0000-0000-000000000004",
	"c62a47fc-3148-4ed0-b8c0-e0929fc569e5");
INSERT INTO V_PVL
	VALUES ("d2859781-2b40-4b05-9042-95be46f9b3b4",
	"00000000-0000-0000-0000-000000000000",
	"00000000-0000-0000-0000-000000000000",
	"00000000-0000-0000-0000-000000000000",
	"c2367ced-24e1-4602-a7c5-4001bd1043d4");
INSERT INTO V_VAL
	VALUES ("e9f061c6-1c83-45e0-9ae0-577e77be83f0",
	0,
	0,
	6,
	33,
	43,
	0,
	0,
	0,
	0,
	"ba5eda7a-def5-0000-0000-000000000004",
	"c62a47fc-3148-4ed0-b8c0-e0929fc569e5");
INSERT INTO V_PVL
	VALUES ("e9f061c6-1c83-45e0-9ae0-577e77be83f0",
	"00000000-0000-0000-0000-000000000000",
	"00000000-0000-0000-0000-000000000000",
	"00000000-0000-0000-0000-000000000000",
	"180912be-1f82-4ef3-9fc2-a2acbf555b77");
INSERT INTO ACT_BLK
	VALUES ("334a33af-01c9-4a9b-8862-afc6b9759ed9",
	0,
	0,
	0,
	'LOG',
	'',
	'',
	8,
	2,
	8,
	2,
	0,
	0,
	0,
	0,
	0,
	0,
	0,
	0,
	0,
	"271691bf-e18a-40af-a719-10bbf672723c",
	"00000000-0000-0000-0000-000000000000");
INSERT INTO ACT_SMT
	VALUES ("d7367f9f-04c3-43eb-a16a-7fc13d44a01a",
	"334a33af-01c9-4a9b-8862-afc6b9759ed9",
	"00000000-0000-0000-0000-000000000000",
	8,
	2,
	'UserInterface::BookingProvider::customerDetails line: 8');
INSERT INTO ACT_BRG
	VALUES ("d7367f9f-04c3-43eb-a16a-7fc13d44a01a",
	"768e1cca-7403-495c-9b22-afd11a473eb6",
	8,
	7,
	8,
	2);
INSERT INTO V_VAL
	VALUES ("3fe1377d-0c46-4165-ae6b-7e5ab340ae17",
	0,
	0,
	8,
	24,
	68,
	0,
	0,
	0,
	0,
	"ba5eda7a-def5-0000-0000-000000000004",
	"334a33af-01c9-4a9b-8862-afc6b9759ed9");
INSERT INTO V_LST
	VALUES ("3fe1377d-0c46-4165-ae6b-7e5ab340ae17",
	'H: customerDetailsSignal: Session not found.');
INSERT INTO V_PAR
	VALUES ("3fe1377d-0c46-4165-ae6b-7e5ab340ae17",
	"d7367f9f-04c3-43eb-a16a-7fc13d44a01a",
	"00000000-0000-0000-0000-000000000000",
	'message',
	"00000000-0000-0000-0000-000000000000",
	8,
	15);
INSERT INTO SPR_PEP
	VALUES ("0c0df819-2738-4521-8efe-cfb0e7d5f5ac",
	"275df8ce-b628-4b96-85dd-66e9224fc9df",
	"36293ad6-77b6-4c0b-a2dd-f02064f6189a");
INSERT INTO SPR_PS
	VALUES ("0c0df819-2738-4521-8efe-cfb0e7d5f5ac",
	'addGuest',
	'',
	'select any bs from instances of BOOKINGSESSION where selected.ID == param.sessionID;

if (not_empty bs)
	LOG::LogInfo(message: "H: addGuestSignal: Generating addGuest event.");
	generate BOOKINGSESSION2:addGuestEvent(name:param.guestName,
										 age:param.guestAge) to bs;
else
	LOG::LogInfo(message: "H: addGuestSignal: Session not found.");
end if;',
	1);
INSERT INTO ACT_PSB
	VALUES ("9f919989-d50d-4455-95a7-5f7bc87ac465",
	"0c0df819-2738-4521-8efe-cfb0e7d5f5ac");
INSERT INTO ACT_ACT
	VALUES ("9f919989-d50d-4455-95a7-5f7bc87ac465",
	'signal',
	0,
	"76d01047-319d-4a7a-8a0c-ef3d2316ff62",
	"00000000-0000-0000-0000-000000000000",
	0,
	'UserInterface::BookingProvider::addGuest',
	"00000000-0000-0000-0000-000000000000");
INSERT INTO ACT_BLK
	VALUES ("76d01047-319d-4a7a-8a0c-ef3d2316ff62",
	1,
	0,
	1,
	'',
	'',
	'',
	7,
	1,
	1,
	33,
	0,
	0,
	0,
	0,
	0,
	0,
	0,
	0,
	0,
	"9f919989-d50d-4455-95a7-5f7bc87ac465",
	"00000000-0000-0000-0000-000000000000");
INSERT INTO ACT_SMT
	VALUES ("8f5a78ac-e33f-4f86-9d22-e9704679486f",
	"76d01047-319d-4a7a-8a0c-ef3d2316ff62",
	"c3e38970-e967-4e04-bea3-a6e239421d9b",
	1,
	1,
	'UserInterface::BookingProvider::addGuest line: 1');
INSERT INTO ACT_FIW
	VALUES ("8f5a78ac-e33f-4f86-9d22-e9704679486f",
	"9cc9fc6b-bec5-442e-b28f-a2264e15670a",
	1,
	'any',
	"44b43d65-bfa4-4a77-8e0a-6c3e10cc1028",
	"7137c09d-ba0e-406b-b3b5-76bb3cc48f3d",
	1,
	33);
INSERT INTO ACT_SMT
	VALUES ("c3e38970-e967-4e04-bea3-a6e239421d9b",
	"76d01047-319d-4a7a-8a0c-ef3d2316ff62",
	"00000000-0000-0000-0000-000000000000",
	3,
	1,
	'UserInterface::BookingProvider::addGuest line: 3');
INSERT INTO ACT_IF
	VALUES ("c3e38970-e967-4e04-bea3-a6e239421d9b",
	"80aa06de-c663-4b66-ac4a-045a581d7e0d",
	"b89cb834-9207-4ad8-8c4e-abeb83485b5e",
	"00000000-0000-0000-0000-000000000000",
	"00000000-0000-0000-0000-000000000000");
INSERT INTO ACT_SMT
	VALUES ("5cf57310-54d6-4094-898c-4ff7377caf26",
	"76d01047-319d-4a7a-8a0c-ef3d2316ff62",
	"00000000-0000-0000-0000-000000000000",
	7,
	1,
	'UserInterface::BookingProvider::addGuest line: 7');
INSERT INTO ACT_E
	VALUES ("5cf57310-54d6-4094-898c-4ff7377caf26",
	"786f3cf4-3461-4ec8-96ad-2d0b10a8fe26",
	"c3e38970-e967-4e04-bea3-a6e239421d9b");
INSERT INTO V_VAL
	VALUES ("6d36bc5e-08a4-4be3-ac31-e1cf63bcc017",
	0,
	0,
	1,
	54,
	-1,
	0,
	0,
	0,
	0,
	"ba5eda7a-def5-0000-0000-000000000008",
	"76d01047-319d-4a7a-8a0c-ef3d2316ff62");
INSERT INTO V_SLR
	VALUES ("6d36bc5e-08a4-4be3-ac31-e1cf63bcc017",
	"00000000-0000-0000-0000-000000000000",
	"00000000-0000-0000-0000-000000000000",
	"00000000-0000-0000-0000-000000000000");
INSERT INTO V_VAL
	VALUES ("ca943320-ca33-4cfa-a49d-f0444136a9c8",
	0,
	0,
	1,
	63,
	64,
	0,
	0,
	0,
	0,
	"ba5eda7a-def5-0000-0000-000000000005",
	"76d01047-319d-4a7a-8a0c-ef3d2316ff62");
INSERT INTO V_AVL
	VALUES ("ca943320-ca33-4cfa-a49d-f0444136a9c8",
	"6d36bc5e-08a4-4be3-ac31-e1cf63bcc017",
	"7137c09d-ba0e-406b-b3b5-76bb3cc48f3d",
	"df46d3b5-7060-4611-8908-d535d035865a");
INSERT INTO V_VAL
	VALUES ("44b43d65-bfa4-4a77-8e0a-6c3e10cc1028",
	0,
	0,
	-1,
	-1,
	-1,
	0,
	0,
	0,
	0,
	"ba5eda7a-def5-0000-0000-000000000001",
	"76d01047-319d-4a7a-8a0c-ef3d2316ff62");
INSERT INTO V_BIN
	VALUES ("44b43d65-bfa4-4a77-8e0a-6c3e10cc1028",
	"cf3077c8-5ed7-4e31-bcf4-91ad41cbb92e",
	"ca943320-ca33-4cfa-a49d-f0444136a9c8",
	'==');
INSERT INTO V_VAL
	VALUES ("cf3077c8-5ed7-4e31-bcf4-91ad41cbb92e",
	0,
	0,
	1,
	75,
	83,
	0,
	0,
	0,
	0,
	"ba5eda7a-def5-0000-0000-000000000005",
	"76d01047-319d-4a7a-8a0c-ef3d2316ff62");
INSERT INTO V_PVL
	VALUES ("cf3077c8-5ed7-4e31-bcf4-91ad41cbb92e",
	"00000000-0000-0000-0000-000000000000",
	"00000000-0000-0000-0000-000000000000",
	"00000000-0000-0000-0000-000000000000",
	"5813d0b6-e9b6-4d9c-83b2-7539947713a0");
INSERT INTO V_VAL
	VALUES ("ab23cdea-b71e-4f36-8b7d-519d9e064a88",
	0,
	0,
	3,
	15,
	16,
	0,
	0,
	0,
	0,
	"ba5eda7a-def5-0000-0000-000000000008",
	"76d01047-319d-4a7a-8a0c-ef3d2316ff62");
INSERT INTO V_IRF
	VALUES ("ab23cdea-b71e-4f36-8b7d-519d9e064a88",
	"9cc9fc6b-bec5-442e-b28f-a2264e15670a");
INSERT INTO V_VAL
	VALUES ("b89cb834-9207-4ad8-8c4e-abeb83485b5e",
	0,
	0,
	-1,
	-1,
	-1,
	0,
	0,
	0,
	0,
	"ba5eda7a-def5-0000-0000-000000000001",
	"76d01047-319d-4a7a-8a0c-ef3d2316ff62");
INSERT INTO V_UNY
	VALUES ("b89cb834-9207-4ad8-8c4e-abeb83485b5e",
	"ab23cdea-b71e-4f36-8b7d-519d9e064a88",
	'not_empty');
INSERT INTO V_VAR
	VALUES ("9cc9fc6b-bec5-442e-b28f-a2264e15670a",
	"76d01047-319d-4a7a-8a0c-ef3d2316ff62",
	'bs',
	1,
	"ba5eda7a-def5-0000-0000-000000000008");
INSERT INTO V_INT
	VALUES ("9cc9fc6b-bec5-442e-b28f-a2264e15670a",
	0,
	"7137c09d-ba0e-406b-b3b5-76bb3cc48f3d");
INSERT INTO V_LOC
	VALUES ("866d9f6c-b96f-4462-9360-26e790b9a46c",
	1,
	12,
	13,
	"9cc9fc6b-bec5-442e-b28f-a2264e15670a");
INSERT INTO V_LOC
	VALUES ("6e392ab0-dbb9-435f-9435-62fc34f3698d",
	6,
	35,
	36,
	"9cc9fc6b-bec5-442e-b28f-a2264e15670a");
INSERT INTO ACT_BLK
	VALUES ("80aa06de-c663-4b66-ac4a-045a581d7e0d",
	0,
	0,
	0,
	'V_VAR.Var_ID',
	'name',
	'age',
	5,
	2,
	4,
	2,
	0,
	0,
	0,
	0,
	0,
	0,
	0,
	0,
	0,
	"9f919989-d50d-4455-95a7-5f7bc87ac465",
	"00000000-0000-0000-0000-000000000000");
INSERT INTO ACT_SMT
	VALUES ("c115ce79-b79a-4d71-8a75-42bece41d609",
	"80aa06de-c663-4b66-ac4a-045a581d7e0d",
	"6ce26365-e3b8-4d71-bd6e-fca77d99ce2b",
	4,
	2,
	'UserInterface::BookingProvider::addGuest line: 4');
INSERT INTO ACT_BRG
	VALUES ("c115ce79-b79a-4d71-8a75-42bece41d609",
	"768e1cca-7403-495c-9b22-afd11a473eb6",
	4,
	7,
	4,
	2);
INSERT INTO ACT_SMT
	VALUES ("6ce26365-e3b8-4d71-bd6e-fca77d99ce2b",
	"80aa06de-c663-4b66-ac4a-045a581d7e0d",
	"00000000-0000-0000-0000-000000000000",
	5,
	2,
	'UserInterface::BookingProvider::addGuest line: 5');
INSERT INTO E_ESS
	VALUES ("6ce26365-e3b8-4d71-bd6e-fca77d99ce2b",
	1,
	0,
	5,
	11,
	5,
	27,
	4,
	2,
	5,
	41,
	6,
	12);
INSERT INTO V_PAR
	VALUES ("00363f63-ef00-4e68-b209-e930836ba1a0",
	"6ce26365-e3b8-4d71-bd6e-fca77d99ce2b",
	"00000000-0000-0000-0000-000000000000",
	'age',
	"00000000-0000-0000-0000-000000000000",
	6,
	12);
INSERT INTO V_PAR
	VALUES ("0cbf0d4d-4352-4023-8c45-0a4b4f02a7c9",
	"6ce26365-e3b8-4d71-bd6e-fca77d99ce2b",
	"00000000-0000-0000-0000-000000000000",
	'name',
	"00363f63-ef00-4e68-b209-e930836ba1a0",
	5,
	41);
INSERT INTO E_GES
	VALUES ("6ce26365-e3b8-4d71-bd6e-fca77d99ce2b");
INSERT INTO E_GSME
	VALUES ("6ce26365-e3b8-4d71-bd6e-fca77d99ce2b",
	"2113072c-9fe7-4d67-8795-583d185185c1");
INSERT INTO E_GEN
	VALUES ("6ce26365-e3b8-4d71-bd6e-fca77d99ce2b",
	"9cc9fc6b-bec5-442e-b28f-a2264e15670a");
INSERT INTO V_VAL
	VALUES ("7a7be2ec-f3aa-42b9-a1d7-922f296c48f2",
	0,
	0,
	4,
	24,
	69,
	0,
	0,
	0,
	0,
	"ba5eda7a-def5-0000-0000-000000000004",
	"80aa06de-c663-4b66-ac4a-045a581d7e0d");
INSERT INTO V_LST
	VALUES ("7a7be2ec-f3aa-42b9-a1d7-922f296c48f2",
	'H: addGuestSignal: Generating addGuest event.');
INSERT INTO V_PAR
	VALUES ("7a7be2ec-f3aa-42b9-a1d7-922f296c48f2",
	"c115ce79-b79a-4d71-8a75-42bece41d609",
	"00000000-0000-0000-0000-000000000000",
	'message',
	"00000000-0000-0000-0000-000000000000",
	4,
	15);
INSERT INTO V_VAL
	VALUES ("0cbf0d4d-4352-4023-8c45-0a4b4f02a7c9",
	0,
	0,
	5,
	52,
	60,
	0,
	0,
	0,
	0,
	"ba5eda7a-def5-0000-0000-000000000004",
	"80aa06de-c663-4b66-ac4a-045a581d7e0d");
INSERT INTO V_PVL
	VALUES ("0cbf0d4d-4352-4023-8c45-0a4b4f02a7c9",
	"00000000-0000-0000-0000-000000000000",
	"00000000-0000-0000-0000-000000000000",
	"00000000-0000-0000-0000-000000000000",
	"f2081eb7-638b-479f-bdef-a8d3d2aeb082");
INSERT INTO V_VAL
	VALUES ("00363f63-ef00-4e68-b209-e930836ba1a0",
	0,
	0,
	6,
	22,
	29,
	0,
	0,
	0,
	0,
	"ba5eda7a-def5-0000-0000-000000000002",
	"80aa06de-c663-4b66-ac4a-045a581d7e0d");
INSERT INTO V_PVL
	VALUES ("00363f63-ef00-4e68-b209-e930836ba1a0",
	"00000000-0000-0000-0000-000000000000",
	"00000000-0000-0000-0000-000000000000",
	"00000000-0000-0000-0000-000000000000",
	"41edc071-08b3-4da2-a6d0-cab5122398ca");
INSERT INTO ACT_BLK
	VALUES ("786f3cf4-3461-4ec8-96ad-2d0b10a8fe26",
	0,
	0,
	0,
	'LOG',
	'',
	'',
	8,
	2,
	8,
	2,
	0,
	0,
	0,
	0,
	0,
	0,
	0,
	0,
	0,
	"9f919989-d50d-4455-95a7-5f7bc87ac465",
	"00000000-0000-0000-0000-000000000000");
INSERT INTO ACT_SMT
	VALUES ("c9713fed-e363-49c9-a546-00d22b94f8e9",
	"786f3cf4-3461-4ec8-96ad-2d0b10a8fe26",
	"00000000-0000-0000-0000-000000000000",
	8,
	2,
	'UserInterface::BookingProvider::addGuest line: 8');
INSERT INTO ACT_BRG
	VALUES ("c9713fed-e363-49c9-a546-00d22b94f8e9",
	"768e1cca-7403-495c-9b22-afd11a473eb6",
	8,
	7,
	8,
	2);
INSERT INTO V_VAL
	VALUES ("f692a934-b7c5-4397-8af6-9352239b43eb",
	0,
	0,
	8,
	24,
	61,
	0,
	0,
	0,
	0,
	"ba5eda7a-def5-0000-0000-000000000004",
	"786f3cf4-3461-4ec8-96ad-2d0b10a8fe26");
INSERT INTO V_LST
	VALUES ("f692a934-b7c5-4397-8af6-9352239b43eb",
	'H: addGuestSignal: Session not found.');
INSERT INTO V_PAR
	VALUES ("f692a934-b7c5-4397-8af6-9352239b43eb",
	"c9713fed-e363-49c9-a546-00d22b94f8e9",
	"00000000-0000-0000-0000-000000000000",
	'message',
	"00000000-0000-0000-0000-000000000000",
	8,
	15);
INSERT INTO SPR_PEP
	VALUES ("100207a1-8747-4b7c-a2b4-4b3cd928a7e1",
	"40e06920-24e2-499d-b1c8-deb66c9637ec",
	"36293ad6-77b6-4c0b-a2dd-f02064f6189a");
INSERT INTO SPR_PS
	VALUES ("100207a1-8747-4b7c-a2b4-4b3cd928a7e1",
	'paymentInfo',
	'',
	'select any bs from instances of BOOKINGSESSION where selected.ID == param.sessionID;

if (not_empty bs)
	LOG::LogInfo(message: "H: paymentInfoSign: Generating paymentInfoEvent event.");
	generate BOOKINGSESSION6:paymentInfoEvent(info:param.info) to bs;
else
	LOG::LogInfo(message: "H: paymentInfoSign: Session not found.");
end if;',
	1);
INSERT INTO ACT_PSB
	VALUES ("7e9cfff7-7a97-4e7f-bf0b-ee97157e492c",
	"100207a1-8747-4b7c-a2b4-4b3cd928a7e1");
INSERT INTO ACT_ACT
	VALUES ("7e9cfff7-7a97-4e7f-bf0b-ee97157e492c",
	'signal',
	0,
	"d2217321-8847-4133-bb21-341b44da3500",
	"00000000-0000-0000-0000-000000000000",
	0,
	'UserInterface::BookingProvider::paymentInfo',
	"00000000-0000-0000-0000-000000000000");
INSERT INTO ACT_BLK
	VALUES ("d2217321-8847-4133-bb21-341b44da3500",
	1,
	0,
	1,
	'',
	'',
	'',
	6,
	1,
	1,
	33,
	0,
	0,
	0,
	0,
	0,
	0,
	0,
	0,
	0,
	"7e9cfff7-7a97-4e7f-bf0b-ee97157e492c",
	"00000000-0000-0000-0000-000000000000");
INSERT INTO ACT_SMT
	VALUES ("07495925-9637-4a6d-9a2e-45c7d59a377f",
	"d2217321-8847-4133-bb21-341b44da3500",
	"f4aace26-fd99-470d-b59b-906999bc807e",
	1,
	1,
	'UserInterface::BookingProvider::paymentInfo line: 1');
INSERT INTO ACT_FIW
	VALUES ("07495925-9637-4a6d-9a2e-45c7d59a377f",
	"2927fc4b-3525-4728-8e1b-3675e8971df5",
	1,
	'any',
	"9cc73070-2a2f-4298-b76a-5cca499ff6ab",
	"7137c09d-ba0e-406b-b3b5-76bb3cc48f3d",
	1,
	33);
INSERT INTO ACT_SMT
	VALUES ("f4aace26-fd99-470d-b59b-906999bc807e",
	"d2217321-8847-4133-bb21-341b44da3500",
	"00000000-0000-0000-0000-000000000000",
	3,
	1,
	'UserInterface::BookingProvider::paymentInfo line: 3');
INSERT INTO ACT_IF
	VALUES ("f4aace26-fd99-470d-b59b-906999bc807e",
	"4be637a3-4bcd-4180-91ce-632bfc8eef69",
	"7dd53198-dc5e-41e0-9659-d6c0aa5ef0c3",
	"00000000-0000-0000-0000-000000000000",
	"00000000-0000-0000-0000-000000000000");
INSERT INTO ACT_SMT
	VALUES ("c7bb08b5-55cc-441e-8bf0-41e304c7b9f8",
	"d2217321-8847-4133-bb21-341b44da3500",
	"00000000-0000-0000-0000-000000000000",
	6,
	1,
	'UserInterface::BookingProvider::paymentInfo line: 6');
INSERT INTO ACT_E
	VALUES ("c7bb08b5-55cc-441e-8bf0-41e304c7b9f8",
	"46baa1b5-0afc-4612-8edf-90fd35d3f65f",
	"f4aace26-fd99-470d-b59b-906999bc807e");
INSERT INTO V_VAL
	VALUES ("c60763cd-d9bc-4470-9480-8be4e83aad09",
	0,
	0,
	1,
	54,
	-1,
	0,
	0,
	0,
	0,
	"ba5eda7a-def5-0000-0000-000000000008",
	"d2217321-8847-4133-bb21-341b44da3500");
INSERT INTO V_SLR
	VALUES ("c60763cd-d9bc-4470-9480-8be4e83aad09",
	"00000000-0000-0000-0000-000000000000",
	"00000000-0000-0000-0000-000000000000",
	"00000000-0000-0000-0000-000000000000");
INSERT INTO V_VAL
	VALUES ("86a3aaf2-3bf3-4238-904f-0aafb13c8b5f",
	0,
	0,
	1,
	63,
	64,
	0,
	0,
	0,
	0,
	"ba5eda7a-def5-0000-0000-000000000005",
	"d2217321-8847-4133-bb21-341b44da3500");
INSERT INTO V_AVL
	VALUES ("86a3aaf2-3bf3-4238-904f-0aafb13c8b5f",
	"c60763cd-d9bc-4470-9480-8be4e83aad09",
	"7137c09d-ba0e-406b-b3b5-76bb3cc48f3d",
	"df46d3b5-7060-4611-8908-d535d035865a");
INSERT INTO V_VAL
	VALUES ("9cc73070-2a2f-4298-b76a-5cca499ff6ab",
	0,
	0,
	-1,
	-1,
	-1,
	0,
	0,
	0,
	0,
	"ba5eda7a-def5-0000-0000-000000000001",
	"d2217321-8847-4133-bb21-341b44da3500");
INSERT INTO V_BIN
	VALUES ("9cc73070-2a2f-4298-b76a-5cca499ff6ab",
	"4caa474c-dac7-46da-8dcb-a522d9a321ec",
	"86a3aaf2-3bf3-4238-904f-0aafb13c8b5f",
	'==');
INSERT INTO V_VAL
	VALUES ("4caa474c-dac7-46da-8dcb-a522d9a321ec",
	0,
	0,
	1,
	75,
	83,
	0,
	0,
	0,
	0,
	"ba5eda7a-def5-0000-0000-000000000005",
	"d2217321-8847-4133-bb21-341b44da3500");
INSERT INTO V_PVL
	VALUES ("4caa474c-dac7-46da-8dcb-a522d9a321ec",
	"00000000-0000-0000-0000-000000000000",
	"00000000-0000-0000-0000-000000000000",
	"00000000-0000-0000-0000-000000000000",
	"8aff4a0e-3cc5-4dad-93f0-c1749ecf9471");
INSERT INTO V_VAL
	VALUES ("87d8145e-019d-4e25-9296-856937891113",
	0,
	0,
	3,
	15,
	16,
	0,
	0,
	0,
	0,
	"ba5eda7a-def5-0000-0000-000000000008",
	"d2217321-8847-4133-bb21-341b44da3500");
INSERT INTO V_IRF
	VALUES ("87d8145e-019d-4e25-9296-856937891113",
	"2927fc4b-3525-4728-8e1b-3675e8971df5");
INSERT INTO V_VAL
	VALUES ("7dd53198-dc5e-41e0-9659-d6c0aa5ef0c3",
	0,
	0,
	-1,
	-1,
	-1,
	0,
	0,
	0,
	0,
	"ba5eda7a-def5-0000-0000-000000000001",
	"d2217321-8847-4133-bb21-341b44da3500");
INSERT INTO V_UNY
	VALUES ("7dd53198-dc5e-41e0-9659-d6c0aa5ef0c3",
	"87d8145e-019d-4e25-9296-856937891113",
	'not_empty');
INSERT INTO V_VAR
	VALUES ("2927fc4b-3525-4728-8e1b-3675e8971df5",
	"d2217321-8847-4133-bb21-341b44da3500",
	'bs',
	1,
	"ba5eda7a-def5-0000-0000-000000000008");
INSERT INTO V_INT
	VALUES ("2927fc4b-3525-4728-8e1b-3675e8971df5",
	0,
	"7137c09d-ba0e-406b-b3b5-76bb3cc48f3d");
INSERT INTO V_LOC
	VALUES ("2d067801-a589-41e0-aab6-1f5ee8126e49",
	1,
	12,
	13,
	"2927fc4b-3525-4728-8e1b-3675e8971df5");
INSERT INTO V_LOC
	VALUES ("2b9212b9-64dd-4ff0-baac-d7484256ad3e",
	5,
	64,
	65,
	"2927fc4b-3525-4728-8e1b-3675e8971df5");
INSERT INTO ACT_BLK
	VALUES ("4be637a3-4bcd-4180-91ce-632bfc8eef69",
	0,
	0,
	0,
	'V_VAR.Var_ID',
	'info',
	'info',
	5,
	2,
	4,
	2,
	0,
	0,
	0,
	0,
	0,
	0,
	0,
	0,
	0,
	"7e9cfff7-7a97-4e7f-bf0b-ee97157e492c",
	"00000000-0000-0000-0000-000000000000");
INSERT INTO ACT_SMT
	VALUES ("d2b7b22c-c4e0-41b9-9429-db201d51c116",
	"4be637a3-4bcd-4180-91ce-632bfc8eef69",
	"b8b5b9fa-4428-485a-a196-a0c2a10cd817",
	4,
	2,
	'UserInterface::BookingProvider::paymentInfo line: 4');
INSERT INTO ACT_BRG
	VALUES ("d2b7b22c-c4e0-41b9-9429-db201d51c116",
	"768e1cca-7403-495c-9b22-afd11a473eb6",
	4,
	7,
	4,
	2);
INSERT INTO ACT_SMT
	VALUES ("b8b5b9fa-4428-485a-a196-a0c2a10cd817",
	"4be637a3-4bcd-4180-91ce-632bfc8eef69",
	"00000000-0000-0000-0000-000000000000",
	5,
	2,
	'UserInterface::BookingProvider::paymentInfo line: 5');
INSERT INTO E_ESS
	VALUES ("b8b5b9fa-4428-485a-a196-a0c2a10cd817",
	1,
	0,
	5,
	11,
	5,
	27,
	4,
	2,
	5,
	44,
	0,
	0);
INSERT INTO V_PAR
	VALUES ("2bc30712-abed-4576-9414-dc99fea251c1",
	"b8b5b9fa-4428-485a-a196-a0c2a10cd817",
	"00000000-0000-0000-0000-000000000000",
	'info',
	"00000000-0000-0000-0000-000000000000",
	5,
	44);
INSERT INTO E_GES
	VALUES ("b8b5b9fa-4428-485a-a196-a0c2a10cd817");
INSERT INTO E_GSME
	VALUES ("b8b5b9fa-4428-485a-a196-a0c2a10cd817",
	"459dadf1-a920-477f-b495-f73fd93f16e7");
INSERT INTO E_GEN
	VALUES ("b8b5b9fa-4428-485a-a196-a0c2a10cd817",
	"2927fc4b-3525-4728-8e1b-3675e8971df5");
INSERT INTO V_VAL
	VALUES ("2db52b67-d094-4e1d-abdd-97ac7e74929a",
	0,
	0,
	4,
	24,
	78,
	0,
	0,
	0,
	0,
	"ba5eda7a-def5-0000-0000-000000000004",
	"4be637a3-4bcd-4180-91ce-632bfc8eef69");
INSERT INTO V_LST
	VALUES ("2db52b67-d094-4e1d-abdd-97ac7e74929a",
	'H: paymentInfoSign: Generating paymentInfoEvent event.');
INSERT INTO V_PAR
	VALUES ("2db52b67-d094-4e1d-abdd-97ac7e74929a",
	"d2b7b22c-c4e0-41b9-9429-db201d51c116",
	"00000000-0000-0000-0000-000000000000",
	'message',
	"00000000-0000-0000-0000-000000000000",
	4,
	15);
INSERT INTO V_VAL
	VALUES ("2bc30712-abed-4576-9414-dc99fea251c1",
	0,
	0,
	5,
	55,
	58,
	0,
	0,
	0,
	0,
	"ba5eda7a-def5-0000-0000-000000000004",
	"4be637a3-4bcd-4180-91ce-632bfc8eef69");
INSERT INTO V_PVL
	VALUES ("2bc30712-abed-4576-9414-dc99fea251c1",
	"00000000-0000-0000-0000-000000000000",
	"00000000-0000-0000-0000-000000000000",
	"00000000-0000-0000-0000-000000000000",
	"78e48b64-919d-466a-bb65-ba1cb83b002f");
INSERT INTO ACT_BLK
	VALUES ("46baa1b5-0afc-4612-8edf-90fd35d3f65f",
	0,
	0,
	0,
	'LOG',
	'',
	'',
	7,
	2,
	7,
	2,
	0,
	0,
	0,
	0,
	0,
	0,
	0,
	0,
	0,
	"7e9cfff7-7a97-4e7f-bf0b-ee97157e492c",
	"00000000-0000-0000-0000-000000000000");
INSERT INTO ACT_SMT
	VALUES ("57ef3b35-6354-403b-9b05-e30132b8e755",
	"46baa1b5-0afc-4612-8edf-90fd35d3f65f",
	"00000000-0000-0000-0000-000000000000",
	7,
	2,
	'UserInterface::BookingProvider::paymentInfo line: 7');
INSERT INTO ACT_BRG
	VALUES ("57ef3b35-6354-403b-9b05-e30132b8e755",
	"768e1cca-7403-495c-9b22-afd11a473eb6",
	7,
	7,
	7,
	2);
INSERT INTO V_VAL
	VALUES ("065f6f22-0404-4649-94f2-4f45ce345bdd",
	0,
	0,
	7,
	24,
	62,
	0,
	0,
	0,
	0,
	"ba5eda7a-def5-0000-0000-000000000004",
	"46baa1b5-0afc-4612-8edf-90fd35d3f65f");
INSERT INTO V_LST
	VALUES ("065f6f22-0404-4649-94f2-4f45ce345bdd",
	'H: paymentInfoSign: Session not found.');
INSERT INTO V_PAR
	VALUES ("065f6f22-0404-4649-94f2-4f45ce345bdd",
	"57ef3b35-6354-403b-9b05-e30132b8e755",
	"00000000-0000-0000-0000-000000000000",
	'message',
	"00000000-0000-0000-0000-000000000000",
	7,
	15);
INSERT INTO SPR_PEP
	VALUES ("adf84adb-26cf-413b-bd98-e3ff7028bfbd",
	"19aa6808-338c-45b0-8a31-1b3efb70b47a",
	"36293ad6-77b6-4c0b-a2dd-f02064f6189a");
INSERT INTO SPR_PS
	VALUES ("adf84adb-26cf-413b-bd98-e3ff7028bfbd",
	'confirmSignal',
	'',
	'',
	1);
INSERT INTO ACT_PSB
	VALUES ("6f40b0b5-6f7c-4edf-824e-ff621f79d69a",
	"adf84adb-26cf-413b-bd98-e3ff7028bfbd");
INSERT INTO ACT_ACT
	VALUES ("6f40b0b5-6f7c-4edf-824e-ff621f79d69a",
	'signal',
	0,
	"911ec4d1-f1d5-431f-8645-d44804d3d4f2",
	"00000000-0000-0000-0000-000000000000",
	0,
	'UserInterface::BookingProvider::confirmSignal',
	"00000000-0000-0000-0000-000000000000");
INSERT INTO ACT_BLK
	VALUES ("911ec4d1-f1d5-431f-8645-d44804d3d4f2",
	0,
	0,
	0,
	'',
	'',
	'',
	0,
	0,
	0,
	0,
	0,
	0,
	0,
	0,
	0,
	0,
	0,
	0,
	0,
	"6f40b0b5-6f7c-4edf-824e-ff621f79d69a",
	"00000000-0000-0000-0000-000000000000");
INSERT INTO SPR_PEP
	VALUES ("6752f1fb-4d87-4e38-a4d2-a76b30240df9",
	"89169ec3-d50b-4b5b-95fa-d95fb15c3f98",
	"36293ad6-77b6-4c0b-a2dd-f02064f6189a");
INSERT INTO SPR_PS
	VALUES ("6752f1fb-4d87-4e38-a4d2-a76b30240df9",
	'errorSignal',
	'',
	'',
	1);
INSERT INTO ACT_PSB
	VALUES ("5925ffb9-05c6-402a-8077-eac18d617ae3",
	"6752f1fb-4d87-4e38-a4d2-a76b30240df9");
INSERT INTO ACT_ACT
	VALUES ("5925ffb9-05c6-402a-8077-eac18d617ae3",
	'signal',
	0,
	"e4521852-9661-412d-8005-1196c5a46d58",
	"00000000-0000-0000-0000-000000000000",
	0,
	'UserInterface::BookingProvider::errorSignal',
	"00000000-0000-0000-0000-000000000000");
INSERT INTO ACT_BLK
	VALUES ("e4521852-9661-412d-8005-1196c5a46d58",
	0,
	0,
	0,
	'',
	'',
	'',
	0,
	0,
	0,
	0,
	0,
	0,
	0,
	0,
	0,
	0,
	0,
	0,
	0,
	"5925ffb9-05c6-402a-8077-eac18d617ae3",
	"00000000-0000-0000-0000-000000000000");
INSERT INTO SPR_PEP
	VALUES ("52f59bac-a1c2-4318-a901-bbe93808d139",
	"b21fad1b-897b-424f-84f8-01bdab76de49",
	"36293ad6-77b6-4c0b-a2dd-f02064f6189a");
INSERT INTO SPR_PS
	VALUES ("52f59bac-a1c2-4318-a901-bbe93808d139",
	'requestSession',
	'',
	'// Initialize a booking session
LOG::LogInfo(message: "Recieved session request");
create object instance session of BOOKINGSESSION;

create object instance booking of BOOKING;
relate session to booking across R26;

send BookingProvider::session(sessionID: session.ID);',
	1);
INSERT INTO ACT_PSB
	VALUES ("3c958910-cb03-49c2-95e9-63822d61b378",
	"52f59bac-a1c2-4318-a901-bbe93808d139");
INSERT INTO ACT_ACT
	VALUES ("3c958910-cb03-49c2-95e9-63822d61b378",
	'signal',
	0,
	"de6c5b18-6562-4dce-8f2e-9e0973bc244a",
	"00000000-0000-0000-0000-000000000000",
	0,
	'UserInterface::BookingProvider::requestSession',
	"00000000-0000-0000-0000-000000000000");
INSERT INTO ACT_BLK
	VALUES ("de6c5b18-6562-4dce-8f2e-9e0973bc244a",
	0,
	0,
	0,
	'BookingProvider',
	'',
	'',
	8,
	1,
	8,
	6,
	0,
	0,
	6,
	34,
	0,
	0,
	0,
	0,
	0,
	"3c958910-cb03-49c2-95e9-63822d61b378",
	"00000000-0000-0000-0000-000000000000");
INSERT INTO ACT_SMT
	VALUES ("ff22d162-bc15-4f7f-ab1b-055d1bccf264",
	"de6c5b18-6562-4dce-8f2e-9e0973bc244a",
	"f1840fee-67ca-4d0b-90a2-95a4304c29b5",
	2,
	1,
	'UserInterface::BookingProvider::requestSession line: 2');
INSERT INTO ACT_BRG
	VALUES ("ff22d162-bc15-4f7f-ab1b-055d1bccf264",
	"768e1cca-7403-495c-9b22-afd11a473eb6",
	2,
	6,
	2,
	1);
INSERT INTO ACT_SMT
	VALUES ("f1840fee-67ca-4d0b-90a2-95a4304c29b5",
	"de6c5b18-6562-4dce-8f2e-9e0973bc244a",
	"bd69233d-3503-48c9-ba56-de8926dbc7d2",
	3,
	1,
	'UserInterface::BookingProvider::requestSession line: 3');
INSERT INTO ACT_CR
	VALUES ("f1840fee-67ca-4d0b-90a2-95a4304c29b5",
	"caa509af-1806-48c3-b737-4e933027b32a",
	1,
	"7137c09d-ba0e-406b-b3b5-76bb3cc48f3d",
	3,
	35);
INSERT INTO ACT_SMT
	VALUES ("bd69233d-3503-48c9-ba56-de8926dbc7d2",
	"de6c5b18-6562-4dce-8f2e-9e0973bc244a",
	"8ba8a574-9ce1-49eb-8836-11ad450d94a0",
	5,
	1,
	'UserInterface::BookingProvider::requestSession line: 5');
INSERT INTO ACT_CR
	VALUES ("bd69233d-3503-48c9-ba56-de8926dbc7d2",
	"fd40b071-1559-41ea-903c-605f8784528a",
	1,
	"9a41fe9e-f547-4cde-b68d-f7db43c904dc",
	5,
	35);
INSERT INTO ACT_SMT
	VALUES ("8ba8a574-9ce1-49eb-8836-11ad450d94a0",
	"de6c5b18-6562-4dce-8f2e-9e0973bc244a",
	"39456501-e22c-4b93-9a54-2707de05e86e",
	6,
	1,
	'UserInterface::BookingProvider::requestSession line: 6');
INSERT INTO ACT_REL
	VALUES ("8ba8a574-9ce1-49eb-8836-11ad450d94a0",
	"caa509af-1806-48c3-b737-4e933027b32a",
	"fd40b071-1559-41ea-903c-605f8784528a",
	'',
	"a30fd0d6-3586-438e-8d6d-b3d3b14c0f03",
	6,
	34,
	0,
	0);
INSERT INTO ACT_SMT
	VALUES ("39456501-e22c-4b93-9a54-2707de05e86e",
	"de6c5b18-6562-4dce-8f2e-9e0973bc244a",
	"00000000-0000-0000-0000-000000000000",
	8,
	1,
	'UserInterface::BookingProvider::requestSession line: 8');
INSERT INTO ACT_SGN
	VALUES ("39456501-e22c-4b93-9a54-2707de05e86e",
	8,
	23,
	8,
	6,
	"9a412571-97a5-4764-873e-18ee296bab0f",
	"00000000-0000-0000-0000-000000000000",
	"00000000-0000-0000-0000-000000000000");
INSERT INTO V_VAL
	VALUES ("7dd05fd9-5a62-4e10-91f2-23f10195ee24",
	0,
	0,
	2,
	23,
	47,
	0,
	0,
	0,
	0,
	"ba5eda7a-def5-0000-0000-000000000004",
	"de6c5b18-6562-4dce-8f2e-9e0973bc244a");
INSERT INTO V_LST
	VALUES ("7dd05fd9-5a62-4e10-91f2-23f10195ee24",
	'Recieved session request');
INSERT INTO V_PAR
	VALUES ("7dd05fd9-5a62-4e10-91f2-23f10195ee24",
	"ff22d162-bc15-4f7f-ab1b-055d1bccf264",
	"00000000-0000-0000-0000-000000000000",
	'message',
	"00000000-0000-0000-0000-000000000000",
	2,
	14);
INSERT INTO V_VAL
	VALUES ("3a9bf7af-6bb5-4066-a002-940afa94f570",
	0,
	0,
	8,
	42,
	48,
	0,
	0,
	0,
	0,
	"ba5eda7a-def5-0000-0000-000000000008",
	"de6c5b18-6562-4dce-8f2e-9e0973bc244a");
INSERT INTO V_IRF
	VALUES ("3a9bf7af-6bb5-4066-a002-940afa94f570",
	"caa509af-1806-48c3-b737-4e933027b32a");
INSERT INTO V_VAL
	VALUES ("b41cf10b-6e98-4b59-8ab7-e5b7d92210da",
	0,
	0,
	8,
	50,
	51,
	0,
	0,
	0,
	0,
	"ba5eda7a-def5-0000-0000-000000000005",
	"de6c5b18-6562-4dce-8f2e-9e0973bc244a");
INSERT INTO V_AVL
	VALUES ("b41cf10b-6e98-4b59-8ab7-e5b7d92210da",
	"3a9bf7af-6bb5-4066-a002-940afa94f570",
	"7137c09d-ba0e-406b-b3b5-76bb3cc48f3d",
	"df46d3b5-7060-4611-8908-d535d035865a");
INSERT INTO V_PAR
	VALUES ("b41cf10b-6e98-4b59-8ab7-e5b7d92210da",
	"39456501-e22c-4b93-9a54-2707de05e86e",
	"00000000-0000-0000-0000-000000000000",
	'sessionID',
	"00000000-0000-0000-0000-000000000000",
	8,
	31);
INSERT INTO V_VAR
	VALUES ("caa509af-1806-48c3-b737-4e933027b32a",
	"de6c5b18-6562-4dce-8f2e-9e0973bc244a",
	'session',
	1,
	"ba5eda7a-def5-0000-0000-000000000008");
INSERT INTO V_INT
	VALUES ("caa509af-1806-48c3-b737-4e933027b32a",
	0,
	"7137c09d-ba0e-406b-b3b5-76bb3cc48f3d");
INSERT INTO V_LOC
	VALUES ("c65423bb-eea7-40f9-aeb1-26d81dabf067",
	3,
	24,
	30,
	"caa509af-1806-48c3-b737-4e933027b32a");
INSERT INTO V_LOC
	VALUES ("c46115a8-d0d8-4d05-a5dc-04adf3dd3543",
	6,
	8,
	14,
	"caa509af-1806-48c3-b737-4e933027b32a");
INSERT INTO V_LOC
	VALUES ("d918ed22-06d5-41a9-8910-b49e4f10fbb5",
	8,
	42,
	48,
	"caa509af-1806-48c3-b737-4e933027b32a");
INSERT INTO V_VAR
	VALUES ("fd40b071-1559-41ea-903c-605f8784528a",
	"de6c5b18-6562-4dce-8f2e-9e0973bc244a",
	'booking',
	1,
	"433f7688-7b95-4f9c-89f1-cf076d691ab7");
INSERT INTO V_INT
	VALUES ("fd40b071-1559-41ea-903c-605f8784528a",
	0,
	"9a41fe9e-f547-4cde-b68d-f7db43c904dc");
INSERT INTO V_LOC
	VALUES ("6b78e064-b09b-46e8-a92f-ff6e602d7ca0",
	5,
	24,
	30,
	"fd40b071-1559-41ea-903c-605f8784528a");
INSERT INTO V_LOC
	VALUES ("07b06bb7-062f-4c5b-8c57-e8f036ddfeea",
	6,
	19,
	25,
	"fd40b071-1559-41ea-903c-605f8784528a");
INSERT INTO SPR_PEP
	VALUES ("9a412571-97a5-4764-873e-18ee296bab0f",
	"0a31b7ea-b3a4-43b3-bfab-1e664637468e",
	"36293ad6-77b6-4c0b-a2dd-f02064f6189a");
INSERT INTO SPR_PS
	VALUES ("9a412571-97a5-4764-873e-18ee296bab0f",
	'session',
	'',
	'',
	1);
INSERT INTO ACT_PSB
	VALUES ("5dac1df3-62e4-4c6f-9669-4ead0104bb78",
	"9a412571-97a5-4764-873e-18ee296bab0f");
INSERT INTO ACT_ACT
	VALUES ("5dac1df3-62e4-4c6f-9669-4ead0104bb78",
	'signal',
	0,
	"d0b58899-85aa-424a-9eef-91a7c0826b77",
	"00000000-0000-0000-0000-000000000000",
	0,
	'UserInterface::BookingProvider::session',
	"00000000-0000-0000-0000-000000000000");
INSERT INTO ACT_BLK
	VALUES ("d0b58899-85aa-424a-9eef-91a7c0826b77",
	0,
	0,
	0,
	'',
	'',
	'',
	0,
	0,
	0,
	0,
	0,
	0,
	0,
	0,
	0,
	0,
	0,
	0,
	0,
	"5dac1df3-62e4-4c6f-9669-4ead0104bb78",
	"00000000-0000-0000-0000-000000000000");
INSERT INTO C_PO
	VALUES ("60bda041-6be5-4a74-9de4-1a56d08a5972",
	"ab2192c8-8390-4631-9e2c-fca2a1f30c08",
	'Port1',
	0,
	0);
INSERT INTO C_IR
	VALUES ("9d173fe3-55ba-463f-a9f9-a5b42dd200a2",
	"7af64316-7236-4637-9c49-e47d2784ce9e",
	"00000000-0000-0000-0000-000000000000",
	"60bda041-6be5-4a74-9de4-1a56d08a5972");
INSERT INTO C_P
	VALUES ("9d173fe3-55ba-463f-a9f9-a5b42dd200a2",
	'StaffInterface',
	'Unnamed Interface',
	'',
	'HotelComponent::Port1::StaffInterface');
INSERT INTO SPR_PEP
	VALUES ("5d4a4780-fc7a-4f75-b9f9-6ee7a5043833",
	"c86ea0b4-abc2-4994-bee2-500e130b8b73",
	"9d173fe3-55ba-463f-a9f9-a5b42dd200a2");
INSERT INTO SPR_PS
	VALUES ("5d4a4780-fc7a-4f75-b9f9-6ee7a5043833",
	'addFacility',
	'',
	'create object instance f of FACILITY;
select any ft from instances of FACILITYTYPE where (selected.id == param.facilityType);
if(not_empty ft)
	relate f to ft across R1;
	f.facilityID = param.facilityID;
end if;',
	1);
INSERT INTO ACT_PSB
	VALUES ("bce267df-6609-42c3-896c-15d22fc120df",
	"5d4a4780-fc7a-4f75-b9f9-6ee7a5043833");
INSERT INTO ACT_ACT
	VALUES ("bce267df-6609-42c3-896c-15d22fc120df",
	'signal',
	0,
	"b15bb650-ea43-4216-a989-b44af94cd0c6",
	"00000000-0000-0000-0000-000000000000",
	0,
	'Port1::StaffInterface::addFacility',
	"00000000-0000-0000-0000-000000000000");
INSERT INTO ACT_BLK
	VALUES ("b15bb650-ea43-4216-a989-b44af94cd0c6",
	1,
	0,
	1,
	'',
	'',
	'',
	3,
	1,
	2,
	33,
	0,
	0,
	0,
	0,
	0,
	0,
	0,
	0,
	0,
	"bce267df-6609-42c3-896c-15d22fc120df",
	"00000000-0000-0000-0000-000000000000");
INSERT INTO ACT_SMT
	VALUES ("6228c6f4-f216-4f2d-bb61-0420bbddf509",
	"b15bb650-ea43-4216-a989-b44af94cd0c6",
	"6ea893e5-7516-4495-87e7-8732f09cb96f",
	1,
	1,
	'Port1::StaffInterface::addFacility line: 1');
INSERT INTO ACT_CR
	VALUES ("6228c6f4-f216-4f2d-bb61-0420bbddf509",
	"18587616-e070-461d-8cde-bf3d20e7daca",
	1,
	"4b839513-bd70-4d73-85ed-c06b10ee091a",
	1,
	29);
INSERT INTO ACT_SMT
	VALUES ("6ea893e5-7516-4495-87e7-8732f09cb96f",
	"b15bb650-ea43-4216-a989-b44af94cd0c6",
	"8f46c6ab-ea74-448f-a0bf-ccd2ecc794aa",
	2,
	1,
	'Port1::StaffInterface::addFacility line: 2');
INSERT INTO ACT_FIW
	VALUES ("6ea893e5-7516-4495-87e7-8732f09cb96f",
	"816be1f8-10b1-4033-afac-5406c844cc66",
	1,
	'any',
	"4906642d-f7d4-4ad5-af9d-6e7b62eb8e73",
	"bafdc953-1881-43a3-a5f1-9dcc7e2d60c3",
	2,
	33);
INSERT INTO ACT_SMT
	VALUES ("8f46c6ab-ea74-448f-a0bf-ccd2ecc794aa",
	"b15bb650-ea43-4216-a989-b44af94cd0c6",
	"00000000-0000-0000-0000-000000000000",
	3,
	1,
	'Port1::StaffInterface::addFacility line: 3');
INSERT INTO ACT_IF
	VALUES ("8f46c6ab-ea74-448f-a0bf-ccd2ecc794aa",
	"76fd83ba-6d1e-4f63-9442-d96b7f4f4936",
	"80cb9e47-2253-4193-8762-634bce85b5de",
	"00000000-0000-0000-0000-000000000000",
	"00000000-0000-0000-0000-000000000000");
INSERT INTO V_VAL
	VALUES ("0efbae7c-ea15-4506-b2c5-dea0f9989a1b",
	0,
	0,
	2,
	53,
	-1,
	0,
	0,
	0,
	0,
	"ba5eda7a-def5-0000-0000-000000000008",
	"b15bb650-ea43-4216-a989-b44af94cd0c6");
INSERT INTO V_SLR
	VALUES ("0efbae7c-ea15-4506-b2c5-dea0f9989a1b",
	"00000000-0000-0000-0000-000000000000",
	"00000000-0000-0000-0000-000000000000",
	"00000000-0000-0000-0000-000000000000");
INSERT INTO V_VAL
	VALUES ("1dfaf43d-746e-4062-90cd-4da776bad321",
	0,
	0,
	2,
	62,
	63,
	0,
	0,
	0,
	0,
	"ba5eda7a-def5-0000-0000-000000000002",
	"b15bb650-ea43-4216-a989-b44af94cd0c6");
INSERT INTO V_AVL
	VALUES ("1dfaf43d-746e-4062-90cd-4da776bad321",
	"0efbae7c-ea15-4506-b2c5-dea0f9989a1b",
	"bafdc953-1881-43a3-a5f1-9dcc7e2d60c3",
	"c7050232-2f33-4247-8fc7-4866e3c7280d");
INSERT INTO V_VAL
	VALUES ("4906642d-f7d4-4ad5-af9d-6e7b62eb8e73",
	0,
	0,
	-1,
	-1,
	-1,
	0,
	0,
	0,
	0,
	"ba5eda7a-def5-0000-0000-000000000001",
	"b15bb650-ea43-4216-a989-b44af94cd0c6");
INSERT INTO V_BIN
	VALUES ("4906642d-f7d4-4ad5-af9d-6e7b62eb8e73",
	"bcbdc506-4776-4fd2-a9e5-3fad13afbff9",
	"1dfaf43d-746e-4062-90cd-4da776bad321",
	'==');
INSERT INTO V_VAL
	VALUES ("bcbdc506-4776-4fd2-a9e5-3fad13afbff9",
	0,
	0,
	2,
	74,
	85,
	0,
	0,
	0,
	0,
	"ba5eda7a-def5-0000-0000-000000000002",
	"b15bb650-ea43-4216-a989-b44af94cd0c6");
INSERT INTO V_PVL
	VALUES ("bcbdc506-4776-4fd2-a9e5-3fad13afbff9",
	"00000000-0000-0000-0000-000000000000",
	"00000000-0000-0000-0000-000000000000",
	"00000000-0000-0000-0000-000000000000",
	"3ed552e5-044a-477f-847c-2beaa7359a32");
INSERT INTO V_VAL
	VALUES ("c14dd391-e4ce-4998-9f83-2c31d254967b",
	0,
	0,
	3,
	14,
	15,
	0,
	0,
	0,
	0,
	"99dc6d1a-909c-4bcb-a5b6-04d65b974e90",
	"b15bb650-ea43-4216-a989-b44af94cd0c6");
INSERT INTO V_IRF
	VALUES ("c14dd391-e4ce-4998-9f83-2c31d254967b",
	"816be1f8-10b1-4033-afac-5406c844cc66");
INSERT INTO V_VAL
	VALUES ("80cb9e47-2253-4193-8762-634bce85b5de",
	0,
	0,
	-1,
	-1,
	-1,
	0,
	0,
	0,
	0,
	"ba5eda7a-def5-0000-0000-000000000001",
	"b15bb650-ea43-4216-a989-b44af94cd0c6");
INSERT INTO V_UNY
	VALUES ("80cb9e47-2253-4193-8762-634bce85b5de",
	"c14dd391-e4ce-4998-9f83-2c31d254967b",
	'not_empty');
INSERT INTO V_VAR
	VALUES ("18587616-e070-461d-8cde-bf3d20e7daca",
	"b15bb650-ea43-4216-a989-b44af94cd0c6",
	'f',
	1,
	"bd43dc09-3be2-4ae8-806d-bedb08b1e03c");
INSERT INTO V_INT
	VALUES ("18587616-e070-461d-8cde-bf3d20e7daca",
	0,
	"4b839513-bd70-4d73-85ed-c06b10ee091a");
INSERT INTO V_LOC
	VALUES ("d72ffa37-f56b-4052-b0d7-6cc64f76298d",
	1,
	24,
	24,
	"18587616-e070-461d-8cde-bf3d20e7daca");
INSERT INTO V_LOC
	VALUES ("20d8d0e0-5f7d-42d1-9e51-10e4122a45e7",
	4,
	9,
	9,
	"18587616-e070-461d-8cde-bf3d20e7daca");
INSERT INTO V_LOC
	VALUES ("d6efc357-ac40-46ae-80a2-3bad52d5b9b4",
	5,
	2,
	2,
	"18587616-e070-461d-8cde-bf3d20e7daca");
INSERT INTO V_VAR
	VALUES ("816be1f8-10b1-4033-afac-5406c844cc66",
	"b15bb650-ea43-4216-a989-b44af94cd0c6",
	'ft',
	1,
	"99dc6d1a-909c-4bcb-a5b6-04d65b974e90");
INSERT INTO V_INT
	VALUES ("816be1f8-10b1-4033-afac-5406c844cc66",
	0,
	"bafdc953-1881-43a3-a5f1-9dcc7e2d60c3");
INSERT INTO V_LOC
	VALUES ("0cecfc89-03ec-43c1-83e5-dee2a0d5a2da",
	2,
	12,
	13,
	"816be1f8-10b1-4033-afac-5406c844cc66");
INSERT INTO V_LOC
	VALUES ("8d5e7e51-5775-41c3-847e-9e9a3bd5c826",
	4,
	14,
	15,
	"816be1f8-10b1-4033-afac-5406c844cc66");
INSERT INTO ACT_BLK
	VALUES ("76fd83ba-6d1e-4f63-9442-d96b7f4f4936",
	0,
	0,
	0,
	'',
	'',
	'',
	5,
	2,
	0,
	0,
	0,
	0,
	4,
	24,
	0,
	0,
	0,
	0,
	0,
	"bce267df-6609-42c3-896c-15d22fc120df",
	"00000000-0000-0000-0000-000000000000");
INSERT INTO ACT_SMT
	VALUES ("6a153eed-5f1b-4337-833f-2a45b8940d95",
	"76fd83ba-6d1e-4f63-9442-d96b7f4f4936",
	"db21e1a3-5ac0-4da2-9366-6f381f00909f",
	4,
	2,
	'Port1::StaffInterface::addFacility line: 4');
INSERT INTO ACT_REL
	VALUES ("6a153eed-5f1b-4337-833f-2a45b8940d95",
	"18587616-e070-461d-8cde-bf3d20e7daca",
	"816be1f8-10b1-4033-afac-5406c844cc66",
	'',
	"861d98e9-8fb8-41c9-b775-c91333eaac35",
	4,
	24,
	0,
	0);
INSERT INTO ACT_SMT
	VALUES ("db21e1a3-5ac0-4da2-9366-6f381f00909f",
	"76fd83ba-6d1e-4f63-9442-d96b7f4f4936",
	"00000000-0000-0000-0000-000000000000",
	5,
	2,
	'Port1::StaffInterface::addFacility line: 5');
INSERT INTO ACT_AI
	VALUES ("db21e1a3-5ac0-4da2-9366-6f381f00909f",
	"f82fdcff-bc07-463d-829b-c36b46548953",
	"0aeb63d0-e528-470d-a359-0a603bfb39f1",
	0,
	0);
INSERT INTO V_VAL
	VALUES ("26496024-394a-4c8c-911c-f5c43f71a885",
	1,
	0,
	5,
	2,
	2,
	0,
	0,
	0,
	0,
	"bd43dc09-3be2-4ae8-806d-bedb08b1e03c",
	"76fd83ba-6d1e-4f63-9442-d96b7f4f4936");
INSERT INTO V_IRF
	VALUES ("26496024-394a-4c8c-911c-f5c43f71a885",
	"18587616-e070-461d-8cde-bf3d20e7daca");
INSERT INTO V_VAL
	VALUES ("0aeb63d0-e528-470d-a359-0a603bfb39f1",
	1,
	0,
	5,
	4,
	13,
	0,
	0,
	0,
	0,
	"ba5eda7a-def5-0000-0000-000000000004",
	"76fd83ba-6d1e-4f63-9442-d96b7f4f4936");
INSERT INTO V_AVL
	VALUES ("0aeb63d0-e528-470d-a359-0a603bfb39f1",
	"26496024-394a-4c8c-911c-f5c43f71a885",
	"4b839513-bd70-4d73-85ed-c06b10ee091a",
	"e22cda36-25e1-4b81-aef1-d74c43020c14");
INSERT INTO V_VAL
	VALUES ("f82fdcff-bc07-463d-829b-c36b46548953",
	0,
	0,
	5,
	23,
	32,
	0,
	0,
	0,
	0,
	"ba5eda7a-def5-0000-0000-000000000004",
	"76fd83ba-6d1e-4f63-9442-d96b7f4f4936");
INSERT INTO V_PVL
	VALUES ("f82fdcff-bc07-463d-829b-c36b46548953",
	"00000000-0000-0000-0000-000000000000",
	"00000000-0000-0000-0000-000000000000",
	"00000000-0000-0000-0000-000000000000",
	"5055dfea-acfb-446f-9a4a-c84ab94fb0c6");
INSERT INTO SPR_PEP
	VALUES ("1aee11b8-e562-4626-acc6-35cc36201bb3",
	"19f06228-e268-4733-9af7-92f3f313ceff",
	"9d173fe3-55ba-463f-a9f9-a5b42dd200a2");
INSERT INTO SPR_PS
	VALUES ("1aee11b8-e562-4626-acc6-35cc36201bb3",
	'addFacilityType',
	'',
	'create object instance ft of FACILITYTYPE;
create object instance b of BOOKABLE;

relate ft to b across R2;

select any h from instances of HOTEL;

if(empty h)
	create object instance h of HOTEL;
end if;

if(not_empty h)
	relate b to h across R9;
	b.price = param.price;
	b.description = param.description;
	ft.approximateArea = param.approximateArea;
	b.name = param.name;
	
end if;

send StaffInterface::sendFacilityType(facilityTypeID: ft.id, name: b.name);',
	1);
INSERT INTO ACT_PSB
	VALUES ("32dd9500-b6a3-49a0-b286-89be774b5a8f",
	"1aee11b8-e562-4626-acc6-35cc36201bb3");
INSERT INTO ACT_ACT
	VALUES ("32dd9500-b6a3-49a0-b286-89be774b5a8f",
	'signal',
	0,
	"b9382ce4-98ba-434d-849d-c0dac91df49a",
	"00000000-0000-0000-0000-000000000000",
	0,
	'Port1::StaffInterface::addFacilityType',
	"00000000-0000-0000-0000-000000000000");
INSERT INTO ACT_BLK
	VALUES ("b9382ce4-98ba-434d-849d-c0dac91df49a",
	1,
	0,
	0,
	'StaffInterface',
	'',
	'',
	21,
	1,
	21,
	6,
	0,
	0,
	4,
	23,
	0,
	0,
	0,
	0,
	0,
	"32dd9500-b6a3-49a0-b286-89be774b5a8f",
	"00000000-0000-0000-0000-000000000000");
INSERT INTO ACT_SMT
	VALUES ("ebb87528-8380-4bbb-9a23-f68254ad5f5b",
	"b9382ce4-98ba-434d-849d-c0dac91df49a",
	"f7c15139-5b4a-46f3-9c87-a7336ac3539b",
	1,
	1,
	'Port1::StaffInterface::addFacilityType line: 1');
INSERT INTO ACT_CR
	VALUES ("ebb87528-8380-4bbb-9a23-f68254ad5f5b",
	"ef5c3c5a-9be5-46b4-89d8-b6f00583d626",
	1,
	"bafdc953-1881-43a3-a5f1-9dcc7e2d60c3",
	1,
	30);
INSERT INTO ACT_SMT
	VALUES ("f7c15139-5b4a-46f3-9c87-a7336ac3539b",
	"b9382ce4-98ba-434d-849d-c0dac91df49a",
	"17b305aa-d10c-4a8a-883d-824440c4e129",
	2,
	1,
	'Port1::StaffInterface::addFacilityType line: 2');
INSERT INTO ACT_CR
	VALUES ("f7c15139-5b4a-46f3-9c87-a7336ac3539b",
	"1c77fa0f-447e-4c3c-8a79-d8325a6dcf79",
	1,
	"803702ba-1594-4405-b96a-8c76b6ef1c69",
	2,
	29);
INSERT INTO ACT_SMT
	VALUES ("17b305aa-d10c-4a8a-883d-824440c4e129",
	"b9382ce4-98ba-434d-849d-c0dac91df49a",
	"6968103c-81d5-4919-88e6-9ce09ab57f10",
	4,
	1,
	'Port1::StaffInterface::addFacilityType line: 4');
INSERT INTO ACT_REL
	VALUES ("17b305aa-d10c-4a8a-883d-824440c4e129",
	"ef5c3c5a-9be5-46b4-89d8-b6f00583d626",
	"1c77fa0f-447e-4c3c-8a79-d8325a6dcf79",
	'',
	"655f93cd-124d-4c1c-8fee-9a2f5468ffe1",
	4,
	23,
	0,
	0);
INSERT INTO ACT_SMT
	VALUES ("6968103c-81d5-4919-88e6-9ce09ab57f10",
	"b9382ce4-98ba-434d-849d-c0dac91df49a",
	"56854e23-09c5-4b46-a6ab-c8df3731b35c",
	6,
	1,
	'Port1::StaffInterface::addFacilityType line: 6');
INSERT INTO ACT_FIO
	VALUES ("6968103c-81d5-4919-88e6-9ce09ab57f10",
	"773fef1c-843e-4246-9261-edd3bbcae099",
	1,
	'any',
	"daf3cea3-b187-4d6a-9517-f12785ae9b3a",
	6,
	32);
INSERT INTO ACT_SMT
	VALUES ("56854e23-09c5-4b46-a6ab-c8df3731b35c",
	"b9382ce4-98ba-434d-849d-c0dac91df49a",
	"ef62ac51-ce0f-4247-b931-239cb85efeb3",
	8,
	1,
	'Port1::StaffInterface::addFacilityType line: 8');
INSERT INTO ACT_IF
	VALUES ("56854e23-09c5-4b46-a6ab-c8df3731b35c",
	"61462d85-dfab-43f5-a92c-841e2db58dfd",
	"bd556d78-059d-440b-a009-40b78171dfa4",
	"00000000-0000-0000-0000-000000000000",
	"00000000-0000-0000-0000-000000000000");
INSERT INTO ACT_SMT
	VALUES ("ef62ac51-ce0f-4247-b931-239cb85efeb3",
	"b9382ce4-98ba-434d-849d-c0dac91df49a",
	"f70a77bc-bbc5-404c-b939-8b393a6f579f",
	12,
	1,
	'Port1::StaffInterface::addFacilityType line: 12');
INSERT INTO ACT_IF
	VALUES ("ef62ac51-ce0f-4247-b931-239cb85efeb3",
	"7ff208d6-c5fb-4285-85a4-5a140efbe0b7",
	"2f9eb442-b4e0-4f68-9b1a-0c350583e805",
	"00000000-0000-0000-0000-000000000000",
	"00000000-0000-0000-0000-000000000000");
INSERT INTO ACT_SMT
	VALUES ("f70a77bc-bbc5-404c-b939-8b393a6f579f",
	"b9382ce4-98ba-434d-849d-c0dac91df49a",
	"00000000-0000-0000-0000-000000000000",
	21,
	1,
	'Port1::StaffInterface::addFacilityType line: 21');
INSERT INTO ACT_SGN
	VALUES ("f70a77bc-bbc5-404c-b939-8b393a6f579f",
	21,
	22,
	21,
	6,
	"feb554a9-891f-4263-acc6-9505d061cdea",
	"00000000-0000-0000-0000-000000000000",
	"00000000-0000-0000-0000-000000000000");
INSERT INTO V_VAL
	VALUES ("5c504a16-167f-4212-a138-2f3f43fd31d2",
	0,
	0,
	8,
	10,
	10,
	0,
	0,
	0,
	0,
	"ba5eda7a-def5-0000-0000-000000000008",
	"b9382ce4-98ba-434d-849d-c0dac91df49a");
INSERT INTO V_IRF
	VALUES ("5c504a16-167f-4212-a138-2f3f43fd31d2",
	"773fef1c-843e-4246-9261-edd3bbcae099");
INSERT INTO V_VAL
	VALUES ("bd556d78-059d-440b-a009-40b78171dfa4",
	0,
	0,
	-1,
	-1,
	-1,
	0,
	0,
	0,
	0,
	"ba5eda7a-def5-0000-0000-000000000001",
	"b9382ce4-98ba-434d-849d-c0dac91df49a");
INSERT INTO V_UNY
	VALUES ("bd556d78-059d-440b-a009-40b78171dfa4",
	"5c504a16-167f-4212-a138-2f3f43fd31d2",
	'empty');
INSERT INTO V_VAL
	VALUES ("5d6c9fcd-ff4f-4dc1-ad6d-9df25038b207",
	0,
	0,
	12,
	14,
	14,
	0,
	0,
	0,
	0,
	"ba5eda7a-def5-0000-0000-000000000008",
	"b9382ce4-98ba-434d-849d-c0dac91df49a");
INSERT INTO V_IRF
	VALUES ("5d6c9fcd-ff4f-4dc1-ad6d-9df25038b207",
	"773fef1c-843e-4246-9261-edd3bbcae099");
INSERT INTO V_VAL
	VALUES ("2f9eb442-b4e0-4f68-9b1a-0c350583e805",
	0,
	0,
	-1,
	-1,
	-1,
	0,
	0,
	0,
	0,
	"ba5eda7a-def5-0000-0000-000000000001",
	"b9382ce4-98ba-434d-849d-c0dac91df49a");
INSERT INTO V_UNY
	VALUES ("2f9eb442-b4e0-4f68-9b1a-0c350583e805",
	"5d6c9fcd-ff4f-4dc1-ad6d-9df25038b207",
	'not_empty');
INSERT INTO V_VAL
	VALUES ("116d82cc-7f1e-4644-88b7-4c902d211702",
	0,
	0,
	21,
	55,
	56,
	0,
	0,
	0,
	0,
	"99dc6d1a-909c-4bcb-a5b6-04d65b974e90",
	"b9382ce4-98ba-434d-849d-c0dac91df49a");
INSERT INTO V_IRF
	VALUES ("116d82cc-7f1e-4644-88b7-4c902d211702",
	"ef5c3c5a-9be5-46b4-89d8-b6f00583d626");
INSERT INTO V_VAL
	VALUES ("e312ab4a-4e2a-426f-9255-f0cf17b1cbd0",
	0,
	0,
	21,
	58,
	59,
	0,
	0,
	0,
	0,
	"ba5eda7a-def5-0000-0000-000000000002",
	"b9382ce4-98ba-434d-849d-c0dac91df49a");
INSERT INTO V_AVL
	VALUES ("e312ab4a-4e2a-426f-9255-f0cf17b1cbd0",
	"116d82cc-7f1e-4644-88b7-4c902d211702",
	"bafdc953-1881-43a3-a5f1-9dcc7e2d60c3",
	"c7050232-2f33-4247-8fc7-4866e3c7280d");
INSERT INTO V_PAR
	VALUES ("e312ab4a-4e2a-426f-9255-f0cf17b1cbd0",
	"f70a77bc-bbc5-404c-b939-8b393a6f579f",
	"00000000-0000-0000-0000-000000000000",
	'facilityTypeID',
	"e10319e3-2cbe-4a8b-98a8-a98e4b33a59b",
	21,
	39);
INSERT INTO V_VAL
	VALUES ("8a9a7a8f-ad6b-4290-a627-072fb5da8c3e",
	0,
	0,
	21,
	68,
	68,
	0,
	0,
	0,
	0,
	"bdce89ef-72f6-4386-ba13-b2d926836c80",
	"b9382ce4-98ba-434d-849d-c0dac91df49a");
INSERT INTO V_IRF
	VALUES ("8a9a7a8f-ad6b-4290-a627-072fb5da8c3e",
	"1c77fa0f-447e-4c3c-8a79-d8325a6dcf79");
INSERT INTO V_VAL
	VALUES ("e10319e3-2cbe-4a8b-98a8-a98e4b33a59b",
	0,
	0,
	21,
	70,
	73,
	0,
	0,
	0,
	0,
	"ba5eda7a-def5-0000-0000-000000000004",
	"b9382ce4-98ba-434d-849d-c0dac91df49a");
INSERT INTO V_AVL
	VALUES ("e10319e3-2cbe-4a8b-98a8-a98e4b33a59b",
	"8a9a7a8f-ad6b-4290-a627-072fb5da8c3e",
	"803702ba-1594-4405-b96a-8c76b6ef1c69",
	"3f2fc0b4-be17-44ca-a848-72144603506d");
INSERT INTO V_PAR
	VALUES ("e10319e3-2cbe-4a8b-98a8-a98e4b33a59b",
	"f70a77bc-bbc5-404c-b939-8b393a6f579f",
	"00000000-0000-0000-0000-000000000000",
	'name',
	"00000000-0000-0000-0000-000000000000",
	21,
	62);
INSERT INTO V_VAR
	VALUES ("ef5c3c5a-9be5-46b4-89d8-b6f00583d626",
	"b9382ce4-98ba-434d-849d-c0dac91df49a",
	'ft',
	1,
	"99dc6d1a-909c-4bcb-a5b6-04d65b974e90");
INSERT INTO V_INT
	VALUES ("ef5c3c5a-9be5-46b4-89d8-b6f00583d626",
	0,
	"bafdc953-1881-43a3-a5f1-9dcc7e2d60c3");
INSERT INTO V_LOC
	VALUES ("015bb590-5a03-4fbf-a633-69335c0d37bf",
	1,
	24,
	25,
	"ef5c3c5a-9be5-46b4-89d8-b6f00583d626");
INSERT INTO V_LOC
	VALUES ("ae035fec-d1e6-48b8-9b20-007fe96388a5",
	4,
	8,
	9,
	"ef5c3c5a-9be5-46b4-89d8-b6f00583d626");
INSERT INTO V_LOC
	VALUES ("cf5bedd2-a466-44b8-96de-a24fef41c17a",
	16,
	2,
	3,
	"ef5c3c5a-9be5-46b4-89d8-b6f00583d626");
INSERT INTO V_LOC
	VALUES ("bee10a40-b2dd-4672-aa79-51c60977b72e",
	21,
	55,
	56,
	"ef5c3c5a-9be5-46b4-89d8-b6f00583d626");
INSERT INTO V_VAR
	VALUES ("1c77fa0f-447e-4c3c-8a79-d8325a6dcf79",
	"b9382ce4-98ba-434d-849d-c0dac91df49a",
	'b',
	1,
	"bdce89ef-72f6-4386-ba13-b2d926836c80");
INSERT INTO V_INT
	VALUES ("1c77fa0f-447e-4c3c-8a79-d8325a6dcf79",
	0,
	"803702ba-1594-4405-b96a-8c76b6ef1c69");
INSERT INTO V_LOC
	VALUES ("ee2e6270-34a6-4919-9bae-753de587d6da",
	2,
	24,
	24,
	"1c77fa0f-447e-4c3c-8a79-d8325a6dcf79");
INSERT INTO V_LOC
	VALUES ("c927e6bd-df9f-47fc-884a-44f3f1f5fc34",
	4,
	14,
	14,
	"1c77fa0f-447e-4c3c-8a79-d8325a6dcf79");
INSERT INTO V_LOC
	VALUES ("886856d2-ac34-4e44-9afb-95c0bbdf1d18",
	13,
	9,
	9,
	"1c77fa0f-447e-4c3c-8a79-d8325a6dcf79");
INSERT INTO V_LOC
	VALUES ("fc4ba555-813e-42be-8b45-798774152c2c",
	14,
	2,
	2,
	"1c77fa0f-447e-4c3c-8a79-d8325a6dcf79");
INSERT INTO V_LOC
	VALUES ("3641a497-0686-4881-aa76-2384f4b080e4",
	15,
	2,
	2,
	"1c77fa0f-447e-4c3c-8a79-d8325a6dcf79");
INSERT INTO V_LOC
	VALUES ("e0620493-8ba2-4e85-bb36-b628bebb5b54",
	17,
	2,
	2,
	"1c77fa0f-447e-4c3c-8a79-d8325a6dcf79");
INSERT INTO V_LOC
	VALUES ("7e71c40e-63aa-47aa-973a-d4d269092c92",
	21,
	68,
	68,
	"1c77fa0f-447e-4c3c-8a79-d8325a6dcf79");
INSERT INTO V_VAR
	VALUES ("773fef1c-843e-4246-9261-edd3bbcae099",
	"b9382ce4-98ba-434d-849d-c0dac91df49a",
	'h',
	1,
	"ba5eda7a-def5-0000-0000-000000000008");
INSERT INTO V_INT
	VALUES ("773fef1c-843e-4246-9261-edd3bbcae099",
	0,
	"daf3cea3-b187-4d6a-9517-f12785ae9b3a");
INSERT INTO V_LOC
	VALUES ("547a7947-c2b7-41a9-b1df-863a76084a56",
	6,
	12,
	12,
	"773fef1c-843e-4246-9261-edd3bbcae099");
INSERT INTO V_LOC
	VALUES ("b4c0c184-3ae8-4cdf-9ccf-37f3167358b0",
	9,
	25,
	25,
	"773fef1c-843e-4246-9261-edd3bbcae099");
INSERT INTO V_LOC
	VALUES ("2984e138-2d34-4c04-82bb-6f2ce14b7c17",
	13,
	14,
	14,
	"773fef1c-843e-4246-9261-edd3bbcae099");
INSERT INTO ACT_BLK
	VALUES ("61462d85-dfab-43f5-a92c-841e2db58dfd",
	0,
	0,
	0,
	'',
	'',
	'',
	9,
	2,
	9,
	30,
	0,
	0,
	0,
	0,
	0,
	0,
	0,
	0,
	0,
	"32dd9500-b6a3-49a0-b286-89be774b5a8f",
	"00000000-0000-0000-0000-000000000000");
INSERT INTO ACT_SMT
	VALUES ("a99e8c44-1044-400f-95d9-3b3ef27a691d",
	"61462d85-dfab-43f5-a92c-841e2db58dfd",
	"00000000-0000-0000-0000-000000000000",
	9,
	2,
	'Port1::StaffInterface::addFacilityType line: 9');
INSERT INTO ACT_CR
	VALUES ("a99e8c44-1044-400f-95d9-3b3ef27a691d",
	"773fef1c-843e-4246-9261-edd3bbcae099",
	0,
	"daf3cea3-b187-4d6a-9517-f12785ae9b3a",
	9,
	30);
INSERT INTO ACT_BLK
	VALUES ("7ff208d6-c5fb-4285-85a4-5a140efbe0b7",
	0,
	0,
	0,
	'',
	'',
	'',
	17,
	2,
	0,
	0,
	0,
	0,
	13,
	23,
	0,
	0,
	0,
	0,
	0,
	"32dd9500-b6a3-49a0-b286-89be774b5a8f",
	"00000000-0000-0000-0000-000000000000");
INSERT INTO ACT_SMT
	VALUES ("4026da82-370a-4085-aee4-24de94edbca0",
	"7ff208d6-c5fb-4285-85a4-5a140efbe0b7",
	"e0c53666-40de-46df-a8df-5e8f5cd494d6",
	13,
	2,
	'Port1::StaffInterface::addFacilityType line: 13');
INSERT INTO ACT_REL
	VALUES ("4026da82-370a-4085-aee4-24de94edbca0",
	"1c77fa0f-447e-4c3c-8a79-d8325a6dcf79",
	"773fef1c-843e-4246-9261-edd3bbcae099",
	'',
	"8e6b9c28-ea1f-478f-8a85-37281a7e9221",
	13,
	23,
	0,
	0);
INSERT INTO ACT_SMT
	VALUES ("e0c53666-40de-46df-a8df-5e8f5cd494d6",
	"7ff208d6-c5fb-4285-85a4-5a140efbe0b7",
	"562f9cb0-5f37-465c-b60f-651081fd27e8",
	14,
	2,
	'Port1::StaffInterface::addFacilityType line: 14');
INSERT INTO ACT_AI
	VALUES ("e0c53666-40de-46df-a8df-5e8f5cd494d6",
	"17bffaa6-e096-4cb6-bca5-850f65520647",
	"ad594d2b-6b0f-4d81-8f97-80a475de8257",
	0,
	0);
INSERT INTO ACT_SMT
	VALUES ("562f9cb0-5f37-465c-b60f-651081fd27e8",
	"7ff208d6-c5fb-4285-85a4-5a140efbe0b7",
	"7fef0c28-eec4-4958-93cc-c0648c7f42cf",
	15,
	2,
	'Port1::StaffInterface::addFacilityType line: 15');
INSERT INTO ACT_AI
	VALUES ("562f9cb0-5f37-465c-b60f-651081fd27e8",
	"cd498c49-5b25-432c-96f5-15f4380baae4",
	"a6137cfc-e15e-4e9d-933b-761950d747ef",
	0,
	0);
INSERT INTO ACT_SMT
	VALUES ("7fef0c28-eec4-4958-93cc-c0648c7f42cf",
	"7ff208d6-c5fb-4285-85a4-5a140efbe0b7",
	"037c0495-6c75-4fcb-8efa-5670e1814e14",
	16,
	2,
	'Port1::StaffInterface::addFacilityType line: 16');
INSERT INTO ACT_AI
	VALUES ("7fef0c28-eec4-4958-93cc-c0648c7f42cf",
	"96756172-bf73-44fd-b586-ccf35966c00a",
	"88c23652-10ef-4123-ae51-a4d6a792aec5",
	0,
	0);
INSERT INTO ACT_SMT
	VALUES ("037c0495-6c75-4fcb-8efa-5670e1814e14",
	"7ff208d6-c5fb-4285-85a4-5a140efbe0b7",
	"00000000-0000-0000-0000-000000000000",
	17,
	2,
	'Port1::StaffInterface::addFacilityType line: 17');
INSERT INTO ACT_AI
	VALUES ("037c0495-6c75-4fcb-8efa-5670e1814e14",
	"c94c9727-a754-446b-88be-2451149e57ae",
	"a067c5e7-a560-4918-81f9-0ace11c22f5c",
	0,
	0);
INSERT INTO V_VAL
	VALUES ("1cbfe0c9-b2f3-468d-b7cd-9783d8308b20",
	1,
	0,
	14,
	2,
	2,
	0,
	0,
	0,
	0,
	"bdce89ef-72f6-4386-ba13-b2d926836c80",
	"7ff208d6-c5fb-4285-85a4-5a140efbe0b7");
INSERT INTO V_IRF
	VALUES ("1cbfe0c9-b2f3-468d-b7cd-9783d8308b20",
	"1c77fa0f-447e-4c3c-8a79-d8325a6dcf79");
INSERT INTO V_VAL
	VALUES ("ad594d2b-6b0f-4d81-8f97-80a475de8257",
	1,
	0,
	14,
	4,
	8,
	0,
	0,
	0,
	0,
	"ba5eda7a-def5-0000-0000-000000000002",
	"7ff208d6-c5fb-4285-85a4-5a140efbe0b7");
INSERT INTO V_AVL
	VALUES ("ad594d2b-6b0f-4d81-8f97-80a475de8257",
	"1cbfe0c9-b2f3-468d-b7cd-9783d8308b20",
	"803702ba-1594-4405-b96a-8c76b6ef1c69",
	"8ccbac66-5148-4ed4-bb36-09215ce15366");
INSERT INTO V_VAL
	VALUES ("17bffaa6-e096-4cb6-bca5-850f65520647",
	0,
	0,
	14,
	18,
	22,
	0,
	0,
	0,
	0,
	"ba5eda7a-def5-0000-0000-000000000003",
	"7ff208d6-c5fb-4285-85a4-5a140efbe0b7");
INSERT INTO V_PVL
	VALUES ("17bffaa6-e096-4cb6-bca5-850f65520647",
	"00000000-0000-0000-0000-000000000000",
	"00000000-0000-0000-0000-000000000000",
	"00000000-0000-0000-0000-000000000000",
	"de5edff6-21df-436a-baaf-ee1a13999228");
INSERT INTO V_VAL
	VALUES ("a5364069-5ebf-4e3f-bda9-448a1098bfde",
	1,
	0,
	15,
	2,
	2,
	0,
	0,
	0,
	0,
	"bdce89ef-72f6-4386-ba13-b2d926836c80",
	"7ff208d6-c5fb-4285-85a4-5a140efbe0b7");
INSERT INTO V_IRF
	VALUES ("a5364069-5ebf-4e3f-bda9-448a1098bfde",
	"1c77fa0f-447e-4c3c-8a79-d8325a6dcf79");
INSERT INTO V_VAL
	VALUES ("a6137cfc-e15e-4e9d-933b-761950d747ef",
	1,
	0,
	15,
	4,
	14,
	0,
	0,
	0,
	0,
	"ba5eda7a-def5-0000-0000-000000000004",
	"7ff208d6-c5fb-4285-85a4-5a140efbe0b7");
INSERT INTO V_AVL
	VALUES ("a6137cfc-e15e-4e9d-933b-761950d747ef",
	"a5364069-5ebf-4e3f-bda9-448a1098bfde",
	"803702ba-1594-4405-b96a-8c76b6ef1c69",
	"7edb737c-eda0-435c-ab44-20ad0293ebdb");
INSERT INTO V_VAL
	VALUES ("cd498c49-5b25-432c-96f5-15f4380baae4",
	0,
	0,
	15,
	24,
	34,
	0,
	0,
	0,
	0,
	"ba5eda7a-def5-0000-0000-000000000004",
	"7ff208d6-c5fb-4285-85a4-5a140efbe0b7");
INSERT INTO V_PVL
	VALUES ("cd498c49-5b25-432c-96f5-15f4380baae4",
	"00000000-0000-0000-0000-000000000000",
	"00000000-0000-0000-0000-000000000000",
	"00000000-0000-0000-0000-000000000000",
	"ae84f3b2-9628-4fe2-abfc-6630078db393");
INSERT INTO V_VAL
	VALUES ("57016cc2-562a-4b99-bc59-7796153d78d0",
	1,
	0,
	16,
	2,
	3,
	0,
	0,
	0,
	0,
	"99dc6d1a-909c-4bcb-a5b6-04d65b974e90",
	"7ff208d6-c5fb-4285-85a4-5a140efbe0b7");
INSERT INTO V_IRF
	VALUES ("57016cc2-562a-4b99-bc59-7796153d78d0",
	"ef5c3c5a-9be5-46b4-89d8-b6f00583d626");
INSERT INTO V_VAL
	VALUES ("88c23652-10ef-4123-ae51-a4d6a792aec5",
	1,
	0,
	16,
	5,
	19,
	0,
	0,
	0,
	0,
	"ba5eda7a-def5-0000-0000-000000000004",
	"7ff208d6-c5fb-4285-85a4-5a140efbe0b7");
INSERT INTO V_AVL
	VALUES ("88c23652-10ef-4123-ae51-a4d6a792aec5",
	"57016cc2-562a-4b99-bc59-7796153d78d0",
	"bafdc953-1881-43a3-a5f1-9dcc7e2d60c3",
	"839b61ce-d63e-49ba-a0ae-d1b0093bb680");
INSERT INTO V_VAL
	VALUES ("96756172-bf73-44fd-b586-ccf35966c00a",
	0,
	0,
	16,
	29,
	43,
	0,
	0,
	0,
	0,
	"ba5eda7a-def5-0000-0000-000000000004",
	"7ff208d6-c5fb-4285-85a4-5a140efbe0b7");
INSERT INTO V_PVL
	VALUES ("96756172-bf73-44fd-b586-ccf35966c00a",
	"00000000-0000-0000-0000-000000000000",
	"00000000-0000-0000-0000-000000000000",
	"00000000-0000-0000-0000-000000000000",
	"fc57c5a9-de76-4b8c-a1eb-66202621f92f");
INSERT INTO V_VAL
	VALUES ("ac248e83-e337-4034-9690-be9c16de1a95",
	1,
	0,
	17,
	2,
	2,
	0,
	0,
	0,
	0,
	"bdce89ef-72f6-4386-ba13-b2d926836c80",
	"7ff208d6-c5fb-4285-85a4-5a140efbe0b7");
INSERT INTO V_IRF
	VALUES ("ac248e83-e337-4034-9690-be9c16de1a95",
	"1c77fa0f-447e-4c3c-8a79-d8325a6dcf79");
INSERT INTO V_VAL
	VALUES ("a067c5e7-a560-4918-81f9-0ace11c22f5c",
	1,
	0,
	17,
	4,
	7,
	0,
	0,
	0,
	0,
	"ba5eda7a-def5-0000-0000-000000000004",
	"7ff208d6-c5fb-4285-85a4-5a140efbe0b7");
INSERT INTO V_AVL
	VALUES ("a067c5e7-a560-4918-81f9-0ace11c22f5c",
	"ac248e83-e337-4034-9690-be9c16de1a95",
	"803702ba-1594-4405-b96a-8c76b6ef1c69",
	"3f2fc0b4-be17-44ca-a848-72144603506d");
INSERT INTO V_VAL
	VALUES ("c94c9727-a754-446b-88be-2451149e57ae",
	0,
	0,
	17,
	17,
	20,
	0,
	0,
	0,
	0,
	"ba5eda7a-def5-0000-0000-000000000004",
	"7ff208d6-c5fb-4285-85a4-5a140efbe0b7");
INSERT INTO V_PVL
	VALUES ("c94c9727-a754-446b-88be-2451149e57ae",
	"00000000-0000-0000-0000-000000000000",
	"00000000-0000-0000-0000-000000000000",
	"00000000-0000-0000-0000-000000000000",
	"ffbe64fe-56a6-4c62-b5e4-b28648e78656");
INSERT INTO SPR_PEP
	VALUES ("feb554a9-891f-4263-acc6-9505d061cdea",
	"cd0882a7-a468-425e-a99e-c9480ba64c90",
	"9d173fe3-55ba-463f-a9f9-a5b42dd200a2");
INSERT INTO SPR_PS
	VALUES ("feb554a9-891f-4263-acc6-9505d061cdea",
	'sendFacilityType',
	'',
	'',
	1);
INSERT INTO ACT_PSB
	VALUES ("36bc0c4e-9a89-4311-b62f-373636805a09",
	"feb554a9-891f-4263-acc6-9505d061cdea");
INSERT INTO ACT_ACT
	VALUES ("36bc0c4e-9a89-4311-b62f-373636805a09",
	'signal',
	0,
	"d5afeca4-5d38-463a-a40b-c50696f8b9c7",
	"00000000-0000-0000-0000-000000000000",
	0,
	'Port1::StaffInterface::sendFacilityType',
	"00000000-0000-0000-0000-000000000000");
INSERT INTO ACT_BLK
	VALUES ("d5afeca4-5d38-463a-a40b-c50696f8b9c7",
	0,
	0,
	0,
	'',
	'',
	'',
	0,
	0,
	0,
	0,
	0,
	0,
	0,
	0,
	0,
	0,
	0,
	0,
	0,
	"36bc0c4e-9a89-4311-b62f-373636805a09",
	"00000000-0000-0000-0000-000000000000");
INSERT INTO C_PO
	VALUES ("c939e81e-1c67-41b0-ae1e-c99bd6322c7e",
	"ab2192c8-8390-4631-9e2c-fca2a1f30c08",
	'Port2',
	0,
	0);
INSERT INTO C_IR
	VALUES ("45f6ed17-28eb-49b4-b51e-26daf29a0cb3",
	"d3b89130-5e09-458f-8658-ed03578dbab3",
	"00000000-0000-0000-0000-000000000000",
	"c939e81e-1c67-41b0-ae1e-c99bd6322c7e");
INSERT INTO C_P
	VALUES ("45f6ed17-28eb-49b4-b51e-26daf29a0cb3",
	'CustomerInterface',
	'Unnamed Interface',
	'',
	'HotelComponent::Port2::CustomerInterface');
INSERT INTO SPR_PEP
	VALUES ("89a79606-4020-4623-982e-68f919e93d90",
	"5a79bc11-70d7-456a-8187-45d268168aef",
	"45f6ed17-28eb-49b4-b51e-26daf29a0cb3");
INSERT INTO SPR_PS
	VALUES ("89a79606-4020-4623-982e-68f919e93d90",
	'confirmSignal',
	'',
	'select any bs from instances of BOOKINGSESSION where selected.ID == param.sessionID;

if (not_empty bs)
	LOG::LogInfo(message: "H: confirmEvent: Generating confirm event.");
	generate BOOKINGSESSION4:confirmEvent() to bs;
else
	LOG::LogInfo(message: "H: confirmEvent: Session not found.");
end if;',
	1);
INSERT INTO ACT_PSB
	VALUES ("ec9ad26a-d95a-438c-9e7e-73d26e181540",
	"89a79606-4020-4623-982e-68f919e93d90");
INSERT INTO ACT_ACT
	VALUES ("ec9ad26a-d95a-438c-9e7e-73d26e181540",
	'signal',
	0,
	"50ddb44e-7d2e-4fcd-808d-5a2f9e5ae2ad",
	"00000000-0000-0000-0000-000000000000",
	0,
	'Port2::CustomerInterface::confirmSignal',
	"00000000-0000-0000-0000-000000000000");
INSERT INTO ACT_BLK
	VALUES ("50ddb44e-7d2e-4fcd-808d-5a2f9e5ae2ad",
	1,
	0,
	1,
	'',
	'',
	'',
	6,
	1,
	1,
	33,
	0,
	0,
	0,
	0,
	0,
	0,
	0,
	0,
	0,
	"ec9ad26a-d95a-438c-9e7e-73d26e181540",
	"00000000-0000-0000-0000-000000000000");
INSERT INTO ACT_SMT
	VALUES ("d6a2b6ee-0c39-447f-b280-62bb36e5a252",
	"50ddb44e-7d2e-4fcd-808d-5a2f9e5ae2ad",
	"2eaa7c61-98c0-4899-bb8a-90455d070f7f",
	1,
	1,
	'Port2::CustomerInterface::confirmSignal line: 1');
INSERT INTO ACT_FIW
	VALUES ("d6a2b6ee-0c39-447f-b280-62bb36e5a252",
	"70b89139-557a-4317-8f02-96cd3f763af2",
	1,
	'any',
	"5214c0bd-eea3-453f-9964-0b4626b930db",
	"7137c09d-ba0e-406b-b3b5-76bb3cc48f3d",
	1,
	33);
INSERT INTO ACT_SMT
	VALUES ("2eaa7c61-98c0-4899-bb8a-90455d070f7f",
	"50ddb44e-7d2e-4fcd-808d-5a2f9e5ae2ad",
	"00000000-0000-0000-0000-000000000000",
	3,
	1,
	'Port2::CustomerInterface::confirmSignal line: 3');
INSERT INTO ACT_IF
	VALUES ("2eaa7c61-98c0-4899-bb8a-90455d070f7f",
	"ec986d5d-add2-4f65-9c84-5dd360adff07",
	"3be75771-afa0-4901-a5e7-97b1739ff583",
	"00000000-0000-0000-0000-000000000000",
	"00000000-0000-0000-0000-000000000000");
INSERT INTO ACT_SMT
	VALUES ("4cfbc74f-d42e-4038-9767-b97624167b7e",
	"50ddb44e-7d2e-4fcd-808d-5a2f9e5ae2ad",
	"00000000-0000-0000-0000-000000000000",
	6,
	1,
	'Port2::CustomerInterface::confirmSignal line: 6');
INSERT INTO ACT_E
	VALUES ("4cfbc74f-d42e-4038-9767-b97624167b7e",
	"742fd633-606a-492b-8868-0db7427e3aaf",
	"2eaa7c61-98c0-4899-bb8a-90455d070f7f");
INSERT INTO V_VAL
	VALUES ("95e632ff-619f-4960-a610-df9cd0f0620f",
	0,
	0,
	1,
	54,
	-1,
	0,
	0,
	0,
	0,
	"ba5eda7a-def5-0000-0000-000000000008",
	"50ddb44e-7d2e-4fcd-808d-5a2f9e5ae2ad");
INSERT INTO V_SLR
	VALUES ("95e632ff-619f-4960-a610-df9cd0f0620f",
	"00000000-0000-0000-0000-000000000000",
	"00000000-0000-0000-0000-000000000000",
	"00000000-0000-0000-0000-000000000000");
INSERT INTO V_VAL
	VALUES ("1f6e4b1d-8d5c-4f37-bff4-50060012b345",
	0,
	0,
	1,
	63,
	64,
	0,
	0,
	0,
	0,
	"ba5eda7a-def5-0000-0000-000000000005",
	"50ddb44e-7d2e-4fcd-808d-5a2f9e5ae2ad");
INSERT INTO V_AVL
	VALUES ("1f6e4b1d-8d5c-4f37-bff4-50060012b345",
	"95e632ff-619f-4960-a610-df9cd0f0620f",
	"7137c09d-ba0e-406b-b3b5-76bb3cc48f3d",
	"df46d3b5-7060-4611-8908-d535d035865a");
INSERT INTO V_VAL
	VALUES ("5214c0bd-eea3-453f-9964-0b4626b930db",
	0,
	0,
	-1,
	-1,
	-1,
	0,
	0,
	0,
	0,
	"ba5eda7a-def5-0000-0000-000000000001",
	"50ddb44e-7d2e-4fcd-808d-5a2f9e5ae2ad");
INSERT INTO V_BIN
	VALUES ("5214c0bd-eea3-453f-9964-0b4626b930db",
	"82c14f93-d10f-45bf-81c3-62428e87a20b",
	"1f6e4b1d-8d5c-4f37-bff4-50060012b345",
	'==');
INSERT INTO V_VAL
	VALUES ("82c14f93-d10f-45bf-81c3-62428e87a20b",
	0,
	0,
	1,
	75,
	83,
	0,
	0,
	0,
	0,
	"ba5eda7a-def5-0000-0000-000000000005",
	"50ddb44e-7d2e-4fcd-808d-5a2f9e5ae2ad");
INSERT INTO V_PVL
	VALUES ("82c14f93-d10f-45bf-81c3-62428e87a20b",
	"00000000-0000-0000-0000-000000000000",
	"00000000-0000-0000-0000-000000000000",
	"00000000-0000-0000-0000-000000000000",
	"0c370872-4365-46c5-b66f-fb3edc2ab789");
INSERT INTO V_VAL
	VALUES ("f7855966-9d68-4402-ba9f-79d790e89a6c",
	0,
	0,
	3,
	15,
	16,
	0,
	0,
	0,
	0,
	"ba5eda7a-def5-0000-0000-000000000008",
	"50ddb44e-7d2e-4fcd-808d-5a2f9e5ae2ad");
INSERT INTO V_IRF
	VALUES ("f7855966-9d68-4402-ba9f-79d790e89a6c",
	"70b89139-557a-4317-8f02-96cd3f763af2");
INSERT INTO V_VAL
	VALUES ("3be75771-afa0-4901-a5e7-97b1739ff583",
	0,
	0,
	-1,
	-1,
	-1,
	0,
	0,
	0,
	0,
	"ba5eda7a-def5-0000-0000-000000000001",
	"50ddb44e-7d2e-4fcd-808d-5a2f9e5ae2ad");
INSERT INTO V_UNY
	VALUES ("3be75771-afa0-4901-a5e7-97b1739ff583",
	"f7855966-9d68-4402-ba9f-79d790e89a6c",
	'not_empty');
INSERT INTO V_VAR
	VALUES ("70b89139-557a-4317-8f02-96cd3f763af2",
	"50ddb44e-7d2e-4fcd-808d-5a2f9e5ae2ad",
	'bs',
	1,
	"ba5eda7a-def5-0000-0000-000000000008");
INSERT INTO V_INT
	VALUES ("70b89139-557a-4317-8f02-96cd3f763af2",
	0,
	"7137c09d-ba0e-406b-b3b5-76bb3cc48f3d");
INSERT INTO V_LOC
	VALUES ("a4f66284-bc80-4129-80f1-abc40d0198d1",
	1,
	12,
	13,
	"70b89139-557a-4317-8f02-96cd3f763af2");
INSERT INTO V_LOC
	VALUES ("4036daa6-d994-434e-8d1a-b35cbbc147b2",
	5,
	45,
	46,
	"70b89139-557a-4317-8f02-96cd3f763af2");
INSERT INTO ACT_BLK
	VALUES ("ec986d5d-add2-4f65-9c84-5dd360adff07",
	0,
	0,
	0,
	'V_VAR.Var_ID',
	'',
	'',
	5,
	2,
	4,
	2,
	0,
	0,
	0,
	0,
	0,
	0,
	0,
	0,
	0,
	"ec9ad26a-d95a-438c-9e7e-73d26e181540",
	"00000000-0000-0000-0000-000000000000");
INSERT INTO ACT_SMT
	VALUES ("5e347534-4358-4a89-b861-4fd55cd7a662",
	"ec986d5d-add2-4f65-9c84-5dd360adff07",
	"b7ffdac2-526c-4ab8-a0b7-6866d3ab2541",
	4,
	2,
	'Port2::CustomerInterface::confirmSignal line: 4');
INSERT INTO ACT_BRG
	VALUES ("5e347534-4358-4a89-b861-4fd55cd7a662",
	"768e1cca-7403-495c-9b22-afd11a473eb6",
	4,
	7,
	4,
	2);
INSERT INTO ACT_SMT
	VALUES ("b7ffdac2-526c-4ab8-a0b7-6866d3ab2541",
	"ec986d5d-add2-4f65-9c84-5dd360adff07",
	"00000000-0000-0000-0000-000000000000",
	5,
	2,
	'Port2::CustomerInterface::confirmSignal line: 5');
INSERT INTO E_ESS
	VALUES ("b7ffdac2-526c-4ab8-a0b7-6866d3ab2541",
	1,
	0,
	5,
	11,
	5,
	27,
	4,
	2,
	0,
	0,
	0,
	0);
INSERT INTO E_GES
	VALUES ("b7ffdac2-526c-4ab8-a0b7-6866d3ab2541");
INSERT INTO E_GSME
	VALUES ("b7ffdac2-526c-4ab8-a0b7-6866d3ab2541",
	"9a883f49-b118-47b2-880c-373bfecf9218");
INSERT INTO E_GEN
	VALUES ("b7ffdac2-526c-4ab8-a0b7-6866d3ab2541",
	"70b89139-557a-4317-8f02-96cd3f763af2");
INSERT INTO V_VAL
	VALUES ("3f960246-fdce-4b3b-a857-494d4a42ad2e",
	0,
	0,
	4,
	24,
	66,
	0,
	0,
	0,
	0,
	"ba5eda7a-def5-0000-0000-000000000004",
	"ec986d5d-add2-4f65-9c84-5dd360adff07");
INSERT INTO V_LST
	VALUES ("3f960246-fdce-4b3b-a857-494d4a42ad2e",
	'H: confirmEvent: Generating confirm event.');
INSERT INTO V_PAR
	VALUES ("3f960246-fdce-4b3b-a857-494d4a42ad2e",
	"5e347534-4358-4a89-b861-4fd55cd7a662",
	"00000000-0000-0000-0000-000000000000",
	'message',
	"00000000-0000-0000-0000-000000000000",
	4,
	15);
INSERT INTO ACT_BLK
	VALUES ("742fd633-606a-492b-8868-0db7427e3aaf",
	0,
	0,
	0,
	'LOG',
	'',
	'',
	7,
	2,
	7,
	2,
	0,
	0,
	0,
	0,
	0,
	0,
	0,
	0,
	0,
	"ec9ad26a-d95a-438c-9e7e-73d26e181540",
	"00000000-0000-0000-0000-000000000000");
INSERT INTO ACT_SMT
	VALUES ("c449ff2f-73c0-4d19-9a28-69aafa7fff56",
	"742fd633-606a-492b-8868-0db7427e3aaf",
	"00000000-0000-0000-0000-000000000000",
	7,
	2,
	'Port2::CustomerInterface::confirmSignal line: 7');
INSERT INTO ACT_BRG
	VALUES ("c449ff2f-73c0-4d19-9a28-69aafa7fff56",
	"768e1cca-7403-495c-9b22-afd11a473eb6",
	7,
	7,
	7,
	2);
INSERT INTO V_VAL
	VALUES ("a9f81ded-a5e3-4821-baa2-f86981b5a3f0",
	0,
	0,
	7,
	24,
	59,
	0,
	0,
	0,
	0,
	"ba5eda7a-def5-0000-0000-000000000004",
	"742fd633-606a-492b-8868-0db7427e3aaf");
INSERT INTO V_LST
	VALUES ("a9f81ded-a5e3-4821-baa2-f86981b5a3f0",
	'H: confirmEvent: Session not found.');
INSERT INTO V_PAR
	VALUES ("a9f81ded-a5e3-4821-baa2-f86981b5a3f0",
	"c449ff2f-73c0-4d19-9a28-69aafa7fff56",
	"00000000-0000-0000-0000-000000000000",
	'message',
	"00000000-0000-0000-0000-000000000000",
	7,
	15);
INSERT INTO SPR_PEP
	VALUES ("ae34909a-eb30-4d15-b730-c28470c12f2c",
	"b6421df2-c058-463a-8282-eefa32587ce7",
	"45f6ed17-28eb-49b4-b51e-26daf29a0cb3");
INSERT INTO SPR_PS
	VALUES ("ae34909a-eb30-4d15-b730-c28470c12f2c",
	's2',
	'',
	'',
	1);
INSERT INTO ACT_PSB
	VALUES ("b6db2b12-6c17-4874-934e-74d3998aff48",
	"ae34909a-eb30-4d15-b730-c28470c12f2c");
INSERT INTO ACT_ACT
	VALUES ("b6db2b12-6c17-4874-934e-74d3998aff48",
	'signal',
	0,
	"8656d9c5-7c77-49ea-b6e2-36c276ccdbfc",
	"00000000-0000-0000-0000-000000000000",
	0,
	'Port2::CustomerInterface::s2',
	"00000000-0000-0000-0000-000000000000");
INSERT INTO ACT_BLK
	VALUES ("8656d9c5-7c77-49ea-b6e2-36c276ccdbfc",
	0,
	0,
	0,
	'',
	'',
	'',
	0,
	0,
	0,
	0,
	0,
	0,
	0,
	0,
	0,
	0,
	0,
	0,
	0,
	"b6db2b12-6c17-4874-934e-74d3998aff48",
	"00000000-0000-0000-0000-000000000000");
INSERT INTO SPR_PEP
	VALUES ("992e4bb7-56a3-4595-9f21-ea674ddf0832",
	"da9dc9a3-9bf8-4e9e-8d76-0469a00019ef",
	"45f6ed17-28eb-49b4-b51e-26daf29a0cb3");
INSERT INTO SPR_PS
	VALUES ("992e4bb7-56a3-4595-9f21-ea674ddf0832",
	's1',
	'',
	'',
	1);
INSERT INTO ACT_PSB
	VALUES ("d031dc27-edce-4c6d-a6f5-346f176de4c0",
	"992e4bb7-56a3-4595-9f21-ea674ddf0832");
INSERT INTO ACT_ACT
	VALUES ("d031dc27-edce-4c6d-a6f5-346f176de4c0",
	'signal',
	0,
	"f1bd0567-1680-4a83-9cf1-67aa11aad67e",
	"00000000-0000-0000-0000-000000000000",
	0,
	'Port2::CustomerInterface::s1',
	"00000000-0000-0000-0000-000000000000");
INSERT INTO ACT_BLK
	VALUES ("f1bd0567-1680-4a83-9cf1-67aa11aad67e",
	0,
	0,
	0,
	'',
	'',
	'',
	0,
	0,
	0,
	0,
	0,
	0,
	0,
	0,
	0,
	0,
	0,
	0,
	0,
	"d031dc27-edce-4c6d-a6f5-346f176de4c0",
	"00000000-0000-0000-0000-000000000000");
INSERT INTO SPR_PEP
	VALUES ("ed293131-e8e4-43ef-be8f-e13aa67ce7ca",
	"895459b4-8cad-487c-ac02-41f7392c1417",
	"45f6ed17-28eb-49b4-b51e-26daf29a0cb3");
INSERT INTO SPR_PS
	VALUES ("ed293131-e8e4-43ef-be8f-e13aa67ce7ca",
	's2',
	'',
	'',
	1);
INSERT INTO ACT_PSB
	VALUES ("c525720e-32ae-407b-a0f1-64128d5c5832",
	"ed293131-e8e4-43ef-be8f-e13aa67ce7ca");
INSERT INTO ACT_ACT
	VALUES ("c525720e-32ae-407b-a0f1-64128d5c5832",
	'signal',
	0,
	"31653af1-eff4-40b3-be54-4e805bccda43",
	"00000000-0000-0000-0000-000000000000",
	0,
	'Port2::CustomerInterface::s2',
	"00000000-0000-0000-0000-000000000000");
INSERT INTO ACT_BLK
	VALUES ("31653af1-eff4-40b3-be54-4e805bccda43",
	0,
	0,
	0,
	'',
	'',
	'',
	0,
	0,
	0,
	0,
	0,
	0,
	0,
	0,
	0,
	0,
	0,
	0,
	0,
	"c525720e-32ae-407b-a0f1-64128d5c5832",
	"00000000-0000-0000-0000-000000000000");
INSERT INTO SPR_PEP
	VALUES ("553a7000-b47f-44e0-922e-6c1db19bff9a",
	"b0219670-df70-4ff6-984b-04f391308d00",
	"45f6ed17-28eb-49b4-b51e-26daf29a0cb3");
INSERT INTO SPR_PS
	VALUES ("553a7000-b47f-44e0-922e-6c1db19bff9a",
	's1',
	'',
	'',
	1);
INSERT INTO ACT_PSB
	VALUES ("e5b01429-244d-4c2f-bc3f-a5a0f1c77c3f",
	"553a7000-b47f-44e0-922e-6c1db19bff9a");
INSERT INTO ACT_ACT
	VALUES ("e5b01429-244d-4c2f-bc3f-a5a0f1c77c3f",
	'signal',
	0,
	"50ea3ffc-f244-436b-8fec-cac86177ca81",
	"00000000-0000-0000-0000-000000000000",
	0,
	'Port2::CustomerInterface::s1',
	"00000000-0000-0000-0000-000000000000");
INSERT INTO ACT_BLK
	VALUES ("50ea3ffc-f244-436b-8fec-cac86177ca81",
	0,
	0,
	0,
	'',
	'',
	'',
	0,
	0,
	0,
	0,
	0,
	0,
	0,
	0,
	0,
	0,
	0,
	0,
	0,
	"e5b01429-244d-4c2f-bc3f-a5a0f1c77c3f",
	"00000000-0000-0000-0000-000000000000");
INSERT INTO SPR_PEP
	VALUES ("ea81884e-62fa-4b89-8401-c96901c381b8",
	"cb5b5b24-04f0-4601-b19b-0cf189cea793",
	"45f6ed17-28eb-49b4-b51e-26daf29a0cb3");
INSERT INTO SPR_PS
	VALUES ("ea81884e-62fa-4b89-8401-c96901c381b8",
	's2',
	'',
	'',
	1);
INSERT INTO ACT_PSB
	VALUES ("70e88d91-186b-4186-8380-c01d53695924",
	"ea81884e-62fa-4b89-8401-c96901c381b8");
INSERT INTO ACT_ACT
	VALUES ("70e88d91-186b-4186-8380-c01d53695924",
	'signal',
	0,
	"6e704d6e-0a31-4353-ae8a-efa3fcbc4b07",
	"00000000-0000-0000-0000-000000000000",
	0,
	'Port2::CustomerInterface::s2',
	"00000000-0000-0000-0000-000000000000");
INSERT INTO ACT_BLK
	VALUES ("6e704d6e-0a31-4353-ae8a-efa3fcbc4b07",
	0,
	0,
	0,
	'',
	'',
	'',
	0,
	0,
	0,
	0,
	0,
	0,
	0,
	0,
	0,
	0,
	0,
	0,
	0,
	"70e88d91-186b-4186-8380-c01d53695924",
	"00000000-0000-0000-0000-000000000000");
INSERT INTO SPR_PEP
	VALUES ("98ee248d-f2c3-4987-9796-a6754ee7bbc7",
	"8328ef36-07dc-427a-b0b8-9f12e1b984b7",
	"45f6ed17-28eb-49b4-b51e-26daf29a0cb3");
INSERT INTO SPR_PS
	VALUES ("98ee248d-f2c3-4987-9796-a6754ee7bbc7",
	's1',
	'',
	'',
	1);
INSERT INTO ACT_PSB
	VALUES ("2c663894-e5ce-4373-9dca-af2513f786a8",
	"98ee248d-f2c3-4987-9796-a6754ee7bbc7");
INSERT INTO ACT_ACT
	VALUES ("2c663894-e5ce-4373-9dca-af2513f786a8",
	'signal',
	0,
	"1c0e92ce-19a7-4636-bbff-8ee9bbc4bd15",
	"00000000-0000-0000-0000-000000000000",
	0,
	'Port2::CustomerInterface::s1',
	"00000000-0000-0000-0000-000000000000");
INSERT INTO ACT_BLK
	VALUES ("1c0e92ce-19a7-4636-bbff-8ee9bbc4bd15",
	0,
	0,
	0,
	'',
	'',
	'',
	0,
	0,
	0,
	0,
	0,
	0,
	0,
	0,
	0,
	0,
	0,
	0,
	0,
	"2c663894-e5ce-4373-9dca-af2513f786a8",
	"00000000-0000-0000-0000-000000000000");
INSERT INTO SPR_PEP
	VALUES ("ec484fa9-0cef-4cc6-aa10-cc7d2ea7dd33",
	"81dc0de0-c0d1-40f4-b861-04e7a9398949",
	"45f6ed17-28eb-49b4-b51e-26daf29a0cb3");
INSERT INTO SPR_PS
	VALUES ("ec484fa9-0cef-4cc6-aa10-cc7d2ea7dd33",
	's2',
	'',
	'',
	1);
INSERT INTO ACT_PSB
	VALUES ("92edd987-c523-4bce-ac5d-17a2da19bf64",
	"ec484fa9-0cef-4cc6-aa10-cc7d2ea7dd33");
INSERT INTO ACT_ACT
	VALUES ("92edd987-c523-4bce-ac5d-17a2da19bf64",
	'signal',
	0,
	"63c439ea-9950-41f5-9435-f83a66a2cc50",
	"00000000-0000-0000-0000-000000000000",
	0,
	'Port2::CustomerInterface::s2',
	"00000000-0000-0000-0000-000000000000");
INSERT INTO ACT_BLK
	VALUES ("63c439ea-9950-41f5-9435-f83a66a2cc50",
	0,
	0,
	0,
	'',
	'',
	'',
	0,
	0,
	0,
	0,
	0,
	0,
	0,
	0,
	0,
	0,
	0,
	0,
	0,
	"92edd987-c523-4bce-ac5d-17a2da19bf64",
	"00000000-0000-0000-0000-000000000000");
INSERT INTO SPR_PEP
	VALUES ("72f1b7a4-8cde-4f9b-8aca-051e01bf62cd",
	"748bf7ad-3d75-40b6-9747-281878d13d6b",
	"45f6ed17-28eb-49b4-b51e-26daf29a0cb3");
INSERT INTO SPR_PS
	VALUES ("72f1b7a4-8cde-4f9b-8aca-051e01bf62cd",
	's1',
	'',
	'',
	1);
INSERT INTO ACT_PSB
	VALUES ("9c6c0be4-100f-4c21-9d3a-6d52cb25b564",
	"72f1b7a4-8cde-4f9b-8aca-051e01bf62cd");
INSERT INTO ACT_ACT
	VALUES ("9c6c0be4-100f-4c21-9d3a-6d52cb25b564",
	'signal',
	0,
	"029fbd0f-079d-4627-8156-8bd9c5c66502",
	"00000000-0000-0000-0000-000000000000",
	0,
	'Port2::CustomerInterface::s1',
	"00000000-0000-0000-0000-000000000000");
INSERT INTO ACT_BLK
	VALUES ("029fbd0f-079d-4627-8156-8bd9c5c66502",
	0,
	0,
	0,
	'',
	'',
	'',
	0,
	0,
	0,
	0,
	0,
	0,
	0,
	0,
	0,
	0,
	0,
	0,
	0,
	"9c6c0be4-100f-4c21-9d3a-6d52cb25b564",
	"00000000-0000-0000-0000-000000000000");
INSERT INTO SPR_PEP
	VALUES ("93f154b9-bfb9-4a8d-9efe-e0a71925a78e",
	"c446a9a5-de06-4b24-a8cc-957599ee3e34",
	"45f6ed17-28eb-49b4-b51e-26daf29a0cb3");
INSERT INTO SPR_PS
	VALUES ("93f154b9-bfb9-4a8d-9efe-e0a71925a78e",
	's2',
	'',
	'',
	1);
INSERT INTO ACT_PSB
	VALUES ("e9b96667-a50b-4dbb-9611-1a677c15542d",
	"93f154b9-bfb9-4a8d-9efe-e0a71925a78e");
INSERT INTO ACT_ACT
	VALUES ("e9b96667-a50b-4dbb-9611-1a677c15542d",
	'signal',
	0,
	"e059a4f6-f29e-40b2-874d-98ebdd84445c",
	"00000000-0000-0000-0000-000000000000",
	0,
	'Port2::CustomerInterface::s2',
	"00000000-0000-0000-0000-000000000000");
INSERT INTO ACT_BLK
	VALUES ("e059a4f6-f29e-40b2-874d-98ebdd84445c",
	0,
	0,
	0,
	'',
	'',
	'',
	0,
	0,
	0,
	0,
	0,
	0,
	0,
	0,
	0,
	0,
	0,
	0,
	0,
	"e9b96667-a50b-4dbb-9611-1a677c15542d",
	"00000000-0000-0000-0000-000000000000");
INSERT INTO SPR_PEP
	VALUES ("eb1e3070-efe5-4284-9896-719709614b7d",
	"fa304608-7681-41c3-ad76-a0f6e8611f35",
	"45f6ed17-28eb-49b4-b51e-26daf29a0cb3");
INSERT INTO SPR_PS
	VALUES ("eb1e3070-efe5-4284-9896-719709614b7d",
	's1',
	'',
	'',
	1);
INSERT INTO ACT_PSB
	VALUES ("60724e0d-f4c2-4a4b-b41c-91855218e5a3",
	"eb1e3070-efe5-4284-9896-719709614b7d");
INSERT INTO ACT_ACT
	VALUES ("60724e0d-f4c2-4a4b-b41c-91855218e5a3",
	'signal',
	0,
	"1646f832-72c6-4116-85c2-e7875b79bb14",
	"00000000-0000-0000-0000-000000000000",
	0,
	'Port2::CustomerInterface::s1',
	"00000000-0000-0000-0000-000000000000");
INSERT INTO ACT_BLK
	VALUES ("1646f832-72c6-4116-85c2-e7875b79bb14",
	0,
	0,
	0,
	'',
	'',
	'',
	0,
	0,
	0,
	0,
	0,
	0,
	0,
	0,
	0,
	0,
	0,
	0,
	0,
	"60724e0d-f4c2-4a4b-b41c-91855218e5a3",
	"00000000-0000-0000-0000-000000000000");
INSERT INTO SPR_PEP
	VALUES ("3141febd-97a7-423e-a7c2-fcecd63ab45e",
	"0184b93d-0963-496f-b323-26d0404529d6",
	"45f6ed17-28eb-49b4-b51e-26daf29a0cb3");
INSERT INTO SPR_PS
	VALUES ("3141febd-97a7-423e-a7c2-fcecd63ab45e",
	's2',
	'',
	'',
	1);
INSERT INTO ACT_PSB
	VALUES ("b281ca9b-9641-4166-8c46-c4f34a358bf5",
	"3141febd-97a7-423e-a7c2-fcecd63ab45e");
INSERT INTO ACT_ACT
	VALUES ("b281ca9b-9641-4166-8c46-c4f34a358bf5",
	'signal',
	0,
	"6bbae00b-7e9f-434b-9ad8-eca06d9a2932",
	"00000000-0000-0000-0000-000000000000",
	0,
	'Port2::CustomerInterface::s2',
	"00000000-0000-0000-0000-000000000000");
INSERT INTO ACT_BLK
	VALUES ("6bbae00b-7e9f-434b-9ad8-eca06d9a2932",
	0,
	0,
	0,
	'',
	'',
	'',
	0,
	0,
	0,
	0,
	0,
	0,
	0,
	0,
	0,
	0,
	0,
	0,
	0,
	"b281ca9b-9641-4166-8c46-c4f34a358bf5",
	"00000000-0000-0000-0000-000000000000");
INSERT INTO SPR_PEP
	VALUES ("a37e279b-5df3-4aa2-84a9-4f8e89d9191c",
	"b6137a20-d83a-4130-90cf-4bbff803d680",
	"45f6ed17-28eb-49b4-b51e-26daf29a0cb3");
INSERT INTO SPR_PS
	VALUES ("a37e279b-5df3-4aa2-84a9-4f8e89d9191c",
	's1',
	'',
	'',
	1);
INSERT INTO ACT_PSB
	VALUES ("c938addc-8288-4832-8254-408293b3b8de",
	"a37e279b-5df3-4aa2-84a9-4f8e89d9191c");
INSERT INTO ACT_ACT
	VALUES ("c938addc-8288-4832-8254-408293b3b8de",
	'signal',
	0,
	"cc09345c-203d-421f-99bd-02b21e03b969",
	"00000000-0000-0000-0000-000000000000",
	0,
	'Port2::CustomerInterface::s1',
	"00000000-0000-0000-0000-000000000000");
INSERT INTO ACT_BLK
	VALUES ("cc09345c-203d-421f-99bd-02b21e03b969",
	0,
	0,
	0,
	'',
	'',
	'',
	0,
	0,
	0,
	0,
	0,
	0,
	0,
	0,
	0,
	0,
	0,
	0,
	0,
	"c938addc-8288-4832-8254-408293b3b8de",
	"00000000-0000-0000-0000-000000000000");
INSERT INTO SPR_PEP
	VALUES ("d86011ae-176d-4bbf-a12d-3fe4def5b1a8",
	"4955e92a-9d9e-450c-aa80-bb592becd350",
	"45f6ed17-28eb-49b4-b51e-26daf29a0cb3");
INSERT INTO SPR_PS
	VALUES ("d86011ae-176d-4bbf-a12d-3fe4def5b1a8",
	's2',
	'',
	'',
	1);
INSERT INTO ACT_PSB
	VALUES ("1c50eba3-25c3-4859-824a-da4716cfee63",
	"d86011ae-176d-4bbf-a12d-3fe4def5b1a8");
INSERT INTO ACT_ACT
	VALUES ("1c50eba3-25c3-4859-824a-da4716cfee63",
	'signal',
	0,
	"987d82ee-d89f-41d3-a12a-9a6322eeec71",
	"00000000-0000-0000-0000-000000000000",
	0,
	'Port2::CustomerInterface::s2',
	"00000000-0000-0000-0000-000000000000");
INSERT INTO ACT_BLK
	VALUES ("987d82ee-d89f-41d3-a12a-9a6322eeec71",
	0,
	0,
	0,
	'',
	'',
	'',
	0,
	0,
	0,
	0,
	0,
	0,
	0,
	0,
	0,
	0,
	0,
	0,
	0,
	"1c50eba3-25c3-4859-824a-da4716cfee63",
	"00000000-0000-0000-0000-000000000000");
INSERT INTO SPR_PEP
	VALUES ("2fe988cc-8d04-4830-a961-332484bc4929",
	"e13258fc-6b0d-44ea-8ef2-7a156ee15593",
	"45f6ed17-28eb-49b4-b51e-26daf29a0cb3");
INSERT INTO SPR_PS
	VALUES ("2fe988cc-8d04-4830-a961-332484bc4929",
	's1',
	'',
	'',
	1);
INSERT INTO ACT_PSB
	VALUES ("3771dff7-3ae8-4d13-8fea-086a9caa0cb1",
	"2fe988cc-8d04-4830-a961-332484bc4929");
INSERT INTO ACT_ACT
	VALUES ("3771dff7-3ae8-4d13-8fea-086a9caa0cb1",
	'signal',
	0,
	"cc5407e9-7d90-4964-bf22-b331c452007f",
	"00000000-0000-0000-0000-000000000000",
	0,
	'Port2::CustomerInterface::s1',
	"00000000-0000-0000-0000-000000000000");
INSERT INTO ACT_BLK
	VALUES ("cc5407e9-7d90-4964-bf22-b331c452007f",
	0,
	0,
	0,
	'',
	'',
	'',
	0,
	0,
	0,
	0,
	0,
	0,
	0,
	0,
	0,
	0,
	0,
	0,
	0,
	"3771dff7-3ae8-4d13-8fea-086a9caa0cb1",
	"00000000-0000-0000-0000-000000000000");
INSERT INTO SPR_PEP
	VALUES ("91e3a84d-95fa-410d-a683-fc7f264737b0",
	"83944b64-b858-449a-8fc8-e20614b23693",
	"45f6ed17-28eb-49b4-b51e-26daf29a0cb3");
INSERT INTO SPR_PS
	VALUES ("91e3a84d-95fa-410d-a683-fc7f264737b0",
	's2',
	'',
	'',
	1);
INSERT INTO ACT_PSB
	VALUES ("7492d6c0-dbbf-4e55-a9b1-a49f6249130b",
	"91e3a84d-95fa-410d-a683-fc7f264737b0");
INSERT INTO ACT_ACT
	VALUES ("7492d6c0-dbbf-4e55-a9b1-a49f6249130b",
	'signal',
	0,
	"e092b785-c43e-45d3-b7e6-c71aa8f20861",
	"00000000-0000-0000-0000-000000000000",
	0,
	'Port2::CustomerInterface::s2',
	"00000000-0000-0000-0000-000000000000");
INSERT INTO ACT_BLK
	VALUES ("e092b785-c43e-45d3-b7e6-c71aa8f20861",
	0,
	0,
	0,
	'',
	'',
	'',
	0,
	0,
	0,
	0,
	0,
	0,
	0,
	0,
	0,
	0,
	0,
	0,
	0,
	"7492d6c0-dbbf-4e55-a9b1-a49f6249130b",
	"00000000-0000-0000-0000-000000000000");
INSERT INTO SPR_PEP
	VALUES ("ac25dae2-f502-49b0-a5b2-81e829899edb",
	"6849e51f-02ea-4e23-9ba2-af67a12531d4",
	"45f6ed17-28eb-49b4-b51e-26daf29a0cb3");
INSERT INTO SPR_PO
	VALUES ("ac25dae2-f502-49b0-a5b2-81e829899edb",
	'o1',
	'',
	'',
	1);
INSERT INTO ACT_POB
	VALUES ("4e60d323-5cd4-4cf0-b62f-5b0fd3fabd66",
	"ac25dae2-f502-49b0-a5b2-81e829899edb");
INSERT INTO ACT_ACT
	VALUES ("4e60d323-5cd4-4cf0-b62f-5b0fd3fabd66",
	'interface operation',
	0,
	"0886f16c-c61a-443e-9f93-cf62661131c3",
	"00000000-0000-0000-0000-000000000000",
	0,
	'Port2::CustomerInterface::o1',
	"00000000-0000-0000-0000-000000000000");
INSERT INTO ACT_BLK
	VALUES ("0886f16c-c61a-443e-9f93-cf62661131c3",
	0,
	0,
	0,
	'',
	'',
	'',
	0,
	0,
	0,
	0,
	0,
	0,
	0,
	0,
	0,
	0,
	0,
	0,
	0,
	"4e60d323-5cd4-4cf0-b62f-5b0fd3fabd66",
	"00000000-0000-0000-0000-000000000000");
INSERT INTO SPR_PEP
	VALUES ("f7a0d3cf-0d17-488b-aaa1-edb02933dc59",
	"1a8e5c38-7020-4123-ba0e-67897534dc19",
	"45f6ed17-28eb-49b4-b51e-26daf29a0cb3");
INSERT INTO SPR_PO
	VALUES ("f7a0d3cf-0d17-488b-aaa1-edb02933dc59",
	'o2',
	'',
	'',
	1);
INSERT INTO ACT_POB
	VALUES ("b8db79b1-5986-4aef-b6df-7ab8fd04f27d",
	"f7a0d3cf-0d17-488b-aaa1-edb02933dc59");
INSERT INTO ACT_ACT
	VALUES ("b8db79b1-5986-4aef-b6df-7ab8fd04f27d",
	'interface operation',
	0,
	"0b33f015-4a0a-487b-ae02-c865bd2417a6",
	"00000000-0000-0000-0000-000000000000",
	0,
	'Port2::CustomerInterface::o2',
	"00000000-0000-0000-0000-000000000000");
INSERT INTO ACT_BLK
	VALUES ("0b33f015-4a0a-487b-ae02-c865bd2417a6",
	0,
	0,
	0,
	'',
	'',
	'',
	0,
	0,
	0,
	0,
	0,
	0,
	0,
	0,
	0,
	0,
	0,
	0,
	0,
	"b8db79b1-5986-4aef-b6df-7ab8fd04f27d",
	"00000000-0000-0000-0000-000000000000");
INSERT INTO SPR_PEP
	VALUES ("7048a6f5-d0a5-4d71-90ca-b723482f3a3f",
	"83e74f67-f572-4d64-bf5f-6e4117a48ac4",
	"45f6ed17-28eb-49b4-b51e-26daf29a0cb3");
INSERT INTO SPR_PO
	VALUES ("7048a6f5-d0a5-4d71-90ca-b723482f3a3f",
	'o1',
	'',
	'',
	1);
INSERT INTO ACT_POB
	VALUES ("3a47dc98-ce40-411e-a93d-57dd45914d67",
	"7048a6f5-d0a5-4d71-90ca-b723482f3a3f");
INSERT INTO ACT_ACT
	VALUES ("3a47dc98-ce40-411e-a93d-57dd45914d67",
	'interface operation',
	0,
	"b60ba07c-4ec7-4904-bac2-c6978f261913",
	"00000000-0000-0000-0000-000000000000",
	0,
	'Port2::CustomerInterface::o1',
	"00000000-0000-0000-0000-000000000000");
INSERT INTO ACT_BLK
	VALUES ("b60ba07c-4ec7-4904-bac2-c6978f261913",
	0,
	0,
	0,
	'',
	'',
	'',
	0,
	0,
	0,
	0,
	0,
	0,
	0,
	0,
	0,
	0,
	0,
	0,
	0,
	"3a47dc98-ce40-411e-a93d-57dd45914d67",
	"00000000-0000-0000-0000-000000000000");
INSERT INTO SPR_PEP
	VALUES ("4fdd339a-da43-4b2c-a5d1-4df700bcaafb",
	"ab21eaf4-6f87-4d16-adcd-35b43eab657c",
	"45f6ed17-28eb-49b4-b51e-26daf29a0cb3");
INSERT INTO SPR_PO
	VALUES ("4fdd339a-da43-4b2c-a5d1-4df700bcaafb",
	'o2',
	'',
	'',
	1);
INSERT INTO ACT_POB
	VALUES ("f6fb0f78-ca57-48da-81de-09f7b6e4e682",
	"4fdd339a-da43-4b2c-a5d1-4df700bcaafb");
INSERT INTO ACT_ACT
	VALUES ("f6fb0f78-ca57-48da-81de-09f7b6e4e682",
	'interface operation',
	0,
	"0bc606ad-94ec-4a0e-b28b-d7279e96d469",
	"00000000-0000-0000-0000-000000000000",
	0,
	'Port2::CustomerInterface::o2',
	"00000000-0000-0000-0000-000000000000");
INSERT INTO ACT_BLK
	VALUES ("0bc606ad-94ec-4a0e-b28b-d7279e96d469",
	0,
	0,
	0,
	'',
	'',
	'',
	0,
	0,
	0,
	0,
	0,
	0,
	0,
	0,
	0,
	0,
	0,
	0,
	0,
	"f6fb0f78-ca57-48da-81de-09f7b6e4e682",
	"00000000-0000-0000-0000-000000000000");
INSERT INTO SPR_PEP
	VALUES ("48176279-df42-4996-8c21-1426ad44d4f7",
	"249da9fe-e7f0-4173-8e09-ca48a3cd7d3c",
	"45f6ed17-28eb-49b4-b51e-26daf29a0cb3");
INSERT INTO SPR_PO
	VALUES ("48176279-df42-4996-8c21-1426ad44d4f7",
	'o1',
	'',
	'',
	1);
INSERT INTO ACT_POB
	VALUES ("742834e9-a708-4eaa-890f-bab63889da78",
	"48176279-df42-4996-8c21-1426ad44d4f7");
INSERT INTO ACT_ACT
	VALUES ("742834e9-a708-4eaa-890f-bab63889da78",
	'interface operation',
	0,
	"ae5be2b9-6880-41e5-96c9-967671d7d061",
	"00000000-0000-0000-0000-000000000000",
	0,
	'Port2::CustomerInterface::o1',
	"00000000-0000-0000-0000-000000000000");
INSERT INTO ACT_BLK
	VALUES ("ae5be2b9-6880-41e5-96c9-967671d7d061",
	0,
	0,
	0,
	'',
	'',
	'',
	0,
	0,
	0,
	0,
	0,
	0,
	0,
	0,
	0,
	0,
	0,
	0,
	0,
	"742834e9-a708-4eaa-890f-bab63889da78",
	"00000000-0000-0000-0000-000000000000");
INSERT INTO SPR_PEP
	VALUES ("16c3d116-faa6-48e8-80eb-3aaacc2af7f0",
	"1bdb7028-c766-4634-b100-e21c9da8a53a",
	"45f6ed17-28eb-49b4-b51e-26daf29a0cb3");
INSERT INTO SPR_PO
	VALUES ("16c3d116-faa6-48e8-80eb-3aaacc2af7f0",
	'o2',
	'',
	'',
	1);
INSERT INTO ACT_POB
	VALUES ("78b6b520-9834-4661-ac6f-4e23a43fc6fc",
	"16c3d116-faa6-48e8-80eb-3aaacc2af7f0");
INSERT INTO ACT_ACT
	VALUES ("78b6b520-9834-4661-ac6f-4e23a43fc6fc",
	'interface operation',
	0,
	"cd5b1091-7403-4ad2-8c7f-2fbd50f35ed6",
	"00000000-0000-0000-0000-000000000000",
	0,
	'Port2::CustomerInterface::o2',
	"00000000-0000-0000-0000-000000000000");
INSERT INTO ACT_BLK
	VALUES ("cd5b1091-7403-4ad2-8c7f-2fbd50f35ed6",
	0,
	0,
	0,
	'',
	'',
	'',
	0,
	0,
	0,
	0,
	0,
	0,
	0,
	0,
	0,
	0,
	0,
	0,
	0,
	"78b6b520-9834-4661-ac6f-4e23a43fc6fc",
	"00000000-0000-0000-0000-000000000000");
INSERT INTO SPR_PEP
	VALUES ("b3410308-deb9-4006-bb30-bb6c59000bce",
	"c1390e36-a425-496e-8f3a-2c42ea4f65e0",
	"45f6ed17-28eb-49b4-b51e-26daf29a0cb3");
INSERT INTO SPR_PO
	VALUES ("b3410308-deb9-4006-bb30-bb6c59000bce",
	'o1',
	'',
	'',
	1);
INSERT INTO ACT_POB
	VALUES ("0bff4b42-6ace-47df-ab45-a98a7ecaa052",
	"b3410308-deb9-4006-bb30-bb6c59000bce");
INSERT INTO ACT_ACT
	VALUES ("0bff4b42-6ace-47df-ab45-a98a7ecaa052",
	'interface operation',
	0,
	"484b381a-9c99-42df-9f4c-3e8c7a9b41c4",
	"00000000-0000-0000-0000-000000000000",
	0,
	'Port2::CustomerInterface::o1',
	"00000000-0000-0000-0000-000000000000");
INSERT INTO ACT_BLK
	VALUES ("484b381a-9c99-42df-9f4c-3e8c7a9b41c4",
	0,
	0,
	0,
	'',
	'',
	'',
	0,
	0,
	0,
	0,
	0,
	0,
	0,
	0,
	0,
	0,
	0,
	0,
	0,
	"0bff4b42-6ace-47df-ab45-a98a7ecaa052",
	"00000000-0000-0000-0000-000000000000");
INSERT INTO SPR_PEP
	VALUES ("6f363673-7391-4ca9-8477-fbe082d6af20",
	"ca27b2e6-6400-41c8-a5a6-65e00a685cfb",
	"45f6ed17-28eb-49b4-b51e-26daf29a0cb3");
INSERT INTO SPR_PO
	VALUES ("6f363673-7391-4ca9-8477-fbe082d6af20",
	'o2',
	'',
	'',
	1);
INSERT INTO ACT_POB
	VALUES ("0329c98c-bda8-450b-869b-6116df694da2",
	"6f363673-7391-4ca9-8477-fbe082d6af20");
INSERT INTO ACT_ACT
	VALUES ("0329c98c-bda8-450b-869b-6116df694da2",
	'interface operation',
	0,
	"0b1db13e-9f14-44ae-abd1-b34b7927d599",
	"00000000-0000-0000-0000-000000000000",
	0,
	'Port2::CustomerInterface::o2',
	"00000000-0000-0000-0000-000000000000");
INSERT INTO ACT_BLK
	VALUES ("0b1db13e-9f14-44ae-abd1-b34b7927d599",
	0,
	0,
	0,
	'',
	'',
	'',
	0,
	0,
	0,
	0,
	0,
	0,
	0,
	0,
	0,
	0,
	0,
	0,
	0,
	"0329c98c-bda8-450b-869b-6116df694da2",
	"00000000-0000-0000-0000-000000000000");
INSERT INTO SPR_PEP
	VALUES ("bb1cf1ce-7590-4671-9e65-1495e2e4934f",
	"f4160a28-9e80-4907-a5b7-dd7069143dd9",
	"45f6ed17-28eb-49b4-b51e-26daf29a0cb3");
INSERT INTO SPR_PO
	VALUES ("bb1cf1ce-7590-4671-9e65-1495e2e4934f",
	'o1',
	'',
	'',
	1);
INSERT INTO ACT_POB
	VALUES ("5d68459b-018c-48fc-ba9a-32b7412251e5",
	"bb1cf1ce-7590-4671-9e65-1495e2e4934f");
INSERT INTO ACT_ACT
	VALUES ("5d68459b-018c-48fc-ba9a-32b7412251e5",
	'interface operation',
	0,
	"b6221e72-4a41-4bfb-92b4-c259d68d1f69",
	"00000000-0000-0000-0000-000000000000",
	0,
	'Port2::CustomerInterface::o1',
	"00000000-0000-0000-0000-000000000000");
INSERT INTO ACT_BLK
	VALUES ("b6221e72-4a41-4bfb-92b4-c259d68d1f69",
	0,
	0,
	0,
	'',
	'',
	'',
	0,
	0,
	0,
	0,
	0,
	0,
	0,
	0,
	0,
	0,
	0,
	0,
	0,
	"5d68459b-018c-48fc-ba9a-32b7412251e5",
	"00000000-0000-0000-0000-000000000000");
INSERT INTO SPR_PEP
	VALUES ("85da1c4d-16c2-4326-a28c-44683118b637",
	"df0ef208-77f8-42fc-9ff9-dc714e539856",
	"45f6ed17-28eb-49b4-b51e-26daf29a0cb3");
INSERT INTO SPR_PO
	VALUES ("85da1c4d-16c2-4326-a28c-44683118b637",
	'o2',
	'',
	'',
	1);
INSERT INTO ACT_POB
	VALUES ("d61b134b-5587-428d-a114-fd836bb0ef62",
	"85da1c4d-16c2-4326-a28c-44683118b637");
INSERT INTO ACT_ACT
	VALUES ("d61b134b-5587-428d-a114-fd836bb0ef62",
	'interface operation',
	0,
	"8c1701aa-a093-4070-998f-6ea959fe3755",
	"00000000-0000-0000-0000-000000000000",
	0,
	'Port2::CustomerInterface::o2',
	"00000000-0000-0000-0000-000000000000");
INSERT INTO ACT_BLK
	VALUES ("8c1701aa-a093-4070-998f-6ea959fe3755",
	0,
	0,
	0,
	'',
	'',
	'',
	0,
	0,
	0,
	0,
	0,
	0,
	0,
	0,
	0,
	0,
	0,
	0,
	0,
	"d61b134b-5587-428d-a114-fd836bb0ef62",
	"00000000-0000-0000-0000-000000000000");
INSERT INTO C_PO
	VALUES ("f8523377-969b-4dac-8a14-33dec9b5257a",
	"ab2192c8-8390-4631-9e2c-fca2a1f30c08",
	'Port3',
	0,
	0);
INSERT INTO C_IR
	VALUES ("e5700c6d-f43b-47a0-ac2d-0a9428c49aaf",
	"611bea7a-9387-43ea-ba5d-394798e936a3",
	"00000000-0000-0000-0000-000000000000",
	"f8523377-969b-4dac-8a14-33dec9b5257a");
INSERT INTO C_R
	VALUES ("e5700c6d-f43b-47a0-ac2d-0a9428c49aaf",
	'PaymentProviderInterface',
	'',
	'Unnamed Interface',
	'HotelComponent::Port3::PaymentProviderInterface');
INSERT INTO SPR_REP
	VALUES ("8d34f116-01ee-4538-8974-0d535305eaa6",
	"7cafd22b-6779-4267-a861-d26be27bb0a1",
	"e5700c6d-f43b-47a0-ac2d-0a9428c49aaf");
INSERT INTO SPR_RS
	VALUES ("8d34f116-01ee-4538-8974-0d535305eaa6",
	'paymentInfo',
	'',
	'',
	1);
INSERT INTO ACT_RSB
	VALUES ("3f1d94a8-7165-4b72-9175-cea23e65241d",
	"8d34f116-01ee-4538-8974-0d535305eaa6");
INSERT INTO ACT_ACT
	VALUES ("3f1d94a8-7165-4b72-9175-cea23e65241d",
	'signal',
	0,
	"37f804e0-e9bf-4381-89ba-c6d3746ac3d0",
	"00000000-0000-0000-0000-000000000000",
	0,
	'Port3::PaymentProviderInterface::paymentInfo',
	"00000000-0000-0000-0000-000000000000");
INSERT INTO ACT_BLK
	VALUES ("37f804e0-e9bf-4381-89ba-c6d3746ac3d0",
	0,
	0,
	0,
	'',
	'',
	'',
	0,
	0,
	0,
	0,
	0,
	0,
	0,
	0,
	0,
	0,
	0,
	0,
	0,
	"3f1d94a8-7165-4b72-9175-cea23e65241d",
	"00000000-0000-0000-0000-000000000000");
INSERT INTO SPR_REP
	VALUES ("0c4dde20-f824-4965-8ee8-1496b7c18b10",
	"2d9cd3fd-553c-48ce-b032-46811da9d137",
	"e5700c6d-f43b-47a0-ac2d-0a9428c49aaf");
INSERT INTO SPR_RS
	VALUES ("0c4dde20-f824-4965-8ee8-1496b7c18b10",
	'paymentValid',
	'',
	'

select any bs from instances of BOOKINGSESSION where selected.ID == param.sessionID;

if (not_empty bs)
	LOG::LogInfo(message: "H: paymentValidSignal: generating event");
	generate BOOKINGSESSION7:paymentConfirmedEvent(valid:param.valid) to bs;
else
	LOG::LogInfo(message: "H: paymentValidSignal: Session not found.");
end if;',
	1);
INSERT INTO ACT_RSB
	VALUES ("17e5bf23-db25-4a7c-b477-213e98ad338e",
	"0c4dde20-f824-4965-8ee8-1496b7c18b10");
INSERT INTO ACT_ACT
	VALUES ("17e5bf23-db25-4a7c-b477-213e98ad338e",
	'signal',
	0,
	"d797e455-67dc-456d-96a1-eafa9f294a90",
	"00000000-0000-0000-0000-000000000000",
	0,
	'Port3::PaymentProviderInterface::paymentValid',
	"00000000-0000-0000-0000-000000000000");
INSERT INTO ACT_BLK
	VALUES ("d797e455-67dc-456d-96a1-eafa9f294a90",
	1,
	0,
	1,
	'',
	'',
	'',
	8,
	1,
	3,
	33,
	0,
	0,
	0,
	0,
	0,
	0,
	0,
	0,
	0,
	"17e5bf23-db25-4a7c-b477-213e98ad338e",
	"00000000-0000-0000-0000-000000000000");
INSERT INTO ACT_SMT
	VALUES ("558fa4aa-83b4-416b-bc36-74fb7b5c7560",
	"d797e455-67dc-456d-96a1-eafa9f294a90",
	"d3ea0fda-e83d-405a-a72b-33e0c7e1cc86",
	3,
	1,
	'Port3::PaymentProviderInterface::paymentValid line: 3');
INSERT INTO ACT_FIW
	VALUES ("558fa4aa-83b4-416b-bc36-74fb7b5c7560",
	"c1b8a9dd-ce79-4e2b-81cf-c3e4ee3ca670",
	1,
	'any',
	"0bbe9f31-6c5c-49be-9fd4-b1ba90544d20",
	"7137c09d-ba0e-406b-b3b5-76bb3cc48f3d",
	3,
	33);
INSERT INTO ACT_SMT
	VALUES ("d3ea0fda-e83d-405a-a72b-33e0c7e1cc86",
	"d797e455-67dc-456d-96a1-eafa9f294a90",
	"00000000-0000-0000-0000-000000000000",
	5,
	1,
	'Port3::PaymentProviderInterface::paymentValid line: 5');
INSERT INTO ACT_IF
	VALUES ("d3ea0fda-e83d-405a-a72b-33e0c7e1cc86",
	"f3695888-2f39-4e40-8825-554a9ce94721",
	"d7a3c913-95ad-4f5c-a203-1700c1b14390",
	"00000000-0000-0000-0000-000000000000",
	"00000000-0000-0000-0000-000000000000");
INSERT INTO ACT_SMT
	VALUES ("884938ad-4032-4b08-9404-b6ae9198bb7e",
	"d797e455-67dc-456d-96a1-eafa9f294a90",
	"00000000-0000-0000-0000-000000000000",
	8,
	1,
	'Port3::PaymentProviderInterface::paymentValid line: 8');
INSERT INTO ACT_E
	VALUES ("884938ad-4032-4b08-9404-b6ae9198bb7e",
	"75b0038b-f527-4aa2-bcbd-2dbf0f7b1492",
	"d3ea0fda-e83d-405a-a72b-33e0c7e1cc86");
INSERT INTO V_VAL
	VALUES ("fe22e09d-3c5a-4e23-92b9-0881de5712d6",
	0,
	0,
	3,
	54,
	-1,
	0,
	0,
	0,
	0,
	"ba5eda7a-def5-0000-0000-000000000008",
	"d797e455-67dc-456d-96a1-eafa9f294a90");
INSERT INTO V_SLR
	VALUES ("fe22e09d-3c5a-4e23-92b9-0881de5712d6",
	"00000000-0000-0000-0000-000000000000",
	"00000000-0000-0000-0000-000000000000",
	"00000000-0000-0000-0000-000000000000");
INSERT INTO V_VAL
	VALUES ("8ea5a887-d55b-4a81-b32b-467ead2a9c69",
	0,
	0,
	3,
	63,
	64,
	0,
	0,
	0,
	0,
	"ba5eda7a-def5-0000-0000-000000000005",
	"d797e455-67dc-456d-96a1-eafa9f294a90");
INSERT INTO V_AVL
	VALUES ("8ea5a887-d55b-4a81-b32b-467ead2a9c69",
	"fe22e09d-3c5a-4e23-92b9-0881de5712d6",
	"7137c09d-ba0e-406b-b3b5-76bb3cc48f3d",
	"df46d3b5-7060-4611-8908-d535d035865a");
INSERT INTO V_VAL
	VALUES ("0bbe9f31-6c5c-49be-9fd4-b1ba90544d20",
	0,
	0,
	-1,
	-1,
	-1,
	0,
	0,
	0,
	0,
	"ba5eda7a-def5-0000-0000-000000000001",
	"d797e455-67dc-456d-96a1-eafa9f294a90");
INSERT INTO V_BIN
	VALUES ("0bbe9f31-6c5c-49be-9fd4-b1ba90544d20",
	"5413f315-b803-458a-ad57-7c662ede5cdf",
	"8ea5a887-d55b-4a81-b32b-467ead2a9c69",
	'==');
INSERT INTO V_VAL
	VALUES ("5413f315-b803-458a-ad57-7c662ede5cdf",
	0,
	0,
	3,
	75,
	83,
	0,
	0,
	0,
	0,
	"ba5eda7a-def5-0000-0000-000000000005",
	"d797e455-67dc-456d-96a1-eafa9f294a90");
INSERT INTO V_PVL
	VALUES ("5413f315-b803-458a-ad57-7c662ede5cdf",
	"00000000-0000-0000-0000-000000000000",
	"00000000-0000-0000-0000-000000000000",
	"00000000-0000-0000-0000-000000000000",
	"3c67296b-7a0c-4a7f-a53a-fa87f9307dfd");
INSERT INTO V_VAL
	VALUES ("cdd23e8e-f912-4862-ac83-edb67aa6ee4c",
	0,
	0,
	5,
	15,
	16,
	0,
	0,
	0,
	0,
	"ba5eda7a-def5-0000-0000-000000000008",
	"d797e455-67dc-456d-96a1-eafa9f294a90");
INSERT INTO V_IRF
	VALUES ("cdd23e8e-f912-4862-ac83-edb67aa6ee4c",
	"c1b8a9dd-ce79-4e2b-81cf-c3e4ee3ca670");
INSERT INTO V_VAL
	VALUES ("d7a3c913-95ad-4f5c-a203-1700c1b14390",
	0,
	0,
	-1,
	-1,
	-1,
	0,
	0,
	0,
	0,
	"ba5eda7a-def5-0000-0000-000000000001",
	"d797e455-67dc-456d-96a1-eafa9f294a90");
INSERT INTO V_UNY
	VALUES ("d7a3c913-95ad-4f5c-a203-1700c1b14390",
	"cdd23e8e-f912-4862-ac83-edb67aa6ee4c",
	'not_empty');
INSERT INTO V_VAR
	VALUES ("c1b8a9dd-ce79-4e2b-81cf-c3e4ee3ca670",
	"d797e455-67dc-456d-96a1-eafa9f294a90",
	'bs',
	1,
	"ba5eda7a-def5-0000-0000-000000000008");
INSERT INTO V_INT
	VALUES ("c1b8a9dd-ce79-4e2b-81cf-c3e4ee3ca670",
	0,
	"7137c09d-ba0e-406b-b3b5-76bb3cc48f3d");
INSERT INTO V_LOC
	VALUES ("e44ee682-f2ce-46a3-b574-bdccc16eb373",
	3,
	12,
	13,
	"c1b8a9dd-ce79-4e2b-81cf-c3e4ee3ca670");
INSERT INTO V_LOC
	VALUES ("ddb11d63-b1d9-408a-99f7-f6fdea442ad3",
	7,
	71,
	72,
	"c1b8a9dd-ce79-4e2b-81cf-c3e4ee3ca670");
INSERT INTO ACT_BLK
	VALUES ("f3695888-2f39-4e40-8825-554a9ce94721",
	0,
	0,
	0,
	'V_VAR.Var_ID',
	'valid',
	'valid',
	7,
	2,
	6,
	2,
	0,
	0,
	0,
	0,
	0,
	0,
	0,
	0,
	0,
	"17e5bf23-db25-4a7c-b477-213e98ad338e",
	"00000000-0000-0000-0000-000000000000");
INSERT INTO ACT_SMT
	VALUES ("23ecfd3d-e0e7-4ff6-ac31-b4d90891792f",
	"f3695888-2f39-4e40-8825-554a9ce94721",
	"f4b81672-31f7-4db3-9600-9da3148f93f0",
	6,
	2,
	'Port3::PaymentProviderInterface::paymentValid line: 6');
INSERT INTO ACT_BRG
	VALUES ("23ecfd3d-e0e7-4ff6-ac31-b4d90891792f",
	"768e1cca-7403-495c-9b22-afd11a473eb6",
	6,
	7,
	6,
	2);
INSERT INTO ACT_SMT
	VALUES ("f4b81672-31f7-4db3-9600-9da3148f93f0",
	"f3695888-2f39-4e40-8825-554a9ce94721",
	"00000000-0000-0000-0000-000000000000",
	7,
	2,
	'Port3::PaymentProviderInterface::paymentValid line: 7');
INSERT INTO E_ESS
	VALUES ("f4b81672-31f7-4db3-9600-9da3148f93f0",
	1,
	0,
	7,
	11,
	7,
	27,
	6,
	2,
	7,
	49,
	0,
	0);
INSERT INTO V_PAR
	VALUES ("1a612de3-f4a5-4fc3-baf5-ace60c244ab1",
	"f4b81672-31f7-4db3-9600-9da3148f93f0",
	"00000000-0000-0000-0000-000000000000",
	'valid',
	"00000000-0000-0000-0000-000000000000",
	7,
	49);
INSERT INTO E_GES
	VALUES ("f4b81672-31f7-4db3-9600-9da3148f93f0");
INSERT INTO E_GSME
	VALUES ("f4b81672-31f7-4db3-9600-9da3148f93f0",
	"2abc1152-f6f1-440f-8291-2896e45ba380");
INSERT INTO E_GEN
	VALUES ("f4b81672-31f7-4db3-9600-9da3148f93f0",
	"c1b8a9dd-ce79-4e2b-81cf-c3e4ee3ca670");
INSERT INTO V_VAL
	VALUES ("b234ef0d-99df-40a2-9df2-9ecccae9765b",
	0,
	0,
	6,
	24,
	63,
	0,
	0,
	0,
	0,
	"ba5eda7a-def5-0000-0000-000000000004",
	"f3695888-2f39-4e40-8825-554a9ce94721");
INSERT INTO V_LST
	VALUES ("b234ef0d-99df-40a2-9df2-9ecccae9765b",
	'H: paymentValidSignal: generating event');
INSERT INTO V_PAR
	VALUES ("b234ef0d-99df-40a2-9df2-9ecccae9765b",
	"23ecfd3d-e0e7-4ff6-ac31-b4d90891792f",
	"00000000-0000-0000-0000-000000000000",
	'message',
	"00000000-0000-0000-0000-000000000000",
	6,
	15);
INSERT INTO V_VAL
	VALUES ("1a612de3-f4a5-4fc3-baf5-ace60c244ab1",
	0,
	0,
	7,
	61,
	65,
	0,
	0,
	0,
	0,
	"ba5eda7a-def5-0000-0000-000000000001",
	"f3695888-2f39-4e40-8825-554a9ce94721");
INSERT INTO V_PVL
	VALUES ("1a612de3-f4a5-4fc3-baf5-ace60c244ab1",
	"00000000-0000-0000-0000-000000000000",
	"00000000-0000-0000-0000-000000000000",
	"00000000-0000-0000-0000-000000000000",
	"b70b0790-90c1-4465-8ee8-3f87ff492a8c");
INSERT INTO ACT_BLK
	VALUES ("75b0038b-f527-4aa2-bcbd-2dbf0f7b1492",
	0,
	0,
	0,
	'LOG',
	'',
	'',
	9,
	2,
	9,
	2,
	0,
	0,
	0,
	0,
	0,
	0,
	0,
	0,
	0,
	"17e5bf23-db25-4a7c-b477-213e98ad338e",
	"00000000-0000-0000-0000-000000000000");
INSERT INTO ACT_SMT
	VALUES ("320bfa11-96af-453d-af5e-7b1d8d209c48",
	"75b0038b-f527-4aa2-bcbd-2dbf0f7b1492",
	"00000000-0000-0000-0000-000000000000",
	9,
	2,
	'Port3::PaymentProviderInterface::paymentValid line: 9');
INSERT INTO ACT_BRG
	VALUES ("320bfa11-96af-453d-af5e-7b1d8d209c48",
	"768e1cca-7403-495c-9b22-afd11a473eb6",
	9,
	7,
	9,
	2);
INSERT INTO V_VAL
	VALUES ("6a95b967-603a-4213-a9dd-ec2117eebea1",
	0,
	0,
	9,
	24,
	65,
	0,
	0,
	0,
	0,
	"ba5eda7a-def5-0000-0000-000000000004",
	"75b0038b-f527-4aa2-bcbd-2dbf0f7b1492");
INSERT INTO V_LST
	VALUES ("6a95b967-603a-4213-a9dd-ec2117eebea1",
	'H: paymentValidSignal: Session not found.');
INSERT INTO V_PAR
	VALUES ("6a95b967-603a-4213-a9dd-ec2117eebea1",
	"320bfa11-96af-453d-af5e-7b1d8d209c48",
	"00000000-0000-0000-0000-000000000000",
	'message',
	"00000000-0000-0000-0000-000000000000",
	9,
	15);
INSERT INTO SPR_REP
	VALUES ("769a003e-0907-4779-aa49-c79490d48c5b",
	"2a4861a8-ad7f-463c-8cd6-6e247346484f",
	"e5700c6d-f43b-47a0-ac2d-0a9428c49aaf");
INSERT INTO SPR_RS
	VALUES ("769a003e-0907-4779-aa49-c79490d48c5b",
	's1',
	'',
	'',
	1);
INSERT INTO ACT_RSB
	VALUES ("de22ecb8-e4d4-4c07-a46a-eb9937186472",
	"769a003e-0907-4779-aa49-c79490d48c5b");
INSERT INTO ACT_ACT
	VALUES ("de22ecb8-e4d4-4c07-a46a-eb9937186472",
	'signal',
	0,
	"6f39c2cf-78c1-4be9-8794-a2bc7d83fddf",
	"00000000-0000-0000-0000-000000000000",
	0,
	'Port3::PaymentProviderInterface::s1',
	"00000000-0000-0000-0000-000000000000");
INSERT INTO ACT_BLK
	VALUES ("6f39c2cf-78c1-4be9-8794-a2bc7d83fddf",
	0,
	0,
	0,
	'',
	'',
	'',
	0,
	0,
	0,
	0,
	0,
	0,
	0,
	0,
	0,
	0,
	0,
	0,
	0,
	"de22ecb8-e4d4-4c07-a46a-eb9937186472",
	"00000000-0000-0000-0000-000000000000");
INSERT INTO SPR_REP
	VALUES ("947a6a62-745b-4af5-8764-ff3a6cc96a6d",
	"7d2bcad0-f2fe-466a-9f5c-5685971410a6",
	"e5700c6d-f43b-47a0-ac2d-0a9428c49aaf");
INSERT INTO SPR_RS
	VALUES ("947a6a62-745b-4af5-8764-ff3a6cc96a6d",
	's1',
	'',
	'',
	1);
INSERT INTO ACT_RSB
	VALUES ("245b1daa-8421-45e9-a066-3323f722559d",
	"947a6a62-745b-4af5-8764-ff3a6cc96a6d");
INSERT INTO ACT_ACT
	VALUES ("245b1daa-8421-45e9-a066-3323f722559d",
	'signal',
	0,
	"f2fbe9e0-31f4-43a4-8bf6-a070fc7aa075",
	"00000000-0000-0000-0000-000000000000",
	0,
	'Port3::PaymentProviderInterface::s1',
	"00000000-0000-0000-0000-000000000000");
INSERT INTO ACT_BLK
	VALUES ("f2fbe9e0-31f4-43a4-8bf6-a070fc7aa075",
	0,
	0,
	0,
	'',
	'',
	'',
	0,
	0,
	0,
	0,
	0,
	0,
	0,
	0,
	0,
	0,
	0,
	0,
	0,
	"245b1daa-8421-45e9-a066-3323f722559d",
	"00000000-0000-0000-0000-000000000000");
INSERT INTO SPR_REP
	VALUES ("2e52824c-612c-4a51-b2ad-beccee855b1e",
	"c99c125a-095f-4952-a629-0621c7dbdb11",
	"e5700c6d-f43b-47a0-ac2d-0a9428c49aaf");
INSERT INTO SPR_RS
	VALUES ("2e52824c-612c-4a51-b2ad-beccee855b1e",
	's1',
	'',
	'',
	1);
INSERT INTO ACT_RSB
	VALUES ("07449515-6ec9-41a0-baa8-f6bb1d702f56",
	"2e52824c-612c-4a51-b2ad-beccee855b1e");
INSERT INTO ACT_ACT
	VALUES ("07449515-6ec9-41a0-baa8-f6bb1d702f56",
	'signal',
	0,
	"f3aaca7b-01f6-413e-a4a2-7a04b0199e20",
	"00000000-0000-0000-0000-000000000000",
	0,
	'Port3::PaymentProviderInterface::s1',
	"00000000-0000-0000-0000-000000000000");
INSERT INTO ACT_BLK
	VALUES ("f3aaca7b-01f6-413e-a4a2-7a04b0199e20",
	0,
	0,
	0,
	'',
	'',
	'',
	0,
	0,
	0,
	0,
	0,
	0,
	0,
	0,
	0,
	0,
	0,
	0,
	0,
	"07449515-6ec9-41a0-baa8-f6bb1d702f56",
	"00000000-0000-0000-0000-000000000000");
INSERT INTO SPR_REP
	VALUES ("f4df6b21-18f4-4f8f-9f85-03750270796f",
	"6ff3a8a7-9b80-439a-8fb0-f17f749b7d3c",
	"e5700c6d-f43b-47a0-ac2d-0a9428c49aaf");
INSERT INTO SPR_RS
	VALUES ("f4df6b21-18f4-4f8f-9f85-03750270796f",
	's1',
	'',
	'',
	1);
INSERT INTO ACT_RSB
	VALUES ("e335e365-cd06-47c3-97fc-373cb7c44275",
	"f4df6b21-18f4-4f8f-9f85-03750270796f");
INSERT INTO ACT_ACT
	VALUES ("e335e365-cd06-47c3-97fc-373cb7c44275",
	'signal',
	0,
	"e484c368-2289-40fa-b65a-3217f1734e27",
	"00000000-0000-0000-0000-000000000000",
	0,
	'Port3::PaymentProviderInterface::s1',
	"00000000-0000-0000-0000-000000000000");
INSERT INTO ACT_BLK
	VALUES ("e484c368-2289-40fa-b65a-3217f1734e27",
	0,
	0,
	0,
	'',
	'',
	'',
	0,
	0,
	0,
	0,
	0,
	0,
	0,
	0,
	0,
	0,
	0,
	0,
	0,
	"e335e365-cd06-47c3-97fc-373cb7c44275",
	"00000000-0000-0000-0000-000000000000");
INSERT INTO SPR_REP
	VALUES ("13f74118-1e32-41e1-a36f-e740de18768a",
	"188f5759-e501-4f70-94fb-2bfb59a128ae",
	"e5700c6d-f43b-47a0-ac2d-0a9428c49aaf");
INSERT INTO SPR_RS
	VALUES ("13f74118-1e32-41e1-a36f-e740de18768a",
	's1',
	'',
	'',
	1);
INSERT INTO ACT_RSB
	VALUES ("8421b163-ebd4-4168-86a2-db394da8d760",
	"13f74118-1e32-41e1-a36f-e740de18768a");
INSERT INTO ACT_ACT
	VALUES ("8421b163-ebd4-4168-86a2-db394da8d760",
	'signal',
	0,
	"ed32c020-5c3f-4e55-b5db-d1a4207b8ccc",
	"00000000-0000-0000-0000-000000000000",
	0,
	'Port3::PaymentProviderInterface::s1',
	"00000000-0000-0000-0000-000000000000");
INSERT INTO ACT_BLK
	VALUES ("ed32c020-5c3f-4e55-b5db-d1a4207b8ccc",
	0,
	0,
	0,
	'',
	'',
	'',
	0,
	0,
	0,
	0,
	0,
	0,
	0,
	0,
	0,
	0,
	0,
	0,
	0,
	"8421b163-ebd4-4168-86a2-db394da8d760",
	"00000000-0000-0000-0000-000000000000");
INSERT INTO SPR_REP
	VALUES ("92d848c9-55c6-4705-b44d-66930b97563c",
	"a9cff890-a2c5-4f18-8bf3-c9a31e0eefc9",
	"e5700c6d-f43b-47a0-ac2d-0a9428c49aaf");
INSERT INTO SPR_RS
	VALUES ("92d848c9-55c6-4705-b44d-66930b97563c",
	's1',
	'',
	'',
	1);
INSERT INTO ACT_RSB
	VALUES ("89e86464-5ce4-4465-9ca3-0c7a9e1b7941",
	"92d848c9-55c6-4705-b44d-66930b97563c");
INSERT INTO ACT_ACT
	VALUES ("89e86464-5ce4-4465-9ca3-0c7a9e1b7941",
	'signal',
	0,
	"d365d01b-b1a0-47a3-93bf-17637bcfd31f",
	"00000000-0000-0000-0000-000000000000",
	0,
	'Port3::PaymentProviderInterface::s1',
	"00000000-0000-0000-0000-000000000000");
INSERT INTO ACT_BLK
	VALUES ("d365d01b-b1a0-47a3-93bf-17637bcfd31f",
	0,
	0,
	0,
	'',
	'',
	'',
	0,
	0,
	0,
	0,
	0,
	0,
	0,
	0,
	0,
	0,
	0,
	0,
	0,
	"89e86464-5ce4-4465-9ca3-0c7a9e1b7941",
	"00000000-0000-0000-0000-000000000000");
INSERT INTO SPR_REP
	VALUES ("bd66d0f5-1377-433f-9430-e274eb4e9a08",
	"503de9c4-232e-4cc9-a0f8-5ac6bffee450",
	"e5700c6d-f43b-47a0-ac2d-0a9428c49aaf");
INSERT INTO SPR_RS
	VALUES ("bd66d0f5-1377-433f-9430-e274eb4e9a08",
	's1',
	'',
	'',
	1);
INSERT INTO ACT_RSB
	VALUES ("5c7bfba5-dcbe-44e7-9e0e-a2c6a16755e5",
	"bd66d0f5-1377-433f-9430-e274eb4e9a08");
INSERT INTO ACT_ACT
	VALUES ("5c7bfba5-dcbe-44e7-9e0e-a2c6a16755e5",
	'signal',
	0,
	"0f0eaa59-9c34-49d3-96f3-060b091f49f2",
	"00000000-0000-0000-0000-000000000000",
	0,
	'Port3::PaymentProviderInterface::s1',
	"00000000-0000-0000-0000-000000000000");
INSERT INTO ACT_BLK
	VALUES ("0f0eaa59-9c34-49d3-96f3-060b091f49f2",
	0,
	0,
	0,
	'',
	'',
	'',
	0,
	0,
	0,
	0,
	0,
	0,
	0,
	0,
	0,
	0,
	0,
	0,
	0,
	"5c7bfba5-dcbe-44e7-9e0e-a2c6a16755e5",
	"00000000-0000-0000-0000-000000000000");
INSERT INTO SPR_REP
	VALUES ("723ab550-e26b-4fa3-ac44-8a70c35b9b77",
	"057381f7-153d-4176-80aa-f5f3b349020a",
	"e5700c6d-f43b-47a0-ac2d-0a9428c49aaf");
INSERT INTO SPR_RO
	VALUES ("723ab550-e26b-4fa3-ac44-8a70c35b9b77",
	'o1',
	'',
	'',
	1);
INSERT INTO ACT_ROB
	VALUES ("9f04e421-0a12-4630-bea1-744cf47af132",
	"723ab550-e26b-4fa3-ac44-8a70c35b9b77");
INSERT INTO ACT_ACT
	VALUES ("9f04e421-0a12-4630-bea1-744cf47af132",
	'interface operation',
	0,
	"afd0ee37-b694-4a0c-939e-87f75365c8a4",
	"00000000-0000-0000-0000-000000000000",
	0,
	'Port3::PaymentProviderInterface::o1',
	"00000000-0000-0000-0000-000000000000");
INSERT INTO ACT_BLK
	VALUES ("afd0ee37-b694-4a0c-939e-87f75365c8a4",
	0,
	0,
	0,
	'',
	'',
	'',
	0,
	0,
	0,
	0,
	0,
	0,
	0,
	0,
	0,
	0,
	0,
	0,
	0,
	"9f04e421-0a12-4630-bea1-744cf47af132",
	"00000000-0000-0000-0000-000000000000");
INSERT INTO SPR_REP
	VALUES ("af3da670-e67b-4294-98da-8d0c284140dc",
	"5fa0e52f-a290-4d43-b16c-693b93c717bd",
	"e5700c6d-f43b-47a0-ac2d-0a9428c49aaf");
INSERT INTO SPR_RO
	VALUES ("af3da670-e67b-4294-98da-8d0c284140dc",
	'o2',
	'',
	'',
	1);
INSERT INTO ACT_ROB
	VALUES ("f8ef6b8a-16ef-417f-9ca8-3f795ef0bc98",
	"af3da670-e67b-4294-98da-8d0c284140dc");
INSERT INTO ACT_ACT
	VALUES ("f8ef6b8a-16ef-417f-9ca8-3f795ef0bc98",
	'interface operation',
	0,
	"8d4ab692-1664-44e7-bead-15f9be526417",
	"00000000-0000-0000-0000-000000000000",
	0,
	'Port3::PaymentProviderInterface::o2',
	"00000000-0000-0000-0000-000000000000");
INSERT INTO ACT_BLK
	VALUES ("8d4ab692-1664-44e7-bead-15f9be526417",
	0,
	0,
	0,
	'',
	'',
	'',
	0,
	0,
	0,
	0,
	0,
	0,
	0,
	0,
	0,
	0,
	0,
	0,
	0,
	"f8ef6b8a-16ef-417f-9ca8-3f795ef0bc98",
	"00000000-0000-0000-0000-000000000000");
INSERT INTO SPR_REP
	VALUES ("5b579291-745c-4cdf-a381-25a601aba8e4",
	"e5dd7715-d98a-4b18-8017-fb338c438e2a",
	"e5700c6d-f43b-47a0-ac2d-0a9428c49aaf");
INSERT INTO SPR_RO
	VALUES ("5b579291-745c-4cdf-a381-25a601aba8e4",
	'o3',
	'',
	'',
	1);
INSERT INTO ACT_ROB
	VALUES ("b48efc97-6514-409d-a631-29cd7a4e1df1",
	"5b579291-745c-4cdf-a381-25a601aba8e4");
INSERT INTO ACT_ACT
	VALUES ("b48efc97-6514-409d-a631-29cd7a4e1df1",
	'interface operation',
	0,
	"d4041c77-4290-43f1-b592-43e07f218caa",
	"00000000-0000-0000-0000-000000000000",
	0,
	'Port3::PaymentProviderInterface::o3',
	"00000000-0000-0000-0000-000000000000");
INSERT INTO ACT_BLK
	VALUES ("d4041c77-4290-43f1-b592-43e07f218caa",
	0,
	0,
	0,
	'',
	'',
	'',
	0,
	0,
	0,
	0,
	0,
	0,
	0,
	0,
	0,
	0,
	0,
	0,
	0,
	"b48efc97-6514-409d-a631-29cd7a4e1df1",
	"00000000-0000-0000-0000-000000000000");
INSERT INTO SPR_REP
	VALUES ("16e8b945-4151-4bd2-92a8-373b54c1dfb6",
	"f35fc4e6-b36a-4435-8304-40b31cea0c6e",
	"e5700c6d-f43b-47a0-ac2d-0a9428c49aaf");
INSERT INTO SPR_RO
	VALUES ("16e8b945-4151-4bd2-92a8-373b54c1dfb6",
	'o4',
	'',
	'',
	1);
INSERT INTO ACT_ROB
	VALUES ("805d96e4-e7c1-4347-8258-94ad8a1c00ec",
	"16e8b945-4151-4bd2-92a8-373b54c1dfb6");
INSERT INTO ACT_ACT
	VALUES ("805d96e4-e7c1-4347-8258-94ad8a1c00ec",
	'interface operation',
	0,
	"d6785d88-2e50-46d7-a020-a6750f08c174",
	"00000000-0000-0000-0000-000000000000",
	0,
	'Port3::PaymentProviderInterface::o4',
	"00000000-0000-0000-0000-000000000000");
INSERT INTO ACT_BLK
	VALUES ("d6785d88-2e50-46d7-a020-a6750f08c174",
	0,
	0,
	0,
	'',
	'',
	'',
	0,
	0,
	0,
	0,
	0,
	0,
	0,
	0,
	0,
	0,
	0,
	0,
	0,
	"805d96e4-e7c1-4347-8258-94ad8a1c00ec",
	"00000000-0000-0000-0000-000000000000");
INSERT INTO SPR_REP
	VALUES ("f263fa51-938f-4861-be30-17b38e842a28",
	"3fdee974-5494-4d1a-8172-e9db9f8ae18d",
	"e5700c6d-f43b-47a0-ac2d-0a9428c49aaf");
INSERT INTO SPR_RO
	VALUES ("f263fa51-938f-4861-be30-17b38e842a28",
	'o1',
	'',
	'',
	1);
INSERT INTO ACT_ROB
	VALUES ("bb018c41-3bf3-4e4f-9902-e84cc84070cf",
	"f263fa51-938f-4861-be30-17b38e842a28");
INSERT INTO ACT_ACT
	VALUES ("bb018c41-3bf3-4e4f-9902-e84cc84070cf",
	'interface operation',
	0,
	"de9a7d32-831b-4fa0-8236-b2c0a227a816",
	"00000000-0000-0000-0000-000000000000",
	0,
	'Port3::PaymentProviderInterface::o1',
	"00000000-0000-0000-0000-000000000000");
INSERT INTO ACT_BLK
	VALUES ("de9a7d32-831b-4fa0-8236-b2c0a227a816",
	0,
	0,
	0,
	'',
	'',
	'',
	0,
	0,
	0,
	0,
	0,
	0,
	0,
	0,
	0,
	0,
	0,
	0,
	0,
	"bb018c41-3bf3-4e4f-9902-e84cc84070cf",
	"00000000-0000-0000-0000-000000000000");
INSERT INTO SPR_REP
	VALUES ("b456e48c-587e-427a-a32d-9988d2ae86dc",
	"8b1a5345-340a-4d43-bb67-90ce4607fc5a",
	"e5700c6d-f43b-47a0-ac2d-0a9428c49aaf");
INSERT INTO SPR_RO
	VALUES ("b456e48c-587e-427a-a32d-9988d2ae86dc",
	'o2',
	'',
	'',
	1);
INSERT INTO ACT_ROB
	VALUES ("c53df32f-37a2-438b-9acc-e165b88cccf0",
	"b456e48c-587e-427a-a32d-9988d2ae86dc");
INSERT INTO ACT_ACT
	VALUES ("c53df32f-37a2-438b-9acc-e165b88cccf0",
	'interface operation',
	0,
	"cf5cff89-5ab1-47b3-850f-d340b59b3500",
	"00000000-0000-0000-0000-000000000000",
	0,
	'Port3::PaymentProviderInterface::o2',
	"00000000-0000-0000-0000-000000000000");
INSERT INTO ACT_BLK
	VALUES ("cf5cff89-5ab1-47b3-850f-d340b59b3500",
	0,
	0,
	0,
	'',
	'',
	'',
	0,
	0,
	0,
	0,
	0,
	0,
	0,
	0,
	0,
	0,
	0,
	0,
	0,
	"c53df32f-37a2-438b-9acc-e165b88cccf0",
	"00000000-0000-0000-0000-000000000000");
INSERT INTO SPR_REP
	VALUES ("b93a64f0-15d9-4369-ab10-63f0114791a8",
	"2832886f-8f87-4313-99c5-547439cd85f3",
	"e5700c6d-f43b-47a0-ac2d-0a9428c49aaf");
INSERT INTO SPR_RO
	VALUES ("b93a64f0-15d9-4369-ab10-63f0114791a8",
	'o3',
	'',
	'',
	1);
INSERT INTO ACT_ROB
	VALUES ("a3a91191-fd35-44cc-bd91-649f75c25edf",
	"b93a64f0-15d9-4369-ab10-63f0114791a8");
INSERT INTO ACT_ACT
	VALUES ("a3a91191-fd35-44cc-bd91-649f75c25edf",
	'interface operation',
	0,
	"ba446ee1-ca81-460c-8b12-75adfc0b156a",
	"00000000-0000-0000-0000-000000000000",
	0,
	'Port3::PaymentProviderInterface::o3',
	"00000000-0000-0000-0000-000000000000");
INSERT INTO ACT_BLK
	VALUES ("ba446ee1-ca81-460c-8b12-75adfc0b156a",
	0,
	0,
	0,
	'',
	'',
	'',
	0,
	0,
	0,
	0,
	0,
	0,
	0,
	0,
	0,
	0,
	0,
	0,
	0,
	"a3a91191-fd35-44cc-bd91-649f75c25edf",
	"00000000-0000-0000-0000-000000000000");
INSERT INTO SPR_REP
	VALUES ("d4099d2b-6f63-4873-b495-2f39f28d542b",
	"bf1855b8-817f-4c4d-9922-307c6ef9976e",
	"e5700c6d-f43b-47a0-ac2d-0a9428c49aaf");
INSERT INTO SPR_RO
	VALUES ("d4099d2b-6f63-4873-b495-2f39f28d542b",
	'o4',
	'',
	'',
	1);
INSERT INTO ACT_ROB
	VALUES ("c42f5530-d9d5-4d90-ac5e-319e699eb5b2",
	"d4099d2b-6f63-4873-b495-2f39f28d542b");
INSERT INTO ACT_ACT
	VALUES ("c42f5530-d9d5-4d90-ac5e-319e699eb5b2",
	'interface operation',
	0,
	"5f02eb46-d142-4013-9834-920b71274c95",
	"00000000-0000-0000-0000-000000000000",
	0,
	'Port3::PaymentProviderInterface::o4',
	"00000000-0000-0000-0000-000000000000");
INSERT INTO ACT_BLK
	VALUES ("5f02eb46-d142-4013-9834-920b71274c95",
	0,
	0,
	0,
	'',
	'',
	'',
	0,
	0,
	0,
	0,
	0,
	0,
	0,
	0,
	0,
	0,
	0,
	0,
	0,
	"c42f5530-d9d5-4d90-ac5e-319e699eb5b2",
	"00000000-0000-0000-0000-000000000000");
INSERT INTO PE_PE
	VALUES ("960454f9-cf5f-4331-88bf-8023709586b1",
	1,
	"00000000-0000-0000-0000-000000000000",
	"ab2192c8-8390-4631-9e2c-fca2a1f30c08",
	7);
INSERT INTO EP_PKG
	VALUES ("960454f9-cf5f-4331-88bf-8023709586b1",
	"00000000-0000-0000-0000-000000000000",
	"77552e13-265a-4a67-beca-bb6af5f15d0b",
	'Hotel',
	'',
	0);
INSERT INTO PE_PE
	VALUES ("6557ebe6-ab9f-4355-8439-aba9a82c7dd3",
	1,
	"960454f9-cf5f-4331-88bf-8023709586b1",
	"00000000-0000-0000-0000-000000000000",
	3);
INSERT INTO S_DT
	VALUES ("6557ebe6-ab9f-4355-8439-aba9a82c7dd3",
	"00000000-0000-0000-0000-000000000000",
	'inst_ref_set<Facility>',
	'',
	'');
INSERT INTO S_IRDT
	VALUES ("6557ebe6-ab9f-4355-8439-aba9a82c7dd3",
	1,
	"4b839513-bd70-4d73-85ed-c06b10ee091a");
INSERT INTO PE_PE
	VALUES ("bd43dc09-3be2-4ae8-806d-bedb08b1e03c",
	1,
	"960454f9-cf5f-4331-88bf-8023709586b1",
	"00000000-0000-0000-0000-000000000000",
	3);
INSERT INTO S_DT
	VALUES ("bd43dc09-3be2-4ae8-806d-bedb08b1e03c",
	"00000000-0000-0000-0000-000000000000",
	'inst_ref<Facility>',
	'',
	'');
INSERT INTO S_IRDT
	VALUES ("bd43dc09-3be2-4ae8-806d-bedb08b1e03c",
	0,
	"4b839513-bd70-4d73-85ed-c06b10ee091a");
INSERT INTO PE_PE
	VALUES ("43b0cae0-5c1a-4413-9ef4-db5152923f7b",
	1,
	"960454f9-cf5f-4331-88bf-8023709586b1",
	"00000000-0000-0000-0000-000000000000",
	3);
INSERT INTO S_DT
	VALUES ("43b0cae0-5c1a-4413-9ef4-db5152923f7b",
	"00000000-0000-0000-0000-000000000000",
	'inst_ref_set<Booking>',
	'',
	'');
INSERT INTO S_IRDT
	VALUES ("43b0cae0-5c1a-4413-9ef4-db5152923f7b",
	1,
	"9a41fe9e-f547-4cde-b68d-f7db43c904dc");
INSERT INTO PE_PE
	VALUES ("433f7688-7b95-4f9c-89f1-cf076d691ab7",
	1,
	"960454f9-cf5f-4331-88bf-8023709586b1",
	"00000000-0000-0000-0000-000000000000",
	3);
INSERT INTO S_DT
	VALUES ("433f7688-7b95-4f9c-89f1-cf076d691ab7",
	"00000000-0000-0000-0000-000000000000",
	'inst_ref<Booking>',
	'',
	'');
INSERT INTO S_IRDT
	VALUES ("433f7688-7b95-4f9c-89f1-cf076d691ab7",
	0,
	"9a41fe9e-f547-4cde-b68d-f7db43c904dc");
INSERT INTO PE_PE
	VALUES ("df204ffe-8ba5-4335-839a-3b03a55091e7",
	1,
	"960454f9-cf5f-4331-88bf-8023709586b1",
	"00000000-0000-0000-0000-000000000000",
	3);
INSERT INTO S_DT
	VALUES ("df204ffe-8ba5-4335-839a-3b03a55091e7",
	"00000000-0000-0000-0000-000000000000",
	'inst_ref_set<Bookable>',
	'',
	'');
INSERT INTO S_IRDT
	VALUES ("df204ffe-8ba5-4335-839a-3b03a55091e7",
	1,
	"803702ba-1594-4405-b96a-8c76b6ef1c69");
INSERT INTO PE_PE
	VALUES ("bdce89ef-72f6-4386-ba13-b2d926836c80",
	1,
	"960454f9-cf5f-4331-88bf-8023709586b1",
	"00000000-0000-0000-0000-000000000000",
	3);
INSERT INTO S_DT
	VALUES ("bdce89ef-72f6-4386-ba13-b2d926836c80",
	"00000000-0000-0000-0000-000000000000",
	'inst_ref<Bookable>',
	'',
	'');
INSERT INTO S_IRDT
	VALUES ("bdce89ef-72f6-4386-ba13-b2d926836c80",
	0,
	"803702ba-1594-4405-b96a-8c76b6ef1c69");
INSERT INTO PE_PE
	VALUES ("ebb6007c-c361-40c7-ad5b-5b07d6a01d41",
	1,
	"960454f9-cf5f-4331-88bf-8023709586b1",
	"00000000-0000-0000-0000-000000000000",
	3);
INSERT INTO S_DT
	VALUES ("ebb6007c-c361-40c7-ad5b-5b07d6a01d41",
	"00000000-0000-0000-0000-000000000000",
	'inst_ref_set<FacilityType>',
	'',
	'');
INSERT INTO S_IRDT
	VALUES ("ebb6007c-c361-40c7-ad5b-5b07d6a01d41",
	1,
	"bafdc953-1881-43a3-a5f1-9dcc7e2d60c3");
INSERT INTO PE_PE
	VALUES ("99dc6d1a-909c-4bcb-a5b6-04d65b974e90",
	1,
	"960454f9-cf5f-4331-88bf-8023709586b1",
	"00000000-0000-0000-0000-000000000000",
	3);
INSERT INTO S_DT
	VALUES ("99dc6d1a-909c-4bcb-a5b6-04d65b974e90",
	"00000000-0000-0000-0000-000000000000",
	'inst_ref<FacilityType>',
	'',
	'');
INSERT INTO S_IRDT
	VALUES ("99dc6d1a-909c-4bcb-a5b6-04d65b974e90",
	0,
	"bafdc953-1881-43a3-a5f1-9dcc7e2d60c3");
INSERT INTO PE_PE
	VALUES ("c53c3d3d-c925-46df-8d23-da7e20b6f64c",
	1,
	"960454f9-cf5f-4331-88bf-8023709586b1",
	"00000000-0000-0000-0000-000000000000",
	3);
INSERT INTO S_DT
	VALUES ("c53c3d3d-c925-46df-8d23-da7e20b6f64c",
	"00000000-0000-0000-0000-000000000000",
	'inst_ref_set<Service>',
	'',
	'');
INSERT INTO S_IRDT
	VALUES ("c53c3d3d-c925-46df-8d23-da7e20b6f64c",
	1,
	"1efeba6e-0315-442d-8e70-729b05561bea");
INSERT INTO PE_PE
	VALUES ("41359d03-d56a-4b09-9529-4f2f2969949e",
	1,
	"960454f9-cf5f-4331-88bf-8023709586b1",
	"00000000-0000-0000-0000-000000000000",
	3);
INSERT INTO S_DT
	VALUES ("41359d03-d56a-4b09-9529-4f2f2969949e",
	"00000000-0000-0000-0000-000000000000",
	'inst_ref<Service>',
	'',
	'');
INSERT INTO S_IRDT
	VALUES ("41359d03-d56a-4b09-9529-4f2f2969949e",
	0,
	"1efeba6e-0315-442d-8e70-729b05561bea");
INSERT INTO PE_PE
	VALUES ("e8826e92-bfc8-4325-979a-2122f04032b6",
	1,
	"960454f9-cf5f-4331-88bf-8023709586b1",
	"00000000-0000-0000-0000-000000000000",
	9);
INSERT INTO R_REL
	VALUES ("e8826e92-bfc8-4325-979a-2122f04032b6",
	27,
	'',
	"00000000-0000-0000-0000-000000000000");
INSERT INTO R_SIMP
	VALUES ("e8826e92-bfc8-4325-979a-2122f04032b6");
INSERT INTO R_PART
	VALUES ("bd271967-a0a4-4bd7-9783-303111ffdc9b",
	"e8826e92-bfc8-4325-979a-2122f04032b6",
	"8fd6d4e6-2cf9-4cb6-b42f-dd04cc9d2bb4",
	0,
	0,
	'');
INSERT INTO R_RTO
	VALUES ("bd271967-a0a4-4bd7-9783-303111ffdc9b",
	"e8826e92-bfc8-4325-979a-2122f04032b6",
	"8fd6d4e6-2cf9-4cb6-b42f-dd04cc9d2bb4",
	-1);
INSERT INTO R_OIR
	VALUES ("bd271967-a0a4-4bd7-9783-303111ffdc9b",
	"e8826e92-bfc8-4325-979a-2122f04032b6",
	"8fd6d4e6-2cf9-4cb6-b42f-dd04cc9d2bb4",
	"00000000-0000-0000-0000-000000000000");
INSERT INTO R_PART
	VALUES ("7137c09d-ba0e-406b-b3b5-76bb3cc48f3d",
	"e8826e92-bfc8-4325-979a-2122f04032b6",
	"84f388ff-c5fa-46aa-bbcd-66ac73d3101c",
	0,
	0,
	'');
INSERT INTO R_RTO
	VALUES ("7137c09d-ba0e-406b-b3b5-76bb3cc48f3d",
	"e8826e92-bfc8-4325-979a-2122f04032b6",
	"84f388ff-c5fa-46aa-bbcd-66ac73d3101c",
	-1);
INSERT INTO R_OIR
	VALUES ("7137c09d-ba0e-406b-b3b5-76bb3cc48f3d",
	"e8826e92-bfc8-4325-979a-2122f04032b6",
	"84f388ff-c5fa-46aa-bbcd-66ac73d3101c",
	"00000000-0000-0000-0000-000000000000");
INSERT INTO PE_PE
	VALUES ("a30fd0d6-3586-438e-8d6d-b3d3b14c0f03",
	1,
	"960454f9-cf5f-4331-88bf-8023709586b1",
	"00000000-0000-0000-0000-000000000000",
	9);
INSERT INTO R_REL
	VALUES ("a30fd0d6-3586-438e-8d6d-b3d3b14c0f03",
	26,
	'',
	"00000000-0000-0000-0000-000000000000");
INSERT INTO R_SIMP
	VALUES ("a30fd0d6-3586-438e-8d6d-b3d3b14c0f03");
INSERT INTO R_PART
	VALUES ("9a41fe9e-f547-4cde-b68d-f7db43c904dc",
	"a30fd0d6-3586-438e-8d6d-b3d3b14c0f03",
	"30c64141-d0a5-47e7-afc3-fb1ec9e5775e",
	0,
	0,
	'');
INSERT INTO R_RTO
	VALUES ("9a41fe9e-f547-4cde-b68d-f7db43c904dc",
	"a30fd0d6-3586-438e-8d6d-b3d3b14c0f03",
	"30c64141-d0a5-47e7-afc3-fb1ec9e5775e",
	-1);
INSERT INTO R_OIR
	VALUES ("9a41fe9e-f547-4cde-b68d-f7db43c904dc",
	"a30fd0d6-3586-438e-8d6d-b3d3b14c0f03",
	"30c64141-d0a5-47e7-afc3-fb1ec9e5775e",
	"00000000-0000-0000-0000-000000000000");
INSERT INTO R_PART
	VALUES ("7137c09d-ba0e-406b-b3b5-76bb3cc48f3d",
	"a30fd0d6-3586-438e-8d6d-b3d3b14c0f03",
	"404c4b1d-c180-4c8b-a833-c61ea6f10d6c",
	0,
	0,
	'');
INSERT INTO R_RTO
	VALUES ("7137c09d-ba0e-406b-b3b5-76bb3cc48f3d",
	"a30fd0d6-3586-438e-8d6d-b3d3b14c0f03",
	"404c4b1d-c180-4c8b-a833-c61ea6f10d6c",
	-1);
INSERT INTO R_OIR
	VALUES ("7137c09d-ba0e-406b-b3b5-76bb3cc48f3d",
	"a30fd0d6-3586-438e-8d6d-b3d3b14c0f03",
	"404c4b1d-c180-4c8b-a833-c61ea6f10d6c",
	"00000000-0000-0000-0000-000000000000");
INSERT INTO PE_PE
	VALUES ("1a07e92a-4064-4fe6-82ed-e219bcad12d8",
	1,
	"960454f9-cf5f-4331-88bf-8023709586b1",
	"00000000-0000-0000-0000-000000000000",
	9);
INSERT INTO R_REL
	VALUES ("1a07e92a-4064-4fe6-82ed-e219bcad12d8",
	25,
	'',
	"00000000-0000-0000-0000-000000000000");
INSERT INTO R_SIMP
	VALUES ("1a07e92a-4064-4fe6-82ed-e219bcad12d8");
INSERT INTO R_PART
	VALUES ("803702ba-1594-4405-b96a-8c76b6ef1c69",
	"1a07e92a-4064-4fe6-82ed-e219bcad12d8",
	"ea3126f3-f5fb-4d96-b479-af29683a3964",
	1,
	0,
	'');
INSERT INTO R_RTO
	VALUES ("803702ba-1594-4405-b96a-8c76b6ef1c69",
	"1a07e92a-4064-4fe6-82ed-e219bcad12d8",
	"ea3126f3-f5fb-4d96-b479-af29683a3964",
	-1);
INSERT INTO R_OIR
	VALUES ("803702ba-1594-4405-b96a-8c76b6ef1c69",
	"1a07e92a-4064-4fe6-82ed-e219bcad12d8",
	"ea3126f3-f5fb-4d96-b479-af29683a3964",
	"00000000-0000-0000-0000-000000000000");
INSERT INTO R_PART
	VALUES ("b7e04034-9ae1-478b-b876-84a049865e77",
	"1a07e92a-4064-4fe6-82ed-e219bcad12d8",
	"c35bfe33-46b2-4153-be77-2450b41f0b03",
	1,
	0,
	'affects_price_of');
INSERT INTO R_RTO
	VALUES ("b7e04034-9ae1-478b-b876-84a049865e77",
	"1a07e92a-4064-4fe6-82ed-e219bcad12d8",
	"c35bfe33-46b2-4153-be77-2450b41f0b03",
	-1);
INSERT INTO R_OIR
	VALUES ("b7e04034-9ae1-478b-b876-84a049865e77",
	"1a07e92a-4064-4fe6-82ed-e219bcad12d8",
	"c35bfe33-46b2-4153-be77-2450b41f0b03",
	"00000000-0000-0000-0000-000000000000");
INSERT INTO PE_PE
	VALUES ("d0f8c2b3-33de-4e15-a759-da6c2e5f1356",
	1,
	"960454f9-cf5f-4331-88bf-8023709586b1",
	"00000000-0000-0000-0000-000000000000",
	9);
INSERT INTO R_REL
	VALUES ("d0f8c2b3-33de-4e15-a759-da6c2e5f1356",
	24,
	'',
	"00000000-0000-0000-0000-000000000000");
INSERT INTO R_SIMP
	VALUES ("d0f8c2b3-33de-4e15-a759-da6c2e5f1356");
INSERT INTO R_PART
	VALUES ("33325975-636b-4865-afdb-d6d8138b80fe",
	"d0f8c2b3-33de-4e15-a759-da6c2e5f1356",
	"31097f11-7095-44e0-9954-469e0023c372",
	0,
	0,
	'');
INSERT INTO R_RTO
	VALUES ("33325975-636b-4865-afdb-d6d8138b80fe",
	"d0f8c2b3-33de-4e15-a759-da6c2e5f1356",
	"31097f11-7095-44e0-9954-469e0023c372",
	-1);
INSERT INTO R_OIR
	VALUES ("33325975-636b-4865-afdb-d6d8138b80fe",
	"d0f8c2b3-33de-4e15-a759-da6c2e5f1356",
	"31097f11-7095-44e0-9954-469e0023c372",
	"00000000-0000-0000-0000-000000000000");
INSERT INTO R_PART
	VALUES ("b7e04034-9ae1-478b-b876-84a049865e77",
	"d0f8c2b3-33de-4e15-a759-da6c2e5f1356",
	"00002b38-6a02-4bbe-8dd4-ef69092fdd5e",
	1,
	1,
	'');
INSERT INTO R_RTO
	VALUES ("b7e04034-9ae1-478b-b876-84a049865e77",
	"d0f8c2b3-33de-4e15-a759-da6c2e5f1356",
	"00002b38-6a02-4bbe-8dd4-ef69092fdd5e",
	-1);
INSERT INTO R_OIR
	VALUES ("b7e04034-9ae1-478b-b876-84a049865e77",
	"d0f8c2b3-33de-4e15-a759-da6c2e5f1356",
	"00002b38-6a02-4bbe-8dd4-ef69092fdd5e",
	"00000000-0000-0000-0000-000000000000");
INSERT INTO PE_PE
	VALUES ("80e90b6a-30a0-41e8-b414-ac39ddd7f140",
	1,
	"960454f9-cf5f-4331-88bf-8023709586b1",
	"00000000-0000-0000-0000-000000000000",
	9);
INSERT INTO R_REL
	VALUES ("80e90b6a-30a0-41e8-b414-ac39ddd7f140",
	23,
	'',
	"00000000-0000-0000-0000-000000000000");
INSERT INTO R_SIMP
	VALUES ("80e90b6a-30a0-41e8-b414-ac39ddd7f140");
INSERT INTO R_PART
	VALUES ("bd271967-a0a4-4bd7-9783-303111ffdc9b",
	"80e90b6a-30a0-41e8-b414-ac39ddd7f140",
	"8dbdd0ee-1586-4767-a3e3-006183cb1823",
	1,
	1,
	'is_member_of');
INSERT INTO R_RTO
	VALUES ("bd271967-a0a4-4bd7-9783-303111ffdc9b",
	"80e90b6a-30a0-41e8-b414-ac39ddd7f140",
	"8dbdd0ee-1586-4767-a3e3-006183cb1823",
	-1);
INSERT INTO R_OIR
	VALUES ("bd271967-a0a4-4bd7-9783-303111ffdc9b",
	"80e90b6a-30a0-41e8-b414-ac39ddd7f140",
	"8dbdd0ee-1586-4767-a3e3-006183cb1823",
	"00000000-0000-0000-0000-000000000000");
INSERT INTO R_PART
	VALUES ("33325975-636b-4865-afdb-d6d8138b80fe",
	"80e90b6a-30a0-41e8-b414-ac39ddd7f140",
	"54d3bb98-7c23-4910-991f-8ccb0ddd3d25",
	1,
	1,
	'');
INSERT INTO R_RTO
	VALUES ("33325975-636b-4865-afdb-d6d8138b80fe",
	"80e90b6a-30a0-41e8-b414-ac39ddd7f140",
	"54d3bb98-7c23-4910-991f-8ccb0ddd3d25",
	-1);
INSERT INTO R_OIR
	VALUES ("33325975-636b-4865-afdb-d6d8138b80fe",
	"80e90b6a-30a0-41e8-b414-ac39ddd7f140",
	"54d3bb98-7c23-4910-991f-8ccb0ddd3d25",
	"00000000-0000-0000-0000-000000000000");
INSERT INTO PE_PE
	VALUES ("fb7ebd48-fca8-4db0-8828-bd411442c941",
	1,
	"960454f9-cf5f-4331-88bf-8023709586b1",
	"00000000-0000-0000-0000-000000000000",
	9);
INSERT INTO R_REL
	VALUES ("fb7ebd48-fca8-4db0-8828-bd411442c941",
	22,
	'',
	"00000000-0000-0000-0000-000000000000");
INSERT INTO R_ASSOC
	VALUES ("fb7ebd48-fca8-4db0-8828-bd411442c941");
INSERT INTO R_AOTH
	VALUES ("9a41fe9e-f547-4cde-b68d-f7db43c904dc",
	"fb7ebd48-fca8-4db0-8828-bd411442c941",
	"a8ecd928-0e48-41ac-8485-a6336b9bd404",
	0,
	0,
	'');
INSERT INTO R_RTO
	VALUES ("9a41fe9e-f547-4cde-b68d-f7db43c904dc",
	"fb7ebd48-fca8-4db0-8828-bd411442c941",
	"a8ecd928-0e48-41ac-8485-a6336b9bd404",
	-1);
INSERT INTO R_OIR
	VALUES ("9a41fe9e-f547-4cde-b68d-f7db43c904dc",
	"fb7ebd48-fca8-4db0-8828-bd411442c941",
	"a8ecd928-0e48-41ac-8485-a6336b9bd404",
	"00000000-0000-0000-0000-000000000000");
INSERT INTO R_AONE
	VALUES ("bd271967-a0a4-4bd7-9783-303111ffdc9b",
	"fb7ebd48-fca8-4db0-8828-bd411442c941",
	"34211b09-b258-4c6f-acbd-21357396ba0c",
	0,
	0,
	'makes_a');
INSERT INTO R_RTO
	VALUES ("bd271967-a0a4-4bd7-9783-303111ffdc9b",
	"fb7ebd48-fca8-4db0-8828-bd411442c941",
	"34211b09-b258-4c6f-acbd-21357396ba0c",
	-1);
INSERT INTO R_OIR
	VALUES ("bd271967-a0a4-4bd7-9783-303111ffdc9b",
	"fb7ebd48-fca8-4db0-8828-bd411442c941",
	"34211b09-b258-4c6f-acbd-21357396ba0c",
	"00000000-0000-0000-0000-000000000000");
INSERT INTO R_ASSR
	VALUES ("99c3a579-f918-44fd-916c-a41161cb6518",
	"fb7ebd48-fca8-4db0-8828-bd411442c941",
	"58f22f52-e1eb-4c83-899f-f42164ce5569",
	0);
INSERT INTO R_RGO
	VALUES ("99c3a579-f918-44fd-916c-a41161cb6518",
	"fb7ebd48-fca8-4db0-8828-bd411442c941",
	"58f22f52-e1eb-4c83-899f-f42164ce5569");
INSERT INTO R_OIR
	VALUES ("99c3a579-f918-44fd-916c-a41161cb6518",
	"fb7ebd48-fca8-4db0-8828-bd411442c941",
	"58f22f52-e1eb-4c83-899f-f42164ce5569",
	"00000000-0000-0000-0000-000000000000");
INSERT INTO PE_PE
	VALUES ("995332a0-bcad-41ba-84ba-f8f5200c08a9",
	1,
	"960454f9-cf5f-4331-88bf-8023709586b1",
	"00000000-0000-0000-0000-000000000000",
	9);
INSERT INTO R_REL
	VALUES ("995332a0-bcad-41ba-84ba-f8f5200c08a9",
	21,
	'',
	"00000000-0000-0000-0000-000000000000");
INSERT INTO R_SIMP
	VALUES ("995332a0-bcad-41ba-84ba-f8f5200c08a9");
INSERT INTO R_PART
	VALUES ("99c3a579-f918-44fd-916c-a41161cb6518",
	"995332a0-bcad-41ba-84ba-f8f5200c08a9",
	"3a307587-efbe-46b3-a1a6-5e9b0765c0ca",
	1,
	1,
	'');
INSERT INTO R_RTO
	VALUES ("99c3a579-f918-44fd-916c-a41161cb6518",
	"995332a0-bcad-41ba-84ba-f8f5200c08a9",
	"3a307587-efbe-46b3-a1a6-5e9b0765c0ca",
	-1);
INSERT INTO R_OIR
	VALUES ("99c3a579-f918-44fd-916c-a41161cb6518",
	"995332a0-bcad-41ba-84ba-f8f5200c08a9",
	"3a307587-efbe-46b3-a1a6-5e9b0765c0ca",
	"00000000-0000-0000-0000-000000000000");
INSERT INTO R_PART
	VALUES ("d26e1020-b532-43cc-aba6-3b584f19f179",
	"995332a0-bcad-41ba-84ba-f8f5200c08a9",
	"e33b9fea-6892-4298-9a8c-0f03ac39b370",
	0,
	0,
	'');
INSERT INTO R_RTO
	VALUES ("d26e1020-b532-43cc-aba6-3b584f19f179",
	"995332a0-bcad-41ba-84ba-f8f5200c08a9",
	"e33b9fea-6892-4298-9a8c-0f03ac39b370",
	-1);
INSERT INTO R_OIR
	VALUES ("d26e1020-b532-43cc-aba6-3b584f19f179",
	"995332a0-bcad-41ba-84ba-f8f5200c08a9",
	"e33b9fea-6892-4298-9a8c-0f03ac39b370",
	"00000000-0000-0000-0000-000000000000");
INSERT INTO PE_PE
	VALUES ("737fb9b4-6772-447a-9946-dea477ac7b1c",
	1,
	"960454f9-cf5f-4331-88bf-8023709586b1",
	"00000000-0000-0000-0000-000000000000",
	9);
INSERT INTO R_REL
	VALUES ("737fb9b4-6772-447a-9946-dea477ac7b1c",
	20,
	'',
	"00000000-0000-0000-0000-000000000000");
INSERT INTO R_SIMP
	VALUES ("737fb9b4-6772-447a-9946-dea477ac7b1c");
INSERT INTO R_PART
	VALUES ("37699420-e221-4e5c-800b-cf398f6e9803",
	"737fb9b4-6772-447a-9946-dea477ac7b1c",
	"7294955b-91f7-425d-850b-64f98ffa9908",
	1,
	0,
	'');
INSERT INTO R_RTO
	VALUES ("37699420-e221-4e5c-800b-cf398f6e9803",
	"737fb9b4-6772-447a-9946-dea477ac7b1c",
	"7294955b-91f7-425d-850b-64f98ffa9908",
	-1);
INSERT INTO R_OIR
	VALUES ("37699420-e221-4e5c-800b-cf398f6e9803",
	"737fb9b4-6772-447a-9946-dea477ac7b1c",
	"7294955b-91f7-425d-850b-64f98ffa9908",
	"00000000-0000-0000-0000-000000000000");
INSERT INTO R_PART
	VALUES ("99c3a579-f918-44fd-916c-a41161cb6518",
	"737fb9b4-6772-447a-9946-dea477ac7b1c",
	"353bef7d-d0ef-4253-8d57-e1f6fcb42b0c",
	0,
	0,
	'');
INSERT INTO R_RTO
	VALUES ("99c3a579-f918-44fd-916c-a41161cb6518",
	"737fb9b4-6772-447a-9946-dea477ac7b1c",
	"353bef7d-d0ef-4253-8d57-e1f6fcb42b0c",
	-1);
INSERT INTO R_OIR
	VALUES ("99c3a579-f918-44fd-916c-a41161cb6518",
	"737fb9b4-6772-447a-9946-dea477ac7b1c",
	"353bef7d-d0ef-4253-8d57-e1f6fcb42b0c",
	"00000000-0000-0000-0000-000000000000");
INSERT INTO PE_PE
	VALUES ("5b5a3175-13b4-4416-849f-5e76f1a4d678",
	1,
	"960454f9-cf5f-4331-88bf-8023709586b1",
	"00000000-0000-0000-0000-000000000000",
	9);
INSERT INTO R_REL
	VALUES ("5b5a3175-13b4-4416-849f-5e76f1a4d678",
	19,
	'',
	"00000000-0000-0000-0000-000000000000");
INSERT INTO R_SUBSUP
	VALUES ("5b5a3175-13b4-4416-849f-5e76f1a4d678");
INSERT INTO R_SUPER
	VALUES ("d26e1020-b532-43cc-aba6-3b584f19f179",
	"5b5a3175-13b4-4416-849f-5e76f1a4d678",
	"f76a8b5a-a168-4e59-b5c9-be355bf2289a");
INSERT INTO R_RTO
	VALUES ("d26e1020-b532-43cc-aba6-3b584f19f179",
	"5b5a3175-13b4-4416-849f-5e76f1a4d678",
	"f76a8b5a-a168-4e59-b5c9-be355bf2289a",
	-1);
INSERT INTO R_OIR
	VALUES ("d26e1020-b532-43cc-aba6-3b584f19f179",
	"5b5a3175-13b4-4416-849f-5e76f1a4d678",
	"f76a8b5a-a168-4e59-b5c9-be355bf2289a",
	"00000000-0000-0000-0000-000000000000");
INSERT INTO R_SUB
	VALUES ("80f12c98-ccb7-4bab-acab-351f7970a5eb",
	"5b5a3175-13b4-4416-849f-5e76f1a4d678",
	"1ba9dd84-92a7-4d7c-b780-859a5f45d542");
INSERT INTO R_RGO
	VALUES ("80f12c98-ccb7-4bab-acab-351f7970a5eb",
	"5b5a3175-13b4-4416-849f-5e76f1a4d678",
	"1ba9dd84-92a7-4d7c-b780-859a5f45d542");
INSERT INTO R_OIR
	VALUES ("80f12c98-ccb7-4bab-acab-351f7970a5eb",
	"5b5a3175-13b4-4416-849f-5e76f1a4d678",
	"1ba9dd84-92a7-4d7c-b780-859a5f45d542",
	"00000000-0000-0000-0000-000000000000");
INSERT INTO R_SUB
	VALUES ("3aa4c78b-6981-4249-a93a-87e0e14f07b3",
	"5b5a3175-13b4-4416-849f-5e76f1a4d678",
	"4c29aba1-6047-4a4f-8e11-fc7c983d6f8c");
INSERT INTO R_RGO
	VALUES ("3aa4c78b-6981-4249-a93a-87e0e14f07b3",
	"5b5a3175-13b4-4416-849f-5e76f1a4d678",
	"4c29aba1-6047-4a4f-8e11-fc7c983d6f8c");
INSERT INTO R_OIR
	VALUES ("3aa4c78b-6981-4249-a93a-87e0e14f07b3",
	"5b5a3175-13b4-4416-849f-5e76f1a4d678",
	"4c29aba1-6047-4a4f-8e11-fc7c983d6f8c",
	"00000000-0000-0000-0000-000000000000");
INSERT INTO R_SUB
	VALUES ("f7fdf9fb-1710-40c4-833a-7cddef46a59a",
	"5b5a3175-13b4-4416-849f-5e76f1a4d678",
	"2098beaf-324a-479a-97bd-0c72010067b2");
INSERT INTO R_RGO
	VALUES ("f7fdf9fb-1710-40c4-833a-7cddef46a59a",
	"5b5a3175-13b4-4416-849f-5e76f1a4d678",
	"2098beaf-324a-479a-97bd-0c72010067b2");
INSERT INTO R_OIR
	VALUES ("f7fdf9fb-1710-40c4-833a-7cddef46a59a",
	"5b5a3175-13b4-4416-849f-5e76f1a4d678",
	"2098beaf-324a-479a-97bd-0c72010067b2",
	"00000000-0000-0000-0000-000000000000");
INSERT INTO PE_PE
	VALUES ("27f82e85-9615-4283-a515-8b663c4c6678",
	1,
	"960454f9-cf5f-4331-88bf-8023709586b1",
	"00000000-0000-0000-0000-000000000000",
	9);
INSERT INTO R_REL
	VALUES ("27f82e85-9615-4283-a515-8b663c4c6678",
	18,
	'',
	"00000000-0000-0000-0000-000000000000");
INSERT INTO R_SIMP
	VALUES ("27f82e85-9615-4283-a515-8b663c4c6678");
INSERT INTO R_PART
	VALUES ("bb0b5c24-97a4-43d0-bb19-ce1683a93dc8",
	"27f82e85-9615-4283-a515-8b663c4c6678",
	"1202adb4-b546-4d2e-8522-1cd2b762eb0a",
	1,
	0,
	'');
INSERT INTO R_RTO
	VALUES ("bb0b5c24-97a4-43d0-bb19-ce1683a93dc8",
	"27f82e85-9615-4283-a515-8b663c4c6678",
	"1202adb4-b546-4d2e-8522-1cd2b762eb0a",
	-1);
INSERT INTO R_OIR
	VALUES ("bb0b5c24-97a4-43d0-bb19-ce1683a93dc8",
	"27f82e85-9615-4283-a515-8b663c4c6678",
	"1202adb4-b546-4d2e-8522-1cd2b762eb0a",
	"00000000-0000-0000-0000-000000000000");
INSERT INTO R_PART
	VALUES ("daf3cea3-b187-4d6a-9517-f12785ae9b3a",
	"27f82e85-9615-4283-a515-8b663c4c6678",
	"c78bc65d-b8e5-4b68-974d-19354e082db0",
	0,
	0,
	'');
INSERT INTO R_RTO
	VALUES ("daf3cea3-b187-4d6a-9517-f12785ae9b3a",
	"27f82e85-9615-4283-a515-8b663c4c6678",
	"c78bc65d-b8e5-4b68-974d-19354e082db0",
	-1);
INSERT INTO R_OIR
	VALUES ("daf3cea3-b187-4d6a-9517-f12785ae9b3a",
	"27f82e85-9615-4283-a515-8b663c4c6678",
	"c78bc65d-b8e5-4b68-974d-19354e082db0",
	"00000000-0000-0000-0000-000000000000");
INSERT INTO PE_PE
	VALUES ("17f1dd67-3fd4-46db-8752-891089e87a24",
	1,
	"960454f9-cf5f-4331-88bf-8023709586b1",
	"00000000-0000-0000-0000-000000000000",
	9);
INSERT INTO R_REL
	VALUES ("17f1dd67-3fd4-46db-8752-891089e87a24",
	17,
	'',
	"00000000-0000-0000-0000-000000000000");
INSERT INTO R_SIMP
	VALUES ("17f1dd67-3fd4-46db-8752-891089e87a24");
INSERT INTO R_PART
	VALUES ("daf3cea3-b187-4d6a-9517-f12785ae9b3a",
	"17f1dd67-3fd4-46db-8752-891089e87a24",
	"aef79ac8-231d-4295-a52d-a0148b9ed0b7",
	0,
	0,
	'');
INSERT INTO R_RTO
	VALUES ("daf3cea3-b187-4d6a-9517-f12785ae9b3a",
	"17f1dd67-3fd4-46db-8752-891089e87a24",
	"aef79ac8-231d-4295-a52d-a0148b9ed0b7",
	-1);
INSERT INTO R_OIR
	VALUES ("daf3cea3-b187-4d6a-9517-f12785ae9b3a",
	"17f1dd67-3fd4-46db-8752-891089e87a24",
	"aef79ac8-231d-4295-a52d-a0148b9ed0b7",
	"00000000-0000-0000-0000-000000000000");
INSERT INTO R_PART
	VALUES ("7137c09d-ba0e-406b-b3b5-76bb3cc48f3d",
	"17f1dd67-3fd4-46db-8752-891089e87a24",
	"98f02e38-3e58-4681-84cc-2eebc38ab253",
	1,
	0,
	'');
INSERT INTO R_RTO
	VALUES ("7137c09d-ba0e-406b-b3b5-76bb3cc48f3d",
	"17f1dd67-3fd4-46db-8752-891089e87a24",
	"98f02e38-3e58-4681-84cc-2eebc38ab253",
	-1);
INSERT INTO R_OIR
	VALUES ("7137c09d-ba0e-406b-b3b5-76bb3cc48f3d",
	"17f1dd67-3fd4-46db-8752-891089e87a24",
	"98f02e38-3e58-4681-84cc-2eebc38ab253",
	"00000000-0000-0000-0000-000000000000");
INSERT INTO PE_PE
	VALUES ("52b0eaa5-a352-460e-8eff-763b9460a089",
	1,
	"960454f9-cf5f-4331-88bf-8023709586b1",
	"00000000-0000-0000-0000-000000000000",
	9);
INSERT INTO R_REL
	VALUES ("52b0eaa5-a352-460e-8eff-763b9460a089",
	16,
	'',
	"00000000-0000-0000-0000-000000000000");
INSERT INTO R_SIMP
	VALUES ("52b0eaa5-a352-460e-8eff-763b9460a089");
INSERT INTO R_PART
	VALUES ("4b839513-bd70-4d73-85ed-c06b10ee091a",
	"52b0eaa5-a352-460e-8eff-763b9460a089",
	"25501ca8-a17d-4a63-b431-b3b0dcc8216c",
	1,
	0,
	'');
INSERT INTO R_RTO
	VALUES ("4b839513-bd70-4d73-85ed-c06b10ee091a",
	"52b0eaa5-a352-460e-8eff-763b9460a089",
	"25501ca8-a17d-4a63-b431-b3b0dcc8216c",
	-1);
INSERT INTO R_OIR
	VALUES ("4b839513-bd70-4d73-85ed-c06b10ee091a",
	"52b0eaa5-a352-460e-8eff-763b9460a089",
	"25501ca8-a17d-4a63-b431-b3b0dcc8216c",
	"00000000-0000-0000-0000-000000000000");
INSERT INTO R_PART
	VALUES ("9309978f-bd81-4f9f-96e9-b124c945fbf1",
	"52b0eaa5-a352-460e-8eff-763b9460a089",
	"1552b6fa-6820-4af7-82dc-be6c93f0ef5c",
	1,
	0,
	'stays_in');
INSERT INTO R_RTO
	VALUES ("9309978f-bd81-4f9f-96e9-b124c945fbf1",
	"52b0eaa5-a352-460e-8eff-763b9460a089",
	"1552b6fa-6820-4af7-82dc-be6c93f0ef5c",
	-1);
INSERT INTO R_OIR
	VALUES ("9309978f-bd81-4f9f-96e9-b124c945fbf1",
	"52b0eaa5-a352-460e-8eff-763b9460a089",
	"1552b6fa-6820-4af7-82dc-be6c93f0ef5c",
	"00000000-0000-0000-0000-000000000000");
INSERT INTO PE_PE
	VALUES ("04439075-ebac-4bb8-8ccd-793e4071228c",
	1,
	"960454f9-cf5f-4331-88bf-8023709586b1",
	"00000000-0000-0000-0000-000000000000",
	9);
INSERT INTO R_REL
	VALUES ("04439075-ebac-4bb8-8ccd-793e4071228c",
	15,
	'',
	"00000000-0000-0000-0000-000000000000");
INSERT INTO R_SIMP
	VALUES ("04439075-ebac-4bb8-8ccd-793e4071228c");
INSERT INTO R_PART
	VALUES ("9a41fe9e-f547-4cde-b68d-f7db43c904dc",
	"04439075-ebac-4bb8-8ccd-793e4071228c",
	"39bead95-08e1-44c3-ab0d-6d1bead6a294",
	1,
	0,
	'');
INSERT INTO R_RTO
	VALUES ("9a41fe9e-f547-4cde-b68d-f7db43c904dc",
	"04439075-ebac-4bb8-8ccd-793e4071228c",
	"39bead95-08e1-44c3-ab0d-6d1bead6a294",
	-1);
INSERT INTO R_OIR
	VALUES ("9a41fe9e-f547-4cde-b68d-f7db43c904dc",
	"04439075-ebac-4bb8-8ccd-793e4071228c",
	"39bead95-08e1-44c3-ab0d-6d1bead6a294",
	"00000000-0000-0000-0000-000000000000");
INSERT INTO R_PART
	VALUES ("9309978f-bd81-4f9f-96e9-b124c945fbf1",
	"04439075-ebac-4bb8-8ccd-793e4071228c",
	"ae27ca47-c396-4937-85d9-50896567cb6f",
	1,
	0,
	'use');
INSERT INTO R_RTO
	VALUES ("9309978f-bd81-4f9f-96e9-b124c945fbf1",
	"04439075-ebac-4bb8-8ccd-793e4071228c",
	"ae27ca47-c396-4937-85d9-50896567cb6f",
	-1);
INSERT INTO R_OIR
	VALUES ("9309978f-bd81-4f9f-96e9-b124c945fbf1",
	"04439075-ebac-4bb8-8ccd-793e4071228c",
	"ae27ca47-c396-4937-85d9-50896567cb6f",
	"00000000-0000-0000-0000-000000000000");
INSERT INTO PE_PE
	VALUES ("67bafe36-3499-4032-89f0-72889662bcf2",
	1,
	"960454f9-cf5f-4331-88bf-8023709586b1",
	"00000000-0000-0000-0000-000000000000",
	9);
INSERT INTO R_REL
	VALUES ("67bafe36-3499-4032-89f0-72889662bcf2",
	14,
	'',
	"00000000-0000-0000-0000-000000000000");
INSERT INTO R_SIMP
	VALUES ("67bafe36-3499-4032-89f0-72889662bcf2");
INSERT INTO R_PART
	VALUES ("4b839513-bd70-4d73-85ed-c06b10ee091a",
	"67bafe36-3499-4032-89f0-72889662bcf2",
	"0dc7c9cf-4e22-4985-8dc1-c23eabca04d8",
	1,
	1,
	'');
INSERT INTO R_RTO
	VALUES ("4b839513-bd70-4d73-85ed-c06b10ee091a",
	"67bafe36-3499-4032-89f0-72889662bcf2",
	"0dc7c9cf-4e22-4985-8dc1-c23eabca04d8",
	-1);
INSERT INTO R_OIR
	VALUES ("4b839513-bd70-4d73-85ed-c06b10ee091a",
	"67bafe36-3499-4032-89f0-72889662bcf2",
	"0dc7c9cf-4e22-4985-8dc1-c23eabca04d8",
	"00000000-0000-0000-0000-000000000000");
INSERT INTO R_PART
	VALUES ("9a41fe9e-f547-4cde-b68d-f7db43c904dc",
	"67bafe36-3499-4032-89f0-72889662bcf2",
	"b82ac6be-d970-48c5-9151-97d4f0db7548",
	1,
	1,
	'is_booked_in');
INSERT INTO R_RTO
	VALUES ("9a41fe9e-f547-4cde-b68d-f7db43c904dc",
	"67bafe36-3499-4032-89f0-72889662bcf2",
	"b82ac6be-d970-48c5-9151-97d4f0db7548",
	-1);
INSERT INTO R_OIR
	VALUES ("9a41fe9e-f547-4cde-b68d-f7db43c904dc",
	"67bafe36-3499-4032-89f0-72889662bcf2",
	"b82ac6be-d970-48c5-9151-97d4f0db7548",
	"00000000-0000-0000-0000-000000000000");
INSERT INTO PE_PE
	VALUES ("6b659d9b-9323-400f-bda2-168e1882b5ad",
	1,
	"960454f9-cf5f-4331-88bf-8023709586b1",
	"00000000-0000-0000-0000-000000000000",
	9);
INSERT INTO R_REL
	VALUES ("6b659d9b-9323-400f-bda2-168e1882b5ad",
	13,
	'',
	"00000000-0000-0000-0000-000000000000");
INSERT INTO R_SIMP
	VALUES ("6b659d9b-9323-400f-bda2-168e1882b5ad");
INSERT INTO R_PART
	VALUES ("daf3cea3-b187-4d6a-9517-f12785ae9b3a",
	"6b659d9b-9323-400f-bda2-168e1882b5ad",
	"a8431207-ca51-4e17-8338-6e6602c8d4e4",
	0,
	0,
	'remembers_all');
INSERT INTO R_RTO
	VALUES ("daf3cea3-b187-4d6a-9517-f12785ae9b3a",
	"6b659d9b-9323-400f-bda2-168e1882b5ad",
	"a8431207-ca51-4e17-8338-6e6602c8d4e4",
	-1);
INSERT INTO R_OIR
	VALUES ("daf3cea3-b187-4d6a-9517-f12785ae9b3a",
	"6b659d9b-9323-400f-bda2-168e1882b5ad",
	"a8431207-ca51-4e17-8338-6e6602c8d4e4",
	"00000000-0000-0000-0000-000000000000");
INSERT INTO R_PART
	VALUES ("9a41fe9e-f547-4cde-b68d-f7db43c904dc",
	"6b659d9b-9323-400f-bda2-168e1882b5ad",
	"519f603e-e0a2-4c7f-af0c-464e8166195f",
	1,
	1,
	'');
INSERT INTO R_RTO
	VALUES ("9a41fe9e-f547-4cde-b68d-f7db43c904dc",
	"6b659d9b-9323-400f-bda2-168e1882b5ad",
	"519f603e-e0a2-4c7f-af0c-464e8166195f",
	-1);
INSERT INTO R_OIR
	VALUES ("9a41fe9e-f547-4cde-b68d-f7db43c904dc",
	"6b659d9b-9323-400f-bda2-168e1882b5ad",
	"519f603e-e0a2-4c7f-af0c-464e8166195f",
	"00000000-0000-0000-0000-000000000000");
INSERT INTO PE_PE
	VALUES ("7d508746-e918-4ced-820e-e5203f63e646",
	1,
	"960454f9-cf5f-4331-88bf-8023709586b1",
	"00000000-0000-0000-0000-000000000000",
	9);
INSERT INTO R_REL
	VALUES ("7d508746-e918-4ced-820e-e5203f63e646",
	12,
	'',
	"00000000-0000-0000-0000-000000000000");
INSERT INTO R_SIMP
	VALUES ("7d508746-e918-4ced-820e-e5203f63e646");
INSERT INTO R_PART
	VALUES ("803702ba-1594-4405-b96a-8c76b6ef1c69",
	"7d508746-e918-4ced-820e-e5203f63e646",
	"adaefc2a-48da-4549-b346-3b926f9a26ab",
	1,
	0,
	'');
INSERT INTO R_RTO
	VALUES ("803702ba-1594-4405-b96a-8c76b6ef1c69",
	"7d508746-e918-4ced-820e-e5203f63e646",
	"adaefc2a-48da-4549-b346-3b926f9a26ab",
	-1);
INSERT INTO R_OIR
	VALUES ("803702ba-1594-4405-b96a-8c76b6ef1c69",
	"7d508746-e918-4ced-820e-e5203f63e646",
	"adaefc2a-48da-4549-b346-3b926f9a26ab",
	"00000000-0000-0000-0000-000000000000");
INSERT INTO R_PART
	VALUES ("9a41fe9e-f547-4cde-b68d-f7db43c904dc",
	"7d508746-e918-4ced-820e-e5203f63e646",
	"51a414ea-2589-47b7-87d5-e52346c1f4cf",
	1,
	0,
	'');
INSERT INTO R_RTO
	VALUES ("9a41fe9e-f547-4cde-b68d-f7db43c904dc",
	"7d508746-e918-4ced-820e-e5203f63e646",
	"51a414ea-2589-47b7-87d5-e52346c1f4cf",
	-1);
INSERT INTO R_OIR
	VALUES ("9a41fe9e-f547-4cde-b68d-f7db43c904dc",
	"7d508746-e918-4ced-820e-e5203f63e646",
	"51a414ea-2589-47b7-87d5-e52346c1f4cf",
	"00000000-0000-0000-0000-000000000000");
INSERT INTO PE_PE
	VALUES ("002fe6fb-c382-4ec0-81b2-d01180b5ec85",
	1,
	"960454f9-cf5f-4331-88bf-8023709586b1",
	"00000000-0000-0000-0000-000000000000",
	9);
INSERT INTO R_REL
	VALUES ("002fe6fb-c382-4ec0-81b2-d01180b5ec85",
	11,
	'',
	"00000000-0000-0000-0000-000000000000");
INSERT INTO R_SIMP
	VALUES ("002fe6fb-c382-4ec0-81b2-d01180b5ec85");
INSERT INTO R_PART
	VALUES ("20ba6bbe-cbf1-487f-84fe-b3855f86b898",
	"002fe6fb-c382-4ec0-81b2-d01180b5ec85",
	"e37ba630-26e3-4da2-89bf-0c9be7e97693",
	1,
	0,
	'is_assigned');
INSERT INTO R_RTO
	VALUES ("20ba6bbe-cbf1-487f-84fe-b3855f86b898",
	"002fe6fb-c382-4ec0-81b2-d01180b5ec85",
	"e37ba630-26e3-4da2-89bf-0c9be7e97693",
	-1);
INSERT INTO R_OIR
	VALUES ("20ba6bbe-cbf1-487f-84fe-b3855f86b898",
	"002fe6fb-c382-4ec0-81b2-d01180b5ec85",
	"e37ba630-26e3-4da2-89bf-0c9be7e97693",
	"00000000-0000-0000-0000-000000000000");
INSERT INTO R_PART
	VALUES ("d4920e0c-3487-44a7-8290-60ff9ed36c4e",
	"002fe6fb-c382-4ec0-81b2-d01180b5ec85",
	"973a1e30-66ee-4a9d-b2c6-38838a699d22",
	1,
	0,
	'privileges');
INSERT INTO R_RTO
	VALUES ("d4920e0c-3487-44a7-8290-60ff9ed36c4e",
	"002fe6fb-c382-4ec0-81b2-d01180b5ec85",
	"973a1e30-66ee-4a9d-b2c6-38838a699d22",
	-1);
INSERT INTO R_OIR
	VALUES ("d4920e0c-3487-44a7-8290-60ff9ed36c4e",
	"002fe6fb-c382-4ec0-81b2-d01180b5ec85",
	"973a1e30-66ee-4a9d-b2c6-38838a699d22",
	"00000000-0000-0000-0000-000000000000");
INSERT INTO PE_PE
	VALUES ("dc2eb1da-3e82-485a-a57f-8be99f6a17a6",
	1,
	"960454f9-cf5f-4331-88bf-8023709586b1",
	"00000000-0000-0000-0000-000000000000",
	9);
INSERT INTO R_REL
	VALUES ("dc2eb1da-3e82-485a-a57f-8be99f6a17a6",
	10,
	'',
	"00000000-0000-0000-0000-000000000000");
INSERT INTO R_SIMP
	VALUES ("dc2eb1da-3e82-485a-a57f-8be99f6a17a6");
INSERT INTO R_PART
	VALUES ("daf3cea3-b187-4d6a-9517-f12785ae9b3a",
	"dc2eb1da-3e82-485a-a57f-8be99f6a17a6",
	"5f0c1d18-c783-4861-bacd-157ac7c5eadd",
	0,
	0,
	'employ');
INSERT INTO R_RTO
	VALUES ("daf3cea3-b187-4d6a-9517-f12785ae9b3a",
	"dc2eb1da-3e82-485a-a57f-8be99f6a17a6",
	"5f0c1d18-c783-4861-bacd-157ac7c5eadd",
	-1);
INSERT INTO R_OIR
	VALUES ("daf3cea3-b187-4d6a-9517-f12785ae9b3a",
	"dc2eb1da-3e82-485a-a57f-8be99f6a17a6",
	"5f0c1d18-c783-4861-bacd-157ac7c5eadd",
	"00000000-0000-0000-0000-000000000000");
INSERT INTO R_PART
	VALUES ("20ba6bbe-cbf1-487f-84fe-b3855f86b898",
	"dc2eb1da-3e82-485a-a57f-8be99f6a17a6",
	"7f166105-f16c-4d27-ae5d-32b36de90c8a",
	1,
	0,
	'works_at');
INSERT INTO R_RTO
	VALUES ("20ba6bbe-cbf1-487f-84fe-b3855f86b898",
	"dc2eb1da-3e82-485a-a57f-8be99f6a17a6",
	"7f166105-f16c-4d27-ae5d-32b36de90c8a",
	-1);
INSERT INTO R_OIR
	VALUES ("20ba6bbe-cbf1-487f-84fe-b3855f86b898",
	"dc2eb1da-3e82-485a-a57f-8be99f6a17a6",
	"7f166105-f16c-4d27-ae5d-32b36de90c8a",
	"00000000-0000-0000-0000-000000000000");
INSERT INTO PE_PE
	VALUES ("8e6b9c28-ea1f-478f-8a85-37281a7e9221",
	1,
	"960454f9-cf5f-4331-88bf-8023709586b1",
	"00000000-0000-0000-0000-000000000000",
	9);
INSERT INTO R_REL
	VALUES ("8e6b9c28-ea1f-478f-8a85-37281a7e9221",
	9,
	'',
	"00000000-0000-0000-0000-000000000000");
INSERT INTO R_SIMP
	VALUES ("8e6b9c28-ea1f-478f-8a85-37281a7e9221");
INSERT INTO R_PART
	VALUES ("daf3cea3-b187-4d6a-9517-f12785ae9b3a",
	"8e6b9c28-ea1f-478f-8a85-37281a7e9221",
	"c7d6c68e-7ca4-4ed3-8a3c-1589fdcad15a",
	0,
	0,
	'provides');
INSERT INTO R_RTO
	VALUES ("daf3cea3-b187-4d6a-9517-f12785ae9b3a",
	"8e6b9c28-ea1f-478f-8a85-37281a7e9221",
	"c7d6c68e-7ca4-4ed3-8a3c-1589fdcad15a",
	-1);
INSERT INTO R_OIR
	VALUES ("daf3cea3-b187-4d6a-9517-f12785ae9b3a",
	"8e6b9c28-ea1f-478f-8a85-37281a7e9221",
	"c7d6c68e-7ca4-4ed3-8a3c-1589fdcad15a",
	"00000000-0000-0000-0000-000000000000");
INSERT INTO R_PART
	VALUES ("803702ba-1594-4405-b96a-8c76b6ef1c69",
	"8e6b9c28-ea1f-478f-8a85-37281a7e9221",
	"a8092995-9e47-4ea7-933f-1107687fa0c6",
	1,
	0,
	'');
INSERT INTO R_RTO
	VALUES ("803702ba-1594-4405-b96a-8c76b6ef1c69",
	"8e6b9c28-ea1f-478f-8a85-37281a7e9221",
	"a8092995-9e47-4ea7-933f-1107687fa0c6",
	-1);
INSERT INTO R_OIR
	VALUES ("803702ba-1594-4405-b96a-8c76b6ef1c69",
	"8e6b9c28-ea1f-478f-8a85-37281a7e9221",
	"a8092995-9e47-4ea7-933f-1107687fa0c6",
	"00000000-0000-0000-0000-000000000000");
INSERT INTO PE_PE
	VALUES ("3325f7b8-3264-421e-8761-e21c909a5629",
	1,
	"960454f9-cf5f-4331-88bf-8023709586b1",
	"00000000-0000-0000-0000-000000000000",
	9);
INSERT INTO R_REL
	VALUES ("3325f7b8-3264-421e-8761-e21c909a5629",
	8,
	'',
	"00000000-0000-0000-0000-000000000000");
INSERT INTO R_SIMP
	VALUES ("3325f7b8-3264-421e-8761-e21c909a5629");
INSERT INTO R_PART
	VALUES ("803702ba-1594-4405-b96a-8c76b6ef1c69",
	"3325f7b8-3264-421e-8761-e21c909a5629",
	"99e326a1-deb0-4b66-9607-92a946669c60",
	1,
	0,
	'members');
INSERT INTO R_RTO
	VALUES ("803702ba-1594-4405-b96a-8c76b6ef1c69",
	"3325f7b8-3264-421e-8761-e21c909a5629",
	"99e326a1-deb0-4b66-9607-92a946669c60",
	-1);
INSERT INTO R_OIR
	VALUES ("803702ba-1594-4405-b96a-8c76b6ef1c69",
	"3325f7b8-3264-421e-8761-e21c909a5629",
	"99e326a1-deb0-4b66-9607-92a946669c60",
	"00000000-0000-0000-0000-000000000000");
INSERT INTO R_PART
	VALUES ("7a1c6c92-00d7-49ac-a23b-cfb4d3362f53",
	"3325f7b8-3264-421e-8761-e21c909a5629",
	"a9258539-1b6e-4757-8379-14d15dc93273",
	0,
	0,
	'contains');
INSERT INTO R_RTO
	VALUES ("7a1c6c92-00d7-49ac-a23b-cfb4d3362f53",
	"3325f7b8-3264-421e-8761-e21c909a5629",
	"a9258539-1b6e-4757-8379-14d15dc93273",
	-1);
INSERT INTO R_OIR
	VALUES ("7a1c6c92-00d7-49ac-a23b-cfb4d3362f53",
	"3325f7b8-3264-421e-8761-e21c909a5629",
	"a9258539-1b6e-4757-8379-14d15dc93273",
	"00000000-0000-0000-0000-000000000000");
INSERT INTO PE_PE
	VALUES ("cb8d1a7f-fd3c-4429-a5dd-c6ef9102edff",
	1,
	"960454f9-cf5f-4331-88bf-8023709586b1",
	"00000000-0000-0000-0000-000000000000",
	9);
INSERT INTO R_REL
	VALUES ("cb8d1a7f-fd3c-4429-a5dd-c6ef9102edff",
	6,
	'',
	"00000000-0000-0000-0000-000000000000");
INSERT INTO R_SIMP
	VALUES ("cb8d1a7f-fd3c-4429-a5dd-c6ef9102edff");
INSERT INTO R_PART
	VALUES ("4b839513-bd70-4d73-85ed-c06b10ee091a",
	"cb8d1a7f-fd3c-4429-a5dd-c6ef9102edff",
	"77ff7653-0280-4f8e-8f16-d24ec7d664f2",
	1,
	1,
	'');
INSERT INTO R_RTO
	VALUES ("4b839513-bd70-4d73-85ed-c06b10ee091a",
	"cb8d1a7f-fd3c-4429-a5dd-c6ef9102edff",
	"77ff7653-0280-4f8e-8f16-d24ec7d664f2",
	-1);
INSERT INTO R_OIR
	VALUES ("4b839513-bd70-4d73-85ed-c06b10ee091a",
	"cb8d1a7f-fd3c-4429-a5dd-c6ef9102edff",
	"77ff7653-0280-4f8e-8f16-d24ec7d664f2",
	"00000000-0000-0000-0000-000000000000");
INSERT INTO R_PART
	VALUES ("bb0b5c24-97a4-43d0-bb19-ce1683a93dc8",
	"cb8d1a7f-fd3c-4429-a5dd-c6ef9102edff",
	"8995068b-da0d-4d41-90b9-d0db85a2cbb9",
	0,
	0,
	'contains');
INSERT INTO R_RTO
	VALUES ("bb0b5c24-97a4-43d0-bb19-ce1683a93dc8",
	"cb8d1a7f-fd3c-4429-a5dd-c6ef9102edff",
	"8995068b-da0d-4d41-90b9-d0db85a2cbb9",
	-1);
INSERT INTO R_OIR
	VALUES ("bb0b5c24-97a4-43d0-bb19-ce1683a93dc8",
	"cb8d1a7f-fd3c-4429-a5dd-c6ef9102edff",
	"8995068b-da0d-4d41-90b9-d0db85a2cbb9",
	"00000000-0000-0000-0000-000000000000");
INSERT INTO PE_PE
	VALUES ("2eefcfb6-146c-44cf-afc9-d135839bc442",
	1,
	"960454f9-cf5f-4331-88bf-8023709586b1",
	"00000000-0000-0000-0000-000000000000",
	9);
INSERT INTO R_REL
	VALUES ("2eefcfb6-146c-44cf-afc9-d135839bc442",
	5,
	'',
	"00000000-0000-0000-0000-000000000000");
INSERT INTO R_SIMP
	VALUES ("2eefcfb6-146c-44cf-afc9-d135839bc442");
INSERT INTO R_PART
	VALUES ("1efeba6e-0315-442d-8e70-729b05561bea",
	"2eefcfb6-146c-44cf-afc9-d135839bc442",
	"56a49bc0-2be0-492c-9e3e-1db099ed7826",
	1,
	0,
	'');
INSERT INTO R_RTO
	VALUES ("1efeba6e-0315-442d-8e70-729b05561bea",
	"2eefcfb6-146c-44cf-afc9-d135839bc442",
	"56a49bc0-2be0-492c-9e3e-1db099ed7826",
	-1);
INSERT INTO R_OIR
	VALUES ("1efeba6e-0315-442d-8e70-729b05561bea",
	"2eefcfb6-146c-44cf-afc9-d135839bc442",
	"56a49bc0-2be0-492c-9e3e-1db099ed7826",
	"00000000-0000-0000-0000-000000000000");
INSERT INTO R_PART
	VALUES ("bafdc953-1881-43a3-a5f1-9dcc7e2d60c3",
	"2eefcfb6-146c-44cf-afc9-d135839bc442",
	"1e23b346-2dac-4340-bd6e-c2cfcaf0971b",
	0,
	0,
	'can_be_complemented_with');
INSERT INTO R_RTO
	VALUES ("bafdc953-1881-43a3-a5f1-9dcc7e2d60c3",
	"2eefcfb6-146c-44cf-afc9-d135839bc442",
	"1e23b346-2dac-4340-bd6e-c2cfcaf0971b",
	-1);
INSERT INTO R_OIR
	VALUES ("bafdc953-1881-43a3-a5f1-9dcc7e2d60c3",
	"2eefcfb6-146c-44cf-afc9-d135839bc442",
	"1e23b346-2dac-4340-bd6e-c2cfcaf0971b",
	"00000000-0000-0000-0000-000000000000");
INSERT INTO PE_PE
	VALUES ("55c612ef-684e-4f08-8fd3-2f7baa4f6a03",
	1,
	"960454f9-cf5f-4331-88bf-8023709586b1",
	"00000000-0000-0000-0000-000000000000",
	9);
INSERT INTO R_REL
	VALUES ("55c612ef-684e-4f08-8fd3-2f7baa4f6a03",
	4,
	'',
	"00000000-0000-0000-0000-000000000000");
INSERT INTO R_SIMP
	VALUES ("55c612ef-684e-4f08-8fd3-2f7baa4f6a03");
INSERT INTO R_PART
	VALUES ("1efeba6e-0315-442d-8e70-729b05561bea",
	"55c612ef-684e-4f08-8fd3-2f7baa4f6a03",
	"e44658ba-0fba-4f4e-9ec5-84aa92cbb45c",
	1,
	0,
	'');
INSERT INTO R_RTO
	VALUES ("1efeba6e-0315-442d-8e70-729b05561bea",
	"55c612ef-684e-4f08-8fd3-2f7baa4f6a03",
	"e44658ba-0fba-4f4e-9ec5-84aa92cbb45c",
	-1);
INSERT INTO R_OIR
	VALUES ("1efeba6e-0315-442d-8e70-729b05561bea",
	"55c612ef-684e-4f08-8fd3-2f7baa4f6a03",
	"e44658ba-0fba-4f4e-9ec5-84aa92cbb45c",
	"00000000-0000-0000-0000-000000000000");
INSERT INTO R_PART
	VALUES ("bafdc953-1881-43a3-a5f1-9dcc7e2d60c3",
	"55c612ef-684e-4f08-8fd3-2f7baa4f6a03",
	"77de1e4f-f473-4327-8c37-26da30f816fc",
	0,
	0,
	'includes');
INSERT INTO R_RTO
	VALUES ("bafdc953-1881-43a3-a5f1-9dcc7e2d60c3",
	"55c612ef-684e-4f08-8fd3-2f7baa4f6a03",
	"77de1e4f-f473-4327-8c37-26da30f816fc",
	-1);
INSERT INTO R_OIR
	VALUES ("bafdc953-1881-43a3-a5f1-9dcc7e2d60c3",
	"55c612ef-684e-4f08-8fd3-2f7baa4f6a03",
	"77de1e4f-f473-4327-8c37-26da30f816fc",
	"00000000-0000-0000-0000-000000000000");
INSERT INTO PE_PE
	VALUES ("b6e0045d-1e07-4da1-89ae-bb851de5ae4a",
	1,
	"960454f9-cf5f-4331-88bf-8023709586b1",
	"00000000-0000-0000-0000-000000000000",
	9);
INSERT INTO R_REL
	VALUES ("b6e0045d-1e07-4da1-89ae-bb851de5ae4a",
	3,
	'',
	"00000000-0000-0000-0000-000000000000");
INSERT INTO R_SIMP
	VALUES ("b6e0045d-1e07-4da1-89ae-bb851de5ae4a");
INSERT INTO R_PART
	VALUES ("bb0b5c24-97a4-43d0-bb19-ce1683a93dc8",
	"b6e0045d-1e07-4da1-89ae-bb851de5ae4a",
	"c4dd5b77-1e25-440c-badd-f2b4a5448322",
	0,
	0,
	'has');
INSERT INTO R_RTO
	VALUES ("bb0b5c24-97a4-43d0-bb19-ce1683a93dc8",
	"b6e0045d-1e07-4da1-89ae-bb851de5ae4a",
	"c4dd5b77-1e25-440c-badd-f2b4a5448322",
	-1);
INSERT INTO R_OIR
	VALUES ("bb0b5c24-97a4-43d0-bb19-ce1683a93dc8",
	"b6e0045d-1e07-4da1-89ae-bb851de5ae4a",
	"c4dd5b77-1e25-440c-badd-f2b4a5448322",
	"00000000-0000-0000-0000-000000000000");
INSERT INTO R_PART
	VALUES ("bb0b5c24-97a4-43d0-bb19-ce1683a93dc8",
	"b6e0045d-1e07-4da1-89ae-bb851de5ae4a",
	"da5078a7-2cd7-4cf9-b068-a7698995668e",
	1,
	1,
	'in group');
INSERT INTO R_RTO
	VALUES ("bb0b5c24-97a4-43d0-bb19-ce1683a93dc8",
	"b6e0045d-1e07-4da1-89ae-bb851de5ae4a",
	"da5078a7-2cd7-4cf9-b068-a7698995668e",
	-1);
INSERT INTO R_OIR
	VALUES ("bb0b5c24-97a4-43d0-bb19-ce1683a93dc8",
	"b6e0045d-1e07-4da1-89ae-bb851de5ae4a",
	"da5078a7-2cd7-4cf9-b068-a7698995668e",
	"00000000-0000-0000-0000-000000000000");
INSERT INTO PE_PE
	VALUES ("655f93cd-124d-4c1c-8fee-9a2f5468ffe1",
	1,
	"960454f9-cf5f-4331-88bf-8023709586b1",
	"00000000-0000-0000-0000-000000000000",
	9);
INSERT INTO R_REL
	VALUES ("655f93cd-124d-4c1c-8fee-9a2f5468ffe1",
	2,
	'',
	"00000000-0000-0000-0000-000000000000");
INSERT INTO R_SUBSUP
	VALUES ("655f93cd-124d-4c1c-8fee-9a2f5468ffe1");
INSERT INTO R_SUPER
	VALUES ("803702ba-1594-4405-b96a-8c76b6ef1c69",
	"655f93cd-124d-4c1c-8fee-9a2f5468ffe1",
	"e77468f8-eb00-4953-b3f1-a7ad93b6c20e");
INSERT INTO R_RTO
	VALUES ("803702ba-1594-4405-b96a-8c76b6ef1c69",
	"655f93cd-124d-4c1c-8fee-9a2f5468ffe1",
	"e77468f8-eb00-4953-b3f1-a7ad93b6c20e",
	-1);
INSERT INTO R_OIR
	VALUES ("803702ba-1594-4405-b96a-8c76b6ef1c69",
	"655f93cd-124d-4c1c-8fee-9a2f5468ffe1",
	"e77468f8-eb00-4953-b3f1-a7ad93b6c20e",
	"00000000-0000-0000-0000-000000000000");
INSERT INTO R_SUB
	VALUES ("7a1c6c92-00d7-49ac-a23b-cfb4d3362f53",
	"655f93cd-124d-4c1c-8fee-9a2f5468ffe1",
	"436371eb-cbe1-40dd-aa41-77ae8abcc98f");
INSERT INTO R_RGO
	VALUES ("7a1c6c92-00d7-49ac-a23b-cfb4d3362f53",
	"655f93cd-124d-4c1c-8fee-9a2f5468ffe1",
	"436371eb-cbe1-40dd-aa41-77ae8abcc98f");
INSERT INTO R_OIR
	VALUES ("7a1c6c92-00d7-49ac-a23b-cfb4d3362f53",
	"655f93cd-124d-4c1c-8fee-9a2f5468ffe1",
	"436371eb-cbe1-40dd-aa41-77ae8abcc98f",
	"00000000-0000-0000-0000-000000000000");
INSERT INTO R_SUB
	VALUES ("1efeba6e-0315-442d-8e70-729b05561bea",
	"655f93cd-124d-4c1c-8fee-9a2f5468ffe1",
	"538375ec-701e-44a0-a2fa-dc7774434702");
INSERT INTO R_RGO
	VALUES ("1efeba6e-0315-442d-8e70-729b05561bea",
	"655f93cd-124d-4c1c-8fee-9a2f5468ffe1",
	"538375ec-701e-44a0-a2fa-dc7774434702");
INSERT INTO R_OIR
	VALUES ("1efeba6e-0315-442d-8e70-729b05561bea",
	"655f93cd-124d-4c1c-8fee-9a2f5468ffe1",
	"538375ec-701e-44a0-a2fa-dc7774434702",
	"00000000-0000-0000-0000-000000000000");
INSERT INTO R_SUB
	VALUES ("bafdc953-1881-43a3-a5f1-9dcc7e2d60c3",
	"655f93cd-124d-4c1c-8fee-9a2f5468ffe1",
	"0f3a975d-eb0e-4480-bbed-ae4648523ecf");
INSERT INTO R_RGO
	VALUES ("bafdc953-1881-43a3-a5f1-9dcc7e2d60c3",
	"655f93cd-124d-4c1c-8fee-9a2f5468ffe1",
	"0f3a975d-eb0e-4480-bbed-ae4648523ecf");
INSERT INTO R_OIR
	VALUES ("bafdc953-1881-43a3-a5f1-9dcc7e2d60c3",
	"655f93cd-124d-4c1c-8fee-9a2f5468ffe1",
	"0f3a975d-eb0e-4480-bbed-ae4648523ecf",
	"00000000-0000-0000-0000-000000000000");
INSERT INTO PE_PE
	VALUES ("861d98e9-8fb8-41c9-b775-c91333eaac35",
	1,
	"960454f9-cf5f-4331-88bf-8023709586b1",
	"00000000-0000-0000-0000-000000000000",
	9);
INSERT INTO R_REL
	VALUES ("861d98e9-8fb8-41c9-b775-c91333eaac35",
	1,
	'',
	"00000000-0000-0000-0000-000000000000");
INSERT INTO R_SIMP
	VALUES ("861d98e9-8fb8-41c9-b775-c91333eaac35");
INSERT INTO R_PART
	VALUES ("bafdc953-1881-43a3-a5f1-9dcc7e2d60c3",
	"861d98e9-8fb8-41c9-b775-c91333eaac35",
	"f3b58287-3254-4757-975d-c2512681cca4",
	0,
	0,
	'is_instance_of');
INSERT INTO R_RTO
	VALUES ("bafdc953-1881-43a3-a5f1-9dcc7e2d60c3",
	"861d98e9-8fb8-41c9-b775-c91333eaac35",
	"f3b58287-3254-4757-975d-c2512681cca4",
	-1);
INSERT INTO R_OIR
	VALUES ("bafdc953-1881-43a3-a5f1-9dcc7e2d60c3",
	"861d98e9-8fb8-41c9-b775-c91333eaac35",
	"f3b58287-3254-4757-975d-c2512681cca4",
	"00000000-0000-0000-0000-000000000000");
INSERT INTO R_PART
	VALUES ("4b839513-bd70-4d73-85ed-c06b10ee091a",
	"861d98e9-8fb8-41c9-b775-c91333eaac35",
	"86ac1080-593f-4e6f-8bbb-da9c3f370a67",
	1,
	0,
	'');
INSERT INTO R_RTO
	VALUES ("4b839513-bd70-4d73-85ed-c06b10ee091a",
	"861d98e9-8fb8-41c9-b775-c91333eaac35",
	"86ac1080-593f-4e6f-8bbb-da9c3f370a67",
	-1);
INSERT INTO R_OIR
	VALUES ("4b839513-bd70-4d73-85ed-c06b10ee091a",
	"861d98e9-8fb8-41c9-b775-c91333eaac35",
	"86ac1080-593f-4e6f-8bbb-da9c3f370a67",
	"00000000-0000-0000-0000-000000000000");
INSERT INTO PE_PE
	VALUES ("19b27525-ef50-4d33-ab2c-8b7895f454e1",
	1,
	"960454f9-cf5f-4331-88bf-8023709586b1",
	"00000000-0000-0000-0000-000000000000",
	1);
INSERT INTO S_SYNC
	VALUES ("19b27525-ef50-4d33-ab2c-8b7895f454e1",
	"00000000-0000-0000-0000-000000000000",
	'PopulateFacilityTypes',
	'',
	'
create object instance ft of FACILITYTYPE;
create object instance b of BOOKABLE;
relate ft to b across R2;

ft.approximateArea = "About 20 square meters";
b.price = 100;
b.description = "A double bed room";


create object instance f1 of FACILITY;
relate f1 to ft across R1;
f1.facilityID = "Room1";

create object instance f2 of FACILITY;
relate f2 to ft across R1;
f2.facilityID = "Room2";

create object instance f3 of FACILITY;
relate f3 to ft across R1;
f3.facilityID = "Room3";




	



',
	"ba5eda7a-def5-0000-0000-000000000000",
	1,
	'');
INSERT INTO ACT_FNB
	VALUES ("ec9caa56-467e-4ef7-b404-e11e8b1343a5",
	"19b27525-ef50-4d33-ab2c-8b7895f454e1");
INSERT INTO ACT_ACT
	VALUES ("ec9caa56-467e-4ef7-b404-e11e8b1343a5",
	'function',
	0,
	"f4a23ccc-1137-4dd3-8519-6b672f64b6aa",
	"00000000-0000-0000-0000-000000000000",
	0,
	'PopulateFacilityTypes',
	"00000000-0000-0000-0000-000000000000");
INSERT INTO ACT_BLK
	VALUES ("f4a23ccc-1137-4dd3-8519-6b672f64b6aa",
	0,
	0,
	0,
	'',
	'',
	'',
	21,
	1,
	19,
	30,
	0,
	0,
	20,
	24,
	0,
	0,
	0,
	0,
	0,
	"ec9caa56-467e-4ef7-b404-e11e8b1343a5",
	"00000000-0000-0000-0000-000000000000");
INSERT INTO ACT_SMT
	VALUES ("fbb7aa9d-9cab-4d05-9f46-850e004e1005",
	"f4a23ccc-1137-4dd3-8519-6b672f64b6aa",
	"673b515f-2dcd-4a1d-a549-be220f0ad943",
	2,
	1,
	'PopulateFacilityTypes line: 2');
INSERT INTO ACT_CR
	VALUES ("fbb7aa9d-9cab-4d05-9f46-850e004e1005",
	"d39a8aef-0ab2-4203-b9cf-fe1df35c4ee5",
	1,
	"bafdc953-1881-43a3-a5f1-9dcc7e2d60c3",
	2,
	30);
INSERT INTO ACT_SMT
	VALUES ("673b515f-2dcd-4a1d-a549-be220f0ad943",
	"f4a23ccc-1137-4dd3-8519-6b672f64b6aa",
	"858efacb-07de-40a0-9b94-37dde162d955",
	3,
	1,
	'PopulateFacilityTypes line: 3');
INSERT INTO ACT_CR
	VALUES ("673b515f-2dcd-4a1d-a549-be220f0ad943",
	"6fc06750-be6a-4149-a835-079425ae4af4",
	1,
	"803702ba-1594-4405-b96a-8c76b6ef1c69",
	3,
	29);
INSERT INTO ACT_SMT
	VALUES ("858efacb-07de-40a0-9b94-37dde162d955",
	"f4a23ccc-1137-4dd3-8519-6b672f64b6aa",
	"0779d398-5346-4967-9185-09258bf69ac2",
	4,
	1,
	'PopulateFacilityTypes line: 4');
INSERT INTO ACT_REL
	VALUES ("858efacb-07de-40a0-9b94-37dde162d955",
	"d39a8aef-0ab2-4203-b9cf-fe1df35c4ee5",
	"6fc06750-be6a-4149-a835-079425ae4af4",
	'',
	"655f93cd-124d-4c1c-8fee-9a2f5468ffe1",
	4,
	23,
	0,
	0);
INSERT INTO ACT_SMT
	VALUES ("0779d398-5346-4967-9185-09258bf69ac2",
	"f4a23ccc-1137-4dd3-8519-6b672f64b6aa",
	"fa12b433-3cd8-4b30-aa84-7f275d129c01",
	6,
	1,
	'PopulateFacilityTypes line: 6');
INSERT INTO ACT_AI
	VALUES ("0779d398-5346-4967-9185-09258bf69ac2",
	"5aac47da-d1ed-4053-922f-d77bc8fd96f6",
	"604daa95-3274-42b9-9247-ef652d5fb58e",
	0,
	0);
INSERT INTO ACT_SMT
	VALUES ("fa12b433-3cd8-4b30-aa84-7f275d129c01",
	"f4a23ccc-1137-4dd3-8519-6b672f64b6aa",
	"ad639bed-90c4-447c-b84f-97478273579a",
	7,
	1,
	'PopulateFacilityTypes line: 7');
INSERT INTO ACT_AI
	VALUES ("fa12b433-3cd8-4b30-aa84-7f275d129c01",
	"139ea70f-7bfa-442e-a67f-db458c8435d5",
	"781e2e5b-5bde-487c-907d-dad757587d18",
	0,
	0);
INSERT INTO ACT_SMT
	VALUES ("ad639bed-90c4-447c-b84f-97478273579a",
	"f4a23ccc-1137-4dd3-8519-6b672f64b6aa",
	"ef07e1fa-e261-4f3c-b2ff-c0651d218b0b",
	8,
	1,
	'PopulateFacilityTypes line: 8');
INSERT INTO ACT_AI
	VALUES ("ad639bed-90c4-447c-b84f-97478273579a",
	"a1af14f0-5e40-4f7e-8215-4ec70cb09782",
	"1cc8025b-5217-416a-a8a1-8bb009d0aa1a",
	0,
	0);
INSERT INTO ACT_SMT
	VALUES ("ef07e1fa-e261-4f3c-b2ff-c0651d218b0b",
	"f4a23ccc-1137-4dd3-8519-6b672f64b6aa",
	"1b5b69c5-f1b3-48fd-b282-4c0f29ddd40b",
	11,
	1,
	'PopulateFacilityTypes line: 11');
INSERT INTO ACT_CR
	VALUES ("ef07e1fa-e261-4f3c-b2ff-c0651d218b0b",
	"f96897f6-2305-4730-8050-2f0fcc89a63e",
	1,
	"4b839513-bd70-4d73-85ed-c06b10ee091a",
	11,
	30);
INSERT INTO ACT_SMT
	VALUES ("1b5b69c5-f1b3-48fd-b282-4c0f29ddd40b",
	"f4a23ccc-1137-4dd3-8519-6b672f64b6aa",
	"845dd8d2-dffe-4c72-918e-27ba154fde41",
	12,
	1,
	'PopulateFacilityTypes line: 12');
INSERT INTO ACT_REL
	VALUES ("1b5b69c5-f1b3-48fd-b282-4c0f29ddd40b",
	"f96897f6-2305-4730-8050-2f0fcc89a63e",
	"d39a8aef-0ab2-4203-b9cf-fe1df35c4ee5",
	'',
	"861d98e9-8fb8-41c9-b775-c91333eaac35",
	12,
	24,
	0,
	0);
INSERT INTO ACT_SMT
	VALUES ("845dd8d2-dffe-4c72-918e-27ba154fde41",
	"f4a23ccc-1137-4dd3-8519-6b672f64b6aa",
	"26025a95-fb8e-49c9-a8b5-011c5842e438",
	13,
	1,
	'PopulateFacilityTypes line: 13');
INSERT INTO ACT_AI
	VALUES ("845dd8d2-dffe-4c72-918e-27ba154fde41",
	"908ae99d-5ff9-4862-88df-8db435935438",
	"caf4f4ac-bec4-4b94-8768-16ed89878757",
	0,
	0);
INSERT INTO ACT_SMT
	VALUES ("26025a95-fb8e-49c9-a8b5-011c5842e438",
	"f4a23ccc-1137-4dd3-8519-6b672f64b6aa",
	"88f6159e-0cc0-4660-a6a7-881f45a9b065",
	15,
	1,
	'PopulateFacilityTypes line: 15');
INSERT INTO ACT_CR
	VALUES ("26025a95-fb8e-49c9-a8b5-011c5842e438",
	"ae66dc9a-138b-4b5a-a119-112656f475c5",
	1,
	"4b839513-bd70-4d73-85ed-c06b10ee091a",
	15,
	30);
INSERT INTO ACT_SMT
	VALUES ("88f6159e-0cc0-4660-a6a7-881f45a9b065",
	"f4a23ccc-1137-4dd3-8519-6b672f64b6aa",
	"a585b50b-7f2b-4797-8340-2274843422e7",
	16,
	1,
	'PopulateFacilityTypes line: 16');
INSERT INTO ACT_REL
	VALUES ("88f6159e-0cc0-4660-a6a7-881f45a9b065",
	"ae66dc9a-138b-4b5a-a119-112656f475c5",
	"d39a8aef-0ab2-4203-b9cf-fe1df35c4ee5",
	'',
	"861d98e9-8fb8-41c9-b775-c91333eaac35",
	16,
	24,
	0,
	0);
INSERT INTO ACT_SMT
	VALUES ("a585b50b-7f2b-4797-8340-2274843422e7",
	"f4a23ccc-1137-4dd3-8519-6b672f64b6aa",
	"f897dae7-49e0-4765-b275-ec2a227f6e84",
	17,
	1,
	'PopulateFacilityTypes line: 17');
INSERT INTO ACT_AI
	VALUES ("a585b50b-7f2b-4797-8340-2274843422e7",
	"6af8ed81-0351-4885-8f6a-bf931bfb9e71",
	"98756c80-8ff7-49a6-83fb-7d624c042d49",
	0,
	0);
INSERT INTO ACT_SMT
	VALUES ("f897dae7-49e0-4765-b275-ec2a227f6e84",
	"f4a23ccc-1137-4dd3-8519-6b672f64b6aa",
	"73d9a07e-57ba-471e-9953-c7998d749425",
	19,
	1,
	'PopulateFacilityTypes line: 19');
INSERT INTO ACT_CR
	VALUES ("f897dae7-49e0-4765-b275-ec2a227f6e84",
	"33fc6910-daf5-432d-925c-35f9eced8f9d",
	1,
	"4b839513-bd70-4d73-85ed-c06b10ee091a",
	19,
	30);
INSERT INTO ACT_SMT
	VALUES ("73d9a07e-57ba-471e-9953-c7998d749425",
	"f4a23ccc-1137-4dd3-8519-6b672f64b6aa",
	"202309d3-2a6e-43f5-af24-789333d179d7",
	20,
	1,
	'PopulateFacilityTypes line: 20');
INSERT INTO ACT_REL
	VALUES ("73d9a07e-57ba-471e-9953-c7998d749425",
	"33fc6910-daf5-432d-925c-35f9eced8f9d",
	"d39a8aef-0ab2-4203-b9cf-fe1df35c4ee5",
	'',
	"861d98e9-8fb8-41c9-b775-c91333eaac35",
	20,
	24,
	0,
	0);
INSERT INTO ACT_SMT
	VALUES ("202309d3-2a6e-43f5-af24-789333d179d7",
	"f4a23ccc-1137-4dd3-8519-6b672f64b6aa",
	"00000000-0000-0000-0000-000000000000",
	21,
	1,
	'PopulateFacilityTypes line: 21');
INSERT INTO ACT_AI
	VALUES ("202309d3-2a6e-43f5-af24-789333d179d7",
	"b7d37dad-2a8d-4f10-92b6-1691afb101aa",
	"d46f8177-8b26-4384-8ce2-87fed0dc9953",
	0,
	0);
INSERT INTO V_VAL
	VALUES ("94e7a18d-6ebe-49f9-8017-9ddfb5d63599",
	1,
	0,
	6,
	1,
	2,
	0,
	0,
	0,
	0,
	"99dc6d1a-909c-4bcb-a5b6-04d65b974e90",
	"f4a23ccc-1137-4dd3-8519-6b672f64b6aa");
INSERT INTO V_IRF
	VALUES ("94e7a18d-6ebe-49f9-8017-9ddfb5d63599",
	"d39a8aef-0ab2-4203-b9cf-fe1df35c4ee5");
INSERT INTO V_VAL
	VALUES ("604daa95-3274-42b9-9247-ef652d5fb58e",
	1,
	0,
	6,
	4,
	18,
	0,
	0,
	0,
	0,
	"ba5eda7a-def5-0000-0000-000000000004",
	"f4a23ccc-1137-4dd3-8519-6b672f64b6aa");
INSERT INTO V_AVL
	VALUES ("604daa95-3274-42b9-9247-ef652d5fb58e",
	"94e7a18d-6ebe-49f9-8017-9ddfb5d63599",
	"bafdc953-1881-43a3-a5f1-9dcc7e2d60c3",
	"839b61ce-d63e-49ba-a0ae-d1b0093bb680");
INSERT INTO V_VAL
	VALUES ("5aac47da-d1ed-4053-922f-d77bc8fd96f6",
	0,
	0,
	6,
	22,
	44,
	0,
	0,
	0,
	0,
	"ba5eda7a-def5-0000-0000-000000000004",
	"f4a23ccc-1137-4dd3-8519-6b672f64b6aa");
INSERT INTO V_LST
	VALUES ("5aac47da-d1ed-4053-922f-d77bc8fd96f6",
	'About 20 square meters');
INSERT INTO V_VAL
	VALUES ("5e93c003-b472-461e-a382-7319ccf03ab3",
	1,
	0,
	7,
	1,
	1,
	0,
	0,
	0,
	0,
	"bdce89ef-72f6-4386-ba13-b2d926836c80",
	"f4a23ccc-1137-4dd3-8519-6b672f64b6aa");
INSERT INTO V_IRF
	VALUES ("5e93c003-b472-461e-a382-7319ccf03ab3",
	"6fc06750-be6a-4149-a835-079425ae4af4");
INSERT INTO V_VAL
	VALUES ("781e2e5b-5bde-487c-907d-dad757587d18",
	1,
	0,
	7,
	3,
	7,
	0,
	0,
	0,
	0,
	"ba5eda7a-def5-0000-0000-000000000002",
	"f4a23ccc-1137-4dd3-8519-6b672f64b6aa");
INSERT INTO V_AVL
	VALUES ("781e2e5b-5bde-487c-907d-dad757587d18",
	"5e93c003-b472-461e-a382-7319ccf03ab3",
	"803702ba-1594-4405-b96a-8c76b6ef1c69",
	"8ccbac66-5148-4ed4-bb36-09215ce15366");
INSERT INTO V_VAL
	VALUES ("139ea70f-7bfa-442e-a67f-db458c8435d5",
	0,
	0,
	7,
	11,
	13,
	0,
	0,
	0,
	0,
	"ba5eda7a-def5-0000-0000-000000000002",
	"f4a23ccc-1137-4dd3-8519-6b672f64b6aa");
INSERT INTO V_LIN
	VALUES ("139ea70f-7bfa-442e-a67f-db458c8435d5",
	'100');
INSERT INTO V_VAL
	VALUES ("b5b79a7d-ee26-417c-a59a-06f679d5d538",
	1,
	0,
	8,
	1,
	1,
	0,
	0,
	0,
	0,
	"bdce89ef-72f6-4386-ba13-b2d926836c80",
	"f4a23ccc-1137-4dd3-8519-6b672f64b6aa");
INSERT INTO V_IRF
	VALUES ("b5b79a7d-ee26-417c-a59a-06f679d5d538",
	"6fc06750-be6a-4149-a835-079425ae4af4");
INSERT INTO V_VAL
	VALUES ("1cc8025b-5217-416a-a8a1-8bb009d0aa1a",
	1,
	0,
	8,
	3,
	13,
	0,
	0,
	0,
	0,
	"ba5eda7a-def5-0000-0000-000000000004",
	"f4a23ccc-1137-4dd3-8519-6b672f64b6aa");
INSERT INTO V_AVL
	VALUES ("1cc8025b-5217-416a-a8a1-8bb009d0aa1a",
	"b5b79a7d-ee26-417c-a59a-06f679d5d538",
	"803702ba-1594-4405-b96a-8c76b6ef1c69",
	"7edb737c-eda0-435c-ab44-20ad0293ebdb");
INSERT INTO V_VAL
	VALUES ("a1af14f0-5e40-4f7e-8215-4ec70cb09782",
	0,
	0,
	8,
	17,
	34,
	0,
	0,
	0,
	0,
	"ba5eda7a-def5-0000-0000-000000000004",
	"f4a23ccc-1137-4dd3-8519-6b672f64b6aa");
INSERT INTO V_LST
	VALUES ("a1af14f0-5e40-4f7e-8215-4ec70cb09782",
	'A double bed room');
INSERT INTO V_VAL
	VALUES ("8abcdf1b-eee1-43bc-b3a1-237548358ee2",
	1,
	0,
	13,
	1,
	2,
	0,
	0,
	0,
	0,
	"bd43dc09-3be2-4ae8-806d-bedb08b1e03c",
	"f4a23ccc-1137-4dd3-8519-6b672f64b6aa");
INSERT INTO V_IRF
	VALUES ("8abcdf1b-eee1-43bc-b3a1-237548358ee2",
	"f96897f6-2305-4730-8050-2f0fcc89a63e");
INSERT INTO V_VAL
	VALUES ("caf4f4ac-bec4-4b94-8768-16ed89878757",
	1,
	0,
	13,
	4,
	13,
	0,
	0,
	0,
	0,
	"ba5eda7a-def5-0000-0000-000000000004",
	"f4a23ccc-1137-4dd3-8519-6b672f64b6aa");
INSERT INTO V_AVL
	VALUES ("caf4f4ac-bec4-4b94-8768-16ed89878757",
	"8abcdf1b-eee1-43bc-b3a1-237548358ee2",
	"4b839513-bd70-4d73-85ed-c06b10ee091a",
	"e22cda36-25e1-4b81-aef1-d74c43020c14");
INSERT INTO V_VAL
	VALUES ("908ae99d-5ff9-4862-88df-8db435935438",
	0,
	0,
	13,
	17,
	22,
	0,
	0,
	0,
	0,
	"ba5eda7a-def5-0000-0000-000000000004",
	"f4a23ccc-1137-4dd3-8519-6b672f64b6aa");
INSERT INTO V_LST
	VALUES ("908ae99d-5ff9-4862-88df-8db435935438",
	'Room1');
INSERT INTO V_VAL
	VALUES ("efbe2fc6-81b7-406c-877e-05ab4576112b",
	1,
	0,
	17,
	1,
	2,
	0,
	0,
	0,
	0,
	"bd43dc09-3be2-4ae8-806d-bedb08b1e03c",
	"f4a23ccc-1137-4dd3-8519-6b672f64b6aa");
INSERT INTO V_IRF
	VALUES ("efbe2fc6-81b7-406c-877e-05ab4576112b",
	"ae66dc9a-138b-4b5a-a119-112656f475c5");
INSERT INTO V_VAL
	VALUES ("98756c80-8ff7-49a6-83fb-7d624c042d49",
	1,
	0,
	17,
	4,
	13,
	0,
	0,
	0,
	0,
	"ba5eda7a-def5-0000-0000-000000000004",
	"f4a23ccc-1137-4dd3-8519-6b672f64b6aa");
INSERT INTO V_AVL
	VALUES ("98756c80-8ff7-49a6-83fb-7d624c042d49",
	"efbe2fc6-81b7-406c-877e-05ab4576112b",
	"4b839513-bd70-4d73-85ed-c06b10ee091a",
	"e22cda36-25e1-4b81-aef1-d74c43020c14");
INSERT INTO V_VAL
	VALUES ("6af8ed81-0351-4885-8f6a-bf931bfb9e71",
	0,
	0,
	17,
	17,
	22,
	0,
	0,
	0,
	0,
	"ba5eda7a-def5-0000-0000-000000000004",
	"f4a23ccc-1137-4dd3-8519-6b672f64b6aa");
INSERT INTO V_LST
	VALUES ("6af8ed81-0351-4885-8f6a-bf931bfb9e71",
	'Room2');
INSERT INTO V_VAL
	VALUES ("e9c9c242-44bb-4fb0-af9d-e56e6be395b7",
	1,
	0,
	21,
	1,
	2,
	0,
	0,
	0,
	0,
	"bd43dc09-3be2-4ae8-806d-bedb08b1e03c",
	"f4a23ccc-1137-4dd3-8519-6b672f64b6aa");
INSERT INTO V_IRF
	VALUES ("e9c9c242-44bb-4fb0-af9d-e56e6be395b7",
	"33fc6910-daf5-432d-925c-35f9eced8f9d");
INSERT INTO V_VAL
	VALUES ("d46f8177-8b26-4384-8ce2-87fed0dc9953",
	1,
	0,
	21,
	4,
	13,
	0,
	0,
	0,
	0,
	"ba5eda7a-def5-0000-0000-000000000004",
	"f4a23ccc-1137-4dd3-8519-6b672f64b6aa");
INSERT INTO V_AVL
	VALUES ("d46f8177-8b26-4384-8ce2-87fed0dc9953",
	"e9c9c242-44bb-4fb0-af9d-e56e6be395b7",
	"4b839513-bd70-4d73-85ed-c06b10ee091a",
	"e22cda36-25e1-4b81-aef1-d74c43020c14");
INSERT INTO V_VAL
	VALUES ("b7d37dad-2a8d-4f10-92b6-1691afb101aa",
	0,
	0,
	21,
	17,
	22,
	0,
	0,
	0,
	0,
	"ba5eda7a-def5-0000-0000-000000000004",
	"f4a23ccc-1137-4dd3-8519-6b672f64b6aa");
INSERT INTO V_LST
	VALUES ("b7d37dad-2a8d-4f10-92b6-1691afb101aa",
	'Room3');
INSERT INTO V_VAR
	VALUES ("d39a8aef-0ab2-4203-b9cf-fe1df35c4ee5",
	"f4a23ccc-1137-4dd3-8519-6b672f64b6aa",
	'ft',
	1,
	"99dc6d1a-909c-4bcb-a5b6-04d65b974e90");
INSERT INTO V_INT
	VALUES ("d39a8aef-0ab2-4203-b9cf-fe1df35c4ee5",
	0,
	"bafdc953-1881-43a3-a5f1-9dcc7e2d60c3");
INSERT INTO V_LOC
	VALUES ("86986043-5ae5-4c7c-899c-109425c0c2c0",
	2,
	24,
	25,
	"d39a8aef-0ab2-4203-b9cf-fe1df35c4ee5");
INSERT INTO V_LOC
	VALUES ("d16e3528-f3f2-4cfd-8706-9576dd7eb236",
	4,
	8,
	9,
	"d39a8aef-0ab2-4203-b9cf-fe1df35c4ee5");
INSERT INTO V_LOC
	VALUES ("d1229514-a3eb-4842-83bf-2508d0611318",
	6,
	1,
	2,
	"d39a8aef-0ab2-4203-b9cf-fe1df35c4ee5");
INSERT INTO V_LOC
	VALUES ("943bf4b1-d625-4deb-b3dc-9ab448083833",
	12,
	14,
	15,
	"d39a8aef-0ab2-4203-b9cf-fe1df35c4ee5");
INSERT INTO V_LOC
	VALUES ("e8ca0bee-f6ae-4cdf-8ed1-57432efb1700",
	16,
	14,
	15,
	"d39a8aef-0ab2-4203-b9cf-fe1df35c4ee5");
INSERT INTO V_LOC
	VALUES ("71ea6d97-9378-48a7-bb8d-454a1d1246ae",
	20,
	14,
	15,
	"d39a8aef-0ab2-4203-b9cf-fe1df35c4ee5");
INSERT INTO V_VAR
	VALUES ("6fc06750-be6a-4149-a835-079425ae4af4",
	"f4a23ccc-1137-4dd3-8519-6b672f64b6aa",
	'b',
	1,
	"bdce89ef-72f6-4386-ba13-b2d926836c80");
INSERT INTO V_INT
	VALUES ("6fc06750-be6a-4149-a835-079425ae4af4",
	0,
	"803702ba-1594-4405-b96a-8c76b6ef1c69");
INSERT INTO V_LOC
	VALUES ("f6852ab1-ba20-472e-a6e3-c4b629508143",
	3,
	24,
	24,
	"6fc06750-be6a-4149-a835-079425ae4af4");
INSERT INTO V_LOC
	VALUES ("a3517890-d45b-430f-a680-71f6c37520dc",
	4,
	14,
	14,
	"6fc06750-be6a-4149-a835-079425ae4af4");
INSERT INTO V_LOC
	VALUES ("7eb4648c-731f-47e3-be37-780b68f8ebdd",
	7,
	1,
	1,
	"6fc06750-be6a-4149-a835-079425ae4af4");
INSERT INTO V_LOC
	VALUES ("c9e69c2e-ea41-4200-8f02-9d38b2cb14f0",
	8,
	1,
	1,
	"6fc06750-be6a-4149-a835-079425ae4af4");
INSERT INTO V_VAR
	VALUES ("f96897f6-2305-4730-8050-2f0fcc89a63e",
	"f4a23ccc-1137-4dd3-8519-6b672f64b6aa",
	'f1',
	1,
	"bd43dc09-3be2-4ae8-806d-bedb08b1e03c");
INSERT INTO V_INT
	VALUES ("f96897f6-2305-4730-8050-2f0fcc89a63e",
	0,
	"4b839513-bd70-4d73-85ed-c06b10ee091a");
INSERT INTO V_LOC
	VALUES ("93141563-f217-4932-b248-ffac3e6e0088",
	11,
	24,
	25,
	"f96897f6-2305-4730-8050-2f0fcc89a63e");
INSERT INTO V_LOC
	VALUES ("222f35b0-4b3a-48d3-9966-3f4dffb103b7",
	12,
	8,
	9,
	"f96897f6-2305-4730-8050-2f0fcc89a63e");
INSERT INTO V_LOC
	VALUES ("0d387b3f-cedc-41f5-aa46-ebd918d5ddad",
	13,
	1,
	2,
	"f96897f6-2305-4730-8050-2f0fcc89a63e");
INSERT INTO V_VAR
	VALUES ("ae66dc9a-138b-4b5a-a119-112656f475c5",
	"f4a23ccc-1137-4dd3-8519-6b672f64b6aa",
	'f2',
	1,
	"bd43dc09-3be2-4ae8-806d-bedb08b1e03c");
INSERT INTO V_INT
	VALUES ("ae66dc9a-138b-4b5a-a119-112656f475c5",
	0,
	"4b839513-bd70-4d73-85ed-c06b10ee091a");
INSERT INTO V_LOC
	VALUES ("6a06e9e3-f6a0-4af2-8563-17fe395679a9",
	15,
	24,
	25,
	"ae66dc9a-138b-4b5a-a119-112656f475c5");
INSERT INTO V_LOC
	VALUES ("9a0389fa-0e0d-431b-a0bd-b2148f74bccf",
	16,
	8,
	9,
	"ae66dc9a-138b-4b5a-a119-112656f475c5");
INSERT INTO V_LOC
	VALUES ("9fb780ef-139c-47fa-a852-c4b164f84c12",
	17,
	1,
	2,
	"ae66dc9a-138b-4b5a-a119-112656f475c5");
INSERT INTO V_VAR
	VALUES ("33fc6910-daf5-432d-925c-35f9eced8f9d",
	"f4a23ccc-1137-4dd3-8519-6b672f64b6aa",
	'f3',
	1,
	"bd43dc09-3be2-4ae8-806d-bedb08b1e03c");
INSERT INTO V_INT
	VALUES ("33fc6910-daf5-432d-925c-35f9eced8f9d",
	0,
	"4b839513-bd70-4d73-85ed-c06b10ee091a");
INSERT INTO V_LOC
	VALUES ("a503c4ef-f206-4a1d-9e0d-c34cd57a1b6f",
	19,
	24,
	25,
	"33fc6910-daf5-432d-925c-35f9eced8f9d");
INSERT INTO V_LOC
	VALUES ("0e760c91-88ee-4497-bb5e-39177aac45b5",
	20,
	8,
	9,
	"33fc6910-daf5-432d-925c-35f9eced8f9d");
INSERT INTO V_LOC
	VALUES ("2a884c05-93a4-473f-ba8a-47b91e2850f3",
	21,
	1,
	2,
	"33fc6910-daf5-432d-925c-35f9eced8f9d");
INSERT INTO PE_PE
	VALUES ("868f2b41-a6e3-411b-a5ca-d9316c3fb5bc",
	1,
	"960454f9-cf5f-4331-88bf-8023709586b1",
	"00000000-0000-0000-0000-000000000000",
	6);
INSERT INTO C_I
	VALUES ("868f2b41-a6e3-411b-a5ca-d9316c3fb5bc",
	"00000000-0000-0000-0000-000000000000",
	'CustomerInterface',
	'');
INSERT INTO PE_PE
	VALUES ("b7e04034-9ae1-478b-b876-84a049865e77",
	1,
	"960454f9-cf5f-4331-88bf-8023709586b1",
	"00000000-0000-0000-0000-000000000000",
	4);
INSERT INTO O_OBJ
	VALUES ("b7e04034-9ae1-478b-b876-84a049865e77",
	'Benefit',
	19,
	'BENEFIT',
	'',
	"00000000-0000-0000-0000-000000000000");
INSERT INTO O_NBATTR
	VALUES ("8cf466c1-ef7d-46fc-a661-bd5641c8561e",
	"b7e04034-9ae1-478b-b876-84a049865e77");
INSERT INTO O_BATTR
	VALUES ("8cf466c1-ef7d-46fc-a661-bd5641c8561e",
	"b7e04034-9ae1-478b-b876-84a049865e77");
INSERT INTO O_ATTR
	VALUES ("8cf466c1-ef7d-46fc-a661-bd5641c8561e",
	"b7e04034-9ae1-478b-b876-84a049865e77",
	"00000000-0000-0000-0000-000000000000",
	'discountPercentage',
	'',
	'',
	'discountPercentage',
	0,
	"ba5eda7a-def5-0000-0000-000000000002",
	'',
	'');
INSERT INTO O_ID
	VALUES (2,
	"b7e04034-9ae1-478b-b876-84a049865e77");
INSERT INTO O_ID
	VALUES (1,
	"b7e04034-9ae1-478b-b876-84a049865e77");
INSERT INTO O_ID
	VALUES (0,
	"b7e04034-9ae1-478b-b876-84a049865e77");
INSERT INTO PE_PE
	VALUES ("99c3a579-f918-44fd-916c-a41161cb6518",
	1,
	"960454f9-cf5f-4331-88bf-8023709586b1",
	"00000000-0000-0000-0000-000000000000",
	4);
INSERT INTO O_OBJ
	VALUES ("99c3a579-f918-44fd-916c-a41161cb6518",
	'Billing',
	13,
	'BILLING',
	'',
	"00000000-0000-0000-0000-000000000000");
INSERT INTO O_TFR
	VALUES ("3320253a-8d00-44d8-bb17-47df7564b5c1",
	"99c3a579-f918-44fd-916c-a41161cb6518",
	'isPayed',
	'',
	"ba5eda7a-def5-0000-0000-000000000001",
	1,
	'',
	1,
	'',
	"2b5f0429-ceb9-45e5-8f10-1ca5f6b8bea4");
INSERT INTO ACT_OPB
	VALUES ("a57ae794-706a-4b7b-9386-fb19e2a1ef99",
	"3320253a-8d00-44d8-bb17-47df7564b5c1");
INSERT INTO ACT_ACT
	VALUES ("a57ae794-706a-4b7b-9386-fb19e2a1ef99",
	'operation',
	0,
	"809216af-e6f3-4e95-aff0-8885c390bc39",
	"00000000-0000-0000-0000-000000000000",
	0,
	'Billing::isPayed',
	"00000000-0000-0000-0000-000000000000");
INSERT INTO ACT_BLK
	VALUES ("809216af-e6f3-4e95-aff0-8885c390bc39",
	0,
	0,
	0,
	'',
	'',
	'',
	0,
	0,
	0,
	0,
	0,
	0,
	0,
	0,
	0,
	0,
	0,
	0,
	0,
	"a57ae794-706a-4b7b-9386-fb19e2a1ef99",
	"00000000-0000-0000-0000-000000000000");
INSERT INTO O_TFR
	VALUES ("2b5f0429-ceb9-45e5-8f10-1ca5f6b8bea4",
	"99c3a579-f918-44fd-916c-a41161cb6518",
	'getCost',
	'',
	"ba5eda7a-def5-0000-0000-000000000002",
	1,
	'',
	1,
	'',
	"00000000-0000-0000-0000-000000000000");
INSERT INTO ACT_OPB
	VALUES ("ad0b1951-8f1b-4c6c-8515-9ff52f10c5c5",
	"2b5f0429-ceb9-45e5-8f10-1ca5f6b8bea4");
INSERT INTO ACT_ACT
	VALUES ("ad0b1951-8f1b-4c6c-8515-9ff52f10c5c5",
	'operation',
	0,
	"0e52e6a6-8835-496c-bca7-2e6999e84a2c",
	"00000000-0000-0000-0000-000000000000",
	0,
	'Billing::getCost',
	"00000000-0000-0000-0000-000000000000");
INSERT INTO ACT_BLK
	VALUES ("0e52e6a6-8835-496c-bca7-2e6999e84a2c",
	0,
	0,
	0,
	'',
	'',
	'',
	0,
	0,
	0,
	0,
	0,
	0,
	0,
	0,
	0,
	0,
	0,
	0,
	0,
	"ad0b1951-8f1b-4c6c-8515-9ff52f10c5c5",
	"00000000-0000-0000-0000-000000000000");
INSERT INTO O_NBATTR
	VALUES ("9fbcb3d8-ee3c-4fab-b468-a811d1524204",
	"99c3a579-f918-44fd-916c-a41161cb6518");
INSERT INTO O_BATTR
	VALUES ("9fbcb3d8-ee3c-4fab-b468-a811d1524204",
	"99c3a579-f918-44fd-916c-a41161cb6518");
INSERT INTO O_ATTR
	VALUES ("9fbcb3d8-ee3c-4fab-b468-a811d1524204",
	"99c3a579-f918-44fd-916c-a41161cb6518",
	"2246761d-31ce-42e6-8bf4-72041f212e7c",
	'isPayed',
	'',
	'',
	'isPayed',
	0,
	"ba5eda7a-def5-0000-0000-000000000001",
	'',
	'');
INSERT INTO O_NBATTR
	VALUES ("2246761d-31ce-42e6-8bf4-72041f212e7c",
	"99c3a579-f918-44fd-916c-a41161cb6518");
INSERT INTO O_BATTR
	VALUES ("2246761d-31ce-42e6-8bf4-72041f212e7c",
	"99c3a579-f918-44fd-916c-a41161cb6518");
INSERT INTO O_ATTR
	VALUES ("2246761d-31ce-42e6-8bf4-72041f212e7c",
	"99c3a579-f918-44fd-916c-a41161cb6518",
	"00000000-0000-0000-0000-000000000000",
	'paymentDate',
	'',
	'',
	'paymentDate',
	0,
	"ba5eda7a-def5-0000-0000-000000000010",
	'',
	'');
INSERT INTO O_ID
	VALUES (2,
	"99c3a579-f918-44fd-916c-a41161cb6518");
INSERT INTO O_ID
	VALUES (1,
	"99c3a579-f918-44fd-916c-a41161cb6518");
INSERT INTO O_ID
	VALUES (0,
	"99c3a579-f918-44fd-916c-a41161cb6518");
INSERT INTO PE_PE
	VALUES ("37699420-e221-4e5c-800b-cf398f6e9803",
	1,
	"960454f9-cf5f-4331-88bf-8023709586b1",
	"00000000-0000-0000-0000-000000000000",
	4);
INSERT INTO O_OBJ
	VALUES ("37699420-e221-4e5c-800b-cf398f6e9803",
	'BillingItem',
	14,
	'BILLINGITEM',
	'',
	"00000000-0000-0000-0000-000000000000");
INSERT INTO O_NBATTR
	VALUES ("5c630467-39da-4a2d-8ae2-e16ccda92fbb",
	"37699420-e221-4e5c-800b-cf398f6e9803");
INSERT INTO O_BATTR
	VALUES ("5c630467-39da-4a2d-8ae2-e16ccda92fbb",
	"37699420-e221-4e5c-800b-cf398f6e9803");
INSERT INTO O_ATTR
	VALUES ("5c630467-39da-4a2d-8ae2-e16ccda92fbb",
	"37699420-e221-4e5c-800b-cf398f6e9803",
	"9dd362c1-1938-444b-80a5-df8a36e62170",
	'description',
	'',
	'',
	'description',
	0,
	"ba5eda7a-def5-0000-0000-000000000004",
	'',
	'');
INSERT INTO O_NBATTR
	VALUES ("9dd362c1-1938-444b-80a5-df8a36e62170",
	"37699420-e221-4e5c-800b-cf398f6e9803");
INSERT INTO O_BATTR
	VALUES ("9dd362c1-1938-444b-80a5-df8a36e62170",
	"37699420-e221-4e5c-800b-cf398f6e9803");
INSERT INTO O_ATTR
	VALUES ("9dd362c1-1938-444b-80a5-df8a36e62170",
	"37699420-e221-4e5c-800b-cf398f6e9803",
	"00000000-0000-0000-0000-000000000000",
	'cost',
	'',
	'',
	'cost',
	0,
	"ba5eda7a-def5-0000-0000-000000000002",
	'',
	'');
INSERT INTO O_ID
	VALUES (2,
	"37699420-e221-4e5c-800b-cf398f6e9803");
INSERT INTO O_ID
	VALUES (1,
	"37699420-e221-4e5c-800b-cf398f6e9803");
INSERT INTO O_ID
	VALUES (0,
	"37699420-e221-4e5c-800b-cf398f6e9803");
INSERT INTO PE_PE
	VALUES ("803702ba-1594-4405-b96a-8c76b6ef1c69",
	1,
	"960454f9-cf5f-4331-88bf-8023709586b1",
	"00000000-0000-0000-0000-000000000000",
	4);
INSERT INTO O_OBJ
	VALUES ("803702ba-1594-4405-b96a-8c76b6ef1c69",
	'Bookable',
	5,
	'BOOKABLE',
	'',
	"00000000-0000-0000-0000-000000000000");
INSERT INTO O_TFR
	VALUES ("3a9b4376-648e-4e0e-91f4-8c8ff2abb7f5",
	"803702ba-1594-4405-b96a-8c76b6ef1c69",
	'isAvailable',
	'',
	"ba5eda7a-def5-0000-0000-000000000001",
	1,
	'',
	1,
	'',
	"00000000-0000-0000-0000-000000000000");
INSERT INTO O_TPARM
	VALUES ("07f1bda8-87af-4b8f-b9ca-15c0105e80e3",
	"3a9b4376-648e-4e0e-91f4-8c8ff2abb7f5",
	'filter',
	"ba5eda7a-def5-0000-0000-000000000002",
	0,
	'',
	"00000000-0000-0000-0000-000000000000",
	'');
INSERT INTO ACT_OPB
	VALUES ("57792134-cdbf-495c-857a-1e4844ae46df",
	"3a9b4376-648e-4e0e-91f4-8c8ff2abb7f5");
INSERT INTO ACT_ACT
	VALUES ("57792134-cdbf-495c-857a-1e4844ae46df",
	'operation',
	0,
	"ae2b1abf-f12b-4cf8-8f4c-d2a577eb5e0c",
	"00000000-0000-0000-0000-000000000000",
	0,
	'Bookable::isAvailable',
	"00000000-0000-0000-0000-000000000000");
INSERT INTO ACT_BLK
	VALUES ("ae2b1abf-f12b-4cf8-8f4c-d2a577eb5e0c",
	0,
	0,
	0,
	'',
	'',
	'',
	0,
	0,
	0,
	0,
	0,
	0,
	0,
	0,
	0,
	0,
	0,
	0,
	0,
	"57792134-cdbf-495c-857a-1e4844ae46df",
	"00000000-0000-0000-0000-000000000000");
INSERT INTO O_TFR
	VALUES ("f5d8d2fd-312b-4ac1-b4e3-55f4241a2d58",
	"803702ba-1594-4405-b96a-8c76b6ef1c69",
	'getBookableRepresentation',
	'',
	"ba5eda7a-def5-0000-0000-000000000000",
	1,
	'

i = 5;
BookingRepresentation.price = self.price;

',
	1,
	'',
	"3a9b4376-648e-4e0e-91f4-8c8ff2abb7f5");
INSERT INTO ACT_OPB
	VALUES ("ba7eebad-386e-4957-9cb8-58b94ff56282",
	"f5d8d2fd-312b-4ac1-b4e3-55f4241a2d58");
INSERT INTO ACT_ACT
	VALUES ("ba7eebad-386e-4957-9cb8-58b94ff56282",
	'operation',
	0,
	"39dfa047-890f-451c-8ea4-c9d45ba3e8cb",
	"00000000-0000-0000-0000-000000000000",
	0,
	'Bookable::getBookableRepresentation',
	"00000000-0000-0000-0000-000000000000");
INSERT INTO ACT_BLK
	VALUES ("39dfa047-890f-451c-8ea4-c9d45ba3e8cb",
	0,
	0,
	0,
	'',
	'',
	'',
	4,
	1,
	0,
	0,
	0,
	0,
	0,
	0,
	0,
	0,
	0,
	0,
	0,
	"ba7eebad-386e-4957-9cb8-58b94ff56282",
	"00000000-0000-0000-0000-000000000000");
INSERT INTO ACT_SMT
	VALUES ("a5c9664b-ef8f-493e-bfa6-3c69ccdf629b",
	"39dfa047-890f-451c-8ea4-c9d45ba3e8cb",
	"00000000-0000-0000-0000-000000000000",
	3,
	1,
	'Bookable::getBookableRepresentation line: 3');
INSERT INTO ACT_AI
	VALUES ("a5c9664b-ef8f-493e-bfa6-3c69ccdf629b",
	"dec92abd-ac2a-4914-8fe8-3646993715ff",
	"3925a82d-304b-44bd-87d8-4c3d28446969",
	0,
	0);
INSERT INTO V_VAL
	VALUES ("3925a82d-304b-44bd-87d8-4c3d28446969",
	1,
	1,
	3,
	1,
	1,
	0,
	0,
	0,
	0,
	"ba5eda7a-def5-0000-0000-000000000002",
	"39dfa047-890f-451c-8ea4-c9d45ba3e8cb");
INSERT INTO V_TVL
	VALUES ("3925a82d-304b-44bd-87d8-4c3d28446969",
	"4022c625-e893-4d28-ad88-8dadf865704b");
INSERT INTO V_VAL
	VALUES ("dec92abd-ac2a-4914-8fe8-3646993715ff",
	0,
	0,
	3,
	5,
	5,
	0,
	0,
	0,
	0,
	"ba5eda7a-def5-0000-0000-000000000002",
	"39dfa047-890f-451c-8ea4-c9d45ba3e8cb");
INSERT INTO V_LIN
	VALUES ("dec92abd-ac2a-4914-8fe8-3646993715ff",
	'5');
INSERT INTO V_VAR
	VALUES ("4022c625-e893-4d28-ad88-8dadf865704b",
	"39dfa047-890f-451c-8ea4-c9d45ba3e8cb",
	'i',
	1,
	"ba5eda7a-def5-0000-0000-000000000002");
INSERT INTO V_TRN
	VALUES ("4022c625-e893-4d28-ad88-8dadf865704b",
	"00000000-0000-0000-0000-000000000000",
	'');
INSERT INTO V_LOC
	VALUES ("d6b5e26f-1d6e-4f44-858f-15dafaca12f5",
	3,
	1,
	1,
	"4022c625-e893-4d28-ad88-8dadf865704b");
INSERT INTO V_VAR
	VALUES ("590ffe9e-4187-4593-b7f5-9c78a024f0bc",
	"39dfa047-890f-451c-8ea4-c9d45ba3e8cb",
	'BookingRepresentation',
	0,
	"00000000-0000-0000-0000-000000000000");
INSERT INTO V_TRN
	VALUES ("590ffe9e-4187-4593-b7f5-9c78a024f0bc",
	"00000000-0000-0000-0000-000000000000",
	'');
INSERT INTO V_LOC
	VALUES ("bca88c69-0a3f-4924-a6b8-f5724df5b549",
	4,
	1,
	21,
	"590ffe9e-4187-4593-b7f5-9c78a024f0bc");
INSERT INTO O_NBATTR
	VALUES ("7edb737c-eda0-435c-ab44-20ad0293ebdb",
	"803702ba-1594-4405-b96a-8c76b6ef1c69");
INSERT INTO O_BATTR
	VALUES ("7edb737c-eda0-435c-ab44-20ad0293ebdb",
	"803702ba-1594-4405-b96a-8c76b6ef1c69");
INSERT INTO O_ATTR
	VALUES ("7edb737c-eda0-435c-ab44-20ad0293ebdb",
	"803702ba-1594-4405-b96a-8c76b6ef1c69",
	"8ccbac66-5148-4ed4-bb36-09215ce15366",
	'description',
	'',
	'',
	'description',
	0,
	"ba5eda7a-def5-0000-0000-000000000004",
	'',
	'');
INSERT INTO O_NBATTR
	VALUES ("8ccbac66-5148-4ed4-bb36-09215ce15366",
	"803702ba-1594-4405-b96a-8c76b6ef1c69");
INSERT INTO O_BATTR
	VALUES ("8ccbac66-5148-4ed4-bb36-09215ce15366",
	"803702ba-1594-4405-b96a-8c76b6ef1c69");
INSERT INTO O_ATTR
	VALUES ("8ccbac66-5148-4ed4-bb36-09215ce15366",
	"803702ba-1594-4405-b96a-8c76b6ef1c69",
	"00000000-0000-0000-0000-000000000000",
	'price',
	'',
	'',
	'price',
	0,
	"ba5eda7a-def5-0000-0000-000000000002",
	'',
	'');
INSERT INTO O_NBATTR
	VALUES ("e81f13fc-76a3-4546-9580-b71352170e10",
	"803702ba-1594-4405-b96a-8c76b6ef1c69");
INSERT INTO O_BATTR
	VALUES ("e81f13fc-76a3-4546-9580-b71352170e10",
	"803702ba-1594-4405-b96a-8c76b6ef1c69");
INSERT INTO O_ATTR
	VALUES ("e81f13fc-76a3-4546-9580-b71352170e10",
	"803702ba-1594-4405-b96a-8c76b6ef1c69",
	"7edb737c-eda0-435c-ab44-20ad0293ebdb",
	'id',
	'',
	'',
	'id',
	0,
	"ba5eda7a-def5-0000-0000-000000000005",
	'',
	'');
INSERT INTO O_NBATTR
	VALUES ("3f2fc0b4-be17-44ca-a848-72144603506d",
	"803702ba-1594-4405-b96a-8c76b6ef1c69");
INSERT INTO O_BATTR
	VALUES ("3f2fc0b4-be17-44ca-a848-72144603506d",
	"803702ba-1594-4405-b96a-8c76b6ef1c69");
INSERT INTO O_ATTR
	VALUES ("3f2fc0b4-be17-44ca-a848-72144603506d",
	"803702ba-1594-4405-b96a-8c76b6ef1c69",
	"e81f13fc-76a3-4546-9580-b71352170e10",
	'name',
	'',
	'',
	'name',
	0,
	"ba5eda7a-def5-0000-0000-000000000004",
	'',
	'');
INSERT INTO O_ID
	VALUES (2,
	"803702ba-1594-4405-b96a-8c76b6ef1c69");
INSERT INTO O_ID
	VALUES (1,
	"803702ba-1594-4405-b96a-8c76b6ef1c69");
INSERT INTO O_ID
	VALUES (0,
	"803702ba-1594-4405-b96a-8c76b6ef1c69");
INSERT INTO PE_PE
	VALUES ("9a41fe9e-f547-4cde-b68d-f7db43c904dc",
	1,
	"960454f9-cf5f-4331-88bf-8023709586b1",
	"00000000-0000-0000-0000-000000000000",
	4);
INSERT INTO O_OBJ
	VALUES ("9a41fe9e-f547-4cde-b68d-f7db43c904dc",
	'Booking',
	10,
	'BOOKING',
	'',
	"00000000-0000-0000-0000-000000000000");
INSERT INTO O_TFR
	VALUES ("11a60648-7f28-4e24-93de-4da0ae187839",
	"9a41fe9e-f547-4cde-b68d-f7db43c904dc",
	'addGuest',
	'',
	"ba5eda7a-def5-0000-0000-000000000000",
	1,
	'',
	1,
	'',
	"70fa737a-e32e-4822-a845-fcdc3e41ae92");
INSERT INTO O_TPARM
	VALUES ("a8ec887e-f522-4ae0-947b-df7709a53686",
	"11a60648-7f28-4e24-93de-4da0ae187839",
	'age',
	"ba5eda7a-def5-0000-0000-000000000002",
	0,
	'',
	"9ef8b31c-b6a0-4abf-8cc7-5838a697ef30",
	'');
INSERT INTO O_TPARM
	VALUES ("9ef8b31c-b6a0-4abf-8cc7-5838a697ef30",
	"11a60648-7f28-4e24-93de-4da0ae187839",
	'name',
	"ba5eda7a-def5-0000-0000-000000000004",
	0,
	'',
	"00000000-0000-0000-0000-000000000000",
	'');
INSERT INTO ACT_OPB
	VALUES ("059ec49c-fd49-4f56-8a54-e2e6797dea32",
	"11a60648-7f28-4e24-93de-4da0ae187839");
INSERT INTO ACT_ACT
	VALUES ("059ec49c-fd49-4f56-8a54-e2e6797dea32",
	'operation',
	0,
	"f5e529ce-5ae6-43c3-b8d7-26ff471c50dd",
	"00000000-0000-0000-0000-000000000000",
	0,
	'Booking::addGuest',
	"00000000-0000-0000-0000-000000000000");
INSERT INTO ACT_BLK
	VALUES ("f5e529ce-5ae6-43c3-b8d7-26ff471c50dd",
	0,
	0,
	0,
	'',
	'',
	'',
	0,
	0,
	0,
	0,
	0,
	0,
	0,
	0,
	0,
	0,
	0,
	0,
	0,
	"059ec49c-fd49-4f56-8a54-e2e6797dea32",
	"00000000-0000-0000-0000-000000000000");
INSERT INTO O_TFR
	VALUES ("70fa737a-e32e-4822-a845-fcdc3e41ae92",
	"9a41fe9e-f547-4cde-b68d-f7db43c904dc",
	'getBookingInfo',
	'',
	"433f7688-7b95-4f9c-89f1-cf076d691ab7",
	1,
	'',
	1,
	'',
	"64d93b6f-5167-468a-93bf-ca92c8944e24");
INSERT INTO ACT_OPB
	VALUES ("2dd28230-5301-4236-ba20-93c2b883ec39",
	"70fa737a-e32e-4822-a845-fcdc3e41ae92");
INSERT INTO ACT_ACT
	VALUES ("2dd28230-5301-4236-ba20-93c2b883ec39",
	'operation',
	0,
	"d8c6ea8c-3e47-44a6-9408-46b89c3f695f",
	"00000000-0000-0000-0000-000000000000",
	0,
	'Booking::getBookingInfo',
	"00000000-0000-0000-0000-000000000000");
INSERT INTO ACT_BLK
	VALUES ("d8c6ea8c-3e47-44a6-9408-46b89c3f695f",
	0,
	0,
	0,
	'',
	'',
	'',
	0,
	0,
	0,
	0,
	0,
	0,
	0,
	0,
	0,
	0,
	0,
	0,
	0,
	"2dd28230-5301-4236-ba20-93c2b883ec39",
	"00000000-0000-0000-0000-000000000000");
INSERT INTO O_TFR
	VALUES ("64d93b6f-5167-468a-93bf-ca92c8944e24",
	"9a41fe9e-f547-4cde-b68d-f7db43c904dc",
	'setCustomer',
	'',
	"ba5eda7a-def5-0000-0000-000000000001",
	1,
	'',
	1,
	'',
	"52ca49b2-de88-4bb4-81b7-b995d78ecf81");
INSERT INTO O_TPARM
	VALUES ("25bbb532-f822-44c4-b310-00befa20b691",
	"64d93b6f-5167-468a-93bf-ca92c8944e24",
	'customer',
	"ba5eda7a-def5-0000-0000-000000000004",
	0,
	'',
	"00000000-0000-0000-0000-000000000000",
	'');
INSERT INTO ACT_OPB
	VALUES ("5cec866d-6616-4693-b200-983acc4ce722",
	"64d93b6f-5167-468a-93bf-ca92c8944e24");
INSERT INTO ACT_ACT
	VALUES ("5cec866d-6616-4693-b200-983acc4ce722",
	'operation',
	0,
	"951fd13b-286f-4da3-b3d5-e0f2a7fbc172",
	"00000000-0000-0000-0000-000000000000",
	0,
	'Booking::setCustomer',
	"00000000-0000-0000-0000-000000000000");
INSERT INTO ACT_BLK
	VALUES ("951fd13b-286f-4da3-b3d5-e0f2a7fbc172",
	0,
	0,
	0,
	'',
	'',
	'',
	0,
	0,
	0,
	0,
	0,
	0,
	0,
	0,
	0,
	0,
	0,
	0,
	0,
	"5cec866d-6616-4693-b200-983acc4ce722",
	"00000000-0000-0000-0000-000000000000");
INSERT INTO O_TFR
	VALUES ("52ca49b2-de88-4bb4-81b7-b995d78ecf81",
	"9a41fe9e-f547-4cde-b68d-f7db43c904dc",
	'addBookable',
	'',
	"ba5eda7a-def5-0000-0000-000000000001",
	1,
	'',
	1,
	'',
	"ed50ea1b-06ab-4767-b877-4e21f462c911");
INSERT INTO O_TPARM
	VALUES ("76959683-30fb-4418-8077-ec8f4601ee42",
	"52ca49b2-de88-4bb4-81b7-b995d78ecf81",
	'bookable',
	"bdce89ef-72f6-4386-ba13-b2d926836c80",
	0,
	'',
	"00000000-0000-0000-0000-000000000000",
	'');
INSERT INTO ACT_OPB
	VALUES ("5dd87fba-241a-438c-bfbe-940cbf1e488d",
	"52ca49b2-de88-4bb4-81b7-b995d78ecf81");
INSERT INTO ACT_ACT
	VALUES ("5dd87fba-241a-438c-bfbe-940cbf1e488d",
	'operation',
	0,
	"312da321-5787-4d4e-82cb-10dcc87d6117",
	"00000000-0000-0000-0000-000000000000",
	0,
	'Booking::addBookable',
	"00000000-0000-0000-0000-000000000000");
INSERT INTO ACT_BLK
	VALUES ("312da321-5787-4d4e-82cb-10dcc87d6117",
	0,
	0,
	0,
	'',
	'',
	'',
	0,
	0,
	0,
	0,
	0,
	0,
	0,
	0,
	0,
	0,
	0,
	0,
	0,
	"5dd87fba-241a-438c-bfbe-940cbf1e488d",
	"00000000-0000-0000-0000-000000000000");
INSERT INTO O_TFR
	VALUES ("ed50ea1b-06ab-4767-b877-4e21f462c911",
	"9a41fe9e-f547-4cde-b68d-f7db43c904dc",
	'addService',
	'',
	"ba5eda7a-def5-0000-0000-000000000001",
	1,
	'',
	1,
	'',
	"00000000-0000-0000-0000-000000000000");
INSERT INTO O_TPARM
	VALUES ("ce51fdb2-9444-46b8-a1d3-2b5109206e14",
	"ed50ea1b-06ab-4767-b877-4e21f462c911",
	'bookable',
	"bdce89ef-72f6-4386-ba13-b2d926836c80",
	0,
	'',
	"00000000-0000-0000-0000-000000000000",
	'');
INSERT INTO ACT_OPB
	VALUES ("8f80c9f8-36e6-4b1b-89ef-314ed0465229",
	"ed50ea1b-06ab-4767-b877-4e21f462c911");
INSERT INTO ACT_ACT
	VALUES ("8f80c9f8-36e6-4b1b-89ef-314ed0465229",
	'operation',
	0,
	"e405c963-7473-4e48-995b-5b0c2e19c571",
	"00000000-0000-0000-0000-000000000000",
	0,
	'Booking::addService',
	"00000000-0000-0000-0000-000000000000");
INSERT INTO ACT_BLK
	VALUES ("e405c963-7473-4e48-995b-5b0c2e19c571",
	0,
	0,
	0,
	'',
	'',
	'',
	0,
	0,
	0,
	0,
	0,
	0,
	0,
	0,
	0,
	0,
	0,
	0,
	0,
	"8f80c9f8-36e6-4b1b-89ef-314ed0465229",
	"00000000-0000-0000-0000-000000000000");
INSERT INTO O_NBATTR
	VALUES ("de30d967-1c94-45a4-8e5f-b18dc80d1e04",
	"9a41fe9e-f547-4cde-b68d-f7db43c904dc");
INSERT INTO O_BATTR
	VALUES ("de30d967-1c94-45a4-8e5f-b18dc80d1e04",
	"9a41fe9e-f547-4cde-b68d-f7db43c904dc");
INSERT INTO O_ATTR
	VALUES ("de30d967-1c94-45a4-8e5f-b18dc80d1e04",
	"9a41fe9e-f547-4cde-b68d-f7db43c904dc",
	"00000000-0000-0000-0000-000000000000",
	'bookingNumber',
	'',
	'',
	'bookingNumber',
	0,
	"ba5eda7a-def5-0000-0000-000000000005",
	'',
	'');
INSERT INTO O_NBATTR
	VALUES ("1bbfeec7-96fb-4cc4-ae24-cc51dbf69bda",
	"9a41fe9e-f547-4cde-b68d-f7db43c904dc");
INSERT INTO O_BATTR
	VALUES ("1bbfeec7-96fb-4cc4-ae24-cc51dbf69bda",
	"9a41fe9e-f547-4cde-b68d-f7db43c904dc");
INSERT INTO O_ATTR
	VALUES ("1bbfeec7-96fb-4cc4-ae24-cc51dbf69bda",
	"9a41fe9e-f547-4cde-b68d-f7db43c904dc",
	"de30d967-1c94-45a4-8e5f-b18dc80d1e04",
	'fromDate',
	'',
	'',
	'fromDate',
	0,
	"ba5eda7a-def5-0000-0000-000000000010",
	'',
	'');
INSERT INTO O_NBATTR
	VALUES ("e8beb6ea-4122-426a-9215-3d8a7d8b3cc6",
	"9a41fe9e-f547-4cde-b68d-f7db43c904dc");
INSERT INTO O_BATTR
	VALUES ("e8beb6ea-4122-426a-9215-3d8a7d8b3cc6",
	"9a41fe9e-f547-4cde-b68d-f7db43c904dc");
INSERT INTO O_ATTR
	VALUES ("e8beb6ea-4122-426a-9215-3d8a7d8b3cc6",
	"9a41fe9e-f547-4cde-b68d-f7db43c904dc",
	"1bbfeec7-96fb-4cc4-ae24-cc51dbf69bda",
	'toDate',
	'',
	'',
	'toDate',
	0,
	"ba5eda7a-def5-0000-0000-000000000010",
	'',
	'');
INSERT INTO O_ID
	VALUES (2,
	"9a41fe9e-f547-4cde-b68d-f7db43c904dc");
INSERT INTO O_ID
	VALUES (1,
	"9a41fe9e-f547-4cde-b68d-f7db43c904dc");
INSERT INTO O_ID
	VALUES (0,
	"9a41fe9e-f547-4cde-b68d-f7db43c904dc");
INSERT INTO PE_PE
	VALUES ("7137c09d-ba0e-406b-b3b5-76bb3cc48f3d",
	1,
	"960454f9-cf5f-4331-88bf-8023709586b1",
	"00000000-0000-0000-0000-000000000000",
	4);
INSERT INTO O_OBJ
	VALUES ("7137c09d-ba0e-406b-b3b5-76bb3cc48f3d",
	'BookingSession',
	12,
	'BOOKINGSESSION',
	'',
	"00000000-0000-0000-0000-000000000000");
INSERT INTO O_TFR
	VALUES ("05de7466-0a07-4b67-9ee8-5f366e9f9749",
	"7137c09d-ba0e-406b-b3b5-76bb3cc48f3d",
	'addGuest',
	'',
	"433f7688-7b95-4f9c-89f1-cf076d691ab7",
	1,
	'',
	1,
	'',
	"973159ef-6d38-4a97-8d59-b677decdc9ad");
INSERT INTO O_TPARM
	VALUES ("2cd610e7-ad50-42c5-af6e-e3015f63da6c",
	"05de7466-0a07-4b67-9ee8-5f366e9f9749",
	'age',
	"ba5eda7a-def5-0000-0000-000000000002",
	0,
	'',
	"3d28979b-45fd-4184-b69b-97f728fee1b3",
	'');
INSERT INTO O_TPARM
	VALUES ("3d28979b-45fd-4184-b69b-97f728fee1b3",
	"05de7466-0a07-4b67-9ee8-5f366e9f9749",
	'name',
	"ba5eda7a-def5-0000-0000-000000000004",
	0,
	'',
	"b5a1913d-01c4-4e00-8ec7-60743582e763",
	'');
INSERT INTO O_TPARM
	VALUES ("b5a1913d-01c4-4e00-8ec7-60743582e763",
	"05de7466-0a07-4b67-9ee8-5f366e9f9749",
	'facility',
	"bd43dc09-3be2-4ae8-806d-bedb08b1e03c",
	0,
	'',
	"00000000-0000-0000-0000-000000000000",
	'');
INSERT INTO ACT_OPB
	VALUES ("4520f22b-3800-46a8-9785-ce3a68ebd165",
	"05de7466-0a07-4b67-9ee8-5f366e9f9749");
INSERT INTO ACT_ACT
	VALUES ("4520f22b-3800-46a8-9785-ce3a68ebd165",
	'operation',
	0,
	"88ac04eb-d25e-4799-b0d8-1170f2f4d7f4",
	"00000000-0000-0000-0000-000000000000",
	0,
	'BookingSession::addGuest',
	"00000000-0000-0000-0000-000000000000");
INSERT INTO ACT_BLK
	VALUES ("88ac04eb-d25e-4799-b0d8-1170f2f4d7f4",
	0,
	0,
	0,
	'',
	'',
	'',
	0,
	0,
	0,
	0,
	0,
	0,
	0,
	0,
	0,
	0,
	0,
	0,
	0,
	"4520f22b-3800-46a8-9785-ce3a68ebd165",
	"00000000-0000-0000-0000-000000000000");
INSERT INTO O_TFR
	VALUES ("973159ef-6d38-4a97-8d59-b677decdc9ad",
	"7137c09d-ba0e-406b-b3b5-76bb3cc48f3d",
	'createGuest',
	'',
	"ba5eda7a-def5-0000-0000-000000000001",
	1,
	'',
	1,
	'',
	"f499439d-d4fe-4c3b-a8d0-33d0d0ec3b9f");
INSERT INTO O_TPARM
	VALUES ("9a299bce-b8e7-4078-908e-bd495c0df698",
	"973159ef-6d38-4a97-8d59-b677decdc9ad",
	'age',
	"ba5eda7a-def5-0000-0000-000000000002",
	0,
	'',
	"66d4ce13-6a90-48f7-b3dd-37922f12da6b",
	'');
INSERT INTO O_TPARM
	VALUES ("66d4ce13-6a90-48f7-b3dd-37922f12da6b",
	"973159ef-6d38-4a97-8d59-b677decdc9ad",
	'name',
	"ba5eda7a-def5-0000-0000-000000000004",
	0,
	'',
	"00000000-0000-0000-0000-000000000000",
	'');
INSERT INTO ACT_OPB
	VALUES ("ffb559aa-104b-43d7-b9c9-04539cb10b08",
	"973159ef-6d38-4a97-8d59-b677decdc9ad");
INSERT INTO ACT_ACT
	VALUES ("ffb559aa-104b-43d7-b9c9-04539cb10b08",
	'operation',
	0,
	"b8dc01f4-4da0-46b8-9a0f-26f7a1955f8b",
	"00000000-0000-0000-0000-000000000000",
	0,
	'BookingSession::createGuest',
	"00000000-0000-0000-0000-000000000000");
INSERT INTO ACT_BLK
	VALUES ("b8dc01f4-4da0-46b8-9a0f-26f7a1955f8b",
	0,
	0,
	0,
	'',
	'',
	'',
	0,
	0,
	0,
	0,
	0,
	0,
	0,
	0,
	0,
	0,
	0,
	0,
	0,
	"ffb559aa-104b-43d7-b9c9-04539cb10b08",
	"00000000-0000-0000-0000-000000000000");
INSERT INTO O_TFR
	VALUES ("f499439d-d4fe-4c3b-a8d0-33d0d0ec3b9f",
	"7137c09d-ba0e-406b-b3b5-76bb3cc48f3d",
	'selectBookable',
	'',
	"df204ffe-8ba5-4335-839a-3b03a55091e7",
	1,
	'',
	1,
	'',
	"3c890d0f-ccdd-4ce5-a703-cbbc87bec2c9");
INSERT INTO O_TPARM
	VALUES ("dc38b8c8-4b8d-48df-9100-2164413d853e",
	"f499439d-d4fe-4c3b-a8d0-33d0d0ec3b9f",
	'facilityType',
	"99dc6d1a-909c-4bcb-a5b6-04d65b974e90",
	0,
	'',
	"00000000-0000-0000-0000-000000000000",
	'');
INSERT INTO ACT_OPB
	VALUES ("8dac010d-de89-4046-8fda-8a17eb14c14a",
	"f499439d-d4fe-4c3b-a8d0-33d0d0ec3b9f");
INSERT INTO ACT_ACT
	VALUES ("8dac010d-de89-4046-8fda-8a17eb14c14a",
	'operation',
	0,
	"7ba5db23-3509-4eb3-ac30-51a647aa00d1",
	"00000000-0000-0000-0000-000000000000",
	0,
	'BookingSession::selectBookable',
	"00000000-0000-0000-0000-000000000000");
INSERT INTO ACT_BLK
	VALUES ("7ba5db23-3509-4eb3-ac30-51a647aa00d1",
	0,
	0,
	0,
	'',
	'',
	'',
	0,
	0,
	0,
	0,
	0,
	0,
	0,
	0,
	0,
	0,
	0,
	0,
	0,
	"8dac010d-de89-4046-8fda-8a17eb14c14a",
	"00000000-0000-0000-0000-000000000000");
INSERT INTO O_TFR
	VALUES ("3c890d0f-ccdd-4ce5-a703-cbbc87bec2c9",
	"7137c09d-ba0e-406b-b3b5-76bb3cc48f3d",
	'addService',
	'',
	"ba5eda7a-def5-0000-0000-000000000001",
	1,
	'',
	1,
	'',
	"4da49d83-26d3-43ca-8187-3975b38144e9");
INSERT INTO O_TPARM
	VALUES ("f076e994-905e-4365-996b-af1be541514e",
	"3c890d0f-ccdd-4ce5-a703-cbbc87bec2c9",
	'bookable',
	"bdce89ef-72f6-4386-ba13-b2d926836c80",
	0,
	'',
	"00000000-0000-0000-0000-000000000000",
	'');
INSERT INTO ACT_OPB
	VALUES ("0756aed3-9b63-4c00-b063-ad56b0b0c6a9",
	"3c890d0f-ccdd-4ce5-a703-cbbc87bec2c9");
INSERT INTO ACT_ACT
	VALUES ("0756aed3-9b63-4c00-b063-ad56b0b0c6a9",
	'operation',
	0,
	"a8099bd0-d2cb-440a-b512-3f1a5443189c",
	"00000000-0000-0000-0000-000000000000",
	0,
	'BookingSession::addService',
	"00000000-0000-0000-0000-000000000000");
INSERT INTO ACT_BLK
	VALUES ("a8099bd0-d2cb-440a-b512-3f1a5443189c",
	0,
	0,
	0,
	'',
	'',
	'',
	0,
	0,
	0,
	0,
	0,
	0,
	0,
	0,
	0,
	0,
	0,
	0,
	0,
	"0756aed3-9b63-4c00-b063-ad56b0b0c6a9",
	"00000000-0000-0000-0000-000000000000");
INSERT INTO O_TFR
	VALUES ("4da49d83-26d3-43ca-8187-3975b38144e9",
	"7137c09d-ba0e-406b-b3b5-76bb3cc48f3d",
	'createCustomer',
	'',
	"ba5eda7a-def5-0000-0000-000000000001",
	1,
	'',
	1,
	'',
	"ad7ec6a1-0909-48cc-8bb1-e07002fbff5e");
INSERT INTO O_TPARM
	VALUES ("85874f5e-8dce-4622-8f9e-a7d2cbf42842",
	"4da49d83-26d3-43ca-8187-3975b38144e9",
	'name',
	"ba5eda7a-def5-0000-0000-000000000004",
	0,
	'',
	"00000000-0000-0000-0000-000000000000",
	'');
INSERT INTO ACT_OPB
	VALUES ("04fb264a-c94c-431b-8362-30515004c8f7",
	"4da49d83-26d3-43ca-8187-3975b38144e9");
INSERT INTO ACT_ACT
	VALUES ("04fb264a-c94c-431b-8362-30515004c8f7",
	'operation',
	0,
	"7075f351-4c57-43ac-87ad-9f4a45386035",
	"00000000-0000-0000-0000-000000000000",
	0,
	'BookingSession::createCustomer',
	"00000000-0000-0000-0000-000000000000");
INSERT INTO ACT_BLK
	VALUES ("7075f351-4c57-43ac-87ad-9f4a45386035",
	0,
	0,
	0,
	'',
	'',
	'',
	0,
	0,
	0,
	0,
	0,
	0,
	0,
	0,
	0,
	0,
	0,
	0,
	0,
	"04fb264a-c94c-431b-8362-30515004c8f7",
	"00000000-0000-0000-0000-000000000000");
INSERT INTO O_TFR
	VALUES ("ad7ec6a1-0909-48cc-8bb1-e07002fbff5e",
	"7137c09d-ba0e-406b-b3b5-76bb3cc48f3d",
	'search',
	'',
	"ebb6007c-c361-40c7-ad5b-5b07d6a01d41",
	1,
	'select many b from instances of FACILITYTYPE;
return b;',
	1,
	'',
	"00000000-0000-0000-0000-000000000000");
INSERT INTO O_TPARM
	VALUES ("0ef9b8e6-8616-49fc-a1c9-9dac1dafd37d",
	"ad7ec6a1-0909-48cc-8bb1-e07002fbff5e",
	'fromDate',
	"ba5eda7a-def5-0000-0000-000000000010",
	0,
	'',
	"00000000-0000-0000-0000-000000000000",
	'');
INSERT INTO O_TPARM
	VALUES ("9aa4b7ff-c6de-49d7-9abf-090bc4abfc47",
	"ad7ec6a1-0909-48cc-8bb1-e07002fbff5e",
	'toDate',
	"ba5eda7a-def5-0000-0000-000000000010",
	0,
	'',
	"0ef9b8e6-8616-49fc-a1c9-9dac1dafd37d",
	'');
INSERT INTO O_TPARM
	VALUES ("1e0989d6-5c1c-4a30-a265-acb6695e117b",
	"ad7ec6a1-0909-48cc-8bb1-e07002fbff5e",
	'facilityType',
	"ba5eda7a-def5-0000-0000-000000000002",
	0,
	'',
	"9aa4b7ff-c6de-49d7-9abf-090bc4abfc47",
	'');
INSERT INTO ACT_OPB
	VALUES ("3fe1c16c-7b3a-4f09-a267-b41b4bc49593",
	"ad7ec6a1-0909-48cc-8bb1-e07002fbff5e");
INSERT INTO ACT_ACT
	VALUES ("3fe1c16c-7b3a-4f09-a267-b41b4bc49593",
	'operation',
	0,
	"04b420ff-6df8-4442-8332-7357f3ce54d1",
	"00000000-0000-0000-0000-000000000000",
	0,
	'BookingSession::search',
	"00000000-0000-0000-0000-000000000000");
INSERT INTO ACT_BLK
	VALUES ("04b420ff-6df8-4442-8332-7357f3ce54d1",
	1,
	0,
	0,
	'',
	'',
	'',
	2,
	1,
	1,
	33,
	0,
	0,
	0,
	0,
	0,
	0,
	0,
	0,
	0,
	"3fe1c16c-7b3a-4f09-a267-b41b4bc49593",
	"00000000-0000-0000-0000-000000000000");
INSERT INTO ACT_SMT
	VALUES ("2842f0d8-28ec-4862-93a2-8b824ab1fa7d",
	"04b420ff-6df8-4442-8332-7357f3ce54d1",
	"68d78a49-2881-4694-bffa-6dfe5c17a14a",
	1,
	1,
	'BookingSession::search line: 1');
INSERT INTO ACT_FIO
	VALUES ("2842f0d8-28ec-4862-93a2-8b824ab1fa7d",
	"8139747e-2316-4225-b328-f401cecd99da",
	1,
	'many',
	"bafdc953-1881-43a3-a5f1-9dcc7e2d60c3",
	1,
	33);
INSERT INTO ACT_SMT
	VALUES ("68d78a49-2881-4694-bffa-6dfe5c17a14a",
	"04b420ff-6df8-4442-8332-7357f3ce54d1",
	"00000000-0000-0000-0000-000000000000",
	2,
	1,
	'BookingSession::search line: 2');
INSERT INTO ACT_RET
	VALUES ("68d78a49-2881-4694-bffa-6dfe5c17a14a",
	"d6c5ec3d-f74d-41eb-b207-19a3664eeee4");
INSERT INTO V_VAL
	VALUES ("d6c5ec3d-f74d-41eb-b207-19a3664eeee4",
	0,
	0,
	2,
	8,
	8,
	0,
	0,
	0,
	0,
	"ebb6007c-c361-40c7-ad5b-5b07d6a01d41",
	"04b420ff-6df8-4442-8332-7357f3ce54d1");
INSERT INTO V_ISR
	VALUES ("d6c5ec3d-f74d-41eb-b207-19a3664eeee4",
	"8139747e-2316-4225-b328-f401cecd99da");
INSERT INTO V_VAR
	VALUES ("8139747e-2316-4225-b328-f401cecd99da",
	"04b420ff-6df8-4442-8332-7357f3ce54d1",
	'b',
	1,
	"ebb6007c-c361-40c7-ad5b-5b07d6a01d41");
INSERT INTO V_INS
	VALUES ("8139747e-2316-4225-b328-f401cecd99da",
	"bafdc953-1881-43a3-a5f1-9dcc7e2d60c3");
INSERT INTO V_LOC
	VALUES ("e62d3bd8-62aa-4729-8fe4-9c80f08c2f5d",
	1,
	13,
	13,
	"8139747e-2316-4225-b328-f401cecd99da");
INSERT INTO V_LOC
	VALUES ("1ba50f3d-470b-4545-9e90-61be1159f833",
	2,
	8,
	8,
	"8139747e-2316-4225-b328-f401cecd99da");
INSERT INTO O_NBATTR
	VALUES ("df46d3b5-7060-4611-8908-d535d035865a",
	"7137c09d-ba0e-406b-b3b5-76bb3cc48f3d");
INSERT INTO O_BATTR
	VALUES ("df46d3b5-7060-4611-8908-d535d035865a",
	"7137c09d-ba0e-406b-b3b5-76bb3cc48f3d");
INSERT INTO O_ATTR
	VALUES ("df46d3b5-7060-4611-8908-d535d035865a",
	"7137c09d-ba0e-406b-b3b5-76bb3cc48f3d",
	"00000000-0000-0000-0000-000000000000",
	'ID',
	'',
	'',
	'ID',
	0,
	"ba5eda7a-def5-0000-0000-000000000005",
	'',
	'');
INSERT INTO O_NBATTR
	VALUES ("3a14ca04-48d1-4f7a-ae3f-730f9dcf0f47",
	"7137c09d-ba0e-406b-b3b5-76bb3cc48f3d");
INSERT INTO O_BATTR
	VALUES ("3a14ca04-48d1-4f7a-ae3f-730f9dcf0f47",
	"7137c09d-ba0e-406b-b3b5-76bb3cc48f3d");
INSERT INTO O_ATTR
	VALUES ("3a14ca04-48d1-4f7a-ae3f-730f9dcf0f47",
	"7137c09d-ba0e-406b-b3b5-76bb3cc48f3d",
	"df46d3b5-7060-4611-8908-d535d035865a",
	'current_state',
	'',
	'',
	'current_state',
	0,
	"ba5eda7a-def5-0000-0000-000000000006",
	'',
	'');
INSERT INTO O_NBATTR
	VALUES ("50bb5789-9307-47a5-82ce-5b072d408733",
	"7137c09d-ba0e-406b-b3b5-76bb3cc48f3d");
INSERT INTO O_BATTR
	VALUES ("50bb5789-9307-47a5-82ce-5b072d408733",
	"7137c09d-ba0e-406b-b3b5-76bb3cc48f3d");
INSERT INTO O_ATTR
	VALUES ("50bb5789-9307-47a5-82ce-5b072d408733",
	"7137c09d-ba0e-406b-b3b5-76bb3cc48f3d",
	"3a14ca04-48d1-4f7a-ae3f-730f9dcf0f47",
	'fromDate',
	'',
	'',
	'fromDate',
	0,
	"ba5eda7a-def5-0000-0000-000000000010",
	'',
	'');
INSERT INTO O_NBATTR
	VALUES ("0e9e7750-2569-4da9-a449-a53f0804aec1",
	"7137c09d-ba0e-406b-b3b5-76bb3cc48f3d");
INSERT INTO O_BATTR
	VALUES ("0e9e7750-2569-4da9-a449-a53f0804aec1",
	"7137c09d-ba0e-406b-b3b5-76bb3cc48f3d");
INSERT INTO O_ATTR
	VALUES ("0e9e7750-2569-4da9-a449-a53f0804aec1",
	"7137c09d-ba0e-406b-b3b5-76bb3cc48f3d",
	"50bb5789-9307-47a5-82ce-5b072d408733",
	'toDate',
	'',
	'',
	'toDate',
	0,
	"ba5eda7a-def5-0000-0000-000000000010",
	'',
	'');
INSERT INTO O_NBATTR
	VALUES ("498195f4-1880-4554-8893-31dababdda26",
	"7137c09d-ba0e-406b-b3b5-76bb3cc48f3d");
INSERT INTO O_BATTR
	VALUES ("498195f4-1880-4554-8893-31dababdda26",
	"7137c09d-ba0e-406b-b3b5-76bb3cc48f3d");
INSERT INTO O_ATTR
	VALUES ("498195f4-1880-4554-8893-31dababdda26",
	"7137c09d-ba0e-406b-b3b5-76bb3cc48f3d",
	"0e9e7750-2569-4da9-a449-a53f0804aec1",
	'tmpFacility',
	'',
	'',
	'tmpFacility',
	0,
	"bd43dc09-3be2-4ae8-806d-bedb08b1e03c",
	'',
	'');
INSERT INTO O_ID
	VALUES (2,
	"7137c09d-ba0e-406b-b3b5-76bb3cc48f3d");
INSERT INTO O_ID
	VALUES (1,
	"7137c09d-ba0e-406b-b3b5-76bb3cc48f3d");
INSERT INTO O_ID
	VALUES (0,
	"7137c09d-ba0e-406b-b3b5-76bb3cc48f3d");
INSERT INTO SM_ISM
	VALUES ("c87b2dab-d00f-4d32-a5d3-d1e5b01c9cb3",
	"7137c09d-ba0e-406b-b3b5-76bb3cc48f3d");
INSERT INTO SM_SM
	VALUES ("c87b2dab-d00f-4d32-a5d3-d1e5b01c9cb3",
	'',
	0);
INSERT INTO SM_MOORE
	VALUES ("c87b2dab-d00f-4d32-a5d3-d1e5b01c9cb3");
INSERT INTO SM_EVTDI
	VALUES ("2d43d56d-0986-465f-a7e7-0a40c6ca6c73",
	"c87b2dab-d00f-4d32-a5d3-d1e5b01c9cb3",
	'id',
	'',
	"ba5eda7a-def5-0000-0000-000000000005",
	'',
	"463dc70c-f7bb-484c-8def-bd2056914139",
	"00000000-0000-0000-0000-000000000000");
INSERT INTO SM_EVTDI
	VALUES ("b599f39c-3ae8-47ef-af47-db13fca3f1cf",
	"c87b2dab-d00f-4d32-a5d3-d1e5b01c9cb3",
	'fromDate',
	'',
	"ba5eda7a-def5-0000-0000-000000000010",
	'',
	"42a35ac4-7d83-4153-8c24-cc4699f29672",
	"00000000-0000-0000-0000-000000000000");
INSERT INTO SM_EVTDI
	VALUES ("90ab0b0a-074e-482c-805b-874b479c239b",
	"c87b2dab-d00f-4d32-a5d3-d1e5b01c9cb3",
	'toDate',
	'',
	"ba5eda7a-def5-0000-0000-000000000010",
	'',
	"42a35ac4-7d83-4153-8c24-cc4699f29672",
	"b599f39c-3ae8-47ef-af47-db13fca3f1cf");
INSERT INTO SM_EVTDI
	VALUES ("0d93db72-2d98-490d-b997-cfb6221190be",
	"c87b2dab-d00f-4d32-a5d3-d1e5b01c9cb3",
	'name',
	'',
	"ba5eda7a-def5-0000-0000-000000000004",
	'',
	"2113072c-9fe7-4d67-8795-583d185185c1",
	"00000000-0000-0000-0000-000000000000");
INSERT INTO SM_EVTDI
	VALUES ("1a61f794-8699-4899-864e-ff962d264dd7",
	"c87b2dab-d00f-4d32-a5d3-d1e5b01c9cb3",
	'age',
	'',
	"ba5eda7a-def5-0000-0000-000000000002",
	'',
	"2113072c-9fe7-4d67-8795-583d185185c1",
	"0d93db72-2d98-490d-b997-cfb6221190be");
INSERT INTO SM_EVTDI
	VALUES ("aed00046-ec20-4fdb-9504-ff5ed824a993",
	"c87b2dab-d00f-4d32-a5d3-d1e5b01c9cb3",
	'name',
	'',
	"ba5eda7a-def5-0000-0000-000000000004",
	'',
	"153a511b-c927-49fe-95d5-db518898883d",
	"00000000-0000-0000-0000-000000000000");
INSERT INTO SM_EVTDI
	VALUES ("2d8307e0-d4a7-4a1d-a646-af64cd3a53b6",
	"c87b2dab-d00f-4d32-a5d3-d1e5b01c9cb3",
	'phoneNumber',
	'',
	"ba5eda7a-def5-0000-0000-000000000004",
	'',
	"153a511b-c927-49fe-95d5-db518898883d",
	"aed00046-ec20-4fdb-9504-ff5ed824a993");
INSERT INTO SM_EVTDI
	VALUES ("9a81d401-b5a6-4738-8935-2a321ce61612",
	"c87b2dab-d00f-4d32-a5d3-d1e5b01c9cb3",
	'info',
	'',
	"ba5eda7a-def5-0000-0000-000000000004",
	'',
	"459dadf1-a920-477f-b495-f73fd93f16e7",
	"00000000-0000-0000-0000-000000000000");
INSERT INTO SM_EVTDI
	VALUES ("d11d5c6a-5529-4294-b70f-50f121aa30de",
	"c87b2dab-d00f-4d32-a5d3-d1e5b01c9cb3",
	'valid',
	'',
	"ba5eda7a-def5-0000-0000-000000000001",
	'',
	"2abc1152-f6f1-440f-8291-2896e45ba380",
	"00000000-0000-0000-0000-000000000000");
INSERT INTO SM_LEVT
	VALUES ("463dc70c-f7bb-484c-8def-bd2056914139",
	"c87b2dab-d00f-4d32-a5d3-d1e5b01c9cb3",
	"00000000-0000-0000-0000-000000000000");
INSERT INTO SM_SEVT
	VALUES ("463dc70c-f7bb-484c-8def-bd2056914139",
	"c87b2dab-d00f-4d32-a5d3-d1e5b01c9cb3",
	"00000000-0000-0000-0000-000000000000");
INSERT INTO SM_EVT
	VALUES ("463dc70c-f7bb-484c-8def-bd2056914139",
	"c87b2dab-d00f-4d32-a5d3-d1e5b01c9cb3",
	"00000000-0000-0000-0000-000000000000",
	1,
	'selectEvent',
	0,
	'',
	'BOOKINGSESSION1',
	'');
INSERT INTO SM_LEVT
	VALUES ("2113072c-9fe7-4d67-8795-583d185185c1",
	"c87b2dab-d00f-4d32-a5d3-d1e5b01c9cb3",
	"00000000-0000-0000-0000-000000000000");
INSERT INTO SM_SEVT
	VALUES ("2113072c-9fe7-4d67-8795-583d185185c1",
	"c87b2dab-d00f-4d32-a5d3-d1e5b01c9cb3",
	"00000000-0000-0000-0000-000000000000");
INSERT INTO SM_EVT
	VALUES ("2113072c-9fe7-4d67-8795-583d185185c1",
	"c87b2dab-d00f-4d32-a5d3-d1e5b01c9cb3",
	"00000000-0000-0000-0000-000000000000",
	2,
	'addGuestEvent',
	0,
	'',
	'BOOKINGSESSION2',
	'');
INSERT INTO SM_LEVT
	VALUES ("0e59bc59-c4a8-49b6-b5c2-bd2e2de4f771",
	"c87b2dab-d00f-4d32-a5d3-d1e5b01c9cb3",
	"00000000-0000-0000-0000-000000000000");
INSERT INTO SM_SEVT
	VALUES ("0e59bc59-c4a8-49b6-b5c2-bd2e2de4f771",
	"c87b2dab-d00f-4d32-a5d3-d1e5b01c9cb3",
	"00000000-0000-0000-0000-000000000000");
INSERT INTO SM_EVT
	VALUES ("0e59bc59-c4a8-49b6-b5c2-bd2e2de4f771",
	"c87b2dab-d00f-4d32-a5d3-d1e5b01c9cb3",
	"00000000-0000-0000-0000-000000000000",
	3,
	'addServiceEvent',
	0,
	'',
	'BOOKINGSESSION3',
	'');
INSERT INTO SM_LEVT
	VALUES ("9a883f49-b118-47b2-880c-373bfecf9218",
	"c87b2dab-d00f-4d32-a5d3-d1e5b01c9cb3",
	"00000000-0000-0000-0000-000000000000");
INSERT INTO SM_SEVT
	VALUES ("9a883f49-b118-47b2-880c-373bfecf9218",
	"c87b2dab-d00f-4d32-a5d3-d1e5b01c9cb3",
	"00000000-0000-0000-0000-000000000000");
INSERT INTO SM_EVT
	VALUES ("9a883f49-b118-47b2-880c-373bfecf9218",
	"c87b2dab-d00f-4d32-a5d3-d1e5b01c9cb3",
	"00000000-0000-0000-0000-000000000000",
	4,
	'confirmEvent',
	0,
	'',
	'BOOKINGSESSION4',
	'');
INSERT INTO SM_LEVT
	VALUES ("153a511b-c927-49fe-95d5-db518898883d",
	"c87b2dab-d00f-4d32-a5d3-d1e5b01c9cb3",
	"00000000-0000-0000-0000-000000000000");
INSERT INTO SM_SEVT
	VALUES ("153a511b-c927-49fe-95d5-db518898883d",
	"c87b2dab-d00f-4d32-a5d3-d1e5b01c9cb3",
	"00000000-0000-0000-0000-000000000000");
INSERT INTO SM_EVT
	VALUES ("153a511b-c927-49fe-95d5-db518898883d",
	"c87b2dab-d00f-4d32-a5d3-d1e5b01c9cb3",
	"00000000-0000-0000-0000-000000000000",
	5,
	'customerDetailsEvent',
	0,
	'',
	'BOOKINGSESSION5',
	'');
INSERT INTO SM_LEVT
	VALUES ("459dadf1-a920-477f-b495-f73fd93f16e7",
	"c87b2dab-d00f-4d32-a5d3-d1e5b01c9cb3",
	"00000000-0000-0000-0000-000000000000");
INSERT INTO SM_SEVT
	VALUES ("459dadf1-a920-477f-b495-f73fd93f16e7",
	"c87b2dab-d00f-4d32-a5d3-d1e5b01c9cb3",
	"00000000-0000-0000-0000-000000000000");
INSERT INTO SM_EVT
	VALUES ("459dadf1-a920-477f-b495-f73fd93f16e7",
	"c87b2dab-d00f-4d32-a5d3-d1e5b01c9cb3",
	"00000000-0000-0000-0000-000000000000",
	6,
	'paymentInfoEvent',
	0,
	'',
	'BOOKINGSESSION6',
	'');
INSERT INTO SM_LEVT
	VALUES ("2abc1152-f6f1-440f-8291-2896e45ba380",
	"c87b2dab-d00f-4d32-a5d3-d1e5b01c9cb3",
	"00000000-0000-0000-0000-000000000000");
INSERT INTO SM_SEVT
	VALUES ("2abc1152-f6f1-440f-8291-2896e45ba380",
	"c87b2dab-d00f-4d32-a5d3-d1e5b01c9cb3",
	"00000000-0000-0000-0000-000000000000");
INSERT INTO SM_EVT
	VALUES ("2abc1152-f6f1-440f-8291-2896e45ba380",
	"c87b2dab-d00f-4d32-a5d3-d1e5b01c9cb3",
	"00000000-0000-0000-0000-000000000000",
	7,
	'paymentConfirmedEvent',
	0,
	'',
	'BOOKINGSESSION7',
	'');
INSERT INTO SM_LEVT
	VALUES ("5d2bc261-464e-4c96-88a1-0dcf2267fd8b",
	"c87b2dab-d00f-4d32-a5d3-d1e5b01c9cb3",
	"00000000-0000-0000-0000-000000000000");
INSERT INTO SM_SEVT
	VALUES ("5d2bc261-464e-4c96-88a1-0dcf2267fd8b",
	"c87b2dab-d00f-4d32-a5d3-d1e5b01c9cb3",
	"00000000-0000-0000-0000-000000000000");
INSERT INTO SM_EVT
	VALUES ("5d2bc261-464e-4c96-88a1-0dcf2267fd8b",
	"c87b2dab-d00f-4d32-a5d3-d1e5b01c9cb3",
	"00000000-0000-0000-0000-000000000000",
	8,
	'cancelEvent',
	0,
	'',
	'BOOKINGSESSION8',
	'');
INSERT INTO SM_LEVT
	VALUES ("42a35ac4-7d83-4153-8c24-cc4699f29672",
	"c87b2dab-d00f-4d32-a5d3-d1e5b01c9cb3",
	"00000000-0000-0000-0000-000000000000");
INSERT INTO SM_SEVT
	VALUES ("42a35ac4-7d83-4153-8c24-cc4699f29672",
	"c87b2dab-d00f-4d32-a5d3-d1e5b01c9cb3",
	"00000000-0000-0000-0000-000000000000");
INSERT INTO SM_EVT
	VALUES ("42a35ac4-7d83-4153-8c24-cc4699f29672",
	"c87b2dab-d00f-4d32-a5d3-d1e5b01c9cb3",
	"00000000-0000-0000-0000-000000000000",
	9,
	'searchEvent',
	0,
	'',
	'BOOKINGSESSION9',
	'');
INSERT INTO SM_STATE
	VALUES ("abba5c5c-cc80-413e-acaf-3b88d5e3c3c6",
	"c87b2dab-d00f-4d32-a5d3-d1e5b01c9cb3",
	"00000000-0000-0000-0000-000000000000",
	'ready',
	1,
	0);
INSERT INTO SM_CH
	VALUES ("abba5c5c-cc80-413e-acaf-3b88d5e3c3c6",
	"463dc70c-f7bb-484c-8def-bd2056914139",
	"c87b2dab-d00f-4d32-a5d3-d1e5b01c9cb3",
	"00000000-0000-0000-0000-000000000000",
	'');
INSERT INTO SM_SEME
	VALUES ("abba5c5c-cc80-413e-acaf-3b88d5e3c3c6",
	"463dc70c-f7bb-484c-8def-bd2056914139",
	"c87b2dab-d00f-4d32-a5d3-d1e5b01c9cb3",
	"00000000-0000-0000-0000-000000000000");
INSERT INTO SM_CH
	VALUES ("abba5c5c-cc80-413e-acaf-3b88d5e3c3c6",
	"2113072c-9fe7-4d67-8795-583d185185c1",
	"c87b2dab-d00f-4d32-a5d3-d1e5b01c9cb3",
	"00000000-0000-0000-0000-000000000000",
	'');
INSERT INTO SM_SEME
	VALUES ("abba5c5c-cc80-413e-acaf-3b88d5e3c3c6",
	"2113072c-9fe7-4d67-8795-583d185185c1",
	"c87b2dab-d00f-4d32-a5d3-d1e5b01c9cb3",
	"00000000-0000-0000-0000-000000000000");
INSERT INTO SM_CH
	VALUES ("abba5c5c-cc80-413e-acaf-3b88d5e3c3c6",
	"0e59bc59-c4a8-49b6-b5c2-bd2e2de4f771",
	"c87b2dab-d00f-4d32-a5d3-d1e5b01c9cb3",
	"00000000-0000-0000-0000-000000000000",
	'');
INSERT INTO SM_SEME
	VALUES ("abba5c5c-cc80-413e-acaf-3b88d5e3c3c6",
	"0e59bc59-c4a8-49b6-b5c2-bd2e2de4f771",
	"c87b2dab-d00f-4d32-a5d3-d1e5b01c9cb3",
	"00000000-0000-0000-0000-000000000000");
INSERT INTO SM_CH
	VALUES ("abba5c5c-cc80-413e-acaf-3b88d5e3c3c6",
	"9a883f49-b118-47b2-880c-373bfecf9218",
	"c87b2dab-d00f-4d32-a5d3-d1e5b01c9cb3",
	"00000000-0000-0000-0000-000000000000",
	'');
INSERT INTO SM_SEME
	VALUES ("abba5c5c-cc80-413e-acaf-3b88d5e3c3c6",
	"9a883f49-b118-47b2-880c-373bfecf9218",
	"c87b2dab-d00f-4d32-a5d3-d1e5b01c9cb3",
	"00000000-0000-0000-0000-000000000000");
INSERT INTO SM_CH
	VALUES ("abba5c5c-cc80-413e-acaf-3b88d5e3c3c6",
	"153a511b-c927-49fe-95d5-db518898883d",
	"c87b2dab-d00f-4d32-a5d3-d1e5b01c9cb3",
	"00000000-0000-0000-0000-000000000000",
	'');
INSERT INTO SM_SEME
	VALUES ("abba5c5c-cc80-413e-acaf-3b88d5e3c3c6",
	"153a511b-c927-49fe-95d5-db518898883d",
	"c87b2dab-d00f-4d32-a5d3-d1e5b01c9cb3",
	"00000000-0000-0000-0000-000000000000");
INSERT INTO SM_CH
	VALUES ("abba5c5c-cc80-413e-acaf-3b88d5e3c3c6",
	"459dadf1-a920-477f-b495-f73fd93f16e7",
	"c87b2dab-d00f-4d32-a5d3-d1e5b01c9cb3",
	"00000000-0000-0000-0000-000000000000",
	'');
INSERT INTO SM_SEME
	VALUES ("abba5c5c-cc80-413e-acaf-3b88d5e3c3c6",
	"459dadf1-a920-477f-b495-f73fd93f16e7",
	"c87b2dab-d00f-4d32-a5d3-d1e5b01c9cb3",
	"00000000-0000-0000-0000-000000000000");
INSERT INTO SM_CH
	VALUES ("abba5c5c-cc80-413e-acaf-3b88d5e3c3c6",
	"2abc1152-f6f1-440f-8291-2896e45ba380",
	"c87b2dab-d00f-4d32-a5d3-d1e5b01c9cb3",
	"00000000-0000-0000-0000-000000000000",
	'');
INSERT INTO SM_SEME
	VALUES ("abba5c5c-cc80-413e-acaf-3b88d5e3c3c6",
	"2abc1152-f6f1-440f-8291-2896e45ba380",
	"c87b2dab-d00f-4d32-a5d3-d1e5b01c9cb3",
	"00000000-0000-0000-0000-000000000000");
INSERT INTO SM_CH
	VALUES ("abba5c5c-cc80-413e-acaf-3b88d5e3c3c6",
	"5d2bc261-464e-4c96-88a1-0dcf2267fd8b",
	"c87b2dab-d00f-4d32-a5d3-d1e5b01c9cb3",
	"00000000-0000-0000-0000-000000000000",
	'');
INSERT INTO SM_SEME
	VALUES ("abba5c5c-cc80-413e-acaf-3b88d5e3c3c6",
	"5d2bc261-464e-4c96-88a1-0dcf2267fd8b",
	"c87b2dab-d00f-4d32-a5d3-d1e5b01c9cb3",
	"00000000-0000-0000-0000-000000000000");
INSERT INTO SM_SEME
	VALUES ("abba5c5c-cc80-413e-acaf-3b88d5e3c3c6",
	"42a35ac4-7d83-4153-8c24-cc4699f29672",
	"c87b2dab-d00f-4d32-a5d3-d1e5b01c9cb3",
	"00000000-0000-0000-0000-000000000000");
INSERT INTO SM_MOAH
	VALUES ("418295cd-5f23-4573-b0b2-f9fc1a7b797b",
	"c87b2dab-d00f-4d32-a5d3-d1e5b01c9cb3",
	"abba5c5c-cc80-413e-acaf-3b88d5e3c3c6");
INSERT INTO SM_AH
	VALUES ("418295cd-5f23-4573-b0b2-f9fc1a7b797b",
	"c87b2dab-d00f-4d32-a5d3-d1e5b01c9cb3");
INSERT INTO SM_ACT
	VALUES ("418295cd-5f23-4573-b0b2-f9fc1a7b797b",
	"c87b2dab-d00f-4d32-a5d3-d1e5b01c9cb3",
	1,
	'LOG::LogInfo(message: "Recieved session request");
',
	'');
INSERT INTO ACT_SAB
	VALUES ("30bc3a29-4846-4ef9-8861-5c82342114d0",
	"c87b2dab-d00f-4d32-a5d3-d1e5b01c9cb3",
	"418295cd-5f23-4573-b0b2-f9fc1a7b797b");
INSERT INTO ACT_ACT
	VALUES ("30bc3a29-4846-4ef9-8861-5c82342114d0",
	'state',
	0,
	"9d0f5895-7b82-4529-a05d-50bce4248ecb",
	"00000000-0000-0000-0000-000000000000",
	0,
	'BookingSession::ready',
	"00000000-0000-0000-0000-000000000000");
INSERT INTO ACT_BLK
	VALUES ("9d0f5895-7b82-4529-a05d-50bce4248ecb",
	0,
	0,
	0,
	'LOG',
	'',
	'',
	1,
	1,
	1,
	1,
	0,
	0,
	0,
	0,
	0,
	0,
	0,
	0,
	0,
	"30bc3a29-4846-4ef9-8861-5c82342114d0",
	"00000000-0000-0000-0000-000000000000");
INSERT INTO ACT_SMT
	VALUES ("921c0eae-4e03-4542-a92a-5a04df16c4f1",
	"9d0f5895-7b82-4529-a05d-50bce4248ecb",
	"00000000-0000-0000-0000-000000000000",
	1,
	1,
	'BookingSession::ready line: 1');
INSERT INTO ACT_BRG
	VALUES ("921c0eae-4e03-4542-a92a-5a04df16c4f1",
	"768e1cca-7403-495c-9b22-afd11a473eb6",
	1,
	6,
	1,
	1);
INSERT INTO V_VAL
	VALUES ("206fd1c4-8461-47e8-bafd-f00856595454",
	0,
	0,
	1,
	23,
	47,
	0,
	0,
	0,
	0,
	"ba5eda7a-def5-0000-0000-000000000004",
	"9d0f5895-7b82-4529-a05d-50bce4248ecb");
INSERT INTO V_LST
	VALUES ("206fd1c4-8461-47e8-bafd-f00856595454",
	'Recieved session request');
INSERT INTO V_PAR
	VALUES ("206fd1c4-8461-47e8-bafd-f00856595454",
	"921c0eae-4e03-4542-a92a-5a04df16c4f1",
	"00000000-0000-0000-0000-000000000000",
	'message',
	"00000000-0000-0000-0000-000000000000",
	1,
	14);
INSERT INTO SM_STATE
	VALUES ("379a455a-c9de-4de3-9d42-47151db4b5c1",
	"c87b2dab-d00f-4d32-a5d3-d1e5b01c9cb3",
	"00000000-0000-0000-0000-000000000000",
	'customerProvided',
	6,
	0);
INSERT INTO SM_CH
	VALUES ("379a455a-c9de-4de3-9d42-47151db4b5c1",
	"463dc70c-f7bb-484c-8def-bd2056914139",
	"c87b2dab-d00f-4d32-a5d3-d1e5b01c9cb3",
	"00000000-0000-0000-0000-000000000000",
	'');
INSERT INTO SM_SEME
	VALUES ("379a455a-c9de-4de3-9d42-47151db4b5c1",
	"463dc70c-f7bb-484c-8def-bd2056914139",
	"c87b2dab-d00f-4d32-a5d3-d1e5b01c9cb3",
	"00000000-0000-0000-0000-000000000000");
INSERT INTO SM_CH
	VALUES ("379a455a-c9de-4de3-9d42-47151db4b5c1",
	"2113072c-9fe7-4d67-8795-583d185185c1",
	"c87b2dab-d00f-4d32-a5d3-d1e5b01c9cb3",
	"00000000-0000-0000-0000-000000000000",
	'');
INSERT INTO SM_SEME
	VALUES ("379a455a-c9de-4de3-9d42-47151db4b5c1",
	"2113072c-9fe7-4d67-8795-583d185185c1",
	"c87b2dab-d00f-4d32-a5d3-d1e5b01c9cb3",
	"00000000-0000-0000-0000-000000000000");
INSERT INTO SM_CH
	VALUES ("379a455a-c9de-4de3-9d42-47151db4b5c1",
	"0e59bc59-c4a8-49b6-b5c2-bd2e2de4f771",
	"c87b2dab-d00f-4d32-a5d3-d1e5b01c9cb3",
	"00000000-0000-0000-0000-000000000000",
	'');
INSERT INTO SM_SEME
	VALUES ("379a455a-c9de-4de3-9d42-47151db4b5c1",
	"0e59bc59-c4a8-49b6-b5c2-bd2e2de4f771",
	"c87b2dab-d00f-4d32-a5d3-d1e5b01c9cb3",
	"00000000-0000-0000-0000-000000000000");
INSERT INTO SM_CH
	VALUES ("379a455a-c9de-4de3-9d42-47151db4b5c1",
	"9a883f49-b118-47b2-880c-373bfecf9218",
	"c87b2dab-d00f-4d32-a5d3-d1e5b01c9cb3",
	"00000000-0000-0000-0000-000000000000",
	'');
INSERT INTO SM_SEME
	VALUES ("379a455a-c9de-4de3-9d42-47151db4b5c1",
	"9a883f49-b118-47b2-880c-373bfecf9218",
	"c87b2dab-d00f-4d32-a5d3-d1e5b01c9cb3",
	"00000000-0000-0000-0000-000000000000");
INSERT INTO SM_CH
	VALUES ("379a455a-c9de-4de3-9d42-47151db4b5c1",
	"153a511b-c927-49fe-95d5-db518898883d",
	"c87b2dab-d00f-4d32-a5d3-d1e5b01c9cb3",
	"00000000-0000-0000-0000-000000000000",
	'');
INSERT INTO SM_SEME
	VALUES ("379a455a-c9de-4de3-9d42-47151db4b5c1",
	"153a511b-c927-49fe-95d5-db518898883d",
	"c87b2dab-d00f-4d32-a5d3-d1e5b01c9cb3",
	"00000000-0000-0000-0000-000000000000");
INSERT INTO SM_SEME
	VALUES ("379a455a-c9de-4de3-9d42-47151db4b5c1",
	"459dadf1-a920-477f-b495-f73fd93f16e7",
	"c87b2dab-d00f-4d32-a5d3-d1e5b01c9cb3",
	"00000000-0000-0000-0000-000000000000");
INSERT INTO SM_CH
	VALUES ("379a455a-c9de-4de3-9d42-47151db4b5c1",
	"2abc1152-f6f1-440f-8291-2896e45ba380",
	"c87b2dab-d00f-4d32-a5d3-d1e5b01c9cb3",
	"00000000-0000-0000-0000-000000000000",
	'');
INSERT INTO SM_SEME
	VALUES ("379a455a-c9de-4de3-9d42-47151db4b5c1",
	"2abc1152-f6f1-440f-8291-2896e45ba380",
	"c87b2dab-d00f-4d32-a5d3-d1e5b01c9cb3",
	"00000000-0000-0000-0000-000000000000");
INSERT INTO SM_CH
	VALUES ("379a455a-c9de-4de3-9d42-47151db4b5c1",
	"5d2bc261-464e-4c96-88a1-0dcf2267fd8b",
	"c87b2dab-d00f-4d32-a5d3-d1e5b01c9cb3",
	"00000000-0000-0000-0000-000000000000",
	'');
INSERT INTO SM_SEME
	VALUES ("379a455a-c9de-4de3-9d42-47151db4b5c1",
	"5d2bc261-464e-4c96-88a1-0dcf2267fd8b",
	"c87b2dab-d00f-4d32-a5d3-d1e5b01c9cb3",
	"00000000-0000-0000-0000-000000000000");
INSERT INTO SM_CH
	VALUES ("379a455a-c9de-4de3-9d42-47151db4b5c1",
	"42a35ac4-7d83-4153-8c24-cc4699f29672",
	"c87b2dab-d00f-4d32-a5d3-d1e5b01c9cb3",
	"00000000-0000-0000-0000-000000000000",
	'');
INSERT INTO SM_SEME
	VALUES ("379a455a-c9de-4de3-9d42-47151db4b5c1",
	"42a35ac4-7d83-4153-8c24-cc4699f29672",
	"c87b2dab-d00f-4d32-a5d3-d1e5b01c9cb3",
	"00000000-0000-0000-0000-000000000000");
INSERT INTO SM_MOAH
	VALUES ("c3158b28-1d86-4a56-9d32-e880d9a9c9fe",
	"c87b2dab-d00f-4d32-a5d3-d1e5b01c9cb3",
	"379a455a-c9de-4de3-9d42-47151db4b5c1");
INSERT INTO SM_AH
	VALUES ("c3158b28-1d86-4a56-9d32-e880d9a9c9fe",
	"c87b2dab-d00f-4d32-a5d3-d1e5b01c9cb3");
INSERT INTO SM_ACT
	VALUES ("c3158b28-1d86-4a56-9d32-e880d9a9c9fe",
	"c87b2dab-d00f-4d32-a5d3-d1e5b01c9cb3",
	1,
	'LOG::LogInfo(message: "H: customerProvided: Confirming...");

send BookingProvider::confirmSignal(sessionID:self.ID,
									message:"Confirmed");',
	'');
INSERT INTO ACT_SAB
	VALUES ("da555f49-789b-4d58-824f-90bcb22bf435",
	"c87b2dab-d00f-4d32-a5d3-d1e5b01c9cb3",
	"c3158b28-1d86-4a56-9d32-e880d9a9c9fe");
INSERT INTO ACT_ACT
	VALUES ("da555f49-789b-4d58-824f-90bcb22bf435",
	'state',
	0,
	"b9c7b48b-200f-47db-9a5e-e766f2b224b4",
	"00000000-0000-0000-0000-000000000000",
	0,
	'BookingSession::customerProvided',
	"00000000-0000-0000-0000-000000000000");
INSERT INTO ACT_BLK
	VALUES ("b9c7b48b-200f-47db-9a5e-e766f2b224b4",
	0,
	0,
	0,
	'BookingProvider',
	'',
	'',
	3,
	1,
	3,
	6,
	0,
	0,
	0,
	0,
	0,
	0,
	0,
	0,
	0,
	"da555f49-789b-4d58-824f-90bcb22bf435",
	"00000000-0000-0000-0000-000000000000");
INSERT INTO ACT_SMT
	VALUES ("01aa0d41-598a-45b3-b1f8-5e5d0dbb01f1",
	"b9c7b48b-200f-47db-9a5e-e766f2b224b4",
	"81004550-8067-46e5-a88a-1ab3a045740d",
	1,
	1,
	'BookingSession::customerProvided line: 1');
INSERT INTO ACT_BRG
	VALUES ("01aa0d41-598a-45b3-b1f8-5e5d0dbb01f1",
	"768e1cca-7403-495c-9b22-afd11a473eb6",
	1,
	6,
	1,
	1);
INSERT INTO ACT_SMT
	VALUES ("81004550-8067-46e5-a88a-1ab3a045740d",
	"b9c7b48b-200f-47db-9a5e-e766f2b224b4",
	"00000000-0000-0000-0000-000000000000",
	3,
	1,
	'BookingSession::customerProvided line: 3');
INSERT INTO ACT_SGN
	VALUES ("81004550-8067-46e5-a88a-1ab3a045740d",
	3,
	23,
	3,
	6,
	"adf84adb-26cf-413b-bd98-e3ff7028bfbd",
	"00000000-0000-0000-0000-000000000000",
	"00000000-0000-0000-0000-000000000000");
INSERT INTO V_VAL
	VALUES ("30720bd5-2a2c-4aaf-8800-df9d0baa26f7",
	0,
	0,
	1,
	23,
	57,
	0,
	0,
	0,
	0,
	"ba5eda7a-def5-0000-0000-000000000004",
	"b9c7b48b-200f-47db-9a5e-e766f2b224b4");
INSERT INTO V_LST
	VALUES ("30720bd5-2a2c-4aaf-8800-df9d0baa26f7",
	'H: customerProvided: Confirming...');
INSERT INTO V_PAR
	VALUES ("30720bd5-2a2c-4aaf-8800-df9d0baa26f7",
	"01aa0d41-598a-45b3-b1f8-5e5d0dbb01f1",
	"00000000-0000-0000-0000-000000000000",
	'message',
	"00000000-0000-0000-0000-000000000000",
	1,
	14);
INSERT INTO V_VAL
	VALUES ("f8f2b265-2c37-4742-a5ba-363c61661e40",
	0,
	0,
	3,
	47,
	50,
	0,
	0,
	0,
	0,
	"ba5eda7a-def5-0000-0000-000000000008",
	"b9c7b48b-200f-47db-9a5e-e766f2b224b4");
INSERT INTO V_IRF
	VALUES ("f8f2b265-2c37-4742-a5ba-363c61661e40",
	"317567e1-8c2d-44b3-8205-5b4225011441");
INSERT INTO V_VAL
	VALUES ("70b97b0d-0c18-442e-87d9-ae17a0f4ea5c",
	0,
	0,
	3,
	52,
	53,
	0,
	0,
	0,
	0,
	"ba5eda7a-def5-0000-0000-000000000005",
	"b9c7b48b-200f-47db-9a5e-e766f2b224b4");
INSERT INTO V_AVL
	VALUES ("70b97b0d-0c18-442e-87d9-ae17a0f4ea5c",
	"f8f2b265-2c37-4742-a5ba-363c61661e40",
	"7137c09d-ba0e-406b-b3b5-76bb3cc48f3d",
	"df46d3b5-7060-4611-8908-d535d035865a");
INSERT INTO V_PAR
	VALUES ("70b97b0d-0c18-442e-87d9-ae17a0f4ea5c",
	"81004550-8067-46e5-a88a-1ab3a045740d",
	"00000000-0000-0000-0000-000000000000",
	'sessionID',
	"bfef7484-5397-4a41-9405-ab388ccf3927",
	3,
	37);
INSERT INTO V_VAL
	VALUES ("bfef7484-5397-4a41-9405-ab388ccf3927",
	0,
	0,
	4,
	18,
	27,
	0,
	0,
	0,
	0,
	"ba5eda7a-def5-0000-0000-000000000004",
	"b9c7b48b-200f-47db-9a5e-e766f2b224b4");
INSERT INTO V_LST
	VALUES ("bfef7484-5397-4a41-9405-ab388ccf3927",
	'Confirmed');
INSERT INTO V_PAR
	VALUES ("bfef7484-5397-4a41-9405-ab388ccf3927",
	"81004550-8067-46e5-a88a-1ab3a045740d",
	"00000000-0000-0000-0000-000000000000",
	'message',
	"00000000-0000-0000-0000-000000000000",
	4,
	10);
INSERT INTO V_VAR
	VALUES ("317567e1-8c2d-44b3-8205-5b4225011441",
	"b9c7b48b-200f-47db-9a5e-e766f2b224b4",
	'self',
	1,
	"ba5eda7a-def5-0000-0000-000000000008");
INSERT INTO V_INT
	VALUES ("317567e1-8c2d-44b3-8205-5b4225011441",
	0,
	"7137c09d-ba0e-406b-b3b5-76bb3cc48f3d");
INSERT INTO V_LOC
	VALUES ("50983dff-8eb4-4339-bb40-1bc84385d42a",
	3,
	47,
	50,
	"317567e1-8c2d-44b3-8205-5b4225011441");
INSERT INTO SM_STATE
	VALUES ("2f872649-fe94-4f31-b88d-635a7e02ac36",
	"c87b2dab-d00f-4d32-a5d3-d1e5b01c9cb3",
	"00000000-0000-0000-0000-000000000000",
	'finallyReady',
	5,
	0);
INSERT INTO SM_SEME
	VALUES ("2f872649-fe94-4f31-b88d-635a7e02ac36",
	"463dc70c-f7bb-484c-8def-bd2056914139",
	"c87b2dab-d00f-4d32-a5d3-d1e5b01c9cb3",
	"00000000-0000-0000-0000-000000000000");
INSERT INTO SM_CH
	VALUES ("2f872649-fe94-4f31-b88d-635a7e02ac36",
	"2113072c-9fe7-4d67-8795-583d185185c1",
	"c87b2dab-d00f-4d32-a5d3-d1e5b01c9cb3",
	"00000000-0000-0000-0000-000000000000",
	'');
INSERT INTO SM_SEME
	VALUES ("2f872649-fe94-4f31-b88d-635a7e02ac36",
	"2113072c-9fe7-4d67-8795-583d185185c1",
	"c87b2dab-d00f-4d32-a5d3-d1e5b01c9cb3",
	"00000000-0000-0000-0000-000000000000");
INSERT INTO SM_CH
	VALUES ("2f872649-fe94-4f31-b88d-635a7e02ac36",
	"0e59bc59-c4a8-49b6-b5c2-bd2e2de4f771",
	"c87b2dab-d00f-4d32-a5d3-d1e5b01c9cb3",
	"00000000-0000-0000-0000-000000000000",
	'');
INSERT INTO SM_SEME
	VALUES ("2f872649-fe94-4f31-b88d-635a7e02ac36",
	"0e59bc59-c4a8-49b6-b5c2-bd2e2de4f771",
	"c87b2dab-d00f-4d32-a5d3-d1e5b01c9cb3",
	"00000000-0000-0000-0000-000000000000");
INSERT INTO SM_CH
	VALUES ("2f872649-fe94-4f31-b88d-635a7e02ac36",
	"9a883f49-b118-47b2-880c-373bfecf9218",
	"c87b2dab-d00f-4d32-a5d3-d1e5b01c9cb3",
	"00000000-0000-0000-0000-000000000000",
	'');
INSERT INTO SM_SEME
	VALUES ("2f872649-fe94-4f31-b88d-635a7e02ac36",
	"9a883f49-b118-47b2-880c-373bfecf9218",
	"c87b2dab-d00f-4d32-a5d3-d1e5b01c9cb3",
	"00000000-0000-0000-0000-000000000000");
INSERT INTO SM_SEME
	VALUES ("2f872649-fe94-4f31-b88d-635a7e02ac36",
	"153a511b-c927-49fe-95d5-db518898883d",
	"c87b2dab-d00f-4d32-a5d3-d1e5b01c9cb3",
	"00000000-0000-0000-0000-000000000000");
INSERT INTO SM_CH
	VALUES ("2f872649-fe94-4f31-b88d-635a7e02ac36",
	"459dadf1-a920-477f-b495-f73fd93f16e7",
	"c87b2dab-d00f-4d32-a5d3-d1e5b01c9cb3",
	"00000000-0000-0000-0000-000000000000",
	'');
INSERT INTO SM_SEME
	VALUES ("2f872649-fe94-4f31-b88d-635a7e02ac36",
	"459dadf1-a920-477f-b495-f73fd93f16e7",
	"c87b2dab-d00f-4d32-a5d3-d1e5b01c9cb3",
	"00000000-0000-0000-0000-000000000000");
INSERT INTO SM_CH
	VALUES ("2f872649-fe94-4f31-b88d-635a7e02ac36",
	"2abc1152-f6f1-440f-8291-2896e45ba380",
	"c87b2dab-d00f-4d32-a5d3-d1e5b01c9cb3",
	"00000000-0000-0000-0000-000000000000",
	'');
INSERT INTO SM_SEME
	VALUES ("2f872649-fe94-4f31-b88d-635a7e02ac36",
	"2abc1152-f6f1-440f-8291-2896e45ba380",
	"c87b2dab-d00f-4d32-a5d3-d1e5b01c9cb3",
	"00000000-0000-0000-0000-000000000000");
INSERT INTO SM_CH
	VALUES ("2f872649-fe94-4f31-b88d-635a7e02ac36",
	"5d2bc261-464e-4c96-88a1-0dcf2267fd8b",
	"c87b2dab-d00f-4d32-a5d3-d1e5b01c9cb3",
	"00000000-0000-0000-0000-000000000000",
	'');
INSERT INTO SM_SEME
	VALUES ("2f872649-fe94-4f31-b88d-635a7e02ac36",
	"5d2bc261-464e-4c96-88a1-0dcf2267fd8b",
	"c87b2dab-d00f-4d32-a5d3-d1e5b01c9cb3",
	"00000000-0000-0000-0000-000000000000");
INSERT INTO SM_SEME
	VALUES ("2f872649-fe94-4f31-b88d-635a7e02ac36",
	"42a35ac4-7d83-4153-8c24-cc4699f29672",
	"c87b2dab-d00f-4d32-a5d3-d1e5b01c9cb3",
	"00000000-0000-0000-0000-000000000000");
INSERT INTO SM_MOAH
	VALUES ("a285934d-8100-43dc-b14a-9e01d6d279fd",
	"c87b2dab-d00f-4d32-a5d3-d1e5b01c9cb3",
	"2f872649-fe94-4f31-b88d-635a7e02ac36");
INSERT INTO SM_AH
	VALUES ("a285934d-8100-43dc-b14a-9e01d6d279fd",
	"c87b2dab-d00f-4d32-a5d3-d1e5b01c9cb3");
INSERT INTO SM_ACT
	VALUES ("a285934d-8100-43dc-b14a-9e01d6d279fd",
	"c87b2dab-d00f-4d32-a5d3-d1e5b01c9cb3",
	1,
	'
LOG::LogInfo(message: "H finallyReady, sending confirm");

send BookingProvider::confirmSignal(message: "Confirmed", 
									sessionID:self.ID);
									',
	'');
INSERT INTO ACT_SAB
	VALUES ("72c5efb3-bfb4-42af-9891-9b6c3e4d79ec",
	"c87b2dab-d00f-4d32-a5d3-d1e5b01c9cb3",
	"a285934d-8100-43dc-b14a-9e01d6d279fd");
INSERT INTO ACT_ACT
	VALUES ("72c5efb3-bfb4-42af-9891-9b6c3e4d79ec",
	'state',
	0,
	"3f825b8c-552a-4f98-8571-92f2bf10cb65",
	"00000000-0000-0000-0000-000000000000",
	0,
	'BookingSession::finallyReady',
	"00000000-0000-0000-0000-000000000000");
INSERT INTO ACT_BLK
	VALUES ("3f825b8c-552a-4f98-8571-92f2bf10cb65",
	0,
	0,
	0,
	'BookingProvider',
	'',
	'',
	4,
	1,
	4,
	6,
	0,
	0,
	0,
	0,
	0,
	0,
	0,
	0,
	0,
	"72c5efb3-bfb4-42af-9891-9b6c3e4d79ec",
	"00000000-0000-0000-0000-000000000000");
INSERT INTO ACT_SMT
	VALUES ("8b6ecc39-5b32-4410-94e3-7d3ea8fe83fd",
	"3f825b8c-552a-4f98-8571-92f2bf10cb65",
	"d1eb9909-4f0a-4967-8a1e-de4f964eb322",
	2,
	1,
	'BookingSession::finallyReady line: 2');
INSERT INTO ACT_BRG
	VALUES ("8b6ecc39-5b32-4410-94e3-7d3ea8fe83fd",
	"768e1cca-7403-495c-9b22-afd11a473eb6",
	2,
	6,
	2,
	1);
INSERT INTO ACT_SMT
	VALUES ("d1eb9909-4f0a-4967-8a1e-de4f964eb322",
	"3f825b8c-552a-4f98-8571-92f2bf10cb65",
	"00000000-0000-0000-0000-000000000000",
	4,
	1,
	'BookingSession::finallyReady line: 4');
INSERT INTO ACT_SGN
	VALUES ("d1eb9909-4f0a-4967-8a1e-de4f964eb322",
	4,
	23,
	4,
	6,
	"adf84adb-26cf-413b-bd98-e3ff7028bfbd",
	"00000000-0000-0000-0000-000000000000",
	"00000000-0000-0000-0000-000000000000");
INSERT INTO V_VAL
	VALUES ("999637ba-2942-47a8-88f1-819995022621",
	0,
	0,
	2,
	23,
	54,
	0,
	0,
	0,
	0,
	"ba5eda7a-def5-0000-0000-000000000004",
	"3f825b8c-552a-4f98-8571-92f2bf10cb65");
INSERT INTO V_LST
	VALUES ("999637ba-2942-47a8-88f1-819995022621",
	'H finallyReady, sending confirm');
INSERT INTO V_PAR
	VALUES ("999637ba-2942-47a8-88f1-819995022621",
	"8b6ecc39-5b32-4410-94e3-7d3ea8fe83fd",
	"00000000-0000-0000-0000-000000000000",
	'message',
	"00000000-0000-0000-0000-000000000000",
	2,
	14);
INSERT INTO V_VAL
	VALUES ("dd9b3782-f45c-4deb-8262-7b85926f0134",
	0,
	0,
	4,
	46,
	55,
	0,
	0,
	0,
	0,
	"ba5eda7a-def5-0000-0000-000000000004",
	"3f825b8c-552a-4f98-8571-92f2bf10cb65");
INSERT INTO V_LST
	VALUES ("dd9b3782-f45c-4deb-8262-7b85926f0134",
	'Confirmed');
INSERT INTO V_PAR
	VALUES ("dd9b3782-f45c-4deb-8262-7b85926f0134",
	"d1eb9909-4f0a-4967-8a1e-de4f964eb322",
	"00000000-0000-0000-0000-000000000000",
	'message',
	"74733166-604b-4fe6-b1a9-c4f5cf62cd61",
	4,
	37);
INSERT INTO V_VAL
	VALUES ("d2d1172b-75ac-4527-ae8d-3d62a1823ad7",
	0,
	0,
	5,
	20,
	23,
	0,
	0,
	0,
	0,
	"ba5eda7a-def5-0000-0000-000000000008",
	"3f825b8c-552a-4f98-8571-92f2bf10cb65");
INSERT INTO V_IRF
	VALUES ("d2d1172b-75ac-4527-ae8d-3d62a1823ad7",
	"232c4ed7-c136-4336-a436-2b0e260d58ff");
INSERT INTO V_VAL
	VALUES ("74733166-604b-4fe6-b1a9-c4f5cf62cd61",
	0,
	0,
	5,
	25,
	26,
	0,
	0,
	0,
	0,
	"ba5eda7a-def5-0000-0000-000000000005",
	"3f825b8c-552a-4f98-8571-92f2bf10cb65");
INSERT INTO V_AVL
	VALUES ("74733166-604b-4fe6-b1a9-c4f5cf62cd61",
	"d2d1172b-75ac-4527-ae8d-3d62a1823ad7",
	"7137c09d-ba0e-406b-b3b5-76bb3cc48f3d",
	"df46d3b5-7060-4611-8908-d535d035865a");
INSERT INTO V_PAR
	VALUES ("74733166-604b-4fe6-b1a9-c4f5cf62cd61",
	"d1eb9909-4f0a-4967-8a1e-de4f964eb322",
	"00000000-0000-0000-0000-000000000000",
	'sessionID',
	"00000000-0000-0000-0000-000000000000",
	5,
	10);
INSERT INTO V_VAR
	VALUES ("232c4ed7-c136-4336-a436-2b0e260d58ff",
	"3f825b8c-552a-4f98-8571-92f2bf10cb65",
	'self',
	1,
	"ba5eda7a-def5-0000-0000-000000000008");
INSERT INTO V_INT
	VALUES ("232c4ed7-c136-4336-a436-2b0e260d58ff",
	0,
	"7137c09d-ba0e-406b-b3b5-76bb3cc48f3d");
INSERT INTO V_LOC
	VALUES ("179f327f-012c-42b9-b861-f414bd0cbdf4",
	5,
	20,
	23,
	"232c4ed7-c136-4336-a436-2b0e260d58ff");
INSERT INTO SM_STATE
	VALUES ("ec664e05-8719-4277-966f-43d8cf4e3176",
	"c87b2dab-d00f-4d32-a5d3-d1e5b01c9cb3",
	"00000000-0000-0000-0000-000000000000",
	'selected',
	2,
	0);
INSERT INTO SM_CH
	VALUES ("ec664e05-8719-4277-966f-43d8cf4e3176",
	"463dc70c-f7bb-484c-8def-bd2056914139",
	"c87b2dab-d00f-4d32-a5d3-d1e5b01c9cb3",
	"00000000-0000-0000-0000-000000000000",
	'');
INSERT INTO SM_SEME
	VALUES ("ec664e05-8719-4277-966f-43d8cf4e3176",
	"463dc70c-f7bb-484c-8def-bd2056914139",
	"c87b2dab-d00f-4d32-a5d3-d1e5b01c9cb3",
	"00000000-0000-0000-0000-000000000000");
INSERT INTO SM_SEME
	VALUES ("ec664e05-8719-4277-966f-43d8cf4e3176",
	"2113072c-9fe7-4d67-8795-583d185185c1",
	"c87b2dab-d00f-4d32-a5d3-d1e5b01c9cb3",
	"00000000-0000-0000-0000-000000000000");
INSERT INTO SM_CH
	VALUES ("ec664e05-8719-4277-966f-43d8cf4e3176",
	"0e59bc59-c4a8-49b6-b5c2-bd2e2de4f771",
	"c87b2dab-d00f-4d32-a5d3-d1e5b01c9cb3",
	"00000000-0000-0000-0000-000000000000",
	'');
INSERT INTO SM_SEME
	VALUES ("ec664e05-8719-4277-966f-43d8cf4e3176",
	"0e59bc59-c4a8-49b6-b5c2-bd2e2de4f771",
	"c87b2dab-d00f-4d32-a5d3-d1e5b01c9cb3",
	"00000000-0000-0000-0000-000000000000");
INSERT INTO SM_CH
	VALUES ("ec664e05-8719-4277-966f-43d8cf4e3176",
	"9a883f49-b118-47b2-880c-373bfecf9218",
	"c87b2dab-d00f-4d32-a5d3-d1e5b01c9cb3",
	"00000000-0000-0000-0000-000000000000",
	'');
INSERT INTO SM_SEME
	VALUES ("ec664e05-8719-4277-966f-43d8cf4e3176",
	"9a883f49-b118-47b2-880c-373bfecf9218",
	"c87b2dab-d00f-4d32-a5d3-d1e5b01c9cb3",
	"00000000-0000-0000-0000-000000000000");
INSERT INTO SM_CH
	VALUES ("ec664e05-8719-4277-966f-43d8cf4e3176",
	"153a511b-c927-49fe-95d5-db518898883d",
	"c87b2dab-d00f-4d32-a5d3-d1e5b01c9cb3",
	"00000000-0000-0000-0000-000000000000",
	'');
INSERT INTO SM_SEME
	VALUES ("ec664e05-8719-4277-966f-43d8cf4e3176",
	"153a511b-c927-49fe-95d5-db518898883d",
	"c87b2dab-d00f-4d32-a5d3-d1e5b01c9cb3",
	"00000000-0000-0000-0000-000000000000");
INSERT INTO SM_CH
	VALUES ("ec664e05-8719-4277-966f-43d8cf4e3176",
	"459dadf1-a920-477f-b495-f73fd93f16e7",
	"c87b2dab-d00f-4d32-a5d3-d1e5b01c9cb3",
	"00000000-0000-0000-0000-000000000000",
	'');
INSERT INTO SM_SEME
	VALUES ("ec664e05-8719-4277-966f-43d8cf4e3176",
	"459dadf1-a920-477f-b495-f73fd93f16e7",
	"c87b2dab-d00f-4d32-a5d3-d1e5b01c9cb3",
	"00000000-0000-0000-0000-000000000000");
INSERT INTO SM_CH
	VALUES ("ec664e05-8719-4277-966f-43d8cf4e3176",
	"2abc1152-f6f1-440f-8291-2896e45ba380",
	"c87b2dab-d00f-4d32-a5d3-d1e5b01c9cb3",
	"00000000-0000-0000-0000-000000000000",
	'');
INSERT INTO SM_SEME
	VALUES ("ec664e05-8719-4277-966f-43d8cf4e3176",
	"2abc1152-f6f1-440f-8291-2896e45ba380",
	"c87b2dab-d00f-4d32-a5d3-d1e5b01c9cb3",
	"00000000-0000-0000-0000-000000000000");
INSERT INTO SM_CH
	VALUES ("ec664e05-8719-4277-966f-43d8cf4e3176",
	"5d2bc261-464e-4c96-88a1-0dcf2267fd8b",
	"c87b2dab-d00f-4d32-a5d3-d1e5b01c9cb3",
	"00000000-0000-0000-0000-000000000000",
	'');
INSERT INTO SM_SEME
	VALUES ("ec664e05-8719-4277-966f-43d8cf4e3176",
	"5d2bc261-464e-4c96-88a1-0dcf2267fd8b",
	"c87b2dab-d00f-4d32-a5d3-d1e5b01c9cb3",
	"00000000-0000-0000-0000-000000000000");
INSERT INTO SM_CH
	VALUES ("ec664e05-8719-4277-966f-43d8cf4e3176",
	"42a35ac4-7d83-4153-8c24-cc4699f29672",
	"c87b2dab-d00f-4d32-a5d3-d1e5b01c9cb3",
	"00000000-0000-0000-0000-000000000000",
	'');
INSERT INTO SM_SEME
	VALUES ("ec664e05-8719-4277-966f-43d8cf4e3176",
	"42a35ac4-7d83-4153-8c24-cc4699f29672",
	"c87b2dab-d00f-4d32-a5d3-d1e5b01c9cb3",
	"00000000-0000-0000-0000-000000000000");
INSERT INTO SM_MOAH
	VALUES ("e09f2adb-c3b8-49ef-82b6-8ce64830c08a",
	"c87b2dab-d00f-4d32-a5d3-d1e5b01c9cb3",
	"ec664e05-8719-4277-966f-43d8cf4e3176");
INSERT INTO SM_AH
	VALUES ("e09f2adb-c3b8-49ef-82b6-8ce64830c08a",
	"c87b2dab-d00f-4d32-a5d3-d1e5b01c9cb3");
INSERT INTO SM_ACT
	VALUES ("e09f2adb-c3b8-49ef-82b6-8ce64830c08a",
	"c87b2dab-d00f-4d32-a5d3-d1e5b01c9cb3",
	1,
	'select any ft from instances of FACILITYTYPE where selected.id == rcvd_evt.id;
select any f related by ft->FACILITY[R1];


if(not_empty ft)
	
	if(not_empty f)
	 	//Make not available for booking to prevent others from booking facility
	 	self.tmpFacility = f;
	 	send BookingProvider::confirmSignal(message: "H: selected signal: Confirming facility",
	 										sessionID: self.ID);
	
	else
		send BookingProvider::errorSignal(	message: "H: selectted signal: Could not find any facilities",
										sessionID:self.ID);
		
	end if;
	
	

else
	send BookingProvider::errorSignal(	message: "H: selectted signal: Could not find selected facility type",
										sessionID:self.ID);
end if;',
	'');
INSERT INTO ACT_SAB
	VALUES ("dbaca100-5efc-470a-9352-e407aab754d6",
	"c87b2dab-d00f-4d32-a5d3-d1e5b01c9cb3",
	"e09f2adb-c3b8-49ef-82b6-8ce64830c08a");
INSERT INTO ACT_ACT
	VALUES ("dbaca100-5efc-470a-9352-e407aab754d6",
	'state',
	0,
	"9de7b38e-7fe5-4e7e-a781-a1da8ae427e3",
	"00000000-0000-0000-0000-000000000000",
	0,
	'BookingSession::selected',
	"00000000-0000-0000-0000-000000000000");
INSERT INTO ACT_BLK
	VALUES ("9de7b38e-7fe5-4e7e-a781-a1da8ae427e3",
	0,
	0,
	1,
	'',
	'',
	'',
	2,
	22,
	1,
	33,
	0,
	0,
	0,
	0,
	0,
	0,
	0,
	0,
	0,
	"dbaca100-5efc-470a-9352-e407aab754d6",
	"00000000-0000-0000-0000-000000000000");
INSERT INTO V_VAL
	VALUES ("473917fe-3ba5-4b9f-8ec1-9be636c13257",
	0,
	0,
	1,
	52,
	-1,
	0,
	0,
	0,
	0,
	"ba5eda7a-def5-0000-0000-000000000008",
	"9de7b38e-7fe5-4e7e-a781-a1da8ae427e3");
INSERT INTO V_SLR
	VALUES ("473917fe-3ba5-4b9f-8ec1-9be636c13257",
	"00000000-0000-0000-0000-000000000000",
	"00000000-0000-0000-0000-000000000000",
	"00000000-0000-0000-0000-000000000000");
INSERT INTO SM_STATE
	VALUES ("0a2fd1bd-2d48-4562-b322-ca038ace3cef",
	"c87b2dab-d00f-4d32-a5d3-d1e5b01c9cb3",
	"00000000-0000-0000-0000-000000000000",
	'guestAdded',
	3,
	0);
INSERT INTO SM_CH
	VALUES ("0a2fd1bd-2d48-4562-b322-ca038ace3cef",
	"463dc70c-f7bb-484c-8def-bd2056914139",
	"c87b2dab-d00f-4d32-a5d3-d1e5b01c9cb3",
	"00000000-0000-0000-0000-000000000000",
	'');
INSERT INTO SM_SEME
	VALUES ("0a2fd1bd-2d48-4562-b322-ca038ace3cef",
	"463dc70c-f7bb-484c-8def-bd2056914139",
	"c87b2dab-d00f-4d32-a5d3-d1e5b01c9cb3",
	"00000000-0000-0000-0000-000000000000");
INSERT INTO SM_SEME
	VALUES ("0a2fd1bd-2d48-4562-b322-ca038ace3cef",
	"2113072c-9fe7-4d67-8795-583d185185c1",
	"c87b2dab-d00f-4d32-a5d3-d1e5b01c9cb3",
	"00000000-0000-0000-0000-000000000000");
INSERT INTO SM_SEME
	VALUES ("0a2fd1bd-2d48-4562-b322-ca038ace3cef",
	"0e59bc59-c4a8-49b6-b5c2-bd2e2de4f771",
	"c87b2dab-d00f-4d32-a5d3-d1e5b01c9cb3",
	"00000000-0000-0000-0000-000000000000");
INSERT INTO SM_SEME
	VALUES ("0a2fd1bd-2d48-4562-b322-ca038ace3cef",
	"9a883f49-b118-47b2-880c-373bfecf9218",
	"c87b2dab-d00f-4d32-a5d3-d1e5b01c9cb3",
	"00000000-0000-0000-0000-000000000000");
INSERT INTO SM_CH
	VALUES ("0a2fd1bd-2d48-4562-b322-ca038ace3cef",
	"153a511b-c927-49fe-95d5-db518898883d",
	"c87b2dab-d00f-4d32-a5d3-d1e5b01c9cb3",
	"00000000-0000-0000-0000-000000000000",
	'');
INSERT INTO SM_SEME
	VALUES ("0a2fd1bd-2d48-4562-b322-ca038ace3cef",
	"153a511b-c927-49fe-95d5-db518898883d",
	"c87b2dab-d00f-4d32-a5d3-d1e5b01c9cb3",
	"00000000-0000-0000-0000-000000000000");
INSERT INTO SM_CH
	VALUES ("0a2fd1bd-2d48-4562-b322-ca038ace3cef",
	"459dadf1-a920-477f-b495-f73fd93f16e7",
	"c87b2dab-d00f-4d32-a5d3-d1e5b01c9cb3",
	"00000000-0000-0000-0000-000000000000",
	'');
INSERT INTO SM_SEME
	VALUES ("0a2fd1bd-2d48-4562-b322-ca038ace3cef",
	"459dadf1-a920-477f-b495-f73fd93f16e7",
	"c87b2dab-d00f-4d32-a5d3-d1e5b01c9cb3",
	"00000000-0000-0000-0000-000000000000");
INSERT INTO SM_CH
	VALUES ("0a2fd1bd-2d48-4562-b322-ca038ace3cef",
	"2abc1152-f6f1-440f-8291-2896e45ba380",
	"c87b2dab-d00f-4d32-a5d3-d1e5b01c9cb3",
	"00000000-0000-0000-0000-000000000000",
	'');
INSERT INTO SM_SEME
	VALUES ("0a2fd1bd-2d48-4562-b322-ca038ace3cef",
	"2abc1152-f6f1-440f-8291-2896e45ba380",
	"c87b2dab-d00f-4d32-a5d3-d1e5b01c9cb3",
	"00000000-0000-0000-0000-000000000000");
INSERT INTO SM_CH
	VALUES ("0a2fd1bd-2d48-4562-b322-ca038ace3cef",
	"5d2bc261-464e-4c96-88a1-0dcf2267fd8b",
	"c87b2dab-d00f-4d32-a5d3-d1e5b01c9cb3",
	"00000000-0000-0000-0000-000000000000",
	'');
INSERT INTO SM_SEME
	VALUES ("0a2fd1bd-2d48-4562-b322-ca038ace3cef",
	"5d2bc261-464e-4c96-88a1-0dcf2267fd8b",
	"c87b2dab-d00f-4d32-a5d3-d1e5b01c9cb3",
	"00000000-0000-0000-0000-000000000000");
INSERT INTO SM_CH
	VALUES ("0a2fd1bd-2d48-4562-b322-ca038ace3cef",
	"42a35ac4-7d83-4153-8c24-cc4699f29672",
	"c87b2dab-d00f-4d32-a5d3-d1e5b01c9cb3",
	"00000000-0000-0000-0000-000000000000",
	'');
INSERT INTO SM_SEME
	VALUES ("0a2fd1bd-2d48-4562-b322-ca038ace3cef",
	"42a35ac4-7d83-4153-8c24-cc4699f29672",
	"c87b2dab-d00f-4d32-a5d3-d1e5b01c9cb3",
	"00000000-0000-0000-0000-000000000000");
INSERT INTO SM_MOAH
	VALUES ("2232bc33-de11-4ec7-b257-f8c79d218a20",
	"c87b2dab-d00f-4d32-a5d3-d1e5b01c9cb3",
	"0a2fd1bd-2d48-4562-b322-ca038ace3cef");
INSERT INTO SM_AH
	VALUES ("2232bc33-de11-4ec7-b257-f8c79d218a20",
	"c87b2dab-d00f-4d32-a5d3-d1e5b01c9cb3");
INSERT INTO SM_ACT
	VALUES ("2232bc33-de11-4ec7-b257-f8c79d218a20",
	"c87b2dab-d00f-4d32-a5d3-d1e5b01c9cb3",
	1,
	'create object instance g of GUEST;
g.age = rcvd_evt.age;
g.name = rcvd_evt.name;

select one b related by self->BOOKING[R26];

	relate g to b across R15;
	f = self.tmpFacility;
if(not empty f)
	relate f to g across R16;
	send BookingProvider::confirmSignal(sessionID:self.ID,
										message: "H: guestAddEvt: Success, added guest");
else
	send BookingProvider::errorSignal(sessionID:self.ID,
									  message: "H: guestAddedEvent: no facility selected, should never happen");
									  
end if;',
	'');
INSERT INTO ACT_SAB
	VALUES ("e588e3c6-b977-437a-a752-9c11860e552d",
	"c87b2dab-d00f-4d32-a5d3-d1e5b01c9cb3",
	"2232bc33-de11-4ec7-b257-f8c79d218a20");
INSERT INTO ACT_ACT
	VALUES ("e588e3c6-b977-437a-a752-9c11860e552d",
	'state',
	0,
	"abf8ec31-c973-4415-9171-f3f75d158e3f",
	"00000000-0000-0000-0000-000000000000",
	0,
	'BookingSession::guestAdded',
	"00000000-0000-0000-0000-000000000000");
INSERT INTO ACT_BLK
	VALUES ("abf8ec31-c973-4415-9171-f3f75d158e3f",
	1,
	0,
	0,
	'',
	'',
	'',
	13,
	1,
	5,
	31,
	0,
	0,
	7,
	23,
	0,
	0,
	0,
	0,
	0,
	"e588e3c6-b977-437a-a752-9c11860e552d",
	"00000000-0000-0000-0000-000000000000");
INSERT INTO ACT_SMT
	VALUES ("978910ed-ee33-4f50-bed1-3c28cf62107c",
	"abf8ec31-c973-4415-9171-f3f75d158e3f",
	"0cdc8352-b21f-4205-8c6d-7e531363226f",
	1,
	1,
	'BookingSession::guestAdded line: 1');
INSERT INTO ACT_CR
	VALUES ("978910ed-ee33-4f50-bed1-3c28cf62107c",
	"8ccc10f0-736b-462f-a849-906c081ffa1f",
	1,
	"9309978f-bd81-4f9f-96e9-b124c945fbf1",
	1,
	29);
INSERT INTO ACT_SMT
	VALUES ("0cdc8352-b21f-4205-8c6d-7e531363226f",
	"abf8ec31-c973-4415-9171-f3f75d158e3f",
	"7beff66a-5953-438b-832b-08dec6eb0724",
	2,
	1,
	'BookingSession::guestAdded line: 2');
INSERT INTO ACT_AI
	VALUES ("0cdc8352-b21f-4205-8c6d-7e531363226f",
	"689c6f6c-8998-4e9c-b247-489b1c99b36e",
	"bf442f23-2575-4223-8ad7-c02a9bf87c7d",
	0,
	0);
INSERT INTO ACT_SMT
	VALUES ("7beff66a-5953-438b-832b-08dec6eb0724",
	"abf8ec31-c973-4415-9171-f3f75d158e3f",
	"7f17cf00-ba5a-4c8c-9d9a-0c7e0a46cf89",
	3,
	1,
	'BookingSession::guestAdded line: 3');
INSERT INTO ACT_AI
	VALUES ("7beff66a-5953-438b-832b-08dec6eb0724",
	"19006b0c-405a-44a3-8f33-23e419a03703",
	"fb44ab27-d4be-4e8d-bb23-7942064e06f3",
	0,
	0);
INSERT INTO ACT_SMT
	VALUES ("7f17cf00-ba5a-4c8c-9d9a-0c7e0a46cf89",
	"abf8ec31-c973-4415-9171-f3f75d158e3f",
	"bbc7ef26-0be3-450e-bb05-36e59d0a53dc",
	5,
	1,
	'BookingSession::guestAdded line: 5');
INSERT INTO ACT_SEL
	VALUES ("7f17cf00-ba5a-4c8c-9d9a-0c7e0a46cf89",
	"03b3e370-82ca-483d-b955-d755ef5ac3a6",
	1,
	'one',
	"4afd4a31-8528-4453-8afd-deed832de545");
INSERT INTO ACT_SR
	VALUES ("7f17cf00-ba5a-4c8c-9d9a-0c7e0a46cf89");
INSERT INTO ACT_LNK
	VALUES ("e1dc940b-c9b8-4c32-94e9-5a2d0b9cf211",
	'',
	"7f17cf00-ba5a-4c8c-9d9a-0c7e0a46cf89",
	"a30fd0d6-3586-438e-8d6d-b3d3b14c0f03",
	"00000000-0000-0000-0000-000000000000",
	2,
	"9a41fe9e-f547-4cde-b68d-f7db43c904dc",
	5,
	31,
	5,
	39,
	0,
	0);
INSERT INTO ACT_SMT
	VALUES ("bbc7ef26-0be3-450e-bb05-36e59d0a53dc",
	"abf8ec31-c973-4415-9171-f3f75d158e3f",
	"8ac23340-beae-4f55-b7e8-72b8f8ca2f7f",
	7,
	2,
	'BookingSession::guestAdded line: 7');
INSERT INTO ACT_REL
	VALUES ("bbc7ef26-0be3-450e-bb05-36e59d0a53dc",
	"8ccc10f0-736b-462f-a849-906c081ffa1f",
	"03b3e370-82ca-483d-b955-d755ef5ac3a6",
	'',
	"04439075-ebac-4bb8-8ccd-793e4071228c",
	7,
	23,
	0,
	0);
INSERT INTO ACT_SMT
	VALUES ("8ac23340-beae-4f55-b7e8-72b8f8ca2f7f",
	"abf8ec31-c973-4415-9171-f3f75d158e3f",
	"6ccaca91-3f56-42b6-b898-514d4e90c86c",
	8,
	2,
	'BookingSession::guestAdded line: 8');
INSERT INTO ACT_AI
	VALUES ("8ac23340-beae-4f55-b7e8-72b8f8ca2f7f",
	"66186f63-12e5-4b2f-9261-5ad72a3e6e47",
	"4ce96688-2012-4660-bb57-66b4a5bc6197",
	0,
	0);
INSERT INTO ACT_SMT
	VALUES ("6ccaca91-3f56-42b6-b898-514d4e90c86c",
	"abf8ec31-c973-4415-9171-f3f75d158e3f",
	"00000000-0000-0000-0000-000000000000",
	9,
	1,
	'BookingSession::guestAdded line: 9');
INSERT INTO ACT_IF
	VALUES ("6ccaca91-3f56-42b6-b898-514d4e90c86c",
	"a05712a3-b25f-4d80-a25c-6edf92b02646",
	"841cc417-a6ee-42a1-ac76-095687f89781",
	"00000000-0000-0000-0000-000000000000",
	"00000000-0000-0000-0000-000000000000");
INSERT INTO ACT_SMT
	VALUES ("6bee7b6f-7755-4584-b94a-2043b159245a",
	"abf8ec31-c973-4415-9171-f3f75d158e3f",
	"00000000-0000-0000-0000-000000000000",
	13,
	1,
	'BookingSession::guestAdded line: 13');
INSERT INTO ACT_E
	VALUES ("6bee7b6f-7755-4584-b94a-2043b159245a",
	"beff6dbe-e9e2-45d8-af33-66b574ae4756",
	"6ccaca91-3f56-42b6-b898-514d4e90c86c");
INSERT INTO V_VAL
	VALUES ("7d02fc4e-ed4d-4997-b6bd-0c064be1b723",
	1,
	0,
	2,
	1,
	1,
	0,
	0,
	0,
	0,
	"ba5eda7a-def5-0000-0000-000000000008",
	"abf8ec31-c973-4415-9171-f3f75d158e3f");
INSERT INTO V_IRF
	VALUES ("7d02fc4e-ed4d-4997-b6bd-0c064be1b723",
	"8ccc10f0-736b-462f-a849-906c081ffa1f");
INSERT INTO V_VAL
	VALUES ("bf442f23-2575-4223-8ad7-c02a9bf87c7d",
	1,
	0,
	2,
	3,
	5,
	0,
	0,
	0,
	0,
	"ba5eda7a-def5-0000-0000-000000000002",
	"abf8ec31-c973-4415-9171-f3f75d158e3f");
INSERT INTO V_AVL
	VALUES ("bf442f23-2575-4223-8ad7-c02a9bf87c7d",
	"7d02fc4e-ed4d-4997-b6bd-0c064be1b723",
	"9309978f-bd81-4f9f-96e9-b124c945fbf1",
	"559211bd-fddf-44c5-9d11-96cb7183956d");
INSERT INTO V_VAL
	VALUES ("689c6f6c-8998-4e9c-b247-489b1c99b36e",
	0,
	0,
	2,
	18,
	20,
	0,
	0,
	0,
	0,
	"ba5eda7a-def5-0000-0000-000000000002",
	"abf8ec31-c973-4415-9171-f3f75d158e3f");
INSERT INTO V_EDV
	VALUES ("689c6f6c-8998-4e9c-b247-489b1c99b36e");
INSERT INTO V_EPR
	VALUES ("689c6f6c-8998-4e9c-b247-489b1c99b36e",
	"c87b2dab-d00f-4d32-a5d3-d1e5b01c9cb3",
	"1a61f794-8699-4899-864e-ff962d264dd7",
	"00000000-0000-0000-0000-000000000000");
INSERT INTO V_EPR
	VALUES ("689c6f6c-8998-4e9c-b247-489b1c99b36e",
	"c87b2dab-d00f-4d32-a5d3-d1e5b01c9cb3",
	"1a61f794-8699-4899-864e-ff962d264dd7",
	"00000000-0000-0000-0000-000000000000");
INSERT INTO V_VAL
	VALUES ("1eaba387-4a9d-4873-a65a-d9b43767e8a6",
	1,
	0,
	3,
	1,
	1,
	0,
	0,
	0,
	0,
	"ba5eda7a-def5-0000-0000-000000000008",
	"abf8ec31-c973-4415-9171-f3f75d158e3f");
INSERT INTO V_IRF
	VALUES ("1eaba387-4a9d-4873-a65a-d9b43767e8a6",
	"8ccc10f0-736b-462f-a849-906c081ffa1f");
INSERT INTO V_VAL
	VALUES ("fb44ab27-d4be-4e8d-bb23-7942064e06f3",
	1,
	0,
	3,
	3,
	6,
	0,
	0,
	0,
	0,
	"ba5eda7a-def5-0000-0000-000000000004",
	"abf8ec31-c973-4415-9171-f3f75d158e3f");
INSERT INTO V_AVL
	VALUES ("fb44ab27-d4be-4e8d-bb23-7942064e06f3",
	"1eaba387-4a9d-4873-a65a-d9b43767e8a6",
	"9309978f-bd81-4f9f-96e9-b124c945fbf1",
	"36028530-8e9f-4cac-9d21-dc774eb26d1a");
INSERT INTO V_VAL
	VALUES ("19006b0c-405a-44a3-8f33-23e419a03703",
	0,
	0,
	3,
	19,
	22,
	0,
	0,
	0,
	0,
	"ba5eda7a-def5-0000-0000-000000000004",
	"abf8ec31-c973-4415-9171-f3f75d158e3f");
INSERT INTO V_EDV
	VALUES ("19006b0c-405a-44a3-8f33-23e419a03703");
INSERT INTO V_EPR
	VALUES ("19006b0c-405a-44a3-8f33-23e419a03703",
	"c87b2dab-d00f-4d32-a5d3-d1e5b01c9cb3",
	"0d93db72-2d98-490d-b997-cfb6221190be",
	"00000000-0000-0000-0000-000000000000");
INSERT INTO V_EPR
	VALUES ("19006b0c-405a-44a3-8f33-23e419a03703",
	"c87b2dab-d00f-4d32-a5d3-d1e5b01c9cb3",
	"0d93db72-2d98-490d-b997-cfb6221190be",
	"00000000-0000-0000-0000-000000000000");
INSERT INTO V_VAL
	VALUES ("4afd4a31-8528-4453-8afd-deed832de545",
	0,
	0,
	5,
	25,
	28,
	0,
	0,
	0,
	0,
	"ba5eda7a-def5-0000-0000-000000000008",
	"abf8ec31-c973-4415-9171-f3f75d158e3f");
INSERT INTO V_IRF
	VALUES ("4afd4a31-8528-4453-8afd-deed832de545",
	"fe32d6cb-460b-4dd8-a221-a5f70827f81f");
INSERT INTO V_VAL
	VALUES ("4ce96688-2012-4660-bb57-66b4a5bc6197",
	1,
	1,
	8,
	2,
	2,
	0,
	0,
	0,
	0,
	"bd43dc09-3be2-4ae8-806d-bedb08b1e03c",
	"abf8ec31-c973-4415-9171-f3f75d158e3f");
INSERT INTO V_IRF
	VALUES ("4ce96688-2012-4660-bb57-66b4a5bc6197",
	"45d31194-78e8-42f5-89f0-0622e537fc46");
INSERT INTO V_VAL
	VALUES ("b22d8418-1703-4141-ad81-ad174ec6a1dc",
	0,
	0,
	8,
	6,
	9,
	0,
	0,
	0,
	0,
	"ba5eda7a-def5-0000-0000-000000000008",
	"abf8ec31-c973-4415-9171-f3f75d158e3f");
INSERT INTO V_IRF
	VALUES ("b22d8418-1703-4141-ad81-ad174ec6a1dc",
	"fe32d6cb-460b-4dd8-a221-a5f70827f81f");
INSERT INTO V_VAL
	VALUES ("66186f63-12e5-4b2f-9261-5ad72a3e6e47",
	0,
	0,
	8,
	11,
	21,
	0,
	0,
	0,
	0,
	"bd43dc09-3be2-4ae8-806d-bedb08b1e03c",
	"abf8ec31-c973-4415-9171-f3f75d158e3f");
INSERT INTO V_AVL
	VALUES ("66186f63-12e5-4b2f-9261-5ad72a3e6e47",
	"b22d8418-1703-4141-ad81-ad174ec6a1dc",
	"7137c09d-ba0e-406b-b3b5-76bb3cc48f3d",
	"498195f4-1880-4554-8893-31dababdda26");
INSERT INTO V_VAL
	VALUES ("22b20418-c933-4d73-9807-c84ae7166d80",
	0,
	0,
	9,
	14,
	14,
	0,
	0,
	0,
	0,
	"bd43dc09-3be2-4ae8-806d-bedb08b1e03c",
	"abf8ec31-c973-4415-9171-f3f75d158e3f");
INSERT INTO V_IRF
	VALUES ("22b20418-c933-4d73-9807-c84ae7166d80",
	"45d31194-78e8-42f5-89f0-0622e537fc46");
INSERT INTO V_VAL
	VALUES ("f6db5236-7e44-4ac8-b109-262e07a34ac6",
	0,
	0,
	-1,
	-1,
	-1,
	0,
	0,
	0,
	0,
	"ba5eda7a-def5-0000-0000-000000000001",
	"abf8ec31-c973-4415-9171-f3f75d158e3f");
INSERT INTO V_UNY
	VALUES ("f6db5236-7e44-4ac8-b109-262e07a34ac6",
	"22b20418-c933-4d73-9807-c84ae7166d80",
	'empty');
INSERT INTO V_VAL
	VALUES ("841cc417-a6ee-42a1-ac76-095687f89781",
	0,
	0,
	-1,
	-1,
	-1,
	0,
	0,
	0,
	0,
	"ba5eda7a-def5-0000-0000-000000000001",
	"abf8ec31-c973-4415-9171-f3f75d158e3f");
INSERT INTO V_UNY
	VALUES ("841cc417-a6ee-42a1-ac76-095687f89781",
	"f6db5236-7e44-4ac8-b109-262e07a34ac6",
	'not');
INSERT INTO V_VAR
	VALUES ("8ccc10f0-736b-462f-a849-906c081ffa1f",
	"abf8ec31-c973-4415-9171-f3f75d158e3f",
	'g',
	1,
	"ba5eda7a-def5-0000-0000-000000000008");
INSERT INTO V_INT
	VALUES ("8ccc10f0-736b-462f-a849-906c081ffa1f",
	0,
	"9309978f-bd81-4f9f-96e9-b124c945fbf1");
INSERT INTO V_LOC
	VALUES ("2daaf681-c2a6-4600-b5b6-6796773f3036",
	1,
	24,
	24,
	"8ccc10f0-736b-462f-a849-906c081ffa1f");
INSERT INTO V_LOC
	VALUES ("5f03aa27-51f2-4e36-b483-7818daf62167",
	2,
	1,
	1,
	"8ccc10f0-736b-462f-a849-906c081ffa1f");
INSERT INTO V_LOC
	VALUES ("cc8deced-7c92-4f19-bc49-44b80fa91965",
	3,
	1,
	1,
	"8ccc10f0-736b-462f-a849-906c081ffa1f");
INSERT INTO V_LOC
	VALUES ("a007b41f-357a-48e5-8ded-a952c02dd373",
	7,
	9,
	9,
	"8ccc10f0-736b-462f-a849-906c081ffa1f");
INSERT INTO V_LOC
	VALUES ("fecfd8c5-ba00-4885-a4c0-67fc537b52d0",
	10,
	14,
	14,
	"8ccc10f0-736b-462f-a849-906c081ffa1f");
INSERT INTO V_VAR
	VALUES ("03b3e370-82ca-483d-b955-d755ef5ac3a6",
	"abf8ec31-c973-4415-9171-f3f75d158e3f",
	'b',
	1,
	"433f7688-7b95-4f9c-89f1-cf076d691ab7");
INSERT INTO V_INT
	VALUES ("03b3e370-82ca-483d-b955-d755ef5ac3a6",
	0,
	"9a41fe9e-f547-4cde-b68d-f7db43c904dc");
INSERT INTO V_LOC
	VALUES ("84cb9bf4-67dc-4c53-af2f-8ed16adf97ef",
	5,
	12,
	12,
	"03b3e370-82ca-483d-b955-d755ef5ac3a6");
INSERT INTO V_LOC
	VALUES ("70b1437a-cd8d-4042-a948-009c4c818db5",
	7,
	14,
	14,
	"03b3e370-82ca-483d-b955-d755ef5ac3a6");
INSERT INTO V_VAR
	VALUES ("fe32d6cb-460b-4dd8-a221-a5f70827f81f",
	"abf8ec31-c973-4415-9171-f3f75d158e3f",
	'self',
	1,
	"ba5eda7a-def5-0000-0000-000000000008");
INSERT INTO V_INT
	VALUES ("fe32d6cb-460b-4dd8-a221-a5f70827f81f",
	0,
	"7137c09d-ba0e-406b-b3b5-76bb3cc48f3d");
INSERT INTO V_LOC
	VALUES ("c06849b6-c599-48df-a502-b7ead6f89f97",
	8,
	6,
	9,
	"fe32d6cb-460b-4dd8-a221-a5f70827f81f");
INSERT INTO V_LOC
	VALUES ("97a5fb13-444c-4deb-bec0-787223da1a0f",
	11,
	48,
	51,
	"fe32d6cb-460b-4dd8-a221-a5f70827f81f");
INSERT INTO V_LOC
	VALUES ("6b15d606-8233-48ac-8e17-377d44ed7310",
	14,
	46,
	49,
	"fe32d6cb-460b-4dd8-a221-a5f70827f81f");
INSERT INTO V_VAR
	VALUES ("45d31194-78e8-42f5-89f0-0622e537fc46",
	"abf8ec31-c973-4415-9171-f3f75d158e3f",
	'f',
	1,
	"bd43dc09-3be2-4ae8-806d-bedb08b1e03c");
INSERT INTO V_INT
	VALUES ("45d31194-78e8-42f5-89f0-0622e537fc46",
	0,
	"4b839513-bd70-4d73-85ed-c06b10ee091a");
INSERT INTO V_LOC
	VALUES ("e1ec6087-0e78-4d7d-986b-cdc309340ea6",
	8,
	2,
	2,
	"45d31194-78e8-42f5-89f0-0622e537fc46");
INSERT INTO V_LOC
	VALUES ("f81b2977-4661-4dc7-b5e9-1fc44cae5d96",
	10,
	9,
	9,
	"45d31194-78e8-42f5-89f0-0622e537fc46");
INSERT INTO ACT_BLK
	VALUES ("a05712a3-b25f-4d80-a25c-6edf92b02646",
	0,
	0,
	0,
	'BookingProvider',
	'',
	'',
	11,
	2,
	11,
	7,
	0,
	0,
	10,
	23,
	0,
	0,
	0,
	0,
	0,
	"e588e3c6-b977-437a-a752-9c11860e552d",
	"00000000-0000-0000-0000-000000000000");
INSERT INTO ACT_SMT
	VALUES ("1105b57e-b514-4275-ac83-aba15b356db6",
	"a05712a3-b25f-4d80-a25c-6edf92b02646",
	"c5a20c78-a656-4f80-ac01-a33c9225d699",
	10,
	2,
	'BookingSession::guestAdded line: 10');
INSERT INTO ACT_REL
	VALUES ("1105b57e-b514-4275-ac83-aba15b356db6",
	"45d31194-78e8-42f5-89f0-0622e537fc46",
	"8ccc10f0-736b-462f-a849-906c081ffa1f",
	'',
	"52b0eaa5-a352-460e-8eff-763b9460a089",
	10,
	23,
	0,
	0);
INSERT INTO ACT_SMT
	VALUES ("c5a20c78-a656-4f80-ac01-a33c9225d699",
	"a05712a3-b25f-4d80-a25c-6edf92b02646",
	"00000000-0000-0000-0000-000000000000",
	11,
	2,
	'BookingSession::guestAdded line: 11');
INSERT INTO ACT_SGN
	VALUES ("c5a20c78-a656-4f80-ac01-a33c9225d699",
	11,
	24,
	11,
	7,
	"adf84adb-26cf-413b-bd98-e3ff7028bfbd",
	"00000000-0000-0000-0000-000000000000",
	"00000000-0000-0000-0000-000000000000");
INSERT INTO V_VAL
	VALUES ("8642d923-c007-4e16-9b41-f88576769f92",
	0,
	0,
	11,
	48,
	51,
	0,
	0,
	0,
	0,
	"ba5eda7a-def5-0000-0000-000000000008",
	"a05712a3-b25f-4d80-a25c-6edf92b02646");
INSERT INTO V_IRF
	VALUES ("8642d923-c007-4e16-9b41-f88576769f92",
	"fe32d6cb-460b-4dd8-a221-a5f70827f81f");
INSERT INTO V_VAL
	VALUES ("98ba6487-491e-4d8d-883f-91c201110647",
	0,
	0,
	11,
	53,
	54,
	0,
	0,
	0,
	0,
	"ba5eda7a-def5-0000-0000-000000000005",
	"a05712a3-b25f-4d80-a25c-6edf92b02646");
INSERT INTO V_AVL
	VALUES ("98ba6487-491e-4d8d-883f-91c201110647",
	"8642d923-c007-4e16-9b41-f88576769f92",
	"7137c09d-ba0e-406b-b3b5-76bb3cc48f3d",
	"df46d3b5-7060-4611-8908-d535d035865a");
INSERT INTO V_PAR
	VALUES ("98ba6487-491e-4d8d-883f-91c201110647",
	"c5a20c78-a656-4f80-ac01-a33c9225d699",
	"00000000-0000-0000-0000-000000000000",
	'sessionID',
	"7d634336-7a22-4354-9468-617271fe3397",
	11,
	38);
INSERT INTO V_VAL
	VALUES ("7d634336-7a22-4354-9468-617271fe3397",
	0,
	0,
	12,
	20,
	56,
	0,
	0,
	0,
	0,
	"ba5eda7a-def5-0000-0000-000000000004",
	"a05712a3-b25f-4d80-a25c-6edf92b02646");
INSERT INTO V_LST
	VALUES ("7d634336-7a22-4354-9468-617271fe3397",
	'H: guestAddEvt: Success, added guest');
INSERT INTO V_PAR
	VALUES ("7d634336-7a22-4354-9468-617271fe3397",
	"c5a20c78-a656-4f80-ac01-a33c9225d699",
	"00000000-0000-0000-0000-000000000000",
	'message',
	"00000000-0000-0000-0000-000000000000",
	12,
	11);
INSERT INTO ACT_BLK
	VALUES ("beff6dbe-e9e2-45d8-af33-66b574ae4756",
	0,
	0,
	0,
	'BookingProvider',
	'',
	'',
	14,
	2,
	14,
	7,
	0,
	0,
	0,
	0,
	0,
	0,
	0,
	0,
	0,
	"e588e3c6-b977-437a-a752-9c11860e552d",
	"00000000-0000-0000-0000-000000000000");
INSERT INTO ACT_SMT
	VALUES ("21a24fde-1956-47b3-95fc-138903271369",
	"beff6dbe-e9e2-45d8-af33-66b574ae4756",
	"00000000-0000-0000-0000-000000000000",
	14,
	2,
	'BookingSession::guestAdded line: 14');
INSERT INTO ACT_SGN
	VALUES ("21a24fde-1956-47b3-95fc-138903271369",
	14,
	24,
	14,
	7,
	"6752f1fb-4d87-4e38-a4d2-a76b30240df9",
	"00000000-0000-0000-0000-000000000000",
	"00000000-0000-0000-0000-000000000000");
INSERT INTO V_VAL
	VALUES ("fc2a394b-049f-4f07-bf8b-8d19a8f05f93",
	0,
	0,
	14,
	46,
	49,
	0,
	0,
	0,
	0,
	"ba5eda7a-def5-0000-0000-000000000008",
	"beff6dbe-e9e2-45d8-af33-66b574ae4756");
INSERT INTO V_IRF
	VALUES ("fc2a394b-049f-4f07-bf8b-8d19a8f05f93",
	"fe32d6cb-460b-4dd8-a221-a5f70827f81f");
INSERT INTO V_VAL
	VALUES ("b6c826fe-46ac-48c3-a90c-81e0649a2556",
	0,
	0,
	14,
	51,
	52,
	0,
	0,
	0,
	0,
	"ba5eda7a-def5-0000-0000-000000000005",
	"beff6dbe-e9e2-45d8-af33-66b574ae4756");
INSERT INTO V_AVL
	VALUES ("b6c826fe-46ac-48c3-a90c-81e0649a2556",
	"fc2a394b-049f-4f07-bf8b-8d19a8f05f93",
	"7137c09d-ba0e-406b-b3b5-76bb3cc48f3d",
	"df46d3b5-7060-4611-8908-d535d035865a");
INSERT INTO V_PAR
	VALUES ("b6c826fe-46ac-48c3-a90c-81e0649a2556",
	"21a24fde-1956-47b3-95fc-138903271369",
	"00000000-0000-0000-0000-000000000000",
	'sessionID',
	"1ff22ecd-c84f-4ef8-91a2-3ede3fe56db5",
	14,
	36);
INSERT INTO V_VAL
	VALUES ("1ff22ecd-c84f-4ef8-91a2-3ede3fe56db5",
	0,
	0,
	15,
	21,
	82,
	0,
	0,
	0,
	0,
	"ba5eda7a-def5-0000-0000-000000000004",
	"beff6dbe-e9e2-45d8-af33-66b574ae4756");
INSERT INTO V_LST
	VALUES ("1ff22ecd-c84f-4ef8-91a2-3ede3fe56db5",
	'H: guestAddedEvent: no facility selected, should never happen');
INSERT INTO V_PAR
	VALUES ("1ff22ecd-c84f-4ef8-91a2-3ede3fe56db5",
	"21a24fde-1956-47b3-95fc-138903271369",
	"00000000-0000-0000-0000-000000000000",
	'message',
	"00000000-0000-0000-0000-000000000000",
	15,
	12);
INSERT INTO SM_STATE
	VALUES ("5ba9883b-4a7b-40ed-a541-d3bba232f55a",
	"c87b2dab-d00f-4d32-a5d3-d1e5b01c9cb3",
	"00000000-0000-0000-0000-000000000000",
	'addService',
	4,
	0);
INSERT INTO SM_CH
	VALUES ("5ba9883b-4a7b-40ed-a541-d3bba232f55a",
	"463dc70c-f7bb-484c-8def-bd2056914139",
	"c87b2dab-d00f-4d32-a5d3-d1e5b01c9cb3",
	"00000000-0000-0000-0000-000000000000",
	'');
INSERT INTO SM_SEME
	VALUES ("5ba9883b-4a7b-40ed-a541-d3bba232f55a",
	"463dc70c-f7bb-484c-8def-bd2056914139",
	"c87b2dab-d00f-4d32-a5d3-d1e5b01c9cb3",
	"00000000-0000-0000-0000-000000000000");
INSERT INTO SM_CH
	VALUES ("5ba9883b-4a7b-40ed-a541-d3bba232f55a",
	"2113072c-9fe7-4d67-8795-583d185185c1",
	"c87b2dab-d00f-4d32-a5d3-d1e5b01c9cb3",
	"00000000-0000-0000-0000-000000000000",
	'');
INSERT INTO SM_SEME
	VALUES ("5ba9883b-4a7b-40ed-a541-d3bba232f55a",
	"2113072c-9fe7-4d67-8795-583d185185c1",
	"c87b2dab-d00f-4d32-a5d3-d1e5b01c9cb3",
	"00000000-0000-0000-0000-000000000000");
INSERT INTO SM_SEME
	VALUES ("5ba9883b-4a7b-40ed-a541-d3bba232f55a",
	"0e59bc59-c4a8-49b6-b5c2-bd2e2de4f771",
	"c87b2dab-d00f-4d32-a5d3-d1e5b01c9cb3",
	"00000000-0000-0000-0000-000000000000");
INSERT INTO SM_SEME
	VALUES ("5ba9883b-4a7b-40ed-a541-d3bba232f55a",
	"9a883f49-b118-47b2-880c-373bfecf9218",
	"c87b2dab-d00f-4d32-a5d3-d1e5b01c9cb3",
	"00000000-0000-0000-0000-000000000000");
INSERT INTO SM_CH
	VALUES ("5ba9883b-4a7b-40ed-a541-d3bba232f55a",
	"153a511b-c927-49fe-95d5-db518898883d",
	"c87b2dab-d00f-4d32-a5d3-d1e5b01c9cb3",
	"00000000-0000-0000-0000-000000000000",
	'');
INSERT INTO SM_SEME
	VALUES ("5ba9883b-4a7b-40ed-a541-d3bba232f55a",
	"153a511b-c927-49fe-95d5-db518898883d",
	"c87b2dab-d00f-4d32-a5d3-d1e5b01c9cb3",
	"00000000-0000-0000-0000-000000000000");
INSERT INTO SM_CH
	VALUES ("5ba9883b-4a7b-40ed-a541-d3bba232f55a",
	"459dadf1-a920-477f-b495-f73fd93f16e7",
	"c87b2dab-d00f-4d32-a5d3-d1e5b01c9cb3",
	"00000000-0000-0000-0000-000000000000",
	'');
INSERT INTO SM_SEME
	VALUES ("5ba9883b-4a7b-40ed-a541-d3bba232f55a",
	"459dadf1-a920-477f-b495-f73fd93f16e7",
	"c87b2dab-d00f-4d32-a5d3-d1e5b01c9cb3",
	"00000000-0000-0000-0000-000000000000");
INSERT INTO SM_CH
	VALUES ("5ba9883b-4a7b-40ed-a541-d3bba232f55a",
	"2abc1152-f6f1-440f-8291-2896e45ba380",
	"c87b2dab-d00f-4d32-a5d3-d1e5b01c9cb3",
	"00000000-0000-0000-0000-000000000000",
	'');
INSERT INTO SM_SEME
	VALUES ("5ba9883b-4a7b-40ed-a541-d3bba232f55a",
	"2abc1152-f6f1-440f-8291-2896e45ba380",
	"c87b2dab-d00f-4d32-a5d3-d1e5b01c9cb3",
	"00000000-0000-0000-0000-000000000000");
INSERT INTO SM_CH
	VALUES ("5ba9883b-4a7b-40ed-a541-d3bba232f55a",
	"5d2bc261-464e-4c96-88a1-0dcf2267fd8b",
	"c87b2dab-d00f-4d32-a5d3-d1e5b01c9cb3",
	"00000000-0000-0000-0000-000000000000",
	'');
INSERT INTO SM_SEME
	VALUES ("5ba9883b-4a7b-40ed-a541-d3bba232f55a",
	"5d2bc261-464e-4c96-88a1-0dcf2267fd8b",
	"c87b2dab-d00f-4d32-a5d3-d1e5b01c9cb3",
	"00000000-0000-0000-0000-000000000000");
INSERT INTO SM_CH
	VALUES ("5ba9883b-4a7b-40ed-a541-d3bba232f55a",
	"42a35ac4-7d83-4153-8c24-cc4699f29672",
	"c87b2dab-d00f-4d32-a5d3-d1e5b01c9cb3",
	"00000000-0000-0000-0000-000000000000",
	'');
INSERT INTO SM_SEME
	VALUES ("5ba9883b-4a7b-40ed-a541-d3bba232f55a",
	"42a35ac4-7d83-4153-8c24-cc4699f29672",
	"c87b2dab-d00f-4d32-a5d3-d1e5b01c9cb3",
	"00000000-0000-0000-0000-000000000000");
INSERT INTO SM_MOAH
	VALUES ("b96e84ea-d627-4e2e-a8b5-c9972e6aee35",
	"c87b2dab-d00f-4d32-a5d3-d1e5b01c9cb3",
	"5ba9883b-4a7b-40ed-a541-d3bba232f55a");
INSERT INTO SM_AH
	VALUES ("b96e84ea-d627-4e2e-a8b5-c9972e6aee35",
	"c87b2dab-d00f-4d32-a5d3-d1e5b01c9cb3");
INSERT INTO SM_ACT
	VALUES ("b96e84ea-d627-4e2e-a8b5-c9972e6aee35",
	"c87b2dab-d00f-4d32-a5d3-d1e5b01c9cb3",
	1,
	'',
	'');
INSERT INTO ACT_SAB
	VALUES ("4740e4bc-5f31-4f53-8737-cd040daed2dc",
	"c87b2dab-d00f-4d32-a5d3-d1e5b01c9cb3",
	"b96e84ea-d627-4e2e-a8b5-c9972e6aee35");
INSERT INTO ACT_ACT
	VALUES ("4740e4bc-5f31-4f53-8737-cd040daed2dc",
	'state',
	0,
	"50d34591-431f-4748-ab4e-2cdb3860a63c",
	"00000000-0000-0000-0000-000000000000",
	0,
	'BookingSession::addService',
	"00000000-0000-0000-0000-000000000000");
INSERT INTO ACT_BLK
	VALUES ("50d34591-431f-4748-ab4e-2cdb3860a63c",
	0,
	0,
	0,
	'',
	'',
	'',
	0,
	0,
	0,
	0,
	0,
	0,
	0,
	0,
	0,
	0,
	0,
	0,
	0,
	"4740e4bc-5f31-4f53-8737-cd040daed2dc",
	"00000000-0000-0000-0000-000000000000");
INSERT INTO SM_STATE
	VALUES ("16b76ff7-c8d4-4f88-81c4-f6f0a7d93a90",
	"c87b2dab-d00f-4d32-a5d3-d1e5b01c9cb3",
	"00000000-0000-0000-0000-000000000000",
	'paymentSuggested',
	7,
	0);
INSERT INTO SM_CH
	VALUES ("16b76ff7-c8d4-4f88-81c4-f6f0a7d93a90",
	"463dc70c-f7bb-484c-8def-bd2056914139",
	"c87b2dab-d00f-4d32-a5d3-d1e5b01c9cb3",
	"00000000-0000-0000-0000-000000000000",
	'');
INSERT INTO SM_SEME
	VALUES ("16b76ff7-c8d4-4f88-81c4-f6f0a7d93a90",
	"463dc70c-f7bb-484c-8def-bd2056914139",
	"c87b2dab-d00f-4d32-a5d3-d1e5b01c9cb3",
	"00000000-0000-0000-0000-000000000000");
INSERT INTO SM_CH
	VALUES ("16b76ff7-c8d4-4f88-81c4-f6f0a7d93a90",
	"2113072c-9fe7-4d67-8795-583d185185c1",
	"c87b2dab-d00f-4d32-a5d3-d1e5b01c9cb3",
	"00000000-0000-0000-0000-000000000000",
	'');
INSERT INTO SM_SEME
	VALUES ("16b76ff7-c8d4-4f88-81c4-f6f0a7d93a90",
	"2113072c-9fe7-4d67-8795-583d185185c1",
	"c87b2dab-d00f-4d32-a5d3-d1e5b01c9cb3",
	"00000000-0000-0000-0000-000000000000");
INSERT INTO SM_CH
	VALUES ("16b76ff7-c8d4-4f88-81c4-f6f0a7d93a90",
	"0e59bc59-c4a8-49b6-b5c2-bd2e2de4f771",
	"c87b2dab-d00f-4d32-a5d3-d1e5b01c9cb3",
	"00000000-0000-0000-0000-000000000000",
	'');
INSERT INTO SM_SEME
	VALUES ("16b76ff7-c8d4-4f88-81c4-f6f0a7d93a90",
	"0e59bc59-c4a8-49b6-b5c2-bd2e2de4f771",
	"c87b2dab-d00f-4d32-a5d3-d1e5b01c9cb3",
	"00000000-0000-0000-0000-000000000000");
INSERT INTO SM_CH
	VALUES ("16b76ff7-c8d4-4f88-81c4-f6f0a7d93a90",
	"9a883f49-b118-47b2-880c-373bfecf9218",
	"c87b2dab-d00f-4d32-a5d3-d1e5b01c9cb3",
	"00000000-0000-0000-0000-000000000000",
	'');
INSERT INTO SM_SEME
	VALUES ("16b76ff7-c8d4-4f88-81c4-f6f0a7d93a90",
	"9a883f49-b118-47b2-880c-373bfecf9218",
	"c87b2dab-d00f-4d32-a5d3-d1e5b01c9cb3",
	"00000000-0000-0000-0000-000000000000");
INSERT INTO SM_CH
	VALUES ("16b76ff7-c8d4-4f88-81c4-f6f0a7d93a90",
	"153a511b-c927-49fe-95d5-db518898883d",
	"c87b2dab-d00f-4d32-a5d3-d1e5b01c9cb3",
	"00000000-0000-0000-0000-000000000000",
	'');
INSERT INTO SM_SEME
	VALUES ("16b76ff7-c8d4-4f88-81c4-f6f0a7d93a90",
	"153a511b-c927-49fe-95d5-db518898883d",
	"c87b2dab-d00f-4d32-a5d3-d1e5b01c9cb3",
	"00000000-0000-0000-0000-000000000000");
INSERT INTO SM_CH
	VALUES ("16b76ff7-c8d4-4f88-81c4-f6f0a7d93a90",
	"459dadf1-a920-477f-b495-f73fd93f16e7",
	"c87b2dab-d00f-4d32-a5d3-d1e5b01c9cb3",
	"00000000-0000-0000-0000-000000000000",
	'');
INSERT INTO SM_SEME
	VALUES ("16b76ff7-c8d4-4f88-81c4-f6f0a7d93a90",
	"459dadf1-a920-477f-b495-f73fd93f16e7",
	"c87b2dab-d00f-4d32-a5d3-d1e5b01c9cb3",
	"00000000-0000-0000-0000-000000000000");
INSERT INTO SM_SEME
	VALUES ("16b76ff7-c8d4-4f88-81c4-f6f0a7d93a90",
	"2abc1152-f6f1-440f-8291-2896e45ba380",
	"c87b2dab-d00f-4d32-a5d3-d1e5b01c9cb3",
	"00000000-0000-0000-0000-000000000000");
INSERT INTO SM_CH
	VALUES ("16b76ff7-c8d4-4f88-81c4-f6f0a7d93a90",
	"5d2bc261-464e-4c96-88a1-0dcf2267fd8b",
	"c87b2dab-d00f-4d32-a5d3-d1e5b01c9cb3",
	"00000000-0000-0000-0000-000000000000",
	'');
INSERT INTO SM_SEME
	VALUES ("16b76ff7-c8d4-4f88-81c4-f6f0a7d93a90",
	"5d2bc261-464e-4c96-88a1-0dcf2267fd8b",
	"c87b2dab-d00f-4d32-a5d3-d1e5b01c9cb3",
	"00000000-0000-0000-0000-000000000000");
INSERT INTO SM_CH
	VALUES ("16b76ff7-c8d4-4f88-81c4-f6f0a7d93a90",
	"42a35ac4-7d83-4153-8c24-cc4699f29672",
	"c87b2dab-d00f-4d32-a5d3-d1e5b01c9cb3",
	"00000000-0000-0000-0000-000000000000",
	'');
INSERT INTO SM_SEME
	VALUES ("16b76ff7-c8d4-4f88-81c4-f6f0a7d93a90",
	"42a35ac4-7d83-4153-8c24-cc4699f29672",
	"c87b2dab-d00f-4d32-a5d3-d1e5b01c9cb3",
	"00000000-0000-0000-0000-000000000000");
INSERT INTO SM_MOAH
	VALUES ("caa79a10-5883-4625-ae61-2d96cda1fdae",
	"c87b2dab-d00f-4d32-a5d3-d1e5b01c9cb3",
	"16b76ff7-c8d4-4f88-81c4-f6f0a7d93a90");
INSERT INTO SM_AH
	VALUES ("caa79a10-5883-4625-ae61-2d96cda1fdae",
	"c87b2dab-d00f-4d32-a5d3-d1e5b01c9cb3");
INSERT INTO SM_ACT
	VALUES ("caa79a10-5883-4625-ae61-2d96cda1fdae",
	"c87b2dab-d00f-4d32-a5d3-d1e5b01c9cb3",
	1,
	'LOG::LogInfo(message: "H: paymentSuggested: sending to bank.");

send PaymentProviderInterface::paymentInfo(sessionID: self.ID,
											paymentMethod: rcvd_evt.info);',
	'');
INSERT INTO ACT_SAB
	VALUES ("e45421c2-9c83-4100-9f17-cf98456bd8e8",
	"c87b2dab-d00f-4d32-a5d3-d1e5b01c9cb3",
	"caa79a10-5883-4625-ae61-2d96cda1fdae");
INSERT INTO ACT_ACT
	VALUES ("e45421c2-9c83-4100-9f17-cf98456bd8e8",
	'state',
	0,
	"993cec52-bbe2-450a-84aa-85d13189b699",
	"00000000-0000-0000-0000-000000000000",
	0,
	'BookingSession::paymentSuggested',
	"00000000-0000-0000-0000-000000000000");
INSERT INTO ACT_BLK
	VALUES ("993cec52-bbe2-450a-84aa-85d13189b699",
	0,
	0,
	0,
	'PaymentProviderInterface',
	'',
	'',
	3,
	1,
	3,
	6,
	0,
	0,
	0,
	0,
	0,
	0,
	0,
	0,
	0,
	"e45421c2-9c83-4100-9f17-cf98456bd8e8",
	"00000000-0000-0000-0000-000000000000");
INSERT INTO ACT_SMT
	VALUES ("5c7ad8c8-819f-41af-8448-9c4f424b8580",
	"993cec52-bbe2-450a-84aa-85d13189b699",
	"f2c2f510-f5a1-436a-b7ad-be7bb987dcfe",
	1,
	1,
	'BookingSession::paymentSuggested line: 1');
INSERT INTO ACT_BRG
	VALUES ("5c7ad8c8-819f-41af-8448-9c4f424b8580",
	"768e1cca-7403-495c-9b22-afd11a473eb6",
	1,
	6,
	1,
	1);
INSERT INTO ACT_SMT
	VALUES ("f2c2f510-f5a1-436a-b7ad-be7bb987dcfe",
	"993cec52-bbe2-450a-84aa-85d13189b699",
	"00000000-0000-0000-0000-000000000000",
	3,
	1,
	'BookingSession::paymentSuggested line: 3');
INSERT INTO ACT_SGN
	VALUES ("f2c2f510-f5a1-436a-b7ad-be7bb987dcfe",
	3,
	32,
	3,
	6,
	"00000000-0000-0000-0000-000000000000",
	"8d34f116-01ee-4538-8974-0d535305eaa6",
	"00000000-0000-0000-0000-000000000000");
INSERT INTO V_VAL
	VALUES ("22ec8d26-e28d-493e-96c8-a8f187274453",
	0,
	0,
	1,
	23,
	60,
	0,
	0,
	0,
	0,
	"ba5eda7a-def5-0000-0000-000000000004",
	"993cec52-bbe2-450a-84aa-85d13189b699");
INSERT INTO V_LST
	VALUES ("22ec8d26-e28d-493e-96c8-a8f187274453",
	'H: paymentSuggested: sending to bank.');
INSERT INTO V_PAR
	VALUES ("22ec8d26-e28d-493e-96c8-a8f187274453",
	"5c7ad8c8-819f-41af-8448-9c4f424b8580",
	"00000000-0000-0000-0000-000000000000",
	'message',
	"00000000-0000-0000-0000-000000000000",
	1,
	14);
INSERT INTO V_VAL
	VALUES ("5ab96997-edad-4400-bfa1-49ef78e1c5f4",
	0,
	0,
	3,
	55,
	58,
	0,
	0,
	0,
	0,
	"ba5eda7a-def5-0000-0000-000000000008",
	"993cec52-bbe2-450a-84aa-85d13189b699");
INSERT INTO V_IRF
	VALUES ("5ab96997-edad-4400-bfa1-49ef78e1c5f4",
	"43703c2f-32f5-4b99-a4a4-a92dfc15dd25");
INSERT INTO V_VAL
	VALUES ("6c1b420a-8986-45ee-9cbf-4c951143fd85",
	0,
	0,
	3,
	60,
	61,
	0,
	0,
	0,
	0,
	"ba5eda7a-def5-0000-0000-000000000005",
	"993cec52-bbe2-450a-84aa-85d13189b699");
INSERT INTO V_AVL
	VALUES ("6c1b420a-8986-45ee-9cbf-4c951143fd85",
	"5ab96997-edad-4400-bfa1-49ef78e1c5f4",
	"7137c09d-ba0e-406b-b3b5-76bb3cc48f3d",
	"df46d3b5-7060-4611-8908-d535d035865a");
INSERT INTO V_PAR
	VALUES ("6c1b420a-8986-45ee-9cbf-4c951143fd85",
	"f2c2f510-f5a1-436a-b7ad-be7bb987dcfe",
	"00000000-0000-0000-0000-000000000000",
	'sessionID',
	"d8882a7e-6c05-4d74-a914-c16685318e25",
	3,
	44);
INSERT INTO V_VAL
	VALUES ("d8882a7e-6c05-4d74-a914-c16685318e25",
	0,
	0,
	4,
	36,
	39,
	0,
	0,
	0,
	0,
	"ba5eda7a-def5-0000-0000-000000000004",
	"993cec52-bbe2-450a-84aa-85d13189b699");
INSERT INTO V_EDV
	VALUES ("d8882a7e-6c05-4d74-a914-c16685318e25");
INSERT INTO V_EPR
	VALUES ("d8882a7e-6c05-4d74-a914-c16685318e25",
	"c87b2dab-d00f-4d32-a5d3-d1e5b01c9cb3",
	"9a81d401-b5a6-4738-8935-2a321ce61612",
	"00000000-0000-0000-0000-000000000000");
INSERT INTO V_PAR
	VALUES ("d8882a7e-6c05-4d74-a914-c16685318e25",
	"f2c2f510-f5a1-436a-b7ad-be7bb987dcfe",
	"00000000-0000-0000-0000-000000000000",
	'paymentMethod',
	"00000000-0000-0000-0000-000000000000",
	4,
	12);
INSERT INTO V_VAR
	VALUES ("43703c2f-32f5-4b99-a4a4-a92dfc15dd25",
	"993cec52-bbe2-450a-84aa-85d13189b699",
	'self',
	1,
	"ba5eda7a-def5-0000-0000-000000000008");
INSERT INTO V_INT
	VALUES ("43703c2f-32f5-4b99-a4a4-a92dfc15dd25",
	0,
	"7137c09d-ba0e-406b-b3b5-76bb3cc48f3d");
INSERT INTO V_LOC
	VALUES ("43f453a7-a7fc-48f1-9701-761ef6bb6a59",
	3,
	55,
	58,
	"43703c2f-32f5-4b99-a4a4-a92dfc15dd25");
INSERT INTO SM_STATE
	VALUES ("72fee477-0c93-4c4b-a7f5-91fc26b56a7c",
	"c87b2dab-d00f-4d32-a5d3-d1e5b01c9cb3",
	"00000000-0000-0000-0000-000000000000",
	'confirmation',
	8,
	0);
INSERT INTO SM_CH
	VALUES ("72fee477-0c93-4c4b-a7f5-91fc26b56a7c",
	"463dc70c-f7bb-484c-8def-bd2056914139",
	"c87b2dab-d00f-4d32-a5d3-d1e5b01c9cb3",
	"00000000-0000-0000-0000-000000000000",
	'');
INSERT INTO SM_SEME
	VALUES ("72fee477-0c93-4c4b-a7f5-91fc26b56a7c",
	"463dc70c-f7bb-484c-8def-bd2056914139",
	"c87b2dab-d00f-4d32-a5d3-d1e5b01c9cb3",
	"00000000-0000-0000-0000-000000000000");
INSERT INTO SM_CH
	VALUES ("72fee477-0c93-4c4b-a7f5-91fc26b56a7c",
	"2113072c-9fe7-4d67-8795-583d185185c1",
	"c87b2dab-d00f-4d32-a5d3-d1e5b01c9cb3",
	"00000000-0000-0000-0000-000000000000",
	'');
INSERT INTO SM_SEME
	VALUES ("72fee477-0c93-4c4b-a7f5-91fc26b56a7c",
	"2113072c-9fe7-4d67-8795-583d185185c1",
	"c87b2dab-d00f-4d32-a5d3-d1e5b01c9cb3",
	"00000000-0000-0000-0000-000000000000");
INSERT INTO SM_CH
	VALUES ("72fee477-0c93-4c4b-a7f5-91fc26b56a7c",
	"0e59bc59-c4a8-49b6-b5c2-bd2e2de4f771",
	"c87b2dab-d00f-4d32-a5d3-d1e5b01c9cb3",
	"00000000-0000-0000-0000-000000000000",
	'');
INSERT INTO SM_SEME
	VALUES ("72fee477-0c93-4c4b-a7f5-91fc26b56a7c",
	"0e59bc59-c4a8-49b6-b5c2-bd2e2de4f771",
	"c87b2dab-d00f-4d32-a5d3-d1e5b01c9cb3",
	"00000000-0000-0000-0000-000000000000");
INSERT INTO SM_SEME
	VALUES ("72fee477-0c93-4c4b-a7f5-91fc26b56a7c",
	"9a883f49-b118-47b2-880c-373bfecf9218",
	"c87b2dab-d00f-4d32-a5d3-d1e5b01c9cb3",
	"00000000-0000-0000-0000-000000000000");
INSERT INTO SM_CH
	VALUES ("72fee477-0c93-4c4b-a7f5-91fc26b56a7c",
	"153a511b-c927-49fe-95d5-db518898883d",
	"c87b2dab-d00f-4d32-a5d3-d1e5b01c9cb3",
	"00000000-0000-0000-0000-000000000000",
	'');
INSERT INTO SM_SEME
	VALUES ("72fee477-0c93-4c4b-a7f5-91fc26b56a7c",
	"153a511b-c927-49fe-95d5-db518898883d",
	"c87b2dab-d00f-4d32-a5d3-d1e5b01c9cb3",
	"00000000-0000-0000-0000-000000000000");
INSERT INTO SM_CH
	VALUES ("72fee477-0c93-4c4b-a7f5-91fc26b56a7c",
	"459dadf1-a920-477f-b495-f73fd93f16e7",
	"c87b2dab-d00f-4d32-a5d3-d1e5b01c9cb3",
	"00000000-0000-0000-0000-000000000000",
	'');
INSERT INTO SM_SEME
	VALUES ("72fee477-0c93-4c4b-a7f5-91fc26b56a7c",
	"459dadf1-a920-477f-b495-f73fd93f16e7",
	"c87b2dab-d00f-4d32-a5d3-d1e5b01c9cb3",
	"00000000-0000-0000-0000-000000000000");
INSERT INTO SM_CH
	VALUES ("72fee477-0c93-4c4b-a7f5-91fc26b56a7c",
	"2abc1152-f6f1-440f-8291-2896e45ba380",
	"c87b2dab-d00f-4d32-a5d3-d1e5b01c9cb3",
	"00000000-0000-0000-0000-000000000000",
	'');
INSERT INTO SM_SEME
	VALUES ("72fee477-0c93-4c4b-a7f5-91fc26b56a7c",
	"2abc1152-f6f1-440f-8291-2896e45ba380",
	"c87b2dab-d00f-4d32-a5d3-d1e5b01c9cb3",
	"00000000-0000-0000-0000-000000000000");
INSERT INTO SM_SEME
	VALUES ("72fee477-0c93-4c4b-a7f5-91fc26b56a7c",
	"5d2bc261-464e-4c96-88a1-0dcf2267fd8b",
	"c87b2dab-d00f-4d32-a5d3-d1e5b01c9cb3",
	"00000000-0000-0000-0000-000000000000");
INSERT INTO SM_CH
	VALUES ("72fee477-0c93-4c4b-a7f5-91fc26b56a7c",
	"42a35ac4-7d83-4153-8c24-cc4699f29672",
	"c87b2dab-d00f-4d32-a5d3-d1e5b01c9cb3",
	"00000000-0000-0000-0000-000000000000",
	'');
INSERT INTO SM_SEME
	VALUES ("72fee477-0c93-4c4b-a7f5-91fc26b56a7c",
	"42a35ac4-7d83-4153-8c24-cc4699f29672",
	"c87b2dab-d00f-4d32-a5d3-d1e5b01c9cb3",
	"00000000-0000-0000-0000-000000000000");
INSERT INTO SM_MOAH
	VALUES ("453741f6-be0b-4208-a469-2f4c6fe47c87",
	"c87b2dab-d00f-4d32-a5d3-d1e5b01c9cb3",
	"72fee477-0c93-4c4b-a7f5-91fc26b56a7c");
INSERT INTO SM_AH
	VALUES ("453741f6-be0b-4208-a469-2f4c6fe47c87",
	"c87b2dab-d00f-4d32-a5d3-d1e5b01c9cb3");
INSERT INTO SM_ACT
	VALUES ("453741f6-be0b-4208-a469-2f4c6fe47c87",
	"c87b2dab-d00f-4d32-a5d3-d1e5b01c9cb3",
	1,
	'LOG::LogInfo(message: "H: confirmationState: Is payment valid?");

if(rcvd_evt.valid)
	LOG::LogInfo(message: "H: confirmationState: Is valid!");
	generate BOOKINGSESSION4:confirmEvent() to self;

else
	LOG::LogInfo(message: "H: confirmationState: Isn''t valid!");
	generate BOOKINGSESSION8:cancelEvent() to self;

end if;',
	'');
INSERT INTO ACT_SAB
	VALUES ("02995d95-56bb-4372-b2d9-6a76ef336dfc",
	"c87b2dab-d00f-4d32-a5d3-d1e5b01c9cb3",
	"453741f6-be0b-4208-a469-2f4c6fe47c87");
INSERT INTO ACT_ACT
	VALUES ("02995d95-56bb-4372-b2d9-6a76ef336dfc",
	'state',
	0,
	"db011469-5623-4dc7-92d9-a984689fecdb",
	"00000000-0000-0000-0000-000000000000",
	0,
	'BookingSession::confirmation',
	"00000000-0000-0000-0000-000000000000");
INSERT INTO ACT_BLK
	VALUES ("db011469-5623-4dc7-92d9-a984689fecdb",
	0,
	0,
	0,
	'LOG',
	'',
	'',
	7,
	1,
	1,
	1,
	0,
	0,
	0,
	0,
	0,
	0,
	0,
	0,
	0,
	"02995d95-56bb-4372-b2d9-6a76ef336dfc",
	"00000000-0000-0000-0000-000000000000");
INSERT INTO ACT_SMT
	VALUES ("9da15e7b-11a7-460a-b969-3aa3f7ea9a50",
	"db011469-5623-4dc7-92d9-a984689fecdb",
	"7ba4575b-e9b7-4280-81f7-4877053a2b7e",
	1,
	1,
	'BookingSession::confirmation line: 1');
INSERT INTO ACT_BRG
	VALUES ("9da15e7b-11a7-460a-b969-3aa3f7ea9a50",
	"768e1cca-7403-495c-9b22-afd11a473eb6",
	1,
	6,
	1,
	1);
INSERT INTO ACT_SMT
	VALUES ("7ba4575b-e9b7-4280-81f7-4877053a2b7e",
	"db011469-5623-4dc7-92d9-a984689fecdb",
	"00000000-0000-0000-0000-000000000000",
	3,
	1,
	'BookingSession::confirmation line: 3');
INSERT INTO ACT_IF
	VALUES ("7ba4575b-e9b7-4280-81f7-4877053a2b7e",
	"1b58c0e7-bdb3-4a62-82fc-8ea1b88beca1",
	"5a03dfbd-c278-4c88-ad54-1284d69aedf4",
	"00000000-0000-0000-0000-000000000000",
	"00000000-0000-0000-0000-000000000000");
INSERT INTO ACT_SMT
	VALUES ("0e69cecb-ff4e-4ff8-8b38-792ef9f9df37",
	"db011469-5623-4dc7-92d9-a984689fecdb",
	"00000000-0000-0000-0000-000000000000",
	7,
	1,
	'BookingSession::confirmation line: 7');
INSERT INTO ACT_E
	VALUES ("0e69cecb-ff4e-4ff8-8b38-792ef9f9df37",
	"ee66baf3-9b96-4b4e-995b-7102b22876b7",
	"7ba4575b-e9b7-4280-81f7-4877053a2b7e");
INSERT INTO V_VAL
	VALUES ("01a2fb7c-0537-4b9b-afb2-46b9335eff09",
	0,
	0,
	1,
	23,
	62,
	0,
	0,
	0,
	0,
	"ba5eda7a-def5-0000-0000-000000000004",
	"db011469-5623-4dc7-92d9-a984689fecdb");
INSERT INTO V_LST
	VALUES ("01a2fb7c-0537-4b9b-afb2-46b9335eff09",
	'H: confirmationState: Is payment valid?');
INSERT INTO V_PAR
	VALUES ("01a2fb7c-0537-4b9b-afb2-46b9335eff09",
	"9da15e7b-11a7-460a-b969-3aa3f7ea9a50",
	"00000000-0000-0000-0000-000000000000",
	'message',
	"00000000-0000-0000-0000-000000000000",
	1,
	14);
INSERT INTO V_VAL
	VALUES ("5a03dfbd-c278-4c88-ad54-1284d69aedf4",
	0,
	0,
	3,
	13,
	17,
	0,
	0,
	0,
	0,
	"ba5eda7a-def5-0000-0000-000000000001",
	"db011469-5623-4dc7-92d9-a984689fecdb");
INSERT INTO V_EDV
	VALUES ("5a03dfbd-c278-4c88-ad54-1284d69aedf4");
INSERT INTO V_EPR
	VALUES ("5a03dfbd-c278-4c88-ad54-1284d69aedf4",
	"c87b2dab-d00f-4d32-a5d3-d1e5b01c9cb3",
	"d11d5c6a-5529-4294-b70f-50f121aa30de",
	"00000000-0000-0000-0000-000000000000");
INSERT INTO V_VAR
	VALUES ("9f0d0566-daa5-42ad-bff4-600b076bdf85",
	"db011469-5623-4dc7-92d9-a984689fecdb",
	'self',
	1,
	"ba5eda7a-def5-0000-0000-000000000008");
INSERT INTO V_INT
	VALUES ("9f0d0566-daa5-42ad-bff4-600b076bdf85",
	0,
	"7137c09d-ba0e-406b-b3b5-76bb3cc48f3d");
INSERT INTO V_LOC
	VALUES ("6ec1241a-31f0-4d9c-b7b0-cc5eec711ccf",
	5,
	45,
	48,
	"9f0d0566-daa5-42ad-bff4-600b076bdf85");
INSERT INTO V_LOC
	VALUES ("6a52c71f-6a58-4d86-8d37-a50af8c65655",
	9,
	44,
	47,
	"9f0d0566-daa5-42ad-bff4-600b076bdf85");
INSERT INTO ACT_BLK
	VALUES ("1b58c0e7-bdb3-4a62-82fc-8ea1b88beca1",
	0,
	0,
	0,
	'V_VAR.Var_ID',
	'',
	'',
	5,
	2,
	4,
	2,
	0,
	0,
	0,
	0,
	0,
	0,
	0,
	0,
	0,
	"02995d95-56bb-4372-b2d9-6a76ef336dfc",
	"00000000-0000-0000-0000-000000000000");
INSERT INTO ACT_SMT
	VALUES ("ad07168d-4a2e-4ff4-ae85-0a78f9790b6b",
	"1b58c0e7-bdb3-4a62-82fc-8ea1b88beca1",
	"566ae0e5-086c-4385-814a-fb5e35d98f4a",
	4,
	2,
	'BookingSession::confirmation line: 4');
INSERT INTO ACT_BRG
	VALUES ("ad07168d-4a2e-4ff4-ae85-0a78f9790b6b",
	"768e1cca-7403-495c-9b22-afd11a473eb6",
	4,
	7,
	4,
	2);
INSERT INTO ACT_SMT
	VALUES ("566ae0e5-086c-4385-814a-fb5e35d98f4a",
	"1b58c0e7-bdb3-4a62-82fc-8ea1b88beca1",
	"00000000-0000-0000-0000-000000000000",
	5,
	2,
	'BookingSession::confirmation line: 5');
INSERT INTO E_ESS
	VALUES ("566ae0e5-086c-4385-814a-fb5e35d98f4a",
	1,
	0,
	5,
	11,
	5,
	27,
	4,
	2,
	0,
	0,
	0,
	0);
INSERT INTO E_GES
	VALUES ("566ae0e5-086c-4385-814a-fb5e35d98f4a");
INSERT INTO E_GSME
	VALUES ("566ae0e5-086c-4385-814a-fb5e35d98f4a",
	"9a883f49-b118-47b2-880c-373bfecf9218");
INSERT INTO E_GEN
	VALUES ("566ae0e5-086c-4385-814a-fb5e35d98f4a",
	"9f0d0566-daa5-42ad-bff4-600b076bdf85");
INSERT INTO V_VAL
	VALUES ("b6a279af-d5f5-4882-8126-e0156854ee73",
	0,
	0,
	4,
	24,
	55,
	0,
	0,
	0,
	0,
	"ba5eda7a-def5-0000-0000-000000000004",
	"1b58c0e7-bdb3-4a62-82fc-8ea1b88beca1");
INSERT INTO V_LST
	VALUES ("b6a279af-d5f5-4882-8126-e0156854ee73",
	'H: confirmationState: Is valid!');
INSERT INTO V_PAR
	VALUES ("b6a279af-d5f5-4882-8126-e0156854ee73",
	"ad07168d-4a2e-4ff4-ae85-0a78f9790b6b",
	"00000000-0000-0000-0000-000000000000",
	'message',
	"00000000-0000-0000-0000-000000000000",
	4,
	15);
INSERT INTO ACT_BLK
	VALUES ("ee66baf3-9b96-4b4e-995b-7102b22876b7",
	0,
	0,
	0,
	'V_VAR.Var_ID',
	'',
	'',
	9,
	2,
	8,
	2,
	0,
	0,
	0,
	0,
	0,
	0,
	0,
	0,
	0,
	"02995d95-56bb-4372-b2d9-6a76ef336dfc",
	"00000000-0000-0000-0000-000000000000");
INSERT INTO ACT_SMT
	VALUES ("4e9a0ab2-3b81-4dfc-bbdc-94bea2949f1d",
	"ee66baf3-9b96-4b4e-995b-7102b22876b7",
	"559f8688-c723-4b5d-9568-0cb161cfc6bf",
	8,
	2,
	'BookingSession::confirmation line: 8');
INSERT INTO ACT_BRG
	VALUES ("4e9a0ab2-3b81-4dfc-bbdc-94bea2949f1d",
	"768e1cca-7403-495c-9b22-afd11a473eb6",
	8,
	7,
	8,
	2);
INSERT INTO ACT_SMT
	VALUES ("559f8688-c723-4b5d-9568-0cb161cfc6bf",
	"ee66baf3-9b96-4b4e-995b-7102b22876b7",
	"00000000-0000-0000-0000-000000000000",
	9,
	2,
	'BookingSession::confirmation line: 9');
INSERT INTO E_ESS
	VALUES ("559f8688-c723-4b5d-9568-0cb161cfc6bf",
	1,
	0,
	9,
	11,
	9,
	27,
	8,
	2,
	0,
	0,
	0,
	0);
INSERT INTO E_GES
	VALUES ("559f8688-c723-4b5d-9568-0cb161cfc6bf");
INSERT INTO E_GSME
	VALUES ("559f8688-c723-4b5d-9568-0cb161cfc6bf",
	"5d2bc261-464e-4c96-88a1-0dcf2267fd8b");
INSERT INTO E_GEN
	VALUES ("559f8688-c723-4b5d-9568-0cb161cfc6bf",
	"9f0d0566-daa5-42ad-bff4-600b076bdf85");
INSERT INTO V_VAL
	VALUES ("ed51ec42-b4da-462c-a137-4bcdf34a1424",
	0,
	0,
	8,
	24,
	58,
	0,
	0,
	0,
	0,
	"ba5eda7a-def5-0000-0000-000000000004",
	"ee66baf3-9b96-4b4e-995b-7102b22876b7");
INSERT INTO V_LST
	VALUES ("ed51ec42-b4da-462c-a137-4bcdf34a1424",
	'H: confirmationState: Isn''t valid!');
INSERT INTO V_PAR
	VALUES ("ed51ec42-b4da-462c-a137-4bcdf34a1424",
	"4e9a0ab2-3b81-4dfc-bbdc-94bea2949f1d",
	"00000000-0000-0000-0000-000000000000",
	'message',
	"00000000-0000-0000-0000-000000000000",
	8,
	15);
INSERT INTO SM_STATE
	VALUES ("c19dec2f-8b92-4dea-8ea8-e41ae60a6aa4",
	"c87b2dab-d00f-4d32-a5d3-d1e5b01c9cb3",
	"00000000-0000-0000-0000-000000000000",
	'accepted',
	9,
	0);
INSERT INTO SM_CH
	VALUES ("c19dec2f-8b92-4dea-8ea8-e41ae60a6aa4",
	"463dc70c-f7bb-484c-8def-bd2056914139",
	"c87b2dab-d00f-4d32-a5d3-d1e5b01c9cb3",
	"00000000-0000-0000-0000-000000000000",
	'');
INSERT INTO SM_SEME
	VALUES ("c19dec2f-8b92-4dea-8ea8-e41ae60a6aa4",
	"463dc70c-f7bb-484c-8def-bd2056914139",
	"c87b2dab-d00f-4d32-a5d3-d1e5b01c9cb3",
	"00000000-0000-0000-0000-000000000000");
INSERT INTO SM_CH
	VALUES ("c19dec2f-8b92-4dea-8ea8-e41ae60a6aa4",
	"2113072c-9fe7-4d67-8795-583d185185c1",
	"c87b2dab-d00f-4d32-a5d3-d1e5b01c9cb3",
	"00000000-0000-0000-0000-000000000000",
	'');
INSERT INTO SM_SEME
	VALUES ("c19dec2f-8b92-4dea-8ea8-e41ae60a6aa4",
	"2113072c-9fe7-4d67-8795-583d185185c1",
	"c87b2dab-d00f-4d32-a5d3-d1e5b01c9cb3",
	"00000000-0000-0000-0000-000000000000");
INSERT INTO SM_CH
	VALUES ("c19dec2f-8b92-4dea-8ea8-e41ae60a6aa4",
	"0e59bc59-c4a8-49b6-b5c2-bd2e2de4f771",
	"c87b2dab-d00f-4d32-a5d3-d1e5b01c9cb3",
	"00000000-0000-0000-0000-000000000000",
	'');
INSERT INTO SM_SEME
	VALUES ("c19dec2f-8b92-4dea-8ea8-e41ae60a6aa4",
	"0e59bc59-c4a8-49b6-b5c2-bd2e2de4f771",
	"c87b2dab-d00f-4d32-a5d3-d1e5b01c9cb3",
	"00000000-0000-0000-0000-000000000000");
INSERT INTO SM_CH
	VALUES ("c19dec2f-8b92-4dea-8ea8-e41ae60a6aa4",
	"9a883f49-b118-47b2-880c-373bfecf9218",
	"c87b2dab-d00f-4d32-a5d3-d1e5b01c9cb3",
	"00000000-0000-0000-0000-000000000000",
	'');
INSERT INTO SM_SEME
	VALUES ("c19dec2f-8b92-4dea-8ea8-e41ae60a6aa4",
	"9a883f49-b118-47b2-880c-373bfecf9218",
	"c87b2dab-d00f-4d32-a5d3-d1e5b01c9cb3",
	"00000000-0000-0000-0000-000000000000");
INSERT INTO SM_CH
	VALUES ("c19dec2f-8b92-4dea-8ea8-e41ae60a6aa4",
	"153a511b-c927-49fe-95d5-db518898883d",
	"c87b2dab-d00f-4d32-a5d3-d1e5b01c9cb3",
	"00000000-0000-0000-0000-000000000000",
	'');
INSERT INTO SM_SEME
	VALUES ("c19dec2f-8b92-4dea-8ea8-e41ae60a6aa4",
	"153a511b-c927-49fe-95d5-db518898883d",
	"c87b2dab-d00f-4d32-a5d3-d1e5b01c9cb3",
	"00000000-0000-0000-0000-000000000000");
INSERT INTO SM_CH
	VALUES ("c19dec2f-8b92-4dea-8ea8-e41ae60a6aa4",
	"459dadf1-a920-477f-b495-f73fd93f16e7",
	"c87b2dab-d00f-4d32-a5d3-d1e5b01c9cb3",
	"00000000-0000-0000-0000-000000000000",
	'');
INSERT INTO SM_SEME
	VALUES ("c19dec2f-8b92-4dea-8ea8-e41ae60a6aa4",
	"459dadf1-a920-477f-b495-f73fd93f16e7",
	"c87b2dab-d00f-4d32-a5d3-d1e5b01c9cb3",
	"00000000-0000-0000-0000-000000000000");
INSERT INTO SM_CH
	VALUES ("c19dec2f-8b92-4dea-8ea8-e41ae60a6aa4",
	"2abc1152-f6f1-440f-8291-2896e45ba380",
	"c87b2dab-d00f-4d32-a5d3-d1e5b01c9cb3",
	"00000000-0000-0000-0000-000000000000",
	'');
INSERT INTO SM_SEME
	VALUES ("c19dec2f-8b92-4dea-8ea8-e41ae60a6aa4",
	"2abc1152-f6f1-440f-8291-2896e45ba380",
	"c87b2dab-d00f-4d32-a5d3-d1e5b01c9cb3",
	"00000000-0000-0000-0000-000000000000");
INSERT INTO SM_CH
	VALUES ("c19dec2f-8b92-4dea-8ea8-e41ae60a6aa4",
	"5d2bc261-464e-4c96-88a1-0dcf2267fd8b",
	"c87b2dab-d00f-4d32-a5d3-d1e5b01c9cb3",
	"00000000-0000-0000-0000-000000000000",
	'');
INSERT INTO SM_SEME
	VALUES ("c19dec2f-8b92-4dea-8ea8-e41ae60a6aa4",
	"5d2bc261-464e-4c96-88a1-0dcf2267fd8b",
	"c87b2dab-d00f-4d32-a5d3-d1e5b01c9cb3",
	"00000000-0000-0000-0000-000000000000");
INSERT INTO SM_CH
	VALUES ("c19dec2f-8b92-4dea-8ea8-e41ae60a6aa4",
	"42a35ac4-7d83-4153-8c24-cc4699f29672",
	"c87b2dab-d00f-4d32-a5d3-d1e5b01c9cb3",
	"00000000-0000-0000-0000-000000000000",
	'');
INSERT INTO SM_SEME
	VALUES ("c19dec2f-8b92-4dea-8ea8-e41ae60a6aa4",
	"42a35ac4-7d83-4153-8c24-cc4699f29672",
	"c87b2dab-d00f-4d32-a5d3-d1e5b01c9cb3",
	"00000000-0000-0000-0000-000000000000");
INSERT INTO SM_MOAH
	VALUES ("9da23d14-d5bf-469e-943e-4c64857d6295",
	"c87b2dab-d00f-4d32-a5d3-d1e5b01c9cb3",
	"c19dec2f-8b92-4dea-8ea8-e41ae60a6aa4");
INSERT INTO SM_AH
	VALUES ("9da23d14-d5bf-469e-943e-4c64857d6295",
	"c87b2dab-d00f-4d32-a5d3-d1e5b01c9cb3");
INSERT INTO SM_ACT
	VALUES ("9da23d14-d5bf-469e-943e-4c64857d6295",
	"c87b2dab-d00f-4d32-a5d3-d1e5b01c9cb3",
	1,
	'',
	'');
INSERT INTO ACT_SAB
	VALUES ("15d18140-bf50-4d28-af75-1e250bd0129e",
	"c87b2dab-d00f-4d32-a5d3-d1e5b01c9cb3",
	"9da23d14-d5bf-469e-943e-4c64857d6295");
INSERT INTO ACT_ACT
	VALUES ("15d18140-bf50-4d28-af75-1e250bd0129e",
	'state',
	0,
	"502b5d65-6720-4cf8-90db-1dfcc9959b60",
	"00000000-0000-0000-0000-000000000000",
	0,
	'BookingSession::accepted',
	"00000000-0000-0000-0000-000000000000");
INSERT INTO ACT_BLK
	VALUES ("502b5d65-6720-4cf8-90db-1dfcc9959b60",
	0,
	0,
	0,
	'',
	'',
	'',
	0,
	0,
	0,
	0,
	0,
	0,
	0,
	0,
	0,
	0,
	0,
	0,
	0,
	"15d18140-bf50-4d28-af75-1e250bd0129e",
	"00000000-0000-0000-0000-000000000000");
INSERT INTO SM_STATE
	VALUES ("4aecb993-a30f-4e82-ae57-ca7b870f160e",
	"c87b2dab-d00f-4d32-a5d3-d1e5b01c9cb3",
	"00000000-0000-0000-0000-000000000000",
	'aborted',
	10,
	0);
INSERT INTO SM_CH
	VALUES ("4aecb993-a30f-4e82-ae57-ca7b870f160e",
	"463dc70c-f7bb-484c-8def-bd2056914139",
	"c87b2dab-d00f-4d32-a5d3-d1e5b01c9cb3",
	"00000000-0000-0000-0000-000000000000",
	'');
INSERT INTO SM_SEME
	VALUES ("4aecb993-a30f-4e82-ae57-ca7b870f160e",
	"463dc70c-f7bb-484c-8def-bd2056914139",
	"c87b2dab-d00f-4d32-a5d3-d1e5b01c9cb3",
	"00000000-0000-0000-0000-000000000000");
INSERT INTO SM_CH
	VALUES ("4aecb993-a30f-4e82-ae57-ca7b870f160e",
	"2113072c-9fe7-4d67-8795-583d185185c1",
	"c87b2dab-d00f-4d32-a5d3-d1e5b01c9cb3",
	"00000000-0000-0000-0000-000000000000",
	'');
INSERT INTO SM_SEME
	VALUES ("4aecb993-a30f-4e82-ae57-ca7b870f160e",
	"2113072c-9fe7-4d67-8795-583d185185c1",
	"c87b2dab-d00f-4d32-a5d3-d1e5b01c9cb3",
	"00000000-0000-0000-0000-000000000000");
INSERT INTO SM_CH
	VALUES ("4aecb993-a30f-4e82-ae57-ca7b870f160e",
	"0e59bc59-c4a8-49b6-b5c2-bd2e2de4f771",
	"c87b2dab-d00f-4d32-a5d3-d1e5b01c9cb3",
	"00000000-0000-0000-0000-000000000000",
	'');
INSERT INTO SM_SEME
	VALUES ("4aecb993-a30f-4e82-ae57-ca7b870f160e",
	"0e59bc59-c4a8-49b6-b5c2-bd2e2de4f771",
	"c87b2dab-d00f-4d32-a5d3-d1e5b01c9cb3",
	"00000000-0000-0000-0000-000000000000");
INSERT INTO SM_CH
	VALUES ("4aecb993-a30f-4e82-ae57-ca7b870f160e",
	"9a883f49-b118-47b2-880c-373bfecf9218",
	"c87b2dab-d00f-4d32-a5d3-d1e5b01c9cb3",
	"00000000-0000-0000-0000-000000000000",
	'');
INSERT INTO SM_SEME
	VALUES ("4aecb993-a30f-4e82-ae57-ca7b870f160e",
	"9a883f49-b118-47b2-880c-373bfecf9218",
	"c87b2dab-d00f-4d32-a5d3-d1e5b01c9cb3",
	"00000000-0000-0000-0000-000000000000");
INSERT INTO SM_CH
	VALUES ("4aecb993-a30f-4e82-ae57-ca7b870f160e",
	"153a511b-c927-49fe-95d5-db518898883d",
	"c87b2dab-d00f-4d32-a5d3-d1e5b01c9cb3",
	"00000000-0000-0000-0000-000000000000",
	'');
INSERT INTO SM_SEME
	VALUES ("4aecb993-a30f-4e82-ae57-ca7b870f160e",
	"153a511b-c927-49fe-95d5-db518898883d",
	"c87b2dab-d00f-4d32-a5d3-d1e5b01c9cb3",
	"00000000-0000-0000-0000-000000000000");
INSERT INTO SM_CH
	VALUES ("4aecb993-a30f-4e82-ae57-ca7b870f160e",
	"459dadf1-a920-477f-b495-f73fd93f16e7",
	"c87b2dab-d00f-4d32-a5d3-d1e5b01c9cb3",
	"00000000-0000-0000-0000-000000000000",
	'');
INSERT INTO SM_SEME
	VALUES ("4aecb993-a30f-4e82-ae57-ca7b870f160e",
	"459dadf1-a920-477f-b495-f73fd93f16e7",
	"c87b2dab-d00f-4d32-a5d3-d1e5b01c9cb3",
	"00000000-0000-0000-0000-000000000000");
INSERT INTO SM_CH
	VALUES ("4aecb993-a30f-4e82-ae57-ca7b870f160e",
	"2abc1152-f6f1-440f-8291-2896e45ba380",
	"c87b2dab-d00f-4d32-a5d3-d1e5b01c9cb3",
	"00000000-0000-0000-0000-000000000000",
	'');
INSERT INTO SM_SEME
	VALUES ("4aecb993-a30f-4e82-ae57-ca7b870f160e",
	"2abc1152-f6f1-440f-8291-2896e45ba380",
	"c87b2dab-d00f-4d32-a5d3-d1e5b01c9cb3",
	"00000000-0000-0000-0000-000000000000");
INSERT INTO SM_CH
	VALUES ("4aecb993-a30f-4e82-ae57-ca7b870f160e",
	"5d2bc261-464e-4c96-88a1-0dcf2267fd8b",
	"c87b2dab-d00f-4d32-a5d3-d1e5b01c9cb3",
	"00000000-0000-0000-0000-000000000000",
	'');
INSERT INTO SM_SEME
	VALUES ("4aecb993-a30f-4e82-ae57-ca7b870f160e",
	"5d2bc261-464e-4c96-88a1-0dcf2267fd8b",
	"c87b2dab-d00f-4d32-a5d3-d1e5b01c9cb3",
	"00000000-0000-0000-0000-000000000000");
INSERT INTO SM_CH
	VALUES ("4aecb993-a30f-4e82-ae57-ca7b870f160e",
	"42a35ac4-7d83-4153-8c24-cc4699f29672",
	"c87b2dab-d00f-4d32-a5d3-d1e5b01c9cb3",
	"00000000-0000-0000-0000-000000000000",
	'');
INSERT INTO SM_SEME
	VALUES ("4aecb993-a30f-4e82-ae57-ca7b870f160e",
	"42a35ac4-7d83-4153-8c24-cc4699f29672",
	"c87b2dab-d00f-4d32-a5d3-d1e5b01c9cb3",
	"00000000-0000-0000-0000-000000000000");
INSERT INTO SM_MOAH
	VALUES ("d79ba01f-2e1e-40c4-bf30-bf8ccd739bb5",
	"c87b2dab-d00f-4d32-a5d3-d1e5b01c9cb3",
	"4aecb993-a30f-4e82-ae57-ca7b870f160e");
INSERT INTO SM_AH
	VALUES ("d79ba01f-2e1e-40c4-bf30-bf8ccd739bb5",
	"c87b2dab-d00f-4d32-a5d3-d1e5b01c9cb3");
INSERT INTO SM_ACT
	VALUES ("d79ba01f-2e1e-40c4-bf30-bf8ccd739bb5",
	"c87b2dab-d00f-4d32-a5d3-d1e5b01c9cb3",
	1,
	'',
	'');
INSERT INTO ACT_SAB
	VALUES ("7e3fc9e6-d609-49ae-b81b-f029667fa389",
	"c87b2dab-d00f-4d32-a5d3-d1e5b01c9cb3",
	"d79ba01f-2e1e-40c4-bf30-bf8ccd739bb5");
INSERT INTO ACT_ACT
	VALUES ("7e3fc9e6-d609-49ae-b81b-f029667fa389",
	'state',
	0,
	"45a7c4ef-6b6e-4028-8357-99825fc701c0",
	"00000000-0000-0000-0000-000000000000",
	0,
	'BookingSession::aborted',
	"00000000-0000-0000-0000-000000000000");
INSERT INTO ACT_BLK
	VALUES ("45a7c4ef-6b6e-4028-8357-99825fc701c0",
	0,
	0,
	0,
	'',
	'',
	'',
	0,
	0,
	0,
	0,
	0,
	0,
	0,
	0,
	0,
	0,
	0,
	0,
	0,
	"7e3fc9e6-d609-49ae-b81b-f029667fa389",
	"00000000-0000-0000-0000-000000000000");
INSERT INTO SM_STATE
	VALUES ("82c06f18-ae14-4d95-9351-b2eea2fa5c2b",
	"c87b2dab-d00f-4d32-a5d3-d1e5b01c9cb3",
	"00000000-0000-0000-0000-000000000000",
	'searched',
	11,
	0);
INSERT INTO SM_SEME
	VALUES ("82c06f18-ae14-4d95-9351-b2eea2fa5c2b",
	"463dc70c-f7bb-484c-8def-bd2056914139",
	"c87b2dab-d00f-4d32-a5d3-d1e5b01c9cb3",
	"00000000-0000-0000-0000-000000000000");
INSERT INTO SM_CH
	VALUES ("82c06f18-ae14-4d95-9351-b2eea2fa5c2b",
	"2113072c-9fe7-4d67-8795-583d185185c1",
	"c87b2dab-d00f-4d32-a5d3-d1e5b01c9cb3",
	"00000000-0000-0000-0000-000000000000",
	'');
INSERT INTO SM_SEME
	VALUES ("82c06f18-ae14-4d95-9351-b2eea2fa5c2b",
	"2113072c-9fe7-4d67-8795-583d185185c1",
	"c87b2dab-d00f-4d32-a5d3-d1e5b01c9cb3",
	"00000000-0000-0000-0000-000000000000");
INSERT INTO SM_CH
	VALUES ("82c06f18-ae14-4d95-9351-b2eea2fa5c2b",
	"0e59bc59-c4a8-49b6-b5c2-bd2e2de4f771",
	"c87b2dab-d00f-4d32-a5d3-d1e5b01c9cb3",
	"00000000-0000-0000-0000-000000000000",
	'');
INSERT INTO SM_SEME
	VALUES ("82c06f18-ae14-4d95-9351-b2eea2fa5c2b",
	"0e59bc59-c4a8-49b6-b5c2-bd2e2de4f771",
	"c87b2dab-d00f-4d32-a5d3-d1e5b01c9cb3",
	"00000000-0000-0000-0000-000000000000");
INSERT INTO SM_CH
	VALUES ("82c06f18-ae14-4d95-9351-b2eea2fa5c2b",
	"9a883f49-b118-47b2-880c-373bfecf9218",
	"c87b2dab-d00f-4d32-a5d3-d1e5b01c9cb3",
	"00000000-0000-0000-0000-000000000000",
	'');
INSERT INTO SM_SEME
	VALUES ("82c06f18-ae14-4d95-9351-b2eea2fa5c2b",
	"9a883f49-b118-47b2-880c-373bfecf9218",
	"c87b2dab-d00f-4d32-a5d3-d1e5b01c9cb3",
	"00000000-0000-0000-0000-000000000000");
INSERT INTO SM_CH
	VALUES ("82c06f18-ae14-4d95-9351-b2eea2fa5c2b",
	"153a511b-c927-49fe-95d5-db518898883d",
	"c87b2dab-d00f-4d32-a5d3-d1e5b01c9cb3",
	"00000000-0000-0000-0000-000000000000",
	'');
INSERT INTO SM_SEME
	VALUES ("82c06f18-ae14-4d95-9351-b2eea2fa5c2b",
	"153a511b-c927-49fe-95d5-db518898883d",
	"c87b2dab-d00f-4d32-a5d3-d1e5b01c9cb3",
	"00000000-0000-0000-0000-000000000000");
INSERT INTO SM_CH
	VALUES ("82c06f18-ae14-4d95-9351-b2eea2fa5c2b",
	"459dadf1-a920-477f-b495-f73fd93f16e7",
	"c87b2dab-d00f-4d32-a5d3-d1e5b01c9cb3",
	"00000000-0000-0000-0000-000000000000",
	'');
INSERT INTO SM_SEME
	VALUES ("82c06f18-ae14-4d95-9351-b2eea2fa5c2b",
	"459dadf1-a920-477f-b495-f73fd93f16e7",
	"c87b2dab-d00f-4d32-a5d3-d1e5b01c9cb3",
	"00000000-0000-0000-0000-000000000000");
INSERT INTO SM_CH
	VALUES ("82c06f18-ae14-4d95-9351-b2eea2fa5c2b",
	"2abc1152-f6f1-440f-8291-2896e45ba380",
	"c87b2dab-d00f-4d32-a5d3-d1e5b01c9cb3",
	"00000000-0000-0000-0000-000000000000",
	'');
INSERT INTO SM_SEME
	VALUES ("82c06f18-ae14-4d95-9351-b2eea2fa5c2b",
	"2abc1152-f6f1-440f-8291-2896e45ba380",
	"c87b2dab-d00f-4d32-a5d3-d1e5b01c9cb3",
	"00000000-0000-0000-0000-000000000000");
INSERT INTO SM_CH
	VALUES ("82c06f18-ae14-4d95-9351-b2eea2fa5c2b",
	"5d2bc261-464e-4c96-88a1-0dcf2267fd8b",
	"c87b2dab-d00f-4d32-a5d3-d1e5b01c9cb3",
	"00000000-0000-0000-0000-000000000000",
	'');
INSERT INTO SM_SEME
	VALUES ("82c06f18-ae14-4d95-9351-b2eea2fa5c2b",
	"5d2bc261-464e-4c96-88a1-0dcf2267fd8b",
	"c87b2dab-d00f-4d32-a5d3-d1e5b01c9cb3",
	"00000000-0000-0000-0000-000000000000");
INSERT INTO SM_SEME
	VALUES ("82c06f18-ae14-4d95-9351-b2eea2fa5c2b",
	"42a35ac4-7d83-4153-8c24-cc4699f29672",
	"c87b2dab-d00f-4d32-a5d3-d1e5b01c9cb3",
	"00000000-0000-0000-0000-000000000000");
INSERT INTO SM_MOAH
	VALUES ("722f9888-a7b0-46e6-a540-ffd88ecf6551",
	"c87b2dab-d00f-4d32-a5d3-d1e5b01c9cb3",
	"82c06f18-ae14-4d95-9351-b2eea2fa5c2b");
INSERT INTO SM_AH
	VALUES ("722f9888-a7b0-46e6-a540-ffd88ecf6551",
	"c87b2dab-d00f-4d32-a5d3-d1e5b01c9cb3");
INSERT INTO SM_ACT
	VALUES ("722f9888-a7b0-46e6-a540-ffd88ecf6551",
	"c87b2dab-d00f-4d32-a5d3-d1e5b01c9cb3",
	1,
	'
self.fromDate = rcvd_evt.fromDate;
self.toDate = rcvd_evt.toDate;',
	'');
INSERT INTO ACT_SAB
	VALUES ("f0b7d91e-1eac-4f94-8a94-4956c32f5029",
	"c87b2dab-d00f-4d32-a5d3-d1e5b01c9cb3",
	"722f9888-a7b0-46e6-a540-ffd88ecf6551");
INSERT INTO ACT_ACT
	VALUES ("f0b7d91e-1eac-4f94-8a94-4956c32f5029",
	'state',
	0,
	"666b2b1c-3242-4b44-aeba-edcbdbc37292",
	"00000000-0000-0000-0000-000000000000",
	0,
	'BookingSession::searched',
	"00000000-0000-0000-0000-000000000000");
INSERT INTO ACT_BLK
	VALUES ("666b2b1c-3242-4b44-aeba-edcbdbc37292",
	0,
	0,
	0,
	'',
	'',
	'',
	3,
	1,
	0,
	0,
	0,
	0,
	0,
	0,
	0,
	0,
	0,
	0,
	0,
	"f0b7d91e-1eac-4f94-8a94-4956c32f5029",
	"00000000-0000-0000-0000-000000000000");
INSERT INTO ACT_SMT
	VALUES ("1fe108bc-aefd-4d12-9351-7ff9976abdf0",
	"666b2b1c-3242-4b44-aeba-edcbdbc37292",
	"47eef722-59b8-4b72-94e4-08d2a5fc4c28",
	2,
	1,
	'BookingSession::searched line: 2');
INSERT INTO ACT_AI
	VALUES ("1fe108bc-aefd-4d12-9351-7ff9976abdf0",
	"8fc22515-75c0-4b62-8d69-53acc9e98495",
	"5554a242-73e0-49cd-95a6-ce4de757c743",
	0,
	0);
INSERT INTO ACT_SMT
	VALUES ("47eef722-59b8-4b72-94e4-08d2a5fc4c28",
	"666b2b1c-3242-4b44-aeba-edcbdbc37292",
	"00000000-0000-0000-0000-000000000000",
	3,
	1,
	'BookingSession::searched line: 3');
INSERT INTO ACT_AI
	VALUES ("47eef722-59b8-4b72-94e4-08d2a5fc4c28",
	"fc301bfb-67da-42a5-80ca-4bce1809b45a",
	"5abfb3d5-85ae-45af-bdc2-f5475d38b36c",
	0,
	0);
INSERT INTO V_VAL
	VALUES ("450b4e75-a222-4bc0-b17d-8911c5978805",
	1,
	0,
	2,
	1,
	4,
	0,
	0,
	0,
	0,
	"ba5eda7a-def5-0000-0000-000000000008",
	"666b2b1c-3242-4b44-aeba-edcbdbc37292");
INSERT INTO V_IRF
	VALUES ("450b4e75-a222-4bc0-b17d-8911c5978805",
	"3d8e4344-a9c2-454f-8e93-304c9cc3de73");
INSERT INTO V_VAL
	VALUES ("5554a242-73e0-49cd-95a6-ce4de757c743",
	1,
	0,
	2,
	6,
	13,
	0,
	0,
	0,
	0,
	"ba5eda7a-def5-0000-0000-000000000010",
	"666b2b1c-3242-4b44-aeba-edcbdbc37292");
INSERT INTO V_AVL
	VALUES ("5554a242-73e0-49cd-95a6-ce4de757c743",
	"450b4e75-a222-4bc0-b17d-8911c5978805",
	"7137c09d-ba0e-406b-b3b5-76bb3cc48f3d",
	"50bb5789-9307-47a5-82ce-5b072d408733");
INSERT INTO V_VAL
	VALUES ("8fc22515-75c0-4b62-8d69-53acc9e98495",
	0,
	0,
	2,
	26,
	33,
	0,
	0,
	0,
	0,
	"ba5eda7a-def5-0000-0000-000000000010",
	"666b2b1c-3242-4b44-aeba-edcbdbc37292");
INSERT INTO V_EDV
	VALUES ("8fc22515-75c0-4b62-8d69-53acc9e98495");
INSERT INTO V_EPR
	VALUES ("8fc22515-75c0-4b62-8d69-53acc9e98495",
	"c87b2dab-d00f-4d32-a5d3-d1e5b01c9cb3",
	"b599f39c-3ae8-47ef-af47-db13fca3f1cf",
	"00000000-0000-0000-0000-000000000000");
INSERT INTO V_EPR
	VALUES ("8fc22515-75c0-4b62-8d69-53acc9e98495",
	"c87b2dab-d00f-4d32-a5d3-d1e5b01c9cb3",
	"b599f39c-3ae8-47ef-af47-db13fca3f1cf",
	"00000000-0000-0000-0000-000000000000");
INSERT INTO V_VAL
	VALUES ("25753544-c4ad-49bb-a396-4b45b5cfbfcb",
	1,
	0,
	3,
	1,
	4,
	0,
	0,
	0,
	0,
	"ba5eda7a-def5-0000-0000-000000000008",
	"666b2b1c-3242-4b44-aeba-edcbdbc37292");
INSERT INTO V_IRF
	VALUES ("25753544-c4ad-49bb-a396-4b45b5cfbfcb",
	"3d8e4344-a9c2-454f-8e93-304c9cc3de73");
INSERT INTO V_VAL
	VALUES ("5abfb3d5-85ae-45af-bdc2-f5475d38b36c",
	1,
	0,
	3,
	6,
	11,
	0,
	0,
	0,
	0,
	"ba5eda7a-def5-0000-0000-000000000010",
	"666b2b1c-3242-4b44-aeba-edcbdbc37292");
INSERT INTO V_AVL
	VALUES ("5abfb3d5-85ae-45af-bdc2-f5475d38b36c",
	"25753544-c4ad-49bb-a396-4b45b5cfbfcb",
	"7137c09d-ba0e-406b-b3b5-76bb3cc48f3d",
	"0e9e7750-2569-4da9-a449-a53f0804aec1");
INSERT INTO V_VAL
	VALUES ("fc301bfb-67da-42a5-80ca-4bce1809b45a",
	0,
	0,
	3,
	24,
	29,
	0,
	0,
	0,
	0,
	"ba5eda7a-def5-0000-0000-000000000010",
	"666b2b1c-3242-4b44-aeba-edcbdbc37292");
INSERT INTO V_EDV
	VALUES ("fc301bfb-67da-42a5-80ca-4bce1809b45a");
INSERT INTO V_EPR
	VALUES ("fc301bfb-67da-42a5-80ca-4bce1809b45a",
	"c87b2dab-d00f-4d32-a5d3-d1e5b01c9cb3",
	"90ab0b0a-074e-482c-805b-874b479c239b",
	"00000000-0000-0000-0000-000000000000");
INSERT INTO V_EPR
	VALUES ("fc301bfb-67da-42a5-80ca-4bce1809b45a",
	"c87b2dab-d00f-4d32-a5d3-d1e5b01c9cb3",
	"90ab0b0a-074e-482c-805b-874b479c239b",
	"00000000-0000-0000-0000-000000000000");
INSERT INTO V_VAR
	VALUES ("3d8e4344-a9c2-454f-8e93-304c9cc3de73",
	"666b2b1c-3242-4b44-aeba-edcbdbc37292",
	'self',
	1,
	"ba5eda7a-def5-0000-0000-000000000008");
INSERT INTO V_INT
	VALUES ("3d8e4344-a9c2-454f-8e93-304c9cc3de73",
	0,
	"7137c09d-ba0e-406b-b3b5-76bb3cc48f3d");
INSERT INTO V_LOC
	VALUES ("e128474c-dbc1-41ab-990a-ac0e9206b921",
	2,
	1,
	4,
	"3d8e4344-a9c2-454f-8e93-304c9cc3de73");
INSERT INTO V_LOC
	VALUES ("da482660-11e8-4442-93d4-eb31479c0079",
	3,
	1,
	4,
	"3d8e4344-a9c2-454f-8e93-304c9cc3de73");
INSERT INTO SM_CRTXN
	VALUES ("9fee36df-cfe0-4663-93c6-14edffbbab94",
	"c87b2dab-d00f-4d32-a5d3-d1e5b01c9cb3",
	"00000000-0000-0000-0000-000000000000",
	"00000000-0000-0000-0000-000000000000");
INSERT INTO SM_TAH
	VALUES ("f83245d0-2eff-40c0-af32-4ff256b63f63",
	"c87b2dab-d00f-4d32-a5d3-d1e5b01c9cb3",
	"9fee36df-cfe0-4663-93c6-14edffbbab94");
INSERT INTO SM_AH
	VALUES ("f83245d0-2eff-40c0-af32-4ff256b63f63",
	"c87b2dab-d00f-4d32-a5d3-d1e5b01c9cb3");
INSERT INTO SM_ACT
	VALUES ("f83245d0-2eff-40c0-af32-4ff256b63f63",
	"c87b2dab-d00f-4d32-a5d3-d1e5b01c9cb3",
	1,
	'',
	'');
INSERT INTO ACT_TAB
	VALUES ("2f133ea6-eb13-41fc-aab1-59dbf6f3bf27",
	"c87b2dab-d00f-4d32-a5d3-d1e5b01c9cb3",
	"f83245d0-2eff-40c0-af32-4ff256b63f63");
INSERT INTO ACT_ACT
	VALUES ("2f133ea6-eb13-41fc-aab1-59dbf6f3bf27",
	'transition',
	0,
	"98b11280-f0ea-4d06-8cd9-c0773a262714",
	"00000000-0000-0000-0000-000000000000",
	0,
	'No Event Assigned',
	"00000000-0000-0000-0000-000000000000");
INSERT INTO ACT_BLK
	VALUES ("98b11280-f0ea-4d06-8cd9-c0773a262714",
	0,
	0,
	0,
	'',
	'',
	'',
	0,
	0,
	0,
	0,
	0,
	0,
	0,
	0,
	0,
	0,
	0,
	0,
	0,
	"2f133ea6-eb13-41fc-aab1-59dbf6f3bf27",
	"00000000-0000-0000-0000-000000000000");
INSERT INTO SM_TXN
	VALUES ("9fee36df-cfe0-4663-93c6-14edffbbab94",
	"c87b2dab-d00f-4d32-a5d3-d1e5b01c9cb3",
	"abba5c5c-cc80-413e-acaf-3b88d5e3c3c6",
	"00000000-0000-0000-0000-000000000000");
INSERT INTO SM_NSTXN
	VALUES ("d07c231f-e5cc-4d3e-95ac-da89a9677513",
	"c87b2dab-d00f-4d32-a5d3-d1e5b01c9cb3",
	"ec664e05-8719-4277-966f-43d8cf4e3176",
	"2113072c-9fe7-4d67-8795-583d185185c1",
	"00000000-0000-0000-0000-000000000000");
INSERT INTO SM_TAH
	VALUES ("5e4b5bf6-1f5a-4101-b8d9-776c13135615",
	"c87b2dab-d00f-4d32-a5d3-d1e5b01c9cb3",
	"d07c231f-e5cc-4d3e-95ac-da89a9677513");
INSERT INTO SM_AH
	VALUES ("5e4b5bf6-1f5a-4101-b8d9-776c13135615",
	"c87b2dab-d00f-4d32-a5d3-d1e5b01c9cb3");
INSERT INTO SM_ACT
	VALUES ("5e4b5bf6-1f5a-4101-b8d9-776c13135615",
	"c87b2dab-d00f-4d32-a5d3-d1e5b01c9cb3",
	1,
	'',
	'');
INSERT INTO ACT_TAB
	VALUES ("37ef40d3-6ab3-4d49-9b8b-df4ea68d0165",
	"c87b2dab-d00f-4d32-a5d3-d1e5b01c9cb3",
	"5e4b5bf6-1f5a-4101-b8d9-776c13135615");
INSERT INTO ACT_ACT
	VALUES ("37ef40d3-6ab3-4d49-9b8b-df4ea68d0165",
	'transition',
	0,
	"94d390bd-1ff5-4a86-975b-e90a1efb0ce6",
	"00000000-0000-0000-0000-000000000000",
	0,
	'BOOKINGSESSION2: addGuestEvent',
	"00000000-0000-0000-0000-000000000000");
INSERT INTO ACT_BLK
	VALUES ("94d390bd-1ff5-4a86-975b-e90a1efb0ce6",
	0,
	0,
	0,
	'',
	'',
	'',
	0,
	0,
	0,
	0,
	0,
	0,
	0,
	0,
	0,
	0,
	0,
	0,
	0,
	"37ef40d3-6ab3-4d49-9b8b-df4ea68d0165",
	"00000000-0000-0000-0000-000000000000");
INSERT INTO SM_TXN
	VALUES ("d07c231f-e5cc-4d3e-95ac-da89a9677513",
	"c87b2dab-d00f-4d32-a5d3-d1e5b01c9cb3",
	"0a2fd1bd-2d48-4562-b322-ca038ace3cef",
	"00000000-0000-0000-0000-000000000000");
INSERT INTO SM_NSTXN
	VALUES ("d061b9c4-6276-4144-ac29-8c55ad2337cf",
	"c87b2dab-d00f-4d32-a5d3-d1e5b01c9cb3",
	"0a2fd1bd-2d48-4562-b322-ca038ace3cef",
	"0e59bc59-c4a8-49b6-b5c2-bd2e2de4f771",
	"00000000-0000-0000-0000-000000000000");
INSERT INTO SM_TAH
	VALUES ("954b2c9c-7f5c-4a11-acab-3151c21f2e51",
	"c87b2dab-d00f-4d32-a5d3-d1e5b01c9cb3",
	"d061b9c4-6276-4144-ac29-8c55ad2337cf");
INSERT INTO SM_AH
	VALUES ("954b2c9c-7f5c-4a11-acab-3151c21f2e51",
	"c87b2dab-d00f-4d32-a5d3-d1e5b01c9cb3");
INSERT INTO SM_ACT
	VALUES ("954b2c9c-7f5c-4a11-acab-3151c21f2e51",
	"c87b2dab-d00f-4d32-a5d3-d1e5b01c9cb3",
	1,
	'',
	'');
INSERT INTO ACT_TAB
	VALUES ("4d278c13-62cb-47ae-b7ee-ca7ffc291d6f",
	"c87b2dab-d00f-4d32-a5d3-d1e5b01c9cb3",
	"954b2c9c-7f5c-4a11-acab-3151c21f2e51");
INSERT INTO ACT_ACT
	VALUES ("4d278c13-62cb-47ae-b7ee-ca7ffc291d6f",
	'transition',
	0,
	"3887274e-8fe0-449c-aad4-110a59fb1012",
	"00000000-0000-0000-0000-000000000000",
	0,
	'BOOKINGSESSION3: addServiceEvent',
	"00000000-0000-0000-0000-000000000000");
INSERT INTO ACT_BLK
	VALUES ("3887274e-8fe0-449c-aad4-110a59fb1012",
	0,
	0,
	0,
	'',
	'',
	'',
	0,
	0,
	0,
	0,
	0,
	0,
	0,
	0,
	0,
	0,
	0,
	0,
	0,
	"4d278c13-62cb-47ae-b7ee-ca7ffc291d6f",
	"00000000-0000-0000-0000-000000000000");
INSERT INTO SM_TXN
	VALUES ("d061b9c4-6276-4144-ac29-8c55ad2337cf",
	"c87b2dab-d00f-4d32-a5d3-d1e5b01c9cb3",
	"5ba9883b-4a7b-40ed-a541-d3bba232f55a",
	"00000000-0000-0000-0000-000000000000");
INSERT INTO SM_NSTXN
	VALUES ("8fa7516c-1495-49b9-bb66-14661e4ffa3a",
	"c87b2dab-d00f-4d32-a5d3-d1e5b01c9cb3",
	"0a2fd1bd-2d48-4562-b322-ca038ace3cef",
	"2113072c-9fe7-4d67-8795-583d185185c1",
	"00000000-0000-0000-0000-000000000000");
INSERT INTO SM_TAH
	VALUES ("2db25764-a9e0-45df-90f6-643801e20e10",
	"c87b2dab-d00f-4d32-a5d3-d1e5b01c9cb3",
	"8fa7516c-1495-49b9-bb66-14661e4ffa3a");
INSERT INTO SM_AH
	VALUES ("2db25764-a9e0-45df-90f6-643801e20e10",
	"c87b2dab-d00f-4d32-a5d3-d1e5b01c9cb3");
INSERT INTO SM_ACT
	VALUES ("2db25764-a9e0-45df-90f6-643801e20e10",
	"c87b2dab-d00f-4d32-a5d3-d1e5b01c9cb3",
	1,
	'',
	'');
INSERT INTO ACT_TAB
	VALUES ("403e5244-21cc-4b39-bfa9-bdcb2bd746b4",
	"c87b2dab-d00f-4d32-a5d3-d1e5b01c9cb3",
	"2db25764-a9e0-45df-90f6-643801e20e10");
INSERT INTO ACT_ACT
	VALUES ("403e5244-21cc-4b39-bfa9-bdcb2bd746b4",
	'transition',
	0,
	"d4f0e9ed-44dd-46cd-8668-2abdb0777963",
	"00000000-0000-0000-0000-000000000000",
	0,
	'BOOKINGSESSION2: addGuestEvent',
	"00000000-0000-0000-0000-000000000000");
INSERT INTO ACT_BLK
	VALUES ("d4f0e9ed-44dd-46cd-8668-2abdb0777963",
	0,
	0,
	0,
	'',
	'',
	'',
	0,
	0,
	0,
	0,
	0,
	0,
	0,
	0,
	0,
	0,
	0,
	0,
	0,
	"403e5244-21cc-4b39-bfa9-bdcb2bd746b4",
	"00000000-0000-0000-0000-000000000000");
INSERT INTO SM_TXN
	VALUES ("8fa7516c-1495-49b9-bb66-14661e4ffa3a",
	"c87b2dab-d00f-4d32-a5d3-d1e5b01c9cb3",
	"0a2fd1bd-2d48-4562-b322-ca038ace3cef",
	"00000000-0000-0000-0000-000000000000");
INSERT INTO SM_NSTXN
	VALUES ("bca5f9b2-78a7-4087-886e-1d17e5ab62a3",
	"c87b2dab-d00f-4d32-a5d3-d1e5b01c9cb3",
	"5ba9883b-4a7b-40ed-a541-d3bba232f55a",
	"0e59bc59-c4a8-49b6-b5c2-bd2e2de4f771",
	"00000000-0000-0000-0000-000000000000");
INSERT INTO SM_TAH
	VALUES ("5c1f9670-7a4c-4f01-b4e2-324d523a0e84",
	"c87b2dab-d00f-4d32-a5d3-d1e5b01c9cb3",
	"bca5f9b2-78a7-4087-886e-1d17e5ab62a3");
INSERT INTO SM_AH
	VALUES ("5c1f9670-7a4c-4f01-b4e2-324d523a0e84",
	"c87b2dab-d00f-4d32-a5d3-d1e5b01c9cb3");
INSERT INTO SM_ACT
	VALUES ("5c1f9670-7a4c-4f01-b4e2-324d523a0e84",
	"c87b2dab-d00f-4d32-a5d3-d1e5b01c9cb3",
	1,
	'',
	'');
INSERT INTO ACT_TAB
	VALUES ("1c9084ca-07cc-45ff-b3b7-d77dc2315923",
	"c87b2dab-d00f-4d32-a5d3-d1e5b01c9cb3",
	"5c1f9670-7a4c-4f01-b4e2-324d523a0e84");
INSERT INTO ACT_ACT
	VALUES ("1c9084ca-07cc-45ff-b3b7-d77dc2315923",
	'transition',
	0,
	"2a5f776f-c5b4-47eb-9f0b-0dcc7696fa2f",
	"00000000-0000-0000-0000-000000000000",
	0,
	'BOOKINGSESSION3: addServiceEvent',
	"00000000-0000-0000-0000-000000000000");
INSERT INTO ACT_BLK
	VALUES ("2a5f776f-c5b4-47eb-9f0b-0dcc7696fa2f",
	0,
	0,
	0,
	'',
	'',
	'',
	0,
	0,
	0,
	0,
	0,
	0,
	0,
	0,
	0,
	0,
	0,
	0,
	0,
	"1c9084ca-07cc-45ff-b3b7-d77dc2315923",
	"00000000-0000-0000-0000-000000000000");
INSERT INTO SM_TXN
	VALUES ("bca5f9b2-78a7-4087-886e-1d17e5ab62a3",
	"c87b2dab-d00f-4d32-a5d3-d1e5b01c9cb3",
	"5ba9883b-4a7b-40ed-a541-d3bba232f55a",
	"00000000-0000-0000-0000-000000000000");
INSERT INTO SM_NSTXN
	VALUES ("a824f355-940c-4185-aca4-ab6b81f07db6",
	"c87b2dab-d00f-4d32-a5d3-d1e5b01c9cb3",
	"5ba9883b-4a7b-40ed-a541-d3bba232f55a",
	"9a883f49-b118-47b2-880c-373bfecf9218",
	"00000000-0000-0000-0000-000000000000");
INSERT INTO SM_TAH
	VALUES ("92b379a3-161a-4907-869b-d3cce8eba8ed",
	"c87b2dab-d00f-4d32-a5d3-d1e5b01c9cb3",
	"a824f355-940c-4185-aca4-ab6b81f07db6");
INSERT INTO SM_AH
	VALUES ("92b379a3-161a-4907-869b-d3cce8eba8ed",
	"c87b2dab-d00f-4d32-a5d3-d1e5b01c9cb3");
INSERT INTO SM_ACT
	VALUES ("92b379a3-161a-4907-869b-d3cce8eba8ed",
	"c87b2dab-d00f-4d32-a5d3-d1e5b01c9cb3",
	1,
	'',
	'');
INSERT INTO ACT_TAB
	VALUES ("53e5ca7c-880a-4d43-aeaf-37eef450d345",
	"c87b2dab-d00f-4d32-a5d3-d1e5b01c9cb3",
	"92b379a3-161a-4907-869b-d3cce8eba8ed");
INSERT INTO ACT_ACT
	VALUES ("53e5ca7c-880a-4d43-aeaf-37eef450d345",
	'transition',
	0,
	"3762e7bc-60e2-46de-b639-5ca3a60639c9",
	"00000000-0000-0000-0000-000000000000",
	0,
	'BOOKINGSESSION4: confirmEvent',
	"00000000-0000-0000-0000-000000000000");
INSERT INTO ACT_BLK
	VALUES ("3762e7bc-60e2-46de-b639-5ca3a60639c9",
	0,
	0,
	0,
	'',
	'',
	'',
	0,
	0,
	0,
	0,
	0,
	0,
	0,
	0,
	0,
	0,
	0,
	0,
	0,
	"53e5ca7c-880a-4d43-aeaf-37eef450d345",
	"00000000-0000-0000-0000-000000000000");
INSERT INTO SM_TXN
	VALUES ("a824f355-940c-4185-aca4-ab6b81f07db6",
	"c87b2dab-d00f-4d32-a5d3-d1e5b01c9cb3",
	"2f872649-fe94-4f31-b88d-635a7e02ac36",
	"00000000-0000-0000-0000-000000000000");
INSERT INTO SM_NSTXN
	VALUES ("4e570a7c-9b19-4e01-9d88-fd0ebc5b4afa",
	"c87b2dab-d00f-4d32-a5d3-d1e5b01c9cb3",
	"0a2fd1bd-2d48-4562-b322-ca038ace3cef",
	"9a883f49-b118-47b2-880c-373bfecf9218",
	"00000000-0000-0000-0000-000000000000");
INSERT INTO SM_TAH
	VALUES ("bd7743ec-5b90-4217-828f-f1f93b04b228",
	"c87b2dab-d00f-4d32-a5d3-d1e5b01c9cb3",
	"4e570a7c-9b19-4e01-9d88-fd0ebc5b4afa");
INSERT INTO SM_AH
	VALUES ("bd7743ec-5b90-4217-828f-f1f93b04b228",
	"c87b2dab-d00f-4d32-a5d3-d1e5b01c9cb3");
INSERT INTO SM_ACT
	VALUES ("bd7743ec-5b90-4217-828f-f1f93b04b228",
	"c87b2dab-d00f-4d32-a5d3-d1e5b01c9cb3",
	1,
	'',
	'');
INSERT INTO ACT_TAB
	VALUES ("b41a5edb-591c-4fad-93e9-e68866589afc",
	"c87b2dab-d00f-4d32-a5d3-d1e5b01c9cb3",
	"bd7743ec-5b90-4217-828f-f1f93b04b228");
INSERT INTO ACT_ACT
	VALUES ("b41a5edb-591c-4fad-93e9-e68866589afc",
	'transition',
	0,
	"89181f48-d230-44f3-b0a4-6782e943f23b",
	"00000000-0000-0000-0000-000000000000",
	0,
	'BOOKINGSESSION4: confirmEvent',
	"00000000-0000-0000-0000-000000000000");
INSERT INTO ACT_BLK
	VALUES ("89181f48-d230-44f3-b0a4-6782e943f23b",
	0,
	0,
	0,
	'',
	'',
	'',
	0,
	0,
	0,
	0,
	0,
	0,
	0,
	0,
	0,
	0,
	0,
	0,
	0,
	"b41a5edb-591c-4fad-93e9-e68866589afc",
	"00000000-0000-0000-0000-000000000000");
INSERT INTO SM_TXN
	VALUES ("4e570a7c-9b19-4e01-9d88-fd0ebc5b4afa",
	"c87b2dab-d00f-4d32-a5d3-d1e5b01c9cb3",
	"2f872649-fe94-4f31-b88d-635a7e02ac36",
	"00000000-0000-0000-0000-000000000000");
INSERT INTO SM_NSTXN
	VALUES ("7772ee11-1a82-4b38-b3ff-70fc22c6c75c",
	"c87b2dab-d00f-4d32-a5d3-d1e5b01c9cb3",
	"2f872649-fe94-4f31-b88d-635a7e02ac36",
	"153a511b-c927-49fe-95d5-db518898883d",
	"00000000-0000-0000-0000-000000000000");
INSERT INTO SM_TAH
	VALUES ("c038f923-d335-408d-9921-3bd3ba021585",
	"c87b2dab-d00f-4d32-a5d3-d1e5b01c9cb3",
	"7772ee11-1a82-4b38-b3ff-70fc22c6c75c");
INSERT INTO SM_AH
	VALUES ("c038f923-d335-408d-9921-3bd3ba021585",
	"c87b2dab-d00f-4d32-a5d3-d1e5b01c9cb3");
INSERT INTO SM_ACT
	VALUES ("c038f923-d335-408d-9921-3bd3ba021585",
	"c87b2dab-d00f-4d32-a5d3-d1e5b01c9cb3",
	1,
	'',
	'');
INSERT INTO ACT_TAB
	VALUES ("da6adbd7-3f3f-4fa9-b020-b95006603adf",
	"c87b2dab-d00f-4d32-a5d3-d1e5b01c9cb3",
	"c038f923-d335-408d-9921-3bd3ba021585");
INSERT INTO ACT_ACT
	VALUES ("da6adbd7-3f3f-4fa9-b020-b95006603adf",
	'transition',
	0,
	"e7eba599-3055-4901-a6c1-48f7638aafab",
	"00000000-0000-0000-0000-000000000000",
	0,
	'BOOKINGSESSION5: customerDetailsEvent',
	"00000000-0000-0000-0000-000000000000");
INSERT INTO ACT_BLK
	VALUES ("e7eba599-3055-4901-a6c1-48f7638aafab",
	0,
	0,
	0,
	'',
	'',
	'',
	0,
	0,
	0,
	0,
	0,
	0,
	0,
	0,
	0,
	0,
	0,
	0,
	0,
	"da6adbd7-3f3f-4fa9-b020-b95006603adf",
	"00000000-0000-0000-0000-000000000000");
INSERT INTO SM_TXN
	VALUES ("7772ee11-1a82-4b38-b3ff-70fc22c6c75c",
	"c87b2dab-d00f-4d32-a5d3-d1e5b01c9cb3",
	"379a455a-c9de-4de3-9d42-47151db4b5c1",
	"00000000-0000-0000-0000-000000000000");
INSERT INTO SM_NSTXN
	VALUES ("07e5917f-d314-4987-a2de-cd5ccc16bffb",
	"c87b2dab-d00f-4d32-a5d3-d1e5b01c9cb3",
	"379a455a-c9de-4de3-9d42-47151db4b5c1",
	"459dadf1-a920-477f-b495-f73fd93f16e7",
	"00000000-0000-0000-0000-000000000000");
INSERT INTO SM_TAH
	VALUES ("70af8250-2e39-45f2-913a-19033c5f505b",
	"c87b2dab-d00f-4d32-a5d3-d1e5b01c9cb3",
	"07e5917f-d314-4987-a2de-cd5ccc16bffb");
INSERT INTO SM_AH
	VALUES ("70af8250-2e39-45f2-913a-19033c5f505b",
	"c87b2dab-d00f-4d32-a5d3-d1e5b01c9cb3");
INSERT INTO SM_ACT
	VALUES ("70af8250-2e39-45f2-913a-19033c5f505b",
	"c87b2dab-d00f-4d32-a5d3-d1e5b01c9cb3",
	1,
	'',
	'');
INSERT INTO ACT_TAB
	VALUES ("20eedd0f-ece2-428a-a2e8-83be2263149b",
	"c87b2dab-d00f-4d32-a5d3-d1e5b01c9cb3",
	"70af8250-2e39-45f2-913a-19033c5f505b");
INSERT INTO ACT_ACT
	VALUES ("20eedd0f-ece2-428a-a2e8-83be2263149b",
	'transition',
	0,
	"60d98125-a00f-4cce-9f57-15abe81b9fef",
	"00000000-0000-0000-0000-000000000000",
	0,
	'BOOKINGSESSION6: paymentInfoEvent',
	"00000000-0000-0000-0000-000000000000");
INSERT INTO ACT_BLK
	VALUES ("60d98125-a00f-4cce-9f57-15abe81b9fef",
	0,
	0,
	0,
	'',
	'',
	'',
	0,
	0,
	0,
	0,
	0,
	0,
	0,
	0,
	0,
	0,
	0,
	0,
	0,
	"20eedd0f-ece2-428a-a2e8-83be2263149b",
	"00000000-0000-0000-0000-000000000000");
INSERT INTO SM_TXN
	VALUES ("07e5917f-d314-4987-a2de-cd5ccc16bffb",
	"c87b2dab-d00f-4d32-a5d3-d1e5b01c9cb3",
	"16b76ff7-c8d4-4f88-81c4-f6f0a7d93a90",
	"00000000-0000-0000-0000-000000000000");
INSERT INTO SM_NSTXN
	VALUES ("ce040e31-907f-4748-bd3a-a580e86be93f",
	"c87b2dab-d00f-4d32-a5d3-d1e5b01c9cb3",
	"16b76ff7-c8d4-4f88-81c4-f6f0a7d93a90",
	"2abc1152-f6f1-440f-8291-2896e45ba380",
	"00000000-0000-0000-0000-000000000000");
INSERT INTO SM_TAH
	VALUES ("bbe798a5-8b5f-4a30-9a80-23aa2e593954",
	"c87b2dab-d00f-4d32-a5d3-d1e5b01c9cb3",
	"ce040e31-907f-4748-bd3a-a580e86be93f");
INSERT INTO SM_AH
	VALUES ("bbe798a5-8b5f-4a30-9a80-23aa2e593954",
	"c87b2dab-d00f-4d32-a5d3-d1e5b01c9cb3");
INSERT INTO SM_ACT
	VALUES ("bbe798a5-8b5f-4a30-9a80-23aa2e593954",
	"c87b2dab-d00f-4d32-a5d3-d1e5b01c9cb3",
	1,
	'',
	'');
INSERT INTO ACT_TAB
	VALUES ("b1adc8b5-170d-4fcd-a8d2-58bef94abcea",
	"c87b2dab-d00f-4d32-a5d3-d1e5b01c9cb3",
	"bbe798a5-8b5f-4a30-9a80-23aa2e593954");
INSERT INTO ACT_ACT
	VALUES ("b1adc8b5-170d-4fcd-a8d2-58bef94abcea",
	'transition',
	0,
	"d9a46b95-5645-4732-9471-c1ca85f5a77f",
	"00000000-0000-0000-0000-000000000000",
	0,
	'BOOKINGSESSION7: paymentConfirmedEvent',
	"00000000-0000-0000-0000-000000000000");
INSERT INTO ACT_BLK
	VALUES ("d9a46b95-5645-4732-9471-c1ca85f5a77f",
	0,
	0,
	0,
	'',
	'',
	'',
	0,
	0,
	0,
	0,
	0,
	0,
	0,
	0,
	0,
	0,
	0,
	0,
	0,
	"b1adc8b5-170d-4fcd-a8d2-58bef94abcea",
	"00000000-0000-0000-0000-000000000000");
INSERT INTO SM_TXN
	VALUES ("ce040e31-907f-4748-bd3a-a580e86be93f",
	"c87b2dab-d00f-4d32-a5d3-d1e5b01c9cb3",
	"72fee477-0c93-4c4b-a7f5-91fc26b56a7c",
	"00000000-0000-0000-0000-000000000000");
INSERT INTO SM_NSTXN
	VALUES ("580ba611-db2b-4fe4-8f5b-cb5fdab70ba2",
	"c87b2dab-d00f-4d32-a5d3-d1e5b01c9cb3",
	"72fee477-0c93-4c4b-a7f5-91fc26b56a7c",
	"9a883f49-b118-47b2-880c-373bfecf9218",
	"00000000-0000-0000-0000-000000000000");
INSERT INTO SM_TAH
	VALUES ("4502ef61-4af2-442a-a088-8a6f6b5ca707",
	"c87b2dab-d00f-4d32-a5d3-d1e5b01c9cb3",
	"580ba611-db2b-4fe4-8f5b-cb5fdab70ba2");
INSERT INTO SM_AH
	VALUES ("4502ef61-4af2-442a-a088-8a6f6b5ca707",
	"c87b2dab-d00f-4d32-a5d3-d1e5b01c9cb3");
INSERT INTO SM_ACT
	VALUES ("4502ef61-4af2-442a-a088-8a6f6b5ca707",
	"c87b2dab-d00f-4d32-a5d3-d1e5b01c9cb3",
	1,
	'',
	'');
INSERT INTO ACT_TAB
	VALUES ("c728c462-a98e-4c81-8c56-c5dd2682f048",
	"c87b2dab-d00f-4d32-a5d3-d1e5b01c9cb3",
	"4502ef61-4af2-442a-a088-8a6f6b5ca707");
INSERT INTO ACT_ACT
	VALUES ("c728c462-a98e-4c81-8c56-c5dd2682f048",
	'transition',
	0,
	"285bfb69-70e1-48aa-b04d-deb855c9fc3c",
	"00000000-0000-0000-0000-000000000000",
	0,
	'BOOKINGSESSION4: confirmEvent',
	"00000000-0000-0000-0000-000000000000");
INSERT INTO ACT_BLK
	VALUES ("285bfb69-70e1-48aa-b04d-deb855c9fc3c",
	0,
	0,
	0,
	'',
	'',
	'',
	0,
	0,
	0,
	0,
	0,
	0,
	0,
	0,
	0,
	0,
	0,
	0,
	0,
	"c728c462-a98e-4c81-8c56-c5dd2682f048",
	"00000000-0000-0000-0000-000000000000");
INSERT INTO SM_TXN
	VALUES ("580ba611-db2b-4fe4-8f5b-cb5fdab70ba2",
	"c87b2dab-d00f-4d32-a5d3-d1e5b01c9cb3",
	"c19dec2f-8b92-4dea-8ea8-e41ae60a6aa4",
	"00000000-0000-0000-0000-000000000000");
INSERT INTO SM_NSTXN
	VALUES ("d7bba8e9-9132-4c23-8001-1f6d4c35dce3",
	"c87b2dab-d00f-4d32-a5d3-d1e5b01c9cb3",
	"72fee477-0c93-4c4b-a7f5-91fc26b56a7c",
	"5d2bc261-464e-4c96-88a1-0dcf2267fd8b",
	"00000000-0000-0000-0000-000000000000");
INSERT INTO SM_TAH
	VALUES ("0cc5fd5d-78d3-43df-82b9-4ff8797f6f75",
	"c87b2dab-d00f-4d32-a5d3-d1e5b01c9cb3",
	"d7bba8e9-9132-4c23-8001-1f6d4c35dce3");
INSERT INTO SM_AH
	VALUES ("0cc5fd5d-78d3-43df-82b9-4ff8797f6f75",
	"c87b2dab-d00f-4d32-a5d3-d1e5b01c9cb3");
INSERT INTO SM_ACT
	VALUES ("0cc5fd5d-78d3-43df-82b9-4ff8797f6f75",
	"c87b2dab-d00f-4d32-a5d3-d1e5b01c9cb3",
	1,
	'',
	'');
INSERT INTO ACT_TAB
	VALUES ("622efe10-51fd-4505-842b-05a73d3165a7",
	"c87b2dab-d00f-4d32-a5d3-d1e5b01c9cb3",
	"0cc5fd5d-78d3-43df-82b9-4ff8797f6f75");
INSERT INTO ACT_ACT
	VALUES ("622efe10-51fd-4505-842b-05a73d3165a7",
	'transition',
	0,
	"d3ddc6cf-e08c-4089-9b5c-5812dfc48ed9",
	"00000000-0000-0000-0000-000000000000",
	0,
	'BOOKINGSESSION8: cancelEvent',
	"00000000-0000-0000-0000-000000000000");
INSERT INTO ACT_BLK
	VALUES ("d3ddc6cf-e08c-4089-9b5c-5812dfc48ed9",
	0,
	0,
	0,
	'',
	'',
	'',
	0,
	0,
	0,
	0,
	0,
	0,
	0,
	0,
	0,
	0,
	0,
	0,
	0,
	"622efe10-51fd-4505-842b-05a73d3165a7",
	"00000000-0000-0000-0000-000000000000");
INSERT INTO SM_TXN
	VALUES ("d7bba8e9-9132-4c23-8001-1f6d4c35dce3",
	"c87b2dab-d00f-4d32-a5d3-d1e5b01c9cb3",
	"4aecb993-a30f-4e82-ae57-ca7b870f160e",
	"00000000-0000-0000-0000-000000000000");
INSERT INTO SM_NSTXN
	VALUES ("9def0dcb-a7de-410e-8a24-04d98a5006a1",
	"c87b2dab-d00f-4d32-a5d3-d1e5b01c9cb3",
	"2f872649-fe94-4f31-b88d-635a7e02ac36",
	"463dc70c-f7bb-484c-8def-bd2056914139",
	"00000000-0000-0000-0000-000000000000");
INSERT INTO SM_TAH
	VALUES ("5503c25c-8933-4dd4-875b-836fb1e2f6d4",
	"c87b2dab-d00f-4d32-a5d3-d1e5b01c9cb3",
	"9def0dcb-a7de-410e-8a24-04d98a5006a1");
INSERT INTO SM_AH
	VALUES ("5503c25c-8933-4dd4-875b-836fb1e2f6d4",
	"c87b2dab-d00f-4d32-a5d3-d1e5b01c9cb3");
INSERT INTO SM_ACT
	VALUES ("5503c25c-8933-4dd4-875b-836fb1e2f6d4",
	"c87b2dab-d00f-4d32-a5d3-d1e5b01c9cb3",
	1,
	'',
	'');
INSERT INTO ACT_TAB
	VALUES ("18278425-57a7-46e3-b8e1-911ba85bd903",
	"c87b2dab-d00f-4d32-a5d3-d1e5b01c9cb3",
	"5503c25c-8933-4dd4-875b-836fb1e2f6d4");
INSERT INTO ACT_ACT
	VALUES ("18278425-57a7-46e3-b8e1-911ba85bd903",
	'transition',
	0,
	"c0e3ca46-399f-471e-b2f0-b066d70ed5a0",
	"00000000-0000-0000-0000-000000000000",
	0,
	'BOOKINGSESSION1: selectEvent',
	"00000000-0000-0000-0000-000000000000");
INSERT INTO ACT_BLK
	VALUES ("c0e3ca46-399f-471e-b2f0-b066d70ed5a0",
	0,
	0,
	0,
	'',
	'',
	'',
	0,
	0,
	0,
	0,
	0,
	0,
	0,
	0,
	0,
	0,
	0,
	0,
	0,
	"18278425-57a7-46e3-b8e1-911ba85bd903",
	"00000000-0000-0000-0000-000000000000");
INSERT INTO SM_TXN
	VALUES ("9def0dcb-a7de-410e-8a24-04d98a5006a1",
	"c87b2dab-d00f-4d32-a5d3-d1e5b01c9cb3",
	"ec664e05-8719-4277-966f-43d8cf4e3176",
	"00000000-0000-0000-0000-000000000000");
INSERT INTO SM_NSTXN
	VALUES ("d0e26d94-bf1a-45d3-bdb1-e0f3d6f32599",
	"c87b2dab-d00f-4d32-a5d3-d1e5b01c9cb3",
	"82c06f18-ae14-4d95-9351-b2eea2fa5c2b",
	"463dc70c-f7bb-484c-8def-bd2056914139",
	"00000000-0000-0000-0000-000000000000");
INSERT INTO SM_TAH
	VALUES ("3bd450a6-95b5-47e3-8fab-3cc0e8e69f16",
	"c87b2dab-d00f-4d32-a5d3-d1e5b01c9cb3",
	"d0e26d94-bf1a-45d3-bdb1-e0f3d6f32599");
INSERT INTO SM_AH
	VALUES ("3bd450a6-95b5-47e3-8fab-3cc0e8e69f16",
	"c87b2dab-d00f-4d32-a5d3-d1e5b01c9cb3");
INSERT INTO SM_ACT
	VALUES ("3bd450a6-95b5-47e3-8fab-3cc0e8e69f16",
	"c87b2dab-d00f-4d32-a5d3-d1e5b01c9cb3",
	1,
	'',
	'');
INSERT INTO ACT_TAB
	VALUES ("aed7bb74-1f68-4896-8773-498c266f9581",
	"c87b2dab-d00f-4d32-a5d3-d1e5b01c9cb3",
	"3bd450a6-95b5-47e3-8fab-3cc0e8e69f16");
INSERT INTO ACT_ACT
	VALUES ("aed7bb74-1f68-4896-8773-498c266f9581",
	'transition',
	0,
	"ea876a5a-e1c9-4caf-ae63-6d8127fe4a37",
	"00000000-0000-0000-0000-000000000000",
	0,
	'BOOKINGSESSION1: selectEvent',
	"00000000-0000-0000-0000-000000000000");
INSERT INTO ACT_BLK
	VALUES ("ea876a5a-e1c9-4caf-ae63-6d8127fe4a37",
	0,
	0,
	0,
	'',
	'',
	'',
	0,
	0,
	0,
	0,
	0,
	0,
	0,
	0,
	0,
	0,
	0,
	0,
	0,
	"aed7bb74-1f68-4896-8773-498c266f9581",
	"00000000-0000-0000-0000-000000000000");
INSERT INTO SM_TXN
	VALUES ("d0e26d94-bf1a-45d3-bdb1-e0f3d6f32599",
	"c87b2dab-d00f-4d32-a5d3-d1e5b01c9cb3",
	"ec664e05-8719-4277-966f-43d8cf4e3176",
	"00000000-0000-0000-0000-000000000000");
INSERT INTO SM_NSTXN
	VALUES ("7d4f2898-2a1d-43e2-8766-ef1ea1383482",
	"c87b2dab-d00f-4d32-a5d3-d1e5b01c9cb3",
	"abba5c5c-cc80-413e-acaf-3b88d5e3c3c6",
	"42a35ac4-7d83-4153-8c24-cc4699f29672",
	"00000000-0000-0000-0000-000000000000");
INSERT INTO SM_TAH
	VALUES ("dde59609-4671-4f2b-8912-b12f1fb8543a",
	"c87b2dab-d00f-4d32-a5d3-d1e5b01c9cb3",
	"7d4f2898-2a1d-43e2-8766-ef1ea1383482");
INSERT INTO SM_AH
	VALUES ("dde59609-4671-4f2b-8912-b12f1fb8543a",
	"c87b2dab-d00f-4d32-a5d3-d1e5b01c9cb3");
INSERT INTO SM_ACT
	VALUES ("dde59609-4671-4f2b-8912-b12f1fb8543a",
	"c87b2dab-d00f-4d32-a5d3-d1e5b01c9cb3",
	1,
	'',
	'');
INSERT INTO ACT_TAB
	VALUES ("a70dc01b-50cb-4c26-880c-711683d01282",
	"c87b2dab-d00f-4d32-a5d3-d1e5b01c9cb3",
	"dde59609-4671-4f2b-8912-b12f1fb8543a");
INSERT INTO ACT_ACT
	VALUES ("a70dc01b-50cb-4c26-880c-711683d01282",
	'transition',
	0,
	"cd1821a8-a91f-48b8-b425-c6e897500011",
	"00000000-0000-0000-0000-000000000000",
	0,
	'BOOKINGSESSION9: searchEvent',
	"00000000-0000-0000-0000-000000000000");
INSERT INTO ACT_BLK
	VALUES ("cd1821a8-a91f-48b8-b425-c6e897500011",
	0,
	0,
	0,
	'',
	'',
	'',
	0,
	0,
	0,
	0,
	0,
	0,
	0,
	0,
	0,
	0,
	0,
	0,
	0,
	"a70dc01b-50cb-4c26-880c-711683d01282",
	"00000000-0000-0000-0000-000000000000");
INSERT INTO SM_TXN
	VALUES ("7d4f2898-2a1d-43e2-8766-ef1ea1383482",
	"c87b2dab-d00f-4d32-a5d3-d1e5b01c9cb3",
	"82c06f18-ae14-4d95-9351-b2eea2fa5c2b",
	"00000000-0000-0000-0000-000000000000");
INSERT INTO SM_NSTXN
	VALUES ("989444bb-d541-46e0-8153-6a2b76aada74",
	"c87b2dab-d00f-4d32-a5d3-d1e5b01c9cb3",
	"2f872649-fe94-4f31-b88d-635a7e02ac36",
	"42a35ac4-7d83-4153-8c24-cc4699f29672",
	"00000000-0000-0000-0000-000000000000");
INSERT INTO SM_TAH
	VALUES ("ab4fad15-d1e3-4102-bfbc-dfa7fca520dc",
	"c87b2dab-d00f-4d32-a5d3-d1e5b01c9cb3",
	"989444bb-d541-46e0-8153-6a2b76aada74");
INSERT INTO SM_AH
	VALUES ("ab4fad15-d1e3-4102-bfbc-dfa7fca520dc",
	"c87b2dab-d00f-4d32-a5d3-d1e5b01c9cb3");
INSERT INTO SM_ACT
	VALUES ("ab4fad15-d1e3-4102-bfbc-dfa7fca520dc",
	"c87b2dab-d00f-4d32-a5d3-d1e5b01c9cb3",
	1,
	'',
	'');
INSERT INTO ACT_TAB
	VALUES ("33a3b530-3feb-461d-a3d7-2964d4766376",
	"c87b2dab-d00f-4d32-a5d3-d1e5b01c9cb3",
	"ab4fad15-d1e3-4102-bfbc-dfa7fca520dc");
INSERT INTO ACT_ACT
	VALUES ("33a3b530-3feb-461d-a3d7-2964d4766376",
	'transition',
	0,
	"6adfeaa2-fda1-4f63-a3a4-0457366af2de",
	"00000000-0000-0000-0000-000000000000",
	0,
	'BOOKINGSESSION9: searchEvent',
	"00000000-0000-0000-0000-000000000000");
INSERT INTO ACT_BLK
	VALUES ("6adfeaa2-fda1-4f63-a3a4-0457366af2de",
	0,
	0,
	0,
	'',
	'',
	'',
	0,
	0,
	0,
	0,
	0,
	0,
	0,
	0,
	0,
	0,
	0,
	0,
	0,
	"33a3b530-3feb-461d-a3d7-2964d4766376",
	"00000000-0000-0000-0000-000000000000");
INSERT INTO SM_TXN
	VALUES ("989444bb-d541-46e0-8153-6a2b76aada74",
	"c87b2dab-d00f-4d32-a5d3-d1e5b01c9cb3",
	"2f872649-fe94-4f31-b88d-635a7e02ac36",
	"00000000-0000-0000-0000-000000000000");
INSERT INTO SM_NSTXN
	VALUES ("58d246cd-d443-4fb0-8ac7-fd9123a35c23",
	"c87b2dab-d00f-4d32-a5d3-d1e5b01c9cb3",
	"82c06f18-ae14-4d95-9351-b2eea2fa5c2b",
	"42a35ac4-7d83-4153-8c24-cc4699f29672",
	"00000000-0000-0000-0000-000000000000");
INSERT INTO SM_TAH
	VALUES ("c95fdfb0-398f-43ec-9b84-c1134dd792d7",
	"c87b2dab-d00f-4d32-a5d3-d1e5b01c9cb3",
	"58d246cd-d443-4fb0-8ac7-fd9123a35c23");
INSERT INTO SM_AH
	VALUES ("c95fdfb0-398f-43ec-9b84-c1134dd792d7",
	"c87b2dab-d00f-4d32-a5d3-d1e5b01c9cb3");
INSERT INTO SM_ACT
	VALUES ("c95fdfb0-398f-43ec-9b84-c1134dd792d7",
	"c87b2dab-d00f-4d32-a5d3-d1e5b01c9cb3",
	1,
	'',
	'');
INSERT INTO ACT_TAB
	VALUES ("3cbe9913-f635-4759-aa87-9447c3c2ed40",
	"c87b2dab-d00f-4d32-a5d3-d1e5b01c9cb3",
	"c95fdfb0-398f-43ec-9b84-c1134dd792d7");
INSERT INTO ACT_ACT
	VALUES ("3cbe9913-f635-4759-aa87-9447c3c2ed40",
	'transition',
	0,
	"8ba61dd0-cd48-4e9a-9c05-c1fbd5616ee2",
	"00000000-0000-0000-0000-000000000000",
	0,
	'BOOKINGSESSION9: searchEvent',
	"00000000-0000-0000-0000-000000000000");
INSERT INTO ACT_BLK
	VALUES ("8ba61dd0-cd48-4e9a-9c05-c1fbd5616ee2",
	0,
	0,
	0,
	'',
	'',
	'',
	0,
	0,
	0,
	0,
	0,
	0,
	0,
	0,
	0,
	0,
	0,
	0,
	0,
	"3cbe9913-f635-4759-aa87-9447c3c2ed40",
	"00000000-0000-0000-0000-000000000000");
INSERT INTO SM_TXN
	VALUES ("58d246cd-d443-4fb0-8ac7-fd9123a35c23",
	"c87b2dab-d00f-4d32-a5d3-d1e5b01c9cb3",
	"82c06f18-ae14-4d95-9351-b2eea2fa5c2b",
	"00000000-0000-0000-0000-000000000000");
INSERT INTO SM_ASM
	VALUES ("1cceaf51-6f2a-4dbc-806e-afb09371f60a",
	"7137c09d-ba0e-406b-b3b5-76bb3cc48f3d");
INSERT INTO SM_SM
	VALUES ("1cceaf51-6f2a-4dbc-806e-afb09371f60a",
	'',
	0);
INSERT INTO SM_MOORE
	VALUES ("1cceaf51-6f2a-4dbc-806e-afb09371f60a");
INSERT INTO SM_LEVT
	VALUES ("6a869ce9-b6a6-41ca-a021-ce5c93e3f8f5",
	"1cceaf51-6f2a-4dbc-806e-afb09371f60a",
	"00000000-0000-0000-0000-000000000000");
INSERT INTO SM_SEVT
	VALUES ("6a869ce9-b6a6-41ca-a021-ce5c93e3f8f5",
	"1cceaf51-6f2a-4dbc-806e-afb09371f60a",
	"00000000-0000-0000-0000-000000000000");
INSERT INTO SM_EVT
	VALUES ("6a869ce9-b6a6-41ca-a021-ce5c93e3f8f5",
	"1cceaf51-6f2a-4dbc-806e-afb09371f60a",
	"00000000-0000-0000-0000-000000000000",
	1,
	'requestSessionEvent',
	0,
	'',
	'BOOKINGSESSION_A1',
	'');
INSERT INTO SM_STATE
	VALUES ("41cae87c-efc9-4d47-82ed-23030b389384",
	"1cceaf51-6f2a-4dbc-806e-afb09371f60a",
	"00000000-0000-0000-0000-000000000000",
	'Standby',
	1,
	0);
INSERT INTO SM_CH
	VALUES ("41cae87c-efc9-4d47-82ed-23030b389384",
	"6a869ce9-b6a6-41ca-a021-ce5c93e3f8f5",
	"1cceaf51-6f2a-4dbc-806e-afb09371f60a",
	"00000000-0000-0000-0000-000000000000",
	'');
INSERT INTO SM_SEME
	VALUES ("41cae87c-efc9-4d47-82ed-23030b389384",
	"6a869ce9-b6a6-41ca-a021-ce5c93e3f8f5",
	"1cceaf51-6f2a-4dbc-806e-afb09371f60a",
	"00000000-0000-0000-0000-000000000000");
INSERT INTO SM_MOAH
	VALUES ("45ab631e-8185-492b-b854-b894e9f7cb06",
	"1cceaf51-6f2a-4dbc-806e-afb09371f60a",
	"41cae87c-efc9-4d47-82ed-23030b389384");
INSERT INTO SM_AH
	VALUES ("45ab631e-8185-492b-b854-b894e9f7cb06",
	"1cceaf51-6f2a-4dbc-806e-afb09371f60a");
INSERT INTO SM_ACT
	VALUES ("45ab631e-8185-492b-b854-b894e9f7cb06",
	"1cceaf51-6f2a-4dbc-806e-afb09371f60a",
	1,
	'',
	'');
INSERT INTO ACT_SAB
	VALUES ("edf084d4-94f7-410d-aa06-bfc4c9acccef",
	"1cceaf51-6f2a-4dbc-806e-afb09371f60a",
	"45ab631e-8185-492b-b854-b894e9f7cb06");
INSERT INTO ACT_ACT
	VALUES ("edf084d4-94f7-410d-aa06-bfc4c9acccef",
	'class state',
	0,
	"3366a4a8-4df3-43db-bd26-8ace06eeeedb",
	"00000000-0000-0000-0000-000000000000",
	0,
	'BookingSession::Standby',
	"00000000-0000-0000-0000-000000000000");
INSERT INTO ACT_BLK
	VALUES ("3366a4a8-4df3-43db-bd26-8ace06eeeedb",
	0,
	0,
	0,
	'',
	'',
	'',
	0,
	0,
	0,
	0,
	0,
	0,
	0,
	0,
	0,
	0,
	0,
	0,
	0,
	"edf084d4-94f7-410d-aa06-bfc4c9acccef",
	"00000000-0000-0000-0000-000000000000");
INSERT INTO PE_PE
	VALUES ("80f12c98-ccb7-4bab-acab-351f7970a5eb",
	1,
	"960454f9-cf5f-4331-88bf-8023709586b1",
	"00000000-0000-0000-0000-000000000000",
	4);
INSERT INTO O_OBJ
	VALUES ("80f12c98-ccb7-4bab-acab-351f7970a5eb",
	'Cash',
	16,
	'CASH',
	'',
	"00000000-0000-0000-0000-000000000000");
INSERT INTO O_ID
	VALUES (2,
	"80f12c98-ccb7-4bab-acab-351f7970a5eb");
INSERT INTO O_ID
	VALUES (1,
	"80f12c98-ccb7-4bab-acab-351f7970a5eb");
INSERT INTO O_ID
	VALUES (0,
	"80f12c98-ccb7-4bab-acab-351f7970a5eb");
INSERT INTO PE_PE
	VALUES ("33325975-636b-4865-afdb-d6d8138b80fe",
	1,
	"960454f9-cf5f-4331-88bf-8023709586b1",
	"00000000-0000-0000-0000-000000000000",
	4);
INSERT INTO O_OBJ
	VALUES ("33325975-636b-4865-afdb-d6d8138b80fe",
	'Club',
	21,
	'CLUB',
	'',
	"00000000-0000-0000-0000-000000000000");
INSERT INTO O_NBATTR
	VALUES ("f7156dde-f70b-4ca5-96b1-9eb8fe126ef1",
	"33325975-636b-4865-afdb-d6d8138b80fe");
INSERT INTO O_BATTR
	VALUES ("f7156dde-f70b-4ca5-96b1-9eb8fe126ef1",
	"33325975-636b-4865-afdb-d6d8138b80fe");
INSERT INTO O_ATTR
	VALUES ("f7156dde-f70b-4ca5-96b1-9eb8fe126ef1",
	"33325975-636b-4865-afdb-d6d8138b80fe",
	"00000000-0000-0000-0000-000000000000",
	'clubName',
	'',
	'',
	'clubName',
	0,
	"ba5eda7a-def5-0000-0000-000000000004",
	'',
	'');
INSERT INTO O_ID
	VALUES (2,
	"33325975-636b-4865-afdb-d6d8138b80fe");
INSERT INTO O_ID
	VALUES (1,
	"33325975-636b-4865-afdb-d6d8138b80fe");
INSERT INTO O_ID
	VALUES (0,
	"33325975-636b-4865-afdb-d6d8138b80fe");
INSERT INTO PE_PE
	VALUES ("3aa4c78b-6981-4249-a93a-87e0e14f07b3",
	1,
	"960454f9-cf5f-4331-88bf-8023709586b1",
	"00000000-0000-0000-0000-000000000000",
	4);
INSERT INTO O_OBJ
	VALUES ("3aa4c78b-6981-4249-a93a-87e0e14f07b3",
	'CreditCard',
	18,
	'CREDITCARD',
	'',
	"00000000-0000-0000-0000-000000000000");
INSERT INTO O_NBATTR
	VALUES ("1ecb3801-21b8-4bc9-980b-3ac37ca7195e",
	"3aa4c78b-6981-4249-a93a-87e0e14f07b3");
INSERT INTO O_BATTR
	VALUES ("1ecb3801-21b8-4bc9-980b-3ac37ca7195e",
	"3aa4c78b-6981-4249-a93a-87e0e14f07b3");
INSERT INTO O_ATTR
	VALUES ("1ecb3801-21b8-4bc9-980b-3ac37ca7195e",
	"3aa4c78b-6981-4249-a93a-87e0e14f07b3",
	"436a5009-62ed-4ae4-9c1b-4450511bd9bd",
	'cvcCode',
	'',
	'',
	'cvcCode',
	0,
	"ba5eda7a-def5-0000-0000-000000000002",
	'',
	'');
INSERT INTO O_NBATTR
	VALUES ("436a5009-62ed-4ae4-9c1b-4450511bd9bd",
	"3aa4c78b-6981-4249-a93a-87e0e14f07b3");
INSERT INTO O_BATTR
	VALUES ("436a5009-62ed-4ae4-9c1b-4450511bd9bd",
	"3aa4c78b-6981-4249-a93a-87e0e14f07b3");
INSERT INTO O_ATTR
	VALUES ("436a5009-62ed-4ae4-9c1b-4450511bd9bd",
	"3aa4c78b-6981-4249-a93a-87e0e14f07b3",
	"7b30fa3b-0ff7-4475-89d9-dfd446eba0d6",
	'expirationDate',
	'',
	'',
	'expirationDate',
	0,
	"ba5eda7a-def5-0000-0000-00000000000e",
	'',
	'');
INSERT INTO O_NBATTR
	VALUES ("7b30fa3b-0ff7-4475-89d9-dfd446eba0d6",
	"3aa4c78b-6981-4249-a93a-87e0e14f07b3");
INSERT INTO O_BATTR
	VALUES ("7b30fa3b-0ff7-4475-89d9-dfd446eba0d6",
	"3aa4c78b-6981-4249-a93a-87e0e14f07b3");
INSERT INTO O_ATTR
	VALUES ("7b30fa3b-0ff7-4475-89d9-dfd446eba0d6",
	"3aa4c78b-6981-4249-a93a-87e0e14f07b3",
	"00000000-0000-0000-0000-000000000000",
	'cardNumber',
	'',
	'',
	'cardNumber',
	0,
	"ba5eda7a-def5-0000-0000-000000000002",
	'',
	'');
INSERT INTO O_ID
	VALUES (2,
	"3aa4c78b-6981-4249-a93a-87e0e14f07b3");
INSERT INTO O_ID
	VALUES (1,
	"3aa4c78b-6981-4249-a93a-87e0e14f07b3");
INSERT INTO O_ID
	VALUES (0,
	"3aa4c78b-6981-4249-a93a-87e0e14f07b3");
INSERT INTO PE_PE
	VALUES ("bd271967-a0a4-4bd7-9783-303111ffdc9b",
	1,
	"960454f9-cf5f-4331-88bf-8023709586b1",
	"00000000-0000-0000-0000-000000000000",
	4);
INSERT INTO O_OBJ
	VALUES ("bd271967-a0a4-4bd7-9783-303111ffdc9b",
	'Customer',
	20,
	'CUSTOMER',
	'',
	"00000000-0000-0000-0000-000000000000");
INSERT INTO O_NBATTR
	VALUES ("d7ab9c18-4a8e-4361-919f-bf2193fc4147",
	"bd271967-a0a4-4bd7-9783-303111ffdc9b");
INSERT INTO O_BATTR
	VALUES ("d7ab9c18-4a8e-4361-919f-bf2193fc4147",
	"bd271967-a0a4-4bd7-9783-303111ffdc9b");
INSERT INTO O_ATTR
	VALUES ("d7ab9c18-4a8e-4361-919f-bf2193fc4147",
	"bd271967-a0a4-4bd7-9783-303111ffdc9b",
	"dc17542e-30df-48f7-8741-c6c824345a60",
	'customerID',
	'',
	'',
	'customerID',
	0,
	"ba5eda7a-def5-0000-0000-000000000002",
	'',
	'');
INSERT INTO O_NBATTR
	VALUES ("dc17542e-30df-48f7-8741-c6c824345a60",
	"bd271967-a0a4-4bd7-9783-303111ffdc9b");
INSERT INTO O_BATTR
	VALUES ("dc17542e-30df-48f7-8741-c6c824345a60",
	"bd271967-a0a4-4bd7-9783-303111ffdc9b");
INSERT INTO O_ATTR
	VALUES ("dc17542e-30df-48f7-8741-c6c824345a60",
	"bd271967-a0a4-4bd7-9783-303111ffdc9b",
	"00000000-0000-0000-0000-000000000000",
	'name',
	'',
	'',
	'name',
	0,
	"ba5eda7a-def5-0000-0000-000000000004",
	'',
	'');
INSERT INTO O_ID
	VALUES (2,
	"bd271967-a0a4-4bd7-9783-303111ffdc9b");
INSERT INTO O_ID
	VALUES (1,
	"bd271967-a0a4-4bd7-9783-303111ffdc9b");
INSERT INTO O_ID
	VALUES (0,
	"bd271967-a0a4-4bd7-9783-303111ffdc9b");
INSERT INTO PE_PE
	VALUES ("4b839513-bd70-4d73-85ed-c06b10ee091a",
	1,
	"960454f9-cf5f-4331-88bf-8023709586b1",
	"00000000-0000-0000-0000-000000000000",
	4);
INSERT INTO O_OBJ
	VALUES ("4b839513-bd70-4d73-85ed-c06b10ee091a",
	'Facility',
	3,
	'FACILITY',
	'',
	"00000000-0000-0000-0000-000000000000");
INSERT INTO O_NBATTR
	VALUES ("f68e319f-09bf-4974-af63-20ff8c0aa86d",
	"4b839513-bd70-4d73-85ed-c06b10ee091a");
INSERT INTO O_BATTR
	VALUES ("f68e319f-09bf-4974-af63-20ff8c0aa86d",
	"4b839513-bd70-4d73-85ed-c06b10ee091a");
INSERT INTO O_ATTR
	VALUES ("f68e319f-09bf-4974-af63-20ff8c0aa86d",
	"4b839513-bd70-4d73-85ed-c06b10ee091a",
	"c291b39a-a3ce-4de8-94c2-657b168ceedd",
	'checkedOut',
	'',
	'',
	'checkedOut',
	0,
	"ba5eda7a-def5-0000-0000-000000000010",
	'',
	'');
INSERT INTO O_NBATTR
	VALUES ("c291b39a-a3ce-4de8-94c2-657b168ceedd",
	"4b839513-bd70-4d73-85ed-c06b10ee091a");
INSERT INTO O_BATTR
	VALUES ("c291b39a-a3ce-4de8-94c2-657b168ceedd",
	"4b839513-bd70-4d73-85ed-c06b10ee091a");
INSERT INTO O_ATTR
	VALUES ("c291b39a-a3ce-4de8-94c2-657b168ceedd",
	"4b839513-bd70-4d73-85ed-c06b10ee091a",
	"e22cda36-25e1-4b81-aef1-d74c43020c14",
	'checkedIn',
	'',
	'',
	'checkedIn',
	0,
	"ba5eda7a-def5-0000-0000-000000000010",
	'',
	'');
INSERT INTO O_NBATTR
	VALUES ("e22cda36-25e1-4b81-aef1-d74c43020c14",
	"4b839513-bd70-4d73-85ed-c06b10ee091a");
INSERT INTO O_BATTR
	VALUES ("e22cda36-25e1-4b81-aef1-d74c43020c14",
	"4b839513-bd70-4d73-85ed-c06b10ee091a");
INSERT INTO O_ATTR
	VALUES ("e22cda36-25e1-4b81-aef1-d74c43020c14",
	"4b839513-bd70-4d73-85ed-c06b10ee091a",
	"00000000-0000-0000-0000-000000000000",
	'facilityID',
	'',
	'',
	'facilityID',
	0,
	"ba5eda7a-def5-0000-0000-000000000004",
	'',
	'');
INSERT INTO O_ID
	VALUES (2,
	"4b839513-bd70-4d73-85ed-c06b10ee091a");
INSERT INTO O_ID
	VALUES (1,
	"4b839513-bd70-4d73-85ed-c06b10ee091a");
INSERT INTO O_ID
	VALUES (0,
	"4b839513-bd70-4d73-85ed-c06b10ee091a");
INSERT INTO PE_PE
	VALUES ("bb0b5c24-97a4-43d0-bb19-ce1683a93dc8",
	1,
	"960454f9-cf5f-4331-88bf-8023709586b1",
	"00000000-0000-0000-0000-000000000000",
	4);
INSERT INTO O_OBJ
	VALUES ("bb0b5c24-97a4-43d0-bb19-ce1683a93dc8",
	'FacilityGroup',
	4,
	'FACILITYGROUP',
	'',
	"00000000-0000-0000-0000-000000000000");
INSERT INTO O_NBATTR
	VALUES ("6b52b505-f421-4f29-9799-2e95cb2f7a89",
	"bb0b5c24-97a4-43d0-bb19-ce1683a93dc8");
INSERT INTO O_BATTR
	VALUES ("6b52b505-f421-4f29-9799-2e95cb2f7a89",
	"bb0b5c24-97a4-43d0-bb19-ce1683a93dc8");
INSERT INTO O_ATTR
	VALUES ("6b52b505-f421-4f29-9799-2e95cb2f7a89",
	"bb0b5c24-97a4-43d0-bb19-ce1683a93dc8",
	"00000000-0000-0000-0000-000000000000",
	'name',
	'',
	'',
	'name',
	0,
	"ba5eda7a-def5-0000-0000-000000000004",
	'',
	'');
INSERT INTO O_ID
	VALUES (2,
	"bb0b5c24-97a4-43d0-bb19-ce1683a93dc8");
INSERT INTO O_ID
	VALUES (1,
	"bb0b5c24-97a4-43d0-bb19-ce1683a93dc8");
INSERT INTO O_ID
	VALUES (0,
	"bb0b5c24-97a4-43d0-bb19-ce1683a93dc8");
INSERT INTO PE_PE
	VALUES ("bafdc953-1881-43a3-a5f1-9dcc7e2d60c3",
	1,
	"960454f9-cf5f-4331-88bf-8023709586b1",
	"00000000-0000-0000-0000-000000000000",
	4);
INSERT INTO O_OBJ
	VALUES ("bafdc953-1881-43a3-a5f1-9dcc7e2d60c3",
	'FacilityType',
	2,
	'FACILITYTYPE',
	'',
	"00000000-0000-0000-0000-000000000000");
INSERT INTO O_TFR
	VALUES ("7c6f1c17-66e4-4037-8be9-f2078ba06981",
	"bafdc953-1881-43a3-a5f1-9dcc7e2d60c3",
	'getPossibleExtras',
	'',
	"df204ffe-8ba5-4335-839a-3b03a55091e7",
	1,
	'',
	1,
	'',
	"00000000-0000-0000-0000-000000000000");
INSERT INTO ACT_OPB
	VALUES ("dddb6a07-cdf9-4d15-a302-0dd1fd113e92",
	"7c6f1c17-66e4-4037-8be9-f2078ba06981");
INSERT INTO ACT_ACT
	VALUES ("dddb6a07-cdf9-4d15-a302-0dd1fd113e92",
	'operation',
	0,
	"7100ee16-1b56-4b10-ba0c-94d9b105f075",
	"00000000-0000-0000-0000-000000000000",
	0,
	'FacilityType::getPossibleExtras',
	"00000000-0000-0000-0000-000000000000");
INSERT INTO ACT_BLK
	VALUES ("7100ee16-1b56-4b10-ba0c-94d9b105f075",
	0,
	0,
	0,
	'',
	'',
	'',
	0,
	0,
	0,
	0,
	0,
	0,
	0,
	0,
	0,
	0,
	0,
	0,
	0,
	"dddb6a07-cdf9-4d15-a302-0dd1fd113e92",
	"00000000-0000-0000-0000-000000000000");
INSERT INTO O_NBATTR
	VALUES ("839b61ce-d63e-49ba-a0ae-d1b0093bb680",
	"bafdc953-1881-43a3-a5f1-9dcc7e2d60c3");
INSERT INTO O_BATTR
	VALUES ("839b61ce-d63e-49ba-a0ae-d1b0093bb680",
	"bafdc953-1881-43a3-a5f1-9dcc7e2d60c3");
INSERT INTO O_ATTR
	VALUES ("839b61ce-d63e-49ba-a0ae-d1b0093bb680",
	"bafdc953-1881-43a3-a5f1-9dcc7e2d60c3",
	"00000000-0000-0000-0000-000000000000",
	'approximateArea',
	'',
	'',
	'approximateArea',
	0,
	"ba5eda7a-def5-0000-0000-000000000004",
	'',
	'');
INSERT INTO O_NBATTR
	VALUES ("c7050232-2f33-4247-8fc7-4866e3c7280d",
	"bafdc953-1881-43a3-a5f1-9dcc7e2d60c3");
INSERT INTO O_BATTR
	VALUES ("c7050232-2f33-4247-8fc7-4866e3c7280d",
	"bafdc953-1881-43a3-a5f1-9dcc7e2d60c3");
INSERT INTO O_ATTR
	VALUES ("c7050232-2f33-4247-8fc7-4866e3c7280d",
	"bafdc953-1881-43a3-a5f1-9dcc7e2d60c3",
	"839b61ce-d63e-49ba-a0ae-d1b0093bb680",
	'id',
	'',
	'',
	'id',
	0,
	"ba5eda7a-def5-0000-0000-000000000002",
	'',
	'');
INSERT INTO O_ID
	VALUES (2,
	"bafdc953-1881-43a3-a5f1-9dcc7e2d60c3");
INSERT INTO O_ID
	VALUES (1,
	"bafdc953-1881-43a3-a5f1-9dcc7e2d60c3");
INSERT INTO O_ID
	VALUES (0,
	"bafdc953-1881-43a3-a5f1-9dcc7e2d60c3");
INSERT INTO PE_PE
	VALUES ("9309978f-bd81-4f9f-96e9-b124c945fbf1",
	1,
	"960454f9-cf5f-4331-88bf-8023709586b1",
	"00000000-0000-0000-0000-000000000000",
	4);
INSERT INTO O_OBJ
	VALUES ("9309978f-bd81-4f9f-96e9-b124c945fbf1",
	'Guest',
	11,
	'GUEST',
	'',
	"00000000-0000-0000-0000-000000000000");
INSERT INTO O_TFR
	VALUES ("0ad92127-a4ab-45f8-845e-1d70fa15b0c5",
	"9309978f-bd81-4f9f-96e9-b124c945fbf1",
	'setFacility',
	'',
	"ba5eda7a-def5-0000-0000-000000000001",
	1,
	'',
	1,
	'',
	"00000000-0000-0000-0000-000000000000");
INSERT INTO O_TPARM
	VALUES ("c1538823-c1f1-44b9-aaaf-e434940cf412",
	"0ad92127-a4ab-45f8-845e-1d70fa15b0c5",
	'facility',
	"bd43dc09-3be2-4ae8-806d-bedb08b1e03c",
	0,
	'',
	"00000000-0000-0000-0000-000000000000",
	'');
INSERT INTO ACT_OPB
	VALUES ("bdcfda28-2a46-42e6-b95b-281471244e3c",
	"0ad92127-a4ab-45f8-845e-1d70fa15b0c5");
INSERT INTO ACT_ACT
	VALUES ("bdcfda28-2a46-42e6-b95b-281471244e3c",
	'operation',
	0,
	"0e93e5b0-26db-4adf-822a-4e57d115c935",
	"00000000-0000-0000-0000-000000000000",
	0,
	'Guest::setFacility',
	"00000000-0000-0000-0000-000000000000");
INSERT INTO ACT_BLK
	VALUES ("0e93e5b0-26db-4adf-822a-4e57d115c935",
	0,
	0,
	0,
	'',
	'',
	'',
	0,
	0,
	0,
	0,
	0,
	0,
	0,
	0,
	0,
	0,
	0,
	0,
	0,
	"bdcfda28-2a46-42e6-b95b-281471244e3c",
	"00000000-0000-0000-0000-000000000000");
INSERT INTO O_NBATTR
	VALUES ("d5229f3c-55dc-4032-9fbc-8fa747fca3f4",
	"9309978f-bd81-4f9f-96e9-b124c945fbf1");
INSERT INTO O_BATTR
	VALUES ("d5229f3c-55dc-4032-9fbc-8fa747fca3f4",
	"9309978f-bd81-4f9f-96e9-b124c945fbf1");
INSERT INTO O_ATTR
	VALUES ("d5229f3c-55dc-4032-9fbc-8fa747fca3f4",
	"9309978f-bd81-4f9f-96e9-b124c945fbf1",
	"999973f9-f86f-464b-89b6-b6047a3c5b15",
	'checkedOut',
	'',
	'',
	'checkedOut',
	0,
	"ba5eda7a-def5-0000-0000-000000000010",
	'',
	'');
INSERT INTO O_NBATTR
	VALUES ("999973f9-f86f-464b-89b6-b6047a3c5b15",
	"9309978f-bd81-4f9f-96e9-b124c945fbf1");
INSERT INTO O_BATTR
	VALUES ("999973f9-f86f-464b-89b6-b6047a3c5b15",
	"9309978f-bd81-4f9f-96e9-b124c945fbf1");
INSERT INTO O_ATTR
	VALUES ("999973f9-f86f-464b-89b6-b6047a3c5b15",
	"9309978f-bd81-4f9f-96e9-b124c945fbf1",
	"559211bd-fddf-44c5-9d11-96cb7183956d",
	'checkedIn',
	'',
	'',
	'checkedIn',
	0,
	"ba5eda7a-def5-0000-0000-000000000010",
	'',
	'');
INSERT INTO O_NBATTR
	VALUES ("559211bd-fddf-44c5-9d11-96cb7183956d",
	"9309978f-bd81-4f9f-96e9-b124c945fbf1");
INSERT INTO O_BATTR
	VALUES ("559211bd-fddf-44c5-9d11-96cb7183956d",
	"9309978f-bd81-4f9f-96e9-b124c945fbf1");
INSERT INTO O_ATTR
	VALUES ("559211bd-fddf-44c5-9d11-96cb7183956d",
	"9309978f-bd81-4f9f-96e9-b124c945fbf1",
	"36028530-8e9f-4cac-9d21-dc774eb26d1a",
	'age',
	'',
	'',
	'age',
	0,
	"ba5eda7a-def5-0000-0000-000000000002",
	'',
	'');
INSERT INTO O_NBATTR
	VALUES ("36028530-8e9f-4cac-9d21-dc774eb26d1a",
	"9309978f-bd81-4f9f-96e9-b124c945fbf1");
INSERT INTO O_BATTR
	VALUES ("36028530-8e9f-4cac-9d21-dc774eb26d1a",
	"9309978f-bd81-4f9f-96e9-b124c945fbf1");
INSERT INTO O_ATTR
	VALUES ("36028530-8e9f-4cac-9d21-dc774eb26d1a",
	"9309978f-bd81-4f9f-96e9-b124c945fbf1",
	"00000000-0000-0000-0000-000000000000",
	'name',
	'',
	'',
	'name',
	0,
	"ba5eda7a-def5-0000-0000-000000000004",
	'',
	'');
INSERT INTO O_ID
	VALUES (2,
	"9309978f-bd81-4f9f-96e9-b124c945fbf1");
INSERT INTO O_ID
	VALUES (1,
	"9309978f-bd81-4f9f-96e9-b124c945fbf1");
INSERT INTO O_ID
	VALUES (0,
	"9309978f-bd81-4f9f-96e9-b124c945fbf1");
INSERT INTO PE_PE
	VALUES ("daf3cea3-b187-4d6a-9517-f12785ae9b3a",
	1,
	"960454f9-cf5f-4331-88bf-8023709586b1",
	"00000000-0000-0000-0000-000000000000",
	4);
INSERT INTO O_OBJ
	VALUES ("daf3cea3-b187-4d6a-9517-f12785ae9b3a",
	'Hotel',
	7,
	'HOTEL',
	'',
	"00000000-0000-0000-0000-000000000000");
INSERT INTO O_TFR
	VALUES ("e805ee2f-c747-462d-bf85-43728d65e110",
	"daf3cea3-b187-4d6a-9517-f12785ae9b3a",
	'createFacilityGroup',
	'',
	"ba5eda7a-def5-0000-0000-000000000001",
	1,
	'',
	1,
	'',
	"314bfd58-83f9-4991-98e8-ce0b92f901a4");
INSERT INTO O_TPARM
	VALUES ("bb08cb75-a1ac-4076-a950-d298e9c33a1b",
	"e805ee2f-c747-462d-bf85-43728d65e110",
	'name',
	"ba5eda7a-def5-0000-0000-000000000004",
	0,
	'',
	"00000000-0000-0000-0000-000000000000",
	'');
INSERT INTO ACT_OPB
	VALUES ("16424fab-939c-4dfd-b995-7e5c3e7972b0",
	"e805ee2f-c747-462d-bf85-43728d65e110");
INSERT INTO ACT_ACT
	VALUES ("16424fab-939c-4dfd-b995-7e5c3e7972b0",
	'operation',
	0,
	"6e68c1e1-7553-42d6-9469-27e5998d52a8",
	"00000000-0000-0000-0000-000000000000",
	0,
	'Hotel::createFacilityGroup',
	"00000000-0000-0000-0000-000000000000");
INSERT INTO ACT_BLK
	VALUES ("6e68c1e1-7553-42d6-9469-27e5998d52a8",
	0,
	0,
	0,
	'',
	'',
	'',
	0,
	0,
	0,
	0,
	0,
	0,
	0,
	0,
	0,
	0,
	0,
	0,
	0,
	"16424fab-939c-4dfd-b995-7e5c3e7972b0",
	"00000000-0000-0000-0000-000000000000");
INSERT INTO O_TFR
	VALUES ("314bfd58-83f9-4991-98e8-ce0b92f901a4",
	"daf3cea3-b187-4d6a-9517-f12785ae9b3a",
	'createStaff',
	'',
	"ba5eda7a-def5-0000-0000-000000000001",
	1,
	'',
	1,
	'',
	"a9d35b92-3364-4384-95f0-07b45f1a6ac2");
INSERT INTO O_TPARM
	VALUES ("fd291d23-a18f-4184-8351-7d2208f8d37f",
	"314bfd58-83f9-4991-98e8-ce0b92f901a4",
	'name',
	"ba5eda7a-def5-0000-0000-000000000004",
	0,
	'',
	"00000000-0000-0000-0000-000000000000",
	'');
INSERT INTO ACT_OPB
	VALUES ("86c62ad1-6f80-4fb6-871a-439f3894e849",
	"314bfd58-83f9-4991-98e8-ce0b92f901a4");
INSERT INTO ACT_ACT
	VALUES ("86c62ad1-6f80-4fb6-871a-439f3894e849",
	'operation',
	0,
	"04584677-96b8-4e18-91b4-d9b505223dbe",
	"00000000-0000-0000-0000-000000000000",
	0,
	'Hotel::createStaff',
	"00000000-0000-0000-0000-000000000000");
INSERT INTO ACT_BLK
	VALUES ("04584677-96b8-4e18-91b4-d9b505223dbe",
	0,
	0,
	0,
	'',
	'',
	'',
	0,
	0,
	0,
	0,
	0,
	0,
	0,
	0,
	0,
	0,
	0,
	0,
	0,
	"86c62ad1-6f80-4fb6-871a-439f3894e849",
	"00000000-0000-0000-0000-000000000000");
INSERT INTO O_TFR
	VALUES ("a9d35b92-3364-4384-95f0-07b45f1a6ac2",
	"daf3cea3-b187-4d6a-9517-f12785ae9b3a",
	'createService',
	'',
	"ba5eda7a-def5-0000-0000-000000000001",
	1,
	'',
	1,
	'',
	"dcf32531-3848-47b9-921b-32e4d9282f80");
INSERT INTO O_TPARM
	VALUES ("e9957c9d-da65-489d-a71a-803e10832999",
	"a9d35b92-3364-4384-95f0-07b45f1a6ac2",
	'description',
	"ba5eda7a-def5-0000-0000-000000000004",
	0,
	'',
	"00000000-0000-0000-0000-000000000000",
	'');
INSERT INTO ACT_OPB
	VALUES ("c1f4b2cf-e64b-4519-bf88-bf129a09abf4",
	"a9d35b92-3364-4384-95f0-07b45f1a6ac2");
INSERT INTO ACT_ACT
	VALUES ("c1f4b2cf-e64b-4519-bf88-bf129a09abf4",
	'operation',
	0,
	"c57a04d1-ea95-4a4f-8c05-83e79ccb9acf",
	"00000000-0000-0000-0000-000000000000",
	0,
	'Hotel::createService',
	"00000000-0000-0000-0000-000000000000");
INSERT INTO ACT_BLK
	VALUES ("c57a04d1-ea95-4a4f-8c05-83e79ccb9acf",
	0,
	0,
	0,
	'',
	'',
	'',
	0,
	0,
	0,
	0,
	0,
	0,
	0,
	0,
	0,
	0,
	0,
	0,
	0,
	"c1f4b2cf-e64b-4519-bf88-bf129a09abf4",
	"00000000-0000-0000-0000-000000000000");
INSERT INTO O_TFR
	VALUES ("dcf32531-3848-47b9-921b-32e4d9282f80",
	"daf3cea3-b187-4d6a-9517-f12785ae9b3a",
	'createFacility',
	'',
	"ba5eda7a-def5-0000-0000-000000000001",
	1,
	'',
	1,
	'',
	"ccf03a92-529e-4e4e-9ad4-39e811fe957b");
INSERT INTO O_TPARM
	VALUES ("ee8d99a4-2851-4f34-af88-1ba65acd387e",
	"dcf32531-3848-47b9-921b-32e4d9282f80",
	'facilityID',
	"ba5eda7a-def5-0000-0000-000000000004",
	0,
	'',
	"00000000-0000-0000-0000-000000000000",
	'');
INSERT INTO ACT_OPB
	VALUES ("c65ca629-bdcf-4516-bebf-397c9b40014c",
	"dcf32531-3848-47b9-921b-32e4d9282f80");
INSERT INTO ACT_ACT
	VALUES ("c65ca629-bdcf-4516-bebf-397c9b40014c",
	'operation',
	0,
	"6f1fac01-536b-4dbd-b687-1ae6f6850d1c",
	"00000000-0000-0000-0000-000000000000",
	0,
	'Hotel::createFacility',
	"00000000-0000-0000-0000-000000000000");
INSERT INTO ACT_BLK
	VALUES ("6f1fac01-536b-4dbd-b687-1ae6f6850d1c",
	0,
	0,
	0,
	'',
	'',
	'',
	0,
	0,
	0,
	0,
	0,
	0,
	0,
	0,
	0,
	0,
	0,
	0,
	0,
	"c65ca629-bdcf-4516-bebf-397c9b40014c",
	"00000000-0000-0000-0000-000000000000");
INSERT INTO O_TFR
	VALUES ("ccf03a92-529e-4e4e-9ad4-39e811fe957b",
	"daf3cea3-b187-4d6a-9517-f12785ae9b3a",
	'availableBookables',
	'',
	"df204ffe-8ba5-4335-839a-3b03a55091e7",
	1,
	'',
	1,
	'',
	"e63532ba-8f8f-46c0-9029-316eba07a309");
INSERT INTO O_TPARM
	VALUES ("80ae5404-e78a-4c3f-ae1a-c46137121f3b",
	"ccf03a92-529e-4e4e-9ad4-39e811fe957b",
	'filter',
	"ba5eda7a-def5-0000-0000-000000000002",
	0,
	'',
	"00000000-0000-0000-0000-000000000000",
	'');
INSERT INTO ACT_OPB
	VALUES ("a309467e-c9bc-4353-8594-5b07e00a7802",
	"ccf03a92-529e-4e4e-9ad4-39e811fe957b");
INSERT INTO ACT_ACT
	VALUES ("a309467e-c9bc-4353-8594-5b07e00a7802",
	'operation',
	0,
	"d803caf4-d625-4309-8da4-40ffec7d4ca8",
	"00000000-0000-0000-0000-000000000000",
	0,
	'Hotel::availableBookables',
	"00000000-0000-0000-0000-000000000000");
INSERT INTO ACT_BLK
	VALUES ("d803caf4-d625-4309-8da4-40ffec7d4ca8",
	0,
	0,
	0,
	'',
	'',
	'',
	0,
	0,
	0,
	0,
	0,
	0,
	0,
	0,
	0,
	0,
	0,
	0,
	0,
	"a309467e-c9bc-4353-8594-5b07e00a7802",
	"00000000-0000-0000-0000-000000000000");
INSERT INTO O_TFR
	VALUES ("e63532ba-8f8f-46c0-9029-316eba07a309",
	"daf3cea3-b187-4d6a-9517-f12785ae9b3a",
	'addBooking',
	'',
	"ba5eda7a-def5-0000-0000-000000000001",
	1,
	'',
	1,
	'',
	"00000000-0000-0000-0000-000000000000");
INSERT INTO O_TPARM
	VALUES ("e87d143c-b35e-4000-9b94-7b4b3902cb9f",
	"e63532ba-8f8f-46c0-9029-316eba07a309",
	'booking',
	"433f7688-7b95-4f9c-89f1-cf076d691ab7",
	0,
	'',
	"00000000-0000-0000-0000-000000000000",
	'');
INSERT INTO ACT_OPB
	VALUES ("b915c2f5-7ad9-4ad6-8f62-9fb989f4b337",
	"e63532ba-8f8f-46c0-9029-316eba07a309");
INSERT INTO ACT_ACT
	VALUES ("b915c2f5-7ad9-4ad6-8f62-9fb989f4b337",
	'operation',
	0,
	"f7bf9d54-ad20-4aad-875e-bda63491c70e",
	"00000000-0000-0000-0000-000000000000",
	0,
	'Hotel::addBooking',
	"00000000-0000-0000-0000-000000000000");
INSERT INTO ACT_BLK
	VALUES ("f7bf9d54-ad20-4aad-875e-bda63491c70e",
	0,
	0,
	0,
	'',
	'',
	'',
	0,
	0,
	0,
	0,
	0,
	0,
	0,
	0,
	0,
	0,
	0,
	0,
	0,
	"b915c2f5-7ad9-4ad6-8f62-9fb989f4b337",
	"00000000-0000-0000-0000-000000000000");
INSERT INTO O_NBATTR
	VALUES ("dd0944e9-2b79-4b67-b2d3-6a3f90157086",
	"daf3cea3-b187-4d6a-9517-f12785ae9b3a");
INSERT INTO O_BATTR
	VALUES ("dd0944e9-2b79-4b67-b2d3-6a3f90157086",
	"daf3cea3-b187-4d6a-9517-f12785ae9b3a");
INSERT INTO O_ATTR
	VALUES ("dd0944e9-2b79-4b67-b2d3-6a3f90157086",
	"daf3cea3-b187-4d6a-9517-f12785ae9b3a",
	"40bf02d7-fb68-44d4-98e2-ed5237db8d14",
	'description',
	'',
	'',
	'description',
	0,
	"ba5eda7a-def5-0000-0000-000000000004",
	'',
	'');
INSERT INTO O_NBATTR
	VALUES ("40bf02d7-fb68-44d4-98e2-ed5237db8d14",
	"daf3cea3-b187-4d6a-9517-f12785ae9b3a");
INSERT INTO O_BATTR
	VALUES ("40bf02d7-fb68-44d4-98e2-ed5237db8d14",
	"daf3cea3-b187-4d6a-9517-f12785ae9b3a");
INSERT INTO O_ATTR
	VALUES ("40bf02d7-fb68-44d4-98e2-ed5237db8d14",
	"daf3cea3-b187-4d6a-9517-f12785ae9b3a",
	"00000000-0000-0000-0000-000000000000",
	'adress',
	'',
	'',
	'adress',
	0,
	"ba5eda7a-def5-0000-0000-000000000004",
	'',
	'');
INSERT INTO O_ID
	VALUES (2,
	"daf3cea3-b187-4d6a-9517-f12785ae9b3a");
INSERT INTO O_ID
	VALUES (1,
	"daf3cea3-b187-4d6a-9517-f12785ae9b3a");
INSERT INTO O_ID
	VALUES (0,
	"daf3cea3-b187-4d6a-9517-f12785ae9b3a");
INSERT INTO PE_PE
	VALUES ("f7fdf9fb-1710-40c4-833a-7cddef46a59a",
	1,
	"960454f9-cf5f-4331-88bf-8023709586b1",
	"00000000-0000-0000-0000-000000000000",
	4);
INSERT INTO O_OBJ
	VALUES ("f7fdf9fb-1710-40c4-833a-7cddef46a59a",
	'Invoice',
	17,
	'INVOICE',
	'',
	"00000000-0000-0000-0000-000000000000");
INSERT INTO O_NBATTR
	VALUES ("c7f83c2d-75a4-41e0-bcef-67fb46eb271f",
	"f7fdf9fb-1710-40c4-833a-7cddef46a59a");
INSERT INTO O_BATTR
	VALUES ("c7f83c2d-75a4-41e0-bcef-67fb46eb271f",
	"f7fdf9fb-1710-40c4-833a-7cddef46a59a");
INSERT INTO O_ATTR
	VALUES ("c7f83c2d-75a4-41e0-bcef-67fb46eb271f",
	"f7fdf9fb-1710-40c4-833a-7cddef46a59a",
	"00000000-0000-0000-0000-000000000000",
	'sentDate',
	'',
	'',
	'sentDate',
	0,
	"ba5eda7a-def5-0000-0000-000000000010",
	'',
	'');
INSERT INTO O_ID
	VALUES (2,
	"f7fdf9fb-1710-40c4-833a-7cddef46a59a");
INSERT INTO O_ID
	VALUES (1,
	"f7fdf9fb-1710-40c4-833a-7cddef46a59a");
INSERT INTO O_ID
	VALUES (0,
	"f7fdf9fb-1710-40c4-833a-7cddef46a59a");
INSERT INTO PE_PE
	VALUES ("7a1c6c92-00d7-49ac-a23b-cfb4d3362f53",
	1,
	"960454f9-cf5f-4331-88bf-8023709586b1",
	"00000000-0000-0000-0000-000000000000",
	4);
INSERT INTO O_OBJ
	VALUES ("7a1c6c92-00d7-49ac-a23b-cfb4d3362f53",
	'Package',
	6,
	'PACKAGE',
	'',
	"00000000-0000-0000-0000-000000000000");
INSERT INTO O_ID
	VALUES (2,
	"7a1c6c92-00d7-49ac-a23b-cfb4d3362f53");
INSERT INTO O_ID
	VALUES (1,
	"7a1c6c92-00d7-49ac-a23b-cfb4d3362f53");
INSERT INTO O_ID
	VALUES (0,
	"7a1c6c92-00d7-49ac-a23b-cfb4d3362f53");
INSERT INTO PE_PE
	VALUES ("d26e1020-b532-43cc-aba6-3b584f19f179",
	1,
	"960454f9-cf5f-4331-88bf-8023709586b1",
	"00000000-0000-0000-0000-000000000000",
	4);
INSERT INTO O_OBJ
	VALUES ("d26e1020-b532-43cc-aba6-3b584f19f179",
	'PaymentMethod',
	15,
	'PAYMENTMETHOD',
	'',
	"00000000-0000-0000-0000-000000000000");
INSERT INTO O_ID
	VALUES (2,
	"d26e1020-b532-43cc-aba6-3b584f19f179");
INSERT INTO O_ID
	VALUES (1,
	"d26e1020-b532-43cc-aba6-3b584f19f179");
INSERT INTO O_ID
	VALUES (0,
	"d26e1020-b532-43cc-aba6-3b584f19f179");
INSERT INTO PE_PE
	VALUES ("d4920e0c-3487-44a7-8290-60ff9ed36c4e",
	1,
	"960454f9-cf5f-4331-88bf-8023709586b1",
	"00000000-0000-0000-0000-000000000000",
	4);
INSERT INTO O_OBJ
	VALUES ("d4920e0c-3487-44a7-8290-60ff9ed36c4e",
	'Privilege',
	9,
	'PRIVILEGE',
	'',
	"00000000-0000-0000-0000-000000000000");
INSERT INTO O_ID
	VALUES (2,
	"d4920e0c-3487-44a7-8290-60ff9ed36c4e");
INSERT INTO O_ID
	VALUES (1,
	"d4920e0c-3487-44a7-8290-60ff9ed36c4e");
INSERT INTO O_ID
	VALUES (0,
	"d4920e0c-3487-44a7-8290-60ff9ed36c4e");
INSERT INTO PE_PE
	VALUES ("1efeba6e-0315-442d-8e70-729b05561bea",
	1,
	"960454f9-cf5f-4331-88bf-8023709586b1",
	"00000000-0000-0000-0000-000000000000",
	4);
INSERT INTO O_OBJ
	VALUES ("1efeba6e-0315-442d-8e70-729b05561bea",
	'Service',
	1,
	'SERVICE',
	'',
	"00000000-0000-0000-0000-000000000000");
INSERT INTO O_NBATTR
	VALUES ("94d24ba7-e81b-4033-ab80-f5b46aa981a3",
	"1efeba6e-0315-442d-8e70-729b05561bea");
INSERT INTO O_BATTR
	VALUES ("94d24ba7-e81b-4033-ab80-f5b46aa981a3",
	"1efeba6e-0315-442d-8e70-729b05561bea");
INSERT INTO O_ATTR
	VALUES ("94d24ba7-e81b-4033-ab80-f5b46aa981a3",
	"1efeba6e-0315-442d-8e70-729b05561bea",
	"f3b73f8a-d0a1-475e-9c5a-2c0b958d674d",
	'description',
	'',
	'',
	'description',
	0,
	"ba5eda7a-def5-0000-0000-000000000004",
	'',
	'');
INSERT INTO O_NBATTR
	VALUES ("f3b73f8a-d0a1-475e-9c5a-2c0b958d674d",
	"1efeba6e-0315-442d-8e70-729b05561bea");
INSERT INTO O_BATTR
	VALUES ("f3b73f8a-d0a1-475e-9c5a-2c0b958d674d",
	"1efeba6e-0315-442d-8e70-729b05561bea");
INSERT INTO O_ATTR
	VALUES ("f3b73f8a-d0a1-475e-9c5a-2c0b958d674d",
	"1efeba6e-0315-442d-8e70-729b05561bea",
	"00000000-0000-0000-0000-000000000000",
	'independent',
	'',
	'',
	'independent',
	0,
	"ba5eda7a-def5-0000-0000-000000000001",
	'',
	'');
INSERT INTO O_ID
	VALUES (2,
	"1efeba6e-0315-442d-8e70-729b05561bea");
INSERT INTO O_ID
	VALUES (1,
	"1efeba6e-0315-442d-8e70-729b05561bea");
INSERT INTO O_ID
	VALUES (0,
	"1efeba6e-0315-442d-8e70-729b05561bea");
INSERT INTO PE_PE
	VALUES ("20ba6bbe-cbf1-487f-84fe-b3855f86b898",
	1,
	"960454f9-cf5f-4331-88bf-8023709586b1",
	"00000000-0000-0000-0000-000000000000",
	4);
INSERT INTO O_OBJ
	VALUES ("20ba6bbe-cbf1-487f-84fe-b3855f86b898",
	'Staff',
	8,
	'STAFF',
	'',
	"00000000-0000-0000-0000-000000000000");
INSERT INTO O_NBATTR
	VALUES ("7f93fcbc-8a42-4885-9ff6-91ff5f717b5b",
	"20ba6bbe-cbf1-487f-84fe-b3855f86b898");
INSERT INTO O_BATTR
	VALUES ("7f93fcbc-8a42-4885-9ff6-91ff5f717b5b",
	"20ba6bbe-cbf1-487f-84fe-b3855f86b898");
INSERT INTO O_ATTR
	VALUES ("7f93fcbc-8a42-4885-9ff6-91ff5f717b5b",
	"20ba6bbe-cbf1-487f-84fe-b3855f86b898",
	"00000000-0000-0000-0000-000000000000",
	'name',
	'',
	'',
	'name',
	0,
	"ba5eda7a-def5-0000-0000-000000000004",
	'',
	'');
INSERT INTO O_ID
	VALUES (2,
	"20ba6bbe-cbf1-487f-84fe-b3855f86b898");
INSERT INTO O_ID
	VALUES (1,
	"20ba6bbe-cbf1-487f-84fe-b3855f86b898");
INSERT INTO O_ID
	VALUES (0,
	"20ba6bbe-cbf1-487f-84fe-b3855f86b898");
INSERT INTO PE_PE
	VALUES ("0f3bfbca-83c2-428b-8d47-eb45632d37c5",
	1,
	"08644b1f-a992-4e52-8ec3-1f5eff4dec19",
	"00000000-0000-0000-0000-000000000000",
	2);
INSERT INTO C_C
	VALUES ("0f3bfbca-83c2-428b-8d47-eb45632d37c5",
	"00000000-0000-0000-0000-000000000000",
	"00000000-0000-0000-0000-000000000000",
	'PaymentServiceProviderComponent',
	'',
	0,
	"00000000-0000-0000-0000-000000000000",
	0,
	'');
INSERT INTO C_PO
	VALUES ("91bcdda4-168b-4fca-bf0e-170f0a0e2ae4",
	"0f3bfbca-83c2-428b-8d47-eb45632d37c5",
	'Port1',
	0,
	0);
INSERT INTO C_IR
	VALUES ("a1f6da1a-693f-4e83-8ef3-260dc932b594",
	"611bea7a-9387-43ea-ba5d-394798e936a3",
	"00000000-0000-0000-0000-000000000000",
	"91bcdda4-168b-4fca-bf0e-170f0a0e2ae4");
INSERT INTO C_P
	VALUES ("a1f6da1a-693f-4e83-8ef3-260dc932b594",
	'PaymentProviderInterface',
	'Unnamed Interface',
	'',
	'PaymentServiceProviderComponent::Port1::PaymentProviderInterface');
INSERT INTO SPR_PEP
	VALUES ("ef096593-9013-4d4b-ba72-65ff142c7b36",
	"7cafd22b-6779-4267-a861-d26be27bb0a1",
	"a1f6da1a-693f-4e83-8ef3-260dc932b594");
INSERT INTO SPR_PS
	VALUES ("ef096593-9013-4d4b-ba72-65ff142c7b36",
	'paymentInfo',
	'',
	'',
	1);
INSERT INTO ACT_PSB
	VALUES ("56b6cbca-6bc2-4183-bd05-9480f5446041",
	"ef096593-9013-4d4b-ba72-65ff142c7b36");
INSERT INTO ACT_ACT
	VALUES ("56b6cbca-6bc2-4183-bd05-9480f5446041",
	'signal',
	0,
	"2b2f04c1-7be9-4fc6-9229-c3b0166509b7",
	"00000000-0000-0000-0000-000000000000",
	0,
	'Port1::PaymentProviderInterface::paymentInfo',
	"00000000-0000-0000-0000-000000000000");
INSERT INTO ACT_BLK
	VALUES ("2b2f04c1-7be9-4fc6-9229-c3b0166509b7",
	0,
	0,
	0,
	'',
	'',
	'',
	0,
	0,
	0,
	0,
	0,
	0,
	0,
	0,
	0,
	0,
	0,
	0,
	0,
	"56b6cbca-6bc2-4183-bd05-9480f5446041",
	"00000000-0000-0000-0000-000000000000");
INSERT INTO SPR_PEP
	VALUES ("2549fd8f-5237-41d0-aae6-dcb807d6bc72",
	"2d9cd3fd-553c-48ce-b032-46811da9d137",
	"a1f6da1a-693f-4e83-8ef3-260dc932b594");
INSERT INTO SPR_PS
	VALUES ("2549fd8f-5237-41d0-aae6-dcb807d6bc72",
	'paymentValid',
	'',
	'',
	1);
INSERT INTO ACT_PSB
	VALUES ("2633552a-164f-4bd0-a8d1-6dbd2e8dae39",
	"2549fd8f-5237-41d0-aae6-dcb807d6bc72");
INSERT INTO ACT_ACT
	VALUES ("2633552a-164f-4bd0-a8d1-6dbd2e8dae39",
	'signal',
	0,
	"4c28ae1e-46bd-43fd-a3e1-f856f4a86667",
	"00000000-0000-0000-0000-000000000000",
	0,
	'Port1::PaymentProviderInterface::paymentValid',
	"00000000-0000-0000-0000-000000000000");
INSERT INTO ACT_BLK
	VALUES ("4c28ae1e-46bd-43fd-a3e1-f856f4a86667",
	0,
	0,
	0,
	'',
	'',
	'',
	0,
	0,
	0,
	0,
	0,
	0,
	0,
	0,
	0,
	0,
	0,
	0,
	0,
	"2633552a-164f-4bd0-a8d1-6dbd2e8dae39",
	"00000000-0000-0000-0000-000000000000");
INSERT INTO SPR_PEP
	VALUES ("6d81fab7-e5cf-4848-84b7-46dcec8c542d",
	"2a4861a8-ad7f-463c-8cd6-6e247346484f",
	"a1f6da1a-693f-4e83-8ef3-260dc932b594");
INSERT INTO SPR_PS
	VALUES ("6d81fab7-e5cf-4848-84b7-46dcec8c542d",
	's1',
	'',
	'',
	1);
INSERT INTO ACT_PSB
	VALUES ("5d84b01a-ff90-49a5-87cc-e7d00c5ad7fd",
	"6d81fab7-e5cf-4848-84b7-46dcec8c542d");
INSERT INTO ACT_ACT
	VALUES ("5d84b01a-ff90-49a5-87cc-e7d00c5ad7fd",
	'signal',
	0,
	"ac1da8e0-4be8-457f-b88d-452f4e10670f",
	"00000000-0000-0000-0000-000000000000",
	0,
	'Port1::PaymentProviderInterface::s1',
	"00000000-0000-0000-0000-000000000000");
INSERT INTO ACT_BLK
	VALUES ("ac1da8e0-4be8-457f-b88d-452f4e10670f",
	0,
	0,
	0,
	'',
	'',
	'',
	0,
	0,
	0,
	0,
	0,
	0,
	0,
	0,
	0,
	0,
	0,
	0,
	0,
	"5d84b01a-ff90-49a5-87cc-e7d00c5ad7fd",
	"00000000-0000-0000-0000-000000000000");
INSERT INTO SPR_PEP
	VALUES ("0195ddb9-7ba0-4c38-bbdb-8744c596940c",
	"7d2bcad0-f2fe-466a-9f5c-5685971410a6",
	"a1f6da1a-693f-4e83-8ef3-260dc932b594");
INSERT INTO SPR_PS
	VALUES ("0195ddb9-7ba0-4c38-bbdb-8744c596940c",
	's1',
	'',
	'',
	1);
INSERT INTO ACT_PSB
	VALUES ("839157b3-71c0-4896-babc-a42a5984e19c",
	"0195ddb9-7ba0-4c38-bbdb-8744c596940c");
INSERT INTO ACT_ACT
	VALUES ("839157b3-71c0-4896-babc-a42a5984e19c",
	'signal',
	0,
	"9db01a2f-1e47-422e-a4ab-c52ffee5f91b",
	"00000000-0000-0000-0000-000000000000",
	0,
	'Port1::PaymentProviderInterface::s1',
	"00000000-0000-0000-0000-000000000000");
INSERT INTO ACT_BLK
	VALUES ("9db01a2f-1e47-422e-a4ab-c52ffee5f91b",
	0,
	0,
	0,
	'',
	'',
	'',
	0,
	0,
	0,
	0,
	0,
	0,
	0,
	0,
	0,
	0,
	0,
	0,
	0,
	"839157b3-71c0-4896-babc-a42a5984e19c",
	"00000000-0000-0000-0000-000000000000");
INSERT INTO SPR_PEP
	VALUES ("4b9ddf27-7cab-4261-af93-0b33fa20636b",
	"c99c125a-095f-4952-a629-0621c7dbdb11",
	"a1f6da1a-693f-4e83-8ef3-260dc932b594");
INSERT INTO SPR_PS
	VALUES ("4b9ddf27-7cab-4261-af93-0b33fa20636b",
	's1',
	'',
	'',
	1);
INSERT INTO ACT_PSB
	VALUES ("c23489a8-ac9d-48ef-b75a-861d34dbc3cc",
	"4b9ddf27-7cab-4261-af93-0b33fa20636b");
INSERT INTO ACT_ACT
	VALUES ("c23489a8-ac9d-48ef-b75a-861d34dbc3cc",
	'signal',
	0,
	"156aaa2a-f1cf-4224-af4d-46d4cad28873",
	"00000000-0000-0000-0000-000000000000",
	0,
	'Port1::PaymentProviderInterface::s1',
	"00000000-0000-0000-0000-000000000000");
INSERT INTO ACT_BLK
	VALUES ("156aaa2a-f1cf-4224-af4d-46d4cad28873",
	0,
	0,
	0,
	'',
	'',
	'',
	0,
	0,
	0,
	0,
	0,
	0,
	0,
	0,
	0,
	0,
	0,
	0,
	0,
	"c23489a8-ac9d-48ef-b75a-861d34dbc3cc",
	"00000000-0000-0000-0000-000000000000");
INSERT INTO SPR_PEP
	VALUES ("8aec231f-a3c3-49b5-902f-95aeae1df086",
	"6ff3a8a7-9b80-439a-8fb0-f17f749b7d3c",
	"a1f6da1a-693f-4e83-8ef3-260dc932b594");
INSERT INTO SPR_PS
	VALUES ("8aec231f-a3c3-49b5-902f-95aeae1df086",
	's1',
	'',
	'',
	1);
INSERT INTO ACT_PSB
	VALUES ("113a9ea6-28b8-4107-ba3b-c95321ac1d70",
	"8aec231f-a3c3-49b5-902f-95aeae1df086");
INSERT INTO ACT_ACT
	VALUES ("113a9ea6-28b8-4107-ba3b-c95321ac1d70",
	'signal',
	0,
	"27af8e29-2aa9-432a-86c4-25c5203e5ec2",
	"00000000-0000-0000-0000-000000000000",
	0,
	'Port1::PaymentProviderInterface::s1',
	"00000000-0000-0000-0000-000000000000");
INSERT INTO ACT_BLK
	VALUES ("27af8e29-2aa9-432a-86c4-25c5203e5ec2",
	0,
	0,
	0,
	'',
	'',
	'',
	0,
	0,
	0,
	0,
	0,
	0,
	0,
	0,
	0,
	0,
	0,
	0,
	0,
	"113a9ea6-28b8-4107-ba3b-c95321ac1d70",
	"00000000-0000-0000-0000-000000000000");
INSERT INTO SPR_PEP
	VALUES ("a9c623e3-5659-4a01-ba3b-a639a13fcf01",
	"188f5759-e501-4f70-94fb-2bfb59a128ae",
	"a1f6da1a-693f-4e83-8ef3-260dc932b594");
INSERT INTO SPR_PS
	VALUES ("a9c623e3-5659-4a01-ba3b-a639a13fcf01",
	's1',
	'',
	'',
	1);
INSERT INTO ACT_PSB
	VALUES ("ae83eeba-e304-44ab-9f4f-93226409e7c9",
	"a9c623e3-5659-4a01-ba3b-a639a13fcf01");
INSERT INTO ACT_ACT
	VALUES ("ae83eeba-e304-44ab-9f4f-93226409e7c9",
	'signal',
	0,
	"c8027127-d0bc-424c-9cf4-c4eae45aef75",
	"00000000-0000-0000-0000-000000000000",
	0,
	'Port1::PaymentProviderInterface::s1',
	"00000000-0000-0000-0000-000000000000");
INSERT INTO ACT_BLK
	VALUES ("c8027127-d0bc-424c-9cf4-c4eae45aef75",
	0,
	0,
	0,
	'',
	'',
	'',
	0,
	0,
	0,
	0,
	0,
	0,
	0,
	0,
	0,
	0,
	0,
	0,
	0,
	"ae83eeba-e304-44ab-9f4f-93226409e7c9",
	"00000000-0000-0000-0000-000000000000");
INSERT INTO SPR_PEP
	VALUES ("1a1632d7-5dab-42cd-8aca-8db196110b32",
	"a9cff890-a2c5-4f18-8bf3-c9a31e0eefc9",
	"a1f6da1a-693f-4e83-8ef3-260dc932b594");
INSERT INTO SPR_PS
	VALUES ("1a1632d7-5dab-42cd-8aca-8db196110b32",
	's1',
	'',
	'',
	1);
INSERT INTO ACT_PSB
	VALUES ("fd400721-643e-4686-8f80-2a518ffbe70d",
	"1a1632d7-5dab-42cd-8aca-8db196110b32");
INSERT INTO ACT_ACT
	VALUES ("fd400721-643e-4686-8f80-2a518ffbe70d",
	'signal',
	0,
	"50cf69ea-a2b8-425d-a255-1643c3600798",
	"00000000-0000-0000-0000-000000000000",
	0,
	'Port1::PaymentProviderInterface::s1',
	"00000000-0000-0000-0000-000000000000");
INSERT INTO ACT_BLK
	VALUES ("50cf69ea-a2b8-425d-a255-1643c3600798",
	0,
	0,
	0,
	'',
	'',
	'',
	0,
	0,
	0,
	0,
	0,
	0,
	0,
	0,
	0,
	0,
	0,
	0,
	0,
	"fd400721-643e-4686-8f80-2a518ffbe70d",
	"00000000-0000-0000-0000-000000000000");
INSERT INTO SPR_PEP
	VALUES ("e9b49344-93c3-414a-9d1e-7211327d8edd",
	"503de9c4-232e-4cc9-a0f8-5ac6bffee450",
	"a1f6da1a-693f-4e83-8ef3-260dc932b594");
INSERT INTO SPR_PS
	VALUES ("e9b49344-93c3-414a-9d1e-7211327d8edd",
	's1',
	'',
	'',
	1);
INSERT INTO ACT_PSB
	VALUES ("eb544b2a-308d-45c8-8ead-8ad7b73bbe53",
	"e9b49344-93c3-414a-9d1e-7211327d8edd");
INSERT INTO ACT_ACT
	VALUES ("eb544b2a-308d-45c8-8ead-8ad7b73bbe53",
	'signal',
	0,
	"dc20e5c5-82b9-48c6-943e-e7dc503fd04a",
	"00000000-0000-0000-0000-000000000000",
	0,
	'Port1::PaymentProviderInterface::s1',
	"00000000-0000-0000-0000-000000000000");
INSERT INTO ACT_BLK
	VALUES ("dc20e5c5-82b9-48c6-943e-e7dc503fd04a",
	0,
	0,
	0,
	'',
	'',
	'',
	0,
	0,
	0,
	0,
	0,
	0,
	0,
	0,
	0,
	0,
	0,
	0,
	0,
	"eb544b2a-308d-45c8-8ead-8ad7b73bbe53",
	"00000000-0000-0000-0000-000000000000");
INSERT INTO SPR_PEP
	VALUES ("1ecf5ec0-7b63-4b78-b235-97c7163b7c3c",
	"057381f7-153d-4176-80aa-f5f3b349020a",
	"a1f6da1a-693f-4e83-8ef3-260dc932b594");
INSERT INTO SPR_PO
	VALUES ("1ecf5ec0-7b63-4b78-b235-97c7163b7c3c",
	'o1',
	'',
	'',
	1);
INSERT INTO ACT_POB
	VALUES ("d37b79d1-c083-469b-b7de-f5592b8e84d2",
	"1ecf5ec0-7b63-4b78-b235-97c7163b7c3c");
INSERT INTO ACT_ACT
	VALUES ("d37b79d1-c083-469b-b7de-f5592b8e84d2",
	'interface operation',
	0,
	"ff5e2ecf-0499-4101-9509-1111a97942a1",
	"00000000-0000-0000-0000-000000000000",
	0,
	'Port1::PaymentProviderInterface::o1',
	"00000000-0000-0000-0000-000000000000");
INSERT INTO ACT_BLK
	VALUES ("ff5e2ecf-0499-4101-9509-1111a97942a1",
	0,
	0,
	0,
	'',
	'',
	'',
	0,
	0,
	0,
	0,
	0,
	0,
	0,
	0,
	0,
	0,
	0,
	0,
	0,
	"d37b79d1-c083-469b-b7de-f5592b8e84d2",
	"00000000-0000-0000-0000-000000000000");
INSERT INTO SPR_PEP
	VALUES ("2d1731df-d3f0-40c6-bbbc-c6728f7864a0",
	"5fa0e52f-a290-4d43-b16c-693b93c717bd",
	"a1f6da1a-693f-4e83-8ef3-260dc932b594");
INSERT INTO SPR_PO
	VALUES ("2d1731df-d3f0-40c6-bbbc-c6728f7864a0",
	'o2',
	'',
	'',
	1);
INSERT INTO ACT_POB
	VALUES ("e63ea087-1f21-48e1-a103-de10217c8059",
	"2d1731df-d3f0-40c6-bbbc-c6728f7864a0");
INSERT INTO ACT_ACT
	VALUES ("e63ea087-1f21-48e1-a103-de10217c8059",
	'interface operation',
	0,
	"ded16612-74cf-4bde-aaca-f3d1e2e96a1f",
	"00000000-0000-0000-0000-000000000000",
	0,
	'Port1::PaymentProviderInterface::o2',
	"00000000-0000-0000-0000-000000000000");
INSERT INTO ACT_BLK
	VALUES ("ded16612-74cf-4bde-aaca-f3d1e2e96a1f",
	0,
	0,
	0,
	'',
	'',
	'',
	0,
	0,
	0,
	0,
	0,
	0,
	0,
	0,
	0,
	0,
	0,
	0,
	0,
	"e63ea087-1f21-48e1-a103-de10217c8059",
	"00000000-0000-0000-0000-000000000000");
INSERT INTO SPR_PEP
	VALUES ("800112da-f5dc-445e-8a72-84a4bd25113f",
	"e5dd7715-d98a-4b18-8017-fb338c438e2a",
	"a1f6da1a-693f-4e83-8ef3-260dc932b594");
INSERT INTO SPR_PO
	VALUES ("800112da-f5dc-445e-8a72-84a4bd25113f",
	'o3',
	'',
	'',
	1);
INSERT INTO ACT_POB
	VALUES ("be8532ef-0fbe-465f-b478-07e1cff87a85",
	"800112da-f5dc-445e-8a72-84a4bd25113f");
INSERT INTO ACT_ACT
	VALUES ("be8532ef-0fbe-465f-b478-07e1cff87a85",
	'interface operation',
	0,
	"7c3425e6-d730-4b93-9292-981fbc52bdb5",
	"00000000-0000-0000-0000-000000000000",
	0,
	'Port1::PaymentProviderInterface::o3',
	"00000000-0000-0000-0000-000000000000");
INSERT INTO ACT_BLK
	VALUES ("7c3425e6-d730-4b93-9292-981fbc52bdb5",
	0,
	0,
	0,
	'',
	'',
	'',
	0,
	0,
	0,
	0,
	0,
	0,
	0,
	0,
	0,
	0,
	0,
	0,
	0,
	"be8532ef-0fbe-465f-b478-07e1cff87a85",
	"00000000-0000-0000-0000-000000000000");
INSERT INTO SPR_PEP
	VALUES ("88834ee1-a5fd-42f0-a86a-041fd8614693",
	"f35fc4e6-b36a-4435-8304-40b31cea0c6e",
	"a1f6da1a-693f-4e83-8ef3-260dc932b594");
INSERT INTO SPR_PO
	VALUES ("88834ee1-a5fd-42f0-a86a-041fd8614693",
	'o4',
	'',
	'',
	1);
INSERT INTO ACT_POB
	VALUES ("c27cee9e-c684-430d-8005-6bc3b27ea4c5",
	"88834ee1-a5fd-42f0-a86a-041fd8614693");
INSERT INTO ACT_ACT
	VALUES ("c27cee9e-c684-430d-8005-6bc3b27ea4c5",
	'interface operation',
	0,
	"be495ae4-9348-4bb7-89e3-95392d7ba269",
	"00000000-0000-0000-0000-000000000000",
	0,
	'Port1::PaymentProviderInterface::o4',
	"00000000-0000-0000-0000-000000000000");
INSERT INTO ACT_BLK
	VALUES ("be495ae4-9348-4bb7-89e3-95392d7ba269",
	0,
	0,
	0,
	'',
	'',
	'',
	0,
	0,
	0,
	0,
	0,
	0,
	0,
	0,
	0,
	0,
	0,
	0,
	0,
	"c27cee9e-c684-430d-8005-6bc3b27ea4c5",
	"00000000-0000-0000-0000-000000000000");
INSERT INTO SPR_PEP
	VALUES ("761a424d-1565-42d9-838f-7751e2f70d50",
	"3fdee974-5494-4d1a-8172-e9db9f8ae18d",
	"a1f6da1a-693f-4e83-8ef3-260dc932b594");
INSERT INTO SPR_PO
	VALUES ("761a424d-1565-42d9-838f-7751e2f70d50",
	'o1',
	'',
	'',
	1);
INSERT INTO ACT_POB
	VALUES ("5fce5caf-62a4-428f-a6a0-c90019d3581c",
	"761a424d-1565-42d9-838f-7751e2f70d50");
INSERT INTO ACT_ACT
	VALUES ("5fce5caf-62a4-428f-a6a0-c90019d3581c",
	'interface operation',
	0,
	"973e641d-ed14-49db-beee-0ccfdb93c74d",
	"00000000-0000-0000-0000-000000000000",
	0,
	'Port1::PaymentProviderInterface::o1',
	"00000000-0000-0000-0000-000000000000");
INSERT INTO ACT_BLK
	VALUES ("973e641d-ed14-49db-beee-0ccfdb93c74d",
	0,
	0,
	0,
	'',
	'',
	'',
	0,
	0,
	0,
	0,
	0,
	0,
	0,
	0,
	0,
	0,
	0,
	0,
	0,
	"5fce5caf-62a4-428f-a6a0-c90019d3581c",
	"00000000-0000-0000-0000-000000000000");
INSERT INTO SPR_PEP
	VALUES ("ec9b2bee-7501-4d41-98b2-68d434c8a293",
	"8b1a5345-340a-4d43-bb67-90ce4607fc5a",
	"a1f6da1a-693f-4e83-8ef3-260dc932b594");
INSERT INTO SPR_PO
	VALUES ("ec9b2bee-7501-4d41-98b2-68d434c8a293",
	'o2',
	'',
	'',
	1);
INSERT INTO ACT_POB
	VALUES ("743b2ffc-782e-4293-b94a-88b8447b378d",
	"ec9b2bee-7501-4d41-98b2-68d434c8a293");
INSERT INTO ACT_ACT
	VALUES ("743b2ffc-782e-4293-b94a-88b8447b378d",
	'interface operation',
	0,
	"6db2c74c-6dc6-4a15-a596-015a2d4762e5",
	"00000000-0000-0000-0000-000000000000",
	0,
	'Port1::PaymentProviderInterface::o2',
	"00000000-0000-0000-0000-000000000000");
INSERT INTO ACT_BLK
	VALUES ("6db2c74c-6dc6-4a15-a596-015a2d4762e5",
	0,
	0,
	0,
	'',
	'',
	'',
	0,
	0,
	0,
	0,
	0,
	0,
	0,
	0,
	0,
	0,
	0,
	0,
	0,
	"743b2ffc-782e-4293-b94a-88b8447b378d",
	"00000000-0000-0000-0000-000000000000");
INSERT INTO SPR_PEP
	VALUES ("b2285106-71e2-429b-870a-631fb5ce4f2e",
	"2832886f-8f87-4313-99c5-547439cd85f3",
	"a1f6da1a-693f-4e83-8ef3-260dc932b594");
INSERT INTO SPR_PO
	VALUES ("b2285106-71e2-429b-870a-631fb5ce4f2e",
	'o3',
	'',
	'',
	1);
INSERT INTO ACT_POB
	VALUES ("da6ec16b-f77f-48ae-b6e5-c6c4b4d1bad7",
	"b2285106-71e2-429b-870a-631fb5ce4f2e");
INSERT INTO ACT_ACT
	VALUES ("da6ec16b-f77f-48ae-b6e5-c6c4b4d1bad7",
	'interface operation',
	0,
	"d7c0b6f1-8a07-4454-8b68-858ca9d8ae92",
	"00000000-0000-0000-0000-000000000000",
	0,
	'Port1::PaymentProviderInterface::o3',
	"00000000-0000-0000-0000-000000000000");
INSERT INTO ACT_BLK
	VALUES ("d7c0b6f1-8a07-4454-8b68-858ca9d8ae92",
	0,
	0,
	0,
	'',
	'',
	'',
	0,
	0,
	0,
	0,
	0,
	0,
	0,
	0,
	0,
	0,
	0,
	0,
	0,
	"da6ec16b-f77f-48ae-b6e5-c6c4b4d1bad7",
	"00000000-0000-0000-0000-000000000000");
INSERT INTO SPR_PEP
	VALUES ("062a3f9e-2084-4fa9-82a1-fc4fdd153c0d",
	"bf1855b8-817f-4c4d-9922-307c6ef9976e",
	"a1f6da1a-693f-4e83-8ef3-260dc932b594");
INSERT INTO SPR_PO
	VALUES ("062a3f9e-2084-4fa9-82a1-fc4fdd153c0d",
	'o4',
	'',
	'',
	1);
INSERT INTO ACT_POB
	VALUES ("5dc83fc6-d1e1-451e-a677-79e9a2cf7f88",
	"062a3f9e-2084-4fa9-82a1-fc4fdd153c0d");
INSERT INTO ACT_ACT
	VALUES ("5dc83fc6-d1e1-451e-a677-79e9a2cf7f88",
	'interface operation',
	0,
	"41a6defa-127a-4c21-abbe-f80186004fc5",
	"00000000-0000-0000-0000-000000000000",
	0,
	'Port1::PaymentProviderInterface::o4',
	"00000000-0000-0000-0000-000000000000");
INSERT INTO ACT_BLK
	VALUES ("41a6defa-127a-4c21-abbe-f80186004fc5",
	0,
	0,
	0,
	'',
	'',
	'',
	0,
	0,
	0,
	0,
	0,
	0,
	0,
	0,
	0,
	0,
	0,
	0,
	0,
	"5dc83fc6-d1e1-451e-a677-79e9a2cf7f88",
	"00000000-0000-0000-0000-000000000000");
INSERT INTO PE_PE
	VALUES ("dcb27040-a506-4d06-8daf-9a61e7a3e940",
	1,
	"00000000-0000-0000-0000-000000000000",
	"0f3bfbca-83c2-428b-8d47-eb45632d37c5",
	7);
INSERT INTO EP_PKG
	VALUES ("dcb27040-a506-4d06-8daf-9a61e7a3e940",
	"00000000-0000-0000-0000-000000000000",
	"77552e13-265a-4a67-beca-bb6af5f15d0b",
	'PaymentServiceProvider',
	'',
	0);
INSERT INTO PE_PE
	VALUES ("b44a76ae-afc0-4d98-9919-aa9b86f43aa0",
	1,
	"dcb27040-a506-4d06-8daf-9a61e7a3e940",
	"00000000-0000-0000-0000-000000000000",
	4);
INSERT INTO O_OBJ
	VALUES ("b44a76ae-afc0-4d98-9919-aa9b86f43aa0",
	'Bank',
	1,
	'BANK',
	'',
	"00000000-0000-0000-0000-000000000000");
INSERT INTO O_ID
	VALUES (0,
	"b44a76ae-afc0-4d98-9919-aa9b86f43aa0");
INSERT INTO O_ID
	VALUES (1,
	"b44a76ae-afc0-4d98-9919-aa9b86f43aa0");
INSERT INTO O_ID
	VALUES (2,
	"b44a76ae-afc0-4d98-9919-aa9b86f43aa0");
INSERT INTO SM_ASM
	VALUES ("e1416da9-3a0d-48f1-b4fb-4ba2c02009c7",
	"b44a76ae-afc0-4d98-9919-aa9b86f43aa0");
INSERT INTO SM_SM
	VALUES ("e1416da9-3a0d-48f1-b4fb-4ba2c02009c7",
	'',
	0);
INSERT INTO SM_MOORE
	VALUES ("e1416da9-3a0d-48f1-b4fb-4ba2c02009c7");
INSERT INTO SM_SGEVT
	VALUES ("0a34c16f-b93e-4297-986f-38c2f2f14fef",
	"e1416da9-3a0d-48f1-b4fb-4ba2c02009c7",
	"00000000-0000-0000-0000-000000000000",
	"ef096593-9013-4d4b-ba72-65ff142c7b36",
	"00000000-0000-0000-0000-000000000000",
	'Port1::paymentInfo');
INSERT INTO SM_SEVT
	VALUES ("0a34c16f-b93e-4297-986f-38c2f2f14fef",
	"e1416da9-3a0d-48f1-b4fb-4ba2c02009c7",
	"00000000-0000-0000-0000-000000000000");
INSERT INTO SM_EVT
	VALUES ("0a34c16f-b93e-4297-986f-38c2f2f14fef",
	"e1416da9-3a0d-48f1-b4fb-4ba2c02009c7",
	"00000000-0000-0000-0000-000000000000",
	1,
	'paymentInfo',
	0,
	'',
	'Port1::paymentInfo',
	'');
INSERT INTO SM_STATE
	VALUES ("d0640932-4f4f-427e-9d36-e3141f66d8a6",
	"e1416da9-3a0d-48f1-b4fb-4ba2c02009c7",
	"00000000-0000-0000-0000-000000000000",
	'ready',
	1,
	0);
INSERT INTO SM_SEME
	VALUES ("d0640932-4f4f-427e-9d36-e3141f66d8a6",
	"0a34c16f-b93e-4297-986f-38c2f2f14fef",
	"e1416da9-3a0d-48f1-b4fb-4ba2c02009c7",
	"00000000-0000-0000-0000-000000000000");
INSERT INTO SM_MOAH
	VALUES ("cc4fa78f-ea93-40ae-ba0a-1a1a324fac49",
	"e1416da9-3a0d-48f1-b4fb-4ba2c02009c7",
	"d0640932-4f4f-427e-9d36-e3141f66d8a6");
INSERT INTO SM_AH
	VALUES ("cc4fa78f-ea93-40ae-ba0a-1a1a324fac49",
	"e1416da9-3a0d-48f1-b4fb-4ba2c02009c7");
INSERT INTO SM_ACT
	VALUES ("cc4fa78f-ea93-40ae-ba0a-1a1a324fac49",
	"e1416da9-3a0d-48f1-b4fb-4ba2c02009c7",
	1,
	'',
	'');
INSERT INTO ACT_SAB
	VALUES ("b33878a8-7e46-4f8d-82c3-e1535ab91b88",
	"e1416da9-3a0d-48f1-b4fb-4ba2c02009c7",
	"cc4fa78f-ea93-40ae-ba0a-1a1a324fac49");
INSERT INTO ACT_ACT
	VALUES ("b33878a8-7e46-4f8d-82c3-e1535ab91b88",
	'class state',
	0,
	"30956e55-77c0-480d-8117-7ca91161236e",
	"00000000-0000-0000-0000-000000000000",
	0,
	'Bank::ready',
	"00000000-0000-0000-0000-000000000000");
INSERT INTO ACT_BLK
	VALUES ("30956e55-77c0-480d-8117-7ca91161236e",
	0,
	0,
	0,
	'',
	'',
	'',
	0,
	0,
	0,
	0,
	0,
	0,
	0,
	0,
	0,
	0,
	0,
	0,
	0,
	"b33878a8-7e46-4f8d-82c3-e1535ab91b88",
	"00000000-0000-0000-0000-000000000000");
INSERT INTO SM_NSTXN
	VALUES ("d11c5281-e86f-4c0b-8411-4178b646094b",
	"e1416da9-3a0d-48f1-b4fb-4ba2c02009c7",
	"d0640932-4f4f-427e-9d36-e3141f66d8a6",
	"0a34c16f-b93e-4297-986f-38c2f2f14fef",
	"00000000-0000-0000-0000-000000000000");
INSERT INTO SM_TAH
	VALUES ("0ce6bf06-8fed-4287-a64a-f702654844f9",
	"e1416da9-3a0d-48f1-b4fb-4ba2c02009c7",
	"d11c5281-e86f-4c0b-8411-4178b646094b");
INSERT INTO SM_AH
	VALUES ("0ce6bf06-8fed-4287-a64a-f702654844f9",
	"e1416da9-3a0d-48f1-b4fb-4ba2c02009c7");
INSERT INTO SM_ACT
	VALUES ("0ce6bf06-8fed-4287-a64a-f702654844f9",
	"e1416da9-3a0d-48f1-b4fb-4ba2c02009c7",
	1,
	'LOG::LogInfo(message: "Bank paymentInfo: confirming valid payment");

send PaymentProviderInterface::paymentValid(sessionID: param.sessionID,
											valid:true);',
	'');
INSERT INTO ACT_TAB
	VALUES ("5dde044f-99b1-489e-b803-9062b49a1d5a",
	"e1416da9-3a0d-48f1-b4fb-4ba2c02009c7",
	"0ce6bf06-8fed-4287-a64a-f702654844f9");
INSERT INTO ACT_ACT
	VALUES ("5dde044f-99b1-489e-b803-9062b49a1d5a",
	'class transition',
	0,
	"a716aab2-93dd-4c52-bba7-c993c1651a0c",
	"00000000-0000-0000-0000-000000000000",
	0,
	'Port1::paymentInfo',
	"00000000-0000-0000-0000-000000000000");
INSERT INTO ACT_BLK
	VALUES ("a716aab2-93dd-4c52-bba7-c993c1651a0c",
	0,
	0,
	0,
	'PaymentProviderInterface',
	'',
	'',
	3,
	1,
	3,
	6,
	0,
	0,
	0,
	0,
	0,
	0,
	0,
	0,
	0,
	"5dde044f-99b1-489e-b803-9062b49a1d5a",
	"00000000-0000-0000-0000-000000000000");
INSERT INTO ACT_SMT
	VALUES ("7f3e8f7e-942c-486a-85f7-a66e11c0fcb8",
	"a716aab2-93dd-4c52-bba7-c993c1651a0c",
	"e7110cd0-f4ca-460d-969a-33b1988696a7",
	1,
	1,
	'Port1::paymentInfo line: 1');
INSERT INTO ACT_BRG
	VALUES ("7f3e8f7e-942c-486a-85f7-a66e11c0fcb8",
	"768e1cca-7403-495c-9b22-afd11a473eb6",
	1,
	6,
	1,
	1);
INSERT INTO ACT_SMT
	VALUES ("e7110cd0-f4ca-460d-969a-33b1988696a7",
	"a716aab2-93dd-4c52-bba7-c993c1651a0c",
	"00000000-0000-0000-0000-000000000000",
	3,
	1,
	'Port1::paymentInfo line: 3');
INSERT INTO ACT_SGN
	VALUES ("e7110cd0-f4ca-460d-969a-33b1988696a7",
	3,
	32,
	3,
	6,
	"2549fd8f-5237-41d0-aae6-dcb807d6bc72",
	"00000000-0000-0000-0000-000000000000",
	"00000000-0000-0000-0000-000000000000");
INSERT INTO V_VAL
	VALUES ("9ebc08c0-6836-451a-bae1-6fec8fa82d75",
	0,
	0,
	1,
	23,
	65,
	0,
	0,
	0,
	0,
	"ba5eda7a-def5-0000-0000-000000000004",
	"a716aab2-93dd-4c52-bba7-c993c1651a0c");
INSERT INTO V_LST
	VALUES ("9ebc08c0-6836-451a-bae1-6fec8fa82d75",
	'Bank paymentInfo: confirming valid payment');
INSERT INTO V_PAR
	VALUES ("9ebc08c0-6836-451a-bae1-6fec8fa82d75",
	"7f3e8f7e-942c-486a-85f7-a66e11c0fcb8",
	"00000000-0000-0000-0000-000000000000",
	'message',
	"00000000-0000-0000-0000-000000000000",
	1,
	14);
INSERT INTO V_VAL
	VALUES ("ab1ecf72-8c40-4e31-837c-1933e14ace55",
	0,
	0,
	3,
	62,
	70,
	0,
	0,
	0,
	0,
	"ba5eda7a-def5-0000-0000-000000000005",
	"a716aab2-93dd-4c52-bba7-c993c1651a0c");
INSERT INTO V_EDV
	VALUES ("ab1ecf72-8c40-4e31-837c-1933e14ace55");
INSERT INTO V_EPR
	VALUES ("ab1ecf72-8c40-4e31-837c-1933e14ace55",
	"00000000-0000-0000-0000-000000000000",
	"00000000-0000-0000-0000-000000000000",
	"3e11bd4d-9e37-43b1-8c96-4aa3f0a088c2");
INSERT INTO V_PAR
	VALUES ("ab1ecf72-8c40-4e31-837c-1933e14ace55",
	"e7110cd0-f4ca-460d-969a-33b1988696a7",
	"00000000-0000-0000-0000-000000000000",
	'sessionID',
	"c4ff7a91-6ed9-4903-80ef-cb2b3e928464",
	3,
	45);
INSERT INTO V_VAL
	VALUES ("c4ff7a91-6ed9-4903-80ef-cb2b3e928464",
	0,
	0,
	-1,
	-1,
	-1,
	0,
	0,
	0,
	0,
	"ba5eda7a-def5-0000-0000-000000000001",
	"a716aab2-93dd-4c52-bba7-c993c1651a0c");
INSERT INTO V_LBO
	VALUES ("c4ff7a91-6ed9-4903-80ef-cb2b3e928464",
	'TRUE');
INSERT INTO V_PAR
	VALUES ("c4ff7a91-6ed9-4903-80ef-cb2b3e928464",
	"e7110cd0-f4ca-460d-969a-33b1988696a7",
	"00000000-0000-0000-0000-000000000000",
	'valid',
	"00000000-0000-0000-0000-000000000000",
	4,
	12);
INSERT INTO SM_TXN
	VALUES ("d11c5281-e86f-4c0b-8411-4178b646094b",
	"e1416da9-3a0d-48f1-b4fb-4ba2c02009c7",
	"d0640932-4f4f-427e-9d36-e3141f66d8a6",
	"00000000-0000-0000-0000-000000000000");
INSERT INTO PE_PE
	VALUES ("182dfb43-4b42-4388-a888-adc923ffd180",
	1,
	"08644b1f-a992-4e52-8ec3-1f5eff4dec19",
	"00000000-0000-0000-0000-000000000000",
	7);
INSERT INTO EP_PKG
	VALUES ("182dfb43-4b42-4388-a888-adc923ffd180",
	"00000000-0000-0000-0000-000000000000",
	"77552e13-265a-4a67-beca-bb6af5f15d0b",
	'Interfaces',
	'',
	0);
INSERT INTO PE_PE
	VALUES ("708e7060-3f4e-41ab-94ce-7b712ad36251",
	1,
	"182dfb43-4b42-4388-a888-adc923ffd180",
	"00000000-0000-0000-0000-000000000000",
	6);
INSERT INTO C_I
	VALUES ("708e7060-3f4e-41ab-94ce-7b712ad36251",
	"00000000-0000-0000-0000-000000000000",
	'BookingProvider',
	'');
INSERT INTO C_EP
	VALUES ("8500002a-94f3-4a61-bfa8-32f8fd7d89b4",
	"708e7060-3f4e-41ab-94ce-7b712ad36251",
	-1,
	'requestAvailableBookables',
	'');
INSERT INTO C_AS
	VALUES ("8500002a-94f3-4a61-bfa8-32f8fd7d89b4",
	'requestAvailableBookables',
	'',
	0,
	"00000000-0000-0000-0000-000000000000");
INSERT INTO C_PP
	VALUES ("440d61eb-481a-4ea0-b89c-0bc624d141a3",
	"8500002a-94f3-4a61-bfa8-32f8fd7d89b4",
	"ba5eda7a-def5-0000-0000-000000000005",
	'sessionID',
	'',
	0,
	'',
	"00000000-0000-0000-0000-000000000000");
INSERT INTO C_PP
	VALUES ("bb7fca6d-dbf4-4e65-bf71-bad1b55fe0c7",
	"8500002a-94f3-4a61-bfa8-32f8fd7d89b4",
	"ba5eda7a-def5-0000-0000-00000000000e",
	'fromDate',
	'',
	0,
	'',
	"440d61eb-481a-4ea0-b89c-0bc624d141a3");
INSERT INTO C_PP
	VALUES ("5b1beab7-9ad5-43f6-84fb-0e6f38b599d5",
	"8500002a-94f3-4a61-bfa8-32f8fd7d89b4",
	"ba5eda7a-def5-0000-0000-00000000000e",
	'toDate',
	'',
	0,
	'',
	"bb7fca6d-dbf4-4e65-bf71-bad1b55fe0c7");
INSERT INTO C_PP
	VALUES ("904a3139-6502-47f8-a585-1b805644ae21",
	"8500002a-94f3-4a61-bfa8-32f8fd7d89b4",
	"ba5eda7a-def5-0000-0000-000000000002",
	'facilityType',
	'',
	0,
	'',
	"5b1beab7-9ad5-43f6-84fb-0e6f38b599d5");
INSERT INTO C_EP
	VALUES ("54d1cfcd-e847-40b5-be88-ddf038c56595",
	"708e7060-3f4e-41ab-94ce-7b712ad36251",
	-1,
	'available',
	'');
INSERT INTO C_AS
	VALUES ("54d1cfcd-e847-40b5-be88-ddf038c56595",
	'available',
	'',
	1,
	"8500002a-94f3-4a61-bfa8-32f8fd7d89b4");
INSERT INTO C_PP
	VALUES ("b99356fc-5e76-4f1f-9eda-76579565e657",
	"54d1cfcd-e847-40b5-be88-ddf038c56595",
	"ba5eda7a-def5-0000-0000-000000000005",
	'id',
	'',
	0,
	'',
	"00000000-0000-0000-0000-000000000000");
INSERT INTO C_PP
	VALUES ("5304459a-0f6b-48c5-b818-bc584864f61f",
	"54d1cfcd-e847-40b5-be88-ddf038c56595",
	"ba5eda7a-def5-0000-0000-000000000003",
	'price',
	'',
	0,
	'',
	"b99356fc-5e76-4f1f-9eda-76579565e657");
INSERT INTO C_PP
	VALUES ("56da61d1-d010-4a41-87cd-1b1b11d8b828",
	"54d1cfcd-e847-40b5-be88-ddf038c56595",
	"ba5eda7a-def5-0000-0000-000000000004",
	'description',
	'',
	0,
	'',
	"5304459a-0f6b-48c5-b818-bc584864f61f");
INSERT INTO C_PP
	VALUES ("b79bff53-be30-45a5-8923-7a3f5ab4710d",
	"54d1cfcd-e847-40b5-be88-ddf038c56595",
	"ba5eda7a-def5-0000-0000-000000000004",
	'aproximateArea',
	'',
	0,
	'',
	"56da61d1-d010-4a41-87cd-1b1b11d8b828");
INSERT INTO C_PP
	VALUES ("9a07908f-2d90-4fab-90c0-6d3e67ee8616",
	"54d1cfcd-e847-40b5-be88-ddf038c56595",
	"ba5eda7a-def5-0000-0000-000000000001",
	'independent',
	'',
	0,
	'',
	"b79bff53-be30-45a5-8923-7a3f5ab4710d");
INSERT INTO C_PP
	VALUES ("17a9f7ea-28a3-4e6d-b3f3-f63e218c3b1a",
	"54d1cfcd-e847-40b5-be88-ddf038c56595",
	"ba5eda7a-def5-0000-0000-000000000005",
	'sessionID',
	'',
	0,
	'',
	"9a07908f-2d90-4fab-90c0-6d3e67ee8616");
INSERT INTO C_EP
	VALUES ("55b848f9-d68a-4698-bf86-446ac83e49f5",
	"708e7060-3f4e-41ab-94ce-7b712ad36251",
	-1,
	'selectBookable',
	'');
INSERT INTO C_AS
	VALUES ("55b848f9-d68a-4698-bf86-446ac83e49f5",
	'selectBookable',
	'',
	0,
	"54d1cfcd-e847-40b5-be88-ddf038c56595");
INSERT INTO C_PP
	VALUES ("9e138e25-187d-45e0-b2e3-b5230d2a8883",
	"55b848f9-d68a-4698-bf86-446ac83e49f5",
	"ba5eda7a-def5-0000-0000-000000000002",
	'id',
	'',
	0,
	'',
	"00000000-0000-0000-0000-000000000000");
INSERT INTO C_PP
	VALUES ("eee16ca7-f592-4209-868f-d6a58e473aee",
	"55b848f9-d68a-4698-bf86-446ac83e49f5",
	"ba5eda7a-def5-0000-0000-000000000005",
	'sessionID',
	'',
	0,
	'',
	"9e138e25-187d-45e0-b2e3-b5230d2a8883");
INSERT INTO C_EP
	VALUES ("10d65452-16c4-45b0-ad3e-4dec03bb99a7",
	"708e7060-3f4e-41ab-94ce-7b712ad36251",
	-1,
	'extraServices',
	'');
INSERT INTO C_AS
	VALUES ("10d65452-16c4-45b0-ad3e-4dec03bb99a7",
	'extraServices',
	'',
	1,
	"55b848f9-d68a-4698-bf86-446ac83e49f5");
INSERT INTO C_PP
	VALUES ("3d2fc28f-324a-4e94-b3b6-330584f78523",
	"10d65452-16c4-45b0-ad3e-4dec03bb99a7",
	"ba5eda7a-def5-0000-0000-000000000005",
	'id',
	'',
	0,
	'',
	"00000000-0000-0000-0000-000000000000");
INSERT INTO C_PP
	VALUES ("785bb700-66e1-4fa9-9694-b929474e55ff",
	"10d65452-16c4-45b0-ad3e-4dec03bb99a7",
	"ba5eda7a-def5-0000-0000-000000000003",
	'price',
	'',
	0,
	'',
	"3d2fc28f-324a-4e94-b3b6-330584f78523");
INSERT INTO C_PP
	VALUES ("67bb21b4-4919-4a78-b72f-8b69e2cf5f97",
	"10d65452-16c4-45b0-ad3e-4dec03bb99a7",
	"ba5eda7a-def5-0000-0000-000000000004",
	'description',
	'',
	0,
	'',
	"785bb700-66e1-4fa9-9694-b929474e55ff");
INSERT INTO C_PP
	VALUES ("82ccc6c0-4b2c-4e41-b127-716f6e516d19",
	"10d65452-16c4-45b0-ad3e-4dec03bb99a7",
	"ba5eda7a-def5-0000-0000-000000000004",
	'aproximateArea',
	'',
	0,
	'',
	"67bb21b4-4919-4a78-b72f-8b69e2cf5f97");
INSERT INTO C_PP
	VALUES ("32560363-913f-4fe4-863c-37fa358ec8c0",
	"10d65452-16c4-45b0-ad3e-4dec03bb99a7",
	"ba5eda7a-def5-0000-0000-000000000001",
	'independent',
	'',
	0,
	'',
	"82ccc6c0-4b2c-4e41-b127-716f6e516d19");
INSERT INTO C_EP
	VALUES ("87ed1c56-1bee-4041-bca4-056967095bc2",
	"708e7060-3f4e-41ab-94ce-7b712ad36251",
	-1,
	'addServices',
	'');
INSERT INTO C_AS
	VALUES ("87ed1c56-1bee-4041-bca4-056967095bc2",
	'addServices',
	'',
	0,
	"10d65452-16c4-45b0-ad3e-4dec03bb99a7");
INSERT INTO C_PP
	VALUES ("074cc4f4-819e-47a2-9f21-e95a11815a59",
	"87ed1c56-1bee-4041-bca4-056967095bc2",
	"ba5eda7a-def5-0000-0000-000000000005",
	'sessionID',
	'',
	0,
	'',
	"00000000-0000-0000-0000-000000000000");
INSERT INTO C_PP
	VALUES ("d5983e81-05ed-401f-bccd-625543d07d85",
	"87ed1c56-1bee-4041-bca4-056967095bc2",
	"ba5eda7a-def5-0000-0000-000000000005",
	'desiredID',
	'',
	0,
	'',
	"074cc4f4-819e-47a2-9f21-e95a11815a59");
INSERT INTO C_EP
	VALUES ("57eb1124-4a29-48ad-8677-d8760788067a",
	"708e7060-3f4e-41ab-94ce-7b712ad36251",
	-1,
	'customerDetails',
	'');
INSERT INTO C_AS
	VALUES ("57eb1124-4a29-48ad-8677-d8760788067a",
	'customerDetails',
	'',
	0,
	"87ed1c56-1bee-4041-bca4-056967095bc2");
INSERT INTO C_PP
	VALUES ("9f35fb46-9c6b-4202-8310-888981c424af",
	"57eb1124-4a29-48ad-8677-d8760788067a",
	"ba5eda7a-def5-0000-0000-000000000005",
	'sessionID',
	'',
	0,
	'',
	"00000000-0000-0000-0000-000000000000");
INSERT INTO C_PP
	VALUES ("c2367ced-24e1-4602-a7c5-4001bd1043d4",
	"57eb1124-4a29-48ad-8677-d8760788067a",
	"ba5eda7a-def5-0000-0000-000000000004",
	'name',
	'',
	0,
	'',
	"9f35fb46-9c6b-4202-8310-888981c424af");
INSERT INTO C_PP
	VALUES ("180912be-1f82-4ef3-9fc2-a2acbf555b77",
	"57eb1124-4a29-48ad-8677-d8760788067a",
	"ba5eda7a-def5-0000-0000-000000000004",
	'phoneNumber',
	'',
	0,
	'',
	"c2367ced-24e1-4602-a7c5-4001bd1043d4");
INSERT INTO C_EP
	VALUES ("275df8ce-b628-4b96-85dd-66e9224fc9df",
	"708e7060-3f4e-41ab-94ce-7b712ad36251",
	-1,
	'addGuest',
	'');
INSERT INTO C_AS
	VALUES ("275df8ce-b628-4b96-85dd-66e9224fc9df",
	'addGuest',
	'',
	0,
	"57eb1124-4a29-48ad-8677-d8760788067a");
INSERT INTO C_PP
	VALUES ("5813d0b6-e9b6-4d9c-83b2-7539947713a0",
	"275df8ce-b628-4b96-85dd-66e9224fc9df",
	"ba5eda7a-def5-0000-0000-000000000005",
	'sessionID',
	'',
	0,
	'',
	"00000000-0000-0000-0000-000000000000");
INSERT INTO C_PP
	VALUES ("f2081eb7-638b-479f-bdef-a8d3d2aeb082",
	"275df8ce-b628-4b96-85dd-66e9224fc9df",
	"ba5eda7a-def5-0000-0000-000000000004",
	'guestName',
	'',
	0,
	'',
	"5813d0b6-e9b6-4d9c-83b2-7539947713a0");
INSERT INTO C_PP
	VALUES ("41edc071-08b3-4da2-a6d0-cab5122398ca",
	"275df8ce-b628-4b96-85dd-66e9224fc9df",
	"ba5eda7a-def5-0000-0000-000000000002",
	'guestAge',
	'',
	0,
	'',
	"f2081eb7-638b-479f-bdef-a8d3d2aeb082");
INSERT INTO C_EP
	VALUES ("40e06920-24e2-499d-b1c8-deb66c9637ec",
	"708e7060-3f4e-41ab-94ce-7b712ad36251",
	-1,
	'paymentInfo',
	'');
INSERT INTO C_AS
	VALUES ("40e06920-24e2-499d-b1c8-deb66c9637ec",
	'paymentInfo',
	'',
	0,
	"275df8ce-b628-4b96-85dd-66e9224fc9df");
INSERT INTO C_PP
	VALUES ("8aff4a0e-3cc5-4dad-93f0-c1749ecf9471",
	"40e06920-24e2-499d-b1c8-deb66c9637ec",
	"ba5eda7a-def5-0000-0000-000000000005",
	'sessionID',
	'',
	0,
	'',
	"00000000-0000-0000-0000-000000000000");
INSERT INTO C_PP
	VALUES ("78e48b64-919d-466a-bb65-ba1cb83b002f",
	"40e06920-24e2-499d-b1c8-deb66c9637ec",
	"ba5eda7a-def5-0000-0000-000000000004",
	'info',
	'',
	0,
	'',
	"8aff4a0e-3cc5-4dad-93f0-c1749ecf9471");
INSERT INTO C_EP
	VALUES ("19aa6808-338c-45b0-8a31-1b3efb70b47a",
	"708e7060-3f4e-41ab-94ce-7b712ad36251",
	-1,
	'confirmSignal',
	'');
INSERT INTO C_AS
	VALUES ("19aa6808-338c-45b0-8a31-1b3efb70b47a",
	'confirmSignal',
	'',
	1,
	"40e06920-24e2-499d-b1c8-deb66c9637ec");
INSERT INTO C_PP
	VALUES ("a3b665ee-74eb-4b72-82bd-d6fa5f6917b3",
	"19aa6808-338c-45b0-8a31-1b3efb70b47a",
	"ba5eda7a-def5-0000-0000-000000000004",
	'message',
	'',
	0,
	'',
	"00000000-0000-0000-0000-000000000000");
INSERT INTO C_PP
	VALUES ("72b44e45-7f11-4d56-b05a-ba5d1c400822",
	"19aa6808-338c-45b0-8a31-1b3efb70b47a",
	"ba5eda7a-def5-0000-0000-000000000005",
	'sessionID',
	'',
	0,
	'',
	"a3b665ee-74eb-4b72-82bd-d6fa5f6917b3");
INSERT INTO C_EP
	VALUES ("89169ec3-d50b-4b5b-95fa-d95fb15c3f98",
	"708e7060-3f4e-41ab-94ce-7b712ad36251",
	-1,
	'errorSignal',
	'');
INSERT INTO C_AS
	VALUES ("89169ec3-d50b-4b5b-95fa-d95fb15c3f98",
	'errorSignal',
	'',
	1,
	"19aa6808-338c-45b0-8a31-1b3efb70b47a");
INSERT INTO C_PP
	VALUES ("ed7f9ed0-5d21-4eea-b033-d488f64972b9",
	"89169ec3-d50b-4b5b-95fa-d95fb15c3f98",
	"ba5eda7a-def5-0000-0000-000000000004",
	'message',
	'',
	0,
	'',
	"00000000-0000-0000-0000-000000000000");
INSERT INTO C_PP
	VALUES ("b7eec5b3-9293-44d8-a8e2-b9f70df8f0cd",
	"89169ec3-d50b-4b5b-95fa-d95fb15c3f98",
	"ba5eda7a-def5-0000-0000-000000000005",
	'sessionID',
	'',
	0,
	'',
	"ed7f9ed0-5d21-4eea-b033-d488f64972b9");
INSERT INTO C_EP
	VALUES ("b21fad1b-897b-424f-84f8-01bdab76de49",
	"708e7060-3f4e-41ab-94ce-7b712ad36251",
	-1,
	'requestSession',
	'');
INSERT INTO C_AS
	VALUES ("b21fad1b-897b-424f-84f8-01bdab76de49",
	'requestSession',
	'',
	0,
	"89169ec3-d50b-4b5b-95fa-d95fb15c3f98");
INSERT INTO C_EP
	VALUES ("0a31b7ea-b3a4-43b3-bfab-1e664637468e",
	"708e7060-3f4e-41ab-94ce-7b712ad36251",
	-1,
	'session',
	'');
INSERT INTO C_AS
	VALUES ("0a31b7ea-b3a4-43b3-bfab-1e664637468e",
	'session',
	'',
	1,
	"b21fad1b-897b-424f-84f8-01bdab76de49");
INSERT INTO C_PP
	VALUES ("fec1123c-a15a-45df-adbc-758261d72c0f",
	"0a31b7ea-b3a4-43b3-bfab-1e664637468e",
	"ba5eda7a-def5-0000-0000-000000000005",
	'sessionID',
	'',
	0,
	'',
	"00000000-0000-0000-0000-000000000000");
INSERT INTO PE_PE
	VALUES ("d3b89130-5e09-458f-8658-ed03578dbab3",
	1,
	"182dfb43-4b42-4388-a888-adc923ffd180",
	"00000000-0000-0000-0000-000000000000",
	6);
INSERT INTO C_I
	VALUES ("d3b89130-5e09-458f-8658-ed03578dbab3",
	"00000000-0000-0000-0000-000000000000",
	'CustomerInterface',
	'');
INSERT INTO C_EP
	VALUES ("5a79bc11-70d7-456a-8187-45d268168aef",
	"d3b89130-5e09-458f-8658-ed03578dbab3",
	-1,
	'confirmSignal',
	'');
INSERT INTO C_AS
	VALUES ("5a79bc11-70d7-456a-8187-45d268168aef",
	'confirmSignal',
	'',
	0,
	"00000000-0000-0000-0000-000000000000");
INSERT INTO C_PP
	VALUES ("0c370872-4365-46c5-b66f-fb3edc2ab789",
	"5a79bc11-70d7-456a-8187-45d268168aef",
	"ba5eda7a-def5-0000-0000-000000000005",
	'sessionID',
	'',
	0,
	'',
	"00000000-0000-0000-0000-000000000000");
INSERT INTO C_PP
	VALUES ("a7ee52ac-1079-402e-9ca3-ec1b366efe2e",
	"5a79bc11-70d7-456a-8187-45d268168aef",
	"ba5eda7a-def5-0000-0000-000000000004",
	'message',
	'',
	0,
	'',
	"0c370872-4365-46c5-b66f-fb3edc2ab789");
INSERT INTO C_EP
	VALUES ("b6421df2-c058-463a-8282-eefa32587ce7",
	"d3b89130-5e09-458f-8658-ed03578dbab3",
	-1,
	's2',
	'');
INSERT INTO C_AS
	VALUES ("b6421df2-c058-463a-8282-eefa32587ce7",
	's2',
	'',
	0,
	"5a79bc11-70d7-456a-8187-45d268168aef");
INSERT INTO C_EP
	VALUES ("da9dc9a3-9bf8-4e9e-8d76-0469a00019ef",
	"d3b89130-5e09-458f-8658-ed03578dbab3",
	-1,
	's1',
	'');
INSERT INTO C_AS
	VALUES ("da9dc9a3-9bf8-4e9e-8d76-0469a00019ef",
	's1',
	'',
	0,
	"b6421df2-c058-463a-8282-eefa32587ce7");
INSERT INTO C_EP
	VALUES ("895459b4-8cad-487c-ac02-41f7392c1417",
	"d3b89130-5e09-458f-8658-ed03578dbab3",
	-1,
	's2',
	'');
INSERT INTO C_AS
	VALUES ("895459b4-8cad-487c-ac02-41f7392c1417",
	's2',
	'',
	0,
	"da9dc9a3-9bf8-4e9e-8d76-0469a00019ef");
INSERT INTO C_EP
	VALUES ("b0219670-df70-4ff6-984b-04f391308d00",
	"d3b89130-5e09-458f-8658-ed03578dbab3",
	-1,
	's1',
	'');
INSERT INTO C_AS
	VALUES ("b0219670-df70-4ff6-984b-04f391308d00",
	's1',
	'',
	0,
	"895459b4-8cad-487c-ac02-41f7392c1417");
INSERT INTO C_EP
	VALUES ("cb5b5b24-04f0-4601-b19b-0cf189cea793",
	"d3b89130-5e09-458f-8658-ed03578dbab3",
	-1,
	's2',
	'');
INSERT INTO C_AS
	VALUES ("cb5b5b24-04f0-4601-b19b-0cf189cea793",
	's2',
	'',
	0,
	"b0219670-df70-4ff6-984b-04f391308d00");
INSERT INTO C_EP
	VALUES ("8328ef36-07dc-427a-b0b8-9f12e1b984b7",
	"d3b89130-5e09-458f-8658-ed03578dbab3",
	-1,
	's1',
	'');
INSERT INTO C_AS
	VALUES ("8328ef36-07dc-427a-b0b8-9f12e1b984b7",
	's1',
	'',
	0,
	"cb5b5b24-04f0-4601-b19b-0cf189cea793");
INSERT INTO C_EP
	VALUES ("81dc0de0-c0d1-40f4-b861-04e7a9398949",
	"d3b89130-5e09-458f-8658-ed03578dbab3",
	-1,
	's2',
	'');
INSERT INTO C_AS
	VALUES ("81dc0de0-c0d1-40f4-b861-04e7a9398949",
	's2',
	'',
	0,
	"8328ef36-07dc-427a-b0b8-9f12e1b984b7");
INSERT INTO C_EP
	VALUES ("748bf7ad-3d75-40b6-9747-281878d13d6b",
	"d3b89130-5e09-458f-8658-ed03578dbab3",
	-1,
	's1',
	'');
INSERT INTO C_AS
	VALUES ("748bf7ad-3d75-40b6-9747-281878d13d6b",
	's1',
	'',
	0,
	"81dc0de0-c0d1-40f4-b861-04e7a9398949");
INSERT INTO C_EP
	VALUES ("c446a9a5-de06-4b24-a8cc-957599ee3e34",
	"d3b89130-5e09-458f-8658-ed03578dbab3",
	-1,
	's2',
	'');
INSERT INTO C_AS
	VALUES ("c446a9a5-de06-4b24-a8cc-957599ee3e34",
	's2',
	'',
	0,
	"748bf7ad-3d75-40b6-9747-281878d13d6b");
INSERT INTO C_EP
	VALUES ("fa304608-7681-41c3-ad76-a0f6e8611f35",
	"d3b89130-5e09-458f-8658-ed03578dbab3",
	-1,
	's1',
	'');
INSERT INTO C_AS
	VALUES ("fa304608-7681-41c3-ad76-a0f6e8611f35",
	's1',
	'',
	0,
	"c446a9a5-de06-4b24-a8cc-957599ee3e34");
INSERT INTO C_EP
	VALUES ("0184b93d-0963-496f-b323-26d0404529d6",
	"d3b89130-5e09-458f-8658-ed03578dbab3",
	-1,
	's2',
	'');
INSERT INTO C_AS
	VALUES ("0184b93d-0963-496f-b323-26d0404529d6",
	's2',
	'',
	0,
	"fa304608-7681-41c3-ad76-a0f6e8611f35");
INSERT INTO C_EP
	VALUES ("b6137a20-d83a-4130-90cf-4bbff803d680",
	"d3b89130-5e09-458f-8658-ed03578dbab3",
	-1,
	's1',
	'');
INSERT INTO C_AS
	VALUES ("b6137a20-d83a-4130-90cf-4bbff803d680",
	's1',
	'',
	0,
	"0184b93d-0963-496f-b323-26d0404529d6");
INSERT INTO C_EP
	VALUES ("4955e92a-9d9e-450c-aa80-bb592becd350",
	"d3b89130-5e09-458f-8658-ed03578dbab3",
	-1,
	's2',
	'');
INSERT INTO C_AS
	VALUES ("4955e92a-9d9e-450c-aa80-bb592becd350",
	's2',
	'',
	0,
	"b6137a20-d83a-4130-90cf-4bbff803d680");
INSERT INTO C_EP
	VALUES ("e13258fc-6b0d-44ea-8ef2-7a156ee15593",
	"d3b89130-5e09-458f-8658-ed03578dbab3",
	-1,
	's1',
	'');
INSERT INTO C_AS
	VALUES ("e13258fc-6b0d-44ea-8ef2-7a156ee15593",
	's1',
	'',
	0,
	"4955e92a-9d9e-450c-aa80-bb592becd350");
INSERT INTO C_EP
	VALUES ("83944b64-b858-449a-8fc8-e20614b23693",
	"d3b89130-5e09-458f-8658-ed03578dbab3",
	-1,
	's2',
	'');
INSERT INTO C_AS
	VALUES ("83944b64-b858-449a-8fc8-e20614b23693",
	's2',
	'',
	0,
	"e13258fc-6b0d-44ea-8ef2-7a156ee15593");
INSERT INTO C_EP
	VALUES ("6849e51f-02ea-4e23-9ba2-af67a12531d4",
	"d3b89130-5e09-458f-8658-ed03578dbab3",
	-1,
	'o1',
	'');
INSERT INTO C_IO
	VALUES ("6849e51f-02ea-4e23-9ba2-af67a12531d4",
	"ba5eda7a-def5-0000-0000-000000000000",
	'o1',
	'',
	0,
	'',
	"00000000-0000-0000-0000-000000000000");
INSERT INTO C_EP
	VALUES ("1a8e5c38-7020-4123-ba0e-67897534dc19",
	"d3b89130-5e09-458f-8658-ed03578dbab3",
	-1,
	'o2',
	'');
INSERT INTO C_IO
	VALUES ("1a8e5c38-7020-4123-ba0e-67897534dc19",
	"ba5eda7a-def5-0000-0000-000000000000",
	'o2',
	'',
	0,
	'',
	"6849e51f-02ea-4e23-9ba2-af67a12531d4");
INSERT INTO C_EP
	VALUES ("83e74f67-f572-4d64-bf5f-6e4117a48ac4",
	"d3b89130-5e09-458f-8658-ed03578dbab3",
	-1,
	'o1',
	'');
INSERT INTO C_IO
	VALUES ("83e74f67-f572-4d64-bf5f-6e4117a48ac4",
	"ba5eda7a-def5-0000-0000-000000000000",
	'o1',
	'',
	0,
	'',
	"1a8e5c38-7020-4123-ba0e-67897534dc19");
INSERT INTO C_EP
	VALUES ("ab21eaf4-6f87-4d16-adcd-35b43eab657c",
	"d3b89130-5e09-458f-8658-ed03578dbab3",
	-1,
	'o2',
	'');
INSERT INTO C_IO
	VALUES ("ab21eaf4-6f87-4d16-adcd-35b43eab657c",
	"ba5eda7a-def5-0000-0000-000000000000",
	'o2',
	'',
	0,
	'',
	"83e74f67-f572-4d64-bf5f-6e4117a48ac4");
INSERT INTO C_EP
	VALUES ("249da9fe-e7f0-4173-8e09-ca48a3cd7d3c",
	"d3b89130-5e09-458f-8658-ed03578dbab3",
	-1,
	'o1',
	'');
INSERT INTO C_IO
	VALUES ("249da9fe-e7f0-4173-8e09-ca48a3cd7d3c",
	"ba5eda7a-def5-0000-0000-000000000000",
	'o1',
	'',
	0,
	'',
	"ab21eaf4-6f87-4d16-adcd-35b43eab657c");
INSERT INTO C_EP
	VALUES ("1bdb7028-c766-4634-b100-e21c9da8a53a",
	"d3b89130-5e09-458f-8658-ed03578dbab3",
	-1,
	'o2',
	'');
INSERT INTO C_IO
	VALUES ("1bdb7028-c766-4634-b100-e21c9da8a53a",
	"ba5eda7a-def5-0000-0000-000000000000",
	'o2',
	'',
	0,
	'',
	"249da9fe-e7f0-4173-8e09-ca48a3cd7d3c");
INSERT INTO C_EP
	VALUES ("c1390e36-a425-496e-8f3a-2c42ea4f65e0",
	"d3b89130-5e09-458f-8658-ed03578dbab3",
	-1,
	'o1',
	'');
INSERT INTO C_IO
	VALUES ("c1390e36-a425-496e-8f3a-2c42ea4f65e0",
	"ba5eda7a-def5-0000-0000-000000000000",
	'o1',
	'',
	0,
	'',
	"1bdb7028-c766-4634-b100-e21c9da8a53a");
INSERT INTO C_EP
	VALUES ("ca27b2e6-6400-41c8-a5a6-65e00a685cfb",
	"d3b89130-5e09-458f-8658-ed03578dbab3",
	-1,
	'o2',
	'');
INSERT INTO C_IO
	VALUES ("ca27b2e6-6400-41c8-a5a6-65e00a685cfb",
	"ba5eda7a-def5-0000-0000-000000000000",
	'o2',
	'',
	0,
	'',
	"c1390e36-a425-496e-8f3a-2c42ea4f65e0");
INSERT INTO C_EP
	VALUES ("f4160a28-9e80-4907-a5b7-dd7069143dd9",
	"d3b89130-5e09-458f-8658-ed03578dbab3",
	-1,
	'o1',
	'');
INSERT INTO C_IO
	VALUES ("f4160a28-9e80-4907-a5b7-dd7069143dd9",
	"ba5eda7a-def5-0000-0000-000000000000",
	'o1',
	'',
	0,
	'',
	"ca27b2e6-6400-41c8-a5a6-65e00a685cfb");
INSERT INTO C_EP
	VALUES ("df0ef208-77f8-42fc-9ff9-dc714e539856",
	"d3b89130-5e09-458f-8658-ed03578dbab3",
	-1,
	'o2',
	'');
INSERT INTO C_IO
	VALUES ("df0ef208-77f8-42fc-9ff9-dc714e539856",
	"ba5eda7a-def5-0000-0000-000000000000",
	'o2',
	'',
	0,
	'',
	"f4160a28-9e80-4907-a5b7-dd7069143dd9");
INSERT INTO PE_PE
	VALUES ("611bea7a-9387-43ea-ba5d-394798e936a3",
	1,
	"182dfb43-4b42-4388-a888-adc923ffd180",
	"00000000-0000-0000-0000-000000000000",
	6);
INSERT INTO C_I
	VALUES ("611bea7a-9387-43ea-ba5d-394798e936a3",
	"00000000-0000-0000-0000-000000000000",
	'PaymentProviderInterface',
	'');
INSERT INTO C_EP
	VALUES ("057381f7-153d-4176-80aa-f5f3b349020a",
	"611bea7a-9387-43ea-ba5d-394798e936a3",
	-1,
	'o1',
	'');
INSERT INTO C_IO
	VALUES ("057381f7-153d-4176-80aa-f5f3b349020a",
	"ba5eda7a-def5-0000-0000-000000000000",
	'o1',
	'',
	0,
	'',
	"00000000-0000-0000-0000-000000000000");
INSERT INTO C_EP
	VALUES ("5fa0e52f-a290-4d43-b16c-693b93c717bd",
	"611bea7a-9387-43ea-ba5d-394798e936a3",
	-1,
	'o2',
	'');
INSERT INTO C_IO
	VALUES ("5fa0e52f-a290-4d43-b16c-693b93c717bd",
	"ba5eda7a-def5-0000-0000-000000000000",
	'o2',
	'',
	0,
	'',
	"057381f7-153d-4176-80aa-f5f3b349020a");
INSERT INTO C_EP
	VALUES ("e5dd7715-d98a-4b18-8017-fb338c438e2a",
	"611bea7a-9387-43ea-ba5d-394798e936a3",
	-1,
	'o3',
	'');
INSERT INTO C_IO
	VALUES ("e5dd7715-d98a-4b18-8017-fb338c438e2a",
	"ba5eda7a-def5-0000-0000-000000000000",
	'o3',
	'',
	0,
	'',
	"5fa0e52f-a290-4d43-b16c-693b93c717bd");
INSERT INTO C_EP
	VALUES ("f35fc4e6-b36a-4435-8304-40b31cea0c6e",
	"611bea7a-9387-43ea-ba5d-394798e936a3",
	-1,
	'o4',
	'');
INSERT INTO C_IO
	VALUES ("f35fc4e6-b36a-4435-8304-40b31cea0c6e",
	"ba5eda7a-def5-0000-0000-000000000000",
	'o4',
	'',
	0,
	'',
	"e5dd7715-d98a-4b18-8017-fb338c438e2a");
INSERT INTO C_EP
	VALUES ("7cafd22b-6779-4267-a861-d26be27bb0a1",
	"611bea7a-9387-43ea-ba5d-394798e936a3",
	-1,
	'paymentInfo',
	'');
INSERT INTO C_AS
	VALUES ("7cafd22b-6779-4267-a861-d26be27bb0a1",
	'paymentInfo',
	'',
	0,
	"00000000-0000-0000-0000-000000000000");
INSERT INTO C_PP
	VALUES ("3e11bd4d-9e37-43b1-8c96-4aa3f0a088c2",
	"7cafd22b-6779-4267-a861-d26be27bb0a1",
	"ba5eda7a-def5-0000-0000-000000000005",
	'sessionID',
	'',
	0,
	'',
	"00000000-0000-0000-0000-000000000000");
INSERT INTO C_PP
	VALUES ("dd2424b5-077c-4249-989c-3df4dcf0ca8c",
	"7cafd22b-6779-4267-a861-d26be27bb0a1",
	"ba5eda7a-def5-0000-0000-000000000004",
	'paymentMethod',
	'',
	0,
	'',
	"3e11bd4d-9e37-43b1-8c96-4aa3f0a088c2");
INSERT INTO C_EP
	VALUES ("2d9cd3fd-553c-48ce-b032-46811da9d137",
	"611bea7a-9387-43ea-ba5d-394798e936a3",
	-1,
	'paymentValid',
	'');
INSERT INTO C_AS
	VALUES ("2d9cd3fd-553c-48ce-b032-46811da9d137",
	'paymentValid',
	'',
	1,
	"7cafd22b-6779-4267-a861-d26be27bb0a1");
INSERT INTO C_PP
	VALUES ("3c67296b-7a0c-4a7f-a53a-fa87f9307dfd",
	"2d9cd3fd-553c-48ce-b032-46811da9d137",
	"ba5eda7a-def5-0000-0000-000000000005",
	'sessionID',
	'',
	0,
	'',
	"00000000-0000-0000-0000-000000000000");
INSERT INTO C_PP
	VALUES ("b70b0790-90c1-4465-8ee8-3f87ff492a8c",
	"2d9cd3fd-553c-48ce-b032-46811da9d137",
	"ba5eda7a-def5-0000-0000-000000000001",
	'valid',
	'',
	0,
	'',
	"3c67296b-7a0c-4a7f-a53a-fa87f9307dfd");
INSERT INTO C_EP
	VALUES ("2a4861a8-ad7f-463c-8cd6-6e247346484f",
	"611bea7a-9387-43ea-ba5d-394798e936a3",
	-1,
	's1',
	'');
INSERT INTO C_AS
	VALUES ("2a4861a8-ad7f-463c-8cd6-6e247346484f",
	's1',
	'',
	0,
	"2d9cd3fd-553c-48ce-b032-46811da9d137");
INSERT INTO C_EP
	VALUES ("7d2bcad0-f2fe-466a-9f5c-5685971410a6",
	"611bea7a-9387-43ea-ba5d-394798e936a3",
	-1,
	's1',
	'');
INSERT INTO C_AS
	VALUES ("7d2bcad0-f2fe-466a-9f5c-5685971410a6",
	's1',
	'',
	0,
	"2a4861a8-ad7f-463c-8cd6-6e247346484f");
INSERT INTO C_EP
	VALUES ("c99c125a-095f-4952-a629-0621c7dbdb11",
	"611bea7a-9387-43ea-ba5d-394798e936a3",
	-1,
	's1',
	'');
INSERT INTO C_AS
	VALUES ("c99c125a-095f-4952-a629-0621c7dbdb11",
	's1',
	'',
	0,
	"7d2bcad0-f2fe-466a-9f5c-5685971410a6");
INSERT INTO C_EP
	VALUES ("6ff3a8a7-9b80-439a-8fb0-f17f749b7d3c",
	"611bea7a-9387-43ea-ba5d-394798e936a3",
	-1,
	's1',
	'');
INSERT INTO C_AS
	VALUES ("6ff3a8a7-9b80-439a-8fb0-f17f749b7d3c",
	's1',
	'',
	0,
	"c99c125a-095f-4952-a629-0621c7dbdb11");
INSERT INTO C_EP
	VALUES ("188f5759-e501-4f70-94fb-2bfb59a128ae",
	"611bea7a-9387-43ea-ba5d-394798e936a3",
	-1,
	's1',
	'');
INSERT INTO C_AS
	VALUES ("188f5759-e501-4f70-94fb-2bfb59a128ae",
	's1',
	'',
	0,
	"6ff3a8a7-9b80-439a-8fb0-f17f749b7d3c");
INSERT INTO C_EP
	VALUES ("a9cff890-a2c5-4f18-8bf3-c9a31e0eefc9",
	"611bea7a-9387-43ea-ba5d-394798e936a3",
	-1,
	's1',
	'');
INSERT INTO C_AS
	VALUES ("a9cff890-a2c5-4f18-8bf3-c9a31e0eefc9",
	's1',
	'',
	0,
	"188f5759-e501-4f70-94fb-2bfb59a128ae");
INSERT INTO C_EP
	VALUES ("503de9c4-232e-4cc9-a0f8-5ac6bffee450",
	"611bea7a-9387-43ea-ba5d-394798e936a3",
	-1,
	's1',
	'');
INSERT INTO C_AS
	VALUES ("503de9c4-232e-4cc9-a0f8-5ac6bffee450",
	's1',
	'',
	0,
	"a9cff890-a2c5-4f18-8bf3-c9a31e0eefc9");
INSERT INTO C_EP
	VALUES ("3fdee974-5494-4d1a-8172-e9db9f8ae18d",
	"611bea7a-9387-43ea-ba5d-394798e936a3",
	-1,
	'o1',
	'');
INSERT INTO C_IO
	VALUES ("3fdee974-5494-4d1a-8172-e9db9f8ae18d",
	"ba5eda7a-def5-0000-0000-000000000000",
	'o1',
	'',
	0,
	'',
	"f35fc4e6-b36a-4435-8304-40b31cea0c6e");
INSERT INTO C_EP
	VALUES ("8b1a5345-340a-4d43-bb67-90ce4607fc5a",
	"611bea7a-9387-43ea-ba5d-394798e936a3",
	-1,
	'o2',
	'');
INSERT INTO C_IO
	VALUES ("8b1a5345-340a-4d43-bb67-90ce4607fc5a",
	"ba5eda7a-def5-0000-0000-000000000000",
	'o2',
	'',
	0,
	'',
	"3fdee974-5494-4d1a-8172-e9db9f8ae18d");
INSERT INTO C_EP
	VALUES ("2832886f-8f87-4313-99c5-547439cd85f3",
	"611bea7a-9387-43ea-ba5d-394798e936a3",
	-1,
	'o3',
	'');
INSERT INTO C_IO
	VALUES ("2832886f-8f87-4313-99c5-547439cd85f3",
	"ba5eda7a-def5-0000-0000-000000000000",
	'o3',
	'',
	0,
	'',
	"8b1a5345-340a-4d43-bb67-90ce4607fc5a");
INSERT INTO C_EP
	VALUES ("bf1855b8-817f-4c4d-9922-307c6ef9976e",
	"611bea7a-9387-43ea-ba5d-394798e936a3",
	-1,
	'o4',
	'');
INSERT INTO C_IO
	VALUES ("bf1855b8-817f-4c4d-9922-307c6ef9976e",
	"ba5eda7a-def5-0000-0000-000000000000",
	'o4',
	'',
	0,
	'',
	"2832886f-8f87-4313-99c5-547439cd85f3");
INSERT INTO PE_PE
	VALUES ("7af64316-7236-4637-9c49-e47d2784ce9e",
	1,
	"182dfb43-4b42-4388-a888-adc923ffd180",
	"00000000-0000-0000-0000-000000000000",
	6);
INSERT INTO C_I
	VALUES ("7af64316-7236-4637-9c49-e47d2784ce9e",
	"00000000-0000-0000-0000-000000000000",
	'StaffInterface',
	'');
INSERT INTO C_EP
	VALUES ("c86ea0b4-abc2-4994-bee2-500e130b8b73",
	"7af64316-7236-4637-9c49-e47d2784ce9e",
	-1,
	'addFacility',
	'');
INSERT INTO C_AS
	VALUES ("c86ea0b4-abc2-4994-bee2-500e130b8b73",
	'addFacility',
	'',
	0,
	"00000000-0000-0000-0000-000000000000");
INSERT INTO C_PP
	VALUES ("5055dfea-acfb-446f-9a4a-c84ab94fb0c6",
	"c86ea0b4-abc2-4994-bee2-500e130b8b73",
	"ba5eda7a-def5-0000-0000-000000000004",
	'facilityID',
	'',
	0,
	'',
	"00000000-0000-0000-0000-000000000000");
INSERT INTO C_PP
	VALUES ("3ed552e5-044a-477f-847c-2beaa7359a32",
	"c86ea0b4-abc2-4994-bee2-500e130b8b73",
	"ba5eda7a-def5-0000-0000-000000000002",
	'facilityType',
	'',
	0,
	'',
	"5055dfea-acfb-446f-9a4a-c84ab94fb0c6");
INSERT INTO C_EP
	VALUES ("19f06228-e268-4733-9af7-92f3f313ceff",
	"7af64316-7236-4637-9c49-e47d2784ce9e",
	-1,
	'addFacilityType',
	'');
INSERT INTO C_AS
	VALUES ("19f06228-e268-4733-9af7-92f3f313ceff",
	'addFacilityType',
	'',
	0,
	"c86ea0b4-abc2-4994-bee2-500e130b8b73");
INSERT INTO C_PP
	VALUES ("fc57c5a9-de76-4b8c-a1eb-66202621f92f",
	"19f06228-e268-4733-9af7-92f3f313ceff",
	"ba5eda7a-def5-0000-0000-000000000004",
	'approximateArea',
	'',
	0,
	'',
	"00000000-0000-0000-0000-000000000000");
INSERT INTO C_PP
	VALUES ("ffbe64fe-56a6-4c62-b5e4-b28648e78656",
	"19f06228-e268-4733-9af7-92f3f313ceff",
	"ba5eda7a-def5-0000-0000-000000000004",
	'name',
	'',
	0,
	'',
	"fc57c5a9-de76-4b8c-a1eb-66202621f92f");
INSERT INTO C_PP
	VALUES ("de5edff6-21df-436a-baaf-ee1a13999228",
	"19f06228-e268-4733-9af7-92f3f313ceff",
	"ba5eda7a-def5-0000-0000-000000000003",
	'price',
	'',
	0,
	'',
	"ffbe64fe-56a6-4c62-b5e4-b28648e78656");
INSERT INTO C_PP
	VALUES ("ae84f3b2-9628-4fe2-abfc-6630078db393",
	"19f06228-e268-4733-9af7-92f3f313ceff",
	"ba5eda7a-def5-0000-0000-000000000004",
	'description',
	'',
	0,
	'',
	"de5edff6-21df-436a-baaf-ee1a13999228");
INSERT INTO C_PP
	VALUES ("168a7192-30ca-4de0-bf9d-037a1494e638",
	"19f06228-e268-4733-9af7-92f3f313ceff",
	"ba5eda7a-def5-0000-0000-000000000002",
	'id',
	'',
	0,
	'',
	"ae84f3b2-9628-4fe2-abfc-6630078db393");
INSERT INTO C_EP
	VALUES ("cd0882a7-a468-425e-a99e-c9480ba64c90",
	"7af64316-7236-4637-9c49-e47d2784ce9e",
	-1,
	'sendFacilityType',
	'');
INSERT INTO C_AS
	VALUES ("cd0882a7-a468-425e-a99e-c9480ba64c90",
	'sendFacilityType',
	'',
	1,
	"19f06228-e268-4733-9af7-92f3f313ceff");
INSERT INTO C_PP
	VALUES ("f9b7191e-c871-410b-a95e-320c345ff717",
	"cd0882a7-a468-425e-a99e-c9480ba64c90",
	"ba5eda7a-def5-0000-0000-000000000002",
	'facilityTypeID',
	'',
	0,
	'',
	"00000000-0000-0000-0000-000000000000");
INSERT INTO C_PP
	VALUES ("66f48a6d-8afc-4211-a78f-a96043aff758",
	"cd0882a7-a468-425e-a99e-c9480ba64c90",
	"ba5eda7a-def5-0000-0000-000000000004",
	'name',
	'',
	0,
	'',
	"f9b7191e-c871-410b-a95e-320c345ff717");
INSERT INTO PE_PE
	VALUES ("0968771f-8553-4274-be70-86a03e4e6267",
	1,
	"08644b1f-a992-4e52-8ec3-1f5eff4dec19",
	"00000000-0000-0000-0000-000000000000",
	2);
INSERT INTO C_C
	VALUES ("0968771f-8553-4274-be70-86a03e4e6267",
	"00000000-0000-0000-0000-000000000000",
	"00000000-0000-0000-0000-000000000000",
	'UserComponent',
	'',
	0,
	"00000000-0000-0000-0000-000000000000",
	0,
	'');
INSERT INTO C_PO
	VALUES ("187ffcd4-1a0a-4d08-9368-d7eb60024fef",
	"0968771f-8553-4274-be70-86a03e4e6267",
	'UserInterface',
	0,
	0);
INSERT INTO C_IR
	VALUES ("59710e0c-1d62-4800-a82b-b80bbaed4667",
	"708e7060-3f4e-41ab-94ce-7b712ad36251",
	"00000000-0000-0000-0000-000000000000",
	"187ffcd4-1a0a-4d08-9368-d7eb60024fef");
INSERT INTO C_R
	VALUES ("59710e0c-1d62-4800-a82b-b80bbaed4667",
	'BookingProvider',
	'',
	'Unnamed Interface',
	'UserComponent::UserInterface::BookingProvider');
INSERT INTO SPR_REP
	VALUES ("0f4f0c74-9081-4693-8692-8e7887366c52",
	"8500002a-94f3-4a61-bfa8-32f8fd7d89b4",
	"59710e0c-1d62-4800-a82b-b80bbaed4667");
INSERT INTO SPR_RS
	VALUES ("0f4f0c74-9081-4693-8692-8e7887366c52",
	'requestAvailableBookables',
	'',
	'',
	1);
INSERT INTO ACT_RSB
	VALUES ("d61fb44c-66c4-49cc-bb7c-d618594a1325",
	"0f4f0c74-9081-4693-8692-8e7887366c52");
INSERT INTO ACT_ACT
	VALUES ("d61fb44c-66c4-49cc-bb7c-d618594a1325",
	'signal',
	0,
	"8936bdff-6107-453b-8829-29a66dc3a234",
	"00000000-0000-0000-0000-000000000000",
	0,
	'UserInterface::BookingProvider::requestAvailableBookables',
	"00000000-0000-0000-0000-000000000000");
INSERT INTO ACT_BLK
	VALUES ("8936bdff-6107-453b-8829-29a66dc3a234",
	0,
	0,
	0,
	'',
	'',
	'',
	0,
	0,
	0,
	0,
	0,
	0,
	0,
	0,
	0,
	0,
	0,
	0,
	0,
	"d61fb44c-66c4-49cc-bb7c-d618594a1325",
	"00000000-0000-0000-0000-000000000000");
INSERT INTO SPR_REP
	VALUES ("3680a2b1-7282-4b1a-ac97-358f023efa4b",
	"54d1cfcd-e847-40b5-be88-ddf038c56595",
	"59710e0c-1d62-4800-a82b-b80bbaed4667");
INSERT INTO SPR_RS
	VALUES ("3680a2b1-7282-4b1a-ac97-358f023efa4b",
	'available',
	'',
	'select any st from instances of SIMPLETEST where selected.sessionID == param.sessionID;

if (not_empty st)
	generate SIMPLETEST3:availableEvent(id:param.id,
										price:param.price,
										description:param.description,
										aproximateArea:param.aproximateArea,
										independent:param.independent) to st;
else;
	LOG::LogInfo(message: "Error, no user session found");
end if;',
	1);
INSERT INTO ACT_RSB
	VALUES ("f9f439a0-d61f-44b6-b14c-8b7fbbad5b8e",
	"3680a2b1-7282-4b1a-ac97-358f023efa4b");
INSERT INTO ACT_ACT
	VALUES ("f9f439a0-d61f-44b6-b14c-8b7fbbad5b8e",
	'signal',
	0,
	"607b2ac0-55b8-48a5-9ac7-07b39b453d52",
	"00000000-0000-0000-0000-000000000000",
	0,
	'UserInterface::BookingProvider::available',
	"00000000-0000-0000-0000-000000000000");
INSERT INTO ACT_BLK
	VALUES ("607b2ac0-55b8-48a5-9ac7-07b39b453d52",
	1,
	0,
	1,
	'',
	'',
	'',
	3,
	1,
	1,
	33,
	0,
	0,
	0,
	0,
	0,
	0,
	0,
	0,
	0,
	"f9f439a0-d61f-44b6-b14c-8b7fbbad5b8e",
	"00000000-0000-0000-0000-000000000000");
INSERT INTO ACT_SMT
	VALUES ("44be856e-5d8e-4286-95ad-7b0076e6bb4a",
	"607b2ac0-55b8-48a5-9ac7-07b39b453d52",
	"c324c81f-effe-4858-b1e9-7821ea6a02ec",
	1,
	1,
	'UserInterface::BookingProvider::available line: 1');
INSERT INTO ACT_FIW
	VALUES ("44be856e-5d8e-4286-95ad-7b0076e6bb4a",
	"fd813642-56fb-4c7c-b9c8-91e099b41b88",
	1,
	'any',
	"5d011e70-c2aa-4db7-ac1a-adcd23321bc9",
	"6daee5e1-aefd-49c8-b18d-234fb0eb1928",
	1,
	33);
INSERT INTO ACT_SMT
	VALUES ("c324c81f-effe-4858-b1e9-7821ea6a02ec",
	"607b2ac0-55b8-48a5-9ac7-07b39b453d52",
	"00000000-0000-0000-0000-000000000000",
	3,
	1,
	'UserInterface::BookingProvider::available line: 3');
INSERT INTO ACT_IF
	VALUES ("c324c81f-effe-4858-b1e9-7821ea6a02ec",
	"8e1190e8-b73f-4cc2-9b07-69785186649a",
	"3a4db842-c008-4cd1-b223-955aa220bcf8",
	"00000000-0000-0000-0000-000000000000",
	"00000000-0000-0000-0000-000000000000");
INSERT INTO V_VAL
	VALUES ("2e940bd0-c606-4cb4-907a-aeecc0879a32",
	0,
	0,
	1,
	50,
	-1,
	0,
	0,
	0,
	0,
	"ba5eda7a-def5-0000-0000-000000000008",
	"607b2ac0-55b8-48a5-9ac7-07b39b453d52");
INSERT INTO V_SLR
	VALUES ("2e940bd0-c606-4cb4-907a-aeecc0879a32",
	"00000000-0000-0000-0000-000000000000",
	"00000000-0000-0000-0000-000000000000",
	"00000000-0000-0000-0000-000000000000");
INSERT INTO V_VAL
	VALUES ("96ff7b62-a2ab-40cb-9991-81cef8f311c5",
	0,
	0,
	1,
	59,
	67,
	0,
	0,
	0,
	0,
	"ba5eda7a-def5-0000-0000-000000000005",
	"607b2ac0-55b8-48a5-9ac7-07b39b453d52");
INSERT INTO V_AVL
	VALUES ("96ff7b62-a2ab-40cb-9991-81cef8f311c5",
	"2e940bd0-c606-4cb4-907a-aeecc0879a32",
	"6daee5e1-aefd-49c8-b18d-234fb0eb1928",
	"10645a6f-534c-4e7d-84b2-77d94f3125c4");
INSERT INTO V_VAL
	VALUES ("5d011e70-c2aa-4db7-ac1a-adcd23321bc9",
	0,
	0,
	-1,
	-1,
	-1,
	0,
	0,
	0,
	0,
	"ba5eda7a-def5-0000-0000-000000000001",
	"607b2ac0-55b8-48a5-9ac7-07b39b453d52");
INSERT INTO V_BIN
	VALUES ("5d011e70-c2aa-4db7-ac1a-adcd23321bc9",
	"0d17ff8a-8814-4906-9474-3b39cfd9e9ae",
	"96ff7b62-a2ab-40cb-9991-81cef8f311c5",
	'==');
INSERT INTO V_VAL
	VALUES ("0d17ff8a-8814-4906-9474-3b39cfd9e9ae",
	0,
	0,
	1,
	78,
	86,
	0,
	0,
	0,
	0,
	"ba5eda7a-def5-0000-0000-000000000005",
	"607b2ac0-55b8-48a5-9ac7-07b39b453d52");
INSERT INTO V_PVL
	VALUES ("0d17ff8a-8814-4906-9474-3b39cfd9e9ae",
	"00000000-0000-0000-0000-000000000000",
	"00000000-0000-0000-0000-000000000000",
	"00000000-0000-0000-0000-000000000000",
	"17a9f7ea-28a3-4e6d-b3f3-f63e218c3b1a");
INSERT INTO V_VAL
	VALUES ("fcec52e0-771e-4ef9-8dc3-2301f12d81ea",
	0,
	0,
	3,
	15,
	16,
	0,
	0,
	0,
	0,
	"9db8c033-ff94-41f2-bd5c-36e5cdae0e4b",
	"607b2ac0-55b8-48a5-9ac7-07b39b453d52");
INSERT INTO V_IRF
	VALUES ("fcec52e0-771e-4ef9-8dc3-2301f12d81ea",
	"fd813642-56fb-4c7c-b9c8-91e099b41b88");
INSERT INTO V_VAL
	VALUES ("3a4db842-c008-4cd1-b223-955aa220bcf8",
	0,
	0,
	-1,
	-1,
	-1,
	0,
	0,
	0,
	0,
	"ba5eda7a-def5-0000-0000-000000000001",
	"607b2ac0-55b8-48a5-9ac7-07b39b453d52");
INSERT INTO V_UNY
	VALUES ("3a4db842-c008-4cd1-b223-955aa220bcf8",
	"fcec52e0-771e-4ef9-8dc3-2301f12d81ea",
	'not_empty');
INSERT INTO V_VAR
	VALUES ("fd813642-56fb-4c7c-b9c8-91e099b41b88",
	"607b2ac0-55b8-48a5-9ac7-07b39b453d52",
	'st',
	1,
	"9db8c033-ff94-41f2-bd5c-36e5cdae0e4b");
INSERT INTO V_INT
	VALUES ("fd813642-56fb-4c7c-b9c8-91e099b41b88",
	0,
	"6daee5e1-aefd-49c8-b18d-234fb0eb1928");
INSERT INTO V_LOC
	VALUES ("867397c0-7cf2-4751-852b-12c597207739",
	1,
	12,
	13,
	"fd813642-56fb-4c7c-b9c8-91e099b41b88");
INSERT INTO V_LOC
	VALUES ("a22f321f-2df0-49ae-9f32-96c643bff71a",
	8,
	45,
	46,
	"fd813642-56fb-4c7c-b9c8-91e099b41b88");
INSERT INTO ACT_BLK
	VALUES ("8e1190e8-b73f-4cc2-9b07-69785186649a",
	0,
	0,
	0,
	'LOG',
	'id',
	'independent',
	10,
	2,
	10,
	2,
	0,
	0,
	0,
	0,
	0,
	0,
	0,
	0,
	0,
	"f9f439a0-d61f-44b6-b14c-8b7fbbad5b8e",
	"00000000-0000-0000-0000-000000000000");
INSERT INTO ACT_SMT
	VALUES ("f55ec295-fab9-4e8f-b75f-a674ee3a56c4",
	"8e1190e8-b73f-4cc2-9b07-69785186649a",
	"00000000-0000-0000-0000-000000000000",
	10,
	2,
	'UserInterface::BookingProvider::available line: 10');
INSERT INTO ACT_BRG
	VALUES ("f55ec295-fab9-4e8f-b75f-a674ee3a56c4",
	"768e1cca-7403-495c-9b22-afd11a473eb6",
	10,
	7,
	10,
	2);
INSERT INTO V_VAL
	VALUES ("bfaa16c2-c7e9-4b07-96c1-25138c0654f7",
	0,
	0,
	10,
	24,
	52,
	0,
	0,
	0,
	0,
	"ba5eda7a-def5-0000-0000-000000000004",
	"8e1190e8-b73f-4cc2-9b07-69785186649a");
INSERT INTO V_LST
	VALUES ("bfaa16c2-c7e9-4b07-96c1-25138c0654f7",
	'Error, no user session found');
INSERT INTO V_PAR
	VALUES ("bfaa16c2-c7e9-4b07-96c1-25138c0654f7",
	"f55ec295-fab9-4e8f-b75f-a674ee3a56c4",
	"00000000-0000-0000-0000-000000000000",
	'message',
	"00000000-0000-0000-0000-000000000000",
	10,
	15);
INSERT INTO SPR_REP
	VALUES ("a0805044-494e-48af-9a28-d1e60266c9e8",
	"55b848f9-d68a-4698-bf86-446ac83e49f5",
	"59710e0c-1d62-4800-a82b-b80bbaed4667");
INSERT INTO SPR_RS
	VALUES ("a0805044-494e-48af-9a28-d1e60266c9e8",
	'selectBookable',
	'',
	'',
	1);
INSERT INTO ACT_RSB
	VALUES ("458134c5-82d4-437a-bd91-75d4aef5f7d3",
	"a0805044-494e-48af-9a28-d1e60266c9e8");
INSERT INTO ACT_ACT
	VALUES ("458134c5-82d4-437a-bd91-75d4aef5f7d3",
	'signal',
	0,
	"fff341d9-a5e4-4419-a7a0-68bcb4912521",
	"00000000-0000-0000-0000-000000000000",
	0,
	'UserInterface::BookingProvider::selectBookable',
	"00000000-0000-0000-0000-000000000000");
INSERT INTO ACT_BLK
	VALUES ("fff341d9-a5e4-4419-a7a0-68bcb4912521",
	0,
	0,
	0,
	'',
	'',
	'',
	0,
	0,
	0,
	0,
	0,
	0,
	0,
	0,
	0,
	0,
	0,
	0,
	0,
	"458134c5-82d4-437a-bd91-75d4aef5f7d3",
	"00000000-0000-0000-0000-000000000000");
INSERT INTO SPR_REP
	VALUES ("ed1e87bc-d1d1-48c3-85ae-185abad87897",
	"10d65452-16c4-45b0-ad3e-4dec03bb99a7",
	"59710e0c-1d62-4800-a82b-b80bbaed4667");
INSERT INTO SPR_RS
	VALUES ("ed1e87bc-d1d1-48c3-85ae-185abad87897",
	'extraServices',
	'',
	'',
	1);
INSERT INTO ACT_RSB
	VALUES ("3240d192-5c3f-4f1d-8eea-a7b8be7f3dd0",
	"ed1e87bc-d1d1-48c3-85ae-185abad87897");
INSERT INTO ACT_ACT
	VALUES ("3240d192-5c3f-4f1d-8eea-a7b8be7f3dd0",
	'signal',
	0,
	"9f70eeb5-1071-42c7-a306-9a5d74e5d799",
	"00000000-0000-0000-0000-000000000000",
	0,
	'UserInterface::BookingProvider::extraServices',
	"00000000-0000-0000-0000-000000000000");
INSERT INTO ACT_BLK
	VALUES ("9f70eeb5-1071-42c7-a306-9a5d74e5d799",
	0,
	0,
	0,
	'',
	'',
	'',
	0,
	0,
	0,
	0,
	0,
	0,
	0,
	0,
	0,
	0,
	0,
	0,
	0,
	"3240d192-5c3f-4f1d-8eea-a7b8be7f3dd0",
	"00000000-0000-0000-0000-000000000000");
INSERT INTO SPR_REP
	VALUES ("5eb199d9-39f7-4ed5-a2cb-f0983a52bfa4",
	"87ed1c56-1bee-4041-bca4-056967095bc2",
	"59710e0c-1d62-4800-a82b-b80bbaed4667");
INSERT INTO SPR_RS
	VALUES ("5eb199d9-39f7-4ed5-a2cb-f0983a52bfa4",
	'addServices',
	'',
	'',
	1);
INSERT INTO ACT_RSB
	VALUES ("9956185f-0d5a-4306-9631-33e0768b1b58",
	"5eb199d9-39f7-4ed5-a2cb-f0983a52bfa4");
INSERT INTO ACT_ACT
	VALUES ("9956185f-0d5a-4306-9631-33e0768b1b58",
	'signal',
	0,
	"d45256c1-4d77-4d15-aa82-3eed62cb422a",
	"00000000-0000-0000-0000-000000000000",
	0,
	'UserInterface::BookingProvider::addServices',
	"00000000-0000-0000-0000-000000000000");
INSERT INTO ACT_BLK
	VALUES ("d45256c1-4d77-4d15-aa82-3eed62cb422a",
	0,
	0,
	0,
	'',
	'',
	'',
	0,
	0,
	0,
	0,
	0,
	0,
	0,
	0,
	0,
	0,
	0,
	0,
	0,
	"9956185f-0d5a-4306-9631-33e0768b1b58",
	"00000000-0000-0000-0000-000000000000");
INSERT INTO SPR_REP
	VALUES ("d77be9c2-0803-460b-adcd-8208f0b3441b",
	"57eb1124-4a29-48ad-8677-d8760788067a",
	"59710e0c-1d62-4800-a82b-b80bbaed4667");
INSERT INTO SPR_RS
	VALUES ("d77be9c2-0803-460b-adcd-8208f0b3441b",
	'customerDetails',
	'',
	'',
	1);
INSERT INTO ACT_RSB
	VALUES ("c896c10a-630d-46b5-b0a6-b27df1ba3760",
	"d77be9c2-0803-460b-adcd-8208f0b3441b");
INSERT INTO ACT_ACT
	VALUES ("c896c10a-630d-46b5-b0a6-b27df1ba3760",
	'signal',
	0,
	"d337cbe6-2f1a-40a6-8f02-c37e6ec8c345",
	"00000000-0000-0000-0000-000000000000",
	0,
	'UserInterface::BookingProvider::customerDetails',
	"00000000-0000-0000-0000-000000000000");
INSERT INTO ACT_BLK
	VALUES ("d337cbe6-2f1a-40a6-8f02-c37e6ec8c345",
	0,
	0,
	0,
	'',
	'',
	'',
	0,
	0,
	0,
	0,
	0,
	0,
	0,
	0,
	0,
	0,
	0,
	0,
	0,
	"c896c10a-630d-46b5-b0a6-b27df1ba3760",
	"00000000-0000-0000-0000-000000000000");
INSERT INTO SPR_REP
	VALUES ("ffb380d8-057b-4e3e-8756-add42a8f81d8",
	"275df8ce-b628-4b96-85dd-66e9224fc9df",
	"59710e0c-1d62-4800-a82b-b80bbaed4667");
INSERT INTO SPR_RS
	VALUES ("ffb380d8-057b-4e3e-8756-add42a8f81d8",
	'addGuest',
	'',
	'',
	1);
INSERT INTO ACT_RSB
	VALUES ("858d48ca-787b-4f58-abc7-a1cc8b9d9898",
	"ffb380d8-057b-4e3e-8756-add42a8f81d8");
INSERT INTO ACT_ACT
	VALUES ("858d48ca-787b-4f58-abc7-a1cc8b9d9898",
	'signal',
	0,
	"92ea39ac-f878-4245-99ca-69b8fb999f30",
	"00000000-0000-0000-0000-000000000000",
	0,
	'UserInterface::BookingProvider::addGuest',
	"00000000-0000-0000-0000-000000000000");
INSERT INTO ACT_BLK
	VALUES ("92ea39ac-f878-4245-99ca-69b8fb999f30",
	0,
	0,
	0,
	'',
	'',
	'',
	0,
	0,
	0,
	0,
	0,
	0,
	0,
	0,
	0,
	0,
	0,
	0,
	0,
	"858d48ca-787b-4f58-abc7-a1cc8b9d9898",
	"00000000-0000-0000-0000-000000000000");
INSERT INTO SPR_REP
	VALUES ("4ff24761-bc79-4d00-be36-ac08fa93359b",
	"40e06920-24e2-499d-b1c8-deb66c9637ec",
	"59710e0c-1d62-4800-a82b-b80bbaed4667");
INSERT INTO SPR_RS
	VALUES ("4ff24761-bc79-4d00-be36-ac08fa93359b",
	'paymentInfo',
	'',
	'',
	1);
INSERT INTO ACT_RSB
	VALUES ("b65e7e64-b543-4eb3-bec4-a5c366b238c2",
	"4ff24761-bc79-4d00-be36-ac08fa93359b");
INSERT INTO ACT_ACT
	VALUES ("b65e7e64-b543-4eb3-bec4-a5c366b238c2",
	'signal',
	0,
	"10fe3df8-332f-4bcc-8812-9f49fc5ea257",
	"00000000-0000-0000-0000-000000000000",
	0,
	'UserInterface::BookingProvider::paymentInfo',
	"00000000-0000-0000-0000-000000000000");
INSERT INTO ACT_BLK
	VALUES ("10fe3df8-332f-4bcc-8812-9f49fc5ea257",
	0,
	0,
	0,
	'',
	'',
	'',
	0,
	0,
	0,
	0,
	0,
	0,
	0,
	0,
	0,
	0,
	0,
	0,
	0,
	"b65e7e64-b543-4eb3-bec4-a5c366b238c2",
	"00000000-0000-0000-0000-000000000000");
INSERT INTO SPR_REP
	VALUES ("562d9bef-da1e-4569-aa14-e81b3c6803b7",
	"19aa6808-338c-45b0-8a31-1b3efb70b47a",
	"59710e0c-1d62-4800-a82b-b80bbaed4667");
INSERT INTO SPR_RS
	VALUES ("562d9bef-da1e-4569-aa14-e81b3c6803b7",
	'confirmSignal',
	'',
	'LOG::LogInfo(message: "UC confSig: " + param.message);
select any st from instances of SIMPLETEST where selected.sessionID == param.sessionID;

if(not_empty st)
	
	generate SIMPLETEST4:confirmEvent(message: param.message) to st;

else
	LOG::LogInfo(message: "UC confSig: session not found");
end if;',
	1);
INSERT INTO ACT_RSB
	VALUES ("7fccc617-6afa-4de2-9ff2-70473d179392",
	"562d9bef-da1e-4569-aa14-e81b3c6803b7");
INSERT INTO ACT_ACT
	VALUES ("7fccc617-6afa-4de2-9ff2-70473d179392",
	'signal',
	0,
	"088a5661-168a-4e24-badc-4bf5ec02e0a6",
	"00000000-0000-0000-0000-000000000000",
	0,
	'UserInterface::BookingProvider::confirmSignal',
	"00000000-0000-0000-0000-000000000000");
INSERT INTO ACT_BLK
	VALUES ("088a5661-168a-4e24-badc-4bf5ec02e0a6",
	1,
	0,
	1,
	'LOG',
	'',
	'',
	8,
	1,
	2,
	33,
	0,
	0,
	0,
	0,
	0,
	0,
	0,
	0,
	0,
	"7fccc617-6afa-4de2-9ff2-70473d179392",
	"00000000-0000-0000-0000-000000000000");
INSERT INTO ACT_SMT
	VALUES ("71e6b273-fb1a-4e2d-b442-ce63ddebc0fa",
	"088a5661-168a-4e24-badc-4bf5ec02e0a6",
	"92fe44b4-601e-416a-82bd-8c1d0940fd94",
	1,
	1,
	'UserInterface::BookingProvider::confirmSignal line: 1');
INSERT INTO ACT_BRG
	VALUES ("71e6b273-fb1a-4e2d-b442-ce63ddebc0fa",
	"768e1cca-7403-495c-9b22-afd11a473eb6",
	1,
	6,
	1,
	1);
INSERT INTO ACT_SMT
	VALUES ("92fe44b4-601e-416a-82bd-8c1d0940fd94",
	"088a5661-168a-4e24-badc-4bf5ec02e0a6",
	"9f580cfc-d59a-4e1c-8f76-b69589db4c56",
	2,
	1,
	'UserInterface::BookingProvider::confirmSignal line: 2');
INSERT INTO ACT_FIW
	VALUES ("92fe44b4-601e-416a-82bd-8c1d0940fd94",
	"a07f1358-7d7d-4065-b788-8e2ae05cb58e",
	1,
	'any',
	"7a6a2534-7e46-4824-815e-064991a8730c",
	"6daee5e1-aefd-49c8-b18d-234fb0eb1928",
	2,
	33);
INSERT INTO ACT_SMT
	VALUES ("9f580cfc-d59a-4e1c-8f76-b69589db4c56",
	"088a5661-168a-4e24-badc-4bf5ec02e0a6",
	"00000000-0000-0000-0000-000000000000",
	4,
	1,
	'UserInterface::BookingProvider::confirmSignal line: 4');
INSERT INTO ACT_IF
	VALUES ("9f580cfc-d59a-4e1c-8f76-b69589db4c56",
	"6424ea6d-809e-41cc-a014-4021540a0cd5",
	"c19765c0-ddbe-4be9-a8e9-f81fad84b25d",
	"00000000-0000-0000-0000-000000000000",
	"00000000-0000-0000-0000-000000000000");
INSERT INTO ACT_SMT
	VALUES ("b74268b5-0bff-4f52-93a7-80fc1bf83f8f",
	"088a5661-168a-4e24-badc-4bf5ec02e0a6",
	"00000000-0000-0000-0000-000000000000",
	8,
	1,
	'UserInterface::BookingProvider::confirmSignal line: 8');
INSERT INTO ACT_E
	VALUES ("b74268b5-0bff-4f52-93a7-80fc1bf83f8f",
	"f57b34e7-dfa6-427e-80a7-a0df40004fc2",
	"9f580cfc-d59a-4e1c-8f76-b69589db4c56");
INSERT INTO V_VAL
	VALUES ("2daffa69-05c6-4344-97db-0daf85e5ef16",
	0,
	0,
	1,
	23,
	35,
	0,
	0,
	0,
	0,
	"ba5eda7a-def5-0000-0000-000000000004",
	"088a5661-168a-4e24-badc-4bf5ec02e0a6");
INSERT INTO V_LST
	VALUES ("2daffa69-05c6-4344-97db-0daf85e5ef16",
	'UC confSig: ');
INSERT INTO V_VAL
	VALUES ("69644c50-60dc-41b3-8d22-e153b3f4cd6b",
	0,
	0,
	-1,
	-1,
	-1,
	0,
	0,
	0,
	0,
	"ba5eda7a-def5-0000-0000-000000000004",
	"088a5661-168a-4e24-badc-4bf5ec02e0a6");
INSERT INTO V_BIN
	VALUES ("69644c50-60dc-41b3-8d22-e153b3f4cd6b",
	"e84f7de9-3a5c-4d31-badf-5363082f34a0",
	"2daffa69-05c6-4344-97db-0daf85e5ef16",
	'+');
INSERT INTO V_PAR
	VALUES ("69644c50-60dc-41b3-8d22-e153b3f4cd6b",
	"71e6b273-fb1a-4e2d-b442-ce63ddebc0fa",
	"00000000-0000-0000-0000-000000000000",
	'message',
	"00000000-0000-0000-0000-000000000000",
	1,
	14);
INSERT INTO V_VAL
	VALUES ("e84f7de9-3a5c-4d31-badf-5363082f34a0",
	0,
	0,
	1,
	46,
	52,
	0,
	0,
	0,
	0,
	"ba5eda7a-def5-0000-0000-000000000004",
	"088a5661-168a-4e24-badc-4bf5ec02e0a6");
INSERT INTO V_PVL
	VALUES ("e84f7de9-3a5c-4d31-badf-5363082f34a0",
	"00000000-0000-0000-0000-000000000000",
	"00000000-0000-0000-0000-000000000000",
	"00000000-0000-0000-0000-000000000000",
	"a3b665ee-74eb-4b72-82bd-d6fa5f6917b3");
INSERT INTO V_VAL
	VALUES ("011286bb-5c9f-42db-8810-cd68058dab0d",
	0,
	0,
	2,
	50,
	-1,
	0,
	0,
	0,
	0,
	"ba5eda7a-def5-0000-0000-000000000008",
	"088a5661-168a-4e24-badc-4bf5ec02e0a6");
INSERT INTO V_SLR
	VALUES ("011286bb-5c9f-42db-8810-cd68058dab0d",
	"00000000-0000-0000-0000-000000000000",
	"00000000-0000-0000-0000-000000000000",
	"00000000-0000-0000-0000-000000000000");
INSERT INTO V_VAL
	VALUES ("68441916-9213-44fb-a46b-4e44393a088b",
	0,
	0,
	2,
	59,
	67,
	0,
	0,
	0,
	0,
	"ba5eda7a-def5-0000-0000-000000000005",
	"088a5661-168a-4e24-badc-4bf5ec02e0a6");
INSERT INTO V_AVL
	VALUES ("68441916-9213-44fb-a46b-4e44393a088b",
	"011286bb-5c9f-42db-8810-cd68058dab0d",
	"6daee5e1-aefd-49c8-b18d-234fb0eb1928",
	"10645a6f-534c-4e7d-84b2-77d94f3125c4");
INSERT INTO V_VAL
	VALUES ("7a6a2534-7e46-4824-815e-064991a8730c",
	0,
	0,
	-1,
	-1,
	-1,
	0,
	0,
	0,
	0,
	"ba5eda7a-def5-0000-0000-000000000001",
	"088a5661-168a-4e24-badc-4bf5ec02e0a6");
INSERT INTO V_BIN
	VALUES ("7a6a2534-7e46-4824-815e-064991a8730c",
	"e715efa6-e1ca-46b6-9d86-c94af1854dfc",
	"68441916-9213-44fb-a46b-4e44393a088b",
	'==');
INSERT INTO V_VAL
	VALUES ("e715efa6-e1ca-46b6-9d86-c94af1854dfc",
	0,
	0,
	2,
	78,
	86,
	0,
	0,
	0,
	0,
	"ba5eda7a-def5-0000-0000-000000000005",
	"088a5661-168a-4e24-badc-4bf5ec02e0a6");
INSERT INTO V_PVL
	VALUES ("e715efa6-e1ca-46b6-9d86-c94af1854dfc",
	"00000000-0000-0000-0000-000000000000",
	"00000000-0000-0000-0000-000000000000",
	"00000000-0000-0000-0000-000000000000",
	"72b44e45-7f11-4d56-b05a-ba5d1c400822");
INSERT INTO V_VAL
	VALUES ("2b88ac87-0326-4bcc-9d12-3b307655e82b",
	0,
	0,
	4,
	14,
	15,
	0,
	0,
	0,
	0,
	"9db8c033-ff94-41f2-bd5c-36e5cdae0e4b",
	"088a5661-168a-4e24-badc-4bf5ec02e0a6");
INSERT INTO V_IRF
	VALUES ("2b88ac87-0326-4bcc-9d12-3b307655e82b",
	"a07f1358-7d7d-4065-b788-8e2ae05cb58e");
INSERT INTO V_VAL
	VALUES ("c19765c0-ddbe-4be9-a8e9-f81fad84b25d",
	0,
	0,
	-1,
	-1,
	-1,
	0,
	0,
	0,
	0,
	"ba5eda7a-def5-0000-0000-000000000001",
	"088a5661-168a-4e24-badc-4bf5ec02e0a6");
INSERT INTO V_UNY
	VALUES ("c19765c0-ddbe-4be9-a8e9-f81fad84b25d",
	"2b88ac87-0326-4bcc-9d12-3b307655e82b",
	'not_empty');
INSERT INTO V_VAR
	VALUES ("a07f1358-7d7d-4065-b788-8e2ae05cb58e",
	"088a5661-168a-4e24-badc-4bf5ec02e0a6",
	'st',
	1,
	"9db8c033-ff94-41f2-bd5c-36e5cdae0e4b");
INSERT INTO V_INT
	VALUES ("a07f1358-7d7d-4065-b788-8e2ae05cb58e",
	0,
	"6daee5e1-aefd-49c8-b18d-234fb0eb1928");
INSERT INTO V_LOC
	VALUES ("ea2c0c69-7ca1-4d67-9a17-9a4228176c2e",
	2,
	12,
	13,
	"a07f1358-7d7d-4065-b788-8e2ae05cb58e");
INSERT INTO V_LOC
	VALUES ("f5a0a65f-3a19-4286-bbd6-1d171418fd5b",
	6,
	63,
	64,
	"a07f1358-7d7d-4065-b788-8e2ae05cb58e");
INSERT INTO ACT_BLK
	VALUES ("6424ea6d-809e-41cc-a014-4021540a0cd5",
	0,
	0,
	0,
	'V_VAR.Var_ID',
	'message',
	'message',
	6,
	2,
	0,
	0,
	0,
	0,
	0,
	0,
	0,
	0,
	0,
	0,
	0,
	"7fccc617-6afa-4de2-9ff2-70473d179392",
	"00000000-0000-0000-0000-000000000000");
INSERT INTO ACT_SMT
	VALUES ("77b8f4b4-88eb-473d-b8fc-68165eb5ffa4",
	"6424ea6d-809e-41cc-a014-4021540a0cd5",
	"00000000-0000-0000-0000-000000000000",
	6,
	2,
	'UserInterface::BookingProvider::confirmSignal line: 6');
INSERT INTO E_ESS
	VALUES ("77b8f4b4-88eb-473d-b8fc-68165eb5ffa4",
	1,
	0,
	6,
	11,
	6,
	23,
	0,
	0,
	6,
	36,
	0,
	0);
INSERT INTO V_PAR
	VALUES ("32b0b5d2-0308-44af-ad48-f6d6873fa1b5",
	"77b8f4b4-88eb-473d-b8fc-68165eb5ffa4",
	"00000000-0000-0000-0000-000000000000",
	'message',
	"00000000-0000-0000-0000-000000000000",
	6,
	36);
INSERT INTO E_GES
	VALUES ("77b8f4b4-88eb-473d-b8fc-68165eb5ffa4");
INSERT INTO E_GSME
	VALUES ("77b8f4b4-88eb-473d-b8fc-68165eb5ffa4",
	"e60d8278-0abd-4435-be30-5fb8266237ab");
INSERT INTO E_GEN
	VALUES ("77b8f4b4-88eb-473d-b8fc-68165eb5ffa4",
	"a07f1358-7d7d-4065-b788-8e2ae05cb58e");
INSERT INTO V_VAL
	VALUES ("32b0b5d2-0308-44af-ad48-f6d6873fa1b5",
	0,
	0,
	6,
	51,
	57,
	0,
	0,
	0,
	0,
	"ba5eda7a-def5-0000-0000-000000000004",
	"6424ea6d-809e-41cc-a014-4021540a0cd5");
INSERT INTO V_PVL
	VALUES ("32b0b5d2-0308-44af-ad48-f6d6873fa1b5",
	"00000000-0000-0000-0000-000000000000",
	"00000000-0000-0000-0000-000000000000",
	"00000000-0000-0000-0000-000000000000",
	"a3b665ee-74eb-4b72-82bd-d6fa5f6917b3");
INSERT INTO ACT_BLK
	VALUES ("f57b34e7-dfa6-427e-80a7-a0df40004fc2",
	0,
	0,
	0,
	'LOG',
	'',
	'',
	9,
	2,
	9,
	2,
	0,
	0,
	0,
	0,
	0,
	0,
	0,
	0,
	0,
	"7fccc617-6afa-4de2-9ff2-70473d179392",
	"00000000-0000-0000-0000-000000000000");
INSERT INTO ACT_SMT
	VALUES ("02e4ccbe-d030-451b-bede-6f9dd2b47675",
	"f57b34e7-dfa6-427e-80a7-a0df40004fc2",
	"00000000-0000-0000-0000-000000000000",
	9,
	2,
	'UserInterface::BookingProvider::confirmSignal line: 9');
INSERT INTO ACT_BRG
	VALUES ("02e4ccbe-d030-451b-bede-6f9dd2b47675",
	"768e1cca-7403-495c-9b22-afd11a473eb6",
	9,
	7,
	9,
	2);
INSERT INTO V_VAL
	VALUES ("5ad14b01-3e09-4f6e-a40a-007035c0b65b",
	0,
	0,
	9,
	24,
	53,
	0,
	0,
	0,
	0,
	"ba5eda7a-def5-0000-0000-000000000004",
	"f57b34e7-dfa6-427e-80a7-a0df40004fc2");
INSERT INTO V_LST
	VALUES ("5ad14b01-3e09-4f6e-a40a-007035c0b65b",
	'UC confSig: session not found');
INSERT INTO V_PAR
	VALUES ("5ad14b01-3e09-4f6e-a40a-007035c0b65b",
	"02e4ccbe-d030-451b-bede-6f9dd2b47675",
	"00000000-0000-0000-0000-000000000000",
	'message',
	"00000000-0000-0000-0000-000000000000",
	9,
	15);
INSERT INTO SPR_REP
	VALUES ("a8898a52-2111-40f1-9da3-70247604dd4d",
	"89169ec3-d50b-4b5b-95fa-d95fb15c3f98",
	"59710e0c-1d62-4800-a82b-b80bbaed4667");
INSERT INTO SPR_RS
	VALUES ("a8898a52-2111-40f1-9da3-70247604dd4d",
	'errorSignal',
	'',
	'LOG::LogInfo(message: "ERROR: " + param.message);',
	1);
INSERT INTO ACT_RSB
	VALUES ("480422d3-0c05-48c0-8303-0e7d25dfd78f",
	"a8898a52-2111-40f1-9da3-70247604dd4d");
INSERT INTO ACT_ACT
	VALUES ("480422d3-0c05-48c0-8303-0e7d25dfd78f",
	'signal',
	0,
	"c953c1ae-186f-4f4c-9490-bbf05ac1dae6",
	"00000000-0000-0000-0000-000000000000",
	0,
	'UserInterface::BookingProvider::errorSignal',
	"00000000-0000-0000-0000-000000000000");
INSERT INTO ACT_BLK
	VALUES ("c953c1ae-186f-4f4c-9490-bbf05ac1dae6",
	0,
	0,
	0,
	'LOG',
	'',
	'',
	1,
	1,
	1,
	1,
	0,
	0,
	0,
	0,
	0,
	0,
	0,
	0,
	0,
	"480422d3-0c05-48c0-8303-0e7d25dfd78f",
	"00000000-0000-0000-0000-000000000000");
INSERT INTO ACT_SMT
	VALUES ("2ca61179-17d6-4685-a578-1c3dc27dedc6",
	"c953c1ae-186f-4f4c-9490-bbf05ac1dae6",
	"00000000-0000-0000-0000-000000000000",
	1,
	1,
	'UserInterface::BookingProvider::errorSignal line: 1');
INSERT INTO ACT_BRG
	VALUES ("2ca61179-17d6-4685-a578-1c3dc27dedc6",
	"768e1cca-7403-495c-9b22-afd11a473eb6",
	1,
	6,
	1,
	1);
INSERT INTO V_VAL
	VALUES ("71745ef0-bb50-496d-b900-53815a2603f1",
	0,
	0,
	1,
	23,
	30,
	0,
	0,
	0,
	0,
	"ba5eda7a-def5-0000-0000-000000000004",
	"c953c1ae-186f-4f4c-9490-bbf05ac1dae6");
INSERT INTO V_LST
	VALUES ("71745ef0-bb50-496d-b900-53815a2603f1",
	'ERROR: ');
INSERT INTO V_VAL
	VALUES ("15df55e0-6371-48ae-b7e0-f8d71582d01e",
	0,
	0,
	-1,
	-1,
	-1,
	0,
	0,
	0,
	0,
	"ba5eda7a-def5-0000-0000-000000000004",
	"c953c1ae-186f-4f4c-9490-bbf05ac1dae6");
INSERT INTO V_BIN
	VALUES ("15df55e0-6371-48ae-b7e0-f8d71582d01e",
	"b59d343a-bfdd-4e8a-b7cc-a8f9fda21ac6",
	"71745ef0-bb50-496d-b900-53815a2603f1",
	'+');
INSERT INTO V_PAR
	VALUES ("15df55e0-6371-48ae-b7e0-f8d71582d01e",
	"2ca61179-17d6-4685-a578-1c3dc27dedc6",
	"00000000-0000-0000-0000-000000000000",
	'message',
	"00000000-0000-0000-0000-000000000000",
	1,
	14);
INSERT INTO V_VAL
	VALUES ("b59d343a-bfdd-4e8a-b7cc-a8f9fda21ac6",
	0,
	0,
	1,
	41,
	47,
	0,
	0,
	0,
	0,
	"ba5eda7a-def5-0000-0000-000000000004",
	"c953c1ae-186f-4f4c-9490-bbf05ac1dae6");
INSERT INTO V_PVL
	VALUES ("b59d343a-bfdd-4e8a-b7cc-a8f9fda21ac6",
	"00000000-0000-0000-0000-000000000000",
	"00000000-0000-0000-0000-000000000000",
	"00000000-0000-0000-0000-000000000000",
	"ed7f9ed0-5d21-4eea-b033-d488f64972b9");
INSERT INTO SPR_REP
	VALUES ("4008216b-9430-4340-b497-4f91f4977fec",
	"b21fad1b-897b-424f-84f8-01bdab76de49",
	"59710e0c-1d62-4800-a82b-b80bbaed4667");
INSERT INTO SPR_RS
	VALUES ("4008216b-9430-4340-b497-4f91f4977fec",
	'requestSession',
	'',
	'',
	1);
INSERT INTO ACT_RSB
	VALUES ("59e4ae19-414b-4529-9194-93b65620996c",
	"4008216b-9430-4340-b497-4f91f4977fec");
INSERT INTO ACT_ACT
	VALUES ("59e4ae19-414b-4529-9194-93b65620996c",
	'signal',
	0,
	"282e5000-e7a7-400d-8e0d-a56301f8d8f5",
	"00000000-0000-0000-0000-000000000000",
	0,
	'UserInterface::BookingProvider::requestSession',
	"00000000-0000-0000-0000-000000000000");
INSERT INTO ACT_BLK
	VALUES ("282e5000-e7a7-400d-8e0d-a56301f8d8f5",
	0,
	0,
	0,
	'',
	'',
	'',
	0,
	0,
	0,
	0,
	0,
	0,
	0,
	0,
	0,
	0,
	0,
	0,
	0,
	"59e4ae19-414b-4529-9194-93b65620996c",
	"00000000-0000-0000-0000-000000000000");
INSERT INTO SPR_REP
	VALUES ("8a7f3173-16b8-460c-b31e-aab059b3d85e",
	"0a31b7ea-b3a4-43b3-bfab-1e664637468e",
	"59710e0c-1d62-4800-a82b-b80bbaed4667");
INSERT INTO SPR_RS
	VALUES ("8a7f3173-16b8-460c-b31e-aab059b3d85e",
	'session',
	'',
	'LOG::LogInfo(message: "Got session ID");
select any st from instances of SIMPLETEST;

generate SIMPLETEST2:sessionEvent(sessionID: param.sessionID) to st;
',
	1);
INSERT INTO ACT_RSB
	VALUES ("42c79232-d8ee-47d8-9d67-d0bc383c0c53",
	"8a7f3173-16b8-460c-b31e-aab059b3d85e");
INSERT INTO ACT_ACT
	VALUES ("42c79232-d8ee-47d8-9d67-d0bc383c0c53",
	'signal',
	0,
	"45356890-e9d0-4f7d-ba0d-eb349780e974",
	"00000000-0000-0000-0000-000000000000",
	0,
	'UserInterface::BookingProvider::session',
	"00000000-0000-0000-0000-000000000000");
INSERT INTO ACT_BLK
	VALUES ("45356890-e9d0-4f7d-ba0d-eb349780e974",
	1,
	0,
	0,
	'V_VAR.Var_ID',
	'sessionID',
	'sessionID',
	4,
	1,
	2,
	33,
	0,
	0,
	0,
	0,
	0,
	0,
	0,
	0,
	0,
	"42c79232-d8ee-47d8-9d67-d0bc383c0c53",
	"00000000-0000-0000-0000-000000000000");
INSERT INTO ACT_SMT
	VALUES ("996c4736-c5e0-4887-b86a-cb7ad1948a26",
	"45356890-e9d0-4f7d-ba0d-eb349780e974",
	"e09bd149-01c1-4ea8-a062-613414449248",
	1,
	1,
	'UserInterface::BookingProvider::session line: 1');
INSERT INTO ACT_BRG
	VALUES ("996c4736-c5e0-4887-b86a-cb7ad1948a26",
	"768e1cca-7403-495c-9b22-afd11a473eb6",
	1,
	6,
	1,
	1);
INSERT INTO ACT_SMT
	VALUES ("e09bd149-01c1-4ea8-a062-613414449248",
	"45356890-e9d0-4f7d-ba0d-eb349780e974",
	"69fd3517-7258-4fa6-a257-5cdc4f21678c",
	2,
	1,
	'UserInterface::BookingProvider::session line: 2');
INSERT INTO ACT_FIO
	VALUES ("e09bd149-01c1-4ea8-a062-613414449248",
	"8332f34d-d736-45cd-a4dc-3efa29643f5c",
	1,
	'any',
	"6daee5e1-aefd-49c8-b18d-234fb0eb1928",
	2,
	33);
INSERT INTO ACT_SMT
	VALUES ("69fd3517-7258-4fa6-a257-5cdc4f21678c",
	"45356890-e9d0-4f7d-ba0d-eb349780e974",
	"00000000-0000-0000-0000-000000000000",
	4,
	1,
	'UserInterface::BookingProvider::session line: 4');
INSERT INTO E_ESS
	VALUES ("69fd3517-7258-4fa6-a257-5cdc4f21678c",
	1,
	0,
	4,
	10,
	4,
	22,
	2,
	33,
	4,
	35,
	0,
	0);
INSERT INTO V_PAR
	VALUES ("ccd93c01-5ad0-4996-b0de-61b591687915",
	"69fd3517-7258-4fa6-a257-5cdc4f21678c",
	"00000000-0000-0000-0000-000000000000",
	'sessionID',
	"00000000-0000-0000-0000-000000000000",
	4,
	35);
INSERT INTO E_GES
	VALUES ("69fd3517-7258-4fa6-a257-5cdc4f21678c");
INSERT INTO E_GSME
	VALUES ("69fd3517-7258-4fa6-a257-5cdc4f21678c",
	"2a21dfc2-cf8a-496d-91fa-d6cd6995d113");
INSERT INTO E_GEN
	VALUES ("69fd3517-7258-4fa6-a257-5cdc4f21678c",
	"8332f34d-d736-45cd-a4dc-3efa29643f5c");
INSERT INTO V_VAL
	VALUES ("da2fcbfb-e326-4edd-b650-bef588f3fb95",
	0,
	0,
	1,
	23,
	37,
	0,
	0,
	0,
	0,
	"ba5eda7a-def5-0000-0000-000000000004",
	"45356890-e9d0-4f7d-ba0d-eb349780e974");
INSERT INTO V_LST
	VALUES ("da2fcbfb-e326-4edd-b650-bef588f3fb95",
	'Got session ID');
INSERT INTO V_PAR
	VALUES ("da2fcbfb-e326-4edd-b650-bef588f3fb95",
	"996c4736-c5e0-4887-b86a-cb7ad1948a26",
	"00000000-0000-0000-0000-000000000000",
	'message',
	"00000000-0000-0000-0000-000000000000",
	1,
	14);
INSERT INTO V_VAL
	VALUES ("ccd93c01-5ad0-4996-b0de-61b591687915",
	0,
	0,
	4,
	52,
	60,
	0,
	0,
	0,
	0,
	"ba5eda7a-def5-0000-0000-000000000005",
	"45356890-e9d0-4f7d-ba0d-eb349780e974");
INSERT INTO V_PVL
	VALUES ("ccd93c01-5ad0-4996-b0de-61b591687915",
	"00000000-0000-0000-0000-000000000000",
	"00000000-0000-0000-0000-000000000000",
	"00000000-0000-0000-0000-000000000000",
	"fec1123c-a15a-45df-adbc-758261d72c0f");
INSERT INTO V_VAR
	VALUES ("8332f34d-d736-45cd-a4dc-3efa29643f5c",
	"45356890-e9d0-4f7d-ba0d-eb349780e974",
	'st',
	1,
	"9db8c033-ff94-41f2-bd5c-36e5cdae0e4b");
INSERT INTO V_INT
	VALUES ("8332f34d-d736-45cd-a4dc-3efa29643f5c",
	0,
	"6daee5e1-aefd-49c8-b18d-234fb0eb1928");
INSERT INTO V_LOC
	VALUES ("9fce5b77-198d-46b4-8aa7-c7173aca9b44",
	2,
	12,
	13,
	"8332f34d-d736-45cd-a4dc-3efa29643f5c");
INSERT INTO V_LOC
	VALUES ("dc4a45c2-aaee-4ab4-833e-04e2d77c2b6e",
	4,
	66,
	67,
	"8332f34d-d736-45cd-a4dc-3efa29643f5c");
INSERT INTO C_PO
	VALUES ("1b3b7d15-d7bf-4f0c-bb84-bd2864dd8865",
	"0968771f-8553-4274-be70-86a03e4e6267",
	'Port1',
	0,
	0);
INSERT INTO C_IR
	VALUES ("9a341639-f7bf-4aa4-8144-2c10b6728e8f",
	"7af64316-7236-4637-9c49-e47d2784ce9e",
	"00000000-0000-0000-0000-000000000000",
	"1b3b7d15-d7bf-4f0c-bb84-bd2864dd8865");
INSERT INTO C_R
	VALUES ("9a341639-f7bf-4aa4-8144-2c10b6728e8f",
	'StaffInterface',
	'',
	'Unnamed Interface',
	'UserComponent::Port1::StaffInterface');
INSERT INTO SPR_REP
	VALUES ("e6181567-d769-42fe-9d0b-d198e6a37dc0",
	"c86ea0b4-abc2-4994-bee2-500e130b8b73",
	"9a341639-f7bf-4aa4-8144-2c10b6728e8f");
INSERT INTO SPR_RS
	VALUES ("e6181567-d769-42fe-9d0b-d198e6a37dc0",
	'addFacility',
	'',
	'',
	1);
INSERT INTO ACT_RSB
	VALUES ("adfb692e-582d-4aac-87bd-9b0e80435ca4",
	"e6181567-d769-42fe-9d0b-d198e6a37dc0");
INSERT INTO ACT_ACT
	VALUES ("adfb692e-582d-4aac-87bd-9b0e80435ca4",
	'signal',
	0,
	"01444656-478e-49b4-9a6a-c202b69da8b2",
	"00000000-0000-0000-0000-000000000000",
	0,
	'Port1::StaffInterface::addFacility',
	"00000000-0000-0000-0000-000000000000");
INSERT INTO ACT_BLK
	VALUES ("01444656-478e-49b4-9a6a-c202b69da8b2",
	0,
	0,
	0,
	'',
	'',
	'',
	0,
	0,
	0,
	0,
	0,
	0,
	0,
	0,
	0,
	0,
	0,
	0,
	0,
	"adfb692e-582d-4aac-87bd-9b0e80435ca4",
	"00000000-0000-0000-0000-000000000000");
INSERT INTO SPR_REP
	VALUES ("a8594653-92b4-4a46-a04e-ec4cff538621",
	"19f06228-e268-4733-9af7-92f3f313ceff",
	"9a341639-f7bf-4aa4-8144-2c10b6728e8f");
INSERT INTO SPR_RS
	VALUES ("a8594653-92b4-4a46-a04e-ec4cff538621",
	'addFacilityType',
	'',
	'',
	1);
INSERT INTO ACT_RSB
	VALUES ("f36f75f8-497c-40c2-a664-ad06723896ae",
	"a8594653-92b4-4a46-a04e-ec4cff538621");
INSERT INTO ACT_ACT
	VALUES ("f36f75f8-497c-40c2-a664-ad06723896ae",
	'signal',
	0,
	"7a9c1f80-7199-4e09-9cf8-b1f8173eb7ae",
	"00000000-0000-0000-0000-000000000000",
	0,
	'Port1::StaffInterface::addFacilityType',
	"00000000-0000-0000-0000-000000000000");
INSERT INTO ACT_BLK
	VALUES ("7a9c1f80-7199-4e09-9cf8-b1f8173eb7ae",
	0,
	0,
	0,
	'',
	'',
	'',
	0,
	0,
	0,
	0,
	0,
	0,
	0,
	0,
	0,
	0,
	0,
	0,
	0,
	"f36f75f8-497c-40c2-a664-ad06723896ae",
	"00000000-0000-0000-0000-000000000000");
INSERT INTO SPR_REP
	VALUES ("f3d4f341-8fa5-42f3-9d09-5288a3d21a18",
	"cd0882a7-a468-425e-a99e-c9480ba64c90",
	"9a341639-f7bf-4aa4-8144-2c10b6728e8f");
INSERT INTO SPR_RS
	VALUES ("f3d4f341-8fa5-42f3-9d09-5288a3d21a18",
	'sendFacilityType',
	'',
	'select any setup from instances of SETUP;

generate SETUP1:facilityTypeAdded(facilityType: param.facilityTypeID) to setup;',
	1);
INSERT INTO ACT_RSB
	VALUES ("b5ea9651-bfc7-4832-abf4-9c0390585d4a",
	"f3d4f341-8fa5-42f3-9d09-5288a3d21a18");
INSERT INTO ACT_ACT
	VALUES ("b5ea9651-bfc7-4832-abf4-9c0390585d4a",
	'signal',
	0,
	"c02644b3-0807-4878-9dc6-3d154b25f959",
	"00000000-0000-0000-0000-000000000000",
	0,
	'Port1::StaffInterface::sendFacilityType',
	"00000000-0000-0000-0000-000000000000");
INSERT INTO ACT_BLK
	VALUES ("c02644b3-0807-4878-9dc6-3d154b25f959",
	1,
	0,
	0,
	'V_VAR.Var_ID',
	'facilityType',
	'facilityType',
	3,
	1,
	1,
	36,
	0,
	0,
	0,
	0,
	0,
	0,
	0,
	0,
	0,
	"b5ea9651-bfc7-4832-abf4-9c0390585d4a",
	"00000000-0000-0000-0000-000000000000");
INSERT INTO ACT_SMT
	VALUES ("ad87932b-6bbd-4ab5-ae91-96b04d0ad665",
	"c02644b3-0807-4878-9dc6-3d154b25f959",
	"0b640fb6-d257-45bc-963f-fb2eae5c9027",
	1,
	1,
	'Port1::StaffInterface::sendFacilityType line: 1');
INSERT INTO ACT_FIO
	VALUES ("ad87932b-6bbd-4ab5-ae91-96b04d0ad665",
	"3962b2fe-ded0-449f-b4dd-c563188c76c2",
	1,
	'any',
	"1a7e6244-76d4-4656-b802-6270c53bb941",
	1,
	36);
INSERT INTO ACT_SMT
	VALUES ("0b640fb6-d257-45bc-963f-fb2eae5c9027",
	"c02644b3-0807-4878-9dc6-3d154b25f959",
	"00000000-0000-0000-0000-000000000000",
	3,
	1,
	'Port1::StaffInterface::sendFacilityType line: 3');
INSERT INTO E_ESS
	VALUES ("0b640fb6-d257-45bc-963f-fb2eae5c9027",
	1,
	0,
	3,
	10,
	3,
	17,
	1,
	36,
	3,
	35,
	0,
	0);
INSERT INTO V_PAR
	VALUES ("050d362c-95c0-430c-92e3-82e13b18efc4",
	"0b640fb6-d257-45bc-963f-fb2eae5c9027",
	"00000000-0000-0000-0000-000000000000",
	'facilityType',
	"00000000-0000-0000-0000-000000000000",
	3,
	35);
INSERT INTO E_GES
	VALUES ("0b640fb6-d257-45bc-963f-fb2eae5c9027");
INSERT INTO E_GSME
	VALUES ("0b640fb6-d257-45bc-963f-fb2eae5c9027",
	"7172f41b-b749-4042-97a8-a497e403224c");
INSERT INTO E_GEN
	VALUES ("0b640fb6-d257-45bc-963f-fb2eae5c9027",
	"3962b2fe-ded0-449f-b4dd-c563188c76c2");
INSERT INTO V_VAL
	VALUES ("050d362c-95c0-430c-92e3-82e13b18efc4",
	0,
	0,
	3,
	55,
	68,
	0,
	0,
	0,
	0,
	"ba5eda7a-def5-0000-0000-000000000002",
	"c02644b3-0807-4878-9dc6-3d154b25f959");
INSERT INTO V_PVL
	VALUES ("050d362c-95c0-430c-92e3-82e13b18efc4",
	"00000000-0000-0000-0000-000000000000",
	"00000000-0000-0000-0000-000000000000",
	"00000000-0000-0000-0000-000000000000",
	"f9b7191e-c871-410b-a95e-320c345ff717");
INSERT INTO V_VAR
	VALUES ("3962b2fe-ded0-449f-b4dd-c563188c76c2",
	"c02644b3-0807-4878-9dc6-3d154b25f959",
	'setup',
	1,
	"ba5eda7a-def5-0000-0000-000000000008");
INSERT INTO V_INT
	VALUES ("3962b2fe-ded0-449f-b4dd-c563188c76c2",
	0,
	"1a7e6244-76d4-4656-b802-6270c53bb941");
INSERT INTO V_LOC
	VALUES ("dd4ab181-ba27-4bbe-8184-6a9d19360ae5",
	1,
	12,
	16,
	"3962b2fe-ded0-449f-b4dd-c563188c76c2");
INSERT INTO V_LOC
	VALUES ("ac6f5def-b1f3-4e6d-8aae-0d5ae5613767",
	3,
	74,
	78,
	"3962b2fe-ded0-449f-b4dd-c563188c76c2");
INSERT INTO C_PO
	VALUES ("e4f85bb6-3043-429a-abd9-ee2300a56812",
	"0968771f-8553-4274-be70-86a03e4e6267",
	'Port2',
	0,
	0);
INSERT INTO C_IR
	VALUES ("76f56aa8-4b72-455e-9cb5-fde86fd2a663",
	"d3b89130-5e09-458f-8658-ed03578dbab3",
	"00000000-0000-0000-0000-000000000000",
	"e4f85bb6-3043-429a-abd9-ee2300a56812");
INSERT INTO C_R
	VALUES ("76f56aa8-4b72-455e-9cb5-fde86fd2a663",
	'CustomerInterface',
	'',
	'Unnamed Interface',
	'UserComponent::Port2::CustomerInterface');
INSERT INTO SPR_REP
	VALUES ("86e438a6-c8b8-4441-85d1-42be6446724a",
	"5a79bc11-70d7-456a-8187-45d268168aef",
	"76f56aa8-4b72-455e-9cb5-fde86fd2a663");
INSERT INTO SPR_RS
	VALUES ("86e438a6-c8b8-4441-85d1-42be6446724a",
	'confirmSignal',
	'',
	'',
	1);
INSERT INTO ACT_RSB
	VALUES ("e07169d7-0078-4497-9919-3cdfdce9e758",
	"86e438a6-c8b8-4441-85d1-42be6446724a");
INSERT INTO ACT_ACT
	VALUES ("e07169d7-0078-4497-9919-3cdfdce9e758",
	'signal',
	0,
	"4e39d64f-8ec1-432e-9ef9-7927ca88e116",
	"00000000-0000-0000-0000-000000000000",
	0,
	'Port2::CustomerInterface::confirmSignal',
	"00000000-0000-0000-0000-000000000000");
INSERT INTO ACT_BLK
	VALUES ("4e39d64f-8ec1-432e-9ef9-7927ca88e116",
	0,
	0,
	0,
	'',
	'',
	'',
	0,
	0,
	0,
	0,
	0,
	0,
	0,
	0,
	0,
	0,
	0,
	0,
	0,
	"e07169d7-0078-4497-9919-3cdfdce9e758",
	"00000000-0000-0000-0000-000000000000");
INSERT INTO SPR_REP
	VALUES ("f25fe22e-4b26-417b-8f3d-fc99f1b1135a",
	"b6421df2-c058-463a-8282-eefa32587ce7",
	"76f56aa8-4b72-455e-9cb5-fde86fd2a663");
INSERT INTO SPR_RS
	VALUES ("f25fe22e-4b26-417b-8f3d-fc99f1b1135a",
	's2',
	'',
	'',
	1);
INSERT INTO ACT_RSB
	VALUES ("11e2fd00-3bf9-437d-83d6-c4ea70439fca",
	"f25fe22e-4b26-417b-8f3d-fc99f1b1135a");
INSERT INTO ACT_ACT
	VALUES ("11e2fd00-3bf9-437d-83d6-c4ea70439fca",
	'signal',
	0,
	"54be6844-2872-4a92-80b6-e5ccc48b91e8",
	"00000000-0000-0000-0000-000000000000",
	0,
	'Port2::CustomerInterface::s2',
	"00000000-0000-0000-0000-000000000000");
INSERT INTO ACT_BLK
	VALUES ("54be6844-2872-4a92-80b6-e5ccc48b91e8",
	0,
	0,
	0,
	'',
	'',
	'',
	0,
	0,
	0,
	0,
	0,
	0,
	0,
	0,
	0,
	0,
	0,
	0,
	0,
	"11e2fd00-3bf9-437d-83d6-c4ea70439fca",
	"00000000-0000-0000-0000-000000000000");
INSERT INTO SPR_REP
	VALUES ("f30c2881-8a51-4b19-bb97-f0eda8311ba9",
	"da9dc9a3-9bf8-4e9e-8d76-0469a00019ef",
	"76f56aa8-4b72-455e-9cb5-fde86fd2a663");
INSERT INTO SPR_RS
	VALUES ("f30c2881-8a51-4b19-bb97-f0eda8311ba9",
	's1',
	'',
	'',
	1);
INSERT INTO ACT_RSB
	VALUES ("c40bc608-17e2-4d93-8b99-81f887ef6b45",
	"f30c2881-8a51-4b19-bb97-f0eda8311ba9");
INSERT INTO ACT_ACT
	VALUES ("c40bc608-17e2-4d93-8b99-81f887ef6b45",
	'signal',
	0,
	"e64a2aec-2e8e-4255-91e6-215ce04b2e3c",
	"00000000-0000-0000-0000-000000000000",
	0,
	'Port2::CustomerInterface::s1',
	"00000000-0000-0000-0000-000000000000");
INSERT INTO ACT_BLK
	VALUES ("e64a2aec-2e8e-4255-91e6-215ce04b2e3c",
	0,
	0,
	0,
	'',
	'',
	'',
	0,
	0,
	0,
	0,
	0,
	0,
	0,
	0,
	0,
	0,
	0,
	0,
	0,
	"c40bc608-17e2-4d93-8b99-81f887ef6b45",
	"00000000-0000-0000-0000-000000000000");
INSERT INTO SPR_REP
	VALUES ("8c254f78-9738-4981-b276-cb82fcc5f912",
	"895459b4-8cad-487c-ac02-41f7392c1417",
	"76f56aa8-4b72-455e-9cb5-fde86fd2a663");
INSERT INTO SPR_RS
	VALUES ("8c254f78-9738-4981-b276-cb82fcc5f912",
	's2',
	'',
	'',
	1);
INSERT INTO ACT_RSB
	VALUES ("cfcaf891-40f7-43d8-a75d-7a643fcfd02c",
	"8c254f78-9738-4981-b276-cb82fcc5f912");
INSERT INTO ACT_ACT
	VALUES ("cfcaf891-40f7-43d8-a75d-7a643fcfd02c",
	'signal',
	0,
	"aa20e304-e8ca-4b8f-8622-83b93aaaa0c7",
	"00000000-0000-0000-0000-000000000000",
	0,
	'Port2::CustomerInterface::s2',
	"00000000-0000-0000-0000-000000000000");
INSERT INTO ACT_BLK
	VALUES ("aa20e304-e8ca-4b8f-8622-83b93aaaa0c7",
	0,
	0,
	0,
	'',
	'',
	'',
	0,
	0,
	0,
	0,
	0,
	0,
	0,
	0,
	0,
	0,
	0,
	0,
	0,
	"cfcaf891-40f7-43d8-a75d-7a643fcfd02c",
	"00000000-0000-0000-0000-000000000000");
INSERT INTO SPR_REP
	VALUES ("a20e0278-2b71-4814-9b04-548e5dd1e2f6",
	"b0219670-df70-4ff6-984b-04f391308d00",
	"76f56aa8-4b72-455e-9cb5-fde86fd2a663");
INSERT INTO SPR_RS
	VALUES ("a20e0278-2b71-4814-9b04-548e5dd1e2f6",
	's1',
	'',
	'',
	1);
INSERT INTO ACT_RSB
	VALUES ("3e4446de-83ff-4dfa-90f4-72a483b43e77",
	"a20e0278-2b71-4814-9b04-548e5dd1e2f6");
INSERT INTO ACT_ACT
	VALUES ("3e4446de-83ff-4dfa-90f4-72a483b43e77",
	'signal',
	0,
	"b36a9589-d464-4415-b4e7-95f2f2f36d3b",
	"00000000-0000-0000-0000-000000000000",
	0,
	'Port2::CustomerInterface::s1',
	"00000000-0000-0000-0000-000000000000");
INSERT INTO ACT_BLK
	VALUES ("b36a9589-d464-4415-b4e7-95f2f2f36d3b",
	0,
	0,
	0,
	'',
	'',
	'',
	0,
	0,
	0,
	0,
	0,
	0,
	0,
	0,
	0,
	0,
	0,
	0,
	0,
	"3e4446de-83ff-4dfa-90f4-72a483b43e77",
	"00000000-0000-0000-0000-000000000000");
INSERT INTO SPR_REP
	VALUES ("177c5d46-e467-4c97-8502-e9490287e6fd",
	"cb5b5b24-04f0-4601-b19b-0cf189cea793",
	"76f56aa8-4b72-455e-9cb5-fde86fd2a663");
INSERT INTO SPR_RS
	VALUES ("177c5d46-e467-4c97-8502-e9490287e6fd",
	's2',
	'',
	'',
	1);
INSERT INTO ACT_RSB
	VALUES ("12cdd51f-b87f-4b0d-9c3d-0be2e900edc2",
	"177c5d46-e467-4c97-8502-e9490287e6fd");
INSERT INTO ACT_ACT
	VALUES ("12cdd51f-b87f-4b0d-9c3d-0be2e900edc2",
	'signal',
	0,
	"e1456299-a129-41ff-85eb-19035ae6ec4b",
	"00000000-0000-0000-0000-000000000000",
	0,
	'Port2::CustomerInterface::s2',
	"00000000-0000-0000-0000-000000000000");
INSERT INTO ACT_BLK
	VALUES ("e1456299-a129-41ff-85eb-19035ae6ec4b",
	0,
	0,
	0,
	'',
	'',
	'',
	0,
	0,
	0,
	0,
	0,
	0,
	0,
	0,
	0,
	0,
	0,
	0,
	0,
	"12cdd51f-b87f-4b0d-9c3d-0be2e900edc2",
	"00000000-0000-0000-0000-000000000000");
INSERT INTO SPR_REP
	VALUES ("02f7c795-15a7-4498-a810-4dd6936fc104",
	"8328ef36-07dc-427a-b0b8-9f12e1b984b7",
	"76f56aa8-4b72-455e-9cb5-fde86fd2a663");
INSERT INTO SPR_RS
	VALUES ("02f7c795-15a7-4498-a810-4dd6936fc104",
	's1',
	'',
	'',
	1);
INSERT INTO ACT_RSB
	VALUES ("0b2df9b1-ae54-4cb5-ab77-e8b9e3769d02",
	"02f7c795-15a7-4498-a810-4dd6936fc104");
INSERT INTO ACT_ACT
	VALUES ("0b2df9b1-ae54-4cb5-ab77-e8b9e3769d02",
	'signal',
	0,
	"451c16ac-75c7-49bc-836d-4a7bdcb52906",
	"00000000-0000-0000-0000-000000000000",
	0,
	'Port2::CustomerInterface::s1',
	"00000000-0000-0000-0000-000000000000");
INSERT INTO ACT_BLK
	VALUES ("451c16ac-75c7-49bc-836d-4a7bdcb52906",
	0,
	0,
	0,
	'',
	'',
	'',
	0,
	0,
	0,
	0,
	0,
	0,
	0,
	0,
	0,
	0,
	0,
	0,
	0,
	"0b2df9b1-ae54-4cb5-ab77-e8b9e3769d02",
	"00000000-0000-0000-0000-000000000000");
INSERT INTO SPR_REP
	VALUES ("77385a64-3a09-4fa3-aab7-11a299e77bc9",
	"81dc0de0-c0d1-40f4-b861-04e7a9398949",
	"76f56aa8-4b72-455e-9cb5-fde86fd2a663");
INSERT INTO SPR_RS
	VALUES ("77385a64-3a09-4fa3-aab7-11a299e77bc9",
	's2',
	'',
	'',
	1);
INSERT INTO ACT_RSB
	VALUES ("b1b06e16-0da2-4bfc-81c0-82909e6e4e91",
	"77385a64-3a09-4fa3-aab7-11a299e77bc9");
INSERT INTO ACT_ACT
	VALUES ("b1b06e16-0da2-4bfc-81c0-82909e6e4e91",
	'signal',
	0,
	"3b323a9d-f42d-459f-8e33-6ab15f868f3d",
	"00000000-0000-0000-0000-000000000000",
	0,
	'Port2::CustomerInterface::s2',
	"00000000-0000-0000-0000-000000000000");
INSERT INTO ACT_BLK
	VALUES ("3b323a9d-f42d-459f-8e33-6ab15f868f3d",
	0,
	0,
	0,
	'',
	'',
	'',
	0,
	0,
	0,
	0,
	0,
	0,
	0,
	0,
	0,
	0,
	0,
	0,
	0,
	"b1b06e16-0da2-4bfc-81c0-82909e6e4e91",
	"00000000-0000-0000-0000-000000000000");
INSERT INTO SPR_REP
	VALUES ("e94e87a3-f9c9-460d-8999-7bbf9f980bb1",
	"748bf7ad-3d75-40b6-9747-281878d13d6b",
	"76f56aa8-4b72-455e-9cb5-fde86fd2a663");
INSERT INTO SPR_RS
	VALUES ("e94e87a3-f9c9-460d-8999-7bbf9f980bb1",
	's1',
	'',
	'',
	1);
INSERT INTO ACT_RSB
	VALUES ("72ac499c-4f48-4b04-8c82-ad6e55272459",
	"e94e87a3-f9c9-460d-8999-7bbf9f980bb1");
INSERT INTO ACT_ACT
	VALUES ("72ac499c-4f48-4b04-8c82-ad6e55272459",
	'signal',
	0,
	"cb9e1210-96f5-418f-b793-580a48c65bbc",
	"00000000-0000-0000-0000-000000000000",
	0,
	'Port2::CustomerInterface::s1',
	"00000000-0000-0000-0000-000000000000");
INSERT INTO ACT_BLK
	VALUES ("cb9e1210-96f5-418f-b793-580a48c65bbc",
	0,
	0,
	0,
	'',
	'',
	'',
	0,
	0,
	0,
	0,
	0,
	0,
	0,
	0,
	0,
	0,
	0,
	0,
	0,
	"72ac499c-4f48-4b04-8c82-ad6e55272459",
	"00000000-0000-0000-0000-000000000000");
INSERT INTO SPR_REP
	VALUES ("a88cf4c6-4461-49bd-ba61-f314eb53e6a9",
	"c446a9a5-de06-4b24-a8cc-957599ee3e34",
	"76f56aa8-4b72-455e-9cb5-fde86fd2a663");
INSERT INTO SPR_RS
	VALUES ("a88cf4c6-4461-49bd-ba61-f314eb53e6a9",
	's2',
	'',
	'',
	1);
INSERT INTO ACT_RSB
	VALUES ("84f76404-9846-4e5e-90ed-70a5326c7b45",
	"a88cf4c6-4461-49bd-ba61-f314eb53e6a9");
INSERT INTO ACT_ACT
	VALUES ("84f76404-9846-4e5e-90ed-70a5326c7b45",
	'signal',
	0,
	"18698981-fe42-4754-945f-ab40ca03c86e",
	"00000000-0000-0000-0000-000000000000",
	0,
	'Port2::CustomerInterface::s2',
	"00000000-0000-0000-0000-000000000000");
INSERT INTO ACT_BLK
	VALUES ("18698981-fe42-4754-945f-ab40ca03c86e",
	0,
	0,
	0,
	'',
	'',
	'',
	0,
	0,
	0,
	0,
	0,
	0,
	0,
	0,
	0,
	0,
	0,
	0,
	0,
	"84f76404-9846-4e5e-90ed-70a5326c7b45",
	"00000000-0000-0000-0000-000000000000");
INSERT INTO SPR_REP
	VALUES ("c256c521-3631-4388-a726-ec9c5f953947",
	"fa304608-7681-41c3-ad76-a0f6e8611f35",
	"76f56aa8-4b72-455e-9cb5-fde86fd2a663");
INSERT INTO SPR_RS
	VALUES ("c256c521-3631-4388-a726-ec9c5f953947",
	's1',
	'',
	'',
	1);
INSERT INTO ACT_RSB
	VALUES ("2f79e623-4a6f-42f1-b521-01126164a470",
	"c256c521-3631-4388-a726-ec9c5f953947");
INSERT INTO ACT_ACT
	VALUES ("2f79e623-4a6f-42f1-b521-01126164a470",
	'signal',
	0,
	"8b3700cc-ec99-4eb0-80dc-d48c0d31cb0f",
	"00000000-0000-0000-0000-000000000000",
	0,
	'Port2::CustomerInterface::s1',
	"00000000-0000-0000-0000-000000000000");
INSERT INTO ACT_BLK
	VALUES ("8b3700cc-ec99-4eb0-80dc-d48c0d31cb0f",
	0,
	0,
	0,
	'',
	'',
	'',
	0,
	0,
	0,
	0,
	0,
	0,
	0,
	0,
	0,
	0,
	0,
	0,
	0,
	"2f79e623-4a6f-42f1-b521-01126164a470",
	"00000000-0000-0000-0000-000000000000");
INSERT INTO SPR_REP
	VALUES ("02b1a70a-98f8-408c-b510-c1c4200fa4b7",
	"0184b93d-0963-496f-b323-26d0404529d6",
	"76f56aa8-4b72-455e-9cb5-fde86fd2a663");
INSERT INTO SPR_RS
	VALUES ("02b1a70a-98f8-408c-b510-c1c4200fa4b7",
	's2',
	'',
	'',
	1);
INSERT INTO ACT_RSB
	VALUES ("a8eb0b0a-489e-473a-84c9-7ff5b8ea81d9",
	"02b1a70a-98f8-408c-b510-c1c4200fa4b7");
INSERT INTO ACT_ACT
	VALUES ("a8eb0b0a-489e-473a-84c9-7ff5b8ea81d9",
	'signal',
	0,
	"1c0d00c8-7dbb-44a6-b83b-a1a99ba2f5af",
	"00000000-0000-0000-0000-000000000000",
	0,
	'Port2::CustomerInterface::s2',
	"00000000-0000-0000-0000-000000000000");
INSERT INTO ACT_BLK
	VALUES ("1c0d00c8-7dbb-44a6-b83b-a1a99ba2f5af",
	0,
	0,
	0,
	'',
	'',
	'',
	0,
	0,
	0,
	0,
	0,
	0,
	0,
	0,
	0,
	0,
	0,
	0,
	0,
	"a8eb0b0a-489e-473a-84c9-7ff5b8ea81d9",
	"00000000-0000-0000-0000-000000000000");
INSERT INTO SPR_REP
	VALUES ("1f954e37-2f05-4454-bc73-e2c94105537e",
	"b6137a20-d83a-4130-90cf-4bbff803d680",
	"76f56aa8-4b72-455e-9cb5-fde86fd2a663");
INSERT INTO SPR_RS
	VALUES ("1f954e37-2f05-4454-bc73-e2c94105537e",
	's1',
	'',
	'',
	1);
INSERT INTO ACT_RSB
	VALUES ("9e6bb18b-1d40-4561-997f-4ef1c902eec9",
	"1f954e37-2f05-4454-bc73-e2c94105537e");
INSERT INTO ACT_ACT
	VALUES ("9e6bb18b-1d40-4561-997f-4ef1c902eec9",
	'signal',
	0,
	"c7d7335b-a926-4e61-b828-b22310c19d1a",
	"00000000-0000-0000-0000-000000000000",
	0,
	'Port2::CustomerInterface::s1',
	"00000000-0000-0000-0000-000000000000");
INSERT INTO ACT_BLK
	VALUES ("c7d7335b-a926-4e61-b828-b22310c19d1a",
	0,
	0,
	0,
	'',
	'',
	'',
	0,
	0,
	0,
	0,
	0,
	0,
	0,
	0,
	0,
	0,
	0,
	0,
	0,
	"9e6bb18b-1d40-4561-997f-4ef1c902eec9",
	"00000000-0000-0000-0000-000000000000");
INSERT INTO SPR_REP
	VALUES ("730e21e9-8711-40b9-8e2c-b18fdb472649",
	"4955e92a-9d9e-450c-aa80-bb592becd350",
	"76f56aa8-4b72-455e-9cb5-fde86fd2a663");
INSERT INTO SPR_RS
	VALUES ("730e21e9-8711-40b9-8e2c-b18fdb472649",
	's2',
	'',
	'',
	1);
INSERT INTO ACT_RSB
	VALUES ("900c04dd-fcd3-4ea2-b306-b5ba460b5ff2",
	"730e21e9-8711-40b9-8e2c-b18fdb472649");
INSERT INTO ACT_ACT
	VALUES ("900c04dd-fcd3-4ea2-b306-b5ba460b5ff2",
	'signal',
	0,
	"4456c309-f8f0-429d-8dfe-4773c909d8ac",
	"00000000-0000-0000-0000-000000000000",
	0,
	'Port2::CustomerInterface::s2',
	"00000000-0000-0000-0000-000000000000");
INSERT INTO ACT_BLK
	VALUES ("4456c309-f8f0-429d-8dfe-4773c909d8ac",
	0,
	0,
	0,
	'',
	'',
	'',
	0,
	0,
	0,
	0,
	0,
	0,
	0,
	0,
	0,
	0,
	0,
	0,
	0,
	"900c04dd-fcd3-4ea2-b306-b5ba460b5ff2",
	"00000000-0000-0000-0000-000000000000");
INSERT INTO SPR_REP
	VALUES ("f1653ff8-7bff-4e4a-b717-46547b1c4c87",
	"e13258fc-6b0d-44ea-8ef2-7a156ee15593",
	"76f56aa8-4b72-455e-9cb5-fde86fd2a663");
INSERT INTO SPR_RS
	VALUES ("f1653ff8-7bff-4e4a-b717-46547b1c4c87",
	's1',
	'',
	'',
	1);
INSERT INTO ACT_RSB
	VALUES ("288bae4f-67c1-43ba-bf67-b764532fcdfa",
	"f1653ff8-7bff-4e4a-b717-46547b1c4c87");
INSERT INTO ACT_ACT
	VALUES ("288bae4f-67c1-43ba-bf67-b764532fcdfa",
	'signal',
	0,
	"f5e169d1-06b5-457b-9af8-ee0ea8d75de7",
	"00000000-0000-0000-0000-000000000000",
	0,
	'Port2::CustomerInterface::s1',
	"00000000-0000-0000-0000-000000000000");
INSERT INTO ACT_BLK
	VALUES ("f5e169d1-06b5-457b-9af8-ee0ea8d75de7",
	0,
	0,
	0,
	'',
	'',
	'',
	0,
	0,
	0,
	0,
	0,
	0,
	0,
	0,
	0,
	0,
	0,
	0,
	0,
	"288bae4f-67c1-43ba-bf67-b764532fcdfa",
	"00000000-0000-0000-0000-000000000000");
INSERT INTO SPR_REP
	VALUES ("0989ba1a-693d-43a3-b0ff-b3f5d6ebc2df",
	"83944b64-b858-449a-8fc8-e20614b23693",
	"76f56aa8-4b72-455e-9cb5-fde86fd2a663");
INSERT INTO SPR_RS
	VALUES ("0989ba1a-693d-43a3-b0ff-b3f5d6ebc2df",
	's2',
	'',
	'',
	1);
INSERT INTO ACT_RSB
	VALUES ("d0bd3954-96f7-41b4-8a4b-21b2198836dd",
	"0989ba1a-693d-43a3-b0ff-b3f5d6ebc2df");
INSERT INTO ACT_ACT
	VALUES ("d0bd3954-96f7-41b4-8a4b-21b2198836dd",
	'signal',
	0,
	"6e0fa460-7e45-4925-8bd4-d6f2743b26c7",
	"00000000-0000-0000-0000-000000000000",
	0,
	'Port2::CustomerInterface::s2',
	"00000000-0000-0000-0000-000000000000");
INSERT INTO ACT_BLK
	VALUES ("6e0fa460-7e45-4925-8bd4-d6f2743b26c7",
	0,
	0,
	0,
	'',
	'',
	'',
	0,
	0,
	0,
	0,
	0,
	0,
	0,
	0,
	0,
	0,
	0,
	0,
	0,
	"d0bd3954-96f7-41b4-8a4b-21b2198836dd",
	"00000000-0000-0000-0000-000000000000");
INSERT INTO SPR_REP
	VALUES ("541b4ee9-311a-4a5c-b609-bf92630475a7",
	"6849e51f-02ea-4e23-9ba2-af67a12531d4",
	"76f56aa8-4b72-455e-9cb5-fde86fd2a663");
INSERT INTO SPR_RO
	VALUES ("541b4ee9-311a-4a5c-b609-bf92630475a7",
	'o1',
	'',
	'',
	1);
INSERT INTO ACT_ROB
	VALUES ("009f5e2b-f284-40bd-b07e-55dd0767f279",
	"541b4ee9-311a-4a5c-b609-bf92630475a7");
INSERT INTO ACT_ACT
	VALUES ("009f5e2b-f284-40bd-b07e-55dd0767f279",
	'interface operation',
	0,
	"654c0ff7-03dd-4c84-80f3-8e2e2c1a61f4",
	"00000000-0000-0000-0000-000000000000",
	0,
	'Port2::CustomerInterface::o1',
	"00000000-0000-0000-0000-000000000000");
INSERT INTO ACT_BLK
	VALUES ("654c0ff7-03dd-4c84-80f3-8e2e2c1a61f4",
	0,
	0,
	0,
	'',
	'',
	'',
	0,
	0,
	0,
	0,
	0,
	0,
	0,
	0,
	0,
	0,
	0,
	0,
	0,
	"009f5e2b-f284-40bd-b07e-55dd0767f279",
	"00000000-0000-0000-0000-000000000000");
INSERT INTO SPR_REP
	VALUES ("f5f52c55-d3bc-4e88-bf0c-838e4c74c3f8",
	"1a8e5c38-7020-4123-ba0e-67897534dc19",
	"76f56aa8-4b72-455e-9cb5-fde86fd2a663");
INSERT INTO SPR_RO
	VALUES ("f5f52c55-d3bc-4e88-bf0c-838e4c74c3f8",
	'o2',
	'',
	'',
	1);
INSERT INTO ACT_ROB
	VALUES ("993ee474-eb95-4d53-bfac-c2f4dd01682f",
	"f5f52c55-d3bc-4e88-bf0c-838e4c74c3f8");
INSERT INTO ACT_ACT
	VALUES ("993ee474-eb95-4d53-bfac-c2f4dd01682f",
	'interface operation',
	0,
	"76abfdcd-ab76-43e7-9696-c138131fc85d",
	"00000000-0000-0000-0000-000000000000",
	0,
	'Port2::CustomerInterface::o2',
	"00000000-0000-0000-0000-000000000000");
INSERT INTO ACT_BLK
	VALUES ("76abfdcd-ab76-43e7-9696-c138131fc85d",
	0,
	0,
	0,
	'',
	'',
	'',
	0,
	0,
	0,
	0,
	0,
	0,
	0,
	0,
	0,
	0,
	0,
	0,
	0,
	"993ee474-eb95-4d53-bfac-c2f4dd01682f",
	"00000000-0000-0000-0000-000000000000");
INSERT INTO SPR_REP
	VALUES ("0033f001-e1be-4db0-b902-4fe57f220104",
	"83e74f67-f572-4d64-bf5f-6e4117a48ac4",
	"76f56aa8-4b72-455e-9cb5-fde86fd2a663");
INSERT INTO SPR_RO
	VALUES ("0033f001-e1be-4db0-b902-4fe57f220104",
	'o1',
	'',
	'',
	1);
INSERT INTO ACT_ROB
	VALUES ("db3cbcfc-001f-45b0-a09e-17f62f5c2f6a",
	"0033f001-e1be-4db0-b902-4fe57f220104");
INSERT INTO ACT_ACT
	VALUES ("db3cbcfc-001f-45b0-a09e-17f62f5c2f6a",
	'interface operation',
	0,
	"b0ebc91e-0cc6-4ae2-b67f-a8e78a1264c5",
	"00000000-0000-0000-0000-000000000000",
	0,
	'Port2::CustomerInterface::o1',
	"00000000-0000-0000-0000-000000000000");
INSERT INTO ACT_BLK
	VALUES ("b0ebc91e-0cc6-4ae2-b67f-a8e78a1264c5",
	0,
	0,
	0,
	'',
	'',
	'',
	0,
	0,
	0,
	0,
	0,
	0,
	0,
	0,
	0,
	0,
	0,
	0,
	0,
	"db3cbcfc-001f-45b0-a09e-17f62f5c2f6a",
	"00000000-0000-0000-0000-000000000000");
INSERT INTO SPR_REP
	VALUES ("5b53c215-3d99-4c03-9597-61a3bd37e456",
	"ab21eaf4-6f87-4d16-adcd-35b43eab657c",
	"76f56aa8-4b72-455e-9cb5-fde86fd2a663");
INSERT INTO SPR_RO
	VALUES ("5b53c215-3d99-4c03-9597-61a3bd37e456",
	'o2',
	'',
	'',
	1);
INSERT INTO ACT_ROB
	VALUES ("905ae3bb-3be9-45a6-b4a3-5c5083e8d6c1",
	"5b53c215-3d99-4c03-9597-61a3bd37e456");
INSERT INTO ACT_ACT
	VALUES ("905ae3bb-3be9-45a6-b4a3-5c5083e8d6c1",
	'interface operation',
	0,
	"97f0c81f-dabc-4095-a724-c8ea470052e8",
	"00000000-0000-0000-0000-000000000000",
	0,
	'Port2::CustomerInterface::o2',
	"00000000-0000-0000-0000-000000000000");
INSERT INTO ACT_BLK
	VALUES ("97f0c81f-dabc-4095-a724-c8ea470052e8",
	0,
	0,
	0,
	'',
	'',
	'',
	0,
	0,
	0,
	0,
	0,
	0,
	0,
	0,
	0,
	0,
	0,
	0,
	0,
	"905ae3bb-3be9-45a6-b4a3-5c5083e8d6c1",
	"00000000-0000-0000-0000-000000000000");
INSERT INTO SPR_REP
	VALUES ("1b459275-b37e-49b2-8de2-b6b3e6863f5b",
	"249da9fe-e7f0-4173-8e09-ca48a3cd7d3c",
	"76f56aa8-4b72-455e-9cb5-fde86fd2a663");
INSERT INTO SPR_RO
	VALUES ("1b459275-b37e-49b2-8de2-b6b3e6863f5b",
	'o1',
	'',
	'',
	1);
INSERT INTO ACT_ROB
	VALUES ("790f721f-d5d7-43c0-87d0-9eed588f7fe0",
	"1b459275-b37e-49b2-8de2-b6b3e6863f5b");
INSERT INTO ACT_ACT
	VALUES ("790f721f-d5d7-43c0-87d0-9eed588f7fe0",
	'interface operation',
	0,
	"79d695c8-d4d5-4e4e-9d3d-78a611ddef8a",
	"00000000-0000-0000-0000-000000000000",
	0,
	'Port2::CustomerInterface::o1',
	"00000000-0000-0000-0000-000000000000");
INSERT INTO ACT_BLK
	VALUES ("79d695c8-d4d5-4e4e-9d3d-78a611ddef8a",
	0,
	0,
	0,
	'',
	'',
	'',
	0,
	0,
	0,
	0,
	0,
	0,
	0,
	0,
	0,
	0,
	0,
	0,
	0,
	"790f721f-d5d7-43c0-87d0-9eed588f7fe0",
	"00000000-0000-0000-0000-000000000000");
INSERT INTO SPR_REP
	VALUES ("6cc21272-6cf1-4ec0-9a94-568d593894b5",
	"1bdb7028-c766-4634-b100-e21c9da8a53a",
	"76f56aa8-4b72-455e-9cb5-fde86fd2a663");
INSERT INTO SPR_RO
	VALUES ("6cc21272-6cf1-4ec0-9a94-568d593894b5",
	'o2',
	'',
	'',
	1);
INSERT INTO ACT_ROB
	VALUES ("faea63ea-e917-496a-9647-5a7337a31a25",
	"6cc21272-6cf1-4ec0-9a94-568d593894b5");
INSERT INTO ACT_ACT
	VALUES ("faea63ea-e917-496a-9647-5a7337a31a25",
	'interface operation',
	0,
	"ad822a81-6960-4ac9-ac26-003561ce6367",
	"00000000-0000-0000-0000-000000000000",
	0,
	'Port2::CustomerInterface::o2',
	"00000000-0000-0000-0000-000000000000");
INSERT INTO ACT_BLK
	VALUES ("ad822a81-6960-4ac9-ac26-003561ce6367",
	0,
	0,
	0,
	'',
	'',
	'',
	0,
	0,
	0,
	0,
	0,
	0,
	0,
	0,
	0,
	0,
	0,
	0,
	0,
	"faea63ea-e917-496a-9647-5a7337a31a25",
	"00000000-0000-0000-0000-000000000000");
INSERT INTO SPR_REP
	VALUES ("c8eec36a-c1c7-42e3-9bc6-cf1b280b675e",
	"c1390e36-a425-496e-8f3a-2c42ea4f65e0",
	"76f56aa8-4b72-455e-9cb5-fde86fd2a663");
INSERT INTO SPR_RO
	VALUES ("c8eec36a-c1c7-42e3-9bc6-cf1b280b675e",
	'o1',
	'',
	'',
	1);
INSERT INTO ACT_ROB
	VALUES ("0ec5654b-e1b2-4817-95f4-06bf53a409b9",
	"c8eec36a-c1c7-42e3-9bc6-cf1b280b675e");
INSERT INTO ACT_ACT
	VALUES ("0ec5654b-e1b2-4817-95f4-06bf53a409b9",
	'interface operation',
	0,
	"adad008a-55cb-4479-84d2-fcd8f6c18bc1",
	"00000000-0000-0000-0000-000000000000",
	0,
	'Port2::CustomerInterface::o1',
	"00000000-0000-0000-0000-000000000000");
INSERT INTO ACT_BLK
	VALUES ("adad008a-55cb-4479-84d2-fcd8f6c18bc1",
	0,
	0,
	0,
	'',
	'',
	'',
	0,
	0,
	0,
	0,
	0,
	0,
	0,
	0,
	0,
	0,
	0,
	0,
	0,
	"0ec5654b-e1b2-4817-95f4-06bf53a409b9",
	"00000000-0000-0000-0000-000000000000");
INSERT INTO SPR_REP
	VALUES ("f488a9a8-2409-4d5c-93c1-6a815cb2f373",
	"ca27b2e6-6400-41c8-a5a6-65e00a685cfb",
	"76f56aa8-4b72-455e-9cb5-fde86fd2a663");
INSERT INTO SPR_RO
	VALUES ("f488a9a8-2409-4d5c-93c1-6a815cb2f373",
	'o2',
	'',
	'',
	1);
INSERT INTO ACT_ROB
	VALUES ("4f8475bc-9eb2-4caf-a8c3-12321a48c700",
	"f488a9a8-2409-4d5c-93c1-6a815cb2f373");
INSERT INTO ACT_ACT
	VALUES ("4f8475bc-9eb2-4caf-a8c3-12321a48c700",
	'interface operation',
	0,
	"3e03d106-ddd2-4f97-b779-c6a2e97aab04",
	"00000000-0000-0000-0000-000000000000",
	0,
	'Port2::CustomerInterface::o2',
	"00000000-0000-0000-0000-000000000000");
INSERT INTO ACT_BLK
	VALUES ("3e03d106-ddd2-4f97-b779-c6a2e97aab04",
	0,
	0,
	0,
	'',
	'',
	'',
	0,
	0,
	0,
	0,
	0,
	0,
	0,
	0,
	0,
	0,
	0,
	0,
	0,
	"4f8475bc-9eb2-4caf-a8c3-12321a48c700",
	"00000000-0000-0000-0000-000000000000");
INSERT INTO SPR_REP
	VALUES ("dab8d975-2658-4fdb-9693-6ce70985fc77",
	"f4160a28-9e80-4907-a5b7-dd7069143dd9",
	"76f56aa8-4b72-455e-9cb5-fde86fd2a663");
INSERT INTO SPR_RO
	VALUES ("dab8d975-2658-4fdb-9693-6ce70985fc77",
	'o1',
	'',
	'',
	1);
INSERT INTO ACT_ROB
	VALUES ("7683028b-ea2f-466c-8d7f-9b8a8395eff7",
	"dab8d975-2658-4fdb-9693-6ce70985fc77");
INSERT INTO ACT_ACT
	VALUES ("7683028b-ea2f-466c-8d7f-9b8a8395eff7",
	'interface operation',
	0,
	"3022b74a-6436-4f58-a8dc-a5344758415f",
	"00000000-0000-0000-0000-000000000000",
	0,
	'Port2::CustomerInterface::o1',
	"00000000-0000-0000-0000-000000000000");
INSERT INTO ACT_BLK
	VALUES ("3022b74a-6436-4f58-a8dc-a5344758415f",
	0,
	0,
	0,
	'',
	'',
	'',
	0,
	0,
	0,
	0,
	0,
	0,
	0,
	0,
	0,
	0,
	0,
	0,
	0,
	"7683028b-ea2f-466c-8d7f-9b8a8395eff7",
	"00000000-0000-0000-0000-000000000000");
INSERT INTO SPR_REP
	VALUES ("4a78235b-6ab5-49df-bf77-58f8a55735dc",
	"df0ef208-77f8-42fc-9ff9-dc714e539856",
	"76f56aa8-4b72-455e-9cb5-fde86fd2a663");
INSERT INTO SPR_RO
	VALUES ("4a78235b-6ab5-49df-bf77-58f8a55735dc",
	'o2',
	'',
	'',
	1);
INSERT INTO ACT_ROB
	VALUES ("47f22f76-b8ea-480b-81b4-0248679ef4f0",
	"4a78235b-6ab5-49df-bf77-58f8a55735dc");
INSERT INTO ACT_ACT
	VALUES ("47f22f76-b8ea-480b-81b4-0248679ef4f0",
	'interface operation',
	0,
	"6656c92e-92e2-4c73-877c-68e23ff2b315",
	"00000000-0000-0000-0000-000000000000",
	0,
	'Port2::CustomerInterface::o2',
	"00000000-0000-0000-0000-000000000000");
INSERT INTO ACT_BLK
	VALUES ("6656c92e-92e2-4c73-877c-68e23ff2b315",
	0,
	0,
	0,
	'',
	'',
	'',
	0,
	0,
	0,
	0,
	0,
	0,
	0,
	0,
	0,
	0,
	0,
	0,
	0,
	"47f22f76-b8ea-480b-81b4-0248679ef4f0",
	"00000000-0000-0000-0000-000000000000");
INSERT INTO PE_PE
	VALUES ("dcd45889-1e8f-44ce-a0ac-90e67ced68c3",
	1,
	"00000000-0000-0000-0000-000000000000",
	"0968771f-8553-4274-be70-86a03e4e6267",
	7);
INSERT INTO EP_PKG
	VALUES ("dcd45889-1e8f-44ce-a0ac-90e67ced68c3",
	"00000000-0000-0000-0000-000000000000",
	"77552e13-265a-4a67-beca-bb6af5f15d0b",
	'TestCases',
	'',
	0);
INSERT INTO PE_PE
	VALUES ("9db8c033-ff94-41f2-bd5c-36e5cdae0e4b",
	1,
	"dcd45889-1e8f-44ce-a0ac-90e67ced68c3",
	"00000000-0000-0000-0000-000000000000",
	3);
INSERT INTO S_DT
	VALUES ("9db8c033-ff94-41f2-bd5c-36e5cdae0e4b",
	"00000000-0000-0000-0000-000000000000",
	'inst_ref<SimpleTest>',
	'',
	'');
INSERT INTO S_IRDT
	VALUES ("9db8c033-ff94-41f2-bd5c-36e5cdae0e4b",
	0,
	"6daee5e1-aefd-49c8-b18d-234fb0eb1928");
INSERT INTO PE_PE
	VALUES ("3b6ab3cd-ea6e-4950-b3b5-4414cd4a5d43",
	1,
	"dcd45889-1e8f-44ce-a0ac-90e67ced68c3",
	"00000000-0000-0000-0000-000000000000",
	3);
INSERT INTO S_DT
	VALUES ("3b6ab3cd-ea6e-4950-b3b5-4414cd4a5d43",
	"00000000-0000-0000-0000-000000000000",
	'inst_ref_set<SimpleTest>',
	'',
	'');
INSERT INTO S_IRDT
	VALUES ("3b6ab3cd-ea6e-4950-b3b5-4414cd4a5d43",
	1,
	"6daee5e1-aefd-49c8-b18d-234fb0eb1928");
INSERT INTO PE_PE
	VALUES ("68467367-5409-4c38-b4e4-909abfbab8a5",
	1,
	"dcd45889-1e8f-44ce-a0ac-90e67ced68c3",
	"00000000-0000-0000-0000-000000000000",
	1);
INSERT INTO S_SYNC
	VALUES ("68467367-5409-4c38-b4e4-909abfbab8a5",
	"00000000-0000-0000-0000-000000000000",
	'startSimpleTest',
	'',
	'LOG::LogInfo(message: "Starting simpleTest ;");
create object instance st of SIMPLETEST;
create object instance setup of SETUP;
generate SETUP2:createInstances to setup;
LOG::LogInfo(message: "Setup sent, starting test");
generate SIMPLETEST1:start to st;',
	"ba5eda7a-def5-0000-0000-000000000000",
	1,
	'');
INSERT INTO ACT_FNB
	VALUES ("652a62eb-57d0-4d69-a92b-24a3f4a24305",
	"68467367-5409-4c38-b4e4-909abfbab8a5");
INSERT INTO ACT_ACT
	VALUES ("652a62eb-57d0-4d69-a92b-24a3f4a24305",
	'function',
	0,
	"9200ffd7-cec1-478a-9a86-374ea4f9e95a",
	"00000000-0000-0000-0000-000000000000",
	0,
	'startSimpleTest',
	"00000000-0000-0000-0000-000000000000");
INSERT INTO ACT_BLK
	VALUES ("9200ffd7-cec1-478a-9a86-374ea4f9e95a",
	0,
	0,
	0,
	'V_VAR.Var_ID',
	'',
	'',
	6,
	1,
	5,
	1,
	0,
	0,
	0,
	0,
	0,
	0,
	0,
	0,
	0,
	"652a62eb-57d0-4d69-a92b-24a3f4a24305",
	"00000000-0000-0000-0000-000000000000");
INSERT INTO ACT_SMT
	VALUES ("1c32f7b2-f229-4417-a622-9ebe07d696e9",
	"9200ffd7-cec1-478a-9a86-374ea4f9e95a",
	"8dc7461c-20dc-4002-b986-b5910b8bdf21",
	1,
	1,
	'startSimpleTest line: 1');
INSERT INTO ACT_BRG
	VALUES ("1c32f7b2-f229-4417-a622-9ebe07d696e9",
	"768e1cca-7403-495c-9b22-afd11a473eb6",
	1,
	6,
	1,
	1);
INSERT INTO ACT_SMT
	VALUES ("8dc7461c-20dc-4002-b986-b5910b8bdf21",
	"9200ffd7-cec1-478a-9a86-374ea4f9e95a",
	"454a6d2c-e8c3-4675-83f2-69c5d0a2d640",
	2,
	1,
	'startSimpleTest line: 2');
INSERT INTO ACT_CR
	VALUES ("8dc7461c-20dc-4002-b986-b5910b8bdf21",
	"f184f071-88c4-4454-a6a6-eec03957db33",
	1,
	"6daee5e1-aefd-49c8-b18d-234fb0eb1928",
	2,
	30);
INSERT INTO ACT_SMT
	VALUES ("454a6d2c-e8c3-4675-83f2-69c5d0a2d640",
	"9200ffd7-cec1-478a-9a86-374ea4f9e95a",
	"75408a55-c384-4bb1-bdcb-aa2d71d5522c",
	3,
	1,
	'startSimpleTest line: 3');
INSERT INTO ACT_CR
	VALUES ("454a6d2c-e8c3-4675-83f2-69c5d0a2d640",
	"dab47696-64c6-47d5-a7d7-654bd3774af2",
	1,
	"1a7e6244-76d4-4656-b802-6270c53bb941",
	3,
	33);
INSERT INTO ACT_SMT
	VALUES ("75408a55-c384-4bb1-bdcb-aa2d71d5522c",
	"9200ffd7-cec1-478a-9a86-374ea4f9e95a",
	"c1de900a-6031-4691-a175-e90e25efe1a1",
	4,
	1,
	'startSimpleTest line: 4');
INSERT INTO E_ESS
	VALUES ("75408a55-c384-4bb1-bdcb-aa2d71d5522c",
	1,
	0,
	4,
	10,
	4,
	17,
	3,
	33,
	0,
	0,
	0,
	0);
INSERT INTO E_GES
	VALUES ("75408a55-c384-4bb1-bdcb-aa2d71d5522c");
INSERT INTO E_GSME
	VALUES ("75408a55-c384-4bb1-bdcb-aa2d71d5522c",
	"65b12753-4b67-46c6-8fbe-1c8c64a7e603");
INSERT INTO E_GEN
	VALUES ("75408a55-c384-4bb1-bdcb-aa2d71d5522c",
	"dab47696-64c6-47d5-a7d7-654bd3774af2");
INSERT INTO ACT_SMT
	VALUES ("c1de900a-6031-4691-a175-e90e25efe1a1",
	"9200ffd7-cec1-478a-9a86-374ea4f9e95a",
	"00000000-0000-0000-0000-000000000000",
	5,
	1,
	'startSimpleTest line: 5');
INSERT INTO ACT_BRG
	VALUES ("c1de900a-6031-4691-a175-e90e25efe1a1",
	"768e1cca-7403-495c-9b22-afd11a473eb6",
	5,
	6,
	5,
	1);
INSERT INTO V_VAL
	VALUES ("5e1d724d-c300-472c-9212-703d37a3547c",
	0,
	0,
	1,
	23,
	44,
	0,
	0,
	0,
	0,
	"ba5eda7a-def5-0000-0000-000000000004",
	"9200ffd7-cec1-478a-9a86-374ea4f9e95a");
INSERT INTO V_LST
	VALUES ("5e1d724d-c300-472c-9212-703d37a3547c",
	'Starting simpleTest ;');
INSERT INTO V_PAR
	VALUES ("5e1d724d-c300-472c-9212-703d37a3547c",
	"1c32f7b2-f229-4417-a622-9ebe07d696e9",
	"00000000-0000-0000-0000-000000000000",
	'message',
	"00000000-0000-0000-0000-000000000000",
	1,
	14);
INSERT INTO V_VAL
	VALUES ("3dabc1f2-e90b-4a71-b519-53cbc1ff5332",
	0,
	0,
	5,
	23,
	48,
	0,
	0,
	0,
	0,
	"ba5eda7a-def5-0000-0000-000000000004",
	"9200ffd7-cec1-478a-9a86-374ea4f9e95a");
INSERT INTO V_LST
	VALUES ("3dabc1f2-e90b-4a71-b519-53cbc1ff5332",
	'Setup sent, starting test');
INSERT INTO V_PAR
	VALUES ("3dabc1f2-e90b-4a71-b519-53cbc1ff5332",
	"c1de900a-6031-4691-a175-e90e25efe1a1",
	"00000000-0000-0000-0000-000000000000",
	'message',
	"00000000-0000-0000-0000-000000000000",
	5,
	14);
INSERT INTO V_VAR
	VALUES ("f184f071-88c4-4454-a6a6-eec03957db33",
	"9200ffd7-cec1-478a-9a86-374ea4f9e95a",
	'st',
	1,
	"9db8c033-ff94-41f2-bd5c-36e5cdae0e4b");
INSERT INTO V_INT
	VALUES ("f184f071-88c4-4454-a6a6-eec03957db33",
	0,
	"6daee5e1-aefd-49c8-b18d-234fb0eb1928");
INSERT INTO V_LOC
	VALUES ("34df0dbf-f0b0-4e72-bedc-bf690f4ff09d",
	2,
	24,
	25,
	"f184f071-88c4-4454-a6a6-eec03957db33");
INSERT INTO V_LOC
	VALUES ("a813814c-12e7-4c93-a80b-b04c0caf59e9",
	6,
	31,
	32,
	"f184f071-88c4-4454-a6a6-eec03957db33");
INSERT INTO V_VAR
	VALUES ("dab47696-64c6-47d5-a7d7-654bd3774af2",
	"9200ffd7-cec1-478a-9a86-374ea4f9e95a",
	'setup',
	1,
	"ba5eda7a-def5-0000-0000-000000000008");
INSERT INTO V_INT
	VALUES ("dab47696-64c6-47d5-a7d7-654bd3774af2",
	0,
	"1a7e6244-76d4-4656-b802-6270c53bb941");
INSERT INTO V_LOC
	VALUES ("90d68656-d930-446c-a404-ef47c4fd1c9b",
	3,
	24,
	28,
	"dab47696-64c6-47d5-a7d7-654bd3774af2");
INSERT INTO V_LOC
	VALUES ("a99b32a3-25e4-46c2-8990-1a952a1bd840",
	4,
	36,
	40,
	"dab47696-64c6-47d5-a7d7-654bd3774af2");
INSERT INTO PE_PE
	VALUES ("1a7e6244-76d4-4656-b802-6270c53bb941",
	1,
	"dcd45889-1e8f-44ce-a0ac-90e67ced68c3",
	"00000000-0000-0000-0000-000000000000",
	4);
INSERT INTO O_OBJ
	VALUES ("1a7e6244-76d4-4656-b802-6270c53bb941",
	'Setup',
	2,
	'SETUP',
	'',
	"00000000-0000-0000-0000-000000000000");
INSERT INTO O_NBATTR
	VALUES ("6b012fb4-170b-474e-b625-6d11f2fed1d2",
	"1a7e6244-76d4-4656-b802-6270c53bb941");
INSERT INTO O_BATTR
	VALUES ("6b012fb4-170b-474e-b625-6d11f2fed1d2",
	"1a7e6244-76d4-4656-b802-6270c53bb941");
INSERT INTO O_ATTR
	VALUES ("6b012fb4-170b-474e-b625-6d11f2fed1d2",
	"1a7e6244-76d4-4656-b802-6270c53bb941",
	"00000000-0000-0000-0000-000000000000",
	'current_state',
	'',
	'',
	'current_state',
	0,
	"ba5eda7a-def5-0000-0000-000000000006",
	'',
	'');
INSERT INTO O_ID
	VALUES (0,
	"1a7e6244-76d4-4656-b802-6270c53bb941");
INSERT INTO O_ID
	VALUES (1,
	"1a7e6244-76d4-4656-b802-6270c53bb941");
INSERT INTO O_ID
	VALUES (2,
	"1a7e6244-76d4-4656-b802-6270c53bb941");
INSERT INTO SM_ISM
	VALUES ("04df3e9d-5386-4a1e-befa-8ef3c8f1edb3",
	"1a7e6244-76d4-4656-b802-6270c53bb941");
INSERT INTO SM_SM
	VALUES ("04df3e9d-5386-4a1e-befa-8ef3c8f1edb3",
	'',
	0);
INSERT INTO SM_MOORE
	VALUES ("04df3e9d-5386-4a1e-befa-8ef3c8f1edb3");
INSERT INTO SM_EVTDI
	VALUES ("8ccb55f4-957e-442e-bb9d-16bbe737f3b2",
	"04df3e9d-5386-4a1e-befa-8ef3c8f1edb3",
	'facilityType',
	'',
	"ba5eda7a-def5-0000-0000-000000000002",
	'',
	"7172f41b-b749-4042-97a8-a497e403224c",
	"00000000-0000-0000-0000-000000000000");
INSERT INTO SM_LEVT
	VALUES ("7172f41b-b749-4042-97a8-a497e403224c",
	"04df3e9d-5386-4a1e-befa-8ef3c8f1edb3",
	"00000000-0000-0000-0000-000000000000");
INSERT INTO SM_SEVT
	VALUES ("7172f41b-b749-4042-97a8-a497e403224c",
	"04df3e9d-5386-4a1e-befa-8ef3c8f1edb3",
	"00000000-0000-0000-0000-000000000000");
INSERT INTO SM_EVT
	VALUES ("7172f41b-b749-4042-97a8-a497e403224c",
	"04df3e9d-5386-4a1e-befa-8ef3c8f1edb3",
	"00000000-0000-0000-0000-000000000000",
	1,
	'facilityTypeAdded',
	0,
	'',
	'SETUP1',
	'');
INSERT INTO SM_LEVT
	VALUES ("65b12753-4b67-46c6-8fbe-1c8c64a7e603",
	"04df3e9d-5386-4a1e-befa-8ef3c8f1edb3",
	"00000000-0000-0000-0000-000000000000");
INSERT INTO SM_SEVT
	VALUES ("65b12753-4b67-46c6-8fbe-1c8c64a7e603",
	"04df3e9d-5386-4a1e-befa-8ef3c8f1edb3",
	"00000000-0000-0000-0000-000000000000");
INSERT INTO SM_EVT
	VALUES ("65b12753-4b67-46c6-8fbe-1c8c64a7e603",
	"04df3e9d-5386-4a1e-befa-8ef3c8f1edb3",
	"00000000-0000-0000-0000-000000000000",
	2,
	'createInstances',
	0,
	'',
	'SETUP2',
	'');
INSERT INTO SM_STATE
	VALUES ("72d1d647-ba9c-4993-9e23-2d8e2599bf4a",
	"04df3e9d-5386-4a1e-befa-8ef3c8f1edb3",
	"00000000-0000-0000-0000-000000000000",
	'SetupState',
	3,
	0);
INSERT INTO SM_SEME
	VALUES ("72d1d647-ba9c-4993-9e23-2d8e2599bf4a",
	"7172f41b-b749-4042-97a8-a497e403224c",
	"04df3e9d-5386-4a1e-befa-8ef3c8f1edb3",
	"00000000-0000-0000-0000-000000000000");
INSERT INTO SM_CH
	VALUES ("72d1d647-ba9c-4993-9e23-2d8e2599bf4a",
	"65b12753-4b67-46c6-8fbe-1c8c64a7e603",
	"04df3e9d-5386-4a1e-befa-8ef3c8f1edb3",
	"00000000-0000-0000-0000-000000000000",
	'');
INSERT INTO SM_SEME
	VALUES ("72d1d647-ba9c-4993-9e23-2d8e2599bf4a",
	"65b12753-4b67-46c6-8fbe-1c8c64a7e603",
	"04df3e9d-5386-4a1e-befa-8ef3c8f1edb3",
	"00000000-0000-0000-0000-000000000000");
INSERT INTO SM_MOAH
	VALUES ("4680226d-1e90-4298-ab71-0971b54aadba",
	"04df3e9d-5386-4a1e-befa-8ef3c8f1edb3",
	"72d1d647-ba9c-4993-9e23-2d8e2599bf4a");
INSERT INTO SM_AH
	VALUES ("4680226d-1e90-4298-ab71-0971b54aadba",
	"04df3e9d-5386-4a1e-befa-8ef3c8f1edb3");
INSERT INTO SM_ACT
	VALUES ("4680226d-1e90-4298-ab71-0971b54aadba",
	"04df3e9d-5386-4a1e-befa-8ef3c8f1edb3",
	1,
	'
send StaffInterface::addFacilityType(approximateArea: "10-12 m^2", name: "Single Room", price: 1500, description: "ASBRA", id:0);
send StaffInterface::addFacilityType(approximateArea: "12-14 m^2", name: "Double Room", price: 2500, description: "DLIGT", id:1);
',
	'');
INSERT INTO ACT_SAB
	VALUES ("00039614-6019-4c46-b5a9-c7c922895fbe",
	"04df3e9d-5386-4a1e-befa-8ef3c8f1edb3",
	"4680226d-1e90-4298-ab71-0971b54aadba");
INSERT INTO ACT_ACT
	VALUES ("00039614-6019-4c46-b5a9-c7c922895fbe",
	'state',
	0,
	"3d650dbd-225f-4576-8d23-a5a9987a1d99",
	"00000000-0000-0000-0000-000000000000",
	0,
	'Setup::SetupState',
	"00000000-0000-0000-0000-000000000000");
INSERT INTO ACT_BLK
	VALUES ("3d650dbd-225f-4576-8d23-a5a9987a1d99",
	0,
	0,
	0,
	'StaffInterface',
	'',
	'',
	3,
	1,
	3,
	6,
	0,
	0,
	0,
	0,
	0,
	0,
	0,
	0,
	0,
	"00039614-6019-4c46-b5a9-c7c922895fbe",
	"00000000-0000-0000-0000-000000000000");
INSERT INTO ACT_SMT
	VALUES ("c68bf0ce-c227-4564-8d92-fde8da39124b",
	"3d650dbd-225f-4576-8d23-a5a9987a1d99",
	"647a2752-a788-40f3-94ab-a476f526d965",
	2,
	1,
	'Setup::SetupState line: 2');
INSERT INTO ACT_SGN
	VALUES ("c68bf0ce-c227-4564-8d92-fde8da39124b",
	2,
	22,
	2,
	6,
	"00000000-0000-0000-0000-000000000000",
	"a8594653-92b4-4a46-a04e-ec4cff538621",
	"00000000-0000-0000-0000-000000000000");
INSERT INTO ACT_SMT
	VALUES ("647a2752-a788-40f3-94ab-a476f526d965",
	"3d650dbd-225f-4576-8d23-a5a9987a1d99",
	"00000000-0000-0000-0000-000000000000",
	3,
	1,
	'Setup::SetupState line: 3');
INSERT INTO ACT_SGN
	VALUES ("647a2752-a788-40f3-94ab-a476f526d965",
	3,
	22,
	3,
	6,
	"00000000-0000-0000-0000-000000000000",
	"a8594653-92b4-4a46-a04e-ec4cff538621",
	"00000000-0000-0000-0000-000000000000");
INSERT INTO V_VAL
	VALUES ("da03ce6f-67a6-47b9-98b9-c83fafc345a8",
	0,
	0,
	2,
	55,
	64,
	0,
	0,
	0,
	0,
	"ba5eda7a-def5-0000-0000-000000000004",
	"3d650dbd-225f-4576-8d23-a5a9987a1d99");
INSERT INTO V_LST
	VALUES ("da03ce6f-67a6-47b9-98b9-c83fafc345a8",
	'10-12 m^2');
INSERT INTO V_PAR
	VALUES ("da03ce6f-67a6-47b9-98b9-c83fafc345a8",
	"c68bf0ce-c227-4564-8d92-fde8da39124b",
	"00000000-0000-0000-0000-000000000000",
	'approximateArea',
	"fdb1ae63-82fa-4893-b0e2-308f9dfe6986",
	2,
	38);
INSERT INTO V_VAL
	VALUES ("fdb1ae63-82fa-4893-b0e2-308f9dfe6986",
	0,
	0,
	2,
	74,
	85,
	0,
	0,
	0,
	0,
	"ba5eda7a-def5-0000-0000-000000000004",
	"3d650dbd-225f-4576-8d23-a5a9987a1d99");
INSERT INTO V_LST
	VALUES ("fdb1ae63-82fa-4893-b0e2-308f9dfe6986",
	'Single Room');
INSERT INTO V_PAR
	VALUES ("fdb1ae63-82fa-4893-b0e2-308f9dfe6986",
	"c68bf0ce-c227-4564-8d92-fde8da39124b",
	"00000000-0000-0000-0000-000000000000",
	'name',
	"ed8f2ccf-fbc7-4212-b469-8b2e965ac8dd",
	2,
	68);
INSERT INTO V_VAL
	VALUES ("ed8f2ccf-fbc7-4212-b469-8b2e965ac8dd",
	0,
	0,
	2,
	96,
	99,
	0,
	0,
	0,
	0,
	"ba5eda7a-def5-0000-0000-000000000002",
	"3d650dbd-225f-4576-8d23-a5a9987a1d99");
INSERT INTO V_LIN
	VALUES ("ed8f2ccf-fbc7-4212-b469-8b2e965ac8dd",
	'1500');
INSERT INTO V_PAR
	VALUES ("ed8f2ccf-fbc7-4212-b469-8b2e965ac8dd",
	"c68bf0ce-c227-4564-8d92-fde8da39124b",
	"00000000-0000-0000-0000-000000000000",
	'price',
	"ae5c7116-e62e-4404-8139-76bccf521da3",
	2,
	89);
INSERT INTO V_VAL
	VALUES ("ae5c7116-e62e-4404-8139-76bccf521da3",
	0,
	0,
	2,
	115,
	120,
	0,
	0,
	0,
	0,
	"ba5eda7a-def5-0000-0000-000000000004",
	"3d650dbd-225f-4576-8d23-a5a9987a1d99");
INSERT INTO V_LST
	VALUES ("ae5c7116-e62e-4404-8139-76bccf521da3",
	'ASBRA');
INSERT INTO V_PAR
	VALUES ("ae5c7116-e62e-4404-8139-76bccf521da3",
	"c68bf0ce-c227-4564-8d92-fde8da39124b",
	"00000000-0000-0000-0000-000000000000",
	'description',
	"5718140c-a48f-483f-91c8-174f6270414a",
	2,
	102);
INSERT INTO V_VAL
	VALUES ("5718140c-a48f-483f-91c8-174f6270414a",
	0,
	0,
	2,
	127,
	127,
	0,
	0,
	0,
	0,
	"ba5eda7a-def5-0000-0000-000000000002",
	"3d650dbd-225f-4576-8d23-a5a9987a1d99");
INSERT INTO V_LIN
	VALUES ("5718140c-a48f-483f-91c8-174f6270414a",
	'0');
INSERT INTO V_PAR
	VALUES ("5718140c-a48f-483f-91c8-174f6270414a",
	"c68bf0ce-c227-4564-8d92-fde8da39124b",
	"00000000-0000-0000-0000-000000000000",
	'id',
	"00000000-0000-0000-0000-000000000000",
	2,
	124);
INSERT INTO V_VAL
	VALUES ("7c7514cb-cb96-4fe1-a6eb-90e0568d5bd8",
	0,
	0,
	3,
	55,
	64,
	0,
	0,
	0,
	0,
	"ba5eda7a-def5-0000-0000-000000000004",
	"3d650dbd-225f-4576-8d23-a5a9987a1d99");
INSERT INTO V_LST
	VALUES ("7c7514cb-cb96-4fe1-a6eb-90e0568d5bd8",
	'12-14 m^2');
INSERT INTO V_PAR
	VALUES ("7c7514cb-cb96-4fe1-a6eb-90e0568d5bd8",
	"647a2752-a788-40f3-94ab-a476f526d965",
	"00000000-0000-0000-0000-000000000000",
	'approximateArea',
	"b2682b1b-b82f-4f85-8eca-b6d8f66eb379",
	3,
	38);
INSERT INTO V_VAL
	VALUES ("b2682b1b-b82f-4f85-8eca-b6d8f66eb379",
	0,
	0,
	3,
	74,
	85,
	0,
	0,
	0,
	0,
	"ba5eda7a-def5-0000-0000-000000000004",
	"3d650dbd-225f-4576-8d23-a5a9987a1d99");
INSERT INTO V_LST
	VALUES ("b2682b1b-b82f-4f85-8eca-b6d8f66eb379",
	'Double Room');
INSERT INTO V_PAR
	VALUES ("b2682b1b-b82f-4f85-8eca-b6d8f66eb379",
	"647a2752-a788-40f3-94ab-a476f526d965",
	"00000000-0000-0000-0000-000000000000",
	'name',
	"2b46005b-ab86-4b6a-92bd-f743b5a37388",
	3,
	68);
INSERT INTO V_VAL
	VALUES ("2b46005b-ab86-4b6a-92bd-f743b5a37388",
	0,
	0,
	3,
	96,
	99,
	0,
	0,
	0,
	0,
	"ba5eda7a-def5-0000-0000-000000000002",
	"3d650dbd-225f-4576-8d23-a5a9987a1d99");
INSERT INTO V_LIN
	VALUES ("2b46005b-ab86-4b6a-92bd-f743b5a37388",
	'2500');
INSERT INTO V_PAR
	VALUES ("2b46005b-ab86-4b6a-92bd-f743b5a37388",
	"647a2752-a788-40f3-94ab-a476f526d965",
	"00000000-0000-0000-0000-000000000000",
	'price',
	"dd1e54d8-ff6e-425e-b21e-1e132617ed7f",
	3,
	89);
INSERT INTO V_VAL
	VALUES ("dd1e54d8-ff6e-425e-b21e-1e132617ed7f",
	0,
	0,
	3,
	115,
	121,
	0,
	0,
	0,
	0,
	"ba5eda7a-def5-0000-0000-000000000004",
	"3d650dbd-225f-4576-8d23-a5a9987a1d99");
INSERT INTO V_LST
	VALUES ("dd1e54d8-ff6e-425e-b21e-1e132617ed7f",
	'DLIGT');
INSERT INTO V_PAR
	VALUES ("dd1e54d8-ff6e-425e-b21e-1e132617ed7f",
	"647a2752-a788-40f3-94ab-a476f526d965",
	"00000000-0000-0000-0000-000000000000",
	'description',
	"c03068bf-0091-4266-bce9-444e656e35aa",
	3,
	102);
INSERT INTO V_VAL
	VALUES ("c03068bf-0091-4266-bce9-444e656e35aa",
	0,
	0,
	3,
	128,
	128,
	0,
	0,
	0,
	0,
	"ba5eda7a-def5-0000-0000-000000000002",
	"3d650dbd-225f-4576-8d23-a5a9987a1d99");
INSERT INTO V_LIN
	VALUES ("c03068bf-0091-4266-bce9-444e656e35aa",
	'1');
INSERT INTO V_PAR
	VALUES ("c03068bf-0091-4266-bce9-444e656e35aa",
	"647a2752-a788-40f3-94ab-a476f526d965",
	"00000000-0000-0000-0000-000000000000",
	'id',
	"00000000-0000-0000-0000-000000000000",
	3,
	125);
INSERT INTO SM_STATE
	VALUES ("0d39ddc7-f557-4477-a172-b8b6c4d49c73",
	"04df3e9d-5386-4a1e-befa-8ef3c8f1edb3",
	"00000000-0000-0000-0000-000000000000",
	'CreateFacilities',
	2,
	0);
INSERT INTO SM_SEME
	VALUES ("0d39ddc7-f557-4477-a172-b8b6c4d49c73",
	"7172f41b-b749-4042-97a8-a497e403224c",
	"04df3e9d-5386-4a1e-befa-8ef3c8f1edb3",
	"00000000-0000-0000-0000-000000000000");
INSERT INTO SM_CH
	VALUES ("0d39ddc7-f557-4477-a172-b8b6c4d49c73",
	"65b12753-4b67-46c6-8fbe-1c8c64a7e603",
	"04df3e9d-5386-4a1e-befa-8ef3c8f1edb3",
	"00000000-0000-0000-0000-000000000000",
	'');
INSERT INTO SM_SEME
	VALUES ("0d39ddc7-f557-4477-a172-b8b6c4d49c73",
	"65b12753-4b67-46c6-8fbe-1c8c64a7e603",
	"04df3e9d-5386-4a1e-befa-8ef3c8f1edb3",
	"00000000-0000-0000-0000-000000000000");
INSERT INTO SM_MOAH
	VALUES ("688fabc7-b549-493b-b87b-e1249778a5d8",
	"04df3e9d-5386-4a1e-befa-8ef3c8f1edb3",
	"0d39ddc7-f557-4477-a172-b8b6c4d49c73");
INSERT INTO SM_AH
	VALUES ("688fabc7-b549-493b-b87b-e1249778a5d8",
	"04df3e9d-5386-4a1e-befa-8ef3c8f1edb3");
INSERT INTO SM_ACT
	VALUES ("688fabc7-b549-493b-b87b-e1249778a5d8",
	"04df3e9d-5386-4a1e-befa-8ef3c8f1edb3",
	1,
	'
LOG::LogInfo(message: "creating facilities");
send StaffInterface::addFacility(facilityID: "1215D", facilityType: param.facilityType);
send StaffInterface::addFacility(facilityID: "1215A", facilityType: param.facilityType);
send StaffInterface::addFacility(facilityID: "1215C", facilityType: param.facilityType);',
	'');
INSERT INTO ACT_SAB
	VALUES ("a65bd7cc-988c-44bd-a8ac-0dce85aab91f",
	"04df3e9d-5386-4a1e-befa-8ef3c8f1edb3",
	"688fabc7-b549-493b-b87b-e1249778a5d8");
INSERT INTO ACT_ACT
	VALUES ("a65bd7cc-988c-44bd-a8ac-0dce85aab91f",
	'state',
	0,
	"f52a02ad-d2c3-41da-a883-55c340226ff0",
	"00000000-0000-0000-0000-000000000000",
	0,
	'Setup::CreateFacilities',
	"00000000-0000-0000-0000-000000000000");
INSERT INTO ACT_BLK
	VALUES ("f52a02ad-d2c3-41da-a883-55c340226ff0",
	0,
	0,
	0,
	'StaffInterface',
	'',
	'',
	5,
	1,
	5,
	6,
	0,
	0,
	0,
	0,
	0,
	0,
	0,
	0,
	0,
	"a65bd7cc-988c-44bd-a8ac-0dce85aab91f",
	"00000000-0000-0000-0000-000000000000");
INSERT INTO ACT_SMT
	VALUES ("89618b2b-af48-4e77-92e7-3ba3ceafe256",
	"f52a02ad-d2c3-41da-a883-55c340226ff0",
	"5ad09a9e-5506-4d7e-95f7-5846c183bf3f",
	2,
	1,
	'Setup::CreateFacilities line: 2');
INSERT INTO ACT_BRG
	VALUES ("89618b2b-af48-4e77-92e7-3ba3ceafe256",
	"768e1cca-7403-495c-9b22-afd11a473eb6",
	2,
	6,
	2,
	1);
INSERT INTO ACT_SMT
	VALUES ("5ad09a9e-5506-4d7e-95f7-5846c183bf3f",
	"f52a02ad-d2c3-41da-a883-55c340226ff0",
	"a6cbfca5-c806-4532-b665-72032395a4f0",
	3,
	1,
	'Setup::CreateFacilities line: 3');
INSERT INTO ACT_SGN
	VALUES ("5ad09a9e-5506-4d7e-95f7-5846c183bf3f",
	3,
	22,
	3,
	6,
	"00000000-0000-0000-0000-000000000000",
	"e6181567-d769-42fe-9d0b-d198e6a37dc0",
	"00000000-0000-0000-0000-000000000000");
INSERT INTO ACT_SMT
	VALUES ("a6cbfca5-c806-4532-b665-72032395a4f0",
	"f52a02ad-d2c3-41da-a883-55c340226ff0",
	"6443c89f-8b5b-472f-ad43-f3aba4713f96",
	4,
	1,
	'Setup::CreateFacilities line: 4');
INSERT INTO ACT_SGN
	VALUES ("a6cbfca5-c806-4532-b665-72032395a4f0",
	4,
	22,
	4,
	6,
	"00000000-0000-0000-0000-000000000000",
	"e6181567-d769-42fe-9d0b-d198e6a37dc0",
	"00000000-0000-0000-0000-000000000000");
INSERT INTO ACT_SMT
	VALUES ("6443c89f-8b5b-472f-ad43-f3aba4713f96",
	"f52a02ad-d2c3-41da-a883-55c340226ff0",
	"00000000-0000-0000-0000-000000000000",
	5,
	1,
	'Setup::CreateFacilities line: 5');
INSERT INTO ACT_SGN
	VALUES ("6443c89f-8b5b-472f-ad43-f3aba4713f96",
	5,
	22,
	5,
	6,
	"00000000-0000-0000-0000-000000000000",
	"e6181567-d769-42fe-9d0b-d198e6a37dc0",
	"00000000-0000-0000-0000-000000000000");
INSERT INTO V_VAL
	VALUES ("59521584-b745-4710-8043-66089428b614",
	0,
	0,
	2,
	23,
	42,
	0,
	0,
	0,
	0,
	"ba5eda7a-def5-0000-0000-000000000004",
	"f52a02ad-d2c3-41da-a883-55c340226ff0");
INSERT INTO V_LST
	VALUES ("59521584-b745-4710-8043-66089428b614",
	'creating facilities');
INSERT INTO V_PAR
	VALUES ("59521584-b745-4710-8043-66089428b614",
	"89618b2b-af48-4e77-92e7-3ba3ceafe256",
	"00000000-0000-0000-0000-000000000000",
	'message',
	"00000000-0000-0000-0000-000000000000",
	2,
	14);
INSERT INTO V_VAL
	VALUES ("0d214907-8de2-4350-804c-9b3c675e4f53",
	0,
	0,
	3,
	46,
	51,
	0,
	0,
	0,
	0,
	"ba5eda7a-def5-0000-0000-000000000004",
	"f52a02ad-d2c3-41da-a883-55c340226ff0");
INSERT INTO V_LST
	VALUES ("0d214907-8de2-4350-804c-9b3c675e4f53",
	'1215D');
INSERT INTO V_PAR
	VALUES ("0d214907-8de2-4350-804c-9b3c675e4f53",
	"5ad09a9e-5506-4d7e-95f7-5846c183bf3f",
	"00000000-0000-0000-0000-000000000000",
	'facilityID',
	"a841617e-3361-4692-bb62-84e917bcb980",
	3,
	34);
INSERT INTO V_VAL
	VALUES ("a841617e-3361-4692-bb62-84e917bcb980",
	0,
	0,
	3,
	75,
	86,
	0,
	0,
	0,
	0,
	"ba5eda7a-def5-0000-0000-000000000002",
	"f52a02ad-d2c3-41da-a883-55c340226ff0");
INSERT INTO V_EDV
	VALUES ("a841617e-3361-4692-bb62-84e917bcb980");
INSERT INTO V_EPR
	VALUES ("a841617e-3361-4692-bb62-84e917bcb980",
	"04df3e9d-5386-4a1e-befa-8ef3c8f1edb3",
	"8ccb55f4-957e-442e-bb9d-16bbe737f3b2",
	"00000000-0000-0000-0000-000000000000");
INSERT INTO V_EPR
	VALUES ("a841617e-3361-4692-bb62-84e917bcb980",
	"04df3e9d-5386-4a1e-befa-8ef3c8f1edb3",
	"8ccb55f4-957e-442e-bb9d-16bbe737f3b2",
	"00000000-0000-0000-0000-000000000000");
INSERT INTO V_PAR
	VALUES ("a841617e-3361-4692-bb62-84e917bcb980",
	"5ad09a9e-5506-4d7e-95f7-5846c183bf3f",
	"00000000-0000-0000-0000-000000000000",
	'facilityType',
	"00000000-0000-0000-0000-000000000000",
	3,
	55);
INSERT INTO V_VAL
	VALUES ("0ee4eff7-515a-41a1-ad25-f2a89393e150",
	0,
	0,
	4,
	46,
	51,
	0,
	0,
	0,
	0,
	"ba5eda7a-def5-0000-0000-000000000004",
	"f52a02ad-d2c3-41da-a883-55c340226ff0");
INSERT INTO V_LST
	VALUES ("0ee4eff7-515a-41a1-ad25-f2a89393e150",
	'1215A');
INSERT INTO V_PAR
	VALUES ("0ee4eff7-515a-41a1-ad25-f2a89393e150",
	"a6cbfca5-c806-4532-b665-72032395a4f0",
	"00000000-0000-0000-0000-000000000000",
	'facilityID',
	"9df8f941-847e-4b22-8b22-75f5269fe0b5",
	4,
	34);
INSERT INTO V_VAL
	VALUES ("9df8f941-847e-4b22-8b22-75f5269fe0b5",
	0,
	0,
	4,
	75,
	86,
	0,
	0,
	0,
	0,
	"ba5eda7a-def5-0000-0000-000000000002",
	"f52a02ad-d2c3-41da-a883-55c340226ff0");
INSERT INTO V_EDV
	VALUES ("9df8f941-847e-4b22-8b22-75f5269fe0b5");
INSERT INTO V_EPR
	VALUES ("9df8f941-847e-4b22-8b22-75f5269fe0b5",
	"04df3e9d-5386-4a1e-befa-8ef3c8f1edb3",
	"8ccb55f4-957e-442e-bb9d-16bbe737f3b2",
	"00000000-0000-0000-0000-000000000000");
INSERT INTO V_EPR
	VALUES ("9df8f941-847e-4b22-8b22-75f5269fe0b5",
	"04df3e9d-5386-4a1e-befa-8ef3c8f1edb3",
	"8ccb55f4-957e-442e-bb9d-16bbe737f3b2",
	"00000000-0000-0000-0000-000000000000");
INSERT INTO V_PAR
	VALUES ("9df8f941-847e-4b22-8b22-75f5269fe0b5",
	"a6cbfca5-c806-4532-b665-72032395a4f0",
	"00000000-0000-0000-0000-000000000000",
	'facilityType',
	"00000000-0000-0000-0000-000000000000",
	4,
	55);
INSERT INTO V_VAL
	VALUES ("a0a47f49-58f5-41fc-9b2f-69abc2b94ca2",
	0,
	0,
	5,
	46,
	51,
	0,
	0,
	0,
	0,
	"ba5eda7a-def5-0000-0000-000000000004",
	"f52a02ad-d2c3-41da-a883-55c340226ff0");
INSERT INTO V_LST
	VALUES ("a0a47f49-58f5-41fc-9b2f-69abc2b94ca2",
	'1215C');
INSERT INTO V_PAR
	VALUES ("a0a47f49-58f5-41fc-9b2f-69abc2b94ca2",
	"6443c89f-8b5b-472f-ad43-f3aba4713f96",
	"00000000-0000-0000-0000-000000000000",
	'facilityID',
	"b2ada3b1-88bc-4f60-9eee-929623e69bcf",
	5,
	34);
INSERT INTO V_VAL
	VALUES ("b2ada3b1-88bc-4f60-9eee-929623e69bcf",
	0,
	0,
	5,
	75,
	86,
	0,
	0,
	0,
	0,
	"ba5eda7a-def5-0000-0000-000000000002",
	"f52a02ad-d2c3-41da-a883-55c340226ff0");
INSERT INTO V_EDV
	VALUES ("b2ada3b1-88bc-4f60-9eee-929623e69bcf");
INSERT INTO V_EPR
	VALUES ("b2ada3b1-88bc-4f60-9eee-929623e69bcf",
	"04df3e9d-5386-4a1e-befa-8ef3c8f1edb3",
	"8ccb55f4-957e-442e-bb9d-16bbe737f3b2",
	"00000000-0000-0000-0000-000000000000");
INSERT INTO V_EPR
	VALUES ("b2ada3b1-88bc-4f60-9eee-929623e69bcf",
	"04df3e9d-5386-4a1e-befa-8ef3c8f1edb3",
	"8ccb55f4-957e-442e-bb9d-16bbe737f3b2",
	"00000000-0000-0000-0000-000000000000");
INSERT INTO V_PAR
	VALUES ("b2ada3b1-88bc-4f60-9eee-929623e69bcf",
	"6443c89f-8b5b-472f-ad43-f3aba4713f96",
	"00000000-0000-0000-0000-000000000000",
	'facilityType',
	"00000000-0000-0000-0000-000000000000",
	5,
	55);
INSERT INTO SM_STATE
	VALUES ("1ebdc899-819e-463b-b51c-984681e35c43",
	"04df3e9d-5386-4a1e-befa-8ef3c8f1edb3",
	"00000000-0000-0000-0000-000000000000",
	'Startup',
	1,
	0);
INSERT INTO SM_CH
	VALUES ("1ebdc899-819e-463b-b51c-984681e35c43",
	"7172f41b-b749-4042-97a8-a497e403224c",
	"04df3e9d-5386-4a1e-befa-8ef3c8f1edb3",
	"00000000-0000-0000-0000-000000000000",
	'');
INSERT INTO SM_SEME
	VALUES ("1ebdc899-819e-463b-b51c-984681e35c43",
	"7172f41b-b749-4042-97a8-a497e403224c",
	"04df3e9d-5386-4a1e-befa-8ef3c8f1edb3",
	"00000000-0000-0000-0000-000000000000");
INSERT INTO SM_SEME
	VALUES ("1ebdc899-819e-463b-b51c-984681e35c43",
	"65b12753-4b67-46c6-8fbe-1c8c64a7e603",
	"04df3e9d-5386-4a1e-befa-8ef3c8f1edb3",
	"00000000-0000-0000-0000-000000000000");
INSERT INTO SM_MOAH
	VALUES ("04d9a4b8-7c91-4d12-882a-9e19e6a5eb19",
	"04df3e9d-5386-4a1e-befa-8ef3c8f1edb3",
	"1ebdc899-819e-463b-b51c-984681e35c43");
INSERT INTO SM_AH
	VALUES ("04d9a4b8-7c91-4d12-882a-9e19e6a5eb19",
	"04df3e9d-5386-4a1e-befa-8ef3c8f1edb3");
INSERT INTO SM_ACT
	VALUES ("04d9a4b8-7c91-4d12-882a-9e19e6a5eb19",
	"04df3e9d-5386-4a1e-befa-8ef3c8f1edb3",
	1,
	'LOG::LogInfo(message: "StartUp at  SetupClass ;");',
	'');
INSERT INTO ACT_SAB
	VALUES ("008e83e5-a296-4d24-ad09-a7d8fedabe34",
	"04df3e9d-5386-4a1e-befa-8ef3c8f1edb3",
	"04d9a4b8-7c91-4d12-882a-9e19e6a5eb19");
INSERT INTO ACT_ACT
	VALUES ("008e83e5-a296-4d24-ad09-a7d8fedabe34",
	'state',
	0,
	"32db4573-9226-4f8f-9f1a-d647198f00e3",
	"00000000-0000-0000-0000-000000000000",
	0,
	'Setup::Startup',
	"00000000-0000-0000-0000-000000000000");
INSERT INTO ACT_BLK
	VALUES ("32db4573-9226-4f8f-9f1a-d647198f00e3",
	0,
	0,
	0,
	'LOG',
	'',
	'',
	1,
	1,
	1,
	1,
	0,
	0,
	0,
	0,
	0,
	0,
	0,
	0,
	0,
	"008e83e5-a296-4d24-ad09-a7d8fedabe34",
	"00000000-0000-0000-0000-000000000000");
INSERT INTO ACT_SMT
	VALUES ("cd31844b-82ce-419c-8066-97be01b75496",
	"32db4573-9226-4f8f-9f1a-d647198f00e3",
	"00000000-0000-0000-0000-000000000000",
	1,
	1,
	'Setup::Startup line: 1');
INSERT INTO ACT_BRG
	VALUES ("cd31844b-82ce-419c-8066-97be01b75496",
	"768e1cca-7403-495c-9b22-afd11a473eb6",
	1,
	6,
	1,
	1);
INSERT INTO V_VAL
	VALUES ("ffd87f2b-8b64-45fe-b9ee-512f6dabfb84",
	0,
	0,
	1,
	23,
	47,
	0,
	0,
	0,
	0,
	"ba5eda7a-def5-0000-0000-000000000004",
	"32db4573-9226-4f8f-9f1a-d647198f00e3");
INSERT INTO V_LST
	VALUES ("ffd87f2b-8b64-45fe-b9ee-512f6dabfb84",
	'StartUp at  SetupClass ;');
INSERT INTO V_PAR
	VALUES ("ffd87f2b-8b64-45fe-b9ee-512f6dabfb84",
	"cd31844b-82ce-419c-8066-97be01b75496",
	"00000000-0000-0000-0000-000000000000",
	'message',
	"00000000-0000-0000-0000-000000000000",
	1,
	14);
INSERT INTO SM_NSTXN
	VALUES ("ef9a56d7-46a9-4ac0-8375-d560e572ae52",
	"04df3e9d-5386-4a1e-befa-8ef3c8f1edb3",
	"72d1d647-ba9c-4993-9e23-2d8e2599bf4a",
	"7172f41b-b749-4042-97a8-a497e403224c",
	"00000000-0000-0000-0000-000000000000");
INSERT INTO SM_TAH
	VALUES ("732839b4-cd9d-475d-acf4-742320f0882e",
	"04df3e9d-5386-4a1e-befa-8ef3c8f1edb3",
	"ef9a56d7-46a9-4ac0-8375-d560e572ae52");
INSERT INTO SM_AH
	VALUES ("732839b4-cd9d-475d-acf4-742320f0882e",
	"04df3e9d-5386-4a1e-befa-8ef3c8f1edb3");
INSERT INTO SM_ACT
	VALUES ("732839b4-cd9d-475d-acf4-742320f0882e",
	"04df3e9d-5386-4a1e-befa-8ef3c8f1edb3",
	1,
	'',
	'');
INSERT INTO ACT_TAB
	VALUES ("8ccf2cbf-49ee-4d35-b001-e94d7db5e908",
	"04df3e9d-5386-4a1e-befa-8ef3c8f1edb3",
	"732839b4-cd9d-475d-acf4-742320f0882e");
INSERT INTO ACT_ACT
	VALUES ("8ccf2cbf-49ee-4d35-b001-e94d7db5e908",
	'transition',
	0,
	"083539db-d627-474f-b85e-5e2d9df99b05",
	"00000000-0000-0000-0000-000000000000",
	0,
	'SETUP1: facilityTypeAdded',
	"00000000-0000-0000-0000-000000000000");
INSERT INTO ACT_BLK
	VALUES ("083539db-d627-474f-b85e-5e2d9df99b05",
	0,
	0,
	0,
	'',
	'',
	'',
	0,
	0,
	0,
	0,
	0,
	0,
	0,
	0,
	0,
	0,
	0,
	0,
	0,
	"8ccf2cbf-49ee-4d35-b001-e94d7db5e908",
	"00000000-0000-0000-0000-000000000000");
INSERT INTO SM_TXN
	VALUES ("ef9a56d7-46a9-4ac0-8375-d560e572ae52",
	"04df3e9d-5386-4a1e-befa-8ef3c8f1edb3",
	"0d39ddc7-f557-4477-a172-b8b6c4d49c73",
	"00000000-0000-0000-0000-000000000000");
INSERT INTO SM_NSTXN
	VALUES ("a3cb1caf-8901-4df6-938a-f432ab3d4419",
	"04df3e9d-5386-4a1e-befa-8ef3c8f1edb3",
	"0d39ddc7-f557-4477-a172-b8b6c4d49c73",
	"7172f41b-b749-4042-97a8-a497e403224c",
	"00000000-0000-0000-0000-000000000000");
INSERT INTO SM_TAH
	VALUES ("0ad55a37-7a30-4ad6-bd67-21dbec4c12fc",
	"04df3e9d-5386-4a1e-befa-8ef3c8f1edb3",
	"a3cb1caf-8901-4df6-938a-f432ab3d4419");
INSERT INTO SM_AH
	VALUES ("0ad55a37-7a30-4ad6-bd67-21dbec4c12fc",
	"04df3e9d-5386-4a1e-befa-8ef3c8f1edb3");
INSERT INTO SM_ACT
	VALUES ("0ad55a37-7a30-4ad6-bd67-21dbec4c12fc",
	"04df3e9d-5386-4a1e-befa-8ef3c8f1edb3",
	1,
	'',
	'');
INSERT INTO ACT_TAB
	VALUES ("e5b4c0d1-9280-412e-b690-48555b3d118b",
	"04df3e9d-5386-4a1e-befa-8ef3c8f1edb3",
	"0ad55a37-7a30-4ad6-bd67-21dbec4c12fc");
INSERT INTO ACT_ACT
	VALUES ("e5b4c0d1-9280-412e-b690-48555b3d118b",
	'transition',
	0,
	"6ac04158-0dfd-483d-a26f-37d089269533",
	"00000000-0000-0000-0000-000000000000",
	0,
	'SETUP1: facilityTypeAdded',
	"00000000-0000-0000-0000-000000000000");
INSERT INTO ACT_BLK
	VALUES ("6ac04158-0dfd-483d-a26f-37d089269533",
	0,
	0,
	0,
	'',
	'',
	'',
	0,
	0,
	0,
	0,
	0,
	0,
	0,
	0,
	0,
	0,
	0,
	0,
	0,
	"e5b4c0d1-9280-412e-b690-48555b3d118b",
	"00000000-0000-0000-0000-000000000000");
INSERT INTO SM_TXN
	VALUES ("a3cb1caf-8901-4df6-938a-f432ab3d4419",
	"04df3e9d-5386-4a1e-befa-8ef3c8f1edb3",
	"0d39ddc7-f557-4477-a172-b8b6c4d49c73",
	"00000000-0000-0000-0000-000000000000");
INSERT INTO SM_CRTXN
	VALUES ("d2d1593d-8b59-4abf-8ee1-d46b805c3acf",
	"04df3e9d-5386-4a1e-befa-8ef3c8f1edb3",
	"00000000-0000-0000-0000-000000000000",
	"00000000-0000-0000-0000-000000000000");
INSERT INTO SM_TAH
	VALUES ("d3bb3ee0-42c0-49a2-9655-89440f26296f",
	"04df3e9d-5386-4a1e-befa-8ef3c8f1edb3",
	"d2d1593d-8b59-4abf-8ee1-d46b805c3acf");
INSERT INTO SM_AH
	VALUES ("d3bb3ee0-42c0-49a2-9655-89440f26296f",
	"04df3e9d-5386-4a1e-befa-8ef3c8f1edb3");
INSERT INTO SM_ACT
	VALUES ("d3bb3ee0-42c0-49a2-9655-89440f26296f",
	"04df3e9d-5386-4a1e-befa-8ef3c8f1edb3",
	1,
	'',
	'');
INSERT INTO ACT_TAB
	VALUES ("c6f084f6-9cfc-4c12-b740-f04d71afd4a8",
	"04df3e9d-5386-4a1e-befa-8ef3c8f1edb3",
	"d3bb3ee0-42c0-49a2-9655-89440f26296f");
INSERT INTO ACT_ACT
	VALUES ("c6f084f6-9cfc-4c12-b740-f04d71afd4a8",
	'transition',
	0,
	"413af988-4978-4eae-a8a0-61ed22890e60",
	"00000000-0000-0000-0000-000000000000",
	0,
	'No Event Assigned',
	"00000000-0000-0000-0000-000000000000");
INSERT INTO ACT_BLK
	VALUES ("413af988-4978-4eae-a8a0-61ed22890e60",
	0,
	0,
	0,
	'',
	'',
	'',
	0,
	0,
	0,
	0,
	0,
	0,
	0,
	0,
	0,
	0,
	0,
	0,
	0,
	"c6f084f6-9cfc-4c12-b740-f04d71afd4a8",
	"00000000-0000-0000-0000-000000000000");
INSERT INTO SM_TXN
	VALUES ("d2d1593d-8b59-4abf-8ee1-d46b805c3acf",
	"04df3e9d-5386-4a1e-befa-8ef3c8f1edb3",
	"1ebdc899-819e-463b-b51c-984681e35c43",
	"00000000-0000-0000-0000-000000000000");
INSERT INTO SM_NSTXN
	VALUES ("df61ae13-dce0-4b3f-ac9d-488566f0d0e8",
	"04df3e9d-5386-4a1e-befa-8ef3c8f1edb3",
	"1ebdc899-819e-463b-b51c-984681e35c43",
	"65b12753-4b67-46c6-8fbe-1c8c64a7e603",
	"00000000-0000-0000-0000-000000000000");
INSERT INTO SM_TAH
	VALUES ("0605bcec-8a93-4338-a260-02df04d68794",
	"04df3e9d-5386-4a1e-befa-8ef3c8f1edb3",
	"df61ae13-dce0-4b3f-ac9d-488566f0d0e8");
INSERT INTO SM_AH
	VALUES ("0605bcec-8a93-4338-a260-02df04d68794",
	"04df3e9d-5386-4a1e-befa-8ef3c8f1edb3");
INSERT INTO SM_ACT
	VALUES ("0605bcec-8a93-4338-a260-02df04d68794",
	"04df3e9d-5386-4a1e-befa-8ef3c8f1edb3",
	1,
	'',
	'');
INSERT INTO ACT_TAB
	VALUES ("fa0ff4d5-16c4-4549-8c10-d4563ee6ed79",
	"04df3e9d-5386-4a1e-befa-8ef3c8f1edb3",
	"0605bcec-8a93-4338-a260-02df04d68794");
INSERT INTO ACT_ACT
	VALUES ("fa0ff4d5-16c4-4549-8c10-d4563ee6ed79",
	'transition',
	0,
	"917d652e-afff-47bf-8a87-ae765c6aa0a7",
	"00000000-0000-0000-0000-000000000000",
	0,
	'SETUP2: createInstances',
	"00000000-0000-0000-0000-000000000000");
INSERT INTO ACT_BLK
	VALUES ("917d652e-afff-47bf-8a87-ae765c6aa0a7",
	0,
	0,
	0,
	'',
	'',
	'',
	0,
	0,
	0,
	0,
	0,
	0,
	0,
	0,
	0,
	0,
	0,
	0,
	0,
	"fa0ff4d5-16c4-4549-8c10-d4563ee6ed79",
	"00000000-0000-0000-0000-000000000000");
INSERT INTO SM_TXN
	VALUES ("df61ae13-dce0-4b3f-ac9d-488566f0d0e8",
	"04df3e9d-5386-4a1e-befa-8ef3c8f1edb3",
	"72d1d647-ba9c-4993-9e23-2d8e2599bf4a",
	"00000000-0000-0000-0000-000000000000");
INSERT INTO PE_PE
	VALUES ("6daee5e1-aefd-49c8-b18d-234fb0eb1928",
	1,
	"dcd45889-1e8f-44ce-a0ac-90e67ced68c3",
	"00000000-0000-0000-0000-000000000000",
	4);
INSERT INTO O_OBJ
	VALUES ("6daee5e1-aefd-49c8-b18d-234fb0eb1928",
	'SimpleTest',
	1,
	'SIMPLETEST',
	'

This test is a (hopefully) success scenario of the Use Case "Customer creates a Booking"
',
	"00000000-0000-0000-0000-000000000000");
INSERT INTO O_NBATTR
	VALUES ("fa000d2e-0253-4293-bd82-1e0913c0904f",
	"6daee5e1-aefd-49c8-b18d-234fb0eb1928");
INSERT INTO O_BATTR
	VALUES ("fa000d2e-0253-4293-bd82-1e0913c0904f",
	"6daee5e1-aefd-49c8-b18d-234fb0eb1928");
INSERT INTO O_ATTR
	VALUES ("fa000d2e-0253-4293-bd82-1e0913c0904f",
	"6daee5e1-aefd-49c8-b18d-234fb0eb1928",
	"00000000-0000-0000-0000-000000000000",
	'current_state',
	'',
	'',
	'current_state',
	0,
	"ba5eda7a-def5-0000-0000-000000000006",
	'',
	'');
INSERT INTO O_NBATTR
	VALUES ("10645a6f-534c-4e7d-84b2-77d94f3125c4",
	"6daee5e1-aefd-49c8-b18d-234fb0eb1928");
INSERT INTO O_BATTR
	VALUES ("10645a6f-534c-4e7d-84b2-77d94f3125c4",
	"6daee5e1-aefd-49c8-b18d-234fb0eb1928");
INSERT INTO O_ATTR
	VALUES ("10645a6f-534c-4e7d-84b2-77d94f3125c4",
	"6daee5e1-aefd-49c8-b18d-234fb0eb1928",
	"fa000d2e-0253-4293-bd82-1e0913c0904f",
	'sessionID',
	'',
	'',
	'sessionID',
	0,
	"ba5eda7a-def5-0000-0000-000000000005",
	'',
	'');
INSERT INTO O_NBATTR
	VALUES ("278fffa2-09e5-4d5b-a2ac-447f655e1bdd",
	"6daee5e1-aefd-49c8-b18d-234fb0eb1928");
INSERT INTO O_BATTR
	VALUES ("278fffa2-09e5-4d5b-a2ac-447f655e1bdd",
	"6daee5e1-aefd-49c8-b18d-234fb0eb1928");
INSERT INTO O_ATTR
	VALUES ("278fffa2-09e5-4d5b-a2ac-447f655e1bdd",
	"6daee5e1-aefd-49c8-b18d-234fb0eb1928",
	"10645a6f-534c-4e7d-84b2-77d94f3125c4",
	'desiredType',
	'',
	'',
	'desiredType',
	0,
	"ba5eda7a-def5-0000-0000-000000000002",
	'',
	'');
INSERT INTO O_ID
	VALUES (0,
	"6daee5e1-aefd-49c8-b18d-234fb0eb1928");
INSERT INTO O_ID
	VALUES (1,
	"6daee5e1-aefd-49c8-b18d-234fb0eb1928");
INSERT INTO O_ID
	VALUES (2,
	"6daee5e1-aefd-49c8-b18d-234fb0eb1928");
INSERT INTO SM_ISM
	VALUES ("ff73a57e-de54-43da-89b9-7fc18e7e85a5",
	"6daee5e1-aefd-49c8-b18d-234fb0eb1928");
INSERT INTO SM_SM
	VALUES ("ff73a57e-de54-43da-89b9-7fc18e7e85a5",
	'',
	0);
INSERT INTO SM_MOORE
	VALUES ("ff73a57e-de54-43da-89b9-7fc18e7e85a5");
INSERT INTO SM_EVTDI
	VALUES ("cf45ac62-45f1-44bc-b7a3-c755aacea2a2",
	"ff73a57e-de54-43da-89b9-7fc18e7e85a5",
	'sessionID',
	'',
	"ba5eda7a-def5-0000-0000-000000000005",
	'',
	"2a21dfc2-cf8a-496d-91fa-d6cd6995d113",
	"00000000-0000-0000-0000-000000000000");
INSERT INTO SM_EVTDI
	VALUES ("1c77257f-c003-41c6-bb95-b52dae2b9ca2",
	"ff73a57e-de54-43da-89b9-7fc18e7e85a5",
	'id',
	'',
	"ba5eda7a-def5-0000-0000-000000000002",
	'',
	"eb6c99e7-c09f-4c32-96ec-e77623146056",
	"00000000-0000-0000-0000-000000000000");
INSERT INTO SM_EVTDI
	VALUES ("5052c63d-4625-40da-9e2f-fa456efcbc2e",
	"ff73a57e-de54-43da-89b9-7fc18e7e85a5",
	'price',
	'',
	"ba5eda7a-def5-0000-0000-000000000003",
	'',
	"eb6c99e7-c09f-4c32-96ec-e77623146056",
	"1c77257f-c003-41c6-bb95-b52dae2b9ca2");
INSERT INTO SM_EVTDI
	VALUES ("8ba5930f-e0dd-40cf-a921-bcbe2e894ffc",
	"ff73a57e-de54-43da-89b9-7fc18e7e85a5",
	'description',
	'',
	"ba5eda7a-def5-0000-0000-000000000004",
	'',
	"eb6c99e7-c09f-4c32-96ec-e77623146056",
	"5052c63d-4625-40da-9e2f-fa456efcbc2e");
INSERT INTO SM_EVTDI
	VALUES ("75ca7653-a8a1-4b38-ac5f-352bcf270273",
	"ff73a57e-de54-43da-89b9-7fc18e7e85a5",
	'aproximateArea',
	'',
	"ba5eda7a-def5-0000-0000-000000000004",
	'',
	"eb6c99e7-c09f-4c32-96ec-e77623146056",
	"8ba5930f-e0dd-40cf-a921-bcbe2e894ffc");
INSERT INTO SM_EVTDI
	VALUES ("d72ae57a-4ae9-4c36-a467-58ada230a8ff",
	"ff73a57e-de54-43da-89b9-7fc18e7e85a5",
	'independent',
	'',
	"ba5eda7a-def5-0000-0000-000000000001",
	'',
	"eb6c99e7-c09f-4c32-96ec-e77623146056",
	"75ca7653-a8a1-4b38-ac5f-352bcf270273");
INSERT INTO SM_EVTDI
	VALUES ("ce135fc1-94a4-4d13-9df8-b4274540e9ed",
	"ff73a57e-de54-43da-89b9-7fc18e7e85a5",
	'message',
	'',
	"ba5eda7a-def5-0000-0000-000000000004",
	'',
	"e60d8278-0abd-4435-be30-5fb8266237ab",
	"00000000-0000-0000-0000-000000000000");
INSERT INTO SM_EVTDI
	VALUES ("9973c51e-3461-4e29-a128-e642a6356085",
	"ff73a57e-de54-43da-89b9-7fc18e7e85a5",
	'desiredType',
	'',
	"ba5eda7a-def5-0000-0000-000000000002",
	'',
	"571ae000-303e-4af6-9350-7f3c94749e60",
	"00000000-0000-0000-0000-000000000000");
INSERT INTO SM_LEVT
	VALUES ("571ae000-303e-4af6-9350-7f3c94749e60",
	"ff73a57e-de54-43da-89b9-7fc18e7e85a5",
	"00000000-0000-0000-0000-000000000000");
INSERT INTO SM_SEVT
	VALUES ("571ae000-303e-4af6-9350-7f3c94749e60",
	"ff73a57e-de54-43da-89b9-7fc18e7e85a5",
	"00000000-0000-0000-0000-000000000000");
INSERT INTO SM_EVT
	VALUES ("571ae000-303e-4af6-9350-7f3c94749e60",
	"ff73a57e-de54-43da-89b9-7fc18e7e85a5",
	"00000000-0000-0000-0000-000000000000",
	1,
	'start',
	0,
	'',
	'SIMPLETEST1',
	'');
INSERT INTO SM_LEVT
	VALUES ("2a21dfc2-cf8a-496d-91fa-d6cd6995d113",
	"ff73a57e-de54-43da-89b9-7fc18e7e85a5",
	"00000000-0000-0000-0000-000000000000");
INSERT INTO SM_SEVT
	VALUES ("2a21dfc2-cf8a-496d-91fa-d6cd6995d113",
	"ff73a57e-de54-43da-89b9-7fc18e7e85a5",
	"00000000-0000-0000-0000-000000000000");
INSERT INTO SM_EVT
	VALUES ("2a21dfc2-cf8a-496d-91fa-d6cd6995d113",
	"ff73a57e-de54-43da-89b9-7fc18e7e85a5",
	"00000000-0000-0000-0000-000000000000",
	2,
	'sessionEvent',
	0,
	'',
	'SIMPLETEST2',
	'');
INSERT INTO SM_LEVT
	VALUES ("eb6c99e7-c09f-4c32-96ec-e77623146056",
	"ff73a57e-de54-43da-89b9-7fc18e7e85a5",
	"00000000-0000-0000-0000-000000000000");
INSERT INTO SM_SEVT
	VALUES ("eb6c99e7-c09f-4c32-96ec-e77623146056",
	"ff73a57e-de54-43da-89b9-7fc18e7e85a5",
	"00000000-0000-0000-0000-000000000000");
INSERT INTO SM_EVT
	VALUES ("eb6c99e7-c09f-4c32-96ec-e77623146056",
	"ff73a57e-de54-43da-89b9-7fc18e7e85a5",
	"00000000-0000-0000-0000-000000000000",
	3,
	'availableEvent',
	0,
	'',
	'SIMPLETEST3',
	'');
INSERT INTO SM_LEVT
	VALUES ("e60d8278-0abd-4435-be30-5fb8266237ab",
	"ff73a57e-de54-43da-89b9-7fc18e7e85a5",
	"00000000-0000-0000-0000-000000000000");
INSERT INTO SM_SEVT
	VALUES ("e60d8278-0abd-4435-be30-5fb8266237ab",
	"ff73a57e-de54-43da-89b9-7fc18e7e85a5",
	"00000000-0000-0000-0000-000000000000");
INSERT INTO SM_EVT
	VALUES ("e60d8278-0abd-4435-be30-5fb8266237ab",
	"ff73a57e-de54-43da-89b9-7fc18e7e85a5",
	"00000000-0000-0000-0000-000000000000",
	4,
	'confirmEvent',
	0,
	'',
	'SIMPLETEST4',
	'');
INSERT INTO SM_STATE
	VALUES ("ff3aa0df-09b3-4d91-b2a7-212ccf415d16",
	"ff73a57e-de54-43da-89b9-7fc18e7e85a5",
	"00000000-0000-0000-0000-000000000000",
	'entryPoint',
	1,
	0);
INSERT INTO SM_SEME
	VALUES ("ff3aa0df-09b3-4d91-b2a7-212ccf415d16",
	"571ae000-303e-4af6-9350-7f3c94749e60",
	"ff73a57e-de54-43da-89b9-7fc18e7e85a5",
	"00000000-0000-0000-0000-000000000000");
INSERT INTO SM_CH
	VALUES ("ff3aa0df-09b3-4d91-b2a7-212ccf415d16",
	"2a21dfc2-cf8a-496d-91fa-d6cd6995d113",
	"ff73a57e-de54-43da-89b9-7fc18e7e85a5",
	"00000000-0000-0000-0000-000000000000",
	'');
INSERT INTO SM_SEME
	VALUES ("ff3aa0df-09b3-4d91-b2a7-212ccf415d16",
	"2a21dfc2-cf8a-496d-91fa-d6cd6995d113",
	"ff73a57e-de54-43da-89b9-7fc18e7e85a5",
	"00000000-0000-0000-0000-000000000000");
INSERT INTO SM_CH
	VALUES ("ff3aa0df-09b3-4d91-b2a7-212ccf415d16",
	"eb6c99e7-c09f-4c32-96ec-e77623146056",
	"ff73a57e-de54-43da-89b9-7fc18e7e85a5",
	"00000000-0000-0000-0000-000000000000",
	'');
INSERT INTO SM_SEME
	VALUES ("ff3aa0df-09b3-4d91-b2a7-212ccf415d16",
	"eb6c99e7-c09f-4c32-96ec-e77623146056",
	"ff73a57e-de54-43da-89b9-7fc18e7e85a5",
	"00000000-0000-0000-0000-000000000000");
INSERT INTO SM_CH
	VALUES ("ff3aa0df-09b3-4d91-b2a7-212ccf415d16",
	"e60d8278-0abd-4435-be30-5fb8266237ab",
	"ff73a57e-de54-43da-89b9-7fc18e7e85a5",
	"00000000-0000-0000-0000-000000000000",
	'');
INSERT INTO SM_SEME
	VALUES ("ff3aa0df-09b3-4d91-b2a7-212ccf415d16",
	"e60d8278-0abd-4435-be30-5fb8266237ab",
	"ff73a57e-de54-43da-89b9-7fc18e7e85a5",
	"00000000-0000-0000-0000-000000000000");
INSERT INTO SM_MOAH
	VALUES ("cb212bf5-d2bb-45da-8e27-c663ec05029f",
	"ff73a57e-de54-43da-89b9-7fc18e7e85a5",
	"ff3aa0df-09b3-4d91-b2a7-212ccf415d16");
INSERT INTO SM_AH
	VALUES ("cb212bf5-d2bb-45da-8e27-c663ec05029f",
	"ff73a57e-de54-43da-89b9-7fc18e7e85a5");
INSERT INTO SM_ACT
	VALUES ("cb212bf5-d2bb-45da-8e27-c663ec05029f",
	"ff73a57e-de54-43da-89b9-7fc18e7e85a5",
	1,
	'LOG::LogInfo(message: "Starting simple test... woopido");
',
	'');
INSERT INTO ACT_SAB
	VALUES ("96c1026a-752f-4ccf-a8cc-bfdad15d6bdc",
	"ff73a57e-de54-43da-89b9-7fc18e7e85a5",
	"cb212bf5-d2bb-45da-8e27-c663ec05029f");
INSERT INTO ACT_ACT
	VALUES ("96c1026a-752f-4ccf-a8cc-bfdad15d6bdc",
	'state',
	0,
	"2b40de7d-42c7-4099-a2bd-ff02cdeed0b2",
	"00000000-0000-0000-0000-000000000000",
	0,
	'SimpleTest::entryPoint',
	"00000000-0000-0000-0000-000000000000");
INSERT INTO ACT_BLK
	VALUES ("2b40de7d-42c7-4099-a2bd-ff02cdeed0b2",
	0,
	0,
	0,
	'LOG',
	'',
	'',
	1,
	1,
	1,
	1,
	0,
	0,
	0,
	0,
	0,
	0,
	0,
	0,
	0,
	"96c1026a-752f-4ccf-a8cc-bfdad15d6bdc",
	"00000000-0000-0000-0000-000000000000");
INSERT INTO ACT_SMT
	VALUES ("63feaf66-2d38-4015-9f7d-3816750573a5",
	"2b40de7d-42c7-4099-a2bd-ff02cdeed0b2",
	"00000000-0000-0000-0000-000000000000",
	1,
	1,
	'SimpleTest::entryPoint line: 1');
INSERT INTO ACT_BRG
	VALUES ("63feaf66-2d38-4015-9f7d-3816750573a5",
	"768e1cca-7403-495c-9b22-afd11a473eb6",
	1,
	6,
	1,
	1);
INSERT INTO V_VAL
	VALUES ("d9b7c464-59d5-4995-81b4-75d90f886ea0",
	0,
	0,
	1,
	23,
	54,
	0,
	0,
	0,
	0,
	"ba5eda7a-def5-0000-0000-000000000004",
	"2b40de7d-42c7-4099-a2bd-ff02cdeed0b2");
INSERT INTO V_LST
	VALUES ("d9b7c464-59d5-4995-81b4-75d90f886ea0",
	'Starting simple test... woopido');
INSERT INTO V_PAR
	VALUES ("d9b7c464-59d5-4995-81b4-75d90f886ea0",
	"63feaf66-2d38-4015-9f7d-3816750573a5",
	"00000000-0000-0000-0000-000000000000",
	'message',
	"00000000-0000-0000-0000-000000000000",
	1,
	14);
INSERT INTO SM_STATE
	VALUES ("69ed6288-8a7a-4a78-8509-c5afa7b80900",
	"ff73a57e-de54-43da-89b9-7fc18e7e85a5",
	"00000000-0000-0000-0000-000000000000",
	'requestSession',
	2,
	0);
INSERT INTO SM_CH
	VALUES ("69ed6288-8a7a-4a78-8509-c5afa7b80900",
	"571ae000-303e-4af6-9350-7f3c94749e60",
	"ff73a57e-de54-43da-89b9-7fc18e7e85a5",
	"00000000-0000-0000-0000-000000000000",
	'');
INSERT INTO SM_SEME
	VALUES ("69ed6288-8a7a-4a78-8509-c5afa7b80900",
	"571ae000-303e-4af6-9350-7f3c94749e60",
	"ff73a57e-de54-43da-89b9-7fc18e7e85a5",
	"00000000-0000-0000-0000-000000000000");
INSERT INTO SM_SEME
	VALUES ("69ed6288-8a7a-4a78-8509-c5afa7b80900",
	"2a21dfc2-cf8a-496d-91fa-d6cd6995d113",
	"ff73a57e-de54-43da-89b9-7fc18e7e85a5",
	"00000000-0000-0000-0000-000000000000");
INSERT INTO SM_CH
	VALUES ("69ed6288-8a7a-4a78-8509-c5afa7b80900",
	"eb6c99e7-c09f-4c32-96ec-e77623146056",
	"ff73a57e-de54-43da-89b9-7fc18e7e85a5",
	"00000000-0000-0000-0000-000000000000",
	'');
INSERT INTO SM_SEME
	VALUES ("69ed6288-8a7a-4a78-8509-c5afa7b80900",
	"eb6c99e7-c09f-4c32-96ec-e77623146056",
	"ff73a57e-de54-43da-89b9-7fc18e7e85a5",
	"00000000-0000-0000-0000-000000000000");
INSERT INTO SM_CH
	VALUES ("69ed6288-8a7a-4a78-8509-c5afa7b80900",
	"e60d8278-0abd-4435-be30-5fb8266237ab",
	"ff73a57e-de54-43da-89b9-7fc18e7e85a5",
	"00000000-0000-0000-0000-000000000000",
	'');
INSERT INTO SM_SEME
	VALUES ("69ed6288-8a7a-4a78-8509-c5afa7b80900",
	"e60d8278-0abd-4435-be30-5fb8266237ab",
	"ff73a57e-de54-43da-89b9-7fc18e7e85a5",
	"00000000-0000-0000-0000-000000000000");
INSERT INTO SM_MOAH
	VALUES ("7bfddb0f-c3e6-4837-b6e1-2f61082ec5e2",
	"ff73a57e-de54-43da-89b9-7fc18e7e85a5",
	"69ed6288-8a7a-4a78-8509-c5afa7b80900");
INSERT INTO SM_AH
	VALUES ("7bfddb0f-c3e6-4837-b6e1-2f61082ec5e2",
	"ff73a57e-de54-43da-89b9-7fc18e7e85a5");
INSERT INTO SM_ACT
	VALUES ("7bfddb0f-c3e6-4837-b6e1-2f61082ec5e2",
	"ff73a57e-de54-43da-89b9-7fc18e7e85a5",
	1,
	'LOG::LogInfo(message: "Starting simple test... requesting session");
self.desiredType = rcvd_evt.desiredType; 

send BookingProvider::requestSession();',
	'');
INSERT INTO ACT_SAB
	VALUES ("e16b26a3-1d96-4e58-bc89-041a0b4fd1ab",
	"ff73a57e-de54-43da-89b9-7fc18e7e85a5",
	"7bfddb0f-c3e6-4837-b6e1-2f61082ec5e2");
INSERT INTO ACT_ACT
	VALUES ("e16b26a3-1d96-4e58-bc89-041a0b4fd1ab",
	'state',
	0,
	"d46bd004-04d3-4a15-9c6f-07f4212e25cc",
	"00000000-0000-0000-0000-000000000000",
	0,
	'SimpleTest::requestSession',
	"00000000-0000-0000-0000-000000000000");
INSERT INTO ACT_BLK
	VALUES ("d46bd004-04d3-4a15-9c6f-07f4212e25cc",
	0,
	0,
	0,
	'BookingProvider',
	'',
	'',
	4,
	1,
	4,
	6,
	0,
	0,
	0,
	0,
	0,
	0,
	0,
	0,
	0,
	"e16b26a3-1d96-4e58-bc89-041a0b4fd1ab",
	"00000000-0000-0000-0000-000000000000");
INSERT INTO ACT_SMT
	VALUES ("5043ae8b-6c37-4b11-8a7e-af3ed4289f13",
	"d46bd004-04d3-4a15-9c6f-07f4212e25cc",
	"76038ee4-76f4-4859-b0cd-f38d152701c0",
	1,
	1,
	'SimpleTest::requestSession line: 1');
INSERT INTO ACT_BRG
	VALUES ("5043ae8b-6c37-4b11-8a7e-af3ed4289f13",
	"768e1cca-7403-495c-9b22-afd11a473eb6",
	1,
	6,
	1,
	1);
INSERT INTO ACT_SMT
	VALUES ("76038ee4-76f4-4859-b0cd-f38d152701c0",
	"d46bd004-04d3-4a15-9c6f-07f4212e25cc",
	"409c6d3c-a69d-436e-8c70-25cda7e56f81",
	2,
	1,
	'SimpleTest::requestSession line: 2');
INSERT INTO ACT_AI
	VALUES ("76038ee4-76f4-4859-b0cd-f38d152701c0",
	"196aa374-229f-4bfc-a0e9-82cb97c5c6db",
	"d505eede-6311-4898-9e92-7bf658153787",
	0,
	0);
INSERT INTO ACT_SMT
	VALUES ("409c6d3c-a69d-436e-8c70-25cda7e56f81",
	"d46bd004-04d3-4a15-9c6f-07f4212e25cc",
	"00000000-0000-0000-0000-000000000000",
	4,
	1,
	'SimpleTest::requestSession line: 4');
INSERT INTO ACT_SGN
	VALUES ("409c6d3c-a69d-436e-8c70-25cda7e56f81",
	4,
	23,
	4,
	6,
	"00000000-0000-0000-0000-000000000000",
	"4008216b-9430-4340-b497-4f91f4977fec",
	"00000000-0000-0000-0000-000000000000");
INSERT INTO V_VAL
	VALUES ("9bfbec7b-b402-424c-8545-538a9a864165",
	0,
	0,
	1,
	23,
	65,
	0,
	0,
	0,
	0,
	"ba5eda7a-def5-0000-0000-000000000004",
	"d46bd004-04d3-4a15-9c6f-07f4212e25cc");
INSERT INTO V_LST
	VALUES ("9bfbec7b-b402-424c-8545-538a9a864165",
	'Starting simple test... requesting session');
INSERT INTO V_PAR
	VALUES ("9bfbec7b-b402-424c-8545-538a9a864165",
	"5043ae8b-6c37-4b11-8a7e-af3ed4289f13",
	"00000000-0000-0000-0000-000000000000",
	'message',
	"00000000-0000-0000-0000-000000000000",
	1,
	14);
INSERT INTO V_VAL
	VALUES ("d03e83e4-e7d2-4688-a447-4f37e01d89ca",
	1,
	0,
	2,
	1,
	4,
	0,
	0,
	0,
	0,
	"9db8c033-ff94-41f2-bd5c-36e5cdae0e4b",
	"d46bd004-04d3-4a15-9c6f-07f4212e25cc");
INSERT INTO V_IRF
	VALUES ("d03e83e4-e7d2-4688-a447-4f37e01d89ca",
	"70b9e9f8-2e79-43e2-8835-4a77fe87d344");
INSERT INTO V_VAL
	VALUES ("d505eede-6311-4898-9e92-7bf658153787",
	1,
	0,
	2,
	6,
	16,
	0,
	0,
	0,
	0,
	"ba5eda7a-def5-0000-0000-000000000002",
	"d46bd004-04d3-4a15-9c6f-07f4212e25cc");
INSERT INTO V_AVL
	VALUES ("d505eede-6311-4898-9e92-7bf658153787",
	"d03e83e4-e7d2-4688-a447-4f37e01d89ca",
	"6daee5e1-aefd-49c8-b18d-234fb0eb1928",
	"278fffa2-09e5-4d5b-a2ac-447f655e1bdd");
INSERT INTO V_VAL
	VALUES ("196aa374-229f-4bfc-a0e9-82cb97c5c6db",
	0,
	0,
	2,
	29,
	39,
	0,
	0,
	0,
	0,
	"ba5eda7a-def5-0000-0000-000000000002",
	"d46bd004-04d3-4a15-9c6f-07f4212e25cc");
INSERT INTO V_EDV
	VALUES ("196aa374-229f-4bfc-a0e9-82cb97c5c6db");
INSERT INTO V_EPR
	VALUES ("196aa374-229f-4bfc-a0e9-82cb97c5c6db",
	"ff73a57e-de54-43da-89b9-7fc18e7e85a5",
	"9973c51e-3461-4e29-a128-e642a6356085",
	"00000000-0000-0000-0000-000000000000");
INSERT INTO V_VAR
	VALUES ("70b9e9f8-2e79-43e2-8835-4a77fe87d344",
	"d46bd004-04d3-4a15-9c6f-07f4212e25cc",
	'self',
	1,
	"9db8c033-ff94-41f2-bd5c-36e5cdae0e4b");
INSERT INTO V_INT
	VALUES ("70b9e9f8-2e79-43e2-8835-4a77fe87d344",
	0,
	"6daee5e1-aefd-49c8-b18d-234fb0eb1928");
INSERT INTO V_LOC
	VALUES ("f9c4b1ba-f05b-427a-9394-d976bb79fe0f",
	2,
	1,
	4,
	"70b9e9f8-2e79-43e2-8835-4a77fe87d344");
INSERT INTO SM_STATE
	VALUES ("8fac4aec-97cb-4a48-8f6e-ef08889c723a",
	"ff73a57e-de54-43da-89b9-7fc18e7e85a5",
	"00000000-0000-0000-0000-000000000000",
	'requestAvailableBookables',
	3,
	0);
INSERT INTO SM_CH
	VALUES ("8fac4aec-97cb-4a48-8f6e-ef08889c723a",
	"571ae000-303e-4af6-9350-7f3c94749e60",
	"ff73a57e-de54-43da-89b9-7fc18e7e85a5",
	"00000000-0000-0000-0000-000000000000",
	'');
INSERT INTO SM_SEME
	VALUES ("8fac4aec-97cb-4a48-8f6e-ef08889c723a",
	"571ae000-303e-4af6-9350-7f3c94749e60",
	"ff73a57e-de54-43da-89b9-7fc18e7e85a5",
	"00000000-0000-0000-0000-000000000000");
INSERT INTO SM_CH
	VALUES ("8fac4aec-97cb-4a48-8f6e-ef08889c723a",
	"2a21dfc2-cf8a-496d-91fa-d6cd6995d113",
	"ff73a57e-de54-43da-89b9-7fc18e7e85a5",
	"00000000-0000-0000-0000-000000000000",
	'');
INSERT INTO SM_SEME
	VALUES ("8fac4aec-97cb-4a48-8f6e-ef08889c723a",
	"2a21dfc2-cf8a-496d-91fa-d6cd6995d113",
	"ff73a57e-de54-43da-89b9-7fc18e7e85a5",
	"00000000-0000-0000-0000-000000000000");
INSERT INTO SM_SEME
	VALUES ("8fac4aec-97cb-4a48-8f6e-ef08889c723a",
	"eb6c99e7-c09f-4c32-96ec-e77623146056",
	"ff73a57e-de54-43da-89b9-7fc18e7e85a5",
	"00000000-0000-0000-0000-000000000000");
INSERT INTO SM_CH
	VALUES ("8fac4aec-97cb-4a48-8f6e-ef08889c723a",
	"e60d8278-0abd-4435-be30-5fb8266237ab",
	"ff73a57e-de54-43da-89b9-7fc18e7e85a5",
	"00000000-0000-0000-0000-000000000000",
	'');
INSERT INTO SM_SEME
	VALUES ("8fac4aec-97cb-4a48-8f6e-ef08889c723a",
	"e60d8278-0abd-4435-be30-5fb8266237ab",
	"ff73a57e-de54-43da-89b9-7fc18e7e85a5",
	"00000000-0000-0000-0000-000000000000");
INSERT INTO SM_MOAH
	VALUES ("e12e3fe8-5c7c-4fbf-8611-5a11885ce338",
	"ff73a57e-de54-43da-89b9-7fc18e7e85a5",
	"8fac4aec-97cb-4a48-8f6e-ef08889c723a");
INSERT INTO SM_AH
	VALUES ("e12e3fe8-5c7c-4fbf-8611-5a11885ce338",
	"ff73a57e-de54-43da-89b9-7fc18e7e85a5");
INSERT INTO SM_ACT
	VALUES ("e12e3fe8-5c7c-4fbf-8611-5a11885ce338",
	"ff73a57e-de54-43da-89b9-7fc18e7e85a5",
	1,
	'LOG::LogInfo(message: "Session recieved");
LOG::LogInfo(message: "Requesting available bookables...");
send BookingProvider::requestAvailableBookables(sessionID: param.sessionID, 
												fromDate: TIM::create_date(day:1, month:1, year:2010, second:8, minute:12, hour:4),
												toDate: TIM::create_date(day:1, month:1, year:2012, second:8, minute:12, hour:4),
												facilityType: 1);',
	'');
INSERT INTO ACT_SAB
	VALUES ("64abe115-6598-4310-960d-1d36c4a97982",
	"ff73a57e-de54-43da-89b9-7fc18e7e85a5",
	"e12e3fe8-5c7c-4fbf-8611-5a11885ce338");
INSERT INTO ACT_ACT
	VALUES ("64abe115-6598-4310-960d-1d36c4a97982",
	'state',
	0,
	"28c997e4-6df5-4e02-8d7b-3beb1922eed9",
	"00000000-0000-0000-0000-000000000000",
	0,
	'SimpleTest::requestAvailableBookables',
	"00000000-0000-0000-0000-000000000000");
INSERT INTO ACT_BLK
	VALUES ("28c997e4-6df5-4e02-8d7b-3beb1922eed9",
	0,
	0,
	0,
	'TIM',
	'',
	'',
	3,
	1,
	5,
	21,
	0,
	0,
	0,
	0,
	0,
	0,
	0,
	0,
	0,
	"64abe115-6598-4310-960d-1d36c4a97982",
	"00000000-0000-0000-0000-000000000000");
INSERT INTO ACT_SMT
	VALUES ("289f7c73-0e89-40e8-9d84-9b656a635889",
	"28c997e4-6df5-4e02-8d7b-3beb1922eed9",
	"6cd342a7-0342-4e03-a111-a3fc713285c7",
	1,
	1,
	'SimpleTest::requestAvailableBookables line: 1');
INSERT INTO ACT_BRG
	VALUES ("289f7c73-0e89-40e8-9d84-9b656a635889",
	"768e1cca-7403-495c-9b22-afd11a473eb6",
	1,
	6,
	1,
	1);
INSERT INTO ACT_SMT
	VALUES ("6cd342a7-0342-4e03-a111-a3fc713285c7",
	"28c997e4-6df5-4e02-8d7b-3beb1922eed9",
	"be9b8661-8983-4908-9198-b1635d462ce6",
	2,
	1,
	'SimpleTest::requestAvailableBookables line: 2');
INSERT INTO ACT_BRG
	VALUES ("6cd342a7-0342-4e03-a111-a3fc713285c7",
	"768e1cca-7403-495c-9b22-afd11a473eb6",
	2,
	6,
	2,
	1);
INSERT INTO ACT_SMT
	VALUES ("be9b8661-8983-4908-9198-b1635d462ce6",
	"28c997e4-6df5-4e02-8d7b-3beb1922eed9",
	"00000000-0000-0000-0000-000000000000",
	3,
	1,
	'SimpleTest::requestAvailableBookables line: 3');
INSERT INTO ACT_SGN
	VALUES ("be9b8661-8983-4908-9198-b1635d462ce6",
	3,
	23,
	3,
	6,
	"00000000-0000-0000-0000-000000000000",
	"0f4f0c74-9081-4693-8692-8e7887366c52",
	"00000000-0000-0000-0000-000000000000");
INSERT INTO V_VAL
	VALUES ("09a896d1-9ed1-420d-b5af-961e17bf38ee",
	0,
	0,
	1,
	23,
	39,
	0,
	0,
	0,
	0,
	"ba5eda7a-def5-0000-0000-000000000004",
	"28c997e4-6df5-4e02-8d7b-3beb1922eed9");
INSERT INTO V_LST
	VALUES ("09a896d1-9ed1-420d-b5af-961e17bf38ee",
	'Session recieved');
INSERT INTO V_PAR
	VALUES ("09a896d1-9ed1-420d-b5af-961e17bf38ee",
	"289f7c73-0e89-40e8-9d84-9b656a635889",
	"00000000-0000-0000-0000-000000000000",
	'message',
	"00000000-0000-0000-0000-000000000000",
	1,
	14);
INSERT INTO V_VAL
	VALUES ("6900f0f1-f941-46f0-8d2e-27632fdbed50",
	0,
	0,
	2,
	23,
	56,
	0,
	0,
	0,
	0,
	"ba5eda7a-def5-0000-0000-000000000004",
	"28c997e4-6df5-4e02-8d7b-3beb1922eed9");
INSERT INTO V_LST
	VALUES ("6900f0f1-f941-46f0-8d2e-27632fdbed50",
	'Requesting available bookables...');
INSERT INTO V_PAR
	VALUES ("6900f0f1-f941-46f0-8d2e-27632fdbed50",
	"6cd342a7-0342-4e03-a111-a3fc713285c7",
	"00000000-0000-0000-0000-000000000000",
	'message',
	"00000000-0000-0000-0000-000000000000",
	2,
	14);
INSERT INTO V_VAL
	VALUES ("58de1fca-7d1f-41f3-b526-9376ad91d52a",
	0,
	0,
	3,
	66,
	74,
	0,
	0,
	0,
	0,
	"ba5eda7a-def5-0000-0000-000000000005",
	"28c997e4-6df5-4e02-8d7b-3beb1922eed9");
INSERT INTO V_EDV
	VALUES ("58de1fca-7d1f-41f3-b526-9376ad91d52a");
INSERT INTO V_EPR
	VALUES ("58de1fca-7d1f-41f3-b526-9376ad91d52a",
	"ff73a57e-de54-43da-89b9-7fc18e7e85a5",
	"cf45ac62-45f1-44bc-b7a3-c755aacea2a2",
	"00000000-0000-0000-0000-000000000000");
INSERT INTO V_PAR
	VALUES ("58de1fca-7d1f-41f3-b526-9376ad91d52a",
	"be9b8661-8983-4908-9198-b1635d462ce6",
	"00000000-0000-0000-0000-000000000000",
	'sessionID',
	"e519b79d-c36d-47ba-a2ca-cf6dab0e7e73",
	3,
	49);
INSERT INTO V_VAL
	VALUES ("e519b79d-c36d-47ba-a2ca-cf6dab0e7e73",
	0,
	0,
	4,
	28,
	-1,
	4,
	40,
	4,
	88,
	"ba5eda7a-def5-0000-0000-00000000000e",
	"28c997e4-6df5-4e02-8d7b-3beb1922eed9");
INSERT INTO V_BRV
	VALUES ("e519b79d-c36d-47ba-a2ca-cf6dab0e7e73",
	"46742184-2efc-49e2-9fe1-e62dcc44be84",
	1,
	4,
	23);
INSERT INTO V_PAR
	VALUES ("e519b79d-c36d-47ba-a2ca-cf6dab0e7e73",
	"be9b8661-8983-4908-9198-b1635d462ce6",
	"00000000-0000-0000-0000-000000000000",
	'fromDate',
	"ba808ea6-358f-4775-bc54-56afb86f5355",
	4,
	13);
INSERT INTO V_VAL
	VALUES ("ee2c30b4-3630-486c-9cbe-f189fad59b08",
	0,
	0,
	4,
	44,
	44,
	0,
	0,
	0,
	0,
	"ba5eda7a-def5-0000-0000-000000000002",
	"28c997e4-6df5-4e02-8d7b-3beb1922eed9");
INSERT INTO V_LIN
	VALUES ("ee2c30b4-3630-486c-9cbe-f189fad59b08",
	'1');
INSERT INTO V_PAR
	VALUES ("ee2c30b4-3630-486c-9cbe-f189fad59b08",
	"00000000-0000-0000-0000-000000000000",
	"e519b79d-c36d-47ba-a2ca-cf6dab0e7e73",
	'day',
	"e2e96433-52f6-4e7e-a18e-7dba0e80d308",
	4,
	40);
INSERT INTO V_VAL
	VALUES ("e2e96433-52f6-4e7e-a18e-7dba0e80d308",
	0,
	0,
	4,
	53,
	53,
	0,
	0,
	0,
	0,
	"ba5eda7a-def5-0000-0000-000000000002",
	"28c997e4-6df5-4e02-8d7b-3beb1922eed9");
INSERT INTO V_LIN
	VALUES ("e2e96433-52f6-4e7e-a18e-7dba0e80d308",
	'1');
INSERT INTO V_PAR
	VALUES ("e2e96433-52f6-4e7e-a18e-7dba0e80d308",
	"00000000-0000-0000-0000-000000000000",
	"e519b79d-c36d-47ba-a2ca-cf6dab0e7e73",
	'month',
	"6ca8368c-374d-4b38-8f83-61278f9bfae7",
	4,
	47);
INSERT INTO V_VAL
	VALUES ("6ca8368c-374d-4b38-8f83-61278f9bfae7",
	0,
	0,
	4,
	61,
	64,
	0,
	0,
	0,
	0,
	"ba5eda7a-def5-0000-0000-000000000002",
	"28c997e4-6df5-4e02-8d7b-3beb1922eed9");
INSERT INTO V_LIN
	VALUES ("6ca8368c-374d-4b38-8f83-61278f9bfae7",
	'2010');
INSERT INTO V_PAR
	VALUES ("6ca8368c-374d-4b38-8f83-61278f9bfae7",
	"00000000-0000-0000-0000-000000000000",
	"e519b79d-c36d-47ba-a2ca-cf6dab0e7e73",
	'year',
	"5afcd9fb-5362-459c-a807-79686b880a2d",
	4,
	56);
INSERT INTO V_VAL
	VALUES ("5afcd9fb-5362-459c-a807-79686b880a2d",
	0,
	0,
	4,
	74,
	74,
	0,
	0,
	0,
	0,
	"ba5eda7a-def5-0000-0000-000000000002",
	"28c997e4-6df5-4e02-8d7b-3beb1922eed9");
INSERT INTO V_LIN
	VALUES ("5afcd9fb-5362-459c-a807-79686b880a2d",
	'8');
INSERT INTO V_PAR
	VALUES ("5afcd9fb-5362-459c-a807-79686b880a2d",
	"00000000-0000-0000-0000-000000000000",
	"e519b79d-c36d-47ba-a2ca-cf6dab0e7e73",
	'second',
	"d678b023-f870-4536-93ab-a3986518130b",
	4,
	67);
INSERT INTO V_VAL
	VALUES ("d678b023-f870-4536-93ab-a3986518130b",
	0,
	0,
	4,
	84,
	85,
	0,
	0,
	0,
	0,
	"ba5eda7a-def5-0000-0000-000000000002",
	"28c997e4-6df5-4e02-8d7b-3beb1922eed9");
INSERT INTO V_LIN
	VALUES ("d678b023-f870-4536-93ab-a3986518130b",
	'12');
INSERT INTO V_PAR
	VALUES ("d678b023-f870-4536-93ab-a3986518130b",
	"00000000-0000-0000-0000-000000000000",
	"e519b79d-c36d-47ba-a2ca-cf6dab0e7e73",
	'minute',
	"8f50ede5-7671-4107-bb1f-c58140f2118c",
	4,
	77);
INSERT INTO V_VAL
	VALUES ("8f50ede5-7671-4107-bb1f-c58140f2118c",
	0,
	0,
	4,
	93,
	93,
	0,
	0,
	0,
	0,
	"ba5eda7a-def5-0000-0000-000000000002",
	"28c997e4-6df5-4e02-8d7b-3beb1922eed9");
INSERT INTO V_LIN
	VALUES ("8f50ede5-7671-4107-bb1f-c58140f2118c",
	'4');
INSERT INTO V_PAR
	VALUES ("8f50ede5-7671-4107-bb1f-c58140f2118c",
	"00000000-0000-0000-0000-000000000000",
	"e519b79d-c36d-47ba-a2ca-cf6dab0e7e73",
	'hour',
	"00000000-0000-0000-0000-000000000000",
	4,
	88);
INSERT INTO V_VAL
	VALUES ("ba808ea6-358f-4775-bc54-56afb86f5355",
	0,
	0,
	5,
	26,
	-1,
	5,
	38,
	5,
	86,
	"ba5eda7a-def5-0000-0000-00000000000e",
	"28c997e4-6df5-4e02-8d7b-3beb1922eed9");
INSERT INTO V_BRV
	VALUES ("ba808ea6-358f-4775-bc54-56afb86f5355",
	"46742184-2efc-49e2-9fe1-e62dcc44be84",
	1,
	5,
	21);
INSERT INTO V_PAR
	VALUES ("ba808ea6-358f-4775-bc54-56afb86f5355",
	"be9b8661-8983-4908-9198-b1635d462ce6",
	"00000000-0000-0000-0000-000000000000",
	'toDate',
	"9dba7746-306b-4666-b916-4d634ee1857a",
	5,
	13);
INSERT INTO V_VAL
	VALUES ("1cb8461b-de52-43fb-819e-7ea016dc573b",
	0,
	0,
	5,
	42,
	42,
	0,
	0,
	0,
	0,
	"ba5eda7a-def5-0000-0000-000000000002",
	"28c997e4-6df5-4e02-8d7b-3beb1922eed9");
INSERT INTO V_LIN
	VALUES ("1cb8461b-de52-43fb-819e-7ea016dc573b",
	'1');
INSERT INTO V_PAR
	VALUES ("1cb8461b-de52-43fb-819e-7ea016dc573b",
	"00000000-0000-0000-0000-000000000000",
	"ba808ea6-358f-4775-bc54-56afb86f5355",
	'day',
	"34356f7c-d477-4af0-9bc6-befdea66c41c",
	5,
	38);
INSERT INTO V_VAL
	VALUES ("34356f7c-d477-4af0-9bc6-befdea66c41c",
	0,
	0,
	5,
	51,
	51,
	0,
	0,
	0,
	0,
	"ba5eda7a-def5-0000-0000-000000000002",
	"28c997e4-6df5-4e02-8d7b-3beb1922eed9");
INSERT INTO V_LIN
	VALUES ("34356f7c-d477-4af0-9bc6-befdea66c41c",
	'1');
INSERT INTO V_PAR
	VALUES ("34356f7c-d477-4af0-9bc6-befdea66c41c",
	"00000000-0000-0000-0000-000000000000",
	"ba808ea6-358f-4775-bc54-56afb86f5355",
	'month',
	"e3e204a9-59b6-41e1-957b-c1c1e019e254",
	5,
	45);
INSERT INTO V_VAL
	VALUES ("e3e204a9-59b6-41e1-957b-c1c1e019e254",
	0,
	0,
	5,
	59,
	62,
	0,
	0,
	0,
	0,
	"ba5eda7a-def5-0000-0000-000000000002",
	"28c997e4-6df5-4e02-8d7b-3beb1922eed9");
INSERT INTO V_LIN
	VALUES ("e3e204a9-59b6-41e1-957b-c1c1e019e254",
	'2012');
INSERT INTO V_PAR
	VALUES ("e3e204a9-59b6-41e1-957b-c1c1e019e254",
	"00000000-0000-0000-0000-000000000000",
	"ba808ea6-358f-4775-bc54-56afb86f5355",
	'year',
	"4fa9374d-403f-40c5-b170-08d963990ca8",
	5,
	54);
INSERT INTO V_VAL
	VALUES ("4fa9374d-403f-40c5-b170-08d963990ca8",
	0,
	0,
	5,
	72,
	72,
	0,
	0,
	0,
	0,
	"ba5eda7a-def5-0000-0000-000000000002",
	"28c997e4-6df5-4e02-8d7b-3beb1922eed9");
INSERT INTO V_LIN
	VALUES ("4fa9374d-403f-40c5-b170-08d963990ca8",
	'8');
INSERT INTO V_PAR
	VALUES ("4fa9374d-403f-40c5-b170-08d963990ca8",
	"00000000-0000-0000-0000-000000000000",
	"ba808ea6-358f-4775-bc54-56afb86f5355",
	'second',
	"ffafae82-2fbc-4d41-a982-13d2d35cb038",
	5,
	65);
INSERT INTO V_VAL
	VALUES ("ffafae82-2fbc-4d41-a982-13d2d35cb038",
	0,
	0,
	5,
	82,
	83,
	0,
	0,
	0,
	0,
	"ba5eda7a-def5-0000-0000-000000000002",
	"28c997e4-6df5-4e02-8d7b-3beb1922eed9");
INSERT INTO V_LIN
	VALUES ("ffafae82-2fbc-4d41-a982-13d2d35cb038",
	'12');
INSERT INTO V_PAR
	VALUES ("ffafae82-2fbc-4d41-a982-13d2d35cb038",
	"00000000-0000-0000-0000-000000000000",
	"ba808ea6-358f-4775-bc54-56afb86f5355",
	'minute',
	"dccb0c7e-6422-4776-a9bb-92f54025c94c",
	5,
	75);
INSERT INTO V_VAL
	VALUES ("dccb0c7e-6422-4776-a9bb-92f54025c94c",
	0,
	0,
	5,
	91,
	91,
	0,
	0,
	0,
	0,
	"ba5eda7a-def5-0000-0000-000000000002",
	"28c997e4-6df5-4e02-8d7b-3beb1922eed9");
INSERT INTO V_LIN
	VALUES ("dccb0c7e-6422-4776-a9bb-92f54025c94c",
	'4');
INSERT INTO V_PAR
	VALUES ("dccb0c7e-6422-4776-a9bb-92f54025c94c",
	"00000000-0000-0000-0000-000000000000",
	"ba808ea6-358f-4775-bc54-56afb86f5355",
	'hour',
	"00000000-0000-0000-0000-000000000000",
	5,
	86);
INSERT INTO V_VAL
	VALUES ("9dba7746-306b-4666-b916-4d634ee1857a",
	0,
	0,
	6,
	27,
	27,
	0,
	0,
	0,
	0,
	"ba5eda7a-def5-0000-0000-000000000002",
	"28c997e4-6df5-4e02-8d7b-3beb1922eed9");
INSERT INTO V_LIN
	VALUES ("9dba7746-306b-4666-b916-4d634ee1857a",
	'1');
INSERT INTO V_PAR
	VALUES ("9dba7746-306b-4666-b916-4d634ee1857a",
	"be9b8661-8983-4908-9198-b1635d462ce6",
	"00000000-0000-0000-0000-000000000000",
	'facilityType',
	"00000000-0000-0000-0000-000000000000",
	6,
	13);
INSERT INTO SM_STATE
	VALUES ("45a31318-cb77-4398-871f-6d0d356015c3",
	"ff73a57e-de54-43da-89b9-7fc18e7e85a5",
	"00000000-0000-0000-0000-000000000000",
	'selectRooms',
	4,
	0);
INSERT INTO SM_CH
	VALUES ("45a31318-cb77-4398-871f-6d0d356015c3",
	"571ae000-303e-4af6-9350-7f3c94749e60",
	"ff73a57e-de54-43da-89b9-7fc18e7e85a5",
	"00000000-0000-0000-0000-000000000000",
	'');
INSERT INTO SM_SEME
	VALUES ("45a31318-cb77-4398-871f-6d0d356015c3",
	"571ae000-303e-4af6-9350-7f3c94749e60",
	"ff73a57e-de54-43da-89b9-7fc18e7e85a5",
	"00000000-0000-0000-0000-000000000000");
INSERT INTO SM_CH
	VALUES ("45a31318-cb77-4398-871f-6d0d356015c3",
	"2a21dfc2-cf8a-496d-91fa-d6cd6995d113",
	"ff73a57e-de54-43da-89b9-7fc18e7e85a5",
	"00000000-0000-0000-0000-000000000000",
	'');
INSERT INTO SM_SEME
	VALUES ("45a31318-cb77-4398-871f-6d0d356015c3",
	"2a21dfc2-cf8a-496d-91fa-d6cd6995d113",
	"ff73a57e-de54-43da-89b9-7fc18e7e85a5",
	"00000000-0000-0000-0000-000000000000");
INSERT INTO SM_EIGN
	VALUES ("45a31318-cb77-4398-871f-6d0d356015c3",
	"eb6c99e7-c09f-4c32-96ec-e77623146056",
	"ff73a57e-de54-43da-89b9-7fc18e7e85a5",
	"00000000-0000-0000-0000-000000000000",
	'');
INSERT INTO SM_SEME
	VALUES ("45a31318-cb77-4398-871f-6d0d356015c3",
	"eb6c99e7-c09f-4c32-96ec-e77623146056",
	"ff73a57e-de54-43da-89b9-7fc18e7e85a5",
	"00000000-0000-0000-0000-000000000000");
INSERT INTO SM_SEME
	VALUES ("45a31318-cb77-4398-871f-6d0d356015c3",
	"e60d8278-0abd-4435-be30-5fb8266237ab",
	"ff73a57e-de54-43da-89b9-7fc18e7e85a5",
	"00000000-0000-0000-0000-000000000000");
INSERT INTO SM_MOAH
	VALUES ("bae9a788-8cc5-4574-a62e-698711a495dc",
	"ff73a57e-de54-43da-89b9-7fc18e7e85a5",
	"45a31318-cb77-4398-871f-6d0d356015c3");
INSERT INTO SM_AH
	VALUES ("bae9a788-8cc5-4574-a62e-698711a495dc",
	"ff73a57e-de54-43da-89b9-7fc18e7e85a5");
INSERT INTO SM_ACT
	VALUES ("bae9a788-8cc5-4574-a62e-698711a495dc",
	"ff73a57e-de54-43da-89b9-7fc18e7e85a5",
	1,
	'LOG::LogInfo(message: "Recieved available, selecting...");
id = rcvd_evt.id;
if (id == self.desiredType)
	send BookingProvider::selectBookable(id:id,sessionID:self.sessionID);
end if;',
	'');
INSERT INTO ACT_SAB
	VALUES ("387cd17e-f133-43e2-a066-16d2bdbe8811",
	"ff73a57e-de54-43da-89b9-7fc18e7e85a5",
	"bae9a788-8cc5-4574-a62e-698711a495dc");
INSERT INTO ACT_ACT
	VALUES ("387cd17e-f133-43e2-a066-16d2bdbe8811",
	'state',
	0,
	"21643624-20dc-43f9-a625-e5cf17bb01fa",
	"00000000-0000-0000-0000-000000000000",
	0,
	'SimpleTest::selectRooms',
	"00000000-0000-0000-0000-000000000000");
INSERT INTO ACT_BLK
	VALUES ("21643624-20dc-43f9-a625-e5cf17bb01fa",
	0,
	0,
	0,
	'LOG',
	'',
	'',
	3,
	1,
	1,
	1,
	0,
	0,
	0,
	0,
	0,
	0,
	0,
	0,
	0,
	"387cd17e-f133-43e2-a066-16d2bdbe8811",
	"00000000-0000-0000-0000-000000000000");
INSERT INTO ACT_SMT
	VALUES ("6460aa4f-3a41-4a3c-b8f3-858505f60bf2",
	"21643624-20dc-43f9-a625-e5cf17bb01fa",
	"c35bf99b-9b8d-4211-8214-d4d0cb26268d",
	1,
	1,
	'SimpleTest::selectRooms line: 1');
INSERT INTO ACT_BRG
	VALUES ("6460aa4f-3a41-4a3c-b8f3-858505f60bf2",
	"768e1cca-7403-495c-9b22-afd11a473eb6",
	1,
	6,
	1,
	1);
INSERT INTO ACT_SMT
	VALUES ("c35bf99b-9b8d-4211-8214-d4d0cb26268d",
	"21643624-20dc-43f9-a625-e5cf17bb01fa",
	"608e52ce-228e-4a5f-8bbf-702f8902fe3a",
	2,
	1,
	'SimpleTest::selectRooms line: 2');
INSERT INTO ACT_AI
	VALUES ("c35bf99b-9b8d-4211-8214-d4d0cb26268d",
	"628aabf3-3f19-4f3a-9b46-56badacfbb57",
	"2253c021-8389-4976-815a-87a980c86393",
	0,
	0);
INSERT INTO ACT_SMT
	VALUES ("608e52ce-228e-4a5f-8bbf-702f8902fe3a",
	"21643624-20dc-43f9-a625-e5cf17bb01fa",
	"00000000-0000-0000-0000-000000000000",
	3,
	1,
	'SimpleTest::selectRooms line: 3');
INSERT INTO ACT_IF
	VALUES ("608e52ce-228e-4a5f-8bbf-702f8902fe3a",
	"7e624eae-2cc6-45b6-a474-e6f7228e5ffd",
	"6cc2cbb2-c766-472a-bf8a-7bf10e8c43af",
	"00000000-0000-0000-0000-000000000000",
	"00000000-0000-0000-0000-000000000000");
INSERT INTO V_VAL
	VALUES ("a4978994-2cc3-4dbc-9a99-aaa8b3f595c9",
	0,
	0,
	1,
	23,
	55,
	0,
	0,
	0,
	0,
	"ba5eda7a-def5-0000-0000-000000000004",
	"21643624-20dc-43f9-a625-e5cf17bb01fa");
INSERT INTO V_LST
	VALUES ("a4978994-2cc3-4dbc-9a99-aaa8b3f595c9",
	'Recieved available, selecting...');
INSERT INTO V_PAR
	VALUES ("a4978994-2cc3-4dbc-9a99-aaa8b3f595c9",
	"6460aa4f-3a41-4a3c-b8f3-858505f60bf2",
	"00000000-0000-0000-0000-000000000000",
	'message',
	"00000000-0000-0000-0000-000000000000",
	1,
	14);
INSERT INTO V_VAL
	VALUES ("2253c021-8389-4976-815a-87a980c86393",
	1,
	1,
	2,
	1,
	2,
	0,
	0,
	0,
	0,
	"ba5eda7a-def5-0000-0000-000000000002",
	"21643624-20dc-43f9-a625-e5cf17bb01fa");
INSERT INTO V_TVL
	VALUES ("2253c021-8389-4976-815a-87a980c86393",
	"650b3c85-4a34-4846-bbf3-fb89344e19eb");
INSERT INTO V_VAL
	VALUES ("628aabf3-3f19-4f3a-9b46-56badacfbb57",
	0,
	0,
	2,
	15,
	16,
	0,
	0,
	0,
	0,
	"ba5eda7a-def5-0000-0000-000000000002",
	"21643624-20dc-43f9-a625-e5cf17bb01fa");
INSERT INTO V_EDV
	VALUES ("628aabf3-3f19-4f3a-9b46-56badacfbb57");
INSERT INTO V_EPR
	VALUES ("628aabf3-3f19-4f3a-9b46-56badacfbb57",
	"ff73a57e-de54-43da-89b9-7fc18e7e85a5",
	"1c77257f-c003-41c6-bb95-b52dae2b9ca2",
	"00000000-0000-0000-0000-000000000000");
INSERT INTO V_VAL
	VALUES ("6992dbd9-b333-464c-8d19-c7974c908ecf",
	0,
	0,
	3,
	5,
	6,
	0,
	0,
	0,
	0,
	"ba5eda7a-def5-0000-0000-000000000002",
	"21643624-20dc-43f9-a625-e5cf17bb01fa");
INSERT INTO V_TVL
	VALUES ("6992dbd9-b333-464c-8d19-c7974c908ecf",
	"650b3c85-4a34-4846-bbf3-fb89344e19eb");
INSERT INTO V_VAL
	VALUES ("6cc2cbb2-c766-472a-bf8a-7bf10e8c43af",
	0,
	0,
	-1,
	-1,
	-1,
	0,
	0,
	0,
	0,
	"ba5eda7a-def5-0000-0000-000000000001",
	"21643624-20dc-43f9-a625-e5cf17bb01fa");
INSERT INTO V_BIN
	VALUES ("6cc2cbb2-c766-472a-bf8a-7bf10e8c43af",
	"1d49c73c-9660-45c2-b34d-db9ea98edf9f",
	"6992dbd9-b333-464c-8d19-c7974c908ecf",
	'==');
INSERT INTO V_VAL
	VALUES ("c795741b-3226-45b4-8b01-a82587cb8ddd",
	0,
	0,
	3,
	11,
	14,
	0,
	0,
	0,
	0,
	"9db8c033-ff94-41f2-bd5c-36e5cdae0e4b",
	"21643624-20dc-43f9-a625-e5cf17bb01fa");
INSERT INTO V_IRF
	VALUES ("c795741b-3226-45b4-8b01-a82587cb8ddd",
	"d495674b-e136-4eaa-a816-9183ccaafbc0");
INSERT INTO V_VAL
	VALUES ("1d49c73c-9660-45c2-b34d-db9ea98edf9f",
	0,
	0,
	3,
	16,
	26,
	0,
	0,
	0,
	0,
	"ba5eda7a-def5-0000-0000-000000000002",
	"21643624-20dc-43f9-a625-e5cf17bb01fa");
INSERT INTO V_AVL
	VALUES ("1d49c73c-9660-45c2-b34d-db9ea98edf9f",
	"c795741b-3226-45b4-8b01-a82587cb8ddd",
	"6daee5e1-aefd-49c8-b18d-234fb0eb1928",
	"278fffa2-09e5-4d5b-a2ac-447f655e1bdd");
INSERT INTO V_VAR
	VALUES ("650b3c85-4a34-4846-bbf3-fb89344e19eb",
	"21643624-20dc-43f9-a625-e5cf17bb01fa",
	'id',
	1,
	"ba5eda7a-def5-0000-0000-000000000002");
INSERT INTO V_TRN
	VALUES ("650b3c85-4a34-4846-bbf3-fb89344e19eb",
	"00000000-0000-0000-0000-000000000000",
	'');
INSERT INTO V_LOC
	VALUES ("b429f9a8-c01f-4635-b525-7bfb7039e56d",
	2,
	1,
	2,
	"650b3c85-4a34-4846-bbf3-fb89344e19eb");
INSERT INTO V_LOC
	VALUES ("97245e9a-7f02-489c-8720-1de2ec638226",
	3,
	5,
	6,
	"650b3c85-4a34-4846-bbf3-fb89344e19eb");
INSERT INTO V_LOC
	VALUES ("ed2965dd-0088-4f99-9ac4-fbcfafb04955",
	4,
	42,
	43,
	"650b3c85-4a34-4846-bbf3-fb89344e19eb");
INSERT INTO V_VAR
	VALUES ("d495674b-e136-4eaa-a816-9183ccaafbc0",
	"21643624-20dc-43f9-a625-e5cf17bb01fa",
	'self',
	1,
	"9db8c033-ff94-41f2-bd5c-36e5cdae0e4b");
INSERT INTO V_INT
	VALUES ("d495674b-e136-4eaa-a816-9183ccaafbc0",
	0,
	"6daee5e1-aefd-49c8-b18d-234fb0eb1928");
INSERT INTO V_LOC
	VALUES ("ec4cc226-fa63-4609-9cdd-c18d378094c3",
	3,
	11,
	14,
	"d495674b-e136-4eaa-a816-9183ccaafbc0");
INSERT INTO V_LOC
	VALUES ("49da7164-81ec-40b2-8fd2-9037de4052a1",
	4,
	55,
	58,
	"d495674b-e136-4eaa-a816-9183ccaafbc0");
INSERT INTO ACT_BLK
	VALUES ("7e624eae-2cc6-45b6-a474-e6f7228e5ffd",
	0,
	0,
	0,
	'BookingProvider',
	'',
	'',
	4,
	2,
	4,
	7,
	0,
	0,
	0,
	0,
	0,
	0,
	0,
	0,
	0,
	"387cd17e-f133-43e2-a066-16d2bdbe8811",
	"00000000-0000-0000-0000-000000000000");
INSERT INTO ACT_SMT
	VALUES ("2ae6e062-5fa9-4938-b6cf-f00e0a34e25f",
	"7e624eae-2cc6-45b6-a474-e6f7228e5ffd",
	"00000000-0000-0000-0000-000000000000",
	4,
	2,
	'SimpleTest::selectRooms line: 4');
INSERT INTO ACT_SGN
	VALUES ("2ae6e062-5fa9-4938-b6cf-f00e0a34e25f",
	4,
	24,
	4,
	7,
	"00000000-0000-0000-0000-000000000000",
	"a0805044-494e-48af-9a28-d1e60266c9e8",
	"00000000-0000-0000-0000-000000000000");
INSERT INTO V_VAL
	VALUES ("ff3586a5-11d1-4d01-88a1-eb4f747b6f70",
	0,
	0,
	4,
	42,
	43,
	0,
	0,
	0,
	0,
	"ba5eda7a-def5-0000-0000-000000000002",
	"7e624eae-2cc6-45b6-a474-e6f7228e5ffd");
INSERT INTO V_TVL
	VALUES ("ff3586a5-11d1-4d01-88a1-eb4f747b6f70",
	"650b3c85-4a34-4846-bbf3-fb89344e19eb");
INSERT INTO V_PAR
	VALUES ("ff3586a5-11d1-4d01-88a1-eb4f747b6f70",
	"2ae6e062-5fa9-4938-b6cf-f00e0a34e25f",
	"00000000-0000-0000-0000-000000000000",
	'id',
	"a511865f-9a55-41cd-8976-3c2d08ba348f",
	4,
	39);
INSERT INTO V_VAL
	VALUES ("f2703ab8-f399-4ce6-a983-8bab6e61b49e",
	0,
	0,
	4,
	55,
	58,
	0,
	0,
	0,
	0,
	"9db8c033-ff94-41f2-bd5c-36e5cdae0e4b",
	"7e624eae-2cc6-45b6-a474-e6f7228e5ffd");
INSERT INTO V_IRF
	VALUES ("f2703ab8-f399-4ce6-a983-8bab6e61b49e",
	"d495674b-e136-4eaa-a816-9183ccaafbc0");
INSERT INTO V_VAL
	VALUES ("a511865f-9a55-41cd-8976-3c2d08ba348f",
	0,
	0,
	4,
	60,
	68,
	0,
	0,
	0,
	0,
	"ba5eda7a-def5-0000-0000-000000000005",
	"7e624eae-2cc6-45b6-a474-e6f7228e5ffd");
INSERT INTO V_AVL
	VALUES ("a511865f-9a55-41cd-8976-3c2d08ba348f",
	"f2703ab8-f399-4ce6-a983-8bab6e61b49e",
	"6daee5e1-aefd-49c8-b18d-234fb0eb1928",
	"10645a6f-534c-4e7d-84b2-77d94f3125c4");
INSERT INTO V_PAR
	VALUES ("a511865f-9a55-41cd-8976-3c2d08ba348f",
	"2ae6e062-5fa9-4938-b6cf-f00e0a34e25f",
	"00000000-0000-0000-0000-000000000000",
	'sessionID',
	"00000000-0000-0000-0000-000000000000",
	4,
	45);
INSERT INTO SM_STATE
	VALUES ("6945a0b4-8c16-4f77-97c6-756422754215",
	"ff73a57e-de54-43da-89b9-7fc18e7e85a5",
	"00000000-0000-0000-0000-000000000000",
	'addGuest',
	5,
	0);
INSERT INTO SM_CH
	VALUES ("6945a0b4-8c16-4f77-97c6-756422754215",
	"571ae000-303e-4af6-9350-7f3c94749e60",
	"ff73a57e-de54-43da-89b9-7fc18e7e85a5",
	"00000000-0000-0000-0000-000000000000",
	'');
INSERT INTO SM_SEME
	VALUES ("6945a0b4-8c16-4f77-97c6-756422754215",
	"571ae000-303e-4af6-9350-7f3c94749e60",
	"ff73a57e-de54-43da-89b9-7fc18e7e85a5",
	"00000000-0000-0000-0000-000000000000");
INSERT INTO SM_CH
	VALUES ("6945a0b4-8c16-4f77-97c6-756422754215",
	"2a21dfc2-cf8a-496d-91fa-d6cd6995d113",
	"ff73a57e-de54-43da-89b9-7fc18e7e85a5",
	"00000000-0000-0000-0000-000000000000",
	'');
INSERT INTO SM_SEME
	VALUES ("6945a0b4-8c16-4f77-97c6-756422754215",
	"2a21dfc2-cf8a-496d-91fa-d6cd6995d113",
	"ff73a57e-de54-43da-89b9-7fc18e7e85a5",
	"00000000-0000-0000-0000-000000000000");
INSERT INTO SM_CH
	VALUES ("6945a0b4-8c16-4f77-97c6-756422754215",
	"eb6c99e7-c09f-4c32-96ec-e77623146056",
	"ff73a57e-de54-43da-89b9-7fc18e7e85a5",
	"00000000-0000-0000-0000-000000000000",
	'');
INSERT INTO SM_SEME
	VALUES ("6945a0b4-8c16-4f77-97c6-756422754215",
	"eb6c99e7-c09f-4c32-96ec-e77623146056",
	"ff73a57e-de54-43da-89b9-7fc18e7e85a5",
	"00000000-0000-0000-0000-000000000000");
INSERT INTO SM_SEME
	VALUES ("6945a0b4-8c16-4f77-97c6-756422754215",
	"e60d8278-0abd-4435-be30-5fb8266237ab",
	"ff73a57e-de54-43da-89b9-7fc18e7e85a5",
	"00000000-0000-0000-0000-000000000000");
INSERT INTO SM_MOAH
	VALUES ("1a414ab2-0a4d-4f5c-ab3f-50b9736c9a92",
	"ff73a57e-de54-43da-89b9-7fc18e7e85a5",
	"6945a0b4-8c16-4f77-97c6-756422754215");
INSERT INTO SM_AH
	VALUES ("1a414ab2-0a4d-4f5c-ab3f-50b9736c9a92",
	"ff73a57e-de54-43da-89b9-7fc18e7e85a5");
INSERT INTO SM_ACT
	VALUES ("1a414ab2-0a4d-4f5c-ab3f-50b9736c9a92",
	"ff73a57e-de54-43da-89b9-7fc18e7e85a5",
	1,
	'
LOG::LogInfo(message: "UC ST, adding guest");
send BookingProvider::addGuest(sessionID:self.sessionID,
								guestName: "Glenn Goe",
								guestAge: 13);
',
	'');
INSERT INTO ACT_SAB
	VALUES ("54bf097a-7868-400c-aa54-bcff893762a5",
	"ff73a57e-de54-43da-89b9-7fc18e7e85a5",
	"1a414ab2-0a4d-4f5c-ab3f-50b9736c9a92");
INSERT INTO ACT_ACT
	VALUES ("54bf097a-7868-400c-aa54-bcff893762a5",
	'state',
	0,
	"d78f3901-6f95-42da-a93e-3ab2bca87a4c",
	"00000000-0000-0000-0000-000000000000",
	0,
	'SimpleTest::addGuest',
	"00000000-0000-0000-0000-000000000000");
INSERT INTO ACT_BLK
	VALUES ("d78f3901-6f95-42da-a93e-3ab2bca87a4c",
	0,
	0,
	0,
	'BookingProvider',
	'',
	'',
	3,
	1,
	3,
	6,
	0,
	0,
	0,
	0,
	0,
	0,
	0,
	0,
	0,
	"54bf097a-7868-400c-aa54-bcff893762a5",
	"00000000-0000-0000-0000-000000000000");
INSERT INTO ACT_SMT
	VALUES ("dcd3c798-bf7e-4765-83b3-b4cfa76fb996",
	"d78f3901-6f95-42da-a93e-3ab2bca87a4c",
	"1e78b4d9-07a1-4f67-bb26-f57557bf04d5",
	2,
	1,
	'SimpleTest::addGuest line: 2');
INSERT INTO ACT_BRG
	VALUES ("dcd3c798-bf7e-4765-83b3-b4cfa76fb996",
	"768e1cca-7403-495c-9b22-afd11a473eb6",
	2,
	6,
	2,
	1);
INSERT INTO ACT_SMT
	VALUES ("1e78b4d9-07a1-4f67-bb26-f57557bf04d5",
	"d78f3901-6f95-42da-a93e-3ab2bca87a4c",
	"00000000-0000-0000-0000-000000000000",
	3,
	1,
	'SimpleTest::addGuest line: 3');
INSERT INTO ACT_SGN
	VALUES ("1e78b4d9-07a1-4f67-bb26-f57557bf04d5",
	3,
	23,
	3,
	6,
	"00000000-0000-0000-0000-000000000000",
	"ffb380d8-057b-4e3e-8756-add42a8f81d8",
	"00000000-0000-0000-0000-000000000000");
INSERT INTO V_VAL
	VALUES ("0ed3099c-a7bb-414e-94ad-b4ac3498d289",
	0,
	0,
	2,
	23,
	42,
	0,
	0,
	0,
	0,
	"ba5eda7a-def5-0000-0000-000000000004",
	"d78f3901-6f95-42da-a93e-3ab2bca87a4c");
INSERT INTO V_LST
	VALUES ("0ed3099c-a7bb-414e-94ad-b4ac3498d289",
	'UC ST, adding guest');
INSERT INTO V_PAR
	VALUES ("0ed3099c-a7bb-414e-94ad-b4ac3498d289",
	"dcd3c798-bf7e-4765-83b3-b4cfa76fb996",
	"00000000-0000-0000-0000-000000000000",
	'message',
	"00000000-0000-0000-0000-000000000000",
	2,
	14);
INSERT INTO V_VAL
	VALUES ("e2b0b83b-b859-4a02-9f85-e169e0d5f763",
	0,
	0,
	3,
	42,
	45,
	0,
	0,
	0,
	0,
	"9db8c033-ff94-41f2-bd5c-36e5cdae0e4b",
	"d78f3901-6f95-42da-a93e-3ab2bca87a4c");
INSERT INTO V_IRF
	VALUES ("e2b0b83b-b859-4a02-9f85-e169e0d5f763",
	"5760344b-ddd8-4d1a-9a0f-06771fb20893");
INSERT INTO V_VAL
	VALUES ("c669045f-21e8-47db-8ffa-fe333a1daffc",
	0,
	0,
	3,
	47,
	55,
	0,
	0,
	0,
	0,
	"ba5eda7a-def5-0000-0000-000000000005",
	"d78f3901-6f95-42da-a93e-3ab2bca87a4c");
INSERT INTO V_AVL
	VALUES ("c669045f-21e8-47db-8ffa-fe333a1daffc",
	"e2b0b83b-b859-4a02-9f85-e169e0d5f763",
	"6daee5e1-aefd-49c8-b18d-234fb0eb1928",
	"10645a6f-534c-4e7d-84b2-77d94f3125c4");
INSERT INTO V_PAR
	VALUES ("c669045f-21e8-47db-8ffa-fe333a1daffc",
	"1e78b4d9-07a1-4f67-bb26-f57557bf04d5",
	"00000000-0000-0000-0000-000000000000",
	'sessionID',
	"02d020f9-ed3d-4d23-963a-6afb598e5d1f",
	3,
	32);
INSERT INTO V_VAL
	VALUES ("02d020f9-ed3d-4d23-963a-6afb598e5d1f",
	0,
	0,
	4,
	20,
	29,
	0,
	0,
	0,
	0,
	"ba5eda7a-def5-0000-0000-000000000004",
	"d78f3901-6f95-42da-a93e-3ab2bca87a4c");
INSERT INTO V_LST
	VALUES ("02d020f9-ed3d-4d23-963a-6afb598e5d1f",
	'Glenn Goe');
INSERT INTO V_PAR
	VALUES ("02d020f9-ed3d-4d23-963a-6afb598e5d1f",
	"1e78b4d9-07a1-4f67-bb26-f57557bf04d5",
	"00000000-0000-0000-0000-000000000000",
	'guestName',
	"9e1c2291-39ab-499c-a12c-e63ade32b576",
	4,
	9);
INSERT INTO V_VAL
	VALUES ("9e1c2291-39ab-499c-a12c-e63ade32b576",
	0,
	0,
	5,
	19,
	20,
	0,
	0,
	0,
	0,
	"ba5eda7a-def5-0000-0000-000000000002",
	"d78f3901-6f95-42da-a93e-3ab2bca87a4c");
INSERT INTO V_LIN
	VALUES ("9e1c2291-39ab-499c-a12c-e63ade32b576",
	'13');
INSERT INTO V_PAR
	VALUES ("9e1c2291-39ab-499c-a12c-e63ade32b576",
	"1e78b4d9-07a1-4f67-bb26-f57557bf04d5",
	"00000000-0000-0000-0000-000000000000",
	'guestAge',
	"00000000-0000-0000-0000-000000000000",
	5,
	9);
INSERT INTO V_VAR
	VALUES ("5760344b-ddd8-4d1a-9a0f-06771fb20893",
	"d78f3901-6f95-42da-a93e-3ab2bca87a4c",
	'self',
	1,
	"9db8c033-ff94-41f2-bd5c-36e5cdae0e4b");
INSERT INTO V_INT
	VALUES ("5760344b-ddd8-4d1a-9a0f-06771fb20893",
	0,
	"6daee5e1-aefd-49c8-b18d-234fb0eb1928");
INSERT INTO V_LOC
	VALUES ("a2522d54-46e9-4656-b007-ebe343ded90c",
	3,
	42,
	45,
	"5760344b-ddd8-4d1a-9a0f-06771fb20893");
INSERT INTO SM_STATE
	VALUES ("b4f9b3dc-d0ea-414f-87c1-b4305608e9d3",
	"ff73a57e-de54-43da-89b9-7fc18e7e85a5",
	"00000000-0000-0000-0000-000000000000",
	'confirmBooking',
	6,
	0);
INSERT INTO SM_CH
	VALUES ("b4f9b3dc-d0ea-414f-87c1-b4305608e9d3",
	"571ae000-303e-4af6-9350-7f3c94749e60",
	"ff73a57e-de54-43da-89b9-7fc18e7e85a5",
	"00000000-0000-0000-0000-000000000000",
	'');
INSERT INTO SM_SEME
	VALUES ("b4f9b3dc-d0ea-414f-87c1-b4305608e9d3",
	"571ae000-303e-4af6-9350-7f3c94749e60",
	"ff73a57e-de54-43da-89b9-7fc18e7e85a5",
	"00000000-0000-0000-0000-000000000000");
INSERT INTO SM_CH
	VALUES ("b4f9b3dc-d0ea-414f-87c1-b4305608e9d3",
	"2a21dfc2-cf8a-496d-91fa-d6cd6995d113",
	"ff73a57e-de54-43da-89b9-7fc18e7e85a5",
	"00000000-0000-0000-0000-000000000000",
	'');
INSERT INTO SM_SEME
	VALUES ("b4f9b3dc-d0ea-414f-87c1-b4305608e9d3",
	"2a21dfc2-cf8a-496d-91fa-d6cd6995d113",
	"ff73a57e-de54-43da-89b9-7fc18e7e85a5",
	"00000000-0000-0000-0000-000000000000");
INSERT INTO SM_CH
	VALUES ("b4f9b3dc-d0ea-414f-87c1-b4305608e9d3",
	"eb6c99e7-c09f-4c32-96ec-e77623146056",
	"ff73a57e-de54-43da-89b9-7fc18e7e85a5",
	"00000000-0000-0000-0000-000000000000",
	'');
INSERT INTO SM_SEME
	VALUES ("b4f9b3dc-d0ea-414f-87c1-b4305608e9d3",
	"eb6c99e7-c09f-4c32-96ec-e77623146056",
	"ff73a57e-de54-43da-89b9-7fc18e7e85a5",
	"00000000-0000-0000-0000-000000000000");
INSERT INTO SM_SEME
	VALUES ("b4f9b3dc-d0ea-414f-87c1-b4305608e9d3",
	"e60d8278-0abd-4435-be30-5fb8266237ab",
	"ff73a57e-de54-43da-89b9-7fc18e7e85a5",
	"00000000-0000-0000-0000-000000000000");
INSERT INTO SM_MOAH
	VALUES ("b1bfaeb4-a8a5-4d66-9620-71a08b854c9c",
	"ff73a57e-de54-43da-89b9-7fc18e7e85a5",
	"b4f9b3dc-d0ea-414f-87c1-b4305608e9d3");
INSERT INTO SM_AH
	VALUES ("b1bfaeb4-a8a5-4d66-9620-71a08b854c9c",
	"ff73a57e-de54-43da-89b9-7fc18e7e85a5");
INSERT INTO SM_ACT
	VALUES ("b1bfaeb4-a8a5-4d66-9620-71a08b854c9c",
	"ff73a57e-de54-43da-89b9-7fc18e7e85a5",
	1,
	'
LOG::LogInfo(message: "UC confirmBooking, sending confirm back");

send CustomerInterface::confirmSignal(sessionID: self.sessionID,
										message: "Confirmed!");
										
										
',
	'');
INSERT INTO ACT_SAB
	VALUES ("e4805209-7e10-46c4-b9b9-06d1f7706ba8",
	"ff73a57e-de54-43da-89b9-7fc18e7e85a5",
	"b1bfaeb4-a8a5-4d66-9620-71a08b854c9c");
INSERT INTO ACT_ACT
	VALUES ("e4805209-7e10-46c4-b9b9-06d1f7706ba8",
	'state',
	0,
	"7425be7a-82d5-4226-9e18-0d3edf3183c6",
	"00000000-0000-0000-0000-000000000000",
	0,
	'SimpleTest::confirmBooking',
	"00000000-0000-0000-0000-000000000000");
INSERT INTO ACT_BLK
	VALUES ("7425be7a-82d5-4226-9e18-0d3edf3183c6",
	0,
	0,
	0,
	'CustomerInterface',
	'',
	'',
	4,
	1,
	4,
	6,
	0,
	0,
	0,
	0,
	0,
	0,
	0,
	0,
	0,
	"e4805209-7e10-46c4-b9b9-06d1f7706ba8",
	"00000000-0000-0000-0000-000000000000");
INSERT INTO ACT_SMT
	VALUES ("a7285d5e-8a31-484f-b36b-8f24c76eb193",
	"7425be7a-82d5-4226-9e18-0d3edf3183c6",
	"0b00f189-628a-407d-ba33-6d58485294b3",
	2,
	1,
	'SimpleTest::confirmBooking line: 2');
INSERT INTO ACT_BRG
	VALUES ("a7285d5e-8a31-484f-b36b-8f24c76eb193",
	"768e1cca-7403-495c-9b22-afd11a473eb6",
	2,
	6,
	2,
	1);
INSERT INTO ACT_SMT
	VALUES ("0b00f189-628a-407d-ba33-6d58485294b3",
	"7425be7a-82d5-4226-9e18-0d3edf3183c6",
	"00000000-0000-0000-0000-000000000000",
	4,
	1,
	'SimpleTest::confirmBooking line: 4');
INSERT INTO ACT_SGN
	VALUES ("0b00f189-628a-407d-ba33-6d58485294b3",
	4,
	25,
	4,
	6,
	"00000000-0000-0000-0000-000000000000",
	"86e438a6-c8b8-4441-85d1-42be6446724a",
	"00000000-0000-0000-0000-000000000000");
INSERT INTO V_VAL
	VALUES ("bba8e11f-1e68-4013-bc2d-eac9087d41af",
	0,
	0,
	2,
	23,
	62,
	0,
	0,
	0,
	0,
	"ba5eda7a-def5-0000-0000-000000000004",
	"7425be7a-82d5-4226-9e18-0d3edf3183c6");
INSERT INTO V_LST
	VALUES ("bba8e11f-1e68-4013-bc2d-eac9087d41af",
	'UC confirmBooking, sending confirm back');
INSERT INTO V_PAR
	VALUES ("bba8e11f-1e68-4013-bc2d-eac9087d41af",
	"a7285d5e-8a31-484f-b36b-8f24c76eb193",
	"00000000-0000-0000-0000-000000000000",
	'message',
	"00000000-0000-0000-0000-000000000000",
	2,
	14);
INSERT INTO V_VAL
	VALUES ("c3dd5373-d340-46b3-8949-bd1859cf41bc",
	0,
	0,
	4,
	50,
	53,
	0,
	0,
	0,
	0,
	"9db8c033-ff94-41f2-bd5c-36e5cdae0e4b",
	"7425be7a-82d5-4226-9e18-0d3edf3183c6");
INSERT INTO V_IRF
	VALUES ("c3dd5373-d340-46b3-8949-bd1859cf41bc",
	"81e276f0-1c4c-4737-925d-358fa344ea01");
INSERT INTO V_VAL
	VALUES ("ba3be481-be26-427c-b503-4a4dcea79cc3",
	0,
	0,
	4,
	55,
	63,
	0,
	0,
	0,
	0,
	"ba5eda7a-def5-0000-0000-000000000005",
	"7425be7a-82d5-4226-9e18-0d3edf3183c6");
INSERT INTO V_AVL
	VALUES ("ba3be481-be26-427c-b503-4a4dcea79cc3",
	"c3dd5373-d340-46b3-8949-bd1859cf41bc",
	"6daee5e1-aefd-49c8-b18d-234fb0eb1928",
	"10645a6f-534c-4e7d-84b2-77d94f3125c4");
INSERT INTO V_PAR
	VALUES ("ba3be481-be26-427c-b503-4a4dcea79cc3",
	"0b00f189-628a-407d-ba33-6d58485294b3",
	"00000000-0000-0000-0000-000000000000",
	'sessionID',
	"20ab16d6-873b-47e3-bbf5-be6a91ef2f96",
	4,
	39);
INSERT INTO V_VAL
	VALUES ("20ab16d6-873b-47e3-bbf5-be6a91ef2f96",
	0,
	0,
	5,
	20,
	30,
	0,
	0,
	0,
	0,
	"ba5eda7a-def5-0000-0000-000000000004",
	"7425be7a-82d5-4226-9e18-0d3edf3183c6");
INSERT INTO V_LST
	VALUES ("20ab16d6-873b-47e3-bbf5-be6a91ef2f96",
	'Confirmed!');
INSERT INTO V_PAR
	VALUES ("20ab16d6-873b-47e3-bbf5-be6a91ef2f96",
	"0b00f189-628a-407d-ba33-6d58485294b3",
	"00000000-0000-0000-0000-000000000000",
	'message',
	"00000000-0000-0000-0000-000000000000",
	5,
	11);
INSERT INTO V_VAR
	VALUES ("81e276f0-1c4c-4737-925d-358fa344ea01",
	"7425be7a-82d5-4226-9e18-0d3edf3183c6",
	'self',
	1,
	"9db8c033-ff94-41f2-bd5c-36e5cdae0e4b");
INSERT INTO V_INT
	VALUES ("81e276f0-1c4c-4737-925d-358fa344ea01",
	0,
	"6daee5e1-aefd-49c8-b18d-234fb0eb1928");
INSERT INTO V_LOC
	VALUES ("46995926-6397-455a-8260-a1289b023534",
	4,
	50,
	53,
	"81e276f0-1c4c-4737-925d-358fa344ea01");
INSERT INTO SM_STATE
	VALUES ("114bbc3b-72e1-4b39-aa4a-f16e758cd7e3",
	"ff73a57e-de54-43da-89b9-7fc18e7e85a5",
	"00000000-0000-0000-0000-000000000000",
	'sendCustomerDetails',
	7,
	0);
INSERT INTO SM_CH
	VALUES ("114bbc3b-72e1-4b39-aa4a-f16e758cd7e3",
	"571ae000-303e-4af6-9350-7f3c94749e60",
	"ff73a57e-de54-43da-89b9-7fc18e7e85a5",
	"00000000-0000-0000-0000-000000000000",
	'');
INSERT INTO SM_SEME
	VALUES ("114bbc3b-72e1-4b39-aa4a-f16e758cd7e3",
	"571ae000-303e-4af6-9350-7f3c94749e60",
	"ff73a57e-de54-43da-89b9-7fc18e7e85a5",
	"00000000-0000-0000-0000-000000000000");
INSERT INTO SM_CH
	VALUES ("114bbc3b-72e1-4b39-aa4a-f16e758cd7e3",
	"2a21dfc2-cf8a-496d-91fa-d6cd6995d113",
	"ff73a57e-de54-43da-89b9-7fc18e7e85a5",
	"00000000-0000-0000-0000-000000000000",
	'');
INSERT INTO SM_SEME
	VALUES ("114bbc3b-72e1-4b39-aa4a-f16e758cd7e3",
	"2a21dfc2-cf8a-496d-91fa-d6cd6995d113",
	"ff73a57e-de54-43da-89b9-7fc18e7e85a5",
	"00000000-0000-0000-0000-000000000000");
INSERT INTO SM_CH
	VALUES ("114bbc3b-72e1-4b39-aa4a-f16e758cd7e3",
	"eb6c99e7-c09f-4c32-96ec-e77623146056",
	"ff73a57e-de54-43da-89b9-7fc18e7e85a5",
	"00000000-0000-0000-0000-000000000000",
	'');
INSERT INTO SM_SEME
	VALUES ("114bbc3b-72e1-4b39-aa4a-f16e758cd7e3",
	"eb6c99e7-c09f-4c32-96ec-e77623146056",
	"ff73a57e-de54-43da-89b9-7fc18e7e85a5",
	"00000000-0000-0000-0000-000000000000");
INSERT INTO SM_SEME
	VALUES ("114bbc3b-72e1-4b39-aa4a-f16e758cd7e3",
	"e60d8278-0abd-4435-be30-5fb8266237ab",
	"ff73a57e-de54-43da-89b9-7fc18e7e85a5",
	"00000000-0000-0000-0000-000000000000");
INSERT INTO SM_MOAH
	VALUES ("b6fa6b51-c458-4e8a-b55b-86a56392a170",
	"ff73a57e-de54-43da-89b9-7fc18e7e85a5",
	"114bbc3b-72e1-4b39-aa4a-f16e758cd7e3");
INSERT INTO SM_AH
	VALUES ("b6fa6b51-c458-4e8a-b55b-86a56392a170",
	"ff73a57e-de54-43da-89b9-7fc18e7e85a5");
INSERT INTO SM_ACT
	VALUES ("b6fa6b51-c458-4e8a-b55b-86a56392a170",
	"ff73a57e-de54-43da-89b9-7fc18e7e85a5",
	1,
	'
LOG::LogInfo(message: "UC sendCustomerDetails, sending customer details");

send BookingProvider::customerDetails(sessionID:self.sessionID,
										name:"Geisha",
										phoneNumber: "123123123");',
	'');
INSERT INTO ACT_SAB
	VALUES ("6a1fa482-3703-4d10-a405-c048e7ebea69",
	"ff73a57e-de54-43da-89b9-7fc18e7e85a5",
	"b6fa6b51-c458-4e8a-b55b-86a56392a170");
INSERT INTO ACT_ACT
	VALUES ("6a1fa482-3703-4d10-a405-c048e7ebea69",
	'state',
	0,
	"566c0bce-0180-40eb-b2eb-b1a526ee18b0",
	"00000000-0000-0000-0000-000000000000",
	0,
	'SimpleTest::sendCustomerDetails',
	"00000000-0000-0000-0000-000000000000");
INSERT INTO ACT_BLK
	VALUES ("566c0bce-0180-40eb-b2eb-b1a526ee18b0",
	0,
	0,
	0,
	'BookingProvider',
	'',
	'',
	4,
	1,
	4,
	6,
	0,
	0,
	0,
	0,
	0,
	0,
	0,
	0,
	0,
	"6a1fa482-3703-4d10-a405-c048e7ebea69",
	"00000000-0000-0000-0000-000000000000");
INSERT INTO ACT_SMT
	VALUES ("6535566e-ce12-460c-ae98-d2b3e3c34841",
	"566c0bce-0180-40eb-b2eb-b1a526ee18b0",
	"34bc2203-3875-404d-8028-44287f28a6f7",
	2,
	1,
	'SimpleTest::sendCustomerDetails line: 2');
INSERT INTO ACT_BRG
	VALUES ("6535566e-ce12-460c-ae98-d2b3e3c34841",
	"768e1cca-7403-495c-9b22-afd11a473eb6",
	2,
	6,
	2,
	1);
INSERT INTO ACT_SMT
	VALUES ("34bc2203-3875-404d-8028-44287f28a6f7",
	"566c0bce-0180-40eb-b2eb-b1a526ee18b0",
	"00000000-0000-0000-0000-000000000000",
	4,
	1,
	'SimpleTest::sendCustomerDetails line: 4');
INSERT INTO ACT_SGN
	VALUES ("34bc2203-3875-404d-8028-44287f28a6f7",
	4,
	23,
	4,
	6,
	"00000000-0000-0000-0000-000000000000",
	"d77be9c2-0803-460b-adcd-8208f0b3441b",
	"00000000-0000-0000-0000-000000000000");
INSERT INTO V_VAL
	VALUES ("cbf87d8d-66df-452c-9fb7-79bcaa7cad29",
	0,
	0,
	2,
	23,
	71,
	0,
	0,
	0,
	0,
	"ba5eda7a-def5-0000-0000-000000000004",
	"566c0bce-0180-40eb-b2eb-b1a526ee18b0");
INSERT INTO V_LST
	VALUES ("cbf87d8d-66df-452c-9fb7-79bcaa7cad29",
	'UC sendCustomerDetails, sending customer details');
INSERT INTO V_PAR
	VALUES ("cbf87d8d-66df-452c-9fb7-79bcaa7cad29",
	"6535566e-ce12-460c-ae98-d2b3e3c34841",
	"00000000-0000-0000-0000-000000000000",
	'message',
	"00000000-0000-0000-0000-000000000000",
	2,
	14);
INSERT INTO V_VAL
	VALUES ("503bb0ac-ef93-4390-ab75-92ba46b0627b",
	0,
	0,
	4,
	49,
	52,
	0,
	0,
	0,
	0,
	"9db8c033-ff94-41f2-bd5c-36e5cdae0e4b",
	"566c0bce-0180-40eb-b2eb-b1a526ee18b0");
INSERT INTO V_IRF
	VALUES ("503bb0ac-ef93-4390-ab75-92ba46b0627b",
	"dcd8f821-2d96-41d2-8350-57fddec3463e");
INSERT INTO V_VAL
	VALUES ("baa506da-f09d-40e9-9261-425b992dd50b",
	0,
	0,
	4,
	54,
	62,
	0,
	0,
	0,
	0,
	"ba5eda7a-def5-0000-0000-000000000005",
	"566c0bce-0180-40eb-b2eb-b1a526ee18b0");
INSERT INTO V_AVL
	VALUES ("baa506da-f09d-40e9-9261-425b992dd50b",
	"503bb0ac-ef93-4390-ab75-92ba46b0627b",
	"6daee5e1-aefd-49c8-b18d-234fb0eb1928",
	"10645a6f-534c-4e7d-84b2-77d94f3125c4");
INSERT INTO V_PAR
	VALUES ("baa506da-f09d-40e9-9261-425b992dd50b",
	"34bc2203-3875-404d-8028-44287f28a6f7",
	"00000000-0000-0000-0000-000000000000",
	'sessionID',
	"9d21aa10-2ab4-44a9-a45d-02dc3b968fad",
	4,
	39);
INSERT INTO V_VAL
	VALUES ("9d21aa10-2ab4-44a9-a45d-02dc3b968fad",
	0,
	0,
	5,
	16,
	22,
	0,
	0,
	0,
	0,
	"ba5eda7a-def5-0000-0000-000000000004",
	"566c0bce-0180-40eb-b2eb-b1a526ee18b0");
INSERT INTO V_LST
	VALUES ("9d21aa10-2ab4-44a9-a45d-02dc3b968fad",
	'Geisha');
INSERT INTO V_PAR
	VALUES ("9d21aa10-2ab4-44a9-a45d-02dc3b968fad",
	"34bc2203-3875-404d-8028-44287f28a6f7",
	"00000000-0000-0000-0000-000000000000",
	'name',
	"149feb2e-f6ec-42f3-9fba-56e87d9910f5",
	5,
	11);
INSERT INTO V_VAL
	VALUES ("149feb2e-f6ec-42f3-9fba-56e87d9910f5",
	0,
	0,
	6,
	24,
	33,
	0,
	0,
	0,
	0,
	"ba5eda7a-def5-0000-0000-000000000004",
	"566c0bce-0180-40eb-b2eb-b1a526ee18b0");
INSERT INTO V_LST
	VALUES ("149feb2e-f6ec-42f3-9fba-56e87d9910f5",
	'123123123');
INSERT INTO V_PAR
	VALUES ("149feb2e-f6ec-42f3-9fba-56e87d9910f5",
	"34bc2203-3875-404d-8028-44287f28a6f7",
	"00000000-0000-0000-0000-000000000000",
	'phoneNumber',
	"00000000-0000-0000-0000-000000000000",
	6,
	11);
INSERT INTO V_VAR
	VALUES ("dcd8f821-2d96-41d2-8350-57fddec3463e",
	"566c0bce-0180-40eb-b2eb-b1a526ee18b0",
	'self',
	1,
	"9db8c033-ff94-41f2-bd5c-36e5cdae0e4b");
INSERT INTO V_INT
	VALUES ("dcd8f821-2d96-41d2-8350-57fddec3463e",
	0,
	"6daee5e1-aefd-49c8-b18d-234fb0eb1928");
INSERT INTO V_LOC
	VALUES ("f295d25a-510e-486b-b335-ff77352ba666",
	4,
	49,
	52,
	"dcd8f821-2d96-41d2-8350-57fddec3463e");
INSERT INTO SM_STATE
	VALUES ("5911dbb7-18dc-4ae6-bfb4-a9a5216843d7",
	"ff73a57e-de54-43da-89b9-7fc18e7e85a5",
	"00000000-0000-0000-0000-000000000000",
	'sendPaymentInfo',
	8,
	0);
INSERT INTO SM_CH
	VALUES ("5911dbb7-18dc-4ae6-bfb4-a9a5216843d7",
	"571ae000-303e-4af6-9350-7f3c94749e60",
	"ff73a57e-de54-43da-89b9-7fc18e7e85a5",
	"00000000-0000-0000-0000-000000000000",
	'');
INSERT INTO SM_SEME
	VALUES ("5911dbb7-18dc-4ae6-bfb4-a9a5216843d7",
	"571ae000-303e-4af6-9350-7f3c94749e60",
	"ff73a57e-de54-43da-89b9-7fc18e7e85a5",
	"00000000-0000-0000-0000-000000000000");
INSERT INTO SM_CH
	VALUES ("5911dbb7-18dc-4ae6-bfb4-a9a5216843d7",
	"2a21dfc2-cf8a-496d-91fa-d6cd6995d113",
	"ff73a57e-de54-43da-89b9-7fc18e7e85a5",
	"00000000-0000-0000-0000-000000000000",
	'');
INSERT INTO SM_SEME
	VALUES ("5911dbb7-18dc-4ae6-bfb4-a9a5216843d7",
	"2a21dfc2-cf8a-496d-91fa-d6cd6995d113",
	"ff73a57e-de54-43da-89b9-7fc18e7e85a5",
	"00000000-0000-0000-0000-000000000000");
INSERT INTO SM_CH
	VALUES ("5911dbb7-18dc-4ae6-bfb4-a9a5216843d7",
	"eb6c99e7-c09f-4c32-96ec-e77623146056",
	"ff73a57e-de54-43da-89b9-7fc18e7e85a5",
	"00000000-0000-0000-0000-000000000000",
	'');
INSERT INTO SM_SEME
	VALUES ("5911dbb7-18dc-4ae6-bfb4-a9a5216843d7",
	"eb6c99e7-c09f-4c32-96ec-e77623146056",
	"ff73a57e-de54-43da-89b9-7fc18e7e85a5",
	"00000000-0000-0000-0000-000000000000");
INSERT INTO SM_CH
	VALUES ("5911dbb7-18dc-4ae6-bfb4-a9a5216843d7",
	"e60d8278-0abd-4435-be30-5fb8266237ab",
	"ff73a57e-de54-43da-89b9-7fc18e7e85a5",
	"00000000-0000-0000-0000-000000000000",
	'');
INSERT INTO SM_SEME
	VALUES ("5911dbb7-18dc-4ae6-bfb4-a9a5216843d7",
	"e60d8278-0abd-4435-be30-5fb8266237ab",
	"ff73a57e-de54-43da-89b9-7fc18e7e85a5",
	"00000000-0000-0000-0000-000000000000");
INSERT INTO SM_MOAH
	VALUES ("4b246fae-05f6-406e-b931-810ed9d66fbf",
	"ff73a57e-de54-43da-89b9-7fc18e7e85a5",
	"5911dbb7-18dc-4ae6-bfb4-a9a5216843d7");
INSERT INTO SM_AH
	VALUES ("4b246fae-05f6-406e-b931-810ed9d66fbf",
	"ff73a57e-de54-43da-89b9-7fc18e7e85a5");
INSERT INTO SM_ACT
	VALUES ("4b246fae-05f6-406e-b931-810ed9d66fbf",
	"ff73a57e-de54-43da-89b9-7fc18e7e85a5",
	1,
	'LOG::LogInfo(message: "UC sendPaymentInfo, sending paymentinfo...");

send BookingProvider::paymentInfo(sessionID: self.sessionID,
								  info: "Stolen credit card");',
	'');
INSERT INTO ACT_SAB
	VALUES ("32865a96-c986-4def-8f58-b98902502004",
	"ff73a57e-de54-43da-89b9-7fc18e7e85a5",
	"4b246fae-05f6-406e-b931-810ed9d66fbf");
INSERT INTO ACT_ACT
	VALUES ("32865a96-c986-4def-8f58-b98902502004",
	'state',
	0,
	"01a09f30-9dbc-4ee5-bf81-3e74db81fe51",
	"00000000-0000-0000-0000-000000000000",
	0,
	'SimpleTest::sendPaymentInfo',
	"00000000-0000-0000-0000-000000000000");
INSERT INTO ACT_BLK
	VALUES ("01a09f30-9dbc-4ee5-bf81-3e74db81fe51",
	0,
	0,
	0,
	'BookingProvider',
	'',
	'',
	3,
	1,
	3,
	6,
	0,
	0,
	0,
	0,
	0,
	0,
	0,
	0,
	0,
	"32865a96-c986-4def-8f58-b98902502004",
	"00000000-0000-0000-0000-000000000000");
INSERT INTO ACT_SMT
	VALUES ("6671922e-207d-4397-b01c-1c811039272f",
	"01a09f30-9dbc-4ee5-bf81-3e74db81fe51",
	"835b8d71-5d89-4360-9c8a-d74f7dad6df4",
	1,
	1,
	'SimpleTest::sendPaymentInfo line: 1');
INSERT INTO ACT_BRG
	VALUES ("6671922e-207d-4397-b01c-1c811039272f",
	"768e1cca-7403-495c-9b22-afd11a473eb6",
	1,
	6,
	1,
	1);
INSERT INTO ACT_SMT
	VALUES ("835b8d71-5d89-4360-9c8a-d74f7dad6df4",
	"01a09f30-9dbc-4ee5-bf81-3e74db81fe51",
	"00000000-0000-0000-0000-000000000000",
	3,
	1,
	'SimpleTest::sendPaymentInfo line: 3');
INSERT INTO ACT_SGN
	VALUES ("835b8d71-5d89-4360-9c8a-d74f7dad6df4",
	3,
	23,
	3,
	6,
	"00000000-0000-0000-0000-000000000000",
	"4ff24761-bc79-4d00-be36-ac08fa93359b",
	"00000000-0000-0000-0000-000000000000");
INSERT INTO V_VAL
	VALUES ("d4941019-7a26-4c92-b20b-343fa5cf87f5",
	0,
	0,
	1,
	23,
	65,
	0,
	0,
	0,
	0,
	"ba5eda7a-def5-0000-0000-000000000004",
	"01a09f30-9dbc-4ee5-bf81-3e74db81fe51");
INSERT INTO V_LST
	VALUES ("d4941019-7a26-4c92-b20b-343fa5cf87f5",
	'UC sendPaymentInfo, sending paymentinfo...');
INSERT INTO V_PAR
	VALUES ("d4941019-7a26-4c92-b20b-343fa5cf87f5",
	"6671922e-207d-4397-b01c-1c811039272f",
	"00000000-0000-0000-0000-000000000000",
	'message',
	"00000000-0000-0000-0000-000000000000",
	1,
	14);
INSERT INTO V_VAL
	VALUES ("eed62086-f08a-4da0-bf57-b2a6490525e1",
	0,
	0,
	3,
	46,
	49,
	0,
	0,
	0,
	0,
	"9db8c033-ff94-41f2-bd5c-36e5cdae0e4b",
	"01a09f30-9dbc-4ee5-bf81-3e74db81fe51");
INSERT INTO V_IRF
	VALUES ("eed62086-f08a-4da0-bf57-b2a6490525e1",
	"9b8d9b4a-6581-4168-a11f-6d45dca26ea8");
INSERT INTO V_VAL
	VALUES ("49e3ecb4-6491-48b7-af9b-1eea59df5a8d",
	0,
	0,
	3,
	51,
	59,
	0,
	0,
	0,
	0,
	"ba5eda7a-def5-0000-0000-000000000005",
	"01a09f30-9dbc-4ee5-bf81-3e74db81fe51");
INSERT INTO V_AVL
	VALUES ("49e3ecb4-6491-48b7-af9b-1eea59df5a8d",
	"eed62086-f08a-4da0-bf57-b2a6490525e1",
	"6daee5e1-aefd-49c8-b18d-234fb0eb1928",
	"10645a6f-534c-4e7d-84b2-77d94f3125c4");
INSERT INTO V_PAR
	VALUES ("49e3ecb4-6491-48b7-af9b-1eea59df5a8d",
	"835b8d71-5d89-4360-9c8a-d74f7dad6df4",
	"00000000-0000-0000-0000-000000000000",
	'sessionID',
	"3c5918f1-a492-4682-a13b-1a043360d54f",
	3,
	35);
INSERT INTO V_VAL
	VALUES ("3c5918f1-a492-4682-a13b-1a043360d54f",
	0,
	0,
	4,
	17,
	35,
	0,
	0,
	0,
	0,
	"ba5eda7a-def5-0000-0000-000000000004",
	"01a09f30-9dbc-4ee5-bf81-3e74db81fe51");
INSERT INTO V_LST
	VALUES ("3c5918f1-a492-4682-a13b-1a043360d54f",
	'Stolen credit card');
INSERT INTO V_PAR
	VALUES ("3c5918f1-a492-4682-a13b-1a043360d54f",
	"835b8d71-5d89-4360-9c8a-d74f7dad6df4",
	"00000000-0000-0000-0000-000000000000",
	'info',
	"00000000-0000-0000-0000-000000000000",
	4,
	11);
INSERT INTO V_VAR
	VALUES ("9b8d9b4a-6581-4168-a11f-6d45dca26ea8",
	"01a09f30-9dbc-4ee5-bf81-3e74db81fe51",
	'self',
	1,
	"9db8c033-ff94-41f2-bd5c-36e5cdae0e4b");
INSERT INTO V_INT
	VALUES ("9b8d9b4a-6581-4168-a11f-6d45dca26ea8",
	0,
	"6daee5e1-aefd-49c8-b18d-234fb0eb1928");
INSERT INTO V_LOC
	VALUES ("0017cf72-c6cf-46ac-a887-24f8ff986c10",
	3,
	46,
	49,
	"9b8d9b4a-6581-4168-a11f-6d45dca26ea8");
INSERT INTO SM_CRTXN
	VALUES ("5d4c75a5-ca8e-4a22-a325-1e2fb4b2bd0f",
	"ff73a57e-de54-43da-89b9-7fc18e7e85a5",
	"00000000-0000-0000-0000-000000000000",
	"00000000-0000-0000-0000-000000000000");
INSERT INTO SM_TAH
	VALUES ("85bb9e42-b91b-4e88-b799-f796536b3d92",
	"ff73a57e-de54-43da-89b9-7fc18e7e85a5",
	"5d4c75a5-ca8e-4a22-a325-1e2fb4b2bd0f");
INSERT INTO SM_AH
	VALUES ("85bb9e42-b91b-4e88-b799-f796536b3d92",
	"ff73a57e-de54-43da-89b9-7fc18e7e85a5");
INSERT INTO SM_ACT
	VALUES ("85bb9e42-b91b-4e88-b799-f796536b3d92",
	"ff73a57e-de54-43da-89b9-7fc18e7e85a5",
	1,
	'',
	'');
INSERT INTO ACT_TAB
	VALUES ("b6c60d53-9cad-4e08-b091-677d382acc56",
	"ff73a57e-de54-43da-89b9-7fc18e7e85a5",
	"85bb9e42-b91b-4e88-b799-f796536b3d92");
INSERT INTO ACT_ACT
	VALUES ("b6c60d53-9cad-4e08-b091-677d382acc56",
	'transition',
	0,
	"66d2137d-5ccf-4df9-8d69-a726783cd66b",
	"00000000-0000-0000-0000-000000000000",
	0,
	'No Event Assigned',
	"00000000-0000-0000-0000-000000000000");
INSERT INTO ACT_BLK
	VALUES ("66d2137d-5ccf-4df9-8d69-a726783cd66b",
	0,
	0,
	0,
	'',
	'',
	'',
	0,
	0,
	0,
	0,
	0,
	0,
	0,
	0,
	0,
	0,
	0,
	0,
	0,
	"b6c60d53-9cad-4e08-b091-677d382acc56",
	"00000000-0000-0000-0000-000000000000");
INSERT INTO SM_TXN
	VALUES ("5d4c75a5-ca8e-4a22-a325-1e2fb4b2bd0f",
	"ff73a57e-de54-43da-89b9-7fc18e7e85a5",
	"ff3aa0df-09b3-4d91-b2a7-212ccf415d16",
	"00000000-0000-0000-0000-000000000000");
INSERT INTO SM_NSTXN
	VALUES ("37a78df7-872d-4fbf-908e-618445b592ba",
	"ff73a57e-de54-43da-89b9-7fc18e7e85a5",
	"ff3aa0df-09b3-4d91-b2a7-212ccf415d16",
	"571ae000-303e-4af6-9350-7f3c94749e60",
	"00000000-0000-0000-0000-000000000000");
INSERT INTO SM_TAH
	VALUES ("aab67572-8ef9-43c5-9aac-3d4b755821f4",
	"ff73a57e-de54-43da-89b9-7fc18e7e85a5",
	"37a78df7-872d-4fbf-908e-618445b592ba");
INSERT INTO SM_AH
	VALUES ("aab67572-8ef9-43c5-9aac-3d4b755821f4",
	"ff73a57e-de54-43da-89b9-7fc18e7e85a5");
INSERT INTO SM_ACT
	VALUES ("aab67572-8ef9-43c5-9aac-3d4b755821f4",
	"ff73a57e-de54-43da-89b9-7fc18e7e85a5",
	1,
	'',
	'');
INSERT INTO ACT_TAB
	VALUES ("f9fd1083-15dd-436e-a3f2-9d5a09518841",
	"ff73a57e-de54-43da-89b9-7fc18e7e85a5",
	"aab67572-8ef9-43c5-9aac-3d4b755821f4");
INSERT INTO ACT_ACT
	VALUES ("f9fd1083-15dd-436e-a3f2-9d5a09518841",
	'transition',
	0,
	"028774be-dd34-4273-941b-c4a17271bbe0",
	"00000000-0000-0000-0000-000000000000",
	0,
	'SIMPLETEST1: start',
	"00000000-0000-0000-0000-000000000000");
INSERT INTO ACT_BLK
	VALUES ("028774be-dd34-4273-941b-c4a17271bbe0",
	0,
	0,
	0,
	'',
	'',
	'',
	0,
	0,
	0,
	0,
	0,
	0,
	0,
	0,
	0,
	0,
	0,
	0,
	0,
	"f9fd1083-15dd-436e-a3f2-9d5a09518841",
	"00000000-0000-0000-0000-000000000000");
INSERT INTO SM_TXN
	VALUES ("37a78df7-872d-4fbf-908e-618445b592ba",
	"ff73a57e-de54-43da-89b9-7fc18e7e85a5",
	"69ed6288-8a7a-4a78-8509-c5afa7b80900",
	"00000000-0000-0000-0000-000000000000");
INSERT INTO SM_NSTXN
	VALUES ("0f04dfa6-dac0-47a0-b8c3-d4d13cc2f1f7",
	"ff73a57e-de54-43da-89b9-7fc18e7e85a5",
	"69ed6288-8a7a-4a78-8509-c5afa7b80900",
	"2a21dfc2-cf8a-496d-91fa-d6cd6995d113",
	"00000000-0000-0000-0000-000000000000");
INSERT INTO SM_TAH
	VALUES ("dc6f4ce0-453b-4bad-b2e4-768df5994abc",
	"ff73a57e-de54-43da-89b9-7fc18e7e85a5",
	"0f04dfa6-dac0-47a0-b8c3-d4d13cc2f1f7");
INSERT INTO SM_AH
	VALUES ("dc6f4ce0-453b-4bad-b2e4-768df5994abc",
	"ff73a57e-de54-43da-89b9-7fc18e7e85a5");
INSERT INTO SM_ACT
	VALUES ("dc6f4ce0-453b-4bad-b2e4-768df5994abc",
	"ff73a57e-de54-43da-89b9-7fc18e7e85a5",
	1,
	'self.sessionID = param.sessionID;',
	'');
INSERT INTO ACT_TAB
	VALUES ("3a96f443-3dc8-45ee-bd65-6c908c71fdf2",
	"ff73a57e-de54-43da-89b9-7fc18e7e85a5",
	"dc6f4ce0-453b-4bad-b2e4-768df5994abc");
INSERT INTO ACT_ACT
	VALUES ("3a96f443-3dc8-45ee-bd65-6c908c71fdf2",
	'transition',
	0,
	"6d2ae09e-0529-459f-892c-3f4484b44fb6",
	"00000000-0000-0000-0000-000000000000",
	0,
	'SIMPLETEST2: sessionEvent',
	"00000000-0000-0000-0000-000000000000");
INSERT INTO ACT_BLK
	VALUES ("6d2ae09e-0529-459f-892c-3f4484b44fb6",
	0,
	0,
	0,
	'',
	'',
	'',
	1,
	1,
	0,
	0,
	0,
	0,
	0,
	0,
	0,
	0,
	0,
	0,
	0,
	"3a96f443-3dc8-45ee-bd65-6c908c71fdf2",
	"00000000-0000-0000-0000-000000000000");
INSERT INTO ACT_SMT
	VALUES ("7770c307-df3b-4e27-88f5-f7a005d7df47",
	"6d2ae09e-0529-459f-892c-3f4484b44fb6",
	"00000000-0000-0000-0000-000000000000",
	1,
	1,
	'SIMPLETEST2: sessionEvent line: 1');
INSERT INTO ACT_AI
	VALUES ("7770c307-df3b-4e27-88f5-f7a005d7df47",
	"6303cf58-4de8-43df-b71f-8d200202759b",
	"03ed4329-b8f7-49b2-b16d-5f26cb088318",
	0,
	0);
INSERT INTO V_VAL
	VALUES ("f2d0592e-f4cc-4163-93d1-2dcc9bc2dfcf",
	1,
	0,
	1,
	1,
	4,
	0,
	0,
	0,
	0,
	"9db8c033-ff94-41f2-bd5c-36e5cdae0e4b",
	"6d2ae09e-0529-459f-892c-3f4484b44fb6");
INSERT INTO V_IRF
	VALUES ("f2d0592e-f4cc-4163-93d1-2dcc9bc2dfcf",
	"c7dee340-db63-4fdf-8eb3-a0d3ea985c98");
INSERT INTO V_VAL
	VALUES ("03ed4329-b8f7-49b2-b16d-5f26cb088318",
	1,
	0,
	1,
	6,
	14,
	0,
	0,
	0,
	0,
	"ba5eda7a-def5-0000-0000-000000000005",
	"6d2ae09e-0529-459f-892c-3f4484b44fb6");
INSERT INTO V_AVL
	VALUES ("03ed4329-b8f7-49b2-b16d-5f26cb088318",
	"f2d0592e-f4cc-4163-93d1-2dcc9bc2dfcf",
	"6daee5e1-aefd-49c8-b18d-234fb0eb1928",
	"10645a6f-534c-4e7d-84b2-77d94f3125c4");
INSERT INTO V_VAL
	VALUES ("6303cf58-4de8-43df-b71f-8d200202759b",
	0,
	0,
	1,
	24,
	32,
	0,
	0,
	0,
	0,
	"ba5eda7a-def5-0000-0000-000000000005",
	"6d2ae09e-0529-459f-892c-3f4484b44fb6");
INSERT INTO V_EDV
	VALUES ("6303cf58-4de8-43df-b71f-8d200202759b");
INSERT INTO V_EPR
	VALUES ("6303cf58-4de8-43df-b71f-8d200202759b",
	"ff73a57e-de54-43da-89b9-7fc18e7e85a5",
	"cf45ac62-45f1-44bc-b7a3-c755aacea2a2",
	"00000000-0000-0000-0000-000000000000");
INSERT INTO V_VAR
	VALUES ("c7dee340-db63-4fdf-8eb3-a0d3ea985c98",
	"6d2ae09e-0529-459f-892c-3f4484b44fb6",
	'self',
	1,
	"9db8c033-ff94-41f2-bd5c-36e5cdae0e4b");
INSERT INTO V_INT
	VALUES ("c7dee340-db63-4fdf-8eb3-a0d3ea985c98",
	0,
	"6daee5e1-aefd-49c8-b18d-234fb0eb1928");
INSERT INTO V_LOC
	VALUES ("3d5eb522-3344-4762-9ea8-94dcdd8238c3",
	1,
	1,
	4,
	"c7dee340-db63-4fdf-8eb3-a0d3ea985c98");
INSERT INTO SM_TXN
	VALUES ("0f04dfa6-dac0-47a0-b8c3-d4d13cc2f1f7",
	"ff73a57e-de54-43da-89b9-7fc18e7e85a5",
	"8fac4aec-97cb-4a48-8f6e-ef08889c723a",
	"00000000-0000-0000-0000-000000000000");
INSERT INTO SM_NSTXN
	VALUES ("a1bc1e29-b89e-488f-84a8-4c76ca6e4597",
	"ff73a57e-de54-43da-89b9-7fc18e7e85a5",
	"8fac4aec-97cb-4a48-8f6e-ef08889c723a",
	"eb6c99e7-c09f-4c32-96ec-e77623146056",
	"00000000-0000-0000-0000-000000000000");
INSERT INTO SM_TAH
	VALUES ("b6317a41-0972-4dce-ba49-b95c4ac114e7",
	"ff73a57e-de54-43da-89b9-7fc18e7e85a5",
	"a1bc1e29-b89e-488f-84a8-4c76ca6e4597");
INSERT INTO SM_AH
	VALUES ("b6317a41-0972-4dce-ba49-b95c4ac114e7",
	"ff73a57e-de54-43da-89b9-7fc18e7e85a5");
INSERT INTO SM_ACT
	VALUES ("b6317a41-0972-4dce-ba49-b95c4ac114e7",
	"ff73a57e-de54-43da-89b9-7fc18e7e85a5",
	1,
	'',
	'');
INSERT INTO ACT_TAB
	VALUES ("d0b9ce5b-8f95-4162-bb6b-244aef85c1be",
	"ff73a57e-de54-43da-89b9-7fc18e7e85a5",
	"b6317a41-0972-4dce-ba49-b95c4ac114e7");
INSERT INTO ACT_ACT
	VALUES ("d0b9ce5b-8f95-4162-bb6b-244aef85c1be",
	'transition',
	0,
	"d4e2e1fd-7f6f-4cc7-ba43-b76e30073e13",
	"00000000-0000-0000-0000-000000000000",
	0,
	'SIMPLETEST3: availableEvent',
	"00000000-0000-0000-0000-000000000000");
INSERT INTO ACT_BLK
	VALUES ("d4e2e1fd-7f6f-4cc7-ba43-b76e30073e13",
	0,
	0,
	0,
	'',
	'',
	'',
	0,
	0,
	0,
	0,
	0,
	0,
	0,
	0,
	0,
	0,
	0,
	0,
	0,
	"d0b9ce5b-8f95-4162-bb6b-244aef85c1be",
	"00000000-0000-0000-0000-000000000000");
INSERT INTO SM_TXN
	VALUES ("a1bc1e29-b89e-488f-84a8-4c76ca6e4597",
	"ff73a57e-de54-43da-89b9-7fc18e7e85a5",
	"45a31318-cb77-4398-871f-6d0d356015c3",
	"00000000-0000-0000-0000-000000000000");
INSERT INTO SM_NSTXN
	VALUES ("0be16248-49c2-456c-9e8d-550048b5cce1",
	"ff73a57e-de54-43da-89b9-7fc18e7e85a5",
	"45a31318-cb77-4398-871f-6d0d356015c3",
	"e60d8278-0abd-4435-be30-5fb8266237ab",
	"00000000-0000-0000-0000-000000000000");
INSERT INTO SM_TAH
	VALUES ("aaa72797-6c16-4ce2-8c56-e0c3a303e702",
	"ff73a57e-de54-43da-89b9-7fc18e7e85a5",
	"0be16248-49c2-456c-9e8d-550048b5cce1");
INSERT INTO SM_AH
	VALUES ("aaa72797-6c16-4ce2-8c56-e0c3a303e702",
	"ff73a57e-de54-43da-89b9-7fc18e7e85a5");
INSERT INTO SM_ACT
	VALUES ("aaa72797-6c16-4ce2-8c56-e0c3a303e702",
	"ff73a57e-de54-43da-89b9-7fc18e7e85a5",
	1,
	'',
	'');
INSERT INTO ACT_TAB
	VALUES ("d7609f40-5c1f-4ad2-8453-e41728da2297",
	"ff73a57e-de54-43da-89b9-7fc18e7e85a5",
	"aaa72797-6c16-4ce2-8c56-e0c3a303e702");
INSERT INTO ACT_ACT
	VALUES ("d7609f40-5c1f-4ad2-8453-e41728da2297",
	'transition',
	0,
	"9fe5aea2-c1be-4c23-8b0d-46f85585663e",
	"00000000-0000-0000-0000-000000000000",
	0,
	'SIMPLETEST4: confirmEvent',
	"00000000-0000-0000-0000-000000000000");
INSERT INTO ACT_BLK
	VALUES ("9fe5aea2-c1be-4c23-8b0d-46f85585663e",
	0,
	0,
	0,
	'',
	'',
	'',
	0,
	0,
	0,
	0,
	0,
	0,
	0,
	0,
	0,
	0,
	0,
	0,
	0,
	"d7609f40-5c1f-4ad2-8453-e41728da2297",
	"00000000-0000-0000-0000-000000000000");
INSERT INTO SM_TXN
	VALUES ("0be16248-49c2-456c-9e8d-550048b5cce1",
	"ff73a57e-de54-43da-89b9-7fc18e7e85a5",
	"6945a0b4-8c16-4f77-97c6-756422754215",
	"00000000-0000-0000-0000-000000000000");
INSERT INTO SM_NSTXN
	VALUES ("c627585d-b335-4f81-b781-0a8d1a635ce9",
	"ff73a57e-de54-43da-89b9-7fc18e7e85a5",
	"6945a0b4-8c16-4f77-97c6-756422754215",
	"e60d8278-0abd-4435-be30-5fb8266237ab",
	"00000000-0000-0000-0000-000000000000");
INSERT INTO SM_TAH
	VALUES ("c0909533-d140-46dc-b45e-aa0c4c2ff368",
	"ff73a57e-de54-43da-89b9-7fc18e7e85a5",
	"c627585d-b335-4f81-b781-0a8d1a635ce9");
INSERT INTO SM_AH
	VALUES ("c0909533-d140-46dc-b45e-aa0c4c2ff368",
	"ff73a57e-de54-43da-89b9-7fc18e7e85a5");
INSERT INTO SM_ACT
	VALUES ("c0909533-d140-46dc-b45e-aa0c4c2ff368",
	"ff73a57e-de54-43da-89b9-7fc18e7e85a5",
	1,
	'',
	'');
INSERT INTO ACT_TAB
	VALUES ("d2985a45-89d2-4b09-a96f-b0b2a02d242e",
	"ff73a57e-de54-43da-89b9-7fc18e7e85a5",
	"c0909533-d140-46dc-b45e-aa0c4c2ff368");
INSERT INTO ACT_ACT
	VALUES ("d2985a45-89d2-4b09-a96f-b0b2a02d242e",
	'transition',
	0,
	"5e4f5c5d-5501-411b-997d-356268e75e81",
	"00000000-0000-0000-0000-000000000000",
	0,
	'SIMPLETEST4: confirmEvent',
	"00000000-0000-0000-0000-000000000000");
INSERT INTO ACT_BLK
	VALUES ("5e4f5c5d-5501-411b-997d-356268e75e81",
	0,
	0,
	0,
	'',
	'',
	'',
	0,
	0,
	0,
	0,
	0,
	0,
	0,
	0,
	0,
	0,
	0,
	0,
	0,
	"d2985a45-89d2-4b09-a96f-b0b2a02d242e",
	"00000000-0000-0000-0000-000000000000");
INSERT INTO SM_TXN
	VALUES ("c627585d-b335-4f81-b781-0a8d1a635ce9",
	"ff73a57e-de54-43da-89b9-7fc18e7e85a5",
	"b4f9b3dc-d0ea-414f-87c1-b4305608e9d3",
	"00000000-0000-0000-0000-000000000000");
INSERT INTO SM_NSTXN
	VALUES ("0c0a89c3-1ff1-4829-a55f-236f4f330127",
	"ff73a57e-de54-43da-89b9-7fc18e7e85a5",
	"b4f9b3dc-d0ea-414f-87c1-b4305608e9d3",
	"e60d8278-0abd-4435-be30-5fb8266237ab",
	"00000000-0000-0000-0000-000000000000");
INSERT INTO SM_TAH
	VALUES ("245e0e8c-8b4f-4dc7-86b7-53c314c6ac11",
	"ff73a57e-de54-43da-89b9-7fc18e7e85a5",
	"0c0a89c3-1ff1-4829-a55f-236f4f330127");
INSERT INTO SM_AH
	VALUES ("245e0e8c-8b4f-4dc7-86b7-53c314c6ac11",
	"ff73a57e-de54-43da-89b9-7fc18e7e85a5");
INSERT INTO SM_ACT
	VALUES ("245e0e8c-8b4f-4dc7-86b7-53c314c6ac11",
	"ff73a57e-de54-43da-89b9-7fc18e7e85a5",
	1,
	'',
	'');
INSERT INTO ACT_TAB
	VALUES ("cec430cd-5390-4a59-a628-3a3b1ca62165",
	"ff73a57e-de54-43da-89b9-7fc18e7e85a5",
	"245e0e8c-8b4f-4dc7-86b7-53c314c6ac11");
INSERT INTO ACT_ACT
	VALUES ("cec430cd-5390-4a59-a628-3a3b1ca62165",
	'transition',
	0,
	"2350659d-7a7b-4e4d-96ae-6dfe32124254",
	"00000000-0000-0000-0000-000000000000",
	0,
	'SIMPLETEST4: confirmEvent',
	"00000000-0000-0000-0000-000000000000");
INSERT INTO ACT_BLK
	VALUES ("2350659d-7a7b-4e4d-96ae-6dfe32124254",
	0,
	0,
	0,
	'',
	'',
	'',
	0,
	0,
	0,
	0,
	0,
	0,
	0,
	0,
	0,
	0,
	0,
	0,
	0,
	"cec430cd-5390-4a59-a628-3a3b1ca62165",
	"00000000-0000-0000-0000-000000000000");
INSERT INTO SM_TXN
	VALUES ("0c0a89c3-1ff1-4829-a55f-236f4f330127",
	"ff73a57e-de54-43da-89b9-7fc18e7e85a5",
	"114bbc3b-72e1-4b39-aa4a-f16e758cd7e3",
	"00000000-0000-0000-0000-000000000000");
INSERT INTO SM_NSTXN
	VALUES ("90d0d201-9bb1-42f3-b08a-bf0e27f130ba",
	"ff73a57e-de54-43da-89b9-7fc18e7e85a5",
	"114bbc3b-72e1-4b39-aa4a-f16e758cd7e3",
	"e60d8278-0abd-4435-be30-5fb8266237ab",
	"00000000-0000-0000-0000-000000000000");
INSERT INTO SM_TAH
	VALUES ("07065313-15eb-455a-8311-bd93e811cba6",
	"ff73a57e-de54-43da-89b9-7fc18e7e85a5",
	"90d0d201-9bb1-42f3-b08a-bf0e27f130ba");
INSERT INTO SM_AH
	VALUES ("07065313-15eb-455a-8311-bd93e811cba6",
	"ff73a57e-de54-43da-89b9-7fc18e7e85a5");
INSERT INTO SM_ACT
	VALUES ("07065313-15eb-455a-8311-bd93e811cba6",
	"ff73a57e-de54-43da-89b9-7fc18e7e85a5",
	1,
	'',
	'');
INSERT INTO ACT_TAB
	VALUES ("87e71032-a07b-484f-bc43-c70b9bab90cb",
	"ff73a57e-de54-43da-89b9-7fc18e7e85a5",
	"07065313-15eb-455a-8311-bd93e811cba6");
INSERT INTO ACT_ACT
	VALUES ("87e71032-a07b-484f-bc43-c70b9bab90cb",
	'transition',
	0,
	"922366c4-40e4-4e8c-a537-0c7c43a20124",
	"00000000-0000-0000-0000-000000000000",
	0,
	'SIMPLETEST4: confirmEvent',
	"00000000-0000-0000-0000-000000000000");
INSERT INTO ACT_BLK
	VALUES ("922366c4-40e4-4e8c-a537-0c7c43a20124",
	0,
	0,
	0,
	'',
	'',
	'',
	0,
	0,
	0,
	0,
	0,
	0,
	0,
	0,
	0,
	0,
	0,
	0,
	0,
	"87e71032-a07b-484f-bc43-c70b9bab90cb",
	"00000000-0000-0000-0000-000000000000");
INSERT INTO SM_TXN
	VALUES ("90d0d201-9bb1-42f3-b08a-bf0e27f130ba",
	"ff73a57e-de54-43da-89b9-7fc18e7e85a5",
	"5911dbb7-18dc-4ae6-bfb4-a9a5216843d7",
	"00000000-0000-0000-0000-000000000000");
INSERT INTO SM_ASM
	VALUES ("96895ef9-6c20-43e9-ac42-4a9d9b10dc18",
	"6daee5e1-aefd-49c8-b18d-234fb0eb1928");
INSERT INTO SM_SM
	VALUES ("96895ef9-6c20-43e9-ac42-4a9d9b10dc18",
	'',
	0);
INSERT INTO SM_MOORE
	VALUES ("96895ef9-6c20-43e9-ac42-4a9d9b10dc18");
INSERT INTO EP_PKG
	VALUES ("7ab991a5-3958-4a50-bf82-5b2da16ecd76",
	"77552e13-265a-4a67-beca-bb6af5f15d0b",
	"77552e13-265a-4a67-beca-bb6af5f15d0b",
	'Shared EEs',
	'',
	0);
INSERT INTO PE_PE
	VALUES ("fad39749-df67-43e1-8b90-799862a3757c",
	1,
	"7ab991a5-3958-4a50-bf82-5b2da16ecd76",
	"00000000-0000-0000-0000-000000000000",
	5);
INSERT INTO S_EE
	VALUES ("fad39749-df67-43e1-8b90-799862a3757c",
	'Logging',
	'',
	'LOG',
	"00000000-0000-0000-0000-000000000000",
	'',
	'Logging');
INSERT INTO S_BRG
	VALUES ("21801458-b22d-439e-a399-3ef5384aaf91",
	"fad39749-df67-43e1-8b90-799862a3757c",
	'LogSuccess',
	'',
	0,
	"ba5eda7a-def5-0000-0000-000000000000",
	'',
	1,
	'');
INSERT INTO S_BPARM
	VALUES ("4f3dc2d0-bef8-43e0-8748-16ddb80b9ebc",
	"21801458-b22d-439e-a399-3ef5384aaf91",
	'message',
	"ba5eda7a-def5-0000-0000-000000000004",
	0,
	'',
	"00000000-0000-0000-0000-000000000000",
	'');
INSERT INTO ACT_BRB
	VALUES ("f9c2f391-ee8c-4479-9676-ce7d9fd58c79",
	"21801458-b22d-439e-a399-3ef5384aaf91");
INSERT INTO ACT_ACT
	VALUES ("f9c2f391-ee8c-4479-9676-ce7d9fd58c79",
	'bridge',
	0,
	"17d5a30c-1684-4460-acb4-b0db5e986a1b",
	"00000000-0000-0000-0000-000000000000",
	0,
	'Logging::LogSuccess',
	"00000000-0000-0000-0000-000000000000");
INSERT INTO ACT_BLK
	VALUES ("17d5a30c-1684-4460-acb4-b0db5e986a1b",
	0,
	0,
	0,
	'',
	'',
	'',
	0,
	0,
	0,
	0,
	0,
	0,
	0,
	0,
	0,
	0,
	0,
	0,
	0,
	"f9c2f391-ee8c-4479-9676-ce7d9fd58c79",
	"00000000-0000-0000-0000-000000000000");
INSERT INTO S_BRG
	VALUES ("43685d54-3033-4e04-b853-5510e9a6781b",
	"fad39749-df67-43e1-8b90-799862a3757c",
	'LogFailure',
	'',
	0,
	"ba5eda7a-def5-0000-0000-000000000000",
	'',
	1,
	'');
INSERT INTO S_BPARM
	VALUES ("fa599f4c-fe9c-4b1e-815d-c98ebdc65d9f",
	"43685d54-3033-4e04-b853-5510e9a6781b",
	'message',
	"ba5eda7a-def5-0000-0000-000000000004",
	0,
	'',
	"00000000-0000-0000-0000-000000000000",
	'');
INSERT INTO ACT_BRB
	VALUES ("728191c1-937d-4929-851d-c6e343733141",
	"43685d54-3033-4e04-b853-5510e9a6781b");
INSERT INTO ACT_ACT
	VALUES ("728191c1-937d-4929-851d-c6e343733141",
	'bridge',
	0,
	"30683b5e-2709-474e-aae9-a738944e132a",
	"00000000-0000-0000-0000-000000000000",
	0,
	'Logging::LogFailure',
	"00000000-0000-0000-0000-000000000000");
INSERT INTO ACT_BLK
	VALUES ("30683b5e-2709-474e-aae9-a738944e132a",
	0,
	0,
	0,
	'',
	'',
	'',
	0,
	0,
	0,
	0,
	0,
	0,
	0,
	0,
	0,
	0,
	0,
	0,
	0,
	"728191c1-937d-4929-851d-c6e343733141",
	"00000000-0000-0000-0000-000000000000");
INSERT INTO S_BRG
	VALUES ("768e1cca-7403-495c-9b22-afd11a473eb6",
	"fad39749-df67-43e1-8b90-799862a3757c",
	'LogInfo',
	'',
	0,
	"ba5eda7a-def5-0000-0000-000000000000",
	'',
	1,
	'');
INSERT INTO S_BPARM
	VALUES ("f676d1cb-709e-45ec-b3cd-5cd645f64b51",
	"768e1cca-7403-495c-9b22-afd11a473eb6",
	'message',
	"ba5eda7a-def5-0000-0000-000000000004",
	0,
	'',
	"00000000-0000-0000-0000-000000000000",
	'');
INSERT INTO ACT_BRB
	VALUES ("3407e886-2806-41a2-a3c9-3360d0a8dd48",
	"768e1cca-7403-495c-9b22-afd11a473eb6");
INSERT INTO ACT_ACT
	VALUES ("3407e886-2806-41a2-a3c9-3360d0a8dd48",
	'bridge',
	0,
	"ea2ccf9f-926a-48d2-924f-6372cbf681f2",
	"00000000-0000-0000-0000-000000000000",
	0,
	'Logging::LogInfo',
	"00000000-0000-0000-0000-000000000000");
INSERT INTO ACT_BLK
	VALUES ("ea2ccf9f-926a-48d2-924f-6372cbf681f2",
	0,
	0,
	0,
	'',
	'',
	'',
	0,
	0,
	0,
	0,
	0,
	0,
	0,
	0,
	0,
	0,
	0,
	0,
	0,
	"3407e886-2806-41a2-a3c9-3360d0a8dd48",
	"00000000-0000-0000-0000-000000000000");
INSERT INTO S_BRG
	VALUES ("badb0c1c-59d4-4171-b6dc-4d014c05a69b",
	"fad39749-df67-43e1-8b90-799862a3757c",
	'LogDate',
	'',
	0,
	"ba5eda7a-def5-0000-0000-000000000000",
	'',
	1,
	'');
INSERT INTO S_BPARM
	VALUES ("2bd39248-c021-4cd4-bee9-0d1d6e7eb9aa",
	"badb0c1c-59d4-4171-b6dc-4d014c05a69b",
	'd',
	"ba5eda7a-def5-0000-0000-00000000000e",
	0,
	'',
	"00000000-0000-0000-0000-000000000000",
	'');
INSERT INTO S_BPARM
	VALUES ("83234d50-594b-458b-a62b-f47b31effc32",
	"badb0c1c-59d4-4171-b6dc-4d014c05a69b",
	'message',
	"ba5eda7a-def5-0000-0000-000000000004",
	0,
	'',
	"2bd39248-c021-4cd4-bee9-0d1d6e7eb9aa",
	'');
INSERT INTO ACT_BRB
	VALUES ("e7aeb85d-b297-4285-8fd4-f986bca07f2b",
	"badb0c1c-59d4-4171-b6dc-4d014c05a69b");
INSERT INTO ACT_ACT
	VALUES ("e7aeb85d-b297-4285-8fd4-f986bca07f2b",
	'bridge',
	0,
	"0dc0570a-111b-474b-9583-67f9270a284c",
	"00000000-0000-0000-0000-000000000000",
	0,
	'Logging::LogDate',
	"00000000-0000-0000-0000-000000000000");
INSERT INTO ACT_BLK
	VALUES ("0dc0570a-111b-474b-9583-67f9270a284c",
	0,
	0,
	0,
	'',
	'',
	'',
	0,
	0,
	0,
	0,
	0,
	0,
	0,
	0,
	0,
	0,
	0,
	0,
	0,
	"e7aeb85d-b297-4285-8fd4-f986bca07f2b",
	"00000000-0000-0000-0000-000000000000");
INSERT INTO S_BRG
	VALUES ("0b1d27b9-3158-473f-bb9b-8c8be6e0634e",
	"fad39749-df67-43e1-8b90-799862a3757c",
	'LogTime',
	'',
	0,
	"ba5eda7a-def5-0000-0000-000000000000",
	'',
	1,
	'');
INSERT INTO S_BPARM
	VALUES ("a06921df-e610-47e1-8e10-8486d9032cbc",
	"0b1d27b9-3158-473f-bb9b-8c8be6e0634e",
	't',
	"ba5eda7a-def5-0000-0000-000000000010",
	0,
	'',
	"faac3627-d51c-4ea8-bc3a-2111aa687e5d",
	'');
INSERT INTO S_BPARM
	VALUES ("faac3627-d51c-4ea8-bc3a-2111aa687e5d",
	"0b1d27b9-3158-473f-bb9b-8c8be6e0634e",
	'message',
	"ba5eda7a-def5-0000-0000-000000000004",
	0,
	'',
	"00000000-0000-0000-0000-000000000000",
	'');
INSERT INTO ACT_BRB
	VALUES ("84a07af8-3e0a-439b-b75d-0a4e00a71460",
	"0b1d27b9-3158-473f-bb9b-8c8be6e0634e");
INSERT INTO ACT_ACT
	VALUES ("84a07af8-3e0a-439b-b75d-0a4e00a71460",
	'bridge',
	0,
	"9afd9d5a-02c7-4a7d-8e94-13be9f63e15e",
	"00000000-0000-0000-0000-000000000000",
	0,
	'Logging::LogTime',
	"00000000-0000-0000-0000-000000000000");
INSERT INTO ACT_BLK
	VALUES ("9afd9d5a-02c7-4a7d-8e94-13be9f63e15e",
	0,
	0,
	0,
	'',
	'',
	'',
	0,
	0,
	0,
	0,
	0,
	0,
	0,
	0,
	0,
	0,
	0,
	0,
	0,
	"84a07af8-3e0a-439b-b75d-0a4e00a71460",
	"00000000-0000-0000-0000-000000000000");
INSERT INTO S_BRG
	VALUES ("7ef21ad9-927c-4b1b-92a2-85003af84ab1",
	"fad39749-df67-43e1-8b90-799862a3757c",
	'LogReal',
	'',
	0,
	"ba5eda7a-def5-0000-0000-000000000000",
	'',
	1,
	'');
INSERT INTO S_BPARM
	VALUES ("648d875e-c1c6-4f8b-83f7-353ca551df2d",
	"7ef21ad9-927c-4b1b-92a2-85003af84ab1",
	'r',
	"ba5eda7a-def5-0000-0000-000000000003",
	0,
	'',
	"cf3ad5fd-6bd3-443d-bdee-959aedc60b72",
	'');
INSERT INTO S_BPARM
	VALUES ("cf3ad5fd-6bd3-443d-bdee-959aedc60b72",
	"7ef21ad9-927c-4b1b-92a2-85003af84ab1",
	'message',
	"ba5eda7a-def5-0000-0000-000000000004",
	0,
	'',
	"00000000-0000-0000-0000-000000000000",
	'');
INSERT INTO ACT_BRB
	VALUES ("29c90c9a-eaf3-4ec2-851e-00c90a361ded",
	"7ef21ad9-927c-4b1b-92a2-85003af84ab1");
INSERT INTO ACT_ACT
	VALUES ("29c90c9a-eaf3-4ec2-851e-00c90a361ded",
	'bridge',
	0,
	"880ab24e-e664-44e4-935d-7b2f805ffb83",
	"00000000-0000-0000-0000-000000000000",
	0,
	'Logging::LogReal',
	"00000000-0000-0000-0000-000000000000");
INSERT INTO ACT_BLK
	VALUES ("880ab24e-e664-44e4-935d-7b2f805ffb83",
	0,
	0,
	0,
	'',
	'',
	'',
	0,
	0,
	0,
	0,
	0,
	0,
	0,
	0,
	0,
	0,
	0,
	0,
	0,
	"29c90c9a-eaf3-4ec2-851e-00c90a361ded",
	"00000000-0000-0000-0000-000000000000");
INSERT INTO S_BRG
	VALUES ("f042e0db-8b5c-46dd-910f-2c376ca7fb93",
	"fad39749-df67-43e1-8b90-799862a3757c",
	'LogInteger',
	'',
	0,
	"ba5eda7a-def5-0000-0000-000000000000",
	'',
	0,
	'');
INSERT INTO S_BPARM
	VALUES ("10aa8954-4293-4341-bbfe-cc1a144eceb4",
	"f042e0db-8b5c-46dd-910f-2c376ca7fb93",
	'message',
	"ba5eda7a-def5-0000-0000-000000000002",
	0,
	'',
	"00000000-0000-0000-0000-000000000000",
	'');
INSERT INTO PE_PE
	VALUES ("f219567e-d9b0-4046-8d52-913e07a80d8b",
	1,
	"7ab991a5-3958-4a50-bf82-5b2da16ecd76",
	"00000000-0000-0000-0000-000000000000",
	5);
INSERT INTO S_EE
	VALUES ("f219567e-d9b0-4046-8d52-913e07a80d8b",
	'Time',
	'The Time external entity provides date, timestamp, and timer related operations.',
	'TIM',
	"00000000-0000-0000-0000-000000000000",
	'',
	'Time');
INSERT INTO S_BRG
	VALUES ("b43ca519-9342-4581-9be9-ff6444d8faf5",
	"f219567e-d9b0-4046-8d52-913e07a80d8b",
	'current_date',
	'',
	1,
	"ba5eda7a-def5-0000-0000-00000000000e",
	'',
	0,
	'');
INSERT INTO S_BRG
	VALUES ("46742184-2efc-49e2-9fe1-e62dcc44be84",
	"f219567e-d9b0-4046-8d52-913e07a80d8b",
	'create_date',
	'',
	1,
	"ba5eda7a-def5-0000-0000-00000000000e",
	'',
	0,
	'');
INSERT INTO S_BPARM
	VALUES ("c89c5709-ca37-42cc-8e50-bffb64e16300",
	"46742184-2efc-49e2-9fe1-e62dcc44be84",
	'second',
	"ba5eda7a-def5-0000-0000-000000000002",
	0,
	'',
	"4d785b69-d809-432d-b173-e3a554a9e8a3",
	'');
INSERT INTO S_BPARM
	VALUES ("1488d6f9-7ba7-438d-bd0b-1bb2572acc58",
	"46742184-2efc-49e2-9fe1-e62dcc44be84",
	'minute',
	"ba5eda7a-def5-0000-0000-000000000002",
	0,
	'',
	"d3168719-391f-43fe-88b8-9237046f9d14",
	'');
INSERT INTO S_BPARM
	VALUES ("d3168719-391f-43fe-88b8-9237046f9d14",
	"46742184-2efc-49e2-9fe1-e62dcc44be84",
	'hour',
	"ba5eda7a-def5-0000-0000-000000000002",
	0,
	'',
	"24b8a055-e7a4-458f-8768-0b7203c072b6",
	'');
INSERT INTO S_BPARM
	VALUES ("24b8a055-e7a4-458f-8768-0b7203c072b6",
	"46742184-2efc-49e2-9fe1-e62dcc44be84",
	'day',
	"ba5eda7a-def5-0000-0000-000000000002",
	0,
	'',
	"00000000-0000-0000-0000-000000000000",
	'');
INSERT INTO S_BPARM
	VALUES ("4d785b69-d809-432d-b173-e3a554a9e8a3",
	"46742184-2efc-49e2-9fe1-e62dcc44be84",
	'month',
	"ba5eda7a-def5-0000-0000-000000000002",
	0,
	'',
	"1488d6f9-7ba7-438d-bd0b-1bb2572acc58",
	'');
INSERT INTO S_BPARM
	VALUES ("b08d9ec5-77d6-4a43-a8aa-238b467ac633",
	"46742184-2efc-49e2-9fe1-e62dcc44be84",
	'year',
	"ba5eda7a-def5-0000-0000-000000000002",
	0,
	'',
	"c89c5709-ca37-42cc-8e50-bffb64e16300",
	'');
INSERT INTO S_BRG
	VALUES ("e966a0d6-a15b-4d82-9537-46efa92e8029",
	"f219567e-d9b0-4046-8d52-913e07a80d8b",
	'get_second',
	'',
	1,
	"ba5eda7a-def5-0000-0000-000000000002",
	'',
	0,
	'');
INSERT INTO S_BPARM
	VALUES ("9513ed8a-c7d6-4390-a068-d34f8adf444b",
	"e966a0d6-a15b-4d82-9537-46efa92e8029",
	'date',
	"ba5eda7a-def5-0000-0000-00000000000e",
	0,
	'',
	"00000000-0000-0000-0000-000000000000",
	'');
INSERT INTO S_BRG
	VALUES ("f1918392-977c-4346-af9c-2c3a3d5f6307",
	"f219567e-d9b0-4046-8d52-913e07a80d8b",
	'get_minute',
	'',
	1,
	"ba5eda7a-def5-0000-0000-000000000002",
	'',
	0,
	'');
INSERT INTO S_BPARM
	VALUES ("f585c15e-7f66-4e26-a41a-56d9fd41b60e",
	"f1918392-977c-4346-af9c-2c3a3d5f6307",
	'date',
	"ba5eda7a-def5-0000-0000-00000000000e",
	0,
	'',
	"00000000-0000-0000-0000-000000000000",
	'');
INSERT INTO S_BRG
	VALUES ("3d1a6e95-d19d-4c24-a8d5-7e2e7f38e5b5",
	"f219567e-d9b0-4046-8d52-913e07a80d8b",
	'get_hour',
	'',
	1,
	"ba5eda7a-def5-0000-0000-000000000002",
	'',
	0,
	'');
INSERT INTO S_BPARM
	VALUES ("d3f3682a-b8b0-497c-8b9a-64295501fbaf",
	"3d1a6e95-d19d-4c24-a8d5-7e2e7f38e5b5",
	'date',
	"ba5eda7a-def5-0000-0000-00000000000e",
	0,
	'',
	"00000000-0000-0000-0000-000000000000",
	'');
INSERT INTO S_BRG
	VALUES ("7a83ce04-e3aa-4add-b4c3-2af162ad3fc3",
	"f219567e-d9b0-4046-8d52-913e07a80d8b",
	'get_day',
	'',
	1,
	"ba5eda7a-def5-0000-0000-000000000002",
	'',
	0,
	'');
INSERT INTO S_BPARM
	VALUES ("919a1871-cd66-492d-8a11-17b645e13092",
	"7a83ce04-e3aa-4add-b4c3-2af162ad3fc3",
	'date',
	"ba5eda7a-def5-0000-0000-00000000000e",
	0,
	'',
	"00000000-0000-0000-0000-000000000000",
	'');
INSERT INTO S_BRG
	VALUES ("20059e2e-78d7-4303-8608-0a66bc7b6936",
	"f219567e-d9b0-4046-8d52-913e07a80d8b",
	'get_month',
	'',
	1,
	"ba5eda7a-def5-0000-0000-000000000002",
	'',
	0,
	'');
INSERT INTO S_BPARM
	VALUES ("f325e91d-2586-4702-b161-24c4f77361d6",
	"20059e2e-78d7-4303-8608-0a66bc7b6936",
	'date',
	"ba5eda7a-def5-0000-0000-00000000000e",
	0,
	'',
	"00000000-0000-0000-0000-000000000000",
	'');
INSERT INTO S_BRG
	VALUES ("7c1c684b-1141-4c29-85e4-5b923690152e",
	"f219567e-d9b0-4046-8d52-913e07a80d8b",
	'get_year',
	'',
	1,
	"ba5eda7a-def5-0000-0000-000000000002",
	'',
	0,
	'');
INSERT INTO S_BPARM
	VALUES ("08ea60b5-b73c-42f7-afc1-91d8f27e5d27",
	"7c1c684b-1141-4c29-85e4-5b923690152e",
	'date',
	"ba5eda7a-def5-0000-0000-00000000000e",
	0,
	'',
	"00000000-0000-0000-0000-000000000000",
	'');
INSERT INTO S_BRG
	VALUES ("b128bd65-8b8b-4404-bfb7-8ebf4b5e6bfb",
	"f219567e-d9b0-4046-8d52-913e07a80d8b",
	'current_clock',
	'',
	1,
	"ba5eda7a-def5-0000-0000-000000000010",
	'',
	0,
	'');
INSERT INTO S_BRG
	VALUES ("b05f18a0-922d-48f0-b803-c3a1ec374dcd",
	"f219567e-d9b0-4046-8d52-913e07a80d8b",
	'timer_start',
	'This bridge operation starts a timer set to expire in the specified number of
microseconds, generating the passed event upon expiration. Returns the instance
handle of the timer.',
	1,
	"ba5eda7a-def5-0000-0000-00000000000f",
	'',
	0,
	'');
INSERT INTO S_BPARM
	VALUES ("6cd415a0-900e-4f06-a6cd-0a6501a9812c",
	"b05f18a0-922d-48f0-b803-c3a1ec374dcd",
	'microseconds',
	"ba5eda7a-def5-0000-0000-000000000002",
	0,
	'',
	"0e0aada6-6d34-4ed0-b5f2-99258f34fd48",
	'');
INSERT INTO S_BPARM
	VALUES ("0e0aada6-6d34-4ed0-b5f2-99258f34fd48",
	"b05f18a0-922d-48f0-b803-c3a1ec374dcd",
	'event_inst',
	"ba5eda7a-def5-0000-0000-00000000000a",
	0,
	'',
	"00000000-0000-0000-0000-000000000000",
	'');
INSERT INTO S_BRG
	VALUES ("05ff4b10-dd8c-4e19-9c95-345f5d3e109c",
	"f219567e-d9b0-4046-8d52-913e07a80d8b",
	'timer_start_recurring',
	'This bridge operation starts a timer set to expire in the specified number of
microseconds, generating the passed event upon expiration. Upon expiration, the
timer will be restarted and fire again in the specified number of microseconds
generating the passed event. This bridge operation returns the instance handle
of the timer.',
	1,
	"ba5eda7a-def5-0000-0000-00000000000f",
	'',
	0,
	'');
INSERT INTO S_BPARM
	VALUES ("018acfbc-cddc-4269-99e0-3ee97e629ddf",
	"05ff4b10-dd8c-4e19-9c95-345f5d3e109c",
	'microseconds',
	"ba5eda7a-def5-0000-0000-000000000002",
	0,
	'',
	"9d665631-9af8-48f4-abdc-7ba4a10307ad",
	'');
INSERT INTO S_BPARM
	VALUES ("9d665631-9af8-48f4-abdc-7ba4a10307ad",
	"05ff4b10-dd8c-4e19-9c95-345f5d3e109c",
	'event_inst',
	"ba5eda7a-def5-0000-0000-00000000000a",
	0,
	'',
	"00000000-0000-0000-0000-000000000000",
	'');
INSERT INTO S_BRG
	VALUES ("4eb83c3f-f6d4-4cfc-8813-a1c0f646aedf",
	"f219567e-d9b0-4046-8d52-913e07a80d8b",
	'timer_remaining_time',
	'Returns the time remaining (in microseconds) for the passed timer instance. If
the timer has expired, a zero value is returned.',
	1,
	"ba5eda7a-def5-0000-0000-000000000002",
	'',
	0,
	'');
INSERT INTO S_BPARM
	VALUES ("4b49b9eb-53a2-440a-80d9-95f724edef49",
	"4eb83c3f-f6d4-4cfc-8813-a1c0f646aedf",
	'timer_inst_ref',
	"ba5eda7a-def5-0000-0000-00000000000f",
	0,
	'',
	"00000000-0000-0000-0000-000000000000",
	'');
INSERT INTO S_BRG
	VALUES ("70f0f6a4-bd7b-4d73-818b-4f63757fa667",
	"f219567e-d9b0-4046-8d52-913e07a80d8b",
	'timer_reset_time',
	'This bridge operation attempts to set the passed existing timer to expire in
the specified number of microseconds. If the timer exists (that is, it has not
expired), a TRUE value is returned. If the timer no longer exists, a FALSE value
is returned.',
	1,
	"ba5eda7a-def5-0000-0000-000000000001",
	'',
	0,
	'');
INSERT INTO S_BPARM
	VALUES ("e3ed223d-b381-47e8-9e97-745aca0c8060",
	"70f0f6a4-bd7b-4d73-818b-4f63757fa667",
	'timer_inst_ref',
	"ba5eda7a-def5-0000-0000-00000000000f",
	0,
	'',
	"70076f85-922c-4a8e-aafd-c7a87d19ffc8",
	'');
INSERT INTO S_BPARM
	VALUES ("70076f85-922c-4a8e-aafd-c7a87d19ffc8",
	"70f0f6a4-bd7b-4d73-818b-4f63757fa667",
	'microseconds',
	"ba5eda7a-def5-0000-0000-000000000002",
	0,
	'',
	"00000000-0000-0000-0000-000000000000",
	'');
INSERT INTO S_BRG
	VALUES ("7ebf3eb6-48b0-41db-9b19-eb459a53b1ca",
	"f219567e-d9b0-4046-8d52-913e07a80d8b",
	'timer_add_time',
	'This bridge operation attempts to add the specified number of microseconds to a
passed existing timer. If the timer exists (that is, it has not expired), a TRUE
value is returned. If the timer no longer exists, a FALSE value is returned.',
	1,
	"ba5eda7a-def5-0000-0000-000000000001",
	'',
	0,
	'');
INSERT INTO S_BPARM
	VALUES ("5cb8158f-d756-4746-a883-c2cb14a296f8",
	"7ebf3eb6-48b0-41db-9b19-eb459a53b1ca",
	'timer_inst_ref',
	"ba5eda7a-def5-0000-0000-00000000000f",
	0,
	'',
	"d7af908f-f891-45c2-bf9e-f825df45ca13",
	'');
INSERT INTO S_BPARM
	VALUES ("d7af908f-f891-45c2-bf9e-f825df45ca13",
	"7ebf3eb6-48b0-41db-9b19-eb459a53b1ca",
	'microseconds',
	"ba5eda7a-def5-0000-0000-000000000002",
	0,
	'',
	"00000000-0000-0000-0000-000000000000",
	'');
INSERT INTO S_BRG
	VALUES ("5eaf1550-c0f3-4005-aa70-ce76a54e7b59",
	"f219567e-d9b0-4046-8d52-913e07a80d8b",
	'timer_cancel',
	'This bridge operation cancels and deletes the passed timer instance. If the 
timer exists (that is, it had not expired), a TRUE value is returned. If the
timer no longer exists, a FALSE value is returned.',
	1,
	"ba5eda7a-def5-0000-0000-000000000001",
	'',
	0,
	'');
INSERT INTO S_BPARM
	VALUES ("b194e863-2d9a-4f17-bde6-2651b4c7d93a",
	"5eaf1550-c0f3-4005-aa70-ce76a54e7b59",
	'timer_inst_ref',
	"ba5eda7a-def5-0000-0000-00000000000f",
	0,
	'',
	"00000000-0000-0000-0000-000000000000",
	'');
INSERT INTO EP_PKG
	VALUES ("83d1f9e7-250e-4a5d-ba9a-b668467be094",
	"77552e13-265a-4a67-beca-bb6af5f15d0b",
	"77552e13-265a-4a67-beca-bb6af5f15d0b",
	'System',
	'',
	0);
INSERT INTO PE_PE
	VALUES ("b87fa9df-8932-48e6-af31-9da765dda9b6",
	1,
	"83d1f9e7-250e-4a5d-ba9a-b668467be094",
	"00000000-0000-0000-0000-000000000000",
	21);
INSERT INTO CL_IC
	VALUES ("b87fa9df-8932-48e6-af31-9da765dda9b6",
	"0968771f-8553-4274-be70-86a03e4e6267",
	"00000000-0000-0000-0000-000000000000",
	"00000000-0000-0000-0000-000000000000",
	0,
	'',
	'Hotel::Library::UserComponent',
	'');
INSERT INTO CL_IIR
	VALUES ("7ef91a63-fa66-4ad8-869b-003653653ceb",
	"59710e0c-1d62-4800-a82b-b80bbaed4667",
	"b87fa9df-8932-48e6-af31-9da765dda9b6",
	"00000000-0000-0000-0000-000000000000",
	'BookingProvider',
	'');
INSERT INTO CL_IR
	VALUES ("7ef91a63-fa66-4ad8-869b-003653653ceb",
	"e2fb5911-0168-4ff7-b1e9-42edb6b302fb",
	'BookingProvider',
	'');
INSERT INTO CL_IIR
	VALUES ("d2fb95e5-75a5-4c6d-9050-f0da0f0d03ee",
	"9a341639-f7bf-4aa4-8144-2c10b6728e8f",
	"b87fa9df-8932-48e6-af31-9da765dda9b6",
	"00000000-0000-0000-0000-000000000000",
	'StaffInterface',
	'');
INSERT INTO CL_IR
	VALUES ("d2fb95e5-75a5-4c6d-9050-f0da0f0d03ee",
	"2f139914-8bb3-4d43-b77f-464abd28ccf4",
	'StaffInterface',
	'');
INSERT INTO CL_IIR
	VALUES ("9cb3dfe4-bb09-48e5-af99-d7a65751402d",
	"76f56aa8-4b72-455e-9cb5-fde86fd2a663",
	"b87fa9df-8932-48e6-af31-9da765dda9b6",
	"00000000-0000-0000-0000-000000000000",
	'CustomerInterface',
	'');
INSERT INTO CL_IR
	VALUES ("9cb3dfe4-bb09-48e5-af99-d7a65751402d",
	"5df08f2b-e197-43da-9f6a-44222c1ddd16",
	'CustomerInterface',
	'');
INSERT INTO PE_PE
	VALUES ("bbe11919-26ee-49b9-aa56-ab2e61e7277d",
	1,
	"83d1f9e7-250e-4a5d-ba9a-b668467be094",
	"00000000-0000-0000-0000-000000000000",
	21);
INSERT INTO CL_IC
	VALUES ("bbe11919-26ee-49b9-aa56-ab2e61e7277d",
	"ab2192c8-8390-4631-9e2c-fca2a1f30c08",
	"00000000-0000-0000-0000-000000000000",
	"00000000-0000-0000-0000-000000000000",
	0,
	'',
	'Hotel::Library::HotelComponent',
	'');
INSERT INTO CL_IIR
	VALUES ("dc3be18f-aacc-4934-82c7-08cdee6be792",
	"36293ad6-77b6-4c0b-a2dd-f02064f6189a",
	"bbe11919-26ee-49b9-aa56-ab2e61e7277d",
	"00000000-0000-0000-0000-000000000000",
	'BookingProvider',
	'');
INSERT INTO CL_IP
	VALUES ("dc3be18f-aacc-4934-82c7-08cdee6be792",
	'BookingProvider',
	'');
INSERT INTO CL_IPINS
	VALUES ("e2fb5911-0168-4ff7-b1e9-42edb6b302fb",
	"dc3be18f-aacc-4934-82c7-08cdee6be792");
INSERT INTO CL_IIR
	VALUES ("862fcfc8-27f6-4e42-8d82-2a77151a51a8",
	"9d173fe3-55ba-463f-a9f9-a5b42dd200a2",
	"bbe11919-26ee-49b9-aa56-ab2e61e7277d",
	"00000000-0000-0000-0000-000000000000",
	'StaffInterface',
	'');
INSERT INTO CL_IP
	VALUES ("862fcfc8-27f6-4e42-8d82-2a77151a51a8",
	'StaffInterface',
	'');
INSERT INTO CL_IPINS
	VALUES ("2f139914-8bb3-4d43-b77f-464abd28ccf4",
	"862fcfc8-27f6-4e42-8d82-2a77151a51a8");
INSERT INTO CL_IIR
	VALUES ("d2687404-1b40-4923-b60f-50052d29c8ef",
	"45f6ed17-28eb-49b4-b51e-26daf29a0cb3",
	"bbe11919-26ee-49b9-aa56-ab2e61e7277d",
	"00000000-0000-0000-0000-000000000000",
	'CustomerInterface',
	'');
INSERT INTO CL_IP
	VALUES ("d2687404-1b40-4923-b60f-50052d29c8ef",
	'CustomerInterface',
	'');
INSERT INTO CL_IPINS
	VALUES ("5df08f2b-e197-43da-9f6a-44222c1ddd16",
	"d2687404-1b40-4923-b60f-50052d29c8ef");
INSERT INTO CL_IIR
	VALUES ("8a9aa328-c849-4546-b704-8aa53c470a3d",
	"e5700c6d-f43b-47a0-ac2d-0a9428c49aaf",
	"bbe11919-26ee-49b9-aa56-ab2e61e7277d",
	"00000000-0000-0000-0000-000000000000",
	'PaymentProviderInterface',
	'');
INSERT INTO CL_IR
	VALUES ("8a9aa328-c849-4546-b704-8aa53c470a3d",
	"60546209-48da-46ef-bbd6-db955da1a0aa",
	'PaymentProviderInterface',
	'');
INSERT INTO PE_PE
	VALUES ("2efbdf33-133e-4e63-96fc-dd2955bd0db4",
	1,
	"83d1f9e7-250e-4a5d-ba9a-b668467be094",
	"00000000-0000-0000-0000-000000000000",
	21);
INSERT INTO CL_IC
	VALUES ("2efbdf33-133e-4e63-96fc-dd2955bd0db4",
	"0f3bfbca-83c2-428b-8d47-eb45632d37c5",
	"00000000-0000-0000-0000-000000000000",
	"00000000-0000-0000-0000-000000000000",
	0,
	'',
	'Hotel::Library::PaymentServiceProviderComponent',
	'');
INSERT INTO CL_IIR
	VALUES ("b2ed17e5-2a1e-4082-bfeb-e0ac5785b60a",
	"a1f6da1a-693f-4e83-8ef3-260dc932b594",
	"2efbdf33-133e-4e63-96fc-dd2955bd0db4",
	"00000000-0000-0000-0000-000000000000",
	'PaymentProviderInterface',
	'');
INSERT INTO CL_IP
	VALUES ("b2ed17e5-2a1e-4082-bfeb-e0ac5785b60a",
	'PaymentProviderInterface',
	'');
INSERT INTO CL_IPINS
	VALUES ("60546209-48da-46ef-bbd6-db955da1a0aa",
	"b2ed17e5-2a1e-4082-bfeb-e0ac5785b60a");
INSERT INTO PE_PE
	VALUES ("2f139914-8bb3-4d43-b77f-464abd28ccf4",
	1,
	"83d1f9e7-250e-4a5d-ba9a-b668467be094",
	"00000000-0000-0000-0000-000000000000",
	22);
INSERT INTO C_SF
	VALUES ("2f139914-8bb3-4d43-b77f-464abd28ccf4",
	"9a341639-f7bf-4aa4-8144-2c10b6728e8f",
	"9d173fe3-55ba-463f-a9f9-a5b42dd200a2",
	'',
	'HotelComponent::Port1::StaffInterface -o)- UserComponent::Port1::StaffInterface');
INSERT INTO PE_PE
	VALUES ("e2fb5911-0168-4ff7-b1e9-42edb6b302fb",
	1,
	"83d1f9e7-250e-4a5d-ba9a-b668467be094",
	"00000000-0000-0000-0000-000000000000",
	22);
INSERT INTO C_SF
	VALUES ("e2fb5911-0168-4ff7-b1e9-42edb6b302fb",
	"59710e0c-1d62-4800-a82b-b80bbaed4667",
	"36293ad6-77b6-4c0b-a2dd-f02064f6189a",
	'',
	'HotelComponent::UserInterface::BookingProvider -o)- UserComponent::UserInterface::BookingProvider');
INSERT INTO PE_PE
	VALUES ("5df08f2b-e197-43da-9f6a-44222c1ddd16",
	1,
	"83d1f9e7-250e-4a5d-ba9a-b668467be094",
	"00000000-0000-0000-0000-000000000000",
	22);
INSERT INTO C_SF
	VALUES ("5df08f2b-e197-43da-9f6a-44222c1ddd16",
	"76f56aa8-4b72-455e-9cb5-fde86fd2a663",
	"45f6ed17-28eb-49b4-b51e-26daf29a0cb3",
	'',
	'HotelComponent::Port2::CustomerInterface -o)- UserComponent::Port2::CustomerInterface');
INSERT INTO PE_PE
	VALUES ("60546209-48da-46ef-bbd6-db955da1a0aa",
	1,
	"83d1f9e7-250e-4a5d-ba9a-b668467be094",
	"00000000-0000-0000-0000-000000000000",
	22);
INSERT INTO C_SF
	VALUES ("60546209-48da-46ef-bbd6-db955da1a0aa",
	"e5700c6d-f43b-47a0-ac2d-0a9428c49aaf",
	"a1f6da1a-693f-4e83-8ef3-260dc932b594",
	'',
	'PaymentServiceProviderComponent::Port1::PaymentProviderInterface -o)- HotelComponent::Port3::PaymentProviderInterface');
INSERT INTO PE_PE
	VALUES ("ba5eda7a-def5-0000-0000-000000000000",
	1,
	"00000000-0000-0000-0000-000000000000",
	"00000000-0000-0000-0000-000000000000",
	3);
INSERT INTO S_DT
	VALUES ("ba5eda7a-def5-0000-0000-000000000000",
	"00000000-0000-0000-0000-000000000000",
	'void',
	'',
	'');
INSERT INTO S_CDT
	VALUES ("ba5eda7a-def5-0000-0000-000000000000",
	0);
INSERT INTO PE_PE
	VALUES ("ba5eda7a-def5-0000-0000-000000000001",
	1,
	"00000000-0000-0000-0000-000000000000",
	"00000000-0000-0000-0000-000000000000",
	3);
INSERT INTO S_DT
	VALUES ("ba5eda7a-def5-0000-0000-000000000001",
	"00000000-0000-0000-0000-000000000000",
	'boolean',
	'',
	'');
INSERT INTO S_CDT
	VALUES ("ba5eda7a-def5-0000-0000-000000000001",
	1);
INSERT INTO PE_PE
	VALUES ("ba5eda7a-def5-0000-0000-000000000002",
	1,
	"00000000-0000-0000-0000-000000000000",
	"00000000-0000-0000-0000-000000000000",
	3);
INSERT INTO S_DT
	VALUES ("ba5eda7a-def5-0000-0000-000000000002",
	"00000000-0000-0000-0000-000000000000",
	'integer',
	'',
	'');
INSERT INTO S_CDT
	VALUES ("ba5eda7a-def5-0000-0000-000000000002",
	2);
INSERT INTO PE_PE
	VALUES ("ba5eda7a-def5-0000-0000-000000000003",
	1,
	"00000000-0000-0000-0000-000000000000",
	"00000000-0000-0000-0000-000000000000",
	3);
INSERT INTO S_DT
	VALUES ("ba5eda7a-def5-0000-0000-000000000003",
	"00000000-0000-0000-0000-000000000000",
	'real',
	'',
	'');
INSERT INTO S_CDT
	VALUES ("ba5eda7a-def5-0000-0000-000000000003",
	3);
INSERT INTO PE_PE
	VALUES ("ba5eda7a-def5-0000-0000-000000000004",
	1,
	"00000000-0000-0000-0000-000000000000",
	"00000000-0000-0000-0000-000000000000",
	3);
INSERT INTO S_DT
	VALUES ("ba5eda7a-def5-0000-0000-000000000004",
	"00000000-0000-0000-0000-000000000000",
	'string',
	'',
	'');
INSERT INTO S_CDT
	VALUES ("ba5eda7a-def5-0000-0000-000000000004",
	4);
INSERT INTO PE_PE
	VALUES ("ba5eda7a-def5-0000-0000-000000000005",
	1,
	"00000000-0000-0000-0000-000000000000",
	"00000000-0000-0000-0000-000000000000",
	3);
INSERT INTO S_DT
	VALUES ("ba5eda7a-def5-0000-0000-000000000005",
	"00000000-0000-0000-0000-000000000000",
	'unique_id',
	'',
	'');
INSERT INTO S_CDT
	VALUES ("ba5eda7a-def5-0000-0000-000000000005",
	5);
INSERT INTO PE_PE
	VALUES ("ba5eda7a-def5-0000-0000-000000000006",
	1,
	"00000000-0000-0000-0000-000000000000",
	"00000000-0000-0000-0000-000000000000",
	3);
INSERT INTO S_DT
	VALUES ("ba5eda7a-def5-0000-0000-000000000006",
	"00000000-0000-0000-0000-000000000000",
	'state<State_Model>',
	'',
	'');
INSERT INTO S_CDT
	VALUES ("ba5eda7a-def5-0000-0000-000000000006",
	6);
INSERT INTO PE_PE
	VALUES ("ba5eda7a-def5-0000-0000-000000000007",
	1,
	"00000000-0000-0000-0000-000000000000",
	"00000000-0000-0000-0000-000000000000",
	3);
INSERT INTO S_DT
	VALUES ("ba5eda7a-def5-0000-0000-000000000007",
	"00000000-0000-0000-0000-000000000000",
	'same_as<Base_Attribute>',
	'',
	'');
INSERT INTO S_CDT
	VALUES ("ba5eda7a-def5-0000-0000-000000000007",
	7);
INSERT INTO PE_PE
	VALUES ("ba5eda7a-def5-0000-0000-000000000008",
	1,
	"00000000-0000-0000-0000-000000000000",
	"00000000-0000-0000-0000-000000000000",
	3);
INSERT INTO S_DT
	VALUES ("ba5eda7a-def5-0000-0000-000000000008",
	"00000000-0000-0000-0000-000000000000",
	'inst_ref<Object>',
	'',
	'');
INSERT INTO S_CDT
	VALUES ("ba5eda7a-def5-0000-0000-000000000008",
	8);
INSERT INTO PE_PE
	VALUES ("ba5eda7a-def5-0000-0000-000000000009",
	1,
	"00000000-0000-0000-0000-000000000000",
	"00000000-0000-0000-0000-000000000000",
	3);
INSERT INTO S_DT
	VALUES ("ba5eda7a-def5-0000-0000-000000000009",
	"00000000-0000-0000-0000-000000000000",
	'inst_ref_set<Object>',
	'',
	'');
INSERT INTO S_CDT
	VALUES ("ba5eda7a-def5-0000-0000-000000000009",
	9);
INSERT INTO PE_PE
	VALUES ("ba5eda7a-def5-0000-0000-00000000000a",
	1,
	"00000000-0000-0000-0000-000000000000",
	"00000000-0000-0000-0000-000000000000",
	3);
INSERT INTO S_DT
	VALUES ("ba5eda7a-def5-0000-0000-00000000000a",
	"00000000-0000-0000-0000-000000000000",
	'inst<Event>',
	'',
	'');
INSERT INTO S_CDT
	VALUES ("ba5eda7a-def5-0000-0000-00000000000a",
	10);
INSERT INTO PE_PE
	VALUES ("ba5eda7a-def5-0000-0000-00000000000b",
	1,
	"00000000-0000-0000-0000-000000000000",
	"00000000-0000-0000-0000-000000000000",
	3);
INSERT INTO S_DT
	VALUES ("ba5eda7a-def5-0000-0000-00000000000b",
	"00000000-0000-0000-0000-000000000000",
	'inst<Mapping>',
	'',
	'');
INSERT INTO S_CDT
	VALUES ("ba5eda7a-def5-0000-0000-00000000000b",
	11);
INSERT INTO PE_PE
	VALUES ("ba5eda7a-def5-0000-0000-00000000000c",
	1,
	"00000000-0000-0000-0000-000000000000",
	"00000000-0000-0000-0000-000000000000",
	3);
INSERT INTO S_DT
	VALUES ("ba5eda7a-def5-0000-0000-00000000000c",
	"00000000-0000-0000-0000-000000000000",
	'inst_ref<Mapping>',
	'',
	'');
INSERT INTO S_CDT
	VALUES ("ba5eda7a-def5-0000-0000-00000000000c",
	12);
INSERT INTO PE_PE
	VALUES ("ba5eda7a-def5-0000-0000-00000000000d",
	1,
	"00000000-0000-0000-0000-000000000000",
	"00000000-0000-0000-0000-000000000000",
	3);
INSERT INTO S_DT
	VALUES ("ba5eda7a-def5-0000-0000-00000000000d",
	"00000000-0000-0000-0000-000000000000",
	'component_ref',
	'',
	'');
INSERT INTO S_CDT
	VALUES ("ba5eda7a-def5-0000-0000-00000000000d",
	13);
INSERT INTO PE_PE
	VALUES ("ba5eda7a-def5-0000-0000-00000000000e",
	1,
	"00000000-0000-0000-0000-000000000000",
	"00000000-0000-0000-0000-000000000000",
	3);
INSERT INTO S_DT
	VALUES ("ba5eda7a-def5-0000-0000-00000000000e",
	"00000000-0000-0000-0000-000000000000",
	'date',
	'',
	'');
INSERT INTO S_UDT
	VALUES ("ba5eda7a-def5-0000-0000-00000000000e",
	"ba5eda7a-def5-0000-0000-00000000000b",
	1);
INSERT INTO PE_PE
	VALUES ("ba5eda7a-def5-0000-0000-00000000000f",
	1,
	"00000000-0000-0000-0000-000000000000",
	"00000000-0000-0000-0000-000000000000",
	3);
INSERT INTO S_DT
	VALUES ("ba5eda7a-def5-0000-0000-00000000000f",
	"00000000-0000-0000-0000-000000000000",
	'inst_ref<Timer>',
	'',
	'');
INSERT INTO S_UDT
	VALUES ("ba5eda7a-def5-0000-0000-00000000000f",
	"ba5eda7a-def5-0000-0000-00000000000c",
	3);
INSERT INTO PE_PE
	VALUES ("ba5eda7a-def5-0000-0000-000000000010",
	1,
	"00000000-0000-0000-0000-000000000000",
	"00000000-0000-0000-0000-000000000000",
	3);
INSERT INTO S_DT
	VALUES ("ba5eda7a-def5-0000-0000-000000000010",
	"00000000-0000-0000-0000-000000000000",
	'timestamp',
	'',
	'');
INSERT INTO S_UDT
	VALUES ("ba5eda7a-def5-0000-0000-000000000010",
	"ba5eda7a-def5-0000-0000-00000000000b",
	2);
