-- root-types-contained: SystemModel_c,PackageableElement_c,DataType_c,CoreDataType_c,UserDataType_c
-- BP 7.1 content: StreamData syschar: 3 persistence-version: 7.1.6

INSERT INTO S_SYS
	VALUES ("77552e13-265a-4a67-beca-bb6af5f15d0b",
	'Hotel',
	1);
INSERT INTO EP_PKG
	VALUES ("08644b1f-a992-4e52-8ec3-1f5eff4dec19",
	"77552e13-265a-4a67-beca-bb6af5f15d0b",
	"77552e13-265a-4a67-beca-bb6af5f15d0b",
	'Library',
	'',
	0);
INSERT INTO PE_PE
	VALUES ("ab2192c8-8390-4631-9e2c-fca2a1f30c08",
	1,
	"08644b1f-a992-4e52-8ec3-1f5eff4dec19",
	"00000000-0000-0000-0000-000000000000",
	2);
INSERT INTO C_C
	VALUES ("ab2192c8-8390-4631-9e2c-fca2a1f30c08",
	"00000000-0000-0000-0000-000000000000",
	"00000000-0000-0000-0000-000000000000",
	'HotelComponent',
	'',
	0,
	"00000000-0000-0000-0000-000000000000",
	0,
	'');
INSERT INTO C_PO
	VALUES ("54eb899f-f23f-4a84-8403-f0454a9283e7",
	"ab2192c8-8390-4631-9e2c-fca2a1f30c08",
	'UserInterface',
	0,
	0);
INSERT INTO C_IR
	VALUES ("36293ad6-77b6-4c0b-a2dd-f02064f6189a",
	"708e7060-3f4e-41ab-94ce-7b712ad36251",
	"00000000-0000-0000-0000-000000000000",
	"54eb899f-f23f-4a84-8403-f0454a9283e7");
INSERT INTO C_P
	VALUES ("36293ad6-77b6-4c0b-a2dd-f02064f6189a",
	'BookingProvider',
	'Unnamed Interface',
	'',
	'HotelComponent::UserInterface::BookingProvider');
INSERT INTO SPR_PEP
	VALUES ("ad67a789-a0d9-4e09-8c1b-cc137ff39554",
	"8500002a-94f3-4a61-bfa8-32f8fd7d89b4",
	"36293ad6-77b6-4c0b-a2dd-f02064f6189a");
INSERT INTO SPR_PS
	VALUES ("ad67a789-a0d9-4e09-8c1b-cc137ff39554",
	'requestAvailableBookables',
	'',
	'select any session from instances of BOOKINGSESSION where (selected.ID == param.sessionID);

if (not_empty session)
	result = session.search(fromDate: param.fromDate, 
							toDate: param.toDate,
							facilityType: param.facilityType);
	if(empty result)
		send BookingProvider::errorSignal(message: "No rooms found");
	end if;
							
	for each ft in result		
		select one b related by ft->BOOKABLE[R2];
		send BookingProvider::available(id: ft.id , 
										price: b.price , 
										description: b.description,
										aproximateArea: ft.approximateArea,
										independent: false);
	end for;
else
	send BookingProvider::errorSignal(message: "Session not found");
end if;',
	1);
INSERT INTO ACT_PSB
	VALUES ("3ebd2021-35f6-4b87-8514-eaae0ddc1cc4",
	"ad67a789-a0d9-4e09-8c1b-cc137ff39554");
INSERT INTO ACT_ACT
	VALUES ("3ebd2021-35f6-4b87-8514-eaae0ddc1cc4",
	'signal',
	0,
	"b3962c6c-a7c6-4355-a189-e5a82649f213",
	"00000000-0000-0000-0000-000000000000",
	0,
	'UserInterface::BookingProvider::requestAvailableBookables',
	"00000000-0000-0000-0000-000000000000");
INSERT INTO ACT_BLK
	VALUES ("b3962c6c-a7c6-4355-a189-e5a82649f213",
	1,
	0,
	1,
	'',
	'',
	'',
	19,
	1,
	1,
	38,
	0,
	0,
	0,
	0,
	0,
	0,
	0,
	0,
	0,
	"3ebd2021-35f6-4b87-8514-eaae0ddc1cc4",
	"00000000-0000-0000-0000-000000000000");
INSERT INTO ACT_SMT
	VALUES ("bca6f7c1-6eb2-4da7-b39e-8c0d8f14b13e",
	"b3962c6c-a7c6-4355-a189-e5a82649f213",
	"ae78b73e-bc2d-461b-afb5-847d4d8076cc",
	1,
	1,
	'UserInterface::BookingProvider::requestAvailableBookables line: 1');
INSERT INTO ACT_FIW
	VALUES ("bca6f7c1-6eb2-4da7-b39e-8c0d8f14b13e",
	"a32c8be9-22c9-413e-8a73-39d2722b55b7",
	1,
	'any',
	"a70e620b-c906-4f79-a0a7-2ea7a1dbd6cb",
	"7137c09d-ba0e-406b-b3b5-76bb3cc48f3d",
	1,
	38);
INSERT INTO ACT_SMT
	VALUES ("ae78b73e-bc2d-461b-afb5-847d4d8076cc",
	"b3962c6c-a7c6-4355-a189-e5a82649f213",
	"00000000-0000-0000-0000-000000000000",
	3,
	1,
	'UserInterface::BookingProvider::requestAvailableBookables line: 3');
INSERT INTO ACT_IF
	VALUES ("ae78b73e-bc2d-461b-afb5-847d4d8076cc",
	"11e13f7e-1ccf-4403-b2fe-1af8b4c604f0",
	"9c8e8267-bfd6-4117-b729-af081480dd97",
	"00000000-0000-0000-0000-000000000000",
	"00000000-0000-0000-0000-000000000000");
INSERT INTO ACT_SMT
	VALUES ("45c7756a-95c0-4245-a806-d15867f9b76f",
	"b3962c6c-a7c6-4355-a189-e5a82649f213",
	"00000000-0000-0000-0000-000000000000",
	19,
	1,
	'UserInterface::BookingProvider::requestAvailableBookables line: 19');
INSERT INTO ACT_E
	VALUES ("45c7756a-95c0-4245-a806-d15867f9b76f",
	"c4a4bfcd-50fa-419d-ac21-f727c323f9ce",
	"ae78b73e-bc2d-461b-afb5-847d4d8076cc");
INSERT INTO V_VAL
	VALUES ("389ed740-83e5-44dd-86fb-a9b96cad3826",
	0,
	0,
	1,
	60,
	-1,
	0,
	0,
	0,
	0,
	"ba5eda7a-def5-0000-0000-000000000008",
	"b3962c6c-a7c6-4355-a189-e5a82649f213");
INSERT INTO V_SLR
	VALUES ("389ed740-83e5-44dd-86fb-a9b96cad3826",
	"00000000-0000-0000-0000-000000000000",
	"00000000-0000-0000-0000-000000000000",
	"00000000-0000-0000-0000-000000000000");
INSERT INTO V_VAL
	VALUES ("cf6fc7f6-3428-4e9d-8bb6-c577142f2d2c",
	0,
	0,
	1,
	69,
	70,
	0,
	0,
	0,
	0,
	"ba5eda7a-def5-0000-0000-000000000005",
	"b3962c6c-a7c6-4355-a189-e5a82649f213");
INSERT INTO V_AVL
	VALUES ("cf6fc7f6-3428-4e9d-8bb6-c577142f2d2c",
	"389ed740-83e5-44dd-86fb-a9b96cad3826",
	"7137c09d-ba0e-406b-b3b5-76bb3cc48f3d",
	"df46d3b5-7060-4611-8908-d535d035865a");
INSERT INTO V_VAL
	VALUES ("a70e620b-c906-4f79-a0a7-2ea7a1dbd6cb",
	0,
	0,
	-1,
	-1,
	-1,
	0,
	0,
	0,
	0,
	"ba5eda7a-def5-0000-0000-000000000001",
	"b3962c6c-a7c6-4355-a189-e5a82649f213");
INSERT INTO V_BIN
	VALUES ("a70e620b-c906-4f79-a0a7-2ea7a1dbd6cb",
	"a039340d-b59d-402e-9948-025343931043",
	"cf6fc7f6-3428-4e9d-8bb6-c577142f2d2c",
	'==');
INSERT INTO V_VAL
	VALUES ("a039340d-b59d-402e-9948-025343931043",
	0,
	0,
	1,
	81,
	89,
	0,
	0,
	0,
	0,
	"ba5eda7a-def5-0000-0000-000000000005",
	"b3962c6c-a7c6-4355-a189-e5a82649f213");
INSERT INTO V_PVL
	VALUES ("a039340d-b59d-402e-9948-025343931043",
	"00000000-0000-0000-0000-000000000000",
	"00000000-0000-0000-0000-000000000000",
	"00000000-0000-0000-0000-000000000000",
	"440d61eb-481a-4ea0-b89c-0bc624d141a3");
INSERT INTO V_VAL
	VALUES ("8829fed3-4d71-4e8e-a212-de0af6ed9aed",
	0,
	0,
	3,
	15,
	21,
	0,
	0,
	0,
	0,
	"ba5eda7a-def5-0000-0000-000000000008",
	"b3962c6c-a7c6-4355-a189-e5a82649f213");
INSERT INTO V_IRF
	VALUES ("8829fed3-4d71-4e8e-a212-de0af6ed9aed",
	"a32c8be9-22c9-413e-8a73-39d2722b55b7");
INSERT INTO V_VAL
	VALUES ("9c8e8267-bfd6-4117-b729-af081480dd97",
	0,
	0,
	-1,
	-1,
	-1,
	0,
	0,
	0,
	0,
	"ba5eda7a-def5-0000-0000-000000000001",
	"b3962c6c-a7c6-4355-a189-e5a82649f213");
INSERT INTO V_UNY
	VALUES ("9c8e8267-bfd6-4117-b729-af081480dd97",
	"8829fed3-4d71-4e8e-a212-de0af6ed9aed",
	'not_empty');
INSERT INTO V_VAR
	VALUES ("a32c8be9-22c9-413e-8a73-39d2722b55b7",
	"b3962c6c-a7c6-4355-a189-e5a82649f213",
	'session',
	1,
	"ba5eda7a-def5-0000-0000-000000000008");
INSERT INTO V_INT
	VALUES ("a32c8be9-22c9-413e-8a73-39d2722b55b7",
	0,
	"7137c09d-ba0e-406b-b3b5-76bb3cc48f3d");
INSERT INTO V_LOC
	VALUES ("5a62a8c3-0d6e-4a69-8547-ae34a91abf2e",
	1,
	12,
	18,
	"a32c8be9-22c9-413e-8a73-39d2722b55b7");
INSERT INTO V_LOC
	VALUES ("8cab3f40-b35d-41de-99a3-595580be1921",
	4,
	11,
	17,
	"a32c8be9-22c9-413e-8a73-39d2722b55b7");
INSERT INTO ACT_BLK
	VALUES ("11e13f7e-1ccf-4403-b2fe-1af8b4c604f0",
	0,
	0,
	0,
	'',
	'',
	'',
	11,
	2,
	0,
	0,
	0,
	0,
	0,
	0,
	0,
	0,
	0,
	0,
	0,
	"3ebd2021-35f6-4b87-8514-eaae0ddc1cc4",
	"00000000-0000-0000-0000-000000000000");
INSERT INTO ACT_SMT
	VALUES ("e0f5464e-97d0-465e-81a8-9da265bb0e1a",
	"11e13f7e-1ccf-4403-b2fe-1af8b4c604f0",
	"be3eaa27-a273-4e7b-acc6-1c08ef1409ce",
	4,
	2,
	'UserInterface::BookingProvider::requestAvailableBookables line: 4');
INSERT INTO ACT_AI
	VALUES ("e0f5464e-97d0-465e-81a8-9da265bb0e1a",
	"c799d110-6cc1-407d-8a5e-e7d5ab6530dd",
	"78026ec7-44f9-4657-93a6-7502d798f5b7",
	0,
	0);
INSERT INTO ACT_SMT
	VALUES ("be3eaa27-a273-4e7b-acc6-1c08ef1409ce",
	"11e13f7e-1ccf-4403-b2fe-1af8b4c604f0",
	"f981837e-b4f1-4b06-8277-96b4719a138c",
	7,
	2,
	'UserInterface::BookingProvider::requestAvailableBookables line: 7');
INSERT INTO ACT_IF
	VALUES ("be3eaa27-a273-4e7b-acc6-1c08ef1409ce",
	"4ad23991-9246-409c-8675-8eda51b410f6",
	"dd0c3e1d-e536-44fd-82c9-d864c0609957",
	"00000000-0000-0000-0000-000000000000",
	"00000000-0000-0000-0000-000000000000");
INSERT INTO ACT_SMT
	VALUES ("f981837e-b4f1-4b06-8277-96b4719a138c",
	"11e13f7e-1ccf-4403-b2fe-1af8b4c604f0",
	"00000000-0000-0000-0000-000000000000",
	11,
	2,
	'UserInterface::BookingProvider::requestAvailableBookables line: 11');
INSERT INTO ACT_FOR
	VALUES ("f981837e-b4f1-4b06-8277-96b4719a138c",
	"adce8db7-3ae2-4934-a7ff-ba9ef4214df2",
	1,
	"25960919-0028-4a15-8779-15e47f95fde6",
	"2819235a-15ce-4197-9aa0-befd0feddd42",
	"bafdc953-1881-43a3-a5f1-9dcc7e2d60c3");
INSERT INTO V_VAL
	VALUES ("78026ec7-44f9-4657-93a6-7502d798f5b7",
	1,
	1,
	4,
	2,
	7,
	0,
	0,
	0,
	0,
	"ebb6007c-c361-40c7-ad5b-5b07d6a01d41",
	"11e13f7e-1ccf-4403-b2fe-1af8b4c604f0");
INSERT INTO V_ISR
	VALUES ("78026ec7-44f9-4657-93a6-7502d798f5b7",
	"2819235a-15ce-4197-9aa0-befd0feddd42");
INSERT INTO V_VAL
	VALUES ("c799d110-6cc1-407d-8a5e-e7d5ab6530dd",
	0,
	0,
	4,
	19,
	-1,
	4,
	26,
	6,
	8,
	"ebb6007c-c361-40c7-ad5b-5b07d6a01d41",
	"11e13f7e-1ccf-4403-b2fe-1af8b4c604f0");
INSERT INTO V_TRV
	VALUES ("c799d110-6cc1-407d-8a5e-e7d5ab6530dd",
	"ad7ec6a1-0909-48cc-8bb1-e07002fbff5e",
	"a32c8be9-22c9-413e-8a73-39d2722b55b7",
	1,
	0,
	0);
INSERT INTO V_VAL
	VALUES ("8edbc927-ccc3-4e6f-b72f-31c3f1fdf2cb",
	0,
	0,
	4,
	42,
	49,
	0,
	0,
	0,
	0,
	"ba5eda7a-def5-0000-0000-000000000010",
	"11e13f7e-1ccf-4403-b2fe-1af8b4c604f0");
INSERT INTO V_PVL
	VALUES ("8edbc927-ccc3-4e6f-b72f-31c3f1fdf2cb",
	"00000000-0000-0000-0000-000000000000",
	"00000000-0000-0000-0000-000000000000",
	"00000000-0000-0000-0000-000000000000",
	"bb7fca6d-dbf4-4e65-bf71-bad1b55fe0c7");
INSERT INTO V_PAR
	VALUES ("8edbc927-ccc3-4e6f-b72f-31c3f1fdf2cb",
	"00000000-0000-0000-0000-000000000000",
	"c799d110-6cc1-407d-8a5e-e7d5ab6530dd",
	'fromDate',
	"93b3d9be-b619-4678-9f74-1608eb42b551",
	4,
	26);
INSERT INTO V_VAL
	VALUES ("93b3d9be-b619-4678-9f74-1608eb42b551",
	0,
	0,
	5,
	22,
	27,
	0,
	0,
	0,
	0,
	"ba5eda7a-def5-0000-0000-000000000010",
	"11e13f7e-1ccf-4403-b2fe-1af8b4c604f0");
INSERT INTO V_PVL
	VALUES ("93b3d9be-b619-4678-9f74-1608eb42b551",
	"00000000-0000-0000-0000-000000000000",
	"00000000-0000-0000-0000-000000000000",
	"00000000-0000-0000-0000-000000000000",
	"5b1beab7-9ad5-43f6-84fb-0e6f38b599d5");
INSERT INTO V_PAR
	VALUES ("93b3d9be-b619-4678-9f74-1608eb42b551",
	"00000000-0000-0000-0000-000000000000",
	"c799d110-6cc1-407d-8a5e-e7d5ab6530dd",
	'toDate',
	"b68ff60d-5c68-4e98-b93f-2fbc887cd308",
	5,
	8);
INSERT INTO V_VAL
	VALUES ("b68ff60d-5c68-4e98-b93f-2fbc887cd308",
	0,
	0,
	6,
	28,
	39,
	0,
	0,
	0,
	0,
	"ba5eda7a-def5-0000-0000-000000000002",
	"11e13f7e-1ccf-4403-b2fe-1af8b4c604f0");
INSERT INTO V_PVL
	VALUES ("b68ff60d-5c68-4e98-b93f-2fbc887cd308",
	"00000000-0000-0000-0000-000000000000",
	"00000000-0000-0000-0000-000000000000",
	"00000000-0000-0000-0000-000000000000",
	"904a3139-6502-47f8-a585-1b805644ae21");
INSERT INTO V_PAR
	VALUES ("b68ff60d-5c68-4e98-b93f-2fbc887cd308",
	"00000000-0000-0000-0000-000000000000",
	"c799d110-6cc1-407d-8a5e-e7d5ab6530dd",
	'facilityType',
	"00000000-0000-0000-0000-000000000000",
	6,
	8);
INSERT INTO V_VAL
	VALUES ("be35b158-463d-4346-a969-f075afcd59b3",
	0,
	0,
	7,
	11,
	16,
	0,
	0,
	0,
	0,
	"ebb6007c-c361-40c7-ad5b-5b07d6a01d41",
	"11e13f7e-1ccf-4403-b2fe-1af8b4c604f0");
INSERT INTO V_ISR
	VALUES ("be35b158-463d-4346-a969-f075afcd59b3",
	"2819235a-15ce-4197-9aa0-befd0feddd42");
INSERT INTO V_VAL
	VALUES ("dd0c3e1d-e536-44fd-82c9-d864c0609957",
	0,
	0,
	-1,
	-1,
	-1,
	0,
	0,
	0,
	0,
	"ba5eda7a-def5-0000-0000-000000000001",
	"11e13f7e-1ccf-4403-b2fe-1af8b4c604f0");
INSERT INTO V_UNY
	VALUES ("dd0c3e1d-e536-44fd-82c9-d864c0609957",
	"be35b158-463d-4346-a969-f075afcd59b3",
	'empty');
INSERT INTO V_VAR
	VALUES ("2819235a-15ce-4197-9aa0-befd0feddd42",
	"11e13f7e-1ccf-4403-b2fe-1af8b4c604f0",
	'result',
	1,
	"ebb6007c-c361-40c7-ad5b-5b07d6a01d41");
INSERT INTO V_INS
	VALUES ("2819235a-15ce-4197-9aa0-befd0feddd42",
	"bafdc953-1881-43a3-a5f1-9dcc7e2d60c3");
INSERT INTO V_LOC
	VALUES ("05ccded9-db25-4d09-8352-62378073091d",
	4,
	2,
	7,
	"2819235a-15ce-4197-9aa0-befd0feddd42");
INSERT INTO V_LOC
	VALUES ("a25b5c95-051b-4e82-aeb0-2d1ee8a3fb6e",
	11,
	17,
	22,
	"2819235a-15ce-4197-9aa0-befd0feddd42");
INSERT INTO V_VAR
	VALUES ("25960919-0028-4a15-8779-15e47f95fde6",
	"11e13f7e-1ccf-4403-b2fe-1af8b4c604f0",
	'ft',
	1,
	"99dc6d1a-909c-4bcb-a5b6-04d65b974e90");
INSERT INTO V_INT
	VALUES ("25960919-0028-4a15-8779-15e47f95fde6",
	1,
	"bafdc953-1881-43a3-a5f1-9dcc7e2d60c3");
INSERT INTO V_LOC
	VALUES ("cc96672b-fd88-4c31-bace-e32ff8abf87b",
	11,
	11,
	12,
	"25960919-0028-4a15-8779-15e47f95fde6");
INSERT INTO V_LOC
	VALUES ("49c9b446-c3e4-4106-a76b-68b19d4facb8",
	13,
	39,
	40,
	"25960919-0028-4a15-8779-15e47f95fde6");
INSERT INTO V_LOC
	VALUES ("cc0ea944-bf5e-4f01-bd0d-101f7fbe2ad1",
	16,
	27,
	28,
	"25960919-0028-4a15-8779-15e47f95fde6");
INSERT INTO ACT_BLK
	VALUES ("4ad23991-9246-409c-8675-8eda51b410f6",
	0,
	0,
	0,
	'BookingProvider',
	'',
	'',
	8,
	3,
	8,
	8,
	0,
	0,
	0,
	0,
	0,
	0,
	0,
	0,
	0,
	"3ebd2021-35f6-4b87-8514-eaae0ddc1cc4",
	"00000000-0000-0000-0000-000000000000");
INSERT INTO ACT_SMT
	VALUES ("d724627d-108c-4586-9759-e5a9fb948241",
	"4ad23991-9246-409c-8675-8eda51b410f6",
	"00000000-0000-0000-0000-000000000000",
	8,
	3,
	'UserInterface::BookingProvider::requestAvailableBookables line: 8');
INSERT INTO ACT_SGN
	VALUES ("d724627d-108c-4586-9759-e5a9fb948241",
	8,
	25,
	8,
	8,
	"6752f1fb-4d87-4e38-a4d2-a76b30240df9",
	"00000000-0000-0000-0000-000000000000",
	"00000000-0000-0000-0000-000000000000");
INSERT INTO V_VAL
	VALUES ("5e7d93b6-f818-4ea9-85d2-d20842150bc2",
	0,
	0,
	8,
	46,
	60,
	0,
	0,
	0,
	0,
	"ba5eda7a-def5-0000-0000-000000000004",
	"4ad23991-9246-409c-8675-8eda51b410f6");
INSERT INTO V_LST
	VALUES ("5e7d93b6-f818-4ea9-85d2-d20842150bc2",
	'No rooms found');
INSERT INTO V_PAR
	VALUES ("5e7d93b6-f818-4ea9-85d2-d20842150bc2",
	"d724627d-108c-4586-9759-e5a9fb948241",
	"00000000-0000-0000-0000-000000000000",
	'message',
	"00000000-0000-0000-0000-000000000000",
	8,
	37);
INSERT INTO ACT_BLK
	VALUES ("adce8db7-3ae2-4934-a7ff-ba9ef4214df2",
	1,
	0,
	0,
	'BookingProvider',
	'',
	'',
	13,
	3,
	13,
	8,
	0,
	0,
	12,
	40,
	0,
	0,
	0,
	0,
	0,
	"3ebd2021-35f6-4b87-8514-eaae0ddc1cc4",
	"00000000-0000-0000-0000-000000000000");
INSERT INTO ACT_SMT
	VALUES ("68b75e2d-a632-4eb7-9e69-d5cedcdda834",
	"adce8db7-3ae2-4934-a7ff-ba9ef4214df2",
	"2739c291-77fe-4a60-bca0-38a81538d119",
	12,
	3,
	'UserInterface::BookingProvider::requestAvailableBookables line: 12');
INSERT INTO ACT_SEL
	VALUES ("68b75e2d-a632-4eb7-9e69-d5cedcdda834",
	"65f45a2e-3eda-47e1-9c81-f25234df5088",
	1,
	'one',
	"8be7b88e-43a4-4ab4-8317-1f31ef1794e5");
INSERT INTO ACT_SR
	VALUES ("68b75e2d-a632-4eb7-9e69-d5cedcdda834");
INSERT INTO ACT_LNK
	VALUES ("078899b0-e95a-4ffa-b4b3-ac7686c39b99",
	'',
	"68b75e2d-a632-4eb7-9e69-d5cedcdda834",
	"655f93cd-124d-4c1c-8fee-9a2f5468ffe1",
	"00000000-0000-0000-0000-000000000000",
	2,
	"803702ba-1594-4405-b96a-8c76b6ef1c69",
	12,
	31,
	12,
	40,
	0,
	0);
INSERT INTO ACT_SMT
	VALUES ("2739c291-77fe-4a60-bca0-38a81538d119",
	"adce8db7-3ae2-4934-a7ff-ba9ef4214df2",
	"00000000-0000-0000-0000-000000000000",
	13,
	3,
	'UserInterface::BookingProvider::requestAvailableBookables line: 13');
INSERT INTO ACT_SGN
	VALUES ("2739c291-77fe-4a60-bca0-38a81538d119",
	13,
	25,
	13,
	8,
	"bd3fdb96-1c93-414b-9f1d-6b837b25374d",
	"00000000-0000-0000-0000-000000000000",
	"00000000-0000-0000-0000-000000000000");
INSERT INTO V_VAL
	VALUES ("8be7b88e-43a4-4ab4-8317-1f31ef1794e5",
	0,
	0,
	12,
	27,
	28,
	0,
	0,
	0,
	0,
	"99dc6d1a-909c-4bcb-a5b6-04d65b974e90",
	"adce8db7-3ae2-4934-a7ff-ba9ef4214df2");
INSERT INTO V_IRF
	VALUES ("8be7b88e-43a4-4ab4-8317-1f31ef1794e5",
	"25960919-0028-4a15-8779-15e47f95fde6");
INSERT INTO V_VAL
	VALUES ("f53f1e72-3914-4cff-a276-62ed2af7019f",
	0,
	0,
	13,
	39,
	40,
	0,
	0,
	0,
	0,
	"99dc6d1a-909c-4bcb-a5b6-04d65b974e90",
	"adce8db7-3ae2-4934-a7ff-ba9ef4214df2");
INSERT INTO V_IRF
	VALUES ("f53f1e72-3914-4cff-a276-62ed2af7019f",
	"25960919-0028-4a15-8779-15e47f95fde6");
INSERT INTO V_VAL
	VALUES ("0205e4be-033a-4056-8c6c-55a682ebc563",
	0,
	0,
	13,
	42,
	43,
	0,
	0,
	0,
	0,
	"ba5eda7a-def5-0000-0000-000000000005",
	"adce8db7-3ae2-4934-a7ff-ba9ef4214df2");
INSERT INTO V_AVL
	VALUES ("0205e4be-033a-4056-8c6c-55a682ebc563",
	"f53f1e72-3914-4cff-a276-62ed2af7019f",
	"bafdc953-1881-43a3-a5f1-9dcc7e2d60c3",
	"c7050232-2f33-4247-8fc7-4866e3c7280d");
INSERT INTO V_PAR
	VALUES ("0205e4be-033a-4056-8c6c-55a682ebc563",
	"2739c291-77fe-4a60-bca0-38a81538d119",
	"00000000-0000-0000-0000-000000000000",
	'id',
	"7addf4fb-6eb2-4f4f-93ea-23933de6da64",
	13,
	35);
INSERT INTO V_VAL
	VALUES ("f5cb62df-c0ee-44db-aac7-122d26503cc2",
	0,
	0,
	14,
	18,
	18,
	0,
	0,
	0,
	0,
	"bdce89ef-72f6-4386-ba13-b2d926836c80",
	"adce8db7-3ae2-4934-a7ff-ba9ef4214df2");
INSERT INTO V_IRF
	VALUES ("f5cb62df-c0ee-44db-aac7-122d26503cc2",
	"65f45a2e-3eda-47e1-9c81-f25234df5088");
INSERT INTO V_VAL
	VALUES ("7addf4fb-6eb2-4f4f-93ea-23933de6da64",
	0,
	0,
	14,
	20,
	24,
	0,
	0,
	0,
	0,
	"ba5eda7a-def5-0000-0000-000000000002",
	"adce8db7-3ae2-4934-a7ff-ba9ef4214df2");
INSERT INTO V_AVL
	VALUES ("7addf4fb-6eb2-4f4f-93ea-23933de6da64",
	"f5cb62df-c0ee-44db-aac7-122d26503cc2",
	"803702ba-1594-4405-b96a-8c76b6ef1c69",
	"8ccbac66-5148-4ed4-bb36-09215ce15366");
INSERT INTO V_PAR
	VALUES ("7addf4fb-6eb2-4f4f-93ea-23933de6da64",
	"2739c291-77fe-4a60-bca0-38a81538d119",
	"00000000-0000-0000-0000-000000000000",
	'price',
	"2ccd43fd-3a7d-492c-808b-73db45ec4648",
	14,
	11);
INSERT INTO V_VAL
	VALUES ("25e63d9b-e3ca-454c-93bd-7dffe062d47f",
	0,
	0,
	15,
	24,
	24,
	0,
	0,
	0,
	0,
	"bdce89ef-72f6-4386-ba13-b2d926836c80",
	"adce8db7-3ae2-4934-a7ff-ba9ef4214df2");
INSERT INTO V_IRF
	VALUES ("25e63d9b-e3ca-454c-93bd-7dffe062d47f",
	"65f45a2e-3eda-47e1-9c81-f25234df5088");
INSERT INTO V_VAL
	VALUES ("2ccd43fd-3a7d-492c-808b-73db45ec4648",
	0,
	0,
	15,
	26,
	36,
	0,
	0,
	0,
	0,
	"ba5eda7a-def5-0000-0000-000000000004",
	"adce8db7-3ae2-4934-a7ff-ba9ef4214df2");
INSERT INTO V_AVL
	VALUES ("2ccd43fd-3a7d-492c-808b-73db45ec4648",
	"25e63d9b-e3ca-454c-93bd-7dffe062d47f",
	"803702ba-1594-4405-b96a-8c76b6ef1c69",
	"7edb737c-eda0-435c-ab44-20ad0293ebdb");
INSERT INTO V_PAR
	VALUES ("2ccd43fd-3a7d-492c-808b-73db45ec4648",
	"2739c291-77fe-4a60-bca0-38a81538d119",
	"00000000-0000-0000-0000-000000000000",
	'description',
	"de4a3ec3-3d4d-4726-b82a-94d2febef287",
	15,
	11);
INSERT INTO V_VAL
	VALUES ("7be6c255-31a6-487c-a440-f66a5d67a3dc",
	0,
	0,
	16,
	27,
	28,
	0,
	0,
	0,
	0,
	"99dc6d1a-909c-4bcb-a5b6-04d65b974e90",
	"adce8db7-3ae2-4934-a7ff-ba9ef4214df2");
INSERT INTO V_IRF
	VALUES ("7be6c255-31a6-487c-a440-f66a5d67a3dc",
	"25960919-0028-4a15-8779-15e47f95fde6");
INSERT INTO V_VAL
	VALUES ("de4a3ec3-3d4d-4726-b82a-94d2febef287",
	0,
	0,
	16,
	30,
	44,
	0,
	0,
	0,
	0,
	"ba5eda7a-def5-0000-0000-000000000004",
	"adce8db7-3ae2-4934-a7ff-ba9ef4214df2");
INSERT INTO V_AVL
	VALUES ("de4a3ec3-3d4d-4726-b82a-94d2febef287",
	"7be6c255-31a6-487c-a440-f66a5d67a3dc",
	"bafdc953-1881-43a3-a5f1-9dcc7e2d60c3",
	"839b61ce-d63e-49ba-a0ae-d1b0093bb680");
INSERT INTO V_PAR
	VALUES ("de4a3ec3-3d4d-4726-b82a-94d2febef287",
	"2739c291-77fe-4a60-bca0-38a81538d119",
	"00000000-0000-0000-0000-000000000000",
	'aproximateArea',
	"73807505-f089-4949-b9be-43ea52eb626b",
	16,
	11);
INSERT INTO V_VAL
	VALUES ("73807505-f089-4949-b9be-43ea52eb626b",
	0,
	0,
	-1,
	-1,
	-1,
	0,
	0,
	0,
	0,
	"ba5eda7a-def5-0000-0000-000000000001",
	"adce8db7-3ae2-4934-a7ff-ba9ef4214df2");
INSERT INTO V_LBO
	VALUES ("73807505-f089-4949-b9be-43ea52eb626b",
	'FALSE');
INSERT INTO V_PAR
	VALUES ("73807505-f089-4949-b9be-43ea52eb626b",
	"2739c291-77fe-4a60-bca0-38a81538d119",
	"00000000-0000-0000-0000-000000000000",
	'independent',
	"00000000-0000-0000-0000-000000000000",
	17,
	11);
INSERT INTO V_VAR
	VALUES ("65f45a2e-3eda-47e1-9c81-f25234df5088",
	"adce8db7-3ae2-4934-a7ff-ba9ef4214df2",
	'b',
	1,
	"bdce89ef-72f6-4386-ba13-b2d926836c80");
INSERT INTO V_INT
	VALUES ("65f45a2e-3eda-47e1-9c81-f25234df5088",
	0,
	"803702ba-1594-4405-b96a-8c76b6ef1c69");
INSERT INTO V_LOC
	VALUES ("b1c0bb75-343b-4302-904b-8d173cb28c28",
	12,
	14,
	14,
	"65f45a2e-3eda-47e1-9c81-f25234df5088");
INSERT INTO V_LOC
	VALUES ("b6a89e42-efab-450b-b774-07635acd1856",
	14,
	18,
	18,
	"65f45a2e-3eda-47e1-9c81-f25234df5088");
INSERT INTO V_LOC
	VALUES ("32c9d829-5f78-4729-948a-0be229a8b931",
	15,
	24,
	24,
	"65f45a2e-3eda-47e1-9c81-f25234df5088");
INSERT INTO ACT_BLK
	VALUES ("c4a4bfcd-50fa-419d-ac21-f727c323f9ce",
	0,
	0,
	0,
	'BookingProvider',
	'',
	'',
	20,
	2,
	20,
	7,
	0,
	0,
	0,
	0,
	0,
	0,
	0,
	0,
	0,
	"3ebd2021-35f6-4b87-8514-eaae0ddc1cc4",
	"00000000-0000-0000-0000-000000000000");
INSERT INTO ACT_SMT
	VALUES ("df686f4d-0cd9-4c15-a04a-f08b72216962",
	"c4a4bfcd-50fa-419d-ac21-f727c323f9ce",
	"00000000-0000-0000-0000-000000000000",
	20,
	2,
	'UserInterface::BookingProvider::requestAvailableBookables line: 20');
INSERT INTO ACT_SGN
	VALUES ("df686f4d-0cd9-4c15-a04a-f08b72216962",
	20,
	24,
	20,
	7,
	"6752f1fb-4d87-4e38-a4d2-a76b30240df9",
	"00000000-0000-0000-0000-000000000000",
	"00000000-0000-0000-0000-000000000000");
INSERT INTO V_VAL
	VALUES ("6c61bcbb-a159-433b-897c-47140a722334",
	0,
	0,
	20,
	45,
	62,
	0,
	0,
	0,
	0,
	"ba5eda7a-def5-0000-0000-000000000004",
	"c4a4bfcd-50fa-419d-ac21-f727c323f9ce");
INSERT INTO V_LST
	VALUES ("6c61bcbb-a159-433b-897c-47140a722334",
	'Session not found');
INSERT INTO V_PAR
	VALUES ("6c61bcbb-a159-433b-897c-47140a722334",
	"df686f4d-0cd9-4c15-a04a-f08b72216962",
	"00000000-0000-0000-0000-000000000000",
	'message',
	"00000000-0000-0000-0000-000000000000",
	20,
	36);
INSERT INTO SPR_PEP
	VALUES ("bd3fdb96-1c93-414b-9f1d-6b837b25374d",
	"54d1cfcd-e847-40b5-be88-ddf038c56595",
	"36293ad6-77b6-4c0b-a2dd-f02064f6189a");
INSERT INTO SPR_PS
	VALUES ("bd3fdb96-1c93-414b-9f1d-6b837b25374d",
	'available',
	'',
	'',
	1);
INSERT INTO ACT_PSB
	VALUES ("4d7319fb-8d5c-4e8c-a4dc-c128a699ced5",
	"bd3fdb96-1c93-414b-9f1d-6b837b25374d");
INSERT INTO ACT_ACT
	VALUES ("4d7319fb-8d5c-4e8c-a4dc-c128a699ced5",
	'signal',
	0,
	"b20dbdec-ff45-45f7-bf87-a7c1f462a7bb",
	"00000000-0000-0000-0000-000000000000",
	0,
	'UserInterface::BookingProvider::available',
	"00000000-0000-0000-0000-000000000000");
INSERT INTO ACT_BLK
	VALUES ("b20dbdec-ff45-45f7-bf87-a7c1f462a7bb",
	0,
	0,
	0,
	'',
	'',
	'',
	0,
	0,
	0,
	0,
	0,
	0,
	0,
	0,
	0,
	0,
	0,
	0,
	0,
	"4d7319fb-8d5c-4e8c-a4dc-c128a699ced5",
	"00000000-0000-0000-0000-000000000000");
INSERT INTO SPR_PEP
	VALUES ("abc6b7f2-37a1-405e-a869-e8c1c3ff68f8",
	"55b848f9-d68a-4698-bf86-446ac83e49f5",
	"36293ad6-77b6-4c0b-a2dd-f02064f6189a");
INSERT INTO SPR_PS
	VALUES ("abc6b7f2-37a1-405e-a869-e8c1c3ff68f8",
	'select',
	'',
	'',
	1);
INSERT INTO ACT_PSB
	VALUES ("dd778be6-1f8d-44f4-a0eb-8be78bf7262f",
	"abc6b7f2-37a1-405e-a869-e8c1c3ff68f8");
INSERT INTO ACT_ACT
	VALUES ("dd778be6-1f8d-44f4-a0eb-8be78bf7262f",
	'signal',
	0,
	"3357169e-03f8-48b2-82aa-d7b7b305f15c",
	"00000000-0000-0000-0000-000000000000",
	0,
	'UserInterface::BookingProvider::select',
	"00000000-0000-0000-0000-000000000000");
INSERT INTO ACT_BLK
	VALUES ("3357169e-03f8-48b2-82aa-d7b7b305f15c",
	0,
	0,
	0,
	'',
	'',
	'',
	0,
	0,
	0,
	0,
	0,
	0,
	0,
	0,
	0,
	0,
	0,
	0,
	0,
	"dd778be6-1f8d-44f4-a0eb-8be78bf7262f",
	"00000000-0000-0000-0000-000000000000");
INSERT INTO SPR_PEP
	VALUES ("e57ea280-c4da-4c33-a6bd-b5a55b1d476a",
	"10d65452-16c4-45b0-ad3e-4dec03bb99a7",
	"36293ad6-77b6-4c0b-a2dd-f02064f6189a");
INSERT INTO SPR_PS
	VALUES ("e57ea280-c4da-4c33-a6bd-b5a55b1d476a",
	'extraServices',
	'',
	'',
	1);
INSERT INTO ACT_PSB
	VALUES ("6e9453c5-8660-49dd-956b-6244247e36d1",
	"e57ea280-c4da-4c33-a6bd-b5a55b1d476a");
INSERT INTO ACT_ACT
	VALUES ("6e9453c5-8660-49dd-956b-6244247e36d1",
	'signal',
	0,
	"049d9447-dac9-4815-a897-6d9136398f27",
	"00000000-0000-0000-0000-000000000000",
	0,
	'UserInterface::BookingProvider::extraServices',
	"00000000-0000-0000-0000-000000000000");
INSERT INTO ACT_BLK
	VALUES ("049d9447-dac9-4815-a897-6d9136398f27",
	0,
	0,
	0,
	'',
	'',
	'',
	0,
	0,
	0,
	0,
	0,
	0,
	0,
	0,
	0,
	0,
	0,
	0,
	0,
	"6e9453c5-8660-49dd-956b-6244247e36d1",
	"00000000-0000-0000-0000-000000000000");
INSERT INTO SPR_PEP
	VALUES ("f4f69049-a18c-40db-908e-fde4956ebd16",
	"87ed1c56-1bee-4041-bca4-056967095bc2",
	"36293ad6-77b6-4c0b-a2dd-f02064f6189a");
INSERT INTO SPR_PS
	VALUES ("f4f69049-a18c-40db-908e-fde4956ebd16",
	'addServices',
	'',
	'',
	1);
INSERT INTO ACT_PSB
	VALUES ("db86754a-39e3-437c-9894-6021038ed5aa",
	"f4f69049-a18c-40db-908e-fde4956ebd16");
INSERT INTO ACT_ACT
	VALUES ("db86754a-39e3-437c-9894-6021038ed5aa",
	'signal',
	0,
	"78c0f8c6-dc83-42a5-b9d4-5291972c4534",
	"00000000-0000-0000-0000-000000000000",
	0,
	'UserInterface::BookingProvider::addServices',
	"00000000-0000-0000-0000-000000000000");
INSERT INTO ACT_BLK
	VALUES ("78c0f8c6-dc83-42a5-b9d4-5291972c4534",
	0,
	0,
	0,
	'',
	'',
	'',
	0,
	0,
	0,
	0,
	0,
	0,
	0,
	0,
	0,
	0,
	0,
	0,
	0,
	"db86754a-39e3-437c-9894-6021038ed5aa",
	"00000000-0000-0000-0000-000000000000");
INSERT INTO SPR_PEP
	VALUES ("bf9df925-e6b4-4ed6-80d9-5ccf5795e43b",
	"57eb1124-4a29-48ad-8677-d8760788067a",
	"36293ad6-77b6-4c0b-a2dd-f02064f6189a");
INSERT INTO SPR_PS
	VALUES ("bf9df925-e6b4-4ed6-80d9-5ccf5795e43b",
	'customerDetails',
	'',
	'',
	1);
INSERT INTO ACT_PSB
	VALUES ("10437714-93fd-4658-971e-682339b417f3",
	"bf9df925-e6b4-4ed6-80d9-5ccf5795e43b");
INSERT INTO ACT_ACT
	VALUES ("10437714-93fd-4658-971e-682339b417f3",
	'signal',
	0,
	"d4ba1263-6a20-4975-ac15-bceef45f5e65",
	"00000000-0000-0000-0000-000000000000",
	0,
	'UserInterface::BookingProvider::customerDetails',
	"00000000-0000-0000-0000-000000000000");
INSERT INTO ACT_BLK
	VALUES ("d4ba1263-6a20-4975-ac15-bceef45f5e65",
	0,
	0,
	0,
	'',
	'',
	'',
	0,
	0,
	0,
	0,
	0,
	0,
	0,
	0,
	0,
	0,
	0,
	0,
	0,
	"10437714-93fd-4658-971e-682339b417f3",
	"00000000-0000-0000-0000-000000000000");
INSERT INTO SPR_PEP
	VALUES ("0c0df819-2738-4521-8efe-cfb0e7d5f5ac",
	"275df8ce-b628-4b96-85dd-66e9224fc9df",
	"36293ad6-77b6-4c0b-a2dd-f02064f6189a");
INSERT INTO SPR_PS
	VALUES ("0c0df819-2738-4521-8efe-cfb0e7d5f5ac",
	'addGuest',
	'',
	'',
	1);
INSERT INTO ACT_PSB
	VALUES ("12d4bd25-46a5-4fb0-a453-4f9b2d01a2ce",
	"0c0df819-2738-4521-8efe-cfb0e7d5f5ac");
INSERT INTO ACT_ACT
	VALUES ("12d4bd25-46a5-4fb0-a453-4f9b2d01a2ce",
	'signal',
	0,
	"1f337ea0-1447-4e3f-8208-dece2d8a4ddf",
	"00000000-0000-0000-0000-000000000000",
	0,
	'UserInterface::BookingProvider::addGuest',
	"00000000-0000-0000-0000-000000000000");
INSERT INTO ACT_BLK
	VALUES ("1f337ea0-1447-4e3f-8208-dece2d8a4ddf",
	0,
	0,
	0,
	'',
	'',
	'',
	0,
	0,
	0,
	0,
	0,
	0,
	0,
	0,
	0,
	0,
	0,
	0,
	0,
	"12d4bd25-46a5-4fb0-a453-4f9b2d01a2ce",
	"00000000-0000-0000-0000-000000000000");
INSERT INTO SPR_PEP
	VALUES ("100207a1-8747-4b7c-a2b4-4b3cd928a7e1",
	"40e06920-24e2-499d-b1c8-deb66c9637ec",
	"36293ad6-77b6-4c0b-a2dd-f02064f6189a");
INSERT INTO SPR_PS
	VALUES ("100207a1-8747-4b7c-a2b4-4b3cd928a7e1",
	'paymentInfo',
	'',
	'',
	1);
INSERT INTO ACT_PSB
	VALUES ("29d07af4-86ee-49a5-acd2-6d4f0851fedb",
	"100207a1-8747-4b7c-a2b4-4b3cd928a7e1");
INSERT INTO ACT_ACT
	VALUES ("29d07af4-86ee-49a5-acd2-6d4f0851fedb",
	'signal',
	0,
	"4e3a85f7-bfe4-42ab-b729-f27111009c3a",
	"00000000-0000-0000-0000-000000000000",
	0,
	'UserInterface::BookingProvider::paymentInfo',
	"00000000-0000-0000-0000-000000000000");
INSERT INTO ACT_BLK
	VALUES ("4e3a85f7-bfe4-42ab-b729-f27111009c3a",
	0,
	0,
	0,
	'',
	'',
	'',
	0,
	0,
	0,
	0,
	0,
	0,
	0,
	0,
	0,
	0,
	0,
	0,
	0,
	"29d07af4-86ee-49a5-acd2-6d4f0851fedb",
	"00000000-0000-0000-0000-000000000000");
INSERT INTO SPR_PEP
	VALUES ("adf84adb-26cf-413b-bd98-e3ff7028bfbd",
	"19aa6808-338c-45b0-8a31-1b3efb70b47a",
	"36293ad6-77b6-4c0b-a2dd-f02064f6189a");
INSERT INTO SPR_PS
	VALUES ("adf84adb-26cf-413b-bd98-e3ff7028bfbd",
	'bookingConfirmation',
	'',
	'',
	1);
INSERT INTO ACT_PSB
	VALUES ("9ebcb252-c27c-4d80-90a5-5c41130b43e1",
	"adf84adb-26cf-413b-bd98-e3ff7028bfbd");
INSERT INTO ACT_ACT
	VALUES ("9ebcb252-c27c-4d80-90a5-5c41130b43e1",
	'signal',
	0,
	"fc1a54e1-7e0e-4912-8e8b-379b5cb09e9b",
	"00000000-0000-0000-0000-000000000000",
	0,
	'UserInterface::BookingProvider::bookingConfirmation',
	"00000000-0000-0000-0000-000000000000");
INSERT INTO ACT_BLK
	VALUES ("fc1a54e1-7e0e-4912-8e8b-379b5cb09e9b",
	0,
	0,
	0,
	'',
	'',
	'',
	0,
	0,
	0,
	0,
	0,
	0,
	0,
	0,
	0,
	0,
	0,
	0,
	0,
	"9ebcb252-c27c-4d80-90a5-5c41130b43e1",
	"00000000-0000-0000-0000-000000000000");
INSERT INTO SPR_PEP
	VALUES ("6752f1fb-4d87-4e38-a4d2-a76b30240df9",
	"89169ec3-d50b-4b5b-95fa-d95fb15c3f98",
	"36293ad6-77b6-4c0b-a2dd-f02064f6189a");
INSERT INTO SPR_PS
	VALUES ("6752f1fb-4d87-4e38-a4d2-a76b30240df9",
	'errorSignal',
	'',
	'',
	1);
INSERT INTO ACT_PSB
	VALUES ("76543bca-d514-48de-a042-dfa2a05f32aa",
	"6752f1fb-4d87-4e38-a4d2-a76b30240df9");
INSERT INTO ACT_ACT
	VALUES ("76543bca-d514-48de-a042-dfa2a05f32aa",
	'signal',
	0,
	"ee18195d-5efe-4c41-b8b1-916eb10f91d6",
	"00000000-0000-0000-0000-000000000000",
	0,
	'UserInterface::BookingProvider::errorSignal',
	"00000000-0000-0000-0000-000000000000");
INSERT INTO ACT_BLK
	VALUES ("ee18195d-5efe-4c41-b8b1-916eb10f91d6",
	0,
	0,
	0,
	'',
	'',
	'',
	0,
	0,
	0,
	0,
	0,
	0,
	0,
	0,
	0,
	0,
	0,
	0,
	0,
	"76543bca-d514-48de-a042-dfa2a05f32aa",
	"00000000-0000-0000-0000-000000000000");
INSERT INTO SPR_PEP
	VALUES ("52f59bac-a1c2-4318-a901-bbe93808d139",
	"b21fad1b-897b-424f-84f8-01bdab76de49",
	"36293ad6-77b6-4c0b-a2dd-f02064f6189a");
INSERT INTO SPR_PS
	VALUES ("52f59bac-a1c2-4318-a901-bbe93808d139",
	'requestSession',
	'',
	'// Initialize a booking session
LOG::LogInfo(message: "Recieved session request");
create object instance session of BOOKINGSESSION;

create object instance booking of BOOKING;
relate session to booking across R26;

//send BookingProvider::session(sessionID: session.ID);
send BookingProvider::bookingConfirmation(message: "Hej");',
	1);
INSERT INTO ACT_PSB
	VALUES ("899d536b-9ffb-47bf-a4d7-e5b18051ed7c",
	"52f59bac-a1c2-4318-a901-bbe93808d139");
INSERT INTO ACT_ACT
	VALUES ("899d536b-9ffb-47bf-a4d7-e5b18051ed7c",
	'signal',
	0,
	"cda3f9dd-dfce-44f7-974e-3fb390d0947a",
	"00000000-0000-0000-0000-000000000000",
	0,
	'UserInterface::BookingProvider::requestSession',
	"00000000-0000-0000-0000-000000000000");
INSERT INTO ACT_BLK
	VALUES ("cda3f9dd-dfce-44f7-974e-3fb390d0947a",
	0,
	0,
	0,
	'BookingProvider',
	'',
	'',
	9,
	1,
	9,
	6,
	0,
	0,
	6,
	34,
	0,
	0,
	0,
	0,
	0,
	"899d536b-9ffb-47bf-a4d7-e5b18051ed7c",
	"00000000-0000-0000-0000-000000000000");
INSERT INTO ACT_SMT
	VALUES ("2a1420e6-b113-47b5-961e-65c9a6505301",
	"cda3f9dd-dfce-44f7-974e-3fb390d0947a",
	"637d7353-f51a-4921-9279-97a2ca07cbdb",
	2,
	1,
	'UserInterface::BookingProvider::requestSession line: 2');
INSERT INTO ACT_BRG
	VALUES ("2a1420e6-b113-47b5-961e-65c9a6505301",
	"768e1cca-7403-495c-9b22-afd11a473eb6",
	2,
	6,
	2,
	1);
INSERT INTO ACT_SMT
	VALUES ("637d7353-f51a-4921-9279-97a2ca07cbdb",
	"cda3f9dd-dfce-44f7-974e-3fb390d0947a",
	"a658a653-1646-4bdb-82d5-f5378138a7c5",
	3,
	1,
	'UserInterface::BookingProvider::requestSession line: 3');
INSERT INTO ACT_CR
	VALUES ("637d7353-f51a-4921-9279-97a2ca07cbdb",
	"3286d79f-1850-4355-a848-eabb5e591774",
	1,
	"7137c09d-ba0e-406b-b3b5-76bb3cc48f3d",
	3,
	35);
INSERT INTO ACT_SMT
	VALUES ("a658a653-1646-4bdb-82d5-f5378138a7c5",
	"cda3f9dd-dfce-44f7-974e-3fb390d0947a",
	"42988d91-ab8e-47f3-8797-eaf8540cb968",
	5,
	1,
	'UserInterface::BookingProvider::requestSession line: 5');
INSERT INTO ACT_CR
	VALUES ("a658a653-1646-4bdb-82d5-f5378138a7c5",
	"fc8b19e0-526c-4d6b-8adf-1ef50a8cb4ec",
	1,
	"9a41fe9e-f547-4cde-b68d-f7db43c904dc",
	5,
	35);
INSERT INTO ACT_SMT
	VALUES ("42988d91-ab8e-47f3-8797-eaf8540cb968",
	"cda3f9dd-dfce-44f7-974e-3fb390d0947a",
	"051a23dd-41c1-454b-9dae-4cacec1d6ddf",
	6,
	1,
	'UserInterface::BookingProvider::requestSession line: 6');
INSERT INTO ACT_REL
	VALUES ("42988d91-ab8e-47f3-8797-eaf8540cb968",
	"3286d79f-1850-4355-a848-eabb5e591774",
	"fc8b19e0-526c-4d6b-8adf-1ef50a8cb4ec",
	'',
	"a30fd0d6-3586-438e-8d6d-b3d3b14c0f03",
	6,
	34,
	0,
	0);
INSERT INTO ACT_SMT
	VALUES ("051a23dd-41c1-454b-9dae-4cacec1d6ddf",
	"cda3f9dd-dfce-44f7-974e-3fb390d0947a",
	"00000000-0000-0000-0000-000000000000",
	9,
	1,
	'UserInterface::BookingProvider::requestSession line: 9');
INSERT INTO ACT_SGN
	VALUES ("051a23dd-41c1-454b-9dae-4cacec1d6ddf",
	9,
	23,
	9,
	6,
	"adf84adb-26cf-413b-bd98-e3ff7028bfbd",
	"00000000-0000-0000-0000-000000000000",
	"00000000-0000-0000-0000-000000000000");
INSERT INTO V_VAL
	VALUES ("b86ec361-1532-4265-a795-f6ea0aaefe86",
	0,
	0,
	2,
	23,
	47,
	0,
	0,
	0,
	0,
	"ba5eda7a-def5-0000-0000-000000000004",
	"cda3f9dd-dfce-44f7-974e-3fb390d0947a");
INSERT INTO V_LST
	VALUES ("b86ec361-1532-4265-a795-f6ea0aaefe86",
	'Recieved session request');
INSERT INTO V_PAR
	VALUES ("b86ec361-1532-4265-a795-f6ea0aaefe86",
	"2a1420e6-b113-47b5-961e-65c9a6505301",
	"00000000-0000-0000-0000-000000000000",
	'message',
	"00000000-0000-0000-0000-000000000000",
	2,
	14);
INSERT INTO V_VAL
	VALUES ("9dbb3f01-9892-4ded-999d-012cea172d0d",
	0,
	0,
	9,
	52,
	55,
	0,
	0,
	0,
	0,
	"ba5eda7a-def5-0000-0000-000000000004",
	"cda3f9dd-dfce-44f7-974e-3fb390d0947a");
INSERT INTO V_LST
	VALUES ("9dbb3f01-9892-4ded-999d-012cea172d0d",
	'Hej');
INSERT INTO V_PAR
	VALUES ("9dbb3f01-9892-4ded-999d-012cea172d0d",
	"051a23dd-41c1-454b-9dae-4cacec1d6ddf",
	"00000000-0000-0000-0000-000000000000",
	'message',
	"00000000-0000-0000-0000-000000000000",
	9,
	43);
INSERT INTO V_VAR
	VALUES ("3286d79f-1850-4355-a848-eabb5e591774",
	"cda3f9dd-dfce-44f7-974e-3fb390d0947a",
	'session',
	1,
	"ba5eda7a-def5-0000-0000-000000000008");
INSERT INTO V_INT
	VALUES ("3286d79f-1850-4355-a848-eabb5e591774",
	0,
	"7137c09d-ba0e-406b-b3b5-76bb3cc48f3d");
INSERT INTO V_LOC
	VALUES ("723f090d-2faa-49cd-a027-b3a02c5bcf3e",
	3,
	24,
	30,
	"3286d79f-1850-4355-a848-eabb5e591774");
INSERT INTO V_LOC
	VALUES ("2fef8f21-fde7-48d6-9ceb-95fbf12cde0e",
	6,
	8,
	14,
	"3286d79f-1850-4355-a848-eabb5e591774");
INSERT INTO V_VAR
	VALUES ("fc8b19e0-526c-4d6b-8adf-1ef50a8cb4ec",
	"cda3f9dd-dfce-44f7-974e-3fb390d0947a",
	'booking',
	1,
	"433f7688-7b95-4f9c-89f1-cf076d691ab7");
INSERT INTO V_INT
	VALUES ("fc8b19e0-526c-4d6b-8adf-1ef50a8cb4ec",
	0,
	"9a41fe9e-f547-4cde-b68d-f7db43c904dc");
INSERT INTO V_LOC
	VALUES ("65260266-5244-49c9-9cb6-cec0098f01ab",
	5,
	24,
	30,
	"fc8b19e0-526c-4d6b-8adf-1ef50a8cb4ec");
INSERT INTO V_LOC
	VALUES ("7fd41fcd-d14d-40e9-b01c-2112995c4035",
	6,
	19,
	25,
	"fc8b19e0-526c-4d6b-8adf-1ef50a8cb4ec");
INSERT INTO SPR_PEP
	VALUES ("9a412571-97a5-4764-873e-18ee296bab0f",
	"0a31b7ea-b3a4-43b3-bfab-1e664637468e",
	"36293ad6-77b6-4c0b-a2dd-f02064f6189a");
INSERT INTO SPR_PS
	VALUES ("9a412571-97a5-4764-873e-18ee296bab0f",
	'session',
	'',
	'',
	1);
INSERT INTO ACT_PSB
	VALUES ("3b7f8e9b-817d-4265-ae5e-d0b373fe7643",
	"9a412571-97a5-4764-873e-18ee296bab0f");
INSERT INTO ACT_ACT
	VALUES ("3b7f8e9b-817d-4265-ae5e-d0b373fe7643",
	'signal',
	0,
	"a40f49d7-fdd2-4697-9427-c8526e5ce45c",
	"00000000-0000-0000-0000-000000000000",
	0,
	'UserInterface::BookingProvider::session',
	"00000000-0000-0000-0000-000000000000");
INSERT INTO ACT_BLK
	VALUES ("a40f49d7-fdd2-4697-9427-c8526e5ce45c",
	0,
	0,
	0,
	'',
	'',
	'',
	0,
	0,
	0,
	0,
	0,
	0,
	0,
	0,
	0,
	0,
	0,
	0,
	0,
	"3b7f8e9b-817d-4265-ae5e-d0b373fe7643",
	"00000000-0000-0000-0000-000000000000");
INSERT INTO PE_PE
	VALUES ("960454f9-cf5f-4331-88bf-8023709586b1",
	1,
	"00000000-0000-0000-0000-000000000000",
	"ab2192c8-8390-4631-9e2c-fca2a1f30c08",
	7);
INSERT INTO EP_PKG
	VALUES ("960454f9-cf5f-4331-88bf-8023709586b1",
	"00000000-0000-0000-0000-000000000000",
	"77552e13-265a-4a67-beca-bb6af5f15d0b",
	'Hotel',
	'',
	0);
INSERT INTO PE_PE
	VALUES ("6557ebe6-ab9f-4355-8439-aba9a82c7dd3",
	1,
	"960454f9-cf5f-4331-88bf-8023709586b1",
	"00000000-0000-0000-0000-000000000000",
	3);
INSERT INTO S_DT
	VALUES ("6557ebe6-ab9f-4355-8439-aba9a82c7dd3",
	"00000000-0000-0000-0000-000000000000",
	'inst_ref_set<Facility>',
	'',
	'');
INSERT INTO S_IRDT
	VALUES ("6557ebe6-ab9f-4355-8439-aba9a82c7dd3",
	1,
	"4b839513-bd70-4d73-85ed-c06b10ee091a");
INSERT INTO PE_PE
	VALUES ("bd43dc09-3be2-4ae8-806d-bedb08b1e03c",
	1,
	"960454f9-cf5f-4331-88bf-8023709586b1",
	"00000000-0000-0000-0000-000000000000",
	3);
INSERT INTO S_DT
	VALUES ("bd43dc09-3be2-4ae8-806d-bedb08b1e03c",
	"00000000-0000-0000-0000-000000000000",
	'inst_ref<Facility>',
	'',
	'');
INSERT INTO S_IRDT
	VALUES ("bd43dc09-3be2-4ae8-806d-bedb08b1e03c",
	0,
	"4b839513-bd70-4d73-85ed-c06b10ee091a");
INSERT INTO PE_PE
	VALUES ("43b0cae0-5c1a-4413-9ef4-db5152923f7b",
	1,
	"960454f9-cf5f-4331-88bf-8023709586b1",
	"00000000-0000-0000-0000-000000000000",
	3);
INSERT INTO S_DT
	VALUES ("43b0cae0-5c1a-4413-9ef4-db5152923f7b",
	"00000000-0000-0000-0000-000000000000",
	'inst_ref_set<Booking>',
	'',
	'');
INSERT INTO S_IRDT
	VALUES ("43b0cae0-5c1a-4413-9ef4-db5152923f7b",
	1,
	"9a41fe9e-f547-4cde-b68d-f7db43c904dc");
INSERT INTO PE_PE
	VALUES ("433f7688-7b95-4f9c-89f1-cf076d691ab7",
	1,
	"960454f9-cf5f-4331-88bf-8023709586b1",
	"00000000-0000-0000-0000-000000000000",
	3);
INSERT INTO S_DT
	VALUES ("433f7688-7b95-4f9c-89f1-cf076d691ab7",
	"00000000-0000-0000-0000-000000000000",
	'inst_ref<Booking>',
	'',
	'');
INSERT INTO S_IRDT
	VALUES ("433f7688-7b95-4f9c-89f1-cf076d691ab7",
	0,
	"9a41fe9e-f547-4cde-b68d-f7db43c904dc");
INSERT INTO PE_PE
	VALUES ("df204ffe-8ba5-4335-839a-3b03a55091e7",
	1,
	"960454f9-cf5f-4331-88bf-8023709586b1",
	"00000000-0000-0000-0000-000000000000",
	3);
INSERT INTO S_DT
	VALUES ("df204ffe-8ba5-4335-839a-3b03a55091e7",
	"00000000-0000-0000-0000-000000000000",
	'inst_ref_set<Bookable>',
	'',
	'');
INSERT INTO S_IRDT
	VALUES ("df204ffe-8ba5-4335-839a-3b03a55091e7",
	1,
	"803702ba-1594-4405-b96a-8c76b6ef1c69");
INSERT INTO PE_PE
	VALUES ("bdce89ef-72f6-4386-ba13-b2d926836c80",
	1,
	"960454f9-cf5f-4331-88bf-8023709586b1",
	"00000000-0000-0000-0000-000000000000",
	3);
INSERT INTO S_DT
	VALUES ("bdce89ef-72f6-4386-ba13-b2d926836c80",
	"00000000-0000-0000-0000-000000000000",
	'inst_ref<Bookable>',
	'',
	'');
INSERT INTO S_IRDT
	VALUES ("bdce89ef-72f6-4386-ba13-b2d926836c80",
	0,
	"803702ba-1594-4405-b96a-8c76b6ef1c69");
INSERT INTO PE_PE
	VALUES ("ebb6007c-c361-40c7-ad5b-5b07d6a01d41",
	1,
	"960454f9-cf5f-4331-88bf-8023709586b1",
	"00000000-0000-0000-0000-000000000000",
	3);
INSERT INTO S_DT
	VALUES ("ebb6007c-c361-40c7-ad5b-5b07d6a01d41",
	"00000000-0000-0000-0000-000000000000",
	'inst_ref_set<FacilityType>',
	'',
	'');
INSERT INTO S_IRDT
	VALUES ("ebb6007c-c361-40c7-ad5b-5b07d6a01d41",
	1,
	"bafdc953-1881-43a3-a5f1-9dcc7e2d60c3");
INSERT INTO PE_PE
	VALUES ("99dc6d1a-909c-4bcb-a5b6-04d65b974e90",
	1,
	"960454f9-cf5f-4331-88bf-8023709586b1",
	"00000000-0000-0000-0000-000000000000",
	3);
INSERT INTO S_DT
	VALUES ("99dc6d1a-909c-4bcb-a5b6-04d65b974e90",
	"00000000-0000-0000-0000-000000000000",
	'inst_ref<FacilityType>',
	'',
	'');
INSERT INTO S_IRDT
	VALUES ("99dc6d1a-909c-4bcb-a5b6-04d65b974e90",
	0,
	"bafdc953-1881-43a3-a5f1-9dcc7e2d60c3");
INSERT INTO PE_PE
	VALUES ("c53c3d3d-c925-46df-8d23-da7e20b6f64c",
	1,
	"960454f9-cf5f-4331-88bf-8023709586b1",
	"00000000-0000-0000-0000-000000000000",
	3);
INSERT INTO S_DT
	VALUES ("c53c3d3d-c925-46df-8d23-da7e20b6f64c",
	"00000000-0000-0000-0000-000000000000",
	'inst_ref_set<Service>',
	'',
	'');
INSERT INTO S_IRDT
	VALUES ("c53c3d3d-c925-46df-8d23-da7e20b6f64c",
	1,
	"1efeba6e-0315-442d-8e70-729b05561bea");
INSERT INTO PE_PE
	VALUES ("41359d03-d56a-4b09-9529-4f2f2969949e",
	1,
	"960454f9-cf5f-4331-88bf-8023709586b1",
	"00000000-0000-0000-0000-000000000000",
	3);
INSERT INTO S_DT
	VALUES ("41359d03-d56a-4b09-9529-4f2f2969949e",
	"00000000-0000-0000-0000-000000000000",
	'inst_ref<Service>',
	'',
	'');
INSERT INTO S_IRDT
	VALUES ("41359d03-d56a-4b09-9529-4f2f2969949e",
	0,
	"1efeba6e-0315-442d-8e70-729b05561bea");
INSERT INTO PE_PE
	VALUES ("e8826e92-bfc8-4325-979a-2122f04032b6",
	1,
	"960454f9-cf5f-4331-88bf-8023709586b1",
	"00000000-0000-0000-0000-000000000000",
	9);
INSERT INTO R_REL
	VALUES ("e8826e92-bfc8-4325-979a-2122f04032b6",
	27,
	'',
	"00000000-0000-0000-0000-000000000000");
INSERT INTO R_SIMP
	VALUES ("e8826e92-bfc8-4325-979a-2122f04032b6");
INSERT INTO R_PART
	VALUES ("bd271967-a0a4-4bd7-9783-303111ffdc9b",
	"e8826e92-bfc8-4325-979a-2122f04032b6",
	"8fd6d4e6-2cf9-4cb6-b42f-dd04cc9d2bb4",
	0,
	0,
	'');
INSERT INTO R_RTO
	VALUES ("bd271967-a0a4-4bd7-9783-303111ffdc9b",
	"e8826e92-bfc8-4325-979a-2122f04032b6",
	"8fd6d4e6-2cf9-4cb6-b42f-dd04cc9d2bb4",
	-1);
INSERT INTO R_OIR
	VALUES ("bd271967-a0a4-4bd7-9783-303111ffdc9b",
	"e8826e92-bfc8-4325-979a-2122f04032b6",
	"8fd6d4e6-2cf9-4cb6-b42f-dd04cc9d2bb4",
	"00000000-0000-0000-0000-000000000000");
INSERT INTO R_PART
	VALUES ("7137c09d-ba0e-406b-b3b5-76bb3cc48f3d",
	"e8826e92-bfc8-4325-979a-2122f04032b6",
	"84f388ff-c5fa-46aa-bbcd-66ac73d3101c",
	0,
	0,
	'');
INSERT INTO R_RTO
	VALUES ("7137c09d-ba0e-406b-b3b5-76bb3cc48f3d",
	"e8826e92-bfc8-4325-979a-2122f04032b6",
	"84f388ff-c5fa-46aa-bbcd-66ac73d3101c",
	-1);
INSERT INTO R_OIR
	VALUES ("7137c09d-ba0e-406b-b3b5-76bb3cc48f3d",
	"e8826e92-bfc8-4325-979a-2122f04032b6",
	"84f388ff-c5fa-46aa-bbcd-66ac73d3101c",
	"00000000-0000-0000-0000-000000000000");
INSERT INTO PE_PE
	VALUES ("a30fd0d6-3586-438e-8d6d-b3d3b14c0f03",
	1,
	"960454f9-cf5f-4331-88bf-8023709586b1",
	"00000000-0000-0000-0000-000000000000",
	9);
INSERT INTO R_REL
	VALUES ("a30fd0d6-3586-438e-8d6d-b3d3b14c0f03",
	26,
	'',
	"00000000-0000-0000-0000-000000000000");
INSERT INTO R_SIMP
	VALUES ("a30fd0d6-3586-438e-8d6d-b3d3b14c0f03");
INSERT INTO R_PART
	VALUES ("9a41fe9e-f547-4cde-b68d-f7db43c904dc",
	"a30fd0d6-3586-438e-8d6d-b3d3b14c0f03",
	"30c64141-d0a5-47e7-afc3-fb1ec9e5775e",
	0,
	0,
	'');
INSERT INTO R_RTO
	VALUES ("9a41fe9e-f547-4cde-b68d-f7db43c904dc",
	"a30fd0d6-3586-438e-8d6d-b3d3b14c0f03",
	"30c64141-d0a5-47e7-afc3-fb1ec9e5775e",
	-1);
INSERT INTO R_OIR
	VALUES ("9a41fe9e-f547-4cde-b68d-f7db43c904dc",
	"a30fd0d6-3586-438e-8d6d-b3d3b14c0f03",
	"30c64141-d0a5-47e7-afc3-fb1ec9e5775e",
	"00000000-0000-0000-0000-000000000000");
INSERT INTO R_PART
	VALUES ("7137c09d-ba0e-406b-b3b5-76bb3cc48f3d",
	"a30fd0d6-3586-438e-8d6d-b3d3b14c0f03",
	"404c4b1d-c180-4c8b-a833-c61ea6f10d6c",
	0,
	0,
	'');
INSERT INTO R_RTO
	VALUES ("7137c09d-ba0e-406b-b3b5-76bb3cc48f3d",
	"a30fd0d6-3586-438e-8d6d-b3d3b14c0f03",
	"404c4b1d-c180-4c8b-a833-c61ea6f10d6c",
	-1);
INSERT INTO R_OIR
	VALUES ("7137c09d-ba0e-406b-b3b5-76bb3cc48f3d",
	"a30fd0d6-3586-438e-8d6d-b3d3b14c0f03",
	"404c4b1d-c180-4c8b-a833-c61ea6f10d6c",
	"00000000-0000-0000-0000-000000000000");
INSERT INTO PE_PE
	VALUES ("1a07e92a-4064-4fe6-82ed-e219bcad12d8",
	1,
	"960454f9-cf5f-4331-88bf-8023709586b1",
	"00000000-0000-0000-0000-000000000000",
	9);
INSERT INTO R_REL
	VALUES ("1a07e92a-4064-4fe6-82ed-e219bcad12d8",
	25,
	'',
	"00000000-0000-0000-0000-000000000000");
INSERT INTO R_SIMP
	VALUES ("1a07e92a-4064-4fe6-82ed-e219bcad12d8");
INSERT INTO R_PART
	VALUES ("803702ba-1594-4405-b96a-8c76b6ef1c69",
	"1a07e92a-4064-4fe6-82ed-e219bcad12d8",
	"ea3126f3-f5fb-4d96-b479-af29683a3964",
	1,
	0,
	'');
INSERT INTO R_RTO
	VALUES ("803702ba-1594-4405-b96a-8c76b6ef1c69",
	"1a07e92a-4064-4fe6-82ed-e219bcad12d8",
	"ea3126f3-f5fb-4d96-b479-af29683a3964",
	-1);
INSERT INTO R_OIR
	VALUES ("803702ba-1594-4405-b96a-8c76b6ef1c69",
	"1a07e92a-4064-4fe6-82ed-e219bcad12d8",
	"ea3126f3-f5fb-4d96-b479-af29683a3964",
	"00000000-0000-0000-0000-000000000000");
INSERT INTO R_PART
	VALUES ("b7e04034-9ae1-478b-b876-84a049865e77",
	"1a07e92a-4064-4fe6-82ed-e219bcad12d8",
	"c35bfe33-46b2-4153-be77-2450b41f0b03",
	1,
	0,
	'affects_price_of');
INSERT INTO R_RTO
	VALUES ("b7e04034-9ae1-478b-b876-84a049865e77",
	"1a07e92a-4064-4fe6-82ed-e219bcad12d8",
	"c35bfe33-46b2-4153-be77-2450b41f0b03",
	-1);
INSERT INTO R_OIR
	VALUES ("b7e04034-9ae1-478b-b876-84a049865e77",
	"1a07e92a-4064-4fe6-82ed-e219bcad12d8",
	"c35bfe33-46b2-4153-be77-2450b41f0b03",
	"00000000-0000-0000-0000-000000000000");
INSERT INTO PE_PE
	VALUES ("d0f8c2b3-33de-4e15-a759-da6c2e5f1356",
	1,
	"960454f9-cf5f-4331-88bf-8023709586b1",
	"00000000-0000-0000-0000-000000000000",
	9);
INSERT INTO R_REL
	VALUES ("d0f8c2b3-33de-4e15-a759-da6c2e5f1356",
	24,
	'',
	"00000000-0000-0000-0000-000000000000");
INSERT INTO R_SIMP
	VALUES ("d0f8c2b3-33de-4e15-a759-da6c2e5f1356");
INSERT INTO R_PART
	VALUES ("33325975-636b-4865-afdb-d6d8138b80fe",
	"d0f8c2b3-33de-4e15-a759-da6c2e5f1356",
	"31097f11-7095-44e0-9954-469e0023c372",
	0,
	0,
	'');
INSERT INTO R_RTO
	VALUES ("33325975-636b-4865-afdb-d6d8138b80fe",
	"d0f8c2b3-33de-4e15-a759-da6c2e5f1356",
	"31097f11-7095-44e0-9954-469e0023c372",
	-1);
INSERT INTO R_OIR
	VALUES ("33325975-636b-4865-afdb-d6d8138b80fe",
	"d0f8c2b3-33de-4e15-a759-da6c2e5f1356",
	"31097f11-7095-44e0-9954-469e0023c372",
	"00000000-0000-0000-0000-000000000000");
INSERT INTO R_PART
	VALUES ("b7e04034-9ae1-478b-b876-84a049865e77",
	"d0f8c2b3-33de-4e15-a759-da6c2e5f1356",
	"00002b38-6a02-4bbe-8dd4-ef69092fdd5e",
	1,
	1,
	'');
INSERT INTO R_RTO
	VALUES ("b7e04034-9ae1-478b-b876-84a049865e77",
	"d0f8c2b3-33de-4e15-a759-da6c2e5f1356",
	"00002b38-6a02-4bbe-8dd4-ef69092fdd5e",
	-1);
INSERT INTO R_OIR
	VALUES ("b7e04034-9ae1-478b-b876-84a049865e77",
	"d0f8c2b3-33de-4e15-a759-da6c2e5f1356",
	"00002b38-6a02-4bbe-8dd4-ef69092fdd5e",
	"00000000-0000-0000-0000-000000000000");
INSERT INTO PE_PE
	VALUES ("80e90b6a-30a0-41e8-b414-ac39ddd7f140",
	1,
	"960454f9-cf5f-4331-88bf-8023709586b1",
	"00000000-0000-0000-0000-000000000000",
	9);
INSERT INTO R_REL
	VALUES ("80e90b6a-30a0-41e8-b414-ac39ddd7f140",
	23,
	'',
	"00000000-0000-0000-0000-000000000000");
INSERT INTO R_SIMP
	VALUES ("80e90b6a-30a0-41e8-b414-ac39ddd7f140");
INSERT INTO R_PART
	VALUES ("bd271967-a0a4-4bd7-9783-303111ffdc9b",
	"80e90b6a-30a0-41e8-b414-ac39ddd7f140",
	"8dbdd0ee-1586-4767-a3e3-006183cb1823",
	1,
	1,
	'is_member_of');
INSERT INTO R_RTO
	VALUES ("bd271967-a0a4-4bd7-9783-303111ffdc9b",
	"80e90b6a-30a0-41e8-b414-ac39ddd7f140",
	"8dbdd0ee-1586-4767-a3e3-006183cb1823",
	-1);
INSERT INTO R_OIR
	VALUES ("bd271967-a0a4-4bd7-9783-303111ffdc9b",
	"80e90b6a-30a0-41e8-b414-ac39ddd7f140",
	"8dbdd0ee-1586-4767-a3e3-006183cb1823",
	"00000000-0000-0000-0000-000000000000");
INSERT INTO R_PART
	VALUES ("33325975-636b-4865-afdb-d6d8138b80fe",
	"80e90b6a-30a0-41e8-b414-ac39ddd7f140",
	"54d3bb98-7c23-4910-991f-8ccb0ddd3d25",
	1,
	1,
	'');
INSERT INTO R_RTO
	VALUES ("33325975-636b-4865-afdb-d6d8138b80fe",
	"80e90b6a-30a0-41e8-b414-ac39ddd7f140",
	"54d3bb98-7c23-4910-991f-8ccb0ddd3d25",
	-1);
INSERT INTO R_OIR
	VALUES ("33325975-636b-4865-afdb-d6d8138b80fe",
	"80e90b6a-30a0-41e8-b414-ac39ddd7f140",
	"54d3bb98-7c23-4910-991f-8ccb0ddd3d25",
	"00000000-0000-0000-0000-000000000000");
INSERT INTO PE_PE
	VALUES ("fb7ebd48-fca8-4db0-8828-bd411442c941",
	1,
	"960454f9-cf5f-4331-88bf-8023709586b1",
	"00000000-0000-0000-0000-000000000000",
	9);
INSERT INTO R_REL
	VALUES ("fb7ebd48-fca8-4db0-8828-bd411442c941",
	22,
	'',
	"00000000-0000-0000-0000-000000000000");
INSERT INTO R_ASSOC
	VALUES ("fb7ebd48-fca8-4db0-8828-bd411442c941");
INSERT INTO R_AOTH
	VALUES ("9a41fe9e-f547-4cde-b68d-f7db43c904dc",
	"fb7ebd48-fca8-4db0-8828-bd411442c941",
	"a8ecd928-0e48-41ac-8485-a6336b9bd404",
	0,
	0,
	'');
INSERT INTO R_RTO
	VALUES ("9a41fe9e-f547-4cde-b68d-f7db43c904dc",
	"fb7ebd48-fca8-4db0-8828-bd411442c941",
	"a8ecd928-0e48-41ac-8485-a6336b9bd404",
	-1);
INSERT INTO R_OIR
	VALUES ("9a41fe9e-f547-4cde-b68d-f7db43c904dc",
	"fb7ebd48-fca8-4db0-8828-bd411442c941",
	"a8ecd928-0e48-41ac-8485-a6336b9bd404",
	"00000000-0000-0000-0000-000000000000");
INSERT INTO R_AONE
	VALUES ("bd271967-a0a4-4bd7-9783-303111ffdc9b",
	"fb7ebd48-fca8-4db0-8828-bd411442c941",
	"34211b09-b258-4c6f-acbd-21357396ba0c",
	0,
	0,
	'makes_a');
INSERT INTO R_RTO
	VALUES ("bd271967-a0a4-4bd7-9783-303111ffdc9b",
	"fb7ebd48-fca8-4db0-8828-bd411442c941",
	"34211b09-b258-4c6f-acbd-21357396ba0c",
	-1);
INSERT INTO R_OIR
	VALUES ("bd271967-a0a4-4bd7-9783-303111ffdc9b",
	"fb7ebd48-fca8-4db0-8828-bd411442c941",
	"34211b09-b258-4c6f-acbd-21357396ba0c",
	"00000000-0000-0000-0000-000000000000");
INSERT INTO R_ASSR
	VALUES ("99c3a579-f918-44fd-916c-a41161cb6518",
	"fb7ebd48-fca8-4db0-8828-bd411442c941",
	"58f22f52-e1eb-4c83-899f-f42164ce5569",
	0);
INSERT INTO R_RGO
	VALUES ("99c3a579-f918-44fd-916c-a41161cb6518",
	"fb7ebd48-fca8-4db0-8828-bd411442c941",
	"58f22f52-e1eb-4c83-899f-f42164ce5569");
INSERT INTO R_OIR
	VALUES ("99c3a579-f918-44fd-916c-a41161cb6518",
	"fb7ebd48-fca8-4db0-8828-bd411442c941",
	"58f22f52-e1eb-4c83-899f-f42164ce5569",
	"00000000-0000-0000-0000-000000000000");
INSERT INTO PE_PE
	VALUES ("995332a0-bcad-41ba-84ba-f8f5200c08a9",
	1,
	"960454f9-cf5f-4331-88bf-8023709586b1",
	"00000000-0000-0000-0000-000000000000",
	9);
INSERT INTO R_REL
	VALUES ("995332a0-bcad-41ba-84ba-f8f5200c08a9",
	21,
	'',
	"00000000-0000-0000-0000-000000000000");
INSERT INTO R_SIMP
	VALUES ("995332a0-bcad-41ba-84ba-f8f5200c08a9");
INSERT INTO R_PART
	VALUES ("99c3a579-f918-44fd-916c-a41161cb6518",
	"995332a0-bcad-41ba-84ba-f8f5200c08a9",
	"3a307587-efbe-46b3-a1a6-5e9b0765c0ca",
	1,
	1,
	'');
INSERT INTO R_RTO
	VALUES ("99c3a579-f918-44fd-916c-a41161cb6518",
	"995332a0-bcad-41ba-84ba-f8f5200c08a9",
	"3a307587-efbe-46b3-a1a6-5e9b0765c0ca",
	-1);
INSERT INTO R_OIR
	VALUES ("99c3a579-f918-44fd-916c-a41161cb6518",
	"995332a0-bcad-41ba-84ba-f8f5200c08a9",
	"3a307587-efbe-46b3-a1a6-5e9b0765c0ca",
	"00000000-0000-0000-0000-000000000000");
INSERT INTO R_PART
	VALUES ("d26e1020-b532-43cc-aba6-3b584f19f179",
	"995332a0-bcad-41ba-84ba-f8f5200c08a9",
	"e33b9fea-6892-4298-9a8c-0f03ac39b370",
	0,
	0,
	'');
INSERT INTO R_RTO
	VALUES ("d26e1020-b532-43cc-aba6-3b584f19f179",
	"995332a0-bcad-41ba-84ba-f8f5200c08a9",
	"e33b9fea-6892-4298-9a8c-0f03ac39b370",
	-1);
INSERT INTO R_OIR
	VALUES ("d26e1020-b532-43cc-aba6-3b584f19f179",
	"995332a0-bcad-41ba-84ba-f8f5200c08a9",
	"e33b9fea-6892-4298-9a8c-0f03ac39b370",
	"00000000-0000-0000-0000-000000000000");
INSERT INTO PE_PE
	VALUES ("737fb9b4-6772-447a-9946-dea477ac7b1c",
	1,
	"960454f9-cf5f-4331-88bf-8023709586b1",
	"00000000-0000-0000-0000-000000000000",
	9);
INSERT INTO R_REL
	VALUES ("737fb9b4-6772-447a-9946-dea477ac7b1c",
	20,
	'',
	"00000000-0000-0000-0000-000000000000");
INSERT INTO R_SIMP
	VALUES ("737fb9b4-6772-447a-9946-dea477ac7b1c");
INSERT INTO R_PART
	VALUES ("37699420-e221-4e5c-800b-cf398f6e9803",
	"737fb9b4-6772-447a-9946-dea477ac7b1c",
	"7294955b-91f7-425d-850b-64f98ffa9908",
	1,
	0,
	'');
INSERT INTO R_RTO
	VALUES ("37699420-e221-4e5c-800b-cf398f6e9803",
	"737fb9b4-6772-447a-9946-dea477ac7b1c",
	"7294955b-91f7-425d-850b-64f98ffa9908",
	-1);
INSERT INTO R_OIR
	VALUES ("37699420-e221-4e5c-800b-cf398f6e9803",
	"737fb9b4-6772-447a-9946-dea477ac7b1c",
	"7294955b-91f7-425d-850b-64f98ffa9908",
	"00000000-0000-0000-0000-000000000000");
INSERT INTO R_PART
	VALUES ("99c3a579-f918-44fd-916c-a41161cb6518",
	"737fb9b4-6772-447a-9946-dea477ac7b1c",
	"353bef7d-d0ef-4253-8d57-e1f6fcb42b0c",
	0,
	0,
	'');
INSERT INTO R_RTO
	VALUES ("99c3a579-f918-44fd-916c-a41161cb6518",
	"737fb9b4-6772-447a-9946-dea477ac7b1c",
	"353bef7d-d0ef-4253-8d57-e1f6fcb42b0c",
	-1);
INSERT INTO R_OIR
	VALUES ("99c3a579-f918-44fd-916c-a41161cb6518",
	"737fb9b4-6772-447a-9946-dea477ac7b1c",
	"353bef7d-d0ef-4253-8d57-e1f6fcb42b0c",
	"00000000-0000-0000-0000-000000000000");
INSERT INTO PE_PE
	VALUES ("5b5a3175-13b4-4416-849f-5e76f1a4d678",
	1,
	"960454f9-cf5f-4331-88bf-8023709586b1",
	"00000000-0000-0000-0000-000000000000",
	9);
INSERT INTO R_REL
	VALUES ("5b5a3175-13b4-4416-849f-5e76f1a4d678",
	19,
	'',
	"00000000-0000-0000-0000-000000000000");
INSERT INTO R_SUBSUP
	VALUES ("5b5a3175-13b4-4416-849f-5e76f1a4d678");
INSERT INTO R_SUPER
	VALUES ("d26e1020-b532-43cc-aba6-3b584f19f179",
	"5b5a3175-13b4-4416-849f-5e76f1a4d678",
	"f76a8b5a-a168-4e59-b5c9-be355bf2289a");
INSERT INTO R_RTO
	VALUES ("d26e1020-b532-43cc-aba6-3b584f19f179",
	"5b5a3175-13b4-4416-849f-5e76f1a4d678",
	"f76a8b5a-a168-4e59-b5c9-be355bf2289a",
	-1);
INSERT INTO R_OIR
	VALUES ("d26e1020-b532-43cc-aba6-3b584f19f179",
	"5b5a3175-13b4-4416-849f-5e76f1a4d678",
	"f76a8b5a-a168-4e59-b5c9-be355bf2289a",
	"00000000-0000-0000-0000-000000000000");
INSERT INTO R_SUB
	VALUES ("80f12c98-ccb7-4bab-acab-351f7970a5eb",
	"5b5a3175-13b4-4416-849f-5e76f1a4d678",
	"1ba9dd84-92a7-4d7c-b780-859a5f45d542");
INSERT INTO R_RGO
	VALUES ("80f12c98-ccb7-4bab-acab-351f7970a5eb",
	"5b5a3175-13b4-4416-849f-5e76f1a4d678",
	"1ba9dd84-92a7-4d7c-b780-859a5f45d542");
INSERT INTO R_OIR
	VALUES ("80f12c98-ccb7-4bab-acab-351f7970a5eb",
	"5b5a3175-13b4-4416-849f-5e76f1a4d678",
	"1ba9dd84-92a7-4d7c-b780-859a5f45d542",
	"00000000-0000-0000-0000-000000000000");
INSERT INTO R_SUB
	VALUES ("3aa4c78b-6981-4249-a93a-87e0e14f07b3",
	"5b5a3175-13b4-4416-849f-5e76f1a4d678",
	"4c29aba1-6047-4a4f-8e11-fc7c983d6f8c");
INSERT INTO R_RGO
	VALUES ("3aa4c78b-6981-4249-a93a-87e0e14f07b3",
	"5b5a3175-13b4-4416-849f-5e76f1a4d678",
	"4c29aba1-6047-4a4f-8e11-fc7c983d6f8c");
INSERT INTO R_OIR
	VALUES ("3aa4c78b-6981-4249-a93a-87e0e14f07b3",
	"5b5a3175-13b4-4416-849f-5e76f1a4d678",
	"4c29aba1-6047-4a4f-8e11-fc7c983d6f8c",
	"00000000-0000-0000-0000-000000000000");
INSERT INTO R_SUB
	VALUES ("f7fdf9fb-1710-40c4-833a-7cddef46a59a",
	"5b5a3175-13b4-4416-849f-5e76f1a4d678",
	"2098beaf-324a-479a-97bd-0c72010067b2");
INSERT INTO R_RGO
	VALUES ("f7fdf9fb-1710-40c4-833a-7cddef46a59a",
	"5b5a3175-13b4-4416-849f-5e76f1a4d678",
	"2098beaf-324a-479a-97bd-0c72010067b2");
INSERT INTO R_OIR
	VALUES ("f7fdf9fb-1710-40c4-833a-7cddef46a59a",
	"5b5a3175-13b4-4416-849f-5e76f1a4d678",
	"2098beaf-324a-479a-97bd-0c72010067b2",
	"00000000-0000-0000-0000-000000000000");
INSERT INTO PE_PE
	VALUES ("27f82e85-9615-4283-a515-8b663c4c6678",
	1,
	"960454f9-cf5f-4331-88bf-8023709586b1",
	"00000000-0000-0000-0000-000000000000",
	9);
INSERT INTO R_REL
	VALUES ("27f82e85-9615-4283-a515-8b663c4c6678",
	18,
	'',
	"00000000-0000-0000-0000-000000000000");
INSERT INTO R_SIMP
	VALUES ("27f82e85-9615-4283-a515-8b663c4c6678");
INSERT INTO R_PART
	VALUES ("bb0b5c24-97a4-43d0-bb19-ce1683a93dc8",
	"27f82e85-9615-4283-a515-8b663c4c6678",
	"1202adb4-b546-4d2e-8522-1cd2b762eb0a",
	1,
	0,
	'');
INSERT INTO R_RTO
	VALUES ("bb0b5c24-97a4-43d0-bb19-ce1683a93dc8",
	"27f82e85-9615-4283-a515-8b663c4c6678",
	"1202adb4-b546-4d2e-8522-1cd2b762eb0a",
	-1);
INSERT INTO R_OIR
	VALUES ("bb0b5c24-97a4-43d0-bb19-ce1683a93dc8",
	"27f82e85-9615-4283-a515-8b663c4c6678",
	"1202adb4-b546-4d2e-8522-1cd2b762eb0a",
	"00000000-0000-0000-0000-000000000000");
INSERT INTO R_PART
	VALUES ("daf3cea3-b187-4d6a-9517-f12785ae9b3a",
	"27f82e85-9615-4283-a515-8b663c4c6678",
	"c78bc65d-b8e5-4b68-974d-19354e082db0",
	0,
	0,
	'');
INSERT INTO R_RTO
	VALUES ("daf3cea3-b187-4d6a-9517-f12785ae9b3a",
	"27f82e85-9615-4283-a515-8b663c4c6678",
	"c78bc65d-b8e5-4b68-974d-19354e082db0",
	-1);
INSERT INTO R_OIR
	VALUES ("daf3cea3-b187-4d6a-9517-f12785ae9b3a",
	"27f82e85-9615-4283-a515-8b663c4c6678",
	"c78bc65d-b8e5-4b68-974d-19354e082db0",
	"00000000-0000-0000-0000-000000000000");
INSERT INTO PE_PE
	VALUES ("17f1dd67-3fd4-46db-8752-891089e87a24",
	1,
	"960454f9-cf5f-4331-88bf-8023709586b1",
	"00000000-0000-0000-0000-000000000000",
	9);
INSERT INTO R_REL
	VALUES ("17f1dd67-3fd4-46db-8752-891089e87a24",
	17,
	'',
	"00000000-0000-0000-0000-000000000000");
INSERT INTO R_SIMP
	VALUES ("17f1dd67-3fd4-46db-8752-891089e87a24");
INSERT INTO R_PART
	VALUES ("daf3cea3-b187-4d6a-9517-f12785ae9b3a",
	"17f1dd67-3fd4-46db-8752-891089e87a24",
	"aef79ac8-231d-4295-a52d-a0148b9ed0b7",
	0,
	0,
	'');
INSERT INTO R_RTO
	VALUES ("daf3cea3-b187-4d6a-9517-f12785ae9b3a",
	"17f1dd67-3fd4-46db-8752-891089e87a24",
	"aef79ac8-231d-4295-a52d-a0148b9ed0b7",
	-1);
INSERT INTO R_OIR
	VALUES ("daf3cea3-b187-4d6a-9517-f12785ae9b3a",
	"17f1dd67-3fd4-46db-8752-891089e87a24",
	"aef79ac8-231d-4295-a52d-a0148b9ed0b7",
	"00000000-0000-0000-0000-000000000000");
INSERT INTO R_PART
	VALUES ("7137c09d-ba0e-406b-b3b5-76bb3cc48f3d",
	"17f1dd67-3fd4-46db-8752-891089e87a24",
	"98f02e38-3e58-4681-84cc-2eebc38ab253",
	1,
	0,
	'');
INSERT INTO R_RTO
	VALUES ("7137c09d-ba0e-406b-b3b5-76bb3cc48f3d",
	"17f1dd67-3fd4-46db-8752-891089e87a24",
	"98f02e38-3e58-4681-84cc-2eebc38ab253",
	-1);
INSERT INTO R_OIR
	VALUES ("7137c09d-ba0e-406b-b3b5-76bb3cc48f3d",
	"17f1dd67-3fd4-46db-8752-891089e87a24",
	"98f02e38-3e58-4681-84cc-2eebc38ab253",
	"00000000-0000-0000-0000-000000000000");
INSERT INTO PE_PE
	VALUES ("52b0eaa5-a352-460e-8eff-763b9460a089",
	1,
	"960454f9-cf5f-4331-88bf-8023709586b1",
	"00000000-0000-0000-0000-000000000000",
	9);
INSERT INTO R_REL
	VALUES ("52b0eaa5-a352-460e-8eff-763b9460a089",
	16,
	'',
	"00000000-0000-0000-0000-000000000000");
INSERT INTO R_SIMP
	VALUES ("52b0eaa5-a352-460e-8eff-763b9460a089");
INSERT INTO R_PART
	VALUES ("4b839513-bd70-4d73-85ed-c06b10ee091a",
	"52b0eaa5-a352-460e-8eff-763b9460a089",
	"25501ca8-a17d-4a63-b431-b3b0dcc8216c",
	1,
	0,
	'');
INSERT INTO R_RTO
	VALUES ("4b839513-bd70-4d73-85ed-c06b10ee091a",
	"52b0eaa5-a352-460e-8eff-763b9460a089",
	"25501ca8-a17d-4a63-b431-b3b0dcc8216c",
	-1);
INSERT INTO R_OIR
	VALUES ("4b839513-bd70-4d73-85ed-c06b10ee091a",
	"52b0eaa5-a352-460e-8eff-763b9460a089",
	"25501ca8-a17d-4a63-b431-b3b0dcc8216c",
	"00000000-0000-0000-0000-000000000000");
INSERT INTO R_PART
	VALUES ("9309978f-bd81-4f9f-96e9-b124c945fbf1",
	"52b0eaa5-a352-460e-8eff-763b9460a089",
	"1552b6fa-6820-4af7-82dc-be6c93f0ef5c",
	1,
	0,
	'stays_in');
INSERT INTO R_RTO
	VALUES ("9309978f-bd81-4f9f-96e9-b124c945fbf1",
	"52b0eaa5-a352-460e-8eff-763b9460a089",
	"1552b6fa-6820-4af7-82dc-be6c93f0ef5c",
	-1);
INSERT INTO R_OIR
	VALUES ("9309978f-bd81-4f9f-96e9-b124c945fbf1",
	"52b0eaa5-a352-460e-8eff-763b9460a089",
	"1552b6fa-6820-4af7-82dc-be6c93f0ef5c",
	"00000000-0000-0000-0000-000000000000");
INSERT INTO PE_PE
	VALUES ("04439075-ebac-4bb8-8ccd-793e4071228c",
	1,
	"960454f9-cf5f-4331-88bf-8023709586b1",
	"00000000-0000-0000-0000-000000000000",
	9);
INSERT INTO R_REL
	VALUES ("04439075-ebac-4bb8-8ccd-793e4071228c",
	15,
	'',
	"00000000-0000-0000-0000-000000000000");
INSERT INTO R_SIMP
	VALUES ("04439075-ebac-4bb8-8ccd-793e4071228c");
INSERT INTO R_PART
	VALUES ("9a41fe9e-f547-4cde-b68d-f7db43c904dc",
	"04439075-ebac-4bb8-8ccd-793e4071228c",
	"39bead95-08e1-44c3-ab0d-6d1bead6a294",
	1,
	0,
	'');
INSERT INTO R_RTO
	VALUES ("9a41fe9e-f547-4cde-b68d-f7db43c904dc",
	"04439075-ebac-4bb8-8ccd-793e4071228c",
	"39bead95-08e1-44c3-ab0d-6d1bead6a294",
	-1);
INSERT INTO R_OIR
	VALUES ("9a41fe9e-f547-4cde-b68d-f7db43c904dc",
	"04439075-ebac-4bb8-8ccd-793e4071228c",
	"39bead95-08e1-44c3-ab0d-6d1bead6a294",
	"00000000-0000-0000-0000-000000000000");
INSERT INTO R_PART
	VALUES ("9309978f-bd81-4f9f-96e9-b124c945fbf1",
	"04439075-ebac-4bb8-8ccd-793e4071228c",
	"ae27ca47-c396-4937-85d9-50896567cb6f",
	1,
	0,
	'use');
INSERT INTO R_RTO
	VALUES ("9309978f-bd81-4f9f-96e9-b124c945fbf1",
	"04439075-ebac-4bb8-8ccd-793e4071228c",
	"ae27ca47-c396-4937-85d9-50896567cb6f",
	-1);
INSERT INTO R_OIR
	VALUES ("9309978f-bd81-4f9f-96e9-b124c945fbf1",
	"04439075-ebac-4bb8-8ccd-793e4071228c",
	"ae27ca47-c396-4937-85d9-50896567cb6f",
	"00000000-0000-0000-0000-000000000000");
INSERT INTO PE_PE
	VALUES ("67bafe36-3499-4032-89f0-72889662bcf2",
	1,
	"960454f9-cf5f-4331-88bf-8023709586b1",
	"00000000-0000-0000-0000-000000000000",
	9);
INSERT INTO R_REL
	VALUES ("67bafe36-3499-4032-89f0-72889662bcf2",
	14,
	'',
	"00000000-0000-0000-0000-000000000000");
INSERT INTO R_SIMP
	VALUES ("67bafe36-3499-4032-89f0-72889662bcf2");
INSERT INTO R_PART
	VALUES ("4b839513-bd70-4d73-85ed-c06b10ee091a",
	"67bafe36-3499-4032-89f0-72889662bcf2",
	"0dc7c9cf-4e22-4985-8dc1-c23eabca04d8",
	1,
	1,
	'');
INSERT INTO R_RTO
	VALUES ("4b839513-bd70-4d73-85ed-c06b10ee091a",
	"67bafe36-3499-4032-89f0-72889662bcf2",
	"0dc7c9cf-4e22-4985-8dc1-c23eabca04d8",
	-1);
INSERT INTO R_OIR
	VALUES ("4b839513-bd70-4d73-85ed-c06b10ee091a",
	"67bafe36-3499-4032-89f0-72889662bcf2",
	"0dc7c9cf-4e22-4985-8dc1-c23eabca04d8",
	"00000000-0000-0000-0000-000000000000");
INSERT INTO R_PART
	VALUES ("9a41fe9e-f547-4cde-b68d-f7db43c904dc",
	"67bafe36-3499-4032-89f0-72889662bcf2",
	"b82ac6be-d970-48c5-9151-97d4f0db7548",
	1,
	1,
	'is_booked_in');
INSERT INTO R_RTO
	VALUES ("9a41fe9e-f547-4cde-b68d-f7db43c904dc",
	"67bafe36-3499-4032-89f0-72889662bcf2",
	"b82ac6be-d970-48c5-9151-97d4f0db7548",
	-1);
INSERT INTO R_OIR
	VALUES ("9a41fe9e-f547-4cde-b68d-f7db43c904dc",
	"67bafe36-3499-4032-89f0-72889662bcf2",
	"b82ac6be-d970-48c5-9151-97d4f0db7548",
	"00000000-0000-0000-0000-000000000000");
INSERT INTO PE_PE
	VALUES ("6b659d9b-9323-400f-bda2-168e1882b5ad",
	1,
	"960454f9-cf5f-4331-88bf-8023709586b1",
	"00000000-0000-0000-0000-000000000000",
	9);
INSERT INTO R_REL
	VALUES ("6b659d9b-9323-400f-bda2-168e1882b5ad",
	13,
	'',
	"00000000-0000-0000-0000-000000000000");
INSERT INTO R_SIMP
	VALUES ("6b659d9b-9323-400f-bda2-168e1882b5ad");
INSERT INTO R_PART
	VALUES ("daf3cea3-b187-4d6a-9517-f12785ae9b3a",
	"6b659d9b-9323-400f-bda2-168e1882b5ad",
	"a8431207-ca51-4e17-8338-6e6602c8d4e4",
	0,
	0,
	'remembers_all');
INSERT INTO R_RTO
	VALUES ("daf3cea3-b187-4d6a-9517-f12785ae9b3a",
	"6b659d9b-9323-400f-bda2-168e1882b5ad",
	"a8431207-ca51-4e17-8338-6e6602c8d4e4",
	-1);
INSERT INTO R_OIR
	VALUES ("daf3cea3-b187-4d6a-9517-f12785ae9b3a",
	"6b659d9b-9323-400f-bda2-168e1882b5ad",
	"a8431207-ca51-4e17-8338-6e6602c8d4e4",
	"00000000-0000-0000-0000-000000000000");
INSERT INTO R_PART
	VALUES ("9a41fe9e-f547-4cde-b68d-f7db43c904dc",
	"6b659d9b-9323-400f-bda2-168e1882b5ad",
	"519f603e-e0a2-4c7f-af0c-464e8166195f",
	1,
	1,
	'');
INSERT INTO R_RTO
	VALUES ("9a41fe9e-f547-4cde-b68d-f7db43c904dc",
	"6b659d9b-9323-400f-bda2-168e1882b5ad",
	"519f603e-e0a2-4c7f-af0c-464e8166195f",
	-1);
INSERT INTO R_OIR
	VALUES ("9a41fe9e-f547-4cde-b68d-f7db43c904dc",
	"6b659d9b-9323-400f-bda2-168e1882b5ad",
	"519f603e-e0a2-4c7f-af0c-464e8166195f",
	"00000000-0000-0000-0000-000000000000");
INSERT INTO PE_PE
	VALUES ("7d508746-e918-4ced-820e-e5203f63e646",
	1,
	"960454f9-cf5f-4331-88bf-8023709586b1",
	"00000000-0000-0000-0000-000000000000",
	9);
INSERT INTO R_REL
	VALUES ("7d508746-e918-4ced-820e-e5203f63e646",
	12,
	'',
	"00000000-0000-0000-0000-000000000000");
INSERT INTO R_SIMP
	VALUES ("7d508746-e918-4ced-820e-e5203f63e646");
INSERT INTO R_PART
	VALUES ("803702ba-1594-4405-b96a-8c76b6ef1c69",
	"7d508746-e918-4ced-820e-e5203f63e646",
	"adaefc2a-48da-4549-b346-3b926f9a26ab",
	1,
	0,
	'');
INSERT INTO R_RTO
	VALUES ("803702ba-1594-4405-b96a-8c76b6ef1c69",
	"7d508746-e918-4ced-820e-e5203f63e646",
	"adaefc2a-48da-4549-b346-3b926f9a26ab",
	-1);
INSERT INTO R_OIR
	VALUES ("803702ba-1594-4405-b96a-8c76b6ef1c69",
	"7d508746-e918-4ced-820e-e5203f63e646",
	"adaefc2a-48da-4549-b346-3b926f9a26ab",
	"00000000-0000-0000-0000-000000000000");
INSERT INTO R_PART
	VALUES ("9a41fe9e-f547-4cde-b68d-f7db43c904dc",
	"7d508746-e918-4ced-820e-e5203f63e646",
	"51a414ea-2589-47b7-87d5-e52346c1f4cf",
	1,
	0,
	'');
INSERT INTO R_RTO
	VALUES ("9a41fe9e-f547-4cde-b68d-f7db43c904dc",
	"7d508746-e918-4ced-820e-e5203f63e646",
	"51a414ea-2589-47b7-87d5-e52346c1f4cf",
	-1);
INSERT INTO R_OIR
	VALUES ("9a41fe9e-f547-4cde-b68d-f7db43c904dc",
	"7d508746-e918-4ced-820e-e5203f63e646",
	"51a414ea-2589-47b7-87d5-e52346c1f4cf",
	"00000000-0000-0000-0000-000000000000");
INSERT INTO PE_PE
	VALUES ("002fe6fb-c382-4ec0-81b2-d01180b5ec85",
	1,
	"960454f9-cf5f-4331-88bf-8023709586b1",
	"00000000-0000-0000-0000-000000000000",
	9);
INSERT INTO R_REL
	VALUES ("002fe6fb-c382-4ec0-81b2-d01180b5ec85",
	11,
	'',
	"00000000-0000-0000-0000-000000000000");
INSERT INTO R_SIMP
	VALUES ("002fe6fb-c382-4ec0-81b2-d01180b5ec85");
INSERT INTO R_PART
	VALUES ("20ba6bbe-cbf1-487f-84fe-b3855f86b898",
	"002fe6fb-c382-4ec0-81b2-d01180b5ec85",
	"e37ba630-26e3-4da2-89bf-0c9be7e97693",
	1,
	0,
	'is_assigned');
INSERT INTO R_RTO
	VALUES ("20ba6bbe-cbf1-487f-84fe-b3855f86b898",
	"002fe6fb-c382-4ec0-81b2-d01180b5ec85",
	"e37ba630-26e3-4da2-89bf-0c9be7e97693",
	-1);
INSERT INTO R_OIR
	VALUES ("20ba6bbe-cbf1-487f-84fe-b3855f86b898",
	"002fe6fb-c382-4ec0-81b2-d01180b5ec85",
	"e37ba630-26e3-4da2-89bf-0c9be7e97693",
	"00000000-0000-0000-0000-000000000000");
INSERT INTO R_PART
	VALUES ("d4920e0c-3487-44a7-8290-60ff9ed36c4e",
	"002fe6fb-c382-4ec0-81b2-d01180b5ec85",
	"973a1e30-66ee-4a9d-b2c6-38838a699d22",
	1,
	0,
	'privileges');
INSERT INTO R_RTO
	VALUES ("d4920e0c-3487-44a7-8290-60ff9ed36c4e",
	"002fe6fb-c382-4ec0-81b2-d01180b5ec85",
	"973a1e30-66ee-4a9d-b2c6-38838a699d22",
	-1);
INSERT INTO R_OIR
	VALUES ("d4920e0c-3487-44a7-8290-60ff9ed36c4e",
	"002fe6fb-c382-4ec0-81b2-d01180b5ec85",
	"973a1e30-66ee-4a9d-b2c6-38838a699d22",
	"00000000-0000-0000-0000-000000000000");
INSERT INTO PE_PE
	VALUES ("dc2eb1da-3e82-485a-a57f-8be99f6a17a6",
	1,
	"960454f9-cf5f-4331-88bf-8023709586b1",
	"00000000-0000-0000-0000-000000000000",
	9);
INSERT INTO R_REL
	VALUES ("dc2eb1da-3e82-485a-a57f-8be99f6a17a6",
	10,
	'',
	"00000000-0000-0000-0000-000000000000");
INSERT INTO R_SIMP
	VALUES ("dc2eb1da-3e82-485a-a57f-8be99f6a17a6");
INSERT INTO R_PART
	VALUES ("daf3cea3-b187-4d6a-9517-f12785ae9b3a",
	"dc2eb1da-3e82-485a-a57f-8be99f6a17a6",
	"5f0c1d18-c783-4861-bacd-157ac7c5eadd",
	0,
	0,
	'employ');
INSERT INTO R_RTO
	VALUES ("daf3cea3-b187-4d6a-9517-f12785ae9b3a",
	"dc2eb1da-3e82-485a-a57f-8be99f6a17a6",
	"5f0c1d18-c783-4861-bacd-157ac7c5eadd",
	-1);
INSERT INTO R_OIR
	VALUES ("daf3cea3-b187-4d6a-9517-f12785ae9b3a",
	"dc2eb1da-3e82-485a-a57f-8be99f6a17a6",
	"5f0c1d18-c783-4861-bacd-157ac7c5eadd",
	"00000000-0000-0000-0000-000000000000");
INSERT INTO R_PART
	VALUES ("20ba6bbe-cbf1-487f-84fe-b3855f86b898",
	"dc2eb1da-3e82-485a-a57f-8be99f6a17a6",
	"7f166105-f16c-4d27-ae5d-32b36de90c8a",
	1,
	0,
	'works_at');
INSERT INTO R_RTO
	VALUES ("20ba6bbe-cbf1-487f-84fe-b3855f86b898",
	"dc2eb1da-3e82-485a-a57f-8be99f6a17a6",
	"7f166105-f16c-4d27-ae5d-32b36de90c8a",
	-1);
INSERT INTO R_OIR
	VALUES ("20ba6bbe-cbf1-487f-84fe-b3855f86b898",
	"dc2eb1da-3e82-485a-a57f-8be99f6a17a6",
	"7f166105-f16c-4d27-ae5d-32b36de90c8a",
	"00000000-0000-0000-0000-000000000000");
INSERT INTO PE_PE
	VALUES ("8e6b9c28-ea1f-478f-8a85-37281a7e9221",
	1,
	"960454f9-cf5f-4331-88bf-8023709586b1",
	"00000000-0000-0000-0000-000000000000",
	9);
INSERT INTO R_REL
	VALUES ("8e6b9c28-ea1f-478f-8a85-37281a7e9221",
	9,
	'',
	"00000000-0000-0000-0000-000000000000");
INSERT INTO R_SIMP
	VALUES ("8e6b9c28-ea1f-478f-8a85-37281a7e9221");
INSERT INTO R_PART
	VALUES ("daf3cea3-b187-4d6a-9517-f12785ae9b3a",
	"8e6b9c28-ea1f-478f-8a85-37281a7e9221",
	"c7d6c68e-7ca4-4ed3-8a3c-1589fdcad15a",
	0,
	0,
	'provides');
INSERT INTO R_RTO
	VALUES ("daf3cea3-b187-4d6a-9517-f12785ae9b3a",
	"8e6b9c28-ea1f-478f-8a85-37281a7e9221",
	"c7d6c68e-7ca4-4ed3-8a3c-1589fdcad15a",
	-1);
INSERT INTO R_OIR
	VALUES ("daf3cea3-b187-4d6a-9517-f12785ae9b3a",
	"8e6b9c28-ea1f-478f-8a85-37281a7e9221",
	"c7d6c68e-7ca4-4ed3-8a3c-1589fdcad15a",
	"00000000-0000-0000-0000-000000000000");
INSERT INTO R_PART
	VALUES ("803702ba-1594-4405-b96a-8c76b6ef1c69",
	"8e6b9c28-ea1f-478f-8a85-37281a7e9221",
	"a8092995-9e47-4ea7-933f-1107687fa0c6",
	1,
	0,
	'');
INSERT INTO R_RTO
	VALUES ("803702ba-1594-4405-b96a-8c76b6ef1c69",
	"8e6b9c28-ea1f-478f-8a85-37281a7e9221",
	"a8092995-9e47-4ea7-933f-1107687fa0c6",
	-1);
INSERT INTO R_OIR
	VALUES ("803702ba-1594-4405-b96a-8c76b6ef1c69",
	"8e6b9c28-ea1f-478f-8a85-37281a7e9221",
	"a8092995-9e47-4ea7-933f-1107687fa0c6",
	"00000000-0000-0000-0000-000000000000");
INSERT INTO PE_PE
	VALUES ("3325f7b8-3264-421e-8761-e21c909a5629",
	1,
	"960454f9-cf5f-4331-88bf-8023709586b1",
	"00000000-0000-0000-0000-000000000000",
	9);
INSERT INTO R_REL
	VALUES ("3325f7b8-3264-421e-8761-e21c909a5629",
	8,
	'',
	"00000000-0000-0000-0000-000000000000");
INSERT INTO R_SIMP
	VALUES ("3325f7b8-3264-421e-8761-e21c909a5629");
INSERT INTO R_PART
	VALUES ("803702ba-1594-4405-b96a-8c76b6ef1c69",
	"3325f7b8-3264-421e-8761-e21c909a5629",
	"99e326a1-deb0-4b66-9607-92a946669c60",
	1,
	0,
	'members');
INSERT INTO R_RTO
	VALUES ("803702ba-1594-4405-b96a-8c76b6ef1c69",
	"3325f7b8-3264-421e-8761-e21c909a5629",
	"99e326a1-deb0-4b66-9607-92a946669c60",
	-1);
INSERT INTO R_OIR
	VALUES ("803702ba-1594-4405-b96a-8c76b6ef1c69",
	"3325f7b8-3264-421e-8761-e21c909a5629",
	"99e326a1-deb0-4b66-9607-92a946669c60",
	"00000000-0000-0000-0000-000000000000");
INSERT INTO R_PART
	VALUES ("7a1c6c92-00d7-49ac-a23b-cfb4d3362f53",
	"3325f7b8-3264-421e-8761-e21c909a5629",
	"a9258539-1b6e-4757-8379-14d15dc93273",
	0,
	0,
	'contains');
INSERT INTO R_RTO
	VALUES ("7a1c6c92-00d7-49ac-a23b-cfb4d3362f53",
	"3325f7b8-3264-421e-8761-e21c909a5629",
	"a9258539-1b6e-4757-8379-14d15dc93273",
	-1);
INSERT INTO R_OIR
	VALUES ("7a1c6c92-00d7-49ac-a23b-cfb4d3362f53",
	"3325f7b8-3264-421e-8761-e21c909a5629",
	"a9258539-1b6e-4757-8379-14d15dc93273",
	"00000000-0000-0000-0000-000000000000");
INSERT INTO PE_PE
	VALUES ("cb8d1a7f-fd3c-4429-a5dd-c6ef9102edff",
	1,
	"960454f9-cf5f-4331-88bf-8023709586b1",
	"00000000-0000-0000-0000-000000000000",
	9);
INSERT INTO R_REL
	VALUES ("cb8d1a7f-fd3c-4429-a5dd-c6ef9102edff",
	6,
	'',
	"00000000-0000-0000-0000-000000000000");
INSERT INTO R_SIMP
	VALUES ("cb8d1a7f-fd3c-4429-a5dd-c6ef9102edff");
INSERT INTO R_PART
	VALUES ("4b839513-bd70-4d73-85ed-c06b10ee091a",
	"cb8d1a7f-fd3c-4429-a5dd-c6ef9102edff",
	"77ff7653-0280-4f8e-8f16-d24ec7d664f2",
	1,
	1,
	'');
INSERT INTO R_RTO
	VALUES ("4b839513-bd70-4d73-85ed-c06b10ee091a",
	"cb8d1a7f-fd3c-4429-a5dd-c6ef9102edff",
	"77ff7653-0280-4f8e-8f16-d24ec7d664f2",
	-1);
INSERT INTO R_OIR
	VALUES ("4b839513-bd70-4d73-85ed-c06b10ee091a",
	"cb8d1a7f-fd3c-4429-a5dd-c6ef9102edff",
	"77ff7653-0280-4f8e-8f16-d24ec7d664f2",
	"00000000-0000-0000-0000-000000000000");
INSERT INTO R_PART
	VALUES ("bb0b5c24-97a4-43d0-bb19-ce1683a93dc8",
	"cb8d1a7f-fd3c-4429-a5dd-c6ef9102edff",
	"8995068b-da0d-4d41-90b9-d0db85a2cbb9",
	0,
	0,
	'contains');
INSERT INTO R_RTO
	VALUES ("bb0b5c24-97a4-43d0-bb19-ce1683a93dc8",
	"cb8d1a7f-fd3c-4429-a5dd-c6ef9102edff",
	"8995068b-da0d-4d41-90b9-d0db85a2cbb9",
	-1);
INSERT INTO R_OIR
	VALUES ("bb0b5c24-97a4-43d0-bb19-ce1683a93dc8",
	"cb8d1a7f-fd3c-4429-a5dd-c6ef9102edff",
	"8995068b-da0d-4d41-90b9-d0db85a2cbb9",
	"00000000-0000-0000-0000-000000000000");
INSERT INTO PE_PE
	VALUES ("2eefcfb6-146c-44cf-afc9-d135839bc442",
	1,
	"960454f9-cf5f-4331-88bf-8023709586b1",
	"00000000-0000-0000-0000-000000000000",
	9);
INSERT INTO R_REL
	VALUES ("2eefcfb6-146c-44cf-afc9-d135839bc442",
	5,
	'',
	"00000000-0000-0000-0000-000000000000");
INSERT INTO R_SIMP
	VALUES ("2eefcfb6-146c-44cf-afc9-d135839bc442");
INSERT INTO R_PART
	VALUES ("1efeba6e-0315-442d-8e70-729b05561bea",
	"2eefcfb6-146c-44cf-afc9-d135839bc442",
	"56a49bc0-2be0-492c-9e3e-1db099ed7826",
	1,
	0,
	'');
INSERT INTO R_RTO
	VALUES ("1efeba6e-0315-442d-8e70-729b05561bea",
	"2eefcfb6-146c-44cf-afc9-d135839bc442",
	"56a49bc0-2be0-492c-9e3e-1db099ed7826",
	-1);
INSERT INTO R_OIR
	VALUES ("1efeba6e-0315-442d-8e70-729b05561bea",
	"2eefcfb6-146c-44cf-afc9-d135839bc442",
	"56a49bc0-2be0-492c-9e3e-1db099ed7826",
	"00000000-0000-0000-0000-000000000000");
INSERT INTO R_PART
	VALUES ("bafdc953-1881-43a3-a5f1-9dcc7e2d60c3",
	"2eefcfb6-146c-44cf-afc9-d135839bc442",
	"1e23b346-2dac-4340-bd6e-c2cfcaf0971b",
	0,
	0,
	'can_be_complemented_with');
INSERT INTO R_RTO
	VALUES ("bafdc953-1881-43a3-a5f1-9dcc7e2d60c3",
	"2eefcfb6-146c-44cf-afc9-d135839bc442",
	"1e23b346-2dac-4340-bd6e-c2cfcaf0971b",
	-1);
INSERT INTO R_OIR
	VALUES ("bafdc953-1881-43a3-a5f1-9dcc7e2d60c3",
	"2eefcfb6-146c-44cf-afc9-d135839bc442",
	"1e23b346-2dac-4340-bd6e-c2cfcaf0971b",
	"00000000-0000-0000-0000-000000000000");
INSERT INTO PE_PE
	VALUES ("55c612ef-684e-4f08-8fd3-2f7baa4f6a03",
	1,
	"960454f9-cf5f-4331-88bf-8023709586b1",
	"00000000-0000-0000-0000-000000000000",
	9);
INSERT INTO R_REL
	VALUES ("55c612ef-684e-4f08-8fd3-2f7baa4f6a03",
	4,
	'',
	"00000000-0000-0000-0000-000000000000");
INSERT INTO R_SIMP
	VALUES ("55c612ef-684e-4f08-8fd3-2f7baa4f6a03");
INSERT INTO R_PART
	VALUES ("1efeba6e-0315-442d-8e70-729b05561bea",
	"55c612ef-684e-4f08-8fd3-2f7baa4f6a03",
	"e44658ba-0fba-4f4e-9ec5-84aa92cbb45c",
	1,
	0,
	'');
INSERT INTO R_RTO
	VALUES ("1efeba6e-0315-442d-8e70-729b05561bea",
	"55c612ef-684e-4f08-8fd3-2f7baa4f6a03",
	"e44658ba-0fba-4f4e-9ec5-84aa92cbb45c",
	-1);
INSERT INTO R_OIR
	VALUES ("1efeba6e-0315-442d-8e70-729b05561bea",
	"55c612ef-684e-4f08-8fd3-2f7baa4f6a03",
	"e44658ba-0fba-4f4e-9ec5-84aa92cbb45c",
	"00000000-0000-0000-0000-000000000000");
INSERT INTO R_PART
	VALUES ("bafdc953-1881-43a3-a5f1-9dcc7e2d60c3",
	"55c612ef-684e-4f08-8fd3-2f7baa4f6a03",
	"77de1e4f-f473-4327-8c37-26da30f816fc",
	0,
	0,
	'includes');
INSERT INTO R_RTO
	VALUES ("bafdc953-1881-43a3-a5f1-9dcc7e2d60c3",
	"55c612ef-684e-4f08-8fd3-2f7baa4f6a03",
	"77de1e4f-f473-4327-8c37-26da30f816fc",
	-1);
INSERT INTO R_OIR
	VALUES ("bafdc953-1881-43a3-a5f1-9dcc7e2d60c3",
	"55c612ef-684e-4f08-8fd3-2f7baa4f6a03",
	"77de1e4f-f473-4327-8c37-26da30f816fc",
	"00000000-0000-0000-0000-000000000000");
INSERT INTO PE_PE
	VALUES ("b6e0045d-1e07-4da1-89ae-bb851de5ae4a",
	1,
	"960454f9-cf5f-4331-88bf-8023709586b1",
	"00000000-0000-0000-0000-000000000000",
	9);
INSERT INTO R_REL
	VALUES ("b6e0045d-1e07-4da1-89ae-bb851de5ae4a",
	3,
	'',
	"00000000-0000-0000-0000-000000000000");
INSERT INTO R_SIMP
	VALUES ("b6e0045d-1e07-4da1-89ae-bb851de5ae4a");
INSERT INTO R_PART
	VALUES ("bb0b5c24-97a4-43d0-bb19-ce1683a93dc8",
	"b6e0045d-1e07-4da1-89ae-bb851de5ae4a",
	"c4dd5b77-1e25-440c-badd-f2b4a5448322",
	0,
	0,
	'has');
INSERT INTO R_RTO
	VALUES ("bb0b5c24-97a4-43d0-bb19-ce1683a93dc8",
	"b6e0045d-1e07-4da1-89ae-bb851de5ae4a",
	"c4dd5b77-1e25-440c-badd-f2b4a5448322",
	-1);
INSERT INTO R_OIR
	VALUES ("bb0b5c24-97a4-43d0-bb19-ce1683a93dc8",
	"b6e0045d-1e07-4da1-89ae-bb851de5ae4a",
	"c4dd5b77-1e25-440c-badd-f2b4a5448322",
	"00000000-0000-0000-0000-000000000000");
INSERT INTO R_PART
	VALUES ("bb0b5c24-97a4-43d0-bb19-ce1683a93dc8",
	"b6e0045d-1e07-4da1-89ae-bb851de5ae4a",
	"da5078a7-2cd7-4cf9-b068-a7698995668e",
	1,
	1,
	'in group');
INSERT INTO R_RTO
	VALUES ("bb0b5c24-97a4-43d0-bb19-ce1683a93dc8",
	"b6e0045d-1e07-4da1-89ae-bb851de5ae4a",
	"da5078a7-2cd7-4cf9-b068-a7698995668e",
	-1);
INSERT INTO R_OIR
	VALUES ("bb0b5c24-97a4-43d0-bb19-ce1683a93dc8",
	"b6e0045d-1e07-4da1-89ae-bb851de5ae4a",
	"da5078a7-2cd7-4cf9-b068-a7698995668e",
	"00000000-0000-0000-0000-000000000000");
INSERT INTO PE_PE
	VALUES ("655f93cd-124d-4c1c-8fee-9a2f5468ffe1",
	1,
	"960454f9-cf5f-4331-88bf-8023709586b1",
	"00000000-0000-0000-0000-000000000000",
	9);
INSERT INTO R_REL
	VALUES ("655f93cd-124d-4c1c-8fee-9a2f5468ffe1",
	2,
	'',
	"00000000-0000-0000-0000-000000000000");
INSERT INTO R_SUBSUP
	VALUES ("655f93cd-124d-4c1c-8fee-9a2f5468ffe1");
INSERT INTO R_SUPER
	VALUES ("803702ba-1594-4405-b96a-8c76b6ef1c69",
	"655f93cd-124d-4c1c-8fee-9a2f5468ffe1",
	"e77468f8-eb00-4953-b3f1-a7ad93b6c20e");
INSERT INTO R_RTO
	VALUES ("803702ba-1594-4405-b96a-8c76b6ef1c69",
	"655f93cd-124d-4c1c-8fee-9a2f5468ffe1",
	"e77468f8-eb00-4953-b3f1-a7ad93b6c20e",
	-1);
INSERT INTO R_OIR
	VALUES ("803702ba-1594-4405-b96a-8c76b6ef1c69",
	"655f93cd-124d-4c1c-8fee-9a2f5468ffe1",
	"e77468f8-eb00-4953-b3f1-a7ad93b6c20e",
	"00000000-0000-0000-0000-000000000000");
INSERT INTO R_SUB
	VALUES ("7a1c6c92-00d7-49ac-a23b-cfb4d3362f53",
	"655f93cd-124d-4c1c-8fee-9a2f5468ffe1",
	"436371eb-cbe1-40dd-aa41-77ae8abcc98f");
INSERT INTO R_RGO
	VALUES ("7a1c6c92-00d7-49ac-a23b-cfb4d3362f53",
	"655f93cd-124d-4c1c-8fee-9a2f5468ffe1",
	"436371eb-cbe1-40dd-aa41-77ae8abcc98f");
INSERT INTO R_OIR
	VALUES ("7a1c6c92-00d7-49ac-a23b-cfb4d3362f53",
	"655f93cd-124d-4c1c-8fee-9a2f5468ffe1",
	"436371eb-cbe1-40dd-aa41-77ae8abcc98f",
	"00000000-0000-0000-0000-000000000000");
INSERT INTO R_SUB
	VALUES ("1efeba6e-0315-442d-8e70-729b05561bea",
	"655f93cd-124d-4c1c-8fee-9a2f5468ffe1",
	"538375ec-701e-44a0-a2fa-dc7774434702");
INSERT INTO R_RGO
	VALUES ("1efeba6e-0315-442d-8e70-729b05561bea",
	"655f93cd-124d-4c1c-8fee-9a2f5468ffe1",
	"538375ec-701e-44a0-a2fa-dc7774434702");
INSERT INTO R_OIR
	VALUES ("1efeba6e-0315-442d-8e70-729b05561bea",
	"655f93cd-124d-4c1c-8fee-9a2f5468ffe1",
	"538375ec-701e-44a0-a2fa-dc7774434702",
	"00000000-0000-0000-0000-000000000000");
INSERT INTO R_SUB
	VALUES ("bafdc953-1881-43a3-a5f1-9dcc7e2d60c3",
	"655f93cd-124d-4c1c-8fee-9a2f5468ffe1",
	"0f3a975d-eb0e-4480-bbed-ae4648523ecf");
INSERT INTO R_RGO
	VALUES ("bafdc953-1881-43a3-a5f1-9dcc7e2d60c3",
	"655f93cd-124d-4c1c-8fee-9a2f5468ffe1",
	"0f3a975d-eb0e-4480-bbed-ae4648523ecf");
INSERT INTO R_OIR
	VALUES ("bafdc953-1881-43a3-a5f1-9dcc7e2d60c3",
	"655f93cd-124d-4c1c-8fee-9a2f5468ffe1",
	"0f3a975d-eb0e-4480-bbed-ae4648523ecf",
	"00000000-0000-0000-0000-000000000000");
INSERT INTO PE_PE
	VALUES ("861d98e9-8fb8-41c9-b775-c91333eaac35",
	1,
	"960454f9-cf5f-4331-88bf-8023709586b1",
	"00000000-0000-0000-0000-000000000000",
	9);
INSERT INTO R_REL
	VALUES ("861d98e9-8fb8-41c9-b775-c91333eaac35",
	1,
	'',
	"00000000-0000-0000-0000-000000000000");
INSERT INTO R_SIMP
	VALUES ("861d98e9-8fb8-41c9-b775-c91333eaac35");
INSERT INTO R_PART
	VALUES ("bafdc953-1881-43a3-a5f1-9dcc7e2d60c3",
	"861d98e9-8fb8-41c9-b775-c91333eaac35",
	"f3b58287-3254-4757-975d-c2512681cca4",
	1,
	0,
	'is_instance_of');
INSERT INTO R_RTO
	VALUES ("bafdc953-1881-43a3-a5f1-9dcc7e2d60c3",
	"861d98e9-8fb8-41c9-b775-c91333eaac35",
	"f3b58287-3254-4757-975d-c2512681cca4",
	-1);
INSERT INTO R_OIR
	VALUES ("bafdc953-1881-43a3-a5f1-9dcc7e2d60c3",
	"861d98e9-8fb8-41c9-b775-c91333eaac35",
	"f3b58287-3254-4757-975d-c2512681cca4",
	"00000000-0000-0000-0000-000000000000");
INSERT INTO R_PART
	VALUES ("4b839513-bd70-4d73-85ed-c06b10ee091a",
	"861d98e9-8fb8-41c9-b775-c91333eaac35",
	"86ac1080-593f-4e6f-8bbb-da9c3f370a67",
	0,
	0,
	'');
INSERT INTO R_RTO
	VALUES ("4b839513-bd70-4d73-85ed-c06b10ee091a",
	"861d98e9-8fb8-41c9-b775-c91333eaac35",
	"86ac1080-593f-4e6f-8bbb-da9c3f370a67",
	-1);
INSERT INTO R_OIR
	VALUES ("4b839513-bd70-4d73-85ed-c06b10ee091a",
	"861d98e9-8fb8-41c9-b775-c91333eaac35",
	"86ac1080-593f-4e6f-8bbb-da9c3f370a67",
	"00000000-0000-0000-0000-000000000000");
INSERT INTO PE_PE
	VALUES ("19b27525-ef50-4d33-ab2c-8b7895f454e1",
	1,
	"960454f9-cf5f-4331-88bf-8023709586b1",
	"00000000-0000-0000-0000-000000000000",
	1);
INSERT INTO S_SYNC
	VALUES ("19b27525-ef50-4d33-ab2c-8b7895f454e1",
	"00000000-0000-0000-0000-000000000000",
	'PopulateFacilityTypes',
	'',
	'
create object instance ft of FACILITYTYPE;
create object instance b of BOOKABLE;
relate ft to b across R2;

ft.approximateArea = "About 20 square meters";
b.price = 100;
b.description = "A double bed room";


create object instance f1 of FACILITY;
relate f1 to ft across R1;
f1.facilityID = "Room1";

create object instance f2 of FACILITY;
relate f2 to ft across R1;
f1.facilityID = "Room2";

create object instance f3 of FACILITY;
relate f3 to ft across R1;
f1.facilityID = "Room3";




	



',
	"ba5eda7a-def5-0000-0000-000000000000",
	1,
	'');
INSERT INTO ACT_FNB
	VALUES ("c19a45ff-44e7-449e-a597-b1987f4f1d0a",
	"19b27525-ef50-4d33-ab2c-8b7895f454e1");
INSERT INTO ACT_ACT
	VALUES ("c19a45ff-44e7-449e-a597-b1987f4f1d0a",
	'function',
	0,
	"e29854ce-03dd-4e1d-8ebf-b957bb20108f",
	"00000000-0000-0000-0000-000000000000",
	0,
	'PopulateFacilityTypes',
	"00000000-0000-0000-0000-000000000000");
INSERT INTO ACT_BLK
	VALUES ("e29854ce-03dd-4e1d-8ebf-b957bb20108f",
	0,
	0,
	0,
	'',
	'',
	'',
	21,
	1,
	19,
	30,
	0,
	0,
	20,
	24,
	0,
	0,
	0,
	0,
	0,
	"c19a45ff-44e7-449e-a597-b1987f4f1d0a",
	"00000000-0000-0000-0000-000000000000");
INSERT INTO ACT_SMT
	VALUES ("f3fb7e9a-9850-4e45-ad34-0d046e949172",
	"e29854ce-03dd-4e1d-8ebf-b957bb20108f",
	"644c1e4d-b6e1-49ae-aa2e-997b53ef6ff5",
	2,
	1,
	'PopulateFacilityTypes line: 2');
INSERT INTO ACT_CR
	VALUES ("f3fb7e9a-9850-4e45-ad34-0d046e949172",
	"4ca55b9c-5d9e-49ac-8d5e-1939791a52d3",
	1,
	"bafdc953-1881-43a3-a5f1-9dcc7e2d60c3",
	2,
	30);
INSERT INTO ACT_SMT
	VALUES ("644c1e4d-b6e1-49ae-aa2e-997b53ef6ff5",
	"e29854ce-03dd-4e1d-8ebf-b957bb20108f",
	"df9d961e-9639-4d18-99ee-dd2996c24904",
	3,
	1,
	'PopulateFacilityTypes line: 3');
INSERT INTO ACT_CR
	VALUES ("644c1e4d-b6e1-49ae-aa2e-997b53ef6ff5",
	"79a21401-ce94-4d03-925c-d75b395ec2be",
	1,
	"803702ba-1594-4405-b96a-8c76b6ef1c69",
	3,
	29);
INSERT INTO ACT_SMT
	VALUES ("df9d961e-9639-4d18-99ee-dd2996c24904",
	"e29854ce-03dd-4e1d-8ebf-b957bb20108f",
	"9148f73d-fe95-46a3-9a1a-33e12d152367",
	4,
	1,
	'PopulateFacilityTypes line: 4');
INSERT INTO ACT_REL
	VALUES ("df9d961e-9639-4d18-99ee-dd2996c24904",
	"4ca55b9c-5d9e-49ac-8d5e-1939791a52d3",
	"79a21401-ce94-4d03-925c-d75b395ec2be",
	'',
	"655f93cd-124d-4c1c-8fee-9a2f5468ffe1",
	4,
	23,
	0,
	0);
INSERT INTO ACT_SMT
	VALUES ("9148f73d-fe95-46a3-9a1a-33e12d152367",
	"e29854ce-03dd-4e1d-8ebf-b957bb20108f",
	"1b22e04b-a202-4d52-8828-5050d9b45408",
	6,
	1,
	'PopulateFacilityTypes line: 6');
INSERT INTO ACT_AI
	VALUES ("9148f73d-fe95-46a3-9a1a-33e12d152367",
	"ed4123b2-1d6a-4ecc-801a-9af9e7549f97",
	"61e44dc4-0a44-497a-9840-69c4dae3fc2f",
	0,
	0);
INSERT INTO ACT_SMT
	VALUES ("1b22e04b-a202-4d52-8828-5050d9b45408",
	"e29854ce-03dd-4e1d-8ebf-b957bb20108f",
	"fe8c0cf7-96d4-4b3b-bdd6-55fae6690f19",
	7,
	1,
	'PopulateFacilityTypes line: 7');
INSERT INTO ACT_AI
	VALUES ("1b22e04b-a202-4d52-8828-5050d9b45408",
	"2dc680f0-14ad-4f66-909f-af7a0bba14c9",
	"7a5f0cbb-9a32-4698-b90e-928e2793350e",
	0,
	0);
INSERT INTO ACT_SMT
	VALUES ("fe8c0cf7-96d4-4b3b-bdd6-55fae6690f19",
	"e29854ce-03dd-4e1d-8ebf-b957bb20108f",
	"976719f9-8cc8-4d59-aabd-c5ca5314f34d",
	8,
	1,
	'PopulateFacilityTypes line: 8');
INSERT INTO ACT_AI
	VALUES ("fe8c0cf7-96d4-4b3b-bdd6-55fae6690f19",
	"3337875e-40c6-49d4-b7d5-6c583c2b4250",
	"01337aca-3307-4ded-9d8f-abfd5c0f6e9c",
	0,
	0);
INSERT INTO ACT_SMT
	VALUES ("976719f9-8cc8-4d59-aabd-c5ca5314f34d",
	"e29854ce-03dd-4e1d-8ebf-b957bb20108f",
	"c3dc653b-af32-4cdf-aa04-28b2cc589230",
	11,
	1,
	'PopulateFacilityTypes line: 11');
INSERT INTO ACT_CR
	VALUES ("976719f9-8cc8-4d59-aabd-c5ca5314f34d",
	"28bc8d87-6259-4d27-946d-084e440bd832",
	1,
	"4b839513-bd70-4d73-85ed-c06b10ee091a",
	11,
	30);
INSERT INTO ACT_SMT
	VALUES ("c3dc653b-af32-4cdf-aa04-28b2cc589230",
	"e29854ce-03dd-4e1d-8ebf-b957bb20108f",
	"da080f26-c87b-4da8-b967-a8d5b1438b2a",
	12,
	1,
	'PopulateFacilityTypes line: 12');
INSERT INTO ACT_REL
	VALUES ("c3dc653b-af32-4cdf-aa04-28b2cc589230",
	"28bc8d87-6259-4d27-946d-084e440bd832",
	"4ca55b9c-5d9e-49ac-8d5e-1939791a52d3",
	'',
	"861d98e9-8fb8-41c9-b775-c91333eaac35",
	12,
	24,
	0,
	0);
INSERT INTO ACT_SMT
	VALUES ("da080f26-c87b-4da8-b967-a8d5b1438b2a",
	"e29854ce-03dd-4e1d-8ebf-b957bb20108f",
	"432f8cb1-dfd3-4f79-a517-e2b5bf84ac29",
	13,
	1,
	'PopulateFacilityTypes line: 13');
INSERT INTO ACT_AI
	VALUES ("da080f26-c87b-4da8-b967-a8d5b1438b2a",
	"57dd1b7e-b1f8-460f-9a7c-1c8a724bf602",
	"68f9e152-3c83-4cd8-9eba-7512aa4a0d94",
	0,
	0);
INSERT INTO ACT_SMT
	VALUES ("432f8cb1-dfd3-4f79-a517-e2b5bf84ac29",
	"e29854ce-03dd-4e1d-8ebf-b957bb20108f",
	"3e784b11-b3e6-42d6-9429-81cc1ebd851c",
	15,
	1,
	'PopulateFacilityTypes line: 15');
INSERT INTO ACT_CR
	VALUES ("432f8cb1-dfd3-4f79-a517-e2b5bf84ac29",
	"2f5a2779-602c-4047-a7d8-190c17e77cea",
	1,
	"4b839513-bd70-4d73-85ed-c06b10ee091a",
	15,
	30);
INSERT INTO ACT_SMT
	VALUES ("3e784b11-b3e6-42d6-9429-81cc1ebd851c",
	"e29854ce-03dd-4e1d-8ebf-b957bb20108f",
	"82d9758e-76c0-4ce1-b236-ceabf8ad2bb4",
	16,
	1,
	'PopulateFacilityTypes line: 16');
INSERT INTO ACT_REL
	VALUES ("3e784b11-b3e6-42d6-9429-81cc1ebd851c",
	"2f5a2779-602c-4047-a7d8-190c17e77cea",
	"4ca55b9c-5d9e-49ac-8d5e-1939791a52d3",
	'',
	"861d98e9-8fb8-41c9-b775-c91333eaac35",
	16,
	24,
	0,
	0);
INSERT INTO ACT_SMT
	VALUES ("82d9758e-76c0-4ce1-b236-ceabf8ad2bb4",
	"e29854ce-03dd-4e1d-8ebf-b957bb20108f",
	"e4460b25-2110-48bc-84ba-97a47864c66f",
	17,
	1,
	'PopulateFacilityTypes line: 17');
INSERT INTO ACT_AI
	VALUES ("82d9758e-76c0-4ce1-b236-ceabf8ad2bb4",
	"4f0009c1-12d2-46e8-838a-51f7c9556c1f",
	"2681192f-2259-4f21-9110-dd3fee80a150",
	0,
	0);
INSERT INTO ACT_SMT
	VALUES ("e4460b25-2110-48bc-84ba-97a47864c66f",
	"e29854ce-03dd-4e1d-8ebf-b957bb20108f",
	"b02ef140-5b43-4f01-a909-8c3a065c745d",
	19,
	1,
	'PopulateFacilityTypes line: 19');
INSERT INTO ACT_CR
	VALUES ("e4460b25-2110-48bc-84ba-97a47864c66f",
	"b6130b7c-ee30-4fa2-b303-af71f2e0bb9f",
	1,
	"4b839513-bd70-4d73-85ed-c06b10ee091a",
	19,
	30);
INSERT INTO ACT_SMT
	VALUES ("b02ef140-5b43-4f01-a909-8c3a065c745d",
	"e29854ce-03dd-4e1d-8ebf-b957bb20108f",
	"2dd14390-3ca8-46aa-a3a1-8d4925cb5747",
	20,
	1,
	'PopulateFacilityTypes line: 20');
INSERT INTO ACT_REL
	VALUES ("b02ef140-5b43-4f01-a909-8c3a065c745d",
	"b6130b7c-ee30-4fa2-b303-af71f2e0bb9f",
	"4ca55b9c-5d9e-49ac-8d5e-1939791a52d3",
	'',
	"861d98e9-8fb8-41c9-b775-c91333eaac35",
	20,
	24,
	0,
	0);
INSERT INTO ACT_SMT
	VALUES ("2dd14390-3ca8-46aa-a3a1-8d4925cb5747",
	"e29854ce-03dd-4e1d-8ebf-b957bb20108f",
	"00000000-0000-0000-0000-000000000000",
	21,
	1,
	'PopulateFacilityTypes line: 21');
INSERT INTO ACT_AI
	VALUES ("2dd14390-3ca8-46aa-a3a1-8d4925cb5747",
	"af27ef70-c1ed-481c-9961-76cda5e6a047",
	"2a25e83c-f30a-446f-adb6-f0088b2632be",
	0,
	0);
INSERT INTO V_VAL
	VALUES ("95768bb7-77fc-467f-812b-4e40fb771254",
	1,
	0,
	6,
	1,
	2,
	0,
	0,
	0,
	0,
	"99dc6d1a-909c-4bcb-a5b6-04d65b974e90",
	"e29854ce-03dd-4e1d-8ebf-b957bb20108f");
INSERT INTO V_IRF
	VALUES ("95768bb7-77fc-467f-812b-4e40fb771254",
	"4ca55b9c-5d9e-49ac-8d5e-1939791a52d3");
INSERT INTO V_VAL
	VALUES ("61e44dc4-0a44-497a-9840-69c4dae3fc2f",
	1,
	0,
	6,
	4,
	18,
	0,
	0,
	0,
	0,
	"ba5eda7a-def5-0000-0000-000000000004",
	"e29854ce-03dd-4e1d-8ebf-b957bb20108f");
INSERT INTO V_AVL
	VALUES ("61e44dc4-0a44-497a-9840-69c4dae3fc2f",
	"95768bb7-77fc-467f-812b-4e40fb771254",
	"bafdc953-1881-43a3-a5f1-9dcc7e2d60c3",
	"839b61ce-d63e-49ba-a0ae-d1b0093bb680");
INSERT INTO V_VAL
	VALUES ("ed4123b2-1d6a-4ecc-801a-9af9e7549f97",
	0,
	0,
	6,
	22,
	44,
	0,
	0,
	0,
	0,
	"ba5eda7a-def5-0000-0000-000000000004",
	"e29854ce-03dd-4e1d-8ebf-b957bb20108f");
INSERT INTO V_LST
	VALUES ("ed4123b2-1d6a-4ecc-801a-9af9e7549f97",
	'About 20 square meters');
INSERT INTO V_VAL
	VALUES ("f5c82b4c-ec90-496f-950b-3a8fc096ed29",
	1,
	0,
	7,
	1,
	1,
	0,
	0,
	0,
	0,
	"bdce89ef-72f6-4386-ba13-b2d926836c80",
	"e29854ce-03dd-4e1d-8ebf-b957bb20108f");
INSERT INTO V_IRF
	VALUES ("f5c82b4c-ec90-496f-950b-3a8fc096ed29",
	"79a21401-ce94-4d03-925c-d75b395ec2be");
INSERT INTO V_VAL
	VALUES ("7a5f0cbb-9a32-4698-b90e-928e2793350e",
	1,
	0,
	7,
	3,
	7,
	0,
	0,
	0,
	0,
	"ba5eda7a-def5-0000-0000-000000000002",
	"e29854ce-03dd-4e1d-8ebf-b957bb20108f");
INSERT INTO V_AVL
	VALUES ("7a5f0cbb-9a32-4698-b90e-928e2793350e",
	"f5c82b4c-ec90-496f-950b-3a8fc096ed29",
	"803702ba-1594-4405-b96a-8c76b6ef1c69",
	"8ccbac66-5148-4ed4-bb36-09215ce15366");
INSERT INTO V_VAL
	VALUES ("2dc680f0-14ad-4f66-909f-af7a0bba14c9",
	0,
	0,
	7,
	11,
	13,
	0,
	0,
	0,
	0,
	"ba5eda7a-def5-0000-0000-000000000002",
	"e29854ce-03dd-4e1d-8ebf-b957bb20108f");
INSERT INTO V_LIN
	VALUES ("2dc680f0-14ad-4f66-909f-af7a0bba14c9",
	'100');
INSERT INTO V_VAL
	VALUES ("3e515086-2e28-42a4-927b-85dc34cc82c9",
	1,
	0,
	8,
	1,
	1,
	0,
	0,
	0,
	0,
	"bdce89ef-72f6-4386-ba13-b2d926836c80",
	"e29854ce-03dd-4e1d-8ebf-b957bb20108f");
INSERT INTO V_IRF
	VALUES ("3e515086-2e28-42a4-927b-85dc34cc82c9",
	"79a21401-ce94-4d03-925c-d75b395ec2be");
INSERT INTO V_VAL
	VALUES ("01337aca-3307-4ded-9d8f-abfd5c0f6e9c",
	1,
	0,
	8,
	3,
	13,
	0,
	0,
	0,
	0,
	"ba5eda7a-def5-0000-0000-000000000004",
	"e29854ce-03dd-4e1d-8ebf-b957bb20108f");
INSERT INTO V_AVL
	VALUES ("01337aca-3307-4ded-9d8f-abfd5c0f6e9c",
	"3e515086-2e28-42a4-927b-85dc34cc82c9",
	"803702ba-1594-4405-b96a-8c76b6ef1c69",
	"7edb737c-eda0-435c-ab44-20ad0293ebdb");
INSERT INTO V_VAL
	VALUES ("3337875e-40c6-49d4-b7d5-6c583c2b4250",
	0,
	0,
	8,
	17,
	34,
	0,
	0,
	0,
	0,
	"ba5eda7a-def5-0000-0000-000000000004",
	"e29854ce-03dd-4e1d-8ebf-b957bb20108f");
INSERT INTO V_LST
	VALUES ("3337875e-40c6-49d4-b7d5-6c583c2b4250",
	'A double bed room');
INSERT INTO V_VAL
	VALUES ("5b583639-3f3a-4aec-9304-b21b569374a8",
	1,
	0,
	13,
	1,
	2,
	0,
	0,
	0,
	0,
	"bd43dc09-3be2-4ae8-806d-bedb08b1e03c",
	"e29854ce-03dd-4e1d-8ebf-b957bb20108f");
INSERT INTO V_IRF
	VALUES ("5b583639-3f3a-4aec-9304-b21b569374a8",
	"28bc8d87-6259-4d27-946d-084e440bd832");
INSERT INTO V_VAL
	VALUES ("68f9e152-3c83-4cd8-9eba-7512aa4a0d94",
	1,
	0,
	13,
	4,
	13,
	0,
	0,
	0,
	0,
	"ba5eda7a-def5-0000-0000-000000000004",
	"e29854ce-03dd-4e1d-8ebf-b957bb20108f");
INSERT INTO V_AVL
	VALUES ("68f9e152-3c83-4cd8-9eba-7512aa4a0d94",
	"5b583639-3f3a-4aec-9304-b21b569374a8",
	"4b839513-bd70-4d73-85ed-c06b10ee091a",
	"e22cda36-25e1-4b81-aef1-d74c43020c14");
INSERT INTO V_VAL
	VALUES ("57dd1b7e-b1f8-460f-9a7c-1c8a724bf602",
	0,
	0,
	13,
	17,
	22,
	0,
	0,
	0,
	0,
	"ba5eda7a-def5-0000-0000-000000000004",
	"e29854ce-03dd-4e1d-8ebf-b957bb20108f");
INSERT INTO V_LST
	VALUES ("57dd1b7e-b1f8-460f-9a7c-1c8a724bf602",
	'Room1');
INSERT INTO V_VAL
	VALUES ("c29c0287-38e1-4949-9a71-88d605d4f048",
	1,
	0,
	17,
	1,
	2,
	0,
	0,
	0,
	0,
	"bd43dc09-3be2-4ae8-806d-bedb08b1e03c",
	"e29854ce-03dd-4e1d-8ebf-b957bb20108f");
INSERT INTO V_IRF
	VALUES ("c29c0287-38e1-4949-9a71-88d605d4f048",
	"28bc8d87-6259-4d27-946d-084e440bd832");
INSERT INTO V_VAL
	VALUES ("2681192f-2259-4f21-9110-dd3fee80a150",
	1,
	0,
	17,
	4,
	13,
	0,
	0,
	0,
	0,
	"ba5eda7a-def5-0000-0000-000000000004",
	"e29854ce-03dd-4e1d-8ebf-b957bb20108f");
INSERT INTO V_AVL
	VALUES ("2681192f-2259-4f21-9110-dd3fee80a150",
	"c29c0287-38e1-4949-9a71-88d605d4f048",
	"4b839513-bd70-4d73-85ed-c06b10ee091a",
	"e22cda36-25e1-4b81-aef1-d74c43020c14");
INSERT INTO V_VAL
	VALUES ("4f0009c1-12d2-46e8-838a-51f7c9556c1f",
	0,
	0,
	17,
	17,
	22,
	0,
	0,
	0,
	0,
	"ba5eda7a-def5-0000-0000-000000000004",
	"e29854ce-03dd-4e1d-8ebf-b957bb20108f");
INSERT INTO V_LST
	VALUES ("4f0009c1-12d2-46e8-838a-51f7c9556c1f",
	'Room2');
INSERT INTO V_VAL
	VALUES ("1c9830cc-8d44-49f4-8bc9-f93be2803c74",
	1,
	0,
	21,
	1,
	2,
	0,
	0,
	0,
	0,
	"bd43dc09-3be2-4ae8-806d-bedb08b1e03c",
	"e29854ce-03dd-4e1d-8ebf-b957bb20108f");
INSERT INTO V_IRF
	VALUES ("1c9830cc-8d44-49f4-8bc9-f93be2803c74",
	"28bc8d87-6259-4d27-946d-084e440bd832");
INSERT INTO V_VAL
	VALUES ("2a25e83c-f30a-446f-adb6-f0088b2632be",
	1,
	0,
	21,
	4,
	13,
	0,
	0,
	0,
	0,
	"ba5eda7a-def5-0000-0000-000000000004",
	"e29854ce-03dd-4e1d-8ebf-b957bb20108f");
INSERT INTO V_AVL
	VALUES ("2a25e83c-f30a-446f-adb6-f0088b2632be",
	"1c9830cc-8d44-49f4-8bc9-f93be2803c74",
	"4b839513-bd70-4d73-85ed-c06b10ee091a",
	"e22cda36-25e1-4b81-aef1-d74c43020c14");
INSERT INTO V_VAL
	VALUES ("af27ef70-c1ed-481c-9961-76cda5e6a047",
	0,
	0,
	21,
	17,
	22,
	0,
	0,
	0,
	0,
	"ba5eda7a-def5-0000-0000-000000000004",
	"e29854ce-03dd-4e1d-8ebf-b957bb20108f");
INSERT INTO V_LST
	VALUES ("af27ef70-c1ed-481c-9961-76cda5e6a047",
	'Room3');
INSERT INTO V_VAR
	VALUES ("4ca55b9c-5d9e-49ac-8d5e-1939791a52d3",
	"e29854ce-03dd-4e1d-8ebf-b957bb20108f",
	'ft',
	1,
	"99dc6d1a-909c-4bcb-a5b6-04d65b974e90");
INSERT INTO V_INT
	VALUES ("4ca55b9c-5d9e-49ac-8d5e-1939791a52d3",
	0,
	"bafdc953-1881-43a3-a5f1-9dcc7e2d60c3");
INSERT INTO V_LOC
	VALUES ("3c6f987c-7dee-4226-9038-c0a5f2181c0c",
	2,
	24,
	25,
	"4ca55b9c-5d9e-49ac-8d5e-1939791a52d3");
INSERT INTO V_LOC
	VALUES ("2789807f-4367-4793-ae07-f8587db0eca3",
	4,
	8,
	9,
	"4ca55b9c-5d9e-49ac-8d5e-1939791a52d3");
INSERT INTO V_LOC
	VALUES ("9097773f-9d1e-40ff-89a9-d53bc365a66c",
	6,
	1,
	2,
	"4ca55b9c-5d9e-49ac-8d5e-1939791a52d3");
INSERT INTO V_LOC
	VALUES ("198054c6-780d-44fe-8d77-1cd745edb5fe",
	12,
	14,
	15,
	"4ca55b9c-5d9e-49ac-8d5e-1939791a52d3");
INSERT INTO V_LOC
	VALUES ("15bef236-9430-426c-b5a0-377e20baf1b4",
	16,
	14,
	15,
	"4ca55b9c-5d9e-49ac-8d5e-1939791a52d3");
INSERT INTO V_LOC
	VALUES ("9c295136-cd6b-4019-ba09-e30686d7c1c0",
	20,
	14,
	15,
	"4ca55b9c-5d9e-49ac-8d5e-1939791a52d3");
INSERT INTO V_VAR
	VALUES ("79a21401-ce94-4d03-925c-d75b395ec2be",
	"e29854ce-03dd-4e1d-8ebf-b957bb20108f",
	'b',
	1,
	"bdce89ef-72f6-4386-ba13-b2d926836c80");
INSERT INTO V_INT
	VALUES ("79a21401-ce94-4d03-925c-d75b395ec2be",
	0,
	"803702ba-1594-4405-b96a-8c76b6ef1c69");
INSERT INTO V_LOC
	VALUES ("48e9939b-57ac-4af4-9dd9-43752fe3bdb3",
	3,
	24,
	24,
	"79a21401-ce94-4d03-925c-d75b395ec2be");
INSERT INTO V_LOC
	VALUES ("3a66fa5d-8c17-4e72-afe9-5b3cb296f566",
	4,
	14,
	14,
	"79a21401-ce94-4d03-925c-d75b395ec2be");
INSERT INTO V_LOC
	VALUES ("2360ff0d-027e-4538-b7ee-b4568f4a7baa",
	7,
	1,
	1,
	"79a21401-ce94-4d03-925c-d75b395ec2be");
INSERT INTO V_LOC
	VALUES ("adeb33a3-ac32-4490-a4f9-e7b09a971fab",
	8,
	1,
	1,
	"79a21401-ce94-4d03-925c-d75b395ec2be");
INSERT INTO V_VAR
	VALUES ("28bc8d87-6259-4d27-946d-084e440bd832",
	"e29854ce-03dd-4e1d-8ebf-b957bb20108f",
	'f1',
	1,
	"bd43dc09-3be2-4ae8-806d-bedb08b1e03c");
INSERT INTO V_INT
	VALUES ("28bc8d87-6259-4d27-946d-084e440bd832",
	0,
	"4b839513-bd70-4d73-85ed-c06b10ee091a");
INSERT INTO V_LOC
	VALUES ("38bd89df-0127-4bb6-9ba2-c43d647053ac",
	11,
	24,
	25,
	"28bc8d87-6259-4d27-946d-084e440bd832");
INSERT INTO V_LOC
	VALUES ("29d0a257-ca4c-4adb-9de1-d896f18650ab",
	12,
	8,
	9,
	"28bc8d87-6259-4d27-946d-084e440bd832");
INSERT INTO V_LOC
	VALUES ("30321e95-435d-4838-ba02-709f67655fad",
	13,
	1,
	2,
	"28bc8d87-6259-4d27-946d-084e440bd832");
INSERT INTO V_LOC
	VALUES ("9858441f-25fc-46ee-8d7a-a7602fb45912",
	17,
	1,
	2,
	"28bc8d87-6259-4d27-946d-084e440bd832");
INSERT INTO V_LOC
	VALUES ("86f17484-8999-4254-8091-393bc3b15920",
	21,
	1,
	2,
	"28bc8d87-6259-4d27-946d-084e440bd832");
INSERT INTO V_VAR
	VALUES ("2f5a2779-602c-4047-a7d8-190c17e77cea",
	"e29854ce-03dd-4e1d-8ebf-b957bb20108f",
	'f2',
	1,
	"bd43dc09-3be2-4ae8-806d-bedb08b1e03c");
INSERT INTO V_INT
	VALUES ("2f5a2779-602c-4047-a7d8-190c17e77cea",
	0,
	"4b839513-bd70-4d73-85ed-c06b10ee091a");
INSERT INTO V_LOC
	VALUES ("1314f5db-ff08-4d19-aa00-34ab230467f5",
	15,
	24,
	25,
	"2f5a2779-602c-4047-a7d8-190c17e77cea");
INSERT INTO V_LOC
	VALUES ("afba0b62-9b63-430a-b87c-05cf17405d8d",
	16,
	8,
	9,
	"2f5a2779-602c-4047-a7d8-190c17e77cea");
INSERT INTO V_VAR
	VALUES ("b6130b7c-ee30-4fa2-b303-af71f2e0bb9f",
	"e29854ce-03dd-4e1d-8ebf-b957bb20108f",
	'f3',
	1,
	"bd43dc09-3be2-4ae8-806d-bedb08b1e03c");
INSERT INTO V_INT
	VALUES ("b6130b7c-ee30-4fa2-b303-af71f2e0bb9f",
	0,
	"4b839513-bd70-4d73-85ed-c06b10ee091a");
INSERT INTO V_LOC
	VALUES ("9956d6d3-226f-42ec-8d75-5a79f4049cb0",
	19,
	24,
	25,
	"b6130b7c-ee30-4fa2-b303-af71f2e0bb9f");
INSERT INTO V_LOC
	VALUES ("61bcb283-3e73-4a4a-9f60-7b353162595f",
	20,
	8,
	9,
	"b6130b7c-ee30-4fa2-b303-af71f2e0bb9f");
INSERT INTO PE_PE
	VALUES ("b7e04034-9ae1-478b-b876-84a049865e77",
	1,
	"960454f9-cf5f-4331-88bf-8023709586b1",
	"00000000-0000-0000-0000-000000000000",
	4);
INSERT INTO O_OBJ
	VALUES ("b7e04034-9ae1-478b-b876-84a049865e77",
	'Benefit',
	19,
	'BENEFIT',
	'',
	"00000000-0000-0000-0000-000000000000");
INSERT INTO O_NBATTR
	VALUES ("8cf466c1-ef7d-46fc-a661-bd5641c8561e",
	"b7e04034-9ae1-478b-b876-84a049865e77");
INSERT INTO O_BATTR
	VALUES ("8cf466c1-ef7d-46fc-a661-bd5641c8561e",
	"b7e04034-9ae1-478b-b876-84a049865e77");
INSERT INTO O_ATTR
	VALUES ("8cf466c1-ef7d-46fc-a661-bd5641c8561e",
	"b7e04034-9ae1-478b-b876-84a049865e77",
	"00000000-0000-0000-0000-000000000000",
	'discountPercentage',
	'',
	'',
	'discountPercentage',
	0,
	"ba5eda7a-def5-0000-0000-000000000002",
	'',
	'');
INSERT INTO O_ID
	VALUES (2,
	"b7e04034-9ae1-478b-b876-84a049865e77");
INSERT INTO O_ID
	VALUES (1,
	"b7e04034-9ae1-478b-b876-84a049865e77");
INSERT INTO O_ID
	VALUES (0,
	"b7e04034-9ae1-478b-b876-84a049865e77");
INSERT INTO CSME_CIE
	VALUES ("d5984374-8cee-442d-b0b5-5979087490c6",
	"d7547212-a6a0-454c-862b-039e031545c5",
	"b7e04034-9ae1-478b-b876-84a049865e77",
	"960454f9-cf5f-4331-88bf-8023709586b1",
	'Benefit');
INSERT INTO PE_PE
	VALUES ("99c3a579-f918-44fd-916c-a41161cb6518",
	1,
	"960454f9-cf5f-4331-88bf-8023709586b1",
	"00000000-0000-0000-0000-000000000000",
	4);
INSERT INTO O_OBJ
	VALUES ("99c3a579-f918-44fd-916c-a41161cb6518",
	'Billing',
	13,
	'BILLING',
	'',
	"00000000-0000-0000-0000-000000000000");
INSERT INTO O_TFR
	VALUES ("3320253a-8d00-44d8-bb17-47df7564b5c1",
	"99c3a579-f918-44fd-916c-a41161cb6518",
	'isPayed',
	'',
	"ba5eda7a-def5-0000-0000-000000000001",
	1,
	'',
	1,
	'',
	"2b5f0429-ceb9-45e5-8f10-1ca5f6b8bea4");
INSERT INTO ACT_OPB
	VALUES ("207792ae-9a4d-46bf-bbe8-10c71b9935f2",
	"3320253a-8d00-44d8-bb17-47df7564b5c1");
INSERT INTO ACT_ACT
	VALUES ("207792ae-9a4d-46bf-bbe8-10c71b9935f2",
	'operation',
	0,
	"848a498a-3568-4a27-8ac0-4603589c8714",
	"00000000-0000-0000-0000-000000000000",
	0,
	'Billing::isPayed',
	"00000000-0000-0000-0000-000000000000");
INSERT INTO ACT_BLK
	VALUES ("848a498a-3568-4a27-8ac0-4603589c8714",
	0,
	0,
	0,
	'',
	'',
	'',
	0,
	0,
	0,
	0,
	0,
	0,
	0,
	0,
	0,
	0,
	0,
	0,
	0,
	"207792ae-9a4d-46bf-bbe8-10c71b9935f2",
	"00000000-0000-0000-0000-000000000000");
INSERT INTO O_TFR
	VALUES ("2b5f0429-ceb9-45e5-8f10-1ca5f6b8bea4",
	"99c3a579-f918-44fd-916c-a41161cb6518",
	'getCost',
	'',
	"ba5eda7a-def5-0000-0000-000000000002",
	1,
	'',
	1,
	'',
	"00000000-0000-0000-0000-000000000000");
INSERT INTO ACT_OPB
	VALUES ("13578cfc-1b6a-4831-b81f-2a7d1f24a12f",
	"2b5f0429-ceb9-45e5-8f10-1ca5f6b8bea4");
INSERT INTO ACT_ACT
	VALUES ("13578cfc-1b6a-4831-b81f-2a7d1f24a12f",
	'operation',
	0,
	"29d3430d-6c06-4f29-a985-dfc3d090d393",
	"00000000-0000-0000-0000-000000000000",
	0,
	'Billing::getCost',
	"00000000-0000-0000-0000-000000000000");
INSERT INTO ACT_BLK
	VALUES ("29d3430d-6c06-4f29-a985-dfc3d090d393",
	0,
	0,
	0,
	'',
	'',
	'',
	0,
	0,
	0,
	0,
	0,
	0,
	0,
	0,
	0,
	0,
	0,
	0,
	0,
	"13578cfc-1b6a-4831-b81f-2a7d1f24a12f",
	"00000000-0000-0000-0000-000000000000");
INSERT INTO O_NBATTR
	VALUES ("9fbcb3d8-ee3c-4fab-b468-a811d1524204",
	"99c3a579-f918-44fd-916c-a41161cb6518");
INSERT INTO O_BATTR
	VALUES ("9fbcb3d8-ee3c-4fab-b468-a811d1524204",
	"99c3a579-f918-44fd-916c-a41161cb6518");
INSERT INTO O_ATTR
	VALUES ("9fbcb3d8-ee3c-4fab-b468-a811d1524204",
	"99c3a579-f918-44fd-916c-a41161cb6518",
	"2246761d-31ce-42e6-8bf4-72041f212e7c",
	'isPayed',
	'',
	'',
	'isPayed',
	0,
	"ba5eda7a-def5-0000-0000-000000000001",
	'',
	'');
INSERT INTO O_NBATTR
	VALUES ("2246761d-31ce-42e6-8bf4-72041f212e7c",
	"99c3a579-f918-44fd-916c-a41161cb6518");
INSERT INTO O_BATTR
	VALUES ("2246761d-31ce-42e6-8bf4-72041f212e7c",
	"99c3a579-f918-44fd-916c-a41161cb6518");
INSERT INTO O_ATTR
	VALUES ("2246761d-31ce-42e6-8bf4-72041f212e7c",
	"99c3a579-f918-44fd-916c-a41161cb6518",
	"00000000-0000-0000-0000-000000000000",
	'paymentDate',
	'',
	'',
	'paymentDate',
	0,
	"ba5eda7a-def5-0000-0000-000000000010",
	'',
	'');
INSERT INTO O_ID
	VALUES (2,
	"99c3a579-f918-44fd-916c-a41161cb6518");
INSERT INTO O_ID
	VALUES (1,
	"99c3a579-f918-44fd-916c-a41161cb6518");
INSERT INTO O_ID
	VALUES (0,
	"99c3a579-f918-44fd-916c-a41161cb6518");
INSERT INTO CSME_CIE
	VALUES ("a50168ac-dc01-470f-a409-cc7cba72170b",
	"d7547212-a6a0-454c-862b-039e031545c5",
	"99c3a579-f918-44fd-916c-a41161cb6518",
	"960454f9-cf5f-4331-88bf-8023709586b1",
	'Billing');
INSERT INTO PE_PE
	VALUES ("37699420-e221-4e5c-800b-cf398f6e9803",
	1,
	"960454f9-cf5f-4331-88bf-8023709586b1",
	"00000000-0000-0000-0000-000000000000",
	4);
INSERT INTO O_OBJ
	VALUES ("37699420-e221-4e5c-800b-cf398f6e9803",
	'BillingItem',
	14,
	'BILLINGITEM',
	'',
	"00000000-0000-0000-0000-000000000000");
INSERT INTO O_NBATTR
	VALUES ("5c630467-39da-4a2d-8ae2-e16ccda92fbb",
	"37699420-e221-4e5c-800b-cf398f6e9803");
INSERT INTO O_BATTR
	VALUES ("5c630467-39da-4a2d-8ae2-e16ccda92fbb",
	"37699420-e221-4e5c-800b-cf398f6e9803");
INSERT INTO O_ATTR
	VALUES ("5c630467-39da-4a2d-8ae2-e16ccda92fbb",
	"37699420-e221-4e5c-800b-cf398f6e9803",
	"9dd362c1-1938-444b-80a5-df8a36e62170",
	'description',
	'',
	'',
	'description',
	0,
	"ba5eda7a-def5-0000-0000-000000000004",
	'',
	'');
INSERT INTO O_NBATTR
	VALUES ("9dd362c1-1938-444b-80a5-df8a36e62170",
	"37699420-e221-4e5c-800b-cf398f6e9803");
INSERT INTO O_BATTR
	VALUES ("9dd362c1-1938-444b-80a5-df8a36e62170",
	"37699420-e221-4e5c-800b-cf398f6e9803");
INSERT INTO O_ATTR
	VALUES ("9dd362c1-1938-444b-80a5-df8a36e62170",
	"37699420-e221-4e5c-800b-cf398f6e9803",
	"00000000-0000-0000-0000-000000000000",
	'cost',
	'',
	'',
	'cost',
	0,
	"ba5eda7a-def5-0000-0000-000000000002",
	'',
	'');
INSERT INTO O_ID
	VALUES (2,
	"37699420-e221-4e5c-800b-cf398f6e9803");
INSERT INTO O_ID
	VALUES (1,
	"37699420-e221-4e5c-800b-cf398f6e9803");
INSERT INTO O_ID
	VALUES (0,
	"37699420-e221-4e5c-800b-cf398f6e9803");
INSERT INTO CSME_CIE
	VALUES ("9bcc72f7-eacf-484b-a22c-ad47cd9b924b",
	"d7547212-a6a0-454c-862b-039e031545c5",
	"37699420-e221-4e5c-800b-cf398f6e9803",
	"960454f9-cf5f-4331-88bf-8023709586b1",
	'BillingItem');
INSERT INTO PE_PE
	VALUES ("803702ba-1594-4405-b96a-8c76b6ef1c69",
	1,
	"960454f9-cf5f-4331-88bf-8023709586b1",
	"00000000-0000-0000-0000-000000000000",
	4);
INSERT INTO O_OBJ
	VALUES ("803702ba-1594-4405-b96a-8c76b6ef1c69",
	'Bookable',
	5,
	'BOOKABLE',
	'',
	"00000000-0000-0000-0000-000000000000");
INSERT INTO O_TFR
	VALUES ("3a9b4376-648e-4e0e-91f4-8c8ff2abb7f5",
	"803702ba-1594-4405-b96a-8c76b6ef1c69",
	'isAvailable',
	'',
	"ba5eda7a-def5-0000-0000-000000000001",
	1,
	'',
	1,
	'',
	"00000000-0000-0000-0000-000000000000");
INSERT INTO O_TPARM
	VALUES ("07f1bda8-87af-4b8f-b9ca-15c0105e80e3",
	"3a9b4376-648e-4e0e-91f4-8c8ff2abb7f5",
	'filter',
	"ba5eda7a-def5-0000-0000-000000000002",
	0,
	'',
	"00000000-0000-0000-0000-000000000000",
	'');
INSERT INTO ACT_OPB
	VALUES ("9db1b8e5-6987-4a91-bdf7-b221721062e2",
	"3a9b4376-648e-4e0e-91f4-8c8ff2abb7f5");
INSERT INTO ACT_ACT
	VALUES ("9db1b8e5-6987-4a91-bdf7-b221721062e2",
	'operation',
	0,
	"060e6097-5b7d-484e-aa87-86fb80c4d3ed",
	"00000000-0000-0000-0000-000000000000",
	0,
	'Bookable::isAvailable',
	"00000000-0000-0000-0000-000000000000");
INSERT INTO ACT_BLK
	VALUES ("060e6097-5b7d-484e-aa87-86fb80c4d3ed",
	0,
	0,
	0,
	'',
	'',
	'',
	0,
	0,
	0,
	0,
	0,
	0,
	0,
	0,
	0,
	0,
	0,
	0,
	0,
	"9db1b8e5-6987-4a91-bdf7-b221721062e2",
	"00000000-0000-0000-0000-000000000000");
INSERT INTO O_TFR
	VALUES ("f5d8d2fd-312b-4ac1-b4e3-55f4241a2d58",
	"803702ba-1594-4405-b96a-8c76b6ef1c69",
	'getBookableRepresentation',
	'',
	"ba5eda7a-def5-0000-0000-000000000000",
	1,
	'

i = 5;
BookingRepresentation.price = self.price;

',
	1,
	'',
	"3a9b4376-648e-4e0e-91f4-8c8ff2abb7f5");
INSERT INTO ACT_OPB
	VALUES ("79fc8773-a5fd-4620-bf1f-8eebcc552244",
	"f5d8d2fd-312b-4ac1-b4e3-55f4241a2d58");
INSERT INTO ACT_ACT
	VALUES ("79fc8773-a5fd-4620-bf1f-8eebcc552244",
	'operation',
	0,
	"d56090c6-4736-4a90-8272-5ef90b782e9e",
	"00000000-0000-0000-0000-000000000000",
	0,
	'Bookable::getBookableRepresentation',
	"00000000-0000-0000-0000-000000000000");
INSERT INTO ACT_BLK
	VALUES ("d56090c6-4736-4a90-8272-5ef90b782e9e",
	0,
	0,
	0,
	'',
	'',
	'',
	4,
	1,
	0,
	0,
	0,
	0,
	0,
	0,
	0,
	0,
	0,
	0,
	0,
	"79fc8773-a5fd-4620-bf1f-8eebcc552244",
	"00000000-0000-0000-0000-000000000000");
INSERT INTO ACT_SMT
	VALUES ("00afded7-726f-494b-ace4-8a98f716a8de",
	"d56090c6-4736-4a90-8272-5ef90b782e9e",
	"00000000-0000-0000-0000-000000000000",
	3,
	1,
	'Bookable::getBookableRepresentation line: 3');
INSERT INTO ACT_AI
	VALUES ("00afded7-726f-494b-ace4-8a98f716a8de",
	"7bbbe2ac-847e-482b-b707-e14cd3f6e6f5",
	"0467c283-bbd8-4b60-b4b2-1c9e1eed6ca3",
	0,
	0);
INSERT INTO V_VAL
	VALUES ("0467c283-bbd8-4b60-b4b2-1c9e1eed6ca3",
	1,
	1,
	3,
	1,
	1,
	0,
	0,
	0,
	0,
	"ba5eda7a-def5-0000-0000-000000000002",
	"d56090c6-4736-4a90-8272-5ef90b782e9e");
INSERT INTO V_TVL
	VALUES ("0467c283-bbd8-4b60-b4b2-1c9e1eed6ca3",
	"5d6d9699-be7b-4cac-bb6e-246fdd2281e8");
INSERT INTO V_VAL
	VALUES ("7bbbe2ac-847e-482b-b707-e14cd3f6e6f5",
	0,
	0,
	3,
	5,
	5,
	0,
	0,
	0,
	0,
	"ba5eda7a-def5-0000-0000-000000000002",
	"d56090c6-4736-4a90-8272-5ef90b782e9e");
INSERT INTO V_LIN
	VALUES ("7bbbe2ac-847e-482b-b707-e14cd3f6e6f5",
	'5');
INSERT INTO V_VAR
	VALUES ("5d6d9699-be7b-4cac-bb6e-246fdd2281e8",
	"d56090c6-4736-4a90-8272-5ef90b782e9e",
	'i',
	1,
	"ba5eda7a-def5-0000-0000-000000000002");
INSERT INTO V_TRN
	VALUES ("5d6d9699-be7b-4cac-bb6e-246fdd2281e8",
	"00000000-0000-0000-0000-000000000000",
	'');
INSERT INTO V_LOC
	VALUES ("f2cfeaba-4746-47dd-83cc-d7d1af802446",
	3,
	1,
	1,
	"5d6d9699-be7b-4cac-bb6e-246fdd2281e8");
INSERT INTO V_VAR
	VALUES ("ff2f7c31-62df-4c9e-b3a0-ca80ef2d2a5a",
	"d56090c6-4736-4a90-8272-5ef90b782e9e",
	'BookingRepresentation',
	0,
	"00000000-0000-0000-0000-000000000000");
INSERT INTO V_TRN
	VALUES ("ff2f7c31-62df-4c9e-b3a0-ca80ef2d2a5a",
	"00000000-0000-0000-0000-000000000000",
	'');
INSERT INTO V_LOC
	VALUES ("eaac0c4f-9e8f-4d54-afcb-6115532f470f",
	4,
	1,
	21,
	"ff2f7c31-62df-4c9e-b3a0-ca80ef2d2a5a");
INSERT INTO O_NBATTR
	VALUES ("7edb737c-eda0-435c-ab44-20ad0293ebdb",
	"803702ba-1594-4405-b96a-8c76b6ef1c69");
INSERT INTO O_BATTR
	VALUES ("7edb737c-eda0-435c-ab44-20ad0293ebdb",
	"803702ba-1594-4405-b96a-8c76b6ef1c69");
INSERT INTO O_ATTR
	VALUES ("7edb737c-eda0-435c-ab44-20ad0293ebdb",
	"803702ba-1594-4405-b96a-8c76b6ef1c69",
	"8ccbac66-5148-4ed4-bb36-09215ce15366",
	'description',
	'',
	'',
	'description',
	0,
	"ba5eda7a-def5-0000-0000-000000000004",
	'',
	'');
INSERT INTO O_NBATTR
	VALUES ("8ccbac66-5148-4ed4-bb36-09215ce15366",
	"803702ba-1594-4405-b96a-8c76b6ef1c69");
INSERT INTO O_BATTR
	VALUES ("8ccbac66-5148-4ed4-bb36-09215ce15366",
	"803702ba-1594-4405-b96a-8c76b6ef1c69");
INSERT INTO O_ATTR
	VALUES ("8ccbac66-5148-4ed4-bb36-09215ce15366",
	"803702ba-1594-4405-b96a-8c76b6ef1c69",
	"00000000-0000-0000-0000-000000000000",
	'price',
	'',
	'',
	'price',
	0,
	"ba5eda7a-def5-0000-0000-000000000002",
	'',
	'');
INSERT INTO O_NBATTR
	VALUES ("e81f13fc-76a3-4546-9580-b71352170e10",
	"803702ba-1594-4405-b96a-8c76b6ef1c69");
INSERT INTO O_BATTR
	VALUES ("e81f13fc-76a3-4546-9580-b71352170e10",
	"803702ba-1594-4405-b96a-8c76b6ef1c69");
INSERT INTO O_ATTR
	VALUES ("e81f13fc-76a3-4546-9580-b71352170e10",
	"803702ba-1594-4405-b96a-8c76b6ef1c69",
	"7edb737c-eda0-435c-ab44-20ad0293ebdb",
	'id',
	'',
	'',
	'id',
	0,
	"ba5eda7a-def5-0000-0000-000000000005",
	'',
	'');
INSERT INTO O_ID
	VALUES (2,
	"803702ba-1594-4405-b96a-8c76b6ef1c69");
INSERT INTO O_ID
	VALUES (1,
	"803702ba-1594-4405-b96a-8c76b6ef1c69");
INSERT INTO O_ID
	VALUES (0,
	"803702ba-1594-4405-b96a-8c76b6ef1c69");
INSERT INTO CSME_CIE
	VALUES ("ef7cf2e2-d126-4207-9c0a-456e9a644593",
	"d7547212-a6a0-454c-862b-039e031545c5",
	"803702ba-1594-4405-b96a-8c76b6ef1c69",
	"960454f9-cf5f-4331-88bf-8023709586b1",
	'Bookable');
INSERT INTO PE_PE
	VALUES ("9a41fe9e-f547-4cde-b68d-f7db43c904dc",
	1,
	"960454f9-cf5f-4331-88bf-8023709586b1",
	"00000000-0000-0000-0000-000000000000",
	4);
INSERT INTO O_OBJ
	VALUES ("9a41fe9e-f547-4cde-b68d-f7db43c904dc",
	'Booking',
	10,
	'BOOKING',
	'',
	"00000000-0000-0000-0000-000000000000");
INSERT INTO O_TFR
	VALUES ("11a60648-7f28-4e24-93de-4da0ae187839",
	"9a41fe9e-f547-4cde-b68d-f7db43c904dc",
	'addGuest',
	'',
	"ba5eda7a-def5-0000-0000-000000000000",
	1,
	'',
	1,
	'',
	"70fa737a-e32e-4822-a845-fcdc3e41ae92");
INSERT INTO O_TPARM
	VALUES ("a8ec887e-f522-4ae0-947b-df7709a53686",
	"11a60648-7f28-4e24-93de-4da0ae187839",
	'age',
	"ba5eda7a-def5-0000-0000-000000000002",
	0,
	'',
	"9ef8b31c-b6a0-4abf-8cc7-5838a697ef30",
	'');
INSERT INTO O_TPARM
	VALUES ("9ef8b31c-b6a0-4abf-8cc7-5838a697ef30",
	"11a60648-7f28-4e24-93de-4da0ae187839",
	'name',
	"ba5eda7a-def5-0000-0000-000000000004",
	0,
	'',
	"00000000-0000-0000-0000-000000000000",
	'');
INSERT INTO ACT_OPB
	VALUES ("d91b31ca-6234-41ec-a6d6-e38204374ce0",
	"11a60648-7f28-4e24-93de-4da0ae187839");
INSERT INTO ACT_ACT
	VALUES ("d91b31ca-6234-41ec-a6d6-e38204374ce0",
	'operation',
	0,
	"4d043d32-8d34-4d4e-ab60-2084d1ffaa6a",
	"00000000-0000-0000-0000-000000000000",
	0,
	'Booking::addGuest',
	"00000000-0000-0000-0000-000000000000");
INSERT INTO ACT_BLK
	VALUES ("4d043d32-8d34-4d4e-ab60-2084d1ffaa6a",
	0,
	0,
	0,
	'',
	'',
	'',
	0,
	0,
	0,
	0,
	0,
	0,
	0,
	0,
	0,
	0,
	0,
	0,
	0,
	"d91b31ca-6234-41ec-a6d6-e38204374ce0",
	"00000000-0000-0000-0000-000000000000");
INSERT INTO O_TFR
	VALUES ("70fa737a-e32e-4822-a845-fcdc3e41ae92",
	"9a41fe9e-f547-4cde-b68d-f7db43c904dc",
	'getBookingInfo',
	'',
	"433f7688-7b95-4f9c-89f1-cf076d691ab7",
	1,
	'',
	1,
	'',
	"64d93b6f-5167-468a-93bf-ca92c8944e24");
INSERT INTO ACT_OPB
	VALUES ("c262572e-5160-4f1b-9070-65aa45e7ebfb",
	"70fa737a-e32e-4822-a845-fcdc3e41ae92");
INSERT INTO ACT_ACT
	VALUES ("c262572e-5160-4f1b-9070-65aa45e7ebfb",
	'operation',
	0,
	"95ae1fcc-1687-434b-a060-cdc9a36dfa61",
	"00000000-0000-0000-0000-000000000000",
	0,
	'Booking::getBookingInfo',
	"00000000-0000-0000-0000-000000000000");
INSERT INTO ACT_BLK
	VALUES ("95ae1fcc-1687-434b-a060-cdc9a36dfa61",
	0,
	0,
	0,
	'',
	'',
	'',
	0,
	0,
	0,
	0,
	0,
	0,
	0,
	0,
	0,
	0,
	0,
	0,
	0,
	"c262572e-5160-4f1b-9070-65aa45e7ebfb",
	"00000000-0000-0000-0000-000000000000");
INSERT INTO O_TFR
	VALUES ("64d93b6f-5167-468a-93bf-ca92c8944e24",
	"9a41fe9e-f547-4cde-b68d-f7db43c904dc",
	'setCustomer',
	'',
	"ba5eda7a-def5-0000-0000-000000000001",
	1,
	'',
	1,
	'',
	"52ca49b2-de88-4bb4-81b7-b995d78ecf81");
INSERT INTO O_TPARM
	VALUES ("25bbb532-f822-44c4-b310-00befa20b691",
	"64d93b6f-5167-468a-93bf-ca92c8944e24",
	'customer',
	"ba5eda7a-def5-0000-0000-000000000004",
	0,
	'',
	"00000000-0000-0000-0000-000000000000",
	'');
INSERT INTO ACT_OPB
	VALUES ("3af4c650-b19f-43a1-ba26-0b8e7e454e7a",
	"64d93b6f-5167-468a-93bf-ca92c8944e24");
INSERT INTO ACT_ACT
	VALUES ("3af4c650-b19f-43a1-ba26-0b8e7e454e7a",
	'operation',
	0,
	"d2925af3-5793-4ac5-87aa-e71fcc1672cf",
	"00000000-0000-0000-0000-000000000000",
	0,
	'Booking::setCustomer',
	"00000000-0000-0000-0000-000000000000");
INSERT INTO ACT_BLK
	VALUES ("d2925af3-5793-4ac5-87aa-e71fcc1672cf",
	0,
	0,
	0,
	'',
	'',
	'',
	0,
	0,
	0,
	0,
	0,
	0,
	0,
	0,
	0,
	0,
	0,
	0,
	0,
	"3af4c650-b19f-43a1-ba26-0b8e7e454e7a",
	"00000000-0000-0000-0000-000000000000");
INSERT INTO O_TFR
	VALUES ("52ca49b2-de88-4bb4-81b7-b995d78ecf81",
	"9a41fe9e-f547-4cde-b68d-f7db43c904dc",
	'addBookable',
	'',
	"ba5eda7a-def5-0000-0000-000000000001",
	1,
	'',
	1,
	'',
	"ed50ea1b-06ab-4767-b877-4e21f462c911");
INSERT INTO O_TPARM
	VALUES ("76959683-30fb-4418-8077-ec8f4601ee42",
	"52ca49b2-de88-4bb4-81b7-b995d78ecf81",
	'bookable',
	"bdce89ef-72f6-4386-ba13-b2d926836c80",
	0,
	'',
	"00000000-0000-0000-0000-000000000000",
	'');
INSERT INTO ACT_OPB
	VALUES ("e39afb19-e0b9-42da-8d0e-f138f52a04a8",
	"52ca49b2-de88-4bb4-81b7-b995d78ecf81");
INSERT INTO ACT_ACT
	VALUES ("e39afb19-e0b9-42da-8d0e-f138f52a04a8",
	'operation',
	0,
	"240eea4e-aa9c-418b-8c5f-c0b151230051",
	"00000000-0000-0000-0000-000000000000",
	0,
	'Booking::addBookable',
	"00000000-0000-0000-0000-000000000000");
INSERT INTO ACT_BLK
	VALUES ("240eea4e-aa9c-418b-8c5f-c0b151230051",
	0,
	0,
	0,
	'',
	'',
	'',
	0,
	0,
	0,
	0,
	0,
	0,
	0,
	0,
	0,
	0,
	0,
	0,
	0,
	"e39afb19-e0b9-42da-8d0e-f138f52a04a8",
	"00000000-0000-0000-0000-000000000000");
INSERT INTO O_TFR
	VALUES ("ed50ea1b-06ab-4767-b877-4e21f462c911",
	"9a41fe9e-f547-4cde-b68d-f7db43c904dc",
	'addService',
	'',
	"ba5eda7a-def5-0000-0000-000000000001",
	1,
	'',
	1,
	'',
	"00000000-0000-0000-0000-000000000000");
INSERT INTO O_TPARM
	VALUES ("ce51fdb2-9444-46b8-a1d3-2b5109206e14",
	"ed50ea1b-06ab-4767-b877-4e21f462c911",
	'bookable',
	"bdce89ef-72f6-4386-ba13-b2d926836c80",
	0,
	'',
	"00000000-0000-0000-0000-000000000000",
	'');
INSERT INTO ACT_OPB
	VALUES ("b1d3c32d-8d8c-407e-8403-7d976f70fa33",
	"ed50ea1b-06ab-4767-b877-4e21f462c911");
INSERT INTO ACT_ACT
	VALUES ("b1d3c32d-8d8c-407e-8403-7d976f70fa33",
	'operation',
	0,
	"303b7d96-10cc-480d-ad77-3c62760b1046",
	"00000000-0000-0000-0000-000000000000",
	0,
	'Booking::addService',
	"00000000-0000-0000-0000-000000000000");
INSERT INTO ACT_BLK
	VALUES ("303b7d96-10cc-480d-ad77-3c62760b1046",
	0,
	0,
	0,
	'',
	'',
	'',
	0,
	0,
	0,
	0,
	0,
	0,
	0,
	0,
	0,
	0,
	0,
	0,
	0,
	"b1d3c32d-8d8c-407e-8403-7d976f70fa33",
	"00000000-0000-0000-0000-000000000000");
INSERT INTO O_NBATTR
	VALUES ("de30d967-1c94-45a4-8e5f-b18dc80d1e04",
	"9a41fe9e-f547-4cde-b68d-f7db43c904dc");
INSERT INTO O_BATTR
	VALUES ("de30d967-1c94-45a4-8e5f-b18dc80d1e04",
	"9a41fe9e-f547-4cde-b68d-f7db43c904dc");
INSERT INTO O_ATTR
	VALUES ("de30d967-1c94-45a4-8e5f-b18dc80d1e04",
	"9a41fe9e-f547-4cde-b68d-f7db43c904dc",
	"00000000-0000-0000-0000-000000000000",
	'bookingNumber',
	'',
	'',
	'bookingNumber',
	0,
	"ba5eda7a-def5-0000-0000-000000000005",
	'',
	'');
INSERT INTO O_ID
	VALUES (2,
	"9a41fe9e-f547-4cde-b68d-f7db43c904dc");
INSERT INTO O_ID
	VALUES (1,
	"9a41fe9e-f547-4cde-b68d-f7db43c904dc");
INSERT INTO O_ID
	VALUES (0,
	"9a41fe9e-f547-4cde-b68d-f7db43c904dc");
INSERT INTO CSME_CIE
	VALUES ("ce01155b-e2fc-43ef-b767-a4dc4f5ffcb3",
	"d7547212-a6a0-454c-862b-039e031545c5",
	"9a41fe9e-f547-4cde-b68d-f7db43c904dc",
	"960454f9-cf5f-4331-88bf-8023709586b1",
	'Booking');
INSERT INTO I_INS
	VALUES ("17cd1a1c-a8e7-47b4-b39f-a483df30f660",
	'',
	"00000000-0000-0000-0000-000000000000",
	"00000000-0000-0000-0000-000000000000",
	"d7547212-a6a0-454c-862b-039e031545c5",
	"00000000-0000-0000-0000-000000000000",
	"ce01155b-e2fc-43ef-b767-a4dc4f5ffcb3",
	':Booking',
	'');
INSERT INTO I_AVL
	VALUES ("17cd1a1c-a8e7-47b4-b39f-a483df30f660",
	"9a41fe9e-f547-4cde-b68d-f7db43c904dc",
	"de30d967-1c94-45a4-8e5f-b18dc80d1e04",
	'2',
	'bookingNumber = 2',
	"ea556f5c-5357-4ac3-8a7f-39da4ad3f52c");
INSERT INTO I_LIP
	VALUES ("a30fd0d6-3586-438e-8d6d-b3d3b14c0f03",
	"17cd1a1c-a8e7-47b4-b39f-a483df30f660",
	'R26');
INSERT INTO I_LNK
	VALUES ("5851f001-3a5a-44c3-9fb8-63f280f7d015",
	"a30fd0d6-3586-438e-8d6d-b3d3b14c0f03",
	"17cd1a1c-a8e7-47b4-b39f-a483df30f660",
	"69341049-0e0b-4542-8be6-1e7490bd9d9e",
	"00000000-0000-0000-0000-000000000000");
INSERT INTO I_LIP
	VALUES ("fb7ebd48-fca8-4db0-8828-bd411442c941",
	"17cd1a1c-a8e7-47b4-b39f-a483df30f660",
	'R22');
INSERT INTO I_LIP
	VALUES ("04439075-ebac-4bb8-8ccd-793e4071228c",
	"17cd1a1c-a8e7-47b4-b39f-a483df30f660",
	'R15');
INSERT INTO I_LIP
	VALUES ("67bafe36-3499-4032-89f0-72889662bcf2",
	"17cd1a1c-a8e7-47b4-b39f-a483df30f660",
	'R14');
INSERT INTO I_LIP
	VALUES ("6b659d9b-9323-400f-bda2-168e1882b5ad",
	"17cd1a1c-a8e7-47b4-b39f-a483df30f660",
	'R13');
INSERT INTO I_LIP
	VALUES ("7d508746-e918-4ced-820e-e5203f63e646",
	"17cd1a1c-a8e7-47b4-b39f-a483df30f660",
	'R12');
INSERT INTO PE_PE
	VALUES ("7137c09d-ba0e-406b-b3b5-76bb3cc48f3d",
	1,
	"960454f9-cf5f-4331-88bf-8023709586b1",
	"00000000-0000-0000-0000-000000000000",
	4);
INSERT INTO O_OBJ
	VALUES ("7137c09d-ba0e-406b-b3b5-76bb3cc48f3d",
	'BookingSession',
	12,
	'BOOKINGSESSION',
	'',
	"00000000-0000-0000-0000-000000000000");
INSERT INTO O_TFR
	VALUES ("05de7466-0a07-4b67-9ee8-5f366e9f9749",
	"7137c09d-ba0e-406b-b3b5-76bb3cc48f3d",
	'addGuest',
	'',
	"433f7688-7b95-4f9c-89f1-cf076d691ab7",
	1,
	'',
	1,
	'',
	"973159ef-6d38-4a97-8d59-b677decdc9ad");
INSERT INTO O_TPARM
	VALUES ("2cd610e7-ad50-42c5-af6e-e3015f63da6c",
	"05de7466-0a07-4b67-9ee8-5f366e9f9749",
	'age',
	"ba5eda7a-def5-0000-0000-000000000002",
	0,
	'',
	"3d28979b-45fd-4184-b69b-97f728fee1b3",
	'');
INSERT INTO O_TPARM
	VALUES ("3d28979b-45fd-4184-b69b-97f728fee1b3",
	"05de7466-0a07-4b67-9ee8-5f366e9f9749",
	'name',
	"ba5eda7a-def5-0000-0000-000000000004",
	0,
	'',
	"b5a1913d-01c4-4e00-8ec7-60743582e763",
	'');
INSERT INTO O_TPARM
	VALUES ("b5a1913d-01c4-4e00-8ec7-60743582e763",
	"05de7466-0a07-4b67-9ee8-5f366e9f9749",
	'facility',
	"bd43dc09-3be2-4ae8-806d-bedb08b1e03c",
	0,
	'',
	"00000000-0000-0000-0000-000000000000",
	'');
INSERT INTO ACT_OPB
	VALUES ("f77ce30d-9164-44fa-86b4-6c5cf841cc96",
	"05de7466-0a07-4b67-9ee8-5f366e9f9749");
INSERT INTO ACT_ACT
	VALUES ("f77ce30d-9164-44fa-86b4-6c5cf841cc96",
	'operation',
	0,
	"64a4869b-8b2f-46d0-84c3-7c0fb9a2dd02",
	"00000000-0000-0000-0000-000000000000",
	0,
	'BookingSession::addGuest',
	"00000000-0000-0000-0000-000000000000");
INSERT INTO ACT_BLK
	VALUES ("64a4869b-8b2f-46d0-84c3-7c0fb9a2dd02",
	0,
	0,
	0,
	'',
	'',
	'',
	0,
	0,
	0,
	0,
	0,
	0,
	0,
	0,
	0,
	0,
	0,
	0,
	0,
	"f77ce30d-9164-44fa-86b4-6c5cf841cc96",
	"00000000-0000-0000-0000-000000000000");
INSERT INTO O_TFR
	VALUES ("973159ef-6d38-4a97-8d59-b677decdc9ad",
	"7137c09d-ba0e-406b-b3b5-76bb3cc48f3d",
	'createGuest',
	'',
	"ba5eda7a-def5-0000-0000-000000000001",
	1,
	'',
	1,
	'',
	"f499439d-d4fe-4c3b-a8d0-33d0d0ec3b9f");
INSERT INTO O_TPARM
	VALUES ("9a299bce-b8e7-4078-908e-bd495c0df698",
	"973159ef-6d38-4a97-8d59-b677decdc9ad",
	'age',
	"ba5eda7a-def5-0000-0000-000000000002",
	0,
	'',
	"66d4ce13-6a90-48f7-b3dd-37922f12da6b",
	'');
INSERT INTO O_TPARM
	VALUES ("66d4ce13-6a90-48f7-b3dd-37922f12da6b",
	"973159ef-6d38-4a97-8d59-b677decdc9ad",
	'name',
	"ba5eda7a-def5-0000-0000-000000000004",
	0,
	'',
	"00000000-0000-0000-0000-000000000000",
	'');
INSERT INTO ACT_OPB
	VALUES ("8737c8f4-49ee-4587-ae72-3b017f9cc69b",
	"973159ef-6d38-4a97-8d59-b677decdc9ad");
INSERT INTO ACT_ACT
	VALUES ("8737c8f4-49ee-4587-ae72-3b017f9cc69b",
	'operation',
	0,
	"36790fa1-1435-4870-9676-74973c917542",
	"00000000-0000-0000-0000-000000000000",
	0,
	'BookingSession::createGuest',
	"00000000-0000-0000-0000-000000000000");
INSERT INTO ACT_BLK
	VALUES ("36790fa1-1435-4870-9676-74973c917542",
	0,
	0,
	0,
	'',
	'',
	'',
	0,
	0,
	0,
	0,
	0,
	0,
	0,
	0,
	0,
	0,
	0,
	0,
	0,
	"8737c8f4-49ee-4587-ae72-3b017f9cc69b",
	"00000000-0000-0000-0000-000000000000");
INSERT INTO O_TFR
	VALUES ("f499439d-d4fe-4c3b-a8d0-33d0d0ec3b9f",
	"7137c09d-ba0e-406b-b3b5-76bb3cc48f3d",
	'selectBookable',
	'',
	"df204ffe-8ba5-4335-839a-3b03a55091e7",
	1,
	'',
	1,
	'',
	"3c890d0f-ccdd-4ce5-a703-cbbc87bec2c9");
INSERT INTO O_TPARM
	VALUES ("dc38b8c8-4b8d-48df-9100-2164413d853e",
	"f499439d-d4fe-4c3b-a8d0-33d0d0ec3b9f",
	'facilityType',
	"99dc6d1a-909c-4bcb-a5b6-04d65b974e90",
	0,
	'',
	"00000000-0000-0000-0000-000000000000",
	'');
INSERT INTO ACT_OPB
	VALUES ("93d989cc-9d40-4bd3-b6a9-93607ea57e4b",
	"f499439d-d4fe-4c3b-a8d0-33d0d0ec3b9f");
INSERT INTO ACT_ACT
	VALUES ("93d989cc-9d40-4bd3-b6a9-93607ea57e4b",
	'operation',
	0,
	"91d53e1d-6b2d-4d4b-b4fc-854e4eb516bf",
	"00000000-0000-0000-0000-000000000000",
	0,
	'BookingSession::selectBookable',
	"00000000-0000-0000-0000-000000000000");
INSERT INTO ACT_BLK
	VALUES ("91d53e1d-6b2d-4d4b-b4fc-854e4eb516bf",
	0,
	0,
	0,
	'',
	'',
	'',
	0,
	0,
	0,
	0,
	0,
	0,
	0,
	0,
	0,
	0,
	0,
	0,
	0,
	"93d989cc-9d40-4bd3-b6a9-93607ea57e4b",
	"00000000-0000-0000-0000-000000000000");
INSERT INTO O_TFR
	VALUES ("3c890d0f-ccdd-4ce5-a703-cbbc87bec2c9",
	"7137c09d-ba0e-406b-b3b5-76bb3cc48f3d",
	'addService',
	'',
	"ba5eda7a-def5-0000-0000-000000000001",
	1,
	'',
	1,
	'',
	"4da49d83-26d3-43ca-8187-3975b38144e9");
INSERT INTO O_TPARM
	VALUES ("f076e994-905e-4365-996b-af1be541514e",
	"3c890d0f-ccdd-4ce5-a703-cbbc87bec2c9",
	'bookable',
	"bdce89ef-72f6-4386-ba13-b2d926836c80",
	0,
	'',
	"00000000-0000-0000-0000-000000000000",
	'');
INSERT INTO ACT_OPB
	VALUES ("a2b111f4-48f5-4284-8ba2-3aaeb7eeaca1",
	"3c890d0f-ccdd-4ce5-a703-cbbc87bec2c9");
INSERT INTO ACT_ACT
	VALUES ("a2b111f4-48f5-4284-8ba2-3aaeb7eeaca1",
	'operation',
	0,
	"79fb04c6-d69c-4bb8-9099-5d03c45e8725",
	"00000000-0000-0000-0000-000000000000",
	0,
	'BookingSession::addService',
	"00000000-0000-0000-0000-000000000000");
INSERT INTO ACT_BLK
	VALUES ("79fb04c6-d69c-4bb8-9099-5d03c45e8725",
	0,
	0,
	0,
	'',
	'',
	'',
	0,
	0,
	0,
	0,
	0,
	0,
	0,
	0,
	0,
	0,
	0,
	0,
	0,
	"a2b111f4-48f5-4284-8ba2-3aaeb7eeaca1",
	"00000000-0000-0000-0000-000000000000");
INSERT INTO O_TFR
	VALUES ("4da49d83-26d3-43ca-8187-3975b38144e9",
	"7137c09d-ba0e-406b-b3b5-76bb3cc48f3d",
	'createCustomer',
	'',
	"ba5eda7a-def5-0000-0000-000000000001",
	1,
	'',
	1,
	'',
	"ad7ec6a1-0909-48cc-8bb1-e07002fbff5e");
INSERT INTO O_TPARM
	VALUES ("85874f5e-8dce-4622-8f9e-a7d2cbf42842",
	"4da49d83-26d3-43ca-8187-3975b38144e9",
	'name',
	"ba5eda7a-def5-0000-0000-000000000004",
	0,
	'',
	"00000000-0000-0000-0000-000000000000",
	'');
INSERT INTO ACT_OPB
	VALUES ("0e8cd8f5-357b-4087-b7e9-2c125eb59bbf",
	"4da49d83-26d3-43ca-8187-3975b38144e9");
INSERT INTO ACT_ACT
	VALUES ("0e8cd8f5-357b-4087-b7e9-2c125eb59bbf",
	'operation',
	0,
	"f7fada8f-dda1-4687-8e58-582b953adb9c",
	"00000000-0000-0000-0000-000000000000",
	0,
	'BookingSession::createCustomer',
	"00000000-0000-0000-0000-000000000000");
INSERT INTO ACT_BLK
	VALUES ("f7fada8f-dda1-4687-8e58-582b953adb9c",
	0,
	0,
	0,
	'',
	'',
	'',
	0,
	0,
	0,
	0,
	0,
	0,
	0,
	0,
	0,
	0,
	0,
	0,
	0,
	"0e8cd8f5-357b-4087-b7e9-2c125eb59bbf",
	"00000000-0000-0000-0000-000000000000");
INSERT INTO O_TFR
	VALUES ("ad7ec6a1-0909-48cc-8bb1-e07002fbff5e",
	"7137c09d-ba0e-406b-b3b5-76bb3cc48f3d",
	'search',
	'',
	"ebb6007c-c361-40c7-ad5b-5b07d6a01d41",
	1,
	'select many b from instances of FACILITYTYPE;
return b;',
	1,
	'',
	"00000000-0000-0000-0000-000000000000");
INSERT INTO O_TPARM
	VALUES ("0ef9b8e6-8616-49fc-a1c9-9dac1dafd37d",
	"ad7ec6a1-0909-48cc-8bb1-e07002fbff5e",
	'fromDate',
	"ba5eda7a-def5-0000-0000-000000000010",
	0,
	'',
	"00000000-0000-0000-0000-000000000000",
	'');
INSERT INTO O_TPARM
	VALUES ("9aa4b7ff-c6de-49d7-9abf-090bc4abfc47",
	"ad7ec6a1-0909-48cc-8bb1-e07002fbff5e",
	'toDate',
	"ba5eda7a-def5-0000-0000-000000000010",
	0,
	'',
	"0ef9b8e6-8616-49fc-a1c9-9dac1dafd37d",
	'');
INSERT INTO O_TPARM
	VALUES ("1e0989d6-5c1c-4a30-a265-acb6695e117b",
	"ad7ec6a1-0909-48cc-8bb1-e07002fbff5e",
	'facilityType',
	"ba5eda7a-def5-0000-0000-000000000002",
	0,
	'',
	"9aa4b7ff-c6de-49d7-9abf-090bc4abfc47",
	'');
INSERT INTO ACT_OPB
	VALUES ("12cc5ed9-ac04-4fcb-8494-3398d5fec3a8",
	"ad7ec6a1-0909-48cc-8bb1-e07002fbff5e");
INSERT INTO ACT_ACT
	VALUES ("12cc5ed9-ac04-4fcb-8494-3398d5fec3a8",
	'operation',
	0,
	"2e52eca2-e473-4ec3-bd45-12efd09716bb",
	"00000000-0000-0000-0000-000000000000",
	0,
	'BookingSession::search',
	"00000000-0000-0000-0000-000000000000");
INSERT INTO ACT_BLK
	VALUES ("2e52eca2-e473-4ec3-bd45-12efd09716bb",
	1,
	0,
	0,
	'',
	'',
	'',
	2,
	1,
	1,
	33,
	0,
	0,
	0,
	0,
	0,
	0,
	0,
	0,
	0,
	"12cc5ed9-ac04-4fcb-8494-3398d5fec3a8",
	"00000000-0000-0000-0000-000000000000");
INSERT INTO ACT_SMT
	VALUES ("53c6797b-35f6-4460-81d1-dee43c58a452",
	"2e52eca2-e473-4ec3-bd45-12efd09716bb",
	"b25b0d04-7040-447b-89e4-90b2aab478cf",
	1,
	1,
	'BookingSession::search line: 1');
INSERT INTO ACT_FIO
	VALUES ("53c6797b-35f6-4460-81d1-dee43c58a452",
	"98d00a18-7b20-4d5a-b99f-60b1334c4f0e",
	1,
	'many',
	"bafdc953-1881-43a3-a5f1-9dcc7e2d60c3",
	1,
	33);
INSERT INTO ACT_SMT
	VALUES ("b25b0d04-7040-447b-89e4-90b2aab478cf",
	"2e52eca2-e473-4ec3-bd45-12efd09716bb",
	"00000000-0000-0000-0000-000000000000",
	2,
	1,
	'BookingSession::search line: 2');
INSERT INTO ACT_RET
	VALUES ("b25b0d04-7040-447b-89e4-90b2aab478cf",
	"5ed0289e-1eb8-4aa6-ab8a-5a0789352eee");
INSERT INTO V_VAL
	VALUES ("5ed0289e-1eb8-4aa6-ab8a-5a0789352eee",
	0,
	0,
	2,
	8,
	8,
	0,
	0,
	0,
	0,
	"ebb6007c-c361-40c7-ad5b-5b07d6a01d41",
	"2e52eca2-e473-4ec3-bd45-12efd09716bb");
INSERT INTO V_ISR
	VALUES ("5ed0289e-1eb8-4aa6-ab8a-5a0789352eee",
	"98d00a18-7b20-4d5a-b99f-60b1334c4f0e");
INSERT INTO V_VAR
	VALUES ("98d00a18-7b20-4d5a-b99f-60b1334c4f0e",
	"2e52eca2-e473-4ec3-bd45-12efd09716bb",
	'b',
	1,
	"ebb6007c-c361-40c7-ad5b-5b07d6a01d41");
INSERT INTO V_INS
	VALUES ("98d00a18-7b20-4d5a-b99f-60b1334c4f0e",
	"bafdc953-1881-43a3-a5f1-9dcc7e2d60c3");
INSERT INTO V_LOC
	VALUES ("0a8515c9-c295-42e7-ab4e-c5ad83183c5d",
	1,
	13,
	13,
	"98d00a18-7b20-4d5a-b99f-60b1334c4f0e");
INSERT INTO V_LOC
	VALUES ("3f0d31e5-26f6-4aff-b128-a6f416c3a035",
	2,
	8,
	8,
	"98d00a18-7b20-4d5a-b99f-60b1334c4f0e");
INSERT INTO O_NBATTR
	VALUES ("df46d3b5-7060-4611-8908-d535d035865a",
	"7137c09d-ba0e-406b-b3b5-76bb3cc48f3d");
INSERT INTO O_BATTR
	VALUES ("df46d3b5-7060-4611-8908-d535d035865a",
	"7137c09d-ba0e-406b-b3b5-76bb3cc48f3d");
INSERT INTO O_ATTR
	VALUES ("df46d3b5-7060-4611-8908-d535d035865a",
	"7137c09d-ba0e-406b-b3b5-76bb3cc48f3d",
	"00000000-0000-0000-0000-000000000000",
	'ID',
	'',
	'',
	'ID',
	0,
	"ba5eda7a-def5-0000-0000-000000000005",
	'',
	'');
INSERT INTO O_NBATTR
	VALUES ("3a14ca04-48d1-4f7a-ae3f-730f9dcf0f47",
	"7137c09d-ba0e-406b-b3b5-76bb3cc48f3d");
INSERT INTO O_BATTR
	VALUES ("3a14ca04-48d1-4f7a-ae3f-730f9dcf0f47",
	"7137c09d-ba0e-406b-b3b5-76bb3cc48f3d");
INSERT INTO O_ATTR
	VALUES ("3a14ca04-48d1-4f7a-ae3f-730f9dcf0f47",
	"7137c09d-ba0e-406b-b3b5-76bb3cc48f3d",
	"df46d3b5-7060-4611-8908-d535d035865a",
	'current_state',
	'',
	'',
	'current_state',
	0,
	"ba5eda7a-def5-0000-0000-000000000006",
	'',
	'');
INSERT INTO O_ID
	VALUES (2,
	"7137c09d-ba0e-406b-b3b5-76bb3cc48f3d");
INSERT INTO O_ID
	VALUES (1,
	"7137c09d-ba0e-406b-b3b5-76bb3cc48f3d");
INSERT INTO O_ID
	VALUES (0,
	"7137c09d-ba0e-406b-b3b5-76bb3cc48f3d");
INSERT INTO SM_ISM
	VALUES ("c87b2dab-d00f-4d32-a5d3-d1e5b01c9cb3",
	"7137c09d-ba0e-406b-b3b5-76bb3cc48f3d");
INSERT INTO SM_SM
	VALUES ("c87b2dab-d00f-4d32-a5d3-d1e5b01c9cb3",
	'',
	0);
INSERT INTO SM_MOORE
	VALUES ("c87b2dab-d00f-4d32-a5d3-d1e5b01c9cb3");
INSERT INTO SM_LEVT
	VALUES ("463dc70c-f7bb-484c-8def-bd2056914139",
	"c87b2dab-d00f-4d32-a5d3-d1e5b01c9cb3",
	"00000000-0000-0000-0000-000000000000");
INSERT INTO SM_SEVT
	VALUES ("463dc70c-f7bb-484c-8def-bd2056914139",
	"c87b2dab-d00f-4d32-a5d3-d1e5b01c9cb3",
	"00000000-0000-0000-0000-000000000000");
INSERT INTO SM_EVT
	VALUES ("463dc70c-f7bb-484c-8def-bd2056914139",
	"c87b2dab-d00f-4d32-a5d3-d1e5b01c9cb3",
	"00000000-0000-0000-0000-000000000000",
	1,
	'selectEvent',
	0,
	'',
	'BOOKINGSESSION1',
	'');
INSERT INTO SM_LEVT
	VALUES ("2113072c-9fe7-4d67-8795-583d185185c1",
	"c87b2dab-d00f-4d32-a5d3-d1e5b01c9cb3",
	"00000000-0000-0000-0000-000000000000");
INSERT INTO SM_SEVT
	VALUES ("2113072c-9fe7-4d67-8795-583d185185c1",
	"c87b2dab-d00f-4d32-a5d3-d1e5b01c9cb3",
	"00000000-0000-0000-0000-000000000000");
INSERT INTO SM_EVT
	VALUES ("2113072c-9fe7-4d67-8795-583d185185c1",
	"c87b2dab-d00f-4d32-a5d3-d1e5b01c9cb3",
	"00000000-0000-0000-0000-000000000000",
	2,
	'addGuestEvent',
	0,
	'',
	'BOOKINGSESSION2',
	'');
INSERT INTO SM_LEVT
	VALUES ("0e59bc59-c4a8-49b6-b5c2-bd2e2de4f771",
	"c87b2dab-d00f-4d32-a5d3-d1e5b01c9cb3",
	"00000000-0000-0000-0000-000000000000");
INSERT INTO SM_SEVT
	VALUES ("0e59bc59-c4a8-49b6-b5c2-bd2e2de4f771",
	"c87b2dab-d00f-4d32-a5d3-d1e5b01c9cb3",
	"00000000-0000-0000-0000-000000000000");
INSERT INTO SM_EVT
	VALUES ("0e59bc59-c4a8-49b6-b5c2-bd2e2de4f771",
	"c87b2dab-d00f-4d32-a5d3-d1e5b01c9cb3",
	"00000000-0000-0000-0000-000000000000",
	3,
	'addServiceEvent',
	0,
	'',
	'BOOKINGSESSION3',
	'');
INSERT INTO SM_LEVT
	VALUES ("9a883f49-b118-47b2-880c-373bfecf9218",
	"c87b2dab-d00f-4d32-a5d3-d1e5b01c9cb3",
	"00000000-0000-0000-0000-000000000000");
INSERT INTO SM_SEVT
	VALUES ("9a883f49-b118-47b2-880c-373bfecf9218",
	"c87b2dab-d00f-4d32-a5d3-d1e5b01c9cb3",
	"00000000-0000-0000-0000-000000000000");
INSERT INTO SM_EVT
	VALUES ("9a883f49-b118-47b2-880c-373bfecf9218",
	"c87b2dab-d00f-4d32-a5d3-d1e5b01c9cb3",
	"00000000-0000-0000-0000-000000000000",
	4,
	'confirmEvent',
	0,
	'',
	'BOOKINGSESSION4',
	'');
INSERT INTO SM_LEVT
	VALUES ("153a511b-c927-49fe-95d5-db518898883d",
	"c87b2dab-d00f-4d32-a5d3-d1e5b01c9cb3",
	"00000000-0000-0000-0000-000000000000");
INSERT INTO SM_SEVT
	VALUES ("153a511b-c927-49fe-95d5-db518898883d",
	"c87b2dab-d00f-4d32-a5d3-d1e5b01c9cb3",
	"00000000-0000-0000-0000-000000000000");
INSERT INTO SM_EVT
	VALUES ("153a511b-c927-49fe-95d5-db518898883d",
	"c87b2dab-d00f-4d32-a5d3-d1e5b01c9cb3",
	"00000000-0000-0000-0000-000000000000",
	5,
	'customerDetailsEvent',
	0,
	'',
	'BOOKINGSESSION5',
	'');
INSERT INTO SM_LEVT
	VALUES ("459dadf1-a920-477f-b495-f73fd93f16e7",
	"c87b2dab-d00f-4d32-a5d3-d1e5b01c9cb3",
	"00000000-0000-0000-0000-000000000000");
INSERT INTO SM_SEVT
	VALUES ("459dadf1-a920-477f-b495-f73fd93f16e7",
	"c87b2dab-d00f-4d32-a5d3-d1e5b01c9cb3",
	"00000000-0000-0000-0000-000000000000");
INSERT INTO SM_EVT
	VALUES ("459dadf1-a920-477f-b495-f73fd93f16e7",
	"c87b2dab-d00f-4d32-a5d3-d1e5b01c9cb3",
	"00000000-0000-0000-0000-000000000000",
	6,
	'paymentInfoEvent',
	0,
	'',
	'BOOKINGSESSION6',
	'');
INSERT INTO SM_LEVT
	VALUES ("2abc1152-f6f1-440f-8291-2896e45ba380",
	"c87b2dab-d00f-4d32-a5d3-d1e5b01c9cb3",
	"00000000-0000-0000-0000-000000000000");
INSERT INTO SM_SEVT
	VALUES ("2abc1152-f6f1-440f-8291-2896e45ba380",
	"c87b2dab-d00f-4d32-a5d3-d1e5b01c9cb3",
	"00000000-0000-0000-0000-000000000000");
INSERT INTO SM_EVT
	VALUES ("2abc1152-f6f1-440f-8291-2896e45ba380",
	"c87b2dab-d00f-4d32-a5d3-d1e5b01c9cb3",
	"00000000-0000-0000-0000-000000000000",
	7,
	'paymentConfirmedEvent',
	0,
	'',
	'BOOKINGSESSION7',
	'');
INSERT INTO SM_LEVT
	VALUES ("5d2bc261-464e-4c96-88a1-0dcf2267fd8b",
	"c87b2dab-d00f-4d32-a5d3-d1e5b01c9cb3",
	"00000000-0000-0000-0000-000000000000");
INSERT INTO SM_SEVT
	VALUES ("5d2bc261-464e-4c96-88a1-0dcf2267fd8b",
	"c87b2dab-d00f-4d32-a5d3-d1e5b01c9cb3",
	"00000000-0000-0000-0000-000000000000");
INSERT INTO SM_EVT
	VALUES ("5d2bc261-464e-4c96-88a1-0dcf2267fd8b",
	"c87b2dab-d00f-4d32-a5d3-d1e5b01c9cb3",
	"00000000-0000-0000-0000-000000000000",
	8,
	'cancelEvent',
	0,
	'',
	'BOOKINGSESSION8',
	'');
INSERT INTO SM_LEVT
	VALUES ("42a35ac4-7d83-4153-8c24-cc4699f29672",
	"c87b2dab-d00f-4d32-a5d3-d1e5b01c9cb3",
	"00000000-0000-0000-0000-000000000000");
INSERT INTO SM_SEVT
	VALUES ("42a35ac4-7d83-4153-8c24-cc4699f29672",
	"c87b2dab-d00f-4d32-a5d3-d1e5b01c9cb3",
	"00000000-0000-0000-0000-000000000000");
INSERT INTO SM_EVT
	VALUES ("42a35ac4-7d83-4153-8c24-cc4699f29672",
	"c87b2dab-d00f-4d32-a5d3-d1e5b01c9cb3",
	"00000000-0000-0000-0000-000000000000",
	9,
	'searchEvent',
	0,
	'',
	'BOOKINGSESSION9',
	'');
INSERT INTO SM_STATE
	VALUES ("abba5c5c-cc80-413e-acaf-3b88d5e3c3c6",
	"c87b2dab-d00f-4d32-a5d3-d1e5b01c9cb3",
	"00000000-0000-0000-0000-000000000000",
	'ready',
	1,
	0);
INSERT INTO SM_CH
	VALUES ("abba5c5c-cc80-413e-acaf-3b88d5e3c3c6",
	"463dc70c-f7bb-484c-8def-bd2056914139",
	"c87b2dab-d00f-4d32-a5d3-d1e5b01c9cb3",
	"00000000-0000-0000-0000-000000000000",
	'');
INSERT INTO SM_SEME
	VALUES ("abba5c5c-cc80-413e-acaf-3b88d5e3c3c6",
	"463dc70c-f7bb-484c-8def-bd2056914139",
	"c87b2dab-d00f-4d32-a5d3-d1e5b01c9cb3",
	"00000000-0000-0000-0000-000000000000");
INSERT INTO SM_CH
	VALUES ("abba5c5c-cc80-413e-acaf-3b88d5e3c3c6",
	"2113072c-9fe7-4d67-8795-583d185185c1",
	"c87b2dab-d00f-4d32-a5d3-d1e5b01c9cb3",
	"00000000-0000-0000-0000-000000000000",
	'');
INSERT INTO SM_SEME
	VALUES ("abba5c5c-cc80-413e-acaf-3b88d5e3c3c6",
	"2113072c-9fe7-4d67-8795-583d185185c1",
	"c87b2dab-d00f-4d32-a5d3-d1e5b01c9cb3",
	"00000000-0000-0000-0000-000000000000");
INSERT INTO SM_CH
	VALUES ("abba5c5c-cc80-413e-acaf-3b88d5e3c3c6",
	"0e59bc59-c4a8-49b6-b5c2-bd2e2de4f771",
	"c87b2dab-d00f-4d32-a5d3-d1e5b01c9cb3",
	"00000000-0000-0000-0000-000000000000",
	'');
INSERT INTO SM_SEME
	VALUES ("abba5c5c-cc80-413e-acaf-3b88d5e3c3c6",
	"0e59bc59-c4a8-49b6-b5c2-bd2e2de4f771",
	"c87b2dab-d00f-4d32-a5d3-d1e5b01c9cb3",
	"00000000-0000-0000-0000-000000000000");
INSERT INTO SM_CH
	VALUES ("abba5c5c-cc80-413e-acaf-3b88d5e3c3c6",
	"9a883f49-b118-47b2-880c-373bfecf9218",
	"c87b2dab-d00f-4d32-a5d3-d1e5b01c9cb3",
	"00000000-0000-0000-0000-000000000000",
	'');
INSERT INTO SM_SEME
	VALUES ("abba5c5c-cc80-413e-acaf-3b88d5e3c3c6",
	"9a883f49-b118-47b2-880c-373bfecf9218",
	"c87b2dab-d00f-4d32-a5d3-d1e5b01c9cb3",
	"00000000-0000-0000-0000-000000000000");
INSERT INTO SM_CH
	VALUES ("abba5c5c-cc80-413e-acaf-3b88d5e3c3c6",
	"153a511b-c927-49fe-95d5-db518898883d",
	"c87b2dab-d00f-4d32-a5d3-d1e5b01c9cb3",
	"00000000-0000-0000-0000-000000000000",
	'');
INSERT INTO SM_SEME
	VALUES ("abba5c5c-cc80-413e-acaf-3b88d5e3c3c6",
	"153a511b-c927-49fe-95d5-db518898883d",
	"c87b2dab-d00f-4d32-a5d3-d1e5b01c9cb3",
	"00000000-0000-0000-0000-000000000000");
INSERT INTO SM_CH
	VALUES ("abba5c5c-cc80-413e-acaf-3b88d5e3c3c6",
	"459dadf1-a920-477f-b495-f73fd93f16e7",
	"c87b2dab-d00f-4d32-a5d3-d1e5b01c9cb3",
	"00000000-0000-0000-0000-000000000000",
	'');
INSERT INTO SM_SEME
	VALUES ("abba5c5c-cc80-413e-acaf-3b88d5e3c3c6",
	"459dadf1-a920-477f-b495-f73fd93f16e7",
	"c87b2dab-d00f-4d32-a5d3-d1e5b01c9cb3",
	"00000000-0000-0000-0000-000000000000");
INSERT INTO SM_CH
	VALUES ("abba5c5c-cc80-413e-acaf-3b88d5e3c3c6",
	"2abc1152-f6f1-440f-8291-2896e45ba380",
	"c87b2dab-d00f-4d32-a5d3-d1e5b01c9cb3",
	"00000000-0000-0000-0000-000000000000",
	'');
INSERT INTO SM_SEME
	VALUES ("abba5c5c-cc80-413e-acaf-3b88d5e3c3c6",
	"2abc1152-f6f1-440f-8291-2896e45ba380",
	"c87b2dab-d00f-4d32-a5d3-d1e5b01c9cb3",
	"00000000-0000-0000-0000-000000000000");
INSERT INTO SM_CH
	VALUES ("abba5c5c-cc80-413e-acaf-3b88d5e3c3c6",
	"5d2bc261-464e-4c96-88a1-0dcf2267fd8b",
	"c87b2dab-d00f-4d32-a5d3-d1e5b01c9cb3",
	"00000000-0000-0000-0000-000000000000",
	'');
INSERT INTO SM_SEME
	VALUES ("abba5c5c-cc80-413e-acaf-3b88d5e3c3c6",
	"5d2bc261-464e-4c96-88a1-0dcf2267fd8b",
	"c87b2dab-d00f-4d32-a5d3-d1e5b01c9cb3",
	"00000000-0000-0000-0000-000000000000");
INSERT INTO SM_SEME
	VALUES ("abba5c5c-cc80-413e-acaf-3b88d5e3c3c6",
	"42a35ac4-7d83-4153-8c24-cc4699f29672",
	"c87b2dab-d00f-4d32-a5d3-d1e5b01c9cb3",
	"00000000-0000-0000-0000-000000000000");
INSERT INTO SM_MOAH
	VALUES ("418295cd-5f23-4573-b0b2-f9fc1a7b797b",
	"c87b2dab-d00f-4d32-a5d3-d1e5b01c9cb3",
	"abba5c5c-cc80-413e-acaf-3b88d5e3c3c6");
INSERT INTO SM_AH
	VALUES ("418295cd-5f23-4573-b0b2-f9fc1a7b797b",
	"c87b2dab-d00f-4d32-a5d3-d1e5b01c9cb3");
INSERT INTO SM_ACT
	VALUES ("418295cd-5f23-4573-b0b2-f9fc1a7b797b",
	"c87b2dab-d00f-4d32-a5d3-d1e5b01c9cb3",
	1,
	'LOG::LogInfo(message: "Recieved session request");
',
	'');
INSERT INTO ACT_SAB
	VALUES ("41e38bbf-77ca-4796-9712-8bc4e66ff50d",
	"c87b2dab-d00f-4d32-a5d3-d1e5b01c9cb3",
	"418295cd-5f23-4573-b0b2-f9fc1a7b797b");
INSERT INTO ACT_ACT
	VALUES ("41e38bbf-77ca-4796-9712-8bc4e66ff50d",
	'state',
	0,
	"74b56f81-cc7b-46f0-8c60-9cb149375bf2",
	"00000000-0000-0000-0000-000000000000",
	0,
	'BookingSession::ready',
	"00000000-0000-0000-0000-000000000000");
INSERT INTO ACT_BLK
	VALUES ("74b56f81-cc7b-46f0-8c60-9cb149375bf2",
	0,
	0,
	0,
	'LOG',
	'',
	'',
	1,
	1,
	1,
	1,
	0,
	0,
	0,
	0,
	0,
	0,
	0,
	0,
	0,
	"41e38bbf-77ca-4796-9712-8bc4e66ff50d",
	"00000000-0000-0000-0000-000000000000");
INSERT INTO ACT_SMT
	VALUES ("d211ea1b-8167-4507-9f6b-90d191bfd947",
	"74b56f81-cc7b-46f0-8c60-9cb149375bf2",
	"00000000-0000-0000-0000-000000000000",
	1,
	1,
	'BookingSession::ready line: 1');
INSERT INTO ACT_BRG
	VALUES ("d211ea1b-8167-4507-9f6b-90d191bfd947",
	"768e1cca-7403-495c-9b22-afd11a473eb6",
	1,
	6,
	1,
	1);
INSERT INTO V_VAL
	VALUES ("8f1e3ad7-192a-40db-b064-bfe730094291",
	0,
	0,
	1,
	23,
	47,
	0,
	0,
	0,
	0,
	"ba5eda7a-def5-0000-0000-000000000004",
	"74b56f81-cc7b-46f0-8c60-9cb149375bf2");
INSERT INTO V_LST
	VALUES ("8f1e3ad7-192a-40db-b064-bfe730094291",
	'Recieved session request');
INSERT INTO V_PAR
	VALUES ("8f1e3ad7-192a-40db-b064-bfe730094291",
	"d211ea1b-8167-4507-9f6b-90d191bfd947",
	"00000000-0000-0000-0000-000000000000",
	'message',
	"00000000-0000-0000-0000-000000000000",
	1,
	14);
INSERT INTO SM_STATE
	VALUES ("379a455a-c9de-4de3-9d42-47151db4b5c1",
	"c87b2dab-d00f-4d32-a5d3-d1e5b01c9cb3",
	"00000000-0000-0000-0000-000000000000",
	'customerProvided',
	6,
	0);
INSERT INTO SM_CH
	VALUES ("379a455a-c9de-4de3-9d42-47151db4b5c1",
	"463dc70c-f7bb-484c-8def-bd2056914139",
	"c87b2dab-d00f-4d32-a5d3-d1e5b01c9cb3",
	"00000000-0000-0000-0000-000000000000",
	'');
INSERT INTO SM_SEME
	VALUES ("379a455a-c9de-4de3-9d42-47151db4b5c1",
	"463dc70c-f7bb-484c-8def-bd2056914139",
	"c87b2dab-d00f-4d32-a5d3-d1e5b01c9cb3",
	"00000000-0000-0000-0000-000000000000");
INSERT INTO SM_CH
	VALUES ("379a455a-c9de-4de3-9d42-47151db4b5c1",
	"2113072c-9fe7-4d67-8795-583d185185c1",
	"c87b2dab-d00f-4d32-a5d3-d1e5b01c9cb3",
	"00000000-0000-0000-0000-000000000000",
	'');
INSERT INTO SM_SEME
	VALUES ("379a455a-c9de-4de3-9d42-47151db4b5c1",
	"2113072c-9fe7-4d67-8795-583d185185c1",
	"c87b2dab-d00f-4d32-a5d3-d1e5b01c9cb3",
	"00000000-0000-0000-0000-000000000000");
INSERT INTO SM_CH
	VALUES ("379a455a-c9de-4de3-9d42-47151db4b5c1",
	"0e59bc59-c4a8-49b6-b5c2-bd2e2de4f771",
	"c87b2dab-d00f-4d32-a5d3-d1e5b01c9cb3",
	"00000000-0000-0000-0000-000000000000",
	'');
INSERT INTO SM_SEME
	VALUES ("379a455a-c9de-4de3-9d42-47151db4b5c1",
	"0e59bc59-c4a8-49b6-b5c2-bd2e2de4f771",
	"c87b2dab-d00f-4d32-a5d3-d1e5b01c9cb3",
	"00000000-0000-0000-0000-000000000000");
INSERT INTO SM_CH
	VALUES ("379a455a-c9de-4de3-9d42-47151db4b5c1",
	"9a883f49-b118-47b2-880c-373bfecf9218",
	"c87b2dab-d00f-4d32-a5d3-d1e5b01c9cb3",
	"00000000-0000-0000-0000-000000000000",
	'');
INSERT INTO SM_SEME
	VALUES ("379a455a-c9de-4de3-9d42-47151db4b5c1",
	"9a883f49-b118-47b2-880c-373bfecf9218",
	"c87b2dab-d00f-4d32-a5d3-d1e5b01c9cb3",
	"00000000-0000-0000-0000-000000000000");
INSERT INTO SM_CH
	VALUES ("379a455a-c9de-4de3-9d42-47151db4b5c1",
	"153a511b-c927-49fe-95d5-db518898883d",
	"c87b2dab-d00f-4d32-a5d3-d1e5b01c9cb3",
	"00000000-0000-0000-0000-000000000000",
	'');
INSERT INTO SM_SEME
	VALUES ("379a455a-c9de-4de3-9d42-47151db4b5c1",
	"153a511b-c927-49fe-95d5-db518898883d",
	"c87b2dab-d00f-4d32-a5d3-d1e5b01c9cb3",
	"00000000-0000-0000-0000-000000000000");
INSERT INTO SM_SEME
	VALUES ("379a455a-c9de-4de3-9d42-47151db4b5c1",
	"459dadf1-a920-477f-b495-f73fd93f16e7",
	"c87b2dab-d00f-4d32-a5d3-d1e5b01c9cb3",
	"00000000-0000-0000-0000-000000000000");
INSERT INTO SM_CH
	VALUES ("379a455a-c9de-4de3-9d42-47151db4b5c1",
	"2abc1152-f6f1-440f-8291-2896e45ba380",
	"c87b2dab-d00f-4d32-a5d3-d1e5b01c9cb3",
	"00000000-0000-0000-0000-000000000000",
	'');
INSERT INTO SM_SEME
	VALUES ("379a455a-c9de-4de3-9d42-47151db4b5c1",
	"2abc1152-f6f1-440f-8291-2896e45ba380",
	"c87b2dab-d00f-4d32-a5d3-d1e5b01c9cb3",
	"00000000-0000-0000-0000-000000000000");
INSERT INTO SM_CH
	VALUES ("379a455a-c9de-4de3-9d42-47151db4b5c1",
	"5d2bc261-464e-4c96-88a1-0dcf2267fd8b",
	"c87b2dab-d00f-4d32-a5d3-d1e5b01c9cb3",
	"00000000-0000-0000-0000-000000000000",
	'');
INSERT INTO SM_SEME
	VALUES ("379a455a-c9de-4de3-9d42-47151db4b5c1",
	"5d2bc261-464e-4c96-88a1-0dcf2267fd8b",
	"c87b2dab-d00f-4d32-a5d3-d1e5b01c9cb3",
	"00000000-0000-0000-0000-000000000000");
INSERT INTO SM_CH
	VALUES ("379a455a-c9de-4de3-9d42-47151db4b5c1",
	"42a35ac4-7d83-4153-8c24-cc4699f29672",
	"c87b2dab-d00f-4d32-a5d3-d1e5b01c9cb3",
	"00000000-0000-0000-0000-000000000000",
	'');
INSERT INTO SM_SEME
	VALUES ("379a455a-c9de-4de3-9d42-47151db4b5c1",
	"42a35ac4-7d83-4153-8c24-cc4699f29672",
	"c87b2dab-d00f-4d32-a5d3-d1e5b01c9cb3",
	"00000000-0000-0000-0000-000000000000");
INSERT INTO SM_MOAH
	VALUES ("c3158b28-1d86-4a56-9d32-e880d9a9c9fe",
	"c87b2dab-d00f-4d32-a5d3-d1e5b01c9cb3",
	"379a455a-c9de-4de3-9d42-47151db4b5c1");
INSERT INTO SM_AH
	VALUES ("c3158b28-1d86-4a56-9d32-e880d9a9c9fe",
	"c87b2dab-d00f-4d32-a5d3-d1e5b01c9cb3");
INSERT INTO SM_ACT
	VALUES ("c3158b28-1d86-4a56-9d32-e880d9a9c9fe",
	"c87b2dab-d00f-4d32-a5d3-d1e5b01c9cb3",
	1,
	'',
	'');
INSERT INTO ACT_SAB
	VALUES ("0983a7b1-af20-4cb7-99f7-cae2786f4509",
	"c87b2dab-d00f-4d32-a5d3-d1e5b01c9cb3",
	"c3158b28-1d86-4a56-9d32-e880d9a9c9fe");
INSERT INTO ACT_ACT
	VALUES ("0983a7b1-af20-4cb7-99f7-cae2786f4509",
	'state',
	0,
	"a68c67be-5298-40d3-a683-b6e4a697f65b",
	"00000000-0000-0000-0000-000000000000",
	0,
	'BookingSession::customerProvided',
	"00000000-0000-0000-0000-000000000000");
INSERT INTO ACT_BLK
	VALUES ("a68c67be-5298-40d3-a683-b6e4a697f65b",
	0,
	0,
	0,
	'',
	'',
	'',
	0,
	0,
	0,
	0,
	0,
	0,
	0,
	0,
	0,
	0,
	0,
	0,
	0,
	"0983a7b1-af20-4cb7-99f7-cae2786f4509",
	"00000000-0000-0000-0000-000000000000");
INSERT INTO SM_STATE
	VALUES ("2f872649-fe94-4f31-b88d-635a7e02ac36",
	"c87b2dab-d00f-4d32-a5d3-d1e5b01c9cb3",
	"00000000-0000-0000-0000-000000000000",
	'finallyReady',
	5,
	0);
INSERT INTO SM_SEME
	VALUES ("2f872649-fe94-4f31-b88d-635a7e02ac36",
	"463dc70c-f7bb-484c-8def-bd2056914139",
	"c87b2dab-d00f-4d32-a5d3-d1e5b01c9cb3",
	"00000000-0000-0000-0000-000000000000");
INSERT INTO SM_CH
	VALUES ("2f872649-fe94-4f31-b88d-635a7e02ac36",
	"2113072c-9fe7-4d67-8795-583d185185c1",
	"c87b2dab-d00f-4d32-a5d3-d1e5b01c9cb3",
	"00000000-0000-0000-0000-000000000000",
	'');
INSERT INTO SM_SEME
	VALUES ("2f872649-fe94-4f31-b88d-635a7e02ac36",
	"2113072c-9fe7-4d67-8795-583d185185c1",
	"c87b2dab-d00f-4d32-a5d3-d1e5b01c9cb3",
	"00000000-0000-0000-0000-000000000000");
INSERT INTO SM_CH
	VALUES ("2f872649-fe94-4f31-b88d-635a7e02ac36",
	"0e59bc59-c4a8-49b6-b5c2-bd2e2de4f771",
	"c87b2dab-d00f-4d32-a5d3-d1e5b01c9cb3",
	"00000000-0000-0000-0000-000000000000",
	'');
INSERT INTO SM_SEME
	VALUES ("2f872649-fe94-4f31-b88d-635a7e02ac36",
	"0e59bc59-c4a8-49b6-b5c2-bd2e2de4f771",
	"c87b2dab-d00f-4d32-a5d3-d1e5b01c9cb3",
	"00000000-0000-0000-0000-000000000000");
INSERT INTO SM_CH
	VALUES ("2f872649-fe94-4f31-b88d-635a7e02ac36",
	"9a883f49-b118-47b2-880c-373bfecf9218",
	"c87b2dab-d00f-4d32-a5d3-d1e5b01c9cb3",
	"00000000-0000-0000-0000-000000000000",
	'');
INSERT INTO SM_SEME
	VALUES ("2f872649-fe94-4f31-b88d-635a7e02ac36",
	"9a883f49-b118-47b2-880c-373bfecf9218",
	"c87b2dab-d00f-4d32-a5d3-d1e5b01c9cb3",
	"00000000-0000-0000-0000-000000000000");
INSERT INTO SM_SEME
	VALUES ("2f872649-fe94-4f31-b88d-635a7e02ac36",
	"153a511b-c927-49fe-95d5-db518898883d",
	"c87b2dab-d00f-4d32-a5d3-d1e5b01c9cb3",
	"00000000-0000-0000-0000-000000000000");
INSERT INTO SM_CH
	VALUES ("2f872649-fe94-4f31-b88d-635a7e02ac36",
	"459dadf1-a920-477f-b495-f73fd93f16e7",
	"c87b2dab-d00f-4d32-a5d3-d1e5b01c9cb3",
	"00000000-0000-0000-0000-000000000000",
	'');
INSERT INTO SM_SEME
	VALUES ("2f872649-fe94-4f31-b88d-635a7e02ac36",
	"459dadf1-a920-477f-b495-f73fd93f16e7",
	"c87b2dab-d00f-4d32-a5d3-d1e5b01c9cb3",
	"00000000-0000-0000-0000-000000000000");
INSERT INTO SM_CH
	VALUES ("2f872649-fe94-4f31-b88d-635a7e02ac36",
	"2abc1152-f6f1-440f-8291-2896e45ba380",
	"c87b2dab-d00f-4d32-a5d3-d1e5b01c9cb3",
	"00000000-0000-0000-0000-000000000000",
	'');
INSERT INTO SM_SEME
	VALUES ("2f872649-fe94-4f31-b88d-635a7e02ac36",
	"2abc1152-f6f1-440f-8291-2896e45ba380",
	"c87b2dab-d00f-4d32-a5d3-d1e5b01c9cb3",
	"00000000-0000-0000-0000-000000000000");
INSERT INTO SM_CH
	VALUES ("2f872649-fe94-4f31-b88d-635a7e02ac36",
	"5d2bc261-464e-4c96-88a1-0dcf2267fd8b",
	"c87b2dab-d00f-4d32-a5d3-d1e5b01c9cb3",
	"00000000-0000-0000-0000-000000000000",
	'');
INSERT INTO SM_SEME
	VALUES ("2f872649-fe94-4f31-b88d-635a7e02ac36",
	"5d2bc261-464e-4c96-88a1-0dcf2267fd8b",
	"c87b2dab-d00f-4d32-a5d3-d1e5b01c9cb3",
	"00000000-0000-0000-0000-000000000000");
INSERT INTO SM_SEME
	VALUES ("2f872649-fe94-4f31-b88d-635a7e02ac36",
	"42a35ac4-7d83-4153-8c24-cc4699f29672",
	"c87b2dab-d00f-4d32-a5d3-d1e5b01c9cb3",
	"00000000-0000-0000-0000-000000000000");
INSERT INTO SM_MOAH
	VALUES ("a285934d-8100-43dc-b14a-9e01d6d279fd",
	"c87b2dab-d00f-4d32-a5d3-d1e5b01c9cb3",
	"2f872649-fe94-4f31-b88d-635a7e02ac36");
INSERT INTO SM_AH
	VALUES ("a285934d-8100-43dc-b14a-9e01d6d279fd",
	"c87b2dab-d00f-4d32-a5d3-d1e5b01c9cb3");
INSERT INTO SM_ACT
	VALUES ("a285934d-8100-43dc-b14a-9e01d6d279fd",
	"c87b2dab-d00f-4d32-a5d3-d1e5b01c9cb3",
	1,
	'',
	'');
INSERT INTO ACT_SAB
	VALUES ("eb03ba14-316f-4134-ac36-4473c1f7e1c3",
	"c87b2dab-d00f-4d32-a5d3-d1e5b01c9cb3",
	"a285934d-8100-43dc-b14a-9e01d6d279fd");
INSERT INTO ACT_ACT
	VALUES ("eb03ba14-316f-4134-ac36-4473c1f7e1c3",
	'state',
	0,
	"9092ebf8-bca7-4ee6-a7e4-f7d7ee28667b",
	"00000000-0000-0000-0000-000000000000",
	0,
	'BookingSession::finallyReady',
	"00000000-0000-0000-0000-000000000000");
INSERT INTO ACT_BLK
	VALUES ("9092ebf8-bca7-4ee6-a7e4-f7d7ee28667b",
	0,
	0,
	0,
	'',
	'',
	'',
	0,
	0,
	0,
	0,
	0,
	0,
	0,
	0,
	0,
	0,
	0,
	0,
	0,
	"eb03ba14-316f-4134-ac36-4473c1f7e1c3",
	"00000000-0000-0000-0000-000000000000");
INSERT INTO SM_STATE
	VALUES ("ec664e05-8719-4277-966f-43d8cf4e3176",
	"c87b2dab-d00f-4d32-a5d3-d1e5b01c9cb3",
	"00000000-0000-0000-0000-000000000000",
	'selected',
	2,
	0);
INSERT INTO SM_CH
	VALUES ("ec664e05-8719-4277-966f-43d8cf4e3176",
	"463dc70c-f7bb-484c-8def-bd2056914139",
	"c87b2dab-d00f-4d32-a5d3-d1e5b01c9cb3",
	"00000000-0000-0000-0000-000000000000",
	'');
INSERT INTO SM_SEME
	VALUES ("ec664e05-8719-4277-966f-43d8cf4e3176",
	"463dc70c-f7bb-484c-8def-bd2056914139",
	"c87b2dab-d00f-4d32-a5d3-d1e5b01c9cb3",
	"00000000-0000-0000-0000-000000000000");
INSERT INTO SM_SEME
	VALUES ("ec664e05-8719-4277-966f-43d8cf4e3176",
	"2113072c-9fe7-4d67-8795-583d185185c1",
	"c87b2dab-d00f-4d32-a5d3-d1e5b01c9cb3",
	"00000000-0000-0000-0000-000000000000");
INSERT INTO SM_CH
	VALUES ("ec664e05-8719-4277-966f-43d8cf4e3176",
	"0e59bc59-c4a8-49b6-b5c2-bd2e2de4f771",
	"c87b2dab-d00f-4d32-a5d3-d1e5b01c9cb3",
	"00000000-0000-0000-0000-000000000000",
	'');
INSERT INTO SM_SEME
	VALUES ("ec664e05-8719-4277-966f-43d8cf4e3176",
	"0e59bc59-c4a8-49b6-b5c2-bd2e2de4f771",
	"c87b2dab-d00f-4d32-a5d3-d1e5b01c9cb3",
	"00000000-0000-0000-0000-000000000000");
INSERT INTO SM_CH
	VALUES ("ec664e05-8719-4277-966f-43d8cf4e3176",
	"9a883f49-b118-47b2-880c-373bfecf9218",
	"c87b2dab-d00f-4d32-a5d3-d1e5b01c9cb3",
	"00000000-0000-0000-0000-000000000000",
	'');
INSERT INTO SM_SEME
	VALUES ("ec664e05-8719-4277-966f-43d8cf4e3176",
	"9a883f49-b118-47b2-880c-373bfecf9218",
	"c87b2dab-d00f-4d32-a5d3-d1e5b01c9cb3",
	"00000000-0000-0000-0000-000000000000");
INSERT INTO SM_CH
	VALUES ("ec664e05-8719-4277-966f-43d8cf4e3176",
	"153a511b-c927-49fe-95d5-db518898883d",
	"c87b2dab-d00f-4d32-a5d3-d1e5b01c9cb3",
	"00000000-0000-0000-0000-000000000000",
	'');
INSERT INTO SM_SEME
	VALUES ("ec664e05-8719-4277-966f-43d8cf4e3176",
	"153a511b-c927-49fe-95d5-db518898883d",
	"c87b2dab-d00f-4d32-a5d3-d1e5b01c9cb3",
	"00000000-0000-0000-0000-000000000000");
INSERT INTO SM_CH
	VALUES ("ec664e05-8719-4277-966f-43d8cf4e3176",
	"459dadf1-a920-477f-b495-f73fd93f16e7",
	"c87b2dab-d00f-4d32-a5d3-d1e5b01c9cb3",
	"00000000-0000-0000-0000-000000000000",
	'');
INSERT INTO SM_SEME
	VALUES ("ec664e05-8719-4277-966f-43d8cf4e3176",
	"459dadf1-a920-477f-b495-f73fd93f16e7",
	"c87b2dab-d00f-4d32-a5d3-d1e5b01c9cb3",
	"00000000-0000-0000-0000-000000000000");
INSERT INTO SM_CH
	VALUES ("ec664e05-8719-4277-966f-43d8cf4e3176",
	"2abc1152-f6f1-440f-8291-2896e45ba380",
	"c87b2dab-d00f-4d32-a5d3-d1e5b01c9cb3",
	"00000000-0000-0000-0000-000000000000",
	'');
INSERT INTO SM_SEME
	VALUES ("ec664e05-8719-4277-966f-43d8cf4e3176",
	"2abc1152-f6f1-440f-8291-2896e45ba380",
	"c87b2dab-d00f-4d32-a5d3-d1e5b01c9cb3",
	"00000000-0000-0000-0000-000000000000");
INSERT INTO SM_CH
	VALUES ("ec664e05-8719-4277-966f-43d8cf4e3176",
	"5d2bc261-464e-4c96-88a1-0dcf2267fd8b",
	"c87b2dab-d00f-4d32-a5d3-d1e5b01c9cb3",
	"00000000-0000-0000-0000-000000000000",
	'');
INSERT INTO SM_SEME
	VALUES ("ec664e05-8719-4277-966f-43d8cf4e3176",
	"5d2bc261-464e-4c96-88a1-0dcf2267fd8b",
	"c87b2dab-d00f-4d32-a5d3-d1e5b01c9cb3",
	"00000000-0000-0000-0000-000000000000");
INSERT INTO SM_CH
	VALUES ("ec664e05-8719-4277-966f-43d8cf4e3176",
	"42a35ac4-7d83-4153-8c24-cc4699f29672",
	"c87b2dab-d00f-4d32-a5d3-d1e5b01c9cb3",
	"00000000-0000-0000-0000-000000000000",
	'');
INSERT INTO SM_SEME
	VALUES ("ec664e05-8719-4277-966f-43d8cf4e3176",
	"42a35ac4-7d83-4153-8c24-cc4699f29672",
	"c87b2dab-d00f-4d32-a5d3-d1e5b01c9cb3",
	"00000000-0000-0000-0000-000000000000");
INSERT INTO SM_MOAH
	VALUES ("e09f2adb-c3b8-49ef-82b6-8ce64830c08a",
	"c87b2dab-d00f-4d32-a5d3-d1e5b01c9cb3",
	"ec664e05-8719-4277-966f-43d8cf4e3176");
INSERT INTO SM_AH
	VALUES ("e09f2adb-c3b8-49ef-82b6-8ce64830c08a",
	"c87b2dab-d00f-4d32-a5d3-d1e5b01c9cb3");
INSERT INTO SM_ACT
	VALUES ("e09f2adb-c3b8-49ef-82b6-8ce64830c08a",
	"c87b2dab-d00f-4d32-a5d3-d1e5b01c9cb3",
	1,
	'',
	'');
INSERT INTO ACT_SAB
	VALUES ("9c25a08f-742f-4d7b-87eb-3b07e5402760",
	"c87b2dab-d00f-4d32-a5d3-d1e5b01c9cb3",
	"e09f2adb-c3b8-49ef-82b6-8ce64830c08a");
INSERT INTO ACT_ACT
	VALUES ("9c25a08f-742f-4d7b-87eb-3b07e5402760",
	'state',
	0,
	"f3222767-8d12-4af9-9dd3-0a1424aaa17f",
	"00000000-0000-0000-0000-000000000000",
	0,
	'BookingSession::selected',
	"00000000-0000-0000-0000-000000000000");
INSERT INTO ACT_BLK
	VALUES ("f3222767-8d12-4af9-9dd3-0a1424aaa17f",
	0,
	0,
	0,
	'',
	'',
	'',
	0,
	0,
	0,
	0,
	0,
	0,
	0,
	0,
	0,
	0,
	0,
	0,
	0,
	"9c25a08f-742f-4d7b-87eb-3b07e5402760",
	"00000000-0000-0000-0000-000000000000");
INSERT INTO SM_STATE
	VALUES ("0a2fd1bd-2d48-4562-b322-ca038ace3cef",
	"c87b2dab-d00f-4d32-a5d3-d1e5b01c9cb3",
	"00000000-0000-0000-0000-000000000000",
	'guestAdded',
	3,
	0);
INSERT INTO SM_CH
	VALUES ("0a2fd1bd-2d48-4562-b322-ca038ace3cef",
	"463dc70c-f7bb-484c-8def-bd2056914139",
	"c87b2dab-d00f-4d32-a5d3-d1e5b01c9cb3",
	"00000000-0000-0000-0000-000000000000",
	'');
INSERT INTO SM_SEME
	VALUES ("0a2fd1bd-2d48-4562-b322-ca038ace3cef",
	"463dc70c-f7bb-484c-8def-bd2056914139",
	"c87b2dab-d00f-4d32-a5d3-d1e5b01c9cb3",
	"00000000-0000-0000-0000-000000000000");
INSERT INTO SM_SEME
	VALUES ("0a2fd1bd-2d48-4562-b322-ca038ace3cef",
	"2113072c-9fe7-4d67-8795-583d185185c1",
	"c87b2dab-d00f-4d32-a5d3-d1e5b01c9cb3",
	"00000000-0000-0000-0000-000000000000");
INSERT INTO SM_SEME
	VALUES ("0a2fd1bd-2d48-4562-b322-ca038ace3cef",
	"0e59bc59-c4a8-49b6-b5c2-bd2e2de4f771",
	"c87b2dab-d00f-4d32-a5d3-d1e5b01c9cb3",
	"00000000-0000-0000-0000-000000000000");
INSERT INTO SM_SEME
	VALUES ("0a2fd1bd-2d48-4562-b322-ca038ace3cef",
	"9a883f49-b118-47b2-880c-373bfecf9218",
	"c87b2dab-d00f-4d32-a5d3-d1e5b01c9cb3",
	"00000000-0000-0000-0000-000000000000");
INSERT INTO SM_CH
	VALUES ("0a2fd1bd-2d48-4562-b322-ca038ace3cef",
	"153a511b-c927-49fe-95d5-db518898883d",
	"c87b2dab-d00f-4d32-a5d3-d1e5b01c9cb3",
	"00000000-0000-0000-0000-000000000000",
	'');
INSERT INTO SM_SEME
	VALUES ("0a2fd1bd-2d48-4562-b322-ca038ace3cef",
	"153a511b-c927-49fe-95d5-db518898883d",
	"c87b2dab-d00f-4d32-a5d3-d1e5b01c9cb3",
	"00000000-0000-0000-0000-000000000000");
INSERT INTO SM_CH
	VALUES ("0a2fd1bd-2d48-4562-b322-ca038ace3cef",
	"459dadf1-a920-477f-b495-f73fd93f16e7",
	"c87b2dab-d00f-4d32-a5d3-d1e5b01c9cb3",
	"00000000-0000-0000-0000-000000000000",
	'');
INSERT INTO SM_SEME
	VALUES ("0a2fd1bd-2d48-4562-b322-ca038ace3cef",
	"459dadf1-a920-477f-b495-f73fd93f16e7",
	"c87b2dab-d00f-4d32-a5d3-d1e5b01c9cb3",
	"00000000-0000-0000-0000-000000000000");
INSERT INTO SM_CH
	VALUES ("0a2fd1bd-2d48-4562-b322-ca038ace3cef",
	"2abc1152-f6f1-440f-8291-2896e45ba380",
	"c87b2dab-d00f-4d32-a5d3-d1e5b01c9cb3",
	"00000000-0000-0000-0000-000000000000",
	'');
INSERT INTO SM_SEME
	VALUES ("0a2fd1bd-2d48-4562-b322-ca038ace3cef",
	"2abc1152-f6f1-440f-8291-2896e45ba380",
	"c87b2dab-d00f-4d32-a5d3-d1e5b01c9cb3",
	"00000000-0000-0000-0000-000000000000");
INSERT INTO SM_CH
	VALUES ("0a2fd1bd-2d48-4562-b322-ca038ace3cef",
	"5d2bc261-464e-4c96-88a1-0dcf2267fd8b",
	"c87b2dab-d00f-4d32-a5d3-d1e5b01c9cb3",
	"00000000-0000-0000-0000-000000000000",
	'');
INSERT INTO SM_SEME
	VALUES ("0a2fd1bd-2d48-4562-b322-ca038ace3cef",
	"5d2bc261-464e-4c96-88a1-0dcf2267fd8b",
	"c87b2dab-d00f-4d32-a5d3-d1e5b01c9cb3",
	"00000000-0000-0000-0000-000000000000");
INSERT INTO SM_CH
	VALUES ("0a2fd1bd-2d48-4562-b322-ca038ace3cef",
	"42a35ac4-7d83-4153-8c24-cc4699f29672",
	"c87b2dab-d00f-4d32-a5d3-d1e5b01c9cb3",
	"00000000-0000-0000-0000-000000000000",
	'');
INSERT INTO SM_SEME
	VALUES ("0a2fd1bd-2d48-4562-b322-ca038ace3cef",
	"42a35ac4-7d83-4153-8c24-cc4699f29672",
	"c87b2dab-d00f-4d32-a5d3-d1e5b01c9cb3",
	"00000000-0000-0000-0000-000000000000");
INSERT INTO SM_MOAH
	VALUES ("2232bc33-de11-4ec7-b257-f8c79d218a20",
	"c87b2dab-d00f-4d32-a5d3-d1e5b01c9cb3",
	"0a2fd1bd-2d48-4562-b322-ca038ace3cef");
INSERT INTO SM_AH
	VALUES ("2232bc33-de11-4ec7-b257-f8c79d218a20",
	"c87b2dab-d00f-4d32-a5d3-d1e5b01c9cb3");
INSERT INTO SM_ACT
	VALUES ("2232bc33-de11-4ec7-b257-f8c79d218a20",
	"c87b2dab-d00f-4d32-a5d3-d1e5b01c9cb3",
	1,
	'',
	'');
INSERT INTO ACT_SAB
	VALUES ("57b21cea-0fd6-4d5b-b2c4-59dc8d87c752",
	"c87b2dab-d00f-4d32-a5d3-d1e5b01c9cb3",
	"2232bc33-de11-4ec7-b257-f8c79d218a20");
INSERT INTO ACT_ACT
	VALUES ("57b21cea-0fd6-4d5b-b2c4-59dc8d87c752",
	'state',
	0,
	"168ea39a-d107-48a1-bfed-9a8a423ff59c",
	"00000000-0000-0000-0000-000000000000",
	0,
	'BookingSession::guestAdded',
	"00000000-0000-0000-0000-000000000000");
INSERT INTO ACT_BLK
	VALUES ("168ea39a-d107-48a1-bfed-9a8a423ff59c",
	0,
	0,
	0,
	'',
	'',
	'',
	0,
	0,
	0,
	0,
	0,
	0,
	0,
	0,
	0,
	0,
	0,
	0,
	0,
	"57b21cea-0fd6-4d5b-b2c4-59dc8d87c752",
	"00000000-0000-0000-0000-000000000000");
INSERT INTO SM_STATE
	VALUES ("5ba9883b-4a7b-40ed-a541-d3bba232f55a",
	"c87b2dab-d00f-4d32-a5d3-d1e5b01c9cb3",
	"00000000-0000-0000-0000-000000000000",
	'addService',
	4,
	0);
INSERT INTO SM_CH
	VALUES ("5ba9883b-4a7b-40ed-a541-d3bba232f55a",
	"463dc70c-f7bb-484c-8def-bd2056914139",
	"c87b2dab-d00f-4d32-a5d3-d1e5b01c9cb3",
	"00000000-0000-0000-0000-000000000000",
	'');
INSERT INTO SM_SEME
	VALUES ("5ba9883b-4a7b-40ed-a541-d3bba232f55a",
	"463dc70c-f7bb-484c-8def-bd2056914139",
	"c87b2dab-d00f-4d32-a5d3-d1e5b01c9cb3",
	"00000000-0000-0000-0000-000000000000");
INSERT INTO SM_CH
	VALUES ("5ba9883b-4a7b-40ed-a541-d3bba232f55a",
	"2113072c-9fe7-4d67-8795-583d185185c1",
	"c87b2dab-d00f-4d32-a5d3-d1e5b01c9cb3",
	"00000000-0000-0000-0000-000000000000",
	'');
INSERT INTO SM_SEME
	VALUES ("5ba9883b-4a7b-40ed-a541-d3bba232f55a",
	"2113072c-9fe7-4d67-8795-583d185185c1",
	"c87b2dab-d00f-4d32-a5d3-d1e5b01c9cb3",
	"00000000-0000-0000-0000-000000000000");
INSERT INTO SM_SEME
	VALUES ("5ba9883b-4a7b-40ed-a541-d3bba232f55a",
	"0e59bc59-c4a8-49b6-b5c2-bd2e2de4f771",
	"c87b2dab-d00f-4d32-a5d3-d1e5b01c9cb3",
	"00000000-0000-0000-0000-000000000000");
INSERT INTO SM_SEME
	VALUES ("5ba9883b-4a7b-40ed-a541-d3bba232f55a",
	"9a883f49-b118-47b2-880c-373bfecf9218",
	"c87b2dab-d00f-4d32-a5d3-d1e5b01c9cb3",
	"00000000-0000-0000-0000-000000000000");
INSERT INTO SM_CH
	VALUES ("5ba9883b-4a7b-40ed-a541-d3bba232f55a",
	"153a511b-c927-49fe-95d5-db518898883d",
	"c87b2dab-d00f-4d32-a5d3-d1e5b01c9cb3",
	"00000000-0000-0000-0000-000000000000",
	'');
INSERT INTO SM_SEME
	VALUES ("5ba9883b-4a7b-40ed-a541-d3bba232f55a",
	"153a511b-c927-49fe-95d5-db518898883d",
	"c87b2dab-d00f-4d32-a5d3-d1e5b01c9cb3",
	"00000000-0000-0000-0000-000000000000");
INSERT INTO SM_CH
	VALUES ("5ba9883b-4a7b-40ed-a541-d3bba232f55a",
	"459dadf1-a920-477f-b495-f73fd93f16e7",
	"c87b2dab-d00f-4d32-a5d3-d1e5b01c9cb3",
	"00000000-0000-0000-0000-000000000000",
	'');
INSERT INTO SM_SEME
	VALUES ("5ba9883b-4a7b-40ed-a541-d3bba232f55a",
	"459dadf1-a920-477f-b495-f73fd93f16e7",
	"c87b2dab-d00f-4d32-a5d3-d1e5b01c9cb3",
	"00000000-0000-0000-0000-000000000000");
INSERT INTO SM_CH
	VALUES ("5ba9883b-4a7b-40ed-a541-d3bba232f55a",
	"2abc1152-f6f1-440f-8291-2896e45ba380",
	"c87b2dab-d00f-4d32-a5d3-d1e5b01c9cb3",
	"00000000-0000-0000-0000-000000000000",
	'');
INSERT INTO SM_SEME
	VALUES ("5ba9883b-4a7b-40ed-a541-d3bba232f55a",
	"2abc1152-f6f1-440f-8291-2896e45ba380",
	"c87b2dab-d00f-4d32-a5d3-d1e5b01c9cb3",
	"00000000-0000-0000-0000-000000000000");
INSERT INTO SM_CH
	VALUES ("5ba9883b-4a7b-40ed-a541-d3bba232f55a",
	"5d2bc261-464e-4c96-88a1-0dcf2267fd8b",
	"c87b2dab-d00f-4d32-a5d3-d1e5b01c9cb3",
	"00000000-0000-0000-0000-000000000000",
	'');
INSERT INTO SM_SEME
	VALUES ("5ba9883b-4a7b-40ed-a541-d3bba232f55a",
	"5d2bc261-464e-4c96-88a1-0dcf2267fd8b",
	"c87b2dab-d00f-4d32-a5d3-d1e5b01c9cb3",
	"00000000-0000-0000-0000-000000000000");
INSERT INTO SM_CH
	VALUES ("5ba9883b-4a7b-40ed-a541-d3bba232f55a",
	"42a35ac4-7d83-4153-8c24-cc4699f29672",
	"c87b2dab-d00f-4d32-a5d3-d1e5b01c9cb3",
	"00000000-0000-0000-0000-000000000000",
	'');
INSERT INTO SM_SEME
	VALUES ("5ba9883b-4a7b-40ed-a541-d3bba232f55a",
	"42a35ac4-7d83-4153-8c24-cc4699f29672",
	"c87b2dab-d00f-4d32-a5d3-d1e5b01c9cb3",
	"00000000-0000-0000-0000-000000000000");
INSERT INTO SM_MOAH
	VALUES ("b96e84ea-d627-4e2e-a8b5-c9972e6aee35",
	"c87b2dab-d00f-4d32-a5d3-d1e5b01c9cb3",
	"5ba9883b-4a7b-40ed-a541-d3bba232f55a");
INSERT INTO SM_AH
	VALUES ("b96e84ea-d627-4e2e-a8b5-c9972e6aee35",
	"c87b2dab-d00f-4d32-a5d3-d1e5b01c9cb3");
INSERT INTO SM_ACT
	VALUES ("b96e84ea-d627-4e2e-a8b5-c9972e6aee35",
	"c87b2dab-d00f-4d32-a5d3-d1e5b01c9cb3",
	1,
	'',
	'');
INSERT INTO ACT_SAB
	VALUES ("601c2040-6e9a-4f93-964b-26959b5b47c9",
	"c87b2dab-d00f-4d32-a5d3-d1e5b01c9cb3",
	"b96e84ea-d627-4e2e-a8b5-c9972e6aee35");
INSERT INTO ACT_ACT
	VALUES ("601c2040-6e9a-4f93-964b-26959b5b47c9",
	'state',
	0,
	"04064e7d-92c0-40dd-919b-d5b6aaa3460b",
	"00000000-0000-0000-0000-000000000000",
	0,
	'BookingSession::addService',
	"00000000-0000-0000-0000-000000000000");
INSERT INTO ACT_BLK
	VALUES ("04064e7d-92c0-40dd-919b-d5b6aaa3460b",
	0,
	0,
	0,
	'',
	'',
	'',
	0,
	0,
	0,
	0,
	0,
	0,
	0,
	0,
	0,
	0,
	0,
	0,
	0,
	"601c2040-6e9a-4f93-964b-26959b5b47c9",
	"00000000-0000-0000-0000-000000000000");
INSERT INTO SM_STATE
	VALUES ("16b76ff7-c8d4-4f88-81c4-f6f0a7d93a90",
	"c87b2dab-d00f-4d32-a5d3-d1e5b01c9cb3",
	"00000000-0000-0000-0000-000000000000",
	'paymentSuggested',
	7,
	0);
INSERT INTO SM_CH
	VALUES ("16b76ff7-c8d4-4f88-81c4-f6f0a7d93a90",
	"463dc70c-f7bb-484c-8def-bd2056914139",
	"c87b2dab-d00f-4d32-a5d3-d1e5b01c9cb3",
	"00000000-0000-0000-0000-000000000000",
	'');
INSERT INTO SM_SEME
	VALUES ("16b76ff7-c8d4-4f88-81c4-f6f0a7d93a90",
	"463dc70c-f7bb-484c-8def-bd2056914139",
	"c87b2dab-d00f-4d32-a5d3-d1e5b01c9cb3",
	"00000000-0000-0000-0000-000000000000");
INSERT INTO SM_CH
	VALUES ("16b76ff7-c8d4-4f88-81c4-f6f0a7d93a90",
	"2113072c-9fe7-4d67-8795-583d185185c1",
	"c87b2dab-d00f-4d32-a5d3-d1e5b01c9cb3",
	"00000000-0000-0000-0000-000000000000",
	'');
INSERT INTO SM_SEME
	VALUES ("16b76ff7-c8d4-4f88-81c4-f6f0a7d93a90",
	"2113072c-9fe7-4d67-8795-583d185185c1",
	"c87b2dab-d00f-4d32-a5d3-d1e5b01c9cb3",
	"00000000-0000-0000-0000-000000000000");
INSERT INTO SM_CH
	VALUES ("16b76ff7-c8d4-4f88-81c4-f6f0a7d93a90",
	"0e59bc59-c4a8-49b6-b5c2-bd2e2de4f771",
	"c87b2dab-d00f-4d32-a5d3-d1e5b01c9cb3",
	"00000000-0000-0000-0000-000000000000",
	'');
INSERT INTO SM_SEME
	VALUES ("16b76ff7-c8d4-4f88-81c4-f6f0a7d93a90",
	"0e59bc59-c4a8-49b6-b5c2-bd2e2de4f771",
	"c87b2dab-d00f-4d32-a5d3-d1e5b01c9cb3",
	"00000000-0000-0000-0000-000000000000");
INSERT INTO SM_CH
	VALUES ("16b76ff7-c8d4-4f88-81c4-f6f0a7d93a90",
	"9a883f49-b118-47b2-880c-373bfecf9218",
	"c87b2dab-d00f-4d32-a5d3-d1e5b01c9cb3",
	"00000000-0000-0000-0000-000000000000",
	'');
INSERT INTO SM_SEME
	VALUES ("16b76ff7-c8d4-4f88-81c4-f6f0a7d93a90",
	"9a883f49-b118-47b2-880c-373bfecf9218",
	"c87b2dab-d00f-4d32-a5d3-d1e5b01c9cb3",
	"00000000-0000-0000-0000-000000000000");
INSERT INTO SM_CH
	VALUES ("16b76ff7-c8d4-4f88-81c4-f6f0a7d93a90",
	"153a511b-c927-49fe-95d5-db518898883d",
	"c87b2dab-d00f-4d32-a5d3-d1e5b01c9cb3",
	"00000000-0000-0000-0000-000000000000",
	'');
INSERT INTO SM_SEME
	VALUES ("16b76ff7-c8d4-4f88-81c4-f6f0a7d93a90",
	"153a511b-c927-49fe-95d5-db518898883d",
	"c87b2dab-d00f-4d32-a5d3-d1e5b01c9cb3",
	"00000000-0000-0000-0000-000000000000");
INSERT INTO SM_CH
	VALUES ("16b76ff7-c8d4-4f88-81c4-f6f0a7d93a90",
	"459dadf1-a920-477f-b495-f73fd93f16e7",
	"c87b2dab-d00f-4d32-a5d3-d1e5b01c9cb3",
	"00000000-0000-0000-0000-000000000000",
	'');
INSERT INTO SM_SEME
	VALUES ("16b76ff7-c8d4-4f88-81c4-f6f0a7d93a90",
	"459dadf1-a920-477f-b495-f73fd93f16e7",
	"c87b2dab-d00f-4d32-a5d3-d1e5b01c9cb3",
	"00000000-0000-0000-0000-000000000000");
INSERT INTO SM_SEME
	VALUES ("16b76ff7-c8d4-4f88-81c4-f6f0a7d93a90",
	"2abc1152-f6f1-440f-8291-2896e45ba380",
	"c87b2dab-d00f-4d32-a5d3-d1e5b01c9cb3",
	"00000000-0000-0000-0000-000000000000");
INSERT INTO SM_CH
	VALUES ("16b76ff7-c8d4-4f88-81c4-f6f0a7d93a90",
	"5d2bc261-464e-4c96-88a1-0dcf2267fd8b",
	"c87b2dab-d00f-4d32-a5d3-d1e5b01c9cb3",
	"00000000-0000-0000-0000-000000000000",
	'');
INSERT INTO SM_SEME
	VALUES ("16b76ff7-c8d4-4f88-81c4-f6f0a7d93a90",
	"5d2bc261-464e-4c96-88a1-0dcf2267fd8b",
	"c87b2dab-d00f-4d32-a5d3-d1e5b01c9cb3",
	"00000000-0000-0000-0000-000000000000");
INSERT INTO SM_CH
	VALUES ("16b76ff7-c8d4-4f88-81c4-f6f0a7d93a90",
	"42a35ac4-7d83-4153-8c24-cc4699f29672",
	"c87b2dab-d00f-4d32-a5d3-d1e5b01c9cb3",
	"00000000-0000-0000-0000-000000000000",
	'');
INSERT INTO SM_SEME
	VALUES ("16b76ff7-c8d4-4f88-81c4-f6f0a7d93a90",
	"42a35ac4-7d83-4153-8c24-cc4699f29672",
	"c87b2dab-d00f-4d32-a5d3-d1e5b01c9cb3",
	"00000000-0000-0000-0000-000000000000");
INSERT INTO SM_MOAH
	VALUES ("caa79a10-5883-4625-ae61-2d96cda1fdae",
	"c87b2dab-d00f-4d32-a5d3-d1e5b01c9cb3",
	"16b76ff7-c8d4-4f88-81c4-f6f0a7d93a90");
INSERT INTO SM_AH
	VALUES ("caa79a10-5883-4625-ae61-2d96cda1fdae",
	"c87b2dab-d00f-4d32-a5d3-d1e5b01c9cb3");
INSERT INTO SM_ACT
	VALUES ("caa79a10-5883-4625-ae61-2d96cda1fdae",
	"c87b2dab-d00f-4d32-a5d3-d1e5b01c9cb3",
	1,
	'',
	'');
INSERT INTO ACT_SAB
	VALUES ("a426bfd8-6559-449e-a5bc-7a252d666fc1",
	"c87b2dab-d00f-4d32-a5d3-d1e5b01c9cb3",
	"caa79a10-5883-4625-ae61-2d96cda1fdae");
INSERT INTO ACT_ACT
	VALUES ("a426bfd8-6559-449e-a5bc-7a252d666fc1",
	'state',
	0,
	"dab8465f-b047-4b04-8c10-2a1a66c46956",
	"00000000-0000-0000-0000-000000000000",
	0,
	'BookingSession::paymentSuggested',
	"00000000-0000-0000-0000-000000000000");
INSERT INTO ACT_BLK
	VALUES ("dab8465f-b047-4b04-8c10-2a1a66c46956",
	0,
	0,
	0,
	'',
	'',
	'',
	0,
	0,
	0,
	0,
	0,
	0,
	0,
	0,
	0,
	0,
	0,
	0,
	0,
	"a426bfd8-6559-449e-a5bc-7a252d666fc1",
	"00000000-0000-0000-0000-000000000000");
INSERT INTO SM_STATE
	VALUES ("72fee477-0c93-4c4b-a7f5-91fc26b56a7c",
	"c87b2dab-d00f-4d32-a5d3-d1e5b01c9cb3",
	"00000000-0000-0000-0000-000000000000",
	'confirmation',
	8,
	0);
INSERT INTO SM_CH
	VALUES ("72fee477-0c93-4c4b-a7f5-91fc26b56a7c",
	"463dc70c-f7bb-484c-8def-bd2056914139",
	"c87b2dab-d00f-4d32-a5d3-d1e5b01c9cb3",
	"00000000-0000-0000-0000-000000000000",
	'');
INSERT INTO SM_SEME
	VALUES ("72fee477-0c93-4c4b-a7f5-91fc26b56a7c",
	"463dc70c-f7bb-484c-8def-bd2056914139",
	"c87b2dab-d00f-4d32-a5d3-d1e5b01c9cb3",
	"00000000-0000-0000-0000-000000000000");
INSERT INTO SM_CH
	VALUES ("72fee477-0c93-4c4b-a7f5-91fc26b56a7c",
	"2113072c-9fe7-4d67-8795-583d185185c1",
	"c87b2dab-d00f-4d32-a5d3-d1e5b01c9cb3",
	"00000000-0000-0000-0000-000000000000",
	'');
INSERT INTO SM_SEME
	VALUES ("72fee477-0c93-4c4b-a7f5-91fc26b56a7c",
	"2113072c-9fe7-4d67-8795-583d185185c1",
	"c87b2dab-d00f-4d32-a5d3-d1e5b01c9cb3",
	"00000000-0000-0000-0000-000000000000");
INSERT INTO SM_CH
	VALUES ("72fee477-0c93-4c4b-a7f5-91fc26b56a7c",
	"0e59bc59-c4a8-49b6-b5c2-bd2e2de4f771",
	"c87b2dab-d00f-4d32-a5d3-d1e5b01c9cb3",
	"00000000-0000-0000-0000-000000000000",
	'');
INSERT INTO SM_SEME
	VALUES ("72fee477-0c93-4c4b-a7f5-91fc26b56a7c",
	"0e59bc59-c4a8-49b6-b5c2-bd2e2de4f771",
	"c87b2dab-d00f-4d32-a5d3-d1e5b01c9cb3",
	"00000000-0000-0000-0000-000000000000");
INSERT INTO SM_SEME
	VALUES ("72fee477-0c93-4c4b-a7f5-91fc26b56a7c",
	"9a883f49-b118-47b2-880c-373bfecf9218",
	"c87b2dab-d00f-4d32-a5d3-d1e5b01c9cb3",
	"00000000-0000-0000-0000-000000000000");
INSERT INTO SM_CH
	VALUES ("72fee477-0c93-4c4b-a7f5-91fc26b56a7c",
	"153a511b-c927-49fe-95d5-db518898883d",
	"c87b2dab-d00f-4d32-a5d3-d1e5b01c9cb3",
	"00000000-0000-0000-0000-000000000000",
	'');
INSERT INTO SM_SEME
	VALUES ("72fee477-0c93-4c4b-a7f5-91fc26b56a7c",
	"153a511b-c927-49fe-95d5-db518898883d",
	"c87b2dab-d00f-4d32-a5d3-d1e5b01c9cb3",
	"00000000-0000-0000-0000-000000000000");
INSERT INTO SM_CH
	VALUES ("72fee477-0c93-4c4b-a7f5-91fc26b56a7c",
	"459dadf1-a920-477f-b495-f73fd93f16e7",
	"c87b2dab-d00f-4d32-a5d3-d1e5b01c9cb3",
	"00000000-0000-0000-0000-000000000000",
	'');
INSERT INTO SM_SEME
	VALUES ("72fee477-0c93-4c4b-a7f5-91fc26b56a7c",
	"459dadf1-a920-477f-b495-f73fd93f16e7",
	"c87b2dab-d00f-4d32-a5d3-d1e5b01c9cb3",
	"00000000-0000-0000-0000-000000000000");
INSERT INTO SM_CH
	VALUES ("72fee477-0c93-4c4b-a7f5-91fc26b56a7c",
	"2abc1152-f6f1-440f-8291-2896e45ba380",
	"c87b2dab-d00f-4d32-a5d3-d1e5b01c9cb3",
	"00000000-0000-0000-0000-000000000000",
	'');
INSERT INTO SM_SEME
	VALUES ("72fee477-0c93-4c4b-a7f5-91fc26b56a7c",
	"2abc1152-f6f1-440f-8291-2896e45ba380",
	"c87b2dab-d00f-4d32-a5d3-d1e5b01c9cb3",
	"00000000-0000-0000-0000-000000000000");
INSERT INTO SM_SEME
	VALUES ("72fee477-0c93-4c4b-a7f5-91fc26b56a7c",
	"5d2bc261-464e-4c96-88a1-0dcf2267fd8b",
	"c87b2dab-d00f-4d32-a5d3-d1e5b01c9cb3",
	"00000000-0000-0000-0000-000000000000");
INSERT INTO SM_CH
	VALUES ("72fee477-0c93-4c4b-a7f5-91fc26b56a7c",
	"42a35ac4-7d83-4153-8c24-cc4699f29672",
	"c87b2dab-d00f-4d32-a5d3-d1e5b01c9cb3",
	"00000000-0000-0000-0000-000000000000",
	'');
INSERT INTO SM_SEME
	VALUES ("72fee477-0c93-4c4b-a7f5-91fc26b56a7c",
	"42a35ac4-7d83-4153-8c24-cc4699f29672",
	"c87b2dab-d00f-4d32-a5d3-d1e5b01c9cb3",
	"00000000-0000-0000-0000-000000000000");
INSERT INTO SM_MOAH
	VALUES ("453741f6-be0b-4208-a469-2f4c6fe47c87",
	"c87b2dab-d00f-4d32-a5d3-d1e5b01c9cb3",
	"72fee477-0c93-4c4b-a7f5-91fc26b56a7c");
INSERT INTO SM_AH
	VALUES ("453741f6-be0b-4208-a469-2f4c6fe47c87",
	"c87b2dab-d00f-4d32-a5d3-d1e5b01c9cb3");
INSERT INTO SM_ACT
	VALUES ("453741f6-be0b-4208-a469-2f4c6fe47c87",
	"c87b2dab-d00f-4d32-a5d3-d1e5b01c9cb3",
	1,
	'',
	'');
INSERT INTO ACT_SAB
	VALUES ("a9478af3-1d34-441c-878d-79cc783e3c06",
	"c87b2dab-d00f-4d32-a5d3-d1e5b01c9cb3",
	"453741f6-be0b-4208-a469-2f4c6fe47c87");
INSERT INTO ACT_ACT
	VALUES ("a9478af3-1d34-441c-878d-79cc783e3c06",
	'state',
	0,
	"da37b826-52b3-462f-8dd1-670bb29d30a6",
	"00000000-0000-0000-0000-000000000000",
	0,
	'BookingSession::confirmation',
	"00000000-0000-0000-0000-000000000000");
INSERT INTO ACT_BLK
	VALUES ("da37b826-52b3-462f-8dd1-670bb29d30a6",
	0,
	0,
	0,
	'',
	'',
	'',
	0,
	0,
	0,
	0,
	0,
	0,
	0,
	0,
	0,
	0,
	0,
	0,
	0,
	"a9478af3-1d34-441c-878d-79cc783e3c06",
	"00000000-0000-0000-0000-000000000000");
INSERT INTO SM_STATE
	VALUES ("c19dec2f-8b92-4dea-8ea8-e41ae60a6aa4",
	"c87b2dab-d00f-4d32-a5d3-d1e5b01c9cb3",
	"00000000-0000-0000-0000-000000000000",
	'accepted',
	9,
	0);
INSERT INTO SM_CH
	VALUES ("c19dec2f-8b92-4dea-8ea8-e41ae60a6aa4",
	"463dc70c-f7bb-484c-8def-bd2056914139",
	"c87b2dab-d00f-4d32-a5d3-d1e5b01c9cb3",
	"00000000-0000-0000-0000-000000000000",
	'');
INSERT INTO SM_SEME
	VALUES ("c19dec2f-8b92-4dea-8ea8-e41ae60a6aa4",
	"463dc70c-f7bb-484c-8def-bd2056914139",
	"c87b2dab-d00f-4d32-a5d3-d1e5b01c9cb3",
	"00000000-0000-0000-0000-000000000000");
INSERT INTO SM_CH
	VALUES ("c19dec2f-8b92-4dea-8ea8-e41ae60a6aa4",
	"2113072c-9fe7-4d67-8795-583d185185c1",
	"c87b2dab-d00f-4d32-a5d3-d1e5b01c9cb3",
	"00000000-0000-0000-0000-000000000000",
	'');
INSERT INTO SM_SEME
	VALUES ("c19dec2f-8b92-4dea-8ea8-e41ae60a6aa4",
	"2113072c-9fe7-4d67-8795-583d185185c1",
	"c87b2dab-d00f-4d32-a5d3-d1e5b01c9cb3",
	"00000000-0000-0000-0000-000000000000");
INSERT INTO SM_CH
	VALUES ("c19dec2f-8b92-4dea-8ea8-e41ae60a6aa4",
	"0e59bc59-c4a8-49b6-b5c2-bd2e2de4f771",
	"c87b2dab-d00f-4d32-a5d3-d1e5b01c9cb3",
	"00000000-0000-0000-0000-000000000000",
	'');
INSERT INTO SM_SEME
	VALUES ("c19dec2f-8b92-4dea-8ea8-e41ae60a6aa4",
	"0e59bc59-c4a8-49b6-b5c2-bd2e2de4f771",
	"c87b2dab-d00f-4d32-a5d3-d1e5b01c9cb3",
	"00000000-0000-0000-0000-000000000000");
INSERT INTO SM_CH
	VALUES ("c19dec2f-8b92-4dea-8ea8-e41ae60a6aa4",
	"9a883f49-b118-47b2-880c-373bfecf9218",
	"c87b2dab-d00f-4d32-a5d3-d1e5b01c9cb3",
	"00000000-0000-0000-0000-000000000000",
	'');
INSERT INTO SM_SEME
	VALUES ("c19dec2f-8b92-4dea-8ea8-e41ae60a6aa4",
	"9a883f49-b118-47b2-880c-373bfecf9218",
	"c87b2dab-d00f-4d32-a5d3-d1e5b01c9cb3",
	"00000000-0000-0000-0000-000000000000");
INSERT INTO SM_CH
	VALUES ("c19dec2f-8b92-4dea-8ea8-e41ae60a6aa4",
	"153a511b-c927-49fe-95d5-db518898883d",
	"c87b2dab-d00f-4d32-a5d3-d1e5b01c9cb3",
	"00000000-0000-0000-0000-000000000000",
	'');
INSERT INTO SM_SEME
	VALUES ("c19dec2f-8b92-4dea-8ea8-e41ae60a6aa4",
	"153a511b-c927-49fe-95d5-db518898883d",
	"c87b2dab-d00f-4d32-a5d3-d1e5b01c9cb3",
	"00000000-0000-0000-0000-000000000000");
INSERT INTO SM_CH
	VALUES ("c19dec2f-8b92-4dea-8ea8-e41ae60a6aa4",
	"459dadf1-a920-477f-b495-f73fd93f16e7",
	"c87b2dab-d00f-4d32-a5d3-d1e5b01c9cb3",
	"00000000-0000-0000-0000-000000000000",
	'');
INSERT INTO SM_SEME
	VALUES ("c19dec2f-8b92-4dea-8ea8-e41ae60a6aa4",
	"459dadf1-a920-477f-b495-f73fd93f16e7",
	"c87b2dab-d00f-4d32-a5d3-d1e5b01c9cb3",
	"00000000-0000-0000-0000-000000000000");
INSERT INTO SM_CH
	VALUES ("c19dec2f-8b92-4dea-8ea8-e41ae60a6aa4",
	"2abc1152-f6f1-440f-8291-2896e45ba380",
	"c87b2dab-d00f-4d32-a5d3-d1e5b01c9cb3",
	"00000000-0000-0000-0000-000000000000",
	'');
INSERT INTO SM_SEME
	VALUES ("c19dec2f-8b92-4dea-8ea8-e41ae60a6aa4",
	"2abc1152-f6f1-440f-8291-2896e45ba380",
	"c87b2dab-d00f-4d32-a5d3-d1e5b01c9cb3",
	"00000000-0000-0000-0000-000000000000");
INSERT INTO SM_CH
	VALUES ("c19dec2f-8b92-4dea-8ea8-e41ae60a6aa4",
	"5d2bc261-464e-4c96-88a1-0dcf2267fd8b",
	"c87b2dab-d00f-4d32-a5d3-d1e5b01c9cb3",
	"00000000-0000-0000-0000-000000000000",
	'');
INSERT INTO SM_SEME
	VALUES ("c19dec2f-8b92-4dea-8ea8-e41ae60a6aa4",
	"5d2bc261-464e-4c96-88a1-0dcf2267fd8b",
	"c87b2dab-d00f-4d32-a5d3-d1e5b01c9cb3",
	"00000000-0000-0000-0000-000000000000");
INSERT INTO SM_CH
	VALUES ("c19dec2f-8b92-4dea-8ea8-e41ae60a6aa4",
	"42a35ac4-7d83-4153-8c24-cc4699f29672",
	"c87b2dab-d00f-4d32-a5d3-d1e5b01c9cb3",
	"00000000-0000-0000-0000-000000000000",
	'');
INSERT INTO SM_SEME
	VALUES ("c19dec2f-8b92-4dea-8ea8-e41ae60a6aa4",
	"42a35ac4-7d83-4153-8c24-cc4699f29672",
	"c87b2dab-d00f-4d32-a5d3-d1e5b01c9cb3",
	"00000000-0000-0000-0000-000000000000");
INSERT INTO SM_MOAH
	VALUES ("9da23d14-d5bf-469e-943e-4c64857d6295",
	"c87b2dab-d00f-4d32-a5d3-d1e5b01c9cb3",
	"c19dec2f-8b92-4dea-8ea8-e41ae60a6aa4");
INSERT INTO SM_AH
	VALUES ("9da23d14-d5bf-469e-943e-4c64857d6295",
	"c87b2dab-d00f-4d32-a5d3-d1e5b01c9cb3");
INSERT INTO SM_ACT
	VALUES ("9da23d14-d5bf-469e-943e-4c64857d6295",
	"c87b2dab-d00f-4d32-a5d3-d1e5b01c9cb3",
	1,
	'',
	'');
INSERT INTO ACT_SAB
	VALUES ("46181b66-d628-4057-aea8-5ea104420512",
	"c87b2dab-d00f-4d32-a5d3-d1e5b01c9cb3",
	"9da23d14-d5bf-469e-943e-4c64857d6295");
INSERT INTO ACT_ACT
	VALUES ("46181b66-d628-4057-aea8-5ea104420512",
	'state',
	0,
	"bf381ae4-5297-447a-807a-a77d0d35742e",
	"00000000-0000-0000-0000-000000000000",
	0,
	'BookingSession::accepted',
	"00000000-0000-0000-0000-000000000000");
INSERT INTO ACT_BLK
	VALUES ("bf381ae4-5297-447a-807a-a77d0d35742e",
	0,
	0,
	0,
	'',
	'',
	'',
	0,
	0,
	0,
	0,
	0,
	0,
	0,
	0,
	0,
	0,
	0,
	0,
	0,
	"46181b66-d628-4057-aea8-5ea104420512",
	"00000000-0000-0000-0000-000000000000");
INSERT INTO SM_STATE
	VALUES ("4aecb993-a30f-4e82-ae57-ca7b870f160e",
	"c87b2dab-d00f-4d32-a5d3-d1e5b01c9cb3",
	"00000000-0000-0000-0000-000000000000",
	'aborted',
	10,
	0);
INSERT INTO SM_CH
	VALUES ("4aecb993-a30f-4e82-ae57-ca7b870f160e",
	"463dc70c-f7bb-484c-8def-bd2056914139",
	"c87b2dab-d00f-4d32-a5d3-d1e5b01c9cb3",
	"00000000-0000-0000-0000-000000000000",
	'');
INSERT INTO SM_SEME
	VALUES ("4aecb993-a30f-4e82-ae57-ca7b870f160e",
	"463dc70c-f7bb-484c-8def-bd2056914139",
	"c87b2dab-d00f-4d32-a5d3-d1e5b01c9cb3",
	"00000000-0000-0000-0000-000000000000");
INSERT INTO SM_CH
	VALUES ("4aecb993-a30f-4e82-ae57-ca7b870f160e",
	"2113072c-9fe7-4d67-8795-583d185185c1",
	"c87b2dab-d00f-4d32-a5d3-d1e5b01c9cb3",
	"00000000-0000-0000-0000-000000000000",
	'');
INSERT INTO SM_SEME
	VALUES ("4aecb993-a30f-4e82-ae57-ca7b870f160e",
	"2113072c-9fe7-4d67-8795-583d185185c1",
	"c87b2dab-d00f-4d32-a5d3-d1e5b01c9cb3",
	"00000000-0000-0000-0000-000000000000");
INSERT INTO SM_CH
	VALUES ("4aecb993-a30f-4e82-ae57-ca7b870f160e",
	"0e59bc59-c4a8-49b6-b5c2-bd2e2de4f771",
	"c87b2dab-d00f-4d32-a5d3-d1e5b01c9cb3",
	"00000000-0000-0000-0000-000000000000",
	'');
INSERT INTO SM_SEME
	VALUES ("4aecb993-a30f-4e82-ae57-ca7b870f160e",
	"0e59bc59-c4a8-49b6-b5c2-bd2e2de4f771",
	"c87b2dab-d00f-4d32-a5d3-d1e5b01c9cb3",
	"00000000-0000-0000-0000-000000000000");
INSERT INTO SM_CH
	VALUES ("4aecb993-a30f-4e82-ae57-ca7b870f160e",
	"9a883f49-b118-47b2-880c-373bfecf9218",
	"c87b2dab-d00f-4d32-a5d3-d1e5b01c9cb3",
	"00000000-0000-0000-0000-000000000000",
	'');
INSERT INTO SM_SEME
	VALUES ("4aecb993-a30f-4e82-ae57-ca7b870f160e",
	"9a883f49-b118-47b2-880c-373bfecf9218",
	"c87b2dab-d00f-4d32-a5d3-d1e5b01c9cb3",
	"00000000-0000-0000-0000-000000000000");
INSERT INTO SM_CH
	VALUES ("4aecb993-a30f-4e82-ae57-ca7b870f160e",
	"153a511b-c927-49fe-95d5-db518898883d",
	"c87b2dab-d00f-4d32-a5d3-d1e5b01c9cb3",
	"00000000-0000-0000-0000-000000000000",
	'');
INSERT INTO SM_SEME
	VALUES ("4aecb993-a30f-4e82-ae57-ca7b870f160e",
	"153a511b-c927-49fe-95d5-db518898883d",
	"c87b2dab-d00f-4d32-a5d3-d1e5b01c9cb3",
	"00000000-0000-0000-0000-000000000000");
INSERT INTO SM_CH
	VALUES ("4aecb993-a30f-4e82-ae57-ca7b870f160e",
	"459dadf1-a920-477f-b495-f73fd93f16e7",
	"c87b2dab-d00f-4d32-a5d3-d1e5b01c9cb3",
	"00000000-0000-0000-0000-000000000000",
	'');
INSERT INTO SM_SEME
	VALUES ("4aecb993-a30f-4e82-ae57-ca7b870f160e",
	"459dadf1-a920-477f-b495-f73fd93f16e7",
	"c87b2dab-d00f-4d32-a5d3-d1e5b01c9cb3",
	"00000000-0000-0000-0000-000000000000");
INSERT INTO SM_CH
	VALUES ("4aecb993-a30f-4e82-ae57-ca7b870f160e",
	"2abc1152-f6f1-440f-8291-2896e45ba380",
	"c87b2dab-d00f-4d32-a5d3-d1e5b01c9cb3",
	"00000000-0000-0000-0000-000000000000",
	'');
INSERT INTO SM_SEME
	VALUES ("4aecb993-a30f-4e82-ae57-ca7b870f160e",
	"2abc1152-f6f1-440f-8291-2896e45ba380",
	"c87b2dab-d00f-4d32-a5d3-d1e5b01c9cb3",
	"00000000-0000-0000-0000-000000000000");
INSERT INTO SM_CH
	VALUES ("4aecb993-a30f-4e82-ae57-ca7b870f160e",
	"5d2bc261-464e-4c96-88a1-0dcf2267fd8b",
	"c87b2dab-d00f-4d32-a5d3-d1e5b01c9cb3",
	"00000000-0000-0000-0000-000000000000",
	'');
INSERT INTO SM_SEME
	VALUES ("4aecb993-a30f-4e82-ae57-ca7b870f160e",
	"5d2bc261-464e-4c96-88a1-0dcf2267fd8b",
	"c87b2dab-d00f-4d32-a5d3-d1e5b01c9cb3",
	"00000000-0000-0000-0000-000000000000");
INSERT INTO SM_CH
	VALUES ("4aecb993-a30f-4e82-ae57-ca7b870f160e",
	"42a35ac4-7d83-4153-8c24-cc4699f29672",
	"c87b2dab-d00f-4d32-a5d3-d1e5b01c9cb3",
	"00000000-0000-0000-0000-000000000000",
	'');
INSERT INTO SM_SEME
	VALUES ("4aecb993-a30f-4e82-ae57-ca7b870f160e",
	"42a35ac4-7d83-4153-8c24-cc4699f29672",
	"c87b2dab-d00f-4d32-a5d3-d1e5b01c9cb3",
	"00000000-0000-0000-0000-000000000000");
INSERT INTO SM_MOAH
	VALUES ("d79ba01f-2e1e-40c4-bf30-bf8ccd739bb5",
	"c87b2dab-d00f-4d32-a5d3-d1e5b01c9cb3",
	"4aecb993-a30f-4e82-ae57-ca7b870f160e");
INSERT INTO SM_AH
	VALUES ("d79ba01f-2e1e-40c4-bf30-bf8ccd739bb5",
	"c87b2dab-d00f-4d32-a5d3-d1e5b01c9cb3");
INSERT INTO SM_ACT
	VALUES ("d79ba01f-2e1e-40c4-bf30-bf8ccd739bb5",
	"c87b2dab-d00f-4d32-a5d3-d1e5b01c9cb3",
	1,
	'',
	'');
INSERT INTO ACT_SAB
	VALUES ("4508453a-ab77-44b1-ae05-c3a2f5c2ab38",
	"c87b2dab-d00f-4d32-a5d3-d1e5b01c9cb3",
	"d79ba01f-2e1e-40c4-bf30-bf8ccd739bb5");
INSERT INTO ACT_ACT
	VALUES ("4508453a-ab77-44b1-ae05-c3a2f5c2ab38",
	'state',
	0,
	"f68b6d60-93fe-4c3d-8a70-f50a8fa6475c",
	"00000000-0000-0000-0000-000000000000",
	0,
	'BookingSession::aborted',
	"00000000-0000-0000-0000-000000000000");
INSERT INTO ACT_BLK
	VALUES ("f68b6d60-93fe-4c3d-8a70-f50a8fa6475c",
	0,
	0,
	0,
	'',
	'',
	'',
	0,
	0,
	0,
	0,
	0,
	0,
	0,
	0,
	0,
	0,
	0,
	0,
	0,
	"4508453a-ab77-44b1-ae05-c3a2f5c2ab38",
	"00000000-0000-0000-0000-000000000000");
INSERT INTO SM_STATE
	VALUES ("82c06f18-ae14-4d95-9351-b2eea2fa5c2b",
	"c87b2dab-d00f-4d32-a5d3-d1e5b01c9cb3",
	"00000000-0000-0000-0000-000000000000",
	'searched',
	11,
	0);
INSERT INTO SM_SEME
	VALUES ("82c06f18-ae14-4d95-9351-b2eea2fa5c2b",
	"463dc70c-f7bb-484c-8def-bd2056914139",
	"c87b2dab-d00f-4d32-a5d3-d1e5b01c9cb3",
	"00000000-0000-0000-0000-000000000000");
INSERT INTO SM_CH
	VALUES ("82c06f18-ae14-4d95-9351-b2eea2fa5c2b",
	"2113072c-9fe7-4d67-8795-583d185185c1",
	"c87b2dab-d00f-4d32-a5d3-d1e5b01c9cb3",
	"00000000-0000-0000-0000-000000000000",
	'');
INSERT INTO SM_SEME
	VALUES ("82c06f18-ae14-4d95-9351-b2eea2fa5c2b",
	"2113072c-9fe7-4d67-8795-583d185185c1",
	"c87b2dab-d00f-4d32-a5d3-d1e5b01c9cb3",
	"00000000-0000-0000-0000-000000000000");
INSERT INTO SM_CH
	VALUES ("82c06f18-ae14-4d95-9351-b2eea2fa5c2b",
	"0e59bc59-c4a8-49b6-b5c2-bd2e2de4f771",
	"c87b2dab-d00f-4d32-a5d3-d1e5b01c9cb3",
	"00000000-0000-0000-0000-000000000000",
	'');
INSERT INTO SM_SEME
	VALUES ("82c06f18-ae14-4d95-9351-b2eea2fa5c2b",
	"0e59bc59-c4a8-49b6-b5c2-bd2e2de4f771",
	"c87b2dab-d00f-4d32-a5d3-d1e5b01c9cb3",
	"00000000-0000-0000-0000-000000000000");
INSERT INTO SM_CH
	VALUES ("82c06f18-ae14-4d95-9351-b2eea2fa5c2b",
	"9a883f49-b118-47b2-880c-373bfecf9218",
	"c87b2dab-d00f-4d32-a5d3-d1e5b01c9cb3",
	"00000000-0000-0000-0000-000000000000",
	'');
INSERT INTO SM_SEME
	VALUES ("82c06f18-ae14-4d95-9351-b2eea2fa5c2b",
	"9a883f49-b118-47b2-880c-373bfecf9218",
	"c87b2dab-d00f-4d32-a5d3-d1e5b01c9cb3",
	"00000000-0000-0000-0000-000000000000");
INSERT INTO SM_CH
	VALUES ("82c06f18-ae14-4d95-9351-b2eea2fa5c2b",
	"153a511b-c927-49fe-95d5-db518898883d",
	"c87b2dab-d00f-4d32-a5d3-d1e5b01c9cb3",
	"00000000-0000-0000-0000-000000000000",
	'');
INSERT INTO SM_SEME
	VALUES ("82c06f18-ae14-4d95-9351-b2eea2fa5c2b",
	"153a511b-c927-49fe-95d5-db518898883d",
	"c87b2dab-d00f-4d32-a5d3-d1e5b01c9cb3",
	"00000000-0000-0000-0000-000000000000");
INSERT INTO SM_CH
	VALUES ("82c06f18-ae14-4d95-9351-b2eea2fa5c2b",
	"459dadf1-a920-477f-b495-f73fd93f16e7",
	"c87b2dab-d00f-4d32-a5d3-d1e5b01c9cb3",
	"00000000-0000-0000-0000-000000000000",
	'');
INSERT INTO SM_SEME
	VALUES ("82c06f18-ae14-4d95-9351-b2eea2fa5c2b",
	"459dadf1-a920-477f-b495-f73fd93f16e7",
	"c87b2dab-d00f-4d32-a5d3-d1e5b01c9cb3",
	"00000000-0000-0000-0000-000000000000");
INSERT INTO SM_CH
	VALUES ("82c06f18-ae14-4d95-9351-b2eea2fa5c2b",
	"2abc1152-f6f1-440f-8291-2896e45ba380",
	"c87b2dab-d00f-4d32-a5d3-d1e5b01c9cb3",
	"00000000-0000-0000-0000-000000000000",
	'');
INSERT INTO SM_SEME
	VALUES ("82c06f18-ae14-4d95-9351-b2eea2fa5c2b",
	"2abc1152-f6f1-440f-8291-2896e45ba380",
	"c87b2dab-d00f-4d32-a5d3-d1e5b01c9cb3",
	"00000000-0000-0000-0000-000000000000");
INSERT INTO SM_CH
	VALUES ("82c06f18-ae14-4d95-9351-b2eea2fa5c2b",
	"5d2bc261-464e-4c96-88a1-0dcf2267fd8b",
	"c87b2dab-d00f-4d32-a5d3-d1e5b01c9cb3",
	"00000000-0000-0000-0000-000000000000",
	'');
INSERT INTO SM_SEME
	VALUES ("82c06f18-ae14-4d95-9351-b2eea2fa5c2b",
	"5d2bc261-464e-4c96-88a1-0dcf2267fd8b",
	"c87b2dab-d00f-4d32-a5d3-d1e5b01c9cb3",
	"00000000-0000-0000-0000-000000000000");
INSERT INTO SM_SEME
	VALUES ("82c06f18-ae14-4d95-9351-b2eea2fa5c2b",
	"42a35ac4-7d83-4153-8c24-cc4699f29672",
	"c87b2dab-d00f-4d32-a5d3-d1e5b01c9cb3",
	"00000000-0000-0000-0000-000000000000");
INSERT INTO SM_MOAH
	VALUES ("722f9888-a7b0-46e6-a540-ffd88ecf6551",
	"c87b2dab-d00f-4d32-a5d3-d1e5b01c9cb3",
	"82c06f18-ae14-4d95-9351-b2eea2fa5c2b");
INSERT INTO SM_AH
	VALUES ("722f9888-a7b0-46e6-a540-ffd88ecf6551",
	"c87b2dab-d00f-4d32-a5d3-d1e5b01c9cb3");
INSERT INTO SM_ACT
	VALUES ("722f9888-a7b0-46e6-a540-ffd88ecf6551",
	"c87b2dab-d00f-4d32-a5d3-d1e5b01c9cb3",
	1,
	'',
	'');
INSERT INTO ACT_SAB
	VALUES ("0bdb23b8-c837-4d6a-b09b-54bd0b1c2e8b",
	"c87b2dab-d00f-4d32-a5d3-d1e5b01c9cb3",
	"722f9888-a7b0-46e6-a540-ffd88ecf6551");
INSERT INTO ACT_ACT
	VALUES ("0bdb23b8-c837-4d6a-b09b-54bd0b1c2e8b",
	'state',
	0,
	"93721e7d-8f30-4742-aab9-c796ebc661d5",
	"00000000-0000-0000-0000-000000000000",
	0,
	'BookingSession::searched',
	"00000000-0000-0000-0000-000000000000");
INSERT INTO ACT_BLK
	VALUES ("93721e7d-8f30-4742-aab9-c796ebc661d5",
	0,
	0,
	0,
	'',
	'',
	'',
	0,
	0,
	0,
	0,
	0,
	0,
	0,
	0,
	0,
	0,
	0,
	0,
	0,
	"0bdb23b8-c837-4d6a-b09b-54bd0b1c2e8b",
	"00000000-0000-0000-0000-000000000000");
INSERT INTO SM_CRTXN
	VALUES ("9fee36df-cfe0-4663-93c6-14edffbbab94",
	"c87b2dab-d00f-4d32-a5d3-d1e5b01c9cb3",
	"00000000-0000-0000-0000-000000000000",
	"00000000-0000-0000-0000-000000000000");
INSERT INTO SM_TAH
	VALUES ("f83245d0-2eff-40c0-af32-4ff256b63f63",
	"c87b2dab-d00f-4d32-a5d3-d1e5b01c9cb3",
	"9fee36df-cfe0-4663-93c6-14edffbbab94");
INSERT INTO SM_AH
	VALUES ("f83245d0-2eff-40c0-af32-4ff256b63f63",
	"c87b2dab-d00f-4d32-a5d3-d1e5b01c9cb3");
INSERT INTO SM_ACT
	VALUES ("f83245d0-2eff-40c0-af32-4ff256b63f63",
	"c87b2dab-d00f-4d32-a5d3-d1e5b01c9cb3",
	1,
	'',
	'');
INSERT INTO ACT_TAB
	VALUES ("f9fd2f05-2115-438c-89cc-b7bdcbab7d6b",
	"c87b2dab-d00f-4d32-a5d3-d1e5b01c9cb3",
	"f83245d0-2eff-40c0-af32-4ff256b63f63");
INSERT INTO ACT_ACT
	VALUES ("f9fd2f05-2115-438c-89cc-b7bdcbab7d6b",
	'transition',
	0,
	"dc33bcbe-a87e-4042-98c1-f36c2389d7ba",
	"00000000-0000-0000-0000-000000000000",
	0,
	'No Event Assigned',
	"00000000-0000-0000-0000-000000000000");
INSERT INTO ACT_BLK
	VALUES ("dc33bcbe-a87e-4042-98c1-f36c2389d7ba",
	0,
	0,
	0,
	'',
	'',
	'',
	0,
	0,
	0,
	0,
	0,
	0,
	0,
	0,
	0,
	0,
	0,
	0,
	0,
	"f9fd2f05-2115-438c-89cc-b7bdcbab7d6b",
	"00000000-0000-0000-0000-000000000000");
INSERT INTO SM_TXN
	VALUES ("9fee36df-cfe0-4663-93c6-14edffbbab94",
	"c87b2dab-d00f-4d32-a5d3-d1e5b01c9cb3",
	"abba5c5c-cc80-413e-acaf-3b88d5e3c3c6",
	"00000000-0000-0000-0000-000000000000");
INSERT INTO SM_NSTXN
	VALUES ("d07c231f-e5cc-4d3e-95ac-da89a9677513",
	"c87b2dab-d00f-4d32-a5d3-d1e5b01c9cb3",
	"ec664e05-8719-4277-966f-43d8cf4e3176",
	"2113072c-9fe7-4d67-8795-583d185185c1",
	"00000000-0000-0000-0000-000000000000");
INSERT INTO SM_TAH
	VALUES ("5e4b5bf6-1f5a-4101-b8d9-776c13135615",
	"c87b2dab-d00f-4d32-a5d3-d1e5b01c9cb3",
	"d07c231f-e5cc-4d3e-95ac-da89a9677513");
INSERT INTO SM_AH
	VALUES ("5e4b5bf6-1f5a-4101-b8d9-776c13135615",
	"c87b2dab-d00f-4d32-a5d3-d1e5b01c9cb3");
INSERT INTO SM_ACT
	VALUES ("5e4b5bf6-1f5a-4101-b8d9-776c13135615",
	"c87b2dab-d00f-4d32-a5d3-d1e5b01c9cb3",
	1,
	'',
	'');
INSERT INTO ACT_TAB
	VALUES ("885cdb0f-7ce7-4aff-a9f0-830d841cbc9e",
	"c87b2dab-d00f-4d32-a5d3-d1e5b01c9cb3",
	"5e4b5bf6-1f5a-4101-b8d9-776c13135615");
INSERT INTO ACT_ACT
	VALUES ("885cdb0f-7ce7-4aff-a9f0-830d841cbc9e",
	'transition',
	0,
	"e287fbc1-c0f0-41ce-88ac-c796d989fd8c",
	"00000000-0000-0000-0000-000000000000",
	0,
	'BOOKINGSESSION2: addGuestEvent',
	"00000000-0000-0000-0000-000000000000");
INSERT INTO ACT_BLK
	VALUES ("e287fbc1-c0f0-41ce-88ac-c796d989fd8c",
	0,
	0,
	0,
	'',
	'',
	'',
	0,
	0,
	0,
	0,
	0,
	0,
	0,
	0,
	0,
	0,
	0,
	0,
	0,
	"885cdb0f-7ce7-4aff-a9f0-830d841cbc9e",
	"00000000-0000-0000-0000-000000000000");
INSERT INTO SM_TXN
	VALUES ("d07c231f-e5cc-4d3e-95ac-da89a9677513",
	"c87b2dab-d00f-4d32-a5d3-d1e5b01c9cb3",
	"0a2fd1bd-2d48-4562-b322-ca038ace3cef",
	"00000000-0000-0000-0000-000000000000");
INSERT INTO SM_NSTXN
	VALUES ("d061b9c4-6276-4144-ac29-8c55ad2337cf",
	"c87b2dab-d00f-4d32-a5d3-d1e5b01c9cb3",
	"0a2fd1bd-2d48-4562-b322-ca038ace3cef",
	"0e59bc59-c4a8-49b6-b5c2-bd2e2de4f771",
	"00000000-0000-0000-0000-000000000000");
INSERT INTO SM_TAH
	VALUES ("954b2c9c-7f5c-4a11-acab-3151c21f2e51",
	"c87b2dab-d00f-4d32-a5d3-d1e5b01c9cb3",
	"d061b9c4-6276-4144-ac29-8c55ad2337cf");
INSERT INTO SM_AH
	VALUES ("954b2c9c-7f5c-4a11-acab-3151c21f2e51",
	"c87b2dab-d00f-4d32-a5d3-d1e5b01c9cb3");
INSERT INTO SM_ACT
	VALUES ("954b2c9c-7f5c-4a11-acab-3151c21f2e51",
	"c87b2dab-d00f-4d32-a5d3-d1e5b01c9cb3",
	1,
	'',
	'');
INSERT INTO ACT_TAB
	VALUES ("2b9319e7-8a7f-4c9a-a9db-b3a8b57c61ee",
	"c87b2dab-d00f-4d32-a5d3-d1e5b01c9cb3",
	"954b2c9c-7f5c-4a11-acab-3151c21f2e51");
INSERT INTO ACT_ACT
	VALUES ("2b9319e7-8a7f-4c9a-a9db-b3a8b57c61ee",
	'transition',
	0,
	"4403b93f-fdf8-4e36-9ec3-ea78be4c60a7",
	"00000000-0000-0000-0000-000000000000",
	0,
	'BOOKINGSESSION3: addServiceEvent',
	"00000000-0000-0000-0000-000000000000");
INSERT INTO ACT_BLK
	VALUES ("4403b93f-fdf8-4e36-9ec3-ea78be4c60a7",
	0,
	0,
	0,
	'',
	'',
	'',
	0,
	0,
	0,
	0,
	0,
	0,
	0,
	0,
	0,
	0,
	0,
	0,
	0,
	"2b9319e7-8a7f-4c9a-a9db-b3a8b57c61ee",
	"00000000-0000-0000-0000-000000000000");
INSERT INTO SM_TXN
	VALUES ("d061b9c4-6276-4144-ac29-8c55ad2337cf",
	"c87b2dab-d00f-4d32-a5d3-d1e5b01c9cb3",
	"5ba9883b-4a7b-40ed-a541-d3bba232f55a",
	"00000000-0000-0000-0000-000000000000");
INSERT INTO SM_NSTXN
	VALUES ("8fa7516c-1495-49b9-bb66-14661e4ffa3a",
	"c87b2dab-d00f-4d32-a5d3-d1e5b01c9cb3",
	"0a2fd1bd-2d48-4562-b322-ca038ace3cef",
	"2113072c-9fe7-4d67-8795-583d185185c1",
	"00000000-0000-0000-0000-000000000000");
INSERT INTO SM_TAH
	VALUES ("2db25764-a9e0-45df-90f6-643801e20e10",
	"c87b2dab-d00f-4d32-a5d3-d1e5b01c9cb3",
	"8fa7516c-1495-49b9-bb66-14661e4ffa3a");
INSERT INTO SM_AH
	VALUES ("2db25764-a9e0-45df-90f6-643801e20e10",
	"c87b2dab-d00f-4d32-a5d3-d1e5b01c9cb3");
INSERT INTO SM_ACT
	VALUES ("2db25764-a9e0-45df-90f6-643801e20e10",
	"c87b2dab-d00f-4d32-a5d3-d1e5b01c9cb3",
	1,
	'',
	'');
INSERT INTO ACT_TAB
	VALUES ("4e553e37-3bee-4735-81ad-8b7f86be37a0",
	"c87b2dab-d00f-4d32-a5d3-d1e5b01c9cb3",
	"2db25764-a9e0-45df-90f6-643801e20e10");
INSERT INTO ACT_ACT
	VALUES ("4e553e37-3bee-4735-81ad-8b7f86be37a0",
	'transition',
	0,
	"89633ccd-8815-42ca-863b-593d60bb092e",
	"00000000-0000-0000-0000-000000000000",
	0,
	'BOOKINGSESSION2: addGuestEvent',
	"00000000-0000-0000-0000-000000000000");
INSERT INTO ACT_BLK
	VALUES ("89633ccd-8815-42ca-863b-593d60bb092e",
	0,
	0,
	0,
	'',
	'',
	'',
	0,
	0,
	0,
	0,
	0,
	0,
	0,
	0,
	0,
	0,
	0,
	0,
	0,
	"4e553e37-3bee-4735-81ad-8b7f86be37a0",
	"00000000-0000-0000-0000-000000000000");
INSERT INTO SM_TXN
	VALUES ("8fa7516c-1495-49b9-bb66-14661e4ffa3a",
	"c87b2dab-d00f-4d32-a5d3-d1e5b01c9cb3",
	"0a2fd1bd-2d48-4562-b322-ca038ace3cef",
	"00000000-0000-0000-0000-000000000000");
INSERT INTO SM_NSTXN
	VALUES ("bca5f9b2-78a7-4087-886e-1d17e5ab62a3",
	"c87b2dab-d00f-4d32-a5d3-d1e5b01c9cb3",
	"5ba9883b-4a7b-40ed-a541-d3bba232f55a",
	"0e59bc59-c4a8-49b6-b5c2-bd2e2de4f771",
	"00000000-0000-0000-0000-000000000000");
INSERT INTO SM_TAH
	VALUES ("5c1f9670-7a4c-4f01-b4e2-324d523a0e84",
	"c87b2dab-d00f-4d32-a5d3-d1e5b01c9cb3",
	"bca5f9b2-78a7-4087-886e-1d17e5ab62a3");
INSERT INTO SM_AH
	VALUES ("5c1f9670-7a4c-4f01-b4e2-324d523a0e84",
	"c87b2dab-d00f-4d32-a5d3-d1e5b01c9cb3");
INSERT INTO SM_ACT
	VALUES ("5c1f9670-7a4c-4f01-b4e2-324d523a0e84",
	"c87b2dab-d00f-4d32-a5d3-d1e5b01c9cb3",
	1,
	'',
	'');
INSERT INTO ACT_TAB
	VALUES ("66268b1a-9843-478b-adc5-92aa19a84fa0",
	"c87b2dab-d00f-4d32-a5d3-d1e5b01c9cb3",
	"5c1f9670-7a4c-4f01-b4e2-324d523a0e84");
INSERT INTO ACT_ACT
	VALUES ("66268b1a-9843-478b-adc5-92aa19a84fa0",
	'transition',
	0,
	"d884fb91-e766-4ca0-a174-2b66142612e3",
	"00000000-0000-0000-0000-000000000000",
	0,
	'BOOKINGSESSION3: addServiceEvent',
	"00000000-0000-0000-0000-000000000000");
INSERT INTO ACT_BLK
	VALUES ("d884fb91-e766-4ca0-a174-2b66142612e3",
	0,
	0,
	0,
	'',
	'',
	'',
	0,
	0,
	0,
	0,
	0,
	0,
	0,
	0,
	0,
	0,
	0,
	0,
	0,
	"66268b1a-9843-478b-adc5-92aa19a84fa0",
	"00000000-0000-0000-0000-000000000000");
INSERT INTO SM_TXN
	VALUES ("bca5f9b2-78a7-4087-886e-1d17e5ab62a3",
	"c87b2dab-d00f-4d32-a5d3-d1e5b01c9cb3",
	"5ba9883b-4a7b-40ed-a541-d3bba232f55a",
	"00000000-0000-0000-0000-000000000000");
INSERT INTO SM_NSTXN
	VALUES ("a824f355-940c-4185-aca4-ab6b81f07db6",
	"c87b2dab-d00f-4d32-a5d3-d1e5b01c9cb3",
	"5ba9883b-4a7b-40ed-a541-d3bba232f55a",
	"9a883f49-b118-47b2-880c-373bfecf9218",
	"00000000-0000-0000-0000-000000000000");
INSERT INTO SM_TAH
	VALUES ("92b379a3-161a-4907-869b-d3cce8eba8ed",
	"c87b2dab-d00f-4d32-a5d3-d1e5b01c9cb3",
	"a824f355-940c-4185-aca4-ab6b81f07db6");
INSERT INTO SM_AH
	VALUES ("92b379a3-161a-4907-869b-d3cce8eba8ed",
	"c87b2dab-d00f-4d32-a5d3-d1e5b01c9cb3");
INSERT INTO SM_ACT
	VALUES ("92b379a3-161a-4907-869b-d3cce8eba8ed",
	"c87b2dab-d00f-4d32-a5d3-d1e5b01c9cb3",
	1,
	'',
	'');
INSERT INTO ACT_TAB
	VALUES ("66d67d70-3c71-4acd-8144-8ea33462b41e",
	"c87b2dab-d00f-4d32-a5d3-d1e5b01c9cb3",
	"92b379a3-161a-4907-869b-d3cce8eba8ed");
INSERT INTO ACT_ACT
	VALUES ("66d67d70-3c71-4acd-8144-8ea33462b41e",
	'transition',
	0,
	"bbd4ed7c-7405-4a0b-b520-143330bef206",
	"00000000-0000-0000-0000-000000000000",
	0,
	'BOOKINGSESSION4: confirmEvent',
	"00000000-0000-0000-0000-000000000000");
INSERT INTO ACT_BLK
	VALUES ("bbd4ed7c-7405-4a0b-b520-143330bef206",
	0,
	0,
	0,
	'',
	'',
	'',
	0,
	0,
	0,
	0,
	0,
	0,
	0,
	0,
	0,
	0,
	0,
	0,
	0,
	"66d67d70-3c71-4acd-8144-8ea33462b41e",
	"00000000-0000-0000-0000-000000000000");
INSERT INTO SM_TXN
	VALUES ("a824f355-940c-4185-aca4-ab6b81f07db6",
	"c87b2dab-d00f-4d32-a5d3-d1e5b01c9cb3",
	"2f872649-fe94-4f31-b88d-635a7e02ac36",
	"00000000-0000-0000-0000-000000000000");
INSERT INTO SM_NSTXN
	VALUES ("4e570a7c-9b19-4e01-9d88-fd0ebc5b4afa",
	"c87b2dab-d00f-4d32-a5d3-d1e5b01c9cb3",
	"0a2fd1bd-2d48-4562-b322-ca038ace3cef",
	"9a883f49-b118-47b2-880c-373bfecf9218",
	"00000000-0000-0000-0000-000000000000");
INSERT INTO SM_TAH
	VALUES ("bd7743ec-5b90-4217-828f-f1f93b04b228",
	"c87b2dab-d00f-4d32-a5d3-d1e5b01c9cb3",
	"4e570a7c-9b19-4e01-9d88-fd0ebc5b4afa");
INSERT INTO SM_AH
	VALUES ("bd7743ec-5b90-4217-828f-f1f93b04b228",
	"c87b2dab-d00f-4d32-a5d3-d1e5b01c9cb3");
INSERT INTO SM_ACT
	VALUES ("bd7743ec-5b90-4217-828f-f1f93b04b228",
	"c87b2dab-d00f-4d32-a5d3-d1e5b01c9cb3",
	1,
	'',
	'');
INSERT INTO ACT_TAB
	VALUES ("f4dd4f2c-cf7f-4a05-b4ad-66c18d1571de",
	"c87b2dab-d00f-4d32-a5d3-d1e5b01c9cb3",
	"bd7743ec-5b90-4217-828f-f1f93b04b228");
INSERT INTO ACT_ACT
	VALUES ("f4dd4f2c-cf7f-4a05-b4ad-66c18d1571de",
	'transition',
	0,
	"2f8a76e6-4789-4f06-b81b-d0ce4a079e4c",
	"00000000-0000-0000-0000-000000000000",
	0,
	'BOOKINGSESSION4: confirmEvent',
	"00000000-0000-0000-0000-000000000000");
INSERT INTO ACT_BLK
	VALUES ("2f8a76e6-4789-4f06-b81b-d0ce4a079e4c",
	0,
	0,
	0,
	'',
	'',
	'',
	0,
	0,
	0,
	0,
	0,
	0,
	0,
	0,
	0,
	0,
	0,
	0,
	0,
	"f4dd4f2c-cf7f-4a05-b4ad-66c18d1571de",
	"00000000-0000-0000-0000-000000000000");
INSERT INTO SM_TXN
	VALUES ("4e570a7c-9b19-4e01-9d88-fd0ebc5b4afa",
	"c87b2dab-d00f-4d32-a5d3-d1e5b01c9cb3",
	"2f872649-fe94-4f31-b88d-635a7e02ac36",
	"00000000-0000-0000-0000-000000000000");
INSERT INTO SM_NSTXN
	VALUES ("7772ee11-1a82-4b38-b3ff-70fc22c6c75c",
	"c87b2dab-d00f-4d32-a5d3-d1e5b01c9cb3",
	"2f872649-fe94-4f31-b88d-635a7e02ac36",
	"153a511b-c927-49fe-95d5-db518898883d",
	"00000000-0000-0000-0000-000000000000");
INSERT INTO SM_TAH
	VALUES ("c038f923-d335-408d-9921-3bd3ba021585",
	"c87b2dab-d00f-4d32-a5d3-d1e5b01c9cb3",
	"7772ee11-1a82-4b38-b3ff-70fc22c6c75c");
INSERT INTO SM_AH
	VALUES ("c038f923-d335-408d-9921-3bd3ba021585",
	"c87b2dab-d00f-4d32-a5d3-d1e5b01c9cb3");
INSERT INTO SM_ACT
	VALUES ("c038f923-d335-408d-9921-3bd3ba021585",
	"c87b2dab-d00f-4d32-a5d3-d1e5b01c9cb3",
	1,
	'',
	'');
INSERT INTO ACT_TAB
	VALUES ("1f6fe761-fda9-4994-a080-7aa439ddc371",
	"c87b2dab-d00f-4d32-a5d3-d1e5b01c9cb3",
	"c038f923-d335-408d-9921-3bd3ba021585");
INSERT INTO ACT_ACT
	VALUES ("1f6fe761-fda9-4994-a080-7aa439ddc371",
	'transition',
	0,
	"2e71087e-4359-4cf0-b325-47b3948f7df4",
	"00000000-0000-0000-0000-000000000000",
	0,
	'BOOKINGSESSION5: customerDetailsEvent',
	"00000000-0000-0000-0000-000000000000");
INSERT INTO ACT_BLK
	VALUES ("2e71087e-4359-4cf0-b325-47b3948f7df4",
	0,
	0,
	0,
	'',
	'',
	'',
	0,
	0,
	0,
	0,
	0,
	0,
	0,
	0,
	0,
	0,
	0,
	0,
	0,
	"1f6fe761-fda9-4994-a080-7aa439ddc371",
	"00000000-0000-0000-0000-000000000000");
INSERT INTO SM_TXN
	VALUES ("7772ee11-1a82-4b38-b3ff-70fc22c6c75c",
	"c87b2dab-d00f-4d32-a5d3-d1e5b01c9cb3",
	"379a455a-c9de-4de3-9d42-47151db4b5c1",
	"00000000-0000-0000-0000-000000000000");
INSERT INTO SM_NSTXN
	VALUES ("07e5917f-d314-4987-a2de-cd5ccc16bffb",
	"c87b2dab-d00f-4d32-a5d3-d1e5b01c9cb3",
	"379a455a-c9de-4de3-9d42-47151db4b5c1",
	"459dadf1-a920-477f-b495-f73fd93f16e7",
	"00000000-0000-0000-0000-000000000000");
INSERT INTO SM_TAH
	VALUES ("70af8250-2e39-45f2-913a-19033c5f505b",
	"c87b2dab-d00f-4d32-a5d3-d1e5b01c9cb3",
	"07e5917f-d314-4987-a2de-cd5ccc16bffb");
INSERT INTO SM_AH
	VALUES ("70af8250-2e39-45f2-913a-19033c5f505b",
	"c87b2dab-d00f-4d32-a5d3-d1e5b01c9cb3");
INSERT INTO SM_ACT
	VALUES ("70af8250-2e39-45f2-913a-19033c5f505b",
	"c87b2dab-d00f-4d32-a5d3-d1e5b01c9cb3",
	1,
	'',
	'');
INSERT INTO ACT_TAB
	VALUES ("f26e7d1d-a8c5-4d42-900c-2bb3dd6e6e82",
	"c87b2dab-d00f-4d32-a5d3-d1e5b01c9cb3",
	"70af8250-2e39-45f2-913a-19033c5f505b");
INSERT INTO ACT_ACT
	VALUES ("f26e7d1d-a8c5-4d42-900c-2bb3dd6e6e82",
	'transition',
	0,
	"7ae7c751-e143-400d-b61b-57a4f3bf2a43",
	"00000000-0000-0000-0000-000000000000",
	0,
	'BOOKINGSESSION6: paymentInfoEvent',
	"00000000-0000-0000-0000-000000000000");
INSERT INTO ACT_BLK
	VALUES ("7ae7c751-e143-400d-b61b-57a4f3bf2a43",
	0,
	0,
	0,
	'',
	'',
	'',
	0,
	0,
	0,
	0,
	0,
	0,
	0,
	0,
	0,
	0,
	0,
	0,
	0,
	"f26e7d1d-a8c5-4d42-900c-2bb3dd6e6e82",
	"00000000-0000-0000-0000-000000000000");
INSERT INTO SM_TXN
	VALUES ("07e5917f-d314-4987-a2de-cd5ccc16bffb",
	"c87b2dab-d00f-4d32-a5d3-d1e5b01c9cb3",
	"16b76ff7-c8d4-4f88-81c4-f6f0a7d93a90",
	"00000000-0000-0000-0000-000000000000");
INSERT INTO SM_NSTXN
	VALUES ("ce040e31-907f-4748-bd3a-a580e86be93f",
	"c87b2dab-d00f-4d32-a5d3-d1e5b01c9cb3",
	"16b76ff7-c8d4-4f88-81c4-f6f0a7d93a90",
	"2abc1152-f6f1-440f-8291-2896e45ba380",
	"00000000-0000-0000-0000-000000000000");
INSERT INTO SM_TAH
	VALUES ("bbe798a5-8b5f-4a30-9a80-23aa2e593954",
	"c87b2dab-d00f-4d32-a5d3-d1e5b01c9cb3",
	"ce040e31-907f-4748-bd3a-a580e86be93f");
INSERT INTO SM_AH
	VALUES ("bbe798a5-8b5f-4a30-9a80-23aa2e593954",
	"c87b2dab-d00f-4d32-a5d3-d1e5b01c9cb3");
INSERT INTO SM_ACT
	VALUES ("bbe798a5-8b5f-4a30-9a80-23aa2e593954",
	"c87b2dab-d00f-4d32-a5d3-d1e5b01c9cb3",
	1,
	'',
	'');
INSERT INTO ACT_TAB
	VALUES ("143c6eb8-859c-475e-a69c-3e0023fb4b3c",
	"c87b2dab-d00f-4d32-a5d3-d1e5b01c9cb3",
	"bbe798a5-8b5f-4a30-9a80-23aa2e593954");
INSERT INTO ACT_ACT
	VALUES ("143c6eb8-859c-475e-a69c-3e0023fb4b3c",
	'transition',
	0,
	"6a9a93d2-2f6e-42a6-aced-fea85cbb49f2",
	"00000000-0000-0000-0000-000000000000",
	0,
	'BOOKINGSESSION7: paymentConfirmedEvent',
	"00000000-0000-0000-0000-000000000000");
INSERT INTO ACT_BLK
	VALUES ("6a9a93d2-2f6e-42a6-aced-fea85cbb49f2",
	0,
	0,
	0,
	'',
	'',
	'',
	0,
	0,
	0,
	0,
	0,
	0,
	0,
	0,
	0,
	0,
	0,
	0,
	0,
	"143c6eb8-859c-475e-a69c-3e0023fb4b3c",
	"00000000-0000-0000-0000-000000000000");
INSERT INTO SM_TXN
	VALUES ("ce040e31-907f-4748-bd3a-a580e86be93f",
	"c87b2dab-d00f-4d32-a5d3-d1e5b01c9cb3",
	"72fee477-0c93-4c4b-a7f5-91fc26b56a7c",
	"00000000-0000-0000-0000-000000000000");
INSERT INTO SM_NSTXN
	VALUES ("580ba611-db2b-4fe4-8f5b-cb5fdab70ba2",
	"c87b2dab-d00f-4d32-a5d3-d1e5b01c9cb3",
	"72fee477-0c93-4c4b-a7f5-91fc26b56a7c",
	"9a883f49-b118-47b2-880c-373bfecf9218",
	"00000000-0000-0000-0000-000000000000");
INSERT INTO SM_TAH
	VALUES ("4502ef61-4af2-442a-a088-8a6f6b5ca707",
	"c87b2dab-d00f-4d32-a5d3-d1e5b01c9cb3",
	"580ba611-db2b-4fe4-8f5b-cb5fdab70ba2");
INSERT INTO SM_AH
	VALUES ("4502ef61-4af2-442a-a088-8a6f6b5ca707",
	"c87b2dab-d00f-4d32-a5d3-d1e5b01c9cb3");
INSERT INTO SM_ACT
	VALUES ("4502ef61-4af2-442a-a088-8a6f6b5ca707",
	"c87b2dab-d00f-4d32-a5d3-d1e5b01c9cb3",
	1,
	'',
	'');
INSERT INTO ACT_TAB
	VALUES ("de6a915a-abac-49a2-9855-3612665693d3",
	"c87b2dab-d00f-4d32-a5d3-d1e5b01c9cb3",
	"4502ef61-4af2-442a-a088-8a6f6b5ca707");
INSERT INTO ACT_ACT
	VALUES ("de6a915a-abac-49a2-9855-3612665693d3",
	'transition',
	0,
	"9efb3489-34aa-4aee-a67c-ef581bed6c67",
	"00000000-0000-0000-0000-000000000000",
	0,
	'BOOKINGSESSION4: confirmEvent',
	"00000000-0000-0000-0000-000000000000");
INSERT INTO ACT_BLK
	VALUES ("9efb3489-34aa-4aee-a67c-ef581bed6c67",
	0,
	0,
	0,
	'',
	'',
	'',
	0,
	0,
	0,
	0,
	0,
	0,
	0,
	0,
	0,
	0,
	0,
	0,
	0,
	"de6a915a-abac-49a2-9855-3612665693d3",
	"00000000-0000-0000-0000-000000000000");
INSERT INTO SM_TXN
	VALUES ("580ba611-db2b-4fe4-8f5b-cb5fdab70ba2",
	"c87b2dab-d00f-4d32-a5d3-d1e5b01c9cb3",
	"c19dec2f-8b92-4dea-8ea8-e41ae60a6aa4",
	"00000000-0000-0000-0000-000000000000");
INSERT INTO SM_NSTXN
	VALUES ("d7bba8e9-9132-4c23-8001-1f6d4c35dce3",
	"c87b2dab-d00f-4d32-a5d3-d1e5b01c9cb3",
	"72fee477-0c93-4c4b-a7f5-91fc26b56a7c",
	"5d2bc261-464e-4c96-88a1-0dcf2267fd8b",
	"00000000-0000-0000-0000-000000000000");
INSERT INTO SM_TAH
	VALUES ("0cc5fd5d-78d3-43df-82b9-4ff8797f6f75",
	"c87b2dab-d00f-4d32-a5d3-d1e5b01c9cb3",
	"d7bba8e9-9132-4c23-8001-1f6d4c35dce3");
INSERT INTO SM_AH
	VALUES ("0cc5fd5d-78d3-43df-82b9-4ff8797f6f75",
	"c87b2dab-d00f-4d32-a5d3-d1e5b01c9cb3");
INSERT INTO SM_ACT
	VALUES ("0cc5fd5d-78d3-43df-82b9-4ff8797f6f75",
	"c87b2dab-d00f-4d32-a5d3-d1e5b01c9cb3",
	1,
	'',
	'');
INSERT INTO ACT_TAB
	VALUES ("809e0aaf-13a9-4156-b5ba-82548417e6a8",
	"c87b2dab-d00f-4d32-a5d3-d1e5b01c9cb3",
	"0cc5fd5d-78d3-43df-82b9-4ff8797f6f75");
INSERT INTO ACT_ACT
	VALUES ("809e0aaf-13a9-4156-b5ba-82548417e6a8",
	'transition',
	0,
	"6e7d3c76-7823-4c43-8665-5c8e2d65e1ee",
	"00000000-0000-0000-0000-000000000000",
	0,
	'BOOKINGSESSION8: cancelEvent',
	"00000000-0000-0000-0000-000000000000");
INSERT INTO ACT_BLK
	VALUES ("6e7d3c76-7823-4c43-8665-5c8e2d65e1ee",
	0,
	0,
	0,
	'',
	'',
	'',
	0,
	0,
	0,
	0,
	0,
	0,
	0,
	0,
	0,
	0,
	0,
	0,
	0,
	"809e0aaf-13a9-4156-b5ba-82548417e6a8",
	"00000000-0000-0000-0000-000000000000");
INSERT INTO SM_TXN
	VALUES ("d7bba8e9-9132-4c23-8001-1f6d4c35dce3",
	"c87b2dab-d00f-4d32-a5d3-d1e5b01c9cb3",
	"4aecb993-a30f-4e82-ae57-ca7b870f160e",
	"00000000-0000-0000-0000-000000000000");
INSERT INTO SM_NSTXN
	VALUES ("9def0dcb-a7de-410e-8a24-04d98a5006a1",
	"c87b2dab-d00f-4d32-a5d3-d1e5b01c9cb3",
	"2f872649-fe94-4f31-b88d-635a7e02ac36",
	"463dc70c-f7bb-484c-8def-bd2056914139",
	"00000000-0000-0000-0000-000000000000");
INSERT INTO SM_TAH
	VALUES ("5503c25c-8933-4dd4-875b-836fb1e2f6d4",
	"c87b2dab-d00f-4d32-a5d3-d1e5b01c9cb3",
	"9def0dcb-a7de-410e-8a24-04d98a5006a1");
INSERT INTO SM_AH
	VALUES ("5503c25c-8933-4dd4-875b-836fb1e2f6d4",
	"c87b2dab-d00f-4d32-a5d3-d1e5b01c9cb3");
INSERT INTO SM_ACT
	VALUES ("5503c25c-8933-4dd4-875b-836fb1e2f6d4",
	"c87b2dab-d00f-4d32-a5d3-d1e5b01c9cb3",
	1,
	'',
	'');
INSERT INTO ACT_TAB
	VALUES ("d05c4c5a-7764-4ca0-99a6-148cef6427a5",
	"c87b2dab-d00f-4d32-a5d3-d1e5b01c9cb3",
	"5503c25c-8933-4dd4-875b-836fb1e2f6d4");
INSERT INTO ACT_ACT
	VALUES ("d05c4c5a-7764-4ca0-99a6-148cef6427a5",
	'transition',
	0,
	"dbfb59c9-a607-4bca-9f90-8676c3ddb319",
	"00000000-0000-0000-0000-000000000000",
	0,
	'BOOKINGSESSION1: selectEvent',
	"00000000-0000-0000-0000-000000000000");
INSERT INTO ACT_BLK
	VALUES ("dbfb59c9-a607-4bca-9f90-8676c3ddb319",
	0,
	0,
	0,
	'',
	'',
	'',
	0,
	0,
	0,
	0,
	0,
	0,
	0,
	0,
	0,
	0,
	0,
	0,
	0,
	"d05c4c5a-7764-4ca0-99a6-148cef6427a5",
	"00000000-0000-0000-0000-000000000000");
INSERT INTO SM_TXN
	VALUES ("9def0dcb-a7de-410e-8a24-04d98a5006a1",
	"c87b2dab-d00f-4d32-a5d3-d1e5b01c9cb3",
	"ec664e05-8719-4277-966f-43d8cf4e3176",
	"00000000-0000-0000-0000-000000000000");
INSERT INTO SM_NSTXN
	VALUES ("d0e26d94-bf1a-45d3-bdb1-e0f3d6f32599",
	"c87b2dab-d00f-4d32-a5d3-d1e5b01c9cb3",
	"82c06f18-ae14-4d95-9351-b2eea2fa5c2b",
	"463dc70c-f7bb-484c-8def-bd2056914139",
	"00000000-0000-0000-0000-000000000000");
INSERT INTO SM_TAH
	VALUES ("3bd450a6-95b5-47e3-8fab-3cc0e8e69f16",
	"c87b2dab-d00f-4d32-a5d3-d1e5b01c9cb3",
	"d0e26d94-bf1a-45d3-bdb1-e0f3d6f32599");
INSERT INTO SM_AH
	VALUES ("3bd450a6-95b5-47e3-8fab-3cc0e8e69f16",
	"c87b2dab-d00f-4d32-a5d3-d1e5b01c9cb3");
INSERT INTO SM_ACT
	VALUES ("3bd450a6-95b5-47e3-8fab-3cc0e8e69f16",
	"c87b2dab-d00f-4d32-a5d3-d1e5b01c9cb3",
	1,
	'',
	'');
INSERT INTO ACT_TAB
	VALUES ("7023e305-abce-4e89-a5e1-c98b9c7100b3",
	"c87b2dab-d00f-4d32-a5d3-d1e5b01c9cb3",
	"3bd450a6-95b5-47e3-8fab-3cc0e8e69f16");
INSERT INTO ACT_ACT
	VALUES ("7023e305-abce-4e89-a5e1-c98b9c7100b3",
	'transition',
	0,
	"ab538091-1fb1-479c-9c3f-69465c0e12a3",
	"00000000-0000-0000-0000-000000000000",
	0,
	'BOOKINGSESSION1: selectEvent',
	"00000000-0000-0000-0000-000000000000");
INSERT INTO ACT_BLK
	VALUES ("ab538091-1fb1-479c-9c3f-69465c0e12a3",
	0,
	0,
	0,
	'',
	'',
	'',
	0,
	0,
	0,
	0,
	0,
	0,
	0,
	0,
	0,
	0,
	0,
	0,
	0,
	"7023e305-abce-4e89-a5e1-c98b9c7100b3",
	"00000000-0000-0000-0000-000000000000");
INSERT INTO SM_TXN
	VALUES ("d0e26d94-bf1a-45d3-bdb1-e0f3d6f32599",
	"c87b2dab-d00f-4d32-a5d3-d1e5b01c9cb3",
	"ec664e05-8719-4277-966f-43d8cf4e3176",
	"00000000-0000-0000-0000-000000000000");
INSERT INTO SM_NSTXN
	VALUES ("7d4f2898-2a1d-43e2-8766-ef1ea1383482",
	"c87b2dab-d00f-4d32-a5d3-d1e5b01c9cb3",
	"abba5c5c-cc80-413e-acaf-3b88d5e3c3c6",
	"42a35ac4-7d83-4153-8c24-cc4699f29672",
	"00000000-0000-0000-0000-000000000000");
INSERT INTO SM_TAH
	VALUES ("dde59609-4671-4f2b-8912-b12f1fb8543a",
	"c87b2dab-d00f-4d32-a5d3-d1e5b01c9cb3",
	"7d4f2898-2a1d-43e2-8766-ef1ea1383482");
INSERT INTO SM_AH
	VALUES ("dde59609-4671-4f2b-8912-b12f1fb8543a",
	"c87b2dab-d00f-4d32-a5d3-d1e5b01c9cb3");
INSERT INTO SM_ACT
	VALUES ("dde59609-4671-4f2b-8912-b12f1fb8543a",
	"c87b2dab-d00f-4d32-a5d3-d1e5b01c9cb3",
	1,
	'',
	'');
INSERT INTO ACT_TAB
	VALUES ("ec2bc069-0b31-4a83-a4ee-717b66b8f9d1",
	"c87b2dab-d00f-4d32-a5d3-d1e5b01c9cb3",
	"dde59609-4671-4f2b-8912-b12f1fb8543a");
INSERT INTO ACT_ACT
	VALUES ("ec2bc069-0b31-4a83-a4ee-717b66b8f9d1",
	'transition',
	0,
	"f3d294b5-b212-4932-a9ac-a68b3e85f512",
	"00000000-0000-0000-0000-000000000000",
	0,
	'BOOKINGSESSION9: searchEvent',
	"00000000-0000-0000-0000-000000000000");
INSERT INTO ACT_BLK
	VALUES ("f3d294b5-b212-4932-a9ac-a68b3e85f512",
	0,
	0,
	0,
	'',
	'',
	'',
	0,
	0,
	0,
	0,
	0,
	0,
	0,
	0,
	0,
	0,
	0,
	0,
	0,
	"ec2bc069-0b31-4a83-a4ee-717b66b8f9d1",
	"00000000-0000-0000-0000-000000000000");
INSERT INTO SM_TXN
	VALUES ("7d4f2898-2a1d-43e2-8766-ef1ea1383482",
	"c87b2dab-d00f-4d32-a5d3-d1e5b01c9cb3",
	"82c06f18-ae14-4d95-9351-b2eea2fa5c2b",
	"00000000-0000-0000-0000-000000000000");
INSERT INTO SM_NSTXN
	VALUES ("989444bb-d541-46e0-8153-6a2b76aada74",
	"c87b2dab-d00f-4d32-a5d3-d1e5b01c9cb3",
	"2f872649-fe94-4f31-b88d-635a7e02ac36",
	"42a35ac4-7d83-4153-8c24-cc4699f29672",
	"00000000-0000-0000-0000-000000000000");
INSERT INTO SM_TAH
	VALUES ("ab4fad15-d1e3-4102-bfbc-dfa7fca520dc",
	"c87b2dab-d00f-4d32-a5d3-d1e5b01c9cb3",
	"989444bb-d541-46e0-8153-6a2b76aada74");
INSERT INTO SM_AH
	VALUES ("ab4fad15-d1e3-4102-bfbc-dfa7fca520dc",
	"c87b2dab-d00f-4d32-a5d3-d1e5b01c9cb3");
INSERT INTO SM_ACT
	VALUES ("ab4fad15-d1e3-4102-bfbc-dfa7fca520dc",
	"c87b2dab-d00f-4d32-a5d3-d1e5b01c9cb3",
	1,
	'',
	'');
INSERT INTO ACT_TAB
	VALUES ("ec36346e-1db1-408d-b883-9489de5918e9",
	"c87b2dab-d00f-4d32-a5d3-d1e5b01c9cb3",
	"ab4fad15-d1e3-4102-bfbc-dfa7fca520dc");
INSERT INTO ACT_ACT
	VALUES ("ec36346e-1db1-408d-b883-9489de5918e9",
	'transition',
	0,
	"3e870877-b7e8-404b-b3c9-ad5351ea7284",
	"00000000-0000-0000-0000-000000000000",
	0,
	'BOOKINGSESSION9: searchEvent',
	"00000000-0000-0000-0000-000000000000");
INSERT INTO ACT_BLK
	VALUES ("3e870877-b7e8-404b-b3c9-ad5351ea7284",
	0,
	0,
	0,
	'',
	'',
	'',
	0,
	0,
	0,
	0,
	0,
	0,
	0,
	0,
	0,
	0,
	0,
	0,
	0,
	"ec36346e-1db1-408d-b883-9489de5918e9",
	"00000000-0000-0000-0000-000000000000");
INSERT INTO SM_TXN
	VALUES ("989444bb-d541-46e0-8153-6a2b76aada74",
	"c87b2dab-d00f-4d32-a5d3-d1e5b01c9cb3",
	"2f872649-fe94-4f31-b88d-635a7e02ac36",
	"00000000-0000-0000-0000-000000000000");
INSERT INTO SM_NSTXN
	VALUES ("58d246cd-d443-4fb0-8ac7-fd9123a35c23",
	"c87b2dab-d00f-4d32-a5d3-d1e5b01c9cb3",
	"82c06f18-ae14-4d95-9351-b2eea2fa5c2b",
	"42a35ac4-7d83-4153-8c24-cc4699f29672",
	"00000000-0000-0000-0000-000000000000");
INSERT INTO SM_TAH
	VALUES ("c95fdfb0-398f-43ec-9b84-c1134dd792d7",
	"c87b2dab-d00f-4d32-a5d3-d1e5b01c9cb3",
	"58d246cd-d443-4fb0-8ac7-fd9123a35c23");
INSERT INTO SM_AH
	VALUES ("c95fdfb0-398f-43ec-9b84-c1134dd792d7",
	"c87b2dab-d00f-4d32-a5d3-d1e5b01c9cb3");
INSERT INTO SM_ACT
	VALUES ("c95fdfb0-398f-43ec-9b84-c1134dd792d7",
	"c87b2dab-d00f-4d32-a5d3-d1e5b01c9cb3",
	1,
	'',
	'');
INSERT INTO ACT_TAB
	VALUES ("1d2c7995-3365-4c65-a5b7-261540925a8e",
	"c87b2dab-d00f-4d32-a5d3-d1e5b01c9cb3",
	"c95fdfb0-398f-43ec-9b84-c1134dd792d7");
INSERT INTO ACT_ACT
	VALUES ("1d2c7995-3365-4c65-a5b7-261540925a8e",
	'transition',
	0,
	"144fcca0-5708-4235-b029-95e6b6ac769b",
	"00000000-0000-0000-0000-000000000000",
	0,
	'BOOKINGSESSION9: searchEvent',
	"00000000-0000-0000-0000-000000000000");
INSERT INTO ACT_BLK
	VALUES ("144fcca0-5708-4235-b029-95e6b6ac769b",
	0,
	0,
	0,
	'',
	'',
	'',
	0,
	0,
	0,
	0,
	0,
	0,
	0,
	0,
	0,
	0,
	0,
	0,
	0,
	"1d2c7995-3365-4c65-a5b7-261540925a8e",
	"00000000-0000-0000-0000-000000000000");
INSERT INTO SM_TXN
	VALUES ("58d246cd-d443-4fb0-8ac7-fd9123a35c23",
	"c87b2dab-d00f-4d32-a5d3-d1e5b01c9cb3",
	"82c06f18-ae14-4d95-9351-b2eea2fa5c2b",
	"00000000-0000-0000-0000-000000000000");
INSERT INTO SM_ASM
	VALUES ("1cceaf51-6f2a-4dbc-806e-afb09371f60a",
	"7137c09d-ba0e-406b-b3b5-76bb3cc48f3d");
INSERT INTO SM_SM
	VALUES ("1cceaf51-6f2a-4dbc-806e-afb09371f60a",
	'',
	0);
INSERT INTO SM_MOORE
	VALUES ("1cceaf51-6f2a-4dbc-806e-afb09371f60a");
INSERT INTO SM_LEVT
	VALUES ("6a869ce9-b6a6-41ca-a021-ce5c93e3f8f5",
	"1cceaf51-6f2a-4dbc-806e-afb09371f60a",
	"00000000-0000-0000-0000-000000000000");
INSERT INTO SM_SEVT
	VALUES ("6a869ce9-b6a6-41ca-a021-ce5c93e3f8f5",
	"1cceaf51-6f2a-4dbc-806e-afb09371f60a",
	"00000000-0000-0000-0000-000000000000");
INSERT INTO SM_EVT
	VALUES ("6a869ce9-b6a6-41ca-a021-ce5c93e3f8f5",
	"1cceaf51-6f2a-4dbc-806e-afb09371f60a",
	"00000000-0000-0000-0000-000000000000",
	1,
	'requestSessionEvent',
	0,
	'',
	'BOOKINGSESSION_A1',
	'');
INSERT INTO SM_SGEVT
	VALUES ("58a64f76-28e2-4982-ab22-73c9243d6565",
	"1cceaf51-6f2a-4dbc-806e-afb09371f60a",
	"00000000-0000-0000-0000-000000000000",
	"52f59bac-a1c2-4318-a901-bbe93808d139",
	"00000000-0000-0000-0000-000000000000",
	'UserInterface::requestSession');
INSERT INTO SM_SEVT
	VALUES ("58a64f76-28e2-4982-ab22-73c9243d6565",
	"1cceaf51-6f2a-4dbc-806e-afb09371f60a",
	"00000000-0000-0000-0000-000000000000");
INSERT INTO SM_EVT
	VALUES ("58a64f76-28e2-4982-ab22-73c9243d6565",
	"1cceaf51-6f2a-4dbc-806e-afb09371f60a",
	"00000000-0000-0000-0000-000000000000",
	2,
	'requestSession',
	0,
	'',
	'UserInterface::requestSession',
	'');
INSERT INTO SM_STATE
	VALUES ("41cae87c-efc9-4d47-82ed-23030b389384",
	"1cceaf51-6f2a-4dbc-806e-afb09371f60a",
	"00000000-0000-0000-0000-000000000000",
	'Standby',
	1,
	0);
INSERT INTO SM_CH
	VALUES ("41cae87c-efc9-4d47-82ed-23030b389384",
	"6a869ce9-b6a6-41ca-a021-ce5c93e3f8f5",
	"1cceaf51-6f2a-4dbc-806e-afb09371f60a",
	"00000000-0000-0000-0000-000000000000",
	'');
INSERT INTO SM_SEME
	VALUES ("41cae87c-efc9-4d47-82ed-23030b389384",
	"6a869ce9-b6a6-41ca-a021-ce5c93e3f8f5",
	"1cceaf51-6f2a-4dbc-806e-afb09371f60a",
	"00000000-0000-0000-0000-000000000000");
INSERT INTO SM_SEME
	VALUES ("41cae87c-efc9-4d47-82ed-23030b389384",
	"58a64f76-28e2-4982-ab22-73c9243d6565",
	"1cceaf51-6f2a-4dbc-806e-afb09371f60a",
	"00000000-0000-0000-0000-000000000000");
INSERT INTO SM_MOAH
	VALUES ("45ab631e-8185-492b-b854-b894e9f7cb06",
	"1cceaf51-6f2a-4dbc-806e-afb09371f60a",
	"41cae87c-efc9-4d47-82ed-23030b389384");
INSERT INTO SM_AH
	VALUES ("45ab631e-8185-492b-b854-b894e9f7cb06",
	"1cceaf51-6f2a-4dbc-806e-afb09371f60a");
INSERT INTO SM_ACT
	VALUES ("45ab631e-8185-492b-b854-b894e9f7cb06",
	"1cceaf51-6f2a-4dbc-806e-afb09371f60a",
	1,
	'',
	'');
INSERT INTO ACT_SAB
	VALUES ("8480f81e-e226-4046-b678-8508f7c341e1",
	"1cceaf51-6f2a-4dbc-806e-afb09371f60a",
	"45ab631e-8185-492b-b854-b894e9f7cb06");
INSERT INTO ACT_ACT
	VALUES ("8480f81e-e226-4046-b678-8508f7c341e1",
	'class state',
	0,
	"136b2346-fc59-405c-b96d-5bca37efc0dc",
	"00000000-0000-0000-0000-000000000000",
	0,
	'BookingSession::Standby',
	"00000000-0000-0000-0000-000000000000");
INSERT INTO ACT_BLK
	VALUES ("136b2346-fc59-405c-b96d-5bca37efc0dc",
	0,
	0,
	0,
	'',
	'',
	'',
	0,
	0,
	0,
	0,
	0,
	0,
	0,
	0,
	0,
	0,
	0,
	0,
	0,
	"8480f81e-e226-4046-b678-8508f7c341e1",
	"00000000-0000-0000-0000-000000000000");
INSERT INTO SM_NSTXN
	VALUES ("86a0d005-f343-4f7e-95cb-13f38e31c77d",
	"1cceaf51-6f2a-4dbc-806e-afb09371f60a",
	"41cae87c-efc9-4d47-82ed-23030b389384",
	"58a64f76-28e2-4982-ab22-73c9243d6565",
	"00000000-0000-0000-0000-000000000000");
INSERT INTO SM_TAH
	VALUES ("dd6b1eed-7a4b-4dc4-b2db-a7397c475316",
	"1cceaf51-6f2a-4dbc-806e-afb09371f60a",
	"86a0d005-f343-4f7e-95cb-13f38e31c77d");
INSERT INTO SM_AH
	VALUES ("dd6b1eed-7a4b-4dc4-b2db-a7397c475316",
	"1cceaf51-6f2a-4dbc-806e-afb09371f60a");
INSERT INTO SM_ACT
	VALUES ("dd6b1eed-7a4b-4dc4-b2db-a7397c475316",
	"1cceaf51-6f2a-4dbc-806e-afb09371f60a",
	1,
	'// Initialize a booking session

create object instance session of BOOKINGSESSION;

create object instance booking of BOOKING;
relate session to booking across R26;

send BookingProvider::session(sessionID: session.ID);',
	'');
INSERT INTO ACT_TAB
	VALUES ("512ac3ad-7cda-491d-8b9f-e2a213f76359",
	"1cceaf51-6f2a-4dbc-806e-afb09371f60a",
	"dd6b1eed-7a4b-4dc4-b2db-a7397c475316");
INSERT INTO ACT_ACT
	VALUES ("512ac3ad-7cda-491d-8b9f-e2a213f76359",
	'class transition',
	0,
	"5537cb97-f959-4c31-ae10-a81f7a8c6e5b",
	"00000000-0000-0000-0000-000000000000",
	0,
	'UserInterface::requestSession',
	"00000000-0000-0000-0000-000000000000");
INSERT INTO ACT_BLK
	VALUES ("5537cb97-f959-4c31-ae10-a81f7a8c6e5b",
	0,
	0,
	0,
	'BookingProvider',
	'',
	'',
	8,
	1,
	8,
	6,
	0,
	0,
	6,
	34,
	0,
	0,
	0,
	0,
	0,
	"512ac3ad-7cda-491d-8b9f-e2a213f76359",
	"00000000-0000-0000-0000-000000000000");
INSERT INTO ACT_SMT
	VALUES ("51d6bcd0-9133-4b33-b77e-94659daf5af7",
	"5537cb97-f959-4c31-ae10-a81f7a8c6e5b",
	"2bec0b5d-90ba-4065-ad03-1cdf528c1224",
	3,
	1,
	'UserInterface::requestSession line: 3');
INSERT INTO ACT_CR
	VALUES ("51d6bcd0-9133-4b33-b77e-94659daf5af7",
	"7c841a79-405c-4c43-831a-1c4355e26b74",
	1,
	"7137c09d-ba0e-406b-b3b5-76bb3cc48f3d",
	3,
	35);
INSERT INTO ACT_SMT
	VALUES ("2bec0b5d-90ba-4065-ad03-1cdf528c1224",
	"5537cb97-f959-4c31-ae10-a81f7a8c6e5b",
	"7381dd69-f08f-4e91-9937-7d3d1fffb095",
	5,
	1,
	'UserInterface::requestSession line: 5');
INSERT INTO ACT_CR
	VALUES ("2bec0b5d-90ba-4065-ad03-1cdf528c1224",
	"e981a82b-9d95-4a73-8047-91c57fc93f82",
	1,
	"9a41fe9e-f547-4cde-b68d-f7db43c904dc",
	5,
	35);
INSERT INTO ACT_SMT
	VALUES ("7381dd69-f08f-4e91-9937-7d3d1fffb095",
	"5537cb97-f959-4c31-ae10-a81f7a8c6e5b",
	"76f29c3c-5300-41ee-a6fc-c47250e4696d",
	6,
	1,
	'UserInterface::requestSession line: 6');
INSERT INTO ACT_REL
	VALUES ("7381dd69-f08f-4e91-9937-7d3d1fffb095",
	"7c841a79-405c-4c43-831a-1c4355e26b74",
	"e981a82b-9d95-4a73-8047-91c57fc93f82",
	'',
	"a30fd0d6-3586-438e-8d6d-b3d3b14c0f03",
	6,
	34,
	0,
	0);
INSERT INTO ACT_SMT
	VALUES ("76f29c3c-5300-41ee-a6fc-c47250e4696d",
	"5537cb97-f959-4c31-ae10-a81f7a8c6e5b",
	"00000000-0000-0000-0000-000000000000",
	8,
	1,
	'UserInterface::requestSession line: 8');
INSERT INTO ACT_SGN
	VALUES ("76f29c3c-5300-41ee-a6fc-c47250e4696d",
	8,
	23,
	8,
	6,
	"9a412571-97a5-4764-873e-18ee296bab0f",
	"00000000-0000-0000-0000-000000000000",
	"00000000-0000-0000-0000-000000000000");
INSERT INTO V_VAL
	VALUES ("4211bfe9-6e2b-4599-ac50-1376617fc59e",
	0,
	0,
	8,
	42,
	48,
	0,
	0,
	0,
	0,
	"ba5eda7a-def5-0000-0000-000000000008",
	"5537cb97-f959-4c31-ae10-a81f7a8c6e5b");
INSERT INTO V_IRF
	VALUES ("4211bfe9-6e2b-4599-ac50-1376617fc59e",
	"7c841a79-405c-4c43-831a-1c4355e26b74");
INSERT INTO V_VAL
	VALUES ("c6223d3f-277f-48b3-9cdd-51a628fa3255",
	0,
	0,
	8,
	50,
	51,
	0,
	0,
	0,
	0,
	"ba5eda7a-def5-0000-0000-000000000005",
	"5537cb97-f959-4c31-ae10-a81f7a8c6e5b");
INSERT INTO V_AVL
	VALUES ("c6223d3f-277f-48b3-9cdd-51a628fa3255",
	"4211bfe9-6e2b-4599-ac50-1376617fc59e",
	"7137c09d-ba0e-406b-b3b5-76bb3cc48f3d",
	"df46d3b5-7060-4611-8908-d535d035865a");
INSERT INTO V_PAR
	VALUES ("c6223d3f-277f-48b3-9cdd-51a628fa3255",
	"76f29c3c-5300-41ee-a6fc-c47250e4696d",
	"00000000-0000-0000-0000-000000000000",
	'sessionID',
	"00000000-0000-0000-0000-000000000000",
	8,
	31);
INSERT INTO V_VAR
	VALUES ("7c841a79-405c-4c43-831a-1c4355e26b74",
	"5537cb97-f959-4c31-ae10-a81f7a8c6e5b",
	'session',
	1,
	"ba5eda7a-def5-0000-0000-000000000008");
INSERT INTO V_INT
	VALUES ("7c841a79-405c-4c43-831a-1c4355e26b74",
	0,
	"7137c09d-ba0e-406b-b3b5-76bb3cc48f3d");
INSERT INTO V_LOC
	VALUES ("e097e8d3-494c-458a-a6de-3cd1de27f437",
	3,
	24,
	30,
	"7c841a79-405c-4c43-831a-1c4355e26b74");
INSERT INTO V_LOC
	VALUES ("d0ddc385-d7ac-46bd-b605-b199957039f2",
	6,
	8,
	14,
	"7c841a79-405c-4c43-831a-1c4355e26b74");
INSERT INTO V_LOC
	VALUES ("be63466f-27a7-4a2f-8ce8-03247799e0c9",
	8,
	42,
	48,
	"7c841a79-405c-4c43-831a-1c4355e26b74");
INSERT INTO V_VAR
	VALUES ("e981a82b-9d95-4a73-8047-91c57fc93f82",
	"5537cb97-f959-4c31-ae10-a81f7a8c6e5b",
	'booking',
	1,
	"433f7688-7b95-4f9c-89f1-cf076d691ab7");
INSERT INTO V_INT
	VALUES ("e981a82b-9d95-4a73-8047-91c57fc93f82",
	0,
	"9a41fe9e-f547-4cde-b68d-f7db43c904dc");
INSERT INTO V_LOC
	VALUES ("3a295c6d-1d35-4186-9801-269ccce0b6c0",
	5,
	24,
	30,
	"e981a82b-9d95-4a73-8047-91c57fc93f82");
INSERT INTO V_LOC
	VALUES ("1020a60a-b555-4957-a09e-d4b1f27151ae",
	6,
	19,
	25,
	"e981a82b-9d95-4a73-8047-91c57fc93f82");
INSERT INTO SM_TXN
	VALUES ("86a0d005-f343-4f7e-95cb-13f38e31c77d",
	"1cceaf51-6f2a-4dbc-806e-afb09371f60a",
	"41cae87c-efc9-4d47-82ed-23030b389384",
	"00000000-0000-0000-0000-000000000000");
INSERT INTO CSME_CIE
	VALUES ("aa8922ae-2302-417a-b6bb-4ed289f3d432",
	"d7547212-a6a0-454c-862b-039e031545c5",
	"7137c09d-ba0e-406b-b3b5-76bb3cc48f3d",
	"960454f9-cf5f-4331-88bf-8023709586b1",
	'BookingSession');
INSERT INTO I_INS
	VALUES ("69341049-0e0b-4542-8be6-1e7490bd9d9e",
	'',
	"c87b2dab-d00f-4d32-a5d3-d1e5b01c9cb3",
	"abba5c5c-cc80-413e-acaf-3b88d5e3c3c6",
	"d7547212-a6a0-454c-862b-039e031545c5",
	"00000000-0000-0000-0000-000000000000",
	"aa8922ae-2302-417a-b6bb-4ed289f3d432",
	':BookingSession',
	'');
INSERT INTO I_AVL
	VALUES ("69341049-0e0b-4542-8be6-1e7490bd9d9e",
	"7137c09d-ba0e-406b-b3b5-76bb3cc48f3d",
	"df46d3b5-7060-4611-8908-d535d035865a",
	'1',
	'ID = 1',
	"f52f4dfe-9234-4d23-92f6-de6a330724c1");
INSERT INTO I_LIP
	VALUES ("e8826e92-bfc8-4325-979a-2122f04032b6",
	"69341049-0e0b-4542-8be6-1e7490bd9d9e",
	'R27');
INSERT INTO I_LIP
	VALUES ("a30fd0d6-3586-438e-8d6d-b3d3b14c0f03",
	"69341049-0e0b-4542-8be6-1e7490bd9d9e",
	'R26');
INSERT INTO I_LIP
	VALUES ("17f1dd67-3fd4-46db-8752-891089e87a24",
	"69341049-0e0b-4542-8be6-1e7490bd9d9e",
	'R17');
INSERT INTO PE_PE
	VALUES ("80f12c98-ccb7-4bab-acab-351f7970a5eb",
	1,
	"960454f9-cf5f-4331-88bf-8023709586b1",
	"00000000-0000-0000-0000-000000000000",
	4);
INSERT INTO O_OBJ
	VALUES ("80f12c98-ccb7-4bab-acab-351f7970a5eb",
	'Cash',
	16,
	'CASH',
	'',
	"00000000-0000-0000-0000-000000000000");
INSERT INTO O_ID
	VALUES (2,
	"80f12c98-ccb7-4bab-acab-351f7970a5eb");
INSERT INTO O_ID
	VALUES (1,
	"80f12c98-ccb7-4bab-acab-351f7970a5eb");
INSERT INTO O_ID
	VALUES (0,
	"80f12c98-ccb7-4bab-acab-351f7970a5eb");
INSERT INTO CSME_CIE
	VALUES ("60a70536-9536-4830-8597-56a46130f499",
	"d7547212-a6a0-454c-862b-039e031545c5",
	"80f12c98-ccb7-4bab-acab-351f7970a5eb",
	"960454f9-cf5f-4331-88bf-8023709586b1",
	'Cash');
INSERT INTO PE_PE
	VALUES ("33325975-636b-4865-afdb-d6d8138b80fe",
	1,
	"960454f9-cf5f-4331-88bf-8023709586b1",
	"00000000-0000-0000-0000-000000000000",
	4);
INSERT INTO O_OBJ
	VALUES ("33325975-636b-4865-afdb-d6d8138b80fe",
	'Club',
	21,
	'CLUB',
	'',
	"00000000-0000-0000-0000-000000000000");
INSERT INTO O_NBATTR
	VALUES ("f7156dde-f70b-4ca5-96b1-9eb8fe126ef1",
	"33325975-636b-4865-afdb-d6d8138b80fe");
INSERT INTO O_BATTR
	VALUES ("f7156dde-f70b-4ca5-96b1-9eb8fe126ef1",
	"33325975-636b-4865-afdb-d6d8138b80fe");
INSERT INTO O_ATTR
	VALUES ("f7156dde-f70b-4ca5-96b1-9eb8fe126ef1",
	"33325975-636b-4865-afdb-d6d8138b80fe",
	"00000000-0000-0000-0000-000000000000",
	'clubName',
	'',
	'',
	'clubName',
	0,
	"ba5eda7a-def5-0000-0000-000000000004",
	'',
	'');
INSERT INTO O_ID
	VALUES (2,
	"33325975-636b-4865-afdb-d6d8138b80fe");
INSERT INTO O_ID
	VALUES (1,
	"33325975-636b-4865-afdb-d6d8138b80fe");
INSERT INTO O_ID
	VALUES (0,
	"33325975-636b-4865-afdb-d6d8138b80fe");
INSERT INTO CSME_CIE
	VALUES ("a31e5b84-7eb0-4a14-a4c3-ac68529d623c",
	"d7547212-a6a0-454c-862b-039e031545c5",
	"33325975-636b-4865-afdb-d6d8138b80fe",
	"960454f9-cf5f-4331-88bf-8023709586b1",
	'Club');
INSERT INTO PE_PE
	VALUES ("3aa4c78b-6981-4249-a93a-87e0e14f07b3",
	1,
	"960454f9-cf5f-4331-88bf-8023709586b1",
	"00000000-0000-0000-0000-000000000000",
	4);
INSERT INTO O_OBJ
	VALUES ("3aa4c78b-6981-4249-a93a-87e0e14f07b3",
	'CreditCard',
	18,
	'CREDITCARD',
	'',
	"00000000-0000-0000-0000-000000000000");
INSERT INTO O_NBATTR
	VALUES ("1ecb3801-21b8-4bc9-980b-3ac37ca7195e",
	"3aa4c78b-6981-4249-a93a-87e0e14f07b3");
INSERT INTO O_BATTR
	VALUES ("1ecb3801-21b8-4bc9-980b-3ac37ca7195e",
	"3aa4c78b-6981-4249-a93a-87e0e14f07b3");
INSERT INTO O_ATTR
	VALUES ("1ecb3801-21b8-4bc9-980b-3ac37ca7195e",
	"3aa4c78b-6981-4249-a93a-87e0e14f07b3",
	"436a5009-62ed-4ae4-9c1b-4450511bd9bd",
	'cvcCode',
	'',
	'',
	'cvcCode',
	0,
	"ba5eda7a-def5-0000-0000-000000000002",
	'',
	'');
INSERT INTO O_NBATTR
	VALUES ("436a5009-62ed-4ae4-9c1b-4450511bd9bd",
	"3aa4c78b-6981-4249-a93a-87e0e14f07b3");
INSERT INTO O_BATTR
	VALUES ("436a5009-62ed-4ae4-9c1b-4450511bd9bd",
	"3aa4c78b-6981-4249-a93a-87e0e14f07b3");
INSERT INTO O_ATTR
	VALUES ("436a5009-62ed-4ae4-9c1b-4450511bd9bd",
	"3aa4c78b-6981-4249-a93a-87e0e14f07b3",
	"7b30fa3b-0ff7-4475-89d9-dfd446eba0d6",
	'expirationDate',
	'',
	'',
	'expirationDate',
	0,
	"ba5eda7a-def5-0000-0000-00000000000e",
	'',
	'');
INSERT INTO O_NBATTR
	VALUES ("7b30fa3b-0ff7-4475-89d9-dfd446eba0d6",
	"3aa4c78b-6981-4249-a93a-87e0e14f07b3");
INSERT INTO O_BATTR
	VALUES ("7b30fa3b-0ff7-4475-89d9-dfd446eba0d6",
	"3aa4c78b-6981-4249-a93a-87e0e14f07b3");
INSERT INTO O_ATTR
	VALUES ("7b30fa3b-0ff7-4475-89d9-dfd446eba0d6",
	"3aa4c78b-6981-4249-a93a-87e0e14f07b3",
	"00000000-0000-0000-0000-000000000000",
	'cardNumber',
	'',
	'',
	'cardNumber',
	0,
	"ba5eda7a-def5-0000-0000-000000000002",
	'',
	'');
INSERT INTO O_ID
	VALUES (2,
	"3aa4c78b-6981-4249-a93a-87e0e14f07b3");
INSERT INTO O_ID
	VALUES (1,
	"3aa4c78b-6981-4249-a93a-87e0e14f07b3");
INSERT INTO O_ID
	VALUES (0,
	"3aa4c78b-6981-4249-a93a-87e0e14f07b3");
INSERT INTO CSME_CIE
	VALUES ("3841b546-307f-44b6-9a38-bb3670f2e3fe",
	"d7547212-a6a0-454c-862b-039e031545c5",
	"3aa4c78b-6981-4249-a93a-87e0e14f07b3",
	"960454f9-cf5f-4331-88bf-8023709586b1",
	'CreditCard');
INSERT INTO PE_PE
	VALUES ("bd271967-a0a4-4bd7-9783-303111ffdc9b",
	1,
	"960454f9-cf5f-4331-88bf-8023709586b1",
	"00000000-0000-0000-0000-000000000000",
	4);
INSERT INTO O_OBJ
	VALUES ("bd271967-a0a4-4bd7-9783-303111ffdc9b",
	'Customer',
	20,
	'CUSTOMER',
	'',
	"00000000-0000-0000-0000-000000000000");
INSERT INTO O_NBATTR
	VALUES ("d7ab9c18-4a8e-4361-919f-bf2193fc4147",
	"bd271967-a0a4-4bd7-9783-303111ffdc9b");
INSERT INTO O_BATTR
	VALUES ("d7ab9c18-4a8e-4361-919f-bf2193fc4147",
	"bd271967-a0a4-4bd7-9783-303111ffdc9b");
INSERT INTO O_ATTR
	VALUES ("d7ab9c18-4a8e-4361-919f-bf2193fc4147",
	"bd271967-a0a4-4bd7-9783-303111ffdc9b",
	"dc17542e-30df-48f7-8741-c6c824345a60",
	'customerID',
	'',
	'',
	'customerID',
	0,
	"ba5eda7a-def5-0000-0000-000000000002",
	'',
	'');
INSERT INTO O_NBATTR
	VALUES ("dc17542e-30df-48f7-8741-c6c824345a60",
	"bd271967-a0a4-4bd7-9783-303111ffdc9b");
INSERT INTO O_BATTR
	VALUES ("dc17542e-30df-48f7-8741-c6c824345a60",
	"bd271967-a0a4-4bd7-9783-303111ffdc9b");
INSERT INTO O_ATTR
	VALUES ("dc17542e-30df-48f7-8741-c6c824345a60",
	"bd271967-a0a4-4bd7-9783-303111ffdc9b",
	"00000000-0000-0000-0000-000000000000",
	'name',
	'',
	'',
	'name',
	0,
	"ba5eda7a-def5-0000-0000-000000000004",
	'',
	'');
INSERT INTO O_ID
	VALUES (2,
	"bd271967-a0a4-4bd7-9783-303111ffdc9b");
INSERT INTO O_ID
	VALUES (1,
	"bd271967-a0a4-4bd7-9783-303111ffdc9b");
INSERT INTO O_ID
	VALUES (0,
	"bd271967-a0a4-4bd7-9783-303111ffdc9b");
INSERT INTO CSME_CIE
	VALUES ("b32a2fc0-30fb-45b5-a5f2-6f2c1394f916",
	"d7547212-a6a0-454c-862b-039e031545c5",
	"bd271967-a0a4-4bd7-9783-303111ffdc9b",
	"960454f9-cf5f-4331-88bf-8023709586b1",
	'Customer');
INSERT INTO PE_PE
	VALUES ("4b839513-bd70-4d73-85ed-c06b10ee091a",
	1,
	"960454f9-cf5f-4331-88bf-8023709586b1",
	"00000000-0000-0000-0000-000000000000",
	4);
INSERT INTO O_OBJ
	VALUES ("4b839513-bd70-4d73-85ed-c06b10ee091a",
	'Facility',
	3,
	'FACILITY',
	'',
	"00000000-0000-0000-0000-000000000000");
INSERT INTO O_NBATTR
	VALUES ("f68e319f-09bf-4974-af63-20ff8c0aa86d",
	"4b839513-bd70-4d73-85ed-c06b10ee091a");
INSERT INTO O_BATTR
	VALUES ("f68e319f-09bf-4974-af63-20ff8c0aa86d",
	"4b839513-bd70-4d73-85ed-c06b10ee091a");
INSERT INTO O_ATTR
	VALUES ("f68e319f-09bf-4974-af63-20ff8c0aa86d",
	"4b839513-bd70-4d73-85ed-c06b10ee091a",
	"c291b39a-a3ce-4de8-94c2-657b168ceedd",
	'checkedOut',
	'',
	'',
	'checkedOut',
	0,
	"ba5eda7a-def5-0000-0000-000000000010",
	'',
	'');
INSERT INTO O_NBATTR
	VALUES ("c291b39a-a3ce-4de8-94c2-657b168ceedd",
	"4b839513-bd70-4d73-85ed-c06b10ee091a");
INSERT INTO O_BATTR
	VALUES ("c291b39a-a3ce-4de8-94c2-657b168ceedd",
	"4b839513-bd70-4d73-85ed-c06b10ee091a");
INSERT INTO O_ATTR
	VALUES ("c291b39a-a3ce-4de8-94c2-657b168ceedd",
	"4b839513-bd70-4d73-85ed-c06b10ee091a",
	"e22cda36-25e1-4b81-aef1-d74c43020c14",
	'checkedIn',
	'',
	'',
	'checkedIn',
	0,
	"ba5eda7a-def5-0000-0000-000000000010",
	'',
	'');
INSERT INTO O_NBATTR
	VALUES ("e22cda36-25e1-4b81-aef1-d74c43020c14",
	"4b839513-bd70-4d73-85ed-c06b10ee091a");
INSERT INTO O_BATTR
	VALUES ("e22cda36-25e1-4b81-aef1-d74c43020c14",
	"4b839513-bd70-4d73-85ed-c06b10ee091a");
INSERT INTO O_ATTR
	VALUES ("e22cda36-25e1-4b81-aef1-d74c43020c14",
	"4b839513-bd70-4d73-85ed-c06b10ee091a",
	"00000000-0000-0000-0000-000000000000",
	'facilityID',
	'',
	'',
	'facilityID',
	0,
	"ba5eda7a-def5-0000-0000-000000000004",
	'',
	'');
INSERT INTO O_ID
	VALUES (2,
	"4b839513-bd70-4d73-85ed-c06b10ee091a");
INSERT INTO O_ID
	VALUES (1,
	"4b839513-bd70-4d73-85ed-c06b10ee091a");
INSERT INTO O_ID
	VALUES (0,
	"4b839513-bd70-4d73-85ed-c06b10ee091a");
INSERT INTO CSME_CIE
	VALUES ("c2629984-9128-40dc-a991-9adf8ef2c0c8",
	"d7547212-a6a0-454c-862b-039e031545c5",
	"4b839513-bd70-4d73-85ed-c06b10ee091a",
	"960454f9-cf5f-4331-88bf-8023709586b1",
	'Facility');
INSERT INTO PE_PE
	VALUES ("bb0b5c24-97a4-43d0-bb19-ce1683a93dc8",
	1,
	"960454f9-cf5f-4331-88bf-8023709586b1",
	"00000000-0000-0000-0000-000000000000",
	4);
INSERT INTO O_OBJ
	VALUES ("bb0b5c24-97a4-43d0-bb19-ce1683a93dc8",
	'FacilityGroup',
	4,
	'FACILITYGROUP',
	'',
	"00000000-0000-0000-0000-000000000000");
INSERT INTO O_NBATTR
	VALUES ("6b52b505-f421-4f29-9799-2e95cb2f7a89",
	"bb0b5c24-97a4-43d0-bb19-ce1683a93dc8");
INSERT INTO O_BATTR
	VALUES ("6b52b505-f421-4f29-9799-2e95cb2f7a89",
	"bb0b5c24-97a4-43d0-bb19-ce1683a93dc8");
INSERT INTO O_ATTR
	VALUES ("6b52b505-f421-4f29-9799-2e95cb2f7a89",
	"bb0b5c24-97a4-43d0-bb19-ce1683a93dc8",
	"00000000-0000-0000-0000-000000000000",
	'name',
	'',
	'',
	'name',
	0,
	"ba5eda7a-def5-0000-0000-000000000004",
	'',
	'');
INSERT INTO O_ID
	VALUES (2,
	"bb0b5c24-97a4-43d0-bb19-ce1683a93dc8");
INSERT INTO O_ID
	VALUES (1,
	"bb0b5c24-97a4-43d0-bb19-ce1683a93dc8");
INSERT INTO O_ID
	VALUES (0,
	"bb0b5c24-97a4-43d0-bb19-ce1683a93dc8");
INSERT INTO CSME_CIE
	VALUES ("aaa39190-9e9f-445e-bb11-ad03fd10f03e",
	"d7547212-a6a0-454c-862b-039e031545c5",
	"bb0b5c24-97a4-43d0-bb19-ce1683a93dc8",
	"960454f9-cf5f-4331-88bf-8023709586b1",
	'FacilityGroup');
INSERT INTO PE_PE
	VALUES ("bafdc953-1881-43a3-a5f1-9dcc7e2d60c3",
	1,
	"960454f9-cf5f-4331-88bf-8023709586b1",
	"00000000-0000-0000-0000-000000000000",
	4);
INSERT INTO O_OBJ
	VALUES ("bafdc953-1881-43a3-a5f1-9dcc7e2d60c3",
	'FacilityType',
	2,
	'FACILITYTYPE',
	'',
	"00000000-0000-0000-0000-000000000000");
INSERT INTO O_TFR
	VALUES ("7c6f1c17-66e4-4037-8be9-f2078ba06981",
	"bafdc953-1881-43a3-a5f1-9dcc7e2d60c3",
	'getPossibleExtras',
	'',
	"df204ffe-8ba5-4335-839a-3b03a55091e7",
	1,
	'',
	1,
	'',
	"00000000-0000-0000-0000-000000000000");
INSERT INTO ACT_OPB
	VALUES ("38a508c5-9f73-4609-ba05-19807bd6bd7e",
	"7c6f1c17-66e4-4037-8be9-f2078ba06981");
INSERT INTO ACT_ACT
	VALUES ("38a508c5-9f73-4609-ba05-19807bd6bd7e",
	'operation',
	0,
	"f8de52fc-4948-4593-aa6f-4ba0444e8c5c",
	"00000000-0000-0000-0000-000000000000",
	0,
	'FacilityType::getPossibleExtras',
	"00000000-0000-0000-0000-000000000000");
INSERT INTO ACT_BLK
	VALUES ("f8de52fc-4948-4593-aa6f-4ba0444e8c5c",
	0,
	0,
	0,
	'',
	'',
	'',
	0,
	0,
	0,
	0,
	0,
	0,
	0,
	0,
	0,
	0,
	0,
	0,
	0,
	"38a508c5-9f73-4609-ba05-19807bd6bd7e",
	"00000000-0000-0000-0000-000000000000");
INSERT INTO O_NBATTR
	VALUES ("839b61ce-d63e-49ba-a0ae-d1b0093bb680",
	"bafdc953-1881-43a3-a5f1-9dcc7e2d60c3");
INSERT INTO O_BATTR
	VALUES ("839b61ce-d63e-49ba-a0ae-d1b0093bb680",
	"bafdc953-1881-43a3-a5f1-9dcc7e2d60c3");
INSERT INTO O_ATTR
	VALUES ("839b61ce-d63e-49ba-a0ae-d1b0093bb680",
	"bafdc953-1881-43a3-a5f1-9dcc7e2d60c3",
	"00000000-0000-0000-0000-000000000000",
	'approximateArea',
	'',
	'',
	'approximateArea',
	0,
	"ba5eda7a-def5-0000-0000-000000000004",
	'',
	'');
INSERT INTO O_NBATTR
	VALUES ("c7050232-2f33-4247-8fc7-4866e3c7280d",
	"bafdc953-1881-43a3-a5f1-9dcc7e2d60c3");
INSERT INTO O_BATTR
	VALUES ("c7050232-2f33-4247-8fc7-4866e3c7280d",
	"bafdc953-1881-43a3-a5f1-9dcc7e2d60c3");
INSERT INTO O_ATTR
	VALUES ("c7050232-2f33-4247-8fc7-4866e3c7280d",
	"bafdc953-1881-43a3-a5f1-9dcc7e2d60c3",
	"839b61ce-d63e-49ba-a0ae-d1b0093bb680",
	'id',
	'',
	'',
	'id',
	0,
	"ba5eda7a-def5-0000-0000-000000000005",
	'',
	'');
INSERT INTO O_ID
	VALUES (2,
	"bafdc953-1881-43a3-a5f1-9dcc7e2d60c3");
INSERT INTO O_ID
	VALUES (1,
	"bafdc953-1881-43a3-a5f1-9dcc7e2d60c3");
INSERT INTO O_ID
	VALUES (0,
	"bafdc953-1881-43a3-a5f1-9dcc7e2d60c3");
INSERT INTO CSME_CIE
	VALUES ("c94f0389-b055-4c29-8505-5547b824b6f6",
	"d7547212-a6a0-454c-862b-039e031545c5",
	"bafdc953-1881-43a3-a5f1-9dcc7e2d60c3",
	"960454f9-cf5f-4331-88bf-8023709586b1",
	'FacilityType');
INSERT INTO PE_PE
	VALUES ("9309978f-bd81-4f9f-96e9-b124c945fbf1",
	1,
	"960454f9-cf5f-4331-88bf-8023709586b1",
	"00000000-0000-0000-0000-000000000000",
	4);
INSERT INTO O_OBJ
	VALUES ("9309978f-bd81-4f9f-96e9-b124c945fbf1",
	'Guest',
	11,
	'GUEST',
	'',
	"00000000-0000-0000-0000-000000000000");
INSERT INTO O_TFR
	VALUES ("0ad92127-a4ab-45f8-845e-1d70fa15b0c5",
	"9309978f-bd81-4f9f-96e9-b124c945fbf1",
	'setFacility',
	'',
	"ba5eda7a-def5-0000-0000-000000000001",
	1,
	'',
	1,
	'',
	"00000000-0000-0000-0000-000000000000");
INSERT INTO O_TPARM
	VALUES ("c1538823-c1f1-44b9-aaaf-e434940cf412",
	"0ad92127-a4ab-45f8-845e-1d70fa15b0c5",
	'facility',
	"bd43dc09-3be2-4ae8-806d-bedb08b1e03c",
	0,
	'',
	"00000000-0000-0000-0000-000000000000",
	'');
INSERT INTO ACT_OPB
	VALUES ("e3f5b37a-617d-4e16-90a7-9f8a88c249ac",
	"0ad92127-a4ab-45f8-845e-1d70fa15b0c5");
INSERT INTO ACT_ACT
	VALUES ("e3f5b37a-617d-4e16-90a7-9f8a88c249ac",
	'operation',
	0,
	"84ae383c-9f22-4cbd-b6da-9ecf43093f39",
	"00000000-0000-0000-0000-000000000000",
	0,
	'Guest::setFacility',
	"00000000-0000-0000-0000-000000000000");
INSERT INTO ACT_BLK
	VALUES ("84ae383c-9f22-4cbd-b6da-9ecf43093f39",
	0,
	0,
	0,
	'',
	'',
	'',
	0,
	0,
	0,
	0,
	0,
	0,
	0,
	0,
	0,
	0,
	0,
	0,
	0,
	"e3f5b37a-617d-4e16-90a7-9f8a88c249ac",
	"00000000-0000-0000-0000-000000000000");
INSERT INTO O_NBATTR
	VALUES ("d5229f3c-55dc-4032-9fbc-8fa747fca3f4",
	"9309978f-bd81-4f9f-96e9-b124c945fbf1");
INSERT INTO O_BATTR
	VALUES ("d5229f3c-55dc-4032-9fbc-8fa747fca3f4",
	"9309978f-bd81-4f9f-96e9-b124c945fbf1");
INSERT INTO O_ATTR
	VALUES ("d5229f3c-55dc-4032-9fbc-8fa747fca3f4",
	"9309978f-bd81-4f9f-96e9-b124c945fbf1",
	"999973f9-f86f-464b-89b6-b6047a3c5b15",
	'checkedOut',
	'',
	'',
	'checkedOut',
	0,
	"ba5eda7a-def5-0000-0000-000000000010",
	'',
	'');
INSERT INTO O_NBATTR
	VALUES ("999973f9-f86f-464b-89b6-b6047a3c5b15",
	"9309978f-bd81-4f9f-96e9-b124c945fbf1");
INSERT INTO O_BATTR
	VALUES ("999973f9-f86f-464b-89b6-b6047a3c5b15",
	"9309978f-bd81-4f9f-96e9-b124c945fbf1");
INSERT INTO O_ATTR
	VALUES ("999973f9-f86f-464b-89b6-b6047a3c5b15",
	"9309978f-bd81-4f9f-96e9-b124c945fbf1",
	"559211bd-fddf-44c5-9d11-96cb7183956d",
	'checkedIn',
	'',
	'',
	'checkedIn',
	0,
	"ba5eda7a-def5-0000-0000-000000000010",
	'',
	'');
INSERT INTO O_NBATTR
	VALUES ("559211bd-fddf-44c5-9d11-96cb7183956d",
	"9309978f-bd81-4f9f-96e9-b124c945fbf1");
INSERT INTO O_BATTR
	VALUES ("559211bd-fddf-44c5-9d11-96cb7183956d",
	"9309978f-bd81-4f9f-96e9-b124c945fbf1");
INSERT INTO O_ATTR
	VALUES ("559211bd-fddf-44c5-9d11-96cb7183956d",
	"9309978f-bd81-4f9f-96e9-b124c945fbf1",
	"36028530-8e9f-4cac-9d21-dc774eb26d1a",
	'age',
	'',
	'',
	'age',
	0,
	"ba5eda7a-def5-0000-0000-000000000002",
	'',
	'');
INSERT INTO O_NBATTR
	VALUES ("36028530-8e9f-4cac-9d21-dc774eb26d1a",
	"9309978f-bd81-4f9f-96e9-b124c945fbf1");
INSERT INTO O_BATTR
	VALUES ("36028530-8e9f-4cac-9d21-dc774eb26d1a",
	"9309978f-bd81-4f9f-96e9-b124c945fbf1");
INSERT INTO O_ATTR
	VALUES ("36028530-8e9f-4cac-9d21-dc774eb26d1a",
	"9309978f-bd81-4f9f-96e9-b124c945fbf1",
	"00000000-0000-0000-0000-000000000000",
	'name',
	'',
	'',
	'name',
	0,
	"ba5eda7a-def5-0000-0000-000000000004",
	'',
	'');
INSERT INTO O_ID
	VALUES (2,
	"9309978f-bd81-4f9f-96e9-b124c945fbf1");
INSERT INTO O_ID
	VALUES (1,
	"9309978f-bd81-4f9f-96e9-b124c945fbf1");
INSERT INTO O_ID
	VALUES (0,
	"9309978f-bd81-4f9f-96e9-b124c945fbf1");
INSERT INTO CSME_CIE
	VALUES ("16e4f99f-deb3-46dd-bb47-aeb10fcfd324",
	"d7547212-a6a0-454c-862b-039e031545c5",
	"9309978f-bd81-4f9f-96e9-b124c945fbf1",
	"960454f9-cf5f-4331-88bf-8023709586b1",
	'Guest');
INSERT INTO PE_PE
	VALUES ("daf3cea3-b187-4d6a-9517-f12785ae9b3a",
	1,
	"960454f9-cf5f-4331-88bf-8023709586b1",
	"00000000-0000-0000-0000-000000000000",
	4);
INSERT INTO O_OBJ
	VALUES ("daf3cea3-b187-4d6a-9517-f12785ae9b3a",
	'Hotel',
	7,
	'HOTEL',
	'',
	"00000000-0000-0000-0000-000000000000");
INSERT INTO O_TFR
	VALUES ("e805ee2f-c747-462d-bf85-43728d65e110",
	"daf3cea3-b187-4d6a-9517-f12785ae9b3a",
	'createFacilityGroup',
	'',
	"ba5eda7a-def5-0000-0000-000000000001",
	1,
	'',
	1,
	'',
	"314bfd58-83f9-4991-98e8-ce0b92f901a4");
INSERT INTO O_TPARM
	VALUES ("bb08cb75-a1ac-4076-a950-d298e9c33a1b",
	"e805ee2f-c747-462d-bf85-43728d65e110",
	'name',
	"ba5eda7a-def5-0000-0000-000000000004",
	0,
	'',
	"00000000-0000-0000-0000-000000000000",
	'');
INSERT INTO ACT_OPB
	VALUES ("e71166ca-69e1-4e76-ae35-fb551ca9ef93",
	"e805ee2f-c747-462d-bf85-43728d65e110");
INSERT INTO ACT_ACT
	VALUES ("e71166ca-69e1-4e76-ae35-fb551ca9ef93",
	'operation',
	0,
	"dc6e6344-6ae6-4508-8a99-735abd8c9165",
	"00000000-0000-0000-0000-000000000000",
	0,
	'Hotel::createFacilityGroup',
	"00000000-0000-0000-0000-000000000000");
INSERT INTO ACT_BLK
	VALUES ("dc6e6344-6ae6-4508-8a99-735abd8c9165",
	0,
	0,
	0,
	'',
	'',
	'',
	0,
	0,
	0,
	0,
	0,
	0,
	0,
	0,
	0,
	0,
	0,
	0,
	0,
	"e71166ca-69e1-4e76-ae35-fb551ca9ef93",
	"00000000-0000-0000-0000-000000000000");
INSERT INTO O_TFR
	VALUES ("314bfd58-83f9-4991-98e8-ce0b92f901a4",
	"daf3cea3-b187-4d6a-9517-f12785ae9b3a",
	'createStaff',
	'',
	"ba5eda7a-def5-0000-0000-000000000001",
	1,
	'',
	1,
	'',
	"a9d35b92-3364-4384-95f0-07b45f1a6ac2");
INSERT INTO O_TPARM
	VALUES ("fd291d23-a18f-4184-8351-7d2208f8d37f",
	"314bfd58-83f9-4991-98e8-ce0b92f901a4",
	'name',
	"ba5eda7a-def5-0000-0000-000000000004",
	0,
	'',
	"00000000-0000-0000-0000-000000000000",
	'');
INSERT INTO ACT_OPB
	VALUES ("e9506e32-a8f6-4ff4-a6b3-9c5d5abf2839",
	"314bfd58-83f9-4991-98e8-ce0b92f901a4");
INSERT INTO ACT_ACT
	VALUES ("e9506e32-a8f6-4ff4-a6b3-9c5d5abf2839",
	'operation',
	0,
	"5c200344-a6fb-4e22-85fd-8c0a2d0ca960",
	"00000000-0000-0000-0000-000000000000",
	0,
	'Hotel::createStaff',
	"00000000-0000-0000-0000-000000000000");
INSERT INTO ACT_BLK
	VALUES ("5c200344-a6fb-4e22-85fd-8c0a2d0ca960",
	0,
	0,
	0,
	'',
	'',
	'',
	0,
	0,
	0,
	0,
	0,
	0,
	0,
	0,
	0,
	0,
	0,
	0,
	0,
	"e9506e32-a8f6-4ff4-a6b3-9c5d5abf2839",
	"00000000-0000-0000-0000-000000000000");
INSERT INTO O_TFR
	VALUES ("a9d35b92-3364-4384-95f0-07b45f1a6ac2",
	"daf3cea3-b187-4d6a-9517-f12785ae9b3a",
	'createService',
	'',
	"ba5eda7a-def5-0000-0000-000000000001",
	1,
	'',
	1,
	'',
	"dcf32531-3848-47b9-921b-32e4d9282f80");
INSERT INTO O_TPARM
	VALUES ("e9957c9d-da65-489d-a71a-803e10832999",
	"a9d35b92-3364-4384-95f0-07b45f1a6ac2",
	'description',
	"ba5eda7a-def5-0000-0000-000000000004",
	0,
	'',
	"00000000-0000-0000-0000-000000000000",
	'');
INSERT INTO ACT_OPB
	VALUES ("31d94308-82e9-4b28-8f61-d86bd5009c2a",
	"a9d35b92-3364-4384-95f0-07b45f1a6ac2");
INSERT INTO ACT_ACT
	VALUES ("31d94308-82e9-4b28-8f61-d86bd5009c2a",
	'operation',
	0,
	"e641edd9-0871-4df4-a182-749bd17b0e86",
	"00000000-0000-0000-0000-000000000000",
	0,
	'Hotel::createService',
	"00000000-0000-0000-0000-000000000000");
INSERT INTO ACT_BLK
	VALUES ("e641edd9-0871-4df4-a182-749bd17b0e86",
	0,
	0,
	0,
	'',
	'',
	'',
	0,
	0,
	0,
	0,
	0,
	0,
	0,
	0,
	0,
	0,
	0,
	0,
	0,
	"31d94308-82e9-4b28-8f61-d86bd5009c2a",
	"00000000-0000-0000-0000-000000000000");
INSERT INTO O_TFR
	VALUES ("dcf32531-3848-47b9-921b-32e4d9282f80",
	"daf3cea3-b187-4d6a-9517-f12785ae9b3a",
	'createFacility',
	'',
	"ba5eda7a-def5-0000-0000-000000000001",
	1,
	'',
	1,
	'',
	"ccf03a92-529e-4e4e-9ad4-39e811fe957b");
INSERT INTO O_TPARM
	VALUES ("ee8d99a4-2851-4f34-af88-1ba65acd387e",
	"dcf32531-3848-47b9-921b-32e4d9282f80",
	'facilityID',
	"ba5eda7a-def5-0000-0000-000000000004",
	0,
	'',
	"00000000-0000-0000-0000-000000000000",
	'');
INSERT INTO ACT_OPB
	VALUES ("79ee403c-e546-43de-ac4b-8f4ce4aec1f1",
	"dcf32531-3848-47b9-921b-32e4d9282f80");
INSERT INTO ACT_ACT
	VALUES ("79ee403c-e546-43de-ac4b-8f4ce4aec1f1",
	'operation',
	0,
	"c4867821-8839-4087-8c8b-d46e5ea7e333",
	"00000000-0000-0000-0000-000000000000",
	0,
	'Hotel::createFacility',
	"00000000-0000-0000-0000-000000000000");
INSERT INTO ACT_BLK
	VALUES ("c4867821-8839-4087-8c8b-d46e5ea7e333",
	0,
	0,
	0,
	'',
	'',
	'',
	0,
	0,
	0,
	0,
	0,
	0,
	0,
	0,
	0,
	0,
	0,
	0,
	0,
	"79ee403c-e546-43de-ac4b-8f4ce4aec1f1",
	"00000000-0000-0000-0000-000000000000");
INSERT INTO O_TFR
	VALUES ("ccf03a92-529e-4e4e-9ad4-39e811fe957b",
	"daf3cea3-b187-4d6a-9517-f12785ae9b3a",
	'availableBookables',
	'',
	"df204ffe-8ba5-4335-839a-3b03a55091e7",
	1,
	'',
	1,
	'',
	"e63532ba-8f8f-46c0-9029-316eba07a309");
INSERT INTO O_TPARM
	VALUES ("80ae5404-e78a-4c3f-ae1a-c46137121f3b",
	"ccf03a92-529e-4e4e-9ad4-39e811fe957b",
	'filter',
	"ba5eda7a-def5-0000-0000-000000000002",
	0,
	'',
	"00000000-0000-0000-0000-000000000000",
	'');
INSERT INTO ACT_OPB
	VALUES ("d88f0d33-e049-45f1-85f7-b7ce1b0fccbd",
	"ccf03a92-529e-4e4e-9ad4-39e811fe957b");
INSERT INTO ACT_ACT
	VALUES ("d88f0d33-e049-45f1-85f7-b7ce1b0fccbd",
	'operation',
	0,
	"3f2aa16f-3cb0-43ad-ae05-0570d1e900ce",
	"00000000-0000-0000-0000-000000000000",
	0,
	'Hotel::availableBookables',
	"00000000-0000-0000-0000-000000000000");
INSERT INTO ACT_BLK
	VALUES ("3f2aa16f-3cb0-43ad-ae05-0570d1e900ce",
	0,
	0,
	0,
	'',
	'',
	'',
	0,
	0,
	0,
	0,
	0,
	0,
	0,
	0,
	0,
	0,
	0,
	0,
	0,
	"d88f0d33-e049-45f1-85f7-b7ce1b0fccbd",
	"00000000-0000-0000-0000-000000000000");
INSERT INTO O_TFR
	VALUES ("e63532ba-8f8f-46c0-9029-316eba07a309",
	"daf3cea3-b187-4d6a-9517-f12785ae9b3a",
	'addBooking',
	'',
	"ba5eda7a-def5-0000-0000-000000000001",
	1,
	'',
	1,
	'',
	"00000000-0000-0000-0000-000000000000");
INSERT INTO O_TPARM
	VALUES ("e87d143c-b35e-4000-9b94-7b4b3902cb9f",
	"e63532ba-8f8f-46c0-9029-316eba07a309",
	'booking',
	"433f7688-7b95-4f9c-89f1-cf076d691ab7",
	0,
	'',
	"00000000-0000-0000-0000-000000000000",
	'');
INSERT INTO ACT_OPB
	VALUES ("2e6c411d-4a28-4e21-af31-5c7df9b78de0",
	"e63532ba-8f8f-46c0-9029-316eba07a309");
INSERT INTO ACT_ACT
	VALUES ("2e6c411d-4a28-4e21-af31-5c7df9b78de0",
	'operation',
	0,
	"f5f70106-3551-400d-8564-461b7544ee68",
	"00000000-0000-0000-0000-000000000000",
	0,
	'Hotel::addBooking',
	"00000000-0000-0000-0000-000000000000");
INSERT INTO ACT_BLK
	VALUES ("f5f70106-3551-400d-8564-461b7544ee68",
	0,
	0,
	0,
	'',
	'',
	'',
	0,
	0,
	0,
	0,
	0,
	0,
	0,
	0,
	0,
	0,
	0,
	0,
	0,
	"2e6c411d-4a28-4e21-af31-5c7df9b78de0",
	"00000000-0000-0000-0000-000000000000");
INSERT INTO O_NBATTR
	VALUES ("dd0944e9-2b79-4b67-b2d3-6a3f90157086",
	"daf3cea3-b187-4d6a-9517-f12785ae9b3a");
INSERT INTO O_BATTR
	VALUES ("dd0944e9-2b79-4b67-b2d3-6a3f90157086",
	"daf3cea3-b187-4d6a-9517-f12785ae9b3a");
INSERT INTO O_ATTR
	VALUES ("dd0944e9-2b79-4b67-b2d3-6a3f90157086",
	"daf3cea3-b187-4d6a-9517-f12785ae9b3a",
	"40bf02d7-fb68-44d4-98e2-ed5237db8d14",
	'description',
	'',
	'',
	'description',
	0,
	"ba5eda7a-def5-0000-0000-000000000004",
	'',
	'');
INSERT INTO O_NBATTR
	VALUES ("40bf02d7-fb68-44d4-98e2-ed5237db8d14",
	"daf3cea3-b187-4d6a-9517-f12785ae9b3a");
INSERT INTO O_BATTR
	VALUES ("40bf02d7-fb68-44d4-98e2-ed5237db8d14",
	"daf3cea3-b187-4d6a-9517-f12785ae9b3a");
INSERT INTO O_ATTR
	VALUES ("40bf02d7-fb68-44d4-98e2-ed5237db8d14",
	"daf3cea3-b187-4d6a-9517-f12785ae9b3a",
	"00000000-0000-0000-0000-000000000000",
	'adress',
	'',
	'',
	'adress',
	0,
	"ba5eda7a-def5-0000-0000-000000000004",
	'',
	'');
INSERT INTO O_ID
	VALUES (2,
	"daf3cea3-b187-4d6a-9517-f12785ae9b3a");
INSERT INTO O_ID
	VALUES (1,
	"daf3cea3-b187-4d6a-9517-f12785ae9b3a");
INSERT INTO O_ID
	VALUES (0,
	"daf3cea3-b187-4d6a-9517-f12785ae9b3a");
INSERT INTO CSME_CIE
	VALUES ("25d17432-aa8a-490b-906f-e58a649def38",
	"d7547212-a6a0-454c-862b-039e031545c5",
	"daf3cea3-b187-4d6a-9517-f12785ae9b3a",
	"960454f9-cf5f-4331-88bf-8023709586b1",
	'Hotel');
INSERT INTO PE_PE
	VALUES ("f7fdf9fb-1710-40c4-833a-7cddef46a59a",
	1,
	"960454f9-cf5f-4331-88bf-8023709586b1",
	"00000000-0000-0000-0000-000000000000",
	4);
INSERT INTO O_OBJ
	VALUES ("f7fdf9fb-1710-40c4-833a-7cddef46a59a",
	'Invoice',
	17,
	'INVOICE',
	'',
	"00000000-0000-0000-0000-000000000000");
INSERT INTO O_NBATTR
	VALUES ("c7f83c2d-75a4-41e0-bcef-67fb46eb271f",
	"f7fdf9fb-1710-40c4-833a-7cddef46a59a");
INSERT INTO O_BATTR
	VALUES ("c7f83c2d-75a4-41e0-bcef-67fb46eb271f",
	"f7fdf9fb-1710-40c4-833a-7cddef46a59a");
INSERT INTO O_ATTR
	VALUES ("c7f83c2d-75a4-41e0-bcef-67fb46eb271f",
	"f7fdf9fb-1710-40c4-833a-7cddef46a59a",
	"00000000-0000-0000-0000-000000000000",
	'sentDate',
	'',
	'',
	'sentDate',
	0,
	"ba5eda7a-def5-0000-0000-000000000010",
	'',
	'');
INSERT INTO O_ID
	VALUES (2,
	"f7fdf9fb-1710-40c4-833a-7cddef46a59a");
INSERT INTO O_ID
	VALUES (1,
	"f7fdf9fb-1710-40c4-833a-7cddef46a59a");
INSERT INTO O_ID
	VALUES (0,
	"f7fdf9fb-1710-40c4-833a-7cddef46a59a");
INSERT INTO CSME_CIE
	VALUES ("b74167f7-285a-40bc-bf5c-a677daa1dc03",
	"d7547212-a6a0-454c-862b-039e031545c5",
	"f7fdf9fb-1710-40c4-833a-7cddef46a59a",
	"960454f9-cf5f-4331-88bf-8023709586b1",
	'Invoice');
INSERT INTO PE_PE
	VALUES ("7a1c6c92-00d7-49ac-a23b-cfb4d3362f53",
	1,
	"960454f9-cf5f-4331-88bf-8023709586b1",
	"00000000-0000-0000-0000-000000000000",
	4);
INSERT INTO O_OBJ
	VALUES ("7a1c6c92-00d7-49ac-a23b-cfb4d3362f53",
	'Package',
	6,
	'PACKAGE',
	'',
	"00000000-0000-0000-0000-000000000000");
INSERT INTO O_ID
	VALUES (2,
	"7a1c6c92-00d7-49ac-a23b-cfb4d3362f53");
INSERT INTO O_ID
	VALUES (1,
	"7a1c6c92-00d7-49ac-a23b-cfb4d3362f53");
INSERT INTO O_ID
	VALUES (0,
	"7a1c6c92-00d7-49ac-a23b-cfb4d3362f53");
INSERT INTO CSME_CIE
	VALUES ("759639a8-fae8-4e57-b0b5-a9b282c5463d",
	"d7547212-a6a0-454c-862b-039e031545c5",
	"7a1c6c92-00d7-49ac-a23b-cfb4d3362f53",
	"960454f9-cf5f-4331-88bf-8023709586b1",
	'Package');
INSERT INTO PE_PE
	VALUES ("d26e1020-b532-43cc-aba6-3b584f19f179",
	1,
	"960454f9-cf5f-4331-88bf-8023709586b1",
	"00000000-0000-0000-0000-000000000000",
	4);
INSERT INTO O_OBJ
	VALUES ("d26e1020-b532-43cc-aba6-3b584f19f179",
	'PaymentMethod',
	15,
	'PAYMENTMETHOD',
	'',
	"00000000-0000-0000-0000-000000000000");
INSERT INTO O_ID
	VALUES (2,
	"d26e1020-b532-43cc-aba6-3b584f19f179");
INSERT INTO O_ID
	VALUES (1,
	"d26e1020-b532-43cc-aba6-3b584f19f179");
INSERT INTO O_ID
	VALUES (0,
	"d26e1020-b532-43cc-aba6-3b584f19f179");
INSERT INTO CSME_CIE
	VALUES ("2bb76242-2339-4822-b6f9-9eb75b891c4f",
	"d7547212-a6a0-454c-862b-039e031545c5",
	"d26e1020-b532-43cc-aba6-3b584f19f179",
	"960454f9-cf5f-4331-88bf-8023709586b1",
	'PaymentMethod');
INSERT INTO PE_PE
	VALUES ("d4920e0c-3487-44a7-8290-60ff9ed36c4e",
	1,
	"960454f9-cf5f-4331-88bf-8023709586b1",
	"00000000-0000-0000-0000-000000000000",
	4);
INSERT INTO O_OBJ
	VALUES ("d4920e0c-3487-44a7-8290-60ff9ed36c4e",
	'Privilege',
	9,
	'PRIVILEGE',
	'',
	"00000000-0000-0000-0000-000000000000");
INSERT INTO O_ID
	VALUES (2,
	"d4920e0c-3487-44a7-8290-60ff9ed36c4e");
INSERT INTO O_ID
	VALUES (1,
	"d4920e0c-3487-44a7-8290-60ff9ed36c4e");
INSERT INTO O_ID
	VALUES (0,
	"d4920e0c-3487-44a7-8290-60ff9ed36c4e");
INSERT INTO CSME_CIE
	VALUES ("dc9c82c2-d02e-49c7-9d2e-7b85401b88cc",
	"d7547212-a6a0-454c-862b-039e031545c5",
	"d4920e0c-3487-44a7-8290-60ff9ed36c4e",
	"960454f9-cf5f-4331-88bf-8023709586b1",
	'Privilege');
INSERT INTO PE_PE
	VALUES ("1efeba6e-0315-442d-8e70-729b05561bea",
	1,
	"960454f9-cf5f-4331-88bf-8023709586b1",
	"00000000-0000-0000-0000-000000000000",
	4);
INSERT INTO O_OBJ
	VALUES ("1efeba6e-0315-442d-8e70-729b05561bea",
	'Service',
	1,
	'SERVICE',
	'',
	"00000000-0000-0000-0000-000000000000");
INSERT INTO O_NBATTR
	VALUES ("94d24ba7-e81b-4033-ab80-f5b46aa981a3",
	"1efeba6e-0315-442d-8e70-729b05561bea");
INSERT INTO O_BATTR
	VALUES ("94d24ba7-e81b-4033-ab80-f5b46aa981a3",
	"1efeba6e-0315-442d-8e70-729b05561bea");
INSERT INTO O_ATTR
	VALUES ("94d24ba7-e81b-4033-ab80-f5b46aa981a3",
	"1efeba6e-0315-442d-8e70-729b05561bea",
	"f3b73f8a-d0a1-475e-9c5a-2c0b958d674d",
	'description',
	'',
	'',
	'description',
	0,
	"ba5eda7a-def5-0000-0000-000000000004",
	'',
	'');
INSERT INTO O_NBATTR
	VALUES ("f3b73f8a-d0a1-475e-9c5a-2c0b958d674d",
	"1efeba6e-0315-442d-8e70-729b05561bea");
INSERT INTO O_BATTR
	VALUES ("f3b73f8a-d0a1-475e-9c5a-2c0b958d674d",
	"1efeba6e-0315-442d-8e70-729b05561bea");
INSERT INTO O_ATTR
	VALUES ("f3b73f8a-d0a1-475e-9c5a-2c0b958d674d",
	"1efeba6e-0315-442d-8e70-729b05561bea",
	"00000000-0000-0000-0000-000000000000",
	'independent',
	'',
	'',
	'independent',
	0,
	"ba5eda7a-def5-0000-0000-000000000001",
	'',
	'');
INSERT INTO O_ID
	VALUES (2,
	"1efeba6e-0315-442d-8e70-729b05561bea");
INSERT INTO O_ID
	VALUES (1,
	"1efeba6e-0315-442d-8e70-729b05561bea");
INSERT INTO O_ID
	VALUES (0,
	"1efeba6e-0315-442d-8e70-729b05561bea");
INSERT INTO CSME_CIE
	VALUES ("1456fab6-f45a-4a7e-ab00-f72bfe62ebb1",
	"d7547212-a6a0-454c-862b-039e031545c5",
	"1efeba6e-0315-442d-8e70-729b05561bea",
	"960454f9-cf5f-4331-88bf-8023709586b1",
	'Service');
INSERT INTO PE_PE
	VALUES ("20ba6bbe-cbf1-487f-84fe-b3855f86b898",
	1,
	"960454f9-cf5f-4331-88bf-8023709586b1",
	"00000000-0000-0000-0000-000000000000",
	4);
INSERT INTO O_OBJ
	VALUES ("20ba6bbe-cbf1-487f-84fe-b3855f86b898",
	'Staff',
	8,
	'STAFF',
	'',
	"00000000-0000-0000-0000-000000000000");
INSERT INTO O_NBATTR
	VALUES ("7f93fcbc-8a42-4885-9ff6-91ff5f717b5b",
	"20ba6bbe-cbf1-487f-84fe-b3855f86b898");
INSERT INTO O_BATTR
	VALUES ("7f93fcbc-8a42-4885-9ff6-91ff5f717b5b",
	"20ba6bbe-cbf1-487f-84fe-b3855f86b898");
INSERT INTO O_ATTR
	VALUES ("7f93fcbc-8a42-4885-9ff6-91ff5f717b5b",
	"20ba6bbe-cbf1-487f-84fe-b3855f86b898",
	"00000000-0000-0000-0000-000000000000",
	'name',
	'',
	'',
	'name',
	0,
	"ba5eda7a-def5-0000-0000-000000000004",
	'',
	'');
INSERT INTO O_ID
	VALUES (2,
	"20ba6bbe-cbf1-487f-84fe-b3855f86b898");
INSERT INTO O_ID
	VALUES (1,
	"20ba6bbe-cbf1-487f-84fe-b3855f86b898");
INSERT INTO O_ID
	VALUES (0,
	"20ba6bbe-cbf1-487f-84fe-b3855f86b898");
INSERT INTO CSME_CIE
	VALUES ("0cb6ef18-f1fe-4d22-bc23-b990ed8680e2",
	"d7547212-a6a0-454c-862b-039e031545c5",
	"20ba6bbe-cbf1-487f-84fe-b3855f86b898",
	"960454f9-cf5f-4331-88bf-8023709586b1",
	'Staff');
INSERT INTO PE_PE
	VALUES ("0968771f-8553-4274-be70-86a03e4e6267",
	1,
	"08644b1f-a992-4e52-8ec3-1f5eff4dec19",
	"00000000-0000-0000-0000-000000000000",
	2);
INSERT INTO C_C
	VALUES ("0968771f-8553-4274-be70-86a03e4e6267",
	"00000000-0000-0000-0000-000000000000",
	"00000000-0000-0000-0000-000000000000",
	'UserComponent',
	'',
	0,
	"00000000-0000-0000-0000-000000000000",
	0,
	'');
INSERT INTO C_PO
	VALUES ("187ffcd4-1a0a-4d08-9368-d7eb60024fef",
	"0968771f-8553-4274-be70-86a03e4e6267",
	'UserInterface',
	0,
	0);
INSERT INTO C_IR
	VALUES ("59710e0c-1d62-4800-a82b-b80bbaed4667",
	"708e7060-3f4e-41ab-94ce-7b712ad36251",
	"00000000-0000-0000-0000-000000000000",
	"187ffcd4-1a0a-4d08-9368-d7eb60024fef");
INSERT INTO C_R
	VALUES ("59710e0c-1d62-4800-a82b-b80bbaed4667",
	'BookingProvider',
	'',
	'Unnamed Interface',
	'UserComponent::UserInterface::BookingProvider');
INSERT INTO SPR_REP
	VALUES ("0f4f0c74-9081-4693-8692-8e7887366c52",
	"8500002a-94f3-4a61-bfa8-32f8fd7d89b4",
	"59710e0c-1d62-4800-a82b-b80bbaed4667");
INSERT INTO SPR_RS
	VALUES ("0f4f0c74-9081-4693-8692-8e7887366c52",
	'requestAvailableBookables',
	'',
	'',
	1);
INSERT INTO ACT_RSB
	VALUES ("01c6e095-5cb5-428b-98f3-94a101390e11",
	"0f4f0c74-9081-4693-8692-8e7887366c52");
INSERT INTO ACT_ACT
	VALUES ("01c6e095-5cb5-428b-98f3-94a101390e11",
	'signal',
	0,
	"fe948d7b-6a5a-4a53-9151-284209e6466e",
	"00000000-0000-0000-0000-000000000000",
	0,
	'UserInterface::BookingProvider::requestAvailableBookables',
	"00000000-0000-0000-0000-000000000000");
INSERT INTO ACT_BLK
	VALUES ("fe948d7b-6a5a-4a53-9151-284209e6466e",
	0,
	0,
	0,
	'',
	'',
	'',
	0,
	0,
	0,
	0,
	0,
	0,
	0,
	0,
	0,
	0,
	0,
	0,
	0,
	"01c6e095-5cb5-428b-98f3-94a101390e11",
	"00000000-0000-0000-0000-000000000000");
INSERT INTO SPR_REP
	VALUES ("3680a2b1-7282-4b1a-ac97-358f023efa4b",
	"54d1cfcd-e847-40b5-be88-ddf038c56595",
	"59710e0c-1d62-4800-a82b-b80bbaed4667");
INSERT INTO SPR_RS
	VALUES ("3680a2b1-7282-4b1a-ac97-358f023efa4b",
	'available',
	'',
	'',
	1);
INSERT INTO ACT_RSB
	VALUES ("e365c484-5cde-4097-9651-7f8444214b3b",
	"3680a2b1-7282-4b1a-ac97-358f023efa4b");
INSERT INTO ACT_ACT
	VALUES ("e365c484-5cde-4097-9651-7f8444214b3b",
	'signal',
	0,
	"2a16e19c-27f6-4d03-b5e0-058e6025619b",
	"00000000-0000-0000-0000-000000000000",
	0,
	'UserInterface::BookingProvider::available',
	"00000000-0000-0000-0000-000000000000");
INSERT INTO ACT_BLK
	VALUES ("2a16e19c-27f6-4d03-b5e0-058e6025619b",
	0,
	0,
	0,
	'',
	'',
	'',
	0,
	0,
	0,
	0,
	0,
	0,
	0,
	0,
	0,
	0,
	0,
	0,
	0,
	"e365c484-5cde-4097-9651-7f8444214b3b",
	"00000000-0000-0000-0000-000000000000");
INSERT INTO SPR_REP
	VALUES ("a0805044-494e-48af-9a28-d1e60266c9e8",
	"55b848f9-d68a-4698-bf86-446ac83e49f5",
	"59710e0c-1d62-4800-a82b-b80bbaed4667");
INSERT INTO SPR_RS
	VALUES ("a0805044-494e-48af-9a28-d1e60266c9e8",
	'select',
	'',
	'',
	1);
INSERT INTO ACT_RSB
	VALUES ("3bb75137-5295-4bff-88ea-360586bd7ac5",
	"a0805044-494e-48af-9a28-d1e60266c9e8");
INSERT INTO ACT_ACT
	VALUES ("3bb75137-5295-4bff-88ea-360586bd7ac5",
	'signal',
	0,
	"63ad8418-ddd3-43b8-bc48-452dd2638935",
	"00000000-0000-0000-0000-000000000000",
	0,
	'UserInterface::BookingProvider::select',
	"00000000-0000-0000-0000-000000000000");
INSERT INTO ACT_BLK
	VALUES ("63ad8418-ddd3-43b8-bc48-452dd2638935",
	0,
	0,
	0,
	'',
	'',
	'',
	0,
	0,
	0,
	0,
	0,
	0,
	0,
	0,
	0,
	0,
	0,
	0,
	0,
	"3bb75137-5295-4bff-88ea-360586bd7ac5",
	"00000000-0000-0000-0000-000000000000");
INSERT INTO SPR_REP
	VALUES ("ed1e87bc-d1d1-48c3-85ae-185abad87897",
	"10d65452-16c4-45b0-ad3e-4dec03bb99a7",
	"59710e0c-1d62-4800-a82b-b80bbaed4667");
INSERT INTO SPR_RS
	VALUES ("ed1e87bc-d1d1-48c3-85ae-185abad87897",
	'extraServices',
	'',
	'',
	1);
INSERT INTO ACT_RSB
	VALUES ("98390291-a7dc-4dc0-8e63-41528c4b1285",
	"ed1e87bc-d1d1-48c3-85ae-185abad87897");
INSERT INTO ACT_ACT
	VALUES ("98390291-a7dc-4dc0-8e63-41528c4b1285",
	'signal',
	0,
	"e46fc8a3-ff39-4138-877c-b6400512f71b",
	"00000000-0000-0000-0000-000000000000",
	0,
	'UserInterface::BookingProvider::extraServices',
	"00000000-0000-0000-0000-000000000000");
INSERT INTO ACT_BLK
	VALUES ("e46fc8a3-ff39-4138-877c-b6400512f71b",
	0,
	0,
	0,
	'',
	'',
	'',
	0,
	0,
	0,
	0,
	0,
	0,
	0,
	0,
	0,
	0,
	0,
	0,
	0,
	"98390291-a7dc-4dc0-8e63-41528c4b1285",
	"00000000-0000-0000-0000-000000000000");
INSERT INTO SPR_REP
	VALUES ("5eb199d9-39f7-4ed5-a2cb-f0983a52bfa4",
	"87ed1c56-1bee-4041-bca4-056967095bc2",
	"59710e0c-1d62-4800-a82b-b80bbaed4667");
INSERT INTO SPR_RS
	VALUES ("5eb199d9-39f7-4ed5-a2cb-f0983a52bfa4",
	'addServices',
	'',
	'',
	1);
INSERT INTO ACT_RSB
	VALUES ("51d4e03b-c8b6-49d1-b3f1-dc590eec4ada",
	"5eb199d9-39f7-4ed5-a2cb-f0983a52bfa4");
INSERT INTO ACT_ACT
	VALUES ("51d4e03b-c8b6-49d1-b3f1-dc590eec4ada",
	'signal',
	0,
	"0279b804-2b91-4d4a-9d96-348794862104",
	"00000000-0000-0000-0000-000000000000",
	0,
	'UserInterface::BookingProvider::addServices',
	"00000000-0000-0000-0000-000000000000");
INSERT INTO ACT_BLK
	VALUES ("0279b804-2b91-4d4a-9d96-348794862104",
	0,
	0,
	0,
	'',
	'',
	'',
	0,
	0,
	0,
	0,
	0,
	0,
	0,
	0,
	0,
	0,
	0,
	0,
	0,
	"51d4e03b-c8b6-49d1-b3f1-dc590eec4ada",
	"00000000-0000-0000-0000-000000000000");
INSERT INTO SPR_REP
	VALUES ("d77be9c2-0803-460b-adcd-8208f0b3441b",
	"57eb1124-4a29-48ad-8677-d8760788067a",
	"59710e0c-1d62-4800-a82b-b80bbaed4667");
INSERT INTO SPR_RS
	VALUES ("d77be9c2-0803-460b-adcd-8208f0b3441b",
	'customerDetails',
	'',
	'',
	1);
INSERT INTO ACT_RSB
	VALUES ("04298fe6-89f5-44eb-a5c9-5da94b0fdf08",
	"d77be9c2-0803-460b-adcd-8208f0b3441b");
INSERT INTO ACT_ACT
	VALUES ("04298fe6-89f5-44eb-a5c9-5da94b0fdf08",
	'signal',
	0,
	"541de29e-cb02-4ff1-b45c-c38e37737a71",
	"00000000-0000-0000-0000-000000000000",
	0,
	'UserInterface::BookingProvider::customerDetails',
	"00000000-0000-0000-0000-000000000000");
INSERT INTO ACT_BLK
	VALUES ("541de29e-cb02-4ff1-b45c-c38e37737a71",
	0,
	0,
	0,
	'',
	'',
	'',
	0,
	0,
	0,
	0,
	0,
	0,
	0,
	0,
	0,
	0,
	0,
	0,
	0,
	"04298fe6-89f5-44eb-a5c9-5da94b0fdf08",
	"00000000-0000-0000-0000-000000000000");
INSERT INTO SPR_REP
	VALUES ("ffb380d8-057b-4e3e-8756-add42a8f81d8",
	"275df8ce-b628-4b96-85dd-66e9224fc9df",
	"59710e0c-1d62-4800-a82b-b80bbaed4667");
INSERT INTO SPR_RS
	VALUES ("ffb380d8-057b-4e3e-8756-add42a8f81d8",
	'addGuest',
	'',
	'',
	1);
INSERT INTO ACT_RSB
	VALUES ("79b32e7f-a522-4a42-b77e-c867aa72a31b",
	"ffb380d8-057b-4e3e-8756-add42a8f81d8");
INSERT INTO ACT_ACT
	VALUES ("79b32e7f-a522-4a42-b77e-c867aa72a31b",
	'signal',
	0,
	"8b0f2966-9be6-4da9-9883-c2a364ad5bb1",
	"00000000-0000-0000-0000-000000000000",
	0,
	'UserInterface::BookingProvider::addGuest',
	"00000000-0000-0000-0000-000000000000");
INSERT INTO ACT_BLK
	VALUES ("8b0f2966-9be6-4da9-9883-c2a364ad5bb1",
	0,
	0,
	0,
	'',
	'',
	'',
	0,
	0,
	0,
	0,
	0,
	0,
	0,
	0,
	0,
	0,
	0,
	0,
	0,
	"79b32e7f-a522-4a42-b77e-c867aa72a31b",
	"00000000-0000-0000-0000-000000000000");
INSERT INTO SPR_REP
	VALUES ("4ff24761-bc79-4d00-be36-ac08fa93359b",
	"40e06920-24e2-499d-b1c8-deb66c9637ec",
	"59710e0c-1d62-4800-a82b-b80bbaed4667");
INSERT INTO SPR_RS
	VALUES ("4ff24761-bc79-4d00-be36-ac08fa93359b",
	'paymentInfo',
	'',
	'',
	1);
INSERT INTO ACT_RSB
	VALUES ("df11c6fd-65ca-4a6c-98ec-2db12a0d2f9b",
	"4ff24761-bc79-4d00-be36-ac08fa93359b");
INSERT INTO ACT_ACT
	VALUES ("df11c6fd-65ca-4a6c-98ec-2db12a0d2f9b",
	'signal',
	0,
	"59f7e4ae-b348-4f7c-9654-90a89f05886a",
	"00000000-0000-0000-0000-000000000000",
	0,
	'UserInterface::BookingProvider::paymentInfo',
	"00000000-0000-0000-0000-000000000000");
INSERT INTO ACT_BLK
	VALUES ("59f7e4ae-b348-4f7c-9654-90a89f05886a",
	0,
	0,
	0,
	'',
	'',
	'',
	0,
	0,
	0,
	0,
	0,
	0,
	0,
	0,
	0,
	0,
	0,
	0,
	0,
	"df11c6fd-65ca-4a6c-98ec-2db12a0d2f9b",
	"00000000-0000-0000-0000-000000000000");
INSERT INTO SPR_REP
	VALUES ("562d9bef-da1e-4569-aa14-e81b3c6803b7",
	"19aa6808-338c-45b0-8a31-1b3efb70b47a",
	"59710e0c-1d62-4800-a82b-b80bbaed4667");
INSERT INTO SPR_RS
	VALUES ("562d9bef-da1e-4569-aa14-e81b3c6803b7",
	'bookingConfirmation',
	'',
	'LOG::LogInfo(message: param.message);',
	1);
INSERT INTO ACT_RSB
	VALUES ("057a958a-76d0-447e-b60d-d5e11b0feed5",
	"562d9bef-da1e-4569-aa14-e81b3c6803b7");
INSERT INTO ACT_ACT
	VALUES ("057a958a-76d0-447e-b60d-d5e11b0feed5",
	'signal',
	0,
	"4a7c3881-ee9d-4fab-a5a0-b26e49aec7a9",
	"00000000-0000-0000-0000-000000000000",
	0,
	'UserInterface::BookingProvider::bookingConfirmation',
	"00000000-0000-0000-0000-000000000000");
INSERT INTO ACT_BLK
	VALUES ("4a7c3881-ee9d-4fab-a5a0-b26e49aec7a9",
	0,
	0,
	0,
	'LOG',
	'',
	'',
	1,
	1,
	1,
	1,
	0,
	0,
	0,
	0,
	0,
	0,
	0,
	0,
	0,
	"057a958a-76d0-447e-b60d-d5e11b0feed5",
	"00000000-0000-0000-0000-000000000000");
INSERT INTO ACT_SMT
	VALUES ("3701661a-9a8c-4ffc-b76a-ad26d7b9b1c7",
	"4a7c3881-ee9d-4fab-a5a0-b26e49aec7a9",
	"00000000-0000-0000-0000-000000000000",
	1,
	1,
	'UserInterface::BookingProvider::bookingConfirmation line: 1');
INSERT INTO ACT_BRG
	VALUES ("3701661a-9a8c-4ffc-b76a-ad26d7b9b1c7",
	"768e1cca-7403-495c-9b22-afd11a473eb6",
	1,
	6,
	1,
	1);
INSERT INTO V_VAL
	VALUES ("5e2e867f-7ce3-4ee5-a7e0-b0d931ac6383",
	0,
	0,
	1,
	29,
	35,
	0,
	0,
	0,
	0,
	"ba5eda7a-def5-0000-0000-000000000004",
	"4a7c3881-ee9d-4fab-a5a0-b26e49aec7a9");
INSERT INTO V_PVL
	VALUES ("5e2e867f-7ce3-4ee5-a7e0-b0d931ac6383",
	"00000000-0000-0000-0000-000000000000",
	"00000000-0000-0000-0000-000000000000",
	"00000000-0000-0000-0000-000000000000",
	"a3b665ee-74eb-4b72-82bd-d6fa5f6917b3");
INSERT INTO V_PAR
	VALUES ("5e2e867f-7ce3-4ee5-a7e0-b0d931ac6383",
	"3701661a-9a8c-4ffc-b76a-ad26d7b9b1c7",
	"00000000-0000-0000-0000-000000000000",
	'message',
	"00000000-0000-0000-0000-000000000000",
	1,
	14);
INSERT INTO SPR_REP
	VALUES ("a8898a52-2111-40f1-9da3-70247604dd4d",
	"89169ec3-d50b-4b5b-95fa-d95fb15c3f98",
	"59710e0c-1d62-4800-a82b-b80bbaed4667");
INSERT INTO SPR_RS
	VALUES ("a8898a52-2111-40f1-9da3-70247604dd4d",
	'errorSignal',
	'',
	'',
	1);
INSERT INTO ACT_RSB
	VALUES ("9e72a734-c476-4afa-a7d4-a1e6f9518a8d",
	"a8898a52-2111-40f1-9da3-70247604dd4d");
INSERT INTO ACT_ACT
	VALUES ("9e72a734-c476-4afa-a7d4-a1e6f9518a8d",
	'signal',
	0,
	"b0521450-0558-4675-9284-900503e2800c",
	"00000000-0000-0000-0000-000000000000",
	0,
	'UserInterface::BookingProvider::errorSignal',
	"00000000-0000-0000-0000-000000000000");
INSERT INTO ACT_BLK
	VALUES ("b0521450-0558-4675-9284-900503e2800c",
	0,
	0,
	0,
	'',
	'',
	'',
	0,
	0,
	0,
	0,
	0,
	0,
	0,
	0,
	0,
	0,
	0,
	0,
	0,
	"9e72a734-c476-4afa-a7d4-a1e6f9518a8d",
	"00000000-0000-0000-0000-000000000000");
INSERT INTO SPR_REP
	VALUES ("4008216b-9430-4340-b497-4f91f4977fec",
	"b21fad1b-897b-424f-84f8-01bdab76de49",
	"59710e0c-1d62-4800-a82b-b80bbaed4667");
INSERT INTO SPR_RS
	VALUES ("4008216b-9430-4340-b497-4f91f4977fec",
	'requestSession',
	'',
	'',
	1);
INSERT INTO ACT_RSB
	VALUES ("f18d6d2c-7a43-4bac-84ed-0f1038b38914",
	"4008216b-9430-4340-b497-4f91f4977fec");
INSERT INTO ACT_ACT
	VALUES ("f18d6d2c-7a43-4bac-84ed-0f1038b38914",
	'signal',
	0,
	"390c072f-cc4c-4469-93d4-ac6c4f5633c7",
	"00000000-0000-0000-0000-000000000000",
	0,
	'UserInterface::BookingProvider::requestSession',
	"00000000-0000-0000-0000-000000000000");
INSERT INTO ACT_BLK
	VALUES ("390c072f-cc4c-4469-93d4-ac6c4f5633c7",
	0,
	0,
	0,
	'',
	'',
	'',
	0,
	0,
	0,
	0,
	0,
	0,
	0,
	0,
	0,
	0,
	0,
	0,
	0,
	"f18d6d2c-7a43-4bac-84ed-0f1038b38914",
	"00000000-0000-0000-0000-000000000000");
INSERT INTO SPR_REP
	VALUES ("8a7f3173-16b8-460c-b31e-aab059b3d85e",
	"0a31b7ea-b3a4-43b3-bfab-1e664637468e",
	"59710e0c-1d62-4800-a82b-b80bbaed4667");
INSERT INTO SPR_RS
	VALUES ("8a7f3173-16b8-460c-b31e-aab059b3d85e",
	'session',
	'',
	'LOG::LogInfo(message: "Got session ID");
select any st from instances of SIMPLETEST;

generate SIMPLETEST2:sessionEvent to st;
',
	1);
INSERT INTO ACT_RSB
	VALUES ("1e4d3852-34da-4595-9a9c-f89867bee0b3",
	"8a7f3173-16b8-460c-b31e-aab059b3d85e");
INSERT INTO ACT_ACT
	VALUES ("1e4d3852-34da-4595-9a9c-f89867bee0b3",
	'signal',
	0,
	"1520dd73-066d-4702-b4ac-1af2f7db0185",
	"00000000-0000-0000-0000-000000000000",
	0,
	'UserInterface::BookingProvider::session',
	"00000000-0000-0000-0000-000000000000");
INSERT INTO ACT_BLK
	VALUES ("1520dd73-066d-4702-b4ac-1af2f7db0185",
	1,
	0,
	0,
	'V_VAR.Var_ID',
	'',
	'',
	4,
	1,
	2,
	33,
	0,
	0,
	0,
	0,
	0,
	0,
	0,
	0,
	0,
	"1e4d3852-34da-4595-9a9c-f89867bee0b3",
	"00000000-0000-0000-0000-000000000000");
INSERT INTO ACT_SMT
	VALUES ("b0e56cab-611c-403c-b5c8-f6c246c9d705",
	"1520dd73-066d-4702-b4ac-1af2f7db0185",
	"29d12502-78a3-45bf-bea5-c0bac8ba6b5a",
	1,
	1,
	'UserInterface::BookingProvider::session line: 1');
INSERT INTO ACT_BRG
	VALUES ("b0e56cab-611c-403c-b5c8-f6c246c9d705",
	"768e1cca-7403-495c-9b22-afd11a473eb6",
	1,
	6,
	1,
	1);
INSERT INTO ACT_SMT
	VALUES ("29d12502-78a3-45bf-bea5-c0bac8ba6b5a",
	"1520dd73-066d-4702-b4ac-1af2f7db0185",
	"e8ac86b2-77af-4052-a240-ca2e8e4183a7",
	2,
	1,
	'UserInterface::BookingProvider::session line: 2');
INSERT INTO ACT_FIO
	VALUES ("29d12502-78a3-45bf-bea5-c0bac8ba6b5a",
	"e07340b7-1fbf-4703-81e1-f7281ab5c735",
	1,
	'any',
	"6daee5e1-aefd-49c8-b18d-234fb0eb1928",
	2,
	33);
INSERT INTO ACT_SMT
	VALUES ("e8ac86b2-77af-4052-a240-ca2e8e4183a7",
	"1520dd73-066d-4702-b4ac-1af2f7db0185",
	"00000000-0000-0000-0000-000000000000",
	4,
	1,
	'UserInterface::BookingProvider::session line: 4');
INSERT INTO E_ESS
	VALUES ("e8ac86b2-77af-4052-a240-ca2e8e4183a7",
	1,
	0,
	4,
	10,
	4,
	22,
	2,
	33,
	0,
	0,
	0,
	0);
INSERT INTO E_GES
	VALUES ("e8ac86b2-77af-4052-a240-ca2e8e4183a7");
INSERT INTO E_GSME
	VALUES ("e8ac86b2-77af-4052-a240-ca2e8e4183a7",
	"2a21dfc2-cf8a-496d-91fa-d6cd6995d113");
INSERT INTO E_GEN
	VALUES ("e8ac86b2-77af-4052-a240-ca2e8e4183a7",
	"e07340b7-1fbf-4703-81e1-f7281ab5c735");
INSERT INTO V_VAL
	VALUES ("5736d0ac-8811-48c9-8cfc-e9f0bc6d98f5",
	0,
	0,
	1,
	23,
	37,
	0,
	0,
	0,
	0,
	"ba5eda7a-def5-0000-0000-000000000004",
	"1520dd73-066d-4702-b4ac-1af2f7db0185");
INSERT INTO V_LST
	VALUES ("5736d0ac-8811-48c9-8cfc-e9f0bc6d98f5",
	'Got session ID');
INSERT INTO V_PAR
	VALUES ("5736d0ac-8811-48c9-8cfc-e9f0bc6d98f5",
	"b0e56cab-611c-403c-b5c8-f6c246c9d705",
	"00000000-0000-0000-0000-000000000000",
	'message',
	"00000000-0000-0000-0000-000000000000",
	1,
	14);
INSERT INTO V_VAR
	VALUES ("e07340b7-1fbf-4703-81e1-f7281ab5c735",
	"1520dd73-066d-4702-b4ac-1af2f7db0185",
	'st',
	1,
	"9db8c033-ff94-41f2-bd5c-36e5cdae0e4b");
INSERT INTO V_INT
	VALUES ("e07340b7-1fbf-4703-81e1-f7281ab5c735",
	0,
	"6daee5e1-aefd-49c8-b18d-234fb0eb1928");
INSERT INTO V_LOC
	VALUES ("d814c1fe-ffcf-4f41-a66a-40b05ca4359c",
	2,
	12,
	13,
	"e07340b7-1fbf-4703-81e1-f7281ab5c735");
INSERT INTO V_LOC
	VALUES ("4c8f88bf-ef5b-4da8-ab57-e0d580e6ec0c",
	4,
	38,
	39,
	"e07340b7-1fbf-4703-81e1-f7281ab5c735");
INSERT INTO PE_PE
	VALUES ("dcd45889-1e8f-44ce-a0ac-90e67ced68c3",
	1,
	"00000000-0000-0000-0000-000000000000",
	"0968771f-8553-4274-be70-86a03e4e6267",
	7);
INSERT INTO EP_PKG
	VALUES ("dcd45889-1e8f-44ce-a0ac-90e67ced68c3",
	"00000000-0000-0000-0000-000000000000",
	"77552e13-265a-4a67-beca-bb6af5f15d0b",
	'TestCases',
	'',
	0);
INSERT INTO PE_PE
	VALUES ("9db8c033-ff94-41f2-bd5c-36e5cdae0e4b",
	1,
	"dcd45889-1e8f-44ce-a0ac-90e67ced68c3",
	"00000000-0000-0000-0000-000000000000",
	3);
INSERT INTO S_DT
	VALUES ("9db8c033-ff94-41f2-bd5c-36e5cdae0e4b",
	"00000000-0000-0000-0000-000000000000",
	'inst_ref<SimpleTest>',
	'',
	'');
INSERT INTO S_IRDT
	VALUES ("9db8c033-ff94-41f2-bd5c-36e5cdae0e4b",
	0,
	"6daee5e1-aefd-49c8-b18d-234fb0eb1928");
INSERT INTO PE_PE
	VALUES ("3b6ab3cd-ea6e-4950-b3b5-4414cd4a5d43",
	1,
	"dcd45889-1e8f-44ce-a0ac-90e67ced68c3",
	"00000000-0000-0000-0000-000000000000",
	3);
INSERT INTO S_DT
	VALUES ("3b6ab3cd-ea6e-4950-b3b5-4414cd4a5d43",
	"00000000-0000-0000-0000-000000000000",
	'inst_ref_set<SimpleTest>',
	'',
	'');
INSERT INTO S_IRDT
	VALUES ("3b6ab3cd-ea6e-4950-b3b5-4414cd4a5d43",
	1,
	"6daee5e1-aefd-49c8-b18d-234fb0eb1928");
INSERT INTO PE_PE
	VALUES ("68467367-5409-4c38-b4e4-909abfbab8a5",
	1,
	"dcd45889-1e8f-44ce-a0ac-90e67ced68c3",
	"00000000-0000-0000-0000-000000000000",
	1);
INSERT INTO S_SYNC
	VALUES ("68467367-5409-4c38-b4e4-909abfbab8a5",
	"00000000-0000-0000-0000-000000000000",
	'startSimpleTest',
	'',
	'LOG::LogInfo(message: "Starting simpleTest ;");
create object instance st of SIMPLETEST;
generate SIMPLETEST1:start to st;',
	"ba5eda7a-def5-0000-0000-000000000000",
	1,
	'');
INSERT INTO ACT_FNB
	VALUES ("06a1172f-5ed2-4b19-85df-211ff5e3ccc8",
	"68467367-5409-4c38-b4e4-909abfbab8a5");
INSERT INTO ACT_ACT
	VALUES ("06a1172f-5ed2-4b19-85df-211ff5e3ccc8",
	'function',
	0,
	"0167e3cb-df77-48ad-9311-32356a473b10",
	"00000000-0000-0000-0000-000000000000",
	0,
	'startSimpleTest',
	"00000000-0000-0000-0000-000000000000");
INSERT INTO ACT_BLK
	VALUES ("0167e3cb-df77-48ad-9311-32356a473b10",
	0,
	0,
	0,
	'V_VAR.Var_ID',
	'',
	'',
	3,
	1,
	2,
	30,
	0,
	0,
	0,
	0,
	0,
	0,
	0,
	0,
	0,
	"06a1172f-5ed2-4b19-85df-211ff5e3ccc8",
	"00000000-0000-0000-0000-000000000000");
INSERT INTO ACT_SMT
	VALUES ("afc85261-83df-4659-90cb-449686caca7c",
	"0167e3cb-df77-48ad-9311-32356a473b10",
	"64d25b8e-50c8-4ea4-81c0-35d95d685cb3",
	1,
	1,
	'startSimpleTest line: 1');
INSERT INTO ACT_BRG
	VALUES ("afc85261-83df-4659-90cb-449686caca7c",
	"768e1cca-7403-495c-9b22-afd11a473eb6",
	1,
	6,
	1,
	1);
INSERT INTO ACT_SMT
	VALUES ("64d25b8e-50c8-4ea4-81c0-35d95d685cb3",
	"0167e3cb-df77-48ad-9311-32356a473b10",
	"fc59906b-1136-4b64-9339-98e0e0eb1078",
	2,
	1,
	'startSimpleTest line: 2');
INSERT INTO ACT_CR
	VALUES ("64d25b8e-50c8-4ea4-81c0-35d95d685cb3",
	"25fe2ba4-3262-4838-8e08-24594c504b16",
	1,
	"6daee5e1-aefd-49c8-b18d-234fb0eb1928",
	2,
	30);
INSERT INTO ACT_SMT
	VALUES ("fc59906b-1136-4b64-9339-98e0e0eb1078",
	"0167e3cb-df77-48ad-9311-32356a473b10",
	"00000000-0000-0000-0000-000000000000",
	3,
	1,
	'startSimpleTest line: 3');
INSERT INTO E_ESS
	VALUES ("fc59906b-1136-4b64-9339-98e0e0eb1078",
	1,
	0,
	3,
	10,
	3,
	22,
	2,
	30,
	0,
	0,
	0,
	0);
INSERT INTO E_GES
	VALUES ("fc59906b-1136-4b64-9339-98e0e0eb1078");
INSERT INTO E_GSME
	VALUES ("fc59906b-1136-4b64-9339-98e0e0eb1078",
	"571ae000-303e-4af6-9350-7f3c94749e60");
INSERT INTO E_GEN
	VALUES ("fc59906b-1136-4b64-9339-98e0e0eb1078",
	"25fe2ba4-3262-4838-8e08-24594c504b16");
INSERT INTO V_VAL
	VALUES ("477c1bef-be3b-4cc5-93aa-93ba3a28bc74",
	0,
	0,
	1,
	23,
	44,
	0,
	0,
	0,
	0,
	"ba5eda7a-def5-0000-0000-000000000004",
	"0167e3cb-df77-48ad-9311-32356a473b10");
INSERT INTO V_LST
	VALUES ("477c1bef-be3b-4cc5-93aa-93ba3a28bc74",
	'Starting simpleTest ;');
INSERT INTO V_PAR
	VALUES ("477c1bef-be3b-4cc5-93aa-93ba3a28bc74",
	"afc85261-83df-4659-90cb-449686caca7c",
	"00000000-0000-0000-0000-000000000000",
	'message',
	"00000000-0000-0000-0000-000000000000",
	1,
	14);
INSERT INTO V_VAR
	VALUES ("25fe2ba4-3262-4838-8e08-24594c504b16",
	"0167e3cb-df77-48ad-9311-32356a473b10",
	'st',
	1,
	"9db8c033-ff94-41f2-bd5c-36e5cdae0e4b");
INSERT INTO V_INT
	VALUES ("25fe2ba4-3262-4838-8e08-24594c504b16",
	0,
	"6daee5e1-aefd-49c8-b18d-234fb0eb1928");
INSERT INTO V_LOC
	VALUES ("25c2e344-7f2d-4f09-9dcd-ac493fdf5351",
	2,
	24,
	25,
	"25fe2ba4-3262-4838-8e08-24594c504b16");
INSERT INTO V_LOC
	VALUES ("273a5620-af41-4a73-8b7a-f3526dc1cf2f",
	3,
	31,
	32,
	"25fe2ba4-3262-4838-8e08-24594c504b16");
INSERT INTO PE_PE
	VALUES ("6daee5e1-aefd-49c8-b18d-234fb0eb1928",
	1,
	"dcd45889-1e8f-44ce-a0ac-90e67ced68c3",
	"00000000-0000-0000-0000-000000000000",
	4);
INSERT INTO O_OBJ
	VALUES ("6daee5e1-aefd-49c8-b18d-234fb0eb1928",
	'SimpleTest',
	1,
	'SIMPLETEST',
	'',
	"00000000-0000-0000-0000-000000000000");
INSERT INTO O_NBATTR
	VALUES ("fa000d2e-0253-4293-bd82-1e0913c0904f",
	"6daee5e1-aefd-49c8-b18d-234fb0eb1928");
INSERT INTO O_BATTR
	VALUES ("fa000d2e-0253-4293-bd82-1e0913c0904f",
	"6daee5e1-aefd-49c8-b18d-234fb0eb1928");
INSERT INTO O_ATTR
	VALUES ("fa000d2e-0253-4293-bd82-1e0913c0904f",
	"6daee5e1-aefd-49c8-b18d-234fb0eb1928",
	"00000000-0000-0000-0000-000000000000",
	'current_state',
	'',
	'',
	'current_state',
	0,
	"ba5eda7a-def5-0000-0000-000000000006",
	'',
	'');
INSERT INTO O_ID
	VALUES (0,
	"6daee5e1-aefd-49c8-b18d-234fb0eb1928");
INSERT INTO O_ID
	VALUES (1,
	"6daee5e1-aefd-49c8-b18d-234fb0eb1928");
INSERT INTO O_ID
	VALUES (2,
	"6daee5e1-aefd-49c8-b18d-234fb0eb1928");
INSERT INTO SM_ISM
	VALUES ("ff73a57e-de54-43da-89b9-7fc18e7e85a5",
	"6daee5e1-aefd-49c8-b18d-234fb0eb1928");
INSERT INTO SM_SM
	VALUES ("ff73a57e-de54-43da-89b9-7fc18e7e85a5",
	'',
	0);
INSERT INTO SM_MOORE
	VALUES ("ff73a57e-de54-43da-89b9-7fc18e7e85a5");
INSERT INTO SM_LEVT
	VALUES ("571ae000-303e-4af6-9350-7f3c94749e60",
	"ff73a57e-de54-43da-89b9-7fc18e7e85a5",
	"00000000-0000-0000-0000-000000000000");
INSERT INTO SM_SEVT
	VALUES ("571ae000-303e-4af6-9350-7f3c94749e60",
	"ff73a57e-de54-43da-89b9-7fc18e7e85a5",
	"00000000-0000-0000-0000-000000000000");
INSERT INTO SM_EVT
	VALUES ("571ae000-303e-4af6-9350-7f3c94749e60",
	"ff73a57e-de54-43da-89b9-7fc18e7e85a5",
	"00000000-0000-0000-0000-000000000000",
	1,
	'start',
	0,
	'',
	'SIMPLETEST1',
	'');
INSERT INTO SM_LEVT
	VALUES ("2a21dfc2-cf8a-496d-91fa-d6cd6995d113",
	"ff73a57e-de54-43da-89b9-7fc18e7e85a5",
	"00000000-0000-0000-0000-000000000000");
INSERT INTO SM_SEVT
	VALUES ("2a21dfc2-cf8a-496d-91fa-d6cd6995d113",
	"ff73a57e-de54-43da-89b9-7fc18e7e85a5",
	"00000000-0000-0000-0000-000000000000");
INSERT INTO SM_EVT
	VALUES ("2a21dfc2-cf8a-496d-91fa-d6cd6995d113",
	"ff73a57e-de54-43da-89b9-7fc18e7e85a5",
	"00000000-0000-0000-0000-000000000000",
	2,
	'sessionEvent',
	0,
	'',
	'SIMPLETEST2',
	'');
INSERT INTO SM_STATE
	VALUES ("ff3aa0df-09b3-4d91-b2a7-212ccf415d16",
	"ff73a57e-de54-43da-89b9-7fc18e7e85a5",
	"00000000-0000-0000-0000-000000000000",
	'entryPoint',
	1,
	0);
INSERT INTO SM_SEME
	VALUES ("ff3aa0df-09b3-4d91-b2a7-212ccf415d16",
	"571ae000-303e-4af6-9350-7f3c94749e60",
	"ff73a57e-de54-43da-89b9-7fc18e7e85a5",
	"00000000-0000-0000-0000-000000000000");
INSERT INTO SM_CH
	VALUES ("ff3aa0df-09b3-4d91-b2a7-212ccf415d16",
	"2a21dfc2-cf8a-496d-91fa-d6cd6995d113",
	"ff73a57e-de54-43da-89b9-7fc18e7e85a5",
	"00000000-0000-0000-0000-000000000000",
	'');
INSERT INTO SM_SEME
	VALUES ("ff3aa0df-09b3-4d91-b2a7-212ccf415d16",
	"2a21dfc2-cf8a-496d-91fa-d6cd6995d113",
	"ff73a57e-de54-43da-89b9-7fc18e7e85a5",
	"00000000-0000-0000-0000-000000000000");
INSERT INTO SM_MOAH
	VALUES ("cb212bf5-d2bb-45da-8e27-c663ec05029f",
	"ff73a57e-de54-43da-89b9-7fc18e7e85a5",
	"ff3aa0df-09b3-4d91-b2a7-212ccf415d16");
INSERT INTO SM_AH
	VALUES ("cb212bf5-d2bb-45da-8e27-c663ec05029f",
	"ff73a57e-de54-43da-89b9-7fc18e7e85a5");
INSERT INTO SM_ACT
	VALUES ("cb212bf5-d2bb-45da-8e27-c663ec05029f",
	"ff73a57e-de54-43da-89b9-7fc18e7e85a5",
	1,
	'LOG::LogInfo(message: "Starting simple test... woopido");
',
	'');
INSERT INTO ACT_SAB
	VALUES ("f27a9b45-53ec-4dba-b3fa-602cca90650f",
	"ff73a57e-de54-43da-89b9-7fc18e7e85a5",
	"cb212bf5-d2bb-45da-8e27-c663ec05029f");
INSERT INTO ACT_ACT
	VALUES ("f27a9b45-53ec-4dba-b3fa-602cca90650f",
	'state',
	0,
	"70769507-e3ca-4699-8d16-ca02db00bceb",
	"00000000-0000-0000-0000-000000000000",
	0,
	'SimpleTest::entryPoint',
	"00000000-0000-0000-0000-000000000000");
INSERT INTO ACT_BLK
	VALUES ("70769507-e3ca-4699-8d16-ca02db00bceb",
	0,
	0,
	0,
	'LOG',
	'',
	'',
	1,
	1,
	1,
	1,
	0,
	0,
	0,
	0,
	0,
	0,
	0,
	0,
	0,
	"f27a9b45-53ec-4dba-b3fa-602cca90650f",
	"00000000-0000-0000-0000-000000000000");
INSERT INTO ACT_SMT
	VALUES ("a6843a6a-5d1d-4073-b51b-1170272f55e8",
	"70769507-e3ca-4699-8d16-ca02db00bceb",
	"00000000-0000-0000-0000-000000000000",
	1,
	1,
	'SimpleTest::entryPoint line: 1');
INSERT INTO ACT_BRG
	VALUES ("a6843a6a-5d1d-4073-b51b-1170272f55e8",
	"768e1cca-7403-495c-9b22-afd11a473eb6",
	1,
	6,
	1,
	1);
INSERT INTO V_VAL
	VALUES ("67addbb1-4a09-4c3d-a19b-29fd9a997026",
	0,
	0,
	1,
	23,
	54,
	0,
	0,
	0,
	0,
	"ba5eda7a-def5-0000-0000-000000000004",
	"70769507-e3ca-4699-8d16-ca02db00bceb");
INSERT INTO V_LST
	VALUES ("67addbb1-4a09-4c3d-a19b-29fd9a997026",
	'Starting simple test... woopido');
INSERT INTO V_PAR
	VALUES ("67addbb1-4a09-4c3d-a19b-29fd9a997026",
	"a6843a6a-5d1d-4073-b51b-1170272f55e8",
	"00000000-0000-0000-0000-000000000000",
	'message',
	"00000000-0000-0000-0000-000000000000",
	1,
	14);
INSERT INTO SM_STATE
	VALUES ("69ed6288-8a7a-4a78-8509-c5afa7b80900",
	"ff73a57e-de54-43da-89b9-7fc18e7e85a5",
	"00000000-0000-0000-0000-000000000000",
	'requestSession',
	2,
	0);
INSERT INTO SM_CH
	VALUES ("69ed6288-8a7a-4a78-8509-c5afa7b80900",
	"571ae000-303e-4af6-9350-7f3c94749e60",
	"ff73a57e-de54-43da-89b9-7fc18e7e85a5",
	"00000000-0000-0000-0000-000000000000",
	'');
INSERT INTO SM_SEME
	VALUES ("69ed6288-8a7a-4a78-8509-c5afa7b80900",
	"571ae000-303e-4af6-9350-7f3c94749e60",
	"ff73a57e-de54-43da-89b9-7fc18e7e85a5",
	"00000000-0000-0000-0000-000000000000");
INSERT INTO SM_SEME
	VALUES ("69ed6288-8a7a-4a78-8509-c5afa7b80900",
	"2a21dfc2-cf8a-496d-91fa-d6cd6995d113",
	"ff73a57e-de54-43da-89b9-7fc18e7e85a5",
	"00000000-0000-0000-0000-000000000000");
INSERT INTO SM_MOAH
	VALUES ("7bfddb0f-c3e6-4837-b6e1-2f61082ec5e2",
	"ff73a57e-de54-43da-89b9-7fc18e7e85a5",
	"69ed6288-8a7a-4a78-8509-c5afa7b80900");
INSERT INTO SM_AH
	VALUES ("7bfddb0f-c3e6-4837-b6e1-2f61082ec5e2",
	"ff73a57e-de54-43da-89b9-7fc18e7e85a5");
INSERT INTO SM_ACT
	VALUES ("7bfddb0f-c3e6-4837-b6e1-2f61082ec5e2",
	"ff73a57e-de54-43da-89b9-7fc18e7e85a5",
	1,
	'LOG::LogInfo(message: "Starting simple test... requesting session");
send BookingProvider::requestSession();',
	'');
INSERT INTO ACT_SAB
	VALUES ("bbbb9d3b-62b5-4244-acdb-e0bf7417468e",
	"ff73a57e-de54-43da-89b9-7fc18e7e85a5",
	"7bfddb0f-c3e6-4837-b6e1-2f61082ec5e2");
INSERT INTO ACT_ACT
	VALUES ("bbbb9d3b-62b5-4244-acdb-e0bf7417468e",
	'state',
	0,
	"0c0232d4-31a7-4409-a41f-e9dad8ecec34",
	"00000000-0000-0000-0000-000000000000",
	0,
	'SimpleTest::requestSession',
	"00000000-0000-0000-0000-000000000000");
INSERT INTO ACT_BLK
	VALUES ("0c0232d4-31a7-4409-a41f-e9dad8ecec34",
	0,
	0,
	0,
	'BookingProvider',
	'',
	'',
	2,
	1,
	2,
	6,
	0,
	0,
	0,
	0,
	0,
	0,
	0,
	0,
	0,
	"bbbb9d3b-62b5-4244-acdb-e0bf7417468e",
	"00000000-0000-0000-0000-000000000000");
INSERT INTO ACT_SMT
	VALUES ("13862175-19ba-4723-8c95-4c2b744ca76d",
	"0c0232d4-31a7-4409-a41f-e9dad8ecec34",
	"76fa7aab-f3e4-4e70-bc9b-0d9fe63a99c5",
	1,
	1,
	'SimpleTest::requestSession line: 1');
INSERT INTO ACT_BRG
	VALUES ("13862175-19ba-4723-8c95-4c2b744ca76d",
	"768e1cca-7403-495c-9b22-afd11a473eb6",
	1,
	6,
	1,
	1);
INSERT INTO ACT_SMT
	VALUES ("76fa7aab-f3e4-4e70-bc9b-0d9fe63a99c5",
	"0c0232d4-31a7-4409-a41f-e9dad8ecec34",
	"00000000-0000-0000-0000-000000000000",
	2,
	1,
	'SimpleTest::requestSession line: 2');
INSERT INTO ACT_SGN
	VALUES ("76fa7aab-f3e4-4e70-bc9b-0d9fe63a99c5",
	2,
	23,
	2,
	6,
	"00000000-0000-0000-0000-000000000000",
	"4008216b-9430-4340-b497-4f91f4977fec",
	"00000000-0000-0000-0000-000000000000");
INSERT INTO V_VAL
	VALUES ("bcb09add-29db-4e9e-8db5-3558a48831f6",
	0,
	0,
	1,
	23,
	65,
	0,
	0,
	0,
	0,
	"ba5eda7a-def5-0000-0000-000000000004",
	"0c0232d4-31a7-4409-a41f-e9dad8ecec34");
INSERT INTO V_LST
	VALUES ("bcb09add-29db-4e9e-8db5-3558a48831f6",
	'Starting simple test... requesting session');
INSERT INTO V_PAR
	VALUES ("bcb09add-29db-4e9e-8db5-3558a48831f6",
	"13862175-19ba-4723-8c95-4c2b744ca76d",
	"00000000-0000-0000-0000-000000000000",
	'message',
	"00000000-0000-0000-0000-000000000000",
	1,
	14);
INSERT INTO SM_STATE
	VALUES ("8fac4aec-97cb-4a48-8f6e-ef08889c723a",
	"ff73a57e-de54-43da-89b9-7fc18e7e85a5",
	"00000000-0000-0000-0000-000000000000",
	'requestAvailableBookables',
	3,
	0);
INSERT INTO SM_CH
	VALUES ("8fac4aec-97cb-4a48-8f6e-ef08889c723a",
	"571ae000-303e-4af6-9350-7f3c94749e60",
	"ff73a57e-de54-43da-89b9-7fc18e7e85a5",
	"00000000-0000-0000-0000-000000000000",
	'');
INSERT INTO SM_SEME
	VALUES ("8fac4aec-97cb-4a48-8f6e-ef08889c723a",
	"571ae000-303e-4af6-9350-7f3c94749e60",
	"ff73a57e-de54-43da-89b9-7fc18e7e85a5",
	"00000000-0000-0000-0000-000000000000");
INSERT INTO SM_CH
	VALUES ("8fac4aec-97cb-4a48-8f6e-ef08889c723a",
	"2a21dfc2-cf8a-496d-91fa-d6cd6995d113",
	"ff73a57e-de54-43da-89b9-7fc18e7e85a5",
	"00000000-0000-0000-0000-000000000000",
	'');
INSERT INTO SM_SEME
	VALUES ("8fac4aec-97cb-4a48-8f6e-ef08889c723a",
	"2a21dfc2-cf8a-496d-91fa-d6cd6995d113",
	"ff73a57e-de54-43da-89b9-7fc18e7e85a5",
	"00000000-0000-0000-0000-000000000000");
INSERT INTO SM_MOAH
	VALUES ("e12e3fe8-5c7c-4fbf-8611-5a11885ce338",
	"ff73a57e-de54-43da-89b9-7fc18e7e85a5",
	"8fac4aec-97cb-4a48-8f6e-ef08889c723a");
INSERT INTO SM_AH
	VALUES ("e12e3fe8-5c7c-4fbf-8611-5a11885ce338",
	"ff73a57e-de54-43da-89b9-7fc18e7e85a5");
INSERT INTO SM_ACT
	VALUES ("e12e3fe8-5c7c-4fbf-8611-5a11885ce338",
	"ff73a57e-de54-43da-89b9-7fc18e7e85a5",
	1,
	'LOG::LogInfo(message: "Session recieved");',
	'');
INSERT INTO ACT_SAB
	VALUES ("1cfb3206-1bc7-421f-9ffb-c37d4b06aca2",
	"ff73a57e-de54-43da-89b9-7fc18e7e85a5",
	"e12e3fe8-5c7c-4fbf-8611-5a11885ce338");
INSERT INTO ACT_ACT
	VALUES ("1cfb3206-1bc7-421f-9ffb-c37d4b06aca2",
	'state',
	0,
	"107fec23-90d6-4cd1-8d40-3f5587683ac3",
	"00000000-0000-0000-0000-000000000000",
	0,
	'SimpleTest::requestAvailableBookables',
	"00000000-0000-0000-0000-000000000000");
INSERT INTO ACT_BLK
	VALUES ("107fec23-90d6-4cd1-8d40-3f5587683ac3",
	0,
	0,
	0,
	'LOG',
	'',
	'',
	1,
	1,
	1,
	1,
	0,
	0,
	0,
	0,
	0,
	0,
	0,
	0,
	0,
	"1cfb3206-1bc7-421f-9ffb-c37d4b06aca2",
	"00000000-0000-0000-0000-000000000000");
INSERT INTO ACT_SMT
	VALUES ("a4288ec0-2e1b-47c0-a5e1-0a2a18389cbe",
	"107fec23-90d6-4cd1-8d40-3f5587683ac3",
	"00000000-0000-0000-0000-000000000000",
	1,
	1,
	'SimpleTest::requestAvailableBookables line: 1');
INSERT INTO ACT_BRG
	VALUES ("a4288ec0-2e1b-47c0-a5e1-0a2a18389cbe",
	"768e1cca-7403-495c-9b22-afd11a473eb6",
	1,
	6,
	1,
	1);
INSERT INTO V_VAL
	VALUES ("53772522-6085-4fdb-8e56-1ef3510fbb7a",
	0,
	0,
	1,
	23,
	39,
	0,
	0,
	0,
	0,
	"ba5eda7a-def5-0000-0000-000000000004",
	"107fec23-90d6-4cd1-8d40-3f5587683ac3");
INSERT INTO V_LST
	VALUES ("53772522-6085-4fdb-8e56-1ef3510fbb7a",
	'Session recieved');
INSERT INTO V_PAR
	VALUES ("53772522-6085-4fdb-8e56-1ef3510fbb7a",
	"a4288ec0-2e1b-47c0-a5e1-0a2a18389cbe",
	"00000000-0000-0000-0000-000000000000",
	'message',
	"00000000-0000-0000-0000-000000000000",
	1,
	14);
INSERT INTO SM_CRTXN
	VALUES ("5d4c75a5-ca8e-4a22-a325-1e2fb4b2bd0f",
	"ff73a57e-de54-43da-89b9-7fc18e7e85a5",
	"00000000-0000-0000-0000-000000000000",
	"00000000-0000-0000-0000-000000000000");
INSERT INTO SM_TAH
	VALUES ("85bb9e42-b91b-4e88-b799-f796536b3d92",
	"ff73a57e-de54-43da-89b9-7fc18e7e85a5",
	"5d4c75a5-ca8e-4a22-a325-1e2fb4b2bd0f");
INSERT INTO SM_AH
	VALUES ("85bb9e42-b91b-4e88-b799-f796536b3d92",
	"ff73a57e-de54-43da-89b9-7fc18e7e85a5");
INSERT INTO SM_ACT
	VALUES ("85bb9e42-b91b-4e88-b799-f796536b3d92",
	"ff73a57e-de54-43da-89b9-7fc18e7e85a5",
	1,
	'',
	'');
INSERT INTO ACT_TAB
	VALUES ("bde9a409-fb4e-419e-b60c-6c97cf7fa656",
	"ff73a57e-de54-43da-89b9-7fc18e7e85a5",
	"85bb9e42-b91b-4e88-b799-f796536b3d92");
INSERT INTO ACT_ACT
	VALUES ("bde9a409-fb4e-419e-b60c-6c97cf7fa656",
	'transition',
	0,
	"90df3881-b2a4-43a4-b4d2-95c980547be7",
	"00000000-0000-0000-0000-000000000000",
	0,
	'No Event Assigned',
	"00000000-0000-0000-0000-000000000000");
INSERT INTO ACT_BLK
	VALUES ("90df3881-b2a4-43a4-b4d2-95c980547be7",
	0,
	0,
	0,
	'',
	'',
	'',
	0,
	0,
	0,
	0,
	0,
	0,
	0,
	0,
	0,
	0,
	0,
	0,
	0,
	"bde9a409-fb4e-419e-b60c-6c97cf7fa656",
	"00000000-0000-0000-0000-000000000000");
INSERT INTO SM_TXN
	VALUES ("5d4c75a5-ca8e-4a22-a325-1e2fb4b2bd0f",
	"ff73a57e-de54-43da-89b9-7fc18e7e85a5",
	"ff3aa0df-09b3-4d91-b2a7-212ccf415d16",
	"00000000-0000-0000-0000-000000000000");
INSERT INTO SM_NSTXN
	VALUES ("37a78df7-872d-4fbf-908e-618445b592ba",
	"ff73a57e-de54-43da-89b9-7fc18e7e85a5",
	"ff3aa0df-09b3-4d91-b2a7-212ccf415d16",
	"571ae000-303e-4af6-9350-7f3c94749e60",
	"00000000-0000-0000-0000-000000000000");
INSERT INTO SM_TAH
	VALUES ("aab67572-8ef9-43c5-9aac-3d4b755821f4",
	"ff73a57e-de54-43da-89b9-7fc18e7e85a5",
	"37a78df7-872d-4fbf-908e-618445b592ba");
INSERT INTO SM_AH
	VALUES ("aab67572-8ef9-43c5-9aac-3d4b755821f4",
	"ff73a57e-de54-43da-89b9-7fc18e7e85a5");
INSERT INTO SM_ACT
	VALUES ("aab67572-8ef9-43c5-9aac-3d4b755821f4",
	"ff73a57e-de54-43da-89b9-7fc18e7e85a5",
	1,
	'',
	'');
INSERT INTO ACT_TAB
	VALUES ("646b7b59-9f95-4683-a529-318d2a53f631",
	"ff73a57e-de54-43da-89b9-7fc18e7e85a5",
	"aab67572-8ef9-43c5-9aac-3d4b755821f4");
INSERT INTO ACT_ACT
	VALUES ("646b7b59-9f95-4683-a529-318d2a53f631",
	'transition',
	0,
	"7d2a2dba-3f0a-42c3-a3df-d7f4855621c4",
	"00000000-0000-0000-0000-000000000000",
	0,
	'SIMPLETEST1: start',
	"00000000-0000-0000-0000-000000000000");
INSERT INTO ACT_BLK
	VALUES ("7d2a2dba-3f0a-42c3-a3df-d7f4855621c4",
	0,
	0,
	0,
	'',
	'',
	'',
	0,
	0,
	0,
	0,
	0,
	0,
	0,
	0,
	0,
	0,
	0,
	0,
	0,
	"646b7b59-9f95-4683-a529-318d2a53f631",
	"00000000-0000-0000-0000-000000000000");
INSERT INTO SM_TXN
	VALUES ("37a78df7-872d-4fbf-908e-618445b592ba",
	"ff73a57e-de54-43da-89b9-7fc18e7e85a5",
	"69ed6288-8a7a-4a78-8509-c5afa7b80900",
	"00000000-0000-0000-0000-000000000000");
INSERT INTO SM_NSTXN
	VALUES ("0f04dfa6-dac0-47a0-b8c3-d4d13cc2f1f7",
	"ff73a57e-de54-43da-89b9-7fc18e7e85a5",
	"69ed6288-8a7a-4a78-8509-c5afa7b80900",
	"2a21dfc2-cf8a-496d-91fa-d6cd6995d113",
	"00000000-0000-0000-0000-000000000000");
INSERT INTO SM_TAH
	VALUES ("dc6f4ce0-453b-4bad-b2e4-768df5994abc",
	"ff73a57e-de54-43da-89b9-7fc18e7e85a5",
	"0f04dfa6-dac0-47a0-b8c3-d4d13cc2f1f7");
INSERT INTO SM_AH
	VALUES ("dc6f4ce0-453b-4bad-b2e4-768df5994abc",
	"ff73a57e-de54-43da-89b9-7fc18e7e85a5");
INSERT INTO SM_ACT
	VALUES ("dc6f4ce0-453b-4bad-b2e4-768df5994abc",
	"ff73a57e-de54-43da-89b9-7fc18e7e85a5",
	1,
	'',
	'');
INSERT INTO ACT_TAB
	VALUES ("e5e36179-37a1-4b2f-9ecc-6e9d041c3121",
	"ff73a57e-de54-43da-89b9-7fc18e7e85a5",
	"dc6f4ce0-453b-4bad-b2e4-768df5994abc");
INSERT INTO ACT_ACT
	VALUES ("e5e36179-37a1-4b2f-9ecc-6e9d041c3121",
	'transition',
	0,
	"a8493182-6d6b-425f-b702-37b383199793",
	"00000000-0000-0000-0000-000000000000",
	0,
	'SIMPLETEST2: sessionEvent',
	"00000000-0000-0000-0000-000000000000");
INSERT INTO ACT_BLK
	VALUES ("a8493182-6d6b-425f-b702-37b383199793",
	0,
	0,
	0,
	'',
	'',
	'',
	0,
	0,
	0,
	0,
	0,
	0,
	0,
	0,
	0,
	0,
	0,
	0,
	0,
	"e5e36179-37a1-4b2f-9ecc-6e9d041c3121",
	"00000000-0000-0000-0000-000000000000");
INSERT INTO SM_TXN
	VALUES ("0f04dfa6-dac0-47a0-b8c3-d4d13cc2f1f7",
	"ff73a57e-de54-43da-89b9-7fc18e7e85a5",
	"8fac4aec-97cb-4a48-8f6e-ef08889c723a",
	"00000000-0000-0000-0000-000000000000");
INSERT INTO SM_ASM
	VALUES ("96895ef9-6c20-43e9-ac42-4a9d9b10dc18",
	"6daee5e1-aefd-49c8-b18d-234fb0eb1928");
INSERT INTO SM_SM
	VALUES ("96895ef9-6c20-43e9-ac42-4a9d9b10dc18",
	'',
	0);
INSERT INTO SM_MOORE
	VALUES ("96895ef9-6c20-43e9-ac42-4a9d9b10dc18");
INSERT INTO CSME_CIE
	VALUES ("8b5367f4-925b-4b7f-89c2-5c18321f9cf6",
	"6e242a3d-69b9-4bf4-bf2a-24f5ca98a172",
	"6daee5e1-aefd-49c8-b18d-234fb0eb1928",
	"dcd45889-1e8f-44ce-a0ac-90e67ced68c3",
	'SimpleTest');
INSERT INTO I_INS
	VALUES ("689f6ee8-1648-48a2-ba6e-d6718c44caf8",
	'',
	"ff73a57e-de54-43da-89b9-7fc18e7e85a5",
	"8fac4aec-97cb-4a48-8f6e-ef08889c723a",
	"6e242a3d-69b9-4bf4-bf2a-24f5ca98a172",
	"0f04dfa6-dac0-47a0-b8c3-d4d13cc2f1f7",
	"8b5367f4-925b-4b7f-89c2-5c18321f9cf6",
	'1:SimpleTest',
	'1');
INSERT INTO PE_PE
	VALUES ("182dfb43-4b42-4388-a888-adc923ffd180",
	1,
	"08644b1f-a992-4e52-8ec3-1f5eff4dec19",
	"00000000-0000-0000-0000-000000000000",
	7);
INSERT INTO EP_PKG
	VALUES ("182dfb43-4b42-4388-a888-adc923ffd180",
	"00000000-0000-0000-0000-000000000000",
	"77552e13-265a-4a67-beca-bb6af5f15d0b",
	'Interfaces',
	'',
	0);
INSERT INTO PE_PE
	VALUES ("708e7060-3f4e-41ab-94ce-7b712ad36251",
	1,
	"182dfb43-4b42-4388-a888-adc923ffd180",
	"00000000-0000-0000-0000-000000000000",
	6);
INSERT INTO C_I
	VALUES ("708e7060-3f4e-41ab-94ce-7b712ad36251",
	"00000000-0000-0000-0000-000000000000",
	'BookingProvider',
	'');
INSERT INTO C_EP
	VALUES ("8500002a-94f3-4a61-bfa8-32f8fd7d89b4",
	"708e7060-3f4e-41ab-94ce-7b712ad36251",
	-1,
	'requestAvailableBookables',
	'');
INSERT INTO C_AS
	VALUES ("8500002a-94f3-4a61-bfa8-32f8fd7d89b4",
	'requestAvailableBookables',
	'',
	0,
	"00000000-0000-0000-0000-000000000000");
INSERT INTO C_PP
	VALUES ("440d61eb-481a-4ea0-b89c-0bc624d141a3",
	"8500002a-94f3-4a61-bfa8-32f8fd7d89b4",
	"ba5eda7a-def5-0000-0000-000000000005",
	'sessionID',
	'',
	0,
	'',
	"00000000-0000-0000-0000-000000000000");
INSERT INTO C_PP
	VALUES ("bb7fca6d-dbf4-4e65-bf71-bad1b55fe0c7",
	"8500002a-94f3-4a61-bfa8-32f8fd7d89b4",
	"ba5eda7a-def5-0000-0000-000000000010",
	'fromDate',
	'',
	0,
	'',
	"440d61eb-481a-4ea0-b89c-0bc624d141a3");
INSERT INTO C_PP
	VALUES ("5b1beab7-9ad5-43f6-84fb-0e6f38b599d5",
	"8500002a-94f3-4a61-bfa8-32f8fd7d89b4",
	"ba5eda7a-def5-0000-0000-000000000010",
	'toDate',
	'',
	0,
	'',
	"bb7fca6d-dbf4-4e65-bf71-bad1b55fe0c7");
INSERT INTO C_PP
	VALUES ("904a3139-6502-47f8-a585-1b805644ae21",
	"8500002a-94f3-4a61-bfa8-32f8fd7d89b4",
	"ba5eda7a-def5-0000-0000-000000000002",
	'facilityType',
	'',
	0,
	'',
	"5b1beab7-9ad5-43f6-84fb-0e6f38b599d5");
INSERT INTO C_EP
	VALUES ("54d1cfcd-e847-40b5-be88-ddf038c56595",
	"708e7060-3f4e-41ab-94ce-7b712ad36251",
	-1,
	'available',
	'');
INSERT INTO C_AS
	VALUES ("54d1cfcd-e847-40b5-be88-ddf038c56595",
	'available',
	'',
	1,
	"8500002a-94f3-4a61-bfa8-32f8fd7d89b4");
INSERT INTO C_PP
	VALUES ("b99356fc-5e76-4f1f-9eda-76579565e657",
	"54d1cfcd-e847-40b5-be88-ddf038c56595",
	"ba5eda7a-def5-0000-0000-000000000005",
	'id',
	'',
	0,
	'',
	"00000000-0000-0000-0000-000000000000");
INSERT INTO C_PP
	VALUES ("5304459a-0f6b-48c5-b818-bc584864f61f",
	"54d1cfcd-e847-40b5-be88-ddf038c56595",
	"ba5eda7a-def5-0000-0000-000000000003",
	'price',
	'',
	0,
	'',
	"b99356fc-5e76-4f1f-9eda-76579565e657");
INSERT INTO C_PP
	VALUES ("56da61d1-d010-4a41-87cd-1b1b11d8b828",
	"54d1cfcd-e847-40b5-be88-ddf038c56595",
	"ba5eda7a-def5-0000-0000-000000000004",
	'description',
	'',
	0,
	'',
	"5304459a-0f6b-48c5-b818-bc584864f61f");
INSERT INTO C_PP
	VALUES ("b79bff53-be30-45a5-8923-7a3f5ab4710d",
	"54d1cfcd-e847-40b5-be88-ddf038c56595",
	"ba5eda7a-def5-0000-0000-000000000004",
	'aproximateArea',
	'',
	0,
	'',
	"56da61d1-d010-4a41-87cd-1b1b11d8b828");
INSERT INTO C_PP
	VALUES ("9a07908f-2d90-4fab-90c0-6d3e67ee8616",
	"54d1cfcd-e847-40b5-be88-ddf038c56595",
	"ba5eda7a-def5-0000-0000-000000000001",
	'independent',
	'',
	0,
	'',
	"b79bff53-be30-45a5-8923-7a3f5ab4710d");
INSERT INTO C_EP
	VALUES ("55b848f9-d68a-4698-bf86-446ac83e49f5",
	"708e7060-3f4e-41ab-94ce-7b712ad36251",
	-1,
	'select',
	'');
INSERT INTO C_AS
	VALUES ("55b848f9-d68a-4698-bf86-446ac83e49f5",
	'select',
	'',
	0,
	"54d1cfcd-e847-40b5-be88-ddf038c56595");
INSERT INTO C_PP
	VALUES ("9e138e25-187d-45e0-b2e3-b5230d2a8883",
	"55b848f9-d68a-4698-bf86-446ac83e49f5",
	"ba5eda7a-def5-0000-0000-000000000005",
	'id',
	'',
	0,
	'',
	"00000000-0000-0000-0000-000000000000");
INSERT INTO C_PP
	VALUES ("eee16ca7-f592-4209-868f-d6a58e473aee",
	"55b848f9-d68a-4698-bf86-446ac83e49f5",
	"ba5eda7a-def5-0000-0000-000000000005",
	'sessionID',
	'',
	0,
	'',
	"9e138e25-187d-45e0-b2e3-b5230d2a8883");
INSERT INTO C_EP
	VALUES ("10d65452-16c4-45b0-ad3e-4dec03bb99a7",
	"708e7060-3f4e-41ab-94ce-7b712ad36251",
	-1,
	'extraServices',
	'');
INSERT INTO C_AS
	VALUES ("10d65452-16c4-45b0-ad3e-4dec03bb99a7",
	'extraServices',
	'',
	1,
	"55b848f9-d68a-4698-bf86-446ac83e49f5");
INSERT INTO C_PP
	VALUES ("3d2fc28f-324a-4e94-b3b6-330584f78523",
	"10d65452-16c4-45b0-ad3e-4dec03bb99a7",
	"ba5eda7a-def5-0000-0000-000000000005",
	'id',
	'',
	0,
	'',
	"00000000-0000-0000-0000-000000000000");
INSERT INTO C_PP
	VALUES ("785bb700-66e1-4fa9-9694-b929474e55ff",
	"10d65452-16c4-45b0-ad3e-4dec03bb99a7",
	"ba5eda7a-def5-0000-0000-000000000003",
	'price',
	'',
	0,
	'',
	"3d2fc28f-324a-4e94-b3b6-330584f78523");
INSERT INTO C_PP
	VALUES ("67bb21b4-4919-4a78-b72f-8b69e2cf5f97",
	"10d65452-16c4-45b0-ad3e-4dec03bb99a7",
	"ba5eda7a-def5-0000-0000-000000000004",
	'description',
	'',
	0,
	'',
	"785bb700-66e1-4fa9-9694-b929474e55ff");
INSERT INTO C_PP
	VALUES ("82ccc6c0-4b2c-4e41-b127-716f6e516d19",
	"10d65452-16c4-45b0-ad3e-4dec03bb99a7",
	"ba5eda7a-def5-0000-0000-000000000004",
	'aproximateArea',
	'',
	0,
	'',
	"67bb21b4-4919-4a78-b72f-8b69e2cf5f97");
INSERT INTO C_PP
	VALUES ("32560363-913f-4fe4-863c-37fa358ec8c0",
	"10d65452-16c4-45b0-ad3e-4dec03bb99a7",
	"ba5eda7a-def5-0000-0000-000000000001",
	'independent',
	'',
	0,
	'',
	"82ccc6c0-4b2c-4e41-b127-716f6e516d19");
INSERT INTO C_EP
	VALUES ("87ed1c56-1bee-4041-bca4-056967095bc2",
	"708e7060-3f4e-41ab-94ce-7b712ad36251",
	-1,
	'addServices',
	'');
INSERT INTO C_AS
	VALUES ("87ed1c56-1bee-4041-bca4-056967095bc2",
	'addServices',
	'',
	0,
	"10d65452-16c4-45b0-ad3e-4dec03bb99a7");
INSERT INTO C_PP
	VALUES ("074cc4f4-819e-47a2-9f21-e95a11815a59",
	"87ed1c56-1bee-4041-bca4-056967095bc2",
	"ba5eda7a-def5-0000-0000-000000000005",
	'sessionID',
	'',
	0,
	'',
	"00000000-0000-0000-0000-000000000000");
INSERT INTO C_PP
	VALUES ("d5983e81-05ed-401f-bccd-625543d07d85",
	"87ed1c56-1bee-4041-bca4-056967095bc2",
	"ba5eda7a-def5-0000-0000-000000000005",
	'desiredID',
	'',
	0,
	'',
	"074cc4f4-819e-47a2-9f21-e95a11815a59");
INSERT INTO C_EP
	VALUES ("57eb1124-4a29-48ad-8677-d8760788067a",
	"708e7060-3f4e-41ab-94ce-7b712ad36251",
	-1,
	'customerDetails',
	'');
INSERT INTO C_AS
	VALUES ("57eb1124-4a29-48ad-8677-d8760788067a",
	'customerDetails',
	'',
	0,
	"87ed1c56-1bee-4041-bca4-056967095bc2");
INSERT INTO C_PP
	VALUES ("9f35fb46-9c6b-4202-8310-888981c424af",
	"57eb1124-4a29-48ad-8677-d8760788067a",
	"ba5eda7a-def5-0000-0000-000000000005",
	'sessionID',
	'',
	0,
	'',
	"00000000-0000-0000-0000-000000000000");
INSERT INTO C_PP
	VALUES ("c2367ced-24e1-4602-a7c5-4001bd1043d4",
	"57eb1124-4a29-48ad-8677-d8760788067a",
	"ba5eda7a-def5-0000-0000-000000000004",
	'name',
	'',
	0,
	'',
	"9f35fb46-9c6b-4202-8310-888981c424af");
INSERT INTO C_PP
	VALUES ("180912be-1f82-4ef3-9fc2-a2acbf555b77",
	"57eb1124-4a29-48ad-8677-d8760788067a",
	"ba5eda7a-def5-0000-0000-000000000004",
	'phoneNumber',
	'',
	0,
	'',
	"c2367ced-24e1-4602-a7c5-4001bd1043d4");
INSERT INTO C_EP
	VALUES ("275df8ce-b628-4b96-85dd-66e9224fc9df",
	"708e7060-3f4e-41ab-94ce-7b712ad36251",
	-1,
	'addGuest',
	'');
INSERT INTO C_AS
	VALUES ("275df8ce-b628-4b96-85dd-66e9224fc9df",
	'addGuest',
	'',
	0,
	"57eb1124-4a29-48ad-8677-d8760788067a");
INSERT INTO C_PP
	VALUES ("5813d0b6-e9b6-4d9c-83b2-7539947713a0",
	"275df8ce-b628-4b96-85dd-66e9224fc9df",
	"ba5eda7a-def5-0000-0000-000000000005",
	'sessionID',
	'',
	0,
	'',
	"00000000-0000-0000-0000-000000000000");
INSERT INTO C_PP
	VALUES ("07e12052-ec30-46ab-97bd-53e1562e42b5",
	"275df8ce-b628-4b96-85dd-66e9224fc9df",
	"ba5eda7a-def5-0000-0000-000000000005",
	'facility',
	'',
	0,
	'',
	"5813d0b6-e9b6-4d9c-83b2-7539947713a0");
INSERT INTO C_PP
	VALUES ("f2081eb7-638b-479f-bdef-a8d3d2aeb082",
	"275df8ce-b628-4b96-85dd-66e9224fc9df",
	"ba5eda7a-def5-0000-0000-000000000004",
	'guestName',
	'',
	0,
	'',
	"07e12052-ec30-46ab-97bd-53e1562e42b5");
INSERT INTO C_PP
	VALUES ("41edc071-08b3-4da2-a6d0-cab5122398ca",
	"275df8ce-b628-4b96-85dd-66e9224fc9df",
	"ba5eda7a-def5-0000-0000-000000000002",
	'guestAge',
	'',
	0,
	'',
	"f2081eb7-638b-479f-bdef-a8d3d2aeb082");
INSERT INTO C_EP
	VALUES ("40e06920-24e2-499d-b1c8-deb66c9637ec",
	"708e7060-3f4e-41ab-94ce-7b712ad36251",
	-1,
	'paymentInfo',
	'');
INSERT INTO C_AS
	VALUES ("40e06920-24e2-499d-b1c8-deb66c9637ec",
	'paymentInfo',
	'',
	0,
	"275df8ce-b628-4b96-85dd-66e9224fc9df");
INSERT INTO C_PP
	VALUES ("8aff4a0e-3cc5-4dad-93f0-c1749ecf9471",
	"40e06920-24e2-499d-b1c8-deb66c9637ec",
	"ba5eda7a-def5-0000-0000-000000000005",
	'sessionID',
	'',
	0,
	'',
	"00000000-0000-0000-0000-000000000000");
INSERT INTO C_PP
	VALUES ("78e48b64-919d-466a-bb65-ba1cb83b002f",
	"40e06920-24e2-499d-b1c8-deb66c9637ec",
	"ba5eda7a-def5-0000-0000-000000000004",
	'info',
	'',
	0,
	'',
	"8aff4a0e-3cc5-4dad-93f0-c1749ecf9471");
INSERT INTO C_EP
	VALUES ("19aa6808-338c-45b0-8a31-1b3efb70b47a",
	"708e7060-3f4e-41ab-94ce-7b712ad36251",
	-1,
	'bookingConfirmation',
	'');
INSERT INTO C_AS
	VALUES ("19aa6808-338c-45b0-8a31-1b3efb70b47a",
	'bookingConfirmation',
	'',
	1,
	"40e06920-24e2-499d-b1c8-deb66c9637ec");
INSERT INTO C_PP
	VALUES ("a3b665ee-74eb-4b72-82bd-d6fa5f6917b3",
	"19aa6808-338c-45b0-8a31-1b3efb70b47a",
	"ba5eda7a-def5-0000-0000-000000000004",
	'message',
	'',
	0,
	'',
	"00000000-0000-0000-0000-000000000000");
INSERT INTO C_EP
	VALUES ("89169ec3-d50b-4b5b-95fa-d95fb15c3f98",
	"708e7060-3f4e-41ab-94ce-7b712ad36251",
	-1,
	'errorSignal',
	'');
INSERT INTO C_AS
	VALUES ("89169ec3-d50b-4b5b-95fa-d95fb15c3f98",
	'errorSignal',
	'',
	1,
	"19aa6808-338c-45b0-8a31-1b3efb70b47a");
INSERT INTO C_PP
	VALUES ("ed7f9ed0-5d21-4eea-b033-d488f64972b9",
	"89169ec3-d50b-4b5b-95fa-d95fb15c3f98",
	"ba5eda7a-def5-0000-0000-000000000004",
	'message',
	'',
	0,
	'',
	"00000000-0000-0000-0000-000000000000");
INSERT INTO C_EP
	VALUES ("b21fad1b-897b-424f-84f8-01bdab76de49",
	"708e7060-3f4e-41ab-94ce-7b712ad36251",
	-1,
	'requestSession',
	'');
INSERT INTO C_AS
	VALUES ("b21fad1b-897b-424f-84f8-01bdab76de49",
	'requestSession',
	'',
	0,
	"89169ec3-d50b-4b5b-95fa-d95fb15c3f98");
INSERT INTO C_EP
	VALUES ("0a31b7ea-b3a4-43b3-bfab-1e664637468e",
	"708e7060-3f4e-41ab-94ce-7b712ad36251",
	-1,
	'session',
	'');
INSERT INTO C_AS
	VALUES ("0a31b7ea-b3a4-43b3-bfab-1e664637468e",
	'session',
	'',
	1,
	"b21fad1b-897b-424f-84f8-01bdab76de49");
INSERT INTO C_PP
	VALUES ("fec1123c-a15a-45df-adbc-758261d72c0f",
	"0a31b7ea-b3a4-43b3-bfab-1e664637468e",
	"ba5eda7a-def5-0000-0000-000000000005",
	'sessionID',
	'',
	0,
	'',
	"00000000-0000-0000-0000-000000000000");
INSERT INTO EP_PKG
	VALUES ("7ab991a5-3958-4a50-bf82-5b2da16ecd76",
	"77552e13-265a-4a67-beca-bb6af5f15d0b",
	"77552e13-265a-4a67-beca-bb6af5f15d0b",
	'Shared EEs',
	'',
	0);
INSERT INTO PE_PE
	VALUES ("fad39749-df67-43e1-8b90-799862a3757c",
	1,
	"7ab991a5-3958-4a50-bf82-5b2da16ecd76",
	"00000000-0000-0000-0000-000000000000",
	5);
INSERT INTO S_EE
	VALUES ("fad39749-df67-43e1-8b90-799862a3757c",
	'Logging',
	'',
	'LOG',
	"00000000-0000-0000-0000-000000000000",
	'',
	'Logging');
INSERT INTO S_BRG
	VALUES ("21801458-b22d-439e-a399-3ef5384aaf91",
	"fad39749-df67-43e1-8b90-799862a3757c",
	'LogSuccess',
	'',
	0,
	"ba5eda7a-def5-0000-0000-000000000000",
	'',
	1,
	'');
INSERT INTO S_BPARM
	VALUES ("4f3dc2d0-bef8-43e0-8748-16ddb80b9ebc",
	"21801458-b22d-439e-a399-3ef5384aaf91",
	'message',
	"ba5eda7a-def5-0000-0000-000000000004",
	0,
	'',
	"00000000-0000-0000-0000-000000000000",
	'');
INSERT INTO ACT_BRB
	VALUES ("822f1b0d-4103-4d55-ae45-ce048a975e5a",
	"21801458-b22d-439e-a399-3ef5384aaf91");
INSERT INTO ACT_ACT
	VALUES ("822f1b0d-4103-4d55-ae45-ce048a975e5a",
	'bridge',
	0,
	"aa9c1ecb-c26e-4e1e-8f60-772e158641a6",
	"00000000-0000-0000-0000-000000000000",
	0,
	'Logging::LogSuccess',
	"00000000-0000-0000-0000-000000000000");
INSERT INTO ACT_BLK
	VALUES ("aa9c1ecb-c26e-4e1e-8f60-772e158641a6",
	0,
	0,
	0,
	'',
	'',
	'',
	0,
	0,
	0,
	0,
	0,
	0,
	0,
	0,
	0,
	0,
	0,
	0,
	0,
	"822f1b0d-4103-4d55-ae45-ce048a975e5a",
	"00000000-0000-0000-0000-000000000000");
INSERT INTO S_BRG
	VALUES ("43685d54-3033-4e04-b853-5510e9a6781b",
	"fad39749-df67-43e1-8b90-799862a3757c",
	'LogFailure',
	'',
	0,
	"ba5eda7a-def5-0000-0000-000000000000",
	'',
	1,
	'');
INSERT INTO S_BPARM
	VALUES ("fa599f4c-fe9c-4b1e-815d-c98ebdc65d9f",
	"43685d54-3033-4e04-b853-5510e9a6781b",
	'message',
	"ba5eda7a-def5-0000-0000-000000000004",
	0,
	'',
	"00000000-0000-0000-0000-000000000000",
	'');
INSERT INTO ACT_BRB
	VALUES ("45bdc44b-31f8-44aa-8e80-daa9ce2329e6",
	"43685d54-3033-4e04-b853-5510e9a6781b");
INSERT INTO ACT_ACT
	VALUES ("45bdc44b-31f8-44aa-8e80-daa9ce2329e6",
	'bridge',
	0,
	"13154198-f560-4b9f-89d1-10a8b6586e12",
	"00000000-0000-0000-0000-000000000000",
	0,
	'Logging::LogFailure',
	"00000000-0000-0000-0000-000000000000");
INSERT INTO ACT_BLK
	VALUES ("13154198-f560-4b9f-89d1-10a8b6586e12",
	0,
	0,
	0,
	'',
	'',
	'',
	0,
	0,
	0,
	0,
	0,
	0,
	0,
	0,
	0,
	0,
	0,
	0,
	0,
	"45bdc44b-31f8-44aa-8e80-daa9ce2329e6",
	"00000000-0000-0000-0000-000000000000");
INSERT INTO S_BRG
	VALUES ("768e1cca-7403-495c-9b22-afd11a473eb6",
	"fad39749-df67-43e1-8b90-799862a3757c",
	'LogInfo',
	'',
	0,
	"ba5eda7a-def5-0000-0000-000000000000",
	'',
	1,
	'');
INSERT INTO S_BPARM
	VALUES ("f676d1cb-709e-45ec-b3cd-5cd645f64b51",
	"768e1cca-7403-495c-9b22-afd11a473eb6",
	'message',
	"ba5eda7a-def5-0000-0000-000000000004",
	0,
	'',
	"00000000-0000-0000-0000-000000000000",
	'');
INSERT INTO ACT_BRB
	VALUES ("b8370fc2-e7be-4830-af79-49089ad574a1",
	"768e1cca-7403-495c-9b22-afd11a473eb6");
INSERT INTO ACT_ACT
	VALUES ("b8370fc2-e7be-4830-af79-49089ad574a1",
	'bridge',
	0,
	"91a1d60b-8d8a-4ae4-97f4-97e3d62bde7d",
	"00000000-0000-0000-0000-000000000000",
	0,
	'Logging::LogInfo',
	"00000000-0000-0000-0000-000000000000");
INSERT INTO ACT_BLK
	VALUES ("91a1d60b-8d8a-4ae4-97f4-97e3d62bde7d",
	0,
	0,
	0,
	'',
	'',
	'',
	0,
	0,
	0,
	0,
	0,
	0,
	0,
	0,
	0,
	0,
	0,
	0,
	0,
	"b8370fc2-e7be-4830-af79-49089ad574a1",
	"00000000-0000-0000-0000-000000000000");
INSERT INTO S_BRG
	VALUES ("badb0c1c-59d4-4171-b6dc-4d014c05a69b",
	"fad39749-df67-43e1-8b90-799862a3757c",
	'LogDate',
	'',
	0,
	"ba5eda7a-def5-0000-0000-000000000000",
	'',
	1,
	'');
INSERT INTO S_BPARM
	VALUES ("2bd39248-c021-4cd4-bee9-0d1d6e7eb9aa",
	"badb0c1c-59d4-4171-b6dc-4d014c05a69b",
	'd',
	"ba5eda7a-def5-0000-0000-00000000000e",
	0,
	'',
	"00000000-0000-0000-0000-000000000000",
	'');
INSERT INTO S_BPARM
	VALUES ("83234d50-594b-458b-a62b-f47b31effc32",
	"badb0c1c-59d4-4171-b6dc-4d014c05a69b",
	'message',
	"ba5eda7a-def5-0000-0000-000000000004",
	0,
	'',
	"2bd39248-c021-4cd4-bee9-0d1d6e7eb9aa",
	'');
INSERT INTO ACT_BRB
	VALUES ("018613a1-b134-43ce-85cd-d21c1d2bc40d",
	"badb0c1c-59d4-4171-b6dc-4d014c05a69b");
INSERT INTO ACT_ACT
	VALUES ("018613a1-b134-43ce-85cd-d21c1d2bc40d",
	'bridge',
	0,
	"8f94b5a4-33ae-4b81-8998-96633c61ffa7",
	"00000000-0000-0000-0000-000000000000",
	0,
	'Logging::LogDate',
	"00000000-0000-0000-0000-000000000000");
INSERT INTO ACT_BLK
	VALUES ("8f94b5a4-33ae-4b81-8998-96633c61ffa7",
	0,
	0,
	0,
	'',
	'',
	'',
	0,
	0,
	0,
	0,
	0,
	0,
	0,
	0,
	0,
	0,
	0,
	0,
	0,
	"018613a1-b134-43ce-85cd-d21c1d2bc40d",
	"00000000-0000-0000-0000-000000000000");
INSERT INTO S_BRG
	VALUES ("0b1d27b9-3158-473f-bb9b-8c8be6e0634e",
	"fad39749-df67-43e1-8b90-799862a3757c",
	'LogTime',
	'',
	0,
	"ba5eda7a-def5-0000-0000-000000000000",
	'',
	1,
	'');
INSERT INTO S_BPARM
	VALUES ("a06921df-e610-47e1-8e10-8486d9032cbc",
	"0b1d27b9-3158-473f-bb9b-8c8be6e0634e",
	't',
	"ba5eda7a-def5-0000-0000-000000000010",
	0,
	'',
	"faac3627-d51c-4ea8-bc3a-2111aa687e5d",
	'');
INSERT INTO S_BPARM
	VALUES ("faac3627-d51c-4ea8-bc3a-2111aa687e5d",
	"0b1d27b9-3158-473f-bb9b-8c8be6e0634e",
	'message',
	"ba5eda7a-def5-0000-0000-000000000004",
	0,
	'',
	"00000000-0000-0000-0000-000000000000",
	'');
INSERT INTO ACT_BRB
	VALUES ("5f67a9e9-1dba-4114-9acb-c22f1063a72a",
	"0b1d27b9-3158-473f-bb9b-8c8be6e0634e");
INSERT INTO ACT_ACT
	VALUES ("5f67a9e9-1dba-4114-9acb-c22f1063a72a",
	'bridge',
	0,
	"8c8e6256-1d31-4036-a654-aeda5a3aa3a6",
	"00000000-0000-0000-0000-000000000000",
	0,
	'Logging::LogTime',
	"00000000-0000-0000-0000-000000000000");
INSERT INTO ACT_BLK
	VALUES ("8c8e6256-1d31-4036-a654-aeda5a3aa3a6",
	0,
	0,
	0,
	'',
	'',
	'',
	0,
	0,
	0,
	0,
	0,
	0,
	0,
	0,
	0,
	0,
	0,
	0,
	0,
	"5f67a9e9-1dba-4114-9acb-c22f1063a72a",
	"00000000-0000-0000-0000-000000000000");
INSERT INTO S_BRG
	VALUES ("7ef21ad9-927c-4b1b-92a2-85003af84ab1",
	"fad39749-df67-43e1-8b90-799862a3757c",
	'LogReal',
	'',
	0,
	"ba5eda7a-def5-0000-0000-000000000000",
	'',
	1,
	'');
INSERT INTO S_BPARM
	VALUES ("648d875e-c1c6-4f8b-83f7-353ca551df2d",
	"7ef21ad9-927c-4b1b-92a2-85003af84ab1",
	'r',
	"ba5eda7a-def5-0000-0000-000000000003",
	0,
	'',
	"cf3ad5fd-6bd3-443d-bdee-959aedc60b72",
	'');
INSERT INTO S_BPARM
	VALUES ("cf3ad5fd-6bd3-443d-bdee-959aedc60b72",
	"7ef21ad9-927c-4b1b-92a2-85003af84ab1",
	'message',
	"ba5eda7a-def5-0000-0000-000000000004",
	0,
	'',
	"00000000-0000-0000-0000-000000000000",
	'');
INSERT INTO ACT_BRB
	VALUES ("4212c9c4-35fb-468f-bcfe-192348dce3a5",
	"7ef21ad9-927c-4b1b-92a2-85003af84ab1");
INSERT INTO ACT_ACT
	VALUES ("4212c9c4-35fb-468f-bcfe-192348dce3a5",
	'bridge',
	0,
	"8f6659f1-51f1-4a73-8a2f-8deda78a172b",
	"00000000-0000-0000-0000-000000000000",
	0,
	'Logging::LogReal',
	"00000000-0000-0000-0000-000000000000");
INSERT INTO ACT_BLK
	VALUES ("8f6659f1-51f1-4a73-8a2f-8deda78a172b",
	0,
	0,
	0,
	'',
	'',
	'',
	0,
	0,
	0,
	0,
	0,
	0,
	0,
	0,
	0,
	0,
	0,
	0,
	0,
	"4212c9c4-35fb-468f-bcfe-192348dce3a5",
	"00000000-0000-0000-0000-000000000000");
INSERT INTO S_BRG
	VALUES ("f042e0db-8b5c-46dd-910f-2c376ca7fb93",
	"fad39749-df67-43e1-8b90-799862a3757c",
	'LogInteger',
	'',
	0,
	"ba5eda7a-def5-0000-0000-000000000000",
	'',
	0,
	'');
INSERT INTO S_BPARM
	VALUES ("10aa8954-4293-4341-bbfe-cc1a144eceb4",
	"f042e0db-8b5c-46dd-910f-2c376ca7fb93",
	'message',
	"ba5eda7a-def5-0000-0000-000000000002",
	0,
	'',
	"00000000-0000-0000-0000-000000000000",
	'');
INSERT INTO EP_PKG
	VALUES ("83d1f9e7-250e-4a5d-ba9a-b668467be094",
	"77552e13-265a-4a67-beca-bb6af5f15d0b",
	"77552e13-265a-4a67-beca-bb6af5f15d0b",
	'System',
	'',
	0);
INSERT INTO PE_PE
	VALUES ("67eab42f-715a-4ae6-bb96-26e4944b47bf",
	1,
	"83d1f9e7-250e-4a5d-ba9a-b668467be094",
	"00000000-0000-0000-0000-000000000000",
	21);
INSERT INTO CL_IC
	VALUES ("67eab42f-715a-4ae6-bb96-26e4944b47bf",
	"0968771f-8553-4274-be70-86a03e4e6267",
	"00000000-0000-0000-0000-000000000000",
	"00000000-0000-0000-0000-000000000000",
	0,
	'',
	'Hotel::Library::UserComponent',
	'');
INSERT INTO CL_IIR
	VALUES ("36c62ef5-bcb7-4105-88a2-0477f27d0d16",
	"59710e0c-1d62-4800-a82b-b80bbaed4667",
	"67eab42f-715a-4ae6-bb96-26e4944b47bf",
	"00000000-0000-0000-0000-000000000000",
	'BookingProvider',
	'');
INSERT INTO CL_IR
	VALUES ("36c62ef5-bcb7-4105-88a2-0477f27d0d16",
	"d268cc6a-1cb2-42eb-a799-3323649e2ff6",
	'BookingProvider',
	'');
INSERT INTO PE_PE
	VALUES ("b3ecd1ef-4876-4b5a-b890-0b4162fe9449",
	1,
	"83d1f9e7-250e-4a5d-ba9a-b668467be094",
	"00000000-0000-0000-0000-000000000000",
	21);
INSERT INTO CL_IC
	VALUES ("b3ecd1ef-4876-4b5a-b890-0b4162fe9449",
	"ab2192c8-8390-4631-9e2c-fca2a1f30c08",
	"00000000-0000-0000-0000-000000000000",
	"00000000-0000-0000-0000-000000000000",
	0,
	'',
	'Hotel::Library::HotelComponent',
	'');
INSERT INTO CL_IIR
	VALUES ("c53738c7-7de2-4938-acf3-a7ff0829913a",
	"36293ad6-77b6-4c0b-a2dd-f02064f6189a",
	"b3ecd1ef-4876-4b5a-b890-0b4162fe9449",
	"00000000-0000-0000-0000-000000000000",
	'BookingProvider',
	'');
INSERT INTO CL_IP
	VALUES ("c53738c7-7de2-4938-acf3-a7ff0829913a",
	'BookingProvider',
	'');
INSERT INTO CL_IPINS
	VALUES ("d268cc6a-1cb2-42eb-a799-3323649e2ff6",
	"c53738c7-7de2-4938-acf3-a7ff0829913a");
INSERT INTO PE_PE
	VALUES ("d268cc6a-1cb2-42eb-a799-3323649e2ff6",
	1,
	"83d1f9e7-250e-4a5d-ba9a-b668467be094",
	"00000000-0000-0000-0000-000000000000",
	22);
INSERT INTO C_SF
	VALUES ("d268cc6a-1cb2-42eb-a799-3323649e2ff6",
	"59710e0c-1d62-4800-a82b-b80bbaed4667",
	"36293ad6-77b6-4c0b-a2dd-f02064f6189a",
	'',
	'HotelComponent::UserInterface::BookingProvider -o)- UserComponent::UserInterface::BookingProvider');
INSERT INTO PE_PE
	VALUES ("ba5eda7a-def5-0000-0000-000000000000",
	1,
	"00000000-0000-0000-0000-000000000000",
	"00000000-0000-0000-0000-000000000000",
	3);
INSERT INTO S_DT
	VALUES ("ba5eda7a-def5-0000-0000-000000000000",
	"00000000-0000-0000-0000-000000000000",
	'void',
	'',
	'');
INSERT INTO S_CDT
	VALUES ("ba5eda7a-def5-0000-0000-000000000000",
	0);
INSERT INTO PE_PE
	VALUES ("ba5eda7a-def5-0000-0000-000000000001",
	1,
	"00000000-0000-0000-0000-000000000000",
	"00000000-0000-0000-0000-000000000000",
	3);
INSERT INTO S_DT
	VALUES ("ba5eda7a-def5-0000-0000-000000000001",
	"00000000-0000-0000-0000-000000000000",
	'boolean',
	'',
	'');
INSERT INTO S_CDT
	VALUES ("ba5eda7a-def5-0000-0000-000000000001",
	1);
INSERT INTO PE_PE
	VALUES ("ba5eda7a-def5-0000-0000-000000000002",
	1,
	"00000000-0000-0000-0000-000000000000",
	"00000000-0000-0000-0000-000000000000",
	3);
INSERT INTO S_DT
	VALUES ("ba5eda7a-def5-0000-0000-000000000002",
	"00000000-0000-0000-0000-000000000000",
	'integer',
	'',
	'');
INSERT INTO S_CDT
	VALUES ("ba5eda7a-def5-0000-0000-000000000002",
	2);
INSERT INTO PE_PE
	VALUES ("ba5eda7a-def5-0000-0000-000000000003",
	1,
	"00000000-0000-0000-0000-000000000000",
	"00000000-0000-0000-0000-000000000000",
	3);
INSERT INTO S_DT
	VALUES ("ba5eda7a-def5-0000-0000-000000000003",
	"00000000-0000-0000-0000-000000000000",
	'real',
	'',
	'');
INSERT INTO S_CDT
	VALUES ("ba5eda7a-def5-0000-0000-000000000003",
	3);
INSERT INTO PE_PE
	VALUES ("ba5eda7a-def5-0000-0000-000000000004",
	1,
	"00000000-0000-0000-0000-000000000000",
	"00000000-0000-0000-0000-000000000000",
	3);
INSERT INTO S_DT
	VALUES ("ba5eda7a-def5-0000-0000-000000000004",
	"00000000-0000-0000-0000-000000000000",
	'string',
	'',
	'');
INSERT INTO S_CDT
	VALUES ("ba5eda7a-def5-0000-0000-000000000004",
	4);
INSERT INTO PE_PE
	VALUES ("ba5eda7a-def5-0000-0000-000000000005",
	1,
	"00000000-0000-0000-0000-000000000000",
	"00000000-0000-0000-0000-000000000000",
	3);
INSERT INTO S_DT
	VALUES ("ba5eda7a-def5-0000-0000-000000000005",
	"00000000-0000-0000-0000-000000000000",
	'unique_id',
	'',
	'');
INSERT INTO S_CDT
	VALUES ("ba5eda7a-def5-0000-0000-000000000005",
	5);
INSERT INTO PE_PE
	VALUES ("ba5eda7a-def5-0000-0000-000000000006",
	1,
	"00000000-0000-0000-0000-000000000000",
	"00000000-0000-0000-0000-000000000000",
	3);
INSERT INTO S_DT
	VALUES ("ba5eda7a-def5-0000-0000-000000000006",
	"00000000-0000-0000-0000-000000000000",
	'state<State_Model>',
	'',
	'');
INSERT INTO S_CDT
	VALUES ("ba5eda7a-def5-0000-0000-000000000006",
	6);
INSERT INTO PE_PE
	VALUES ("ba5eda7a-def5-0000-0000-000000000007",
	1,
	"00000000-0000-0000-0000-000000000000",
	"00000000-0000-0000-0000-000000000000",
	3);
INSERT INTO S_DT
	VALUES ("ba5eda7a-def5-0000-0000-000000000007",
	"00000000-0000-0000-0000-000000000000",
	'same_as<Base_Attribute>',
	'',
	'');
INSERT INTO S_CDT
	VALUES ("ba5eda7a-def5-0000-0000-000000000007",
	7);
INSERT INTO PE_PE
	VALUES ("ba5eda7a-def5-0000-0000-000000000008",
	1,
	"00000000-0000-0000-0000-000000000000",
	"00000000-0000-0000-0000-000000000000",
	3);
INSERT INTO S_DT
	VALUES ("ba5eda7a-def5-0000-0000-000000000008",
	"00000000-0000-0000-0000-000000000000",
	'inst_ref<Object>',
	'',
	'');
INSERT INTO S_CDT
	VALUES ("ba5eda7a-def5-0000-0000-000000000008",
	8);
INSERT INTO PE_PE
	VALUES ("ba5eda7a-def5-0000-0000-000000000009",
	1,
	"00000000-0000-0000-0000-000000000000",
	"00000000-0000-0000-0000-000000000000",
	3);
INSERT INTO S_DT
	VALUES ("ba5eda7a-def5-0000-0000-000000000009",
	"00000000-0000-0000-0000-000000000000",
	'inst_ref_set<Object>',
	'',
	'');
INSERT INTO S_CDT
	VALUES ("ba5eda7a-def5-0000-0000-000000000009",
	9);
INSERT INTO PE_PE
	VALUES ("ba5eda7a-def5-0000-0000-00000000000a",
	1,
	"00000000-0000-0000-0000-000000000000",
	"00000000-0000-0000-0000-000000000000",
	3);
INSERT INTO S_DT
	VALUES ("ba5eda7a-def5-0000-0000-00000000000a",
	"00000000-0000-0000-0000-000000000000",
	'inst<Event>',
	'',
	'');
INSERT INTO S_CDT
	VALUES ("ba5eda7a-def5-0000-0000-00000000000a",
	10);
INSERT INTO PE_PE
	VALUES ("ba5eda7a-def5-0000-0000-00000000000b",
	1,
	"00000000-0000-0000-0000-000000000000",
	"00000000-0000-0000-0000-000000000000",
	3);
INSERT INTO S_DT
	VALUES ("ba5eda7a-def5-0000-0000-00000000000b",
	"00000000-0000-0000-0000-000000000000",
	'inst<Mapping>',
	'',
	'');
INSERT INTO S_CDT
	VALUES ("ba5eda7a-def5-0000-0000-00000000000b",
	11);
INSERT INTO PE_PE
	VALUES ("ba5eda7a-def5-0000-0000-00000000000c",
	1,
	"00000000-0000-0000-0000-000000000000",
	"00000000-0000-0000-0000-000000000000",
	3);
INSERT INTO S_DT
	VALUES ("ba5eda7a-def5-0000-0000-00000000000c",
	"00000000-0000-0000-0000-000000000000",
	'inst_ref<Mapping>',
	'',
	'');
INSERT INTO S_CDT
	VALUES ("ba5eda7a-def5-0000-0000-00000000000c",
	12);
INSERT INTO PE_PE
	VALUES ("ba5eda7a-def5-0000-0000-00000000000d",
	1,
	"00000000-0000-0000-0000-000000000000",
	"00000000-0000-0000-0000-000000000000",
	3);
INSERT INTO S_DT
	VALUES ("ba5eda7a-def5-0000-0000-00000000000d",
	"00000000-0000-0000-0000-000000000000",
	'component_ref',
	'',
	'');
INSERT INTO S_CDT
	VALUES ("ba5eda7a-def5-0000-0000-00000000000d",
	13);
INSERT INTO PE_PE
	VALUES ("ba5eda7a-def5-0000-0000-00000000000e",
	1,
	"00000000-0000-0000-0000-000000000000",
	"00000000-0000-0000-0000-000000000000",
	3);
INSERT INTO S_DT
	VALUES ("ba5eda7a-def5-0000-0000-00000000000e",
	"00000000-0000-0000-0000-000000000000",
	'date',
	'',
	'');
INSERT INTO S_UDT
	VALUES ("ba5eda7a-def5-0000-0000-00000000000e",
	"ba5eda7a-def5-0000-0000-00000000000b",
	1);
INSERT INTO PE_PE
	VALUES ("ba5eda7a-def5-0000-0000-00000000000f",
	1,
	"00000000-0000-0000-0000-000000000000",
	"00000000-0000-0000-0000-000000000000",
	3);
INSERT INTO S_DT
	VALUES ("ba5eda7a-def5-0000-0000-00000000000f",
	"00000000-0000-0000-0000-000000000000",
	'inst_ref<Timer>',
	'',
	'');
INSERT INTO S_UDT
	VALUES ("ba5eda7a-def5-0000-0000-00000000000f",
	"ba5eda7a-def5-0000-0000-00000000000c",
	3);
INSERT INTO PE_PE
	VALUES ("ba5eda7a-def5-0000-0000-000000000010",
	1,
	"00000000-0000-0000-0000-000000000000",
	"00000000-0000-0000-0000-000000000000",
	3);
INSERT INTO S_DT
	VALUES ("ba5eda7a-def5-0000-0000-000000000010",
	"00000000-0000-0000-0000-000000000000",
	'timestamp',
	'',
	'');
INSERT INTO S_UDT
	VALUES ("ba5eda7a-def5-0000-0000-000000000010",
	"ba5eda7a-def5-0000-0000-00000000000b",
	2);
