-- root-types-contained: SystemModel_c,PackageableElement_c,DataType_c,CoreDataType_c,UserDataType_c
-- BP 7.1 content: StreamData syschar: 3 persistence-version: 7.1.6

INSERT INTO S_SYS
	VALUES ("77552e13-265a-4a67-beca-bb6af5f15d0b",
	'Hotel',
	1);
INSERT INTO EP_PKG
	VALUES ("08644b1f-a992-4e52-8ec3-1f5eff4dec19",
	"77552e13-265a-4a67-beca-bb6af5f15d0b",
	"77552e13-265a-4a67-beca-bb6af5f15d0b",
	'Library',
	'',
	0);
INSERT INTO PE_PE
	VALUES ("ab2192c8-8390-4631-9e2c-fca2a1f30c08",
	1,
	"08644b1f-a992-4e52-8ec3-1f5eff4dec19",
	"00000000-0000-0000-0000-000000000000",
	2);
INSERT INTO C_C
	VALUES ("ab2192c8-8390-4631-9e2c-fca2a1f30c08",
	"00000000-0000-0000-0000-000000000000",
	"00000000-0000-0000-0000-000000000000",
	'HotelComponent',
	'',
	0,
	"00000000-0000-0000-0000-000000000000",
	0,
	'');
INSERT INTO C_PO
	VALUES ("54eb899f-f23f-4a84-8403-f0454a9283e7",
	"ab2192c8-8390-4631-9e2c-fca2a1f30c08",
	'UserInterface',
	0,
	0);
INSERT INTO C_IR
	VALUES ("36293ad6-77b6-4c0b-a2dd-f02064f6189a",
	"708e7060-3f4e-41ab-94ce-7b712ad36251",
	"00000000-0000-0000-0000-000000000000",
	"54eb899f-f23f-4a84-8403-f0454a9283e7");
INSERT INTO C_P
	VALUES ("36293ad6-77b6-4c0b-a2dd-f02064f6189a",
	'BookingProvider',
	'Unnamed Interface',
	'',
	'HotelComponent::UserInterface::BookingProvider');
INSERT INTO SPR_PEP
	VALUES ("ad67a789-a0d9-4e09-8c1b-cc137ff39554",
	"8500002a-94f3-4a61-bfa8-32f8fd7d89b4",
	"36293ad6-77b6-4c0b-a2dd-f02064f6189a");
INSERT INTO SPR_PS
	VALUES ("ad67a789-a0d9-4e09-8c1b-cc137ff39554",
	'requestAvailableBookables',
	'',
	'select any session from instances of BOOKINGSESSION where (selected.ID == param.sessionID);

if (not_empty session)
	result = session.search(fromDate: param.fromDate, 
							toDate: param.toDate,
							facilityType: param.facilityType);
	if(empty result)
		send BookingProvider::errorSignal(message: "No rooms found");
	end if;
							
	for each ft in result		
		select one b related by ft->BOOKABLE[R2];
		send BookingProvider::available(id: ft.id , 
										price: b.price , 
										description: b.description,
										aproximateArea: ft.approximateArea,
										independent: false);
	end for;
else
	send BookingProvider::errorSignal(message: "Session not found");
end if;',
	1);
INSERT INTO ACT_PSB
	VALUES ("7216d00e-04cc-4b3b-802b-8005ea6076e7",
	"ad67a789-a0d9-4e09-8c1b-cc137ff39554");
INSERT INTO ACT_ACT
	VALUES ("7216d00e-04cc-4b3b-802b-8005ea6076e7",
	'signal',
	0,
	"d12fa134-a983-4a3c-b374-ea0f7f5bba74",
	"00000000-0000-0000-0000-000000000000",
	0,
	'UserInterface::BookingProvider::requestAvailableBookables',
	"00000000-0000-0000-0000-000000000000");
INSERT INTO ACT_BLK
	VALUES ("d12fa134-a983-4a3c-b374-ea0f7f5bba74",
	1,
	0,
	1,
	'',
	'',
	'',
	19,
	1,
	1,
	38,
	0,
	0,
	0,
	0,
	0,
	0,
	0,
	0,
	0,
	"7216d00e-04cc-4b3b-802b-8005ea6076e7",
	"00000000-0000-0000-0000-000000000000");
INSERT INTO ACT_SMT
	VALUES ("beb1408d-be49-4ef9-8ebd-99ab723b6a3e",
	"d12fa134-a983-4a3c-b374-ea0f7f5bba74",
	"6dff0807-a904-4a53-b9cc-d2fc0fd9eb42",
	1,
	1,
	'UserInterface::BookingProvider::requestAvailableBookables line: 1');
INSERT INTO ACT_FIW
	VALUES ("beb1408d-be49-4ef9-8ebd-99ab723b6a3e",
	"acf26e11-e2e0-4d0c-8cc2-352e99cc4e6b",
	1,
	'any',
	"973e18a3-d2f5-4c15-9e2d-93e8ed15405f",
	"7137c09d-ba0e-406b-b3b5-76bb3cc48f3d",
	1,
	38);
INSERT INTO ACT_SMT
	VALUES ("6dff0807-a904-4a53-b9cc-d2fc0fd9eb42",
	"d12fa134-a983-4a3c-b374-ea0f7f5bba74",
	"00000000-0000-0000-0000-000000000000",
	3,
	1,
	'UserInterface::BookingProvider::requestAvailableBookables line: 3');
INSERT INTO ACT_IF
	VALUES ("6dff0807-a904-4a53-b9cc-d2fc0fd9eb42",
	"740245c4-e72c-4f85-b95c-43d5016e4fc8",
	"a73d6d1b-b933-436c-b4d3-d124cc483331",
	"00000000-0000-0000-0000-000000000000",
	"00000000-0000-0000-0000-000000000000");
INSERT INTO ACT_SMT
	VALUES ("b0608861-833e-4320-8389-5f1bdd145b40",
	"d12fa134-a983-4a3c-b374-ea0f7f5bba74",
	"00000000-0000-0000-0000-000000000000",
	19,
	1,
	'UserInterface::BookingProvider::requestAvailableBookables line: 19');
INSERT INTO ACT_E
	VALUES ("b0608861-833e-4320-8389-5f1bdd145b40",
	"07059022-0ce5-4d26-8481-4f59c92544e0",
	"6dff0807-a904-4a53-b9cc-d2fc0fd9eb42");
INSERT INTO V_VAL
	VALUES ("8182a31b-9d6c-4400-bf50-48cea2628c55",
	0,
	0,
	1,
	60,
	-1,
	0,
	0,
	0,
	0,
	"ba5eda7a-def5-0000-0000-000000000008",
	"d12fa134-a983-4a3c-b374-ea0f7f5bba74");
INSERT INTO V_SLR
	VALUES ("8182a31b-9d6c-4400-bf50-48cea2628c55",
	"00000000-0000-0000-0000-000000000000",
	"00000000-0000-0000-0000-000000000000",
	"00000000-0000-0000-0000-000000000000");
INSERT INTO V_VAL
	VALUES ("9c48d8dc-bad2-4dee-95ce-a99b5aa04492",
	0,
	0,
	1,
	69,
	70,
	0,
	0,
	0,
	0,
	"ba5eda7a-def5-0000-0000-000000000005",
	"d12fa134-a983-4a3c-b374-ea0f7f5bba74");
INSERT INTO V_AVL
	VALUES ("9c48d8dc-bad2-4dee-95ce-a99b5aa04492",
	"8182a31b-9d6c-4400-bf50-48cea2628c55",
	"7137c09d-ba0e-406b-b3b5-76bb3cc48f3d",
	"df46d3b5-7060-4611-8908-d535d035865a");
INSERT INTO V_VAL
	VALUES ("973e18a3-d2f5-4c15-9e2d-93e8ed15405f",
	0,
	0,
	-1,
	-1,
	-1,
	0,
	0,
	0,
	0,
	"ba5eda7a-def5-0000-0000-000000000001",
	"d12fa134-a983-4a3c-b374-ea0f7f5bba74");
INSERT INTO V_BIN
	VALUES ("973e18a3-d2f5-4c15-9e2d-93e8ed15405f",
	"ac3ed595-e61c-4e9c-9cd4-999b181db2bd",
	"9c48d8dc-bad2-4dee-95ce-a99b5aa04492",
	'==');
INSERT INTO V_VAL
	VALUES ("ac3ed595-e61c-4e9c-9cd4-999b181db2bd",
	0,
	0,
	1,
	81,
	89,
	0,
	0,
	0,
	0,
	"ba5eda7a-def5-0000-0000-000000000005",
	"d12fa134-a983-4a3c-b374-ea0f7f5bba74");
INSERT INTO V_PVL
	VALUES ("ac3ed595-e61c-4e9c-9cd4-999b181db2bd",
	"00000000-0000-0000-0000-000000000000",
	"00000000-0000-0000-0000-000000000000",
	"00000000-0000-0000-0000-000000000000",
	"440d61eb-481a-4ea0-b89c-0bc624d141a3");
INSERT INTO V_VAL
	VALUES ("22268b46-690c-4f41-a08f-a10ade298b4c",
	0,
	0,
	3,
	15,
	21,
	0,
	0,
	0,
	0,
	"ba5eda7a-def5-0000-0000-000000000008",
	"d12fa134-a983-4a3c-b374-ea0f7f5bba74");
INSERT INTO V_IRF
	VALUES ("22268b46-690c-4f41-a08f-a10ade298b4c",
	"acf26e11-e2e0-4d0c-8cc2-352e99cc4e6b");
INSERT INTO V_VAL
	VALUES ("a73d6d1b-b933-436c-b4d3-d124cc483331",
	0,
	0,
	-1,
	-1,
	-1,
	0,
	0,
	0,
	0,
	"ba5eda7a-def5-0000-0000-000000000001",
	"d12fa134-a983-4a3c-b374-ea0f7f5bba74");
INSERT INTO V_UNY
	VALUES ("a73d6d1b-b933-436c-b4d3-d124cc483331",
	"22268b46-690c-4f41-a08f-a10ade298b4c",
	'not_empty');
INSERT INTO V_VAR
	VALUES ("acf26e11-e2e0-4d0c-8cc2-352e99cc4e6b",
	"d12fa134-a983-4a3c-b374-ea0f7f5bba74",
	'session',
	1,
	"ba5eda7a-def5-0000-0000-000000000008");
INSERT INTO V_INT
	VALUES ("acf26e11-e2e0-4d0c-8cc2-352e99cc4e6b",
	0,
	"7137c09d-ba0e-406b-b3b5-76bb3cc48f3d");
INSERT INTO V_LOC
	VALUES ("400d3dc3-703a-475b-bf0b-6ad1944dc105",
	1,
	12,
	18,
	"acf26e11-e2e0-4d0c-8cc2-352e99cc4e6b");
INSERT INTO V_LOC
	VALUES ("8b3e068e-747c-4d27-9540-6252d09f56a5",
	4,
	11,
	17,
	"acf26e11-e2e0-4d0c-8cc2-352e99cc4e6b");
INSERT INTO ACT_BLK
	VALUES ("740245c4-e72c-4f85-b95c-43d5016e4fc8",
	0,
	0,
	0,
	'',
	'',
	'',
	11,
	2,
	0,
	0,
	0,
	0,
	0,
	0,
	0,
	0,
	0,
	0,
	0,
	"7216d00e-04cc-4b3b-802b-8005ea6076e7",
	"00000000-0000-0000-0000-000000000000");
INSERT INTO ACT_SMT
	VALUES ("78c3e45e-2816-4cd1-9c85-4314edee8036",
	"740245c4-e72c-4f85-b95c-43d5016e4fc8",
	"956a30f4-2825-486e-80d7-0631d53e9457",
	4,
	2,
	'UserInterface::BookingProvider::requestAvailableBookables line: 4');
INSERT INTO ACT_AI
	VALUES ("78c3e45e-2816-4cd1-9c85-4314edee8036",
	"6b889829-5d21-43e4-99b8-be995f95ffc1",
	"6eaf8c52-1d71-4b47-a116-0d891cea6222",
	0,
	0);
INSERT INTO ACT_SMT
	VALUES ("956a30f4-2825-486e-80d7-0631d53e9457",
	"740245c4-e72c-4f85-b95c-43d5016e4fc8",
	"b7ad2569-c06a-4430-afe3-2658c9bcfc37",
	7,
	2,
	'UserInterface::BookingProvider::requestAvailableBookables line: 7');
INSERT INTO ACT_IF
	VALUES ("956a30f4-2825-486e-80d7-0631d53e9457",
	"d2521f93-360d-4cf6-84af-833aa6d63a36",
	"ee5ad919-b52f-49e4-a6ef-222544f65419",
	"00000000-0000-0000-0000-000000000000",
	"00000000-0000-0000-0000-000000000000");
INSERT INTO ACT_SMT
	VALUES ("b7ad2569-c06a-4430-afe3-2658c9bcfc37",
	"740245c4-e72c-4f85-b95c-43d5016e4fc8",
	"00000000-0000-0000-0000-000000000000",
	11,
	2,
	'UserInterface::BookingProvider::requestAvailableBookables line: 11');
INSERT INTO ACT_FOR
	VALUES ("b7ad2569-c06a-4430-afe3-2658c9bcfc37",
	"87f2071d-188b-4c4c-b629-4a3f07b59c21",
	1,
	"6a801411-93d3-41d9-b680-8f8df1ef9fe8",
	"715d7709-a0f4-48eb-b7d7-111663716944",
	"bafdc953-1881-43a3-a5f1-9dcc7e2d60c3");
INSERT INTO V_VAL
	VALUES ("6eaf8c52-1d71-4b47-a116-0d891cea6222",
	1,
	1,
	4,
	2,
	7,
	0,
	0,
	0,
	0,
	"ebb6007c-c361-40c7-ad5b-5b07d6a01d41",
	"740245c4-e72c-4f85-b95c-43d5016e4fc8");
INSERT INTO V_ISR
	VALUES ("6eaf8c52-1d71-4b47-a116-0d891cea6222",
	"715d7709-a0f4-48eb-b7d7-111663716944");
INSERT INTO V_VAL
	VALUES ("6b889829-5d21-43e4-99b8-be995f95ffc1",
	0,
	0,
	4,
	19,
	-1,
	4,
	26,
	6,
	8,
	"ebb6007c-c361-40c7-ad5b-5b07d6a01d41",
	"740245c4-e72c-4f85-b95c-43d5016e4fc8");
INSERT INTO V_TRV
	VALUES ("6b889829-5d21-43e4-99b8-be995f95ffc1",
	"ad7ec6a1-0909-48cc-8bb1-e07002fbff5e",
	"acf26e11-e2e0-4d0c-8cc2-352e99cc4e6b",
	1,
	0,
	0);
INSERT INTO V_VAL
	VALUES ("84c354d8-a2b3-4f95-9eb7-ef9f997324bc",
	0,
	0,
	4,
	42,
	49,
	0,
	0,
	0,
	0,
	"ba5eda7a-def5-0000-0000-000000000010",
	"740245c4-e72c-4f85-b95c-43d5016e4fc8");
INSERT INTO V_PVL
	VALUES ("84c354d8-a2b3-4f95-9eb7-ef9f997324bc",
	"00000000-0000-0000-0000-000000000000",
	"00000000-0000-0000-0000-000000000000",
	"00000000-0000-0000-0000-000000000000",
	"bb7fca6d-dbf4-4e65-bf71-bad1b55fe0c7");
INSERT INTO V_PAR
	VALUES ("84c354d8-a2b3-4f95-9eb7-ef9f997324bc",
	"00000000-0000-0000-0000-000000000000",
	"6b889829-5d21-43e4-99b8-be995f95ffc1",
	'fromDate',
	"18c34ef4-e772-4df3-b958-63ac210ec9cd",
	4,
	26);
INSERT INTO V_VAL
	VALUES ("18c34ef4-e772-4df3-b958-63ac210ec9cd",
	0,
	0,
	5,
	22,
	27,
	0,
	0,
	0,
	0,
	"ba5eda7a-def5-0000-0000-000000000010",
	"740245c4-e72c-4f85-b95c-43d5016e4fc8");
INSERT INTO V_PVL
	VALUES ("18c34ef4-e772-4df3-b958-63ac210ec9cd",
	"00000000-0000-0000-0000-000000000000",
	"00000000-0000-0000-0000-000000000000",
	"00000000-0000-0000-0000-000000000000",
	"5b1beab7-9ad5-43f6-84fb-0e6f38b599d5");
INSERT INTO V_PAR
	VALUES ("18c34ef4-e772-4df3-b958-63ac210ec9cd",
	"00000000-0000-0000-0000-000000000000",
	"6b889829-5d21-43e4-99b8-be995f95ffc1",
	'toDate',
	"2f34a025-813e-4119-9238-2c467ab55a80",
	5,
	8);
INSERT INTO V_VAL
	VALUES ("2f34a025-813e-4119-9238-2c467ab55a80",
	0,
	0,
	6,
	28,
	39,
	0,
	0,
	0,
	0,
	"ba5eda7a-def5-0000-0000-000000000002",
	"740245c4-e72c-4f85-b95c-43d5016e4fc8");
INSERT INTO V_PVL
	VALUES ("2f34a025-813e-4119-9238-2c467ab55a80",
	"00000000-0000-0000-0000-000000000000",
	"00000000-0000-0000-0000-000000000000",
	"00000000-0000-0000-0000-000000000000",
	"904a3139-6502-47f8-a585-1b805644ae21");
INSERT INTO V_PAR
	VALUES ("2f34a025-813e-4119-9238-2c467ab55a80",
	"00000000-0000-0000-0000-000000000000",
	"6b889829-5d21-43e4-99b8-be995f95ffc1",
	'facilityType',
	"00000000-0000-0000-0000-000000000000",
	6,
	8);
INSERT INTO V_VAL
	VALUES ("375d1cd9-ac44-45ce-88e6-15e025ba36b4",
	0,
	0,
	7,
	11,
	16,
	0,
	0,
	0,
	0,
	"ebb6007c-c361-40c7-ad5b-5b07d6a01d41",
	"740245c4-e72c-4f85-b95c-43d5016e4fc8");
INSERT INTO V_ISR
	VALUES ("375d1cd9-ac44-45ce-88e6-15e025ba36b4",
	"715d7709-a0f4-48eb-b7d7-111663716944");
INSERT INTO V_VAL
	VALUES ("ee5ad919-b52f-49e4-a6ef-222544f65419",
	0,
	0,
	-1,
	-1,
	-1,
	0,
	0,
	0,
	0,
	"ba5eda7a-def5-0000-0000-000000000001",
	"740245c4-e72c-4f85-b95c-43d5016e4fc8");
INSERT INTO V_UNY
	VALUES ("ee5ad919-b52f-49e4-a6ef-222544f65419",
	"375d1cd9-ac44-45ce-88e6-15e025ba36b4",
	'empty');
INSERT INTO V_VAR
	VALUES ("715d7709-a0f4-48eb-b7d7-111663716944",
	"740245c4-e72c-4f85-b95c-43d5016e4fc8",
	'result',
	1,
	"ebb6007c-c361-40c7-ad5b-5b07d6a01d41");
INSERT INTO V_INS
	VALUES ("715d7709-a0f4-48eb-b7d7-111663716944",
	"bafdc953-1881-43a3-a5f1-9dcc7e2d60c3");
INSERT INTO V_LOC
	VALUES ("b20d4a35-345d-4f1b-ac94-66acc61d4393",
	4,
	2,
	7,
	"715d7709-a0f4-48eb-b7d7-111663716944");
INSERT INTO V_LOC
	VALUES ("0868b662-acf8-4606-af57-a241c80a6d8a",
	11,
	17,
	22,
	"715d7709-a0f4-48eb-b7d7-111663716944");
INSERT INTO V_VAR
	VALUES ("6a801411-93d3-41d9-b680-8f8df1ef9fe8",
	"740245c4-e72c-4f85-b95c-43d5016e4fc8",
	'ft',
	1,
	"99dc6d1a-909c-4bcb-a5b6-04d65b974e90");
INSERT INTO V_INT
	VALUES ("6a801411-93d3-41d9-b680-8f8df1ef9fe8",
	1,
	"bafdc953-1881-43a3-a5f1-9dcc7e2d60c3");
INSERT INTO V_LOC
	VALUES ("6d098b1e-5df8-48bc-aa28-a19efae302b2",
	11,
	11,
	12,
	"6a801411-93d3-41d9-b680-8f8df1ef9fe8");
INSERT INTO V_LOC
	VALUES ("4fe875f3-ea18-4013-9078-94b8ce2e4d9a",
	13,
	39,
	40,
	"6a801411-93d3-41d9-b680-8f8df1ef9fe8");
INSERT INTO V_LOC
	VALUES ("45450e89-04d7-47fc-94a2-f5fb937b7587",
	16,
	27,
	28,
	"6a801411-93d3-41d9-b680-8f8df1ef9fe8");
INSERT INTO ACT_BLK
	VALUES ("d2521f93-360d-4cf6-84af-833aa6d63a36",
	0,
	0,
	0,
	'BookingProvider',
	'',
	'',
	8,
	3,
	8,
	8,
	0,
	0,
	0,
	0,
	0,
	0,
	0,
	0,
	0,
	"7216d00e-04cc-4b3b-802b-8005ea6076e7",
	"00000000-0000-0000-0000-000000000000");
INSERT INTO ACT_SMT
	VALUES ("188cea96-60b5-4262-ade5-fc5402d844e5",
	"d2521f93-360d-4cf6-84af-833aa6d63a36",
	"00000000-0000-0000-0000-000000000000",
	8,
	3,
	'UserInterface::BookingProvider::requestAvailableBookables line: 8');
INSERT INTO ACT_SGN
	VALUES ("188cea96-60b5-4262-ade5-fc5402d844e5",
	8,
	25,
	8,
	8,
	"6752f1fb-4d87-4e38-a4d2-a76b30240df9",
	"00000000-0000-0000-0000-000000000000",
	"00000000-0000-0000-0000-000000000000");
INSERT INTO V_VAL
	VALUES ("dd2143d9-e15f-430c-99dd-25f3882b85b3",
	0,
	0,
	8,
	46,
	60,
	0,
	0,
	0,
	0,
	"ba5eda7a-def5-0000-0000-000000000004",
	"d2521f93-360d-4cf6-84af-833aa6d63a36");
INSERT INTO V_LST
	VALUES ("dd2143d9-e15f-430c-99dd-25f3882b85b3",
	'No rooms found');
INSERT INTO V_PAR
	VALUES ("dd2143d9-e15f-430c-99dd-25f3882b85b3",
	"188cea96-60b5-4262-ade5-fc5402d844e5",
	"00000000-0000-0000-0000-000000000000",
	'message',
	"00000000-0000-0000-0000-000000000000",
	8,
	37);
INSERT INTO ACT_BLK
	VALUES ("87f2071d-188b-4c4c-b629-4a3f07b59c21",
	1,
	0,
	0,
	'BookingProvider',
	'',
	'',
	13,
	3,
	13,
	8,
	0,
	0,
	12,
	40,
	0,
	0,
	0,
	0,
	0,
	"7216d00e-04cc-4b3b-802b-8005ea6076e7",
	"00000000-0000-0000-0000-000000000000");
INSERT INTO ACT_SMT
	VALUES ("dc105740-e7b2-4f96-a58f-bfee402d4aec",
	"87f2071d-188b-4c4c-b629-4a3f07b59c21",
	"6c70d70c-4afa-4ef6-84b4-ba759a6f281f",
	12,
	3,
	'UserInterface::BookingProvider::requestAvailableBookables line: 12');
INSERT INTO ACT_SEL
	VALUES ("dc105740-e7b2-4f96-a58f-bfee402d4aec",
	"d493e79a-e9f7-4bc8-9e7c-2dc3d00782e3",
	1,
	'one',
	"cd5ad996-1a76-45a0-ad56-fcff23294650");
INSERT INTO ACT_SR
	VALUES ("dc105740-e7b2-4f96-a58f-bfee402d4aec");
INSERT INTO ACT_LNK
	VALUES ("a78e2fe5-a421-4620-b43e-936a8c479540",
	'',
	"dc105740-e7b2-4f96-a58f-bfee402d4aec",
	"655f93cd-124d-4c1c-8fee-9a2f5468ffe1",
	"00000000-0000-0000-0000-000000000000",
	2,
	"803702ba-1594-4405-b96a-8c76b6ef1c69",
	12,
	31,
	12,
	40,
	0,
	0);
INSERT INTO ACT_SMT
	VALUES ("6c70d70c-4afa-4ef6-84b4-ba759a6f281f",
	"87f2071d-188b-4c4c-b629-4a3f07b59c21",
	"00000000-0000-0000-0000-000000000000",
	13,
	3,
	'UserInterface::BookingProvider::requestAvailableBookables line: 13');
INSERT INTO ACT_SGN
	VALUES ("6c70d70c-4afa-4ef6-84b4-ba759a6f281f",
	13,
	25,
	13,
	8,
	"bd3fdb96-1c93-414b-9f1d-6b837b25374d",
	"00000000-0000-0000-0000-000000000000",
	"00000000-0000-0000-0000-000000000000");
INSERT INTO V_VAL
	VALUES ("cd5ad996-1a76-45a0-ad56-fcff23294650",
	0,
	0,
	12,
	27,
	28,
	0,
	0,
	0,
	0,
	"99dc6d1a-909c-4bcb-a5b6-04d65b974e90",
	"87f2071d-188b-4c4c-b629-4a3f07b59c21");
INSERT INTO V_IRF
	VALUES ("cd5ad996-1a76-45a0-ad56-fcff23294650",
	"6a801411-93d3-41d9-b680-8f8df1ef9fe8");
INSERT INTO V_VAL
	VALUES ("58e76ada-ad91-4988-becd-89d0a2eb9e30",
	0,
	0,
	13,
	39,
	40,
	0,
	0,
	0,
	0,
	"99dc6d1a-909c-4bcb-a5b6-04d65b974e90",
	"87f2071d-188b-4c4c-b629-4a3f07b59c21");
INSERT INTO V_IRF
	VALUES ("58e76ada-ad91-4988-becd-89d0a2eb9e30",
	"6a801411-93d3-41d9-b680-8f8df1ef9fe8");
INSERT INTO V_VAL
	VALUES ("a679669b-94bc-4e4e-b129-e06aee0b40f3",
	0,
	0,
	13,
	42,
	43,
	0,
	0,
	0,
	0,
	"ba5eda7a-def5-0000-0000-000000000005",
	"87f2071d-188b-4c4c-b629-4a3f07b59c21");
INSERT INTO V_AVL
	VALUES ("a679669b-94bc-4e4e-b129-e06aee0b40f3",
	"58e76ada-ad91-4988-becd-89d0a2eb9e30",
	"bafdc953-1881-43a3-a5f1-9dcc7e2d60c3",
	"c7050232-2f33-4247-8fc7-4866e3c7280d");
INSERT INTO V_PAR
	VALUES ("a679669b-94bc-4e4e-b129-e06aee0b40f3",
	"6c70d70c-4afa-4ef6-84b4-ba759a6f281f",
	"00000000-0000-0000-0000-000000000000",
	'id',
	"52c8ddf5-7ad7-4381-8c97-c3c8f11b3482",
	13,
	35);
INSERT INTO V_VAL
	VALUES ("fad126d0-444f-496d-88df-db8b3c8d0e0a",
	0,
	0,
	14,
	18,
	18,
	0,
	0,
	0,
	0,
	"bdce89ef-72f6-4386-ba13-b2d926836c80",
	"87f2071d-188b-4c4c-b629-4a3f07b59c21");
INSERT INTO V_IRF
	VALUES ("fad126d0-444f-496d-88df-db8b3c8d0e0a",
	"d493e79a-e9f7-4bc8-9e7c-2dc3d00782e3");
INSERT INTO V_VAL
	VALUES ("52c8ddf5-7ad7-4381-8c97-c3c8f11b3482",
	0,
	0,
	14,
	20,
	24,
	0,
	0,
	0,
	0,
	"ba5eda7a-def5-0000-0000-000000000002",
	"87f2071d-188b-4c4c-b629-4a3f07b59c21");
INSERT INTO V_AVL
	VALUES ("52c8ddf5-7ad7-4381-8c97-c3c8f11b3482",
	"fad126d0-444f-496d-88df-db8b3c8d0e0a",
	"803702ba-1594-4405-b96a-8c76b6ef1c69",
	"8ccbac66-5148-4ed4-bb36-09215ce15366");
INSERT INTO V_PAR
	VALUES ("52c8ddf5-7ad7-4381-8c97-c3c8f11b3482",
	"6c70d70c-4afa-4ef6-84b4-ba759a6f281f",
	"00000000-0000-0000-0000-000000000000",
	'price',
	"992510f2-da18-43b5-92c5-f796c02400d2",
	14,
	11);
INSERT INTO V_VAL
	VALUES ("9a22a8c6-69ff-4b5a-9cd2-a11cda099c25",
	0,
	0,
	15,
	24,
	24,
	0,
	0,
	0,
	0,
	"bdce89ef-72f6-4386-ba13-b2d926836c80",
	"87f2071d-188b-4c4c-b629-4a3f07b59c21");
INSERT INTO V_IRF
	VALUES ("9a22a8c6-69ff-4b5a-9cd2-a11cda099c25",
	"d493e79a-e9f7-4bc8-9e7c-2dc3d00782e3");
INSERT INTO V_VAL
	VALUES ("992510f2-da18-43b5-92c5-f796c02400d2",
	0,
	0,
	15,
	26,
	36,
	0,
	0,
	0,
	0,
	"ba5eda7a-def5-0000-0000-000000000004",
	"87f2071d-188b-4c4c-b629-4a3f07b59c21");
INSERT INTO V_AVL
	VALUES ("992510f2-da18-43b5-92c5-f796c02400d2",
	"9a22a8c6-69ff-4b5a-9cd2-a11cda099c25",
	"803702ba-1594-4405-b96a-8c76b6ef1c69",
	"7edb737c-eda0-435c-ab44-20ad0293ebdb");
INSERT INTO V_PAR
	VALUES ("992510f2-da18-43b5-92c5-f796c02400d2",
	"6c70d70c-4afa-4ef6-84b4-ba759a6f281f",
	"00000000-0000-0000-0000-000000000000",
	'description',
	"2d7e31b6-d136-4365-8cdf-a65bac3086f9",
	15,
	11);
INSERT INTO V_VAL
	VALUES ("3a3061d1-9556-4cab-be15-95b2652f7e0c",
	0,
	0,
	16,
	27,
	28,
	0,
	0,
	0,
	0,
	"99dc6d1a-909c-4bcb-a5b6-04d65b974e90",
	"87f2071d-188b-4c4c-b629-4a3f07b59c21");
INSERT INTO V_IRF
	VALUES ("3a3061d1-9556-4cab-be15-95b2652f7e0c",
	"6a801411-93d3-41d9-b680-8f8df1ef9fe8");
INSERT INTO V_VAL
	VALUES ("2d7e31b6-d136-4365-8cdf-a65bac3086f9",
	0,
	0,
	16,
	30,
	44,
	0,
	0,
	0,
	0,
	"ba5eda7a-def5-0000-0000-000000000004",
	"87f2071d-188b-4c4c-b629-4a3f07b59c21");
INSERT INTO V_AVL
	VALUES ("2d7e31b6-d136-4365-8cdf-a65bac3086f9",
	"3a3061d1-9556-4cab-be15-95b2652f7e0c",
	"bafdc953-1881-43a3-a5f1-9dcc7e2d60c3",
	"839b61ce-d63e-49ba-a0ae-d1b0093bb680");
INSERT INTO V_PAR
	VALUES ("2d7e31b6-d136-4365-8cdf-a65bac3086f9",
	"6c70d70c-4afa-4ef6-84b4-ba759a6f281f",
	"00000000-0000-0000-0000-000000000000",
	'aproximateArea',
	"189e77aa-4ce8-4da0-8a8c-1fee65fe877e",
	16,
	11);
INSERT INTO V_VAL
	VALUES ("189e77aa-4ce8-4da0-8a8c-1fee65fe877e",
	0,
	0,
	-1,
	-1,
	-1,
	0,
	0,
	0,
	0,
	"ba5eda7a-def5-0000-0000-000000000001",
	"87f2071d-188b-4c4c-b629-4a3f07b59c21");
INSERT INTO V_LBO
	VALUES ("189e77aa-4ce8-4da0-8a8c-1fee65fe877e",
	'FALSE');
INSERT INTO V_PAR
	VALUES ("189e77aa-4ce8-4da0-8a8c-1fee65fe877e",
	"6c70d70c-4afa-4ef6-84b4-ba759a6f281f",
	"00000000-0000-0000-0000-000000000000",
	'independent',
	"00000000-0000-0000-0000-000000000000",
	17,
	11);
INSERT INTO V_VAR
	VALUES ("d493e79a-e9f7-4bc8-9e7c-2dc3d00782e3",
	"87f2071d-188b-4c4c-b629-4a3f07b59c21",
	'b',
	1,
	"bdce89ef-72f6-4386-ba13-b2d926836c80");
INSERT INTO V_INT
	VALUES ("d493e79a-e9f7-4bc8-9e7c-2dc3d00782e3",
	0,
	"803702ba-1594-4405-b96a-8c76b6ef1c69");
INSERT INTO V_LOC
	VALUES ("3dfc1c70-b5f4-4a38-a6f3-20ff9d5f6d37",
	12,
	14,
	14,
	"d493e79a-e9f7-4bc8-9e7c-2dc3d00782e3");
INSERT INTO V_LOC
	VALUES ("5b53131f-566b-4e33-b3be-5053c74e53a0",
	14,
	18,
	18,
	"d493e79a-e9f7-4bc8-9e7c-2dc3d00782e3");
INSERT INTO V_LOC
	VALUES ("88137ea7-a797-441b-8fc5-074d7a7776ec",
	15,
	24,
	24,
	"d493e79a-e9f7-4bc8-9e7c-2dc3d00782e3");
INSERT INTO ACT_BLK
	VALUES ("07059022-0ce5-4d26-8481-4f59c92544e0",
	0,
	0,
	0,
	'BookingProvider',
	'',
	'',
	20,
	2,
	20,
	7,
	0,
	0,
	0,
	0,
	0,
	0,
	0,
	0,
	0,
	"7216d00e-04cc-4b3b-802b-8005ea6076e7",
	"00000000-0000-0000-0000-000000000000");
INSERT INTO ACT_SMT
	VALUES ("68b7d7b8-c865-4042-8b68-ff60346e16e2",
	"07059022-0ce5-4d26-8481-4f59c92544e0",
	"00000000-0000-0000-0000-000000000000",
	20,
	2,
	'UserInterface::BookingProvider::requestAvailableBookables line: 20');
INSERT INTO ACT_SGN
	VALUES ("68b7d7b8-c865-4042-8b68-ff60346e16e2",
	20,
	24,
	20,
	7,
	"6752f1fb-4d87-4e38-a4d2-a76b30240df9",
	"00000000-0000-0000-0000-000000000000",
	"00000000-0000-0000-0000-000000000000");
INSERT INTO V_VAL
	VALUES ("b6ab8d1a-5b22-48c9-9968-ab04afdaa1e2",
	0,
	0,
	20,
	45,
	62,
	0,
	0,
	0,
	0,
	"ba5eda7a-def5-0000-0000-000000000004",
	"07059022-0ce5-4d26-8481-4f59c92544e0");
INSERT INTO V_LST
	VALUES ("b6ab8d1a-5b22-48c9-9968-ab04afdaa1e2",
	'Session not found');
INSERT INTO V_PAR
	VALUES ("b6ab8d1a-5b22-48c9-9968-ab04afdaa1e2",
	"68b7d7b8-c865-4042-8b68-ff60346e16e2",
	"00000000-0000-0000-0000-000000000000",
	'message',
	"00000000-0000-0000-0000-000000000000",
	20,
	36);
INSERT INTO SPR_PEP
	VALUES ("bd3fdb96-1c93-414b-9f1d-6b837b25374d",
	"54d1cfcd-e847-40b5-be88-ddf038c56595",
	"36293ad6-77b6-4c0b-a2dd-f02064f6189a");
INSERT INTO SPR_PS
	VALUES ("bd3fdb96-1c93-414b-9f1d-6b837b25374d",
	'available',
	'',
	'',
	1);
INSERT INTO ACT_PSB
	VALUES ("c7e6afb4-c596-4f6b-951f-0c79038dfead",
	"bd3fdb96-1c93-414b-9f1d-6b837b25374d");
INSERT INTO ACT_ACT
	VALUES ("c7e6afb4-c596-4f6b-951f-0c79038dfead",
	'signal',
	0,
	"f23740a4-44f0-4d1a-9c25-8eac3bebb665",
	"00000000-0000-0000-0000-000000000000",
	0,
	'UserInterface::BookingProvider::available',
	"00000000-0000-0000-0000-000000000000");
INSERT INTO ACT_BLK
	VALUES ("f23740a4-44f0-4d1a-9c25-8eac3bebb665",
	0,
	0,
	0,
	'',
	'',
	'',
	0,
	0,
	0,
	0,
	0,
	0,
	0,
	0,
	0,
	0,
	0,
	0,
	0,
	"c7e6afb4-c596-4f6b-951f-0c79038dfead",
	"00000000-0000-0000-0000-000000000000");
INSERT INTO SPR_PEP
	VALUES ("abc6b7f2-37a1-405e-a869-e8c1c3ff68f8",
	"55b848f9-d68a-4698-bf86-446ac83e49f5",
	"36293ad6-77b6-4c0b-a2dd-f02064f6189a");
INSERT INTO SPR_PS
	VALUES ("abc6b7f2-37a1-405e-a869-e8c1c3ff68f8",
	'select',
	'',
	'',
	1);
INSERT INTO ACT_PSB
	VALUES ("bf09816d-dd5c-4754-937e-053ea955dfda",
	"abc6b7f2-37a1-405e-a869-e8c1c3ff68f8");
INSERT INTO ACT_ACT
	VALUES ("bf09816d-dd5c-4754-937e-053ea955dfda",
	'signal',
	0,
	"50f3a041-f3a3-4478-852f-a213ad2a783e",
	"00000000-0000-0000-0000-000000000000",
	0,
	'UserInterface::BookingProvider::select',
	"00000000-0000-0000-0000-000000000000");
INSERT INTO ACT_BLK
	VALUES ("50f3a041-f3a3-4478-852f-a213ad2a783e",
	0,
	0,
	0,
	'',
	'',
	'',
	0,
	0,
	0,
	0,
	0,
	0,
	0,
	0,
	0,
	0,
	0,
	0,
	0,
	"bf09816d-dd5c-4754-937e-053ea955dfda",
	"00000000-0000-0000-0000-000000000000");
INSERT INTO SPR_PEP
	VALUES ("e57ea280-c4da-4c33-a6bd-b5a55b1d476a",
	"10d65452-16c4-45b0-ad3e-4dec03bb99a7",
	"36293ad6-77b6-4c0b-a2dd-f02064f6189a");
INSERT INTO SPR_PS
	VALUES ("e57ea280-c4da-4c33-a6bd-b5a55b1d476a",
	'extraServices',
	'',
	'',
	1);
INSERT INTO ACT_PSB
	VALUES ("ed3a9f13-e8db-48e8-8e44-60ff5ae62057",
	"e57ea280-c4da-4c33-a6bd-b5a55b1d476a");
INSERT INTO ACT_ACT
	VALUES ("ed3a9f13-e8db-48e8-8e44-60ff5ae62057",
	'signal',
	0,
	"742eb8c6-f586-4b60-8726-418248b6976d",
	"00000000-0000-0000-0000-000000000000",
	0,
	'UserInterface::BookingProvider::extraServices',
	"00000000-0000-0000-0000-000000000000");
INSERT INTO ACT_BLK
	VALUES ("742eb8c6-f586-4b60-8726-418248b6976d",
	0,
	0,
	0,
	'',
	'',
	'',
	0,
	0,
	0,
	0,
	0,
	0,
	0,
	0,
	0,
	0,
	0,
	0,
	0,
	"ed3a9f13-e8db-48e8-8e44-60ff5ae62057",
	"00000000-0000-0000-0000-000000000000");
INSERT INTO SPR_PEP
	VALUES ("f4f69049-a18c-40db-908e-fde4956ebd16",
	"87ed1c56-1bee-4041-bca4-056967095bc2",
	"36293ad6-77b6-4c0b-a2dd-f02064f6189a");
INSERT INTO SPR_PS
	VALUES ("f4f69049-a18c-40db-908e-fde4956ebd16",
	'addServices',
	'',
	'',
	1);
INSERT INTO ACT_PSB
	VALUES ("c16c5645-2033-4bf5-b0ea-105359afd777",
	"f4f69049-a18c-40db-908e-fde4956ebd16");
INSERT INTO ACT_ACT
	VALUES ("c16c5645-2033-4bf5-b0ea-105359afd777",
	'signal',
	0,
	"cba07187-218f-487f-b7f1-25d812832c0f",
	"00000000-0000-0000-0000-000000000000",
	0,
	'UserInterface::BookingProvider::addServices',
	"00000000-0000-0000-0000-000000000000");
INSERT INTO ACT_BLK
	VALUES ("cba07187-218f-487f-b7f1-25d812832c0f",
	0,
	0,
	0,
	'',
	'',
	'',
	0,
	0,
	0,
	0,
	0,
	0,
	0,
	0,
	0,
	0,
	0,
	0,
	0,
	"c16c5645-2033-4bf5-b0ea-105359afd777",
	"00000000-0000-0000-0000-000000000000");
INSERT INTO SPR_PEP
	VALUES ("bf9df925-e6b4-4ed6-80d9-5ccf5795e43b",
	"57eb1124-4a29-48ad-8677-d8760788067a",
	"36293ad6-77b6-4c0b-a2dd-f02064f6189a");
INSERT INTO SPR_PS
	VALUES ("bf9df925-e6b4-4ed6-80d9-5ccf5795e43b",
	'customerDetails',
	'',
	'',
	1);
INSERT INTO ACT_PSB
	VALUES ("2f45a649-b90a-4356-bd08-a1691bd7e56a",
	"bf9df925-e6b4-4ed6-80d9-5ccf5795e43b");
INSERT INTO ACT_ACT
	VALUES ("2f45a649-b90a-4356-bd08-a1691bd7e56a",
	'signal',
	0,
	"9710a987-b04f-46f0-8569-4606a9cd5783",
	"00000000-0000-0000-0000-000000000000",
	0,
	'UserInterface::BookingProvider::customerDetails',
	"00000000-0000-0000-0000-000000000000");
INSERT INTO ACT_BLK
	VALUES ("9710a987-b04f-46f0-8569-4606a9cd5783",
	0,
	0,
	0,
	'',
	'',
	'',
	0,
	0,
	0,
	0,
	0,
	0,
	0,
	0,
	0,
	0,
	0,
	0,
	0,
	"2f45a649-b90a-4356-bd08-a1691bd7e56a",
	"00000000-0000-0000-0000-000000000000");
INSERT INTO SPR_PEP
	VALUES ("0c0df819-2738-4521-8efe-cfb0e7d5f5ac",
	"275df8ce-b628-4b96-85dd-66e9224fc9df",
	"36293ad6-77b6-4c0b-a2dd-f02064f6189a");
INSERT INTO SPR_PS
	VALUES ("0c0df819-2738-4521-8efe-cfb0e7d5f5ac",
	'addGuest',
	'',
	'',
	1);
INSERT INTO ACT_PSB
	VALUES ("689ac8fa-2a09-4c7f-a5b5-fc777d829c31",
	"0c0df819-2738-4521-8efe-cfb0e7d5f5ac");
INSERT INTO ACT_ACT
	VALUES ("689ac8fa-2a09-4c7f-a5b5-fc777d829c31",
	'signal',
	0,
	"a1b3545f-8758-4884-a441-a35ce2f32ceb",
	"00000000-0000-0000-0000-000000000000",
	0,
	'UserInterface::BookingProvider::addGuest',
	"00000000-0000-0000-0000-000000000000");
INSERT INTO ACT_BLK
	VALUES ("a1b3545f-8758-4884-a441-a35ce2f32ceb",
	0,
	0,
	0,
	'',
	'',
	'',
	0,
	0,
	0,
	0,
	0,
	0,
	0,
	0,
	0,
	0,
	0,
	0,
	0,
	"689ac8fa-2a09-4c7f-a5b5-fc777d829c31",
	"00000000-0000-0000-0000-000000000000");
INSERT INTO SPR_PEP
	VALUES ("100207a1-8747-4b7c-a2b4-4b3cd928a7e1",
	"40e06920-24e2-499d-b1c8-deb66c9637ec",
	"36293ad6-77b6-4c0b-a2dd-f02064f6189a");
INSERT INTO SPR_PS
	VALUES ("100207a1-8747-4b7c-a2b4-4b3cd928a7e1",
	'paymentInfo',
	'',
	'',
	1);
INSERT INTO ACT_PSB
	VALUES ("977b338b-e4cc-4bd3-bc4b-818908ce304a",
	"100207a1-8747-4b7c-a2b4-4b3cd928a7e1");
INSERT INTO ACT_ACT
	VALUES ("977b338b-e4cc-4bd3-bc4b-818908ce304a",
	'signal',
	0,
	"c441c314-bfff-451f-a3f5-3fea81bf4384",
	"00000000-0000-0000-0000-000000000000",
	0,
	'UserInterface::BookingProvider::paymentInfo',
	"00000000-0000-0000-0000-000000000000");
INSERT INTO ACT_BLK
	VALUES ("c441c314-bfff-451f-a3f5-3fea81bf4384",
	0,
	0,
	0,
	'',
	'',
	'',
	0,
	0,
	0,
	0,
	0,
	0,
	0,
	0,
	0,
	0,
	0,
	0,
	0,
	"977b338b-e4cc-4bd3-bc4b-818908ce304a",
	"00000000-0000-0000-0000-000000000000");
INSERT INTO SPR_PEP
	VALUES ("adf84adb-26cf-413b-bd98-e3ff7028bfbd",
	"19aa6808-338c-45b0-8a31-1b3efb70b47a",
	"36293ad6-77b6-4c0b-a2dd-f02064f6189a");
INSERT INTO SPR_PS
	VALUES ("adf84adb-26cf-413b-bd98-e3ff7028bfbd",
	'bookingConfirmation',
	'',
	'',
	1);
INSERT INTO ACT_PSB
	VALUES ("7d8a540d-54b2-42e0-886a-cffa495c4a54",
	"adf84adb-26cf-413b-bd98-e3ff7028bfbd");
INSERT INTO ACT_ACT
	VALUES ("7d8a540d-54b2-42e0-886a-cffa495c4a54",
	'signal',
	0,
	"5f6f7d40-c64b-47cb-a54d-a96f9a0d36ee",
	"00000000-0000-0000-0000-000000000000",
	0,
	'UserInterface::BookingProvider::bookingConfirmation',
	"00000000-0000-0000-0000-000000000000");
INSERT INTO ACT_BLK
	VALUES ("5f6f7d40-c64b-47cb-a54d-a96f9a0d36ee",
	0,
	0,
	0,
	'',
	'',
	'',
	0,
	0,
	0,
	0,
	0,
	0,
	0,
	0,
	0,
	0,
	0,
	0,
	0,
	"7d8a540d-54b2-42e0-886a-cffa495c4a54",
	"00000000-0000-0000-0000-000000000000");
INSERT INTO SPR_PEP
	VALUES ("6752f1fb-4d87-4e38-a4d2-a76b30240df9",
	"89169ec3-d50b-4b5b-95fa-d95fb15c3f98",
	"36293ad6-77b6-4c0b-a2dd-f02064f6189a");
INSERT INTO SPR_PS
	VALUES ("6752f1fb-4d87-4e38-a4d2-a76b30240df9",
	'errorSignal',
	'',
	'',
	1);
INSERT INTO ACT_PSB
	VALUES ("e9ef12da-acbf-434c-9204-c84adf52eef7",
	"6752f1fb-4d87-4e38-a4d2-a76b30240df9");
INSERT INTO ACT_ACT
	VALUES ("e9ef12da-acbf-434c-9204-c84adf52eef7",
	'signal',
	0,
	"4212fd50-20a6-4768-8386-ba47eb0fdd15",
	"00000000-0000-0000-0000-000000000000",
	0,
	'UserInterface::BookingProvider::errorSignal',
	"00000000-0000-0000-0000-000000000000");
INSERT INTO ACT_BLK
	VALUES ("4212fd50-20a6-4768-8386-ba47eb0fdd15",
	0,
	0,
	0,
	'',
	'',
	'',
	0,
	0,
	0,
	0,
	0,
	0,
	0,
	0,
	0,
	0,
	0,
	0,
	0,
	"e9ef12da-acbf-434c-9204-c84adf52eef7",
	"00000000-0000-0000-0000-000000000000");
INSERT INTO SPR_PEP
	VALUES ("52f59bac-a1c2-4318-a901-bbe93808d139",
	"b21fad1b-897b-424f-84f8-01bdab76de49",
	"36293ad6-77b6-4c0b-a2dd-f02064f6189a");
INSERT INTO SPR_PS
	VALUES ("52f59bac-a1c2-4318-a901-bbe93808d139",
	'requestSession',
	'',
	'// Initialize a booking session
LOG::LogInfo(message: "Recieved session request");
create object instance session of BOOKINGSESSION;

create object instance booking of BOOKING;
relate session to booking across R26;

send BookingProvider::session(sessionID: session.ID);',
	1);
INSERT INTO ACT_PSB
	VALUES ("714c328c-23ee-43b8-afed-f8e0ea0ae1d4",
	"52f59bac-a1c2-4318-a901-bbe93808d139");
INSERT INTO ACT_ACT
	VALUES ("714c328c-23ee-43b8-afed-f8e0ea0ae1d4",
	'signal',
	0,
	"d485062e-866e-43e0-a9e0-f7fe6df691df",
	"00000000-0000-0000-0000-000000000000",
	0,
	'UserInterface::BookingProvider::requestSession',
	"00000000-0000-0000-0000-000000000000");
INSERT INTO ACT_BLK
	VALUES ("d485062e-866e-43e0-a9e0-f7fe6df691df",
	0,
	0,
	0,
	'BookingProvider',
	'',
	'',
	8,
	1,
	8,
	6,
	0,
	0,
	6,
	34,
	0,
	0,
	0,
	0,
	0,
	"714c328c-23ee-43b8-afed-f8e0ea0ae1d4",
	"00000000-0000-0000-0000-000000000000");
INSERT INTO ACT_SMT
	VALUES ("1d338e9a-c9b3-48fe-933f-6547fb741ca5",
	"d485062e-866e-43e0-a9e0-f7fe6df691df",
	"8b574d99-b667-4a08-8af2-0a07b0ca8f01",
	2,
	1,
	'UserInterface::BookingProvider::requestSession line: 2');
INSERT INTO ACT_BRG
	VALUES ("1d338e9a-c9b3-48fe-933f-6547fb741ca5",
	"768e1cca-7403-495c-9b22-afd11a473eb6",
	2,
	6,
	2,
	1);
INSERT INTO ACT_SMT
	VALUES ("8b574d99-b667-4a08-8af2-0a07b0ca8f01",
	"d485062e-866e-43e0-a9e0-f7fe6df691df",
	"b9f01f3e-b9ad-4845-9946-ead71de956c5",
	3,
	1,
	'UserInterface::BookingProvider::requestSession line: 3');
INSERT INTO ACT_CR
	VALUES ("8b574d99-b667-4a08-8af2-0a07b0ca8f01",
	"b4d7d766-62aa-4f36-b5b1-ae81c32bc873",
	1,
	"7137c09d-ba0e-406b-b3b5-76bb3cc48f3d",
	3,
	35);
INSERT INTO ACT_SMT
	VALUES ("b9f01f3e-b9ad-4845-9946-ead71de956c5",
	"d485062e-866e-43e0-a9e0-f7fe6df691df",
	"d86cbc74-c43c-45da-8347-144e85ab4b8f",
	5,
	1,
	'UserInterface::BookingProvider::requestSession line: 5');
INSERT INTO ACT_CR
	VALUES ("b9f01f3e-b9ad-4845-9946-ead71de956c5",
	"9b56522f-8551-49c4-89e8-74d360c7719f",
	1,
	"9a41fe9e-f547-4cde-b68d-f7db43c904dc",
	5,
	35);
INSERT INTO ACT_SMT
	VALUES ("d86cbc74-c43c-45da-8347-144e85ab4b8f",
	"d485062e-866e-43e0-a9e0-f7fe6df691df",
	"44ab501f-958f-4aa5-bbf1-9fac8b72de62",
	6,
	1,
	'UserInterface::BookingProvider::requestSession line: 6');
INSERT INTO ACT_REL
	VALUES ("d86cbc74-c43c-45da-8347-144e85ab4b8f",
	"b4d7d766-62aa-4f36-b5b1-ae81c32bc873",
	"9b56522f-8551-49c4-89e8-74d360c7719f",
	'',
	"a30fd0d6-3586-438e-8d6d-b3d3b14c0f03",
	6,
	34,
	0,
	0);
INSERT INTO ACT_SMT
	VALUES ("44ab501f-958f-4aa5-bbf1-9fac8b72de62",
	"d485062e-866e-43e0-a9e0-f7fe6df691df",
	"00000000-0000-0000-0000-000000000000",
	8,
	1,
	'UserInterface::BookingProvider::requestSession line: 8');
INSERT INTO ACT_SGN
	VALUES ("44ab501f-958f-4aa5-bbf1-9fac8b72de62",
	8,
	23,
	8,
	6,
	"9a412571-97a5-4764-873e-18ee296bab0f",
	"00000000-0000-0000-0000-000000000000",
	"00000000-0000-0000-0000-000000000000");
INSERT INTO V_VAL
	VALUES ("0f6510d9-f652-481f-97f7-7308cb771046",
	0,
	0,
	2,
	23,
	47,
	0,
	0,
	0,
	0,
	"ba5eda7a-def5-0000-0000-000000000004",
	"d485062e-866e-43e0-a9e0-f7fe6df691df");
INSERT INTO V_LST
	VALUES ("0f6510d9-f652-481f-97f7-7308cb771046",
	'Recieved session request');
INSERT INTO V_PAR
	VALUES ("0f6510d9-f652-481f-97f7-7308cb771046",
	"1d338e9a-c9b3-48fe-933f-6547fb741ca5",
	"00000000-0000-0000-0000-000000000000",
	'message',
	"00000000-0000-0000-0000-000000000000",
	2,
	14);
INSERT INTO V_VAL
	VALUES ("dbbf0191-9e27-4924-a2b2-80dbafb6078c",
	0,
	0,
	8,
	42,
	48,
	0,
	0,
	0,
	0,
	"ba5eda7a-def5-0000-0000-000000000008",
	"d485062e-866e-43e0-a9e0-f7fe6df691df");
INSERT INTO V_IRF
	VALUES ("dbbf0191-9e27-4924-a2b2-80dbafb6078c",
	"b4d7d766-62aa-4f36-b5b1-ae81c32bc873");
INSERT INTO V_VAL
	VALUES ("b90c7d19-b0b8-4039-a3b5-ddda9f1cf17c",
	0,
	0,
	8,
	50,
	51,
	0,
	0,
	0,
	0,
	"ba5eda7a-def5-0000-0000-000000000005",
	"d485062e-866e-43e0-a9e0-f7fe6df691df");
INSERT INTO V_AVL
	VALUES ("b90c7d19-b0b8-4039-a3b5-ddda9f1cf17c",
	"dbbf0191-9e27-4924-a2b2-80dbafb6078c",
	"7137c09d-ba0e-406b-b3b5-76bb3cc48f3d",
	"df46d3b5-7060-4611-8908-d535d035865a");
INSERT INTO V_PAR
	VALUES ("b90c7d19-b0b8-4039-a3b5-ddda9f1cf17c",
	"44ab501f-958f-4aa5-bbf1-9fac8b72de62",
	"00000000-0000-0000-0000-000000000000",
	'sessionID',
	"00000000-0000-0000-0000-000000000000",
	8,
	31);
INSERT INTO V_VAR
	VALUES ("b4d7d766-62aa-4f36-b5b1-ae81c32bc873",
	"d485062e-866e-43e0-a9e0-f7fe6df691df",
	'session',
	1,
	"ba5eda7a-def5-0000-0000-000000000008");
INSERT INTO V_INT
	VALUES ("b4d7d766-62aa-4f36-b5b1-ae81c32bc873",
	0,
	"7137c09d-ba0e-406b-b3b5-76bb3cc48f3d");
INSERT INTO V_LOC
	VALUES ("108588db-8aa7-43d9-bc39-cdf0c60668e6",
	3,
	24,
	30,
	"b4d7d766-62aa-4f36-b5b1-ae81c32bc873");
INSERT INTO V_LOC
	VALUES ("5336ee66-e34c-4443-8717-80c4525f9167",
	6,
	8,
	14,
	"b4d7d766-62aa-4f36-b5b1-ae81c32bc873");
INSERT INTO V_LOC
	VALUES ("4a4c2025-6faf-4650-8d24-e3beaf1ca55e",
	8,
	42,
	48,
	"b4d7d766-62aa-4f36-b5b1-ae81c32bc873");
INSERT INTO V_VAR
	VALUES ("9b56522f-8551-49c4-89e8-74d360c7719f",
	"d485062e-866e-43e0-a9e0-f7fe6df691df",
	'booking',
	1,
	"433f7688-7b95-4f9c-89f1-cf076d691ab7");
INSERT INTO V_INT
	VALUES ("9b56522f-8551-49c4-89e8-74d360c7719f",
	0,
	"9a41fe9e-f547-4cde-b68d-f7db43c904dc");
INSERT INTO V_LOC
	VALUES ("bcca9c35-543d-441e-844a-81ff1a5d51bf",
	5,
	24,
	30,
	"9b56522f-8551-49c4-89e8-74d360c7719f");
INSERT INTO V_LOC
	VALUES ("f3cf3657-569a-4334-891c-4eaef97d5cd9",
	6,
	19,
	25,
	"9b56522f-8551-49c4-89e8-74d360c7719f");
INSERT INTO SPR_PEP
	VALUES ("9a412571-97a5-4764-873e-18ee296bab0f",
	"0a31b7ea-b3a4-43b3-bfab-1e664637468e",
	"36293ad6-77b6-4c0b-a2dd-f02064f6189a");
INSERT INTO SPR_PS
	VALUES ("9a412571-97a5-4764-873e-18ee296bab0f",
	'session',
	'',
	'',
	1);
INSERT INTO ACT_PSB
	VALUES ("2d75c164-c579-4f3a-9c49-08ad321de51e",
	"9a412571-97a5-4764-873e-18ee296bab0f");
INSERT INTO ACT_ACT
	VALUES ("2d75c164-c579-4f3a-9c49-08ad321de51e",
	'signal',
	0,
	"be95b063-dfea-49b2-8999-facefa0bf675",
	"00000000-0000-0000-0000-000000000000",
	0,
	'UserInterface::BookingProvider::session',
	"00000000-0000-0000-0000-000000000000");
INSERT INTO ACT_BLK
	VALUES ("be95b063-dfea-49b2-8999-facefa0bf675",
	0,
	0,
	0,
	'',
	'',
	'',
	0,
	0,
	0,
	0,
	0,
	0,
	0,
	0,
	0,
	0,
	0,
	0,
	0,
	"2d75c164-c579-4f3a-9c49-08ad321de51e",
	"00000000-0000-0000-0000-000000000000");
INSERT INTO PE_PE
	VALUES ("960454f9-cf5f-4331-88bf-8023709586b1",
	1,
	"00000000-0000-0000-0000-000000000000",
	"ab2192c8-8390-4631-9e2c-fca2a1f30c08",
	7);
INSERT INTO EP_PKG
	VALUES ("960454f9-cf5f-4331-88bf-8023709586b1",
	"00000000-0000-0000-0000-000000000000",
	"77552e13-265a-4a67-beca-bb6af5f15d0b",
	'Hotel',
	'',
	0);
INSERT INTO PE_PE
	VALUES ("6557ebe6-ab9f-4355-8439-aba9a82c7dd3",
	1,
	"960454f9-cf5f-4331-88bf-8023709586b1",
	"00000000-0000-0000-0000-000000000000",
	3);
INSERT INTO S_DT
	VALUES ("6557ebe6-ab9f-4355-8439-aba9a82c7dd3",
	"00000000-0000-0000-0000-000000000000",
	'inst_ref_set<Facility>',
	'',
	'');
INSERT INTO S_IRDT
	VALUES ("6557ebe6-ab9f-4355-8439-aba9a82c7dd3",
	1,
	"4b839513-bd70-4d73-85ed-c06b10ee091a");
INSERT INTO PE_PE
	VALUES ("bd43dc09-3be2-4ae8-806d-bedb08b1e03c",
	1,
	"960454f9-cf5f-4331-88bf-8023709586b1",
	"00000000-0000-0000-0000-000000000000",
	3);
INSERT INTO S_DT
	VALUES ("bd43dc09-3be2-4ae8-806d-bedb08b1e03c",
	"00000000-0000-0000-0000-000000000000",
	'inst_ref<Facility>',
	'',
	'');
INSERT INTO S_IRDT
	VALUES ("bd43dc09-3be2-4ae8-806d-bedb08b1e03c",
	0,
	"4b839513-bd70-4d73-85ed-c06b10ee091a");
INSERT INTO PE_PE
	VALUES ("43b0cae0-5c1a-4413-9ef4-db5152923f7b",
	1,
	"960454f9-cf5f-4331-88bf-8023709586b1",
	"00000000-0000-0000-0000-000000000000",
	3);
INSERT INTO S_DT
	VALUES ("43b0cae0-5c1a-4413-9ef4-db5152923f7b",
	"00000000-0000-0000-0000-000000000000",
	'inst_ref_set<Booking>',
	'',
	'');
INSERT INTO S_IRDT
	VALUES ("43b0cae0-5c1a-4413-9ef4-db5152923f7b",
	1,
	"9a41fe9e-f547-4cde-b68d-f7db43c904dc");
INSERT INTO PE_PE
	VALUES ("433f7688-7b95-4f9c-89f1-cf076d691ab7",
	1,
	"960454f9-cf5f-4331-88bf-8023709586b1",
	"00000000-0000-0000-0000-000000000000",
	3);
INSERT INTO S_DT
	VALUES ("433f7688-7b95-4f9c-89f1-cf076d691ab7",
	"00000000-0000-0000-0000-000000000000",
	'inst_ref<Booking>',
	'',
	'');
INSERT INTO S_IRDT
	VALUES ("433f7688-7b95-4f9c-89f1-cf076d691ab7",
	0,
	"9a41fe9e-f547-4cde-b68d-f7db43c904dc");
INSERT INTO PE_PE
	VALUES ("df204ffe-8ba5-4335-839a-3b03a55091e7",
	1,
	"960454f9-cf5f-4331-88bf-8023709586b1",
	"00000000-0000-0000-0000-000000000000",
	3);
INSERT INTO S_DT
	VALUES ("df204ffe-8ba5-4335-839a-3b03a55091e7",
	"00000000-0000-0000-0000-000000000000",
	'inst_ref_set<Bookable>',
	'',
	'');
INSERT INTO S_IRDT
	VALUES ("df204ffe-8ba5-4335-839a-3b03a55091e7",
	1,
	"803702ba-1594-4405-b96a-8c76b6ef1c69");
INSERT INTO PE_PE
	VALUES ("bdce89ef-72f6-4386-ba13-b2d926836c80",
	1,
	"960454f9-cf5f-4331-88bf-8023709586b1",
	"00000000-0000-0000-0000-000000000000",
	3);
INSERT INTO S_DT
	VALUES ("bdce89ef-72f6-4386-ba13-b2d926836c80",
	"00000000-0000-0000-0000-000000000000",
	'inst_ref<Bookable>',
	'',
	'');
INSERT INTO S_IRDT
	VALUES ("bdce89ef-72f6-4386-ba13-b2d926836c80",
	0,
	"803702ba-1594-4405-b96a-8c76b6ef1c69");
INSERT INTO PE_PE
	VALUES ("ebb6007c-c361-40c7-ad5b-5b07d6a01d41",
	1,
	"960454f9-cf5f-4331-88bf-8023709586b1",
	"00000000-0000-0000-0000-000000000000",
	3);
INSERT INTO S_DT
	VALUES ("ebb6007c-c361-40c7-ad5b-5b07d6a01d41",
	"00000000-0000-0000-0000-000000000000",
	'inst_ref_set<FacilityType>',
	'',
	'');
INSERT INTO S_IRDT
	VALUES ("ebb6007c-c361-40c7-ad5b-5b07d6a01d41",
	1,
	"bafdc953-1881-43a3-a5f1-9dcc7e2d60c3");
INSERT INTO PE_PE
	VALUES ("99dc6d1a-909c-4bcb-a5b6-04d65b974e90",
	1,
	"960454f9-cf5f-4331-88bf-8023709586b1",
	"00000000-0000-0000-0000-000000000000",
	3);
INSERT INTO S_DT
	VALUES ("99dc6d1a-909c-4bcb-a5b6-04d65b974e90",
	"00000000-0000-0000-0000-000000000000",
	'inst_ref<FacilityType>',
	'',
	'');
INSERT INTO S_IRDT
	VALUES ("99dc6d1a-909c-4bcb-a5b6-04d65b974e90",
	0,
	"bafdc953-1881-43a3-a5f1-9dcc7e2d60c3");
INSERT INTO PE_PE
	VALUES ("c53c3d3d-c925-46df-8d23-da7e20b6f64c",
	1,
	"960454f9-cf5f-4331-88bf-8023709586b1",
	"00000000-0000-0000-0000-000000000000",
	3);
INSERT INTO S_DT
	VALUES ("c53c3d3d-c925-46df-8d23-da7e20b6f64c",
	"00000000-0000-0000-0000-000000000000",
	'inst_ref_set<Service>',
	'',
	'');
INSERT INTO S_IRDT
	VALUES ("c53c3d3d-c925-46df-8d23-da7e20b6f64c",
	1,
	"1efeba6e-0315-442d-8e70-729b05561bea");
INSERT INTO PE_PE
	VALUES ("41359d03-d56a-4b09-9529-4f2f2969949e",
	1,
	"960454f9-cf5f-4331-88bf-8023709586b1",
	"00000000-0000-0000-0000-000000000000",
	3);
INSERT INTO S_DT
	VALUES ("41359d03-d56a-4b09-9529-4f2f2969949e",
	"00000000-0000-0000-0000-000000000000",
	'inst_ref<Service>',
	'',
	'');
INSERT INTO S_IRDT
	VALUES ("41359d03-d56a-4b09-9529-4f2f2969949e",
	0,
	"1efeba6e-0315-442d-8e70-729b05561bea");
INSERT INTO PE_PE
	VALUES ("e8826e92-bfc8-4325-979a-2122f04032b6",
	1,
	"960454f9-cf5f-4331-88bf-8023709586b1",
	"00000000-0000-0000-0000-000000000000",
	9);
INSERT INTO R_REL
	VALUES ("e8826e92-bfc8-4325-979a-2122f04032b6",
	27,
	'',
	"00000000-0000-0000-0000-000000000000");
INSERT INTO R_SIMP
	VALUES ("e8826e92-bfc8-4325-979a-2122f04032b6");
INSERT INTO R_PART
	VALUES ("bd271967-a0a4-4bd7-9783-303111ffdc9b",
	"e8826e92-bfc8-4325-979a-2122f04032b6",
	"8fd6d4e6-2cf9-4cb6-b42f-dd04cc9d2bb4",
	0,
	0,
	'');
INSERT INTO R_RTO
	VALUES ("bd271967-a0a4-4bd7-9783-303111ffdc9b",
	"e8826e92-bfc8-4325-979a-2122f04032b6",
	"8fd6d4e6-2cf9-4cb6-b42f-dd04cc9d2bb4",
	-1);
INSERT INTO R_OIR
	VALUES ("bd271967-a0a4-4bd7-9783-303111ffdc9b",
	"e8826e92-bfc8-4325-979a-2122f04032b6",
	"8fd6d4e6-2cf9-4cb6-b42f-dd04cc9d2bb4",
	"00000000-0000-0000-0000-000000000000");
INSERT INTO R_PART
	VALUES ("7137c09d-ba0e-406b-b3b5-76bb3cc48f3d",
	"e8826e92-bfc8-4325-979a-2122f04032b6",
	"84f388ff-c5fa-46aa-bbcd-66ac73d3101c",
	0,
	0,
	'');
INSERT INTO R_RTO
	VALUES ("7137c09d-ba0e-406b-b3b5-76bb3cc48f3d",
	"e8826e92-bfc8-4325-979a-2122f04032b6",
	"84f388ff-c5fa-46aa-bbcd-66ac73d3101c",
	-1);
INSERT INTO R_OIR
	VALUES ("7137c09d-ba0e-406b-b3b5-76bb3cc48f3d",
	"e8826e92-bfc8-4325-979a-2122f04032b6",
	"84f388ff-c5fa-46aa-bbcd-66ac73d3101c",
	"00000000-0000-0000-0000-000000000000");
INSERT INTO PE_PE
	VALUES ("a30fd0d6-3586-438e-8d6d-b3d3b14c0f03",
	1,
	"960454f9-cf5f-4331-88bf-8023709586b1",
	"00000000-0000-0000-0000-000000000000",
	9);
INSERT INTO R_REL
	VALUES ("a30fd0d6-3586-438e-8d6d-b3d3b14c0f03",
	26,
	'',
	"00000000-0000-0000-0000-000000000000");
INSERT INTO R_SIMP
	VALUES ("a30fd0d6-3586-438e-8d6d-b3d3b14c0f03");
INSERT INTO R_PART
	VALUES ("9a41fe9e-f547-4cde-b68d-f7db43c904dc",
	"a30fd0d6-3586-438e-8d6d-b3d3b14c0f03",
	"30c64141-d0a5-47e7-afc3-fb1ec9e5775e",
	0,
	0,
	'');
INSERT INTO R_RTO
	VALUES ("9a41fe9e-f547-4cde-b68d-f7db43c904dc",
	"a30fd0d6-3586-438e-8d6d-b3d3b14c0f03",
	"30c64141-d0a5-47e7-afc3-fb1ec9e5775e",
	-1);
INSERT INTO R_OIR
	VALUES ("9a41fe9e-f547-4cde-b68d-f7db43c904dc",
	"a30fd0d6-3586-438e-8d6d-b3d3b14c0f03",
	"30c64141-d0a5-47e7-afc3-fb1ec9e5775e",
	"00000000-0000-0000-0000-000000000000");
INSERT INTO R_PART
	VALUES ("7137c09d-ba0e-406b-b3b5-76bb3cc48f3d",
	"a30fd0d6-3586-438e-8d6d-b3d3b14c0f03",
	"404c4b1d-c180-4c8b-a833-c61ea6f10d6c",
	0,
	0,
	'');
INSERT INTO R_RTO
	VALUES ("7137c09d-ba0e-406b-b3b5-76bb3cc48f3d",
	"a30fd0d6-3586-438e-8d6d-b3d3b14c0f03",
	"404c4b1d-c180-4c8b-a833-c61ea6f10d6c",
	-1);
INSERT INTO R_OIR
	VALUES ("7137c09d-ba0e-406b-b3b5-76bb3cc48f3d",
	"a30fd0d6-3586-438e-8d6d-b3d3b14c0f03",
	"404c4b1d-c180-4c8b-a833-c61ea6f10d6c",
	"00000000-0000-0000-0000-000000000000");
INSERT INTO PE_PE
	VALUES ("1a07e92a-4064-4fe6-82ed-e219bcad12d8",
	1,
	"960454f9-cf5f-4331-88bf-8023709586b1",
	"00000000-0000-0000-0000-000000000000",
	9);
INSERT INTO R_REL
	VALUES ("1a07e92a-4064-4fe6-82ed-e219bcad12d8",
	25,
	'',
	"00000000-0000-0000-0000-000000000000");
INSERT INTO R_SIMP
	VALUES ("1a07e92a-4064-4fe6-82ed-e219bcad12d8");
INSERT INTO R_PART
	VALUES ("803702ba-1594-4405-b96a-8c76b6ef1c69",
	"1a07e92a-4064-4fe6-82ed-e219bcad12d8",
	"ea3126f3-f5fb-4d96-b479-af29683a3964",
	1,
	0,
	'');
INSERT INTO R_RTO
	VALUES ("803702ba-1594-4405-b96a-8c76b6ef1c69",
	"1a07e92a-4064-4fe6-82ed-e219bcad12d8",
	"ea3126f3-f5fb-4d96-b479-af29683a3964",
	-1);
INSERT INTO R_OIR
	VALUES ("803702ba-1594-4405-b96a-8c76b6ef1c69",
	"1a07e92a-4064-4fe6-82ed-e219bcad12d8",
	"ea3126f3-f5fb-4d96-b479-af29683a3964",
	"00000000-0000-0000-0000-000000000000");
INSERT INTO R_PART
	VALUES ("b7e04034-9ae1-478b-b876-84a049865e77",
	"1a07e92a-4064-4fe6-82ed-e219bcad12d8",
	"c35bfe33-46b2-4153-be77-2450b41f0b03",
	1,
	0,
	'affects_price_of');
INSERT INTO R_RTO
	VALUES ("b7e04034-9ae1-478b-b876-84a049865e77",
	"1a07e92a-4064-4fe6-82ed-e219bcad12d8",
	"c35bfe33-46b2-4153-be77-2450b41f0b03",
	-1);
INSERT INTO R_OIR
	VALUES ("b7e04034-9ae1-478b-b876-84a049865e77",
	"1a07e92a-4064-4fe6-82ed-e219bcad12d8",
	"c35bfe33-46b2-4153-be77-2450b41f0b03",
	"00000000-0000-0000-0000-000000000000");
INSERT INTO PE_PE
	VALUES ("d0f8c2b3-33de-4e15-a759-da6c2e5f1356",
	1,
	"960454f9-cf5f-4331-88bf-8023709586b1",
	"00000000-0000-0000-0000-000000000000",
	9);
INSERT INTO R_REL
	VALUES ("d0f8c2b3-33de-4e15-a759-da6c2e5f1356",
	24,
	'',
	"00000000-0000-0000-0000-000000000000");
INSERT INTO R_SIMP
	VALUES ("d0f8c2b3-33de-4e15-a759-da6c2e5f1356");
INSERT INTO R_PART
	VALUES ("33325975-636b-4865-afdb-d6d8138b80fe",
	"d0f8c2b3-33de-4e15-a759-da6c2e5f1356",
	"31097f11-7095-44e0-9954-469e0023c372",
	0,
	0,
	'');
INSERT INTO R_RTO
	VALUES ("33325975-636b-4865-afdb-d6d8138b80fe",
	"d0f8c2b3-33de-4e15-a759-da6c2e5f1356",
	"31097f11-7095-44e0-9954-469e0023c372",
	-1);
INSERT INTO R_OIR
	VALUES ("33325975-636b-4865-afdb-d6d8138b80fe",
	"d0f8c2b3-33de-4e15-a759-da6c2e5f1356",
	"31097f11-7095-44e0-9954-469e0023c372",
	"00000000-0000-0000-0000-000000000000");
INSERT INTO R_PART
	VALUES ("b7e04034-9ae1-478b-b876-84a049865e77",
	"d0f8c2b3-33de-4e15-a759-da6c2e5f1356",
	"00002b38-6a02-4bbe-8dd4-ef69092fdd5e",
	1,
	1,
	'');
INSERT INTO R_RTO
	VALUES ("b7e04034-9ae1-478b-b876-84a049865e77",
	"d0f8c2b3-33de-4e15-a759-da6c2e5f1356",
	"00002b38-6a02-4bbe-8dd4-ef69092fdd5e",
	-1);
INSERT INTO R_OIR
	VALUES ("b7e04034-9ae1-478b-b876-84a049865e77",
	"d0f8c2b3-33de-4e15-a759-da6c2e5f1356",
	"00002b38-6a02-4bbe-8dd4-ef69092fdd5e",
	"00000000-0000-0000-0000-000000000000");
INSERT INTO PE_PE
	VALUES ("80e90b6a-30a0-41e8-b414-ac39ddd7f140",
	1,
	"960454f9-cf5f-4331-88bf-8023709586b1",
	"00000000-0000-0000-0000-000000000000",
	9);
INSERT INTO R_REL
	VALUES ("80e90b6a-30a0-41e8-b414-ac39ddd7f140",
	23,
	'',
	"00000000-0000-0000-0000-000000000000");
INSERT INTO R_SIMP
	VALUES ("80e90b6a-30a0-41e8-b414-ac39ddd7f140");
INSERT INTO R_PART
	VALUES ("bd271967-a0a4-4bd7-9783-303111ffdc9b",
	"80e90b6a-30a0-41e8-b414-ac39ddd7f140",
	"8dbdd0ee-1586-4767-a3e3-006183cb1823",
	1,
	1,
	'is_member_of');
INSERT INTO R_RTO
	VALUES ("bd271967-a0a4-4bd7-9783-303111ffdc9b",
	"80e90b6a-30a0-41e8-b414-ac39ddd7f140",
	"8dbdd0ee-1586-4767-a3e3-006183cb1823",
	-1);
INSERT INTO R_OIR
	VALUES ("bd271967-a0a4-4bd7-9783-303111ffdc9b",
	"80e90b6a-30a0-41e8-b414-ac39ddd7f140",
	"8dbdd0ee-1586-4767-a3e3-006183cb1823",
	"00000000-0000-0000-0000-000000000000");
INSERT INTO R_PART
	VALUES ("33325975-636b-4865-afdb-d6d8138b80fe",
	"80e90b6a-30a0-41e8-b414-ac39ddd7f140",
	"54d3bb98-7c23-4910-991f-8ccb0ddd3d25",
	1,
	1,
	'');
INSERT INTO R_RTO
	VALUES ("33325975-636b-4865-afdb-d6d8138b80fe",
	"80e90b6a-30a0-41e8-b414-ac39ddd7f140",
	"54d3bb98-7c23-4910-991f-8ccb0ddd3d25",
	-1);
INSERT INTO R_OIR
	VALUES ("33325975-636b-4865-afdb-d6d8138b80fe",
	"80e90b6a-30a0-41e8-b414-ac39ddd7f140",
	"54d3bb98-7c23-4910-991f-8ccb0ddd3d25",
	"00000000-0000-0000-0000-000000000000");
INSERT INTO PE_PE
	VALUES ("fb7ebd48-fca8-4db0-8828-bd411442c941",
	1,
	"960454f9-cf5f-4331-88bf-8023709586b1",
	"00000000-0000-0000-0000-000000000000",
	9);
INSERT INTO R_REL
	VALUES ("fb7ebd48-fca8-4db0-8828-bd411442c941",
	22,
	'',
	"00000000-0000-0000-0000-000000000000");
INSERT INTO R_ASSOC
	VALUES ("fb7ebd48-fca8-4db0-8828-bd411442c941");
INSERT INTO R_AOTH
	VALUES ("9a41fe9e-f547-4cde-b68d-f7db43c904dc",
	"fb7ebd48-fca8-4db0-8828-bd411442c941",
	"a8ecd928-0e48-41ac-8485-a6336b9bd404",
	0,
	0,
	'');
INSERT INTO R_RTO
	VALUES ("9a41fe9e-f547-4cde-b68d-f7db43c904dc",
	"fb7ebd48-fca8-4db0-8828-bd411442c941",
	"a8ecd928-0e48-41ac-8485-a6336b9bd404",
	-1);
INSERT INTO R_OIR
	VALUES ("9a41fe9e-f547-4cde-b68d-f7db43c904dc",
	"fb7ebd48-fca8-4db0-8828-bd411442c941",
	"a8ecd928-0e48-41ac-8485-a6336b9bd404",
	"00000000-0000-0000-0000-000000000000");
INSERT INTO R_AONE
	VALUES ("bd271967-a0a4-4bd7-9783-303111ffdc9b",
	"fb7ebd48-fca8-4db0-8828-bd411442c941",
	"34211b09-b258-4c6f-acbd-21357396ba0c",
	0,
	0,
	'makes_a');
INSERT INTO R_RTO
	VALUES ("bd271967-a0a4-4bd7-9783-303111ffdc9b",
	"fb7ebd48-fca8-4db0-8828-bd411442c941",
	"34211b09-b258-4c6f-acbd-21357396ba0c",
	-1);
INSERT INTO R_OIR
	VALUES ("bd271967-a0a4-4bd7-9783-303111ffdc9b",
	"fb7ebd48-fca8-4db0-8828-bd411442c941",
	"34211b09-b258-4c6f-acbd-21357396ba0c",
	"00000000-0000-0000-0000-000000000000");
INSERT INTO R_ASSR
	VALUES ("99c3a579-f918-44fd-916c-a41161cb6518",
	"fb7ebd48-fca8-4db0-8828-bd411442c941",
	"58f22f52-e1eb-4c83-899f-f42164ce5569",
	0);
INSERT INTO R_RGO
	VALUES ("99c3a579-f918-44fd-916c-a41161cb6518",
	"fb7ebd48-fca8-4db0-8828-bd411442c941",
	"58f22f52-e1eb-4c83-899f-f42164ce5569");
INSERT INTO R_OIR
	VALUES ("99c3a579-f918-44fd-916c-a41161cb6518",
	"fb7ebd48-fca8-4db0-8828-bd411442c941",
	"58f22f52-e1eb-4c83-899f-f42164ce5569",
	"00000000-0000-0000-0000-000000000000");
INSERT INTO PE_PE
	VALUES ("995332a0-bcad-41ba-84ba-f8f5200c08a9",
	1,
	"960454f9-cf5f-4331-88bf-8023709586b1",
	"00000000-0000-0000-0000-000000000000",
	9);
INSERT INTO R_REL
	VALUES ("995332a0-bcad-41ba-84ba-f8f5200c08a9",
	21,
	'',
	"00000000-0000-0000-0000-000000000000");
INSERT INTO R_SIMP
	VALUES ("995332a0-bcad-41ba-84ba-f8f5200c08a9");
INSERT INTO R_PART
	VALUES ("99c3a579-f918-44fd-916c-a41161cb6518",
	"995332a0-bcad-41ba-84ba-f8f5200c08a9",
	"3a307587-efbe-46b3-a1a6-5e9b0765c0ca",
	1,
	1,
	'');
INSERT INTO R_RTO
	VALUES ("99c3a579-f918-44fd-916c-a41161cb6518",
	"995332a0-bcad-41ba-84ba-f8f5200c08a9",
	"3a307587-efbe-46b3-a1a6-5e9b0765c0ca",
	-1);
INSERT INTO R_OIR
	VALUES ("99c3a579-f918-44fd-916c-a41161cb6518",
	"995332a0-bcad-41ba-84ba-f8f5200c08a9",
	"3a307587-efbe-46b3-a1a6-5e9b0765c0ca",
	"00000000-0000-0000-0000-000000000000");
INSERT INTO R_PART
	VALUES ("d26e1020-b532-43cc-aba6-3b584f19f179",
	"995332a0-bcad-41ba-84ba-f8f5200c08a9",
	"e33b9fea-6892-4298-9a8c-0f03ac39b370",
	0,
	0,
	'');
INSERT INTO R_RTO
	VALUES ("d26e1020-b532-43cc-aba6-3b584f19f179",
	"995332a0-bcad-41ba-84ba-f8f5200c08a9",
	"e33b9fea-6892-4298-9a8c-0f03ac39b370",
	-1);
INSERT INTO R_OIR
	VALUES ("d26e1020-b532-43cc-aba6-3b584f19f179",
	"995332a0-bcad-41ba-84ba-f8f5200c08a9",
	"e33b9fea-6892-4298-9a8c-0f03ac39b370",
	"00000000-0000-0000-0000-000000000000");
INSERT INTO PE_PE
	VALUES ("737fb9b4-6772-447a-9946-dea477ac7b1c",
	1,
	"960454f9-cf5f-4331-88bf-8023709586b1",
	"00000000-0000-0000-0000-000000000000",
	9);
INSERT INTO R_REL
	VALUES ("737fb9b4-6772-447a-9946-dea477ac7b1c",
	20,
	'',
	"00000000-0000-0000-0000-000000000000");
INSERT INTO R_SIMP
	VALUES ("737fb9b4-6772-447a-9946-dea477ac7b1c");
INSERT INTO R_PART
	VALUES ("37699420-e221-4e5c-800b-cf398f6e9803",
	"737fb9b4-6772-447a-9946-dea477ac7b1c",
	"7294955b-91f7-425d-850b-64f98ffa9908",
	1,
	0,
	'');
INSERT INTO R_RTO
	VALUES ("37699420-e221-4e5c-800b-cf398f6e9803",
	"737fb9b4-6772-447a-9946-dea477ac7b1c",
	"7294955b-91f7-425d-850b-64f98ffa9908",
	-1);
INSERT INTO R_OIR
	VALUES ("37699420-e221-4e5c-800b-cf398f6e9803",
	"737fb9b4-6772-447a-9946-dea477ac7b1c",
	"7294955b-91f7-425d-850b-64f98ffa9908",
	"00000000-0000-0000-0000-000000000000");
INSERT INTO R_PART
	VALUES ("99c3a579-f918-44fd-916c-a41161cb6518",
	"737fb9b4-6772-447a-9946-dea477ac7b1c",
	"353bef7d-d0ef-4253-8d57-e1f6fcb42b0c",
	0,
	0,
	'');
INSERT INTO R_RTO
	VALUES ("99c3a579-f918-44fd-916c-a41161cb6518",
	"737fb9b4-6772-447a-9946-dea477ac7b1c",
	"353bef7d-d0ef-4253-8d57-e1f6fcb42b0c",
	-1);
INSERT INTO R_OIR
	VALUES ("99c3a579-f918-44fd-916c-a41161cb6518",
	"737fb9b4-6772-447a-9946-dea477ac7b1c",
	"353bef7d-d0ef-4253-8d57-e1f6fcb42b0c",
	"00000000-0000-0000-0000-000000000000");
INSERT INTO PE_PE
	VALUES ("5b5a3175-13b4-4416-849f-5e76f1a4d678",
	1,
	"960454f9-cf5f-4331-88bf-8023709586b1",
	"00000000-0000-0000-0000-000000000000",
	9);
INSERT INTO R_REL
	VALUES ("5b5a3175-13b4-4416-849f-5e76f1a4d678",
	19,
	'',
	"00000000-0000-0000-0000-000000000000");
INSERT INTO R_SUBSUP
	VALUES ("5b5a3175-13b4-4416-849f-5e76f1a4d678");
INSERT INTO R_SUPER
	VALUES ("d26e1020-b532-43cc-aba6-3b584f19f179",
	"5b5a3175-13b4-4416-849f-5e76f1a4d678",
	"f76a8b5a-a168-4e59-b5c9-be355bf2289a");
INSERT INTO R_RTO
	VALUES ("d26e1020-b532-43cc-aba6-3b584f19f179",
	"5b5a3175-13b4-4416-849f-5e76f1a4d678",
	"f76a8b5a-a168-4e59-b5c9-be355bf2289a",
	-1);
INSERT INTO R_OIR
	VALUES ("d26e1020-b532-43cc-aba6-3b584f19f179",
	"5b5a3175-13b4-4416-849f-5e76f1a4d678",
	"f76a8b5a-a168-4e59-b5c9-be355bf2289a",
	"00000000-0000-0000-0000-000000000000");
INSERT INTO R_SUB
	VALUES ("80f12c98-ccb7-4bab-acab-351f7970a5eb",
	"5b5a3175-13b4-4416-849f-5e76f1a4d678",
	"1ba9dd84-92a7-4d7c-b780-859a5f45d542");
INSERT INTO R_RGO
	VALUES ("80f12c98-ccb7-4bab-acab-351f7970a5eb",
	"5b5a3175-13b4-4416-849f-5e76f1a4d678",
	"1ba9dd84-92a7-4d7c-b780-859a5f45d542");
INSERT INTO R_OIR
	VALUES ("80f12c98-ccb7-4bab-acab-351f7970a5eb",
	"5b5a3175-13b4-4416-849f-5e76f1a4d678",
	"1ba9dd84-92a7-4d7c-b780-859a5f45d542",
	"00000000-0000-0000-0000-000000000000");
INSERT INTO R_SUB
	VALUES ("3aa4c78b-6981-4249-a93a-87e0e14f07b3",
	"5b5a3175-13b4-4416-849f-5e76f1a4d678",
	"4c29aba1-6047-4a4f-8e11-fc7c983d6f8c");
INSERT INTO R_RGO
	VALUES ("3aa4c78b-6981-4249-a93a-87e0e14f07b3",
	"5b5a3175-13b4-4416-849f-5e76f1a4d678",
	"4c29aba1-6047-4a4f-8e11-fc7c983d6f8c");
INSERT INTO R_OIR
	VALUES ("3aa4c78b-6981-4249-a93a-87e0e14f07b3",
	"5b5a3175-13b4-4416-849f-5e76f1a4d678",
	"4c29aba1-6047-4a4f-8e11-fc7c983d6f8c",
	"00000000-0000-0000-0000-000000000000");
INSERT INTO R_SUB
	VALUES ("f7fdf9fb-1710-40c4-833a-7cddef46a59a",
	"5b5a3175-13b4-4416-849f-5e76f1a4d678",
	"2098beaf-324a-479a-97bd-0c72010067b2");
INSERT INTO R_RGO
	VALUES ("f7fdf9fb-1710-40c4-833a-7cddef46a59a",
	"5b5a3175-13b4-4416-849f-5e76f1a4d678",
	"2098beaf-324a-479a-97bd-0c72010067b2");
INSERT INTO R_OIR
	VALUES ("f7fdf9fb-1710-40c4-833a-7cddef46a59a",
	"5b5a3175-13b4-4416-849f-5e76f1a4d678",
	"2098beaf-324a-479a-97bd-0c72010067b2",
	"00000000-0000-0000-0000-000000000000");
INSERT INTO PE_PE
	VALUES ("27f82e85-9615-4283-a515-8b663c4c6678",
	1,
	"960454f9-cf5f-4331-88bf-8023709586b1",
	"00000000-0000-0000-0000-000000000000",
	9);
INSERT INTO R_REL
	VALUES ("27f82e85-9615-4283-a515-8b663c4c6678",
	18,
	'',
	"00000000-0000-0000-0000-000000000000");
INSERT INTO R_SIMP
	VALUES ("27f82e85-9615-4283-a515-8b663c4c6678");
INSERT INTO R_PART
	VALUES ("bb0b5c24-97a4-43d0-bb19-ce1683a93dc8",
	"27f82e85-9615-4283-a515-8b663c4c6678",
	"1202adb4-b546-4d2e-8522-1cd2b762eb0a",
	1,
	0,
	'');
INSERT INTO R_RTO
	VALUES ("bb0b5c24-97a4-43d0-bb19-ce1683a93dc8",
	"27f82e85-9615-4283-a515-8b663c4c6678",
	"1202adb4-b546-4d2e-8522-1cd2b762eb0a",
	-1);
INSERT INTO R_OIR
	VALUES ("bb0b5c24-97a4-43d0-bb19-ce1683a93dc8",
	"27f82e85-9615-4283-a515-8b663c4c6678",
	"1202adb4-b546-4d2e-8522-1cd2b762eb0a",
	"00000000-0000-0000-0000-000000000000");
INSERT INTO R_PART
	VALUES ("daf3cea3-b187-4d6a-9517-f12785ae9b3a",
	"27f82e85-9615-4283-a515-8b663c4c6678",
	"c78bc65d-b8e5-4b68-974d-19354e082db0",
	0,
	0,
	'');
INSERT INTO R_RTO
	VALUES ("daf3cea3-b187-4d6a-9517-f12785ae9b3a",
	"27f82e85-9615-4283-a515-8b663c4c6678",
	"c78bc65d-b8e5-4b68-974d-19354e082db0",
	-1);
INSERT INTO R_OIR
	VALUES ("daf3cea3-b187-4d6a-9517-f12785ae9b3a",
	"27f82e85-9615-4283-a515-8b663c4c6678",
	"c78bc65d-b8e5-4b68-974d-19354e082db0",
	"00000000-0000-0000-0000-000000000000");
INSERT INTO PE_PE
	VALUES ("17f1dd67-3fd4-46db-8752-891089e87a24",
	1,
	"960454f9-cf5f-4331-88bf-8023709586b1",
	"00000000-0000-0000-0000-000000000000",
	9);
INSERT INTO R_REL
	VALUES ("17f1dd67-3fd4-46db-8752-891089e87a24",
	17,
	'',
	"00000000-0000-0000-0000-000000000000");
INSERT INTO R_SIMP
	VALUES ("17f1dd67-3fd4-46db-8752-891089e87a24");
INSERT INTO R_PART
	VALUES ("daf3cea3-b187-4d6a-9517-f12785ae9b3a",
	"17f1dd67-3fd4-46db-8752-891089e87a24",
	"aef79ac8-231d-4295-a52d-a0148b9ed0b7",
	0,
	0,
	'');
INSERT INTO R_RTO
	VALUES ("daf3cea3-b187-4d6a-9517-f12785ae9b3a",
	"17f1dd67-3fd4-46db-8752-891089e87a24",
	"aef79ac8-231d-4295-a52d-a0148b9ed0b7",
	-1);
INSERT INTO R_OIR
	VALUES ("daf3cea3-b187-4d6a-9517-f12785ae9b3a",
	"17f1dd67-3fd4-46db-8752-891089e87a24",
	"aef79ac8-231d-4295-a52d-a0148b9ed0b7",
	"00000000-0000-0000-0000-000000000000");
INSERT INTO R_PART
	VALUES ("7137c09d-ba0e-406b-b3b5-76bb3cc48f3d",
	"17f1dd67-3fd4-46db-8752-891089e87a24",
	"98f02e38-3e58-4681-84cc-2eebc38ab253",
	1,
	0,
	'');
INSERT INTO R_RTO
	VALUES ("7137c09d-ba0e-406b-b3b5-76bb3cc48f3d",
	"17f1dd67-3fd4-46db-8752-891089e87a24",
	"98f02e38-3e58-4681-84cc-2eebc38ab253",
	-1);
INSERT INTO R_OIR
	VALUES ("7137c09d-ba0e-406b-b3b5-76bb3cc48f3d",
	"17f1dd67-3fd4-46db-8752-891089e87a24",
	"98f02e38-3e58-4681-84cc-2eebc38ab253",
	"00000000-0000-0000-0000-000000000000");
INSERT INTO PE_PE
	VALUES ("52b0eaa5-a352-460e-8eff-763b9460a089",
	1,
	"960454f9-cf5f-4331-88bf-8023709586b1",
	"00000000-0000-0000-0000-000000000000",
	9);
INSERT INTO R_REL
	VALUES ("52b0eaa5-a352-460e-8eff-763b9460a089",
	16,
	'',
	"00000000-0000-0000-0000-000000000000");
INSERT INTO R_SIMP
	VALUES ("52b0eaa5-a352-460e-8eff-763b9460a089");
INSERT INTO R_PART
	VALUES ("4b839513-bd70-4d73-85ed-c06b10ee091a",
	"52b0eaa5-a352-460e-8eff-763b9460a089",
	"25501ca8-a17d-4a63-b431-b3b0dcc8216c",
	1,
	0,
	'');
INSERT INTO R_RTO
	VALUES ("4b839513-bd70-4d73-85ed-c06b10ee091a",
	"52b0eaa5-a352-460e-8eff-763b9460a089",
	"25501ca8-a17d-4a63-b431-b3b0dcc8216c",
	-1);
INSERT INTO R_OIR
	VALUES ("4b839513-bd70-4d73-85ed-c06b10ee091a",
	"52b0eaa5-a352-460e-8eff-763b9460a089",
	"25501ca8-a17d-4a63-b431-b3b0dcc8216c",
	"00000000-0000-0000-0000-000000000000");
INSERT INTO R_PART
	VALUES ("9309978f-bd81-4f9f-96e9-b124c945fbf1",
	"52b0eaa5-a352-460e-8eff-763b9460a089",
	"1552b6fa-6820-4af7-82dc-be6c93f0ef5c",
	1,
	0,
	'stays_in');
INSERT INTO R_RTO
	VALUES ("9309978f-bd81-4f9f-96e9-b124c945fbf1",
	"52b0eaa5-a352-460e-8eff-763b9460a089",
	"1552b6fa-6820-4af7-82dc-be6c93f0ef5c",
	-1);
INSERT INTO R_OIR
	VALUES ("9309978f-bd81-4f9f-96e9-b124c945fbf1",
	"52b0eaa5-a352-460e-8eff-763b9460a089",
	"1552b6fa-6820-4af7-82dc-be6c93f0ef5c",
	"00000000-0000-0000-0000-000000000000");
INSERT INTO PE_PE
	VALUES ("04439075-ebac-4bb8-8ccd-793e4071228c",
	1,
	"960454f9-cf5f-4331-88bf-8023709586b1",
	"00000000-0000-0000-0000-000000000000",
	9);
INSERT INTO R_REL
	VALUES ("04439075-ebac-4bb8-8ccd-793e4071228c",
	15,
	'',
	"00000000-0000-0000-0000-000000000000");
INSERT INTO R_SIMP
	VALUES ("04439075-ebac-4bb8-8ccd-793e4071228c");
INSERT INTO R_PART
	VALUES ("9a41fe9e-f547-4cde-b68d-f7db43c904dc",
	"04439075-ebac-4bb8-8ccd-793e4071228c",
	"39bead95-08e1-44c3-ab0d-6d1bead6a294",
	1,
	0,
	'');
INSERT INTO R_RTO
	VALUES ("9a41fe9e-f547-4cde-b68d-f7db43c904dc",
	"04439075-ebac-4bb8-8ccd-793e4071228c",
	"39bead95-08e1-44c3-ab0d-6d1bead6a294",
	-1);
INSERT INTO R_OIR
	VALUES ("9a41fe9e-f547-4cde-b68d-f7db43c904dc",
	"04439075-ebac-4bb8-8ccd-793e4071228c",
	"39bead95-08e1-44c3-ab0d-6d1bead6a294",
	"00000000-0000-0000-0000-000000000000");
INSERT INTO R_PART
	VALUES ("9309978f-bd81-4f9f-96e9-b124c945fbf1",
	"04439075-ebac-4bb8-8ccd-793e4071228c",
	"ae27ca47-c396-4937-85d9-50896567cb6f",
	1,
	0,
	'use');
INSERT INTO R_RTO
	VALUES ("9309978f-bd81-4f9f-96e9-b124c945fbf1",
	"04439075-ebac-4bb8-8ccd-793e4071228c",
	"ae27ca47-c396-4937-85d9-50896567cb6f",
	-1);
INSERT INTO R_OIR
	VALUES ("9309978f-bd81-4f9f-96e9-b124c945fbf1",
	"04439075-ebac-4bb8-8ccd-793e4071228c",
	"ae27ca47-c396-4937-85d9-50896567cb6f",
	"00000000-0000-0000-0000-000000000000");
INSERT INTO PE_PE
	VALUES ("67bafe36-3499-4032-89f0-72889662bcf2",
	1,
	"960454f9-cf5f-4331-88bf-8023709586b1",
	"00000000-0000-0000-0000-000000000000",
	9);
INSERT INTO R_REL
	VALUES ("67bafe36-3499-4032-89f0-72889662bcf2",
	14,
	'',
	"00000000-0000-0000-0000-000000000000");
INSERT INTO R_SIMP
	VALUES ("67bafe36-3499-4032-89f0-72889662bcf2");
INSERT INTO R_PART
	VALUES ("4b839513-bd70-4d73-85ed-c06b10ee091a",
	"67bafe36-3499-4032-89f0-72889662bcf2",
	"0dc7c9cf-4e22-4985-8dc1-c23eabca04d8",
	1,
	1,
	'');
INSERT INTO R_RTO
	VALUES ("4b839513-bd70-4d73-85ed-c06b10ee091a",
	"67bafe36-3499-4032-89f0-72889662bcf2",
	"0dc7c9cf-4e22-4985-8dc1-c23eabca04d8",
	-1);
INSERT INTO R_OIR
	VALUES ("4b839513-bd70-4d73-85ed-c06b10ee091a",
	"67bafe36-3499-4032-89f0-72889662bcf2",
	"0dc7c9cf-4e22-4985-8dc1-c23eabca04d8",
	"00000000-0000-0000-0000-000000000000");
INSERT INTO R_PART
	VALUES ("9a41fe9e-f547-4cde-b68d-f7db43c904dc",
	"67bafe36-3499-4032-89f0-72889662bcf2",
	"b82ac6be-d970-48c5-9151-97d4f0db7548",
	1,
	1,
	'is_booked_in');
INSERT INTO R_RTO
	VALUES ("9a41fe9e-f547-4cde-b68d-f7db43c904dc",
	"67bafe36-3499-4032-89f0-72889662bcf2",
	"b82ac6be-d970-48c5-9151-97d4f0db7548",
	-1);
INSERT INTO R_OIR
	VALUES ("9a41fe9e-f547-4cde-b68d-f7db43c904dc",
	"67bafe36-3499-4032-89f0-72889662bcf2",
	"b82ac6be-d970-48c5-9151-97d4f0db7548",
	"00000000-0000-0000-0000-000000000000");
INSERT INTO PE_PE
	VALUES ("6b659d9b-9323-400f-bda2-168e1882b5ad",
	1,
	"960454f9-cf5f-4331-88bf-8023709586b1",
	"00000000-0000-0000-0000-000000000000",
	9);
INSERT INTO R_REL
	VALUES ("6b659d9b-9323-400f-bda2-168e1882b5ad",
	13,
	'',
	"00000000-0000-0000-0000-000000000000");
INSERT INTO R_SIMP
	VALUES ("6b659d9b-9323-400f-bda2-168e1882b5ad");
INSERT INTO R_PART
	VALUES ("daf3cea3-b187-4d6a-9517-f12785ae9b3a",
	"6b659d9b-9323-400f-bda2-168e1882b5ad",
	"a8431207-ca51-4e17-8338-6e6602c8d4e4",
	0,
	0,
	'remembers_all');
INSERT INTO R_RTO
	VALUES ("daf3cea3-b187-4d6a-9517-f12785ae9b3a",
	"6b659d9b-9323-400f-bda2-168e1882b5ad",
	"a8431207-ca51-4e17-8338-6e6602c8d4e4",
	-1);
INSERT INTO R_OIR
	VALUES ("daf3cea3-b187-4d6a-9517-f12785ae9b3a",
	"6b659d9b-9323-400f-bda2-168e1882b5ad",
	"a8431207-ca51-4e17-8338-6e6602c8d4e4",
	"00000000-0000-0000-0000-000000000000");
INSERT INTO R_PART
	VALUES ("9a41fe9e-f547-4cde-b68d-f7db43c904dc",
	"6b659d9b-9323-400f-bda2-168e1882b5ad",
	"519f603e-e0a2-4c7f-af0c-464e8166195f",
	1,
	1,
	'');
INSERT INTO R_RTO
	VALUES ("9a41fe9e-f547-4cde-b68d-f7db43c904dc",
	"6b659d9b-9323-400f-bda2-168e1882b5ad",
	"519f603e-e0a2-4c7f-af0c-464e8166195f",
	-1);
INSERT INTO R_OIR
	VALUES ("9a41fe9e-f547-4cde-b68d-f7db43c904dc",
	"6b659d9b-9323-400f-bda2-168e1882b5ad",
	"519f603e-e0a2-4c7f-af0c-464e8166195f",
	"00000000-0000-0000-0000-000000000000");
INSERT INTO PE_PE
	VALUES ("7d508746-e918-4ced-820e-e5203f63e646",
	1,
	"960454f9-cf5f-4331-88bf-8023709586b1",
	"00000000-0000-0000-0000-000000000000",
	9);
INSERT INTO R_REL
	VALUES ("7d508746-e918-4ced-820e-e5203f63e646",
	12,
	'',
	"00000000-0000-0000-0000-000000000000");
INSERT INTO R_SIMP
	VALUES ("7d508746-e918-4ced-820e-e5203f63e646");
INSERT INTO R_PART
	VALUES ("803702ba-1594-4405-b96a-8c76b6ef1c69",
	"7d508746-e918-4ced-820e-e5203f63e646",
	"adaefc2a-48da-4549-b346-3b926f9a26ab",
	1,
	0,
	'');
INSERT INTO R_RTO
	VALUES ("803702ba-1594-4405-b96a-8c76b6ef1c69",
	"7d508746-e918-4ced-820e-e5203f63e646",
	"adaefc2a-48da-4549-b346-3b926f9a26ab",
	-1);
INSERT INTO R_OIR
	VALUES ("803702ba-1594-4405-b96a-8c76b6ef1c69",
	"7d508746-e918-4ced-820e-e5203f63e646",
	"adaefc2a-48da-4549-b346-3b926f9a26ab",
	"00000000-0000-0000-0000-000000000000");
INSERT INTO R_PART
	VALUES ("9a41fe9e-f547-4cde-b68d-f7db43c904dc",
	"7d508746-e918-4ced-820e-e5203f63e646",
	"51a414ea-2589-47b7-87d5-e52346c1f4cf",
	1,
	0,
	'');
INSERT INTO R_RTO
	VALUES ("9a41fe9e-f547-4cde-b68d-f7db43c904dc",
	"7d508746-e918-4ced-820e-e5203f63e646",
	"51a414ea-2589-47b7-87d5-e52346c1f4cf",
	-1);
INSERT INTO R_OIR
	VALUES ("9a41fe9e-f547-4cde-b68d-f7db43c904dc",
	"7d508746-e918-4ced-820e-e5203f63e646",
	"51a414ea-2589-47b7-87d5-e52346c1f4cf",
	"00000000-0000-0000-0000-000000000000");
INSERT INTO PE_PE
	VALUES ("002fe6fb-c382-4ec0-81b2-d01180b5ec85",
	1,
	"960454f9-cf5f-4331-88bf-8023709586b1",
	"00000000-0000-0000-0000-000000000000",
	9);
INSERT INTO R_REL
	VALUES ("002fe6fb-c382-4ec0-81b2-d01180b5ec85",
	11,
	'',
	"00000000-0000-0000-0000-000000000000");
INSERT INTO R_SIMP
	VALUES ("002fe6fb-c382-4ec0-81b2-d01180b5ec85");
INSERT INTO R_PART
	VALUES ("20ba6bbe-cbf1-487f-84fe-b3855f86b898",
	"002fe6fb-c382-4ec0-81b2-d01180b5ec85",
	"e37ba630-26e3-4da2-89bf-0c9be7e97693",
	1,
	0,
	'is_assigned');
INSERT INTO R_RTO
	VALUES ("20ba6bbe-cbf1-487f-84fe-b3855f86b898",
	"002fe6fb-c382-4ec0-81b2-d01180b5ec85",
	"e37ba630-26e3-4da2-89bf-0c9be7e97693",
	-1);
INSERT INTO R_OIR
	VALUES ("20ba6bbe-cbf1-487f-84fe-b3855f86b898",
	"002fe6fb-c382-4ec0-81b2-d01180b5ec85",
	"e37ba630-26e3-4da2-89bf-0c9be7e97693",
	"00000000-0000-0000-0000-000000000000");
INSERT INTO R_PART
	VALUES ("d4920e0c-3487-44a7-8290-60ff9ed36c4e",
	"002fe6fb-c382-4ec0-81b2-d01180b5ec85",
	"973a1e30-66ee-4a9d-b2c6-38838a699d22",
	1,
	0,
	'privileges');
INSERT INTO R_RTO
	VALUES ("d4920e0c-3487-44a7-8290-60ff9ed36c4e",
	"002fe6fb-c382-4ec0-81b2-d01180b5ec85",
	"973a1e30-66ee-4a9d-b2c6-38838a699d22",
	-1);
INSERT INTO R_OIR
	VALUES ("d4920e0c-3487-44a7-8290-60ff9ed36c4e",
	"002fe6fb-c382-4ec0-81b2-d01180b5ec85",
	"973a1e30-66ee-4a9d-b2c6-38838a699d22",
	"00000000-0000-0000-0000-000000000000");
INSERT INTO PE_PE
	VALUES ("dc2eb1da-3e82-485a-a57f-8be99f6a17a6",
	1,
	"960454f9-cf5f-4331-88bf-8023709586b1",
	"00000000-0000-0000-0000-000000000000",
	9);
INSERT INTO R_REL
	VALUES ("dc2eb1da-3e82-485a-a57f-8be99f6a17a6",
	10,
	'',
	"00000000-0000-0000-0000-000000000000");
INSERT INTO R_SIMP
	VALUES ("dc2eb1da-3e82-485a-a57f-8be99f6a17a6");
INSERT INTO R_PART
	VALUES ("daf3cea3-b187-4d6a-9517-f12785ae9b3a",
	"dc2eb1da-3e82-485a-a57f-8be99f6a17a6",
	"5f0c1d18-c783-4861-bacd-157ac7c5eadd",
	0,
	0,
	'employ');
INSERT INTO R_RTO
	VALUES ("daf3cea3-b187-4d6a-9517-f12785ae9b3a",
	"dc2eb1da-3e82-485a-a57f-8be99f6a17a6",
	"5f0c1d18-c783-4861-bacd-157ac7c5eadd",
	-1);
INSERT INTO R_OIR
	VALUES ("daf3cea3-b187-4d6a-9517-f12785ae9b3a",
	"dc2eb1da-3e82-485a-a57f-8be99f6a17a6",
	"5f0c1d18-c783-4861-bacd-157ac7c5eadd",
	"00000000-0000-0000-0000-000000000000");
INSERT INTO R_PART
	VALUES ("20ba6bbe-cbf1-487f-84fe-b3855f86b898",
	"dc2eb1da-3e82-485a-a57f-8be99f6a17a6",
	"7f166105-f16c-4d27-ae5d-32b36de90c8a",
	1,
	0,
	'works_at');
INSERT INTO R_RTO
	VALUES ("20ba6bbe-cbf1-487f-84fe-b3855f86b898",
	"dc2eb1da-3e82-485a-a57f-8be99f6a17a6",
	"7f166105-f16c-4d27-ae5d-32b36de90c8a",
	-1);
INSERT INTO R_OIR
	VALUES ("20ba6bbe-cbf1-487f-84fe-b3855f86b898",
	"dc2eb1da-3e82-485a-a57f-8be99f6a17a6",
	"7f166105-f16c-4d27-ae5d-32b36de90c8a",
	"00000000-0000-0000-0000-000000000000");
INSERT INTO PE_PE
	VALUES ("8e6b9c28-ea1f-478f-8a85-37281a7e9221",
	1,
	"960454f9-cf5f-4331-88bf-8023709586b1",
	"00000000-0000-0000-0000-000000000000",
	9);
INSERT INTO R_REL
	VALUES ("8e6b9c28-ea1f-478f-8a85-37281a7e9221",
	9,
	'',
	"00000000-0000-0000-0000-000000000000");
INSERT INTO R_SIMP
	VALUES ("8e6b9c28-ea1f-478f-8a85-37281a7e9221");
INSERT INTO R_PART
	VALUES ("daf3cea3-b187-4d6a-9517-f12785ae9b3a",
	"8e6b9c28-ea1f-478f-8a85-37281a7e9221",
	"c7d6c68e-7ca4-4ed3-8a3c-1589fdcad15a",
	0,
	0,
	'provides');
INSERT INTO R_RTO
	VALUES ("daf3cea3-b187-4d6a-9517-f12785ae9b3a",
	"8e6b9c28-ea1f-478f-8a85-37281a7e9221",
	"c7d6c68e-7ca4-4ed3-8a3c-1589fdcad15a",
	-1);
INSERT INTO R_OIR
	VALUES ("daf3cea3-b187-4d6a-9517-f12785ae9b3a",
	"8e6b9c28-ea1f-478f-8a85-37281a7e9221",
	"c7d6c68e-7ca4-4ed3-8a3c-1589fdcad15a",
	"00000000-0000-0000-0000-000000000000");
INSERT INTO R_PART
	VALUES ("803702ba-1594-4405-b96a-8c76b6ef1c69",
	"8e6b9c28-ea1f-478f-8a85-37281a7e9221",
	"a8092995-9e47-4ea7-933f-1107687fa0c6",
	1,
	0,
	'');
INSERT INTO R_RTO
	VALUES ("803702ba-1594-4405-b96a-8c76b6ef1c69",
	"8e6b9c28-ea1f-478f-8a85-37281a7e9221",
	"a8092995-9e47-4ea7-933f-1107687fa0c6",
	-1);
INSERT INTO R_OIR
	VALUES ("803702ba-1594-4405-b96a-8c76b6ef1c69",
	"8e6b9c28-ea1f-478f-8a85-37281a7e9221",
	"a8092995-9e47-4ea7-933f-1107687fa0c6",
	"00000000-0000-0000-0000-000000000000");
INSERT INTO PE_PE
	VALUES ("3325f7b8-3264-421e-8761-e21c909a5629",
	1,
	"960454f9-cf5f-4331-88bf-8023709586b1",
	"00000000-0000-0000-0000-000000000000",
	9);
INSERT INTO R_REL
	VALUES ("3325f7b8-3264-421e-8761-e21c909a5629",
	8,
	'',
	"00000000-0000-0000-0000-000000000000");
INSERT INTO R_SIMP
	VALUES ("3325f7b8-3264-421e-8761-e21c909a5629");
INSERT INTO R_PART
	VALUES ("803702ba-1594-4405-b96a-8c76b6ef1c69",
	"3325f7b8-3264-421e-8761-e21c909a5629",
	"99e326a1-deb0-4b66-9607-92a946669c60",
	1,
	0,
	'members');
INSERT INTO R_RTO
	VALUES ("803702ba-1594-4405-b96a-8c76b6ef1c69",
	"3325f7b8-3264-421e-8761-e21c909a5629",
	"99e326a1-deb0-4b66-9607-92a946669c60",
	-1);
INSERT INTO R_OIR
	VALUES ("803702ba-1594-4405-b96a-8c76b6ef1c69",
	"3325f7b8-3264-421e-8761-e21c909a5629",
	"99e326a1-deb0-4b66-9607-92a946669c60",
	"00000000-0000-0000-0000-000000000000");
INSERT INTO R_PART
	VALUES ("7a1c6c92-00d7-49ac-a23b-cfb4d3362f53",
	"3325f7b8-3264-421e-8761-e21c909a5629",
	"a9258539-1b6e-4757-8379-14d15dc93273",
	0,
	0,
	'contains');
INSERT INTO R_RTO
	VALUES ("7a1c6c92-00d7-49ac-a23b-cfb4d3362f53",
	"3325f7b8-3264-421e-8761-e21c909a5629",
	"a9258539-1b6e-4757-8379-14d15dc93273",
	-1);
INSERT INTO R_OIR
	VALUES ("7a1c6c92-00d7-49ac-a23b-cfb4d3362f53",
	"3325f7b8-3264-421e-8761-e21c909a5629",
	"a9258539-1b6e-4757-8379-14d15dc93273",
	"00000000-0000-0000-0000-000000000000");
INSERT INTO PE_PE
	VALUES ("cb8d1a7f-fd3c-4429-a5dd-c6ef9102edff",
	1,
	"960454f9-cf5f-4331-88bf-8023709586b1",
	"00000000-0000-0000-0000-000000000000",
	9);
INSERT INTO R_REL
	VALUES ("cb8d1a7f-fd3c-4429-a5dd-c6ef9102edff",
	6,
	'',
	"00000000-0000-0000-0000-000000000000");
INSERT INTO R_SIMP
	VALUES ("cb8d1a7f-fd3c-4429-a5dd-c6ef9102edff");
INSERT INTO R_PART
	VALUES ("4b839513-bd70-4d73-85ed-c06b10ee091a",
	"cb8d1a7f-fd3c-4429-a5dd-c6ef9102edff",
	"77ff7653-0280-4f8e-8f16-d24ec7d664f2",
	1,
	1,
	'');
INSERT INTO R_RTO
	VALUES ("4b839513-bd70-4d73-85ed-c06b10ee091a",
	"cb8d1a7f-fd3c-4429-a5dd-c6ef9102edff",
	"77ff7653-0280-4f8e-8f16-d24ec7d664f2",
	-1);
INSERT INTO R_OIR
	VALUES ("4b839513-bd70-4d73-85ed-c06b10ee091a",
	"cb8d1a7f-fd3c-4429-a5dd-c6ef9102edff",
	"77ff7653-0280-4f8e-8f16-d24ec7d664f2",
	"00000000-0000-0000-0000-000000000000");
INSERT INTO R_PART
	VALUES ("bb0b5c24-97a4-43d0-bb19-ce1683a93dc8",
	"cb8d1a7f-fd3c-4429-a5dd-c6ef9102edff",
	"8995068b-da0d-4d41-90b9-d0db85a2cbb9",
	0,
	0,
	'contains');
INSERT INTO R_RTO
	VALUES ("bb0b5c24-97a4-43d0-bb19-ce1683a93dc8",
	"cb8d1a7f-fd3c-4429-a5dd-c6ef9102edff",
	"8995068b-da0d-4d41-90b9-d0db85a2cbb9",
	-1);
INSERT INTO R_OIR
	VALUES ("bb0b5c24-97a4-43d0-bb19-ce1683a93dc8",
	"cb8d1a7f-fd3c-4429-a5dd-c6ef9102edff",
	"8995068b-da0d-4d41-90b9-d0db85a2cbb9",
	"00000000-0000-0000-0000-000000000000");
INSERT INTO PE_PE
	VALUES ("2eefcfb6-146c-44cf-afc9-d135839bc442",
	1,
	"960454f9-cf5f-4331-88bf-8023709586b1",
	"00000000-0000-0000-0000-000000000000",
	9);
INSERT INTO R_REL
	VALUES ("2eefcfb6-146c-44cf-afc9-d135839bc442",
	5,
	'',
	"00000000-0000-0000-0000-000000000000");
INSERT INTO R_SIMP
	VALUES ("2eefcfb6-146c-44cf-afc9-d135839bc442");
INSERT INTO R_PART
	VALUES ("1efeba6e-0315-442d-8e70-729b05561bea",
	"2eefcfb6-146c-44cf-afc9-d135839bc442",
	"56a49bc0-2be0-492c-9e3e-1db099ed7826",
	1,
	0,
	'');
INSERT INTO R_RTO
	VALUES ("1efeba6e-0315-442d-8e70-729b05561bea",
	"2eefcfb6-146c-44cf-afc9-d135839bc442",
	"56a49bc0-2be0-492c-9e3e-1db099ed7826",
	-1);
INSERT INTO R_OIR
	VALUES ("1efeba6e-0315-442d-8e70-729b05561bea",
	"2eefcfb6-146c-44cf-afc9-d135839bc442",
	"56a49bc0-2be0-492c-9e3e-1db099ed7826",
	"00000000-0000-0000-0000-000000000000");
INSERT INTO R_PART
	VALUES ("bafdc953-1881-43a3-a5f1-9dcc7e2d60c3",
	"2eefcfb6-146c-44cf-afc9-d135839bc442",
	"1e23b346-2dac-4340-bd6e-c2cfcaf0971b",
	0,
	0,
	'can_be_complemented_with');
INSERT INTO R_RTO
	VALUES ("bafdc953-1881-43a3-a5f1-9dcc7e2d60c3",
	"2eefcfb6-146c-44cf-afc9-d135839bc442",
	"1e23b346-2dac-4340-bd6e-c2cfcaf0971b",
	-1);
INSERT INTO R_OIR
	VALUES ("bafdc953-1881-43a3-a5f1-9dcc7e2d60c3",
	"2eefcfb6-146c-44cf-afc9-d135839bc442",
	"1e23b346-2dac-4340-bd6e-c2cfcaf0971b",
	"00000000-0000-0000-0000-000000000000");
INSERT INTO PE_PE
	VALUES ("55c612ef-684e-4f08-8fd3-2f7baa4f6a03",
	1,
	"960454f9-cf5f-4331-88bf-8023709586b1",
	"00000000-0000-0000-0000-000000000000",
	9);
INSERT INTO R_REL
	VALUES ("55c612ef-684e-4f08-8fd3-2f7baa4f6a03",
	4,
	'',
	"00000000-0000-0000-0000-000000000000");
INSERT INTO R_SIMP
	VALUES ("55c612ef-684e-4f08-8fd3-2f7baa4f6a03");
INSERT INTO R_PART
	VALUES ("1efeba6e-0315-442d-8e70-729b05561bea",
	"55c612ef-684e-4f08-8fd3-2f7baa4f6a03",
	"e44658ba-0fba-4f4e-9ec5-84aa92cbb45c",
	1,
	0,
	'');
INSERT INTO R_RTO
	VALUES ("1efeba6e-0315-442d-8e70-729b05561bea",
	"55c612ef-684e-4f08-8fd3-2f7baa4f6a03",
	"e44658ba-0fba-4f4e-9ec5-84aa92cbb45c",
	-1);
INSERT INTO R_OIR
	VALUES ("1efeba6e-0315-442d-8e70-729b05561bea",
	"55c612ef-684e-4f08-8fd3-2f7baa4f6a03",
	"e44658ba-0fba-4f4e-9ec5-84aa92cbb45c",
	"00000000-0000-0000-0000-000000000000");
INSERT INTO R_PART
	VALUES ("bafdc953-1881-43a3-a5f1-9dcc7e2d60c3",
	"55c612ef-684e-4f08-8fd3-2f7baa4f6a03",
	"77de1e4f-f473-4327-8c37-26da30f816fc",
	0,
	0,
	'includes');
INSERT INTO R_RTO
	VALUES ("bafdc953-1881-43a3-a5f1-9dcc7e2d60c3",
	"55c612ef-684e-4f08-8fd3-2f7baa4f6a03",
	"77de1e4f-f473-4327-8c37-26da30f816fc",
	-1);
INSERT INTO R_OIR
	VALUES ("bafdc953-1881-43a3-a5f1-9dcc7e2d60c3",
	"55c612ef-684e-4f08-8fd3-2f7baa4f6a03",
	"77de1e4f-f473-4327-8c37-26da30f816fc",
	"00000000-0000-0000-0000-000000000000");
INSERT INTO PE_PE
	VALUES ("b6e0045d-1e07-4da1-89ae-bb851de5ae4a",
	1,
	"960454f9-cf5f-4331-88bf-8023709586b1",
	"00000000-0000-0000-0000-000000000000",
	9);
INSERT INTO R_REL
	VALUES ("b6e0045d-1e07-4da1-89ae-bb851de5ae4a",
	3,
	'',
	"00000000-0000-0000-0000-000000000000");
INSERT INTO R_SIMP
	VALUES ("b6e0045d-1e07-4da1-89ae-bb851de5ae4a");
INSERT INTO R_PART
	VALUES ("bb0b5c24-97a4-43d0-bb19-ce1683a93dc8",
	"b6e0045d-1e07-4da1-89ae-bb851de5ae4a",
	"c4dd5b77-1e25-440c-badd-f2b4a5448322",
	0,
	0,
	'has');
INSERT INTO R_RTO
	VALUES ("bb0b5c24-97a4-43d0-bb19-ce1683a93dc8",
	"b6e0045d-1e07-4da1-89ae-bb851de5ae4a",
	"c4dd5b77-1e25-440c-badd-f2b4a5448322",
	-1);
INSERT INTO R_OIR
	VALUES ("bb0b5c24-97a4-43d0-bb19-ce1683a93dc8",
	"b6e0045d-1e07-4da1-89ae-bb851de5ae4a",
	"c4dd5b77-1e25-440c-badd-f2b4a5448322",
	"00000000-0000-0000-0000-000000000000");
INSERT INTO R_PART
	VALUES ("bb0b5c24-97a4-43d0-bb19-ce1683a93dc8",
	"b6e0045d-1e07-4da1-89ae-bb851de5ae4a",
	"da5078a7-2cd7-4cf9-b068-a7698995668e",
	1,
	1,
	'in group');
INSERT INTO R_RTO
	VALUES ("bb0b5c24-97a4-43d0-bb19-ce1683a93dc8",
	"b6e0045d-1e07-4da1-89ae-bb851de5ae4a",
	"da5078a7-2cd7-4cf9-b068-a7698995668e",
	-1);
INSERT INTO R_OIR
	VALUES ("bb0b5c24-97a4-43d0-bb19-ce1683a93dc8",
	"b6e0045d-1e07-4da1-89ae-bb851de5ae4a",
	"da5078a7-2cd7-4cf9-b068-a7698995668e",
	"00000000-0000-0000-0000-000000000000");
INSERT INTO PE_PE
	VALUES ("655f93cd-124d-4c1c-8fee-9a2f5468ffe1",
	1,
	"960454f9-cf5f-4331-88bf-8023709586b1",
	"00000000-0000-0000-0000-000000000000",
	9);
INSERT INTO R_REL
	VALUES ("655f93cd-124d-4c1c-8fee-9a2f5468ffe1",
	2,
	'',
	"00000000-0000-0000-0000-000000000000");
INSERT INTO R_SUBSUP
	VALUES ("655f93cd-124d-4c1c-8fee-9a2f5468ffe1");
INSERT INTO R_SUPER
	VALUES ("803702ba-1594-4405-b96a-8c76b6ef1c69",
	"655f93cd-124d-4c1c-8fee-9a2f5468ffe1",
	"e77468f8-eb00-4953-b3f1-a7ad93b6c20e");
INSERT INTO R_RTO
	VALUES ("803702ba-1594-4405-b96a-8c76b6ef1c69",
	"655f93cd-124d-4c1c-8fee-9a2f5468ffe1",
	"e77468f8-eb00-4953-b3f1-a7ad93b6c20e",
	-1);
INSERT INTO R_OIR
	VALUES ("803702ba-1594-4405-b96a-8c76b6ef1c69",
	"655f93cd-124d-4c1c-8fee-9a2f5468ffe1",
	"e77468f8-eb00-4953-b3f1-a7ad93b6c20e",
	"00000000-0000-0000-0000-000000000000");
INSERT INTO R_SUB
	VALUES ("7a1c6c92-00d7-49ac-a23b-cfb4d3362f53",
	"655f93cd-124d-4c1c-8fee-9a2f5468ffe1",
	"436371eb-cbe1-40dd-aa41-77ae8abcc98f");
INSERT INTO R_RGO
	VALUES ("7a1c6c92-00d7-49ac-a23b-cfb4d3362f53",
	"655f93cd-124d-4c1c-8fee-9a2f5468ffe1",
	"436371eb-cbe1-40dd-aa41-77ae8abcc98f");
INSERT INTO R_OIR
	VALUES ("7a1c6c92-00d7-49ac-a23b-cfb4d3362f53",
	"655f93cd-124d-4c1c-8fee-9a2f5468ffe1",
	"436371eb-cbe1-40dd-aa41-77ae8abcc98f",
	"00000000-0000-0000-0000-000000000000");
INSERT INTO R_SUB
	VALUES ("1efeba6e-0315-442d-8e70-729b05561bea",
	"655f93cd-124d-4c1c-8fee-9a2f5468ffe1",
	"538375ec-701e-44a0-a2fa-dc7774434702");
INSERT INTO R_RGO
	VALUES ("1efeba6e-0315-442d-8e70-729b05561bea",
	"655f93cd-124d-4c1c-8fee-9a2f5468ffe1",
	"538375ec-701e-44a0-a2fa-dc7774434702");
INSERT INTO R_OIR
	VALUES ("1efeba6e-0315-442d-8e70-729b05561bea",
	"655f93cd-124d-4c1c-8fee-9a2f5468ffe1",
	"538375ec-701e-44a0-a2fa-dc7774434702",
	"00000000-0000-0000-0000-000000000000");
INSERT INTO R_SUB
	VALUES ("bafdc953-1881-43a3-a5f1-9dcc7e2d60c3",
	"655f93cd-124d-4c1c-8fee-9a2f5468ffe1",
	"0f3a975d-eb0e-4480-bbed-ae4648523ecf");
INSERT INTO R_RGO
	VALUES ("bafdc953-1881-43a3-a5f1-9dcc7e2d60c3",
	"655f93cd-124d-4c1c-8fee-9a2f5468ffe1",
	"0f3a975d-eb0e-4480-bbed-ae4648523ecf");
INSERT INTO R_OIR
	VALUES ("bafdc953-1881-43a3-a5f1-9dcc7e2d60c3",
	"655f93cd-124d-4c1c-8fee-9a2f5468ffe1",
	"0f3a975d-eb0e-4480-bbed-ae4648523ecf",
	"00000000-0000-0000-0000-000000000000");
INSERT INTO PE_PE
	VALUES ("861d98e9-8fb8-41c9-b775-c91333eaac35",
	1,
	"960454f9-cf5f-4331-88bf-8023709586b1",
	"00000000-0000-0000-0000-000000000000",
	9);
INSERT INTO R_REL
	VALUES ("861d98e9-8fb8-41c9-b775-c91333eaac35",
	1,
	'',
	"00000000-0000-0000-0000-000000000000");
INSERT INTO R_SIMP
	VALUES ("861d98e9-8fb8-41c9-b775-c91333eaac35");
INSERT INTO R_PART
	VALUES ("bafdc953-1881-43a3-a5f1-9dcc7e2d60c3",
	"861d98e9-8fb8-41c9-b775-c91333eaac35",
	"f3b58287-3254-4757-975d-c2512681cca4",
	1,
	0,
	'is_instance_of');
INSERT INTO R_RTO
	VALUES ("bafdc953-1881-43a3-a5f1-9dcc7e2d60c3",
	"861d98e9-8fb8-41c9-b775-c91333eaac35",
	"f3b58287-3254-4757-975d-c2512681cca4",
	-1);
INSERT INTO R_OIR
	VALUES ("bafdc953-1881-43a3-a5f1-9dcc7e2d60c3",
	"861d98e9-8fb8-41c9-b775-c91333eaac35",
	"f3b58287-3254-4757-975d-c2512681cca4",
	"00000000-0000-0000-0000-000000000000");
INSERT INTO R_PART
	VALUES ("4b839513-bd70-4d73-85ed-c06b10ee091a",
	"861d98e9-8fb8-41c9-b775-c91333eaac35",
	"86ac1080-593f-4e6f-8bbb-da9c3f370a67",
	0,
	0,
	'');
INSERT INTO R_RTO
	VALUES ("4b839513-bd70-4d73-85ed-c06b10ee091a",
	"861d98e9-8fb8-41c9-b775-c91333eaac35",
	"86ac1080-593f-4e6f-8bbb-da9c3f370a67",
	-1);
INSERT INTO R_OIR
	VALUES ("4b839513-bd70-4d73-85ed-c06b10ee091a",
	"861d98e9-8fb8-41c9-b775-c91333eaac35",
	"86ac1080-593f-4e6f-8bbb-da9c3f370a67",
	"00000000-0000-0000-0000-000000000000");
INSERT INTO PE_PE
	VALUES ("19b27525-ef50-4d33-ab2c-8b7895f454e1",
	1,
	"960454f9-cf5f-4331-88bf-8023709586b1",
	"00000000-0000-0000-0000-000000000000",
	1);
INSERT INTO S_SYNC
	VALUES ("19b27525-ef50-4d33-ab2c-8b7895f454e1",
	"00000000-0000-0000-0000-000000000000",
	'PopulateFacilityTypes',
	'',
	'
create object instance ft of FACILITYTYPE;
create object instance b of BOOKABLE;
relate ft to b across R2;

ft.approximateArea = "About 20 square meters";
b.price = 100;
b.description = "A double bed room";


create object instance f1 of FACILITY;
relate f1 to ft across R1;
f1.facilityID = "Room1";

create object instance f2 of FACILITY;
relate f2 to ft across R1;
f1.facilityID = "Room2";

create object instance f3 of FACILITY;
relate f3 to ft across R1;
f1.facilityID = "Room3";




	



',
	"ba5eda7a-def5-0000-0000-000000000000",
	1,
	'');
INSERT INTO ACT_FNB
	VALUES ("59432e12-8d2d-4d07-89e2-ef9023073140",
	"19b27525-ef50-4d33-ab2c-8b7895f454e1");
INSERT INTO ACT_ACT
	VALUES ("59432e12-8d2d-4d07-89e2-ef9023073140",
	'function',
	0,
	"79c232eb-7820-4cd4-9c16-36d7599559d2",
	"00000000-0000-0000-0000-000000000000",
	0,
	'PopulateFacilityTypes',
	"00000000-0000-0000-0000-000000000000");
INSERT INTO ACT_BLK
	VALUES ("79c232eb-7820-4cd4-9c16-36d7599559d2",
	0,
	0,
	0,
	'',
	'',
	'',
	21,
	1,
	19,
	30,
	0,
	0,
	20,
	24,
	0,
	0,
	0,
	0,
	0,
	"59432e12-8d2d-4d07-89e2-ef9023073140",
	"00000000-0000-0000-0000-000000000000");
INSERT INTO ACT_SMT
	VALUES ("b686415a-432f-4b9d-b8b0-1c8ed66677e4",
	"79c232eb-7820-4cd4-9c16-36d7599559d2",
	"7637b3e3-e4fc-4321-9e9f-d6122506bb08",
	2,
	1,
	'PopulateFacilityTypes line: 2');
INSERT INTO ACT_CR
	VALUES ("b686415a-432f-4b9d-b8b0-1c8ed66677e4",
	"41d285a4-546b-47c5-a586-0930beac4810",
	1,
	"bafdc953-1881-43a3-a5f1-9dcc7e2d60c3",
	2,
	30);
INSERT INTO ACT_SMT
	VALUES ("7637b3e3-e4fc-4321-9e9f-d6122506bb08",
	"79c232eb-7820-4cd4-9c16-36d7599559d2",
	"437e6b8e-9f2a-4bdc-8ca1-6e9e277a5333",
	3,
	1,
	'PopulateFacilityTypes line: 3');
INSERT INTO ACT_CR
	VALUES ("7637b3e3-e4fc-4321-9e9f-d6122506bb08",
	"431931ba-fea7-446d-8a0c-fce8ffda874c",
	1,
	"803702ba-1594-4405-b96a-8c76b6ef1c69",
	3,
	29);
INSERT INTO ACT_SMT
	VALUES ("437e6b8e-9f2a-4bdc-8ca1-6e9e277a5333",
	"79c232eb-7820-4cd4-9c16-36d7599559d2",
	"288ae0b5-c10d-4fd2-926a-c8ae5d93fd65",
	4,
	1,
	'PopulateFacilityTypes line: 4');
INSERT INTO ACT_REL
	VALUES ("437e6b8e-9f2a-4bdc-8ca1-6e9e277a5333",
	"41d285a4-546b-47c5-a586-0930beac4810",
	"431931ba-fea7-446d-8a0c-fce8ffda874c",
	'',
	"655f93cd-124d-4c1c-8fee-9a2f5468ffe1",
	4,
	23,
	0,
	0);
INSERT INTO ACT_SMT
	VALUES ("288ae0b5-c10d-4fd2-926a-c8ae5d93fd65",
	"79c232eb-7820-4cd4-9c16-36d7599559d2",
	"96ed425e-b40d-4bf8-bc91-fe777dfe53c8",
	6,
	1,
	'PopulateFacilityTypes line: 6');
INSERT INTO ACT_AI
	VALUES ("288ae0b5-c10d-4fd2-926a-c8ae5d93fd65",
	"60379bf3-d918-4f02-b107-5015138015c4",
	"a131e845-c49a-4a0c-8bc8-24a9c32577e9",
	0,
	0);
INSERT INTO ACT_SMT
	VALUES ("96ed425e-b40d-4bf8-bc91-fe777dfe53c8",
	"79c232eb-7820-4cd4-9c16-36d7599559d2",
	"69413c5a-9de9-458b-8c7e-a0e8b667e7b5",
	7,
	1,
	'PopulateFacilityTypes line: 7');
INSERT INTO ACT_AI
	VALUES ("96ed425e-b40d-4bf8-bc91-fe777dfe53c8",
	"e35698a4-e98f-47cf-8d11-3eca1fa84129",
	"c67a28c9-1d47-485d-a268-b61447725892",
	0,
	0);
INSERT INTO ACT_SMT
	VALUES ("69413c5a-9de9-458b-8c7e-a0e8b667e7b5",
	"79c232eb-7820-4cd4-9c16-36d7599559d2",
	"148e034c-55bf-4a6a-8c61-e47c132dac4f",
	8,
	1,
	'PopulateFacilityTypes line: 8');
INSERT INTO ACT_AI
	VALUES ("69413c5a-9de9-458b-8c7e-a0e8b667e7b5",
	"810ac45c-800a-496c-ab7e-c0ce491b5124",
	"092cb387-674b-4a64-aeb4-5696c4df5649",
	0,
	0);
INSERT INTO ACT_SMT
	VALUES ("148e034c-55bf-4a6a-8c61-e47c132dac4f",
	"79c232eb-7820-4cd4-9c16-36d7599559d2",
	"ee0734ee-0420-4428-8e92-bb0f261dd406",
	11,
	1,
	'PopulateFacilityTypes line: 11');
INSERT INTO ACT_CR
	VALUES ("148e034c-55bf-4a6a-8c61-e47c132dac4f",
	"f2cfc29b-562a-4582-a546-80ea25006948",
	1,
	"4b839513-bd70-4d73-85ed-c06b10ee091a",
	11,
	30);
INSERT INTO ACT_SMT
	VALUES ("ee0734ee-0420-4428-8e92-bb0f261dd406",
	"79c232eb-7820-4cd4-9c16-36d7599559d2",
	"5cf79084-5cd8-4e18-8f13-3fe4934d4871",
	12,
	1,
	'PopulateFacilityTypes line: 12');
INSERT INTO ACT_REL
	VALUES ("ee0734ee-0420-4428-8e92-bb0f261dd406",
	"f2cfc29b-562a-4582-a546-80ea25006948",
	"41d285a4-546b-47c5-a586-0930beac4810",
	'',
	"861d98e9-8fb8-41c9-b775-c91333eaac35",
	12,
	24,
	0,
	0);
INSERT INTO ACT_SMT
	VALUES ("5cf79084-5cd8-4e18-8f13-3fe4934d4871",
	"79c232eb-7820-4cd4-9c16-36d7599559d2",
	"b506a8ea-9d92-40a4-ada1-19964f468825",
	13,
	1,
	'PopulateFacilityTypes line: 13');
INSERT INTO ACT_AI
	VALUES ("5cf79084-5cd8-4e18-8f13-3fe4934d4871",
	"91a13bca-555c-43ad-8c77-b91ad01ec5c3",
	"c6ad6db1-b7cb-4bd2-8843-0545ea7381de",
	0,
	0);
INSERT INTO ACT_SMT
	VALUES ("b506a8ea-9d92-40a4-ada1-19964f468825",
	"79c232eb-7820-4cd4-9c16-36d7599559d2",
	"1d2f9bd0-091b-4393-affa-6e6611e8f23d",
	15,
	1,
	'PopulateFacilityTypes line: 15');
INSERT INTO ACT_CR
	VALUES ("b506a8ea-9d92-40a4-ada1-19964f468825",
	"b6bf721d-5c1f-45cb-adff-064e6e90a86f",
	1,
	"4b839513-bd70-4d73-85ed-c06b10ee091a",
	15,
	30);
INSERT INTO ACT_SMT
	VALUES ("1d2f9bd0-091b-4393-affa-6e6611e8f23d",
	"79c232eb-7820-4cd4-9c16-36d7599559d2",
	"6cfc35cb-1f93-4891-be49-1564715ccaf8",
	16,
	1,
	'PopulateFacilityTypes line: 16');
INSERT INTO ACT_REL
	VALUES ("1d2f9bd0-091b-4393-affa-6e6611e8f23d",
	"b6bf721d-5c1f-45cb-adff-064e6e90a86f",
	"41d285a4-546b-47c5-a586-0930beac4810",
	'',
	"861d98e9-8fb8-41c9-b775-c91333eaac35",
	16,
	24,
	0,
	0);
INSERT INTO ACT_SMT
	VALUES ("6cfc35cb-1f93-4891-be49-1564715ccaf8",
	"79c232eb-7820-4cd4-9c16-36d7599559d2",
	"34cabbe5-c2f7-40b7-a502-41523f18d279",
	17,
	1,
	'PopulateFacilityTypes line: 17');
INSERT INTO ACT_AI
	VALUES ("6cfc35cb-1f93-4891-be49-1564715ccaf8",
	"de6d99a0-388a-4968-8625-e8c1ec050b68",
	"6b3b14db-a217-44bd-af13-00ff020f50e6",
	0,
	0);
INSERT INTO ACT_SMT
	VALUES ("34cabbe5-c2f7-40b7-a502-41523f18d279",
	"79c232eb-7820-4cd4-9c16-36d7599559d2",
	"2c88cf80-514b-40ef-9963-e142f55b4874",
	19,
	1,
	'PopulateFacilityTypes line: 19');
INSERT INTO ACT_CR
	VALUES ("34cabbe5-c2f7-40b7-a502-41523f18d279",
	"acecdcb2-1d64-418b-bff7-7d8f9a367028",
	1,
	"4b839513-bd70-4d73-85ed-c06b10ee091a",
	19,
	30);
INSERT INTO ACT_SMT
	VALUES ("2c88cf80-514b-40ef-9963-e142f55b4874",
	"79c232eb-7820-4cd4-9c16-36d7599559d2",
	"36320714-ca7d-433c-87ba-f004bda8084c",
	20,
	1,
	'PopulateFacilityTypes line: 20');
INSERT INTO ACT_REL
	VALUES ("2c88cf80-514b-40ef-9963-e142f55b4874",
	"acecdcb2-1d64-418b-bff7-7d8f9a367028",
	"41d285a4-546b-47c5-a586-0930beac4810",
	'',
	"861d98e9-8fb8-41c9-b775-c91333eaac35",
	20,
	24,
	0,
	0);
INSERT INTO ACT_SMT
	VALUES ("36320714-ca7d-433c-87ba-f004bda8084c",
	"79c232eb-7820-4cd4-9c16-36d7599559d2",
	"00000000-0000-0000-0000-000000000000",
	21,
	1,
	'PopulateFacilityTypes line: 21');
INSERT INTO ACT_AI
	VALUES ("36320714-ca7d-433c-87ba-f004bda8084c",
	"911ac734-a3db-4708-b774-489e64cb6b22",
	"e141dbb9-2efd-4036-b9fb-11b05849a7a1",
	0,
	0);
INSERT INTO V_VAL
	VALUES ("55531b9a-39a0-4f11-a127-772e60acce61",
	1,
	0,
	6,
	1,
	2,
	0,
	0,
	0,
	0,
	"99dc6d1a-909c-4bcb-a5b6-04d65b974e90",
	"79c232eb-7820-4cd4-9c16-36d7599559d2");
INSERT INTO V_IRF
	VALUES ("55531b9a-39a0-4f11-a127-772e60acce61",
	"41d285a4-546b-47c5-a586-0930beac4810");
INSERT INTO V_VAL
	VALUES ("a131e845-c49a-4a0c-8bc8-24a9c32577e9",
	1,
	0,
	6,
	4,
	18,
	0,
	0,
	0,
	0,
	"ba5eda7a-def5-0000-0000-000000000004",
	"79c232eb-7820-4cd4-9c16-36d7599559d2");
INSERT INTO V_AVL
	VALUES ("a131e845-c49a-4a0c-8bc8-24a9c32577e9",
	"55531b9a-39a0-4f11-a127-772e60acce61",
	"bafdc953-1881-43a3-a5f1-9dcc7e2d60c3",
	"839b61ce-d63e-49ba-a0ae-d1b0093bb680");
INSERT INTO V_VAL
	VALUES ("60379bf3-d918-4f02-b107-5015138015c4",
	0,
	0,
	6,
	22,
	44,
	0,
	0,
	0,
	0,
	"ba5eda7a-def5-0000-0000-000000000004",
	"79c232eb-7820-4cd4-9c16-36d7599559d2");
INSERT INTO V_LST
	VALUES ("60379bf3-d918-4f02-b107-5015138015c4",
	'About 20 square meters');
INSERT INTO V_VAL
	VALUES ("b6434a96-a02f-49e3-853d-ec8ecbec81ba",
	1,
	0,
	7,
	1,
	1,
	0,
	0,
	0,
	0,
	"bdce89ef-72f6-4386-ba13-b2d926836c80",
	"79c232eb-7820-4cd4-9c16-36d7599559d2");
INSERT INTO V_IRF
	VALUES ("b6434a96-a02f-49e3-853d-ec8ecbec81ba",
	"431931ba-fea7-446d-8a0c-fce8ffda874c");
INSERT INTO V_VAL
	VALUES ("c67a28c9-1d47-485d-a268-b61447725892",
	1,
	0,
	7,
	3,
	7,
	0,
	0,
	0,
	0,
	"ba5eda7a-def5-0000-0000-000000000002",
	"79c232eb-7820-4cd4-9c16-36d7599559d2");
INSERT INTO V_AVL
	VALUES ("c67a28c9-1d47-485d-a268-b61447725892",
	"b6434a96-a02f-49e3-853d-ec8ecbec81ba",
	"803702ba-1594-4405-b96a-8c76b6ef1c69",
	"8ccbac66-5148-4ed4-bb36-09215ce15366");
INSERT INTO V_VAL
	VALUES ("e35698a4-e98f-47cf-8d11-3eca1fa84129",
	0,
	0,
	7,
	11,
	13,
	0,
	0,
	0,
	0,
	"ba5eda7a-def5-0000-0000-000000000002",
	"79c232eb-7820-4cd4-9c16-36d7599559d2");
INSERT INTO V_LIN
	VALUES ("e35698a4-e98f-47cf-8d11-3eca1fa84129",
	'100');
INSERT INTO V_VAL
	VALUES ("7a3d48c3-0735-4a98-b1bb-2220733f0c49",
	1,
	0,
	8,
	1,
	1,
	0,
	0,
	0,
	0,
	"bdce89ef-72f6-4386-ba13-b2d926836c80",
	"79c232eb-7820-4cd4-9c16-36d7599559d2");
INSERT INTO V_IRF
	VALUES ("7a3d48c3-0735-4a98-b1bb-2220733f0c49",
	"431931ba-fea7-446d-8a0c-fce8ffda874c");
INSERT INTO V_VAL
	VALUES ("092cb387-674b-4a64-aeb4-5696c4df5649",
	1,
	0,
	8,
	3,
	13,
	0,
	0,
	0,
	0,
	"ba5eda7a-def5-0000-0000-000000000004",
	"79c232eb-7820-4cd4-9c16-36d7599559d2");
INSERT INTO V_AVL
	VALUES ("092cb387-674b-4a64-aeb4-5696c4df5649",
	"7a3d48c3-0735-4a98-b1bb-2220733f0c49",
	"803702ba-1594-4405-b96a-8c76b6ef1c69",
	"7edb737c-eda0-435c-ab44-20ad0293ebdb");
INSERT INTO V_VAL
	VALUES ("810ac45c-800a-496c-ab7e-c0ce491b5124",
	0,
	0,
	8,
	17,
	34,
	0,
	0,
	0,
	0,
	"ba5eda7a-def5-0000-0000-000000000004",
	"79c232eb-7820-4cd4-9c16-36d7599559d2");
INSERT INTO V_LST
	VALUES ("810ac45c-800a-496c-ab7e-c0ce491b5124",
	'A double bed room');
INSERT INTO V_VAL
	VALUES ("365817bd-6f45-4eeb-b93c-c79e97a525fc",
	1,
	0,
	13,
	1,
	2,
	0,
	0,
	0,
	0,
	"bd43dc09-3be2-4ae8-806d-bedb08b1e03c",
	"79c232eb-7820-4cd4-9c16-36d7599559d2");
INSERT INTO V_IRF
	VALUES ("365817bd-6f45-4eeb-b93c-c79e97a525fc",
	"f2cfc29b-562a-4582-a546-80ea25006948");
INSERT INTO V_VAL
	VALUES ("c6ad6db1-b7cb-4bd2-8843-0545ea7381de",
	1,
	0,
	13,
	4,
	13,
	0,
	0,
	0,
	0,
	"ba5eda7a-def5-0000-0000-000000000004",
	"79c232eb-7820-4cd4-9c16-36d7599559d2");
INSERT INTO V_AVL
	VALUES ("c6ad6db1-b7cb-4bd2-8843-0545ea7381de",
	"365817bd-6f45-4eeb-b93c-c79e97a525fc",
	"4b839513-bd70-4d73-85ed-c06b10ee091a",
	"e22cda36-25e1-4b81-aef1-d74c43020c14");
INSERT INTO V_VAL
	VALUES ("91a13bca-555c-43ad-8c77-b91ad01ec5c3",
	0,
	0,
	13,
	17,
	22,
	0,
	0,
	0,
	0,
	"ba5eda7a-def5-0000-0000-000000000004",
	"79c232eb-7820-4cd4-9c16-36d7599559d2");
INSERT INTO V_LST
	VALUES ("91a13bca-555c-43ad-8c77-b91ad01ec5c3",
	'Room1');
INSERT INTO V_VAL
	VALUES ("f11bd221-0909-49bd-960c-a711f4e15c7f",
	1,
	0,
	17,
	1,
	2,
	0,
	0,
	0,
	0,
	"bd43dc09-3be2-4ae8-806d-bedb08b1e03c",
	"79c232eb-7820-4cd4-9c16-36d7599559d2");
INSERT INTO V_IRF
	VALUES ("f11bd221-0909-49bd-960c-a711f4e15c7f",
	"f2cfc29b-562a-4582-a546-80ea25006948");
INSERT INTO V_VAL
	VALUES ("6b3b14db-a217-44bd-af13-00ff020f50e6",
	1,
	0,
	17,
	4,
	13,
	0,
	0,
	0,
	0,
	"ba5eda7a-def5-0000-0000-000000000004",
	"79c232eb-7820-4cd4-9c16-36d7599559d2");
INSERT INTO V_AVL
	VALUES ("6b3b14db-a217-44bd-af13-00ff020f50e6",
	"f11bd221-0909-49bd-960c-a711f4e15c7f",
	"4b839513-bd70-4d73-85ed-c06b10ee091a",
	"e22cda36-25e1-4b81-aef1-d74c43020c14");
INSERT INTO V_VAL
	VALUES ("de6d99a0-388a-4968-8625-e8c1ec050b68",
	0,
	0,
	17,
	17,
	22,
	0,
	0,
	0,
	0,
	"ba5eda7a-def5-0000-0000-000000000004",
	"79c232eb-7820-4cd4-9c16-36d7599559d2");
INSERT INTO V_LST
	VALUES ("de6d99a0-388a-4968-8625-e8c1ec050b68",
	'Room2');
INSERT INTO V_VAL
	VALUES ("3325c5e4-2a9a-4a46-aada-feeec4c33ec5",
	1,
	0,
	21,
	1,
	2,
	0,
	0,
	0,
	0,
	"bd43dc09-3be2-4ae8-806d-bedb08b1e03c",
	"79c232eb-7820-4cd4-9c16-36d7599559d2");
INSERT INTO V_IRF
	VALUES ("3325c5e4-2a9a-4a46-aada-feeec4c33ec5",
	"f2cfc29b-562a-4582-a546-80ea25006948");
INSERT INTO V_VAL
	VALUES ("e141dbb9-2efd-4036-b9fb-11b05849a7a1",
	1,
	0,
	21,
	4,
	13,
	0,
	0,
	0,
	0,
	"ba5eda7a-def5-0000-0000-000000000004",
	"79c232eb-7820-4cd4-9c16-36d7599559d2");
INSERT INTO V_AVL
	VALUES ("e141dbb9-2efd-4036-b9fb-11b05849a7a1",
	"3325c5e4-2a9a-4a46-aada-feeec4c33ec5",
	"4b839513-bd70-4d73-85ed-c06b10ee091a",
	"e22cda36-25e1-4b81-aef1-d74c43020c14");
INSERT INTO V_VAL
	VALUES ("911ac734-a3db-4708-b774-489e64cb6b22",
	0,
	0,
	21,
	17,
	22,
	0,
	0,
	0,
	0,
	"ba5eda7a-def5-0000-0000-000000000004",
	"79c232eb-7820-4cd4-9c16-36d7599559d2");
INSERT INTO V_LST
	VALUES ("911ac734-a3db-4708-b774-489e64cb6b22",
	'Room3');
INSERT INTO V_VAR
	VALUES ("41d285a4-546b-47c5-a586-0930beac4810",
	"79c232eb-7820-4cd4-9c16-36d7599559d2",
	'ft',
	1,
	"99dc6d1a-909c-4bcb-a5b6-04d65b974e90");
INSERT INTO V_INT
	VALUES ("41d285a4-546b-47c5-a586-0930beac4810",
	0,
	"bafdc953-1881-43a3-a5f1-9dcc7e2d60c3");
INSERT INTO V_LOC
	VALUES ("213cff0e-f859-4fa1-8daf-017a645ae0ee",
	2,
	24,
	25,
	"41d285a4-546b-47c5-a586-0930beac4810");
INSERT INTO V_LOC
	VALUES ("16601e13-8758-4716-8590-51ead3a8acef",
	4,
	8,
	9,
	"41d285a4-546b-47c5-a586-0930beac4810");
INSERT INTO V_LOC
	VALUES ("19d2effa-393b-4ce9-922c-2d9eab5b3105",
	6,
	1,
	2,
	"41d285a4-546b-47c5-a586-0930beac4810");
INSERT INTO V_LOC
	VALUES ("35f2bda7-59ed-48ed-afdf-ecced2d29539",
	12,
	14,
	15,
	"41d285a4-546b-47c5-a586-0930beac4810");
INSERT INTO V_LOC
	VALUES ("b6fe7baa-379c-443f-94ed-d2938335e144",
	16,
	14,
	15,
	"41d285a4-546b-47c5-a586-0930beac4810");
INSERT INTO V_LOC
	VALUES ("94479116-a0e7-4f58-9982-f583fa52a0b2",
	20,
	14,
	15,
	"41d285a4-546b-47c5-a586-0930beac4810");
INSERT INTO V_VAR
	VALUES ("431931ba-fea7-446d-8a0c-fce8ffda874c",
	"79c232eb-7820-4cd4-9c16-36d7599559d2",
	'b',
	1,
	"bdce89ef-72f6-4386-ba13-b2d926836c80");
INSERT INTO V_INT
	VALUES ("431931ba-fea7-446d-8a0c-fce8ffda874c",
	0,
	"803702ba-1594-4405-b96a-8c76b6ef1c69");
INSERT INTO V_LOC
	VALUES ("624f66e0-ce70-45d9-84ef-1a97c86d0cc5",
	3,
	24,
	24,
	"431931ba-fea7-446d-8a0c-fce8ffda874c");
INSERT INTO V_LOC
	VALUES ("e08cf89e-86ac-4843-8165-1f61e77369ff",
	4,
	14,
	14,
	"431931ba-fea7-446d-8a0c-fce8ffda874c");
INSERT INTO V_LOC
	VALUES ("8762aa5d-12cc-4309-8e96-9b2f84d60d28",
	7,
	1,
	1,
	"431931ba-fea7-446d-8a0c-fce8ffda874c");
INSERT INTO V_LOC
	VALUES ("07e838b4-4473-4181-b2e1-de878e655890",
	8,
	1,
	1,
	"431931ba-fea7-446d-8a0c-fce8ffda874c");
INSERT INTO V_VAR
	VALUES ("f2cfc29b-562a-4582-a546-80ea25006948",
	"79c232eb-7820-4cd4-9c16-36d7599559d2",
	'f1',
	1,
	"bd43dc09-3be2-4ae8-806d-bedb08b1e03c");
INSERT INTO V_INT
	VALUES ("f2cfc29b-562a-4582-a546-80ea25006948",
	0,
	"4b839513-bd70-4d73-85ed-c06b10ee091a");
INSERT INTO V_LOC
	VALUES ("54f89984-b09f-4557-baed-2f35e02e53c6",
	11,
	24,
	25,
	"f2cfc29b-562a-4582-a546-80ea25006948");
INSERT INTO V_LOC
	VALUES ("4fc7820e-c899-41d8-ad7e-f8662238f28a",
	12,
	8,
	9,
	"f2cfc29b-562a-4582-a546-80ea25006948");
INSERT INTO V_LOC
	VALUES ("c3ad97bc-b296-465f-9a04-8086ccc1146e",
	13,
	1,
	2,
	"f2cfc29b-562a-4582-a546-80ea25006948");
INSERT INTO V_LOC
	VALUES ("6f07b302-f8de-4916-bd01-178bc738b9f9",
	17,
	1,
	2,
	"f2cfc29b-562a-4582-a546-80ea25006948");
INSERT INTO V_LOC
	VALUES ("7785f00e-754f-4c8f-b848-b42aaaf2a26f",
	21,
	1,
	2,
	"f2cfc29b-562a-4582-a546-80ea25006948");
INSERT INTO V_VAR
	VALUES ("b6bf721d-5c1f-45cb-adff-064e6e90a86f",
	"79c232eb-7820-4cd4-9c16-36d7599559d2",
	'f2',
	1,
	"bd43dc09-3be2-4ae8-806d-bedb08b1e03c");
INSERT INTO V_INT
	VALUES ("b6bf721d-5c1f-45cb-adff-064e6e90a86f",
	0,
	"4b839513-bd70-4d73-85ed-c06b10ee091a");
INSERT INTO V_LOC
	VALUES ("3047d70d-a1bf-4e7f-a6bd-a95d652bd494",
	15,
	24,
	25,
	"b6bf721d-5c1f-45cb-adff-064e6e90a86f");
INSERT INTO V_LOC
	VALUES ("8646e65c-7420-490b-b5c0-cb25f9ea7166",
	16,
	8,
	9,
	"b6bf721d-5c1f-45cb-adff-064e6e90a86f");
INSERT INTO V_VAR
	VALUES ("acecdcb2-1d64-418b-bff7-7d8f9a367028",
	"79c232eb-7820-4cd4-9c16-36d7599559d2",
	'f3',
	1,
	"bd43dc09-3be2-4ae8-806d-bedb08b1e03c");
INSERT INTO V_INT
	VALUES ("acecdcb2-1d64-418b-bff7-7d8f9a367028",
	0,
	"4b839513-bd70-4d73-85ed-c06b10ee091a");
INSERT INTO V_LOC
	VALUES ("19752e1b-a27b-41ec-be9b-5cce77125e71",
	19,
	24,
	25,
	"acecdcb2-1d64-418b-bff7-7d8f9a367028");
INSERT INTO V_LOC
	VALUES ("92b5d7f9-eca5-4f1e-8eac-83d3c5bdea4b",
	20,
	8,
	9,
	"acecdcb2-1d64-418b-bff7-7d8f9a367028");
INSERT INTO PE_PE
	VALUES ("b7e04034-9ae1-478b-b876-84a049865e77",
	1,
	"960454f9-cf5f-4331-88bf-8023709586b1",
	"00000000-0000-0000-0000-000000000000",
	4);
INSERT INTO O_OBJ
	VALUES ("b7e04034-9ae1-478b-b876-84a049865e77",
	'Benefit',
	19,
	'BENEFIT',
	'',
	"00000000-0000-0000-0000-000000000000");
INSERT INTO O_NBATTR
	VALUES ("8cf466c1-ef7d-46fc-a661-bd5641c8561e",
	"b7e04034-9ae1-478b-b876-84a049865e77");
INSERT INTO O_BATTR
	VALUES ("8cf466c1-ef7d-46fc-a661-bd5641c8561e",
	"b7e04034-9ae1-478b-b876-84a049865e77");
INSERT INTO O_ATTR
	VALUES ("8cf466c1-ef7d-46fc-a661-bd5641c8561e",
	"b7e04034-9ae1-478b-b876-84a049865e77",
	"00000000-0000-0000-0000-000000000000",
	'discountPercentage',
	'',
	'',
	'discountPercentage',
	0,
	"ba5eda7a-def5-0000-0000-000000000002",
	'',
	'');
INSERT INTO O_ID
	VALUES (2,
	"b7e04034-9ae1-478b-b876-84a049865e77");
INSERT INTO O_ID
	VALUES (1,
	"b7e04034-9ae1-478b-b876-84a049865e77");
INSERT INTO O_ID
	VALUES (0,
	"b7e04034-9ae1-478b-b876-84a049865e77");
INSERT INTO PE_PE
	VALUES ("99c3a579-f918-44fd-916c-a41161cb6518",
	1,
	"960454f9-cf5f-4331-88bf-8023709586b1",
	"00000000-0000-0000-0000-000000000000",
	4);
INSERT INTO O_OBJ
	VALUES ("99c3a579-f918-44fd-916c-a41161cb6518",
	'Billing',
	13,
	'BILLING',
	'',
	"00000000-0000-0000-0000-000000000000");
INSERT INTO O_TFR
	VALUES ("3320253a-8d00-44d8-bb17-47df7564b5c1",
	"99c3a579-f918-44fd-916c-a41161cb6518",
	'isPayed',
	'',
	"ba5eda7a-def5-0000-0000-000000000001",
	1,
	'',
	1,
	'',
	"2b5f0429-ceb9-45e5-8f10-1ca5f6b8bea4");
INSERT INTO ACT_OPB
	VALUES ("cd23d6f5-9618-47a0-b20f-f0dd3fbcc5d0",
	"3320253a-8d00-44d8-bb17-47df7564b5c1");
INSERT INTO ACT_ACT
	VALUES ("cd23d6f5-9618-47a0-b20f-f0dd3fbcc5d0",
	'operation',
	0,
	"7ba6c83c-65f4-4c72-b907-8b068e56a9d7",
	"00000000-0000-0000-0000-000000000000",
	0,
	'Billing::isPayed',
	"00000000-0000-0000-0000-000000000000");
INSERT INTO ACT_BLK
	VALUES ("7ba6c83c-65f4-4c72-b907-8b068e56a9d7",
	0,
	0,
	0,
	'',
	'',
	'',
	0,
	0,
	0,
	0,
	0,
	0,
	0,
	0,
	0,
	0,
	0,
	0,
	0,
	"cd23d6f5-9618-47a0-b20f-f0dd3fbcc5d0",
	"00000000-0000-0000-0000-000000000000");
INSERT INTO O_TFR
	VALUES ("2b5f0429-ceb9-45e5-8f10-1ca5f6b8bea4",
	"99c3a579-f918-44fd-916c-a41161cb6518",
	'getCost',
	'',
	"ba5eda7a-def5-0000-0000-000000000002",
	1,
	'',
	1,
	'',
	"00000000-0000-0000-0000-000000000000");
INSERT INTO ACT_OPB
	VALUES ("f7170a28-17e3-4710-86cb-96014454fbeb",
	"2b5f0429-ceb9-45e5-8f10-1ca5f6b8bea4");
INSERT INTO ACT_ACT
	VALUES ("f7170a28-17e3-4710-86cb-96014454fbeb",
	'operation',
	0,
	"c68f0c62-f934-43c7-aaae-de6cca69550e",
	"00000000-0000-0000-0000-000000000000",
	0,
	'Billing::getCost',
	"00000000-0000-0000-0000-000000000000");
INSERT INTO ACT_BLK
	VALUES ("c68f0c62-f934-43c7-aaae-de6cca69550e",
	0,
	0,
	0,
	'',
	'',
	'',
	0,
	0,
	0,
	0,
	0,
	0,
	0,
	0,
	0,
	0,
	0,
	0,
	0,
	"f7170a28-17e3-4710-86cb-96014454fbeb",
	"00000000-0000-0000-0000-000000000000");
INSERT INTO O_NBATTR
	VALUES ("9fbcb3d8-ee3c-4fab-b468-a811d1524204",
	"99c3a579-f918-44fd-916c-a41161cb6518");
INSERT INTO O_BATTR
	VALUES ("9fbcb3d8-ee3c-4fab-b468-a811d1524204",
	"99c3a579-f918-44fd-916c-a41161cb6518");
INSERT INTO O_ATTR
	VALUES ("9fbcb3d8-ee3c-4fab-b468-a811d1524204",
	"99c3a579-f918-44fd-916c-a41161cb6518",
	"2246761d-31ce-42e6-8bf4-72041f212e7c",
	'isPayed',
	'',
	'',
	'isPayed',
	0,
	"ba5eda7a-def5-0000-0000-000000000001",
	'',
	'');
INSERT INTO O_NBATTR
	VALUES ("2246761d-31ce-42e6-8bf4-72041f212e7c",
	"99c3a579-f918-44fd-916c-a41161cb6518");
INSERT INTO O_BATTR
	VALUES ("2246761d-31ce-42e6-8bf4-72041f212e7c",
	"99c3a579-f918-44fd-916c-a41161cb6518");
INSERT INTO O_ATTR
	VALUES ("2246761d-31ce-42e6-8bf4-72041f212e7c",
	"99c3a579-f918-44fd-916c-a41161cb6518",
	"00000000-0000-0000-0000-000000000000",
	'paymentDate',
	'',
	'',
	'paymentDate',
	0,
	"ba5eda7a-def5-0000-0000-000000000010",
	'',
	'');
INSERT INTO O_ID
	VALUES (2,
	"99c3a579-f918-44fd-916c-a41161cb6518");
INSERT INTO O_ID
	VALUES (1,
	"99c3a579-f918-44fd-916c-a41161cb6518");
INSERT INTO O_ID
	VALUES (0,
	"99c3a579-f918-44fd-916c-a41161cb6518");
INSERT INTO PE_PE
	VALUES ("37699420-e221-4e5c-800b-cf398f6e9803",
	1,
	"960454f9-cf5f-4331-88bf-8023709586b1",
	"00000000-0000-0000-0000-000000000000",
	4);
INSERT INTO O_OBJ
	VALUES ("37699420-e221-4e5c-800b-cf398f6e9803",
	'BillingItem',
	14,
	'BILLINGITEM',
	'',
	"00000000-0000-0000-0000-000000000000");
INSERT INTO O_NBATTR
	VALUES ("5c630467-39da-4a2d-8ae2-e16ccda92fbb",
	"37699420-e221-4e5c-800b-cf398f6e9803");
INSERT INTO O_BATTR
	VALUES ("5c630467-39da-4a2d-8ae2-e16ccda92fbb",
	"37699420-e221-4e5c-800b-cf398f6e9803");
INSERT INTO O_ATTR
	VALUES ("5c630467-39da-4a2d-8ae2-e16ccda92fbb",
	"37699420-e221-4e5c-800b-cf398f6e9803",
	"9dd362c1-1938-444b-80a5-df8a36e62170",
	'description',
	'',
	'',
	'description',
	0,
	"ba5eda7a-def5-0000-0000-000000000004",
	'',
	'');
INSERT INTO O_NBATTR
	VALUES ("9dd362c1-1938-444b-80a5-df8a36e62170",
	"37699420-e221-4e5c-800b-cf398f6e9803");
INSERT INTO O_BATTR
	VALUES ("9dd362c1-1938-444b-80a5-df8a36e62170",
	"37699420-e221-4e5c-800b-cf398f6e9803");
INSERT INTO O_ATTR
	VALUES ("9dd362c1-1938-444b-80a5-df8a36e62170",
	"37699420-e221-4e5c-800b-cf398f6e9803",
	"00000000-0000-0000-0000-000000000000",
	'cost',
	'',
	'',
	'cost',
	0,
	"ba5eda7a-def5-0000-0000-000000000002",
	'',
	'');
INSERT INTO O_ID
	VALUES (2,
	"37699420-e221-4e5c-800b-cf398f6e9803");
INSERT INTO O_ID
	VALUES (1,
	"37699420-e221-4e5c-800b-cf398f6e9803");
INSERT INTO O_ID
	VALUES (0,
	"37699420-e221-4e5c-800b-cf398f6e9803");
INSERT INTO PE_PE
	VALUES ("803702ba-1594-4405-b96a-8c76b6ef1c69",
	1,
	"960454f9-cf5f-4331-88bf-8023709586b1",
	"00000000-0000-0000-0000-000000000000",
	4);
INSERT INTO O_OBJ
	VALUES ("803702ba-1594-4405-b96a-8c76b6ef1c69",
	'Bookable',
	5,
	'BOOKABLE',
	'',
	"00000000-0000-0000-0000-000000000000");
INSERT INTO O_TFR
	VALUES ("3a9b4376-648e-4e0e-91f4-8c8ff2abb7f5",
	"803702ba-1594-4405-b96a-8c76b6ef1c69",
	'isAvailable',
	'',
	"ba5eda7a-def5-0000-0000-000000000001",
	1,
	'',
	1,
	'',
	"00000000-0000-0000-0000-000000000000");
INSERT INTO O_TPARM
	VALUES ("07f1bda8-87af-4b8f-b9ca-15c0105e80e3",
	"3a9b4376-648e-4e0e-91f4-8c8ff2abb7f5",
	'filter',
	"ba5eda7a-def5-0000-0000-000000000002",
	0,
	'',
	"00000000-0000-0000-0000-000000000000",
	'');
INSERT INTO ACT_OPB
	VALUES ("44df654d-e59b-40c2-ade5-d36df57f7d0e",
	"3a9b4376-648e-4e0e-91f4-8c8ff2abb7f5");
INSERT INTO ACT_ACT
	VALUES ("44df654d-e59b-40c2-ade5-d36df57f7d0e",
	'operation',
	0,
	"a760e06a-5ad0-4bf8-a17d-0e9aba7e3d90",
	"00000000-0000-0000-0000-000000000000",
	0,
	'Bookable::isAvailable',
	"00000000-0000-0000-0000-000000000000");
INSERT INTO ACT_BLK
	VALUES ("a760e06a-5ad0-4bf8-a17d-0e9aba7e3d90",
	0,
	0,
	0,
	'',
	'',
	'',
	0,
	0,
	0,
	0,
	0,
	0,
	0,
	0,
	0,
	0,
	0,
	0,
	0,
	"44df654d-e59b-40c2-ade5-d36df57f7d0e",
	"00000000-0000-0000-0000-000000000000");
INSERT INTO O_TFR
	VALUES ("f5d8d2fd-312b-4ac1-b4e3-55f4241a2d58",
	"803702ba-1594-4405-b96a-8c76b6ef1c69",
	'getBookableRepresentation',
	'',
	"ba5eda7a-def5-0000-0000-000000000000",
	1,
	'

i = 5;
BookingRepresentation.price = self.price;

',
	1,
	'',
	"3a9b4376-648e-4e0e-91f4-8c8ff2abb7f5");
INSERT INTO ACT_OPB
	VALUES ("f5450507-a2dc-43cf-80dc-b120c6c8af5e",
	"f5d8d2fd-312b-4ac1-b4e3-55f4241a2d58");
INSERT INTO ACT_ACT
	VALUES ("f5450507-a2dc-43cf-80dc-b120c6c8af5e",
	'operation',
	0,
	"e0e6cac4-e56d-476a-8827-f66c5b1a5186",
	"00000000-0000-0000-0000-000000000000",
	0,
	'Bookable::getBookableRepresentation',
	"00000000-0000-0000-0000-000000000000");
INSERT INTO ACT_BLK
	VALUES ("e0e6cac4-e56d-476a-8827-f66c5b1a5186",
	0,
	0,
	0,
	'',
	'',
	'',
	4,
	1,
	0,
	0,
	0,
	0,
	0,
	0,
	0,
	0,
	0,
	0,
	0,
	"f5450507-a2dc-43cf-80dc-b120c6c8af5e",
	"00000000-0000-0000-0000-000000000000");
INSERT INTO ACT_SMT
	VALUES ("3eee1359-c88b-4315-9188-df28b79555b9",
	"e0e6cac4-e56d-476a-8827-f66c5b1a5186",
	"00000000-0000-0000-0000-000000000000",
	3,
	1,
	'Bookable::getBookableRepresentation line: 3');
INSERT INTO ACT_AI
	VALUES ("3eee1359-c88b-4315-9188-df28b79555b9",
	"0edb282b-6eff-4033-a87f-37c5c40a07dd",
	"02fdbd94-1b97-4946-8a15-d26f72f6240d",
	0,
	0);
INSERT INTO V_VAL
	VALUES ("02fdbd94-1b97-4946-8a15-d26f72f6240d",
	1,
	1,
	3,
	1,
	1,
	0,
	0,
	0,
	0,
	"ba5eda7a-def5-0000-0000-000000000002",
	"e0e6cac4-e56d-476a-8827-f66c5b1a5186");
INSERT INTO V_TVL
	VALUES ("02fdbd94-1b97-4946-8a15-d26f72f6240d",
	"6b100c40-6d30-4007-97ce-2d211379eaaf");
INSERT INTO V_VAL
	VALUES ("0edb282b-6eff-4033-a87f-37c5c40a07dd",
	0,
	0,
	3,
	5,
	5,
	0,
	0,
	0,
	0,
	"ba5eda7a-def5-0000-0000-000000000002",
	"e0e6cac4-e56d-476a-8827-f66c5b1a5186");
INSERT INTO V_LIN
	VALUES ("0edb282b-6eff-4033-a87f-37c5c40a07dd",
	'5');
INSERT INTO V_VAR
	VALUES ("6b100c40-6d30-4007-97ce-2d211379eaaf",
	"e0e6cac4-e56d-476a-8827-f66c5b1a5186",
	'i',
	1,
	"ba5eda7a-def5-0000-0000-000000000002");
INSERT INTO V_TRN
	VALUES ("6b100c40-6d30-4007-97ce-2d211379eaaf",
	"00000000-0000-0000-0000-000000000000",
	'');
INSERT INTO V_LOC
	VALUES ("3574acea-1eec-4268-b4d0-02ca789984d1",
	3,
	1,
	1,
	"6b100c40-6d30-4007-97ce-2d211379eaaf");
INSERT INTO V_VAR
	VALUES ("e514d5e7-0433-4038-9a81-e1087acbabb0",
	"e0e6cac4-e56d-476a-8827-f66c5b1a5186",
	'BookingRepresentation',
	0,
	"00000000-0000-0000-0000-000000000000");
INSERT INTO V_TRN
	VALUES ("e514d5e7-0433-4038-9a81-e1087acbabb0",
	"00000000-0000-0000-0000-000000000000",
	'');
INSERT INTO V_LOC
	VALUES ("a482d2d0-6379-4647-94d7-b248bc179f45",
	4,
	1,
	21,
	"e514d5e7-0433-4038-9a81-e1087acbabb0");
INSERT INTO O_NBATTR
	VALUES ("7edb737c-eda0-435c-ab44-20ad0293ebdb",
	"803702ba-1594-4405-b96a-8c76b6ef1c69");
INSERT INTO O_BATTR
	VALUES ("7edb737c-eda0-435c-ab44-20ad0293ebdb",
	"803702ba-1594-4405-b96a-8c76b6ef1c69");
INSERT INTO O_ATTR
	VALUES ("7edb737c-eda0-435c-ab44-20ad0293ebdb",
	"803702ba-1594-4405-b96a-8c76b6ef1c69",
	"8ccbac66-5148-4ed4-bb36-09215ce15366",
	'description',
	'',
	'',
	'description',
	0,
	"ba5eda7a-def5-0000-0000-000000000004",
	'',
	'');
INSERT INTO O_NBATTR
	VALUES ("8ccbac66-5148-4ed4-bb36-09215ce15366",
	"803702ba-1594-4405-b96a-8c76b6ef1c69");
INSERT INTO O_BATTR
	VALUES ("8ccbac66-5148-4ed4-bb36-09215ce15366",
	"803702ba-1594-4405-b96a-8c76b6ef1c69");
INSERT INTO O_ATTR
	VALUES ("8ccbac66-5148-4ed4-bb36-09215ce15366",
	"803702ba-1594-4405-b96a-8c76b6ef1c69",
	"00000000-0000-0000-0000-000000000000",
	'price',
	'',
	'',
	'price',
	0,
	"ba5eda7a-def5-0000-0000-000000000002",
	'',
	'');
INSERT INTO O_NBATTR
	VALUES ("e81f13fc-76a3-4546-9580-b71352170e10",
	"803702ba-1594-4405-b96a-8c76b6ef1c69");
INSERT INTO O_BATTR
	VALUES ("e81f13fc-76a3-4546-9580-b71352170e10",
	"803702ba-1594-4405-b96a-8c76b6ef1c69");
INSERT INTO O_ATTR
	VALUES ("e81f13fc-76a3-4546-9580-b71352170e10",
	"803702ba-1594-4405-b96a-8c76b6ef1c69",
	"7edb737c-eda0-435c-ab44-20ad0293ebdb",
	'id',
	'',
	'',
	'id',
	0,
	"ba5eda7a-def5-0000-0000-000000000005",
	'',
	'');
INSERT INTO O_ID
	VALUES (2,
	"803702ba-1594-4405-b96a-8c76b6ef1c69");
INSERT INTO O_ID
	VALUES (1,
	"803702ba-1594-4405-b96a-8c76b6ef1c69");
INSERT INTO O_ID
	VALUES (0,
	"803702ba-1594-4405-b96a-8c76b6ef1c69");
INSERT INTO PE_PE
	VALUES ("9a41fe9e-f547-4cde-b68d-f7db43c904dc",
	1,
	"960454f9-cf5f-4331-88bf-8023709586b1",
	"00000000-0000-0000-0000-000000000000",
	4);
INSERT INTO O_OBJ
	VALUES ("9a41fe9e-f547-4cde-b68d-f7db43c904dc",
	'Booking',
	10,
	'BOOKING',
	'',
	"00000000-0000-0000-0000-000000000000");
INSERT INTO O_TFR
	VALUES ("11a60648-7f28-4e24-93de-4da0ae187839",
	"9a41fe9e-f547-4cde-b68d-f7db43c904dc",
	'addGuest',
	'',
	"ba5eda7a-def5-0000-0000-000000000000",
	1,
	'',
	1,
	'',
	"70fa737a-e32e-4822-a845-fcdc3e41ae92");
INSERT INTO O_TPARM
	VALUES ("a8ec887e-f522-4ae0-947b-df7709a53686",
	"11a60648-7f28-4e24-93de-4da0ae187839",
	'age',
	"ba5eda7a-def5-0000-0000-000000000002",
	0,
	'',
	"9ef8b31c-b6a0-4abf-8cc7-5838a697ef30",
	'');
INSERT INTO O_TPARM
	VALUES ("9ef8b31c-b6a0-4abf-8cc7-5838a697ef30",
	"11a60648-7f28-4e24-93de-4da0ae187839",
	'name',
	"ba5eda7a-def5-0000-0000-000000000004",
	0,
	'',
	"00000000-0000-0000-0000-000000000000",
	'');
INSERT INTO ACT_OPB
	VALUES ("1ebc5f79-105a-43cc-a063-36b8fbcbdd7d",
	"11a60648-7f28-4e24-93de-4da0ae187839");
INSERT INTO ACT_ACT
	VALUES ("1ebc5f79-105a-43cc-a063-36b8fbcbdd7d",
	'operation',
	0,
	"ae2428c8-86c6-4330-94eb-f2c7a23c9ea6",
	"00000000-0000-0000-0000-000000000000",
	0,
	'Booking::addGuest',
	"00000000-0000-0000-0000-000000000000");
INSERT INTO ACT_BLK
	VALUES ("ae2428c8-86c6-4330-94eb-f2c7a23c9ea6",
	0,
	0,
	0,
	'',
	'',
	'',
	0,
	0,
	0,
	0,
	0,
	0,
	0,
	0,
	0,
	0,
	0,
	0,
	0,
	"1ebc5f79-105a-43cc-a063-36b8fbcbdd7d",
	"00000000-0000-0000-0000-000000000000");
INSERT INTO O_TFR
	VALUES ("70fa737a-e32e-4822-a845-fcdc3e41ae92",
	"9a41fe9e-f547-4cde-b68d-f7db43c904dc",
	'getBookingInfo',
	'',
	"433f7688-7b95-4f9c-89f1-cf076d691ab7",
	1,
	'',
	1,
	'',
	"64d93b6f-5167-468a-93bf-ca92c8944e24");
INSERT INTO ACT_OPB
	VALUES ("34baf5de-c9c6-444f-830c-e9ce98db6b9e",
	"70fa737a-e32e-4822-a845-fcdc3e41ae92");
INSERT INTO ACT_ACT
	VALUES ("34baf5de-c9c6-444f-830c-e9ce98db6b9e",
	'operation',
	0,
	"23be0461-0346-41d8-82a8-d38f690e7ca1",
	"00000000-0000-0000-0000-000000000000",
	0,
	'Booking::getBookingInfo',
	"00000000-0000-0000-0000-000000000000");
INSERT INTO ACT_BLK
	VALUES ("23be0461-0346-41d8-82a8-d38f690e7ca1",
	0,
	0,
	0,
	'',
	'',
	'',
	0,
	0,
	0,
	0,
	0,
	0,
	0,
	0,
	0,
	0,
	0,
	0,
	0,
	"34baf5de-c9c6-444f-830c-e9ce98db6b9e",
	"00000000-0000-0000-0000-000000000000");
INSERT INTO O_TFR
	VALUES ("64d93b6f-5167-468a-93bf-ca92c8944e24",
	"9a41fe9e-f547-4cde-b68d-f7db43c904dc",
	'setCustomer',
	'',
	"ba5eda7a-def5-0000-0000-000000000001",
	1,
	'',
	1,
	'',
	"52ca49b2-de88-4bb4-81b7-b995d78ecf81");
INSERT INTO O_TPARM
	VALUES ("25bbb532-f822-44c4-b310-00befa20b691",
	"64d93b6f-5167-468a-93bf-ca92c8944e24",
	'customer',
	"ba5eda7a-def5-0000-0000-000000000004",
	0,
	'',
	"00000000-0000-0000-0000-000000000000",
	'');
INSERT INTO ACT_OPB
	VALUES ("ab9b74d3-c4b1-4ec7-b79c-596627adad78",
	"64d93b6f-5167-468a-93bf-ca92c8944e24");
INSERT INTO ACT_ACT
	VALUES ("ab9b74d3-c4b1-4ec7-b79c-596627adad78",
	'operation',
	0,
	"6c85a4b3-a8aa-43f7-a397-c7357cbc682f",
	"00000000-0000-0000-0000-000000000000",
	0,
	'Booking::setCustomer',
	"00000000-0000-0000-0000-000000000000");
INSERT INTO ACT_BLK
	VALUES ("6c85a4b3-a8aa-43f7-a397-c7357cbc682f",
	0,
	0,
	0,
	'',
	'',
	'',
	0,
	0,
	0,
	0,
	0,
	0,
	0,
	0,
	0,
	0,
	0,
	0,
	0,
	"ab9b74d3-c4b1-4ec7-b79c-596627adad78",
	"00000000-0000-0000-0000-000000000000");
INSERT INTO O_TFR
	VALUES ("52ca49b2-de88-4bb4-81b7-b995d78ecf81",
	"9a41fe9e-f547-4cde-b68d-f7db43c904dc",
	'addBookable',
	'',
	"ba5eda7a-def5-0000-0000-000000000001",
	1,
	'',
	1,
	'',
	"ed50ea1b-06ab-4767-b877-4e21f462c911");
INSERT INTO O_TPARM
	VALUES ("76959683-30fb-4418-8077-ec8f4601ee42",
	"52ca49b2-de88-4bb4-81b7-b995d78ecf81",
	'bookable',
	"bdce89ef-72f6-4386-ba13-b2d926836c80",
	0,
	'',
	"00000000-0000-0000-0000-000000000000",
	'');
INSERT INTO ACT_OPB
	VALUES ("8e88a9bd-8525-441a-967a-8e401669014a",
	"52ca49b2-de88-4bb4-81b7-b995d78ecf81");
INSERT INTO ACT_ACT
	VALUES ("8e88a9bd-8525-441a-967a-8e401669014a",
	'operation',
	0,
	"784dd3e9-3355-4ef1-a642-051a433a7eac",
	"00000000-0000-0000-0000-000000000000",
	0,
	'Booking::addBookable',
	"00000000-0000-0000-0000-000000000000");
INSERT INTO ACT_BLK
	VALUES ("784dd3e9-3355-4ef1-a642-051a433a7eac",
	0,
	0,
	0,
	'',
	'',
	'',
	0,
	0,
	0,
	0,
	0,
	0,
	0,
	0,
	0,
	0,
	0,
	0,
	0,
	"8e88a9bd-8525-441a-967a-8e401669014a",
	"00000000-0000-0000-0000-000000000000");
INSERT INTO O_TFR
	VALUES ("ed50ea1b-06ab-4767-b877-4e21f462c911",
	"9a41fe9e-f547-4cde-b68d-f7db43c904dc",
	'addService',
	'',
	"ba5eda7a-def5-0000-0000-000000000001",
	1,
	'',
	1,
	'',
	"00000000-0000-0000-0000-000000000000");
INSERT INTO O_TPARM
	VALUES ("ce51fdb2-9444-46b8-a1d3-2b5109206e14",
	"ed50ea1b-06ab-4767-b877-4e21f462c911",
	'bookable',
	"bdce89ef-72f6-4386-ba13-b2d926836c80",
	0,
	'',
	"00000000-0000-0000-0000-000000000000",
	'');
INSERT INTO ACT_OPB
	VALUES ("84794660-465a-44ca-b5e2-98432f3a7a28",
	"ed50ea1b-06ab-4767-b877-4e21f462c911");
INSERT INTO ACT_ACT
	VALUES ("84794660-465a-44ca-b5e2-98432f3a7a28",
	'operation',
	0,
	"396ae686-b40e-40a7-8e8f-8912432a1ca8",
	"00000000-0000-0000-0000-000000000000",
	0,
	'Booking::addService',
	"00000000-0000-0000-0000-000000000000");
INSERT INTO ACT_BLK
	VALUES ("396ae686-b40e-40a7-8e8f-8912432a1ca8",
	0,
	0,
	0,
	'',
	'',
	'',
	0,
	0,
	0,
	0,
	0,
	0,
	0,
	0,
	0,
	0,
	0,
	0,
	0,
	"84794660-465a-44ca-b5e2-98432f3a7a28",
	"00000000-0000-0000-0000-000000000000");
INSERT INTO O_NBATTR
	VALUES ("de30d967-1c94-45a4-8e5f-b18dc80d1e04",
	"9a41fe9e-f547-4cde-b68d-f7db43c904dc");
INSERT INTO O_BATTR
	VALUES ("de30d967-1c94-45a4-8e5f-b18dc80d1e04",
	"9a41fe9e-f547-4cde-b68d-f7db43c904dc");
INSERT INTO O_ATTR
	VALUES ("de30d967-1c94-45a4-8e5f-b18dc80d1e04",
	"9a41fe9e-f547-4cde-b68d-f7db43c904dc",
	"00000000-0000-0000-0000-000000000000",
	'bookingNumber',
	'',
	'',
	'bookingNumber',
	0,
	"ba5eda7a-def5-0000-0000-000000000005",
	'',
	'');
INSERT INTO O_ID
	VALUES (2,
	"9a41fe9e-f547-4cde-b68d-f7db43c904dc");
INSERT INTO O_ID
	VALUES (1,
	"9a41fe9e-f547-4cde-b68d-f7db43c904dc");
INSERT INTO O_ID
	VALUES (0,
	"9a41fe9e-f547-4cde-b68d-f7db43c904dc");
INSERT INTO PE_PE
	VALUES ("7137c09d-ba0e-406b-b3b5-76bb3cc48f3d",
	1,
	"960454f9-cf5f-4331-88bf-8023709586b1",
	"00000000-0000-0000-0000-000000000000",
	4);
INSERT INTO O_OBJ
	VALUES ("7137c09d-ba0e-406b-b3b5-76bb3cc48f3d",
	'BookingSession',
	12,
	'BOOKINGSESSION',
	'',
	"00000000-0000-0000-0000-000000000000");
INSERT INTO O_TFR
	VALUES ("05de7466-0a07-4b67-9ee8-5f366e9f9749",
	"7137c09d-ba0e-406b-b3b5-76bb3cc48f3d",
	'addGuest',
	'',
	"433f7688-7b95-4f9c-89f1-cf076d691ab7",
	1,
	'',
	1,
	'',
	"973159ef-6d38-4a97-8d59-b677decdc9ad");
INSERT INTO O_TPARM
	VALUES ("2cd610e7-ad50-42c5-af6e-e3015f63da6c",
	"05de7466-0a07-4b67-9ee8-5f366e9f9749",
	'age',
	"ba5eda7a-def5-0000-0000-000000000002",
	0,
	'',
	"3d28979b-45fd-4184-b69b-97f728fee1b3",
	'');
INSERT INTO O_TPARM
	VALUES ("3d28979b-45fd-4184-b69b-97f728fee1b3",
	"05de7466-0a07-4b67-9ee8-5f366e9f9749",
	'name',
	"ba5eda7a-def5-0000-0000-000000000004",
	0,
	'',
	"b5a1913d-01c4-4e00-8ec7-60743582e763",
	'');
INSERT INTO O_TPARM
	VALUES ("b5a1913d-01c4-4e00-8ec7-60743582e763",
	"05de7466-0a07-4b67-9ee8-5f366e9f9749",
	'facility',
	"bd43dc09-3be2-4ae8-806d-bedb08b1e03c",
	0,
	'',
	"00000000-0000-0000-0000-000000000000",
	'');
INSERT INTO ACT_OPB
	VALUES ("48db1ae4-61a1-4660-8913-1aca756e4c6f",
	"05de7466-0a07-4b67-9ee8-5f366e9f9749");
INSERT INTO ACT_ACT
	VALUES ("48db1ae4-61a1-4660-8913-1aca756e4c6f",
	'operation',
	0,
	"8e7c6d4d-7175-45f2-aee7-19cd71390503",
	"00000000-0000-0000-0000-000000000000",
	0,
	'BookingSession::addGuest',
	"00000000-0000-0000-0000-000000000000");
INSERT INTO ACT_BLK
	VALUES ("8e7c6d4d-7175-45f2-aee7-19cd71390503",
	0,
	0,
	0,
	'',
	'',
	'',
	0,
	0,
	0,
	0,
	0,
	0,
	0,
	0,
	0,
	0,
	0,
	0,
	0,
	"48db1ae4-61a1-4660-8913-1aca756e4c6f",
	"00000000-0000-0000-0000-000000000000");
INSERT INTO O_TFR
	VALUES ("973159ef-6d38-4a97-8d59-b677decdc9ad",
	"7137c09d-ba0e-406b-b3b5-76bb3cc48f3d",
	'createGuest',
	'',
	"ba5eda7a-def5-0000-0000-000000000001",
	1,
	'',
	1,
	'',
	"f499439d-d4fe-4c3b-a8d0-33d0d0ec3b9f");
INSERT INTO O_TPARM
	VALUES ("9a299bce-b8e7-4078-908e-bd495c0df698",
	"973159ef-6d38-4a97-8d59-b677decdc9ad",
	'age',
	"ba5eda7a-def5-0000-0000-000000000002",
	0,
	'',
	"66d4ce13-6a90-48f7-b3dd-37922f12da6b",
	'');
INSERT INTO O_TPARM
	VALUES ("66d4ce13-6a90-48f7-b3dd-37922f12da6b",
	"973159ef-6d38-4a97-8d59-b677decdc9ad",
	'name',
	"ba5eda7a-def5-0000-0000-000000000004",
	0,
	'',
	"00000000-0000-0000-0000-000000000000",
	'');
INSERT INTO ACT_OPB
	VALUES ("bdade166-57d5-43b7-b8df-9622ae7d27f4",
	"973159ef-6d38-4a97-8d59-b677decdc9ad");
INSERT INTO ACT_ACT
	VALUES ("bdade166-57d5-43b7-b8df-9622ae7d27f4",
	'operation',
	0,
	"6f8d689d-e9d9-49d1-812a-5dbda5818915",
	"00000000-0000-0000-0000-000000000000",
	0,
	'BookingSession::createGuest',
	"00000000-0000-0000-0000-000000000000");
INSERT INTO ACT_BLK
	VALUES ("6f8d689d-e9d9-49d1-812a-5dbda5818915",
	0,
	0,
	0,
	'',
	'',
	'',
	0,
	0,
	0,
	0,
	0,
	0,
	0,
	0,
	0,
	0,
	0,
	0,
	0,
	"bdade166-57d5-43b7-b8df-9622ae7d27f4",
	"00000000-0000-0000-0000-000000000000");
INSERT INTO O_TFR
	VALUES ("f499439d-d4fe-4c3b-a8d0-33d0d0ec3b9f",
	"7137c09d-ba0e-406b-b3b5-76bb3cc48f3d",
	'selectBookable',
	'',
	"df204ffe-8ba5-4335-839a-3b03a55091e7",
	1,
	'',
	1,
	'',
	"3c890d0f-ccdd-4ce5-a703-cbbc87bec2c9");
INSERT INTO O_TPARM
	VALUES ("dc38b8c8-4b8d-48df-9100-2164413d853e",
	"f499439d-d4fe-4c3b-a8d0-33d0d0ec3b9f",
	'facilityType',
	"99dc6d1a-909c-4bcb-a5b6-04d65b974e90",
	0,
	'',
	"00000000-0000-0000-0000-000000000000",
	'');
INSERT INTO ACT_OPB
	VALUES ("ddd1359d-a7e0-4bb5-9611-91483cc06c89",
	"f499439d-d4fe-4c3b-a8d0-33d0d0ec3b9f");
INSERT INTO ACT_ACT
	VALUES ("ddd1359d-a7e0-4bb5-9611-91483cc06c89",
	'operation',
	0,
	"7ccc2cba-ea49-44ca-bb6e-2732255095e4",
	"00000000-0000-0000-0000-000000000000",
	0,
	'BookingSession::selectBookable',
	"00000000-0000-0000-0000-000000000000");
INSERT INTO ACT_BLK
	VALUES ("7ccc2cba-ea49-44ca-bb6e-2732255095e4",
	0,
	0,
	0,
	'',
	'',
	'',
	0,
	0,
	0,
	0,
	0,
	0,
	0,
	0,
	0,
	0,
	0,
	0,
	0,
	"ddd1359d-a7e0-4bb5-9611-91483cc06c89",
	"00000000-0000-0000-0000-000000000000");
INSERT INTO O_TFR
	VALUES ("3c890d0f-ccdd-4ce5-a703-cbbc87bec2c9",
	"7137c09d-ba0e-406b-b3b5-76bb3cc48f3d",
	'addService',
	'',
	"ba5eda7a-def5-0000-0000-000000000001",
	1,
	'',
	1,
	'',
	"4da49d83-26d3-43ca-8187-3975b38144e9");
INSERT INTO O_TPARM
	VALUES ("f076e994-905e-4365-996b-af1be541514e",
	"3c890d0f-ccdd-4ce5-a703-cbbc87bec2c9",
	'bookable',
	"bdce89ef-72f6-4386-ba13-b2d926836c80",
	0,
	'',
	"00000000-0000-0000-0000-000000000000",
	'');
INSERT INTO ACT_OPB
	VALUES ("7322319d-32e0-48ee-89b5-6b8aa1a83111",
	"3c890d0f-ccdd-4ce5-a703-cbbc87bec2c9");
INSERT INTO ACT_ACT
	VALUES ("7322319d-32e0-48ee-89b5-6b8aa1a83111",
	'operation',
	0,
	"3d97f5e9-9a99-402c-b05c-83ec0734a2da",
	"00000000-0000-0000-0000-000000000000",
	0,
	'BookingSession::addService',
	"00000000-0000-0000-0000-000000000000");
INSERT INTO ACT_BLK
	VALUES ("3d97f5e9-9a99-402c-b05c-83ec0734a2da",
	0,
	0,
	0,
	'',
	'',
	'',
	0,
	0,
	0,
	0,
	0,
	0,
	0,
	0,
	0,
	0,
	0,
	0,
	0,
	"7322319d-32e0-48ee-89b5-6b8aa1a83111",
	"00000000-0000-0000-0000-000000000000");
INSERT INTO O_TFR
	VALUES ("4da49d83-26d3-43ca-8187-3975b38144e9",
	"7137c09d-ba0e-406b-b3b5-76bb3cc48f3d",
	'createCustomer',
	'',
	"ba5eda7a-def5-0000-0000-000000000001",
	1,
	'',
	1,
	'',
	"ad7ec6a1-0909-48cc-8bb1-e07002fbff5e");
INSERT INTO O_TPARM
	VALUES ("85874f5e-8dce-4622-8f9e-a7d2cbf42842",
	"4da49d83-26d3-43ca-8187-3975b38144e9",
	'name',
	"ba5eda7a-def5-0000-0000-000000000004",
	0,
	'',
	"00000000-0000-0000-0000-000000000000",
	'');
INSERT INTO ACT_OPB
	VALUES ("0cd212cb-efb6-40b7-8bf5-a0237bb60df4",
	"4da49d83-26d3-43ca-8187-3975b38144e9");
INSERT INTO ACT_ACT
	VALUES ("0cd212cb-efb6-40b7-8bf5-a0237bb60df4",
	'operation',
	0,
	"6ba5f5c9-7b35-42a0-b4a4-59fc0c97b984",
	"00000000-0000-0000-0000-000000000000",
	0,
	'BookingSession::createCustomer',
	"00000000-0000-0000-0000-000000000000");
INSERT INTO ACT_BLK
	VALUES ("6ba5f5c9-7b35-42a0-b4a4-59fc0c97b984",
	0,
	0,
	0,
	'',
	'',
	'',
	0,
	0,
	0,
	0,
	0,
	0,
	0,
	0,
	0,
	0,
	0,
	0,
	0,
	"0cd212cb-efb6-40b7-8bf5-a0237bb60df4",
	"00000000-0000-0000-0000-000000000000");
INSERT INTO O_TFR
	VALUES ("ad7ec6a1-0909-48cc-8bb1-e07002fbff5e",
	"7137c09d-ba0e-406b-b3b5-76bb3cc48f3d",
	'search',
	'',
	"ebb6007c-c361-40c7-ad5b-5b07d6a01d41",
	1,
	'select many b from instances of FACILITYTYPE;
return b;',
	1,
	'',
	"00000000-0000-0000-0000-000000000000");
INSERT INTO O_TPARM
	VALUES ("0ef9b8e6-8616-49fc-a1c9-9dac1dafd37d",
	"ad7ec6a1-0909-48cc-8bb1-e07002fbff5e",
	'fromDate',
	"ba5eda7a-def5-0000-0000-000000000010",
	0,
	'',
	"00000000-0000-0000-0000-000000000000",
	'');
INSERT INTO O_TPARM
	VALUES ("9aa4b7ff-c6de-49d7-9abf-090bc4abfc47",
	"ad7ec6a1-0909-48cc-8bb1-e07002fbff5e",
	'toDate',
	"ba5eda7a-def5-0000-0000-000000000010",
	0,
	'',
	"0ef9b8e6-8616-49fc-a1c9-9dac1dafd37d",
	'');
INSERT INTO O_TPARM
	VALUES ("1e0989d6-5c1c-4a30-a265-acb6695e117b",
	"ad7ec6a1-0909-48cc-8bb1-e07002fbff5e",
	'facilityType',
	"ba5eda7a-def5-0000-0000-000000000002",
	0,
	'',
	"9aa4b7ff-c6de-49d7-9abf-090bc4abfc47",
	'');
INSERT INTO ACT_OPB
	VALUES ("f5ba286d-c8fd-4ef9-8fd3-140436371449",
	"ad7ec6a1-0909-48cc-8bb1-e07002fbff5e");
INSERT INTO ACT_ACT
	VALUES ("f5ba286d-c8fd-4ef9-8fd3-140436371449",
	'operation',
	0,
	"e6a2e033-2589-4990-94cd-d4664fabea49",
	"00000000-0000-0000-0000-000000000000",
	0,
	'BookingSession::search',
	"00000000-0000-0000-0000-000000000000");
INSERT INTO ACT_BLK
	VALUES ("e6a2e033-2589-4990-94cd-d4664fabea49",
	1,
	0,
	0,
	'',
	'',
	'',
	2,
	1,
	1,
	33,
	0,
	0,
	0,
	0,
	0,
	0,
	0,
	0,
	0,
	"f5ba286d-c8fd-4ef9-8fd3-140436371449",
	"00000000-0000-0000-0000-000000000000");
INSERT INTO ACT_SMT
	VALUES ("d68414ca-7c4a-4402-94a3-81362632d5d1",
	"e6a2e033-2589-4990-94cd-d4664fabea49",
	"0d6a403c-eb55-4b5b-88be-6438bebf4c74",
	1,
	1,
	'BookingSession::search line: 1');
INSERT INTO ACT_FIO
	VALUES ("d68414ca-7c4a-4402-94a3-81362632d5d1",
	"fd0538ce-17c7-46cb-9edf-1dd797675146",
	1,
	'many',
	"bafdc953-1881-43a3-a5f1-9dcc7e2d60c3",
	1,
	33);
INSERT INTO ACT_SMT
	VALUES ("0d6a403c-eb55-4b5b-88be-6438bebf4c74",
	"e6a2e033-2589-4990-94cd-d4664fabea49",
	"00000000-0000-0000-0000-000000000000",
	2,
	1,
	'BookingSession::search line: 2');
INSERT INTO ACT_RET
	VALUES ("0d6a403c-eb55-4b5b-88be-6438bebf4c74",
	"39dfe6b9-603d-464c-9112-35f156eeec26");
INSERT INTO V_VAL
	VALUES ("39dfe6b9-603d-464c-9112-35f156eeec26",
	0,
	0,
	2,
	8,
	8,
	0,
	0,
	0,
	0,
	"ebb6007c-c361-40c7-ad5b-5b07d6a01d41",
	"e6a2e033-2589-4990-94cd-d4664fabea49");
INSERT INTO V_ISR
	VALUES ("39dfe6b9-603d-464c-9112-35f156eeec26",
	"fd0538ce-17c7-46cb-9edf-1dd797675146");
INSERT INTO V_VAR
	VALUES ("fd0538ce-17c7-46cb-9edf-1dd797675146",
	"e6a2e033-2589-4990-94cd-d4664fabea49",
	'b',
	1,
	"ebb6007c-c361-40c7-ad5b-5b07d6a01d41");
INSERT INTO V_INS
	VALUES ("fd0538ce-17c7-46cb-9edf-1dd797675146",
	"bafdc953-1881-43a3-a5f1-9dcc7e2d60c3");
INSERT INTO V_LOC
	VALUES ("ca9ee040-d7aa-4308-80b1-11741c682eea",
	1,
	13,
	13,
	"fd0538ce-17c7-46cb-9edf-1dd797675146");
INSERT INTO V_LOC
	VALUES ("9d848fd4-e639-4b1c-a91e-2b1944fbc031",
	2,
	8,
	8,
	"fd0538ce-17c7-46cb-9edf-1dd797675146");
INSERT INTO O_NBATTR
	VALUES ("df46d3b5-7060-4611-8908-d535d035865a",
	"7137c09d-ba0e-406b-b3b5-76bb3cc48f3d");
INSERT INTO O_BATTR
	VALUES ("df46d3b5-7060-4611-8908-d535d035865a",
	"7137c09d-ba0e-406b-b3b5-76bb3cc48f3d");
INSERT INTO O_ATTR
	VALUES ("df46d3b5-7060-4611-8908-d535d035865a",
	"7137c09d-ba0e-406b-b3b5-76bb3cc48f3d",
	"00000000-0000-0000-0000-000000000000",
	'ID',
	'',
	'',
	'ID',
	0,
	"ba5eda7a-def5-0000-0000-000000000005",
	'',
	'');
INSERT INTO O_NBATTR
	VALUES ("3a14ca04-48d1-4f7a-ae3f-730f9dcf0f47",
	"7137c09d-ba0e-406b-b3b5-76bb3cc48f3d");
INSERT INTO O_BATTR
	VALUES ("3a14ca04-48d1-4f7a-ae3f-730f9dcf0f47",
	"7137c09d-ba0e-406b-b3b5-76bb3cc48f3d");
INSERT INTO O_ATTR
	VALUES ("3a14ca04-48d1-4f7a-ae3f-730f9dcf0f47",
	"7137c09d-ba0e-406b-b3b5-76bb3cc48f3d",
	"df46d3b5-7060-4611-8908-d535d035865a",
	'current_state',
	'',
	'',
	'current_state',
	0,
	"ba5eda7a-def5-0000-0000-000000000006",
	'',
	'');
INSERT INTO O_ID
	VALUES (2,
	"7137c09d-ba0e-406b-b3b5-76bb3cc48f3d");
INSERT INTO O_ID
	VALUES (1,
	"7137c09d-ba0e-406b-b3b5-76bb3cc48f3d");
INSERT INTO O_ID
	VALUES (0,
	"7137c09d-ba0e-406b-b3b5-76bb3cc48f3d");
INSERT INTO SM_ISM
	VALUES ("c87b2dab-d00f-4d32-a5d3-d1e5b01c9cb3",
	"7137c09d-ba0e-406b-b3b5-76bb3cc48f3d");
INSERT INTO SM_SM
	VALUES ("c87b2dab-d00f-4d32-a5d3-d1e5b01c9cb3",
	'',
	0);
INSERT INTO SM_MOORE
	VALUES ("c87b2dab-d00f-4d32-a5d3-d1e5b01c9cb3");
INSERT INTO SM_LEVT
	VALUES ("463dc70c-f7bb-484c-8def-bd2056914139",
	"c87b2dab-d00f-4d32-a5d3-d1e5b01c9cb3",
	"00000000-0000-0000-0000-000000000000");
INSERT INTO SM_SEVT
	VALUES ("463dc70c-f7bb-484c-8def-bd2056914139",
	"c87b2dab-d00f-4d32-a5d3-d1e5b01c9cb3",
	"00000000-0000-0000-0000-000000000000");
INSERT INTO SM_EVT
	VALUES ("463dc70c-f7bb-484c-8def-bd2056914139",
	"c87b2dab-d00f-4d32-a5d3-d1e5b01c9cb3",
	"00000000-0000-0000-0000-000000000000",
	1,
	'selectEvent',
	0,
	'',
	'BOOKINGSESSION1',
	'');
INSERT INTO SM_LEVT
	VALUES ("2113072c-9fe7-4d67-8795-583d185185c1",
	"c87b2dab-d00f-4d32-a5d3-d1e5b01c9cb3",
	"00000000-0000-0000-0000-000000000000");
INSERT INTO SM_SEVT
	VALUES ("2113072c-9fe7-4d67-8795-583d185185c1",
	"c87b2dab-d00f-4d32-a5d3-d1e5b01c9cb3",
	"00000000-0000-0000-0000-000000000000");
INSERT INTO SM_EVT
	VALUES ("2113072c-9fe7-4d67-8795-583d185185c1",
	"c87b2dab-d00f-4d32-a5d3-d1e5b01c9cb3",
	"00000000-0000-0000-0000-000000000000",
	2,
	'addGuestEvent',
	0,
	'',
	'BOOKINGSESSION2',
	'');
INSERT INTO SM_LEVT
	VALUES ("0e59bc59-c4a8-49b6-b5c2-bd2e2de4f771",
	"c87b2dab-d00f-4d32-a5d3-d1e5b01c9cb3",
	"00000000-0000-0000-0000-000000000000");
INSERT INTO SM_SEVT
	VALUES ("0e59bc59-c4a8-49b6-b5c2-bd2e2de4f771",
	"c87b2dab-d00f-4d32-a5d3-d1e5b01c9cb3",
	"00000000-0000-0000-0000-000000000000");
INSERT INTO SM_EVT
	VALUES ("0e59bc59-c4a8-49b6-b5c2-bd2e2de4f771",
	"c87b2dab-d00f-4d32-a5d3-d1e5b01c9cb3",
	"00000000-0000-0000-0000-000000000000",
	3,
	'addServiceEvent',
	0,
	'',
	'BOOKINGSESSION3',
	'');
INSERT INTO SM_LEVT
	VALUES ("9a883f49-b118-47b2-880c-373bfecf9218",
	"c87b2dab-d00f-4d32-a5d3-d1e5b01c9cb3",
	"00000000-0000-0000-0000-000000000000");
INSERT INTO SM_SEVT
	VALUES ("9a883f49-b118-47b2-880c-373bfecf9218",
	"c87b2dab-d00f-4d32-a5d3-d1e5b01c9cb3",
	"00000000-0000-0000-0000-000000000000");
INSERT INTO SM_EVT
	VALUES ("9a883f49-b118-47b2-880c-373bfecf9218",
	"c87b2dab-d00f-4d32-a5d3-d1e5b01c9cb3",
	"00000000-0000-0000-0000-000000000000",
	4,
	'confirmEvent',
	0,
	'',
	'BOOKINGSESSION4',
	'');
INSERT INTO SM_LEVT
	VALUES ("153a511b-c927-49fe-95d5-db518898883d",
	"c87b2dab-d00f-4d32-a5d3-d1e5b01c9cb3",
	"00000000-0000-0000-0000-000000000000");
INSERT INTO SM_SEVT
	VALUES ("153a511b-c927-49fe-95d5-db518898883d",
	"c87b2dab-d00f-4d32-a5d3-d1e5b01c9cb3",
	"00000000-0000-0000-0000-000000000000");
INSERT INTO SM_EVT
	VALUES ("153a511b-c927-49fe-95d5-db518898883d",
	"c87b2dab-d00f-4d32-a5d3-d1e5b01c9cb3",
	"00000000-0000-0000-0000-000000000000",
	5,
	'customerDetailsEvent',
	0,
	'',
	'BOOKINGSESSION5',
	'');
INSERT INTO SM_LEVT
	VALUES ("459dadf1-a920-477f-b495-f73fd93f16e7",
	"c87b2dab-d00f-4d32-a5d3-d1e5b01c9cb3",
	"00000000-0000-0000-0000-000000000000");
INSERT INTO SM_SEVT
	VALUES ("459dadf1-a920-477f-b495-f73fd93f16e7",
	"c87b2dab-d00f-4d32-a5d3-d1e5b01c9cb3",
	"00000000-0000-0000-0000-000000000000");
INSERT INTO SM_EVT
	VALUES ("459dadf1-a920-477f-b495-f73fd93f16e7",
	"c87b2dab-d00f-4d32-a5d3-d1e5b01c9cb3",
	"00000000-0000-0000-0000-000000000000",
	6,
	'paymentInfoEvent',
	0,
	'',
	'BOOKINGSESSION6',
	'');
INSERT INTO SM_LEVT
	VALUES ("2abc1152-f6f1-440f-8291-2896e45ba380",
	"c87b2dab-d00f-4d32-a5d3-d1e5b01c9cb3",
	"00000000-0000-0000-0000-000000000000");
INSERT INTO SM_SEVT
	VALUES ("2abc1152-f6f1-440f-8291-2896e45ba380",
	"c87b2dab-d00f-4d32-a5d3-d1e5b01c9cb3",
	"00000000-0000-0000-0000-000000000000");
INSERT INTO SM_EVT
	VALUES ("2abc1152-f6f1-440f-8291-2896e45ba380",
	"c87b2dab-d00f-4d32-a5d3-d1e5b01c9cb3",
	"00000000-0000-0000-0000-000000000000",
	7,
	'paymentConfirmedEvent',
	0,
	'',
	'BOOKINGSESSION7',
	'');
INSERT INTO SM_LEVT
	VALUES ("5d2bc261-464e-4c96-88a1-0dcf2267fd8b",
	"c87b2dab-d00f-4d32-a5d3-d1e5b01c9cb3",
	"00000000-0000-0000-0000-000000000000");
INSERT INTO SM_SEVT
	VALUES ("5d2bc261-464e-4c96-88a1-0dcf2267fd8b",
	"c87b2dab-d00f-4d32-a5d3-d1e5b01c9cb3",
	"00000000-0000-0000-0000-000000000000");
INSERT INTO SM_EVT
	VALUES ("5d2bc261-464e-4c96-88a1-0dcf2267fd8b",
	"c87b2dab-d00f-4d32-a5d3-d1e5b01c9cb3",
	"00000000-0000-0000-0000-000000000000",
	8,
	'cancelEvent',
	0,
	'',
	'BOOKINGSESSION8',
	'');
INSERT INTO SM_LEVT
	VALUES ("42a35ac4-7d83-4153-8c24-cc4699f29672",
	"c87b2dab-d00f-4d32-a5d3-d1e5b01c9cb3",
	"00000000-0000-0000-0000-000000000000");
INSERT INTO SM_SEVT
	VALUES ("42a35ac4-7d83-4153-8c24-cc4699f29672",
	"c87b2dab-d00f-4d32-a5d3-d1e5b01c9cb3",
	"00000000-0000-0000-0000-000000000000");
INSERT INTO SM_EVT
	VALUES ("42a35ac4-7d83-4153-8c24-cc4699f29672",
	"c87b2dab-d00f-4d32-a5d3-d1e5b01c9cb3",
	"00000000-0000-0000-0000-000000000000",
	9,
	'searchEvent',
	0,
	'',
	'BOOKINGSESSION9',
	'');
INSERT INTO SM_STATE
	VALUES ("abba5c5c-cc80-413e-acaf-3b88d5e3c3c6",
	"c87b2dab-d00f-4d32-a5d3-d1e5b01c9cb3",
	"00000000-0000-0000-0000-000000000000",
	'ready',
	1,
	0);
INSERT INTO SM_CH
	VALUES ("abba5c5c-cc80-413e-acaf-3b88d5e3c3c6",
	"463dc70c-f7bb-484c-8def-bd2056914139",
	"c87b2dab-d00f-4d32-a5d3-d1e5b01c9cb3",
	"00000000-0000-0000-0000-000000000000",
	'');
INSERT INTO SM_SEME
	VALUES ("abba5c5c-cc80-413e-acaf-3b88d5e3c3c6",
	"463dc70c-f7bb-484c-8def-bd2056914139",
	"c87b2dab-d00f-4d32-a5d3-d1e5b01c9cb3",
	"00000000-0000-0000-0000-000000000000");
INSERT INTO SM_CH
	VALUES ("abba5c5c-cc80-413e-acaf-3b88d5e3c3c6",
	"2113072c-9fe7-4d67-8795-583d185185c1",
	"c87b2dab-d00f-4d32-a5d3-d1e5b01c9cb3",
	"00000000-0000-0000-0000-000000000000",
	'');
INSERT INTO SM_SEME
	VALUES ("abba5c5c-cc80-413e-acaf-3b88d5e3c3c6",
	"2113072c-9fe7-4d67-8795-583d185185c1",
	"c87b2dab-d00f-4d32-a5d3-d1e5b01c9cb3",
	"00000000-0000-0000-0000-000000000000");
INSERT INTO SM_CH
	VALUES ("abba5c5c-cc80-413e-acaf-3b88d5e3c3c6",
	"0e59bc59-c4a8-49b6-b5c2-bd2e2de4f771",
	"c87b2dab-d00f-4d32-a5d3-d1e5b01c9cb3",
	"00000000-0000-0000-0000-000000000000",
	'');
INSERT INTO SM_SEME
	VALUES ("abba5c5c-cc80-413e-acaf-3b88d5e3c3c6",
	"0e59bc59-c4a8-49b6-b5c2-bd2e2de4f771",
	"c87b2dab-d00f-4d32-a5d3-d1e5b01c9cb3",
	"00000000-0000-0000-0000-000000000000");
INSERT INTO SM_CH
	VALUES ("abba5c5c-cc80-413e-acaf-3b88d5e3c3c6",
	"9a883f49-b118-47b2-880c-373bfecf9218",
	"c87b2dab-d00f-4d32-a5d3-d1e5b01c9cb3",
	"00000000-0000-0000-0000-000000000000",
	'');
INSERT INTO SM_SEME
	VALUES ("abba5c5c-cc80-413e-acaf-3b88d5e3c3c6",
	"9a883f49-b118-47b2-880c-373bfecf9218",
	"c87b2dab-d00f-4d32-a5d3-d1e5b01c9cb3",
	"00000000-0000-0000-0000-000000000000");
INSERT INTO SM_CH
	VALUES ("abba5c5c-cc80-413e-acaf-3b88d5e3c3c6",
	"153a511b-c927-49fe-95d5-db518898883d",
	"c87b2dab-d00f-4d32-a5d3-d1e5b01c9cb3",
	"00000000-0000-0000-0000-000000000000",
	'');
INSERT INTO SM_SEME
	VALUES ("abba5c5c-cc80-413e-acaf-3b88d5e3c3c6",
	"153a511b-c927-49fe-95d5-db518898883d",
	"c87b2dab-d00f-4d32-a5d3-d1e5b01c9cb3",
	"00000000-0000-0000-0000-000000000000");
INSERT INTO SM_CH
	VALUES ("abba5c5c-cc80-413e-acaf-3b88d5e3c3c6",
	"459dadf1-a920-477f-b495-f73fd93f16e7",
	"c87b2dab-d00f-4d32-a5d3-d1e5b01c9cb3",
	"00000000-0000-0000-0000-000000000000",
	'');
INSERT INTO SM_SEME
	VALUES ("abba5c5c-cc80-413e-acaf-3b88d5e3c3c6",
	"459dadf1-a920-477f-b495-f73fd93f16e7",
	"c87b2dab-d00f-4d32-a5d3-d1e5b01c9cb3",
	"00000000-0000-0000-0000-000000000000");
INSERT INTO SM_CH
	VALUES ("abba5c5c-cc80-413e-acaf-3b88d5e3c3c6",
	"2abc1152-f6f1-440f-8291-2896e45ba380",
	"c87b2dab-d00f-4d32-a5d3-d1e5b01c9cb3",
	"00000000-0000-0000-0000-000000000000",
	'');
INSERT INTO SM_SEME
	VALUES ("abba5c5c-cc80-413e-acaf-3b88d5e3c3c6",
	"2abc1152-f6f1-440f-8291-2896e45ba380",
	"c87b2dab-d00f-4d32-a5d3-d1e5b01c9cb3",
	"00000000-0000-0000-0000-000000000000");
INSERT INTO SM_CH
	VALUES ("abba5c5c-cc80-413e-acaf-3b88d5e3c3c6",
	"5d2bc261-464e-4c96-88a1-0dcf2267fd8b",
	"c87b2dab-d00f-4d32-a5d3-d1e5b01c9cb3",
	"00000000-0000-0000-0000-000000000000",
	'');
INSERT INTO SM_SEME
	VALUES ("abba5c5c-cc80-413e-acaf-3b88d5e3c3c6",
	"5d2bc261-464e-4c96-88a1-0dcf2267fd8b",
	"c87b2dab-d00f-4d32-a5d3-d1e5b01c9cb3",
	"00000000-0000-0000-0000-000000000000");
INSERT INTO SM_SEME
	VALUES ("abba5c5c-cc80-413e-acaf-3b88d5e3c3c6",
	"42a35ac4-7d83-4153-8c24-cc4699f29672",
	"c87b2dab-d00f-4d32-a5d3-d1e5b01c9cb3",
	"00000000-0000-0000-0000-000000000000");
INSERT INTO SM_MOAH
	VALUES ("418295cd-5f23-4573-b0b2-f9fc1a7b797b",
	"c87b2dab-d00f-4d32-a5d3-d1e5b01c9cb3",
	"abba5c5c-cc80-413e-acaf-3b88d5e3c3c6");
INSERT INTO SM_AH
	VALUES ("418295cd-5f23-4573-b0b2-f9fc1a7b797b",
	"c87b2dab-d00f-4d32-a5d3-d1e5b01c9cb3");
INSERT INTO SM_ACT
	VALUES ("418295cd-5f23-4573-b0b2-f9fc1a7b797b",
	"c87b2dab-d00f-4d32-a5d3-d1e5b01c9cb3",
	1,
	'',
	'');
INSERT INTO ACT_SAB
	VALUES ("7330aa29-fd9f-4958-9bd1-6b4040634d56",
	"c87b2dab-d00f-4d32-a5d3-d1e5b01c9cb3",
	"418295cd-5f23-4573-b0b2-f9fc1a7b797b");
INSERT INTO ACT_ACT
	VALUES ("7330aa29-fd9f-4958-9bd1-6b4040634d56",
	'state',
	0,
	"3f0c57ae-1760-4ae0-a8ac-32dcba6d5cb2",
	"00000000-0000-0000-0000-000000000000",
	0,
	'BookingSession::ready',
	"00000000-0000-0000-0000-000000000000");
INSERT INTO ACT_BLK
	VALUES ("3f0c57ae-1760-4ae0-a8ac-32dcba6d5cb2",
	0,
	0,
	0,
	'',
	'',
	'',
	0,
	0,
	0,
	0,
	0,
	0,
	0,
	0,
	0,
	0,
	0,
	0,
	0,
	"7330aa29-fd9f-4958-9bd1-6b4040634d56",
	"00000000-0000-0000-0000-000000000000");
INSERT INTO SM_STATE
	VALUES ("379a455a-c9de-4de3-9d42-47151db4b5c1",
	"c87b2dab-d00f-4d32-a5d3-d1e5b01c9cb3",
	"00000000-0000-0000-0000-000000000000",
	'customerProvided',
	6,
	0);
INSERT INTO SM_CH
	VALUES ("379a455a-c9de-4de3-9d42-47151db4b5c1",
	"463dc70c-f7bb-484c-8def-bd2056914139",
	"c87b2dab-d00f-4d32-a5d3-d1e5b01c9cb3",
	"00000000-0000-0000-0000-000000000000",
	'');
INSERT INTO SM_SEME
	VALUES ("379a455a-c9de-4de3-9d42-47151db4b5c1",
	"463dc70c-f7bb-484c-8def-bd2056914139",
	"c87b2dab-d00f-4d32-a5d3-d1e5b01c9cb3",
	"00000000-0000-0000-0000-000000000000");
INSERT INTO SM_CH
	VALUES ("379a455a-c9de-4de3-9d42-47151db4b5c1",
	"2113072c-9fe7-4d67-8795-583d185185c1",
	"c87b2dab-d00f-4d32-a5d3-d1e5b01c9cb3",
	"00000000-0000-0000-0000-000000000000",
	'');
INSERT INTO SM_SEME
	VALUES ("379a455a-c9de-4de3-9d42-47151db4b5c1",
	"2113072c-9fe7-4d67-8795-583d185185c1",
	"c87b2dab-d00f-4d32-a5d3-d1e5b01c9cb3",
	"00000000-0000-0000-0000-000000000000");
INSERT INTO SM_CH
	VALUES ("379a455a-c9de-4de3-9d42-47151db4b5c1",
	"0e59bc59-c4a8-49b6-b5c2-bd2e2de4f771",
	"c87b2dab-d00f-4d32-a5d3-d1e5b01c9cb3",
	"00000000-0000-0000-0000-000000000000",
	'');
INSERT INTO SM_SEME
	VALUES ("379a455a-c9de-4de3-9d42-47151db4b5c1",
	"0e59bc59-c4a8-49b6-b5c2-bd2e2de4f771",
	"c87b2dab-d00f-4d32-a5d3-d1e5b01c9cb3",
	"00000000-0000-0000-0000-000000000000");
INSERT INTO SM_CH
	VALUES ("379a455a-c9de-4de3-9d42-47151db4b5c1",
	"9a883f49-b118-47b2-880c-373bfecf9218",
	"c87b2dab-d00f-4d32-a5d3-d1e5b01c9cb3",
	"00000000-0000-0000-0000-000000000000",
	'');
INSERT INTO SM_SEME
	VALUES ("379a455a-c9de-4de3-9d42-47151db4b5c1",
	"9a883f49-b118-47b2-880c-373bfecf9218",
	"c87b2dab-d00f-4d32-a5d3-d1e5b01c9cb3",
	"00000000-0000-0000-0000-000000000000");
INSERT INTO SM_CH
	VALUES ("379a455a-c9de-4de3-9d42-47151db4b5c1",
	"153a511b-c927-49fe-95d5-db518898883d",
	"c87b2dab-d00f-4d32-a5d3-d1e5b01c9cb3",
	"00000000-0000-0000-0000-000000000000",
	'');
INSERT INTO SM_SEME
	VALUES ("379a455a-c9de-4de3-9d42-47151db4b5c1",
	"153a511b-c927-49fe-95d5-db518898883d",
	"c87b2dab-d00f-4d32-a5d3-d1e5b01c9cb3",
	"00000000-0000-0000-0000-000000000000");
INSERT INTO SM_SEME
	VALUES ("379a455a-c9de-4de3-9d42-47151db4b5c1",
	"459dadf1-a920-477f-b495-f73fd93f16e7",
	"c87b2dab-d00f-4d32-a5d3-d1e5b01c9cb3",
	"00000000-0000-0000-0000-000000000000");
INSERT INTO SM_CH
	VALUES ("379a455a-c9de-4de3-9d42-47151db4b5c1",
	"2abc1152-f6f1-440f-8291-2896e45ba380",
	"c87b2dab-d00f-4d32-a5d3-d1e5b01c9cb3",
	"00000000-0000-0000-0000-000000000000",
	'');
INSERT INTO SM_SEME
	VALUES ("379a455a-c9de-4de3-9d42-47151db4b5c1",
	"2abc1152-f6f1-440f-8291-2896e45ba380",
	"c87b2dab-d00f-4d32-a5d3-d1e5b01c9cb3",
	"00000000-0000-0000-0000-000000000000");
INSERT INTO SM_CH
	VALUES ("379a455a-c9de-4de3-9d42-47151db4b5c1",
	"5d2bc261-464e-4c96-88a1-0dcf2267fd8b",
	"c87b2dab-d00f-4d32-a5d3-d1e5b01c9cb3",
	"00000000-0000-0000-0000-000000000000",
	'');
INSERT INTO SM_SEME
	VALUES ("379a455a-c9de-4de3-9d42-47151db4b5c1",
	"5d2bc261-464e-4c96-88a1-0dcf2267fd8b",
	"c87b2dab-d00f-4d32-a5d3-d1e5b01c9cb3",
	"00000000-0000-0000-0000-000000000000");
INSERT INTO SM_CH
	VALUES ("379a455a-c9de-4de3-9d42-47151db4b5c1",
	"42a35ac4-7d83-4153-8c24-cc4699f29672",
	"c87b2dab-d00f-4d32-a5d3-d1e5b01c9cb3",
	"00000000-0000-0000-0000-000000000000",
	'');
INSERT INTO SM_SEME
	VALUES ("379a455a-c9de-4de3-9d42-47151db4b5c1",
	"42a35ac4-7d83-4153-8c24-cc4699f29672",
	"c87b2dab-d00f-4d32-a5d3-d1e5b01c9cb3",
	"00000000-0000-0000-0000-000000000000");
INSERT INTO SM_MOAH
	VALUES ("c3158b28-1d86-4a56-9d32-e880d9a9c9fe",
	"c87b2dab-d00f-4d32-a5d3-d1e5b01c9cb3",
	"379a455a-c9de-4de3-9d42-47151db4b5c1");
INSERT INTO SM_AH
	VALUES ("c3158b28-1d86-4a56-9d32-e880d9a9c9fe",
	"c87b2dab-d00f-4d32-a5d3-d1e5b01c9cb3");
INSERT INTO SM_ACT
	VALUES ("c3158b28-1d86-4a56-9d32-e880d9a9c9fe",
	"c87b2dab-d00f-4d32-a5d3-d1e5b01c9cb3",
	1,
	'',
	'');
INSERT INTO ACT_SAB
	VALUES ("ed2cfd8f-7507-45bd-9e8e-0aa042022173",
	"c87b2dab-d00f-4d32-a5d3-d1e5b01c9cb3",
	"c3158b28-1d86-4a56-9d32-e880d9a9c9fe");
INSERT INTO ACT_ACT
	VALUES ("ed2cfd8f-7507-45bd-9e8e-0aa042022173",
	'state',
	0,
	"68d31a41-e66a-40e0-8311-6b801503a871",
	"00000000-0000-0000-0000-000000000000",
	0,
	'BookingSession::customerProvided',
	"00000000-0000-0000-0000-000000000000");
INSERT INTO ACT_BLK
	VALUES ("68d31a41-e66a-40e0-8311-6b801503a871",
	0,
	0,
	0,
	'',
	'',
	'',
	0,
	0,
	0,
	0,
	0,
	0,
	0,
	0,
	0,
	0,
	0,
	0,
	0,
	"ed2cfd8f-7507-45bd-9e8e-0aa042022173",
	"00000000-0000-0000-0000-000000000000");
INSERT INTO SM_STATE
	VALUES ("2f872649-fe94-4f31-b88d-635a7e02ac36",
	"c87b2dab-d00f-4d32-a5d3-d1e5b01c9cb3",
	"00000000-0000-0000-0000-000000000000",
	'finallyReady',
	5,
	0);
INSERT INTO SM_SEME
	VALUES ("2f872649-fe94-4f31-b88d-635a7e02ac36",
	"463dc70c-f7bb-484c-8def-bd2056914139",
	"c87b2dab-d00f-4d32-a5d3-d1e5b01c9cb3",
	"00000000-0000-0000-0000-000000000000");
INSERT INTO SM_CH
	VALUES ("2f872649-fe94-4f31-b88d-635a7e02ac36",
	"2113072c-9fe7-4d67-8795-583d185185c1",
	"c87b2dab-d00f-4d32-a5d3-d1e5b01c9cb3",
	"00000000-0000-0000-0000-000000000000",
	'');
INSERT INTO SM_SEME
	VALUES ("2f872649-fe94-4f31-b88d-635a7e02ac36",
	"2113072c-9fe7-4d67-8795-583d185185c1",
	"c87b2dab-d00f-4d32-a5d3-d1e5b01c9cb3",
	"00000000-0000-0000-0000-000000000000");
INSERT INTO SM_CH
	VALUES ("2f872649-fe94-4f31-b88d-635a7e02ac36",
	"0e59bc59-c4a8-49b6-b5c2-bd2e2de4f771",
	"c87b2dab-d00f-4d32-a5d3-d1e5b01c9cb3",
	"00000000-0000-0000-0000-000000000000",
	'');
INSERT INTO SM_SEME
	VALUES ("2f872649-fe94-4f31-b88d-635a7e02ac36",
	"0e59bc59-c4a8-49b6-b5c2-bd2e2de4f771",
	"c87b2dab-d00f-4d32-a5d3-d1e5b01c9cb3",
	"00000000-0000-0000-0000-000000000000");
INSERT INTO SM_CH
	VALUES ("2f872649-fe94-4f31-b88d-635a7e02ac36",
	"9a883f49-b118-47b2-880c-373bfecf9218",
	"c87b2dab-d00f-4d32-a5d3-d1e5b01c9cb3",
	"00000000-0000-0000-0000-000000000000",
	'');
INSERT INTO SM_SEME
	VALUES ("2f872649-fe94-4f31-b88d-635a7e02ac36",
	"9a883f49-b118-47b2-880c-373bfecf9218",
	"c87b2dab-d00f-4d32-a5d3-d1e5b01c9cb3",
	"00000000-0000-0000-0000-000000000000");
INSERT INTO SM_SEME
	VALUES ("2f872649-fe94-4f31-b88d-635a7e02ac36",
	"153a511b-c927-49fe-95d5-db518898883d",
	"c87b2dab-d00f-4d32-a5d3-d1e5b01c9cb3",
	"00000000-0000-0000-0000-000000000000");
INSERT INTO SM_CH
	VALUES ("2f872649-fe94-4f31-b88d-635a7e02ac36",
	"459dadf1-a920-477f-b495-f73fd93f16e7",
	"c87b2dab-d00f-4d32-a5d3-d1e5b01c9cb3",
	"00000000-0000-0000-0000-000000000000",
	'');
INSERT INTO SM_SEME
	VALUES ("2f872649-fe94-4f31-b88d-635a7e02ac36",
	"459dadf1-a920-477f-b495-f73fd93f16e7",
	"c87b2dab-d00f-4d32-a5d3-d1e5b01c9cb3",
	"00000000-0000-0000-0000-000000000000");
INSERT INTO SM_CH
	VALUES ("2f872649-fe94-4f31-b88d-635a7e02ac36",
	"2abc1152-f6f1-440f-8291-2896e45ba380",
	"c87b2dab-d00f-4d32-a5d3-d1e5b01c9cb3",
	"00000000-0000-0000-0000-000000000000",
	'');
INSERT INTO SM_SEME
	VALUES ("2f872649-fe94-4f31-b88d-635a7e02ac36",
	"2abc1152-f6f1-440f-8291-2896e45ba380",
	"c87b2dab-d00f-4d32-a5d3-d1e5b01c9cb3",
	"00000000-0000-0000-0000-000000000000");
INSERT INTO SM_CH
	VALUES ("2f872649-fe94-4f31-b88d-635a7e02ac36",
	"5d2bc261-464e-4c96-88a1-0dcf2267fd8b",
	"c87b2dab-d00f-4d32-a5d3-d1e5b01c9cb3",
	"00000000-0000-0000-0000-000000000000",
	'');
INSERT INTO SM_SEME
	VALUES ("2f872649-fe94-4f31-b88d-635a7e02ac36",
	"5d2bc261-464e-4c96-88a1-0dcf2267fd8b",
	"c87b2dab-d00f-4d32-a5d3-d1e5b01c9cb3",
	"00000000-0000-0000-0000-000000000000");
INSERT INTO SM_SEME
	VALUES ("2f872649-fe94-4f31-b88d-635a7e02ac36",
	"42a35ac4-7d83-4153-8c24-cc4699f29672",
	"c87b2dab-d00f-4d32-a5d3-d1e5b01c9cb3",
	"00000000-0000-0000-0000-000000000000");
INSERT INTO SM_MOAH
	VALUES ("a285934d-8100-43dc-b14a-9e01d6d279fd",
	"c87b2dab-d00f-4d32-a5d3-d1e5b01c9cb3",
	"2f872649-fe94-4f31-b88d-635a7e02ac36");
INSERT INTO SM_AH
	VALUES ("a285934d-8100-43dc-b14a-9e01d6d279fd",
	"c87b2dab-d00f-4d32-a5d3-d1e5b01c9cb3");
INSERT INTO SM_ACT
	VALUES ("a285934d-8100-43dc-b14a-9e01d6d279fd",
	"c87b2dab-d00f-4d32-a5d3-d1e5b01c9cb3",
	1,
	'',
	'');
INSERT INTO ACT_SAB
	VALUES ("f1bc733f-c85a-4fbf-954e-a0acba3ee3f2",
	"c87b2dab-d00f-4d32-a5d3-d1e5b01c9cb3",
	"a285934d-8100-43dc-b14a-9e01d6d279fd");
INSERT INTO ACT_ACT
	VALUES ("f1bc733f-c85a-4fbf-954e-a0acba3ee3f2",
	'state',
	0,
	"d79f6bf3-aea4-4190-9698-34162e5b426a",
	"00000000-0000-0000-0000-000000000000",
	0,
	'BookingSession::finallyReady',
	"00000000-0000-0000-0000-000000000000");
INSERT INTO ACT_BLK
	VALUES ("d79f6bf3-aea4-4190-9698-34162e5b426a",
	0,
	0,
	0,
	'',
	'',
	'',
	0,
	0,
	0,
	0,
	0,
	0,
	0,
	0,
	0,
	0,
	0,
	0,
	0,
	"f1bc733f-c85a-4fbf-954e-a0acba3ee3f2",
	"00000000-0000-0000-0000-000000000000");
INSERT INTO SM_STATE
	VALUES ("ec664e05-8719-4277-966f-43d8cf4e3176",
	"c87b2dab-d00f-4d32-a5d3-d1e5b01c9cb3",
	"00000000-0000-0000-0000-000000000000",
	'selected',
	2,
	0);
INSERT INTO SM_CH
	VALUES ("ec664e05-8719-4277-966f-43d8cf4e3176",
	"463dc70c-f7bb-484c-8def-bd2056914139",
	"c87b2dab-d00f-4d32-a5d3-d1e5b01c9cb3",
	"00000000-0000-0000-0000-000000000000",
	'');
INSERT INTO SM_SEME
	VALUES ("ec664e05-8719-4277-966f-43d8cf4e3176",
	"463dc70c-f7bb-484c-8def-bd2056914139",
	"c87b2dab-d00f-4d32-a5d3-d1e5b01c9cb3",
	"00000000-0000-0000-0000-000000000000");
INSERT INTO SM_SEME
	VALUES ("ec664e05-8719-4277-966f-43d8cf4e3176",
	"2113072c-9fe7-4d67-8795-583d185185c1",
	"c87b2dab-d00f-4d32-a5d3-d1e5b01c9cb3",
	"00000000-0000-0000-0000-000000000000");
INSERT INTO SM_CH
	VALUES ("ec664e05-8719-4277-966f-43d8cf4e3176",
	"0e59bc59-c4a8-49b6-b5c2-bd2e2de4f771",
	"c87b2dab-d00f-4d32-a5d3-d1e5b01c9cb3",
	"00000000-0000-0000-0000-000000000000",
	'');
INSERT INTO SM_SEME
	VALUES ("ec664e05-8719-4277-966f-43d8cf4e3176",
	"0e59bc59-c4a8-49b6-b5c2-bd2e2de4f771",
	"c87b2dab-d00f-4d32-a5d3-d1e5b01c9cb3",
	"00000000-0000-0000-0000-000000000000");
INSERT INTO SM_CH
	VALUES ("ec664e05-8719-4277-966f-43d8cf4e3176",
	"9a883f49-b118-47b2-880c-373bfecf9218",
	"c87b2dab-d00f-4d32-a5d3-d1e5b01c9cb3",
	"00000000-0000-0000-0000-000000000000",
	'');
INSERT INTO SM_SEME
	VALUES ("ec664e05-8719-4277-966f-43d8cf4e3176",
	"9a883f49-b118-47b2-880c-373bfecf9218",
	"c87b2dab-d00f-4d32-a5d3-d1e5b01c9cb3",
	"00000000-0000-0000-0000-000000000000");
INSERT INTO SM_CH
	VALUES ("ec664e05-8719-4277-966f-43d8cf4e3176",
	"153a511b-c927-49fe-95d5-db518898883d",
	"c87b2dab-d00f-4d32-a5d3-d1e5b01c9cb3",
	"00000000-0000-0000-0000-000000000000",
	'');
INSERT INTO SM_SEME
	VALUES ("ec664e05-8719-4277-966f-43d8cf4e3176",
	"153a511b-c927-49fe-95d5-db518898883d",
	"c87b2dab-d00f-4d32-a5d3-d1e5b01c9cb3",
	"00000000-0000-0000-0000-000000000000");
INSERT INTO SM_CH
	VALUES ("ec664e05-8719-4277-966f-43d8cf4e3176",
	"459dadf1-a920-477f-b495-f73fd93f16e7",
	"c87b2dab-d00f-4d32-a5d3-d1e5b01c9cb3",
	"00000000-0000-0000-0000-000000000000",
	'');
INSERT INTO SM_SEME
	VALUES ("ec664e05-8719-4277-966f-43d8cf4e3176",
	"459dadf1-a920-477f-b495-f73fd93f16e7",
	"c87b2dab-d00f-4d32-a5d3-d1e5b01c9cb3",
	"00000000-0000-0000-0000-000000000000");
INSERT INTO SM_CH
	VALUES ("ec664e05-8719-4277-966f-43d8cf4e3176",
	"2abc1152-f6f1-440f-8291-2896e45ba380",
	"c87b2dab-d00f-4d32-a5d3-d1e5b01c9cb3",
	"00000000-0000-0000-0000-000000000000",
	'');
INSERT INTO SM_SEME
	VALUES ("ec664e05-8719-4277-966f-43d8cf4e3176",
	"2abc1152-f6f1-440f-8291-2896e45ba380",
	"c87b2dab-d00f-4d32-a5d3-d1e5b01c9cb3",
	"00000000-0000-0000-0000-000000000000");
INSERT INTO SM_CH
	VALUES ("ec664e05-8719-4277-966f-43d8cf4e3176",
	"5d2bc261-464e-4c96-88a1-0dcf2267fd8b",
	"c87b2dab-d00f-4d32-a5d3-d1e5b01c9cb3",
	"00000000-0000-0000-0000-000000000000",
	'');
INSERT INTO SM_SEME
	VALUES ("ec664e05-8719-4277-966f-43d8cf4e3176",
	"5d2bc261-464e-4c96-88a1-0dcf2267fd8b",
	"c87b2dab-d00f-4d32-a5d3-d1e5b01c9cb3",
	"00000000-0000-0000-0000-000000000000");
INSERT INTO SM_CH
	VALUES ("ec664e05-8719-4277-966f-43d8cf4e3176",
	"42a35ac4-7d83-4153-8c24-cc4699f29672",
	"c87b2dab-d00f-4d32-a5d3-d1e5b01c9cb3",
	"00000000-0000-0000-0000-000000000000",
	'');
INSERT INTO SM_SEME
	VALUES ("ec664e05-8719-4277-966f-43d8cf4e3176",
	"42a35ac4-7d83-4153-8c24-cc4699f29672",
	"c87b2dab-d00f-4d32-a5d3-d1e5b01c9cb3",
	"00000000-0000-0000-0000-000000000000");
INSERT INTO SM_MOAH
	VALUES ("e09f2adb-c3b8-49ef-82b6-8ce64830c08a",
	"c87b2dab-d00f-4d32-a5d3-d1e5b01c9cb3",
	"ec664e05-8719-4277-966f-43d8cf4e3176");
INSERT INTO SM_AH
	VALUES ("e09f2adb-c3b8-49ef-82b6-8ce64830c08a",
	"c87b2dab-d00f-4d32-a5d3-d1e5b01c9cb3");
INSERT INTO SM_ACT
	VALUES ("e09f2adb-c3b8-49ef-82b6-8ce64830c08a",
	"c87b2dab-d00f-4d32-a5d3-d1e5b01c9cb3",
	1,
	'',
	'');
INSERT INTO ACT_SAB
	VALUES ("930ef66d-2f6e-4e5d-8ebd-4a94bb2d28ad",
	"c87b2dab-d00f-4d32-a5d3-d1e5b01c9cb3",
	"e09f2adb-c3b8-49ef-82b6-8ce64830c08a");
INSERT INTO ACT_ACT
	VALUES ("930ef66d-2f6e-4e5d-8ebd-4a94bb2d28ad",
	'state',
	0,
	"032bb8cb-cb97-4a19-9918-3000775e0006",
	"00000000-0000-0000-0000-000000000000",
	0,
	'BookingSession::selected',
	"00000000-0000-0000-0000-000000000000");
INSERT INTO ACT_BLK
	VALUES ("032bb8cb-cb97-4a19-9918-3000775e0006",
	0,
	0,
	0,
	'',
	'',
	'',
	0,
	0,
	0,
	0,
	0,
	0,
	0,
	0,
	0,
	0,
	0,
	0,
	0,
	"930ef66d-2f6e-4e5d-8ebd-4a94bb2d28ad",
	"00000000-0000-0000-0000-000000000000");
INSERT INTO SM_STATE
	VALUES ("0a2fd1bd-2d48-4562-b322-ca038ace3cef",
	"c87b2dab-d00f-4d32-a5d3-d1e5b01c9cb3",
	"00000000-0000-0000-0000-000000000000",
	'guestAdded',
	3,
	0);
INSERT INTO SM_CH
	VALUES ("0a2fd1bd-2d48-4562-b322-ca038ace3cef",
	"463dc70c-f7bb-484c-8def-bd2056914139",
	"c87b2dab-d00f-4d32-a5d3-d1e5b01c9cb3",
	"00000000-0000-0000-0000-000000000000",
	'');
INSERT INTO SM_SEME
	VALUES ("0a2fd1bd-2d48-4562-b322-ca038ace3cef",
	"463dc70c-f7bb-484c-8def-bd2056914139",
	"c87b2dab-d00f-4d32-a5d3-d1e5b01c9cb3",
	"00000000-0000-0000-0000-000000000000");
INSERT INTO SM_SEME
	VALUES ("0a2fd1bd-2d48-4562-b322-ca038ace3cef",
	"2113072c-9fe7-4d67-8795-583d185185c1",
	"c87b2dab-d00f-4d32-a5d3-d1e5b01c9cb3",
	"00000000-0000-0000-0000-000000000000");
INSERT INTO SM_SEME
	VALUES ("0a2fd1bd-2d48-4562-b322-ca038ace3cef",
	"0e59bc59-c4a8-49b6-b5c2-bd2e2de4f771",
	"c87b2dab-d00f-4d32-a5d3-d1e5b01c9cb3",
	"00000000-0000-0000-0000-000000000000");
INSERT INTO SM_SEME
	VALUES ("0a2fd1bd-2d48-4562-b322-ca038ace3cef",
	"9a883f49-b118-47b2-880c-373bfecf9218",
	"c87b2dab-d00f-4d32-a5d3-d1e5b01c9cb3",
	"00000000-0000-0000-0000-000000000000");
INSERT INTO SM_CH
	VALUES ("0a2fd1bd-2d48-4562-b322-ca038ace3cef",
	"153a511b-c927-49fe-95d5-db518898883d",
	"c87b2dab-d00f-4d32-a5d3-d1e5b01c9cb3",
	"00000000-0000-0000-0000-000000000000",
	'');
INSERT INTO SM_SEME
	VALUES ("0a2fd1bd-2d48-4562-b322-ca038ace3cef",
	"153a511b-c927-49fe-95d5-db518898883d",
	"c87b2dab-d00f-4d32-a5d3-d1e5b01c9cb3",
	"00000000-0000-0000-0000-000000000000");
INSERT INTO SM_CH
	VALUES ("0a2fd1bd-2d48-4562-b322-ca038ace3cef",
	"459dadf1-a920-477f-b495-f73fd93f16e7",
	"c87b2dab-d00f-4d32-a5d3-d1e5b01c9cb3",
	"00000000-0000-0000-0000-000000000000",
	'');
INSERT INTO SM_SEME
	VALUES ("0a2fd1bd-2d48-4562-b322-ca038ace3cef",
	"459dadf1-a920-477f-b495-f73fd93f16e7",
	"c87b2dab-d00f-4d32-a5d3-d1e5b01c9cb3",
	"00000000-0000-0000-0000-000000000000");
INSERT INTO SM_CH
	VALUES ("0a2fd1bd-2d48-4562-b322-ca038ace3cef",
	"2abc1152-f6f1-440f-8291-2896e45ba380",
	"c87b2dab-d00f-4d32-a5d3-d1e5b01c9cb3",
	"00000000-0000-0000-0000-000000000000",
	'');
INSERT INTO SM_SEME
	VALUES ("0a2fd1bd-2d48-4562-b322-ca038ace3cef",
	"2abc1152-f6f1-440f-8291-2896e45ba380",
	"c87b2dab-d00f-4d32-a5d3-d1e5b01c9cb3",
	"00000000-0000-0000-0000-000000000000");
INSERT INTO SM_CH
	VALUES ("0a2fd1bd-2d48-4562-b322-ca038ace3cef",
	"5d2bc261-464e-4c96-88a1-0dcf2267fd8b",
	"c87b2dab-d00f-4d32-a5d3-d1e5b01c9cb3",
	"00000000-0000-0000-0000-000000000000",
	'');
INSERT INTO SM_SEME
	VALUES ("0a2fd1bd-2d48-4562-b322-ca038ace3cef",
	"5d2bc261-464e-4c96-88a1-0dcf2267fd8b",
	"c87b2dab-d00f-4d32-a5d3-d1e5b01c9cb3",
	"00000000-0000-0000-0000-000000000000");
INSERT INTO SM_CH
	VALUES ("0a2fd1bd-2d48-4562-b322-ca038ace3cef",
	"42a35ac4-7d83-4153-8c24-cc4699f29672",
	"c87b2dab-d00f-4d32-a5d3-d1e5b01c9cb3",
	"00000000-0000-0000-0000-000000000000",
	'');
INSERT INTO SM_SEME
	VALUES ("0a2fd1bd-2d48-4562-b322-ca038ace3cef",
	"42a35ac4-7d83-4153-8c24-cc4699f29672",
	"c87b2dab-d00f-4d32-a5d3-d1e5b01c9cb3",
	"00000000-0000-0000-0000-000000000000");
INSERT INTO SM_MOAH
	VALUES ("2232bc33-de11-4ec7-b257-f8c79d218a20",
	"c87b2dab-d00f-4d32-a5d3-d1e5b01c9cb3",
	"0a2fd1bd-2d48-4562-b322-ca038ace3cef");
INSERT INTO SM_AH
	VALUES ("2232bc33-de11-4ec7-b257-f8c79d218a20",
	"c87b2dab-d00f-4d32-a5d3-d1e5b01c9cb3");
INSERT INTO SM_ACT
	VALUES ("2232bc33-de11-4ec7-b257-f8c79d218a20",
	"c87b2dab-d00f-4d32-a5d3-d1e5b01c9cb3",
	1,
	'',
	'');
INSERT INTO ACT_SAB
	VALUES ("5e7a95bb-2b6e-4812-b048-0670ac1af6ae",
	"c87b2dab-d00f-4d32-a5d3-d1e5b01c9cb3",
	"2232bc33-de11-4ec7-b257-f8c79d218a20");
INSERT INTO ACT_ACT
	VALUES ("5e7a95bb-2b6e-4812-b048-0670ac1af6ae",
	'state',
	0,
	"3e512bf4-885c-4bfb-a808-1f690c5eaceb",
	"00000000-0000-0000-0000-000000000000",
	0,
	'BookingSession::guestAdded',
	"00000000-0000-0000-0000-000000000000");
INSERT INTO ACT_BLK
	VALUES ("3e512bf4-885c-4bfb-a808-1f690c5eaceb",
	0,
	0,
	0,
	'',
	'',
	'',
	0,
	0,
	0,
	0,
	0,
	0,
	0,
	0,
	0,
	0,
	0,
	0,
	0,
	"5e7a95bb-2b6e-4812-b048-0670ac1af6ae",
	"00000000-0000-0000-0000-000000000000");
INSERT INTO SM_STATE
	VALUES ("5ba9883b-4a7b-40ed-a541-d3bba232f55a",
	"c87b2dab-d00f-4d32-a5d3-d1e5b01c9cb3",
	"00000000-0000-0000-0000-000000000000",
	'addService',
	4,
	0);
INSERT INTO SM_CH
	VALUES ("5ba9883b-4a7b-40ed-a541-d3bba232f55a",
	"463dc70c-f7bb-484c-8def-bd2056914139",
	"c87b2dab-d00f-4d32-a5d3-d1e5b01c9cb3",
	"00000000-0000-0000-0000-000000000000",
	'');
INSERT INTO SM_SEME
	VALUES ("5ba9883b-4a7b-40ed-a541-d3bba232f55a",
	"463dc70c-f7bb-484c-8def-bd2056914139",
	"c87b2dab-d00f-4d32-a5d3-d1e5b01c9cb3",
	"00000000-0000-0000-0000-000000000000");
INSERT INTO SM_CH
	VALUES ("5ba9883b-4a7b-40ed-a541-d3bba232f55a",
	"2113072c-9fe7-4d67-8795-583d185185c1",
	"c87b2dab-d00f-4d32-a5d3-d1e5b01c9cb3",
	"00000000-0000-0000-0000-000000000000",
	'');
INSERT INTO SM_SEME
	VALUES ("5ba9883b-4a7b-40ed-a541-d3bba232f55a",
	"2113072c-9fe7-4d67-8795-583d185185c1",
	"c87b2dab-d00f-4d32-a5d3-d1e5b01c9cb3",
	"00000000-0000-0000-0000-000000000000");
INSERT INTO SM_SEME
	VALUES ("5ba9883b-4a7b-40ed-a541-d3bba232f55a",
	"0e59bc59-c4a8-49b6-b5c2-bd2e2de4f771",
	"c87b2dab-d00f-4d32-a5d3-d1e5b01c9cb3",
	"00000000-0000-0000-0000-000000000000");
INSERT INTO SM_SEME
	VALUES ("5ba9883b-4a7b-40ed-a541-d3bba232f55a",
	"9a883f49-b118-47b2-880c-373bfecf9218",
	"c87b2dab-d00f-4d32-a5d3-d1e5b01c9cb3",
	"00000000-0000-0000-0000-000000000000");
INSERT INTO SM_CH
	VALUES ("5ba9883b-4a7b-40ed-a541-d3bba232f55a",
	"153a511b-c927-49fe-95d5-db518898883d",
	"c87b2dab-d00f-4d32-a5d3-d1e5b01c9cb3",
	"00000000-0000-0000-0000-000000000000",
	'');
INSERT INTO SM_SEME
	VALUES ("5ba9883b-4a7b-40ed-a541-d3bba232f55a",
	"153a511b-c927-49fe-95d5-db518898883d",
	"c87b2dab-d00f-4d32-a5d3-d1e5b01c9cb3",
	"00000000-0000-0000-0000-000000000000");
INSERT INTO SM_CH
	VALUES ("5ba9883b-4a7b-40ed-a541-d3bba232f55a",
	"459dadf1-a920-477f-b495-f73fd93f16e7",
	"c87b2dab-d00f-4d32-a5d3-d1e5b01c9cb3",
	"00000000-0000-0000-0000-000000000000",
	'');
INSERT INTO SM_SEME
	VALUES ("5ba9883b-4a7b-40ed-a541-d3bba232f55a",
	"459dadf1-a920-477f-b495-f73fd93f16e7",
	"c87b2dab-d00f-4d32-a5d3-d1e5b01c9cb3",
	"00000000-0000-0000-0000-000000000000");
INSERT INTO SM_CH
	VALUES ("5ba9883b-4a7b-40ed-a541-d3bba232f55a",
	"2abc1152-f6f1-440f-8291-2896e45ba380",
	"c87b2dab-d00f-4d32-a5d3-d1e5b01c9cb3",
	"00000000-0000-0000-0000-000000000000",
	'');
INSERT INTO SM_SEME
	VALUES ("5ba9883b-4a7b-40ed-a541-d3bba232f55a",
	"2abc1152-f6f1-440f-8291-2896e45ba380",
	"c87b2dab-d00f-4d32-a5d3-d1e5b01c9cb3",
	"00000000-0000-0000-0000-000000000000");
INSERT INTO SM_CH
	VALUES ("5ba9883b-4a7b-40ed-a541-d3bba232f55a",
	"5d2bc261-464e-4c96-88a1-0dcf2267fd8b",
	"c87b2dab-d00f-4d32-a5d3-d1e5b01c9cb3",
	"00000000-0000-0000-0000-000000000000",
	'');
INSERT INTO SM_SEME
	VALUES ("5ba9883b-4a7b-40ed-a541-d3bba232f55a",
	"5d2bc261-464e-4c96-88a1-0dcf2267fd8b",
	"c87b2dab-d00f-4d32-a5d3-d1e5b01c9cb3",
	"00000000-0000-0000-0000-000000000000");
INSERT INTO SM_CH
	VALUES ("5ba9883b-4a7b-40ed-a541-d3bba232f55a",
	"42a35ac4-7d83-4153-8c24-cc4699f29672",
	"c87b2dab-d00f-4d32-a5d3-d1e5b01c9cb3",
	"00000000-0000-0000-0000-000000000000",
	'');
INSERT INTO SM_SEME
	VALUES ("5ba9883b-4a7b-40ed-a541-d3bba232f55a",
	"42a35ac4-7d83-4153-8c24-cc4699f29672",
	"c87b2dab-d00f-4d32-a5d3-d1e5b01c9cb3",
	"00000000-0000-0000-0000-000000000000");
INSERT INTO SM_MOAH
	VALUES ("b96e84ea-d627-4e2e-a8b5-c9972e6aee35",
	"c87b2dab-d00f-4d32-a5d3-d1e5b01c9cb3",
	"5ba9883b-4a7b-40ed-a541-d3bba232f55a");
INSERT INTO SM_AH
	VALUES ("b96e84ea-d627-4e2e-a8b5-c9972e6aee35",
	"c87b2dab-d00f-4d32-a5d3-d1e5b01c9cb3");
INSERT INTO SM_ACT
	VALUES ("b96e84ea-d627-4e2e-a8b5-c9972e6aee35",
	"c87b2dab-d00f-4d32-a5d3-d1e5b01c9cb3",
	1,
	'',
	'');
INSERT INTO ACT_SAB
	VALUES ("0175fc9d-4282-48b8-a948-50ed6fbf8b59",
	"c87b2dab-d00f-4d32-a5d3-d1e5b01c9cb3",
	"b96e84ea-d627-4e2e-a8b5-c9972e6aee35");
INSERT INTO ACT_ACT
	VALUES ("0175fc9d-4282-48b8-a948-50ed6fbf8b59",
	'state',
	0,
	"586f0ba5-4498-4517-b9cd-70dd41e4ee83",
	"00000000-0000-0000-0000-000000000000",
	0,
	'BookingSession::addService',
	"00000000-0000-0000-0000-000000000000");
INSERT INTO ACT_BLK
	VALUES ("586f0ba5-4498-4517-b9cd-70dd41e4ee83",
	0,
	0,
	0,
	'',
	'',
	'',
	0,
	0,
	0,
	0,
	0,
	0,
	0,
	0,
	0,
	0,
	0,
	0,
	0,
	"0175fc9d-4282-48b8-a948-50ed6fbf8b59",
	"00000000-0000-0000-0000-000000000000");
INSERT INTO SM_STATE
	VALUES ("16b76ff7-c8d4-4f88-81c4-f6f0a7d93a90",
	"c87b2dab-d00f-4d32-a5d3-d1e5b01c9cb3",
	"00000000-0000-0000-0000-000000000000",
	'paymentSuggested',
	7,
	0);
INSERT INTO SM_CH
	VALUES ("16b76ff7-c8d4-4f88-81c4-f6f0a7d93a90",
	"463dc70c-f7bb-484c-8def-bd2056914139",
	"c87b2dab-d00f-4d32-a5d3-d1e5b01c9cb3",
	"00000000-0000-0000-0000-000000000000",
	'');
INSERT INTO SM_SEME
	VALUES ("16b76ff7-c8d4-4f88-81c4-f6f0a7d93a90",
	"463dc70c-f7bb-484c-8def-bd2056914139",
	"c87b2dab-d00f-4d32-a5d3-d1e5b01c9cb3",
	"00000000-0000-0000-0000-000000000000");
INSERT INTO SM_CH
	VALUES ("16b76ff7-c8d4-4f88-81c4-f6f0a7d93a90",
	"2113072c-9fe7-4d67-8795-583d185185c1",
	"c87b2dab-d00f-4d32-a5d3-d1e5b01c9cb3",
	"00000000-0000-0000-0000-000000000000",
	'');
INSERT INTO SM_SEME
	VALUES ("16b76ff7-c8d4-4f88-81c4-f6f0a7d93a90",
	"2113072c-9fe7-4d67-8795-583d185185c1",
	"c87b2dab-d00f-4d32-a5d3-d1e5b01c9cb3",
	"00000000-0000-0000-0000-000000000000");
INSERT INTO SM_CH
	VALUES ("16b76ff7-c8d4-4f88-81c4-f6f0a7d93a90",
	"0e59bc59-c4a8-49b6-b5c2-bd2e2de4f771",
	"c87b2dab-d00f-4d32-a5d3-d1e5b01c9cb3",
	"00000000-0000-0000-0000-000000000000",
	'');
INSERT INTO SM_SEME
	VALUES ("16b76ff7-c8d4-4f88-81c4-f6f0a7d93a90",
	"0e59bc59-c4a8-49b6-b5c2-bd2e2de4f771",
	"c87b2dab-d00f-4d32-a5d3-d1e5b01c9cb3",
	"00000000-0000-0000-0000-000000000000");
INSERT INTO SM_CH
	VALUES ("16b76ff7-c8d4-4f88-81c4-f6f0a7d93a90",
	"9a883f49-b118-47b2-880c-373bfecf9218",
	"c87b2dab-d00f-4d32-a5d3-d1e5b01c9cb3",
	"00000000-0000-0000-0000-000000000000",
	'');
INSERT INTO SM_SEME
	VALUES ("16b76ff7-c8d4-4f88-81c4-f6f0a7d93a90",
	"9a883f49-b118-47b2-880c-373bfecf9218",
	"c87b2dab-d00f-4d32-a5d3-d1e5b01c9cb3",
	"00000000-0000-0000-0000-000000000000");
INSERT INTO SM_CH
	VALUES ("16b76ff7-c8d4-4f88-81c4-f6f0a7d93a90",
	"153a511b-c927-49fe-95d5-db518898883d",
	"c87b2dab-d00f-4d32-a5d3-d1e5b01c9cb3",
	"00000000-0000-0000-0000-000000000000",
	'');
INSERT INTO SM_SEME
	VALUES ("16b76ff7-c8d4-4f88-81c4-f6f0a7d93a90",
	"153a511b-c927-49fe-95d5-db518898883d",
	"c87b2dab-d00f-4d32-a5d3-d1e5b01c9cb3",
	"00000000-0000-0000-0000-000000000000");
INSERT INTO SM_CH
	VALUES ("16b76ff7-c8d4-4f88-81c4-f6f0a7d93a90",
	"459dadf1-a920-477f-b495-f73fd93f16e7",
	"c87b2dab-d00f-4d32-a5d3-d1e5b01c9cb3",
	"00000000-0000-0000-0000-000000000000",
	'');
INSERT INTO SM_SEME
	VALUES ("16b76ff7-c8d4-4f88-81c4-f6f0a7d93a90",
	"459dadf1-a920-477f-b495-f73fd93f16e7",
	"c87b2dab-d00f-4d32-a5d3-d1e5b01c9cb3",
	"00000000-0000-0000-0000-000000000000");
INSERT INTO SM_SEME
	VALUES ("16b76ff7-c8d4-4f88-81c4-f6f0a7d93a90",
	"2abc1152-f6f1-440f-8291-2896e45ba380",
	"c87b2dab-d00f-4d32-a5d3-d1e5b01c9cb3",
	"00000000-0000-0000-0000-000000000000");
INSERT INTO SM_CH
	VALUES ("16b76ff7-c8d4-4f88-81c4-f6f0a7d93a90",
	"5d2bc261-464e-4c96-88a1-0dcf2267fd8b",
	"c87b2dab-d00f-4d32-a5d3-d1e5b01c9cb3",
	"00000000-0000-0000-0000-000000000000",
	'');
INSERT INTO SM_SEME
	VALUES ("16b76ff7-c8d4-4f88-81c4-f6f0a7d93a90",
	"5d2bc261-464e-4c96-88a1-0dcf2267fd8b",
	"c87b2dab-d00f-4d32-a5d3-d1e5b01c9cb3",
	"00000000-0000-0000-0000-000000000000");
INSERT INTO SM_CH
	VALUES ("16b76ff7-c8d4-4f88-81c4-f6f0a7d93a90",
	"42a35ac4-7d83-4153-8c24-cc4699f29672",
	"c87b2dab-d00f-4d32-a5d3-d1e5b01c9cb3",
	"00000000-0000-0000-0000-000000000000",
	'');
INSERT INTO SM_SEME
	VALUES ("16b76ff7-c8d4-4f88-81c4-f6f0a7d93a90",
	"42a35ac4-7d83-4153-8c24-cc4699f29672",
	"c87b2dab-d00f-4d32-a5d3-d1e5b01c9cb3",
	"00000000-0000-0000-0000-000000000000");
INSERT INTO SM_MOAH
	VALUES ("caa79a10-5883-4625-ae61-2d96cda1fdae",
	"c87b2dab-d00f-4d32-a5d3-d1e5b01c9cb3",
	"16b76ff7-c8d4-4f88-81c4-f6f0a7d93a90");
INSERT INTO SM_AH
	VALUES ("caa79a10-5883-4625-ae61-2d96cda1fdae",
	"c87b2dab-d00f-4d32-a5d3-d1e5b01c9cb3");
INSERT INTO SM_ACT
	VALUES ("caa79a10-5883-4625-ae61-2d96cda1fdae",
	"c87b2dab-d00f-4d32-a5d3-d1e5b01c9cb3",
	1,
	'',
	'');
INSERT INTO ACT_SAB
	VALUES ("2f427257-33fb-4170-8a97-922412bc06bc",
	"c87b2dab-d00f-4d32-a5d3-d1e5b01c9cb3",
	"caa79a10-5883-4625-ae61-2d96cda1fdae");
INSERT INTO ACT_ACT
	VALUES ("2f427257-33fb-4170-8a97-922412bc06bc",
	'state',
	0,
	"d5dc64ff-4984-4c62-837b-fc55f990ea5b",
	"00000000-0000-0000-0000-000000000000",
	0,
	'BookingSession::paymentSuggested',
	"00000000-0000-0000-0000-000000000000");
INSERT INTO ACT_BLK
	VALUES ("d5dc64ff-4984-4c62-837b-fc55f990ea5b",
	0,
	0,
	0,
	'',
	'',
	'',
	0,
	0,
	0,
	0,
	0,
	0,
	0,
	0,
	0,
	0,
	0,
	0,
	0,
	"2f427257-33fb-4170-8a97-922412bc06bc",
	"00000000-0000-0000-0000-000000000000");
INSERT INTO SM_STATE
	VALUES ("72fee477-0c93-4c4b-a7f5-91fc26b56a7c",
	"c87b2dab-d00f-4d32-a5d3-d1e5b01c9cb3",
	"00000000-0000-0000-0000-000000000000",
	'confirmation',
	8,
	0);
INSERT INTO SM_CH
	VALUES ("72fee477-0c93-4c4b-a7f5-91fc26b56a7c",
	"463dc70c-f7bb-484c-8def-bd2056914139",
	"c87b2dab-d00f-4d32-a5d3-d1e5b01c9cb3",
	"00000000-0000-0000-0000-000000000000",
	'');
INSERT INTO SM_SEME
	VALUES ("72fee477-0c93-4c4b-a7f5-91fc26b56a7c",
	"463dc70c-f7bb-484c-8def-bd2056914139",
	"c87b2dab-d00f-4d32-a5d3-d1e5b01c9cb3",
	"00000000-0000-0000-0000-000000000000");
INSERT INTO SM_CH
	VALUES ("72fee477-0c93-4c4b-a7f5-91fc26b56a7c",
	"2113072c-9fe7-4d67-8795-583d185185c1",
	"c87b2dab-d00f-4d32-a5d3-d1e5b01c9cb3",
	"00000000-0000-0000-0000-000000000000",
	'');
INSERT INTO SM_SEME
	VALUES ("72fee477-0c93-4c4b-a7f5-91fc26b56a7c",
	"2113072c-9fe7-4d67-8795-583d185185c1",
	"c87b2dab-d00f-4d32-a5d3-d1e5b01c9cb3",
	"00000000-0000-0000-0000-000000000000");
INSERT INTO SM_CH
	VALUES ("72fee477-0c93-4c4b-a7f5-91fc26b56a7c",
	"0e59bc59-c4a8-49b6-b5c2-bd2e2de4f771",
	"c87b2dab-d00f-4d32-a5d3-d1e5b01c9cb3",
	"00000000-0000-0000-0000-000000000000",
	'');
INSERT INTO SM_SEME
	VALUES ("72fee477-0c93-4c4b-a7f5-91fc26b56a7c",
	"0e59bc59-c4a8-49b6-b5c2-bd2e2de4f771",
	"c87b2dab-d00f-4d32-a5d3-d1e5b01c9cb3",
	"00000000-0000-0000-0000-000000000000");
INSERT INTO SM_SEME
	VALUES ("72fee477-0c93-4c4b-a7f5-91fc26b56a7c",
	"9a883f49-b118-47b2-880c-373bfecf9218",
	"c87b2dab-d00f-4d32-a5d3-d1e5b01c9cb3",
	"00000000-0000-0000-0000-000000000000");
INSERT INTO SM_CH
	VALUES ("72fee477-0c93-4c4b-a7f5-91fc26b56a7c",
	"153a511b-c927-49fe-95d5-db518898883d",
	"c87b2dab-d00f-4d32-a5d3-d1e5b01c9cb3",
	"00000000-0000-0000-0000-000000000000",
	'');
INSERT INTO SM_SEME
	VALUES ("72fee477-0c93-4c4b-a7f5-91fc26b56a7c",
	"153a511b-c927-49fe-95d5-db518898883d",
	"c87b2dab-d00f-4d32-a5d3-d1e5b01c9cb3",
	"00000000-0000-0000-0000-000000000000");
INSERT INTO SM_CH
	VALUES ("72fee477-0c93-4c4b-a7f5-91fc26b56a7c",
	"459dadf1-a920-477f-b495-f73fd93f16e7",
	"c87b2dab-d00f-4d32-a5d3-d1e5b01c9cb3",
	"00000000-0000-0000-0000-000000000000",
	'');
INSERT INTO SM_SEME
	VALUES ("72fee477-0c93-4c4b-a7f5-91fc26b56a7c",
	"459dadf1-a920-477f-b495-f73fd93f16e7",
	"c87b2dab-d00f-4d32-a5d3-d1e5b01c9cb3",
	"00000000-0000-0000-0000-000000000000");
INSERT INTO SM_CH
	VALUES ("72fee477-0c93-4c4b-a7f5-91fc26b56a7c",
	"2abc1152-f6f1-440f-8291-2896e45ba380",
	"c87b2dab-d00f-4d32-a5d3-d1e5b01c9cb3",
	"00000000-0000-0000-0000-000000000000",
	'');
INSERT INTO SM_SEME
	VALUES ("72fee477-0c93-4c4b-a7f5-91fc26b56a7c",
	"2abc1152-f6f1-440f-8291-2896e45ba380",
	"c87b2dab-d00f-4d32-a5d3-d1e5b01c9cb3",
	"00000000-0000-0000-0000-000000000000");
INSERT INTO SM_SEME
	VALUES ("72fee477-0c93-4c4b-a7f5-91fc26b56a7c",
	"5d2bc261-464e-4c96-88a1-0dcf2267fd8b",
	"c87b2dab-d00f-4d32-a5d3-d1e5b01c9cb3",
	"00000000-0000-0000-0000-000000000000");
INSERT INTO SM_CH
	VALUES ("72fee477-0c93-4c4b-a7f5-91fc26b56a7c",
	"42a35ac4-7d83-4153-8c24-cc4699f29672",
	"c87b2dab-d00f-4d32-a5d3-d1e5b01c9cb3",
	"00000000-0000-0000-0000-000000000000",
	'');
INSERT INTO SM_SEME
	VALUES ("72fee477-0c93-4c4b-a7f5-91fc26b56a7c",
	"42a35ac4-7d83-4153-8c24-cc4699f29672",
	"c87b2dab-d00f-4d32-a5d3-d1e5b01c9cb3",
	"00000000-0000-0000-0000-000000000000");
INSERT INTO SM_MOAH
	VALUES ("453741f6-be0b-4208-a469-2f4c6fe47c87",
	"c87b2dab-d00f-4d32-a5d3-d1e5b01c9cb3",
	"72fee477-0c93-4c4b-a7f5-91fc26b56a7c");
INSERT INTO SM_AH
	VALUES ("453741f6-be0b-4208-a469-2f4c6fe47c87",
	"c87b2dab-d00f-4d32-a5d3-d1e5b01c9cb3");
INSERT INTO SM_ACT
	VALUES ("453741f6-be0b-4208-a469-2f4c6fe47c87",
	"c87b2dab-d00f-4d32-a5d3-d1e5b01c9cb3",
	1,
	'',
	'');
INSERT INTO ACT_SAB
	VALUES ("62d3a635-c8d0-48dd-a339-968e2deb8b7e",
	"c87b2dab-d00f-4d32-a5d3-d1e5b01c9cb3",
	"453741f6-be0b-4208-a469-2f4c6fe47c87");
INSERT INTO ACT_ACT
	VALUES ("62d3a635-c8d0-48dd-a339-968e2deb8b7e",
	'state',
	0,
	"5fd58b8d-00d1-4317-aaa0-9db5f89669ef",
	"00000000-0000-0000-0000-000000000000",
	0,
	'BookingSession::confirmation',
	"00000000-0000-0000-0000-000000000000");
INSERT INTO ACT_BLK
	VALUES ("5fd58b8d-00d1-4317-aaa0-9db5f89669ef",
	0,
	0,
	0,
	'',
	'',
	'',
	0,
	0,
	0,
	0,
	0,
	0,
	0,
	0,
	0,
	0,
	0,
	0,
	0,
	"62d3a635-c8d0-48dd-a339-968e2deb8b7e",
	"00000000-0000-0000-0000-000000000000");
INSERT INTO SM_STATE
	VALUES ("c19dec2f-8b92-4dea-8ea8-e41ae60a6aa4",
	"c87b2dab-d00f-4d32-a5d3-d1e5b01c9cb3",
	"00000000-0000-0000-0000-000000000000",
	'accepted',
	9,
	0);
INSERT INTO SM_CH
	VALUES ("c19dec2f-8b92-4dea-8ea8-e41ae60a6aa4",
	"463dc70c-f7bb-484c-8def-bd2056914139",
	"c87b2dab-d00f-4d32-a5d3-d1e5b01c9cb3",
	"00000000-0000-0000-0000-000000000000",
	'');
INSERT INTO SM_SEME
	VALUES ("c19dec2f-8b92-4dea-8ea8-e41ae60a6aa4",
	"463dc70c-f7bb-484c-8def-bd2056914139",
	"c87b2dab-d00f-4d32-a5d3-d1e5b01c9cb3",
	"00000000-0000-0000-0000-000000000000");
INSERT INTO SM_CH
	VALUES ("c19dec2f-8b92-4dea-8ea8-e41ae60a6aa4",
	"2113072c-9fe7-4d67-8795-583d185185c1",
	"c87b2dab-d00f-4d32-a5d3-d1e5b01c9cb3",
	"00000000-0000-0000-0000-000000000000",
	'');
INSERT INTO SM_SEME
	VALUES ("c19dec2f-8b92-4dea-8ea8-e41ae60a6aa4",
	"2113072c-9fe7-4d67-8795-583d185185c1",
	"c87b2dab-d00f-4d32-a5d3-d1e5b01c9cb3",
	"00000000-0000-0000-0000-000000000000");
INSERT INTO SM_CH
	VALUES ("c19dec2f-8b92-4dea-8ea8-e41ae60a6aa4",
	"0e59bc59-c4a8-49b6-b5c2-bd2e2de4f771",
	"c87b2dab-d00f-4d32-a5d3-d1e5b01c9cb3",
	"00000000-0000-0000-0000-000000000000",
	'');
INSERT INTO SM_SEME
	VALUES ("c19dec2f-8b92-4dea-8ea8-e41ae60a6aa4",
	"0e59bc59-c4a8-49b6-b5c2-bd2e2de4f771",
	"c87b2dab-d00f-4d32-a5d3-d1e5b01c9cb3",
	"00000000-0000-0000-0000-000000000000");
INSERT INTO SM_CH
	VALUES ("c19dec2f-8b92-4dea-8ea8-e41ae60a6aa4",
	"9a883f49-b118-47b2-880c-373bfecf9218",
	"c87b2dab-d00f-4d32-a5d3-d1e5b01c9cb3",
	"00000000-0000-0000-0000-000000000000",
	'');
INSERT INTO SM_SEME
	VALUES ("c19dec2f-8b92-4dea-8ea8-e41ae60a6aa4",
	"9a883f49-b118-47b2-880c-373bfecf9218",
	"c87b2dab-d00f-4d32-a5d3-d1e5b01c9cb3",
	"00000000-0000-0000-0000-000000000000");
INSERT INTO SM_CH
	VALUES ("c19dec2f-8b92-4dea-8ea8-e41ae60a6aa4",
	"153a511b-c927-49fe-95d5-db518898883d",
	"c87b2dab-d00f-4d32-a5d3-d1e5b01c9cb3",
	"00000000-0000-0000-0000-000000000000",
	'');
INSERT INTO SM_SEME
	VALUES ("c19dec2f-8b92-4dea-8ea8-e41ae60a6aa4",
	"153a511b-c927-49fe-95d5-db518898883d",
	"c87b2dab-d00f-4d32-a5d3-d1e5b01c9cb3",
	"00000000-0000-0000-0000-000000000000");
INSERT INTO SM_CH
	VALUES ("c19dec2f-8b92-4dea-8ea8-e41ae60a6aa4",
	"459dadf1-a920-477f-b495-f73fd93f16e7",
	"c87b2dab-d00f-4d32-a5d3-d1e5b01c9cb3",
	"00000000-0000-0000-0000-000000000000",
	'');
INSERT INTO SM_SEME
	VALUES ("c19dec2f-8b92-4dea-8ea8-e41ae60a6aa4",
	"459dadf1-a920-477f-b495-f73fd93f16e7",
	"c87b2dab-d00f-4d32-a5d3-d1e5b01c9cb3",
	"00000000-0000-0000-0000-000000000000");
INSERT INTO SM_CH
	VALUES ("c19dec2f-8b92-4dea-8ea8-e41ae60a6aa4",
	"2abc1152-f6f1-440f-8291-2896e45ba380",
	"c87b2dab-d00f-4d32-a5d3-d1e5b01c9cb3",
	"00000000-0000-0000-0000-000000000000",
	'');
INSERT INTO SM_SEME
	VALUES ("c19dec2f-8b92-4dea-8ea8-e41ae60a6aa4",
	"2abc1152-f6f1-440f-8291-2896e45ba380",
	"c87b2dab-d00f-4d32-a5d3-d1e5b01c9cb3",
	"00000000-0000-0000-0000-000000000000");
INSERT INTO SM_CH
	VALUES ("c19dec2f-8b92-4dea-8ea8-e41ae60a6aa4",
	"5d2bc261-464e-4c96-88a1-0dcf2267fd8b",
	"c87b2dab-d00f-4d32-a5d3-d1e5b01c9cb3",
	"00000000-0000-0000-0000-000000000000",
	'');
INSERT INTO SM_SEME
	VALUES ("c19dec2f-8b92-4dea-8ea8-e41ae60a6aa4",
	"5d2bc261-464e-4c96-88a1-0dcf2267fd8b",
	"c87b2dab-d00f-4d32-a5d3-d1e5b01c9cb3",
	"00000000-0000-0000-0000-000000000000");
INSERT INTO SM_CH
	VALUES ("c19dec2f-8b92-4dea-8ea8-e41ae60a6aa4",
	"42a35ac4-7d83-4153-8c24-cc4699f29672",
	"c87b2dab-d00f-4d32-a5d3-d1e5b01c9cb3",
	"00000000-0000-0000-0000-000000000000",
	'');
INSERT INTO SM_SEME
	VALUES ("c19dec2f-8b92-4dea-8ea8-e41ae60a6aa4",
	"42a35ac4-7d83-4153-8c24-cc4699f29672",
	"c87b2dab-d00f-4d32-a5d3-d1e5b01c9cb3",
	"00000000-0000-0000-0000-000000000000");
INSERT INTO SM_MOAH
	VALUES ("9da23d14-d5bf-469e-943e-4c64857d6295",
	"c87b2dab-d00f-4d32-a5d3-d1e5b01c9cb3",
	"c19dec2f-8b92-4dea-8ea8-e41ae60a6aa4");
INSERT INTO SM_AH
	VALUES ("9da23d14-d5bf-469e-943e-4c64857d6295",
	"c87b2dab-d00f-4d32-a5d3-d1e5b01c9cb3");
INSERT INTO SM_ACT
	VALUES ("9da23d14-d5bf-469e-943e-4c64857d6295",
	"c87b2dab-d00f-4d32-a5d3-d1e5b01c9cb3",
	1,
	'',
	'');
INSERT INTO ACT_SAB
	VALUES ("26af656d-f2af-428f-ace9-57bd6e7aacbe",
	"c87b2dab-d00f-4d32-a5d3-d1e5b01c9cb3",
	"9da23d14-d5bf-469e-943e-4c64857d6295");
INSERT INTO ACT_ACT
	VALUES ("26af656d-f2af-428f-ace9-57bd6e7aacbe",
	'state',
	0,
	"52317ff7-c69f-4f02-a399-7d03da7a0cba",
	"00000000-0000-0000-0000-000000000000",
	0,
	'BookingSession::accepted',
	"00000000-0000-0000-0000-000000000000");
INSERT INTO ACT_BLK
	VALUES ("52317ff7-c69f-4f02-a399-7d03da7a0cba",
	0,
	0,
	0,
	'',
	'',
	'',
	0,
	0,
	0,
	0,
	0,
	0,
	0,
	0,
	0,
	0,
	0,
	0,
	0,
	"26af656d-f2af-428f-ace9-57bd6e7aacbe",
	"00000000-0000-0000-0000-000000000000");
INSERT INTO SM_STATE
	VALUES ("4aecb993-a30f-4e82-ae57-ca7b870f160e",
	"c87b2dab-d00f-4d32-a5d3-d1e5b01c9cb3",
	"00000000-0000-0000-0000-000000000000",
	'aborted',
	10,
	0);
INSERT INTO SM_CH
	VALUES ("4aecb993-a30f-4e82-ae57-ca7b870f160e",
	"463dc70c-f7bb-484c-8def-bd2056914139",
	"c87b2dab-d00f-4d32-a5d3-d1e5b01c9cb3",
	"00000000-0000-0000-0000-000000000000",
	'');
INSERT INTO SM_SEME
	VALUES ("4aecb993-a30f-4e82-ae57-ca7b870f160e",
	"463dc70c-f7bb-484c-8def-bd2056914139",
	"c87b2dab-d00f-4d32-a5d3-d1e5b01c9cb3",
	"00000000-0000-0000-0000-000000000000");
INSERT INTO SM_CH
	VALUES ("4aecb993-a30f-4e82-ae57-ca7b870f160e",
	"2113072c-9fe7-4d67-8795-583d185185c1",
	"c87b2dab-d00f-4d32-a5d3-d1e5b01c9cb3",
	"00000000-0000-0000-0000-000000000000",
	'');
INSERT INTO SM_SEME
	VALUES ("4aecb993-a30f-4e82-ae57-ca7b870f160e",
	"2113072c-9fe7-4d67-8795-583d185185c1",
	"c87b2dab-d00f-4d32-a5d3-d1e5b01c9cb3",
	"00000000-0000-0000-0000-000000000000");
INSERT INTO SM_CH
	VALUES ("4aecb993-a30f-4e82-ae57-ca7b870f160e",
	"0e59bc59-c4a8-49b6-b5c2-bd2e2de4f771",
	"c87b2dab-d00f-4d32-a5d3-d1e5b01c9cb3",
	"00000000-0000-0000-0000-000000000000",
	'');
INSERT INTO SM_SEME
	VALUES ("4aecb993-a30f-4e82-ae57-ca7b870f160e",
	"0e59bc59-c4a8-49b6-b5c2-bd2e2de4f771",
	"c87b2dab-d00f-4d32-a5d3-d1e5b01c9cb3",
	"00000000-0000-0000-0000-000000000000");
INSERT INTO SM_CH
	VALUES ("4aecb993-a30f-4e82-ae57-ca7b870f160e",
	"9a883f49-b118-47b2-880c-373bfecf9218",
	"c87b2dab-d00f-4d32-a5d3-d1e5b01c9cb3",
	"00000000-0000-0000-0000-000000000000",
	'');
INSERT INTO SM_SEME
	VALUES ("4aecb993-a30f-4e82-ae57-ca7b870f160e",
	"9a883f49-b118-47b2-880c-373bfecf9218",
	"c87b2dab-d00f-4d32-a5d3-d1e5b01c9cb3",
	"00000000-0000-0000-0000-000000000000");
INSERT INTO SM_CH
	VALUES ("4aecb993-a30f-4e82-ae57-ca7b870f160e",
	"153a511b-c927-49fe-95d5-db518898883d",
	"c87b2dab-d00f-4d32-a5d3-d1e5b01c9cb3",
	"00000000-0000-0000-0000-000000000000",
	'');
INSERT INTO SM_SEME
	VALUES ("4aecb993-a30f-4e82-ae57-ca7b870f160e",
	"153a511b-c927-49fe-95d5-db518898883d",
	"c87b2dab-d00f-4d32-a5d3-d1e5b01c9cb3",
	"00000000-0000-0000-0000-000000000000");
INSERT INTO SM_CH
	VALUES ("4aecb993-a30f-4e82-ae57-ca7b870f160e",
	"459dadf1-a920-477f-b495-f73fd93f16e7",
	"c87b2dab-d00f-4d32-a5d3-d1e5b01c9cb3",
	"00000000-0000-0000-0000-000000000000",
	'');
INSERT INTO SM_SEME
	VALUES ("4aecb993-a30f-4e82-ae57-ca7b870f160e",
	"459dadf1-a920-477f-b495-f73fd93f16e7",
	"c87b2dab-d00f-4d32-a5d3-d1e5b01c9cb3",
	"00000000-0000-0000-0000-000000000000");
INSERT INTO SM_CH
	VALUES ("4aecb993-a30f-4e82-ae57-ca7b870f160e",
	"2abc1152-f6f1-440f-8291-2896e45ba380",
	"c87b2dab-d00f-4d32-a5d3-d1e5b01c9cb3",
	"00000000-0000-0000-0000-000000000000",
	'');
INSERT INTO SM_SEME
	VALUES ("4aecb993-a30f-4e82-ae57-ca7b870f160e",
	"2abc1152-f6f1-440f-8291-2896e45ba380",
	"c87b2dab-d00f-4d32-a5d3-d1e5b01c9cb3",
	"00000000-0000-0000-0000-000000000000");
INSERT INTO SM_CH
	VALUES ("4aecb993-a30f-4e82-ae57-ca7b870f160e",
	"5d2bc261-464e-4c96-88a1-0dcf2267fd8b",
	"c87b2dab-d00f-4d32-a5d3-d1e5b01c9cb3",
	"00000000-0000-0000-0000-000000000000",
	'');
INSERT INTO SM_SEME
	VALUES ("4aecb993-a30f-4e82-ae57-ca7b870f160e",
	"5d2bc261-464e-4c96-88a1-0dcf2267fd8b",
	"c87b2dab-d00f-4d32-a5d3-d1e5b01c9cb3",
	"00000000-0000-0000-0000-000000000000");
INSERT INTO SM_CH
	VALUES ("4aecb993-a30f-4e82-ae57-ca7b870f160e",
	"42a35ac4-7d83-4153-8c24-cc4699f29672",
	"c87b2dab-d00f-4d32-a5d3-d1e5b01c9cb3",
	"00000000-0000-0000-0000-000000000000",
	'');
INSERT INTO SM_SEME
	VALUES ("4aecb993-a30f-4e82-ae57-ca7b870f160e",
	"42a35ac4-7d83-4153-8c24-cc4699f29672",
	"c87b2dab-d00f-4d32-a5d3-d1e5b01c9cb3",
	"00000000-0000-0000-0000-000000000000");
INSERT INTO SM_MOAH
	VALUES ("d79ba01f-2e1e-40c4-bf30-bf8ccd739bb5",
	"c87b2dab-d00f-4d32-a5d3-d1e5b01c9cb3",
	"4aecb993-a30f-4e82-ae57-ca7b870f160e");
INSERT INTO SM_AH
	VALUES ("d79ba01f-2e1e-40c4-bf30-bf8ccd739bb5",
	"c87b2dab-d00f-4d32-a5d3-d1e5b01c9cb3");
INSERT INTO SM_ACT
	VALUES ("d79ba01f-2e1e-40c4-bf30-bf8ccd739bb5",
	"c87b2dab-d00f-4d32-a5d3-d1e5b01c9cb3",
	1,
	'',
	'');
INSERT INTO ACT_SAB
	VALUES ("783a1505-d163-4759-a3fb-fc06de72cc40",
	"c87b2dab-d00f-4d32-a5d3-d1e5b01c9cb3",
	"d79ba01f-2e1e-40c4-bf30-bf8ccd739bb5");
INSERT INTO ACT_ACT
	VALUES ("783a1505-d163-4759-a3fb-fc06de72cc40",
	'state',
	0,
	"d14bcd2c-d12a-421a-876b-cc64329c3972",
	"00000000-0000-0000-0000-000000000000",
	0,
	'BookingSession::aborted',
	"00000000-0000-0000-0000-000000000000");
INSERT INTO ACT_BLK
	VALUES ("d14bcd2c-d12a-421a-876b-cc64329c3972",
	0,
	0,
	0,
	'',
	'',
	'',
	0,
	0,
	0,
	0,
	0,
	0,
	0,
	0,
	0,
	0,
	0,
	0,
	0,
	"783a1505-d163-4759-a3fb-fc06de72cc40",
	"00000000-0000-0000-0000-000000000000");
INSERT INTO SM_STATE
	VALUES ("82c06f18-ae14-4d95-9351-b2eea2fa5c2b",
	"c87b2dab-d00f-4d32-a5d3-d1e5b01c9cb3",
	"00000000-0000-0000-0000-000000000000",
	'searched',
	11,
	0);
INSERT INTO SM_SEME
	VALUES ("82c06f18-ae14-4d95-9351-b2eea2fa5c2b",
	"463dc70c-f7bb-484c-8def-bd2056914139",
	"c87b2dab-d00f-4d32-a5d3-d1e5b01c9cb3",
	"00000000-0000-0000-0000-000000000000");
INSERT INTO SM_CH
	VALUES ("82c06f18-ae14-4d95-9351-b2eea2fa5c2b",
	"2113072c-9fe7-4d67-8795-583d185185c1",
	"c87b2dab-d00f-4d32-a5d3-d1e5b01c9cb3",
	"00000000-0000-0000-0000-000000000000",
	'');
INSERT INTO SM_SEME
	VALUES ("82c06f18-ae14-4d95-9351-b2eea2fa5c2b",
	"2113072c-9fe7-4d67-8795-583d185185c1",
	"c87b2dab-d00f-4d32-a5d3-d1e5b01c9cb3",
	"00000000-0000-0000-0000-000000000000");
INSERT INTO SM_CH
	VALUES ("82c06f18-ae14-4d95-9351-b2eea2fa5c2b",
	"0e59bc59-c4a8-49b6-b5c2-bd2e2de4f771",
	"c87b2dab-d00f-4d32-a5d3-d1e5b01c9cb3",
	"00000000-0000-0000-0000-000000000000",
	'');
INSERT INTO SM_SEME
	VALUES ("82c06f18-ae14-4d95-9351-b2eea2fa5c2b",
	"0e59bc59-c4a8-49b6-b5c2-bd2e2de4f771",
	"c87b2dab-d00f-4d32-a5d3-d1e5b01c9cb3",
	"00000000-0000-0000-0000-000000000000");
INSERT INTO SM_CH
	VALUES ("82c06f18-ae14-4d95-9351-b2eea2fa5c2b",
	"9a883f49-b118-47b2-880c-373bfecf9218",
	"c87b2dab-d00f-4d32-a5d3-d1e5b01c9cb3",
	"00000000-0000-0000-0000-000000000000",
	'');
INSERT INTO SM_SEME
	VALUES ("82c06f18-ae14-4d95-9351-b2eea2fa5c2b",
	"9a883f49-b118-47b2-880c-373bfecf9218",
	"c87b2dab-d00f-4d32-a5d3-d1e5b01c9cb3",
	"00000000-0000-0000-0000-000000000000");
INSERT INTO SM_CH
	VALUES ("82c06f18-ae14-4d95-9351-b2eea2fa5c2b",
	"153a511b-c927-49fe-95d5-db518898883d",
	"c87b2dab-d00f-4d32-a5d3-d1e5b01c9cb3",
	"00000000-0000-0000-0000-000000000000",
	'');
INSERT INTO SM_SEME
	VALUES ("82c06f18-ae14-4d95-9351-b2eea2fa5c2b",
	"153a511b-c927-49fe-95d5-db518898883d",
	"c87b2dab-d00f-4d32-a5d3-d1e5b01c9cb3",
	"00000000-0000-0000-0000-000000000000");
INSERT INTO SM_CH
	VALUES ("82c06f18-ae14-4d95-9351-b2eea2fa5c2b",
	"459dadf1-a920-477f-b495-f73fd93f16e7",
	"c87b2dab-d00f-4d32-a5d3-d1e5b01c9cb3",
	"00000000-0000-0000-0000-000000000000",
	'');
INSERT INTO SM_SEME
	VALUES ("82c06f18-ae14-4d95-9351-b2eea2fa5c2b",
	"459dadf1-a920-477f-b495-f73fd93f16e7",
	"c87b2dab-d00f-4d32-a5d3-d1e5b01c9cb3",
	"00000000-0000-0000-0000-000000000000");
INSERT INTO SM_CH
	VALUES ("82c06f18-ae14-4d95-9351-b2eea2fa5c2b",
	"2abc1152-f6f1-440f-8291-2896e45ba380",
	"c87b2dab-d00f-4d32-a5d3-d1e5b01c9cb3",
	"00000000-0000-0000-0000-000000000000",
	'');
INSERT INTO SM_SEME
	VALUES ("82c06f18-ae14-4d95-9351-b2eea2fa5c2b",
	"2abc1152-f6f1-440f-8291-2896e45ba380",
	"c87b2dab-d00f-4d32-a5d3-d1e5b01c9cb3",
	"00000000-0000-0000-0000-000000000000");
INSERT INTO SM_CH
	VALUES ("82c06f18-ae14-4d95-9351-b2eea2fa5c2b",
	"5d2bc261-464e-4c96-88a1-0dcf2267fd8b",
	"c87b2dab-d00f-4d32-a5d3-d1e5b01c9cb3",
	"00000000-0000-0000-0000-000000000000",
	'');
INSERT INTO SM_SEME
	VALUES ("82c06f18-ae14-4d95-9351-b2eea2fa5c2b",
	"5d2bc261-464e-4c96-88a1-0dcf2267fd8b",
	"c87b2dab-d00f-4d32-a5d3-d1e5b01c9cb3",
	"00000000-0000-0000-0000-000000000000");
INSERT INTO SM_SEME
	VALUES ("82c06f18-ae14-4d95-9351-b2eea2fa5c2b",
	"42a35ac4-7d83-4153-8c24-cc4699f29672",
	"c87b2dab-d00f-4d32-a5d3-d1e5b01c9cb3",
	"00000000-0000-0000-0000-000000000000");
INSERT INTO SM_MOAH
	VALUES ("722f9888-a7b0-46e6-a540-ffd88ecf6551",
	"c87b2dab-d00f-4d32-a5d3-d1e5b01c9cb3",
	"82c06f18-ae14-4d95-9351-b2eea2fa5c2b");
INSERT INTO SM_AH
	VALUES ("722f9888-a7b0-46e6-a540-ffd88ecf6551",
	"c87b2dab-d00f-4d32-a5d3-d1e5b01c9cb3");
INSERT INTO SM_ACT
	VALUES ("722f9888-a7b0-46e6-a540-ffd88ecf6551",
	"c87b2dab-d00f-4d32-a5d3-d1e5b01c9cb3",
	1,
	'',
	'');
INSERT INTO ACT_SAB
	VALUES ("aa96630b-1761-4771-a562-21b8da8e835e",
	"c87b2dab-d00f-4d32-a5d3-d1e5b01c9cb3",
	"722f9888-a7b0-46e6-a540-ffd88ecf6551");
INSERT INTO ACT_ACT
	VALUES ("aa96630b-1761-4771-a562-21b8da8e835e",
	'state',
	0,
	"79bd30c7-ca71-4a97-b2e1-ee8956ddb41a",
	"00000000-0000-0000-0000-000000000000",
	0,
	'BookingSession::searched',
	"00000000-0000-0000-0000-000000000000");
INSERT INTO ACT_BLK
	VALUES ("79bd30c7-ca71-4a97-b2e1-ee8956ddb41a",
	0,
	0,
	0,
	'',
	'',
	'',
	0,
	0,
	0,
	0,
	0,
	0,
	0,
	0,
	0,
	0,
	0,
	0,
	0,
	"aa96630b-1761-4771-a562-21b8da8e835e",
	"00000000-0000-0000-0000-000000000000");
INSERT INTO SM_CRTXN
	VALUES ("9fee36df-cfe0-4663-93c6-14edffbbab94",
	"c87b2dab-d00f-4d32-a5d3-d1e5b01c9cb3",
	"00000000-0000-0000-0000-000000000000",
	"00000000-0000-0000-0000-000000000000");
INSERT INTO SM_TAH
	VALUES ("f83245d0-2eff-40c0-af32-4ff256b63f63",
	"c87b2dab-d00f-4d32-a5d3-d1e5b01c9cb3",
	"9fee36df-cfe0-4663-93c6-14edffbbab94");
INSERT INTO SM_AH
	VALUES ("f83245d0-2eff-40c0-af32-4ff256b63f63",
	"c87b2dab-d00f-4d32-a5d3-d1e5b01c9cb3");
INSERT INTO SM_ACT
	VALUES ("f83245d0-2eff-40c0-af32-4ff256b63f63",
	"c87b2dab-d00f-4d32-a5d3-d1e5b01c9cb3",
	1,
	'',
	'');
INSERT INTO ACT_TAB
	VALUES ("d776c281-b12a-487b-8213-93e90493861c",
	"c87b2dab-d00f-4d32-a5d3-d1e5b01c9cb3",
	"f83245d0-2eff-40c0-af32-4ff256b63f63");
INSERT INTO ACT_ACT
	VALUES ("d776c281-b12a-487b-8213-93e90493861c",
	'transition',
	0,
	"0ec190c1-e80f-4a21-8bdd-3900a104c25d",
	"00000000-0000-0000-0000-000000000000",
	0,
	'No Event Assigned',
	"00000000-0000-0000-0000-000000000000");
INSERT INTO ACT_BLK
	VALUES ("0ec190c1-e80f-4a21-8bdd-3900a104c25d",
	0,
	0,
	0,
	'',
	'',
	'',
	0,
	0,
	0,
	0,
	0,
	0,
	0,
	0,
	0,
	0,
	0,
	0,
	0,
	"d776c281-b12a-487b-8213-93e90493861c",
	"00000000-0000-0000-0000-000000000000");
INSERT INTO SM_TXN
	VALUES ("9fee36df-cfe0-4663-93c6-14edffbbab94",
	"c87b2dab-d00f-4d32-a5d3-d1e5b01c9cb3",
	"abba5c5c-cc80-413e-acaf-3b88d5e3c3c6",
	"00000000-0000-0000-0000-000000000000");
INSERT INTO SM_NSTXN
	VALUES ("d07c231f-e5cc-4d3e-95ac-da89a9677513",
	"c87b2dab-d00f-4d32-a5d3-d1e5b01c9cb3",
	"ec664e05-8719-4277-966f-43d8cf4e3176",
	"2113072c-9fe7-4d67-8795-583d185185c1",
	"00000000-0000-0000-0000-000000000000");
INSERT INTO SM_TAH
	VALUES ("5e4b5bf6-1f5a-4101-b8d9-776c13135615",
	"c87b2dab-d00f-4d32-a5d3-d1e5b01c9cb3",
	"d07c231f-e5cc-4d3e-95ac-da89a9677513");
INSERT INTO SM_AH
	VALUES ("5e4b5bf6-1f5a-4101-b8d9-776c13135615",
	"c87b2dab-d00f-4d32-a5d3-d1e5b01c9cb3");
INSERT INTO SM_ACT
	VALUES ("5e4b5bf6-1f5a-4101-b8d9-776c13135615",
	"c87b2dab-d00f-4d32-a5d3-d1e5b01c9cb3",
	1,
	'',
	'');
INSERT INTO ACT_TAB
	VALUES ("29d80d98-9da7-4617-b0ed-59e1f82e20f4",
	"c87b2dab-d00f-4d32-a5d3-d1e5b01c9cb3",
	"5e4b5bf6-1f5a-4101-b8d9-776c13135615");
INSERT INTO ACT_ACT
	VALUES ("29d80d98-9da7-4617-b0ed-59e1f82e20f4",
	'transition',
	0,
	"f56172bd-f86d-4ec4-8631-0c7bb84e6eeb",
	"00000000-0000-0000-0000-000000000000",
	0,
	'BOOKINGSESSION2: addGuestEvent',
	"00000000-0000-0000-0000-000000000000");
INSERT INTO ACT_BLK
	VALUES ("f56172bd-f86d-4ec4-8631-0c7bb84e6eeb",
	0,
	0,
	0,
	'',
	'',
	'',
	0,
	0,
	0,
	0,
	0,
	0,
	0,
	0,
	0,
	0,
	0,
	0,
	0,
	"29d80d98-9da7-4617-b0ed-59e1f82e20f4",
	"00000000-0000-0000-0000-000000000000");
INSERT INTO SM_TXN
	VALUES ("d07c231f-e5cc-4d3e-95ac-da89a9677513",
	"c87b2dab-d00f-4d32-a5d3-d1e5b01c9cb3",
	"0a2fd1bd-2d48-4562-b322-ca038ace3cef",
	"00000000-0000-0000-0000-000000000000");
INSERT INTO SM_NSTXN
	VALUES ("d061b9c4-6276-4144-ac29-8c55ad2337cf",
	"c87b2dab-d00f-4d32-a5d3-d1e5b01c9cb3",
	"0a2fd1bd-2d48-4562-b322-ca038ace3cef",
	"0e59bc59-c4a8-49b6-b5c2-bd2e2de4f771",
	"00000000-0000-0000-0000-000000000000");
INSERT INTO SM_TAH
	VALUES ("954b2c9c-7f5c-4a11-acab-3151c21f2e51",
	"c87b2dab-d00f-4d32-a5d3-d1e5b01c9cb3",
	"d061b9c4-6276-4144-ac29-8c55ad2337cf");
INSERT INTO SM_AH
	VALUES ("954b2c9c-7f5c-4a11-acab-3151c21f2e51",
	"c87b2dab-d00f-4d32-a5d3-d1e5b01c9cb3");
INSERT INTO SM_ACT
	VALUES ("954b2c9c-7f5c-4a11-acab-3151c21f2e51",
	"c87b2dab-d00f-4d32-a5d3-d1e5b01c9cb3",
	1,
	'',
	'');
INSERT INTO ACT_TAB
	VALUES ("61f70dc1-a5b6-414c-8682-13ddf02722c5",
	"c87b2dab-d00f-4d32-a5d3-d1e5b01c9cb3",
	"954b2c9c-7f5c-4a11-acab-3151c21f2e51");
INSERT INTO ACT_ACT
	VALUES ("61f70dc1-a5b6-414c-8682-13ddf02722c5",
	'transition',
	0,
	"d1381c8d-8e7f-42c2-af29-2378e053ff82",
	"00000000-0000-0000-0000-000000000000",
	0,
	'BOOKINGSESSION3: addServiceEvent',
	"00000000-0000-0000-0000-000000000000");
INSERT INTO ACT_BLK
	VALUES ("d1381c8d-8e7f-42c2-af29-2378e053ff82",
	0,
	0,
	0,
	'',
	'',
	'',
	0,
	0,
	0,
	0,
	0,
	0,
	0,
	0,
	0,
	0,
	0,
	0,
	0,
	"61f70dc1-a5b6-414c-8682-13ddf02722c5",
	"00000000-0000-0000-0000-000000000000");
INSERT INTO SM_TXN
	VALUES ("d061b9c4-6276-4144-ac29-8c55ad2337cf",
	"c87b2dab-d00f-4d32-a5d3-d1e5b01c9cb3",
	"5ba9883b-4a7b-40ed-a541-d3bba232f55a",
	"00000000-0000-0000-0000-000000000000");
INSERT INTO SM_NSTXN
	VALUES ("8fa7516c-1495-49b9-bb66-14661e4ffa3a",
	"c87b2dab-d00f-4d32-a5d3-d1e5b01c9cb3",
	"0a2fd1bd-2d48-4562-b322-ca038ace3cef",
	"2113072c-9fe7-4d67-8795-583d185185c1",
	"00000000-0000-0000-0000-000000000000");
INSERT INTO SM_TAH
	VALUES ("2db25764-a9e0-45df-90f6-643801e20e10",
	"c87b2dab-d00f-4d32-a5d3-d1e5b01c9cb3",
	"8fa7516c-1495-49b9-bb66-14661e4ffa3a");
INSERT INTO SM_AH
	VALUES ("2db25764-a9e0-45df-90f6-643801e20e10",
	"c87b2dab-d00f-4d32-a5d3-d1e5b01c9cb3");
INSERT INTO SM_ACT
	VALUES ("2db25764-a9e0-45df-90f6-643801e20e10",
	"c87b2dab-d00f-4d32-a5d3-d1e5b01c9cb3",
	1,
	'',
	'');
INSERT INTO ACT_TAB
	VALUES ("660e9f49-0b48-40b7-a9a2-5b82eecba2d5",
	"c87b2dab-d00f-4d32-a5d3-d1e5b01c9cb3",
	"2db25764-a9e0-45df-90f6-643801e20e10");
INSERT INTO ACT_ACT
	VALUES ("660e9f49-0b48-40b7-a9a2-5b82eecba2d5",
	'transition',
	0,
	"21df1158-a0e5-474b-b22f-8bc4028c2cef",
	"00000000-0000-0000-0000-000000000000",
	0,
	'BOOKINGSESSION2: addGuestEvent',
	"00000000-0000-0000-0000-000000000000");
INSERT INTO ACT_BLK
	VALUES ("21df1158-a0e5-474b-b22f-8bc4028c2cef",
	0,
	0,
	0,
	'',
	'',
	'',
	0,
	0,
	0,
	0,
	0,
	0,
	0,
	0,
	0,
	0,
	0,
	0,
	0,
	"660e9f49-0b48-40b7-a9a2-5b82eecba2d5",
	"00000000-0000-0000-0000-000000000000");
INSERT INTO SM_TXN
	VALUES ("8fa7516c-1495-49b9-bb66-14661e4ffa3a",
	"c87b2dab-d00f-4d32-a5d3-d1e5b01c9cb3",
	"0a2fd1bd-2d48-4562-b322-ca038ace3cef",
	"00000000-0000-0000-0000-000000000000");
INSERT INTO SM_NSTXN
	VALUES ("bca5f9b2-78a7-4087-886e-1d17e5ab62a3",
	"c87b2dab-d00f-4d32-a5d3-d1e5b01c9cb3",
	"5ba9883b-4a7b-40ed-a541-d3bba232f55a",
	"0e59bc59-c4a8-49b6-b5c2-bd2e2de4f771",
	"00000000-0000-0000-0000-000000000000");
INSERT INTO SM_TAH
	VALUES ("5c1f9670-7a4c-4f01-b4e2-324d523a0e84",
	"c87b2dab-d00f-4d32-a5d3-d1e5b01c9cb3",
	"bca5f9b2-78a7-4087-886e-1d17e5ab62a3");
INSERT INTO SM_AH
	VALUES ("5c1f9670-7a4c-4f01-b4e2-324d523a0e84",
	"c87b2dab-d00f-4d32-a5d3-d1e5b01c9cb3");
INSERT INTO SM_ACT
	VALUES ("5c1f9670-7a4c-4f01-b4e2-324d523a0e84",
	"c87b2dab-d00f-4d32-a5d3-d1e5b01c9cb3",
	1,
	'',
	'');
INSERT INTO ACT_TAB
	VALUES ("e426a918-e1b1-4083-acac-5705009873a6",
	"c87b2dab-d00f-4d32-a5d3-d1e5b01c9cb3",
	"5c1f9670-7a4c-4f01-b4e2-324d523a0e84");
INSERT INTO ACT_ACT
	VALUES ("e426a918-e1b1-4083-acac-5705009873a6",
	'transition',
	0,
	"28160844-86c5-40cf-9fea-9b623e43041d",
	"00000000-0000-0000-0000-000000000000",
	0,
	'BOOKINGSESSION3: addServiceEvent',
	"00000000-0000-0000-0000-000000000000");
INSERT INTO ACT_BLK
	VALUES ("28160844-86c5-40cf-9fea-9b623e43041d",
	0,
	0,
	0,
	'',
	'',
	'',
	0,
	0,
	0,
	0,
	0,
	0,
	0,
	0,
	0,
	0,
	0,
	0,
	0,
	"e426a918-e1b1-4083-acac-5705009873a6",
	"00000000-0000-0000-0000-000000000000");
INSERT INTO SM_TXN
	VALUES ("bca5f9b2-78a7-4087-886e-1d17e5ab62a3",
	"c87b2dab-d00f-4d32-a5d3-d1e5b01c9cb3",
	"5ba9883b-4a7b-40ed-a541-d3bba232f55a",
	"00000000-0000-0000-0000-000000000000");
INSERT INTO SM_NSTXN
	VALUES ("a824f355-940c-4185-aca4-ab6b81f07db6",
	"c87b2dab-d00f-4d32-a5d3-d1e5b01c9cb3",
	"5ba9883b-4a7b-40ed-a541-d3bba232f55a",
	"9a883f49-b118-47b2-880c-373bfecf9218",
	"00000000-0000-0000-0000-000000000000");
INSERT INTO SM_TAH
	VALUES ("92b379a3-161a-4907-869b-d3cce8eba8ed",
	"c87b2dab-d00f-4d32-a5d3-d1e5b01c9cb3",
	"a824f355-940c-4185-aca4-ab6b81f07db6");
INSERT INTO SM_AH
	VALUES ("92b379a3-161a-4907-869b-d3cce8eba8ed",
	"c87b2dab-d00f-4d32-a5d3-d1e5b01c9cb3");
INSERT INTO SM_ACT
	VALUES ("92b379a3-161a-4907-869b-d3cce8eba8ed",
	"c87b2dab-d00f-4d32-a5d3-d1e5b01c9cb3",
	1,
	'',
	'');
INSERT INTO ACT_TAB
	VALUES ("9e3d9e55-9b7d-4ef1-b833-469287b79ddc",
	"c87b2dab-d00f-4d32-a5d3-d1e5b01c9cb3",
	"92b379a3-161a-4907-869b-d3cce8eba8ed");
INSERT INTO ACT_ACT
	VALUES ("9e3d9e55-9b7d-4ef1-b833-469287b79ddc",
	'transition',
	0,
	"67cf438c-df9a-4bb7-9b48-cf07e8329eae",
	"00000000-0000-0000-0000-000000000000",
	0,
	'BOOKINGSESSION4: confirmEvent',
	"00000000-0000-0000-0000-000000000000");
INSERT INTO ACT_BLK
	VALUES ("67cf438c-df9a-4bb7-9b48-cf07e8329eae",
	0,
	0,
	0,
	'',
	'',
	'',
	0,
	0,
	0,
	0,
	0,
	0,
	0,
	0,
	0,
	0,
	0,
	0,
	0,
	"9e3d9e55-9b7d-4ef1-b833-469287b79ddc",
	"00000000-0000-0000-0000-000000000000");
INSERT INTO SM_TXN
	VALUES ("a824f355-940c-4185-aca4-ab6b81f07db6",
	"c87b2dab-d00f-4d32-a5d3-d1e5b01c9cb3",
	"2f872649-fe94-4f31-b88d-635a7e02ac36",
	"00000000-0000-0000-0000-000000000000");
INSERT INTO SM_NSTXN
	VALUES ("4e570a7c-9b19-4e01-9d88-fd0ebc5b4afa",
	"c87b2dab-d00f-4d32-a5d3-d1e5b01c9cb3",
	"0a2fd1bd-2d48-4562-b322-ca038ace3cef",
	"9a883f49-b118-47b2-880c-373bfecf9218",
	"00000000-0000-0000-0000-000000000000");
INSERT INTO SM_TAH
	VALUES ("bd7743ec-5b90-4217-828f-f1f93b04b228",
	"c87b2dab-d00f-4d32-a5d3-d1e5b01c9cb3",
	"4e570a7c-9b19-4e01-9d88-fd0ebc5b4afa");
INSERT INTO SM_AH
	VALUES ("bd7743ec-5b90-4217-828f-f1f93b04b228",
	"c87b2dab-d00f-4d32-a5d3-d1e5b01c9cb3");
INSERT INTO SM_ACT
	VALUES ("bd7743ec-5b90-4217-828f-f1f93b04b228",
	"c87b2dab-d00f-4d32-a5d3-d1e5b01c9cb3",
	1,
	'',
	'');
INSERT INTO ACT_TAB
	VALUES ("8986464c-fb94-420a-91bd-40cd2d1f712a",
	"c87b2dab-d00f-4d32-a5d3-d1e5b01c9cb3",
	"bd7743ec-5b90-4217-828f-f1f93b04b228");
INSERT INTO ACT_ACT
	VALUES ("8986464c-fb94-420a-91bd-40cd2d1f712a",
	'transition',
	0,
	"84fd14d9-1352-48bd-92d6-a7bf2c1550f8",
	"00000000-0000-0000-0000-000000000000",
	0,
	'BOOKINGSESSION4: confirmEvent',
	"00000000-0000-0000-0000-000000000000");
INSERT INTO ACT_BLK
	VALUES ("84fd14d9-1352-48bd-92d6-a7bf2c1550f8",
	0,
	0,
	0,
	'',
	'',
	'',
	0,
	0,
	0,
	0,
	0,
	0,
	0,
	0,
	0,
	0,
	0,
	0,
	0,
	"8986464c-fb94-420a-91bd-40cd2d1f712a",
	"00000000-0000-0000-0000-000000000000");
INSERT INTO SM_TXN
	VALUES ("4e570a7c-9b19-4e01-9d88-fd0ebc5b4afa",
	"c87b2dab-d00f-4d32-a5d3-d1e5b01c9cb3",
	"2f872649-fe94-4f31-b88d-635a7e02ac36",
	"00000000-0000-0000-0000-000000000000");
INSERT INTO SM_NSTXN
	VALUES ("7772ee11-1a82-4b38-b3ff-70fc22c6c75c",
	"c87b2dab-d00f-4d32-a5d3-d1e5b01c9cb3",
	"2f872649-fe94-4f31-b88d-635a7e02ac36",
	"153a511b-c927-49fe-95d5-db518898883d",
	"00000000-0000-0000-0000-000000000000");
INSERT INTO SM_TAH
	VALUES ("c038f923-d335-408d-9921-3bd3ba021585",
	"c87b2dab-d00f-4d32-a5d3-d1e5b01c9cb3",
	"7772ee11-1a82-4b38-b3ff-70fc22c6c75c");
INSERT INTO SM_AH
	VALUES ("c038f923-d335-408d-9921-3bd3ba021585",
	"c87b2dab-d00f-4d32-a5d3-d1e5b01c9cb3");
INSERT INTO SM_ACT
	VALUES ("c038f923-d335-408d-9921-3bd3ba021585",
	"c87b2dab-d00f-4d32-a5d3-d1e5b01c9cb3",
	1,
	'',
	'');
INSERT INTO ACT_TAB
	VALUES ("4bd64c58-5b55-472f-a674-e81dbb541cf4",
	"c87b2dab-d00f-4d32-a5d3-d1e5b01c9cb3",
	"c038f923-d335-408d-9921-3bd3ba021585");
INSERT INTO ACT_ACT
	VALUES ("4bd64c58-5b55-472f-a674-e81dbb541cf4",
	'transition',
	0,
	"40c1539a-f07e-464c-9547-17542727ea2b",
	"00000000-0000-0000-0000-000000000000",
	0,
	'BOOKINGSESSION5: customerDetailsEvent',
	"00000000-0000-0000-0000-000000000000");
INSERT INTO ACT_BLK
	VALUES ("40c1539a-f07e-464c-9547-17542727ea2b",
	0,
	0,
	0,
	'',
	'',
	'',
	0,
	0,
	0,
	0,
	0,
	0,
	0,
	0,
	0,
	0,
	0,
	0,
	0,
	"4bd64c58-5b55-472f-a674-e81dbb541cf4",
	"00000000-0000-0000-0000-000000000000");
INSERT INTO SM_TXN
	VALUES ("7772ee11-1a82-4b38-b3ff-70fc22c6c75c",
	"c87b2dab-d00f-4d32-a5d3-d1e5b01c9cb3",
	"379a455a-c9de-4de3-9d42-47151db4b5c1",
	"00000000-0000-0000-0000-000000000000");
INSERT INTO SM_NSTXN
	VALUES ("07e5917f-d314-4987-a2de-cd5ccc16bffb",
	"c87b2dab-d00f-4d32-a5d3-d1e5b01c9cb3",
	"379a455a-c9de-4de3-9d42-47151db4b5c1",
	"459dadf1-a920-477f-b495-f73fd93f16e7",
	"00000000-0000-0000-0000-000000000000");
INSERT INTO SM_TAH
	VALUES ("70af8250-2e39-45f2-913a-19033c5f505b",
	"c87b2dab-d00f-4d32-a5d3-d1e5b01c9cb3",
	"07e5917f-d314-4987-a2de-cd5ccc16bffb");
INSERT INTO SM_AH
	VALUES ("70af8250-2e39-45f2-913a-19033c5f505b",
	"c87b2dab-d00f-4d32-a5d3-d1e5b01c9cb3");
INSERT INTO SM_ACT
	VALUES ("70af8250-2e39-45f2-913a-19033c5f505b",
	"c87b2dab-d00f-4d32-a5d3-d1e5b01c9cb3",
	1,
	'',
	'');
INSERT INTO ACT_TAB
	VALUES ("e5741464-2e3c-4894-891a-d29cb6b2742c",
	"c87b2dab-d00f-4d32-a5d3-d1e5b01c9cb3",
	"70af8250-2e39-45f2-913a-19033c5f505b");
INSERT INTO ACT_ACT
	VALUES ("e5741464-2e3c-4894-891a-d29cb6b2742c",
	'transition',
	0,
	"512d2f19-e69c-4041-acd6-3a38ec5bf584",
	"00000000-0000-0000-0000-000000000000",
	0,
	'BOOKINGSESSION6: paymentInfoEvent',
	"00000000-0000-0000-0000-000000000000");
INSERT INTO ACT_BLK
	VALUES ("512d2f19-e69c-4041-acd6-3a38ec5bf584",
	0,
	0,
	0,
	'',
	'',
	'',
	0,
	0,
	0,
	0,
	0,
	0,
	0,
	0,
	0,
	0,
	0,
	0,
	0,
	"e5741464-2e3c-4894-891a-d29cb6b2742c",
	"00000000-0000-0000-0000-000000000000");
INSERT INTO SM_TXN
	VALUES ("07e5917f-d314-4987-a2de-cd5ccc16bffb",
	"c87b2dab-d00f-4d32-a5d3-d1e5b01c9cb3",
	"16b76ff7-c8d4-4f88-81c4-f6f0a7d93a90",
	"00000000-0000-0000-0000-000000000000");
INSERT INTO SM_NSTXN
	VALUES ("ce040e31-907f-4748-bd3a-a580e86be93f",
	"c87b2dab-d00f-4d32-a5d3-d1e5b01c9cb3",
	"16b76ff7-c8d4-4f88-81c4-f6f0a7d93a90",
	"2abc1152-f6f1-440f-8291-2896e45ba380",
	"00000000-0000-0000-0000-000000000000");
INSERT INTO SM_TAH
	VALUES ("bbe798a5-8b5f-4a30-9a80-23aa2e593954",
	"c87b2dab-d00f-4d32-a5d3-d1e5b01c9cb3",
	"ce040e31-907f-4748-bd3a-a580e86be93f");
INSERT INTO SM_AH
	VALUES ("bbe798a5-8b5f-4a30-9a80-23aa2e593954",
	"c87b2dab-d00f-4d32-a5d3-d1e5b01c9cb3");
INSERT INTO SM_ACT
	VALUES ("bbe798a5-8b5f-4a30-9a80-23aa2e593954",
	"c87b2dab-d00f-4d32-a5d3-d1e5b01c9cb3",
	1,
	'',
	'');
INSERT INTO ACT_TAB
	VALUES ("23d1471c-0ab2-4d73-8c12-a5fddefd47a1",
	"c87b2dab-d00f-4d32-a5d3-d1e5b01c9cb3",
	"bbe798a5-8b5f-4a30-9a80-23aa2e593954");
INSERT INTO ACT_ACT
	VALUES ("23d1471c-0ab2-4d73-8c12-a5fddefd47a1",
	'transition',
	0,
	"9246c83f-9ffb-4609-9f5d-66a020b1090a",
	"00000000-0000-0000-0000-000000000000",
	0,
	'BOOKINGSESSION7: paymentConfirmedEvent',
	"00000000-0000-0000-0000-000000000000");
INSERT INTO ACT_BLK
	VALUES ("9246c83f-9ffb-4609-9f5d-66a020b1090a",
	0,
	0,
	0,
	'',
	'',
	'',
	0,
	0,
	0,
	0,
	0,
	0,
	0,
	0,
	0,
	0,
	0,
	0,
	0,
	"23d1471c-0ab2-4d73-8c12-a5fddefd47a1",
	"00000000-0000-0000-0000-000000000000");
INSERT INTO SM_TXN
	VALUES ("ce040e31-907f-4748-bd3a-a580e86be93f",
	"c87b2dab-d00f-4d32-a5d3-d1e5b01c9cb3",
	"72fee477-0c93-4c4b-a7f5-91fc26b56a7c",
	"00000000-0000-0000-0000-000000000000");
INSERT INTO SM_NSTXN
	VALUES ("580ba611-db2b-4fe4-8f5b-cb5fdab70ba2",
	"c87b2dab-d00f-4d32-a5d3-d1e5b01c9cb3",
	"72fee477-0c93-4c4b-a7f5-91fc26b56a7c",
	"9a883f49-b118-47b2-880c-373bfecf9218",
	"00000000-0000-0000-0000-000000000000");
INSERT INTO SM_TAH
	VALUES ("4502ef61-4af2-442a-a088-8a6f6b5ca707",
	"c87b2dab-d00f-4d32-a5d3-d1e5b01c9cb3",
	"580ba611-db2b-4fe4-8f5b-cb5fdab70ba2");
INSERT INTO SM_AH
	VALUES ("4502ef61-4af2-442a-a088-8a6f6b5ca707",
	"c87b2dab-d00f-4d32-a5d3-d1e5b01c9cb3");
INSERT INTO SM_ACT
	VALUES ("4502ef61-4af2-442a-a088-8a6f6b5ca707",
	"c87b2dab-d00f-4d32-a5d3-d1e5b01c9cb3",
	1,
	'',
	'');
INSERT INTO ACT_TAB
	VALUES ("3270c36f-77aa-498e-b860-e4637236c9b6",
	"c87b2dab-d00f-4d32-a5d3-d1e5b01c9cb3",
	"4502ef61-4af2-442a-a088-8a6f6b5ca707");
INSERT INTO ACT_ACT
	VALUES ("3270c36f-77aa-498e-b860-e4637236c9b6",
	'transition',
	0,
	"a6a51d3d-74c5-4e52-bada-b750b7180fe7",
	"00000000-0000-0000-0000-000000000000",
	0,
	'BOOKINGSESSION4: confirmEvent',
	"00000000-0000-0000-0000-000000000000");
INSERT INTO ACT_BLK
	VALUES ("a6a51d3d-74c5-4e52-bada-b750b7180fe7",
	0,
	0,
	0,
	'',
	'',
	'',
	0,
	0,
	0,
	0,
	0,
	0,
	0,
	0,
	0,
	0,
	0,
	0,
	0,
	"3270c36f-77aa-498e-b860-e4637236c9b6",
	"00000000-0000-0000-0000-000000000000");
INSERT INTO SM_TXN
	VALUES ("580ba611-db2b-4fe4-8f5b-cb5fdab70ba2",
	"c87b2dab-d00f-4d32-a5d3-d1e5b01c9cb3",
	"c19dec2f-8b92-4dea-8ea8-e41ae60a6aa4",
	"00000000-0000-0000-0000-000000000000");
INSERT INTO SM_NSTXN
	VALUES ("d7bba8e9-9132-4c23-8001-1f6d4c35dce3",
	"c87b2dab-d00f-4d32-a5d3-d1e5b01c9cb3",
	"72fee477-0c93-4c4b-a7f5-91fc26b56a7c",
	"5d2bc261-464e-4c96-88a1-0dcf2267fd8b",
	"00000000-0000-0000-0000-000000000000");
INSERT INTO SM_TAH
	VALUES ("0cc5fd5d-78d3-43df-82b9-4ff8797f6f75",
	"c87b2dab-d00f-4d32-a5d3-d1e5b01c9cb3",
	"d7bba8e9-9132-4c23-8001-1f6d4c35dce3");
INSERT INTO SM_AH
	VALUES ("0cc5fd5d-78d3-43df-82b9-4ff8797f6f75",
	"c87b2dab-d00f-4d32-a5d3-d1e5b01c9cb3");
INSERT INTO SM_ACT
	VALUES ("0cc5fd5d-78d3-43df-82b9-4ff8797f6f75",
	"c87b2dab-d00f-4d32-a5d3-d1e5b01c9cb3",
	1,
	'',
	'');
INSERT INTO ACT_TAB
	VALUES ("2ccf9e18-d872-4501-a6ef-cc3cbeea4c8c",
	"c87b2dab-d00f-4d32-a5d3-d1e5b01c9cb3",
	"0cc5fd5d-78d3-43df-82b9-4ff8797f6f75");
INSERT INTO ACT_ACT
	VALUES ("2ccf9e18-d872-4501-a6ef-cc3cbeea4c8c",
	'transition',
	0,
	"754f133f-620b-4fe9-b108-644f9aea562e",
	"00000000-0000-0000-0000-000000000000",
	0,
	'BOOKINGSESSION8: cancelEvent',
	"00000000-0000-0000-0000-000000000000");
INSERT INTO ACT_BLK
	VALUES ("754f133f-620b-4fe9-b108-644f9aea562e",
	0,
	0,
	0,
	'',
	'',
	'',
	0,
	0,
	0,
	0,
	0,
	0,
	0,
	0,
	0,
	0,
	0,
	0,
	0,
	"2ccf9e18-d872-4501-a6ef-cc3cbeea4c8c",
	"00000000-0000-0000-0000-000000000000");
INSERT INTO SM_TXN
	VALUES ("d7bba8e9-9132-4c23-8001-1f6d4c35dce3",
	"c87b2dab-d00f-4d32-a5d3-d1e5b01c9cb3",
	"4aecb993-a30f-4e82-ae57-ca7b870f160e",
	"00000000-0000-0000-0000-000000000000");
INSERT INTO SM_NSTXN
	VALUES ("9def0dcb-a7de-410e-8a24-04d98a5006a1",
	"c87b2dab-d00f-4d32-a5d3-d1e5b01c9cb3",
	"2f872649-fe94-4f31-b88d-635a7e02ac36",
	"463dc70c-f7bb-484c-8def-bd2056914139",
	"00000000-0000-0000-0000-000000000000");
INSERT INTO SM_TAH
	VALUES ("5503c25c-8933-4dd4-875b-836fb1e2f6d4",
	"c87b2dab-d00f-4d32-a5d3-d1e5b01c9cb3",
	"9def0dcb-a7de-410e-8a24-04d98a5006a1");
INSERT INTO SM_AH
	VALUES ("5503c25c-8933-4dd4-875b-836fb1e2f6d4",
	"c87b2dab-d00f-4d32-a5d3-d1e5b01c9cb3");
INSERT INTO SM_ACT
	VALUES ("5503c25c-8933-4dd4-875b-836fb1e2f6d4",
	"c87b2dab-d00f-4d32-a5d3-d1e5b01c9cb3",
	1,
	'',
	'');
INSERT INTO ACT_TAB
	VALUES ("0bc24724-b0cd-4c07-8705-d5abca4e3e24",
	"c87b2dab-d00f-4d32-a5d3-d1e5b01c9cb3",
	"5503c25c-8933-4dd4-875b-836fb1e2f6d4");
INSERT INTO ACT_ACT
	VALUES ("0bc24724-b0cd-4c07-8705-d5abca4e3e24",
	'transition',
	0,
	"51a38e76-3038-4899-bf01-9dda0f727885",
	"00000000-0000-0000-0000-000000000000",
	0,
	'BOOKINGSESSION1: selectEvent',
	"00000000-0000-0000-0000-000000000000");
INSERT INTO ACT_BLK
	VALUES ("51a38e76-3038-4899-bf01-9dda0f727885",
	0,
	0,
	0,
	'',
	'',
	'',
	0,
	0,
	0,
	0,
	0,
	0,
	0,
	0,
	0,
	0,
	0,
	0,
	0,
	"0bc24724-b0cd-4c07-8705-d5abca4e3e24",
	"00000000-0000-0000-0000-000000000000");
INSERT INTO SM_TXN
	VALUES ("9def0dcb-a7de-410e-8a24-04d98a5006a1",
	"c87b2dab-d00f-4d32-a5d3-d1e5b01c9cb3",
	"ec664e05-8719-4277-966f-43d8cf4e3176",
	"00000000-0000-0000-0000-000000000000");
INSERT INTO SM_NSTXN
	VALUES ("d0e26d94-bf1a-45d3-bdb1-e0f3d6f32599",
	"c87b2dab-d00f-4d32-a5d3-d1e5b01c9cb3",
	"82c06f18-ae14-4d95-9351-b2eea2fa5c2b",
	"463dc70c-f7bb-484c-8def-bd2056914139",
	"00000000-0000-0000-0000-000000000000");
INSERT INTO SM_TAH
	VALUES ("3bd450a6-95b5-47e3-8fab-3cc0e8e69f16",
	"c87b2dab-d00f-4d32-a5d3-d1e5b01c9cb3",
	"d0e26d94-bf1a-45d3-bdb1-e0f3d6f32599");
INSERT INTO SM_AH
	VALUES ("3bd450a6-95b5-47e3-8fab-3cc0e8e69f16",
	"c87b2dab-d00f-4d32-a5d3-d1e5b01c9cb3");
INSERT INTO SM_ACT
	VALUES ("3bd450a6-95b5-47e3-8fab-3cc0e8e69f16",
	"c87b2dab-d00f-4d32-a5d3-d1e5b01c9cb3",
	1,
	'',
	'');
INSERT INTO ACT_TAB
	VALUES ("4e67783e-ed5b-49de-8763-20dfb44ddb37",
	"c87b2dab-d00f-4d32-a5d3-d1e5b01c9cb3",
	"3bd450a6-95b5-47e3-8fab-3cc0e8e69f16");
INSERT INTO ACT_ACT
	VALUES ("4e67783e-ed5b-49de-8763-20dfb44ddb37",
	'transition',
	0,
	"681fb54c-45d1-4cbc-bf4b-5b6b1ba07fd2",
	"00000000-0000-0000-0000-000000000000",
	0,
	'BOOKINGSESSION1: selectEvent',
	"00000000-0000-0000-0000-000000000000");
INSERT INTO ACT_BLK
	VALUES ("681fb54c-45d1-4cbc-bf4b-5b6b1ba07fd2",
	0,
	0,
	0,
	'',
	'',
	'',
	0,
	0,
	0,
	0,
	0,
	0,
	0,
	0,
	0,
	0,
	0,
	0,
	0,
	"4e67783e-ed5b-49de-8763-20dfb44ddb37",
	"00000000-0000-0000-0000-000000000000");
INSERT INTO SM_TXN
	VALUES ("d0e26d94-bf1a-45d3-bdb1-e0f3d6f32599",
	"c87b2dab-d00f-4d32-a5d3-d1e5b01c9cb3",
	"ec664e05-8719-4277-966f-43d8cf4e3176",
	"00000000-0000-0000-0000-000000000000");
INSERT INTO SM_NSTXN
	VALUES ("7d4f2898-2a1d-43e2-8766-ef1ea1383482",
	"c87b2dab-d00f-4d32-a5d3-d1e5b01c9cb3",
	"abba5c5c-cc80-413e-acaf-3b88d5e3c3c6",
	"42a35ac4-7d83-4153-8c24-cc4699f29672",
	"00000000-0000-0000-0000-000000000000");
INSERT INTO SM_TAH
	VALUES ("dde59609-4671-4f2b-8912-b12f1fb8543a",
	"c87b2dab-d00f-4d32-a5d3-d1e5b01c9cb3",
	"7d4f2898-2a1d-43e2-8766-ef1ea1383482");
INSERT INTO SM_AH
	VALUES ("dde59609-4671-4f2b-8912-b12f1fb8543a",
	"c87b2dab-d00f-4d32-a5d3-d1e5b01c9cb3");
INSERT INTO SM_ACT
	VALUES ("dde59609-4671-4f2b-8912-b12f1fb8543a",
	"c87b2dab-d00f-4d32-a5d3-d1e5b01c9cb3",
	1,
	'',
	'');
INSERT INTO ACT_TAB
	VALUES ("cd17e55d-4020-4f46-b76b-f60142d34eeb",
	"c87b2dab-d00f-4d32-a5d3-d1e5b01c9cb3",
	"dde59609-4671-4f2b-8912-b12f1fb8543a");
INSERT INTO ACT_ACT
	VALUES ("cd17e55d-4020-4f46-b76b-f60142d34eeb",
	'transition',
	0,
	"551b6b2f-e7b6-4b76-88e3-e245115342dd",
	"00000000-0000-0000-0000-000000000000",
	0,
	'BOOKINGSESSION9: searchEvent',
	"00000000-0000-0000-0000-000000000000");
INSERT INTO ACT_BLK
	VALUES ("551b6b2f-e7b6-4b76-88e3-e245115342dd",
	0,
	0,
	0,
	'',
	'',
	'',
	0,
	0,
	0,
	0,
	0,
	0,
	0,
	0,
	0,
	0,
	0,
	0,
	0,
	"cd17e55d-4020-4f46-b76b-f60142d34eeb",
	"00000000-0000-0000-0000-000000000000");
INSERT INTO SM_TXN
	VALUES ("7d4f2898-2a1d-43e2-8766-ef1ea1383482",
	"c87b2dab-d00f-4d32-a5d3-d1e5b01c9cb3",
	"82c06f18-ae14-4d95-9351-b2eea2fa5c2b",
	"00000000-0000-0000-0000-000000000000");
INSERT INTO SM_NSTXN
	VALUES ("989444bb-d541-46e0-8153-6a2b76aada74",
	"c87b2dab-d00f-4d32-a5d3-d1e5b01c9cb3",
	"2f872649-fe94-4f31-b88d-635a7e02ac36",
	"42a35ac4-7d83-4153-8c24-cc4699f29672",
	"00000000-0000-0000-0000-000000000000");
INSERT INTO SM_TAH
	VALUES ("ab4fad15-d1e3-4102-bfbc-dfa7fca520dc",
	"c87b2dab-d00f-4d32-a5d3-d1e5b01c9cb3",
	"989444bb-d541-46e0-8153-6a2b76aada74");
INSERT INTO SM_AH
	VALUES ("ab4fad15-d1e3-4102-bfbc-dfa7fca520dc",
	"c87b2dab-d00f-4d32-a5d3-d1e5b01c9cb3");
INSERT INTO SM_ACT
	VALUES ("ab4fad15-d1e3-4102-bfbc-dfa7fca520dc",
	"c87b2dab-d00f-4d32-a5d3-d1e5b01c9cb3",
	1,
	'',
	'');
INSERT INTO ACT_TAB
	VALUES ("d6189868-e132-4066-ad7a-9d76abd6aa9a",
	"c87b2dab-d00f-4d32-a5d3-d1e5b01c9cb3",
	"ab4fad15-d1e3-4102-bfbc-dfa7fca520dc");
INSERT INTO ACT_ACT
	VALUES ("d6189868-e132-4066-ad7a-9d76abd6aa9a",
	'transition',
	0,
	"082cd618-3264-461e-bde5-8160019cce51",
	"00000000-0000-0000-0000-000000000000",
	0,
	'BOOKINGSESSION9: searchEvent',
	"00000000-0000-0000-0000-000000000000");
INSERT INTO ACT_BLK
	VALUES ("082cd618-3264-461e-bde5-8160019cce51",
	0,
	0,
	0,
	'',
	'',
	'',
	0,
	0,
	0,
	0,
	0,
	0,
	0,
	0,
	0,
	0,
	0,
	0,
	0,
	"d6189868-e132-4066-ad7a-9d76abd6aa9a",
	"00000000-0000-0000-0000-000000000000");
INSERT INTO SM_TXN
	VALUES ("989444bb-d541-46e0-8153-6a2b76aada74",
	"c87b2dab-d00f-4d32-a5d3-d1e5b01c9cb3",
	"2f872649-fe94-4f31-b88d-635a7e02ac36",
	"00000000-0000-0000-0000-000000000000");
INSERT INTO SM_NSTXN
	VALUES ("58d246cd-d443-4fb0-8ac7-fd9123a35c23",
	"c87b2dab-d00f-4d32-a5d3-d1e5b01c9cb3",
	"82c06f18-ae14-4d95-9351-b2eea2fa5c2b",
	"42a35ac4-7d83-4153-8c24-cc4699f29672",
	"00000000-0000-0000-0000-000000000000");
INSERT INTO SM_TAH
	VALUES ("c95fdfb0-398f-43ec-9b84-c1134dd792d7",
	"c87b2dab-d00f-4d32-a5d3-d1e5b01c9cb3",
	"58d246cd-d443-4fb0-8ac7-fd9123a35c23");
INSERT INTO SM_AH
	VALUES ("c95fdfb0-398f-43ec-9b84-c1134dd792d7",
	"c87b2dab-d00f-4d32-a5d3-d1e5b01c9cb3");
INSERT INTO SM_ACT
	VALUES ("c95fdfb0-398f-43ec-9b84-c1134dd792d7",
	"c87b2dab-d00f-4d32-a5d3-d1e5b01c9cb3",
	1,
	'',
	'');
INSERT INTO ACT_TAB
	VALUES ("31e8b1e8-0c34-4078-a2ed-151cadafd032",
	"c87b2dab-d00f-4d32-a5d3-d1e5b01c9cb3",
	"c95fdfb0-398f-43ec-9b84-c1134dd792d7");
INSERT INTO ACT_ACT
	VALUES ("31e8b1e8-0c34-4078-a2ed-151cadafd032",
	'transition',
	0,
	"04f71e2d-b48f-4b83-8b14-7188d91a2f60",
	"00000000-0000-0000-0000-000000000000",
	0,
	'BOOKINGSESSION9: searchEvent',
	"00000000-0000-0000-0000-000000000000");
INSERT INTO ACT_BLK
	VALUES ("04f71e2d-b48f-4b83-8b14-7188d91a2f60",
	0,
	0,
	0,
	'',
	'',
	'',
	0,
	0,
	0,
	0,
	0,
	0,
	0,
	0,
	0,
	0,
	0,
	0,
	0,
	"31e8b1e8-0c34-4078-a2ed-151cadafd032",
	"00000000-0000-0000-0000-000000000000");
INSERT INTO SM_TXN
	VALUES ("58d246cd-d443-4fb0-8ac7-fd9123a35c23",
	"c87b2dab-d00f-4d32-a5d3-d1e5b01c9cb3",
	"82c06f18-ae14-4d95-9351-b2eea2fa5c2b",
	"00000000-0000-0000-0000-000000000000");
INSERT INTO SM_ASM
	VALUES ("1cceaf51-6f2a-4dbc-806e-afb09371f60a",
	"7137c09d-ba0e-406b-b3b5-76bb3cc48f3d");
INSERT INTO SM_SM
	VALUES ("1cceaf51-6f2a-4dbc-806e-afb09371f60a",
	'',
	0);
INSERT INTO SM_MOORE
	VALUES ("1cceaf51-6f2a-4dbc-806e-afb09371f60a");
INSERT INTO SM_LEVT
	VALUES ("6a869ce9-b6a6-41ca-a021-ce5c93e3f8f5",
	"1cceaf51-6f2a-4dbc-806e-afb09371f60a",
	"00000000-0000-0000-0000-000000000000");
INSERT INTO SM_SEVT
	VALUES ("6a869ce9-b6a6-41ca-a021-ce5c93e3f8f5",
	"1cceaf51-6f2a-4dbc-806e-afb09371f60a",
	"00000000-0000-0000-0000-000000000000");
INSERT INTO SM_EVT
	VALUES ("6a869ce9-b6a6-41ca-a021-ce5c93e3f8f5",
	"1cceaf51-6f2a-4dbc-806e-afb09371f60a",
	"00000000-0000-0000-0000-000000000000",
	1,
	'requestSessionEvent',
	0,
	'',
	'BOOKINGSESSION_A1',
	'');
INSERT INTO SM_SGEVT
	VALUES ("58a64f76-28e2-4982-ab22-73c9243d6565",
	"1cceaf51-6f2a-4dbc-806e-afb09371f60a",
	"00000000-0000-0000-0000-000000000000",
	"52f59bac-a1c2-4318-a901-bbe93808d139",
	"00000000-0000-0000-0000-000000000000",
	'UserInterface::requestSession');
INSERT INTO SM_SEVT
	VALUES ("58a64f76-28e2-4982-ab22-73c9243d6565",
	"1cceaf51-6f2a-4dbc-806e-afb09371f60a",
	"00000000-0000-0000-0000-000000000000");
INSERT INTO SM_EVT
	VALUES ("58a64f76-28e2-4982-ab22-73c9243d6565",
	"1cceaf51-6f2a-4dbc-806e-afb09371f60a",
	"00000000-0000-0000-0000-000000000000",
	2,
	'requestSession',
	0,
	'',
	'UserInterface::requestSession',
	'');
INSERT INTO SM_STATE
	VALUES ("41cae87c-efc9-4d47-82ed-23030b389384",
	"1cceaf51-6f2a-4dbc-806e-afb09371f60a",
	"00000000-0000-0000-0000-000000000000",
	'Standby',
	1,
	0);
INSERT INTO SM_CH
	VALUES ("41cae87c-efc9-4d47-82ed-23030b389384",
	"6a869ce9-b6a6-41ca-a021-ce5c93e3f8f5",
	"1cceaf51-6f2a-4dbc-806e-afb09371f60a",
	"00000000-0000-0000-0000-000000000000",
	'');
INSERT INTO SM_SEME
	VALUES ("41cae87c-efc9-4d47-82ed-23030b389384",
	"6a869ce9-b6a6-41ca-a021-ce5c93e3f8f5",
	"1cceaf51-6f2a-4dbc-806e-afb09371f60a",
	"00000000-0000-0000-0000-000000000000");
INSERT INTO SM_SEME
	VALUES ("41cae87c-efc9-4d47-82ed-23030b389384",
	"58a64f76-28e2-4982-ab22-73c9243d6565",
	"1cceaf51-6f2a-4dbc-806e-afb09371f60a",
	"00000000-0000-0000-0000-000000000000");
INSERT INTO SM_MOAH
	VALUES ("45ab631e-8185-492b-b854-b894e9f7cb06",
	"1cceaf51-6f2a-4dbc-806e-afb09371f60a",
	"41cae87c-efc9-4d47-82ed-23030b389384");
INSERT INTO SM_AH
	VALUES ("45ab631e-8185-492b-b854-b894e9f7cb06",
	"1cceaf51-6f2a-4dbc-806e-afb09371f60a");
INSERT INTO SM_ACT
	VALUES ("45ab631e-8185-492b-b854-b894e9f7cb06",
	"1cceaf51-6f2a-4dbc-806e-afb09371f60a",
	1,
	'',
	'');
INSERT INTO ACT_SAB
	VALUES ("d8743b24-5fbf-4272-82b3-c893f26d4d05",
	"1cceaf51-6f2a-4dbc-806e-afb09371f60a",
	"45ab631e-8185-492b-b854-b894e9f7cb06");
INSERT INTO ACT_ACT
	VALUES ("d8743b24-5fbf-4272-82b3-c893f26d4d05",
	'class state',
	0,
	"1814395f-c07f-493b-858d-f0370e162649",
	"00000000-0000-0000-0000-000000000000",
	0,
	'BookingSession::Standby',
	"00000000-0000-0000-0000-000000000000");
INSERT INTO ACT_BLK
	VALUES ("1814395f-c07f-493b-858d-f0370e162649",
	0,
	0,
	0,
	'',
	'',
	'',
	0,
	0,
	0,
	0,
	0,
	0,
	0,
	0,
	0,
	0,
	0,
	0,
	0,
	"d8743b24-5fbf-4272-82b3-c893f26d4d05",
	"00000000-0000-0000-0000-000000000000");
INSERT INTO SM_NSTXN
	VALUES ("86a0d005-f343-4f7e-95cb-13f38e31c77d",
	"1cceaf51-6f2a-4dbc-806e-afb09371f60a",
	"41cae87c-efc9-4d47-82ed-23030b389384",
	"58a64f76-28e2-4982-ab22-73c9243d6565",
	"00000000-0000-0000-0000-000000000000");
INSERT INTO SM_TAH
	VALUES ("dd6b1eed-7a4b-4dc4-b2db-a7397c475316",
	"1cceaf51-6f2a-4dbc-806e-afb09371f60a",
	"86a0d005-f343-4f7e-95cb-13f38e31c77d");
INSERT INTO SM_AH
	VALUES ("dd6b1eed-7a4b-4dc4-b2db-a7397c475316",
	"1cceaf51-6f2a-4dbc-806e-afb09371f60a");
INSERT INTO SM_ACT
	VALUES ("dd6b1eed-7a4b-4dc4-b2db-a7397c475316",
	"1cceaf51-6f2a-4dbc-806e-afb09371f60a",
	1,
	'// Initialize a booking session

create object instance session of BOOKINGSESSION;

create object instance booking of BOOKING;
relate session to booking across R26;

send BookingProvider::session(sessionID: session.ID);',
	'');
INSERT INTO ACT_TAB
	VALUES ("c07e958a-fcf7-4ecf-8d43-ea384342863c",
	"1cceaf51-6f2a-4dbc-806e-afb09371f60a",
	"dd6b1eed-7a4b-4dc4-b2db-a7397c475316");
INSERT INTO ACT_ACT
	VALUES ("c07e958a-fcf7-4ecf-8d43-ea384342863c",
	'class transition',
	0,
	"0e36a93f-415c-4e88-bb69-ce27b6d5b585",
	"00000000-0000-0000-0000-000000000000",
	0,
	'UserInterface::requestSession',
	"00000000-0000-0000-0000-000000000000");
INSERT INTO ACT_BLK
	VALUES ("0e36a93f-415c-4e88-bb69-ce27b6d5b585",
	0,
	0,
	0,
	'BookingProvider',
	'',
	'',
	8,
	1,
	8,
	6,
	0,
	0,
	6,
	34,
	0,
	0,
	0,
	0,
	0,
	"c07e958a-fcf7-4ecf-8d43-ea384342863c",
	"00000000-0000-0000-0000-000000000000");
INSERT INTO ACT_SMT
	VALUES ("67452b9e-c9ff-494d-9429-dfb169940176",
	"0e36a93f-415c-4e88-bb69-ce27b6d5b585",
	"49f0d9d9-0945-495a-8004-c4bbfcd0e089",
	3,
	1,
	'UserInterface::requestSession line: 3');
INSERT INTO ACT_CR
	VALUES ("67452b9e-c9ff-494d-9429-dfb169940176",
	"57296e4e-041e-43b4-9cb7-72353ff614cf",
	1,
	"7137c09d-ba0e-406b-b3b5-76bb3cc48f3d",
	3,
	35);
INSERT INTO ACT_SMT
	VALUES ("49f0d9d9-0945-495a-8004-c4bbfcd0e089",
	"0e36a93f-415c-4e88-bb69-ce27b6d5b585",
	"6a2e13aa-358e-4cb1-af9d-6c82adfb768f",
	5,
	1,
	'UserInterface::requestSession line: 5');
INSERT INTO ACT_CR
	VALUES ("49f0d9d9-0945-495a-8004-c4bbfcd0e089",
	"5be61954-1563-42e3-865a-bc43ff0a6877",
	1,
	"9a41fe9e-f547-4cde-b68d-f7db43c904dc",
	5,
	35);
INSERT INTO ACT_SMT
	VALUES ("6a2e13aa-358e-4cb1-af9d-6c82adfb768f",
	"0e36a93f-415c-4e88-bb69-ce27b6d5b585",
	"4a7c406a-2523-4e07-b29f-194b6ac8f486",
	6,
	1,
	'UserInterface::requestSession line: 6');
INSERT INTO ACT_REL
	VALUES ("6a2e13aa-358e-4cb1-af9d-6c82adfb768f",
	"57296e4e-041e-43b4-9cb7-72353ff614cf",
	"5be61954-1563-42e3-865a-bc43ff0a6877",
	'',
	"a30fd0d6-3586-438e-8d6d-b3d3b14c0f03",
	6,
	34,
	0,
	0);
INSERT INTO ACT_SMT
	VALUES ("4a7c406a-2523-4e07-b29f-194b6ac8f486",
	"0e36a93f-415c-4e88-bb69-ce27b6d5b585",
	"00000000-0000-0000-0000-000000000000",
	8,
	1,
	'UserInterface::requestSession line: 8');
INSERT INTO ACT_SGN
	VALUES ("4a7c406a-2523-4e07-b29f-194b6ac8f486",
	8,
	23,
	8,
	6,
	"9a412571-97a5-4764-873e-18ee296bab0f",
	"00000000-0000-0000-0000-000000000000",
	"00000000-0000-0000-0000-000000000000");
INSERT INTO V_VAL
	VALUES ("b02188ab-2db2-489e-83ce-2c4ebd352c47",
	0,
	0,
	8,
	42,
	48,
	0,
	0,
	0,
	0,
	"ba5eda7a-def5-0000-0000-000000000008",
	"0e36a93f-415c-4e88-bb69-ce27b6d5b585");
INSERT INTO V_IRF
	VALUES ("b02188ab-2db2-489e-83ce-2c4ebd352c47",
	"57296e4e-041e-43b4-9cb7-72353ff614cf");
INSERT INTO V_VAL
	VALUES ("bbad25d8-26fe-42a9-bea9-5679a83220c3",
	0,
	0,
	8,
	50,
	51,
	0,
	0,
	0,
	0,
	"ba5eda7a-def5-0000-0000-000000000005",
	"0e36a93f-415c-4e88-bb69-ce27b6d5b585");
INSERT INTO V_AVL
	VALUES ("bbad25d8-26fe-42a9-bea9-5679a83220c3",
	"b02188ab-2db2-489e-83ce-2c4ebd352c47",
	"7137c09d-ba0e-406b-b3b5-76bb3cc48f3d",
	"df46d3b5-7060-4611-8908-d535d035865a");
INSERT INTO V_PAR
	VALUES ("bbad25d8-26fe-42a9-bea9-5679a83220c3",
	"4a7c406a-2523-4e07-b29f-194b6ac8f486",
	"00000000-0000-0000-0000-000000000000",
	'sessionID',
	"00000000-0000-0000-0000-000000000000",
	8,
	31);
INSERT INTO V_VAR
	VALUES ("57296e4e-041e-43b4-9cb7-72353ff614cf",
	"0e36a93f-415c-4e88-bb69-ce27b6d5b585",
	'session',
	1,
	"ba5eda7a-def5-0000-0000-000000000008");
INSERT INTO V_INT
	VALUES ("57296e4e-041e-43b4-9cb7-72353ff614cf",
	0,
	"7137c09d-ba0e-406b-b3b5-76bb3cc48f3d");
INSERT INTO V_LOC
	VALUES ("23066d5b-91bb-4771-8ab1-6ab0888a09a9",
	3,
	24,
	30,
	"57296e4e-041e-43b4-9cb7-72353ff614cf");
INSERT INTO V_LOC
	VALUES ("2a74e23d-fb8f-49f0-a961-b6c3cbb452b1",
	6,
	8,
	14,
	"57296e4e-041e-43b4-9cb7-72353ff614cf");
INSERT INTO V_LOC
	VALUES ("089a37da-2958-42c0-a66a-ca069cfea144",
	8,
	42,
	48,
	"57296e4e-041e-43b4-9cb7-72353ff614cf");
INSERT INTO V_VAR
	VALUES ("5be61954-1563-42e3-865a-bc43ff0a6877",
	"0e36a93f-415c-4e88-bb69-ce27b6d5b585",
	'booking',
	1,
	"433f7688-7b95-4f9c-89f1-cf076d691ab7");
INSERT INTO V_INT
	VALUES ("5be61954-1563-42e3-865a-bc43ff0a6877",
	0,
	"9a41fe9e-f547-4cde-b68d-f7db43c904dc");
INSERT INTO V_LOC
	VALUES ("55b3c1fb-0ce0-4e78-9ca3-42883af002c9",
	5,
	24,
	30,
	"5be61954-1563-42e3-865a-bc43ff0a6877");
INSERT INTO V_LOC
	VALUES ("70d8c3d8-b2cd-4e53-aa46-764fc13a01ea",
	6,
	19,
	25,
	"5be61954-1563-42e3-865a-bc43ff0a6877");
INSERT INTO SM_TXN
	VALUES ("86a0d005-f343-4f7e-95cb-13f38e31c77d",
	"1cceaf51-6f2a-4dbc-806e-afb09371f60a",
	"41cae87c-efc9-4d47-82ed-23030b389384",
	"00000000-0000-0000-0000-000000000000");
INSERT INTO PE_PE
	VALUES ("80f12c98-ccb7-4bab-acab-351f7970a5eb",
	1,
	"960454f9-cf5f-4331-88bf-8023709586b1",
	"00000000-0000-0000-0000-000000000000",
	4);
INSERT INTO O_OBJ
	VALUES ("80f12c98-ccb7-4bab-acab-351f7970a5eb",
	'Cash',
	16,
	'CASH',
	'',
	"00000000-0000-0000-0000-000000000000");
INSERT INTO O_ID
	VALUES (2,
	"80f12c98-ccb7-4bab-acab-351f7970a5eb");
INSERT INTO O_ID
	VALUES (1,
	"80f12c98-ccb7-4bab-acab-351f7970a5eb");
INSERT INTO O_ID
	VALUES (0,
	"80f12c98-ccb7-4bab-acab-351f7970a5eb");
INSERT INTO PE_PE
	VALUES ("33325975-636b-4865-afdb-d6d8138b80fe",
	1,
	"960454f9-cf5f-4331-88bf-8023709586b1",
	"00000000-0000-0000-0000-000000000000",
	4);
INSERT INTO O_OBJ
	VALUES ("33325975-636b-4865-afdb-d6d8138b80fe",
	'Club',
	21,
	'CLUB',
	'',
	"00000000-0000-0000-0000-000000000000");
INSERT INTO O_NBATTR
	VALUES ("f7156dde-f70b-4ca5-96b1-9eb8fe126ef1",
	"33325975-636b-4865-afdb-d6d8138b80fe");
INSERT INTO O_BATTR
	VALUES ("f7156dde-f70b-4ca5-96b1-9eb8fe126ef1",
	"33325975-636b-4865-afdb-d6d8138b80fe");
INSERT INTO O_ATTR
	VALUES ("f7156dde-f70b-4ca5-96b1-9eb8fe126ef1",
	"33325975-636b-4865-afdb-d6d8138b80fe",
	"00000000-0000-0000-0000-000000000000",
	'clubName',
	'',
	'',
	'clubName',
	0,
	"ba5eda7a-def5-0000-0000-000000000004",
	'',
	'');
INSERT INTO O_ID
	VALUES (2,
	"33325975-636b-4865-afdb-d6d8138b80fe");
INSERT INTO O_ID
	VALUES (1,
	"33325975-636b-4865-afdb-d6d8138b80fe");
INSERT INTO O_ID
	VALUES (0,
	"33325975-636b-4865-afdb-d6d8138b80fe");
INSERT INTO PE_PE
	VALUES ("3aa4c78b-6981-4249-a93a-87e0e14f07b3",
	1,
	"960454f9-cf5f-4331-88bf-8023709586b1",
	"00000000-0000-0000-0000-000000000000",
	4);
INSERT INTO O_OBJ
	VALUES ("3aa4c78b-6981-4249-a93a-87e0e14f07b3",
	'CreditCard',
	18,
	'CREDITCARD',
	'',
	"00000000-0000-0000-0000-000000000000");
INSERT INTO O_NBATTR
	VALUES ("1ecb3801-21b8-4bc9-980b-3ac37ca7195e",
	"3aa4c78b-6981-4249-a93a-87e0e14f07b3");
INSERT INTO O_BATTR
	VALUES ("1ecb3801-21b8-4bc9-980b-3ac37ca7195e",
	"3aa4c78b-6981-4249-a93a-87e0e14f07b3");
INSERT INTO O_ATTR
	VALUES ("1ecb3801-21b8-4bc9-980b-3ac37ca7195e",
	"3aa4c78b-6981-4249-a93a-87e0e14f07b3",
	"436a5009-62ed-4ae4-9c1b-4450511bd9bd",
	'cvcCode',
	'',
	'',
	'cvcCode',
	0,
	"ba5eda7a-def5-0000-0000-000000000002",
	'',
	'');
INSERT INTO O_NBATTR
	VALUES ("436a5009-62ed-4ae4-9c1b-4450511bd9bd",
	"3aa4c78b-6981-4249-a93a-87e0e14f07b3");
INSERT INTO O_BATTR
	VALUES ("436a5009-62ed-4ae4-9c1b-4450511bd9bd",
	"3aa4c78b-6981-4249-a93a-87e0e14f07b3");
INSERT INTO O_ATTR
	VALUES ("436a5009-62ed-4ae4-9c1b-4450511bd9bd",
	"3aa4c78b-6981-4249-a93a-87e0e14f07b3",
	"7b30fa3b-0ff7-4475-89d9-dfd446eba0d6",
	'expirationDate',
	'',
	'',
	'expirationDate',
	0,
	"ba5eda7a-def5-0000-0000-00000000000e",
	'',
	'');
INSERT INTO O_NBATTR
	VALUES ("7b30fa3b-0ff7-4475-89d9-dfd446eba0d6",
	"3aa4c78b-6981-4249-a93a-87e0e14f07b3");
INSERT INTO O_BATTR
	VALUES ("7b30fa3b-0ff7-4475-89d9-dfd446eba0d6",
	"3aa4c78b-6981-4249-a93a-87e0e14f07b3");
INSERT INTO O_ATTR
	VALUES ("7b30fa3b-0ff7-4475-89d9-dfd446eba0d6",
	"3aa4c78b-6981-4249-a93a-87e0e14f07b3",
	"00000000-0000-0000-0000-000000000000",
	'cardNumber',
	'',
	'',
	'cardNumber',
	0,
	"ba5eda7a-def5-0000-0000-000000000002",
	'',
	'');
INSERT INTO O_ID
	VALUES (2,
	"3aa4c78b-6981-4249-a93a-87e0e14f07b3");
INSERT INTO O_ID
	VALUES (1,
	"3aa4c78b-6981-4249-a93a-87e0e14f07b3");
INSERT INTO O_ID
	VALUES (0,
	"3aa4c78b-6981-4249-a93a-87e0e14f07b3");
INSERT INTO PE_PE
	VALUES ("bd271967-a0a4-4bd7-9783-303111ffdc9b",
	1,
	"960454f9-cf5f-4331-88bf-8023709586b1",
	"00000000-0000-0000-0000-000000000000",
	4);
INSERT INTO O_OBJ
	VALUES ("bd271967-a0a4-4bd7-9783-303111ffdc9b",
	'Customer',
	20,
	'CUSTOMER',
	'',
	"00000000-0000-0000-0000-000000000000");
INSERT INTO O_NBATTR
	VALUES ("d7ab9c18-4a8e-4361-919f-bf2193fc4147",
	"bd271967-a0a4-4bd7-9783-303111ffdc9b");
INSERT INTO O_BATTR
	VALUES ("d7ab9c18-4a8e-4361-919f-bf2193fc4147",
	"bd271967-a0a4-4bd7-9783-303111ffdc9b");
INSERT INTO O_ATTR
	VALUES ("d7ab9c18-4a8e-4361-919f-bf2193fc4147",
	"bd271967-a0a4-4bd7-9783-303111ffdc9b",
	"dc17542e-30df-48f7-8741-c6c824345a60",
	'customerID',
	'',
	'',
	'customerID',
	0,
	"ba5eda7a-def5-0000-0000-000000000002",
	'',
	'');
INSERT INTO O_NBATTR
	VALUES ("dc17542e-30df-48f7-8741-c6c824345a60",
	"bd271967-a0a4-4bd7-9783-303111ffdc9b");
INSERT INTO O_BATTR
	VALUES ("dc17542e-30df-48f7-8741-c6c824345a60",
	"bd271967-a0a4-4bd7-9783-303111ffdc9b");
INSERT INTO O_ATTR
	VALUES ("dc17542e-30df-48f7-8741-c6c824345a60",
	"bd271967-a0a4-4bd7-9783-303111ffdc9b",
	"00000000-0000-0000-0000-000000000000",
	'name',
	'',
	'',
	'name',
	0,
	"ba5eda7a-def5-0000-0000-000000000004",
	'',
	'');
INSERT INTO O_ID
	VALUES (2,
	"bd271967-a0a4-4bd7-9783-303111ffdc9b");
INSERT INTO O_ID
	VALUES (1,
	"bd271967-a0a4-4bd7-9783-303111ffdc9b");
INSERT INTO O_ID
	VALUES (0,
	"bd271967-a0a4-4bd7-9783-303111ffdc9b");
INSERT INTO PE_PE
	VALUES ("4b839513-bd70-4d73-85ed-c06b10ee091a",
	1,
	"960454f9-cf5f-4331-88bf-8023709586b1",
	"00000000-0000-0000-0000-000000000000",
	4);
INSERT INTO O_OBJ
	VALUES ("4b839513-bd70-4d73-85ed-c06b10ee091a",
	'Facility',
	3,
	'FACILITY',
	'',
	"00000000-0000-0000-0000-000000000000");
INSERT INTO O_NBATTR
	VALUES ("f68e319f-09bf-4974-af63-20ff8c0aa86d",
	"4b839513-bd70-4d73-85ed-c06b10ee091a");
INSERT INTO O_BATTR
	VALUES ("f68e319f-09bf-4974-af63-20ff8c0aa86d",
	"4b839513-bd70-4d73-85ed-c06b10ee091a");
INSERT INTO O_ATTR
	VALUES ("f68e319f-09bf-4974-af63-20ff8c0aa86d",
	"4b839513-bd70-4d73-85ed-c06b10ee091a",
	"c291b39a-a3ce-4de8-94c2-657b168ceedd",
	'checkedOut',
	'',
	'',
	'checkedOut',
	0,
	"ba5eda7a-def5-0000-0000-000000000010",
	'',
	'');
INSERT INTO O_NBATTR
	VALUES ("c291b39a-a3ce-4de8-94c2-657b168ceedd",
	"4b839513-bd70-4d73-85ed-c06b10ee091a");
INSERT INTO O_BATTR
	VALUES ("c291b39a-a3ce-4de8-94c2-657b168ceedd",
	"4b839513-bd70-4d73-85ed-c06b10ee091a");
INSERT INTO O_ATTR
	VALUES ("c291b39a-a3ce-4de8-94c2-657b168ceedd",
	"4b839513-bd70-4d73-85ed-c06b10ee091a",
	"e22cda36-25e1-4b81-aef1-d74c43020c14",
	'checkedIn',
	'',
	'',
	'checkedIn',
	0,
	"ba5eda7a-def5-0000-0000-000000000010",
	'',
	'');
INSERT INTO O_NBATTR
	VALUES ("e22cda36-25e1-4b81-aef1-d74c43020c14",
	"4b839513-bd70-4d73-85ed-c06b10ee091a");
INSERT INTO O_BATTR
	VALUES ("e22cda36-25e1-4b81-aef1-d74c43020c14",
	"4b839513-bd70-4d73-85ed-c06b10ee091a");
INSERT INTO O_ATTR
	VALUES ("e22cda36-25e1-4b81-aef1-d74c43020c14",
	"4b839513-bd70-4d73-85ed-c06b10ee091a",
	"00000000-0000-0000-0000-000000000000",
	'facilityID',
	'',
	'',
	'facilityID',
	0,
	"ba5eda7a-def5-0000-0000-000000000004",
	'',
	'');
INSERT INTO O_ID
	VALUES (2,
	"4b839513-bd70-4d73-85ed-c06b10ee091a");
INSERT INTO O_ID
	VALUES (1,
	"4b839513-bd70-4d73-85ed-c06b10ee091a");
INSERT INTO O_ID
	VALUES (0,
	"4b839513-bd70-4d73-85ed-c06b10ee091a");
INSERT INTO PE_PE
	VALUES ("bb0b5c24-97a4-43d0-bb19-ce1683a93dc8",
	1,
	"960454f9-cf5f-4331-88bf-8023709586b1",
	"00000000-0000-0000-0000-000000000000",
	4);
INSERT INTO O_OBJ
	VALUES ("bb0b5c24-97a4-43d0-bb19-ce1683a93dc8",
	'FacilityGroup',
	4,
	'FACILITYGROUP',
	'',
	"00000000-0000-0000-0000-000000000000");
INSERT INTO O_NBATTR
	VALUES ("6b52b505-f421-4f29-9799-2e95cb2f7a89",
	"bb0b5c24-97a4-43d0-bb19-ce1683a93dc8");
INSERT INTO O_BATTR
	VALUES ("6b52b505-f421-4f29-9799-2e95cb2f7a89",
	"bb0b5c24-97a4-43d0-bb19-ce1683a93dc8");
INSERT INTO O_ATTR
	VALUES ("6b52b505-f421-4f29-9799-2e95cb2f7a89",
	"bb0b5c24-97a4-43d0-bb19-ce1683a93dc8",
	"00000000-0000-0000-0000-000000000000",
	'name',
	'',
	'',
	'name',
	0,
	"ba5eda7a-def5-0000-0000-000000000004",
	'',
	'');
INSERT INTO O_ID
	VALUES (2,
	"bb0b5c24-97a4-43d0-bb19-ce1683a93dc8");
INSERT INTO O_ID
	VALUES (1,
	"bb0b5c24-97a4-43d0-bb19-ce1683a93dc8");
INSERT INTO O_ID
	VALUES (0,
	"bb0b5c24-97a4-43d0-bb19-ce1683a93dc8");
INSERT INTO PE_PE
	VALUES ("bafdc953-1881-43a3-a5f1-9dcc7e2d60c3",
	1,
	"960454f9-cf5f-4331-88bf-8023709586b1",
	"00000000-0000-0000-0000-000000000000",
	4);
INSERT INTO O_OBJ
	VALUES ("bafdc953-1881-43a3-a5f1-9dcc7e2d60c3",
	'FacilityType',
	2,
	'FACILITYTYPE',
	'',
	"00000000-0000-0000-0000-000000000000");
INSERT INTO O_TFR
	VALUES ("7c6f1c17-66e4-4037-8be9-f2078ba06981",
	"bafdc953-1881-43a3-a5f1-9dcc7e2d60c3",
	'getPossibleExtras',
	'',
	"df204ffe-8ba5-4335-839a-3b03a55091e7",
	1,
	'',
	1,
	'',
	"00000000-0000-0000-0000-000000000000");
INSERT INTO ACT_OPB
	VALUES ("02aa3334-14ba-4524-b50d-01c6090545c2",
	"7c6f1c17-66e4-4037-8be9-f2078ba06981");
INSERT INTO ACT_ACT
	VALUES ("02aa3334-14ba-4524-b50d-01c6090545c2",
	'operation',
	0,
	"6c365e87-d474-4633-9a75-7e9f306359b8",
	"00000000-0000-0000-0000-000000000000",
	0,
	'FacilityType::getPossibleExtras',
	"00000000-0000-0000-0000-000000000000");
INSERT INTO ACT_BLK
	VALUES ("6c365e87-d474-4633-9a75-7e9f306359b8",
	0,
	0,
	0,
	'',
	'',
	'',
	0,
	0,
	0,
	0,
	0,
	0,
	0,
	0,
	0,
	0,
	0,
	0,
	0,
	"02aa3334-14ba-4524-b50d-01c6090545c2",
	"00000000-0000-0000-0000-000000000000");
INSERT INTO O_NBATTR
	VALUES ("839b61ce-d63e-49ba-a0ae-d1b0093bb680",
	"bafdc953-1881-43a3-a5f1-9dcc7e2d60c3");
INSERT INTO O_BATTR
	VALUES ("839b61ce-d63e-49ba-a0ae-d1b0093bb680",
	"bafdc953-1881-43a3-a5f1-9dcc7e2d60c3");
INSERT INTO O_ATTR
	VALUES ("839b61ce-d63e-49ba-a0ae-d1b0093bb680",
	"bafdc953-1881-43a3-a5f1-9dcc7e2d60c3",
	"00000000-0000-0000-0000-000000000000",
	'approximateArea',
	'',
	'',
	'approximateArea',
	0,
	"ba5eda7a-def5-0000-0000-000000000004",
	'',
	'');
INSERT INTO O_NBATTR
	VALUES ("c7050232-2f33-4247-8fc7-4866e3c7280d",
	"bafdc953-1881-43a3-a5f1-9dcc7e2d60c3");
INSERT INTO O_BATTR
	VALUES ("c7050232-2f33-4247-8fc7-4866e3c7280d",
	"bafdc953-1881-43a3-a5f1-9dcc7e2d60c3");
INSERT INTO O_ATTR
	VALUES ("c7050232-2f33-4247-8fc7-4866e3c7280d",
	"bafdc953-1881-43a3-a5f1-9dcc7e2d60c3",
	"839b61ce-d63e-49ba-a0ae-d1b0093bb680",
	'id',
	'',
	'',
	'id',
	0,
	"ba5eda7a-def5-0000-0000-000000000005",
	'',
	'');
INSERT INTO O_ID
	VALUES (2,
	"bafdc953-1881-43a3-a5f1-9dcc7e2d60c3");
INSERT INTO O_ID
	VALUES (1,
	"bafdc953-1881-43a3-a5f1-9dcc7e2d60c3");
INSERT INTO O_ID
	VALUES (0,
	"bafdc953-1881-43a3-a5f1-9dcc7e2d60c3");
INSERT INTO PE_PE
	VALUES ("9309978f-bd81-4f9f-96e9-b124c945fbf1",
	1,
	"960454f9-cf5f-4331-88bf-8023709586b1",
	"00000000-0000-0000-0000-000000000000",
	4);
INSERT INTO O_OBJ
	VALUES ("9309978f-bd81-4f9f-96e9-b124c945fbf1",
	'Guest',
	11,
	'GUEST',
	'',
	"00000000-0000-0000-0000-000000000000");
INSERT INTO O_TFR
	VALUES ("0ad92127-a4ab-45f8-845e-1d70fa15b0c5",
	"9309978f-bd81-4f9f-96e9-b124c945fbf1",
	'setFacility',
	'',
	"ba5eda7a-def5-0000-0000-000000000001",
	1,
	'',
	1,
	'',
	"00000000-0000-0000-0000-000000000000");
INSERT INTO O_TPARM
	VALUES ("c1538823-c1f1-44b9-aaaf-e434940cf412",
	"0ad92127-a4ab-45f8-845e-1d70fa15b0c5",
	'facility',
	"bd43dc09-3be2-4ae8-806d-bedb08b1e03c",
	0,
	'',
	"00000000-0000-0000-0000-000000000000",
	'');
INSERT INTO ACT_OPB
	VALUES ("8f07c316-9df9-4ca0-b45d-fa13d4fd769f",
	"0ad92127-a4ab-45f8-845e-1d70fa15b0c5");
INSERT INTO ACT_ACT
	VALUES ("8f07c316-9df9-4ca0-b45d-fa13d4fd769f",
	'operation',
	0,
	"ed4c1893-ee33-4697-9be9-3eaa88664a38",
	"00000000-0000-0000-0000-000000000000",
	0,
	'Guest::setFacility',
	"00000000-0000-0000-0000-000000000000");
INSERT INTO ACT_BLK
	VALUES ("ed4c1893-ee33-4697-9be9-3eaa88664a38",
	0,
	0,
	0,
	'',
	'',
	'',
	0,
	0,
	0,
	0,
	0,
	0,
	0,
	0,
	0,
	0,
	0,
	0,
	0,
	"8f07c316-9df9-4ca0-b45d-fa13d4fd769f",
	"00000000-0000-0000-0000-000000000000");
INSERT INTO O_NBATTR
	VALUES ("d5229f3c-55dc-4032-9fbc-8fa747fca3f4",
	"9309978f-bd81-4f9f-96e9-b124c945fbf1");
INSERT INTO O_BATTR
	VALUES ("d5229f3c-55dc-4032-9fbc-8fa747fca3f4",
	"9309978f-bd81-4f9f-96e9-b124c945fbf1");
INSERT INTO O_ATTR
	VALUES ("d5229f3c-55dc-4032-9fbc-8fa747fca3f4",
	"9309978f-bd81-4f9f-96e9-b124c945fbf1",
	"999973f9-f86f-464b-89b6-b6047a3c5b15",
	'checkedOut',
	'',
	'',
	'checkedOut',
	0,
	"ba5eda7a-def5-0000-0000-000000000010",
	'',
	'');
INSERT INTO O_NBATTR
	VALUES ("999973f9-f86f-464b-89b6-b6047a3c5b15",
	"9309978f-bd81-4f9f-96e9-b124c945fbf1");
INSERT INTO O_BATTR
	VALUES ("999973f9-f86f-464b-89b6-b6047a3c5b15",
	"9309978f-bd81-4f9f-96e9-b124c945fbf1");
INSERT INTO O_ATTR
	VALUES ("999973f9-f86f-464b-89b6-b6047a3c5b15",
	"9309978f-bd81-4f9f-96e9-b124c945fbf1",
	"559211bd-fddf-44c5-9d11-96cb7183956d",
	'checkedIn',
	'',
	'',
	'checkedIn',
	0,
	"ba5eda7a-def5-0000-0000-000000000010",
	'',
	'');
INSERT INTO O_NBATTR
	VALUES ("559211bd-fddf-44c5-9d11-96cb7183956d",
	"9309978f-bd81-4f9f-96e9-b124c945fbf1");
INSERT INTO O_BATTR
	VALUES ("559211bd-fddf-44c5-9d11-96cb7183956d",
	"9309978f-bd81-4f9f-96e9-b124c945fbf1");
INSERT INTO O_ATTR
	VALUES ("559211bd-fddf-44c5-9d11-96cb7183956d",
	"9309978f-bd81-4f9f-96e9-b124c945fbf1",
	"36028530-8e9f-4cac-9d21-dc774eb26d1a",
	'age',
	'',
	'',
	'age',
	0,
	"ba5eda7a-def5-0000-0000-000000000002",
	'',
	'');
INSERT INTO O_NBATTR
	VALUES ("36028530-8e9f-4cac-9d21-dc774eb26d1a",
	"9309978f-bd81-4f9f-96e9-b124c945fbf1");
INSERT INTO O_BATTR
	VALUES ("36028530-8e9f-4cac-9d21-dc774eb26d1a",
	"9309978f-bd81-4f9f-96e9-b124c945fbf1");
INSERT INTO O_ATTR
	VALUES ("36028530-8e9f-4cac-9d21-dc774eb26d1a",
	"9309978f-bd81-4f9f-96e9-b124c945fbf1",
	"00000000-0000-0000-0000-000000000000",
	'name',
	'',
	'',
	'name',
	0,
	"ba5eda7a-def5-0000-0000-000000000004",
	'',
	'');
INSERT INTO O_ID
	VALUES (2,
	"9309978f-bd81-4f9f-96e9-b124c945fbf1");
INSERT INTO O_ID
	VALUES (1,
	"9309978f-bd81-4f9f-96e9-b124c945fbf1");
INSERT INTO O_ID
	VALUES (0,
	"9309978f-bd81-4f9f-96e9-b124c945fbf1");
INSERT INTO PE_PE
	VALUES ("daf3cea3-b187-4d6a-9517-f12785ae9b3a",
	1,
	"960454f9-cf5f-4331-88bf-8023709586b1",
	"00000000-0000-0000-0000-000000000000",
	4);
INSERT INTO O_OBJ
	VALUES ("daf3cea3-b187-4d6a-9517-f12785ae9b3a",
	'Hotel',
	7,
	'HOTEL',
	'',
	"00000000-0000-0000-0000-000000000000");
INSERT INTO O_TFR
	VALUES ("e805ee2f-c747-462d-bf85-43728d65e110",
	"daf3cea3-b187-4d6a-9517-f12785ae9b3a",
	'createFacilityGroup',
	'',
	"ba5eda7a-def5-0000-0000-000000000001",
	1,
	'',
	1,
	'',
	"314bfd58-83f9-4991-98e8-ce0b92f901a4");
INSERT INTO O_TPARM
	VALUES ("bb08cb75-a1ac-4076-a950-d298e9c33a1b",
	"e805ee2f-c747-462d-bf85-43728d65e110",
	'name',
	"ba5eda7a-def5-0000-0000-000000000004",
	0,
	'',
	"00000000-0000-0000-0000-000000000000",
	'');
INSERT INTO ACT_OPB
	VALUES ("59f1104d-d8ad-45b5-b19b-aec0482bf825",
	"e805ee2f-c747-462d-bf85-43728d65e110");
INSERT INTO ACT_ACT
	VALUES ("59f1104d-d8ad-45b5-b19b-aec0482bf825",
	'operation',
	0,
	"906e02a5-0a47-424e-8d05-72432596172d",
	"00000000-0000-0000-0000-000000000000",
	0,
	'Hotel::createFacilityGroup',
	"00000000-0000-0000-0000-000000000000");
INSERT INTO ACT_BLK
	VALUES ("906e02a5-0a47-424e-8d05-72432596172d",
	0,
	0,
	0,
	'',
	'',
	'',
	0,
	0,
	0,
	0,
	0,
	0,
	0,
	0,
	0,
	0,
	0,
	0,
	0,
	"59f1104d-d8ad-45b5-b19b-aec0482bf825",
	"00000000-0000-0000-0000-000000000000");
INSERT INTO O_TFR
	VALUES ("314bfd58-83f9-4991-98e8-ce0b92f901a4",
	"daf3cea3-b187-4d6a-9517-f12785ae9b3a",
	'createStaff',
	'',
	"ba5eda7a-def5-0000-0000-000000000001",
	1,
	'',
	1,
	'',
	"a9d35b92-3364-4384-95f0-07b45f1a6ac2");
INSERT INTO O_TPARM
	VALUES ("fd291d23-a18f-4184-8351-7d2208f8d37f",
	"314bfd58-83f9-4991-98e8-ce0b92f901a4",
	'name',
	"ba5eda7a-def5-0000-0000-000000000004",
	0,
	'',
	"00000000-0000-0000-0000-000000000000",
	'');
INSERT INTO ACT_OPB
	VALUES ("4e0384ac-1d5e-4def-9307-a01134fec3c8",
	"314bfd58-83f9-4991-98e8-ce0b92f901a4");
INSERT INTO ACT_ACT
	VALUES ("4e0384ac-1d5e-4def-9307-a01134fec3c8",
	'operation',
	0,
	"571f51fc-532b-4865-92ae-821198de8cee",
	"00000000-0000-0000-0000-000000000000",
	0,
	'Hotel::createStaff',
	"00000000-0000-0000-0000-000000000000");
INSERT INTO ACT_BLK
	VALUES ("571f51fc-532b-4865-92ae-821198de8cee",
	0,
	0,
	0,
	'',
	'',
	'',
	0,
	0,
	0,
	0,
	0,
	0,
	0,
	0,
	0,
	0,
	0,
	0,
	0,
	"4e0384ac-1d5e-4def-9307-a01134fec3c8",
	"00000000-0000-0000-0000-000000000000");
INSERT INTO O_TFR
	VALUES ("a9d35b92-3364-4384-95f0-07b45f1a6ac2",
	"daf3cea3-b187-4d6a-9517-f12785ae9b3a",
	'createService',
	'',
	"ba5eda7a-def5-0000-0000-000000000001",
	1,
	'',
	1,
	'',
	"dcf32531-3848-47b9-921b-32e4d9282f80");
INSERT INTO O_TPARM
	VALUES ("e9957c9d-da65-489d-a71a-803e10832999",
	"a9d35b92-3364-4384-95f0-07b45f1a6ac2",
	'description',
	"ba5eda7a-def5-0000-0000-000000000004",
	0,
	'',
	"00000000-0000-0000-0000-000000000000",
	'');
INSERT INTO ACT_OPB
	VALUES ("2ecc2e61-9b98-41db-9b9d-a1d04296520c",
	"a9d35b92-3364-4384-95f0-07b45f1a6ac2");
INSERT INTO ACT_ACT
	VALUES ("2ecc2e61-9b98-41db-9b9d-a1d04296520c",
	'operation',
	0,
	"03bff7e6-08ca-460c-a9a2-ed47d3aeb3d4",
	"00000000-0000-0000-0000-000000000000",
	0,
	'Hotel::createService',
	"00000000-0000-0000-0000-000000000000");
INSERT INTO ACT_BLK
	VALUES ("03bff7e6-08ca-460c-a9a2-ed47d3aeb3d4",
	0,
	0,
	0,
	'',
	'',
	'',
	0,
	0,
	0,
	0,
	0,
	0,
	0,
	0,
	0,
	0,
	0,
	0,
	0,
	"2ecc2e61-9b98-41db-9b9d-a1d04296520c",
	"00000000-0000-0000-0000-000000000000");
INSERT INTO O_TFR
	VALUES ("dcf32531-3848-47b9-921b-32e4d9282f80",
	"daf3cea3-b187-4d6a-9517-f12785ae9b3a",
	'createFacility',
	'',
	"ba5eda7a-def5-0000-0000-000000000001",
	1,
	'',
	1,
	'',
	"ccf03a92-529e-4e4e-9ad4-39e811fe957b");
INSERT INTO O_TPARM
	VALUES ("ee8d99a4-2851-4f34-af88-1ba65acd387e",
	"dcf32531-3848-47b9-921b-32e4d9282f80",
	'facilityID',
	"ba5eda7a-def5-0000-0000-000000000004",
	0,
	'',
	"00000000-0000-0000-0000-000000000000",
	'');
INSERT INTO ACT_OPB
	VALUES ("68014000-8760-4094-9b46-73de7a995ee8",
	"dcf32531-3848-47b9-921b-32e4d9282f80");
INSERT INTO ACT_ACT
	VALUES ("68014000-8760-4094-9b46-73de7a995ee8",
	'operation',
	0,
	"bbef2c53-b754-4bb4-bf86-1cc6b8f191c8",
	"00000000-0000-0000-0000-000000000000",
	0,
	'Hotel::createFacility',
	"00000000-0000-0000-0000-000000000000");
INSERT INTO ACT_BLK
	VALUES ("bbef2c53-b754-4bb4-bf86-1cc6b8f191c8",
	0,
	0,
	0,
	'',
	'',
	'',
	0,
	0,
	0,
	0,
	0,
	0,
	0,
	0,
	0,
	0,
	0,
	0,
	0,
	"68014000-8760-4094-9b46-73de7a995ee8",
	"00000000-0000-0000-0000-000000000000");
INSERT INTO O_TFR
	VALUES ("ccf03a92-529e-4e4e-9ad4-39e811fe957b",
	"daf3cea3-b187-4d6a-9517-f12785ae9b3a",
	'availableBookables',
	'',
	"df204ffe-8ba5-4335-839a-3b03a55091e7",
	1,
	'',
	1,
	'',
	"e63532ba-8f8f-46c0-9029-316eba07a309");
INSERT INTO O_TPARM
	VALUES ("80ae5404-e78a-4c3f-ae1a-c46137121f3b",
	"ccf03a92-529e-4e4e-9ad4-39e811fe957b",
	'filter',
	"ba5eda7a-def5-0000-0000-000000000002",
	0,
	'',
	"00000000-0000-0000-0000-000000000000",
	'');
INSERT INTO ACT_OPB
	VALUES ("fb09933a-5384-4f99-aac6-1566c445e21c",
	"ccf03a92-529e-4e4e-9ad4-39e811fe957b");
INSERT INTO ACT_ACT
	VALUES ("fb09933a-5384-4f99-aac6-1566c445e21c",
	'operation',
	0,
	"c8332ac5-0c7a-4dcf-bd0e-3c74ab20dc57",
	"00000000-0000-0000-0000-000000000000",
	0,
	'Hotel::availableBookables',
	"00000000-0000-0000-0000-000000000000");
INSERT INTO ACT_BLK
	VALUES ("c8332ac5-0c7a-4dcf-bd0e-3c74ab20dc57",
	0,
	0,
	0,
	'',
	'',
	'',
	0,
	0,
	0,
	0,
	0,
	0,
	0,
	0,
	0,
	0,
	0,
	0,
	0,
	"fb09933a-5384-4f99-aac6-1566c445e21c",
	"00000000-0000-0000-0000-000000000000");
INSERT INTO O_TFR
	VALUES ("e63532ba-8f8f-46c0-9029-316eba07a309",
	"daf3cea3-b187-4d6a-9517-f12785ae9b3a",
	'addBooking',
	'',
	"ba5eda7a-def5-0000-0000-000000000001",
	1,
	'',
	1,
	'',
	"00000000-0000-0000-0000-000000000000");
INSERT INTO O_TPARM
	VALUES ("e87d143c-b35e-4000-9b94-7b4b3902cb9f",
	"e63532ba-8f8f-46c0-9029-316eba07a309",
	'booking',
	"433f7688-7b95-4f9c-89f1-cf076d691ab7",
	0,
	'',
	"00000000-0000-0000-0000-000000000000",
	'');
INSERT INTO ACT_OPB
	VALUES ("9dabd730-f6d0-478c-aa78-6e33434d4155",
	"e63532ba-8f8f-46c0-9029-316eba07a309");
INSERT INTO ACT_ACT
	VALUES ("9dabd730-f6d0-478c-aa78-6e33434d4155",
	'operation',
	0,
	"1fa5f146-68c2-4fe1-9b45-9ad12723911c",
	"00000000-0000-0000-0000-000000000000",
	0,
	'Hotel::addBooking',
	"00000000-0000-0000-0000-000000000000");
INSERT INTO ACT_BLK
	VALUES ("1fa5f146-68c2-4fe1-9b45-9ad12723911c",
	0,
	0,
	0,
	'',
	'',
	'',
	0,
	0,
	0,
	0,
	0,
	0,
	0,
	0,
	0,
	0,
	0,
	0,
	0,
	"9dabd730-f6d0-478c-aa78-6e33434d4155",
	"00000000-0000-0000-0000-000000000000");
INSERT INTO O_NBATTR
	VALUES ("dd0944e9-2b79-4b67-b2d3-6a3f90157086",
	"daf3cea3-b187-4d6a-9517-f12785ae9b3a");
INSERT INTO O_BATTR
	VALUES ("dd0944e9-2b79-4b67-b2d3-6a3f90157086",
	"daf3cea3-b187-4d6a-9517-f12785ae9b3a");
INSERT INTO O_ATTR
	VALUES ("dd0944e9-2b79-4b67-b2d3-6a3f90157086",
	"daf3cea3-b187-4d6a-9517-f12785ae9b3a",
	"40bf02d7-fb68-44d4-98e2-ed5237db8d14",
	'description',
	'',
	'',
	'description',
	0,
	"ba5eda7a-def5-0000-0000-000000000004",
	'',
	'');
INSERT INTO O_NBATTR
	VALUES ("40bf02d7-fb68-44d4-98e2-ed5237db8d14",
	"daf3cea3-b187-4d6a-9517-f12785ae9b3a");
INSERT INTO O_BATTR
	VALUES ("40bf02d7-fb68-44d4-98e2-ed5237db8d14",
	"daf3cea3-b187-4d6a-9517-f12785ae9b3a");
INSERT INTO O_ATTR
	VALUES ("40bf02d7-fb68-44d4-98e2-ed5237db8d14",
	"daf3cea3-b187-4d6a-9517-f12785ae9b3a",
	"00000000-0000-0000-0000-000000000000",
	'adress',
	'',
	'',
	'adress',
	0,
	"ba5eda7a-def5-0000-0000-000000000004",
	'',
	'');
INSERT INTO O_ID
	VALUES (2,
	"daf3cea3-b187-4d6a-9517-f12785ae9b3a");
INSERT INTO O_ID
	VALUES (1,
	"daf3cea3-b187-4d6a-9517-f12785ae9b3a");
INSERT INTO O_ID
	VALUES (0,
	"daf3cea3-b187-4d6a-9517-f12785ae9b3a");
INSERT INTO PE_PE
	VALUES ("f7fdf9fb-1710-40c4-833a-7cddef46a59a",
	1,
	"960454f9-cf5f-4331-88bf-8023709586b1",
	"00000000-0000-0000-0000-000000000000",
	4);
INSERT INTO O_OBJ
	VALUES ("f7fdf9fb-1710-40c4-833a-7cddef46a59a",
	'Invoice',
	17,
	'INVOICE',
	'',
	"00000000-0000-0000-0000-000000000000");
INSERT INTO O_NBATTR
	VALUES ("c7f83c2d-75a4-41e0-bcef-67fb46eb271f",
	"f7fdf9fb-1710-40c4-833a-7cddef46a59a");
INSERT INTO O_BATTR
	VALUES ("c7f83c2d-75a4-41e0-bcef-67fb46eb271f",
	"f7fdf9fb-1710-40c4-833a-7cddef46a59a");
INSERT INTO O_ATTR
	VALUES ("c7f83c2d-75a4-41e0-bcef-67fb46eb271f",
	"f7fdf9fb-1710-40c4-833a-7cddef46a59a",
	"00000000-0000-0000-0000-000000000000",
	'sentDate',
	'',
	'',
	'sentDate',
	0,
	"ba5eda7a-def5-0000-0000-000000000010",
	'',
	'');
INSERT INTO O_ID
	VALUES (2,
	"f7fdf9fb-1710-40c4-833a-7cddef46a59a");
INSERT INTO O_ID
	VALUES (1,
	"f7fdf9fb-1710-40c4-833a-7cddef46a59a");
INSERT INTO O_ID
	VALUES (0,
	"f7fdf9fb-1710-40c4-833a-7cddef46a59a");
INSERT INTO PE_PE
	VALUES ("7a1c6c92-00d7-49ac-a23b-cfb4d3362f53",
	1,
	"960454f9-cf5f-4331-88bf-8023709586b1",
	"00000000-0000-0000-0000-000000000000",
	4);
INSERT INTO O_OBJ
	VALUES ("7a1c6c92-00d7-49ac-a23b-cfb4d3362f53",
	'Package',
	6,
	'PACKAGE',
	'',
	"00000000-0000-0000-0000-000000000000");
INSERT INTO O_ID
	VALUES (2,
	"7a1c6c92-00d7-49ac-a23b-cfb4d3362f53");
INSERT INTO O_ID
	VALUES (1,
	"7a1c6c92-00d7-49ac-a23b-cfb4d3362f53");
INSERT INTO O_ID
	VALUES (0,
	"7a1c6c92-00d7-49ac-a23b-cfb4d3362f53");
INSERT INTO PE_PE
	VALUES ("d26e1020-b532-43cc-aba6-3b584f19f179",
	1,
	"960454f9-cf5f-4331-88bf-8023709586b1",
	"00000000-0000-0000-0000-000000000000",
	4);
INSERT INTO O_OBJ
	VALUES ("d26e1020-b532-43cc-aba6-3b584f19f179",
	'PaymentMethod',
	15,
	'PAYMENTMETHOD',
	'',
	"00000000-0000-0000-0000-000000000000");
INSERT INTO O_ID
	VALUES (2,
	"d26e1020-b532-43cc-aba6-3b584f19f179");
INSERT INTO O_ID
	VALUES (1,
	"d26e1020-b532-43cc-aba6-3b584f19f179");
INSERT INTO O_ID
	VALUES (0,
	"d26e1020-b532-43cc-aba6-3b584f19f179");
INSERT INTO PE_PE
	VALUES ("d4920e0c-3487-44a7-8290-60ff9ed36c4e",
	1,
	"960454f9-cf5f-4331-88bf-8023709586b1",
	"00000000-0000-0000-0000-000000000000",
	4);
INSERT INTO O_OBJ
	VALUES ("d4920e0c-3487-44a7-8290-60ff9ed36c4e",
	'Privilege',
	9,
	'PRIVILEGE',
	'',
	"00000000-0000-0000-0000-000000000000");
INSERT INTO O_ID
	VALUES (2,
	"d4920e0c-3487-44a7-8290-60ff9ed36c4e");
INSERT INTO O_ID
	VALUES (1,
	"d4920e0c-3487-44a7-8290-60ff9ed36c4e");
INSERT INTO O_ID
	VALUES (0,
	"d4920e0c-3487-44a7-8290-60ff9ed36c4e");
INSERT INTO PE_PE
	VALUES ("1efeba6e-0315-442d-8e70-729b05561bea",
	1,
	"960454f9-cf5f-4331-88bf-8023709586b1",
	"00000000-0000-0000-0000-000000000000",
	4);
INSERT INTO O_OBJ
	VALUES ("1efeba6e-0315-442d-8e70-729b05561bea",
	'Service',
	1,
	'SERVICE',
	'',
	"00000000-0000-0000-0000-000000000000");
INSERT INTO O_NBATTR
	VALUES ("94d24ba7-e81b-4033-ab80-f5b46aa981a3",
	"1efeba6e-0315-442d-8e70-729b05561bea");
INSERT INTO O_BATTR
	VALUES ("94d24ba7-e81b-4033-ab80-f5b46aa981a3",
	"1efeba6e-0315-442d-8e70-729b05561bea");
INSERT INTO O_ATTR
	VALUES ("94d24ba7-e81b-4033-ab80-f5b46aa981a3",
	"1efeba6e-0315-442d-8e70-729b05561bea",
	"f3b73f8a-d0a1-475e-9c5a-2c0b958d674d",
	'description',
	'',
	'',
	'description',
	0,
	"ba5eda7a-def5-0000-0000-000000000004",
	'',
	'');
INSERT INTO O_NBATTR
	VALUES ("f3b73f8a-d0a1-475e-9c5a-2c0b958d674d",
	"1efeba6e-0315-442d-8e70-729b05561bea");
INSERT INTO O_BATTR
	VALUES ("f3b73f8a-d0a1-475e-9c5a-2c0b958d674d",
	"1efeba6e-0315-442d-8e70-729b05561bea");
INSERT INTO O_ATTR
	VALUES ("f3b73f8a-d0a1-475e-9c5a-2c0b958d674d",
	"1efeba6e-0315-442d-8e70-729b05561bea",
	"00000000-0000-0000-0000-000000000000",
	'independent',
	'',
	'',
	'independent',
	0,
	"ba5eda7a-def5-0000-0000-000000000001",
	'',
	'');
INSERT INTO O_ID
	VALUES (2,
	"1efeba6e-0315-442d-8e70-729b05561bea");
INSERT INTO O_ID
	VALUES (1,
	"1efeba6e-0315-442d-8e70-729b05561bea");
INSERT INTO O_ID
	VALUES (0,
	"1efeba6e-0315-442d-8e70-729b05561bea");
INSERT INTO PE_PE
	VALUES ("20ba6bbe-cbf1-487f-84fe-b3855f86b898",
	1,
	"960454f9-cf5f-4331-88bf-8023709586b1",
	"00000000-0000-0000-0000-000000000000",
	4);
INSERT INTO O_OBJ
	VALUES ("20ba6bbe-cbf1-487f-84fe-b3855f86b898",
	'Staff',
	8,
	'STAFF',
	'',
	"00000000-0000-0000-0000-000000000000");
INSERT INTO O_NBATTR
	VALUES ("7f93fcbc-8a42-4885-9ff6-91ff5f717b5b",
	"20ba6bbe-cbf1-487f-84fe-b3855f86b898");
INSERT INTO O_BATTR
	VALUES ("7f93fcbc-8a42-4885-9ff6-91ff5f717b5b",
	"20ba6bbe-cbf1-487f-84fe-b3855f86b898");
INSERT INTO O_ATTR
	VALUES ("7f93fcbc-8a42-4885-9ff6-91ff5f717b5b",
	"20ba6bbe-cbf1-487f-84fe-b3855f86b898",
	"00000000-0000-0000-0000-000000000000",
	'name',
	'',
	'',
	'name',
	0,
	"ba5eda7a-def5-0000-0000-000000000004",
	'',
	'');
INSERT INTO O_ID
	VALUES (2,
	"20ba6bbe-cbf1-487f-84fe-b3855f86b898");
INSERT INTO O_ID
	VALUES (1,
	"20ba6bbe-cbf1-487f-84fe-b3855f86b898");
INSERT INTO O_ID
	VALUES (0,
	"20ba6bbe-cbf1-487f-84fe-b3855f86b898");
INSERT INTO PE_PE
	VALUES ("0968771f-8553-4274-be70-86a03e4e6267",
	1,
	"08644b1f-a992-4e52-8ec3-1f5eff4dec19",
	"00000000-0000-0000-0000-000000000000",
	2);
INSERT INTO C_C
	VALUES ("0968771f-8553-4274-be70-86a03e4e6267",
	"00000000-0000-0000-0000-000000000000",
	"00000000-0000-0000-0000-000000000000",
	'UserComponent',
	'',
	0,
	"00000000-0000-0000-0000-000000000000",
	0,
	'');
INSERT INTO C_PO
	VALUES ("187ffcd4-1a0a-4d08-9368-d7eb60024fef",
	"0968771f-8553-4274-be70-86a03e4e6267",
	'UserInterface',
	0,
	0);
INSERT INTO C_IR
	VALUES ("59710e0c-1d62-4800-a82b-b80bbaed4667",
	"708e7060-3f4e-41ab-94ce-7b712ad36251",
	"00000000-0000-0000-0000-000000000000",
	"187ffcd4-1a0a-4d08-9368-d7eb60024fef");
INSERT INTO C_R
	VALUES ("59710e0c-1d62-4800-a82b-b80bbaed4667",
	'BookingProvider',
	'',
	'Unnamed Interface',
	'UserComponent::UserInterface::BookingProvider');
INSERT INTO SPR_REP
	VALUES ("0f4f0c74-9081-4693-8692-8e7887366c52",
	"8500002a-94f3-4a61-bfa8-32f8fd7d89b4",
	"59710e0c-1d62-4800-a82b-b80bbaed4667");
INSERT INTO SPR_RS
	VALUES ("0f4f0c74-9081-4693-8692-8e7887366c52",
	'requestAvailableBookables',
	'',
	'',
	1);
INSERT INTO ACT_RSB
	VALUES ("d415ebe7-13ef-4a15-80ab-9448dc626fe6",
	"0f4f0c74-9081-4693-8692-8e7887366c52");
INSERT INTO ACT_ACT
	VALUES ("d415ebe7-13ef-4a15-80ab-9448dc626fe6",
	'signal',
	0,
	"262167cd-12c3-4587-8c66-22e794b44a3e",
	"00000000-0000-0000-0000-000000000000",
	0,
	'UserInterface::BookingProvider::requestAvailableBookables',
	"00000000-0000-0000-0000-000000000000");
INSERT INTO ACT_BLK
	VALUES ("262167cd-12c3-4587-8c66-22e794b44a3e",
	0,
	0,
	0,
	'',
	'',
	'',
	0,
	0,
	0,
	0,
	0,
	0,
	0,
	0,
	0,
	0,
	0,
	0,
	0,
	"d415ebe7-13ef-4a15-80ab-9448dc626fe6",
	"00000000-0000-0000-0000-000000000000");
INSERT INTO SPR_REP
	VALUES ("3680a2b1-7282-4b1a-ac97-358f023efa4b",
	"54d1cfcd-e847-40b5-be88-ddf038c56595",
	"59710e0c-1d62-4800-a82b-b80bbaed4667");
INSERT INTO SPR_RS
	VALUES ("3680a2b1-7282-4b1a-ac97-358f023efa4b",
	'available',
	'',
	'',
	1);
INSERT INTO ACT_RSB
	VALUES ("58a28541-b9d5-426f-aa4b-b6f1bd29637f",
	"3680a2b1-7282-4b1a-ac97-358f023efa4b");
INSERT INTO ACT_ACT
	VALUES ("58a28541-b9d5-426f-aa4b-b6f1bd29637f",
	'signal',
	0,
	"1141afa6-700b-41c9-8cbc-da9df36b2130",
	"00000000-0000-0000-0000-000000000000",
	0,
	'UserInterface::BookingProvider::available',
	"00000000-0000-0000-0000-000000000000");
INSERT INTO ACT_BLK
	VALUES ("1141afa6-700b-41c9-8cbc-da9df36b2130",
	0,
	0,
	0,
	'',
	'',
	'',
	0,
	0,
	0,
	0,
	0,
	0,
	0,
	0,
	0,
	0,
	0,
	0,
	0,
	"58a28541-b9d5-426f-aa4b-b6f1bd29637f",
	"00000000-0000-0000-0000-000000000000");
INSERT INTO SPR_REP
	VALUES ("a0805044-494e-48af-9a28-d1e60266c9e8",
	"55b848f9-d68a-4698-bf86-446ac83e49f5",
	"59710e0c-1d62-4800-a82b-b80bbaed4667");
INSERT INTO SPR_RS
	VALUES ("a0805044-494e-48af-9a28-d1e60266c9e8",
	'select',
	'',
	'',
	1);
INSERT INTO ACT_RSB
	VALUES ("fb00b52c-3929-48c3-a61f-1049e13680a3",
	"a0805044-494e-48af-9a28-d1e60266c9e8");
INSERT INTO ACT_ACT
	VALUES ("fb00b52c-3929-48c3-a61f-1049e13680a3",
	'signal',
	0,
	"3a98cbb1-b0dc-457b-a4ea-d3f0eb1236f3",
	"00000000-0000-0000-0000-000000000000",
	0,
	'UserInterface::BookingProvider::select',
	"00000000-0000-0000-0000-000000000000");
INSERT INTO ACT_BLK
	VALUES ("3a98cbb1-b0dc-457b-a4ea-d3f0eb1236f3",
	0,
	0,
	0,
	'',
	'',
	'',
	0,
	0,
	0,
	0,
	0,
	0,
	0,
	0,
	0,
	0,
	0,
	0,
	0,
	"fb00b52c-3929-48c3-a61f-1049e13680a3",
	"00000000-0000-0000-0000-000000000000");
INSERT INTO SPR_REP
	VALUES ("ed1e87bc-d1d1-48c3-85ae-185abad87897",
	"10d65452-16c4-45b0-ad3e-4dec03bb99a7",
	"59710e0c-1d62-4800-a82b-b80bbaed4667");
INSERT INTO SPR_RS
	VALUES ("ed1e87bc-d1d1-48c3-85ae-185abad87897",
	'extraServices',
	'',
	'',
	1);
INSERT INTO ACT_RSB
	VALUES ("98534583-60e6-4500-8ead-e441fb64fcf2",
	"ed1e87bc-d1d1-48c3-85ae-185abad87897");
INSERT INTO ACT_ACT
	VALUES ("98534583-60e6-4500-8ead-e441fb64fcf2",
	'signal',
	0,
	"6a6208f0-14d4-42bc-96f4-2d26e8fa86e1",
	"00000000-0000-0000-0000-000000000000",
	0,
	'UserInterface::BookingProvider::extraServices',
	"00000000-0000-0000-0000-000000000000");
INSERT INTO ACT_BLK
	VALUES ("6a6208f0-14d4-42bc-96f4-2d26e8fa86e1",
	0,
	0,
	0,
	'',
	'',
	'',
	0,
	0,
	0,
	0,
	0,
	0,
	0,
	0,
	0,
	0,
	0,
	0,
	0,
	"98534583-60e6-4500-8ead-e441fb64fcf2",
	"00000000-0000-0000-0000-000000000000");
INSERT INTO SPR_REP
	VALUES ("5eb199d9-39f7-4ed5-a2cb-f0983a52bfa4",
	"87ed1c56-1bee-4041-bca4-056967095bc2",
	"59710e0c-1d62-4800-a82b-b80bbaed4667");
INSERT INTO SPR_RS
	VALUES ("5eb199d9-39f7-4ed5-a2cb-f0983a52bfa4",
	'addServices',
	'',
	'',
	1);
INSERT INTO ACT_RSB
	VALUES ("c4eb536e-34da-44f7-9169-b6d17ba5ea65",
	"5eb199d9-39f7-4ed5-a2cb-f0983a52bfa4");
INSERT INTO ACT_ACT
	VALUES ("c4eb536e-34da-44f7-9169-b6d17ba5ea65",
	'signal',
	0,
	"434f44b4-4bd5-4f26-995a-b11ad51e8c70",
	"00000000-0000-0000-0000-000000000000",
	0,
	'UserInterface::BookingProvider::addServices',
	"00000000-0000-0000-0000-000000000000");
INSERT INTO ACT_BLK
	VALUES ("434f44b4-4bd5-4f26-995a-b11ad51e8c70",
	0,
	0,
	0,
	'',
	'',
	'',
	0,
	0,
	0,
	0,
	0,
	0,
	0,
	0,
	0,
	0,
	0,
	0,
	0,
	"c4eb536e-34da-44f7-9169-b6d17ba5ea65",
	"00000000-0000-0000-0000-000000000000");
INSERT INTO SPR_REP
	VALUES ("d77be9c2-0803-460b-adcd-8208f0b3441b",
	"57eb1124-4a29-48ad-8677-d8760788067a",
	"59710e0c-1d62-4800-a82b-b80bbaed4667");
INSERT INTO SPR_RS
	VALUES ("d77be9c2-0803-460b-adcd-8208f0b3441b",
	'customerDetails',
	'',
	'',
	1);
INSERT INTO ACT_RSB
	VALUES ("42f4d204-dbed-4084-a088-90932cd5a493",
	"d77be9c2-0803-460b-adcd-8208f0b3441b");
INSERT INTO ACT_ACT
	VALUES ("42f4d204-dbed-4084-a088-90932cd5a493",
	'signal',
	0,
	"3316cac2-b47a-4e3b-955a-2e4866cfa148",
	"00000000-0000-0000-0000-000000000000",
	0,
	'UserInterface::BookingProvider::customerDetails',
	"00000000-0000-0000-0000-000000000000");
INSERT INTO ACT_BLK
	VALUES ("3316cac2-b47a-4e3b-955a-2e4866cfa148",
	0,
	0,
	0,
	'',
	'',
	'',
	0,
	0,
	0,
	0,
	0,
	0,
	0,
	0,
	0,
	0,
	0,
	0,
	0,
	"42f4d204-dbed-4084-a088-90932cd5a493",
	"00000000-0000-0000-0000-000000000000");
INSERT INTO SPR_REP
	VALUES ("ffb380d8-057b-4e3e-8756-add42a8f81d8",
	"275df8ce-b628-4b96-85dd-66e9224fc9df",
	"59710e0c-1d62-4800-a82b-b80bbaed4667");
INSERT INTO SPR_RS
	VALUES ("ffb380d8-057b-4e3e-8756-add42a8f81d8",
	'addGuest',
	'',
	'',
	1);
INSERT INTO ACT_RSB
	VALUES ("17209a9e-7404-4772-8096-1d9284ca8142",
	"ffb380d8-057b-4e3e-8756-add42a8f81d8");
INSERT INTO ACT_ACT
	VALUES ("17209a9e-7404-4772-8096-1d9284ca8142",
	'signal',
	0,
	"eb6c0925-f669-4c54-9b43-81c6661c18c6",
	"00000000-0000-0000-0000-000000000000",
	0,
	'UserInterface::BookingProvider::addGuest',
	"00000000-0000-0000-0000-000000000000");
INSERT INTO ACT_BLK
	VALUES ("eb6c0925-f669-4c54-9b43-81c6661c18c6",
	0,
	0,
	0,
	'',
	'',
	'',
	0,
	0,
	0,
	0,
	0,
	0,
	0,
	0,
	0,
	0,
	0,
	0,
	0,
	"17209a9e-7404-4772-8096-1d9284ca8142",
	"00000000-0000-0000-0000-000000000000");
INSERT INTO SPR_REP
	VALUES ("4ff24761-bc79-4d00-be36-ac08fa93359b",
	"40e06920-24e2-499d-b1c8-deb66c9637ec",
	"59710e0c-1d62-4800-a82b-b80bbaed4667");
INSERT INTO SPR_RS
	VALUES ("4ff24761-bc79-4d00-be36-ac08fa93359b",
	'paymentInfo',
	'',
	'',
	1);
INSERT INTO ACT_RSB
	VALUES ("8f7b370b-59fe-4ae7-a515-49bda5b84cac",
	"4ff24761-bc79-4d00-be36-ac08fa93359b");
INSERT INTO ACT_ACT
	VALUES ("8f7b370b-59fe-4ae7-a515-49bda5b84cac",
	'signal',
	0,
	"240a2487-5a37-4ec8-890b-0f405552a0c0",
	"00000000-0000-0000-0000-000000000000",
	0,
	'UserInterface::BookingProvider::paymentInfo',
	"00000000-0000-0000-0000-000000000000");
INSERT INTO ACT_BLK
	VALUES ("240a2487-5a37-4ec8-890b-0f405552a0c0",
	0,
	0,
	0,
	'',
	'',
	'',
	0,
	0,
	0,
	0,
	0,
	0,
	0,
	0,
	0,
	0,
	0,
	0,
	0,
	"8f7b370b-59fe-4ae7-a515-49bda5b84cac",
	"00000000-0000-0000-0000-000000000000");
INSERT INTO SPR_REP
	VALUES ("562d9bef-da1e-4569-aa14-e81b3c6803b7",
	"19aa6808-338c-45b0-8a31-1b3efb70b47a",
	"59710e0c-1d62-4800-a82b-b80bbaed4667");
INSERT INTO SPR_RS
	VALUES ("562d9bef-da1e-4569-aa14-e81b3c6803b7",
	'bookingConfirmation',
	'',
	'',
	1);
INSERT INTO ACT_RSB
	VALUES ("2fe738d1-2075-4650-9754-4cba2bc5273c",
	"562d9bef-da1e-4569-aa14-e81b3c6803b7");
INSERT INTO ACT_ACT
	VALUES ("2fe738d1-2075-4650-9754-4cba2bc5273c",
	'signal',
	0,
	"8e156ca7-a395-41a8-883a-382f7f996cdd",
	"00000000-0000-0000-0000-000000000000",
	0,
	'UserInterface::BookingProvider::bookingConfirmation',
	"00000000-0000-0000-0000-000000000000");
INSERT INTO ACT_BLK
	VALUES ("8e156ca7-a395-41a8-883a-382f7f996cdd",
	0,
	0,
	0,
	'',
	'',
	'',
	0,
	0,
	0,
	0,
	0,
	0,
	0,
	0,
	0,
	0,
	0,
	0,
	0,
	"2fe738d1-2075-4650-9754-4cba2bc5273c",
	"00000000-0000-0000-0000-000000000000");
INSERT INTO SPR_REP
	VALUES ("a8898a52-2111-40f1-9da3-70247604dd4d",
	"89169ec3-d50b-4b5b-95fa-d95fb15c3f98",
	"59710e0c-1d62-4800-a82b-b80bbaed4667");
INSERT INTO SPR_RS
	VALUES ("a8898a52-2111-40f1-9da3-70247604dd4d",
	'errorSignal',
	'',
	'',
	1);
INSERT INTO ACT_RSB
	VALUES ("8815b047-14df-4525-9e53-70d44ce89e52",
	"a8898a52-2111-40f1-9da3-70247604dd4d");
INSERT INTO ACT_ACT
	VALUES ("8815b047-14df-4525-9e53-70d44ce89e52",
	'signal',
	0,
	"3e454b25-f38f-4b50-a970-f8783acd40be",
	"00000000-0000-0000-0000-000000000000",
	0,
	'UserInterface::BookingProvider::errorSignal',
	"00000000-0000-0000-0000-000000000000");
INSERT INTO ACT_BLK
	VALUES ("3e454b25-f38f-4b50-a970-f8783acd40be",
	0,
	0,
	0,
	'',
	'',
	'',
	0,
	0,
	0,
	0,
	0,
	0,
	0,
	0,
	0,
	0,
	0,
	0,
	0,
	"8815b047-14df-4525-9e53-70d44ce89e52",
	"00000000-0000-0000-0000-000000000000");
INSERT INTO SPR_REP
	VALUES ("4008216b-9430-4340-b497-4f91f4977fec",
	"b21fad1b-897b-424f-84f8-01bdab76de49",
	"59710e0c-1d62-4800-a82b-b80bbaed4667");
INSERT INTO SPR_RS
	VALUES ("4008216b-9430-4340-b497-4f91f4977fec",
	'requestSession',
	'',
	'',
	1);
INSERT INTO ACT_RSB
	VALUES ("3dc6b916-e570-48a9-b828-5ee70a5ee169",
	"4008216b-9430-4340-b497-4f91f4977fec");
INSERT INTO ACT_ACT
	VALUES ("3dc6b916-e570-48a9-b828-5ee70a5ee169",
	'signal',
	0,
	"ed4855db-de5b-4bfc-9c87-3b2ceb782385",
	"00000000-0000-0000-0000-000000000000",
	0,
	'UserInterface::BookingProvider::requestSession',
	"00000000-0000-0000-0000-000000000000");
INSERT INTO ACT_BLK
	VALUES ("ed4855db-de5b-4bfc-9c87-3b2ceb782385",
	0,
	0,
	0,
	'',
	'',
	'',
	0,
	0,
	0,
	0,
	0,
	0,
	0,
	0,
	0,
	0,
	0,
	0,
	0,
	"3dc6b916-e570-48a9-b828-5ee70a5ee169",
	"00000000-0000-0000-0000-000000000000");
INSERT INTO SPR_REP
	VALUES ("8a7f3173-16b8-460c-b31e-aab059b3d85e",
	"0a31b7ea-b3a4-43b3-bfab-1e664637468e",
	"59710e0c-1d62-4800-a82b-b80bbaed4667");
INSERT INTO SPR_RS
	VALUES ("8a7f3173-16b8-460c-b31e-aab059b3d85e",
	'session',
	'',
	'LOG::LogInfo(message: "Got session ID");
select any st from instances of SIMPLETEST;

generate SIMPLETEST2:sessionEvent to st;
',
	1);
INSERT INTO ACT_RSB
	VALUES ("9037c215-31f9-4179-bc18-823e2337b9fc",
	"8a7f3173-16b8-460c-b31e-aab059b3d85e");
INSERT INTO ACT_ACT
	VALUES ("9037c215-31f9-4179-bc18-823e2337b9fc",
	'signal',
	0,
	"707c2d40-6f51-4661-99df-d4f759f20871",
	"00000000-0000-0000-0000-000000000000",
	0,
	'UserInterface::BookingProvider::session',
	"00000000-0000-0000-0000-000000000000");
INSERT INTO ACT_BLK
	VALUES ("707c2d40-6f51-4661-99df-d4f759f20871",
	1,
	0,
	0,
	'V_VAR.Var_ID',
	'',
	'',
	4,
	1,
	2,
	33,
	0,
	0,
	0,
	0,
	0,
	0,
	0,
	0,
	0,
	"9037c215-31f9-4179-bc18-823e2337b9fc",
	"00000000-0000-0000-0000-000000000000");
INSERT INTO ACT_SMT
	VALUES ("5f0a141c-8b69-408f-9ed5-6f7cb3921e21",
	"707c2d40-6f51-4661-99df-d4f759f20871",
	"d1fafaa0-2399-4340-984b-523c710eb700",
	1,
	1,
	'UserInterface::BookingProvider::session line: 1');
INSERT INTO ACT_BRG
	VALUES ("5f0a141c-8b69-408f-9ed5-6f7cb3921e21",
	"768e1cca-7403-495c-9b22-afd11a473eb6",
	1,
	6,
	1,
	1);
INSERT INTO ACT_SMT
	VALUES ("d1fafaa0-2399-4340-984b-523c710eb700",
	"707c2d40-6f51-4661-99df-d4f759f20871",
	"41688595-b892-4a08-a929-21c0a9de336d",
	2,
	1,
	'UserInterface::BookingProvider::session line: 2');
INSERT INTO ACT_FIO
	VALUES ("d1fafaa0-2399-4340-984b-523c710eb700",
	"09700aa5-979e-4324-898b-e933804c4091",
	1,
	'any',
	"6daee5e1-aefd-49c8-b18d-234fb0eb1928",
	2,
	33);
INSERT INTO ACT_SMT
	VALUES ("41688595-b892-4a08-a929-21c0a9de336d",
	"707c2d40-6f51-4661-99df-d4f759f20871",
	"00000000-0000-0000-0000-000000000000",
	4,
	1,
	'UserInterface::BookingProvider::session line: 4');
INSERT INTO E_ESS
	VALUES ("41688595-b892-4a08-a929-21c0a9de336d",
	1,
	0,
	4,
	10,
	4,
	22,
	2,
	33,
	0,
	0,
	0,
	0);
INSERT INTO E_GES
	VALUES ("41688595-b892-4a08-a929-21c0a9de336d");
INSERT INTO E_GSME
	VALUES ("41688595-b892-4a08-a929-21c0a9de336d",
	"2a21dfc2-cf8a-496d-91fa-d6cd6995d113");
INSERT INTO E_GEN
	VALUES ("41688595-b892-4a08-a929-21c0a9de336d",
	"09700aa5-979e-4324-898b-e933804c4091");
INSERT INTO V_VAL
	VALUES ("4995f3e3-e27e-497a-8e2f-df646a880595",
	0,
	0,
	1,
	23,
	37,
	0,
	0,
	0,
	0,
	"ba5eda7a-def5-0000-0000-000000000004",
	"707c2d40-6f51-4661-99df-d4f759f20871");
INSERT INTO V_LST
	VALUES ("4995f3e3-e27e-497a-8e2f-df646a880595",
	'Got session ID');
INSERT INTO V_PAR
	VALUES ("4995f3e3-e27e-497a-8e2f-df646a880595",
	"5f0a141c-8b69-408f-9ed5-6f7cb3921e21",
	"00000000-0000-0000-0000-000000000000",
	'message',
	"00000000-0000-0000-0000-000000000000",
	1,
	14);
INSERT INTO V_VAR
	VALUES ("09700aa5-979e-4324-898b-e933804c4091",
	"707c2d40-6f51-4661-99df-d4f759f20871",
	'st',
	1,
	"9db8c033-ff94-41f2-bd5c-36e5cdae0e4b");
INSERT INTO V_INT
	VALUES ("09700aa5-979e-4324-898b-e933804c4091",
	0,
	"6daee5e1-aefd-49c8-b18d-234fb0eb1928");
INSERT INTO V_LOC
	VALUES ("53e7f1a0-6ca1-4fd3-903e-88ff7594f8c5",
	2,
	12,
	13,
	"09700aa5-979e-4324-898b-e933804c4091");
INSERT INTO V_LOC
	VALUES ("cbe56215-9496-4362-9941-4b7385b9abc1",
	4,
	38,
	39,
	"09700aa5-979e-4324-898b-e933804c4091");
INSERT INTO PE_PE
	VALUES ("dcd45889-1e8f-44ce-a0ac-90e67ced68c3",
	1,
	"00000000-0000-0000-0000-000000000000",
	"0968771f-8553-4274-be70-86a03e4e6267",
	7);
INSERT INTO EP_PKG
	VALUES ("dcd45889-1e8f-44ce-a0ac-90e67ced68c3",
	"00000000-0000-0000-0000-000000000000",
	"77552e13-265a-4a67-beca-bb6af5f15d0b",
	'TestCases',
	'',
	0);
INSERT INTO PE_PE
	VALUES ("6daee5e1-aefd-49c8-b18d-234fb0eb1928",
	1,
	"dcd45889-1e8f-44ce-a0ac-90e67ced68c3",
	"00000000-0000-0000-0000-000000000000",
	4);
INSERT INTO O_OBJ
	VALUES ("6daee5e1-aefd-49c8-b18d-234fb0eb1928",
	'SimpleTest',
	1,
	'SIMPLETEST',
	'',
	"00000000-0000-0000-0000-000000000000");
INSERT INTO O_NBATTR
	VALUES ("fa000d2e-0253-4293-bd82-1e0913c0904f",
	"6daee5e1-aefd-49c8-b18d-234fb0eb1928");
INSERT INTO O_BATTR
	VALUES ("fa000d2e-0253-4293-bd82-1e0913c0904f",
	"6daee5e1-aefd-49c8-b18d-234fb0eb1928");
INSERT INTO O_ATTR
	VALUES ("fa000d2e-0253-4293-bd82-1e0913c0904f",
	"6daee5e1-aefd-49c8-b18d-234fb0eb1928",
	"00000000-0000-0000-0000-000000000000",
	'current_state',
	'',
	'',
	'current_state',
	0,
	"ba5eda7a-def5-0000-0000-000000000006",
	'',
	'');
INSERT INTO O_ID
	VALUES (0,
	"6daee5e1-aefd-49c8-b18d-234fb0eb1928");
INSERT INTO O_ID
	VALUES (1,
	"6daee5e1-aefd-49c8-b18d-234fb0eb1928");
INSERT INTO O_ID
	VALUES (2,
	"6daee5e1-aefd-49c8-b18d-234fb0eb1928");
INSERT INTO SM_ISM
	VALUES ("ff73a57e-de54-43da-89b9-7fc18e7e85a5",
	"6daee5e1-aefd-49c8-b18d-234fb0eb1928");
INSERT INTO SM_SM
	VALUES ("ff73a57e-de54-43da-89b9-7fc18e7e85a5",
	'',
	0);
INSERT INTO SM_MOORE
	VALUES ("ff73a57e-de54-43da-89b9-7fc18e7e85a5");
INSERT INTO SM_LEVT
	VALUES ("571ae000-303e-4af6-9350-7f3c94749e60",
	"ff73a57e-de54-43da-89b9-7fc18e7e85a5",
	"00000000-0000-0000-0000-000000000000");
INSERT INTO SM_SEVT
	VALUES ("571ae000-303e-4af6-9350-7f3c94749e60",
	"ff73a57e-de54-43da-89b9-7fc18e7e85a5",
	"00000000-0000-0000-0000-000000000000");
INSERT INTO SM_EVT
	VALUES ("571ae000-303e-4af6-9350-7f3c94749e60",
	"ff73a57e-de54-43da-89b9-7fc18e7e85a5",
	"00000000-0000-0000-0000-000000000000",
	1,
	'start',
	0,
	'',
	'SIMPLETEST1',
	'');
INSERT INTO SM_LEVT
	VALUES ("2a21dfc2-cf8a-496d-91fa-d6cd6995d113",
	"ff73a57e-de54-43da-89b9-7fc18e7e85a5",
	"00000000-0000-0000-0000-000000000000");
INSERT INTO SM_SEVT
	VALUES ("2a21dfc2-cf8a-496d-91fa-d6cd6995d113",
	"ff73a57e-de54-43da-89b9-7fc18e7e85a5",
	"00000000-0000-0000-0000-000000000000");
INSERT INTO SM_EVT
	VALUES ("2a21dfc2-cf8a-496d-91fa-d6cd6995d113",
	"ff73a57e-de54-43da-89b9-7fc18e7e85a5",
	"00000000-0000-0000-0000-000000000000",
	2,
	'sessionEvent',
	0,
	'',
	'SIMPLETEST2',
	'');
INSERT INTO SM_STATE
	VALUES ("ff3aa0df-09b3-4d91-b2a7-212ccf415d16",
	"ff73a57e-de54-43da-89b9-7fc18e7e85a5",
	"00000000-0000-0000-0000-000000000000",
	'entryPoint',
	1,
	0);
INSERT INTO SM_SEME
	VALUES ("ff3aa0df-09b3-4d91-b2a7-212ccf415d16",
	"571ae000-303e-4af6-9350-7f3c94749e60",
	"ff73a57e-de54-43da-89b9-7fc18e7e85a5",
	"00000000-0000-0000-0000-000000000000");
INSERT INTO SM_CH
	VALUES ("ff3aa0df-09b3-4d91-b2a7-212ccf415d16",
	"2a21dfc2-cf8a-496d-91fa-d6cd6995d113",
	"ff73a57e-de54-43da-89b9-7fc18e7e85a5",
	"00000000-0000-0000-0000-000000000000",
	'');
INSERT INTO SM_SEME
	VALUES ("ff3aa0df-09b3-4d91-b2a7-212ccf415d16",
	"2a21dfc2-cf8a-496d-91fa-d6cd6995d113",
	"ff73a57e-de54-43da-89b9-7fc18e7e85a5",
	"00000000-0000-0000-0000-000000000000");
INSERT INTO SM_MOAH
	VALUES ("cb212bf5-d2bb-45da-8e27-c663ec05029f",
	"ff73a57e-de54-43da-89b9-7fc18e7e85a5",
	"ff3aa0df-09b3-4d91-b2a7-212ccf415d16");
INSERT INTO SM_AH
	VALUES ("cb212bf5-d2bb-45da-8e27-c663ec05029f",
	"ff73a57e-de54-43da-89b9-7fc18e7e85a5");
INSERT INTO SM_ACT
	VALUES ("cb212bf5-d2bb-45da-8e27-c663ec05029f",
	"ff73a57e-de54-43da-89b9-7fc18e7e85a5",
	1,
	'LOG::LogInfo(message: "Starting simple test... woopido");
',
	'');
INSERT INTO ACT_SAB
	VALUES ("d10b32cb-1ade-4eff-ae05-2ff68e86d45f",
	"ff73a57e-de54-43da-89b9-7fc18e7e85a5",
	"cb212bf5-d2bb-45da-8e27-c663ec05029f");
INSERT INTO ACT_ACT
	VALUES ("d10b32cb-1ade-4eff-ae05-2ff68e86d45f",
	'state',
	0,
	"0aa42a47-ba81-471b-aa94-a07fc633874b",
	"00000000-0000-0000-0000-000000000000",
	0,
	'SimpleTest::entryPoint',
	"00000000-0000-0000-0000-000000000000");
INSERT INTO ACT_BLK
	VALUES ("0aa42a47-ba81-471b-aa94-a07fc633874b",
	0,
	0,
	0,
	'LOG',
	'',
	'',
	1,
	1,
	1,
	1,
	0,
	0,
	0,
	0,
	0,
	0,
	0,
	0,
	0,
	"d10b32cb-1ade-4eff-ae05-2ff68e86d45f",
	"00000000-0000-0000-0000-000000000000");
INSERT INTO ACT_SMT
	VALUES ("60acdff8-5e46-4967-8292-77255a649d5b",
	"0aa42a47-ba81-471b-aa94-a07fc633874b",
	"00000000-0000-0000-0000-000000000000",
	1,
	1,
	'SimpleTest::entryPoint line: 1');
INSERT INTO ACT_BRG
	VALUES ("60acdff8-5e46-4967-8292-77255a649d5b",
	"768e1cca-7403-495c-9b22-afd11a473eb6",
	1,
	6,
	1,
	1);
INSERT INTO V_VAL
	VALUES ("91055ddb-aeef-47e7-8224-69bf5cd29376",
	0,
	0,
	1,
	23,
	54,
	0,
	0,
	0,
	0,
	"ba5eda7a-def5-0000-0000-000000000004",
	"0aa42a47-ba81-471b-aa94-a07fc633874b");
INSERT INTO V_LST
	VALUES ("91055ddb-aeef-47e7-8224-69bf5cd29376",
	'Starting simple test... woopido');
INSERT INTO V_PAR
	VALUES ("91055ddb-aeef-47e7-8224-69bf5cd29376",
	"60acdff8-5e46-4967-8292-77255a649d5b",
	"00000000-0000-0000-0000-000000000000",
	'message',
	"00000000-0000-0000-0000-000000000000",
	1,
	14);
INSERT INTO SM_STATE
	VALUES ("69ed6288-8a7a-4a78-8509-c5afa7b80900",
	"ff73a57e-de54-43da-89b9-7fc18e7e85a5",
	"00000000-0000-0000-0000-000000000000",
	'requestSession',
	2,
	0);
INSERT INTO SM_CH
	VALUES ("69ed6288-8a7a-4a78-8509-c5afa7b80900",
	"571ae000-303e-4af6-9350-7f3c94749e60",
	"ff73a57e-de54-43da-89b9-7fc18e7e85a5",
	"00000000-0000-0000-0000-000000000000",
	'');
INSERT INTO SM_SEME
	VALUES ("69ed6288-8a7a-4a78-8509-c5afa7b80900",
	"571ae000-303e-4af6-9350-7f3c94749e60",
	"ff73a57e-de54-43da-89b9-7fc18e7e85a5",
	"00000000-0000-0000-0000-000000000000");
INSERT INTO SM_SEME
	VALUES ("69ed6288-8a7a-4a78-8509-c5afa7b80900",
	"2a21dfc2-cf8a-496d-91fa-d6cd6995d113",
	"ff73a57e-de54-43da-89b9-7fc18e7e85a5",
	"00000000-0000-0000-0000-000000000000");
INSERT INTO SM_MOAH
	VALUES ("7bfddb0f-c3e6-4837-b6e1-2f61082ec5e2",
	"ff73a57e-de54-43da-89b9-7fc18e7e85a5",
	"69ed6288-8a7a-4a78-8509-c5afa7b80900");
INSERT INTO SM_AH
	VALUES ("7bfddb0f-c3e6-4837-b6e1-2f61082ec5e2",
	"ff73a57e-de54-43da-89b9-7fc18e7e85a5");
INSERT INTO SM_ACT
	VALUES ("7bfddb0f-c3e6-4837-b6e1-2f61082ec5e2",
	"ff73a57e-de54-43da-89b9-7fc18e7e85a5",
	1,
	'LOG::LogInfo(message: "Starting simple test... requesting session");
send BookingProvider::requestSession();',
	'');
INSERT INTO ACT_SAB
	VALUES ("4bfabff2-aa5a-4e36-9291-42df117bdc39",
	"ff73a57e-de54-43da-89b9-7fc18e7e85a5",
	"7bfddb0f-c3e6-4837-b6e1-2f61082ec5e2");
INSERT INTO ACT_ACT
	VALUES ("4bfabff2-aa5a-4e36-9291-42df117bdc39",
	'state',
	0,
	"d5acc02d-8cfb-461f-9ebb-9176b6a28971",
	"00000000-0000-0000-0000-000000000000",
	0,
	'SimpleTest::requestSession',
	"00000000-0000-0000-0000-000000000000");
INSERT INTO ACT_BLK
	VALUES ("d5acc02d-8cfb-461f-9ebb-9176b6a28971",
	0,
	0,
	0,
	'BookingProvider',
	'',
	'',
	2,
	1,
	2,
	6,
	0,
	0,
	0,
	0,
	0,
	0,
	0,
	0,
	0,
	"4bfabff2-aa5a-4e36-9291-42df117bdc39",
	"00000000-0000-0000-0000-000000000000");
INSERT INTO ACT_SMT
	VALUES ("2c43ff3a-9843-4d94-a17b-22c1f35b62fc",
	"d5acc02d-8cfb-461f-9ebb-9176b6a28971",
	"51da248f-ca48-4049-b594-35a6fcab86ba",
	1,
	1,
	'SimpleTest::requestSession line: 1');
INSERT INTO ACT_BRG
	VALUES ("2c43ff3a-9843-4d94-a17b-22c1f35b62fc",
	"768e1cca-7403-495c-9b22-afd11a473eb6",
	1,
	6,
	1,
	1);
INSERT INTO ACT_SMT
	VALUES ("51da248f-ca48-4049-b594-35a6fcab86ba",
	"d5acc02d-8cfb-461f-9ebb-9176b6a28971",
	"00000000-0000-0000-0000-000000000000",
	2,
	1,
	'SimpleTest::requestSession line: 2');
INSERT INTO ACT_SGN
	VALUES ("51da248f-ca48-4049-b594-35a6fcab86ba",
	2,
	23,
	2,
	6,
	"00000000-0000-0000-0000-000000000000",
	"4008216b-9430-4340-b497-4f91f4977fec",
	"00000000-0000-0000-0000-000000000000");
INSERT INTO V_VAL
	VALUES ("52911282-d3dd-4ded-8062-8223284c16bf",
	0,
	0,
	1,
	23,
	65,
	0,
	0,
	0,
	0,
	"ba5eda7a-def5-0000-0000-000000000004",
	"d5acc02d-8cfb-461f-9ebb-9176b6a28971");
INSERT INTO V_LST
	VALUES ("52911282-d3dd-4ded-8062-8223284c16bf",
	'Starting simple test... requesting session');
INSERT INTO V_PAR
	VALUES ("52911282-d3dd-4ded-8062-8223284c16bf",
	"2c43ff3a-9843-4d94-a17b-22c1f35b62fc",
	"00000000-0000-0000-0000-000000000000",
	'message',
	"00000000-0000-0000-0000-000000000000",
	1,
	14);
INSERT INTO SM_STATE
	VALUES ("8fac4aec-97cb-4a48-8f6e-ef08889c723a",
	"ff73a57e-de54-43da-89b9-7fc18e7e85a5",
	"00000000-0000-0000-0000-000000000000",
	'requestAvailableBookables',
	3,
	0);
INSERT INTO SM_CH
	VALUES ("8fac4aec-97cb-4a48-8f6e-ef08889c723a",
	"571ae000-303e-4af6-9350-7f3c94749e60",
	"ff73a57e-de54-43da-89b9-7fc18e7e85a5",
	"00000000-0000-0000-0000-000000000000",
	'');
INSERT INTO SM_SEME
	VALUES ("8fac4aec-97cb-4a48-8f6e-ef08889c723a",
	"571ae000-303e-4af6-9350-7f3c94749e60",
	"ff73a57e-de54-43da-89b9-7fc18e7e85a5",
	"00000000-0000-0000-0000-000000000000");
INSERT INTO SM_CH
	VALUES ("8fac4aec-97cb-4a48-8f6e-ef08889c723a",
	"2a21dfc2-cf8a-496d-91fa-d6cd6995d113",
	"ff73a57e-de54-43da-89b9-7fc18e7e85a5",
	"00000000-0000-0000-0000-000000000000",
	'');
INSERT INTO SM_SEME
	VALUES ("8fac4aec-97cb-4a48-8f6e-ef08889c723a",
	"2a21dfc2-cf8a-496d-91fa-d6cd6995d113",
	"ff73a57e-de54-43da-89b9-7fc18e7e85a5",
	"00000000-0000-0000-0000-000000000000");
INSERT INTO SM_MOAH
	VALUES ("e12e3fe8-5c7c-4fbf-8611-5a11885ce338",
	"ff73a57e-de54-43da-89b9-7fc18e7e85a5",
	"8fac4aec-97cb-4a48-8f6e-ef08889c723a");
INSERT INTO SM_AH
	VALUES ("e12e3fe8-5c7c-4fbf-8611-5a11885ce338",
	"ff73a57e-de54-43da-89b9-7fc18e7e85a5");
INSERT INTO SM_ACT
	VALUES ("e12e3fe8-5c7c-4fbf-8611-5a11885ce338",
	"ff73a57e-de54-43da-89b9-7fc18e7e85a5",
	1,
	'LOG::LogInfo(message: "Session recieved");',
	'');
INSERT INTO ACT_SAB
	VALUES ("6b7e83f1-0145-40a3-9dc7-0b9e30db69a4",
	"ff73a57e-de54-43da-89b9-7fc18e7e85a5",
	"e12e3fe8-5c7c-4fbf-8611-5a11885ce338");
INSERT INTO ACT_ACT
	VALUES ("6b7e83f1-0145-40a3-9dc7-0b9e30db69a4",
	'state',
	0,
	"9dcc3cba-3f75-4705-8da5-3ad8b2f4b432",
	"00000000-0000-0000-0000-000000000000",
	0,
	'SimpleTest::requestAvailableBookables',
	"00000000-0000-0000-0000-000000000000");
INSERT INTO ACT_BLK
	VALUES ("9dcc3cba-3f75-4705-8da5-3ad8b2f4b432",
	0,
	0,
	0,
	'LOG',
	'',
	'',
	1,
	1,
	1,
	1,
	0,
	0,
	0,
	0,
	0,
	0,
	0,
	0,
	0,
	"6b7e83f1-0145-40a3-9dc7-0b9e30db69a4",
	"00000000-0000-0000-0000-000000000000");
INSERT INTO ACT_SMT
	VALUES ("4d566e88-6eac-4cbb-8e46-766149d0d632",
	"9dcc3cba-3f75-4705-8da5-3ad8b2f4b432",
	"00000000-0000-0000-0000-000000000000",
	1,
	1,
	'SimpleTest::requestAvailableBookables line: 1');
INSERT INTO ACT_BRG
	VALUES ("4d566e88-6eac-4cbb-8e46-766149d0d632",
	"768e1cca-7403-495c-9b22-afd11a473eb6",
	1,
	6,
	1,
	1);
INSERT INTO V_VAL
	VALUES ("8ae4e795-c3ab-4962-a671-cea3b58ff044",
	0,
	0,
	1,
	23,
	39,
	0,
	0,
	0,
	0,
	"ba5eda7a-def5-0000-0000-000000000004",
	"9dcc3cba-3f75-4705-8da5-3ad8b2f4b432");
INSERT INTO V_LST
	VALUES ("8ae4e795-c3ab-4962-a671-cea3b58ff044",
	'Session recieved');
INSERT INTO V_PAR
	VALUES ("8ae4e795-c3ab-4962-a671-cea3b58ff044",
	"4d566e88-6eac-4cbb-8e46-766149d0d632",
	"00000000-0000-0000-0000-000000000000",
	'message',
	"00000000-0000-0000-0000-000000000000",
	1,
	14);
INSERT INTO SM_CRTXN
	VALUES ("5d4c75a5-ca8e-4a22-a325-1e2fb4b2bd0f",
	"ff73a57e-de54-43da-89b9-7fc18e7e85a5",
	"00000000-0000-0000-0000-000000000000",
	"00000000-0000-0000-0000-000000000000");
INSERT INTO SM_TAH
	VALUES ("85bb9e42-b91b-4e88-b799-f796536b3d92",
	"ff73a57e-de54-43da-89b9-7fc18e7e85a5",
	"5d4c75a5-ca8e-4a22-a325-1e2fb4b2bd0f");
INSERT INTO SM_AH
	VALUES ("85bb9e42-b91b-4e88-b799-f796536b3d92",
	"ff73a57e-de54-43da-89b9-7fc18e7e85a5");
INSERT INTO SM_ACT
	VALUES ("85bb9e42-b91b-4e88-b799-f796536b3d92",
	"ff73a57e-de54-43da-89b9-7fc18e7e85a5",
	1,
	'',
	'');
INSERT INTO ACT_TAB
	VALUES ("182bcbd1-8918-4d07-8c59-258e0b0be67c",
	"ff73a57e-de54-43da-89b9-7fc18e7e85a5",
	"85bb9e42-b91b-4e88-b799-f796536b3d92");
INSERT INTO ACT_ACT
	VALUES ("182bcbd1-8918-4d07-8c59-258e0b0be67c",
	'transition',
	0,
	"372e7fb9-e9eb-4e34-b255-ef05f149faa4",
	"00000000-0000-0000-0000-000000000000",
	0,
	'No Event Assigned',
	"00000000-0000-0000-0000-000000000000");
INSERT INTO ACT_BLK
	VALUES ("372e7fb9-e9eb-4e34-b255-ef05f149faa4",
	0,
	0,
	0,
	'',
	'',
	'',
	0,
	0,
	0,
	0,
	0,
	0,
	0,
	0,
	0,
	0,
	0,
	0,
	0,
	"182bcbd1-8918-4d07-8c59-258e0b0be67c",
	"00000000-0000-0000-0000-000000000000");
INSERT INTO SM_TXN
	VALUES ("5d4c75a5-ca8e-4a22-a325-1e2fb4b2bd0f",
	"ff73a57e-de54-43da-89b9-7fc18e7e85a5",
	"ff3aa0df-09b3-4d91-b2a7-212ccf415d16",
	"00000000-0000-0000-0000-000000000000");
INSERT INTO SM_NSTXN
	VALUES ("37a78df7-872d-4fbf-908e-618445b592ba",
	"ff73a57e-de54-43da-89b9-7fc18e7e85a5",
	"ff3aa0df-09b3-4d91-b2a7-212ccf415d16",
	"571ae000-303e-4af6-9350-7f3c94749e60",
	"00000000-0000-0000-0000-000000000000");
INSERT INTO SM_TAH
	VALUES ("aab67572-8ef9-43c5-9aac-3d4b755821f4",
	"ff73a57e-de54-43da-89b9-7fc18e7e85a5",
	"37a78df7-872d-4fbf-908e-618445b592ba");
INSERT INTO SM_AH
	VALUES ("aab67572-8ef9-43c5-9aac-3d4b755821f4",
	"ff73a57e-de54-43da-89b9-7fc18e7e85a5");
INSERT INTO SM_ACT
	VALUES ("aab67572-8ef9-43c5-9aac-3d4b755821f4",
	"ff73a57e-de54-43da-89b9-7fc18e7e85a5",
	1,
	'',
	'');
INSERT INTO ACT_TAB
	VALUES ("39f5bec8-bf5a-481a-af2c-b88c0511c281",
	"ff73a57e-de54-43da-89b9-7fc18e7e85a5",
	"aab67572-8ef9-43c5-9aac-3d4b755821f4");
INSERT INTO ACT_ACT
	VALUES ("39f5bec8-bf5a-481a-af2c-b88c0511c281",
	'transition',
	0,
	"06a4fb47-dccb-444a-9711-77e8fae694e4",
	"00000000-0000-0000-0000-000000000000",
	0,
	'SIMPLETEST1: start',
	"00000000-0000-0000-0000-000000000000");
INSERT INTO ACT_BLK
	VALUES ("06a4fb47-dccb-444a-9711-77e8fae694e4",
	0,
	0,
	0,
	'',
	'',
	'',
	0,
	0,
	0,
	0,
	0,
	0,
	0,
	0,
	0,
	0,
	0,
	0,
	0,
	"39f5bec8-bf5a-481a-af2c-b88c0511c281",
	"00000000-0000-0000-0000-000000000000");
INSERT INTO SM_TXN
	VALUES ("37a78df7-872d-4fbf-908e-618445b592ba",
	"ff73a57e-de54-43da-89b9-7fc18e7e85a5",
	"69ed6288-8a7a-4a78-8509-c5afa7b80900",
	"00000000-0000-0000-0000-000000000000");
INSERT INTO SM_NSTXN
	VALUES ("0f04dfa6-dac0-47a0-b8c3-d4d13cc2f1f7",
	"ff73a57e-de54-43da-89b9-7fc18e7e85a5",
	"69ed6288-8a7a-4a78-8509-c5afa7b80900",
	"2a21dfc2-cf8a-496d-91fa-d6cd6995d113",
	"00000000-0000-0000-0000-000000000000");
INSERT INTO SM_TAH
	VALUES ("dc6f4ce0-453b-4bad-b2e4-768df5994abc",
	"ff73a57e-de54-43da-89b9-7fc18e7e85a5",
	"0f04dfa6-dac0-47a0-b8c3-d4d13cc2f1f7");
INSERT INTO SM_AH
	VALUES ("dc6f4ce0-453b-4bad-b2e4-768df5994abc",
	"ff73a57e-de54-43da-89b9-7fc18e7e85a5");
INSERT INTO SM_ACT
	VALUES ("dc6f4ce0-453b-4bad-b2e4-768df5994abc",
	"ff73a57e-de54-43da-89b9-7fc18e7e85a5",
	1,
	'',
	'');
INSERT INTO ACT_TAB
	VALUES ("cde81d86-25ad-4aed-a068-87a35156f08a",
	"ff73a57e-de54-43da-89b9-7fc18e7e85a5",
	"dc6f4ce0-453b-4bad-b2e4-768df5994abc");
INSERT INTO ACT_ACT
	VALUES ("cde81d86-25ad-4aed-a068-87a35156f08a",
	'transition',
	0,
	"58045135-29e2-4ef4-8193-23fd42989672",
	"00000000-0000-0000-0000-000000000000",
	0,
	'SIMPLETEST2: sessionEvent',
	"00000000-0000-0000-0000-000000000000");
INSERT INTO ACT_BLK
	VALUES ("58045135-29e2-4ef4-8193-23fd42989672",
	0,
	0,
	0,
	'',
	'',
	'',
	0,
	0,
	0,
	0,
	0,
	0,
	0,
	0,
	0,
	0,
	0,
	0,
	0,
	"cde81d86-25ad-4aed-a068-87a35156f08a",
	"00000000-0000-0000-0000-000000000000");
INSERT INTO SM_TXN
	VALUES ("0f04dfa6-dac0-47a0-b8c3-d4d13cc2f1f7",
	"ff73a57e-de54-43da-89b9-7fc18e7e85a5",
	"8fac4aec-97cb-4a48-8f6e-ef08889c723a",
	"00000000-0000-0000-0000-000000000000");
INSERT INTO SM_ASM
	VALUES ("96895ef9-6c20-43e9-ac42-4a9d9b10dc18",
	"6daee5e1-aefd-49c8-b18d-234fb0eb1928");
INSERT INTO SM_SM
	VALUES ("96895ef9-6c20-43e9-ac42-4a9d9b10dc18",
	'',
	0);
INSERT INTO SM_MOORE
	VALUES ("96895ef9-6c20-43e9-ac42-4a9d9b10dc18");
INSERT INTO PE_PE
	VALUES ("68467367-5409-4c38-b4e4-909abfbab8a5",
	1,
	"dcd45889-1e8f-44ce-a0ac-90e67ced68c3",
	"00000000-0000-0000-0000-000000000000",
	1);
INSERT INTO S_SYNC
	VALUES ("68467367-5409-4c38-b4e4-909abfbab8a5",
	"00000000-0000-0000-0000-000000000000",
	'startSimpleTest',
	'',
	'LOG::LogInfo(message: "Starting simpleTest ;");
create object instance st of SIMPLETEST;
generate SIMPLETEST1:start to st;',
	"ba5eda7a-def5-0000-0000-000000000000",
	1,
	'');
INSERT INTO ACT_FNB
	VALUES ("5de3506b-7a00-4bc0-972f-38ef4e40e30b",
	"68467367-5409-4c38-b4e4-909abfbab8a5");
INSERT INTO ACT_ACT
	VALUES ("5de3506b-7a00-4bc0-972f-38ef4e40e30b",
	'function',
	0,
	"3c949ccc-48bf-43c4-a664-14c62b5b16f4",
	"00000000-0000-0000-0000-000000000000",
	0,
	'startSimpleTest',
	"00000000-0000-0000-0000-000000000000");
INSERT INTO ACT_BLK
	VALUES ("3c949ccc-48bf-43c4-a664-14c62b5b16f4",
	0,
	0,
	0,
	'V_VAR.Var_ID',
	'',
	'',
	3,
	1,
	2,
	30,
	0,
	0,
	0,
	0,
	0,
	0,
	0,
	0,
	0,
	"5de3506b-7a00-4bc0-972f-38ef4e40e30b",
	"00000000-0000-0000-0000-000000000000");
INSERT INTO ACT_SMT
	VALUES ("a9a82650-3f53-4625-9f87-10494a159ebc",
	"3c949ccc-48bf-43c4-a664-14c62b5b16f4",
	"23478c88-da8b-415b-a8b7-9707a95dce22",
	1,
	1,
	'startSimpleTest line: 1');
INSERT INTO ACT_BRG
	VALUES ("a9a82650-3f53-4625-9f87-10494a159ebc",
	"768e1cca-7403-495c-9b22-afd11a473eb6",
	1,
	6,
	1,
	1);
INSERT INTO ACT_SMT
	VALUES ("23478c88-da8b-415b-a8b7-9707a95dce22",
	"3c949ccc-48bf-43c4-a664-14c62b5b16f4",
	"d6e46b51-5a37-42f8-aacd-f748002bcec3",
	2,
	1,
	'startSimpleTest line: 2');
INSERT INTO ACT_CR
	VALUES ("23478c88-da8b-415b-a8b7-9707a95dce22",
	"5cf60327-0de7-467c-9aba-93896bb013fb",
	1,
	"6daee5e1-aefd-49c8-b18d-234fb0eb1928",
	2,
	30);
INSERT INTO ACT_SMT
	VALUES ("d6e46b51-5a37-42f8-aacd-f748002bcec3",
	"3c949ccc-48bf-43c4-a664-14c62b5b16f4",
	"00000000-0000-0000-0000-000000000000",
	3,
	1,
	'startSimpleTest line: 3');
INSERT INTO E_ESS
	VALUES ("d6e46b51-5a37-42f8-aacd-f748002bcec3",
	1,
	0,
	3,
	10,
	3,
	22,
	2,
	30,
	0,
	0,
	0,
	0);
INSERT INTO E_GES
	VALUES ("d6e46b51-5a37-42f8-aacd-f748002bcec3");
INSERT INTO E_GSME
	VALUES ("d6e46b51-5a37-42f8-aacd-f748002bcec3",
	"571ae000-303e-4af6-9350-7f3c94749e60");
INSERT INTO E_GEN
	VALUES ("d6e46b51-5a37-42f8-aacd-f748002bcec3",
	"5cf60327-0de7-467c-9aba-93896bb013fb");
INSERT INTO V_VAL
	VALUES ("f82dc494-7e54-41d7-acc0-0b559de60e4d",
	0,
	0,
	1,
	23,
	44,
	0,
	0,
	0,
	0,
	"ba5eda7a-def5-0000-0000-000000000004",
	"3c949ccc-48bf-43c4-a664-14c62b5b16f4");
INSERT INTO V_LST
	VALUES ("f82dc494-7e54-41d7-acc0-0b559de60e4d",
	'Starting simpleTest ;');
INSERT INTO V_PAR
	VALUES ("f82dc494-7e54-41d7-acc0-0b559de60e4d",
	"a9a82650-3f53-4625-9f87-10494a159ebc",
	"00000000-0000-0000-0000-000000000000",
	'message',
	"00000000-0000-0000-0000-000000000000",
	1,
	14);
INSERT INTO V_VAR
	VALUES ("5cf60327-0de7-467c-9aba-93896bb013fb",
	"3c949ccc-48bf-43c4-a664-14c62b5b16f4",
	'st',
	1,
	"9db8c033-ff94-41f2-bd5c-36e5cdae0e4b");
INSERT INTO V_INT
	VALUES ("5cf60327-0de7-467c-9aba-93896bb013fb",
	0,
	"6daee5e1-aefd-49c8-b18d-234fb0eb1928");
INSERT INTO V_LOC
	VALUES ("e10f2aa8-020a-45b5-a237-3ac79f44d7ed",
	2,
	24,
	25,
	"5cf60327-0de7-467c-9aba-93896bb013fb");
INSERT INTO V_LOC
	VALUES ("9cf6958a-1f83-41f3-9c1d-f933c600bba1",
	3,
	31,
	32,
	"5cf60327-0de7-467c-9aba-93896bb013fb");
INSERT INTO PE_PE
	VALUES ("9db8c033-ff94-41f2-bd5c-36e5cdae0e4b",
	1,
	"dcd45889-1e8f-44ce-a0ac-90e67ced68c3",
	"00000000-0000-0000-0000-000000000000",
	3);
INSERT INTO S_DT
	VALUES ("9db8c033-ff94-41f2-bd5c-36e5cdae0e4b",
	"00000000-0000-0000-0000-000000000000",
	'inst_ref<SimpleTest>',
	'',
	'');
INSERT INTO S_IRDT
	VALUES ("9db8c033-ff94-41f2-bd5c-36e5cdae0e4b",
	0,
	"6daee5e1-aefd-49c8-b18d-234fb0eb1928");
INSERT INTO PE_PE
	VALUES ("3b6ab3cd-ea6e-4950-b3b5-4414cd4a5d43",
	1,
	"dcd45889-1e8f-44ce-a0ac-90e67ced68c3",
	"00000000-0000-0000-0000-000000000000",
	3);
INSERT INTO S_DT
	VALUES ("3b6ab3cd-ea6e-4950-b3b5-4414cd4a5d43",
	"00000000-0000-0000-0000-000000000000",
	'inst_ref_set<SimpleTest>',
	'',
	'');
INSERT INTO S_IRDT
	VALUES ("3b6ab3cd-ea6e-4950-b3b5-4414cd4a5d43",
	1,
	"6daee5e1-aefd-49c8-b18d-234fb0eb1928");
INSERT INTO PE_PE
	VALUES ("182dfb43-4b42-4388-a888-adc923ffd180",
	1,
	"08644b1f-a992-4e52-8ec3-1f5eff4dec19",
	"00000000-0000-0000-0000-000000000000",
	7);
INSERT INTO EP_PKG
	VALUES ("182dfb43-4b42-4388-a888-adc923ffd180",
	"00000000-0000-0000-0000-000000000000",
	"77552e13-265a-4a67-beca-bb6af5f15d0b",
	'Interfaces',
	'',
	0);
INSERT INTO PE_PE
	VALUES ("708e7060-3f4e-41ab-94ce-7b712ad36251",
	1,
	"182dfb43-4b42-4388-a888-adc923ffd180",
	"00000000-0000-0000-0000-000000000000",
	6);
INSERT INTO C_I
	VALUES ("708e7060-3f4e-41ab-94ce-7b712ad36251",
	"00000000-0000-0000-0000-000000000000",
	'BookingProvider',
	'');
INSERT INTO C_EP
	VALUES ("8500002a-94f3-4a61-bfa8-32f8fd7d89b4",
	"708e7060-3f4e-41ab-94ce-7b712ad36251",
	-1,
	'requestAvailableBookables',
	'');
INSERT INTO C_AS
	VALUES ("8500002a-94f3-4a61-bfa8-32f8fd7d89b4",
	'requestAvailableBookables',
	'',
	0,
	"00000000-0000-0000-0000-000000000000");
INSERT INTO C_PP
	VALUES ("440d61eb-481a-4ea0-b89c-0bc624d141a3",
	"8500002a-94f3-4a61-bfa8-32f8fd7d89b4",
	"ba5eda7a-def5-0000-0000-000000000005",
	'sessionID',
	'',
	0,
	'',
	"00000000-0000-0000-0000-000000000000");
INSERT INTO C_PP
	VALUES ("bb7fca6d-dbf4-4e65-bf71-bad1b55fe0c7",
	"8500002a-94f3-4a61-bfa8-32f8fd7d89b4",
	"ba5eda7a-def5-0000-0000-000000000010",
	'fromDate',
	'',
	0,
	'',
	"440d61eb-481a-4ea0-b89c-0bc624d141a3");
INSERT INTO C_PP
	VALUES ("5b1beab7-9ad5-43f6-84fb-0e6f38b599d5",
	"8500002a-94f3-4a61-bfa8-32f8fd7d89b4",
	"ba5eda7a-def5-0000-0000-000000000010",
	'toDate',
	'',
	0,
	'',
	"bb7fca6d-dbf4-4e65-bf71-bad1b55fe0c7");
INSERT INTO C_PP
	VALUES ("904a3139-6502-47f8-a585-1b805644ae21",
	"8500002a-94f3-4a61-bfa8-32f8fd7d89b4",
	"ba5eda7a-def5-0000-0000-000000000002",
	'facilityType',
	'',
	0,
	'',
	"5b1beab7-9ad5-43f6-84fb-0e6f38b599d5");
INSERT INTO C_EP
	VALUES ("54d1cfcd-e847-40b5-be88-ddf038c56595",
	"708e7060-3f4e-41ab-94ce-7b712ad36251",
	-1,
	'available',
	'');
INSERT INTO C_AS
	VALUES ("54d1cfcd-e847-40b5-be88-ddf038c56595",
	'available',
	'',
	1,
	"8500002a-94f3-4a61-bfa8-32f8fd7d89b4");
INSERT INTO C_PP
	VALUES ("b99356fc-5e76-4f1f-9eda-76579565e657",
	"54d1cfcd-e847-40b5-be88-ddf038c56595",
	"ba5eda7a-def5-0000-0000-000000000005",
	'id',
	'',
	0,
	'',
	"00000000-0000-0000-0000-000000000000");
INSERT INTO C_PP
	VALUES ("5304459a-0f6b-48c5-b818-bc584864f61f",
	"54d1cfcd-e847-40b5-be88-ddf038c56595",
	"ba5eda7a-def5-0000-0000-000000000003",
	'price',
	'',
	0,
	'',
	"b99356fc-5e76-4f1f-9eda-76579565e657");
INSERT INTO C_PP
	VALUES ("56da61d1-d010-4a41-87cd-1b1b11d8b828",
	"54d1cfcd-e847-40b5-be88-ddf038c56595",
	"ba5eda7a-def5-0000-0000-000000000004",
	'description',
	'',
	0,
	'',
	"5304459a-0f6b-48c5-b818-bc584864f61f");
INSERT INTO C_PP
	VALUES ("b79bff53-be30-45a5-8923-7a3f5ab4710d",
	"54d1cfcd-e847-40b5-be88-ddf038c56595",
	"ba5eda7a-def5-0000-0000-000000000004",
	'aproximateArea',
	'',
	0,
	'',
	"56da61d1-d010-4a41-87cd-1b1b11d8b828");
INSERT INTO C_PP
	VALUES ("9a07908f-2d90-4fab-90c0-6d3e67ee8616",
	"54d1cfcd-e847-40b5-be88-ddf038c56595",
	"ba5eda7a-def5-0000-0000-000000000001",
	'independent',
	'',
	0,
	'',
	"b79bff53-be30-45a5-8923-7a3f5ab4710d");
INSERT INTO C_EP
	VALUES ("55b848f9-d68a-4698-bf86-446ac83e49f5",
	"708e7060-3f4e-41ab-94ce-7b712ad36251",
	-1,
	'select',
	'');
INSERT INTO C_AS
	VALUES ("55b848f9-d68a-4698-bf86-446ac83e49f5",
	'select',
	'',
	0,
	"54d1cfcd-e847-40b5-be88-ddf038c56595");
INSERT INTO C_PP
	VALUES ("9e138e25-187d-45e0-b2e3-b5230d2a8883",
	"55b848f9-d68a-4698-bf86-446ac83e49f5",
	"ba5eda7a-def5-0000-0000-000000000005",
	'id',
	'',
	0,
	'',
	"00000000-0000-0000-0000-000000000000");
INSERT INTO C_PP
	VALUES ("eee16ca7-f592-4209-868f-d6a58e473aee",
	"55b848f9-d68a-4698-bf86-446ac83e49f5",
	"ba5eda7a-def5-0000-0000-000000000005",
	'sessionID',
	'',
	0,
	'',
	"9e138e25-187d-45e0-b2e3-b5230d2a8883");
INSERT INTO C_EP
	VALUES ("10d65452-16c4-45b0-ad3e-4dec03bb99a7",
	"708e7060-3f4e-41ab-94ce-7b712ad36251",
	-1,
	'extraServices',
	'');
INSERT INTO C_AS
	VALUES ("10d65452-16c4-45b0-ad3e-4dec03bb99a7",
	'extraServices',
	'',
	1,
	"55b848f9-d68a-4698-bf86-446ac83e49f5");
INSERT INTO C_PP
	VALUES ("3d2fc28f-324a-4e94-b3b6-330584f78523",
	"10d65452-16c4-45b0-ad3e-4dec03bb99a7",
	"ba5eda7a-def5-0000-0000-000000000005",
	'id',
	'',
	0,
	'',
	"00000000-0000-0000-0000-000000000000");
INSERT INTO C_PP
	VALUES ("785bb700-66e1-4fa9-9694-b929474e55ff",
	"10d65452-16c4-45b0-ad3e-4dec03bb99a7",
	"ba5eda7a-def5-0000-0000-000000000003",
	'price',
	'',
	0,
	'',
	"3d2fc28f-324a-4e94-b3b6-330584f78523");
INSERT INTO C_PP
	VALUES ("67bb21b4-4919-4a78-b72f-8b69e2cf5f97",
	"10d65452-16c4-45b0-ad3e-4dec03bb99a7",
	"ba5eda7a-def5-0000-0000-000000000004",
	'description',
	'',
	0,
	'',
	"785bb700-66e1-4fa9-9694-b929474e55ff");
INSERT INTO C_PP
	VALUES ("82ccc6c0-4b2c-4e41-b127-716f6e516d19",
	"10d65452-16c4-45b0-ad3e-4dec03bb99a7",
	"ba5eda7a-def5-0000-0000-000000000004",
	'aproximateArea',
	'',
	0,
	'',
	"67bb21b4-4919-4a78-b72f-8b69e2cf5f97");
INSERT INTO C_PP
	VALUES ("32560363-913f-4fe4-863c-37fa358ec8c0",
	"10d65452-16c4-45b0-ad3e-4dec03bb99a7",
	"ba5eda7a-def5-0000-0000-000000000001",
	'independent',
	'',
	0,
	'',
	"82ccc6c0-4b2c-4e41-b127-716f6e516d19");
INSERT INTO C_EP
	VALUES ("87ed1c56-1bee-4041-bca4-056967095bc2",
	"708e7060-3f4e-41ab-94ce-7b712ad36251",
	-1,
	'addServices',
	'');
INSERT INTO C_AS
	VALUES ("87ed1c56-1bee-4041-bca4-056967095bc2",
	'addServices',
	'',
	0,
	"10d65452-16c4-45b0-ad3e-4dec03bb99a7");
INSERT INTO C_PP
	VALUES ("074cc4f4-819e-47a2-9f21-e95a11815a59",
	"87ed1c56-1bee-4041-bca4-056967095bc2",
	"ba5eda7a-def5-0000-0000-000000000005",
	'sessionID',
	'',
	0,
	'',
	"00000000-0000-0000-0000-000000000000");
INSERT INTO C_PP
	VALUES ("d5983e81-05ed-401f-bccd-625543d07d85",
	"87ed1c56-1bee-4041-bca4-056967095bc2",
	"ba5eda7a-def5-0000-0000-000000000005",
	'desiredID',
	'',
	0,
	'',
	"074cc4f4-819e-47a2-9f21-e95a11815a59");
INSERT INTO C_EP
	VALUES ("57eb1124-4a29-48ad-8677-d8760788067a",
	"708e7060-3f4e-41ab-94ce-7b712ad36251",
	-1,
	'customerDetails',
	'');
INSERT INTO C_AS
	VALUES ("57eb1124-4a29-48ad-8677-d8760788067a",
	'customerDetails',
	'',
	0,
	"87ed1c56-1bee-4041-bca4-056967095bc2");
INSERT INTO C_PP
	VALUES ("9f35fb46-9c6b-4202-8310-888981c424af",
	"57eb1124-4a29-48ad-8677-d8760788067a",
	"ba5eda7a-def5-0000-0000-000000000005",
	'sessionID',
	'',
	0,
	'',
	"00000000-0000-0000-0000-000000000000");
INSERT INTO C_PP
	VALUES ("c2367ced-24e1-4602-a7c5-4001bd1043d4",
	"57eb1124-4a29-48ad-8677-d8760788067a",
	"ba5eda7a-def5-0000-0000-000000000004",
	'name',
	'',
	0,
	'',
	"9f35fb46-9c6b-4202-8310-888981c424af");
INSERT INTO C_PP
	VALUES ("180912be-1f82-4ef3-9fc2-a2acbf555b77",
	"57eb1124-4a29-48ad-8677-d8760788067a",
	"ba5eda7a-def5-0000-0000-000000000004",
	'phoneNumber',
	'',
	0,
	'',
	"c2367ced-24e1-4602-a7c5-4001bd1043d4");
INSERT INTO C_EP
	VALUES ("275df8ce-b628-4b96-85dd-66e9224fc9df",
	"708e7060-3f4e-41ab-94ce-7b712ad36251",
	-1,
	'addGuest',
	'');
INSERT INTO C_AS
	VALUES ("275df8ce-b628-4b96-85dd-66e9224fc9df",
	'addGuest',
	'',
	0,
	"57eb1124-4a29-48ad-8677-d8760788067a");
INSERT INTO C_PP
	VALUES ("5813d0b6-e9b6-4d9c-83b2-7539947713a0",
	"275df8ce-b628-4b96-85dd-66e9224fc9df",
	"ba5eda7a-def5-0000-0000-000000000005",
	'sessionID',
	'',
	0,
	'',
	"00000000-0000-0000-0000-000000000000");
INSERT INTO C_PP
	VALUES ("07e12052-ec30-46ab-97bd-53e1562e42b5",
	"275df8ce-b628-4b96-85dd-66e9224fc9df",
	"ba5eda7a-def5-0000-0000-000000000005",
	'facility',
	'',
	0,
	'',
	"5813d0b6-e9b6-4d9c-83b2-7539947713a0");
INSERT INTO C_PP
	VALUES ("f2081eb7-638b-479f-bdef-a8d3d2aeb082",
	"275df8ce-b628-4b96-85dd-66e9224fc9df",
	"ba5eda7a-def5-0000-0000-000000000004",
	'guestName',
	'',
	0,
	'',
	"07e12052-ec30-46ab-97bd-53e1562e42b5");
INSERT INTO C_PP
	VALUES ("41edc071-08b3-4da2-a6d0-cab5122398ca",
	"275df8ce-b628-4b96-85dd-66e9224fc9df",
	"ba5eda7a-def5-0000-0000-000000000002",
	'guestAge',
	'',
	0,
	'',
	"f2081eb7-638b-479f-bdef-a8d3d2aeb082");
INSERT INTO C_EP
	VALUES ("40e06920-24e2-499d-b1c8-deb66c9637ec",
	"708e7060-3f4e-41ab-94ce-7b712ad36251",
	-1,
	'paymentInfo',
	'');
INSERT INTO C_AS
	VALUES ("40e06920-24e2-499d-b1c8-deb66c9637ec",
	'paymentInfo',
	'',
	0,
	"275df8ce-b628-4b96-85dd-66e9224fc9df");
INSERT INTO C_PP
	VALUES ("8aff4a0e-3cc5-4dad-93f0-c1749ecf9471",
	"40e06920-24e2-499d-b1c8-deb66c9637ec",
	"ba5eda7a-def5-0000-0000-000000000005",
	'sessionID',
	'',
	0,
	'',
	"00000000-0000-0000-0000-000000000000");
INSERT INTO C_PP
	VALUES ("78e48b64-919d-466a-bb65-ba1cb83b002f",
	"40e06920-24e2-499d-b1c8-deb66c9637ec",
	"ba5eda7a-def5-0000-0000-000000000004",
	'info',
	'',
	0,
	'',
	"8aff4a0e-3cc5-4dad-93f0-c1749ecf9471");
INSERT INTO C_EP
	VALUES ("19aa6808-338c-45b0-8a31-1b3efb70b47a",
	"708e7060-3f4e-41ab-94ce-7b712ad36251",
	-1,
	'bookingConfirmation',
	'');
INSERT INTO C_AS
	VALUES ("19aa6808-338c-45b0-8a31-1b3efb70b47a",
	'bookingConfirmation',
	'',
	1,
	"40e06920-24e2-499d-b1c8-deb66c9637ec");
INSERT INTO C_PP
	VALUES ("a3b665ee-74eb-4b72-82bd-d6fa5f6917b3",
	"19aa6808-338c-45b0-8a31-1b3efb70b47a",
	"ba5eda7a-def5-0000-0000-000000000004",
	'message',
	'',
	0,
	'',
	"00000000-0000-0000-0000-000000000000");
INSERT INTO C_EP
	VALUES ("89169ec3-d50b-4b5b-95fa-d95fb15c3f98",
	"708e7060-3f4e-41ab-94ce-7b712ad36251",
	-1,
	'errorSignal',
	'');
INSERT INTO C_AS
	VALUES ("89169ec3-d50b-4b5b-95fa-d95fb15c3f98",
	'errorSignal',
	'',
	1,
	"19aa6808-338c-45b0-8a31-1b3efb70b47a");
INSERT INTO C_PP
	VALUES ("ed7f9ed0-5d21-4eea-b033-d488f64972b9",
	"89169ec3-d50b-4b5b-95fa-d95fb15c3f98",
	"ba5eda7a-def5-0000-0000-000000000004",
	'message',
	'',
	0,
	'',
	"00000000-0000-0000-0000-000000000000");
INSERT INTO C_EP
	VALUES ("b21fad1b-897b-424f-84f8-01bdab76de49",
	"708e7060-3f4e-41ab-94ce-7b712ad36251",
	-1,
	'requestSession',
	'');
INSERT INTO C_AS
	VALUES ("b21fad1b-897b-424f-84f8-01bdab76de49",
	'requestSession',
	'',
	0,
	"89169ec3-d50b-4b5b-95fa-d95fb15c3f98");
INSERT INTO C_EP
	VALUES ("0a31b7ea-b3a4-43b3-bfab-1e664637468e",
	"708e7060-3f4e-41ab-94ce-7b712ad36251",
	-1,
	'session',
	'');
INSERT INTO C_AS
	VALUES ("0a31b7ea-b3a4-43b3-bfab-1e664637468e",
	'session',
	'',
	1,
	"b21fad1b-897b-424f-84f8-01bdab76de49");
INSERT INTO C_PP
	VALUES ("fec1123c-a15a-45df-adbc-758261d72c0f",
	"0a31b7ea-b3a4-43b3-bfab-1e664637468e",
	"ba5eda7a-def5-0000-0000-000000000005",
	'sessionID',
	'',
	0,
	'',
	"00000000-0000-0000-0000-000000000000");
INSERT INTO EP_PKG
	VALUES ("7ab991a5-3958-4a50-bf82-5b2da16ecd76",
	"77552e13-265a-4a67-beca-bb6af5f15d0b",
	"77552e13-265a-4a67-beca-bb6af5f15d0b",
	'Shared EEs',
	'',
	0);
INSERT INTO PE_PE
	VALUES ("fad39749-df67-43e1-8b90-799862a3757c",
	1,
	"7ab991a5-3958-4a50-bf82-5b2da16ecd76",
	"00000000-0000-0000-0000-000000000000",
	5);
INSERT INTO S_EE
	VALUES ("fad39749-df67-43e1-8b90-799862a3757c",
	'Logging',
	'',
	'LOG',
	"00000000-0000-0000-0000-000000000000",
	'',
	'Logging');
INSERT INTO S_BRG
	VALUES ("21801458-b22d-439e-a399-3ef5384aaf91",
	"fad39749-df67-43e1-8b90-799862a3757c",
	'LogSuccess',
	'',
	0,
	"ba5eda7a-def5-0000-0000-000000000000",
	'',
	1,
	'');
INSERT INTO S_BPARM
	VALUES ("4f3dc2d0-bef8-43e0-8748-16ddb80b9ebc",
	"21801458-b22d-439e-a399-3ef5384aaf91",
	'message',
	"ba5eda7a-def5-0000-0000-000000000004",
	0,
	'',
	"00000000-0000-0000-0000-000000000000",
	'');
INSERT INTO ACT_BRB
	VALUES ("10695533-b48c-4211-9f46-344931830a06",
	"21801458-b22d-439e-a399-3ef5384aaf91");
INSERT INTO ACT_ACT
	VALUES ("10695533-b48c-4211-9f46-344931830a06",
	'bridge',
	0,
	"6fa1e33f-601f-40d4-b1d7-cdf281420560",
	"00000000-0000-0000-0000-000000000000",
	0,
	'Logging::LogSuccess',
	"00000000-0000-0000-0000-000000000000");
INSERT INTO ACT_BLK
	VALUES ("6fa1e33f-601f-40d4-b1d7-cdf281420560",
	0,
	0,
	0,
	'',
	'',
	'',
	0,
	0,
	0,
	0,
	0,
	0,
	0,
	0,
	0,
	0,
	0,
	0,
	0,
	"10695533-b48c-4211-9f46-344931830a06",
	"00000000-0000-0000-0000-000000000000");
INSERT INTO S_BRG
	VALUES ("43685d54-3033-4e04-b853-5510e9a6781b",
	"fad39749-df67-43e1-8b90-799862a3757c",
	'LogFailure',
	'',
	0,
	"ba5eda7a-def5-0000-0000-000000000000",
	'',
	1,
	'');
INSERT INTO S_BPARM
	VALUES ("fa599f4c-fe9c-4b1e-815d-c98ebdc65d9f",
	"43685d54-3033-4e04-b853-5510e9a6781b",
	'message',
	"ba5eda7a-def5-0000-0000-000000000004",
	0,
	'',
	"00000000-0000-0000-0000-000000000000",
	'');
INSERT INTO ACT_BRB
	VALUES ("26f06277-ef7d-4c8f-b2f5-8c3580e96807",
	"43685d54-3033-4e04-b853-5510e9a6781b");
INSERT INTO ACT_ACT
	VALUES ("26f06277-ef7d-4c8f-b2f5-8c3580e96807",
	'bridge',
	0,
	"de36e247-87b2-4ad0-8a00-c8cb37ec1e02",
	"00000000-0000-0000-0000-000000000000",
	0,
	'Logging::LogFailure',
	"00000000-0000-0000-0000-000000000000");
INSERT INTO ACT_BLK
	VALUES ("de36e247-87b2-4ad0-8a00-c8cb37ec1e02",
	0,
	0,
	0,
	'',
	'',
	'',
	0,
	0,
	0,
	0,
	0,
	0,
	0,
	0,
	0,
	0,
	0,
	0,
	0,
	"26f06277-ef7d-4c8f-b2f5-8c3580e96807",
	"00000000-0000-0000-0000-000000000000");
INSERT INTO S_BRG
	VALUES ("768e1cca-7403-495c-9b22-afd11a473eb6",
	"fad39749-df67-43e1-8b90-799862a3757c",
	'LogInfo',
	'',
	0,
	"ba5eda7a-def5-0000-0000-000000000000",
	'',
	1,
	'');
INSERT INTO S_BPARM
	VALUES ("f676d1cb-709e-45ec-b3cd-5cd645f64b51",
	"768e1cca-7403-495c-9b22-afd11a473eb6",
	'message',
	"ba5eda7a-def5-0000-0000-000000000004",
	0,
	'',
	"00000000-0000-0000-0000-000000000000",
	'');
INSERT INTO ACT_BRB
	VALUES ("34282030-02d5-4f85-91c0-a8a638eda94b",
	"768e1cca-7403-495c-9b22-afd11a473eb6");
INSERT INTO ACT_ACT
	VALUES ("34282030-02d5-4f85-91c0-a8a638eda94b",
	'bridge',
	0,
	"56b6c92d-824c-4e95-bb74-f9678a299a74",
	"00000000-0000-0000-0000-000000000000",
	0,
	'Logging::LogInfo',
	"00000000-0000-0000-0000-000000000000");
INSERT INTO ACT_BLK
	VALUES ("56b6c92d-824c-4e95-bb74-f9678a299a74",
	0,
	0,
	0,
	'',
	'',
	'',
	0,
	0,
	0,
	0,
	0,
	0,
	0,
	0,
	0,
	0,
	0,
	0,
	0,
	"34282030-02d5-4f85-91c0-a8a638eda94b",
	"00000000-0000-0000-0000-000000000000");
INSERT INTO S_BRG
	VALUES ("badb0c1c-59d4-4171-b6dc-4d014c05a69b",
	"fad39749-df67-43e1-8b90-799862a3757c",
	'LogDate',
	'',
	0,
	"ba5eda7a-def5-0000-0000-000000000000",
	'',
	1,
	'');
INSERT INTO S_BPARM
	VALUES ("2bd39248-c021-4cd4-bee9-0d1d6e7eb9aa",
	"badb0c1c-59d4-4171-b6dc-4d014c05a69b",
	'd',
	"ba5eda7a-def5-0000-0000-00000000000e",
	0,
	'',
	"00000000-0000-0000-0000-000000000000",
	'');
INSERT INTO S_BPARM
	VALUES ("83234d50-594b-458b-a62b-f47b31effc32",
	"badb0c1c-59d4-4171-b6dc-4d014c05a69b",
	'message',
	"ba5eda7a-def5-0000-0000-000000000004",
	0,
	'',
	"2bd39248-c021-4cd4-bee9-0d1d6e7eb9aa",
	'');
INSERT INTO ACT_BRB
	VALUES ("cc0010fd-3d82-4eda-8af3-deefdfa9a5b4",
	"badb0c1c-59d4-4171-b6dc-4d014c05a69b");
INSERT INTO ACT_ACT
	VALUES ("cc0010fd-3d82-4eda-8af3-deefdfa9a5b4",
	'bridge',
	0,
	"1d8ec362-8750-426e-ae55-4fb0d870e437",
	"00000000-0000-0000-0000-000000000000",
	0,
	'Logging::LogDate',
	"00000000-0000-0000-0000-000000000000");
INSERT INTO ACT_BLK
	VALUES ("1d8ec362-8750-426e-ae55-4fb0d870e437",
	0,
	0,
	0,
	'',
	'',
	'',
	0,
	0,
	0,
	0,
	0,
	0,
	0,
	0,
	0,
	0,
	0,
	0,
	0,
	"cc0010fd-3d82-4eda-8af3-deefdfa9a5b4",
	"00000000-0000-0000-0000-000000000000");
INSERT INTO S_BRG
	VALUES ("0b1d27b9-3158-473f-bb9b-8c8be6e0634e",
	"fad39749-df67-43e1-8b90-799862a3757c",
	'LogTime',
	'',
	0,
	"ba5eda7a-def5-0000-0000-000000000000",
	'',
	1,
	'');
INSERT INTO S_BPARM
	VALUES ("a06921df-e610-47e1-8e10-8486d9032cbc",
	"0b1d27b9-3158-473f-bb9b-8c8be6e0634e",
	't',
	"ba5eda7a-def5-0000-0000-000000000010",
	0,
	'',
	"faac3627-d51c-4ea8-bc3a-2111aa687e5d",
	'');
INSERT INTO S_BPARM
	VALUES ("faac3627-d51c-4ea8-bc3a-2111aa687e5d",
	"0b1d27b9-3158-473f-bb9b-8c8be6e0634e",
	'message',
	"ba5eda7a-def5-0000-0000-000000000004",
	0,
	'',
	"00000000-0000-0000-0000-000000000000",
	'');
INSERT INTO ACT_BRB
	VALUES ("7e40c306-2825-4491-9b64-3628cbdb822a",
	"0b1d27b9-3158-473f-bb9b-8c8be6e0634e");
INSERT INTO ACT_ACT
	VALUES ("7e40c306-2825-4491-9b64-3628cbdb822a",
	'bridge',
	0,
	"75df5914-bb0c-4389-8d1a-5818190bf466",
	"00000000-0000-0000-0000-000000000000",
	0,
	'Logging::LogTime',
	"00000000-0000-0000-0000-000000000000");
INSERT INTO ACT_BLK
	VALUES ("75df5914-bb0c-4389-8d1a-5818190bf466",
	0,
	0,
	0,
	'',
	'',
	'',
	0,
	0,
	0,
	0,
	0,
	0,
	0,
	0,
	0,
	0,
	0,
	0,
	0,
	"7e40c306-2825-4491-9b64-3628cbdb822a",
	"00000000-0000-0000-0000-000000000000");
INSERT INTO S_BRG
	VALUES ("7ef21ad9-927c-4b1b-92a2-85003af84ab1",
	"fad39749-df67-43e1-8b90-799862a3757c",
	'LogReal',
	'',
	0,
	"ba5eda7a-def5-0000-0000-000000000000",
	'',
	1,
	'');
INSERT INTO S_BPARM
	VALUES ("648d875e-c1c6-4f8b-83f7-353ca551df2d",
	"7ef21ad9-927c-4b1b-92a2-85003af84ab1",
	'r',
	"ba5eda7a-def5-0000-0000-000000000003",
	0,
	'',
	"cf3ad5fd-6bd3-443d-bdee-959aedc60b72",
	'');
INSERT INTO S_BPARM
	VALUES ("cf3ad5fd-6bd3-443d-bdee-959aedc60b72",
	"7ef21ad9-927c-4b1b-92a2-85003af84ab1",
	'message',
	"ba5eda7a-def5-0000-0000-000000000004",
	0,
	'',
	"00000000-0000-0000-0000-000000000000",
	'');
INSERT INTO ACT_BRB
	VALUES ("54d03b2e-5086-4a6c-a222-d2645321c57b",
	"7ef21ad9-927c-4b1b-92a2-85003af84ab1");
INSERT INTO ACT_ACT
	VALUES ("54d03b2e-5086-4a6c-a222-d2645321c57b",
	'bridge',
	0,
	"e68c12e4-beeb-4d28-b7d1-7f48fe04f3ec",
	"00000000-0000-0000-0000-000000000000",
	0,
	'Logging::LogReal',
	"00000000-0000-0000-0000-000000000000");
INSERT INTO ACT_BLK
	VALUES ("e68c12e4-beeb-4d28-b7d1-7f48fe04f3ec",
	0,
	0,
	0,
	'',
	'',
	'',
	0,
	0,
	0,
	0,
	0,
	0,
	0,
	0,
	0,
	0,
	0,
	0,
	0,
	"54d03b2e-5086-4a6c-a222-d2645321c57b",
	"00000000-0000-0000-0000-000000000000");
INSERT INTO S_BRG
	VALUES ("f042e0db-8b5c-46dd-910f-2c376ca7fb93",
	"fad39749-df67-43e1-8b90-799862a3757c",
	'LogInteger',
	'',
	0,
	"ba5eda7a-def5-0000-0000-000000000000",
	'',
	0,
	'');
INSERT INTO S_BPARM
	VALUES ("10aa8954-4293-4341-bbfe-cc1a144eceb4",
	"f042e0db-8b5c-46dd-910f-2c376ca7fb93",
	'message',
	"ba5eda7a-def5-0000-0000-000000000002",
	0,
	'',
	"00000000-0000-0000-0000-000000000000",
	'');
INSERT INTO EP_PKG
	VALUES ("83d1f9e7-250e-4a5d-ba9a-b668467be094",
	"77552e13-265a-4a67-beca-bb6af5f15d0b",
	"77552e13-265a-4a67-beca-bb6af5f15d0b",
	'System',
	'',
	0);
INSERT INTO PE_PE
	VALUES ("67eab42f-715a-4ae6-bb96-26e4944b47bf",
	1,
	"83d1f9e7-250e-4a5d-ba9a-b668467be094",
	"00000000-0000-0000-0000-000000000000",
	21);
INSERT INTO CL_IC
	VALUES ("67eab42f-715a-4ae6-bb96-26e4944b47bf",
	"0968771f-8553-4274-be70-86a03e4e6267",
	"00000000-0000-0000-0000-000000000000",
	"00000000-0000-0000-0000-000000000000",
	0,
	'',
	'Hotel::Library::UserComponent',
	'');
INSERT INTO CL_IIR
	VALUES ("36c62ef5-bcb7-4105-88a2-0477f27d0d16",
	"59710e0c-1d62-4800-a82b-b80bbaed4667",
	"67eab42f-715a-4ae6-bb96-26e4944b47bf",
	"00000000-0000-0000-0000-000000000000",
	'BookingProvider',
	'');
INSERT INTO CL_IR
	VALUES ("36c62ef5-bcb7-4105-88a2-0477f27d0d16",
	"d268cc6a-1cb2-42eb-a799-3323649e2ff6",
	'BookingProvider',
	'');
INSERT INTO PE_PE
	VALUES ("b3ecd1ef-4876-4b5a-b890-0b4162fe9449",
	1,
	"83d1f9e7-250e-4a5d-ba9a-b668467be094",
	"00000000-0000-0000-0000-000000000000",
	21);
INSERT INTO CL_IC
	VALUES ("b3ecd1ef-4876-4b5a-b890-0b4162fe9449",
	"ab2192c8-8390-4631-9e2c-fca2a1f30c08",
	"00000000-0000-0000-0000-000000000000",
	"00000000-0000-0000-0000-000000000000",
	0,
	'',
	'Hotel::Library::HotelComponent',
	'');
INSERT INTO CL_IIR
	VALUES ("c53738c7-7de2-4938-acf3-a7ff0829913a",
	"36293ad6-77b6-4c0b-a2dd-f02064f6189a",
	"b3ecd1ef-4876-4b5a-b890-0b4162fe9449",
	"00000000-0000-0000-0000-000000000000",
	'BookingProvider',
	'');
INSERT INTO CL_IP
	VALUES ("c53738c7-7de2-4938-acf3-a7ff0829913a",
	'BookingProvider',
	'');
INSERT INTO CL_IPINS
	VALUES ("d268cc6a-1cb2-42eb-a799-3323649e2ff6",
	"c53738c7-7de2-4938-acf3-a7ff0829913a");
INSERT INTO PE_PE
	VALUES ("d268cc6a-1cb2-42eb-a799-3323649e2ff6",
	1,
	"83d1f9e7-250e-4a5d-ba9a-b668467be094",
	"00000000-0000-0000-0000-000000000000",
	22);
INSERT INTO C_SF
	VALUES ("d268cc6a-1cb2-42eb-a799-3323649e2ff6",
	"59710e0c-1d62-4800-a82b-b80bbaed4667",
	"36293ad6-77b6-4c0b-a2dd-f02064f6189a",
	'',
	'HotelComponent::UserInterface::BookingProvider -o)- UserComponent::UserInterface::BookingProvider');
INSERT INTO PE_PE
	VALUES ("ba5eda7a-def5-0000-0000-000000000000",
	1,
	"00000000-0000-0000-0000-000000000000",
	"00000000-0000-0000-0000-000000000000",
	3);
INSERT INTO S_DT
	VALUES ("ba5eda7a-def5-0000-0000-000000000000",
	"00000000-0000-0000-0000-000000000000",
	'void',
	'',
	'');
INSERT INTO S_CDT
	VALUES ("ba5eda7a-def5-0000-0000-000000000000",
	0);
INSERT INTO PE_PE
	VALUES ("ba5eda7a-def5-0000-0000-000000000001",
	1,
	"00000000-0000-0000-0000-000000000000",
	"00000000-0000-0000-0000-000000000000",
	3);
INSERT INTO S_DT
	VALUES ("ba5eda7a-def5-0000-0000-000000000001",
	"00000000-0000-0000-0000-000000000000",
	'boolean',
	'',
	'');
INSERT INTO S_CDT
	VALUES ("ba5eda7a-def5-0000-0000-000000000001",
	1);
INSERT INTO PE_PE
	VALUES ("ba5eda7a-def5-0000-0000-000000000002",
	1,
	"00000000-0000-0000-0000-000000000000",
	"00000000-0000-0000-0000-000000000000",
	3);
INSERT INTO S_DT
	VALUES ("ba5eda7a-def5-0000-0000-000000000002",
	"00000000-0000-0000-0000-000000000000",
	'integer',
	'',
	'');
INSERT INTO S_CDT
	VALUES ("ba5eda7a-def5-0000-0000-000000000002",
	2);
INSERT INTO PE_PE
	VALUES ("ba5eda7a-def5-0000-0000-000000000003",
	1,
	"00000000-0000-0000-0000-000000000000",
	"00000000-0000-0000-0000-000000000000",
	3);
INSERT INTO S_DT
	VALUES ("ba5eda7a-def5-0000-0000-000000000003",
	"00000000-0000-0000-0000-000000000000",
	'real',
	'',
	'');
INSERT INTO S_CDT
	VALUES ("ba5eda7a-def5-0000-0000-000000000003",
	3);
INSERT INTO PE_PE
	VALUES ("ba5eda7a-def5-0000-0000-000000000004",
	1,
	"00000000-0000-0000-0000-000000000000",
	"00000000-0000-0000-0000-000000000000",
	3);
INSERT INTO S_DT
	VALUES ("ba5eda7a-def5-0000-0000-000000000004",
	"00000000-0000-0000-0000-000000000000",
	'string',
	'',
	'');
INSERT INTO S_CDT
	VALUES ("ba5eda7a-def5-0000-0000-000000000004",
	4);
INSERT INTO PE_PE
	VALUES ("ba5eda7a-def5-0000-0000-000000000005",
	1,
	"00000000-0000-0000-0000-000000000000",
	"00000000-0000-0000-0000-000000000000",
	3);
INSERT INTO S_DT
	VALUES ("ba5eda7a-def5-0000-0000-000000000005",
	"00000000-0000-0000-0000-000000000000",
	'unique_id',
	'',
	'');
INSERT INTO S_CDT
	VALUES ("ba5eda7a-def5-0000-0000-000000000005",
	5);
INSERT INTO PE_PE
	VALUES ("ba5eda7a-def5-0000-0000-000000000006",
	1,
	"00000000-0000-0000-0000-000000000000",
	"00000000-0000-0000-0000-000000000000",
	3);
INSERT INTO S_DT
	VALUES ("ba5eda7a-def5-0000-0000-000000000006",
	"00000000-0000-0000-0000-000000000000",
	'state<State_Model>',
	'',
	'');
INSERT INTO S_CDT
	VALUES ("ba5eda7a-def5-0000-0000-000000000006",
	6);
INSERT INTO PE_PE
	VALUES ("ba5eda7a-def5-0000-0000-000000000007",
	1,
	"00000000-0000-0000-0000-000000000000",
	"00000000-0000-0000-0000-000000000000",
	3);
INSERT INTO S_DT
	VALUES ("ba5eda7a-def5-0000-0000-000000000007",
	"00000000-0000-0000-0000-000000000000",
	'same_as<Base_Attribute>',
	'',
	'');
INSERT INTO S_CDT
	VALUES ("ba5eda7a-def5-0000-0000-000000000007",
	7);
INSERT INTO PE_PE
	VALUES ("ba5eda7a-def5-0000-0000-000000000008",
	1,
	"00000000-0000-0000-0000-000000000000",
	"00000000-0000-0000-0000-000000000000",
	3);
INSERT INTO S_DT
	VALUES ("ba5eda7a-def5-0000-0000-000000000008",
	"00000000-0000-0000-0000-000000000000",
	'inst_ref<Object>',
	'',
	'');
INSERT INTO S_CDT
	VALUES ("ba5eda7a-def5-0000-0000-000000000008",
	8);
INSERT INTO PE_PE
	VALUES ("ba5eda7a-def5-0000-0000-000000000009",
	1,
	"00000000-0000-0000-0000-000000000000",
	"00000000-0000-0000-0000-000000000000",
	3);
INSERT INTO S_DT
	VALUES ("ba5eda7a-def5-0000-0000-000000000009",
	"00000000-0000-0000-0000-000000000000",
	'inst_ref_set<Object>',
	'',
	'');
INSERT INTO S_CDT
	VALUES ("ba5eda7a-def5-0000-0000-000000000009",
	9);
INSERT INTO PE_PE
	VALUES ("ba5eda7a-def5-0000-0000-00000000000a",
	1,
	"00000000-0000-0000-0000-000000000000",
	"00000000-0000-0000-0000-000000000000",
	3);
INSERT INTO S_DT
	VALUES ("ba5eda7a-def5-0000-0000-00000000000a",
	"00000000-0000-0000-0000-000000000000",
	'inst<Event>',
	'',
	'');
INSERT INTO S_CDT
	VALUES ("ba5eda7a-def5-0000-0000-00000000000a",
	10);
INSERT INTO PE_PE
	VALUES ("ba5eda7a-def5-0000-0000-00000000000b",
	1,
	"00000000-0000-0000-0000-000000000000",
	"00000000-0000-0000-0000-000000000000",
	3);
INSERT INTO S_DT
	VALUES ("ba5eda7a-def5-0000-0000-00000000000b",
	"00000000-0000-0000-0000-000000000000",
	'inst<Mapping>',
	'',
	'');
INSERT INTO S_CDT
	VALUES ("ba5eda7a-def5-0000-0000-00000000000b",
	11);
INSERT INTO PE_PE
	VALUES ("ba5eda7a-def5-0000-0000-00000000000c",
	1,
	"00000000-0000-0000-0000-000000000000",
	"00000000-0000-0000-0000-000000000000",
	3);
INSERT INTO S_DT
	VALUES ("ba5eda7a-def5-0000-0000-00000000000c",
	"00000000-0000-0000-0000-000000000000",
	'inst_ref<Mapping>',
	'',
	'');
INSERT INTO S_CDT
	VALUES ("ba5eda7a-def5-0000-0000-00000000000c",
	12);
INSERT INTO PE_PE
	VALUES ("ba5eda7a-def5-0000-0000-00000000000d",
	1,
	"00000000-0000-0000-0000-000000000000",
	"00000000-0000-0000-0000-000000000000",
	3);
INSERT INTO S_DT
	VALUES ("ba5eda7a-def5-0000-0000-00000000000d",
	"00000000-0000-0000-0000-000000000000",
	'component_ref',
	'',
	'');
INSERT INTO S_CDT
	VALUES ("ba5eda7a-def5-0000-0000-00000000000d",
	13);
INSERT INTO PE_PE
	VALUES ("ba5eda7a-def5-0000-0000-00000000000e",
	1,
	"00000000-0000-0000-0000-000000000000",
	"00000000-0000-0000-0000-000000000000",
	3);
INSERT INTO S_DT
	VALUES ("ba5eda7a-def5-0000-0000-00000000000e",
	"00000000-0000-0000-0000-000000000000",
	'date',
	'',
	'');
INSERT INTO S_UDT
	VALUES ("ba5eda7a-def5-0000-0000-00000000000e",
	"ba5eda7a-def5-0000-0000-00000000000b",
	1);
INSERT INTO PE_PE
	VALUES ("ba5eda7a-def5-0000-0000-00000000000f",
	1,
	"00000000-0000-0000-0000-000000000000",
	"00000000-0000-0000-0000-000000000000",
	3);
INSERT INTO S_DT
	VALUES ("ba5eda7a-def5-0000-0000-00000000000f",
	"00000000-0000-0000-0000-000000000000",
	'inst_ref<Timer>',
	'',
	'');
INSERT INTO S_UDT
	VALUES ("ba5eda7a-def5-0000-0000-00000000000f",
	"ba5eda7a-def5-0000-0000-00000000000c",
	3);
INSERT INTO PE_PE
	VALUES ("ba5eda7a-def5-0000-0000-000000000010",
	1,
	"00000000-0000-0000-0000-000000000000",
	"00000000-0000-0000-0000-000000000000",
	3);
INSERT INTO S_DT
	VALUES ("ba5eda7a-def5-0000-0000-000000000010",
	"00000000-0000-0000-0000-000000000000",
	'timestamp',
	'',
	'');
INSERT INTO S_UDT
	VALUES ("ba5eda7a-def5-0000-0000-000000000010",
	"ba5eda7a-def5-0000-0000-00000000000b",
	2);
