-- root-types-contained: SystemModel_c,PackageableElement_c,DataType_c,CoreDataType_c,UserDataType_c
-- BP 7.1 content: StreamData syschar: 3 persistence-version: 7.1.6

INSERT INTO S_SYS
	VALUES ("77552e13-265a-4a67-beca-bb6af5f15d0b",
	'Hotel',
	1);
INSERT INTO EP_PKG
	VALUES ("08644b1f-a992-4e52-8ec3-1f5eff4dec19",
	"77552e13-265a-4a67-beca-bb6af5f15d0b",
	"77552e13-265a-4a67-beca-bb6af5f15d0b",
	'Library',
	'',
	0);
INSERT INTO PE_PE
	VALUES ("ab2192c8-8390-4631-9e2c-fca2a1f30c08",
	1,
	"08644b1f-a992-4e52-8ec3-1f5eff4dec19",
	"00000000-0000-0000-0000-000000000000",
	2);
INSERT INTO C_C
	VALUES ("ab2192c8-8390-4631-9e2c-fca2a1f30c08",
	"00000000-0000-0000-0000-000000000000",
	"00000000-0000-0000-0000-000000000000",
	'HotelComponent',
	'',
	0,
	"00000000-0000-0000-0000-000000000000",
	0,
	'');
INSERT INTO C_PO
	VALUES ("54eb899f-f23f-4a84-8403-f0454a9283e7",
	"ab2192c8-8390-4631-9e2c-fca2a1f30c08",
	'UserInterface',
	0,
	0);
INSERT INTO C_IR
	VALUES ("36293ad6-77b6-4c0b-a2dd-f02064f6189a",
	"708e7060-3f4e-41ab-94ce-7b712ad36251",
	"00000000-0000-0000-0000-000000000000",
	"54eb899f-f23f-4a84-8403-f0454a9283e7");
INSERT INTO C_P
	VALUES ("36293ad6-77b6-4c0b-a2dd-f02064f6189a",
	'BookingProvider',
	'Unnamed Interface',
	'',
	'HotelComponent::UserInterface::BookingProvider');
INSERT INTO SPR_PEP
	VALUES ("ad67a789-a0d9-4e09-8c1b-cc137ff39554",
	"8500002a-94f3-4a61-bfa8-32f8fd7d89b4",
	"36293ad6-77b6-4c0b-a2dd-f02064f6189a");
INSERT INTO SPR_PS
	VALUES ("ad67a789-a0d9-4e09-8c1b-cc137ff39554",
	'requestAvailableBookables',
	'',
	'select any session from instances of BOOKINGSESSION where (selected.ID == param.sessionID);

if (not_empty session)
	if(session.isBookingTimeAcceptable(fromDate:param.fromDate, 
									   toDate:param.toDate))
		select one booking related by session->BOOKING[R26];
		booking.setFromDate(fromDate: param.fromDate);
		booking.setToDate(toDate: param.toDate);
		select one hotel related by session->HOTEL[R17];
		
		result = hotel.searchFacilityTypes(fromDate: param.fromDate, 
										   toDate: param.toDate);
		if(empty result)
			send BookingProvider::errorSignal(message: "H: requestAvail: No rooms found",
												sessionID:param.sessionID);
		else
			generate BOOKINGSESSION9:searchEvent(fromDate: param.fromDate,
												 toDate: param.toDate) to session;
			for each ft in result		
				select one b related by ft->BOOKABLE[R2];
				send BookingProvider::available(id: ft.id , 
												price: b.price , 
												description: b.description,
												aproximateArea: ft.approximateArea,
												independent: false,
												sessionID:session.ID);
			end for;
			send CustomerInterface::endOfList(sessionID: session.ID);
		end if;
	else
		generate BOOKINGSESSION11:errorEvent(
					message: "Too long booking period selected") to session;
		send BookingProvider::errorSignal(message: "H: Too long booking period selected",
											sessionID:param.sessionID);
	end if;
else
	send BookingProvider::errorSignal(message: "H: requestAvail: Session not found",
										sessionID:param.sessionID);
end if;',
	1);
INSERT INTO ACT_PSB
	VALUES ("b53f3e1b-277e-4297-aa25-71e4fe6acdcb",
	"ad67a789-a0d9-4e09-8c1b-cc137ff39554");
INSERT INTO ACT_ACT
	VALUES ("b53f3e1b-277e-4297-aa25-71e4fe6acdcb",
	'signal',
	0,
	"5b3b8b47-8e26-4b59-8435-aadc738bfbc5",
	"00000000-0000-0000-0000-000000000000",
	0,
	'UserInterface::BookingProvider::requestAvailableBookables',
	"00000000-0000-0000-0000-000000000000");
INSERT INTO ACT_BLK
	VALUES ("5b3b8b47-8e26-4b59-8435-aadc738bfbc5",
	1,
	0,
	1,
	'',
	'',
	'',
	36,
	1,
	1,
	38,
	0,
	0,
	0,
	0,
	0,
	0,
	0,
	0,
	0,
	"b53f3e1b-277e-4297-aa25-71e4fe6acdcb",
	"00000000-0000-0000-0000-000000000000");
INSERT INTO ACT_SMT
	VALUES ("ce346b70-9c4c-4800-b594-999b57612c3c",
	"5b3b8b47-8e26-4b59-8435-aadc738bfbc5",
	"62061687-5f4f-4378-8ff2-60ed5b93dfc2",
	1,
	1,
	'UserInterface::BookingProvider::requestAvailableBookables line: 1');
INSERT INTO ACT_FIW
	VALUES ("ce346b70-9c4c-4800-b594-999b57612c3c",
	"8dd14874-3680-4806-b8d5-693e3f76ee48",
	1,
	'any',
	"2c088624-c825-48f3-9ecb-07346f9fe7e8",
	"7137c09d-ba0e-406b-b3b5-76bb3cc48f3d",
	1,
	38);
INSERT INTO ACT_SMT
	VALUES ("62061687-5f4f-4378-8ff2-60ed5b93dfc2",
	"5b3b8b47-8e26-4b59-8435-aadc738bfbc5",
	"00000000-0000-0000-0000-000000000000",
	3,
	1,
	'UserInterface::BookingProvider::requestAvailableBookables line: 3');
INSERT INTO ACT_IF
	VALUES ("62061687-5f4f-4378-8ff2-60ed5b93dfc2",
	"28d8fca9-1982-4a7d-aa4f-c6c2582882ae",
	"de7159c3-b91a-4d27-b485-a4f559710152",
	"00000000-0000-0000-0000-000000000000",
	"00000000-0000-0000-0000-000000000000");
INSERT INTO ACT_SMT
	VALUES ("a1a0922a-d4c1-4773-8f2d-c0852ac7957a",
	"5b3b8b47-8e26-4b59-8435-aadc738bfbc5",
	"00000000-0000-0000-0000-000000000000",
	36,
	1,
	'UserInterface::BookingProvider::requestAvailableBookables line: 36');
INSERT INTO ACT_E
	VALUES ("a1a0922a-d4c1-4773-8f2d-c0852ac7957a",
	"cbdb5058-67ca-4cae-a55e-e410ac2e6852",
	"62061687-5f4f-4378-8ff2-60ed5b93dfc2");
INSERT INTO V_VAL
	VALUES ("48008f0e-6f71-41e1-88fd-3e1df93b7f12",
	0,
	0,
	1,
	60,
	-1,
	0,
	0,
	0,
	0,
	"ba5eda7a-def5-0000-0000-000000000008",
	"5b3b8b47-8e26-4b59-8435-aadc738bfbc5");
INSERT INTO V_SLR
	VALUES ("48008f0e-6f71-41e1-88fd-3e1df93b7f12",
	"00000000-0000-0000-0000-000000000000",
	"00000000-0000-0000-0000-000000000000",
	"00000000-0000-0000-0000-000000000000");
INSERT INTO V_VAL
	VALUES ("0a1938f2-c8b1-4ae7-ba8d-ac50a0800145",
	0,
	0,
	1,
	69,
	70,
	0,
	0,
	0,
	0,
	"ba5eda7a-def5-0000-0000-000000000005",
	"5b3b8b47-8e26-4b59-8435-aadc738bfbc5");
INSERT INTO V_AVL
	VALUES ("0a1938f2-c8b1-4ae7-ba8d-ac50a0800145",
	"48008f0e-6f71-41e1-88fd-3e1df93b7f12",
	"7137c09d-ba0e-406b-b3b5-76bb3cc48f3d",
	"df46d3b5-7060-4611-8908-d535d035865a");
INSERT INTO V_VAL
	VALUES ("2c088624-c825-48f3-9ecb-07346f9fe7e8",
	0,
	0,
	-1,
	-1,
	-1,
	0,
	0,
	0,
	0,
	"ba5eda7a-def5-0000-0000-000000000001",
	"5b3b8b47-8e26-4b59-8435-aadc738bfbc5");
INSERT INTO V_BIN
	VALUES ("2c088624-c825-48f3-9ecb-07346f9fe7e8",
	"efd0646d-ad91-4bf4-8aff-c9c0d60bb55a",
	"0a1938f2-c8b1-4ae7-ba8d-ac50a0800145",
	'==');
INSERT INTO V_VAL
	VALUES ("efd0646d-ad91-4bf4-8aff-c9c0d60bb55a",
	0,
	0,
	1,
	81,
	89,
	0,
	0,
	0,
	0,
	"ba5eda7a-def5-0000-0000-000000000005",
	"5b3b8b47-8e26-4b59-8435-aadc738bfbc5");
INSERT INTO V_PVL
	VALUES ("efd0646d-ad91-4bf4-8aff-c9c0d60bb55a",
	"00000000-0000-0000-0000-000000000000",
	"00000000-0000-0000-0000-000000000000",
	"00000000-0000-0000-0000-000000000000",
	"440d61eb-481a-4ea0-b89c-0bc624d141a3");
INSERT INTO V_VAL
	VALUES ("ce369415-4fc5-4aef-9e70-55612f1de4a5",
	0,
	0,
	3,
	15,
	21,
	0,
	0,
	0,
	0,
	"ba5eda7a-def5-0000-0000-000000000008",
	"5b3b8b47-8e26-4b59-8435-aadc738bfbc5");
INSERT INTO V_IRF
	VALUES ("ce369415-4fc5-4aef-9e70-55612f1de4a5",
	"8dd14874-3680-4806-b8d5-693e3f76ee48");
INSERT INTO V_VAL
	VALUES ("de7159c3-b91a-4d27-b485-a4f559710152",
	0,
	0,
	-1,
	-1,
	-1,
	0,
	0,
	0,
	0,
	"ba5eda7a-def5-0000-0000-000000000001",
	"5b3b8b47-8e26-4b59-8435-aadc738bfbc5");
INSERT INTO V_UNY
	VALUES ("de7159c3-b91a-4d27-b485-a4f559710152",
	"ce369415-4fc5-4aef-9e70-55612f1de4a5",
	'not_empty');
INSERT INTO V_VAR
	VALUES ("8dd14874-3680-4806-b8d5-693e3f76ee48",
	"5b3b8b47-8e26-4b59-8435-aadc738bfbc5",
	'session',
	1,
	"ba5eda7a-def5-0000-0000-000000000008");
INSERT INTO V_INT
	VALUES ("8dd14874-3680-4806-b8d5-693e3f76ee48",
	0,
	"7137c09d-ba0e-406b-b3b5-76bb3cc48f3d");
INSERT INTO V_LOC
	VALUES ("afa24004-6e72-41e6-8d55-e9ae1d50801d",
	1,
	12,
	18,
	"8dd14874-3680-4806-b8d5-693e3f76ee48");
INSERT INTO V_LOC
	VALUES ("6b028612-bf15-4920-b0bd-4ff987121563",
	4,
	5,
	11,
	"8dd14874-3680-4806-b8d5-693e3f76ee48");
INSERT INTO V_LOC
	VALUES ("5155dbd8-27e1-4621-b37b-7211545719d9",
	18,
	39,
	45,
	"8dd14874-3680-4806-b8d5-693e3f76ee48");
INSERT INTO V_LOC
	VALUES ("607f16c7-8d4d-4d2c-93a8-9d7694c9deba",
	26,
	23,
	29,
	"8dd14874-3680-4806-b8d5-693e3f76ee48");
INSERT INTO V_LOC
	VALUES ("0ab07015-251f-442d-a125-523a6b48d663",
	28,
	49,
	55,
	"8dd14874-3680-4806-b8d5-693e3f76ee48");
INSERT INTO V_LOC
	VALUES ("057b1f90-5142-44b5-8e3d-75796242ca22",
	32,
	54,
	60,
	"8dd14874-3680-4806-b8d5-693e3f76ee48");
INSERT INTO ACT_BLK
	VALUES ("28d8fca9-1982-4a7d-aa4f-c6c2582882ae",
	0,
	0,
	0,
	'',
	'',
	'',
	30,
	2,
	0,
	0,
	0,
	0,
	0,
	0,
	0,
	0,
	0,
	0,
	0,
	"b53f3e1b-277e-4297-aa25-71e4fe6acdcb",
	"00000000-0000-0000-0000-000000000000");
INSERT INTO ACT_SMT
	VALUES ("781cb7f7-3511-497f-b46a-afd5870d1254",
	"28d8fca9-1982-4a7d-aa4f-c6c2582882ae",
	"00000000-0000-0000-0000-000000000000",
	4,
	2,
	'UserInterface::BookingProvider::requestAvailableBookables line: 4');
INSERT INTO ACT_IF
	VALUES ("781cb7f7-3511-497f-b46a-afd5870d1254",
	"f9ba2256-b51b-4a23-b958-d340e246f590",
	"b54f27c7-9973-4529-ba33-46a73e2582ab",
	"00000000-0000-0000-0000-000000000000",
	"00000000-0000-0000-0000-000000000000");
INSERT INTO ACT_SMT
	VALUES ("b51effb4-c976-4921-9491-69f99007ec87",
	"28d8fca9-1982-4a7d-aa4f-c6c2582882ae",
	"00000000-0000-0000-0000-000000000000",
	30,
	2,
	'UserInterface::BookingProvider::requestAvailableBookables line: 30');
INSERT INTO ACT_E
	VALUES ("b51effb4-c976-4921-9491-69f99007ec87",
	"cf307287-268b-4c7e-bb46-3d6bc52bebe3",
	"781cb7f7-3511-497f-b46a-afd5870d1254");
INSERT INTO V_VAL
	VALUES ("b54f27c7-9973-4529-ba33-46a73e2582ab",
	0,
	0,
	4,
	13,
	-1,
	4,
	37,
	5,
	13,
	"ba5eda7a-def5-0000-0000-000000000001",
	"28d8fca9-1982-4a7d-aa4f-c6c2582882ae");
INSERT INTO V_TRV
	VALUES ("b54f27c7-9973-4529-ba33-46a73e2582ab",
	"771633a1-fc2a-417f-bc87-3c56b179c251",
	"8dd14874-3680-4806-b8d5-693e3f76ee48",
	1,
	0,
	0);
INSERT INTO V_VAL
	VALUES ("86471ebb-a4ca-443d-82dd-cb6f978e81ae",
	0,
	0,
	4,
	52,
	59,
	0,
	0,
	0,
	0,
	"ba5eda7a-def5-0000-0000-00000000000e",
	"28d8fca9-1982-4a7d-aa4f-c6c2582882ae");
INSERT INTO V_PVL
	VALUES ("86471ebb-a4ca-443d-82dd-cb6f978e81ae",
	"00000000-0000-0000-0000-000000000000",
	"00000000-0000-0000-0000-000000000000",
	"00000000-0000-0000-0000-000000000000",
	"bb7fca6d-dbf4-4e65-bf71-bad1b55fe0c7");
INSERT INTO V_PAR
	VALUES ("86471ebb-a4ca-443d-82dd-cb6f978e81ae",
	"00000000-0000-0000-0000-000000000000",
	"b54f27c7-9973-4529-ba33-46a73e2582ab",
	'fromDate',
	"49772c03-82e3-4364-8a1b-4c640238a0e8",
	4,
	37);
INSERT INTO V_VAL
	VALUES ("49772c03-82e3-4364-8a1b-4c640238a0e8",
	0,
	0,
	5,
	26,
	31,
	0,
	0,
	0,
	0,
	"ba5eda7a-def5-0000-0000-00000000000e",
	"28d8fca9-1982-4a7d-aa4f-c6c2582882ae");
INSERT INTO V_PVL
	VALUES ("49772c03-82e3-4364-8a1b-4c640238a0e8",
	"00000000-0000-0000-0000-000000000000",
	"00000000-0000-0000-0000-000000000000",
	"00000000-0000-0000-0000-000000000000",
	"5b1beab7-9ad5-43f6-84fb-0e6f38b599d5");
INSERT INTO V_PAR
	VALUES ("49772c03-82e3-4364-8a1b-4c640238a0e8",
	"00000000-0000-0000-0000-000000000000",
	"b54f27c7-9973-4529-ba33-46a73e2582ab",
	'toDate',
	"00000000-0000-0000-0000-000000000000",
	5,
	13);
INSERT INTO ACT_BLK
	VALUES ("f9ba2256-b51b-4a23-b958-d340e246f590",
	1,
	0,
	0,
	'',
	'',
	'',
	16,
	3,
	9,
	40,
	0,
	0,
	9,
	46,
	0,
	0,
	0,
	0,
	0,
	"b53f3e1b-277e-4297-aa25-71e4fe6acdcb",
	"00000000-0000-0000-0000-000000000000");
INSERT INTO ACT_SMT
	VALUES ("0147c813-88c2-410f-b63e-35636366ad9e",
	"f9ba2256-b51b-4a23-b958-d340e246f590",
	"741c3ab4-5e4a-48c9-9202-e581917041cf",
	6,
	3,
	'UserInterface::BookingProvider::requestAvailableBookables line: 6');
INSERT INTO ACT_SEL
	VALUES ("0147c813-88c2-410f-b63e-35636366ad9e",
	"e7489cf4-baec-4487-84f1-3b55c04255ee",
	1,
	'one',
	"a60fba86-de64-4b4f-9b65-5ea27b1b1bbd");
INSERT INTO ACT_SR
	VALUES ("0147c813-88c2-410f-b63e-35636366ad9e");
INSERT INTO ACT_LNK
	VALUES ("d6bf9843-a443-4e91-89ae-901531da8fec",
	'',
	"0147c813-88c2-410f-b63e-35636366ad9e",
	"a30fd0d6-3586-438e-8d6d-b3d3b14c0f03",
	"00000000-0000-0000-0000-000000000000",
	2,
	"9a41fe9e-f547-4cde-b68d-f7db43c904dc",
	6,
	42,
	6,
	50,
	0,
	0);
INSERT INTO ACT_SMT
	VALUES ("741c3ab4-5e4a-48c9-9202-e581917041cf",
	"f9ba2256-b51b-4a23-b958-d340e246f590",
	"9e515fbd-37e7-40ff-ba9d-f81d901c1c1e",
	7,
	3,
	'UserInterface::BookingProvider::requestAvailableBookables line: 7');
INSERT INTO ACT_TFM
	VALUES ("741c3ab4-5e4a-48c9-9202-e581917041cf",
	"4390b438-a057-41d2-8fa5-6fa878c01048",
	"e7489cf4-baec-4487-84f1-3b55c04255ee",
	7,
	11,
	0,
	0);
INSERT INTO ACT_SMT
	VALUES ("9e515fbd-37e7-40ff-ba9d-f81d901c1c1e",
	"f9ba2256-b51b-4a23-b958-d340e246f590",
	"42e87e1e-a92c-41b5-9158-0f59e550c553",
	8,
	3,
	'UserInterface::BookingProvider::requestAvailableBookables line: 8');
INSERT INTO ACT_TFM
	VALUES ("9e515fbd-37e7-40ff-ba9d-f81d901c1c1e",
	"5db01331-c943-4eb1-85fc-74511c86b2e8",
	"e7489cf4-baec-4487-84f1-3b55c04255ee",
	8,
	11,
	0,
	0);
INSERT INTO ACT_SMT
	VALUES ("42e87e1e-a92c-41b5-9158-0f59e550c553",
	"f9ba2256-b51b-4a23-b958-d340e246f590",
	"106ad2c3-f48f-4737-8081-6c19871bf332",
	9,
	3,
	'UserInterface::BookingProvider::requestAvailableBookables line: 9');
INSERT INTO ACT_SEL
	VALUES ("42e87e1e-a92c-41b5-9158-0f59e550c553",
	"3a1bd513-6373-4a13-bd19-10b7c4f4b214",
	1,
	'one',
	"62523003-f57e-4040-adaa-1248ffcad4eb");
INSERT INTO ACT_SR
	VALUES ("42e87e1e-a92c-41b5-9158-0f59e550c553");
INSERT INTO ACT_LNK
	VALUES ("30034e90-f959-4bd8-9822-8ff801a986f2",
	'',
	"42e87e1e-a92c-41b5-9158-0f59e550c553",
	"17f1dd67-3fd4-46db-8752-891089e87a24",
	"00000000-0000-0000-0000-000000000000",
	2,
	"daf3cea3-b187-4d6a-9517-f12785ae9b3a",
	9,
	40,
	9,
	46,
	0,
	0);
INSERT INTO ACT_SMT
	VALUES ("106ad2c3-f48f-4737-8081-6c19871bf332",
	"f9ba2256-b51b-4a23-b958-d340e246f590",
	"7bd67964-93ac-4f8f-9e4f-d594a028ec2a",
	11,
	3,
	'UserInterface::BookingProvider::requestAvailableBookables line: 11');
INSERT INTO ACT_AI
	VALUES ("106ad2c3-f48f-4737-8081-6c19871bf332",
	"3a007a6c-d7fe-4b0c-b766-8c4939eaa4b9",
	"f7649544-c935-4017-a807-62a9c51b016b",
	0,
	0);
INSERT INTO ACT_SMT
	VALUES ("7bd67964-93ac-4f8f-9e4f-d594a028ec2a",
	"f9ba2256-b51b-4a23-b958-d340e246f590",
	"00000000-0000-0000-0000-000000000000",
	13,
	3,
	'UserInterface::BookingProvider::requestAvailableBookables line: 13');
INSERT INTO ACT_IF
	VALUES ("7bd67964-93ac-4f8f-9e4f-d594a028ec2a",
	"4930ea0e-d562-4ab1-ad5d-54023e83594e",
	"b12ffcf7-53d5-4808-82b4-4f31ffc3dddd",
	"00000000-0000-0000-0000-000000000000",
	"00000000-0000-0000-0000-000000000000");
INSERT INTO ACT_SMT
	VALUES ("818b531f-f5e5-42b3-b5e2-23ce85dfe10c",
	"f9ba2256-b51b-4a23-b958-d340e246f590",
	"00000000-0000-0000-0000-000000000000",
	16,
	3,
	'UserInterface::BookingProvider::requestAvailableBookables line: 16');
INSERT INTO ACT_E
	VALUES ("818b531f-f5e5-42b3-b5e2-23ce85dfe10c",
	"a2de70fa-81fb-4529-af2a-437098978c7f",
	"7bd67964-93ac-4f8f-9e4f-d594a028ec2a");
INSERT INTO V_VAL
	VALUES ("a60fba86-de64-4b4f-9b65-5ea27b1b1bbd",
	0,
	0,
	6,
	33,
	39,
	0,
	0,
	0,
	0,
	"ba5eda7a-def5-0000-0000-000000000008",
	"f9ba2256-b51b-4a23-b958-d340e246f590");
INSERT INTO V_IRF
	VALUES ("a60fba86-de64-4b4f-9b65-5ea27b1b1bbd",
	"8dd14874-3680-4806-b8d5-693e3f76ee48");
INSERT INTO V_VAL
	VALUES ("2ac500f0-eec8-4aa4-baa6-060aed5425b3",
	0,
	0,
	7,
	39,
	46,
	0,
	0,
	0,
	0,
	"ba5eda7a-def5-0000-0000-00000000000e",
	"f9ba2256-b51b-4a23-b958-d340e246f590");
INSERT INTO V_PVL
	VALUES ("2ac500f0-eec8-4aa4-baa6-060aed5425b3",
	"00000000-0000-0000-0000-000000000000",
	"00000000-0000-0000-0000-000000000000",
	"00000000-0000-0000-0000-000000000000",
	"bb7fca6d-dbf4-4e65-bf71-bad1b55fe0c7");
INSERT INTO V_PAR
	VALUES ("2ac500f0-eec8-4aa4-baa6-060aed5425b3",
	"741c3ab4-5e4a-48c9-9202-e581917041cf",
	"00000000-0000-0000-0000-000000000000",
	'fromDate',
	"00000000-0000-0000-0000-000000000000",
	7,
	23);
INSERT INTO V_VAL
	VALUES ("dc20cde4-c02d-44df-aee1-41b96310f526",
	0,
	0,
	8,
	35,
	40,
	0,
	0,
	0,
	0,
	"ba5eda7a-def5-0000-0000-00000000000e",
	"f9ba2256-b51b-4a23-b958-d340e246f590");
INSERT INTO V_PVL
	VALUES ("dc20cde4-c02d-44df-aee1-41b96310f526",
	"00000000-0000-0000-0000-000000000000",
	"00000000-0000-0000-0000-000000000000",
	"00000000-0000-0000-0000-000000000000",
	"5b1beab7-9ad5-43f6-84fb-0e6f38b599d5");
INSERT INTO V_PAR
	VALUES ("dc20cde4-c02d-44df-aee1-41b96310f526",
	"9e515fbd-37e7-40ff-ba9d-f81d901c1c1e",
	"00000000-0000-0000-0000-000000000000",
	'toDate',
	"00000000-0000-0000-0000-000000000000",
	8,
	21);
INSERT INTO V_VAL
	VALUES ("62523003-f57e-4040-adaa-1248ffcad4eb",
	0,
	0,
	9,
	31,
	37,
	0,
	0,
	0,
	0,
	"ba5eda7a-def5-0000-0000-000000000008",
	"f9ba2256-b51b-4a23-b958-d340e246f590");
INSERT INTO V_IRF
	VALUES ("62523003-f57e-4040-adaa-1248ffcad4eb",
	"8dd14874-3680-4806-b8d5-693e3f76ee48");
INSERT INTO V_VAL
	VALUES ("f7649544-c935-4017-a807-62a9c51b016b",
	1,
	1,
	11,
	3,
	8,
	0,
	0,
	0,
	0,
	"ebb6007c-c361-40c7-ad5b-5b07d6a01d41",
	"f9ba2256-b51b-4a23-b958-d340e246f590");
INSERT INTO V_ISR
	VALUES ("f7649544-c935-4017-a807-62a9c51b016b",
	"65bf620d-60c6-4226-a026-df7d48919ed2");
INSERT INTO V_VAL
	VALUES ("3a007a6c-d7fe-4b0c-b766-8c4939eaa4b9",
	0,
	0,
	11,
	18,
	-1,
	11,
	38,
	12,
	14,
	"ebb6007c-c361-40c7-ad5b-5b07d6a01d41",
	"f9ba2256-b51b-4a23-b958-d340e246f590");
INSERT INTO V_TRV
	VALUES ("3a007a6c-d7fe-4b0c-b766-8c4939eaa4b9",
	"0cc47a0b-bb48-479c-ba44-ff9a0520b24e",
	"3a1bd513-6373-4a13-bd19-10b7c4f4b214",
	1,
	0,
	0);
INSERT INTO V_VAL
	VALUES ("729a8a4d-2439-4a44-88ef-27d12635c7ad",
	0,
	0,
	11,
	54,
	61,
	0,
	0,
	0,
	0,
	"ba5eda7a-def5-0000-0000-00000000000e",
	"f9ba2256-b51b-4a23-b958-d340e246f590");
INSERT INTO V_PVL
	VALUES ("729a8a4d-2439-4a44-88ef-27d12635c7ad",
	"00000000-0000-0000-0000-000000000000",
	"00000000-0000-0000-0000-000000000000",
	"00000000-0000-0000-0000-000000000000",
	"bb7fca6d-dbf4-4e65-bf71-bad1b55fe0c7");
INSERT INTO V_PAR
	VALUES ("729a8a4d-2439-4a44-88ef-27d12635c7ad",
	"00000000-0000-0000-0000-000000000000",
	"3a007a6c-d7fe-4b0c-b766-8c4939eaa4b9",
	'fromDate',
	"786090f2-9c0b-436f-9148-6b1b39c7551b",
	11,
	38);
INSERT INTO V_VAL
	VALUES ("786090f2-9c0b-436f-9148-6b1b39c7551b",
	0,
	0,
	12,
	28,
	33,
	0,
	0,
	0,
	0,
	"ba5eda7a-def5-0000-0000-00000000000e",
	"f9ba2256-b51b-4a23-b958-d340e246f590");
INSERT INTO V_PVL
	VALUES ("786090f2-9c0b-436f-9148-6b1b39c7551b",
	"00000000-0000-0000-0000-000000000000",
	"00000000-0000-0000-0000-000000000000",
	"00000000-0000-0000-0000-000000000000",
	"5b1beab7-9ad5-43f6-84fb-0e6f38b599d5");
INSERT INTO V_PAR
	VALUES ("786090f2-9c0b-436f-9148-6b1b39c7551b",
	"00000000-0000-0000-0000-000000000000",
	"3a007a6c-d7fe-4b0c-b766-8c4939eaa4b9",
	'toDate',
	"00000000-0000-0000-0000-000000000000",
	12,
	14);
INSERT INTO V_VAL
	VALUES ("4437e1d6-b1ef-4468-a0bb-4c4cb2507f78",
	0,
	0,
	13,
	12,
	17,
	0,
	0,
	0,
	0,
	"ebb6007c-c361-40c7-ad5b-5b07d6a01d41",
	"f9ba2256-b51b-4a23-b958-d340e246f590");
INSERT INTO V_ISR
	VALUES ("4437e1d6-b1ef-4468-a0bb-4c4cb2507f78",
	"65bf620d-60c6-4226-a026-df7d48919ed2");
INSERT INTO V_VAL
	VALUES ("b12ffcf7-53d5-4808-82b4-4f31ffc3dddd",
	0,
	0,
	-1,
	-1,
	-1,
	0,
	0,
	0,
	0,
	"ba5eda7a-def5-0000-0000-000000000001",
	"f9ba2256-b51b-4a23-b958-d340e246f590");
INSERT INTO V_UNY
	VALUES ("b12ffcf7-53d5-4808-82b4-4f31ffc3dddd",
	"4437e1d6-b1ef-4468-a0bb-4c4cb2507f78",
	'empty');
INSERT INTO V_VAR
	VALUES ("e7489cf4-baec-4487-84f1-3b55c04255ee",
	"f9ba2256-b51b-4a23-b958-d340e246f590",
	'booking',
	1,
	"433f7688-7b95-4f9c-89f1-cf076d691ab7");
INSERT INTO V_INT
	VALUES ("e7489cf4-baec-4487-84f1-3b55c04255ee",
	0,
	"9a41fe9e-f547-4cde-b68d-f7db43c904dc");
INSERT INTO V_LOC
	VALUES ("21a899f5-3215-4c71-80b8-3d2ca1ccf396",
	6,
	14,
	20,
	"e7489cf4-baec-4487-84f1-3b55c04255ee");
INSERT INTO V_LOC
	VALUES ("e50eb806-72fa-4c8a-801f-8d9f601c6947",
	7,
	3,
	9,
	"e7489cf4-baec-4487-84f1-3b55c04255ee");
INSERT INTO V_LOC
	VALUES ("d75c49ae-6c67-4045-b199-987aac92ab11",
	8,
	3,
	9,
	"e7489cf4-baec-4487-84f1-3b55c04255ee");
INSERT INTO V_VAR
	VALUES ("3a1bd513-6373-4a13-bd19-10b7c4f4b214",
	"f9ba2256-b51b-4a23-b958-d340e246f590",
	'hotel',
	1,
	"ba5eda7a-def5-0000-0000-000000000008");
INSERT INTO V_INT
	VALUES ("3a1bd513-6373-4a13-bd19-10b7c4f4b214",
	0,
	"daf3cea3-b187-4d6a-9517-f12785ae9b3a");
INSERT INTO V_LOC
	VALUES ("dc1bbbf7-eb37-43bc-a2f7-3d2cb517a787",
	9,
	14,
	18,
	"3a1bd513-6373-4a13-bd19-10b7c4f4b214");
INSERT INTO V_LOC
	VALUES ("6a27b17d-fae6-4ec6-98bb-02f787f623d0",
	11,
	12,
	16,
	"3a1bd513-6373-4a13-bd19-10b7c4f4b214");
INSERT INTO V_VAR
	VALUES ("65bf620d-60c6-4226-a026-df7d48919ed2",
	"f9ba2256-b51b-4a23-b958-d340e246f590",
	'result',
	1,
	"ebb6007c-c361-40c7-ad5b-5b07d6a01d41");
INSERT INTO V_INS
	VALUES ("65bf620d-60c6-4226-a026-df7d48919ed2",
	"bafdc953-1881-43a3-a5f1-9dcc7e2d60c3");
INSERT INTO V_LOC
	VALUES ("2cb59812-5954-4c39-a0a1-1c70b9327639",
	11,
	3,
	8,
	"65bf620d-60c6-4226-a026-df7d48919ed2");
INSERT INTO V_LOC
	VALUES ("63d90155-7cee-40b1-bbde-ab12c44b7923",
	19,
	19,
	24,
	"65bf620d-60c6-4226-a026-df7d48919ed2");
INSERT INTO ACT_BLK
	VALUES ("4930ea0e-d562-4ab1-ad5d-54023e83594e",
	0,
	0,
	0,
	'BookingProvider',
	'',
	'',
	14,
	4,
	14,
	9,
	0,
	0,
	0,
	0,
	0,
	0,
	0,
	0,
	0,
	"b53f3e1b-277e-4297-aa25-71e4fe6acdcb",
	"00000000-0000-0000-0000-000000000000");
INSERT INTO ACT_SMT
	VALUES ("054531ef-63e8-41ad-8aa8-9e55bdbb0428",
	"4930ea0e-d562-4ab1-ad5d-54023e83594e",
	"00000000-0000-0000-0000-000000000000",
	14,
	4,
	'UserInterface::BookingProvider::requestAvailableBookables line: 14');
INSERT INTO ACT_SGN
	VALUES ("054531ef-63e8-41ad-8aa8-9e55bdbb0428",
	14,
	26,
	14,
	9,
	"6752f1fb-4d87-4e38-a4d2-a76b30240df9",
	"00000000-0000-0000-0000-000000000000",
	"00000000-0000-0000-0000-000000000000");
INSERT INTO V_VAL
	VALUES ("4b0f7540-fa44-4423-86d4-4e44e7086255",
	0,
	0,
	14,
	47,
	78,
	0,
	0,
	0,
	0,
	"ba5eda7a-def5-0000-0000-000000000004",
	"4930ea0e-d562-4ab1-ad5d-54023e83594e");
INSERT INTO V_LST
	VALUES ("4b0f7540-fa44-4423-86d4-4e44e7086255",
	'H: requestAvail: No rooms found');
INSERT INTO V_PAR
	VALUES ("4b0f7540-fa44-4423-86d4-4e44e7086255",
	"054531ef-63e8-41ad-8aa8-9e55bdbb0428",
	"00000000-0000-0000-0000-000000000000",
	'message',
	"4758876b-4ea7-4576-b455-37ff640c3bdf",
	14,
	38);
INSERT INTO V_VAL
	VALUES ("4758876b-4ea7-4576-b455-37ff640c3bdf",
	0,
	0,
	15,
	29,
	37,
	0,
	0,
	0,
	0,
	"ba5eda7a-def5-0000-0000-000000000005",
	"4930ea0e-d562-4ab1-ad5d-54023e83594e");
INSERT INTO V_PVL
	VALUES ("4758876b-4ea7-4576-b455-37ff640c3bdf",
	"00000000-0000-0000-0000-000000000000",
	"00000000-0000-0000-0000-000000000000",
	"00000000-0000-0000-0000-000000000000",
	"440d61eb-481a-4ea0-b89c-0bc624d141a3");
INSERT INTO V_PAR
	VALUES ("4758876b-4ea7-4576-b455-37ff640c3bdf",
	"054531ef-63e8-41ad-8aa8-9e55bdbb0428",
	"00000000-0000-0000-0000-000000000000",
	'sessionID',
	"00000000-0000-0000-0000-000000000000",
	15,
	13);
INSERT INTO ACT_BLK
	VALUES ("a2de70fa-81fb-4529-af2a-437098978c7f",
	0,
	0,
	0,
	'CustomerInterface',
	'fromDate',
	'toDate',
	28,
	4,
	28,
	9,
	0,
	0,
	0,
	0,
	0,
	0,
	0,
	0,
	0,
	"b53f3e1b-277e-4297-aa25-71e4fe6acdcb",
	"00000000-0000-0000-0000-000000000000");
INSERT INTO ACT_SMT
	VALUES ("a019580d-6e20-4560-916c-134725089a54",
	"a2de70fa-81fb-4529-af2a-437098978c7f",
	"cb0dadde-b94f-402f-aa02-02bfedff48f8",
	17,
	4,
	'UserInterface::BookingProvider::requestAvailableBookables line: 17');
INSERT INTO E_ESS
	VALUES ("a019580d-6e20-4560-916c-134725089a54",
	1,
	0,
	17,
	13,
	17,
	29,
	0,
	0,
	17,
	41,
	18,
	14);
INSERT INTO V_PAR
	VALUES ("5d224aed-c658-45bf-86f2-f3c67273bf01",
	"a019580d-6e20-4560-916c-134725089a54",
	"00000000-0000-0000-0000-000000000000",
	'toDate',
	"00000000-0000-0000-0000-000000000000",
	18,
	14);
INSERT INTO V_PAR
	VALUES ("1653b750-236a-4fd0-8104-afe49bf87f1d",
	"a019580d-6e20-4560-916c-134725089a54",
	"00000000-0000-0000-0000-000000000000",
	'fromDate',
	"5d224aed-c658-45bf-86f2-f3c67273bf01",
	17,
	41);
INSERT INTO E_GES
	VALUES ("a019580d-6e20-4560-916c-134725089a54");
INSERT INTO E_GSME
	VALUES ("a019580d-6e20-4560-916c-134725089a54",
	"42a35ac4-7d83-4153-8c24-cc4699f29672");
INSERT INTO E_GEN
	VALUES ("a019580d-6e20-4560-916c-134725089a54",
	"8dd14874-3680-4806-b8d5-693e3f76ee48");
INSERT INTO ACT_SMT
	VALUES ("cb0dadde-b94f-402f-aa02-02bfedff48f8",
	"a2de70fa-81fb-4529-af2a-437098978c7f",
	"876f005a-e3e6-4a2a-8fdb-3751b35c87ed",
	19,
	4,
	'UserInterface::BookingProvider::requestAvailableBookables line: 19');
INSERT INTO ACT_FOR
	VALUES ("cb0dadde-b94f-402f-aa02-02bfedff48f8",
	"3646f54b-60e9-4748-9f8c-b4714b022819",
	1,
	"72b7b736-298b-4173-bf0e-75d57bfb9163",
	"65bf620d-60c6-4226-a026-df7d48919ed2",
	"bafdc953-1881-43a3-a5f1-9dcc7e2d60c3");
INSERT INTO ACT_SMT
	VALUES ("876f005a-e3e6-4a2a-8fdb-3751b35c87ed",
	"a2de70fa-81fb-4529-af2a-437098978c7f",
	"00000000-0000-0000-0000-000000000000",
	28,
	4,
	'UserInterface::BookingProvider::requestAvailableBookables line: 28');
INSERT INTO ACT_SGN
	VALUES ("876f005a-e3e6-4a2a-8fdb-3751b35c87ed",
	28,
	28,
	28,
	9,
	"ae34909a-eb30-4d15-b730-c28470c12f2c",
	"00000000-0000-0000-0000-000000000000",
	"00000000-0000-0000-0000-000000000000");
INSERT INTO V_VAL
	VALUES ("1653b750-236a-4fd0-8104-afe49bf87f1d",
	0,
	0,
	17,
	57,
	64,
	0,
	0,
	0,
	0,
	"ba5eda7a-def5-0000-0000-00000000000e",
	"a2de70fa-81fb-4529-af2a-437098978c7f");
INSERT INTO V_PVL
	VALUES ("1653b750-236a-4fd0-8104-afe49bf87f1d",
	"00000000-0000-0000-0000-000000000000",
	"00000000-0000-0000-0000-000000000000",
	"00000000-0000-0000-0000-000000000000",
	"bb7fca6d-dbf4-4e65-bf71-bad1b55fe0c7");
INSERT INTO V_VAL
	VALUES ("5d224aed-c658-45bf-86f2-f3c67273bf01",
	0,
	0,
	18,
	28,
	33,
	0,
	0,
	0,
	0,
	"ba5eda7a-def5-0000-0000-00000000000e",
	"a2de70fa-81fb-4529-af2a-437098978c7f");
INSERT INTO V_PVL
	VALUES ("5d224aed-c658-45bf-86f2-f3c67273bf01",
	"00000000-0000-0000-0000-000000000000",
	"00000000-0000-0000-0000-000000000000",
	"00000000-0000-0000-0000-000000000000",
	"5b1beab7-9ad5-43f6-84fb-0e6f38b599d5");
INSERT INTO V_VAL
	VALUES ("067b7bc9-1705-4199-b02f-c0d1f5fdf57e",
	0,
	0,
	28,
	49,
	55,
	0,
	0,
	0,
	0,
	"ba5eda7a-def5-0000-0000-000000000008",
	"a2de70fa-81fb-4529-af2a-437098978c7f");
INSERT INTO V_IRF
	VALUES ("067b7bc9-1705-4199-b02f-c0d1f5fdf57e",
	"8dd14874-3680-4806-b8d5-693e3f76ee48");
INSERT INTO V_VAL
	VALUES ("804890d0-0103-490e-a4bb-87848de33cda",
	0,
	0,
	28,
	57,
	58,
	0,
	0,
	0,
	0,
	"ba5eda7a-def5-0000-0000-000000000005",
	"a2de70fa-81fb-4529-af2a-437098978c7f");
INSERT INTO V_AVL
	VALUES ("804890d0-0103-490e-a4bb-87848de33cda",
	"067b7bc9-1705-4199-b02f-c0d1f5fdf57e",
	"7137c09d-ba0e-406b-b3b5-76bb3cc48f3d",
	"df46d3b5-7060-4611-8908-d535d035865a");
INSERT INTO V_PAR
	VALUES ("804890d0-0103-490e-a4bb-87848de33cda",
	"876f005a-e3e6-4a2a-8fdb-3751b35c87ed",
	"00000000-0000-0000-0000-000000000000",
	'sessionID',
	"00000000-0000-0000-0000-000000000000",
	28,
	38);
INSERT INTO V_VAR
	VALUES ("72b7b736-298b-4173-bf0e-75d57bfb9163",
	"a2de70fa-81fb-4529-af2a-437098978c7f",
	'ft',
	1,
	"99dc6d1a-909c-4bcb-a5b6-04d65b974e90");
INSERT INTO V_INT
	VALUES ("72b7b736-298b-4173-bf0e-75d57bfb9163",
	1,
	"bafdc953-1881-43a3-a5f1-9dcc7e2d60c3");
INSERT INTO V_LOC
	VALUES ("23ea91c9-060f-4137-9e44-5665f192c925",
	19,
	13,
	14,
	"72b7b736-298b-4173-bf0e-75d57bfb9163");
INSERT INTO V_LOC
	VALUES ("c0953e30-279b-4b03-8596-56b8afed337c",
	21,
	41,
	42,
	"72b7b736-298b-4173-bf0e-75d57bfb9163");
INSERT INTO V_LOC
	VALUES ("e64ddf21-cbfd-404e-850a-584ff716e864",
	24,
	29,
	30,
	"72b7b736-298b-4173-bf0e-75d57bfb9163");
INSERT INTO ACT_BLK
	VALUES ("3646f54b-60e9-4748-9f8c-b4714b022819",
	1,
	0,
	0,
	'BookingProvider',
	'',
	'',
	21,
	5,
	21,
	10,
	0,
	0,
	20,
	42,
	0,
	0,
	0,
	0,
	0,
	"b53f3e1b-277e-4297-aa25-71e4fe6acdcb",
	"00000000-0000-0000-0000-000000000000");
INSERT INTO ACT_SMT
	VALUES ("cd39fb7b-290f-43a0-a1c5-30854c4d5639",
	"3646f54b-60e9-4748-9f8c-b4714b022819",
	"e81e1e8e-77cd-4178-a368-23cd5fcfc018",
	20,
	5,
	'UserInterface::BookingProvider::requestAvailableBookables line: 20');
INSERT INTO ACT_SEL
	VALUES ("cd39fb7b-290f-43a0-a1c5-30854c4d5639",
	"6ba14c80-0498-437b-87aa-eac05e9aa50f",
	1,
	'one',
	"c3812a86-2456-404f-9a2b-6df116330d74");
INSERT INTO ACT_SR
	VALUES ("cd39fb7b-290f-43a0-a1c5-30854c4d5639");
INSERT INTO ACT_LNK
	VALUES ("d1dd8f10-ca96-4b21-a24a-b9970f46aae1",
	'',
	"cd39fb7b-290f-43a0-a1c5-30854c4d5639",
	"655f93cd-124d-4c1c-8fee-9a2f5468ffe1",
	"00000000-0000-0000-0000-000000000000",
	2,
	"803702ba-1594-4405-b96a-8c76b6ef1c69",
	20,
	33,
	20,
	42,
	0,
	0);
INSERT INTO ACT_SMT
	VALUES ("e81e1e8e-77cd-4178-a368-23cd5fcfc018",
	"3646f54b-60e9-4748-9f8c-b4714b022819",
	"00000000-0000-0000-0000-000000000000",
	21,
	5,
	'UserInterface::BookingProvider::requestAvailableBookables line: 21');
INSERT INTO ACT_SGN
	VALUES ("e81e1e8e-77cd-4178-a368-23cd5fcfc018",
	21,
	27,
	21,
	10,
	"bd3fdb96-1c93-414b-9f1d-6b837b25374d",
	"00000000-0000-0000-0000-000000000000",
	"00000000-0000-0000-0000-000000000000");
INSERT INTO V_VAL
	VALUES ("c3812a86-2456-404f-9a2b-6df116330d74",
	0,
	0,
	20,
	29,
	30,
	0,
	0,
	0,
	0,
	"99dc6d1a-909c-4bcb-a5b6-04d65b974e90",
	"3646f54b-60e9-4748-9f8c-b4714b022819");
INSERT INTO V_IRF
	VALUES ("c3812a86-2456-404f-9a2b-6df116330d74",
	"72b7b736-298b-4173-bf0e-75d57bfb9163");
INSERT INTO V_VAL
	VALUES ("32c7b8ae-96d4-4081-bf6a-4102a1c78998",
	0,
	0,
	21,
	41,
	42,
	0,
	0,
	0,
	0,
	"99dc6d1a-909c-4bcb-a5b6-04d65b974e90",
	"3646f54b-60e9-4748-9f8c-b4714b022819");
INSERT INTO V_IRF
	VALUES ("32c7b8ae-96d4-4081-bf6a-4102a1c78998",
	"72b7b736-298b-4173-bf0e-75d57bfb9163");
INSERT INTO V_VAL
	VALUES ("3ab598f0-7e3a-47ad-b5a0-3f2bfe528abb",
	0,
	0,
	21,
	44,
	45,
	0,
	0,
	0,
	0,
	"ba5eda7a-def5-0000-0000-000000000002",
	"3646f54b-60e9-4748-9f8c-b4714b022819");
INSERT INTO V_AVL
	VALUES ("3ab598f0-7e3a-47ad-b5a0-3f2bfe528abb",
	"32c7b8ae-96d4-4081-bf6a-4102a1c78998",
	"bafdc953-1881-43a3-a5f1-9dcc7e2d60c3",
	"c7050232-2f33-4247-8fc7-4866e3c7280d");
INSERT INTO V_PAR
	VALUES ("3ab598f0-7e3a-47ad-b5a0-3f2bfe528abb",
	"e81e1e8e-77cd-4178-a368-23cd5fcfc018",
	"00000000-0000-0000-0000-000000000000",
	'id',
	"5c1b4206-0e71-4cc7-9cf9-94db7c940247",
	21,
	37);
INSERT INTO V_VAL
	VALUES ("4d6b70cf-c864-4594-b80a-505cded3b2d9",
	0,
	0,
	22,
	20,
	20,
	0,
	0,
	0,
	0,
	"bdce89ef-72f6-4386-ba13-b2d926836c80",
	"3646f54b-60e9-4748-9f8c-b4714b022819");
INSERT INTO V_IRF
	VALUES ("4d6b70cf-c864-4594-b80a-505cded3b2d9",
	"6ba14c80-0498-437b-87aa-eac05e9aa50f");
INSERT INTO V_VAL
	VALUES ("5c1b4206-0e71-4cc7-9cf9-94db7c940247",
	0,
	0,
	22,
	22,
	26,
	0,
	0,
	0,
	0,
	"ba5eda7a-def5-0000-0000-000000000002",
	"3646f54b-60e9-4748-9f8c-b4714b022819");
INSERT INTO V_AVL
	VALUES ("5c1b4206-0e71-4cc7-9cf9-94db7c940247",
	"4d6b70cf-c864-4594-b80a-505cded3b2d9",
	"803702ba-1594-4405-b96a-8c76b6ef1c69",
	"8ccbac66-5148-4ed4-bb36-09215ce15366");
INSERT INTO V_PAR
	VALUES ("5c1b4206-0e71-4cc7-9cf9-94db7c940247",
	"e81e1e8e-77cd-4178-a368-23cd5fcfc018",
	"00000000-0000-0000-0000-000000000000",
	'price',
	"475b1397-c123-4a25-99e3-0a7dce339a30",
	22,
	13);
INSERT INTO V_VAL
	VALUES ("7860b6c0-faf1-45cd-8312-b7950ad4257e",
	0,
	0,
	23,
	26,
	26,
	0,
	0,
	0,
	0,
	"bdce89ef-72f6-4386-ba13-b2d926836c80",
	"3646f54b-60e9-4748-9f8c-b4714b022819");
INSERT INTO V_IRF
	VALUES ("7860b6c0-faf1-45cd-8312-b7950ad4257e",
	"6ba14c80-0498-437b-87aa-eac05e9aa50f");
INSERT INTO V_VAL
	VALUES ("475b1397-c123-4a25-99e3-0a7dce339a30",
	0,
	0,
	23,
	28,
	38,
	0,
	0,
	0,
	0,
	"ba5eda7a-def5-0000-0000-000000000004",
	"3646f54b-60e9-4748-9f8c-b4714b022819");
INSERT INTO V_AVL
	VALUES ("475b1397-c123-4a25-99e3-0a7dce339a30",
	"7860b6c0-faf1-45cd-8312-b7950ad4257e",
	"803702ba-1594-4405-b96a-8c76b6ef1c69",
	"7edb737c-eda0-435c-ab44-20ad0293ebdb");
INSERT INTO V_PAR
	VALUES ("475b1397-c123-4a25-99e3-0a7dce339a30",
	"e81e1e8e-77cd-4178-a368-23cd5fcfc018",
	"00000000-0000-0000-0000-000000000000",
	'description',
	"b70181e9-daf1-45ba-bfe1-69d155b68e1a",
	23,
	13);
INSERT INTO V_VAL
	VALUES ("e571677b-c52d-4eff-aa2f-a16155038abf",
	0,
	0,
	24,
	29,
	30,
	0,
	0,
	0,
	0,
	"99dc6d1a-909c-4bcb-a5b6-04d65b974e90",
	"3646f54b-60e9-4748-9f8c-b4714b022819");
INSERT INTO V_IRF
	VALUES ("e571677b-c52d-4eff-aa2f-a16155038abf",
	"72b7b736-298b-4173-bf0e-75d57bfb9163");
INSERT INTO V_VAL
	VALUES ("b70181e9-daf1-45ba-bfe1-69d155b68e1a",
	0,
	0,
	24,
	32,
	46,
	0,
	0,
	0,
	0,
	"ba5eda7a-def5-0000-0000-000000000004",
	"3646f54b-60e9-4748-9f8c-b4714b022819");
INSERT INTO V_AVL
	VALUES ("b70181e9-daf1-45ba-bfe1-69d155b68e1a",
	"e571677b-c52d-4eff-aa2f-a16155038abf",
	"bafdc953-1881-43a3-a5f1-9dcc7e2d60c3",
	"839b61ce-d63e-49ba-a0ae-d1b0093bb680");
INSERT INTO V_PAR
	VALUES ("b70181e9-daf1-45ba-bfe1-69d155b68e1a",
	"e81e1e8e-77cd-4178-a368-23cd5fcfc018",
	"00000000-0000-0000-0000-000000000000",
	'aproximateArea',
	"0b914089-e145-4c0c-af64-cdc6629298ee",
	24,
	13);
INSERT INTO V_VAL
	VALUES ("0b914089-e145-4c0c-af64-cdc6629298ee",
	0,
	0,
	-1,
	-1,
	-1,
	0,
	0,
	0,
	0,
	"ba5eda7a-def5-0000-0000-000000000001",
	"3646f54b-60e9-4748-9f8c-b4714b022819");
INSERT INTO V_LBO
	VALUES ("0b914089-e145-4c0c-af64-cdc6629298ee",
	'FALSE');
INSERT INTO V_PAR
	VALUES ("0b914089-e145-4c0c-af64-cdc6629298ee",
	"e81e1e8e-77cd-4178-a368-23cd5fcfc018",
	"00000000-0000-0000-0000-000000000000",
	'independent',
	"6976e8a3-0b3f-48e4-a7dd-351546fab97a",
	25,
	13);
INSERT INTO V_VAL
	VALUES ("52de4d6f-68fa-4303-9394-45a7b9c4ef62",
	0,
	0,
	26,
	23,
	29,
	0,
	0,
	0,
	0,
	"ba5eda7a-def5-0000-0000-000000000008",
	"3646f54b-60e9-4748-9f8c-b4714b022819");
INSERT INTO V_IRF
	VALUES ("52de4d6f-68fa-4303-9394-45a7b9c4ef62",
	"8dd14874-3680-4806-b8d5-693e3f76ee48");
INSERT INTO V_VAL
	VALUES ("6976e8a3-0b3f-48e4-a7dd-351546fab97a",
	0,
	0,
	26,
	31,
	32,
	0,
	0,
	0,
	0,
	"ba5eda7a-def5-0000-0000-000000000005",
	"3646f54b-60e9-4748-9f8c-b4714b022819");
INSERT INTO V_AVL
	VALUES ("6976e8a3-0b3f-48e4-a7dd-351546fab97a",
	"52de4d6f-68fa-4303-9394-45a7b9c4ef62",
	"7137c09d-ba0e-406b-b3b5-76bb3cc48f3d",
	"df46d3b5-7060-4611-8908-d535d035865a");
INSERT INTO V_PAR
	VALUES ("6976e8a3-0b3f-48e4-a7dd-351546fab97a",
	"e81e1e8e-77cd-4178-a368-23cd5fcfc018",
	"00000000-0000-0000-0000-000000000000",
	'sessionID',
	"00000000-0000-0000-0000-000000000000",
	26,
	13);
INSERT INTO V_VAR
	VALUES ("6ba14c80-0498-437b-87aa-eac05e9aa50f",
	"3646f54b-60e9-4748-9f8c-b4714b022819",
	'b',
	1,
	"bdce89ef-72f6-4386-ba13-b2d926836c80");
INSERT INTO V_INT
	VALUES ("6ba14c80-0498-437b-87aa-eac05e9aa50f",
	0,
	"803702ba-1594-4405-b96a-8c76b6ef1c69");
INSERT INTO V_LOC
	VALUES ("4d2659de-3510-4fdd-80ce-af60f2f08d45",
	20,
	16,
	16,
	"6ba14c80-0498-437b-87aa-eac05e9aa50f");
INSERT INTO V_LOC
	VALUES ("7d318473-4539-4ff6-a03e-39b77ad7bcf1",
	22,
	20,
	20,
	"6ba14c80-0498-437b-87aa-eac05e9aa50f");
INSERT INTO V_LOC
	VALUES ("768b42e7-fef7-4a06-ada4-b0e24e428727",
	23,
	26,
	26,
	"6ba14c80-0498-437b-87aa-eac05e9aa50f");
INSERT INTO ACT_BLK
	VALUES ("cf307287-268b-4c7e-bb46-3d6bc52bebe3",
	0,
	0,
	0,
	'BookingProvider',
	'message',
	'message',
	33,
	3,
	33,
	8,
	0,
	0,
	0,
	0,
	0,
	0,
	0,
	0,
	0,
	"b53f3e1b-277e-4297-aa25-71e4fe6acdcb",
	"00000000-0000-0000-0000-000000000000");
INSERT INTO ACT_SMT
	VALUES ("c9b7fe87-fee3-472f-a869-b80157c5eb49",
	"cf307287-268b-4c7e-bb46-3d6bc52bebe3",
	"75ffc77b-c758-42d1-8125-8b85b1734b4a",
	31,
	3,
	'UserInterface::BookingProvider::requestAvailableBookables line: 31');
INSERT INTO E_ESS
	VALUES ("c9b7fe87-fee3-472f-a869-b80157c5eb49",
	1,
	0,
	31,
	12,
	31,
	29,
	0,
	0,
	32,
	6,
	0,
	0);
INSERT INTO V_PAR
	VALUES ("0b5bc452-e6ef-4216-815b-5984639de02b",
	"c9b7fe87-fee3-472f-a869-b80157c5eb49",
	"00000000-0000-0000-0000-000000000000",
	'message',
	"00000000-0000-0000-0000-000000000000",
	32,
	6);
INSERT INTO E_GES
	VALUES ("c9b7fe87-fee3-472f-a869-b80157c5eb49");
INSERT INTO E_GSME
	VALUES ("c9b7fe87-fee3-472f-a869-b80157c5eb49",
	"42aa2589-c5b2-474c-857d-d7afec638cef");
INSERT INTO E_GEN
	VALUES ("c9b7fe87-fee3-472f-a869-b80157c5eb49",
	"8dd14874-3680-4806-b8d5-693e3f76ee48");
INSERT INTO ACT_SMT
	VALUES ("75ffc77b-c758-42d1-8125-8b85b1734b4a",
	"cf307287-268b-4c7e-bb46-3d6bc52bebe3",
	"00000000-0000-0000-0000-000000000000",
	33,
	3,
	'UserInterface::BookingProvider::requestAvailableBookables line: 33');
INSERT INTO ACT_SGN
	VALUES ("75ffc77b-c758-42d1-8125-8b85b1734b4a",
	33,
	25,
	33,
	8,
	"6752f1fb-4d87-4e38-a4d2-a76b30240df9",
	"00000000-0000-0000-0000-000000000000",
	"00000000-0000-0000-0000-000000000000");
INSERT INTO V_VAL
	VALUES ("0b5bc452-e6ef-4216-815b-5984639de02b",
	0,
	0,
	32,
	15,
	47,
	0,
	0,
	0,
	0,
	"ba5eda7a-def5-0000-0000-000000000004",
	"cf307287-268b-4c7e-bb46-3d6bc52bebe3");
INSERT INTO V_LST
	VALUES ("0b5bc452-e6ef-4216-815b-5984639de02b",
	'Too long booking period selected');
INSERT INTO V_VAL
	VALUES ("d660f92e-540d-46d5-82be-45061346bdb9",
	0,
	0,
	33,
	46,
	81,
	0,
	0,
	0,
	0,
	"ba5eda7a-def5-0000-0000-000000000004",
	"cf307287-268b-4c7e-bb46-3d6bc52bebe3");
INSERT INTO V_LST
	VALUES ("d660f92e-540d-46d5-82be-45061346bdb9",
	'H: Too long booking period selected');
INSERT INTO V_PAR
	VALUES ("d660f92e-540d-46d5-82be-45061346bdb9",
	"75ffc77b-c758-42d1-8125-8b85b1734b4a",
	"00000000-0000-0000-0000-000000000000",
	'message',
	"24f570dc-86b0-43a8-926d-c88e7ff32ee9",
	33,
	37);
INSERT INTO V_VAL
	VALUES ("24f570dc-86b0-43a8-926d-c88e7ff32ee9",
	0,
	0,
	34,
	28,
	36,
	0,
	0,
	0,
	0,
	"ba5eda7a-def5-0000-0000-000000000005",
	"cf307287-268b-4c7e-bb46-3d6bc52bebe3");
INSERT INTO V_PVL
	VALUES ("24f570dc-86b0-43a8-926d-c88e7ff32ee9",
	"00000000-0000-0000-0000-000000000000",
	"00000000-0000-0000-0000-000000000000",
	"00000000-0000-0000-0000-000000000000",
	"440d61eb-481a-4ea0-b89c-0bc624d141a3");
INSERT INTO V_PAR
	VALUES ("24f570dc-86b0-43a8-926d-c88e7ff32ee9",
	"75ffc77b-c758-42d1-8125-8b85b1734b4a",
	"00000000-0000-0000-0000-000000000000",
	'sessionID',
	"00000000-0000-0000-0000-000000000000",
	34,
	12);
INSERT INTO ACT_BLK
	VALUES ("cbdb5058-67ca-4cae-a55e-e410ac2e6852",
	0,
	0,
	0,
	'BookingProvider',
	'',
	'',
	37,
	2,
	37,
	7,
	0,
	0,
	0,
	0,
	0,
	0,
	0,
	0,
	0,
	"b53f3e1b-277e-4297-aa25-71e4fe6acdcb",
	"00000000-0000-0000-0000-000000000000");
INSERT INTO ACT_SMT
	VALUES ("1a9f97c5-0cfd-4f21-8641-813e3c7a78b0",
	"cbdb5058-67ca-4cae-a55e-e410ac2e6852",
	"00000000-0000-0000-0000-000000000000",
	37,
	2,
	'UserInterface::BookingProvider::requestAvailableBookables line: 37');
INSERT INTO ACT_SGN
	VALUES ("1a9f97c5-0cfd-4f21-8641-813e3c7a78b0",
	37,
	24,
	37,
	7,
	"6752f1fb-4d87-4e38-a4d2-a76b30240df9",
	"00000000-0000-0000-0000-000000000000",
	"00000000-0000-0000-0000-000000000000");
INSERT INTO V_VAL
	VALUES ("8ab29321-c29c-4799-bd29-42c3a000f924",
	0,
	0,
	37,
	45,
	79,
	0,
	0,
	0,
	0,
	"ba5eda7a-def5-0000-0000-000000000004",
	"cbdb5058-67ca-4cae-a55e-e410ac2e6852");
INSERT INTO V_LST
	VALUES ("8ab29321-c29c-4799-bd29-42c3a000f924",
	'H: requestAvail: Session not found');
INSERT INTO V_PAR
	VALUES ("8ab29321-c29c-4799-bd29-42c3a000f924",
	"1a9f97c5-0cfd-4f21-8641-813e3c7a78b0",
	"00000000-0000-0000-0000-000000000000",
	'message',
	"a5f7fab3-f12e-4a34-b9d6-3f1c937ae909",
	37,
	36);
INSERT INTO V_VAL
	VALUES ("a5f7fab3-f12e-4a34-b9d6-3f1c937ae909",
	0,
	0,
	38,
	27,
	35,
	0,
	0,
	0,
	0,
	"ba5eda7a-def5-0000-0000-000000000005",
	"cbdb5058-67ca-4cae-a55e-e410ac2e6852");
INSERT INTO V_PVL
	VALUES ("a5f7fab3-f12e-4a34-b9d6-3f1c937ae909",
	"00000000-0000-0000-0000-000000000000",
	"00000000-0000-0000-0000-000000000000",
	"00000000-0000-0000-0000-000000000000",
	"440d61eb-481a-4ea0-b89c-0bc624d141a3");
INSERT INTO V_PAR
	VALUES ("a5f7fab3-f12e-4a34-b9d6-3f1c937ae909",
	"1a9f97c5-0cfd-4f21-8641-813e3c7a78b0",
	"00000000-0000-0000-0000-000000000000",
	'sessionID',
	"00000000-0000-0000-0000-000000000000",
	38,
	11);
INSERT INTO SPR_PEP
	VALUES ("bd3fdb96-1c93-414b-9f1d-6b837b25374d",
	"54d1cfcd-e847-40b5-be88-ddf038c56595",
	"36293ad6-77b6-4c0b-a2dd-f02064f6189a");
INSERT INTO SPR_PS
	VALUES ("bd3fdb96-1c93-414b-9f1d-6b837b25374d",
	'available',
	'',
	'',
	1);
INSERT INTO ACT_PSB
	VALUES ("e194b3b0-98a8-4c25-8498-ed34c9ecd29c",
	"bd3fdb96-1c93-414b-9f1d-6b837b25374d");
INSERT INTO ACT_ACT
	VALUES ("e194b3b0-98a8-4c25-8498-ed34c9ecd29c",
	'signal',
	0,
	"6795fdc6-ab5b-481c-bc88-83256fa51a58",
	"00000000-0000-0000-0000-000000000000",
	0,
	'UserInterface::BookingProvider::available',
	"00000000-0000-0000-0000-000000000000");
INSERT INTO ACT_BLK
	VALUES ("6795fdc6-ab5b-481c-bc88-83256fa51a58",
	0,
	0,
	0,
	'',
	'',
	'',
	0,
	0,
	0,
	0,
	0,
	0,
	0,
	0,
	0,
	0,
	0,
	0,
	0,
	"e194b3b0-98a8-4c25-8498-ed34c9ecd29c",
	"00000000-0000-0000-0000-000000000000");
INSERT INTO SPR_PEP
	VALUES ("abc6b7f2-37a1-405e-a869-e8c1c3ff68f8",
	"55b848f9-d68a-4698-bf86-446ac83e49f5",
	"36293ad6-77b6-4c0b-a2dd-f02064f6189a");
INSERT INTO SPR_PS
	VALUES ("abc6b7f2-37a1-405e-a869-e8c1c3ff68f8",
	'selectBookable',
	'',
	'select any bs from instances of BOOKINGSESSION where selected.ID == param.sessionID;

if (not_empty bs)
	LOG::LogInfo(message: "H: selectSignal: Generating select event.");
	generate BOOKINGSESSION1:selectEvent(id:param.id) to bs;
else
	LOG::LogInfo(message: "H: selectSignal: Session not found.");
end if;',
	1);
INSERT INTO ACT_PSB
	VALUES ("67e3fc81-b25b-4806-beda-f709e082af4a",
	"abc6b7f2-37a1-405e-a869-e8c1c3ff68f8");
INSERT INTO ACT_ACT
	VALUES ("67e3fc81-b25b-4806-beda-f709e082af4a",
	'signal',
	0,
	"12c02738-1a5b-4f72-a0e9-d80ae9249554",
	"00000000-0000-0000-0000-000000000000",
	0,
	'UserInterface::BookingProvider::selectBookable',
	"00000000-0000-0000-0000-000000000000");
INSERT INTO ACT_BLK
	VALUES ("12c02738-1a5b-4f72-a0e9-d80ae9249554",
	1,
	0,
	1,
	'',
	'',
	'',
	6,
	1,
	1,
	33,
	0,
	0,
	0,
	0,
	0,
	0,
	0,
	0,
	0,
	"67e3fc81-b25b-4806-beda-f709e082af4a",
	"00000000-0000-0000-0000-000000000000");
INSERT INTO ACT_SMT
	VALUES ("feb07b6a-6e75-40f8-bd81-6f8180198105",
	"12c02738-1a5b-4f72-a0e9-d80ae9249554",
	"c60164f1-a39f-4005-a65b-b94be0436412",
	1,
	1,
	'UserInterface::BookingProvider::selectBookable line: 1');
INSERT INTO ACT_FIW
	VALUES ("feb07b6a-6e75-40f8-bd81-6f8180198105",
	"f08b94b8-e51a-4164-b7b3-d9544343edee",
	1,
	'any',
	"ca12598e-942b-4b03-bd82-e9fdd6d15c3b",
	"7137c09d-ba0e-406b-b3b5-76bb3cc48f3d",
	1,
	33);
INSERT INTO ACT_SMT
	VALUES ("c60164f1-a39f-4005-a65b-b94be0436412",
	"12c02738-1a5b-4f72-a0e9-d80ae9249554",
	"00000000-0000-0000-0000-000000000000",
	3,
	1,
	'UserInterface::BookingProvider::selectBookable line: 3');
INSERT INTO ACT_IF
	VALUES ("c60164f1-a39f-4005-a65b-b94be0436412",
	"9480a9fa-513b-4aa4-b1ce-0115caf49d7c",
	"6774ffeb-a9a5-4cf5-b023-7ca1e2ee9bb4",
	"00000000-0000-0000-0000-000000000000",
	"00000000-0000-0000-0000-000000000000");
INSERT INTO ACT_SMT
	VALUES ("c1f90b5d-d0a2-43e0-8554-95f196fd7d61",
	"12c02738-1a5b-4f72-a0e9-d80ae9249554",
	"00000000-0000-0000-0000-000000000000",
	6,
	1,
	'UserInterface::BookingProvider::selectBookable line: 6');
INSERT INTO ACT_E
	VALUES ("c1f90b5d-d0a2-43e0-8554-95f196fd7d61",
	"9dc3654f-b6a2-445a-bc4e-5ba6430357a2",
	"c60164f1-a39f-4005-a65b-b94be0436412");
INSERT INTO V_VAL
	VALUES ("1eeb1f63-e80f-4662-ae0b-b195d4b172d3",
	0,
	0,
	1,
	54,
	-1,
	0,
	0,
	0,
	0,
	"ba5eda7a-def5-0000-0000-000000000008",
	"12c02738-1a5b-4f72-a0e9-d80ae9249554");
INSERT INTO V_SLR
	VALUES ("1eeb1f63-e80f-4662-ae0b-b195d4b172d3",
	"00000000-0000-0000-0000-000000000000",
	"00000000-0000-0000-0000-000000000000",
	"00000000-0000-0000-0000-000000000000");
INSERT INTO V_VAL
	VALUES ("1ff5b819-40c2-434d-86bd-5621b995fcc0",
	0,
	0,
	1,
	63,
	64,
	0,
	0,
	0,
	0,
	"ba5eda7a-def5-0000-0000-000000000005",
	"12c02738-1a5b-4f72-a0e9-d80ae9249554");
INSERT INTO V_AVL
	VALUES ("1ff5b819-40c2-434d-86bd-5621b995fcc0",
	"1eeb1f63-e80f-4662-ae0b-b195d4b172d3",
	"7137c09d-ba0e-406b-b3b5-76bb3cc48f3d",
	"df46d3b5-7060-4611-8908-d535d035865a");
INSERT INTO V_VAL
	VALUES ("ca12598e-942b-4b03-bd82-e9fdd6d15c3b",
	0,
	0,
	-1,
	-1,
	-1,
	0,
	0,
	0,
	0,
	"ba5eda7a-def5-0000-0000-000000000001",
	"12c02738-1a5b-4f72-a0e9-d80ae9249554");
INSERT INTO V_BIN
	VALUES ("ca12598e-942b-4b03-bd82-e9fdd6d15c3b",
	"cf4b917e-be8c-41cb-aa50-1d746d5e26d9",
	"1ff5b819-40c2-434d-86bd-5621b995fcc0",
	'==');
INSERT INTO V_VAL
	VALUES ("cf4b917e-be8c-41cb-aa50-1d746d5e26d9",
	0,
	0,
	1,
	75,
	83,
	0,
	0,
	0,
	0,
	"ba5eda7a-def5-0000-0000-000000000005",
	"12c02738-1a5b-4f72-a0e9-d80ae9249554");
INSERT INTO V_PVL
	VALUES ("cf4b917e-be8c-41cb-aa50-1d746d5e26d9",
	"00000000-0000-0000-0000-000000000000",
	"00000000-0000-0000-0000-000000000000",
	"00000000-0000-0000-0000-000000000000",
	"eee16ca7-f592-4209-868f-d6a58e473aee");
INSERT INTO V_VAL
	VALUES ("9394aa39-76cd-4d59-9f40-9740939dcef9",
	0,
	0,
	3,
	15,
	16,
	0,
	0,
	0,
	0,
	"ba5eda7a-def5-0000-0000-000000000008",
	"12c02738-1a5b-4f72-a0e9-d80ae9249554");
INSERT INTO V_IRF
	VALUES ("9394aa39-76cd-4d59-9f40-9740939dcef9",
	"f08b94b8-e51a-4164-b7b3-d9544343edee");
INSERT INTO V_VAL
	VALUES ("6774ffeb-a9a5-4cf5-b023-7ca1e2ee9bb4",
	0,
	0,
	-1,
	-1,
	-1,
	0,
	0,
	0,
	0,
	"ba5eda7a-def5-0000-0000-000000000001",
	"12c02738-1a5b-4f72-a0e9-d80ae9249554");
INSERT INTO V_UNY
	VALUES ("6774ffeb-a9a5-4cf5-b023-7ca1e2ee9bb4",
	"9394aa39-76cd-4d59-9f40-9740939dcef9",
	'not_empty');
INSERT INTO V_VAR
	VALUES ("f08b94b8-e51a-4164-b7b3-d9544343edee",
	"12c02738-1a5b-4f72-a0e9-d80ae9249554",
	'bs',
	1,
	"ba5eda7a-def5-0000-0000-000000000008");
INSERT INTO V_INT
	VALUES ("f08b94b8-e51a-4164-b7b3-d9544343edee",
	0,
	"7137c09d-ba0e-406b-b3b5-76bb3cc48f3d");
INSERT INTO V_LOC
	VALUES ("d248465c-3a63-4f04-b41e-861d2356f848",
	1,
	12,
	13,
	"f08b94b8-e51a-4164-b7b3-d9544343edee");
INSERT INTO V_LOC
	VALUES ("ae028664-7749-4a5e-a3c1-885c914b362a",
	5,
	55,
	56,
	"f08b94b8-e51a-4164-b7b3-d9544343edee");
INSERT INTO ACT_BLK
	VALUES ("9480a9fa-513b-4aa4-b1ce-0115caf49d7c",
	0,
	0,
	0,
	'V_VAR.Var_ID',
	'id',
	'id',
	5,
	2,
	4,
	2,
	0,
	0,
	0,
	0,
	0,
	0,
	0,
	0,
	0,
	"67e3fc81-b25b-4806-beda-f709e082af4a",
	"00000000-0000-0000-0000-000000000000");
INSERT INTO ACT_SMT
	VALUES ("b9430652-d7e4-44f5-aa8f-5d2c87e970db",
	"9480a9fa-513b-4aa4-b1ce-0115caf49d7c",
	"996c76ec-18a0-4905-bade-e8c9b9b4e7b7",
	4,
	2,
	'UserInterface::BookingProvider::selectBookable line: 4');
INSERT INTO ACT_BRG
	VALUES ("b9430652-d7e4-44f5-aa8f-5d2c87e970db",
	"768e1cca-7403-495c-9b22-afd11a473eb6",
	4,
	7,
	4,
	2);
INSERT INTO ACT_SMT
	VALUES ("996c76ec-18a0-4905-bade-e8c9b9b4e7b7",
	"9480a9fa-513b-4aa4-b1ce-0115caf49d7c",
	"00000000-0000-0000-0000-000000000000",
	5,
	2,
	'UserInterface::BookingProvider::selectBookable line: 5');
INSERT INTO E_ESS
	VALUES ("996c76ec-18a0-4905-bade-e8c9b9b4e7b7",
	1,
	0,
	5,
	11,
	5,
	27,
	4,
	2,
	5,
	39,
	0,
	0);
INSERT INTO V_PAR
	VALUES ("a6796ca2-c548-4bcc-8c77-ad5352b743da",
	"996c76ec-18a0-4905-bade-e8c9b9b4e7b7",
	"00000000-0000-0000-0000-000000000000",
	'id',
	"00000000-0000-0000-0000-000000000000",
	5,
	39);
INSERT INTO E_GES
	VALUES ("996c76ec-18a0-4905-bade-e8c9b9b4e7b7");
INSERT INTO E_GSME
	VALUES ("996c76ec-18a0-4905-bade-e8c9b9b4e7b7",
	"463dc70c-f7bb-484c-8def-bd2056914139");
INSERT INTO E_GEN
	VALUES ("996c76ec-18a0-4905-bade-e8c9b9b4e7b7",
	"f08b94b8-e51a-4164-b7b3-d9544343edee");
INSERT INTO V_VAL
	VALUES ("d87a56f1-b80c-4c48-96ed-c9515fd4cbf6",
	0,
	0,
	4,
	24,
	65,
	0,
	0,
	0,
	0,
	"ba5eda7a-def5-0000-0000-000000000004",
	"9480a9fa-513b-4aa4-b1ce-0115caf49d7c");
INSERT INTO V_LST
	VALUES ("d87a56f1-b80c-4c48-96ed-c9515fd4cbf6",
	'H: selectSignal: Generating select event.');
INSERT INTO V_PAR
	VALUES ("d87a56f1-b80c-4c48-96ed-c9515fd4cbf6",
	"b9430652-d7e4-44f5-aa8f-5d2c87e970db",
	"00000000-0000-0000-0000-000000000000",
	'message',
	"00000000-0000-0000-0000-000000000000",
	4,
	15);
INSERT INTO V_VAL
	VALUES ("a6796ca2-c548-4bcc-8c77-ad5352b743da",
	0,
	0,
	5,
	48,
	49,
	0,
	0,
	0,
	0,
	"ba5eda7a-def5-0000-0000-000000000002",
	"9480a9fa-513b-4aa4-b1ce-0115caf49d7c");
INSERT INTO V_PVL
	VALUES ("a6796ca2-c548-4bcc-8c77-ad5352b743da",
	"00000000-0000-0000-0000-000000000000",
	"00000000-0000-0000-0000-000000000000",
	"00000000-0000-0000-0000-000000000000",
	"9e138e25-187d-45e0-b2e3-b5230d2a8883");
INSERT INTO ACT_BLK
	VALUES ("9dc3654f-b6a2-445a-bc4e-5ba6430357a2",
	0,
	0,
	0,
	'LOG',
	'',
	'',
	7,
	2,
	7,
	2,
	0,
	0,
	0,
	0,
	0,
	0,
	0,
	0,
	0,
	"67e3fc81-b25b-4806-beda-f709e082af4a",
	"00000000-0000-0000-0000-000000000000");
INSERT INTO ACT_SMT
	VALUES ("0762e664-9e25-48e5-8f7e-923f526bd116",
	"9dc3654f-b6a2-445a-bc4e-5ba6430357a2",
	"00000000-0000-0000-0000-000000000000",
	7,
	2,
	'UserInterface::BookingProvider::selectBookable line: 7');
INSERT INTO ACT_BRG
	VALUES ("0762e664-9e25-48e5-8f7e-923f526bd116",
	"768e1cca-7403-495c-9b22-afd11a473eb6",
	7,
	7,
	7,
	2);
INSERT INTO V_VAL
	VALUES ("7320b2ce-7105-4346-a3bc-846acbf649e2",
	0,
	0,
	7,
	24,
	59,
	0,
	0,
	0,
	0,
	"ba5eda7a-def5-0000-0000-000000000004",
	"9dc3654f-b6a2-445a-bc4e-5ba6430357a2");
INSERT INTO V_LST
	VALUES ("7320b2ce-7105-4346-a3bc-846acbf649e2",
	'H: selectSignal: Session not found.');
INSERT INTO V_PAR
	VALUES ("7320b2ce-7105-4346-a3bc-846acbf649e2",
	"0762e664-9e25-48e5-8f7e-923f526bd116",
	"00000000-0000-0000-0000-000000000000",
	'message',
	"00000000-0000-0000-0000-000000000000",
	7,
	15);
INSERT INTO SPR_PEP
	VALUES ("e57ea280-c4da-4c33-a6bd-b5a55b1d476a",
	"10d65452-16c4-45b0-ad3e-4dec03bb99a7",
	"36293ad6-77b6-4c0b-a2dd-f02064f6189a");
INSERT INTO SPR_PS
	VALUES ("e57ea280-c4da-4c33-a6bd-b5a55b1d476a",
	'extraServices',
	'',
	'',
	1);
INSERT INTO ACT_PSB
	VALUES ("4994fe43-79e2-4d83-8aed-b1bb8e3c7fc7",
	"e57ea280-c4da-4c33-a6bd-b5a55b1d476a");
INSERT INTO ACT_ACT
	VALUES ("4994fe43-79e2-4d83-8aed-b1bb8e3c7fc7",
	'signal',
	0,
	"c96b7b19-be97-47c6-96fd-82df0d06d659",
	"00000000-0000-0000-0000-000000000000",
	0,
	'UserInterface::BookingProvider::extraServices',
	"00000000-0000-0000-0000-000000000000");
INSERT INTO ACT_BLK
	VALUES ("c96b7b19-be97-47c6-96fd-82df0d06d659",
	0,
	0,
	0,
	'',
	'',
	'',
	0,
	0,
	0,
	0,
	0,
	0,
	0,
	0,
	0,
	0,
	0,
	0,
	0,
	"4994fe43-79e2-4d83-8aed-b1bb8e3c7fc7",
	"00000000-0000-0000-0000-000000000000");
INSERT INTO SPR_PEP
	VALUES ("f4f69049-a18c-40db-908e-fde4956ebd16",
	"87ed1c56-1bee-4041-bca4-056967095bc2",
	"36293ad6-77b6-4c0b-a2dd-f02064f6189a");
INSERT INTO SPR_PS
	VALUES ("f4f69049-a18c-40db-908e-fde4956ebd16",
	'addServices',
	'',
	'',
	1);
INSERT INTO ACT_PSB
	VALUES ("946798c3-7552-4c32-907c-0029bba10c67",
	"f4f69049-a18c-40db-908e-fde4956ebd16");
INSERT INTO ACT_ACT
	VALUES ("946798c3-7552-4c32-907c-0029bba10c67",
	'signal',
	0,
	"6de16f3d-d2fb-4bd4-b054-1d576699d5de",
	"00000000-0000-0000-0000-000000000000",
	0,
	'UserInterface::BookingProvider::addServices',
	"00000000-0000-0000-0000-000000000000");
INSERT INTO ACT_BLK
	VALUES ("6de16f3d-d2fb-4bd4-b054-1d576699d5de",
	0,
	0,
	0,
	'',
	'',
	'',
	0,
	0,
	0,
	0,
	0,
	0,
	0,
	0,
	0,
	0,
	0,
	0,
	0,
	"946798c3-7552-4c32-907c-0029bba10c67",
	"00000000-0000-0000-0000-000000000000");
INSERT INTO SPR_PEP
	VALUES ("bf9df925-e6b4-4ed6-80d9-5ccf5795e43b",
	"57eb1124-4a29-48ad-8677-d8760788067a",
	"36293ad6-77b6-4c0b-a2dd-f02064f6189a");
INSERT INTO SPR_PS
	VALUES ("bf9df925-e6b4-4ed6-80d9-5ccf5795e43b",
	'customerDetails',
	'',
	'select any bs from instances of BOOKINGSESSION where selected.ID == param.sessionID;

if (not_empty bs)
	LOG::LogInfo(message: "H: customerDetailsSignal: Generating cusDet event.");
	generate BOOKINGSESSION5:customerDetailsEvent(name:param.name,
												  phoneNumber:param.phoneNumber) to bs;
else
	LOG::LogInfo(message: "H: customerDetailsSignal: Session not found.");
end if;',
	1);
INSERT INTO ACT_PSB
	VALUES ("0c043274-6874-49fb-add8-793494b87336",
	"bf9df925-e6b4-4ed6-80d9-5ccf5795e43b");
INSERT INTO ACT_ACT
	VALUES ("0c043274-6874-49fb-add8-793494b87336",
	'signal',
	0,
	"6e559a2a-7ba7-435c-9078-f7f304738a94",
	"00000000-0000-0000-0000-000000000000",
	0,
	'UserInterface::BookingProvider::customerDetails',
	"00000000-0000-0000-0000-000000000000");
INSERT INTO ACT_BLK
	VALUES ("6e559a2a-7ba7-435c-9078-f7f304738a94",
	1,
	0,
	1,
	'',
	'',
	'',
	7,
	1,
	1,
	33,
	0,
	0,
	0,
	0,
	0,
	0,
	0,
	0,
	0,
	"0c043274-6874-49fb-add8-793494b87336",
	"00000000-0000-0000-0000-000000000000");
INSERT INTO ACT_SMT
	VALUES ("1edf5c63-7ec6-4edb-9dfe-fa32961f617c",
	"6e559a2a-7ba7-435c-9078-f7f304738a94",
	"0efbed5f-a8c3-4b12-a999-da2caaefb81d",
	1,
	1,
	'UserInterface::BookingProvider::customerDetails line: 1');
INSERT INTO ACT_FIW
	VALUES ("1edf5c63-7ec6-4edb-9dfe-fa32961f617c",
	"2200a000-15a2-4ded-9c1a-2e5c72d8e997",
	1,
	'any',
	"2b2ebc99-2f6f-4524-ab23-bd5aeef0a448",
	"7137c09d-ba0e-406b-b3b5-76bb3cc48f3d",
	1,
	33);
INSERT INTO ACT_SMT
	VALUES ("0efbed5f-a8c3-4b12-a999-da2caaefb81d",
	"6e559a2a-7ba7-435c-9078-f7f304738a94",
	"00000000-0000-0000-0000-000000000000",
	3,
	1,
	'UserInterface::BookingProvider::customerDetails line: 3');
INSERT INTO ACT_IF
	VALUES ("0efbed5f-a8c3-4b12-a999-da2caaefb81d",
	"2a6f934a-49a1-4559-877a-e7d84feac1c1",
	"32a7c09c-452b-43b1-818b-fa9db5b4b749",
	"00000000-0000-0000-0000-000000000000",
	"00000000-0000-0000-0000-000000000000");
INSERT INTO ACT_SMT
	VALUES ("5acc60c0-bd20-4792-ac3b-1c7d4e533ed9",
	"6e559a2a-7ba7-435c-9078-f7f304738a94",
	"00000000-0000-0000-0000-000000000000",
	7,
	1,
	'UserInterface::BookingProvider::customerDetails line: 7');
INSERT INTO ACT_E
	VALUES ("5acc60c0-bd20-4792-ac3b-1c7d4e533ed9",
	"4c36418e-e112-4575-b33f-e4ad6bf191b5",
	"0efbed5f-a8c3-4b12-a999-da2caaefb81d");
INSERT INTO V_VAL
	VALUES ("2d91e939-6541-4ce8-ab80-f2d895284b85",
	0,
	0,
	1,
	54,
	-1,
	0,
	0,
	0,
	0,
	"ba5eda7a-def5-0000-0000-000000000008",
	"6e559a2a-7ba7-435c-9078-f7f304738a94");
INSERT INTO V_SLR
	VALUES ("2d91e939-6541-4ce8-ab80-f2d895284b85",
	"00000000-0000-0000-0000-000000000000",
	"00000000-0000-0000-0000-000000000000",
	"00000000-0000-0000-0000-000000000000");
INSERT INTO V_VAL
	VALUES ("7437e7f9-a212-4784-9a63-8d67b2d1240c",
	0,
	0,
	1,
	63,
	64,
	0,
	0,
	0,
	0,
	"ba5eda7a-def5-0000-0000-000000000005",
	"6e559a2a-7ba7-435c-9078-f7f304738a94");
INSERT INTO V_AVL
	VALUES ("7437e7f9-a212-4784-9a63-8d67b2d1240c",
	"2d91e939-6541-4ce8-ab80-f2d895284b85",
	"7137c09d-ba0e-406b-b3b5-76bb3cc48f3d",
	"df46d3b5-7060-4611-8908-d535d035865a");
INSERT INTO V_VAL
	VALUES ("2b2ebc99-2f6f-4524-ab23-bd5aeef0a448",
	0,
	0,
	-1,
	-1,
	-1,
	0,
	0,
	0,
	0,
	"ba5eda7a-def5-0000-0000-000000000001",
	"6e559a2a-7ba7-435c-9078-f7f304738a94");
INSERT INTO V_BIN
	VALUES ("2b2ebc99-2f6f-4524-ab23-bd5aeef0a448",
	"d8bbb148-2454-4bf4-92c0-75e20d191f10",
	"7437e7f9-a212-4784-9a63-8d67b2d1240c",
	'==');
INSERT INTO V_VAL
	VALUES ("d8bbb148-2454-4bf4-92c0-75e20d191f10",
	0,
	0,
	1,
	75,
	83,
	0,
	0,
	0,
	0,
	"ba5eda7a-def5-0000-0000-000000000005",
	"6e559a2a-7ba7-435c-9078-f7f304738a94");
INSERT INTO V_PVL
	VALUES ("d8bbb148-2454-4bf4-92c0-75e20d191f10",
	"00000000-0000-0000-0000-000000000000",
	"00000000-0000-0000-0000-000000000000",
	"00000000-0000-0000-0000-000000000000",
	"9f35fb46-9c6b-4202-8310-888981c424af");
INSERT INTO V_VAL
	VALUES ("2a8c4a73-0876-459c-98b6-2913853042aa",
	0,
	0,
	3,
	15,
	16,
	0,
	0,
	0,
	0,
	"ba5eda7a-def5-0000-0000-000000000008",
	"6e559a2a-7ba7-435c-9078-f7f304738a94");
INSERT INTO V_IRF
	VALUES ("2a8c4a73-0876-459c-98b6-2913853042aa",
	"2200a000-15a2-4ded-9c1a-2e5c72d8e997");
INSERT INTO V_VAL
	VALUES ("32a7c09c-452b-43b1-818b-fa9db5b4b749",
	0,
	0,
	-1,
	-1,
	-1,
	0,
	0,
	0,
	0,
	"ba5eda7a-def5-0000-0000-000000000001",
	"6e559a2a-7ba7-435c-9078-f7f304738a94");
INSERT INTO V_UNY
	VALUES ("32a7c09c-452b-43b1-818b-fa9db5b4b749",
	"2a8c4a73-0876-459c-98b6-2913853042aa",
	'not_empty');
INSERT INTO V_VAR
	VALUES ("2200a000-15a2-4ded-9c1a-2e5c72d8e997",
	"6e559a2a-7ba7-435c-9078-f7f304738a94",
	'bs',
	1,
	"ba5eda7a-def5-0000-0000-000000000008");
INSERT INTO V_INT
	VALUES ("2200a000-15a2-4ded-9c1a-2e5c72d8e997",
	0,
	"7137c09d-ba0e-406b-b3b5-76bb3cc48f3d");
INSERT INTO V_LOC
	VALUES ("55bab179-4dd6-4fbc-b45e-438dc1e54759",
	1,
	12,
	13,
	"2200a000-15a2-4ded-9c1a-2e5c72d8e997");
INSERT INTO V_LOC
	VALUES ("b71faef9-9fb4-4b84-b0a7-5fe15b4c2d24",
	6,
	49,
	50,
	"2200a000-15a2-4ded-9c1a-2e5c72d8e997");
INSERT INTO ACT_BLK
	VALUES ("2a6f934a-49a1-4559-877a-e7d84feac1c1",
	0,
	0,
	0,
	'V_VAR.Var_ID',
	'name',
	'phoneNumber',
	5,
	2,
	4,
	2,
	0,
	0,
	0,
	0,
	0,
	0,
	0,
	0,
	0,
	"0c043274-6874-49fb-add8-793494b87336",
	"00000000-0000-0000-0000-000000000000");
INSERT INTO ACT_SMT
	VALUES ("e4cfd55e-e038-4cc8-beb7-334dee4f9d25",
	"2a6f934a-49a1-4559-877a-e7d84feac1c1",
	"31087e1d-3620-4610-8823-ee09c91831e7",
	4,
	2,
	'UserInterface::BookingProvider::customerDetails line: 4');
INSERT INTO ACT_BRG
	VALUES ("e4cfd55e-e038-4cc8-beb7-334dee4f9d25",
	"768e1cca-7403-495c-9b22-afd11a473eb6",
	4,
	7,
	4,
	2);
INSERT INTO ACT_SMT
	VALUES ("31087e1d-3620-4610-8823-ee09c91831e7",
	"2a6f934a-49a1-4559-877a-e7d84feac1c1",
	"00000000-0000-0000-0000-000000000000",
	5,
	2,
	'UserInterface::BookingProvider::customerDetails line: 5');
INSERT INTO E_ESS
	VALUES ("31087e1d-3620-4610-8823-ee09c91831e7",
	1,
	0,
	5,
	11,
	5,
	27,
	4,
	2,
	5,
	48,
	6,
	15);
INSERT INTO V_PAR
	VALUES ("4f988b21-82ae-48f9-960f-efb57ac5006b",
	"31087e1d-3620-4610-8823-ee09c91831e7",
	"00000000-0000-0000-0000-000000000000",
	'phoneNumber',
	"00000000-0000-0000-0000-000000000000",
	6,
	15);
INSERT INTO V_PAR
	VALUES ("a14f3382-87fb-4aaa-9f90-8677ac59eb3e",
	"31087e1d-3620-4610-8823-ee09c91831e7",
	"00000000-0000-0000-0000-000000000000",
	'name',
	"4f988b21-82ae-48f9-960f-efb57ac5006b",
	5,
	48);
INSERT INTO E_GES
	VALUES ("31087e1d-3620-4610-8823-ee09c91831e7");
INSERT INTO E_GSME
	VALUES ("31087e1d-3620-4610-8823-ee09c91831e7",
	"153a511b-c927-49fe-95d5-db518898883d");
INSERT INTO E_GEN
	VALUES ("31087e1d-3620-4610-8823-ee09c91831e7",
	"2200a000-15a2-4ded-9c1a-2e5c72d8e997");
INSERT INTO V_VAL
	VALUES ("1404a371-5685-4b8f-aaad-cd00a5e6afd6",
	0,
	0,
	4,
	24,
	74,
	0,
	0,
	0,
	0,
	"ba5eda7a-def5-0000-0000-000000000004",
	"2a6f934a-49a1-4559-877a-e7d84feac1c1");
INSERT INTO V_LST
	VALUES ("1404a371-5685-4b8f-aaad-cd00a5e6afd6",
	'H: customerDetailsSignal: Generating cusDet event.');
INSERT INTO V_PAR
	VALUES ("1404a371-5685-4b8f-aaad-cd00a5e6afd6",
	"e4cfd55e-e038-4cc8-beb7-334dee4f9d25",
	"00000000-0000-0000-0000-000000000000",
	'message',
	"00000000-0000-0000-0000-000000000000",
	4,
	15);
INSERT INTO V_VAL
	VALUES ("a14f3382-87fb-4aaa-9f90-8677ac59eb3e",
	0,
	0,
	5,
	59,
	62,
	0,
	0,
	0,
	0,
	"ba5eda7a-def5-0000-0000-000000000004",
	"2a6f934a-49a1-4559-877a-e7d84feac1c1");
INSERT INTO V_PVL
	VALUES ("a14f3382-87fb-4aaa-9f90-8677ac59eb3e",
	"00000000-0000-0000-0000-000000000000",
	"00000000-0000-0000-0000-000000000000",
	"00000000-0000-0000-0000-000000000000",
	"c2367ced-24e1-4602-a7c5-4001bd1043d4");
INSERT INTO V_VAL
	VALUES ("4f988b21-82ae-48f9-960f-efb57ac5006b",
	0,
	0,
	6,
	33,
	43,
	0,
	0,
	0,
	0,
	"ba5eda7a-def5-0000-0000-000000000004",
	"2a6f934a-49a1-4559-877a-e7d84feac1c1");
INSERT INTO V_PVL
	VALUES ("4f988b21-82ae-48f9-960f-efb57ac5006b",
	"00000000-0000-0000-0000-000000000000",
	"00000000-0000-0000-0000-000000000000",
	"00000000-0000-0000-0000-000000000000",
	"180912be-1f82-4ef3-9fc2-a2acbf555b77");
INSERT INTO ACT_BLK
	VALUES ("4c36418e-e112-4575-b33f-e4ad6bf191b5",
	0,
	0,
	0,
	'LOG',
	'',
	'',
	8,
	2,
	8,
	2,
	0,
	0,
	0,
	0,
	0,
	0,
	0,
	0,
	0,
	"0c043274-6874-49fb-add8-793494b87336",
	"00000000-0000-0000-0000-000000000000");
INSERT INTO ACT_SMT
	VALUES ("1adde904-272b-4880-b9b7-3b251cd2830c",
	"4c36418e-e112-4575-b33f-e4ad6bf191b5",
	"00000000-0000-0000-0000-000000000000",
	8,
	2,
	'UserInterface::BookingProvider::customerDetails line: 8');
INSERT INTO ACT_BRG
	VALUES ("1adde904-272b-4880-b9b7-3b251cd2830c",
	"768e1cca-7403-495c-9b22-afd11a473eb6",
	8,
	7,
	8,
	2);
INSERT INTO V_VAL
	VALUES ("d84b62cc-1b09-458e-8b54-3416ee1d0d6b",
	0,
	0,
	8,
	24,
	68,
	0,
	0,
	0,
	0,
	"ba5eda7a-def5-0000-0000-000000000004",
	"4c36418e-e112-4575-b33f-e4ad6bf191b5");
INSERT INTO V_LST
	VALUES ("d84b62cc-1b09-458e-8b54-3416ee1d0d6b",
	'H: customerDetailsSignal: Session not found.');
INSERT INTO V_PAR
	VALUES ("d84b62cc-1b09-458e-8b54-3416ee1d0d6b",
	"1adde904-272b-4880-b9b7-3b251cd2830c",
	"00000000-0000-0000-0000-000000000000",
	'message',
	"00000000-0000-0000-0000-000000000000",
	8,
	15);
INSERT INTO SPR_PEP
	VALUES ("0c0df819-2738-4521-8efe-cfb0e7d5f5ac",
	"275df8ce-b628-4b96-85dd-66e9224fc9df",
	"36293ad6-77b6-4c0b-a2dd-f02064f6189a");
INSERT INTO SPR_PS
	VALUES ("0c0df819-2738-4521-8efe-cfb0e7d5f5ac",
	'addGuest',
	'',
	'select any bs from instances of BOOKINGSESSION where selected.ID == param.sessionID;

if (not_empty bs)
	LOG::LogInfo(message: "H: addGuestSignal: Generating addGuest event.");
	generate BOOKINGSESSION2:addGuestEvent(name:param.guestName,
										 age:param.guestAge) to bs;
else
	LOG::LogInfo(message: "H: addGuestSignal: Session not found.");
end if;',
	1);
INSERT INTO ACT_PSB
	VALUES ("2b421481-25cb-4858-8437-439f5561f364",
	"0c0df819-2738-4521-8efe-cfb0e7d5f5ac");
INSERT INTO ACT_ACT
	VALUES ("2b421481-25cb-4858-8437-439f5561f364",
	'signal',
	0,
	"927c0bfb-6c84-477e-8b3e-72315f2875e7",
	"00000000-0000-0000-0000-000000000000",
	0,
	'UserInterface::BookingProvider::addGuest',
	"00000000-0000-0000-0000-000000000000");
INSERT INTO ACT_BLK
	VALUES ("927c0bfb-6c84-477e-8b3e-72315f2875e7",
	1,
	0,
	1,
	'',
	'',
	'',
	7,
	1,
	1,
	33,
	0,
	0,
	0,
	0,
	0,
	0,
	0,
	0,
	0,
	"2b421481-25cb-4858-8437-439f5561f364",
	"00000000-0000-0000-0000-000000000000");
INSERT INTO ACT_SMT
	VALUES ("5837ea80-7206-447e-ba45-a73e1b3ab055",
	"927c0bfb-6c84-477e-8b3e-72315f2875e7",
	"f627946f-7a37-4bdb-85c5-9f1012006eda",
	1,
	1,
	'UserInterface::BookingProvider::addGuest line: 1');
INSERT INTO ACT_FIW
	VALUES ("5837ea80-7206-447e-ba45-a73e1b3ab055",
	"50fe1c23-2102-4202-9337-a802f2a70135",
	1,
	'any',
	"b4f9f175-b20f-4b2d-95b6-35a81f626f43",
	"7137c09d-ba0e-406b-b3b5-76bb3cc48f3d",
	1,
	33);
INSERT INTO ACT_SMT
	VALUES ("f627946f-7a37-4bdb-85c5-9f1012006eda",
	"927c0bfb-6c84-477e-8b3e-72315f2875e7",
	"00000000-0000-0000-0000-000000000000",
	3,
	1,
	'UserInterface::BookingProvider::addGuest line: 3');
INSERT INTO ACT_IF
	VALUES ("f627946f-7a37-4bdb-85c5-9f1012006eda",
	"7a8b2e8b-4d98-4d2b-8397-632c112f2a2c",
	"d3a80469-a2ad-4bcf-bae3-80b0a1635ceb",
	"00000000-0000-0000-0000-000000000000",
	"00000000-0000-0000-0000-000000000000");
INSERT INTO ACT_SMT
	VALUES ("954ab496-1d57-452a-b56e-add23c0720db",
	"927c0bfb-6c84-477e-8b3e-72315f2875e7",
	"00000000-0000-0000-0000-000000000000",
	7,
	1,
	'UserInterface::BookingProvider::addGuest line: 7');
INSERT INTO ACT_E
	VALUES ("954ab496-1d57-452a-b56e-add23c0720db",
	"e8be5717-1381-4cfc-bdde-cf29ad0a84c2",
	"f627946f-7a37-4bdb-85c5-9f1012006eda");
INSERT INTO V_VAL
	VALUES ("1e7ce111-ccfb-4d2f-9003-5df96f7c205b",
	0,
	0,
	1,
	54,
	-1,
	0,
	0,
	0,
	0,
	"ba5eda7a-def5-0000-0000-000000000008",
	"927c0bfb-6c84-477e-8b3e-72315f2875e7");
INSERT INTO V_SLR
	VALUES ("1e7ce111-ccfb-4d2f-9003-5df96f7c205b",
	"00000000-0000-0000-0000-000000000000",
	"00000000-0000-0000-0000-000000000000",
	"00000000-0000-0000-0000-000000000000");
INSERT INTO V_VAL
	VALUES ("a1f98b5e-eaa8-4e87-b0ce-66face9f2ab4",
	0,
	0,
	1,
	63,
	64,
	0,
	0,
	0,
	0,
	"ba5eda7a-def5-0000-0000-000000000005",
	"927c0bfb-6c84-477e-8b3e-72315f2875e7");
INSERT INTO V_AVL
	VALUES ("a1f98b5e-eaa8-4e87-b0ce-66face9f2ab4",
	"1e7ce111-ccfb-4d2f-9003-5df96f7c205b",
	"7137c09d-ba0e-406b-b3b5-76bb3cc48f3d",
	"df46d3b5-7060-4611-8908-d535d035865a");
INSERT INTO V_VAL
	VALUES ("b4f9f175-b20f-4b2d-95b6-35a81f626f43",
	0,
	0,
	-1,
	-1,
	-1,
	0,
	0,
	0,
	0,
	"ba5eda7a-def5-0000-0000-000000000001",
	"927c0bfb-6c84-477e-8b3e-72315f2875e7");
INSERT INTO V_BIN
	VALUES ("b4f9f175-b20f-4b2d-95b6-35a81f626f43",
	"bf0027c8-6dc3-4856-bbbd-680c2c9185c6",
	"a1f98b5e-eaa8-4e87-b0ce-66face9f2ab4",
	'==');
INSERT INTO V_VAL
	VALUES ("bf0027c8-6dc3-4856-bbbd-680c2c9185c6",
	0,
	0,
	1,
	75,
	83,
	0,
	0,
	0,
	0,
	"ba5eda7a-def5-0000-0000-000000000005",
	"927c0bfb-6c84-477e-8b3e-72315f2875e7");
INSERT INTO V_PVL
	VALUES ("bf0027c8-6dc3-4856-bbbd-680c2c9185c6",
	"00000000-0000-0000-0000-000000000000",
	"00000000-0000-0000-0000-000000000000",
	"00000000-0000-0000-0000-000000000000",
	"5813d0b6-e9b6-4d9c-83b2-7539947713a0");
INSERT INTO V_VAL
	VALUES ("e7a0ca27-50fa-4e12-b607-001d8a762c61",
	0,
	0,
	3,
	15,
	16,
	0,
	0,
	0,
	0,
	"ba5eda7a-def5-0000-0000-000000000008",
	"927c0bfb-6c84-477e-8b3e-72315f2875e7");
INSERT INTO V_IRF
	VALUES ("e7a0ca27-50fa-4e12-b607-001d8a762c61",
	"50fe1c23-2102-4202-9337-a802f2a70135");
INSERT INTO V_VAL
	VALUES ("d3a80469-a2ad-4bcf-bae3-80b0a1635ceb",
	0,
	0,
	-1,
	-1,
	-1,
	0,
	0,
	0,
	0,
	"ba5eda7a-def5-0000-0000-000000000001",
	"927c0bfb-6c84-477e-8b3e-72315f2875e7");
INSERT INTO V_UNY
	VALUES ("d3a80469-a2ad-4bcf-bae3-80b0a1635ceb",
	"e7a0ca27-50fa-4e12-b607-001d8a762c61",
	'not_empty');
INSERT INTO V_VAR
	VALUES ("50fe1c23-2102-4202-9337-a802f2a70135",
	"927c0bfb-6c84-477e-8b3e-72315f2875e7",
	'bs',
	1,
	"ba5eda7a-def5-0000-0000-000000000008");
INSERT INTO V_INT
	VALUES ("50fe1c23-2102-4202-9337-a802f2a70135",
	0,
	"7137c09d-ba0e-406b-b3b5-76bb3cc48f3d");
INSERT INTO V_LOC
	VALUES ("fb012ac5-e04a-46a9-8c5d-f72316aa3076",
	1,
	12,
	13,
	"50fe1c23-2102-4202-9337-a802f2a70135");
INSERT INTO V_LOC
	VALUES ("ae0fbf2a-a9d0-484e-875f-5775c6318337",
	6,
	35,
	36,
	"50fe1c23-2102-4202-9337-a802f2a70135");
INSERT INTO ACT_BLK
	VALUES ("7a8b2e8b-4d98-4d2b-8397-632c112f2a2c",
	0,
	0,
	0,
	'V_VAR.Var_ID',
	'name',
	'age',
	5,
	2,
	4,
	2,
	0,
	0,
	0,
	0,
	0,
	0,
	0,
	0,
	0,
	"2b421481-25cb-4858-8437-439f5561f364",
	"00000000-0000-0000-0000-000000000000");
INSERT INTO ACT_SMT
	VALUES ("a752795e-56a4-4fb1-ab94-1b3c3f373b93",
	"7a8b2e8b-4d98-4d2b-8397-632c112f2a2c",
	"de0541ac-e453-4ecd-a533-d7fd0343301a",
	4,
	2,
	'UserInterface::BookingProvider::addGuest line: 4');
INSERT INTO ACT_BRG
	VALUES ("a752795e-56a4-4fb1-ab94-1b3c3f373b93",
	"768e1cca-7403-495c-9b22-afd11a473eb6",
	4,
	7,
	4,
	2);
INSERT INTO ACT_SMT
	VALUES ("de0541ac-e453-4ecd-a533-d7fd0343301a",
	"7a8b2e8b-4d98-4d2b-8397-632c112f2a2c",
	"00000000-0000-0000-0000-000000000000",
	5,
	2,
	'UserInterface::BookingProvider::addGuest line: 5');
INSERT INTO E_ESS
	VALUES ("de0541ac-e453-4ecd-a533-d7fd0343301a",
	1,
	0,
	5,
	11,
	5,
	27,
	4,
	2,
	5,
	41,
	6,
	12);
INSERT INTO V_PAR
	VALUES ("8a1e3050-19c9-416b-9df8-1333469bb45d",
	"de0541ac-e453-4ecd-a533-d7fd0343301a",
	"00000000-0000-0000-0000-000000000000",
	'age',
	"00000000-0000-0000-0000-000000000000",
	6,
	12);
INSERT INTO V_PAR
	VALUES ("e492efca-de1f-47ad-b87f-bd3025540717",
	"de0541ac-e453-4ecd-a533-d7fd0343301a",
	"00000000-0000-0000-0000-000000000000",
	'name',
	"8a1e3050-19c9-416b-9df8-1333469bb45d",
	5,
	41);
INSERT INTO E_GES
	VALUES ("de0541ac-e453-4ecd-a533-d7fd0343301a");
INSERT INTO E_GSME
	VALUES ("de0541ac-e453-4ecd-a533-d7fd0343301a",
	"2113072c-9fe7-4d67-8795-583d185185c1");
INSERT INTO E_GEN
	VALUES ("de0541ac-e453-4ecd-a533-d7fd0343301a",
	"50fe1c23-2102-4202-9337-a802f2a70135");
INSERT INTO V_VAL
	VALUES ("ab1f355f-bf67-4ad5-ba6d-5c0412a1b7c7",
	0,
	0,
	4,
	24,
	69,
	0,
	0,
	0,
	0,
	"ba5eda7a-def5-0000-0000-000000000004",
	"7a8b2e8b-4d98-4d2b-8397-632c112f2a2c");
INSERT INTO V_LST
	VALUES ("ab1f355f-bf67-4ad5-ba6d-5c0412a1b7c7",
	'H: addGuestSignal: Generating addGuest event.');
INSERT INTO V_PAR
	VALUES ("ab1f355f-bf67-4ad5-ba6d-5c0412a1b7c7",
	"a752795e-56a4-4fb1-ab94-1b3c3f373b93",
	"00000000-0000-0000-0000-000000000000",
	'message',
	"00000000-0000-0000-0000-000000000000",
	4,
	15);
INSERT INTO V_VAL
	VALUES ("e492efca-de1f-47ad-b87f-bd3025540717",
	0,
	0,
	5,
	52,
	60,
	0,
	0,
	0,
	0,
	"ba5eda7a-def5-0000-0000-000000000004",
	"7a8b2e8b-4d98-4d2b-8397-632c112f2a2c");
INSERT INTO V_PVL
	VALUES ("e492efca-de1f-47ad-b87f-bd3025540717",
	"00000000-0000-0000-0000-000000000000",
	"00000000-0000-0000-0000-000000000000",
	"00000000-0000-0000-0000-000000000000",
	"f2081eb7-638b-479f-bdef-a8d3d2aeb082");
INSERT INTO V_VAL
	VALUES ("8a1e3050-19c9-416b-9df8-1333469bb45d",
	0,
	0,
	6,
	22,
	29,
	0,
	0,
	0,
	0,
	"ba5eda7a-def5-0000-0000-000000000002",
	"7a8b2e8b-4d98-4d2b-8397-632c112f2a2c");
INSERT INTO V_PVL
	VALUES ("8a1e3050-19c9-416b-9df8-1333469bb45d",
	"00000000-0000-0000-0000-000000000000",
	"00000000-0000-0000-0000-000000000000",
	"00000000-0000-0000-0000-000000000000",
	"41edc071-08b3-4da2-a6d0-cab5122398ca");
INSERT INTO ACT_BLK
	VALUES ("e8be5717-1381-4cfc-bdde-cf29ad0a84c2",
	0,
	0,
	0,
	'LOG',
	'',
	'',
	8,
	2,
	8,
	2,
	0,
	0,
	0,
	0,
	0,
	0,
	0,
	0,
	0,
	"2b421481-25cb-4858-8437-439f5561f364",
	"00000000-0000-0000-0000-000000000000");
INSERT INTO ACT_SMT
	VALUES ("3c49bf4f-6a80-415a-bbe0-0cc0c377ff33",
	"e8be5717-1381-4cfc-bdde-cf29ad0a84c2",
	"00000000-0000-0000-0000-000000000000",
	8,
	2,
	'UserInterface::BookingProvider::addGuest line: 8');
INSERT INTO ACT_BRG
	VALUES ("3c49bf4f-6a80-415a-bbe0-0cc0c377ff33",
	"768e1cca-7403-495c-9b22-afd11a473eb6",
	8,
	7,
	8,
	2);
INSERT INTO V_VAL
	VALUES ("51c5ba99-e4e4-40a9-89f8-f21ccda1a735",
	0,
	0,
	8,
	24,
	61,
	0,
	0,
	0,
	0,
	"ba5eda7a-def5-0000-0000-000000000004",
	"e8be5717-1381-4cfc-bdde-cf29ad0a84c2");
INSERT INTO V_LST
	VALUES ("51c5ba99-e4e4-40a9-89f8-f21ccda1a735",
	'H: addGuestSignal: Session not found.');
INSERT INTO V_PAR
	VALUES ("51c5ba99-e4e4-40a9-89f8-f21ccda1a735",
	"3c49bf4f-6a80-415a-bbe0-0cc0c377ff33",
	"00000000-0000-0000-0000-000000000000",
	'message',
	"00000000-0000-0000-0000-000000000000",
	8,
	15);
INSERT INTO SPR_PEP
	VALUES ("100207a1-8747-4b7c-a2b4-4b3cd928a7e1",
	"40e06920-24e2-499d-b1c8-deb66c9637ec",
	"36293ad6-77b6-4c0b-a2dd-f02064f6189a");
INSERT INTO SPR_PS
	VALUES ("100207a1-8747-4b7c-a2b4-4b3cd928a7e1",
	'paymentInfo',
	'',
	'select any bs from instances of BOOKINGSESSION where selected.ID == param.sessionID;

if (not_empty bs)
	LOG::LogInfo(message: "H: paymentInfoSign: Generating paymentInfoEvent event.");
	generate BOOKINGSESSION6:paymentInfoEvent(info:param.info) to bs;
else
	LOG::LogInfo(message: "H: paymentInfoSign: Session not found.");
end if;',
	1);
INSERT INTO ACT_PSB
	VALUES ("3e849195-156f-42bd-adb7-03596b09337e",
	"100207a1-8747-4b7c-a2b4-4b3cd928a7e1");
INSERT INTO ACT_ACT
	VALUES ("3e849195-156f-42bd-adb7-03596b09337e",
	'signal',
	0,
	"bd232d63-78eb-498f-aa73-a3eba44b01db",
	"00000000-0000-0000-0000-000000000000",
	0,
	'UserInterface::BookingProvider::paymentInfo',
	"00000000-0000-0000-0000-000000000000");
INSERT INTO ACT_BLK
	VALUES ("bd232d63-78eb-498f-aa73-a3eba44b01db",
	1,
	0,
	1,
	'',
	'',
	'',
	6,
	1,
	1,
	33,
	0,
	0,
	0,
	0,
	0,
	0,
	0,
	0,
	0,
	"3e849195-156f-42bd-adb7-03596b09337e",
	"00000000-0000-0000-0000-000000000000");
INSERT INTO ACT_SMT
	VALUES ("3aaeb88f-ce77-4d59-960e-4465a8163fc0",
	"bd232d63-78eb-498f-aa73-a3eba44b01db",
	"de833b66-92f5-4a75-b502-abaafe898bb7",
	1,
	1,
	'UserInterface::BookingProvider::paymentInfo line: 1');
INSERT INTO ACT_FIW
	VALUES ("3aaeb88f-ce77-4d59-960e-4465a8163fc0",
	"52d00bd4-2d2a-45a7-b306-4ed6aa8acac8",
	1,
	'any',
	"1d51c7ab-0d7e-4e68-9e19-dbe019530f6c",
	"7137c09d-ba0e-406b-b3b5-76bb3cc48f3d",
	1,
	33);
INSERT INTO ACT_SMT
	VALUES ("de833b66-92f5-4a75-b502-abaafe898bb7",
	"bd232d63-78eb-498f-aa73-a3eba44b01db",
	"00000000-0000-0000-0000-000000000000",
	3,
	1,
	'UserInterface::BookingProvider::paymentInfo line: 3');
INSERT INTO ACT_IF
	VALUES ("de833b66-92f5-4a75-b502-abaafe898bb7",
	"1b86af52-53f9-4167-a4d1-a3c975458021",
	"72054b9f-dd31-41bc-b197-64390bcf87fd",
	"00000000-0000-0000-0000-000000000000",
	"00000000-0000-0000-0000-000000000000");
INSERT INTO ACT_SMT
	VALUES ("f6b85689-83a2-4855-8b52-5a7ef5a4936a",
	"bd232d63-78eb-498f-aa73-a3eba44b01db",
	"00000000-0000-0000-0000-000000000000",
	6,
	1,
	'UserInterface::BookingProvider::paymentInfo line: 6');
INSERT INTO ACT_E
	VALUES ("f6b85689-83a2-4855-8b52-5a7ef5a4936a",
	"837c7c38-5145-4bd1-80e7-e675e46db1b4",
	"de833b66-92f5-4a75-b502-abaafe898bb7");
INSERT INTO V_VAL
	VALUES ("60c6542c-0c6f-4da4-999e-3eeceea14041",
	0,
	0,
	1,
	54,
	-1,
	0,
	0,
	0,
	0,
	"ba5eda7a-def5-0000-0000-000000000008",
	"bd232d63-78eb-498f-aa73-a3eba44b01db");
INSERT INTO V_SLR
	VALUES ("60c6542c-0c6f-4da4-999e-3eeceea14041",
	"00000000-0000-0000-0000-000000000000",
	"00000000-0000-0000-0000-000000000000",
	"00000000-0000-0000-0000-000000000000");
INSERT INTO V_VAL
	VALUES ("acca408a-8fd7-47b5-9c6d-e70fde6996fc",
	0,
	0,
	1,
	63,
	64,
	0,
	0,
	0,
	0,
	"ba5eda7a-def5-0000-0000-000000000005",
	"bd232d63-78eb-498f-aa73-a3eba44b01db");
INSERT INTO V_AVL
	VALUES ("acca408a-8fd7-47b5-9c6d-e70fde6996fc",
	"60c6542c-0c6f-4da4-999e-3eeceea14041",
	"7137c09d-ba0e-406b-b3b5-76bb3cc48f3d",
	"df46d3b5-7060-4611-8908-d535d035865a");
INSERT INTO V_VAL
	VALUES ("1d51c7ab-0d7e-4e68-9e19-dbe019530f6c",
	0,
	0,
	-1,
	-1,
	-1,
	0,
	0,
	0,
	0,
	"ba5eda7a-def5-0000-0000-000000000001",
	"bd232d63-78eb-498f-aa73-a3eba44b01db");
INSERT INTO V_BIN
	VALUES ("1d51c7ab-0d7e-4e68-9e19-dbe019530f6c",
	"85d631eb-a3ea-47ab-8e07-e92b6555f657",
	"acca408a-8fd7-47b5-9c6d-e70fde6996fc",
	'==');
INSERT INTO V_VAL
	VALUES ("85d631eb-a3ea-47ab-8e07-e92b6555f657",
	0,
	0,
	1,
	75,
	83,
	0,
	0,
	0,
	0,
	"ba5eda7a-def5-0000-0000-000000000005",
	"bd232d63-78eb-498f-aa73-a3eba44b01db");
INSERT INTO V_PVL
	VALUES ("85d631eb-a3ea-47ab-8e07-e92b6555f657",
	"00000000-0000-0000-0000-000000000000",
	"00000000-0000-0000-0000-000000000000",
	"00000000-0000-0000-0000-000000000000",
	"8aff4a0e-3cc5-4dad-93f0-c1749ecf9471");
INSERT INTO V_VAL
	VALUES ("683d244d-2ce4-4779-a368-c31208c465bf",
	0,
	0,
	3,
	15,
	16,
	0,
	0,
	0,
	0,
	"ba5eda7a-def5-0000-0000-000000000008",
	"bd232d63-78eb-498f-aa73-a3eba44b01db");
INSERT INTO V_IRF
	VALUES ("683d244d-2ce4-4779-a368-c31208c465bf",
	"52d00bd4-2d2a-45a7-b306-4ed6aa8acac8");
INSERT INTO V_VAL
	VALUES ("72054b9f-dd31-41bc-b197-64390bcf87fd",
	0,
	0,
	-1,
	-1,
	-1,
	0,
	0,
	0,
	0,
	"ba5eda7a-def5-0000-0000-000000000001",
	"bd232d63-78eb-498f-aa73-a3eba44b01db");
INSERT INTO V_UNY
	VALUES ("72054b9f-dd31-41bc-b197-64390bcf87fd",
	"683d244d-2ce4-4779-a368-c31208c465bf",
	'not_empty');
INSERT INTO V_VAR
	VALUES ("52d00bd4-2d2a-45a7-b306-4ed6aa8acac8",
	"bd232d63-78eb-498f-aa73-a3eba44b01db",
	'bs',
	1,
	"ba5eda7a-def5-0000-0000-000000000008");
INSERT INTO V_INT
	VALUES ("52d00bd4-2d2a-45a7-b306-4ed6aa8acac8",
	0,
	"7137c09d-ba0e-406b-b3b5-76bb3cc48f3d");
INSERT INTO V_LOC
	VALUES ("3053c7c9-b182-451b-a19c-7e5015da9f7f",
	1,
	12,
	13,
	"52d00bd4-2d2a-45a7-b306-4ed6aa8acac8");
INSERT INTO V_LOC
	VALUES ("14c0176c-a714-4b38-9bcd-950557a433b9",
	5,
	64,
	65,
	"52d00bd4-2d2a-45a7-b306-4ed6aa8acac8");
INSERT INTO ACT_BLK
	VALUES ("1b86af52-53f9-4167-a4d1-a3c975458021",
	0,
	0,
	0,
	'V_VAR.Var_ID',
	'info',
	'info',
	5,
	2,
	4,
	2,
	0,
	0,
	0,
	0,
	0,
	0,
	0,
	0,
	0,
	"3e849195-156f-42bd-adb7-03596b09337e",
	"00000000-0000-0000-0000-000000000000");
INSERT INTO ACT_SMT
	VALUES ("94aefbf4-76e9-4c22-944a-db243c728a76",
	"1b86af52-53f9-4167-a4d1-a3c975458021",
	"9ebde740-5fe3-4770-a325-0cf72abc59fa",
	4,
	2,
	'UserInterface::BookingProvider::paymentInfo line: 4');
INSERT INTO ACT_BRG
	VALUES ("94aefbf4-76e9-4c22-944a-db243c728a76",
	"768e1cca-7403-495c-9b22-afd11a473eb6",
	4,
	7,
	4,
	2);
INSERT INTO ACT_SMT
	VALUES ("9ebde740-5fe3-4770-a325-0cf72abc59fa",
	"1b86af52-53f9-4167-a4d1-a3c975458021",
	"00000000-0000-0000-0000-000000000000",
	5,
	2,
	'UserInterface::BookingProvider::paymentInfo line: 5');
INSERT INTO E_ESS
	VALUES ("9ebde740-5fe3-4770-a325-0cf72abc59fa",
	1,
	0,
	5,
	11,
	5,
	27,
	4,
	2,
	5,
	44,
	0,
	0);
INSERT INTO V_PAR
	VALUES ("8d5f226a-9f67-44bc-8b6f-3ff503a67ef2",
	"9ebde740-5fe3-4770-a325-0cf72abc59fa",
	"00000000-0000-0000-0000-000000000000",
	'info',
	"00000000-0000-0000-0000-000000000000",
	5,
	44);
INSERT INTO E_GES
	VALUES ("9ebde740-5fe3-4770-a325-0cf72abc59fa");
INSERT INTO E_GSME
	VALUES ("9ebde740-5fe3-4770-a325-0cf72abc59fa",
	"459dadf1-a920-477f-b495-f73fd93f16e7");
INSERT INTO E_GEN
	VALUES ("9ebde740-5fe3-4770-a325-0cf72abc59fa",
	"52d00bd4-2d2a-45a7-b306-4ed6aa8acac8");
INSERT INTO V_VAL
	VALUES ("d9edce02-32c9-4aae-ab26-a6e7172c145f",
	0,
	0,
	4,
	24,
	78,
	0,
	0,
	0,
	0,
	"ba5eda7a-def5-0000-0000-000000000004",
	"1b86af52-53f9-4167-a4d1-a3c975458021");
INSERT INTO V_LST
	VALUES ("d9edce02-32c9-4aae-ab26-a6e7172c145f",
	'H: paymentInfoSign: Generating paymentInfoEvent event.');
INSERT INTO V_PAR
	VALUES ("d9edce02-32c9-4aae-ab26-a6e7172c145f",
	"94aefbf4-76e9-4c22-944a-db243c728a76",
	"00000000-0000-0000-0000-000000000000",
	'message',
	"00000000-0000-0000-0000-000000000000",
	4,
	15);
INSERT INTO V_VAL
	VALUES ("8d5f226a-9f67-44bc-8b6f-3ff503a67ef2",
	0,
	0,
	5,
	55,
	58,
	0,
	0,
	0,
	0,
	"ba5eda7a-def5-0000-0000-000000000004",
	"1b86af52-53f9-4167-a4d1-a3c975458021");
INSERT INTO V_PVL
	VALUES ("8d5f226a-9f67-44bc-8b6f-3ff503a67ef2",
	"00000000-0000-0000-0000-000000000000",
	"00000000-0000-0000-0000-000000000000",
	"00000000-0000-0000-0000-000000000000",
	"78e48b64-919d-466a-bb65-ba1cb83b002f");
INSERT INTO ACT_BLK
	VALUES ("837c7c38-5145-4bd1-80e7-e675e46db1b4",
	0,
	0,
	0,
	'LOG',
	'',
	'',
	7,
	2,
	7,
	2,
	0,
	0,
	0,
	0,
	0,
	0,
	0,
	0,
	0,
	"3e849195-156f-42bd-adb7-03596b09337e",
	"00000000-0000-0000-0000-000000000000");
INSERT INTO ACT_SMT
	VALUES ("c04d6859-e8b2-410c-9bea-ff2cac81fe08",
	"837c7c38-5145-4bd1-80e7-e675e46db1b4",
	"00000000-0000-0000-0000-000000000000",
	7,
	2,
	'UserInterface::BookingProvider::paymentInfo line: 7');
INSERT INTO ACT_BRG
	VALUES ("c04d6859-e8b2-410c-9bea-ff2cac81fe08",
	"768e1cca-7403-495c-9b22-afd11a473eb6",
	7,
	7,
	7,
	2);
INSERT INTO V_VAL
	VALUES ("3cec58f2-ddf1-44d1-a406-29c3502b12b3",
	0,
	0,
	7,
	24,
	62,
	0,
	0,
	0,
	0,
	"ba5eda7a-def5-0000-0000-000000000004",
	"837c7c38-5145-4bd1-80e7-e675e46db1b4");
INSERT INTO V_LST
	VALUES ("3cec58f2-ddf1-44d1-a406-29c3502b12b3",
	'H: paymentInfoSign: Session not found.');
INSERT INTO V_PAR
	VALUES ("3cec58f2-ddf1-44d1-a406-29c3502b12b3",
	"c04d6859-e8b2-410c-9bea-ff2cac81fe08",
	"00000000-0000-0000-0000-000000000000",
	'message',
	"00000000-0000-0000-0000-000000000000",
	7,
	15);
INSERT INTO SPR_PEP
	VALUES ("adf84adb-26cf-413b-bd98-e3ff7028bfbd",
	"19aa6808-338c-45b0-8a31-1b3efb70b47a",
	"36293ad6-77b6-4c0b-a2dd-f02064f6189a");
INSERT INTO SPR_PS
	VALUES ("adf84adb-26cf-413b-bd98-e3ff7028bfbd",
	'confirmSignal',
	'',
	'',
	1);
INSERT INTO ACT_PSB
	VALUES ("b5ba6876-9a0b-42a2-be81-81b8318c3582",
	"adf84adb-26cf-413b-bd98-e3ff7028bfbd");
INSERT INTO ACT_ACT
	VALUES ("b5ba6876-9a0b-42a2-be81-81b8318c3582",
	'signal',
	0,
	"57317e4e-acc9-4562-ba52-c15acb68eba2",
	"00000000-0000-0000-0000-000000000000",
	0,
	'UserInterface::BookingProvider::confirmSignal',
	"00000000-0000-0000-0000-000000000000");
INSERT INTO ACT_BLK
	VALUES ("57317e4e-acc9-4562-ba52-c15acb68eba2",
	0,
	0,
	0,
	'',
	'',
	'',
	0,
	0,
	0,
	0,
	0,
	0,
	0,
	0,
	0,
	0,
	0,
	0,
	0,
	"b5ba6876-9a0b-42a2-be81-81b8318c3582",
	"00000000-0000-0000-0000-000000000000");
INSERT INTO SPR_PEP
	VALUES ("6752f1fb-4d87-4e38-a4d2-a76b30240df9",
	"89169ec3-d50b-4b5b-95fa-d95fb15c3f98",
	"36293ad6-77b6-4c0b-a2dd-f02064f6189a");
INSERT INTO SPR_PS
	VALUES ("6752f1fb-4d87-4e38-a4d2-a76b30240df9",
	'errorSignal',
	'',
	'',
	1);
INSERT INTO ACT_PSB
	VALUES ("a5a45384-b5db-47a0-84ad-86d78b61ae98",
	"6752f1fb-4d87-4e38-a4d2-a76b30240df9");
INSERT INTO ACT_ACT
	VALUES ("a5a45384-b5db-47a0-84ad-86d78b61ae98",
	'signal',
	0,
	"77d1dd6c-1a4f-4a0c-9639-110c092957af",
	"00000000-0000-0000-0000-000000000000",
	0,
	'UserInterface::BookingProvider::errorSignal',
	"00000000-0000-0000-0000-000000000000");
INSERT INTO ACT_BLK
	VALUES ("77d1dd6c-1a4f-4a0c-9639-110c092957af",
	0,
	0,
	0,
	'',
	'',
	'',
	0,
	0,
	0,
	0,
	0,
	0,
	0,
	0,
	0,
	0,
	0,
	0,
	0,
	"a5a45384-b5db-47a0-84ad-86d78b61ae98",
	"00000000-0000-0000-0000-000000000000");
INSERT INTO SPR_PEP
	VALUES ("52f59bac-a1c2-4318-a901-bbe93808d139",
	"b21fad1b-897b-424f-84f8-01bdab76de49",
	"36293ad6-77b6-4c0b-a2dd-f02064f6189a");
INSERT INTO SPR_PS
	VALUES ("52f59bac-a1c2-4318-a901-bbe93808d139",
	'requestSession',
	'',
	'// Initialize a booking session
LOG::LogInfo(message: "Recieved session request");
create object instance session of BOOKINGSESSION;
create object instance booking of BOOKING;
relate session to booking across R26;

select any h from instances of HOTEL;
relate session to h across R17;

seconds = 60;
create event instance cancel of BOOKINGSESSION8:cancelEvent to session;
//bu = TIM::timer_start(microseconds: 1000*seconds, event_inst: cancel); 

send BookingProvider::session(sessionID: session.ID, bookingNumber: booking.bookingNumber);',
	1);
INSERT INTO ACT_PSB
	VALUES ("bce81285-feb4-4c6a-b926-fdb647bfb0ae",
	"52f59bac-a1c2-4318-a901-bbe93808d139");
INSERT INTO ACT_ACT
	VALUES ("bce81285-feb4-4c6a-b926-fdb647bfb0ae",
	'signal',
	0,
	"7b7143f2-da93-4310-a527-4c319f9b4585",
	"00000000-0000-0000-0000-000000000000",
	0,
	'UserInterface::BookingProvider::requestSession',
	"00000000-0000-0000-0000-000000000000");
INSERT INTO ACT_BLK
	VALUES ("7b7143f2-da93-4310-a527-4c319f9b4585",
	1,
	0,
	0,
	'BookingProvider',
	'',
	'',
	14,
	1,
	14,
	6,
	0,
	0,
	8,
	28,
	0,
	0,
	0,
	0,
	0,
	"bce81285-feb4-4c6a-b926-fdb647bfb0ae",
	"00000000-0000-0000-0000-000000000000");
INSERT INTO ACT_SMT
	VALUES ("4a582acd-2008-443e-ba64-313c1c533c87",
	"7b7143f2-da93-4310-a527-4c319f9b4585",
	"4e23411f-75f4-4da8-899c-a22f38496af7",
	2,
	1,
	'UserInterface::BookingProvider::requestSession line: 2');
INSERT INTO ACT_BRG
	VALUES ("4a582acd-2008-443e-ba64-313c1c533c87",
	"768e1cca-7403-495c-9b22-afd11a473eb6",
	2,
	6,
	2,
	1);
INSERT INTO ACT_SMT
	VALUES ("4e23411f-75f4-4da8-899c-a22f38496af7",
	"7b7143f2-da93-4310-a527-4c319f9b4585",
	"0324f78a-bb5c-4131-b5e7-88e4d97229bd",
	3,
	1,
	'UserInterface::BookingProvider::requestSession line: 3');
INSERT INTO ACT_CR
	VALUES ("4e23411f-75f4-4da8-899c-a22f38496af7",
	"808186f3-d0a5-41a2-b1cc-29bb5c3af09f",
	1,
	"7137c09d-ba0e-406b-b3b5-76bb3cc48f3d",
	3,
	35);
INSERT INTO ACT_SMT
	VALUES ("0324f78a-bb5c-4131-b5e7-88e4d97229bd",
	"7b7143f2-da93-4310-a527-4c319f9b4585",
	"32a1f119-60c3-4c0f-98de-421d5ab0c7f0",
	4,
	1,
	'UserInterface::BookingProvider::requestSession line: 4');
INSERT INTO ACT_CR
	VALUES ("0324f78a-bb5c-4131-b5e7-88e4d97229bd",
	"1c03dd20-3710-4c0d-b1bf-ee16bbce5510",
	1,
	"9a41fe9e-f547-4cde-b68d-f7db43c904dc",
	4,
	35);
INSERT INTO ACT_SMT
	VALUES ("32a1f119-60c3-4c0f-98de-421d5ab0c7f0",
	"7b7143f2-da93-4310-a527-4c319f9b4585",
	"816de98e-860b-4274-af2b-cf97580470f0",
	5,
	1,
	'UserInterface::BookingProvider::requestSession line: 5');
INSERT INTO ACT_REL
	VALUES ("32a1f119-60c3-4c0f-98de-421d5ab0c7f0",
	"808186f3-d0a5-41a2-b1cc-29bb5c3af09f",
	"1c03dd20-3710-4c0d-b1bf-ee16bbce5510",
	'',
	"a30fd0d6-3586-438e-8d6d-b3d3b14c0f03",
	5,
	34,
	0,
	0);
INSERT INTO ACT_SMT
	VALUES ("816de98e-860b-4274-af2b-cf97580470f0",
	"7b7143f2-da93-4310-a527-4c319f9b4585",
	"b0581d86-5632-4770-be32-a420b906e3b9",
	7,
	1,
	'UserInterface::BookingProvider::requestSession line: 7');
INSERT INTO ACT_FIO
	VALUES ("816de98e-860b-4274-af2b-cf97580470f0",
	"021364e0-cb28-482f-94a3-9793928eaed0",
	1,
	'any',
	"daf3cea3-b187-4d6a-9517-f12785ae9b3a",
	7,
	32);
INSERT INTO ACT_SMT
	VALUES ("b0581d86-5632-4770-be32-a420b906e3b9",
	"7b7143f2-da93-4310-a527-4c319f9b4585",
	"afa22ec4-e048-4ee8-91f9-00e8b2effac6",
	8,
	1,
	'UserInterface::BookingProvider::requestSession line: 8');
INSERT INTO ACT_REL
	VALUES ("b0581d86-5632-4770-be32-a420b906e3b9",
	"808186f3-d0a5-41a2-b1cc-29bb5c3af09f",
	"021364e0-cb28-482f-94a3-9793928eaed0",
	'',
	"17f1dd67-3fd4-46db-8752-891089e87a24",
	8,
	28,
	0,
	0);
INSERT INTO ACT_SMT
	VALUES ("afa22ec4-e048-4ee8-91f9-00e8b2effac6",
	"7b7143f2-da93-4310-a527-4c319f9b4585",
	"c865de33-3b82-47d6-8f51-17b1f1c66876",
	10,
	1,
	'UserInterface::BookingProvider::requestSession line: 10');
INSERT INTO ACT_AI
	VALUES ("afa22ec4-e048-4ee8-91f9-00e8b2effac6",
	"1f692a37-8dc5-4242-903c-a268514e76a3",
	"cd81e1dd-40cb-4599-b97d-6185968fa0b0",
	0,
	0);
INSERT INTO ACT_SMT
	VALUES ("c865de33-3b82-47d6-8f51-17b1f1c66876",
	"7b7143f2-da93-4310-a527-4c319f9b4585",
	"dad54ce4-4c35-4af1-a71f-bcb6c778b762",
	11,
	1,
	'UserInterface::BookingProvider::requestSession line: 11');
INSERT INTO E_ESS
	VALUES ("c865de33-3b82-47d6-8f51-17b1f1c66876",
	1,
	0,
	11,
	33,
	11,
	49,
	7,
	32,
	0,
	0,
	0,
	0);
INSERT INTO E_CES
	VALUES ("c865de33-3b82-47d6-8f51-17b1f1c66876",
	1,
	"dc444dfa-0536-44af-9abf-f3b2531a2a93");
INSERT INTO E_CSME
	VALUES ("c865de33-3b82-47d6-8f51-17b1f1c66876",
	"5d2bc261-464e-4c96-88a1-0dcf2267fd8b");
INSERT INTO E_CEI
	VALUES ("c865de33-3b82-47d6-8f51-17b1f1c66876",
	"808186f3-d0a5-41a2-b1cc-29bb5c3af09f");
INSERT INTO ACT_SMT
	VALUES ("dad54ce4-4c35-4af1-a71f-bcb6c778b762",
	"7b7143f2-da93-4310-a527-4c319f9b4585",
	"00000000-0000-0000-0000-000000000000",
	14,
	1,
	'UserInterface::BookingProvider::requestSession line: 14');
INSERT INTO ACT_SGN
	VALUES ("dad54ce4-4c35-4af1-a71f-bcb6c778b762",
	14,
	23,
	14,
	6,
	"9a412571-97a5-4764-873e-18ee296bab0f",
	"00000000-0000-0000-0000-000000000000",
	"00000000-0000-0000-0000-000000000000");
INSERT INTO V_VAL
	VALUES ("ff101c3b-ac2f-4835-8f74-d9d1be90e2d5",
	0,
	0,
	2,
	23,
	47,
	0,
	0,
	0,
	0,
	"ba5eda7a-def5-0000-0000-000000000004",
	"7b7143f2-da93-4310-a527-4c319f9b4585");
INSERT INTO V_LST
	VALUES ("ff101c3b-ac2f-4835-8f74-d9d1be90e2d5",
	'Recieved session request');
INSERT INTO V_PAR
	VALUES ("ff101c3b-ac2f-4835-8f74-d9d1be90e2d5",
	"4a582acd-2008-443e-ba64-313c1c533c87",
	"00000000-0000-0000-0000-000000000000",
	'message',
	"00000000-0000-0000-0000-000000000000",
	2,
	14);
INSERT INTO V_VAL
	VALUES ("cd81e1dd-40cb-4599-b97d-6185968fa0b0",
	1,
	1,
	10,
	1,
	7,
	0,
	0,
	0,
	0,
	"ba5eda7a-def5-0000-0000-000000000002",
	"7b7143f2-da93-4310-a527-4c319f9b4585");
INSERT INTO V_TVL
	VALUES ("cd81e1dd-40cb-4599-b97d-6185968fa0b0",
	"7d0a7553-e8e3-49d6-8a0f-2670f67178c7");
INSERT INTO V_VAL
	VALUES ("1f692a37-8dc5-4242-903c-a268514e76a3",
	0,
	0,
	10,
	11,
	12,
	0,
	0,
	0,
	0,
	"ba5eda7a-def5-0000-0000-000000000002",
	"7b7143f2-da93-4310-a527-4c319f9b4585");
INSERT INTO V_LIN
	VALUES ("1f692a37-8dc5-4242-903c-a268514e76a3",
	'60');
INSERT INTO V_VAL
	VALUES ("6181a76e-003d-4bee-8218-89a6c8a9fa24",
	0,
	0,
	14,
	42,
	48,
	0,
	0,
	0,
	0,
	"ba5eda7a-def5-0000-0000-000000000008",
	"7b7143f2-da93-4310-a527-4c319f9b4585");
INSERT INTO V_IRF
	VALUES ("6181a76e-003d-4bee-8218-89a6c8a9fa24",
	"808186f3-d0a5-41a2-b1cc-29bb5c3af09f");
INSERT INTO V_VAL
	VALUES ("60773bae-00f5-410d-a766-fa4c82245036",
	0,
	0,
	14,
	50,
	51,
	0,
	0,
	0,
	0,
	"ba5eda7a-def5-0000-0000-000000000005",
	"7b7143f2-da93-4310-a527-4c319f9b4585");
INSERT INTO V_AVL
	VALUES ("60773bae-00f5-410d-a766-fa4c82245036",
	"6181a76e-003d-4bee-8218-89a6c8a9fa24",
	"7137c09d-ba0e-406b-b3b5-76bb3cc48f3d",
	"df46d3b5-7060-4611-8908-d535d035865a");
INSERT INTO V_PAR
	VALUES ("60773bae-00f5-410d-a766-fa4c82245036",
	"dad54ce4-4c35-4af1-a71f-bcb6c778b762",
	"00000000-0000-0000-0000-000000000000",
	'sessionID',
	"e404226b-bcae-4981-8ac0-ea1ee1b83538",
	14,
	31);
INSERT INTO V_VAL
	VALUES ("be8742e9-8cec-411c-9a06-378114b550b1",
	0,
	0,
	14,
	69,
	75,
	0,
	0,
	0,
	0,
	"433f7688-7b95-4f9c-89f1-cf076d691ab7",
	"7b7143f2-da93-4310-a527-4c319f9b4585");
INSERT INTO V_IRF
	VALUES ("be8742e9-8cec-411c-9a06-378114b550b1",
	"1c03dd20-3710-4c0d-b1bf-ee16bbce5510");
INSERT INTO V_VAL
	VALUES ("e404226b-bcae-4981-8ac0-ea1ee1b83538",
	0,
	0,
	14,
	77,
	89,
	0,
	0,
	0,
	0,
	"ba5eda7a-def5-0000-0000-000000000005",
	"7b7143f2-da93-4310-a527-4c319f9b4585");
INSERT INTO V_AVL
	VALUES ("e404226b-bcae-4981-8ac0-ea1ee1b83538",
	"be8742e9-8cec-411c-9a06-378114b550b1",
	"9a41fe9e-f547-4cde-b68d-f7db43c904dc",
	"de30d967-1c94-45a4-8e5f-b18dc80d1e04");
INSERT INTO V_PAR
	VALUES ("e404226b-bcae-4981-8ac0-ea1ee1b83538",
	"dad54ce4-4c35-4af1-a71f-bcb6c778b762",
	"00000000-0000-0000-0000-000000000000",
	'bookingNumber',
	"00000000-0000-0000-0000-000000000000",
	14,
	54);
INSERT INTO V_VAR
	VALUES ("808186f3-d0a5-41a2-b1cc-29bb5c3af09f",
	"7b7143f2-da93-4310-a527-4c319f9b4585",
	'session',
	1,
	"ba5eda7a-def5-0000-0000-000000000008");
INSERT INTO V_INT
	VALUES ("808186f3-d0a5-41a2-b1cc-29bb5c3af09f",
	0,
	"7137c09d-ba0e-406b-b3b5-76bb3cc48f3d");
INSERT INTO V_LOC
	VALUES ("f77a97e8-d5f7-46c4-b4f6-2ca6966d9845",
	3,
	24,
	30,
	"808186f3-d0a5-41a2-b1cc-29bb5c3af09f");
INSERT INTO V_LOC
	VALUES ("bb920da6-bf2f-40f8-9176-6a4b7477c22b",
	5,
	8,
	14,
	"808186f3-d0a5-41a2-b1cc-29bb5c3af09f");
INSERT INTO V_LOC
	VALUES ("7a7b4667-162d-4cee-9bf0-684636f50784",
	8,
	8,
	14,
	"808186f3-d0a5-41a2-b1cc-29bb5c3af09f");
INSERT INTO V_LOC
	VALUES ("b0563037-8211-47e6-a5a4-09b18b6fa218",
	11,
	64,
	70,
	"808186f3-d0a5-41a2-b1cc-29bb5c3af09f");
INSERT INTO V_LOC
	VALUES ("1040af04-3359-4c4b-bade-94f37be73134",
	14,
	42,
	48,
	"808186f3-d0a5-41a2-b1cc-29bb5c3af09f");
INSERT INTO V_VAR
	VALUES ("1c03dd20-3710-4c0d-b1bf-ee16bbce5510",
	"7b7143f2-da93-4310-a527-4c319f9b4585",
	'booking',
	1,
	"433f7688-7b95-4f9c-89f1-cf076d691ab7");
INSERT INTO V_INT
	VALUES ("1c03dd20-3710-4c0d-b1bf-ee16bbce5510",
	0,
	"9a41fe9e-f547-4cde-b68d-f7db43c904dc");
INSERT INTO V_LOC
	VALUES ("26a8615e-2a2b-4b79-95f2-bd47d85bcea8",
	4,
	24,
	30,
	"1c03dd20-3710-4c0d-b1bf-ee16bbce5510");
INSERT INTO V_LOC
	VALUES ("6a3fb487-0b8b-453f-b143-490da11f8306",
	5,
	19,
	25,
	"1c03dd20-3710-4c0d-b1bf-ee16bbce5510");
INSERT INTO V_LOC
	VALUES ("1eabba0d-8a98-4f3c-ab3f-5339a74bcdeb",
	14,
	69,
	75,
	"1c03dd20-3710-4c0d-b1bf-ee16bbce5510");
INSERT INTO V_VAR
	VALUES ("021364e0-cb28-482f-94a3-9793928eaed0",
	"7b7143f2-da93-4310-a527-4c319f9b4585",
	'h',
	1,
	"ba5eda7a-def5-0000-0000-000000000008");
INSERT INTO V_INT
	VALUES ("021364e0-cb28-482f-94a3-9793928eaed0",
	0,
	"daf3cea3-b187-4d6a-9517-f12785ae9b3a");
INSERT INTO V_LOC
	VALUES ("51abc07b-e31d-4500-9feb-4a8ba8ada03f",
	7,
	12,
	12,
	"021364e0-cb28-482f-94a3-9793928eaed0");
INSERT INTO V_LOC
	VALUES ("a987c446-d567-4048-b26e-a4abd5f199bf",
	8,
	19,
	19,
	"021364e0-cb28-482f-94a3-9793928eaed0");
INSERT INTO V_VAR
	VALUES ("7d0a7553-e8e3-49d6-8a0f-2670f67178c7",
	"7b7143f2-da93-4310-a527-4c319f9b4585",
	'seconds',
	1,
	"ba5eda7a-def5-0000-0000-000000000002");
INSERT INTO V_TRN
	VALUES ("7d0a7553-e8e3-49d6-8a0f-2670f67178c7",
	"00000000-0000-0000-0000-000000000000",
	'');
INSERT INTO V_LOC
	VALUES ("07efa250-6753-470e-be95-6064e16c3ade",
	10,
	1,
	7,
	"7d0a7553-e8e3-49d6-8a0f-2670f67178c7");
INSERT INTO V_VAR
	VALUES ("dc444dfa-0536-44af-9abf-f3b2531a2a93",
	"7b7143f2-da93-4310-a527-4c319f9b4585",
	'cancel',
	1,
	"ba5eda7a-def5-0000-0000-00000000000a");
INSERT INTO V_TRN
	VALUES ("dc444dfa-0536-44af-9abf-f3b2531a2a93",
	"00000000-0000-0000-0000-000000000000",
	'');
INSERT INTO V_LOC
	VALUES ("243b1e68-0633-4360-9a28-c95dbd0bd89e",
	11,
	23,
	28,
	"dc444dfa-0536-44af-9abf-f3b2531a2a93");
INSERT INTO SPR_PEP
	VALUES ("9a412571-97a5-4764-873e-18ee296bab0f",
	"0a31b7ea-b3a4-43b3-bfab-1e664637468e",
	"36293ad6-77b6-4c0b-a2dd-f02064f6189a");
INSERT INTO SPR_PS
	VALUES ("9a412571-97a5-4764-873e-18ee296bab0f",
	'session',
	'',
	'',
	1);
INSERT INTO ACT_PSB
	VALUES ("2bedf62b-9c56-4910-8d86-c78a750c0cf3",
	"9a412571-97a5-4764-873e-18ee296bab0f");
INSERT INTO ACT_ACT
	VALUES ("2bedf62b-9c56-4910-8d86-c78a750c0cf3",
	'signal',
	0,
	"dd192c94-6c72-45a9-a5b2-df58f7574b79",
	"00000000-0000-0000-0000-000000000000",
	0,
	'UserInterface::BookingProvider::session',
	"00000000-0000-0000-0000-000000000000");
INSERT INTO ACT_BLK
	VALUES ("dd192c94-6c72-45a9-a5b2-df58f7574b79",
	0,
	0,
	0,
	'',
	'',
	'',
	0,
	0,
	0,
	0,
	0,
	0,
	0,
	0,
	0,
	0,
	0,
	0,
	0,
	"2bedf62b-9c56-4910-8d86-c78a750c0cf3",
	"00000000-0000-0000-0000-000000000000");
INSERT INTO C_PO
	VALUES ("60bda041-6be5-4a74-9de4-1a56d08a5972",
	"ab2192c8-8390-4631-9e2c-fca2a1f30c08",
	'StaffPort',
	0,
	0);
INSERT INTO C_IR
	VALUES ("9d173fe3-55ba-463f-a9f9-a5b42dd200a2",
	"7af64316-7236-4637-9c49-e47d2784ce9e",
	"00000000-0000-0000-0000-000000000000",
	"60bda041-6be5-4a74-9de4-1a56d08a5972");
INSERT INTO C_P
	VALUES ("9d173fe3-55ba-463f-a9f9-a5b42dd200a2",
	'StaffInterface',
	'Unnamed Interface',
	'',
	'HotelComponent::StaffPort::StaffInterface');
INSERT INTO SPR_PEP
	VALUES ("5d4a4780-fc7a-4f75-b9f9-6ee7a5043833",
	"c86ea0b4-abc2-4994-bee2-500e130b8b73",
	"9d173fe3-55ba-463f-a9f9-a5b42dd200a2");
INSERT INTO SPR_PS
	VALUES ("5d4a4780-fc7a-4f75-b9f9-6ee7a5043833",
	'addFacility',
	'',
	'create object instance f of FACILITY;
select any ft from instances of FACILITYTYPE where (selected.id == param.facilityType);
if(not_empty ft)
	relate f to ft across R1;
	f.facilityID = param.facilityID;
end if;',
	1);
INSERT INTO ACT_PSB
	VALUES ("148745c2-28d1-43b0-8cec-5adb835ae784",
	"5d4a4780-fc7a-4f75-b9f9-6ee7a5043833");
INSERT INTO ACT_ACT
	VALUES ("148745c2-28d1-43b0-8cec-5adb835ae784",
	'signal',
	0,
	"8d688570-75a2-4c8a-9c6c-f8c645a9d9c6",
	"00000000-0000-0000-0000-000000000000",
	0,
	'StaffPort::StaffInterface::addFacility',
	"00000000-0000-0000-0000-000000000000");
INSERT INTO ACT_BLK
	VALUES ("8d688570-75a2-4c8a-9c6c-f8c645a9d9c6",
	1,
	0,
	1,
	'',
	'',
	'',
	3,
	1,
	2,
	33,
	0,
	0,
	0,
	0,
	0,
	0,
	0,
	0,
	0,
	"148745c2-28d1-43b0-8cec-5adb835ae784",
	"00000000-0000-0000-0000-000000000000");
INSERT INTO ACT_SMT
	VALUES ("380ba12f-c2ee-4384-a790-31e86775aa5c",
	"8d688570-75a2-4c8a-9c6c-f8c645a9d9c6",
	"31260eff-4c55-4329-b941-bb41a553ba14",
	1,
	1,
	'StaffPort::StaffInterface::addFacility line: 1');
INSERT INTO ACT_CR
	VALUES ("380ba12f-c2ee-4384-a790-31e86775aa5c",
	"96388f28-d4ee-4c72-972c-6d8ad7639660",
	1,
	"4b839513-bd70-4d73-85ed-c06b10ee091a",
	1,
	29);
INSERT INTO ACT_SMT
	VALUES ("31260eff-4c55-4329-b941-bb41a553ba14",
	"8d688570-75a2-4c8a-9c6c-f8c645a9d9c6",
	"7e4d3c61-0dfe-428b-85d8-1f90a5787fd6",
	2,
	1,
	'StaffPort::StaffInterface::addFacility line: 2');
INSERT INTO ACT_FIW
	VALUES ("31260eff-4c55-4329-b941-bb41a553ba14",
	"82ab1495-aa21-4ec9-94ca-765b6d122852",
	1,
	'any',
	"27dcae84-ec00-4033-9610-918a8adaf7ef",
	"bafdc953-1881-43a3-a5f1-9dcc7e2d60c3",
	2,
	33);
INSERT INTO ACT_SMT
	VALUES ("7e4d3c61-0dfe-428b-85d8-1f90a5787fd6",
	"8d688570-75a2-4c8a-9c6c-f8c645a9d9c6",
	"00000000-0000-0000-0000-000000000000",
	3,
	1,
	'StaffPort::StaffInterface::addFacility line: 3');
INSERT INTO ACT_IF
	VALUES ("7e4d3c61-0dfe-428b-85d8-1f90a5787fd6",
	"58427505-7a8e-4935-8d07-5a8ddcefe5d2",
	"a66a1b98-b188-4c3e-8981-ce73df1abb2d",
	"00000000-0000-0000-0000-000000000000",
	"00000000-0000-0000-0000-000000000000");
INSERT INTO V_VAL
	VALUES ("79ed5e31-1ba9-4ddf-aeff-176c1ce02338",
	0,
	0,
	2,
	53,
	-1,
	0,
	0,
	0,
	0,
	"ba5eda7a-def5-0000-0000-000000000008",
	"8d688570-75a2-4c8a-9c6c-f8c645a9d9c6");
INSERT INTO V_SLR
	VALUES ("79ed5e31-1ba9-4ddf-aeff-176c1ce02338",
	"00000000-0000-0000-0000-000000000000",
	"00000000-0000-0000-0000-000000000000",
	"00000000-0000-0000-0000-000000000000");
INSERT INTO V_VAL
	VALUES ("7fd3c5fe-1d66-415d-addb-4ae4d8b297a0",
	0,
	0,
	2,
	62,
	63,
	0,
	0,
	0,
	0,
	"ba5eda7a-def5-0000-0000-000000000002",
	"8d688570-75a2-4c8a-9c6c-f8c645a9d9c6");
INSERT INTO V_AVL
	VALUES ("7fd3c5fe-1d66-415d-addb-4ae4d8b297a0",
	"79ed5e31-1ba9-4ddf-aeff-176c1ce02338",
	"bafdc953-1881-43a3-a5f1-9dcc7e2d60c3",
	"c7050232-2f33-4247-8fc7-4866e3c7280d");
INSERT INTO V_VAL
	VALUES ("27dcae84-ec00-4033-9610-918a8adaf7ef",
	0,
	0,
	-1,
	-1,
	-1,
	0,
	0,
	0,
	0,
	"ba5eda7a-def5-0000-0000-000000000001",
	"8d688570-75a2-4c8a-9c6c-f8c645a9d9c6");
INSERT INTO V_BIN
	VALUES ("27dcae84-ec00-4033-9610-918a8adaf7ef",
	"65ffaba2-8641-4571-8667-7013a5c3d2ea",
	"7fd3c5fe-1d66-415d-addb-4ae4d8b297a0",
	'==');
INSERT INTO V_VAL
	VALUES ("65ffaba2-8641-4571-8667-7013a5c3d2ea",
	0,
	0,
	2,
	74,
	85,
	0,
	0,
	0,
	0,
	"ba5eda7a-def5-0000-0000-000000000002",
	"8d688570-75a2-4c8a-9c6c-f8c645a9d9c6");
INSERT INTO V_PVL
	VALUES ("65ffaba2-8641-4571-8667-7013a5c3d2ea",
	"00000000-0000-0000-0000-000000000000",
	"00000000-0000-0000-0000-000000000000",
	"00000000-0000-0000-0000-000000000000",
	"3ed552e5-044a-477f-847c-2beaa7359a32");
INSERT INTO V_VAL
	VALUES ("3f52abd8-775e-4cb4-9a39-a7502d5e684c",
	0,
	0,
	3,
	14,
	15,
	0,
	0,
	0,
	0,
	"99dc6d1a-909c-4bcb-a5b6-04d65b974e90",
	"8d688570-75a2-4c8a-9c6c-f8c645a9d9c6");
INSERT INTO V_IRF
	VALUES ("3f52abd8-775e-4cb4-9a39-a7502d5e684c",
	"82ab1495-aa21-4ec9-94ca-765b6d122852");
INSERT INTO V_VAL
	VALUES ("a66a1b98-b188-4c3e-8981-ce73df1abb2d",
	0,
	0,
	-1,
	-1,
	-1,
	0,
	0,
	0,
	0,
	"ba5eda7a-def5-0000-0000-000000000001",
	"8d688570-75a2-4c8a-9c6c-f8c645a9d9c6");
INSERT INTO V_UNY
	VALUES ("a66a1b98-b188-4c3e-8981-ce73df1abb2d",
	"3f52abd8-775e-4cb4-9a39-a7502d5e684c",
	'not_empty');
INSERT INTO V_VAR
	VALUES ("96388f28-d4ee-4c72-972c-6d8ad7639660",
	"8d688570-75a2-4c8a-9c6c-f8c645a9d9c6",
	'f',
	1,
	"bd43dc09-3be2-4ae8-806d-bedb08b1e03c");
INSERT INTO V_INT
	VALUES ("96388f28-d4ee-4c72-972c-6d8ad7639660",
	0,
	"4b839513-bd70-4d73-85ed-c06b10ee091a");
INSERT INTO V_LOC
	VALUES ("a649da33-2755-49a6-a2bb-0353060ce702",
	1,
	24,
	24,
	"96388f28-d4ee-4c72-972c-6d8ad7639660");
INSERT INTO V_LOC
	VALUES ("063ce368-be73-4522-84cc-e7ed4863681a",
	4,
	9,
	9,
	"96388f28-d4ee-4c72-972c-6d8ad7639660");
INSERT INTO V_LOC
	VALUES ("4691ae2c-4baa-407b-8729-65b3769866be",
	5,
	2,
	2,
	"96388f28-d4ee-4c72-972c-6d8ad7639660");
INSERT INTO V_VAR
	VALUES ("82ab1495-aa21-4ec9-94ca-765b6d122852",
	"8d688570-75a2-4c8a-9c6c-f8c645a9d9c6",
	'ft',
	1,
	"99dc6d1a-909c-4bcb-a5b6-04d65b974e90");
INSERT INTO V_INT
	VALUES ("82ab1495-aa21-4ec9-94ca-765b6d122852",
	0,
	"bafdc953-1881-43a3-a5f1-9dcc7e2d60c3");
INSERT INTO V_LOC
	VALUES ("45c6b585-6e18-4bac-83ce-8d323a5d36ba",
	2,
	12,
	13,
	"82ab1495-aa21-4ec9-94ca-765b6d122852");
INSERT INTO V_LOC
	VALUES ("a88b7f92-eccb-40b4-b7b2-cbeed7b6dc35",
	4,
	14,
	15,
	"82ab1495-aa21-4ec9-94ca-765b6d122852");
INSERT INTO ACT_BLK
	VALUES ("58427505-7a8e-4935-8d07-5a8ddcefe5d2",
	0,
	0,
	0,
	'',
	'',
	'',
	5,
	2,
	0,
	0,
	0,
	0,
	4,
	24,
	0,
	0,
	0,
	0,
	0,
	"148745c2-28d1-43b0-8cec-5adb835ae784",
	"00000000-0000-0000-0000-000000000000");
INSERT INTO ACT_SMT
	VALUES ("19b0339e-a141-41a3-85fd-2f3ef58682f6",
	"58427505-7a8e-4935-8d07-5a8ddcefe5d2",
	"d103b7e8-451d-4b0e-b836-8c003344cd16",
	4,
	2,
	'StaffPort::StaffInterface::addFacility line: 4');
INSERT INTO ACT_REL
	VALUES ("19b0339e-a141-41a3-85fd-2f3ef58682f6",
	"96388f28-d4ee-4c72-972c-6d8ad7639660",
	"82ab1495-aa21-4ec9-94ca-765b6d122852",
	'',
	"861d98e9-8fb8-41c9-b775-c91333eaac35",
	4,
	24,
	0,
	0);
INSERT INTO ACT_SMT
	VALUES ("d103b7e8-451d-4b0e-b836-8c003344cd16",
	"58427505-7a8e-4935-8d07-5a8ddcefe5d2",
	"00000000-0000-0000-0000-000000000000",
	5,
	2,
	'StaffPort::StaffInterface::addFacility line: 5');
INSERT INTO ACT_AI
	VALUES ("d103b7e8-451d-4b0e-b836-8c003344cd16",
	"e9f55046-e509-4495-bbd7-6d116231d71d",
	"09a18833-3b0b-496f-a769-fe0dad52f37a",
	0,
	0);
INSERT INTO V_VAL
	VALUES ("f52d700a-1ca1-44f0-847f-df3480bc45dc",
	1,
	0,
	5,
	2,
	2,
	0,
	0,
	0,
	0,
	"bd43dc09-3be2-4ae8-806d-bedb08b1e03c",
	"58427505-7a8e-4935-8d07-5a8ddcefe5d2");
INSERT INTO V_IRF
	VALUES ("f52d700a-1ca1-44f0-847f-df3480bc45dc",
	"96388f28-d4ee-4c72-972c-6d8ad7639660");
INSERT INTO V_VAL
	VALUES ("09a18833-3b0b-496f-a769-fe0dad52f37a",
	1,
	0,
	5,
	4,
	13,
	0,
	0,
	0,
	0,
	"ba5eda7a-def5-0000-0000-000000000004",
	"58427505-7a8e-4935-8d07-5a8ddcefe5d2");
INSERT INTO V_AVL
	VALUES ("09a18833-3b0b-496f-a769-fe0dad52f37a",
	"f52d700a-1ca1-44f0-847f-df3480bc45dc",
	"4b839513-bd70-4d73-85ed-c06b10ee091a",
	"e22cda36-25e1-4b81-aef1-d74c43020c14");
INSERT INTO V_VAL
	VALUES ("e9f55046-e509-4495-bbd7-6d116231d71d",
	0,
	0,
	5,
	23,
	32,
	0,
	0,
	0,
	0,
	"ba5eda7a-def5-0000-0000-000000000004",
	"58427505-7a8e-4935-8d07-5a8ddcefe5d2");
INSERT INTO V_PVL
	VALUES ("e9f55046-e509-4495-bbd7-6d116231d71d",
	"00000000-0000-0000-0000-000000000000",
	"00000000-0000-0000-0000-000000000000",
	"00000000-0000-0000-0000-000000000000",
	"5055dfea-acfb-446f-9a4a-c84ab94fb0c6");
INSERT INTO SPR_PEP
	VALUES ("1aee11b8-e562-4626-acc6-35cc36201bb3",
	"19f06228-e268-4733-9af7-92f3f313ceff",
	"9d173fe3-55ba-463f-a9f9-a5b42dd200a2");
INSERT INTO SPR_PS
	VALUES ("1aee11b8-e562-4626-acc6-35cc36201bb3",
	'addFacilityType',
	'',
	'create object instance ft of FACILITYTYPE;
create object instance b of BOOKABLE;

ft.id = param.id;

relate ft to b across R2;

select any h from instances of HOTEL;

if(empty h)
	create object instance h of HOTEL;
end if;

if(not_empty h)
	relate b to h across R9;
	b.price = param.price;
	b.description = param.description;
	ft.approximateArea = param.approximateArea;
	b.name = param.name;
	
end if;

send StaffInterface::sendFacilityType(facilityTypeID: ft.id, name: b.name);',
	1);
INSERT INTO ACT_PSB
	VALUES ("ffe0ec45-d6f9-45bb-90b5-23d3fb45c899",
	"1aee11b8-e562-4626-acc6-35cc36201bb3");
INSERT INTO ACT_ACT
	VALUES ("ffe0ec45-d6f9-45bb-90b5-23d3fb45c899",
	'signal',
	0,
	"ab9a5581-76f1-4af0-808c-b69eb9a619d0",
	"00000000-0000-0000-0000-000000000000",
	0,
	'StaffPort::StaffInterface::addFacilityType',
	"00000000-0000-0000-0000-000000000000");
INSERT INTO ACT_BLK
	VALUES ("ab9a5581-76f1-4af0-808c-b69eb9a619d0",
	1,
	0,
	0,
	'StaffInterface',
	'',
	'',
	23,
	1,
	23,
	6,
	0,
	0,
	6,
	23,
	0,
	0,
	0,
	0,
	0,
	"ffe0ec45-d6f9-45bb-90b5-23d3fb45c899",
	"00000000-0000-0000-0000-000000000000");
INSERT INTO ACT_SMT
	VALUES ("de39c5d5-b48a-401c-9e45-4c6627a9065b",
	"ab9a5581-76f1-4af0-808c-b69eb9a619d0",
	"3afd386e-527f-4a57-a8af-f88f6faacff0",
	1,
	1,
	'StaffPort::StaffInterface::addFacilityType line: 1');
INSERT INTO ACT_CR
	VALUES ("de39c5d5-b48a-401c-9e45-4c6627a9065b",
	"6de31528-7a43-44e8-bded-7216743aae85",
	1,
	"bafdc953-1881-43a3-a5f1-9dcc7e2d60c3",
	1,
	30);
INSERT INTO ACT_SMT
	VALUES ("3afd386e-527f-4a57-a8af-f88f6faacff0",
	"ab9a5581-76f1-4af0-808c-b69eb9a619d0",
	"54da6630-6aa6-49d6-88a7-fc429d0f6d93",
	2,
	1,
	'StaffPort::StaffInterface::addFacilityType line: 2');
INSERT INTO ACT_CR
	VALUES ("3afd386e-527f-4a57-a8af-f88f6faacff0",
	"f5ceee32-56d2-4d7b-9aba-6e4d5772e251",
	1,
	"803702ba-1594-4405-b96a-8c76b6ef1c69",
	2,
	29);
INSERT INTO ACT_SMT
	VALUES ("54da6630-6aa6-49d6-88a7-fc429d0f6d93",
	"ab9a5581-76f1-4af0-808c-b69eb9a619d0",
	"05f1a433-5050-431b-ad02-3c917e654a05",
	4,
	1,
	'StaffPort::StaffInterface::addFacilityType line: 4');
INSERT INTO ACT_AI
	VALUES ("54da6630-6aa6-49d6-88a7-fc429d0f6d93",
	"fc329c96-7a74-48a9-8c6a-382aae0b96c0",
	"47029961-5192-4eec-a622-46954fa4ef59",
	0,
	0);
INSERT INTO ACT_SMT
	VALUES ("05f1a433-5050-431b-ad02-3c917e654a05",
	"ab9a5581-76f1-4af0-808c-b69eb9a619d0",
	"be5bd1d4-9c60-43d4-b135-2508713528be",
	6,
	1,
	'StaffPort::StaffInterface::addFacilityType line: 6');
INSERT INTO ACT_REL
	VALUES ("05f1a433-5050-431b-ad02-3c917e654a05",
	"6de31528-7a43-44e8-bded-7216743aae85",
	"f5ceee32-56d2-4d7b-9aba-6e4d5772e251",
	'',
	"655f93cd-124d-4c1c-8fee-9a2f5468ffe1",
	6,
	23,
	0,
	0);
INSERT INTO ACT_SMT
	VALUES ("be5bd1d4-9c60-43d4-b135-2508713528be",
	"ab9a5581-76f1-4af0-808c-b69eb9a619d0",
	"c8a1a1b6-b8b3-461e-8cf2-1771d12bdb00",
	8,
	1,
	'StaffPort::StaffInterface::addFacilityType line: 8');
INSERT INTO ACT_FIO
	VALUES ("be5bd1d4-9c60-43d4-b135-2508713528be",
	"f2f0ea94-3b2e-44bd-bd6f-533f9454dc51",
	1,
	'any',
	"daf3cea3-b187-4d6a-9517-f12785ae9b3a",
	8,
	32);
INSERT INTO ACT_SMT
	VALUES ("c8a1a1b6-b8b3-461e-8cf2-1771d12bdb00",
	"ab9a5581-76f1-4af0-808c-b69eb9a619d0",
	"7fdbd131-8c0c-458e-a484-5a8ac8f6b741",
	10,
	1,
	'StaffPort::StaffInterface::addFacilityType line: 10');
INSERT INTO ACT_IF
	VALUES ("c8a1a1b6-b8b3-461e-8cf2-1771d12bdb00",
	"ad2cf5f9-4036-4415-ab52-4aaec57c4435",
	"9bf7f6c0-2d20-4a8e-bbdd-7efd713b0d2c",
	"00000000-0000-0000-0000-000000000000",
	"00000000-0000-0000-0000-000000000000");
INSERT INTO ACT_SMT
	VALUES ("7fdbd131-8c0c-458e-a484-5a8ac8f6b741",
	"ab9a5581-76f1-4af0-808c-b69eb9a619d0",
	"bc09f65f-ffd0-46e1-81f4-1de3e7ea19c8",
	14,
	1,
	'StaffPort::StaffInterface::addFacilityType line: 14');
INSERT INTO ACT_IF
	VALUES ("7fdbd131-8c0c-458e-a484-5a8ac8f6b741",
	"cb3f2f8e-f544-408d-93eb-60e7bfc3cbbe",
	"b2f8cbe8-69ee-4d30-8c59-76105ef9068a",
	"00000000-0000-0000-0000-000000000000",
	"00000000-0000-0000-0000-000000000000");
INSERT INTO ACT_SMT
	VALUES ("bc09f65f-ffd0-46e1-81f4-1de3e7ea19c8",
	"ab9a5581-76f1-4af0-808c-b69eb9a619d0",
	"00000000-0000-0000-0000-000000000000",
	23,
	1,
	'StaffPort::StaffInterface::addFacilityType line: 23');
INSERT INTO ACT_SGN
	VALUES ("bc09f65f-ffd0-46e1-81f4-1de3e7ea19c8",
	23,
	22,
	23,
	6,
	"feb554a9-891f-4263-acc6-9505d061cdea",
	"00000000-0000-0000-0000-000000000000",
	"00000000-0000-0000-0000-000000000000");
INSERT INTO V_VAL
	VALUES ("8567b8f2-7f49-42ad-bd0a-5f530e658484",
	1,
	0,
	4,
	1,
	2,
	0,
	0,
	0,
	0,
	"99dc6d1a-909c-4bcb-a5b6-04d65b974e90",
	"ab9a5581-76f1-4af0-808c-b69eb9a619d0");
INSERT INTO V_IRF
	VALUES ("8567b8f2-7f49-42ad-bd0a-5f530e658484",
	"6de31528-7a43-44e8-bded-7216743aae85");
INSERT INTO V_VAL
	VALUES ("47029961-5192-4eec-a622-46954fa4ef59",
	1,
	0,
	4,
	4,
	5,
	0,
	0,
	0,
	0,
	"ba5eda7a-def5-0000-0000-000000000002",
	"ab9a5581-76f1-4af0-808c-b69eb9a619d0");
INSERT INTO V_AVL
	VALUES ("47029961-5192-4eec-a622-46954fa4ef59",
	"8567b8f2-7f49-42ad-bd0a-5f530e658484",
	"bafdc953-1881-43a3-a5f1-9dcc7e2d60c3",
	"c7050232-2f33-4247-8fc7-4866e3c7280d");
INSERT INTO V_VAL
	VALUES ("fc329c96-7a74-48a9-8c6a-382aae0b96c0",
	0,
	0,
	4,
	15,
	16,
	0,
	0,
	0,
	0,
	"ba5eda7a-def5-0000-0000-000000000002",
	"ab9a5581-76f1-4af0-808c-b69eb9a619d0");
INSERT INTO V_PVL
	VALUES ("fc329c96-7a74-48a9-8c6a-382aae0b96c0",
	"00000000-0000-0000-0000-000000000000",
	"00000000-0000-0000-0000-000000000000",
	"00000000-0000-0000-0000-000000000000",
	"168a7192-30ca-4de0-bf9d-037a1494e638");
INSERT INTO V_VAL
	VALUES ("cf99d115-5af6-427a-9fd5-09d51c0a4934",
	0,
	0,
	10,
	10,
	10,
	0,
	0,
	0,
	0,
	"ba5eda7a-def5-0000-0000-000000000008",
	"ab9a5581-76f1-4af0-808c-b69eb9a619d0");
INSERT INTO V_IRF
	VALUES ("cf99d115-5af6-427a-9fd5-09d51c0a4934",
	"f2f0ea94-3b2e-44bd-bd6f-533f9454dc51");
INSERT INTO V_VAL
	VALUES ("9bf7f6c0-2d20-4a8e-bbdd-7efd713b0d2c",
	0,
	0,
	-1,
	-1,
	-1,
	0,
	0,
	0,
	0,
	"ba5eda7a-def5-0000-0000-000000000001",
	"ab9a5581-76f1-4af0-808c-b69eb9a619d0");
INSERT INTO V_UNY
	VALUES ("9bf7f6c0-2d20-4a8e-bbdd-7efd713b0d2c",
	"cf99d115-5af6-427a-9fd5-09d51c0a4934",
	'empty');
INSERT INTO V_VAL
	VALUES ("41ac65da-cae6-445f-9e23-298bee356b3c",
	0,
	0,
	14,
	14,
	14,
	0,
	0,
	0,
	0,
	"ba5eda7a-def5-0000-0000-000000000008",
	"ab9a5581-76f1-4af0-808c-b69eb9a619d0");
INSERT INTO V_IRF
	VALUES ("41ac65da-cae6-445f-9e23-298bee356b3c",
	"f2f0ea94-3b2e-44bd-bd6f-533f9454dc51");
INSERT INTO V_VAL
	VALUES ("b2f8cbe8-69ee-4d30-8c59-76105ef9068a",
	0,
	0,
	-1,
	-1,
	-1,
	0,
	0,
	0,
	0,
	"ba5eda7a-def5-0000-0000-000000000001",
	"ab9a5581-76f1-4af0-808c-b69eb9a619d0");
INSERT INTO V_UNY
	VALUES ("b2f8cbe8-69ee-4d30-8c59-76105ef9068a",
	"41ac65da-cae6-445f-9e23-298bee356b3c",
	'not_empty');
INSERT INTO V_VAL
	VALUES ("51a68863-49db-47ee-aec8-df4f44b60061",
	0,
	0,
	23,
	55,
	56,
	0,
	0,
	0,
	0,
	"99dc6d1a-909c-4bcb-a5b6-04d65b974e90",
	"ab9a5581-76f1-4af0-808c-b69eb9a619d0");
INSERT INTO V_IRF
	VALUES ("51a68863-49db-47ee-aec8-df4f44b60061",
	"6de31528-7a43-44e8-bded-7216743aae85");
INSERT INTO V_VAL
	VALUES ("21224462-62a5-4469-9e40-97e22cfda249",
	0,
	0,
	23,
	58,
	59,
	0,
	0,
	0,
	0,
	"ba5eda7a-def5-0000-0000-000000000002",
	"ab9a5581-76f1-4af0-808c-b69eb9a619d0");
INSERT INTO V_AVL
	VALUES ("21224462-62a5-4469-9e40-97e22cfda249",
	"51a68863-49db-47ee-aec8-df4f44b60061",
	"bafdc953-1881-43a3-a5f1-9dcc7e2d60c3",
	"c7050232-2f33-4247-8fc7-4866e3c7280d");
INSERT INTO V_PAR
	VALUES ("21224462-62a5-4469-9e40-97e22cfda249",
	"bc09f65f-ffd0-46e1-81f4-1de3e7ea19c8",
	"00000000-0000-0000-0000-000000000000",
	'facilityTypeID',
	"843be5f6-109b-401e-97d8-3e0bbfa75fd5",
	23,
	39);
INSERT INTO V_VAL
	VALUES ("db0a597f-d4d5-4559-beb2-08868fc6bd09",
	0,
	0,
	23,
	68,
	68,
	0,
	0,
	0,
	0,
	"bdce89ef-72f6-4386-ba13-b2d926836c80",
	"ab9a5581-76f1-4af0-808c-b69eb9a619d0");
INSERT INTO V_IRF
	VALUES ("db0a597f-d4d5-4559-beb2-08868fc6bd09",
	"f5ceee32-56d2-4d7b-9aba-6e4d5772e251");
INSERT INTO V_VAL
	VALUES ("843be5f6-109b-401e-97d8-3e0bbfa75fd5",
	0,
	0,
	23,
	70,
	73,
	0,
	0,
	0,
	0,
	"ba5eda7a-def5-0000-0000-000000000004",
	"ab9a5581-76f1-4af0-808c-b69eb9a619d0");
INSERT INTO V_AVL
	VALUES ("843be5f6-109b-401e-97d8-3e0bbfa75fd5",
	"db0a597f-d4d5-4559-beb2-08868fc6bd09",
	"803702ba-1594-4405-b96a-8c76b6ef1c69",
	"3f2fc0b4-be17-44ca-a848-72144603506d");
INSERT INTO V_PAR
	VALUES ("843be5f6-109b-401e-97d8-3e0bbfa75fd5",
	"bc09f65f-ffd0-46e1-81f4-1de3e7ea19c8",
	"00000000-0000-0000-0000-000000000000",
	'name',
	"00000000-0000-0000-0000-000000000000",
	23,
	62);
INSERT INTO V_VAR
	VALUES ("6de31528-7a43-44e8-bded-7216743aae85",
	"ab9a5581-76f1-4af0-808c-b69eb9a619d0",
	'ft',
	1,
	"99dc6d1a-909c-4bcb-a5b6-04d65b974e90");
INSERT INTO V_INT
	VALUES ("6de31528-7a43-44e8-bded-7216743aae85",
	0,
	"bafdc953-1881-43a3-a5f1-9dcc7e2d60c3");
INSERT INTO V_LOC
	VALUES ("7e5205b4-ee44-43f0-8900-b340b52555fc",
	1,
	24,
	25,
	"6de31528-7a43-44e8-bded-7216743aae85");
INSERT INTO V_LOC
	VALUES ("b2eeb611-8bc1-4826-b998-97d24760297f",
	4,
	1,
	2,
	"6de31528-7a43-44e8-bded-7216743aae85");
INSERT INTO V_LOC
	VALUES ("1aed6023-bf71-492b-a0c7-6df5c05c80ac",
	6,
	8,
	9,
	"6de31528-7a43-44e8-bded-7216743aae85");
INSERT INTO V_LOC
	VALUES ("5cef111b-a252-4478-af8e-9ad7e6f1554a",
	18,
	2,
	3,
	"6de31528-7a43-44e8-bded-7216743aae85");
INSERT INTO V_LOC
	VALUES ("da389284-a001-46f6-baba-1e9054db2117",
	23,
	55,
	56,
	"6de31528-7a43-44e8-bded-7216743aae85");
INSERT INTO V_VAR
	VALUES ("f5ceee32-56d2-4d7b-9aba-6e4d5772e251",
	"ab9a5581-76f1-4af0-808c-b69eb9a619d0",
	'b',
	1,
	"bdce89ef-72f6-4386-ba13-b2d926836c80");
INSERT INTO V_INT
	VALUES ("f5ceee32-56d2-4d7b-9aba-6e4d5772e251",
	0,
	"803702ba-1594-4405-b96a-8c76b6ef1c69");
INSERT INTO V_LOC
	VALUES ("b59fdc5d-55da-4b04-aeb4-e447a26fc091",
	2,
	24,
	24,
	"f5ceee32-56d2-4d7b-9aba-6e4d5772e251");
INSERT INTO V_LOC
	VALUES ("c5d4b710-c139-4e9c-90b3-54ed40c2b631",
	6,
	14,
	14,
	"f5ceee32-56d2-4d7b-9aba-6e4d5772e251");
INSERT INTO V_LOC
	VALUES ("b6e63f13-c6b4-4df7-b0cf-1e28bfe32b20",
	15,
	9,
	9,
	"f5ceee32-56d2-4d7b-9aba-6e4d5772e251");
INSERT INTO V_LOC
	VALUES ("9fb29a49-e02a-4dab-a7e8-33d884df2649",
	16,
	2,
	2,
	"f5ceee32-56d2-4d7b-9aba-6e4d5772e251");
INSERT INTO V_LOC
	VALUES ("fbc5f33d-6ce0-4442-99b9-868880314d6d",
	17,
	2,
	2,
	"f5ceee32-56d2-4d7b-9aba-6e4d5772e251");
INSERT INTO V_LOC
	VALUES ("8ef617ac-98b3-4517-bfc7-243415df73a0",
	19,
	2,
	2,
	"f5ceee32-56d2-4d7b-9aba-6e4d5772e251");
INSERT INTO V_LOC
	VALUES ("ff87bcdb-d83b-452b-a9b5-f6d033519d7b",
	23,
	68,
	68,
	"f5ceee32-56d2-4d7b-9aba-6e4d5772e251");
INSERT INTO V_VAR
	VALUES ("f2f0ea94-3b2e-44bd-bd6f-533f9454dc51",
	"ab9a5581-76f1-4af0-808c-b69eb9a619d0",
	'h',
	1,
	"ba5eda7a-def5-0000-0000-000000000008");
INSERT INTO V_INT
	VALUES ("f2f0ea94-3b2e-44bd-bd6f-533f9454dc51",
	0,
	"daf3cea3-b187-4d6a-9517-f12785ae9b3a");
INSERT INTO V_LOC
	VALUES ("a307a4e5-3f5f-430b-8bc4-52066ee31bfb",
	8,
	12,
	12,
	"f2f0ea94-3b2e-44bd-bd6f-533f9454dc51");
INSERT INTO V_LOC
	VALUES ("3e0725a4-febd-48ad-b3c7-f310a4242774",
	11,
	25,
	25,
	"f2f0ea94-3b2e-44bd-bd6f-533f9454dc51");
INSERT INTO V_LOC
	VALUES ("539c86b8-8701-4a41-85eb-8c94a9a7500d",
	15,
	14,
	14,
	"f2f0ea94-3b2e-44bd-bd6f-533f9454dc51");
INSERT INTO ACT_BLK
	VALUES ("ad2cf5f9-4036-4415-ab52-4aaec57c4435",
	0,
	0,
	0,
	'',
	'',
	'',
	11,
	2,
	11,
	30,
	0,
	0,
	0,
	0,
	0,
	0,
	0,
	0,
	0,
	"ffe0ec45-d6f9-45bb-90b5-23d3fb45c899",
	"00000000-0000-0000-0000-000000000000");
INSERT INTO ACT_SMT
	VALUES ("e18ec43c-a582-471a-9c3b-ccddd55f5d80",
	"ad2cf5f9-4036-4415-ab52-4aaec57c4435",
	"00000000-0000-0000-0000-000000000000",
	11,
	2,
	'StaffPort::StaffInterface::addFacilityType line: 11');
INSERT INTO ACT_CR
	VALUES ("e18ec43c-a582-471a-9c3b-ccddd55f5d80",
	"f2f0ea94-3b2e-44bd-bd6f-533f9454dc51",
	0,
	"daf3cea3-b187-4d6a-9517-f12785ae9b3a",
	11,
	30);
INSERT INTO ACT_BLK
	VALUES ("cb3f2f8e-f544-408d-93eb-60e7bfc3cbbe",
	0,
	0,
	0,
	'',
	'',
	'',
	19,
	2,
	0,
	0,
	0,
	0,
	15,
	23,
	0,
	0,
	0,
	0,
	0,
	"ffe0ec45-d6f9-45bb-90b5-23d3fb45c899",
	"00000000-0000-0000-0000-000000000000");
INSERT INTO ACT_SMT
	VALUES ("2e283be5-8b03-48ad-a647-848b0aee9ca9",
	"cb3f2f8e-f544-408d-93eb-60e7bfc3cbbe",
	"400296e2-235f-4519-87ab-e31c43b6edd6",
	15,
	2,
	'StaffPort::StaffInterface::addFacilityType line: 15');
INSERT INTO ACT_REL
	VALUES ("2e283be5-8b03-48ad-a647-848b0aee9ca9",
	"f5ceee32-56d2-4d7b-9aba-6e4d5772e251",
	"f2f0ea94-3b2e-44bd-bd6f-533f9454dc51",
	'',
	"8e6b9c28-ea1f-478f-8a85-37281a7e9221",
	15,
	23,
	0,
	0);
INSERT INTO ACT_SMT
	VALUES ("400296e2-235f-4519-87ab-e31c43b6edd6",
	"cb3f2f8e-f544-408d-93eb-60e7bfc3cbbe",
	"24e83fed-bc24-4d54-b02d-5dd80dce3840",
	16,
	2,
	'StaffPort::StaffInterface::addFacilityType line: 16');
INSERT INTO ACT_AI
	VALUES ("400296e2-235f-4519-87ab-e31c43b6edd6",
	"8e73ffa9-cc2a-4ca9-9dac-29f8c8ac5921",
	"d3999b55-9052-4b3e-a914-e3cc0d964442",
	0,
	0);
INSERT INTO ACT_SMT
	VALUES ("24e83fed-bc24-4d54-b02d-5dd80dce3840",
	"cb3f2f8e-f544-408d-93eb-60e7bfc3cbbe",
	"6721125f-a758-41cc-a465-ad0182690427",
	17,
	2,
	'StaffPort::StaffInterface::addFacilityType line: 17');
INSERT INTO ACT_AI
	VALUES ("24e83fed-bc24-4d54-b02d-5dd80dce3840",
	"eb8111c1-d2da-404f-814f-c607abd28692",
	"309d0179-2d5e-443d-9272-3ad6a9c97a57",
	0,
	0);
INSERT INTO ACT_SMT
	VALUES ("6721125f-a758-41cc-a465-ad0182690427",
	"cb3f2f8e-f544-408d-93eb-60e7bfc3cbbe",
	"26a87032-3d25-4566-b50f-afb6750689f4",
	18,
	2,
	'StaffPort::StaffInterface::addFacilityType line: 18');
INSERT INTO ACT_AI
	VALUES ("6721125f-a758-41cc-a465-ad0182690427",
	"6da72e3c-bebf-4275-9d12-29602460a2ef",
	"9c8db5cd-aa50-4091-8b34-f2fba90cef72",
	0,
	0);
INSERT INTO ACT_SMT
	VALUES ("26a87032-3d25-4566-b50f-afb6750689f4",
	"cb3f2f8e-f544-408d-93eb-60e7bfc3cbbe",
	"00000000-0000-0000-0000-000000000000",
	19,
	2,
	'StaffPort::StaffInterface::addFacilityType line: 19');
INSERT INTO ACT_AI
	VALUES ("26a87032-3d25-4566-b50f-afb6750689f4",
	"1f034b0a-5ff9-434e-a41e-092224d0fcd9",
	"90190b28-3b3a-457f-96c9-8d9731e49b08",
	0,
	0);
INSERT INTO V_VAL
	VALUES ("813d218f-c630-4420-a8ed-84d8e8b4c60a",
	1,
	0,
	16,
	2,
	2,
	0,
	0,
	0,
	0,
	"bdce89ef-72f6-4386-ba13-b2d926836c80",
	"cb3f2f8e-f544-408d-93eb-60e7bfc3cbbe");
INSERT INTO V_IRF
	VALUES ("813d218f-c630-4420-a8ed-84d8e8b4c60a",
	"f5ceee32-56d2-4d7b-9aba-6e4d5772e251");
INSERT INTO V_VAL
	VALUES ("d3999b55-9052-4b3e-a914-e3cc0d964442",
	1,
	0,
	16,
	4,
	8,
	0,
	0,
	0,
	0,
	"ba5eda7a-def5-0000-0000-000000000002",
	"cb3f2f8e-f544-408d-93eb-60e7bfc3cbbe");
INSERT INTO V_AVL
	VALUES ("d3999b55-9052-4b3e-a914-e3cc0d964442",
	"813d218f-c630-4420-a8ed-84d8e8b4c60a",
	"803702ba-1594-4405-b96a-8c76b6ef1c69",
	"8ccbac66-5148-4ed4-bb36-09215ce15366");
INSERT INTO V_VAL
	VALUES ("8e73ffa9-cc2a-4ca9-9dac-29f8c8ac5921",
	0,
	0,
	16,
	18,
	22,
	0,
	0,
	0,
	0,
	"ba5eda7a-def5-0000-0000-000000000003",
	"cb3f2f8e-f544-408d-93eb-60e7bfc3cbbe");
INSERT INTO V_PVL
	VALUES ("8e73ffa9-cc2a-4ca9-9dac-29f8c8ac5921",
	"00000000-0000-0000-0000-000000000000",
	"00000000-0000-0000-0000-000000000000",
	"00000000-0000-0000-0000-000000000000",
	"de5edff6-21df-436a-baaf-ee1a13999228");
INSERT INTO V_VAL
	VALUES ("b24530c4-0e8f-4237-9733-522a550559f9",
	1,
	0,
	17,
	2,
	2,
	0,
	0,
	0,
	0,
	"bdce89ef-72f6-4386-ba13-b2d926836c80",
	"cb3f2f8e-f544-408d-93eb-60e7bfc3cbbe");
INSERT INTO V_IRF
	VALUES ("b24530c4-0e8f-4237-9733-522a550559f9",
	"f5ceee32-56d2-4d7b-9aba-6e4d5772e251");
INSERT INTO V_VAL
	VALUES ("309d0179-2d5e-443d-9272-3ad6a9c97a57",
	1,
	0,
	17,
	4,
	14,
	0,
	0,
	0,
	0,
	"ba5eda7a-def5-0000-0000-000000000004",
	"cb3f2f8e-f544-408d-93eb-60e7bfc3cbbe");
INSERT INTO V_AVL
	VALUES ("309d0179-2d5e-443d-9272-3ad6a9c97a57",
	"b24530c4-0e8f-4237-9733-522a550559f9",
	"803702ba-1594-4405-b96a-8c76b6ef1c69",
	"7edb737c-eda0-435c-ab44-20ad0293ebdb");
INSERT INTO V_VAL
	VALUES ("eb8111c1-d2da-404f-814f-c607abd28692",
	0,
	0,
	17,
	24,
	34,
	0,
	0,
	0,
	0,
	"ba5eda7a-def5-0000-0000-000000000004",
	"cb3f2f8e-f544-408d-93eb-60e7bfc3cbbe");
INSERT INTO V_PVL
	VALUES ("eb8111c1-d2da-404f-814f-c607abd28692",
	"00000000-0000-0000-0000-000000000000",
	"00000000-0000-0000-0000-000000000000",
	"00000000-0000-0000-0000-000000000000",
	"ae84f3b2-9628-4fe2-abfc-6630078db393");
INSERT INTO V_VAL
	VALUES ("778fe39b-dffb-4171-8dd9-6da5110d8008",
	1,
	0,
	18,
	2,
	3,
	0,
	0,
	0,
	0,
	"99dc6d1a-909c-4bcb-a5b6-04d65b974e90",
	"cb3f2f8e-f544-408d-93eb-60e7bfc3cbbe");
INSERT INTO V_IRF
	VALUES ("778fe39b-dffb-4171-8dd9-6da5110d8008",
	"6de31528-7a43-44e8-bded-7216743aae85");
INSERT INTO V_VAL
	VALUES ("9c8db5cd-aa50-4091-8b34-f2fba90cef72",
	1,
	0,
	18,
	5,
	19,
	0,
	0,
	0,
	0,
	"ba5eda7a-def5-0000-0000-000000000004",
	"cb3f2f8e-f544-408d-93eb-60e7bfc3cbbe");
INSERT INTO V_AVL
	VALUES ("9c8db5cd-aa50-4091-8b34-f2fba90cef72",
	"778fe39b-dffb-4171-8dd9-6da5110d8008",
	"bafdc953-1881-43a3-a5f1-9dcc7e2d60c3",
	"839b61ce-d63e-49ba-a0ae-d1b0093bb680");
INSERT INTO V_VAL
	VALUES ("6da72e3c-bebf-4275-9d12-29602460a2ef",
	0,
	0,
	18,
	29,
	43,
	0,
	0,
	0,
	0,
	"ba5eda7a-def5-0000-0000-000000000004",
	"cb3f2f8e-f544-408d-93eb-60e7bfc3cbbe");
INSERT INTO V_PVL
	VALUES ("6da72e3c-bebf-4275-9d12-29602460a2ef",
	"00000000-0000-0000-0000-000000000000",
	"00000000-0000-0000-0000-000000000000",
	"00000000-0000-0000-0000-000000000000",
	"fc57c5a9-de76-4b8c-a1eb-66202621f92f");
INSERT INTO V_VAL
	VALUES ("0e0c6be6-9c62-443e-92bc-ffa43476f0d0",
	1,
	0,
	19,
	2,
	2,
	0,
	0,
	0,
	0,
	"bdce89ef-72f6-4386-ba13-b2d926836c80",
	"cb3f2f8e-f544-408d-93eb-60e7bfc3cbbe");
INSERT INTO V_IRF
	VALUES ("0e0c6be6-9c62-443e-92bc-ffa43476f0d0",
	"f5ceee32-56d2-4d7b-9aba-6e4d5772e251");
INSERT INTO V_VAL
	VALUES ("90190b28-3b3a-457f-96c9-8d9731e49b08",
	1,
	0,
	19,
	4,
	7,
	0,
	0,
	0,
	0,
	"ba5eda7a-def5-0000-0000-000000000004",
	"cb3f2f8e-f544-408d-93eb-60e7bfc3cbbe");
INSERT INTO V_AVL
	VALUES ("90190b28-3b3a-457f-96c9-8d9731e49b08",
	"0e0c6be6-9c62-443e-92bc-ffa43476f0d0",
	"803702ba-1594-4405-b96a-8c76b6ef1c69",
	"3f2fc0b4-be17-44ca-a848-72144603506d");
INSERT INTO V_VAL
	VALUES ("1f034b0a-5ff9-434e-a41e-092224d0fcd9",
	0,
	0,
	19,
	17,
	20,
	0,
	0,
	0,
	0,
	"ba5eda7a-def5-0000-0000-000000000004",
	"cb3f2f8e-f544-408d-93eb-60e7bfc3cbbe");
INSERT INTO V_PVL
	VALUES ("1f034b0a-5ff9-434e-a41e-092224d0fcd9",
	"00000000-0000-0000-0000-000000000000",
	"00000000-0000-0000-0000-000000000000",
	"00000000-0000-0000-0000-000000000000",
	"ffbe64fe-56a6-4c62-b5e4-b28648e78656");
INSERT INTO SPR_PEP
	VALUES ("feb554a9-891f-4263-acc6-9505d061cdea",
	"cd0882a7-a468-425e-a99e-c9480ba64c90",
	"9d173fe3-55ba-463f-a9f9-a5b42dd200a2");
INSERT INTO SPR_PS
	VALUES ("feb554a9-891f-4263-acc6-9505d061cdea",
	'sendFacilityType',
	'',
	'',
	1);
INSERT INTO ACT_PSB
	VALUES ("dfc8b21f-54e4-4e95-a365-1302e3cef07d",
	"feb554a9-891f-4263-acc6-9505d061cdea");
INSERT INTO ACT_ACT
	VALUES ("dfc8b21f-54e4-4e95-a365-1302e3cef07d",
	'signal',
	0,
	"6f9a321f-802a-4c8a-a9ee-44a36165ad4d",
	"00000000-0000-0000-0000-000000000000",
	0,
	'StaffPort::StaffInterface::sendFacilityType',
	"00000000-0000-0000-0000-000000000000");
INSERT INTO ACT_BLK
	VALUES ("6f9a321f-802a-4c8a-a9ee-44a36165ad4d",
	0,
	0,
	0,
	'',
	'',
	'',
	0,
	0,
	0,
	0,
	0,
	0,
	0,
	0,
	0,
	0,
	0,
	0,
	0,
	"dfc8b21f-54e4-4e95-a365-1302e3cef07d",
	"00000000-0000-0000-0000-000000000000");
INSERT INTO C_PO
	VALUES ("c939e81e-1c67-41b0-ae1e-c99bd6322c7e",
	"ab2192c8-8390-4631-9e2c-fca2a1f30c08",
	'CustomerPort',
	0,
	0);
INSERT INTO C_IR
	VALUES ("45f6ed17-28eb-49b4-b51e-26daf29a0cb3",
	"d3b89130-5e09-458f-8658-ed03578dbab3",
	"00000000-0000-0000-0000-000000000000",
	"c939e81e-1c67-41b0-ae1e-c99bd6322c7e");
INSERT INTO C_P
	VALUES ("45f6ed17-28eb-49b4-b51e-26daf29a0cb3",
	'CustomerInterface',
	'Unnamed Interface',
	'',
	'HotelComponent::CustomerPort::CustomerInterface');
INSERT INTO SPR_PEP
	VALUES ("89a79606-4020-4623-982e-68f919e93d90",
	"5a79bc11-70d7-456a-8187-45d268168aef",
	"45f6ed17-28eb-49b4-b51e-26daf29a0cb3");
INSERT INTO SPR_PS
	VALUES ("89a79606-4020-4623-982e-68f919e93d90",
	'confirmSignal',
	'',
	'select any bs from instances of BOOKINGSESSION where selected.ID == param.sessionID;

if (not_empty bs)
	LOG::LogInfo(message: "H: confirmEvent: Generating confirm event.");
	generate BOOKINGSESSION4:confirmEvent() to bs;
else
	LOG::LogInfo(message: "H: confirmEvent: Session not found.");
end if;',
	1);
INSERT INTO ACT_PSB
	VALUES ("46b50f71-299c-4ef3-aa4b-5a487ccdc4ed",
	"89a79606-4020-4623-982e-68f919e93d90");
INSERT INTO ACT_ACT
	VALUES ("46b50f71-299c-4ef3-aa4b-5a487ccdc4ed",
	'signal',
	0,
	"a09c7208-e28e-4366-9c27-8e67ecdfa3fe",
	"00000000-0000-0000-0000-000000000000",
	0,
	'CustomerPort::CustomerInterface::confirmSignal',
	"00000000-0000-0000-0000-000000000000");
INSERT INTO ACT_BLK
	VALUES ("a09c7208-e28e-4366-9c27-8e67ecdfa3fe",
	1,
	0,
	1,
	'',
	'',
	'',
	6,
	1,
	1,
	33,
	0,
	0,
	0,
	0,
	0,
	0,
	0,
	0,
	0,
	"46b50f71-299c-4ef3-aa4b-5a487ccdc4ed",
	"00000000-0000-0000-0000-000000000000");
INSERT INTO ACT_SMT
	VALUES ("e3152e70-eb5b-4b8a-84a2-62899eacd2d8",
	"a09c7208-e28e-4366-9c27-8e67ecdfa3fe",
	"149f1829-3c83-4b48-baa8-eebcf891c103",
	1,
	1,
	'CustomerPort::CustomerInterface::confirmSignal line: 1');
INSERT INTO ACT_FIW
	VALUES ("e3152e70-eb5b-4b8a-84a2-62899eacd2d8",
	"ba933e51-eb5d-4467-bc21-f31fc9c2f063",
	1,
	'any',
	"9782a19c-cdf1-4b09-85f5-8094f36370bf",
	"7137c09d-ba0e-406b-b3b5-76bb3cc48f3d",
	1,
	33);
INSERT INTO ACT_SMT
	VALUES ("149f1829-3c83-4b48-baa8-eebcf891c103",
	"a09c7208-e28e-4366-9c27-8e67ecdfa3fe",
	"00000000-0000-0000-0000-000000000000",
	3,
	1,
	'CustomerPort::CustomerInterface::confirmSignal line: 3');
INSERT INTO ACT_IF
	VALUES ("149f1829-3c83-4b48-baa8-eebcf891c103",
	"2619f34a-42af-41a4-9acc-055e2b98c228",
	"3bb44b25-9f3e-4f45-abc6-e7365ac56277",
	"00000000-0000-0000-0000-000000000000",
	"00000000-0000-0000-0000-000000000000");
INSERT INTO ACT_SMT
	VALUES ("55b57728-5f18-4763-a405-304d07dedf08",
	"a09c7208-e28e-4366-9c27-8e67ecdfa3fe",
	"00000000-0000-0000-0000-000000000000",
	6,
	1,
	'CustomerPort::CustomerInterface::confirmSignal line: 6');
INSERT INTO ACT_E
	VALUES ("55b57728-5f18-4763-a405-304d07dedf08",
	"7851fc0f-74a2-44ab-80d3-ddd87e221bb5",
	"149f1829-3c83-4b48-baa8-eebcf891c103");
INSERT INTO V_VAL
	VALUES ("239b3647-9bac-477b-8a0e-9e7c58de6969",
	0,
	0,
	1,
	54,
	-1,
	0,
	0,
	0,
	0,
	"ba5eda7a-def5-0000-0000-000000000008",
	"a09c7208-e28e-4366-9c27-8e67ecdfa3fe");
INSERT INTO V_SLR
	VALUES ("239b3647-9bac-477b-8a0e-9e7c58de6969",
	"00000000-0000-0000-0000-000000000000",
	"00000000-0000-0000-0000-000000000000",
	"00000000-0000-0000-0000-000000000000");
INSERT INTO V_VAL
	VALUES ("4e036a23-0d8c-454e-8346-2d4c21606fc4",
	0,
	0,
	1,
	63,
	64,
	0,
	0,
	0,
	0,
	"ba5eda7a-def5-0000-0000-000000000005",
	"a09c7208-e28e-4366-9c27-8e67ecdfa3fe");
INSERT INTO V_AVL
	VALUES ("4e036a23-0d8c-454e-8346-2d4c21606fc4",
	"239b3647-9bac-477b-8a0e-9e7c58de6969",
	"7137c09d-ba0e-406b-b3b5-76bb3cc48f3d",
	"df46d3b5-7060-4611-8908-d535d035865a");
INSERT INTO V_VAL
	VALUES ("9782a19c-cdf1-4b09-85f5-8094f36370bf",
	0,
	0,
	-1,
	-1,
	-1,
	0,
	0,
	0,
	0,
	"ba5eda7a-def5-0000-0000-000000000001",
	"a09c7208-e28e-4366-9c27-8e67ecdfa3fe");
INSERT INTO V_BIN
	VALUES ("9782a19c-cdf1-4b09-85f5-8094f36370bf",
	"eac3dd28-3281-4e55-a514-8ad968ca9f9c",
	"4e036a23-0d8c-454e-8346-2d4c21606fc4",
	'==');
INSERT INTO V_VAL
	VALUES ("eac3dd28-3281-4e55-a514-8ad968ca9f9c",
	0,
	0,
	1,
	75,
	83,
	0,
	0,
	0,
	0,
	"ba5eda7a-def5-0000-0000-000000000005",
	"a09c7208-e28e-4366-9c27-8e67ecdfa3fe");
INSERT INTO V_PVL
	VALUES ("eac3dd28-3281-4e55-a514-8ad968ca9f9c",
	"00000000-0000-0000-0000-000000000000",
	"00000000-0000-0000-0000-000000000000",
	"00000000-0000-0000-0000-000000000000",
	"0c370872-4365-46c5-b66f-fb3edc2ab789");
INSERT INTO V_VAL
	VALUES ("0cfc2f5e-2511-41a1-a717-e26a92bfbe89",
	0,
	0,
	3,
	15,
	16,
	0,
	0,
	0,
	0,
	"ba5eda7a-def5-0000-0000-000000000008",
	"a09c7208-e28e-4366-9c27-8e67ecdfa3fe");
INSERT INTO V_IRF
	VALUES ("0cfc2f5e-2511-41a1-a717-e26a92bfbe89",
	"ba933e51-eb5d-4467-bc21-f31fc9c2f063");
INSERT INTO V_VAL
	VALUES ("3bb44b25-9f3e-4f45-abc6-e7365ac56277",
	0,
	0,
	-1,
	-1,
	-1,
	0,
	0,
	0,
	0,
	"ba5eda7a-def5-0000-0000-000000000001",
	"a09c7208-e28e-4366-9c27-8e67ecdfa3fe");
INSERT INTO V_UNY
	VALUES ("3bb44b25-9f3e-4f45-abc6-e7365ac56277",
	"0cfc2f5e-2511-41a1-a717-e26a92bfbe89",
	'not_empty');
INSERT INTO V_VAR
	VALUES ("ba933e51-eb5d-4467-bc21-f31fc9c2f063",
	"a09c7208-e28e-4366-9c27-8e67ecdfa3fe",
	'bs',
	1,
	"ba5eda7a-def5-0000-0000-000000000008");
INSERT INTO V_INT
	VALUES ("ba933e51-eb5d-4467-bc21-f31fc9c2f063",
	0,
	"7137c09d-ba0e-406b-b3b5-76bb3cc48f3d");
INSERT INTO V_LOC
	VALUES ("92e7e741-3514-4ca3-aa19-3946089bf022",
	1,
	12,
	13,
	"ba933e51-eb5d-4467-bc21-f31fc9c2f063");
INSERT INTO V_LOC
	VALUES ("158d2692-bc7b-4f7f-9fa7-1a5e6afeb0d6",
	5,
	45,
	46,
	"ba933e51-eb5d-4467-bc21-f31fc9c2f063");
INSERT INTO ACT_BLK
	VALUES ("2619f34a-42af-41a4-9acc-055e2b98c228",
	0,
	0,
	0,
	'V_VAR.Var_ID',
	'',
	'',
	5,
	2,
	4,
	2,
	0,
	0,
	0,
	0,
	0,
	0,
	0,
	0,
	0,
	"46b50f71-299c-4ef3-aa4b-5a487ccdc4ed",
	"00000000-0000-0000-0000-000000000000");
INSERT INTO ACT_SMT
	VALUES ("0adfb65a-bbf9-4f44-b625-d608ba36cce2",
	"2619f34a-42af-41a4-9acc-055e2b98c228",
	"d0c0aff6-55cb-4373-955f-67b53493c231",
	4,
	2,
	'CustomerPort::CustomerInterface::confirmSignal line: 4');
INSERT INTO ACT_BRG
	VALUES ("0adfb65a-bbf9-4f44-b625-d608ba36cce2",
	"768e1cca-7403-495c-9b22-afd11a473eb6",
	4,
	7,
	4,
	2);
INSERT INTO ACT_SMT
	VALUES ("d0c0aff6-55cb-4373-955f-67b53493c231",
	"2619f34a-42af-41a4-9acc-055e2b98c228",
	"00000000-0000-0000-0000-000000000000",
	5,
	2,
	'CustomerPort::CustomerInterface::confirmSignal line: 5');
INSERT INTO E_ESS
	VALUES ("d0c0aff6-55cb-4373-955f-67b53493c231",
	1,
	0,
	5,
	11,
	5,
	27,
	4,
	2,
	0,
	0,
	0,
	0);
INSERT INTO E_GES
	VALUES ("d0c0aff6-55cb-4373-955f-67b53493c231");
INSERT INTO E_GSME
	VALUES ("d0c0aff6-55cb-4373-955f-67b53493c231",
	"9a883f49-b118-47b2-880c-373bfecf9218");
INSERT INTO E_GEN
	VALUES ("d0c0aff6-55cb-4373-955f-67b53493c231",
	"ba933e51-eb5d-4467-bc21-f31fc9c2f063");
INSERT INTO V_VAL
	VALUES ("c9dd3cf6-2634-4b6f-ac58-05176cb4b20a",
	0,
	0,
	4,
	24,
	66,
	0,
	0,
	0,
	0,
	"ba5eda7a-def5-0000-0000-000000000004",
	"2619f34a-42af-41a4-9acc-055e2b98c228");
INSERT INTO V_LST
	VALUES ("c9dd3cf6-2634-4b6f-ac58-05176cb4b20a",
	'H: confirmEvent: Generating confirm event.');
INSERT INTO V_PAR
	VALUES ("c9dd3cf6-2634-4b6f-ac58-05176cb4b20a",
	"0adfb65a-bbf9-4f44-b625-d608ba36cce2",
	"00000000-0000-0000-0000-000000000000",
	'message',
	"00000000-0000-0000-0000-000000000000",
	4,
	15);
INSERT INTO ACT_BLK
	VALUES ("7851fc0f-74a2-44ab-80d3-ddd87e221bb5",
	0,
	0,
	0,
	'LOG',
	'',
	'',
	7,
	2,
	7,
	2,
	0,
	0,
	0,
	0,
	0,
	0,
	0,
	0,
	0,
	"46b50f71-299c-4ef3-aa4b-5a487ccdc4ed",
	"00000000-0000-0000-0000-000000000000");
INSERT INTO ACT_SMT
	VALUES ("9225eea2-4329-4217-9b01-0dabb04eedc5",
	"7851fc0f-74a2-44ab-80d3-ddd87e221bb5",
	"00000000-0000-0000-0000-000000000000",
	7,
	2,
	'CustomerPort::CustomerInterface::confirmSignal line: 7');
INSERT INTO ACT_BRG
	VALUES ("9225eea2-4329-4217-9b01-0dabb04eedc5",
	"768e1cca-7403-495c-9b22-afd11a473eb6",
	7,
	7,
	7,
	2);
INSERT INTO V_VAL
	VALUES ("c7a14d83-e5dd-4c38-94d7-04bd7668270a",
	0,
	0,
	7,
	24,
	59,
	0,
	0,
	0,
	0,
	"ba5eda7a-def5-0000-0000-000000000004",
	"7851fc0f-74a2-44ab-80d3-ddd87e221bb5");
INSERT INTO V_LST
	VALUES ("c7a14d83-e5dd-4c38-94d7-04bd7668270a",
	'H: confirmEvent: Session not found.');
INSERT INTO V_PAR
	VALUES ("c7a14d83-e5dd-4c38-94d7-04bd7668270a",
	"9225eea2-4329-4217-9b01-0dabb04eedc5",
	"00000000-0000-0000-0000-000000000000",
	'message',
	"00000000-0000-0000-0000-000000000000",
	7,
	15);
INSERT INTO SPR_PEP
	VALUES ("ae34909a-eb30-4d15-b730-c28470c12f2c",
	"b6421df2-c058-463a-8282-eefa32587ce7",
	"45f6ed17-28eb-49b4-b51e-26daf29a0cb3");
INSERT INTO SPR_PS
	VALUES ("ae34909a-eb30-4d15-b730-c28470c12f2c",
	'endOfList',
	'',
	'',
	1);
INSERT INTO ACT_PSB
	VALUES ("948b6823-ef21-4016-b6fc-255df3343253",
	"ae34909a-eb30-4d15-b730-c28470c12f2c");
INSERT INTO ACT_ACT
	VALUES ("948b6823-ef21-4016-b6fc-255df3343253",
	'signal',
	0,
	"0c51de66-1572-4658-9fa2-0de06ba523cf",
	"00000000-0000-0000-0000-000000000000",
	0,
	'CustomerPort::CustomerInterface::endOfList',
	"00000000-0000-0000-0000-000000000000");
INSERT INTO ACT_BLK
	VALUES ("0c51de66-1572-4658-9fa2-0de06ba523cf",
	0,
	0,
	0,
	'',
	'',
	'',
	0,
	0,
	0,
	0,
	0,
	0,
	0,
	0,
	0,
	0,
	0,
	0,
	0,
	"948b6823-ef21-4016-b6fc-255df3343253",
	"00000000-0000-0000-0000-000000000000");
INSERT INTO SPR_PEP
	VALUES ("992e4bb7-56a3-4595-9f21-ea674ddf0832",
	"da9dc9a3-9bf8-4e9e-8d76-0469a00019ef",
	"45f6ed17-28eb-49b4-b51e-26daf29a0cb3");
INSERT INTO SPR_PS
	VALUES ("992e4bb7-56a3-4595-9f21-ea674ddf0832",
	'checkInGuest',
	'',
	'
select any booking from instances of BOOKING where selected.bookingNumber == param.bookingNumber;

if(empty booking)
	send CustomerInterface::checkInReturn(success: false, bookingNumber: param.bookingNumber, message: "no booking found with that number");
else
	select any g related by booking->GUEST[R15] where selected.name==param.name;
	if(empty g)
		send CustomerInterface::checkInReturn(success: false, bookingNumber: param.bookingNumber, message: "could not find guest with name "+param.name);
	else
		g.checkedIn = TIM::current_date();
		
		select many fs related by g->FACILITY[R16];
		for each f in fs
			f.checkedIn = g.checkedIn;
		end for;
		
		send CustomerInterface::checkInReturn(success: true, bookingNumber: param.bookingNumber, message: "success");
		
	end if;
end if;',
	1);
INSERT INTO ACT_PSB
	VALUES ("91724c21-a216-403c-8b4d-6602fb8e70f2",
	"992e4bb7-56a3-4595-9f21-ea674ddf0832");
INSERT INTO ACT_ACT
	VALUES ("91724c21-a216-403c-8b4d-6602fb8e70f2",
	'signal',
	0,
	"9347d8c0-75d0-4381-a46f-ae99fd9011bc",
	"00000000-0000-0000-0000-000000000000",
	0,
	'CustomerPort::CustomerInterface::checkInGuest',
	"00000000-0000-0000-0000-000000000000");
INSERT INTO ACT_BLK
	VALUES ("9347d8c0-75d0-4381-a46f-ae99fd9011bc",
	1,
	0,
	1,
	'',
	'',
	'',
	6,
	1,
	2,
	38,
	0,
	0,
	0,
	0,
	0,
	0,
	0,
	0,
	0,
	"91724c21-a216-403c-8b4d-6602fb8e70f2",
	"00000000-0000-0000-0000-000000000000");
INSERT INTO ACT_SMT
	VALUES ("5a7ca94d-cf38-44a3-b9c8-369ea1e7ba2c",
	"9347d8c0-75d0-4381-a46f-ae99fd9011bc",
	"30f5c758-cbca-4025-8ac0-a535f76d6227",
	2,
	1,
	'CustomerPort::CustomerInterface::checkInGuest line: 2');
INSERT INTO ACT_FIW
	VALUES ("5a7ca94d-cf38-44a3-b9c8-369ea1e7ba2c",
	"3513725b-129e-4f93-b749-54d6199f4b0a",
	1,
	'any',
	"5471ec02-cb3c-4ba3-b263-911767b46be0",
	"9a41fe9e-f547-4cde-b68d-f7db43c904dc",
	2,
	38);
INSERT INTO ACT_SMT
	VALUES ("30f5c758-cbca-4025-8ac0-a535f76d6227",
	"9347d8c0-75d0-4381-a46f-ae99fd9011bc",
	"00000000-0000-0000-0000-000000000000",
	4,
	1,
	'CustomerPort::CustomerInterface::checkInGuest line: 4');
INSERT INTO ACT_IF
	VALUES ("30f5c758-cbca-4025-8ac0-a535f76d6227",
	"5d114be3-49ea-4ecd-b599-cf9a2fcfd410",
	"11fa5edb-bb62-4dfd-abab-04a5b341f76e",
	"00000000-0000-0000-0000-000000000000",
	"00000000-0000-0000-0000-000000000000");
INSERT INTO ACT_SMT
	VALUES ("6409b1ac-bf6c-4c78-8d26-bafe1dbfd208",
	"9347d8c0-75d0-4381-a46f-ae99fd9011bc",
	"00000000-0000-0000-0000-000000000000",
	6,
	1,
	'CustomerPort::CustomerInterface::checkInGuest line: 6');
INSERT INTO ACT_E
	VALUES ("6409b1ac-bf6c-4c78-8d26-bafe1dbfd208",
	"26230d3c-91db-462b-9b87-2dde51ff35fd",
	"30f5c758-cbca-4025-8ac0-a535f76d6227");
INSERT INTO V_VAL
	VALUES ("78ee92e5-b804-44ba-ab5e-a208e8d700c0",
	0,
	0,
	2,
	52,
	-1,
	0,
	0,
	0,
	0,
	"ba5eda7a-def5-0000-0000-000000000008",
	"9347d8c0-75d0-4381-a46f-ae99fd9011bc");
INSERT INTO V_SLR
	VALUES ("78ee92e5-b804-44ba-ab5e-a208e8d700c0",
	"00000000-0000-0000-0000-000000000000",
	"00000000-0000-0000-0000-000000000000",
	"00000000-0000-0000-0000-000000000000");
INSERT INTO V_VAL
	VALUES ("ff9009d1-036a-4c7b-bf3d-24647b0eecb7",
	0,
	0,
	2,
	61,
	73,
	0,
	0,
	0,
	0,
	"ba5eda7a-def5-0000-0000-000000000005",
	"9347d8c0-75d0-4381-a46f-ae99fd9011bc");
INSERT INTO V_AVL
	VALUES ("ff9009d1-036a-4c7b-bf3d-24647b0eecb7",
	"78ee92e5-b804-44ba-ab5e-a208e8d700c0",
	"9a41fe9e-f547-4cde-b68d-f7db43c904dc",
	"de30d967-1c94-45a4-8e5f-b18dc80d1e04");
INSERT INTO V_VAL
	VALUES ("5471ec02-cb3c-4ba3-b263-911767b46be0",
	0,
	0,
	-1,
	-1,
	-1,
	0,
	0,
	0,
	0,
	"ba5eda7a-def5-0000-0000-000000000001",
	"9347d8c0-75d0-4381-a46f-ae99fd9011bc");
INSERT INTO V_BIN
	VALUES ("5471ec02-cb3c-4ba3-b263-911767b46be0",
	"fc204303-7f8f-456c-a239-2c296ff6830a",
	"ff9009d1-036a-4c7b-bf3d-24647b0eecb7",
	'==');
INSERT INTO V_VAL
	VALUES ("fc204303-7f8f-456c-a239-2c296ff6830a",
	0,
	0,
	2,
	84,
	96,
	0,
	0,
	0,
	0,
	"ba5eda7a-def5-0000-0000-000000000005",
	"9347d8c0-75d0-4381-a46f-ae99fd9011bc");
INSERT INTO V_PVL
	VALUES ("fc204303-7f8f-456c-a239-2c296ff6830a",
	"00000000-0000-0000-0000-000000000000",
	"00000000-0000-0000-0000-000000000000",
	"00000000-0000-0000-0000-000000000000",
	"325866d1-7daa-466e-84d1-e7a3f9920766");
INSERT INTO V_VAL
	VALUES ("2a7375c3-c264-477c-adf0-4d00465f9f16",
	0,
	0,
	4,
	10,
	16,
	0,
	0,
	0,
	0,
	"433f7688-7b95-4f9c-89f1-cf076d691ab7",
	"9347d8c0-75d0-4381-a46f-ae99fd9011bc");
INSERT INTO V_IRF
	VALUES ("2a7375c3-c264-477c-adf0-4d00465f9f16",
	"3513725b-129e-4f93-b749-54d6199f4b0a");
INSERT INTO V_VAL
	VALUES ("11fa5edb-bb62-4dfd-abab-04a5b341f76e",
	0,
	0,
	-1,
	-1,
	-1,
	0,
	0,
	0,
	0,
	"ba5eda7a-def5-0000-0000-000000000001",
	"9347d8c0-75d0-4381-a46f-ae99fd9011bc");
INSERT INTO V_UNY
	VALUES ("11fa5edb-bb62-4dfd-abab-04a5b341f76e",
	"2a7375c3-c264-477c-adf0-4d00465f9f16",
	'empty');
INSERT INTO V_VAR
	VALUES ("3513725b-129e-4f93-b749-54d6199f4b0a",
	"9347d8c0-75d0-4381-a46f-ae99fd9011bc",
	'booking',
	1,
	"433f7688-7b95-4f9c-89f1-cf076d691ab7");
INSERT INTO V_INT
	VALUES ("3513725b-129e-4f93-b749-54d6199f4b0a",
	0,
	"9a41fe9e-f547-4cde-b68d-f7db43c904dc");
INSERT INTO V_LOC
	VALUES ("2e9344a0-5af3-4acd-a09d-083836d20991",
	2,
	12,
	18,
	"3513725b-129e-4f93-b749-54d6199f4b0a");
INSERT INTO ACT_BLK
	VALUES ("5d114be3-49ea-4ecd-b599-cf9a2fcfd410",
	0,
	0,
	0,
	'CustomerInterface',
	'',
	'',
	5,
	2,
	5,
	7,
	0,
	0,
	0,
	0,
	0,
	0,
	0,
	0,
	0,
	"91724c21-a216-403c-8b4d-6602fb8e70f2",
	"00000000-0000-0000-0000-000000000000");
INSERT INTO ACT_SMT
	VALUES ("0339f2a4-7146-424f-9f0f-47cd299b869d",
	"5d114be3-49ea-4ecd-b599-cf9a2fcfd410",
	"00000000-0000-0000-0000-000000000000",
	5,
	2,
	'CustomerPort::CustomerInterface::checkInGuest line: 5');
INSERT INTO ACT_SGN
	VALUES ("0339f2a4-7146-424f-9f0f-47cd299b869d",
	5,
	26,
	5,
	7,
	"553a7000-b47f-44e0-922e-6c1db19bff9a",
	"00000000-0000-0000-0000-000000000000",
	"00000000-0000-0000-0000-000000000000");
INSERT INTO V_VAL
	VALUES ("59b7810c-d8f2-4fc7-975d-a23c399f9b5b",
	0,
	0,
	-1,
	-1,
	-1,
	0,
	0,
	0,
	0,
	"ba5eda7a-def5-0000-0000-000000000001",
	"5d114be3-49ea-4ecd-b599-cf9a2fcfd410");
INSERT INTO V_LBO
	VALUES ("59b7810c-d8f2-4fc7-975d-a23c399f9b5b",
	'FALSE');
INSERT INTO V_PAR
	VALUES ("59b7810c-d8f2-4fc7-975d-a23c399f9b5b",
	"0339f2a4-7146-424f-9f0f-47cd299b869d",
	"00000000-0000-0000-0000-000000000000",
	'success',
	"135bbd31-1f4f-42df-8159-e6f38ee964f2",
	5,
	40);
INSERT INTO V_VAL
	VALUES ("135bbd31-1f4f-42df-8159-e6f38ee964f2",
	0,
	0,
	5,
	77,
	89,
	0,
	0,
	0,
	0,
	"ba5eda7a-def5-0000-0000-000000000005",
	"5d114be3-49ea-4ecd-b599-cf9a2fcfd410");
INSERT INTO V_PVL
	VALUES ("135bbd31-1f4f-42df-8159-e6f38ee964f2",
	"00000000-0000-0000-0000-000000000000",
	"00000000-0000-0000-0000-000000000000",
	"00000000-0000-0000-0000-000000000000",
	"325866d1-7daa-466e-84d1-e7a3f9920766");
INSERT INTO V_PAR
	VALUES ("135bbd31-1f4f-42df-8159-e6f38ee964f2",
	"0339f2a4-7146-424f-9f0f-47cd299b869d",
	"00000000-0000-0000-0000-000000000000",
	'bookingNumber',
	"7a7c3304-e879-4265-b351-f02cf70d04ee",
	5,
	56);
INSERT INTO V_VAL
	VALUES ("7a7c3304-e879-4265-b351-f02cf70d04ee",
	0,
	0,
	5,
	101,
	134,
	0,
	0,
	0,
	0,
	"ba5eda7a-def5-0000-0000-000000000004",
	"5d114be3-49ea-4ecd-b599-cf9a2fcfd410");
INSERT INTO V_LST
	VALUES ("7a7c3304-e879-4265-b351-f02cf70d04ee",
	'no booking found with that number');
INSERT INTO V_PAR
	VALUES ("7a7c3304-e879-4265-b351-f02cf70d04ee",
	"0339f2a4-7146-424f-9f0f-47cd299b869d",
	"00000000-0000-0000-0000-000000000000",
	'message',
	"00000000-0000-0000-0000-000000000000",
	5,
	92);
INSERT INTO ACT_BLK
	VALUES ("26230d3c-91db-462b-9b87-2dde51ff35fd",
	1,
	0,
	1,
	'',
	'',
	'',
	10,
	2,
	7,
	35,
	0,
	0,
	7,
	41,
	0,
	0,
	0,
	0,
	0,
	"91724c21-a216-403c-8b4d-6602fb8e70f2",
	"00000000-0000-0000-0000-000000000000");
INSERT INTO ACT_SMT
	VALUES ("fc5cc2a4-b508-4504-b24a-3f1158c4c5a4",
	"26230d3c-91db-462b-9b87-2dde51ff35fd",
	"ab380c63-dc33-4428-87ee-8b39243c2844",
	7,
	2,
	'CustomerPort::CustomerInterface::checkInGuest line: 7');
INSERT INTO ACT_SEL
	VALUES ("fc5cc2a4-b508-4504-b24a-3f1158c4c5a4",
	"c50db1e8-1349-4e2c-bedb-280b58432987",
	1,
	'any',
	"e0002099-8730-4f32-bd8d-fda780427521");
INSERT INTO ACT_SRW
	VALUES ("fc5cc2a4-b508-4504-b24a-3f1158c4c5a4",
	"f054d1b7-6829-4761-89f3-2fa9c394ec14");
INSERT INTO ACT_LNK
	VALUES ("571e613f-848d-4286-869d-8c8a241938e5",
	'',
	"fc5cc2a4-b508-4504-b24a-3f1158c4c5a4",
	"04439075-ebac-4bb8-8ccd-793e4071228c",
	"00000000-0000-0000-0000-000000000000",
	3,
	"9309978f-bd81-4f9f-96e9-b124c945fbf1",
	7,
	35,
	7,
	41,
	0,
	0);
INSERT INTO ACT_SMT
	VALUES ("ab380c63-dc33-4428-87ee-8b39243c2844",
	"26230d3c-91db-462b-9b87-2dde51ff35fd",
	"00000000-0000-0000-0000-000000000000",
	8,
	2,
	'CustomerPort::CustomerInterface::checkInGuest line: 8');
INSERT INTO ACT_IF
	VALUES ("ab380c63-dc33-4428-87ee-8b39243c2844",
	"fb0e8e09-71ce-4e36-92e4-e7b3ef956a33",
	"444377cb-0a3e-4ea0-990a-c2b739d50479",
	"00000000-0000-0000-0000-000000000000",
	"00000000-0000-0000-0000-000000000000");
INSERT INTO ACT_SMT
	VALUES ("c2652525-91b9-47cd-9a3a-2152126d1ed8",
	"26230d3c-91db-462b-9b87-2dde51ff35fd",
	"00000000-0000-0000-0000-000000000000",
	10,
	2,
	'CustomerPort::CustomerInterface::checkInGuest line: 10');
INSERT INTO ACT_E
	VALUES ("c2652525-91b9-47cd-9a3a-2152126d1ed8",
	"5f5c04bf-713a-4727-9e6e-c4765e4b9e0a",
	"ab380c63-dc33-4428-87ee-8b39243c2844");
INSERT INTO V_VAL
	VALUES ("e0002099-8730-4f32-bd8d-fda780427521",
	0,
	0,
	7,
	26,
	32,
	0,
	0,
	0,
	0,
	"433f7688-7b95-4f9c-89f1-cf076d691ab7",
	"26230d3c-91db-462b-9b87-2dde51ff35fd");
INSERT INTO V_IRF
	VALUES ("e0002099-8730-4f32-bd8d-fda780427521",
	"3513725b-129e-4f93-b749-54d6199f4b0a");
INSERT INTO V_VAL
	VALUES ("f7b0d0d1-b8b1-4082-a6e8-feaa14959431",
	0,
	0,
	7,
	52,
	-1,
	0,
	0,
	0,
	0,
	"ba5eda7a-def5-0000-0000-000000000008",
	"26230d3c-91db-462b-9b87-2dde51ff35fd");
INSERT INTO V_SLR
	VALUES ("f7b0d0d1-b8b1-4082-a6e8-feaa14959431",
	"00000000-0000-0000-0000-000000000000",
	"00000000-0000-0000-0000-000000000000",
	"00000000-0000-0000-0000-000000000000");
INSERT INTO V_VAL
	VALUES ("4c3fe130-3ecb-4ef6-828b-1df602cb5500",
	0,
	0,
	7,
	61,
	64,
	0,
	0,
	0,
	0,
	"ba5eda7a-def5-0000-0000-000000000004",
	"26230d3c-91db-462b-9b87-2dde51ff35fd");
INSERT INTO V_AVL
	VALUES ("4c3fe130-3ecb-4ef6-828b-1df602cb5500",
	"f7b0d0d1-b8b1-4082-a6e8-feaa14959431",
	"9309978f-bd81-4f9f-96e9-b124c945fbf1",
	"36028530-8e9f-4cac-9d21-dc774eb26d1a");
INSERT INTO V_VAL
	VALUES ("f054d1b7-6829-4761-89f3-2fa9c394ec14",
	0,
	0,
	-1,
	-1,
	-1,
	0,
	0,
	0,
	0,
	"ba5eda7a-def5-0000-0000-000000000001",
	"26230d3c-91db-462b-9b87-2dde51ff35fd");
INSERT INTO V_BIN
	VALUES ("f054d1b7-6829-4761-89f3-2fa9c394ec14",
	"0b5b73e4-8496-46dd-aa30-e1b6541c8b68",
	"4c3fe130-3ecb-4ef6-828b-1df602cb5500",
	'==');
INSERT INTO V_VAL
	VALUES ("0b5b73e4-8496-46dd-aa30-e1b6541c8b68",
	0,
	0,
	7,
	73,
	76,
	0,
	0,
	0,
	0,
	"ba5eda7a-def5-0000-0000-000000000004",
	"26230d3c-91db-462b-9b87-2dde51ff35fd");
INSERT INTO V_PVL
	VALUES ("0b5b73e4-8496-46dd-aa30-e1b6541c8b68",
	"00000000-0000-0000-0000-000000000000",
	"00000000-0000-0000-0000-000000000000",
	"00000000-0000-0000-0000-000000000000",
	"581f6b8c-1d3b-4e04-b7f8-ed71e76de333");
INSERT INTO V_VAL
	VALUES ("4dd86ba5-27de-4ee9-a974-ada24c60aa3a",
	0,
	0,
	8,
	11,
	11,
	0,
	0,
	0,
	0,
	"ba5eda7a-def5-0000-0000-000000000008",
	"26230d3c-91db-462b-9b87-2dde51ff35fd");
INSERT INTO V_IRF
	VALUES ("4dd86ba5-27de-4ee9-a974-ada24c60aa3a",
	"c50db1e8-1349-4e2c-bedb-280b58432987");
INSERT INTO V_VAL
	VALUES ("444377cb-0a3e-4ea0-990a-c2b739d50479",
	0,
	0,
	-1,
	-1,
	-1,
	0,
	0,
	0,
	0,
	"ba5eda7a-def5-0000-0000-000000000001",
	"26230d3c-91db-462b-9b87-2dde51ff35fd");
INSERT INTO V_UNY
	VALUES ("444377cb-0a3e-4ea0-990a-c2b739d50479",
	"4dd86ba5-27de-4ee9-a974-ada24c60aa3a",
	'empty');
INSERT INTO V_VAR
	VALUES ("c50db1e8-1349-4e2c-bedb-280b58432987",
	"26230d3c-91db-462b-9b87-2dde51ff35fd",
	'g',
	1,
	"ba5eda7a-def5-0000-0000-000000000008");
INSERT INTO V_INT
	VALUES ("c50db1e8-1349-4e2c-bedb-280b58432987",
	0,
	"9309978f-bd81-4f9f-96e9-b124c945fbf1");
INSERT INTO V_LOC
	VALUES ("21a3e6e2-3bc4-4b09-8f57-dd5b6a65d713",
	7,
	13,
	13,
	"c50db1e8-1349-4e2c-bedb-280b58432987");
INSERT INTO V_LOC
	VALUES ("fa1c6d8f-6776-42bd-b0ff-4a88cc04f5b2",
	11,
	3,
	3,
	"c50db1e8-1349-4e2c-bedb-280b58432987");
INSERT INTO V_LOC
	VALUES ("1902c611-9d3e-4648-9a01-00d7c318a7c2",
	15,
	18,
	18,
	"c50db1e8-1349-4e2c-bedb-280b58432987");
INSERT INTO ACT_BLK
	VALUES ("fb0e8e09-71ce-4e36-92e4-e7b3ef956a33",
	0,
	0,
	0,
	'CustomerInterface',
	'',
	'',
	9,
	3,
	9,
	8,
	0,
	0,
	0,
	0,
	0,
	0,
	0,
	0,
	0,
	"91724c21-a216-403c-8b4d-6602fb8e70f2",
	"00000000-0000-0000-0000-000000000000");
INSERT INTO ACT_SMT
	VALUES ("2acfc2ef-c4be-4f4f-9636-28734f38eee8",
	"fb0e8e09-71ce-4e36-92e4-e7b3ef956a33",
	"00000000-0000-0000-0000-000000000000",
	9,
	3,
	'CustomerPort::CustomerInterface::checkInGuest line: 9');
INSERT INTO ACT_SGN
	VALUES ("2acfc2ef-c4be-4f4f-9636-28734f38eee8",
	9,
	27,
	9,
	8,
	"553a7000-b47f-44e0-922e-6c1db19bff9a",
	"00000000-0000-0000-0000-000000000000",
	"00000000-0000-0000-0000-000000000000");
INSERT INTO V_VAL
	VALUES ("58097cd6-6077-4b47-815a-f76763e188ed",
	0,
	0,
	-1,
	-1,
	-1,
	0,
	0,
	0,
	0,
	"ba5eda7a-def5-0000-0000-000000000001",
	"fb0e8e09-71ce-4e36-92e4-e7b3ef956a33");
INSERT INTO V_LBO
	VALUES ("58097cd6-6077-4b47-815a-f76763e188ed",
	'FALSE');
INSERT INTO V_PAR
	VALUES ("58097cd6-6077-4b47-815a-f76763e188ed",
	"2acfc2ef-c4be-4f4f-9636-28734f38eee8",
	"00000000-0000-0000-0000-000000000000",
	'success',
	"ef7bb34d-488d-447d-ba10-1e2fea502cbd",
	9,
	41);
INSERT INTO V_VAL
	VALUES ("ef7bb34d-488d-447d-ba10-1e2fea502cbd",
	0,
	0,
	9,
	78,
	90,
	0,
	0,
	0,
	0,
	"ba5eda7a-def5-0000-0000-000000000005",
	"fb0e8e09-71ce-4e36-92e4-e7b3ef956a33");
INSERT INTO V_PVL
	VALUES ("ef7bb34d-488d-447d-ba10-1e2fea502cbd",
	"00000000-0000-0000-0000-000000000000",
	"00000000-0000-0000-0000-000000000000",
	"00000000-0000-0000-0000-000000000000",
	"325866d1-7daa-466e-84d1-e7a3f9920766");
INSERT INTO V_PAR
	VALUES ("ef7bb34d-488d-447d-ba10-1e2fea502cbd",
	"2acfc2ef-c4be-4f4f-9636-28734f38eee8",
	"00000000-0000-0000-0000-000000000000",
	'bookingNumber',
	"f9104234-99cd-4f3c-a001-da19ab69592d",
	9,
	57);
INSERT INTO V_VAL
	VALUES ("fb2e0f05-a86c-4684-a652-4ef90e7e4619",
	0,
	0,
	9,
	102,
	133,
	0,
	0,
	0,
	0,
	"ba5eda7a-def5-0000-0000-000000000004",
	"fb0e8e09-71ce-4e36-92e4-e7b3ef956a33");
INSERT INTO V_LST
	VALUES ("fb2e0f05-a86c-4684-a652-4ef90e7e4619",
	'could not find guest with name ');
INSERT INTO V_VAL
	VALUES ("f9104234-99cd-4f3c-a001-da19ab69592d",
	0,
	0,
	-1,
	-1,
	-1,
	0,
	0,
	0,
	0,
	"ba5eda7a-def5-0000-0000-000000000004",
	"fb0e8e09-71ce-4e36-92e4-e7b3ef956a33");
INSERT INTO V_BIN
	VALUES ("f9104234-99cd-4f3c-a001-da19ab69592d",
	"d8c4617f-702f-4abe-a10a-47b6128f2e5d",
	"fb2e0f05-a86c-4684-a652-4ef90e7e4619",
	'+');
INSERT INTO V_PAR
	VALUES ("f9104234-99cd-4f3c-a001-da19ab69592d",
	"2acfc2ef-c4be-4f4f-9636-28734f38eee8",
	"00000000-0000-0000-0000-000000000000",
	'message',
	"00000000-0000-0000-0000-000000000000",
	9,
	93);
INSERT INTO V_VAL
	VALUES ("d8c4617f-702f-4abe-a10a-47b6128f2e5d",
	0,
	0,
	9,
	142,
	145,
	0,
	0,
	0,
	0,
	"ba5eda7a-def5-0000-0000-000000000004",
	"fb0e8e09-71ce-4e36-92e4-e7b3ef956a33");
INSERT INTO V_PVL
	VALUES ("d8c4617f-702f-4abe-a10a-47b6128f2e5d",
	"00000000-0000-0000-0000-000000000000",
	"00000000-0000-0000-0000-000000000000",
	"00000000-0000-0000-0000-000000000000",
	"581f6b8c-1d3b-4e04-b7f8-ed71e76de333");
INSERT INTO ACT_BLK
	VALUES ("5f5c04bf-713a-4727-9e6e-c4765e4b9e0a",
	1,
	0,
	0,
	'CustomerInterface',
	'',
	'',
	18,
	3,
	18,
	8,
	0,
	0,
	13,
	41,
	0,
	0,
	0,
	0,
	0,
	"91724c21-a216-403c-8b4d-6602fb8e70f2",
	"00000000-0000-0000-0000-000000000000");
INSERT INTO ACT_SMT
	VALUES ("8f1aa808-e6ad-452e-895f-c7ad5d768667",
	"5f5c04bf-713a-4727-9e6e-c4765e4b9e0a",
	"c56108f6-9fa5-46f3-8401-6ef52e81fcd9",
	11,
	3,
	'CustomerPort::CustomerInterface::checkInGuest line: 11');
INSERT INTO ACT_AI
	VALUES ("8f1aa808-e6ad-452e-895f-c7ad5d768667",
	"45d2345c-d66a-4a64-ad58-0d0aab6c97dc",
	"f9b97a51-38ea-4f79-b664-beda1633c922",
	0,
	0);
INSERT INTO ACT_SMT
	VALUES ("c56108f6-9fa5-46f3-8401-6ef52e81fcd9",
	"5f5c04bf-713a-4727-9e6e-c4765e4b9e0a",
	"0f25cb1b-b5a5-4150-923d-ed00ca49e353",
	13,
	3,
	'CustomerPort::CustomerInterface::checkInGuest line: 13');
INSERT INTO ACT_SEL
	VALUES ("c56108f6-9fa5-46f3-8401-6ef52e81fcd9",
	"2e17020a-801c-46da-8b02-7bb43a9c5add",
	1,
	'many',
	"b2f38cc2-b275-4a23-9466-fa1c6f4e4301");
INSERT INTO ACT_SR
	VALUES ("c56108f6-9fa5-46f3-8401-6ef52e81fcd9");
INSERT INTO ACT_LNK
	VALUES ("1766dc15-09e5-482b-a95b-fc83543ad997",
	'',
	"c56108f6-9fa5-46f3-8401-6ef52e81fcd9",
	"52b0eaa5-a352-460e-8eff-763b9460a089",
	"00000000-0000-0000-0000-000000000000",
	3,
	"4b839513-bd70-4d73-85ed-c06b10ee091a",
	13,
	32,
	13,
	41,
	0,
	0);
INSERT INTO ACT_SMT
	VALUES ("0f25cb1b-b5a5-4150-923d-ed00ca49e353",
	"5f5c04bf-713a-4727-9e6e-c4765e4b9e0a",
	"8e41755c-928c-44d6-b2e1-70b2af7c8cbb",
	14,
	3,
	'CustomerPort::CustomerInterface::checkInGuest line: 14');
INSERT INTO ACT_FOR
	VALUES ("0f25cb1b-b5a5-4150-923d-ed00ca49e353",
	"4697e2e9-2ef9-4252-8b50-44b040fcecf9",
	1,
	"e2212653-8ba8-40a8-bd60-f5bec508c3aa",
	"2e17020a-801c-46da-8b02-7bb43a9c5add",
	"4b839513-bd70-4d73-85ed-c06b10ee091a");
INSERT INTO ACT_SMT
	VALUES ("8e41755c-928c-44d6-b2e1-70b2af7c8cbb",
	"5f5c04bf-713a-4727-9e6e-c4765e4b9e0a",
	"00000000-0000-0000-0000-000000000000",
	18,
	3,
	'CustomerPort::CustomerInterface::checkInGuest line: 18');
INSERT INTO ACT_SGN
	VALUES ("8e41755c-928c-44d6-b2e1-70b2af7c8cbb",
	18,
	27,
	18,
	8,
	"553a7000-b47f-44e0-922e-6c1db19bff9a",
	"00000000-0000-0000-0000-000000000000",
	"00000000-0000-0000-0000-000000000000");
INSERT INTO V_VAL
	VALUES ("4f5ff570-a886-44b7-a653-3340f2f2d647",
	1,
	0,
	11,
	3,
	3,
	0,
	0,
	0,
	0,
	"ba5eda7a-def5-0000-0000-000000000008",
	"5f5c04bf-713a-4727-9e6e-c4765e4b9e0a");
INSERT INTO V_IRF
	VALUES ("4f5ff570-a886-44b7-a653-3340f2f2d647",
	"c50db1e8-1349-4e2c-bedb-280b58432987");
INSERT INTO V_VAL
	VALUES ("f9b97a51-38ea-4f79-b664-beda1633c922",
	1,
	0,
	11,
	5,
	13,
	0,
	0,
	0,
	0,
	"ba5eda7a-def5-0000-0000-000000000010",
	"5f5c04bf-713a-4727-9e6e-c4765e4b9e0a");
INSERT INTO V_AVL
	VALUES ("f9b97a51-38ea-4f79-b664-beda1633c922",
	"4f5ff570-a886-44b7-a653-3340f2f2d647",
	"9309978f-bd81-4f9f-96e9-b124c945fbf1",
	"999973f9-f86f-464b-89b6-b6047a3c5b15");
INSERT INTO V_VAL
	VALUES ("45d2345c-d66a-4a64-ad58-0d0aab6c97dc",
	0,
	0,
	11,
	22,
	-1,
	0,
	0,
	0,
	0,
	"ba5eda7a-def5-0000-0000-00000000000e",
	"5f5c04bf-713a-4727-9e6e-c4765e4b9e0a");
INSERT INTO V_BRV
	VALUES ("45d2345c-d66a-4a64-ad58-0d0aab6c97dc",
	"b43ca519-9342-4581-9be9-ff6444d8faf5",
	1,
	11,
	17);
INSERT INTO V_VAL
	VALUES ("b2f38cc2-b275-4a23-9466-fa1c6f4e4301",
	0,
	0,
	13,
	29,
	29,
	0,
	0,
	0,
	0,
	"ba5eda7a-def5-0000-0000-000000000008",
	"5f5c04bf-713a-4727-9e6e-c4765e4b9e0a");
INSERT INTO V_IRF
	VALUES ("b2f38cc2-b275-4a23-9466-fa1c6f4e4301",
	"c50db1e8-1349-4e2c-bedb-280b58432987");
INSERT INTO V_VAL
	VALUES ("dc051c0e-a4d9-4382-99d5-dcd154cbdcaf",
	0,
	0,
	-1,
	-1,
	-1,
	0,
	0,
	0,
	0,
	"ba5eda7a-def5-0000-0000-000000000001",
	"5f5c04bf-713a-4727-9e6e-c4765e4b9e0a");
INSERT INTO V_LBO
	VALUES ("dc051c0e-a4d9-4382-99d5-dcd154cbdcaf",
	'TRUE');
INSERT INTO V_PAR
	VALUES ("dc051c0e-a4d9-4382-99d5-dcd154cbdcaf",
	"8e41755c-928c-44d6-b2e1-70b2af7c8cbb",
	"00000000-0000-0000-0000-000000000000",
	'success',
	"73a8727a-1bfe-4428-aaac-131a6c7deb9b",
	18,
	41);
INSERT INTO V_VAL
	VALUES ("73a8727a-1bfe-4428-aaac-131a6c7deb9b",
	0,
	0,
	18,
	77,
	89,
	0,
	0,
	0,
	0,
	"ba5eda7a-def5-0000-0000-000000000005",
	"5f5c04bf-713a-4727-9e6e-c4765e4b9e0a");
INSERT INTO V_PVL
	VALUES ("73a8727a-1bfe-4428-aaac-131a6c7deb9b",
	"00000000-0000-0000-0000-000000000000",
	"00000000-0000-0000-0000-000000000000",
	"00000000-0000-0000-0000-000000000000",
	"325866d1-7daa-466e-84d1-e7a3f9920766");
INSERT INTO V_PAR
	VALUES ("73a8727a-1bfe-4428-aaac-131a6c7deb9b",
	"8e41755c-928c-44d6-b2e1-70b2af7c8cbb",
	"00000000-0000-0000-0000-000000000000",
	'bookingNumber',
	"b9816f32-6237-44a2-a766-8bcab9e8d374",
	18,
	56);
INSERT INTO V_VAL
	VALUES ("b9816f32-6237-44a2-a766-8bcab9e8d374",
	0,
	0,
	18,
	101,
	108,
	0,
	0,
	0,
	0,
	"ba5eda7a-def5-0000-0000-000000000004",
	"5f5c04bf-713a-4727-9e6e-c4765e4b9e0a");
INSERT INTO V_LST
	VALUES ("b9816f32-6237-44a2-a766-8bcab9e8d374",
	'success');
INSERT INTO V_PAR
	VALUES ("b9816f32-6237-44a2-a766-8bcab9e8d374",
	"8e41755c-928c-44d6-b2e1-70b2af7c8cbb",
	"00000000-0000-0000-0000-000000000000",
	'message',
	"00000000-0000-0000-0000-000000000000",
	18,
	92);
INSERT INTO V_VAR
	VALUES ("2e17020a-801c-46da-8b02-7bb43a9c5add",
	"5f5c04bf-713a-4727-9e6e-c4765e4b9e0a",
	'fs',
	1,
	"6557ebe6-ab9f-4355-8439-aba9a82c7dd3");
INSERT INTO V_INS
	VALUES ("2e17020a-801c-46da-8b02-7bb43a9c5add",
	"4b839513-bd70-4d73-85ed-c06b10ee091a");
INSERT INTO V_LOC
	VALUES ("7553730f-045c-49c9-91ba-a16d20ca84df",
	13,
	15,
	16,
	"2e17020a-801c-46da-8b02-7bb43a9c5add");
INSERT INTO V_LOC
	VALUES ("1f857e71-20f3-41ed-b164-335eff0eed33",
	14,
	17,
	18,
	"2e17020a-801c-46da-8b02-7bb43a9c5add");
INSERT INTO V_VAR
	VALUES ("e2212653-8ba8-40a8-bd60-f5bec508c3aa",
	"5f5c04bf-713a-4727-9e6e-c4765e4b9e0a",
	'f',
	1,
	"bd43dc09-3be2-4ae8-806d-bedb08b1e03c");
INSERT INTO V_INT
	VALUES ("e2212653-8ba8-40a8-bd60-f5bec508c3aa",
	1,
	"4b839513-bd70-4d73-85ed-c06b10ee091a");
INSERT INTO V_LOC
	VALUES ("024c4a5e-e804-47c6-a1d4-543bbbfb8b08",
	14,
	12,
	12,
	"e2212653-8ba8-40a8-bd60-f5bec508c3aa");
INSERT INTO V_LOC
	VALUES ("8faa7a35-71c5-497b-8daf-112740f37806",
	15,
	4,
	4,
	"e2212653-8ba8-40a8-bd60-f5bec508c3aa");
INSERT INTO ACT_BLK
	VALUES ("4697e2e9-2ef9-4252-8b50-44b040fcecf9",
	0,
	0,
	0,
	'',
	'',
	'',
	15,
	4,
	0,
	0,
	0,
	0,
	0,
	0,
	0,
	0,
	0,
	0,
	0,
	"91724c21-a216-403c-8b4d-6602fb8e70f2",
	"00000000-0000-0000-0000-000000000000");
INSERT INTO ACT_SMT
	VALUES ("55c36d95-d739-46b0-b07a-314a33e2ca7c",
	"4697e2e9-2ef9-4252-8b50-44b040fcecf9",
	"00000000-0000-0000-0000-000000000000",
	15,
	4,
	'CustomerPort::CustomerInterface::checkInGuest line: 15');
INSERT INTO ACT_AI
	VALUES ("55c36d95-d739-46b0-b07a-314a33e2ca7c",
	"dc13d676-09f3-42f6-a053-b730b1c8fd0f",
	"68124f45-1dfa-44de-a95a-ed321b1921a2",
	0,
	0);
INSERT INTO V_VAL
	VALUES ("4ef8918f-1be4-40aa-92eb-8f2dcf1c6648",
	1,
	0,
	15,
	4,
	4,
	0,
	0,
	0,
	0,
	"bd43dc09-3be2-4ae8-806d-bedb08b1e03c",
	"4697e2e9-2ef9-4252-8b50-44b040fcecf9");
INSERT INTO V_IRF
	VALUES ("4ef8918f-1be4-40aa-92eb-8f2dcf1c6648",
	"e2212653-8ba8-40a8-bd60-f5bec508c3aa");
INSERT INTO V_VAL
	VALUES ("68124f45-1dfa-44de-a95a-ed321b1921a2",
	1,
	0,
	15,
	6,
	14,
	0,
	0,
	0,
	0,
	"ba5eda7a-def5-0000-0000-000000000010",
	"4697e2e9-2ef9-4252-8b50-44b040fcecf9");
INSERT INTO V_AVL
	VALUES ("68124f45-1dfa-44de-a95a-ed321b1921a2",
	"4ef8918f-1be4-40aa-92eb-8f2dcf1c6648",
	"4b839513-bd70-4d73-85ed-c06b10ee091a",
	"c291b39a-a3ce-4de8-94c2-657b168ceedd");
INSERT INTO V_VAL
	VALUES ("0e800a66-b658-4410-a1b8-1e8e36fa4197",
	0,
	0,
	15,
	18,
	18,
	0,
	0,
	0,
	0,
	"ba5eda7a-def5-0000-0000-000000000008",
	"4697e2e9-2ef9-4252-8b50-44b040fcecf9");
INSERT INTO V_IRF
	VALUES ("0e800a66-b658-4410-a1b8-1e8e36fa4197",
	"c50db1e8-1349-4e2c-bedb-280b58432987");
INSERT INTO V_VAL
	VALUES ("dc13d676-09f3-42f6-a053-b730b1c8fd0f",
	0,
	0,
	15,
	20,
	28,
	0,
	0,
	0,
	0,
	"ba5eda7a-def5-0000-0000-000000000010",
	"4697e2e9-2ef9-4252-8b50-44b040fcecf9");
INSERT INTO V_AVL
	VALUES ("dc13d676-09f3-42f6-a053-b730b1c8fd0f",
	"0e800a66-b658-4410-a1b8-1e8e36fa4197",
	"9309978f-bd81-4f9f-96e9-b124c945fbf1",
	"999973f9-f86f-464b-89b6-b6047a3c5b15");
INSERT INTO SPR_PEP
	VALUES ("ed293131-e8e4-43ef-be8f-e13aa67ce7ca",
	"895459b4-8cad-487c-ac02-41f7392c1417",
	"45f6ed17-28eb-49b4-b51e-26daf29a0cb3");
INSERT INTO SPR_PS
	VALUES ("ed293131-e8e4-43ef-be8f-e13aa67ce7ca",
	'checkOutGuest',
	'',
	'
select any booking from instances of BOOKING where (selected.bookingNumber == param.bookingNumber);

if(empty booking)
	send CustomerInterface::checkOutReturn(bookingNumber: param.bookingNumber, success:false, message: "could not find booking");
else
	select any guest related by booking->GUEST[R15] where selected.name == param.name;
	if(empty guest)
		send CustomerInterface::checkOutReturn(bookingNumber: param.bookingNumber, success:false, message: "could not find guest with name "+param.name);
	else
		guest.checkedOut = TIM::current_date();
		select many fset related by guest->FACILITY[R16];
		for each f in fset
			f.checkedOut = guest.checkedOut;
		end for;
		send CustomerInterface::checkOutReturn(bookingNumber: param.bookingNumber, success:true, message: "Successfully checked out "+param.name);
	end if;
end if;',
	1);
INSERT INTO ACT_PSB
	VALUES ("c4e3c14a-87fc-4506-870a-b75d773662f5",
	"ed293131-e8e4-43ef-be8f-e13aa67ce7ca");
INSERT INTO ACT_ACT
	VALUES ("c4e3c14a-87fc-4506-870a-b75d773662f5",
	'signal',
	0,
	"46e3f5a9-f7d2-4bb0-8cc1-3f45c85a5f3c",
	"00000000-0000-0000-0000-000000000000",
	0,
	'CustomerPort::CustomerInterface::checkOutGuest',
	"00000000-0000-0000-0000-000000000000");
INSERT INTO ACT_BLK
	VALUES ("46e3f5a9-f7d2-4bb0-8cc1-3f45c85a5f3c",
	1,
	0,
	1,
	'',
	'',
	'',
	6,
	1,
	2,
	38,
	0,
	0,
	0,
	0,
	0,
	0,
	0,
	0,
	0,
	"c4e3c14a-87fc-4506-870a-b75d773662f5",
	"00000000-0000-0000-0000-000000000000");
INSERT INTO ACT_SMT
	VALUES ("544e58e2-d434-455c-a281-7b206c1204c7",
	"46e3f5a9-f7d2-4bb0-8cc1-3f45c85a5f3c",
	"bb771640-5cef-4f39-9ad3-1f4c1b113cd5",
	2,
	1,
	'CustomerPort::CustomerInterface::checkOutGuest line: 2');
INSERT INTO ACT_FIW
	VALUES ("544e58e2-d434-455c-a281-7b206c1204c7",
	"f062fe4c-d3f4-41e2-9036-add678d7a313",
	1,
	'any',
	"ac0a4c43-f69b-4a09-b125-d22663ea1821",
	"9a41fe9e-f547-4cde-b68d-f7db43c904dc",
	2,
	38);
INSERT INTO ACT_SMT
	VALUES ("bb771640-5cef-4f39-9ad3-1f4c1b113cd5",
	"46e3f5a9-f7d2-4bb0-8cc1-3f45c85a5f3c",
	"00000000-0000-0000-0000-000000000000",
	4,
	1,
	'CustomerPort::CustomerInterface::checkOutGuest line: 4');
INSERT INTO ACT_IF
	VALUES ("bb771640-5cef-4f39-9ad3-1f4c1b113cd5",
	"23d8d0fb-8443-4b93-a9b4-07a7d957126e",
	"002333da-cdc9-41d0-812f-bd300bec2651",
	"00000000-0000-0000-0000-000000000000",
	"00000000-0000-0000-0000-000000000000");
INSERT INTO ACT_SMT
	VALUES ("7b4bcc8e-ca3f-4f06-ac69-5d604f92feb6",
	"46e3f5a9-f7d2-4bb0-8cc1-3f45c85a5f3c",
	"00000000-0000-0000-0000-000000000000",
	6,
	1,
	'CustomerPort::CustomerInterface::checkOutGuest line: 6');
INSERT INTO ACT_E
	VALUES ("7b4bcc8e-ca3f-4f06-ac69-5d604f92feb6",
	"407dddcd-d588-4105-a6b3-b5969ded8724",
	"bb771640-5cef-4f39-9ad3-1f4c1b113cd5");
INSERT INTO V_VAL
	VALUES ("fb1c2287-c248-4729-9ceb-ecd6e20a981b",
	0,
	0,
	2,
	53,
	-1,
	0,
	0,
	0,
	0,
	"ba5eda7a-def5-0000-0000-000000000008",
	"46e3f5a9-f7d2-4bb0-8cc1-3f45c85a5f3c");
INSERT INTO V_SLR
	VALUES ("fb1c2287-c248-4729-9ceb-ecd6e20a981b",
	"00000000-0000-0000-0000-000000000000",
	"00000000-0000-0000-0000-000000000000",
	"00000000-0000-0000-0000-000000000000");
INSERT INTO V_VAL
	VALUES ("267c5022-46c4-4b29-85af-8e0987d95fdb",
	0,
	0,
	2,
	62,
	74,
	0,
	0,
	0,
	0,
	"ba5eda7a-def5-0000-0000-000000000005",
	"46e3f5a9-f7d2-4bb0-8cc1-3f45c85a5f3c");
INSERT INTO V_AVL
	VALUES ("267c5022-46c4-4b29-85af-8e0987d95fdb",
	"fb1c2287-c248-4729-9ceb-ecd6e20a981b",
	"9a41fe9e-f547-4cde-b68d-f7db43c904dc",
	"de30d967-1c94-45a4-8e5f-b18dc80d1e04");
INSERT INTO V_VAL
	VALUES ("ac0a4c43-f69b-4a09-b125-d22663ea1821",
	0,
	0,
	-1,
	-1,
	-1,
	0,
	0,
	0,
	0,
	"ba5eda7a-def5-0000-0000-000000000001",
	"46e3f5a9-f7d2-4bb0-8cc1-3f45c85a5f3c");
INSERT INTO V_BIN
	VALUES ("ac0a4c43-f69b-4a09-b125-d22663ea1821",
	"a8a5c809-e815-4d00-88a4-711d8f1f5cc1",
	"267c5022-46c4-4b29-85af-8e0987d95fdb",
	'==');
INSERT INTO V_VAL
	VALUES ("a8a5c809-e815-4d00-88a4-711d8f1f5cc1",
	0,
	0,
	2,
	85,
	97,
	0,
	0,
	0,
	0,
	"ba5eda7a-def5-0000-0000-000000000005",
	"46e3f5a9-f7d2-4bb0-8cc1-3f45c85a5f3c");
INSERT INTO V_PVL
	VALUES ("a8a5c809-e815-4d00-88a4-711d8f1f5cc1",
	"00000000-0000-0000-0000-000000000000",
	"00000000-0000-0000-0000-000000000000",
	"00000000-0000-0000-0000-000000000000",
	"4befec9f-399a-4670-b8e7-c15d5a08d5a1");
INSERT INTO V_VAL
	VALUES ("0c57d095-5c83-46a2-91b9-847aebfec296",
	0,
	0,
	4,
	10,
	16,
	0,
	0,
	0,
	0,
	"433f7688-7b95-4f9c-89f1-cf076d691ab7",
	"46e3f5a9-f7d2-4bb0-8cc1-3f45c85a5f3c");
INSERT INTO V_IRF
	VALUES ("0c57d095-5c83-46a2-91b9-847aebfec296",
	"f062fe4c-d3f4-41e2-9036-add678d7a313");
INSERT INTO V_VAL
	VALUES ("002333da-cdc9-41d0-812f-bd300bec2651",
	0,
	0,
	-1,
	-1,
	-1,
	0,
	0,
	0,
	0,
	"ba5eda7a-def5-0000-0000-000000000001",
	"46e3f5a9-f7d2-4bb0-8cc1-3f45c85a5f3c");
INSERT INTO V_UNY
	VALUES ("002333da-cdc9-41d0-812f-bd300bec2651",
	"0c57d095-5c83-46a2-91b9-847aebfec296",
	'empty');
INSERT INTO V_VAR
	VALUES ("f062fe4c-d3f4-41e2-9036-add678d7a313",
	"46e3f5a9-f7d2-4bb0-8cc1-3f45c85a5f3c",
	'booking',
	1,
	"433f7688-7b95-4f9c-89f1-cf076d691ab7");
INSERT INTO V_INT
	VALUES ("f062fe4c-d3f4-41e2-9036-add678d7a313",
	0,
	"9a41fe9e-f547-4cde-b68d-f7db43c904dc");
INSERT INTO V_LOC
	VALUES ("9fe1aa22-d14e-494e-98ec-19c5645d184f",
	2,
	12,
	18,
	"f062fe4c-d3f4-41e2-9036-add678d7a313");
INSERT INTO ACT_BLK
	VALUES ("23d8d0fb-8443-4b93-a9b4-07a7d957126e",
	0,
	0,
	0,
	'CustomerInterface',
	'',
	'',
	5,
	2,
	5,
	7,
	0,
	0,
	0,
	0,
	0,
	0,
	0,
	0,
	0,
	"c4e3c14a-87fc-4506-870a-b75d773662f5",
	"00000000-0000-0000-0000-000000000000");
INSERT INTO ACT_SMT
	VALUES ("a667466e-30b8-48af-8219-7671b75951f0",
	"23d8d0fb-8443-4b93-a9b4-07a7d957126e",
	"00000000-0000-0000-0000-000000000000",
	5,
	2,
	'CustomerPort::CustomerInterface::checkOutGuest line: 5');
INSERT INTO ACT_SGN
	VALUES ("a667466e-30b8-48af-8219-7671b75951f0",
	5,
	26,
	5,
	7,
	"ea81884e-62fa-4b89-8401-c96901c381b8",
	"00000000-0000-0000-0000-000000000000",
	"00000000-0000-0000-0000-000000000000");
INSERT INTO V_VAL
	VALUES ("f773e716-2db3-4489-8878-13ab1fe8a0f2",
	0,
	0,
	5,
	62,
	74,
	0,
	0,
	0,
	0,
	"ba5eda7a-def5-0000-0000-000000000005",
	"23d8d0fb-8443-4b93-a9b4-07a7d957126e");
INSERT INTO V_PVL
	VALUES ("f773e716-2db3-4489-8878-13ab1fe8a0f2",
	"00000000-0000-0000-0000-000000000000",
	"00000000-0000-0000-0000-000000000000",
	"00000000-0000-0000-0000-000000000000",
	"4befec9f-399a-4670-b8e7-c15d5a08d5a1");
INSERT INTO V_PAR
	VALUES ("f773e716-2db3-4489-8878-13ab1fe8a0f2",
	"a667466e-30b8-48af-8219-7671b75951f0",
	"00000000-0000-0000-0000-000000000000",
	'bookingNumber',
	"c009d6e1-2123-4e23-8d02-8af710488f5d",
	5,
	41);
INSERT INTO V_VAL
	VALUES ("c009d6e1-2123-4e23-8d02-8af710488f5d",
	0,
	0,
	-1,
	-1,
	-1,
	0,
	0,
	0,
	0,
	"ba5eda7a-def5-0000-0000-000000000001",
	"23d8d0fb-8443-4b93-a9b4-07a7d957126e");
INSERT INTO V_LBO
	VALUES ("c009d6e1-2123-4e23-8d02-8af710488f5d",
	'FALSE');
INSERT INTO V_PAR
	VALUES ("c009d6e1-2123-4e23-8d02-8af710488f5d",
	"a667466e-30b8-48af-8219-7671b75951f0",
	"00000000-0000-0000-0000-000000000000",
	'success',
	"6c3a2e27-c056-42b5-b16e-a3dcb9ecbfe1",
	5,
	77);
INSERT INTO V_VAL
	VALUES ("6c3a2e27-c056-42b5-b16e-a3dcb9ecbfe1",
	0,
	0,
	5,
	101,
	123,
	0,
	0,
	0,
	0,
	"ba5eda7a-def5-0000-0000-000000000004",
	"23d8d0fb-8443-4b93-a9b4-07a7d957126e");
INSERT INTO V_LST
	VALUES ("6c3a2e27-c056-42b5-b16e-a3dcb9ecbfe1",
	'could not find booking');
INSERT INTO V_PAR
	VALUES ("6c3a2e27-c056-42b5-b16e-a3dcb9ecbfe1",
	"a667466e-30b8-48af-8219-7671b75951f0",
	"00000000-0000-0000-0000-000000000000",
	'message',
	"00000000-0000-0000-0000-000000000000",
	5,
	92);
INSERT INTO ACT_BLK
	VALUES ("407dddcd-d588-4105-a6b3-b5969ded8724",
	1,
	0,
	1,
	'',
	'',
	'',
	10,
	2,
	7,
	39,
	0,
	0,
	7,
	45,
	0,
	0,
	0,
	0,
	0,
	"c4e3c14a-87fc-4506-870a-b75d773662f5",
	"00000000-0000-0000-0000-000000000000");
INSERT INTO ACT_SMT
	VALUES ("5d247d03-1fc2-47fa-b4a1-6971aa4e975d",
	"407dddcd-d588-4105-a6b3-b5969ded8724",
	"0c8962c8-08d3-481a-a86a-96d425a67260",
	7,
	2,
	'CustomerPort::CustomerInterface::checkOutGuest line: 7');
INSERT INTO ACT_SEL
	VALUES ("5d247d03-1fc2-47fa-b4a1-6971aa4e975d",
	"ecaa2538-b9c0-4e2e-8143-682ec888081f",
	1,
	'any',
	"07e889d1-75ad-4774-96d2-7afd44051dad");
INSERT INTO ACT_SRW
	VALUES ("5d247d03-1fc2-47fa-b4a1-6971aa4e975d",
	"a4cfaef0-8f70-4c8b-83c5-2ceec5b218de");
INSERT INTO ACT_LNK
	VALUES ("7adeec71-a0bb-4c0b-98d4-2e7cfbe6e33b",
	'',
	"5d247d03-1fc2-47fa-b4a1-6971aa4e975d",
	"04439075-ebac-4bb8-8ccd-793e4071228c",
	"00000000-0000-0000-0000-000000000000",
	3,
	"9309978f-bd81-4f9f-96e9-b124c945fbf1",
	7,
	39,
	7,
	45,
	0,
	0);
INSERT INTO ACT_SMT
	VALUES ("0c8962c8-08d3-481a-a86a-96d425a67260",
	"407dddcd-d588-4105-a6b3-b5969ded8724",
	"00000000-0000-0000-0000-000000000000",
	8,
	2,
	'CustomerPort::CustomerInterface::checkOutGuest line: 8');
INSERT INTO ACT_IF
	VALUES ("0c8962c8-08d3-481a-a86a-96d425a67260",
	"0860ec17-f5a8-402b-ab0b-5b999160d40b",
	"4ee13db5-1d08-48dd-a188-81bf245b744f",
	"00000000-0000-0000-0000-000000000000",
	"00000000-0000-0000-0000-000000000000");
INSERT INTO ACT_SMT
	VALUES ("f401d0e9-3f96-45e8-a158-39581a97c197",
	"407dddcd-d588-4105-a6b3-b5969ded8724",
	"00000000-0000-0000-0000-000000000000",
	10,
	2,
	'CustomerPort::CustomerInterface::checkOutGuest line: 10');
INSERT INTO ACT_E
	VALUES ("f401d0e9-3f96-45e8-a158-39581a97c197",
	"a855b820-e4fa-4450-b25d-e55c033e327d",
	"0c8962c8-08d3-481a-a86a-96d425a67260");
INSERT INTO V_VAL
	VALUES ("07e889d1-75ad-4774-96d2-7afd44051dad",
	0,
	0,
	7,
	30,
	36,
	0,
	0,
	0,
	0,
	"433f7688-7b95-4f9c-89f1-cf076d691ab7",
	"407dddcd-d588-4105-a6b3-b5969ded8724");
INSERT INTO V_IRF
	VALUES ("07e889d1-75ad-4774-96d2-7afd44051dad",
	"f062fe4c-d3f4-41e2-9036-add678d7a313");
INSERT INTO V_VAL
	VALUES ("87047dfc-0024-4fd5-a57f-ef092f667b55",
	0,
	0,
	7,
	56,
	-1,
	0,
	0,
	0,
	0,
	"ba5eda7a-def5-0000-0000-000000000008",
	"407dddcd-d588-4105-a6b3-b5969ded8724");
INSERT INTO V_SLR
	VALUES ("87047dfc-0024-4fd5-a57f-ef092f667b55",
	"00000000-0000-0000-0000-000000000000",
	"00000000-0000-0000-0000-000000000000",
	"00000000-0000-0000-0000-000000000000");
INSERT INTO V_VAL
	VALUES ("0968bf19-4fb7-404c-a90c-e36347585477",
	0,
	0,
	7,
	65,
	68,
	0,
	0,
	0,
	0,
	"ba5eda7a-def5-0000-0000-000000000004",
	"407dddcd-d588-4105-a6b3-b5969ded8724");
INSERT INTO V_AVL
	VALUES ("0968bf19-4fb7-404c-a90c-e36347585477",
	"87047dfc-0024-4fd5-a57f-ef092f667b55",
	"9309978f-bd81-4f9f-96e9-b124c945fbf1",
	"36028530-8e9f-4cac-9d21-dc774eb26d1a");
INSERT INTO V_VAL
	VALUES ("a4cfaef0-8f70-4c8b-83c5-2ceec5b218de",
	0,
	0,
	-1,
	-1,
	-1,
	0,
	0,
	0,
	0,
	"ba5eda7a-def5-0000-0000-000000000001",
	"407dddcd-d588-4105-a6b3-b5969ded8724");
INSERT INTO V_BIN
	VALUES ("a4cfaef0-8f70-4c8b-83c5-2ceec5b218de",
	"621568c9-b9f6-4d40-82c7-9e79728d70d3",
	"0968bf19-4fb7-404c-a90c-e36347585477",
	'==');
INSERT INTO V_VAL
	VALUES ("621568c9-b9f6-4d40-82c7-9e79728d70d3",
	0,
	0,
	7,
	79,
	82,
	0,
	0,
	0,
	0,
	"ba5eda7a-def5-0000-0000-000000000004",
	"407dddcd-d588-4105-a6b3-b5969ded8724");
INSERT INTO V_PVL
	VALUES ("621568c9-b9f6-4d40-82c7-9e79728d70d3",
	"00000000-0000-0000-0000-000000000000",
	"00000000-0000-0000-0000-000000000000",
	"00000000-0000-0000-0000-000000000000",
	"4b7c1627-118a-492a-a2b1-e54e635b8a98");
INSERT INTO V_VAL
	VALUES ("9b51c299-f14a-4016-84c8-f2d800ab8edc",
	0,
	0,
	8,
	11,
	15,
	0,
	0,
	0,
	0,
	"ba5eda7a-def5-0000-0000-000000000008",
	"407dddcd-d588-4105-a6b3-b5969ded8724");
INSERT INTO V_IRF
	VALUES ("9b51c299-f14a-4016-84c8-f2d800ab8edc",
	"ecaa2538-b9c0-4e2e-8143-682ec888081f");
INSERT INTO V_VAL
	VALUES ("4ee13db5-1d08-48dd-a188-81bf245b744f",
	0,
	0,
	-1,
	-1,
	-1,
	0,
	0,
	0,
	0,
	"ba5eda7a-def5-0000-0000-000000000001",
	"407dddcd-d588-4105-a6b3-b5969ded8724");
INSERT INTO V_UNY
	VALUES ("4ee13db5-1d08-48dd-a188-81bf245b744f",
	"9b51c299-f14a-4016-84c8-f2d800ab8edc",
	'empty');
INSERT INTO V_VAR
	VALUES ("ecaa2538-b9c0-4e2e-8143-682ec888081f",
	"407dddcd-d588-4105-a6b3-b5969ded8724",
	'guest',
	1,
	"ba5eda7a-def5-0000-0000-000000000008");
INSERT INTO V_INT
	VALUES ("ecaa2538-b9c0-4e2e-8143-682ec888081f",
	0,
	"9309978f-bd81-4f9f-96e9-b124c945fbf1");
INSERT INTO V_LOC
	VALUES ("7c74a677-b6d1-47dc-b06d-9f0ce416b887",
	7,
	13,
	17,
	"ecaa2538-b9c0-4e2e-8143-682ec888081f");
INSERT INTO V_LOC
	VALUES ("79039c9d-51be-4864-86e5-a8815e6008af",
	11,
	3,
	7,
	"ecaa2538-b9c0-4e2e-8143-682ec888081f");
INSERT INTO V_LOC
	VALUES ("16aec4d8-03e4-4b1f-aec7-534660644533",
	14,
	19,
	23,
	"ecaa2538-b9c0-4e2e-8143-682ec888081f");
INSERT INTO ACT_BLK
	VALUES ("0860ec17-f5a8-402b-ab0b-5b999160d40b",
	0,
	0,
	0,
	'CustomerInterface',
	'',
	'',
	9,
	3,
	9,
	8,
	0,
	0,
	0,
	0,
	0,
	0,
	0,
	0,
	0,
	"c4e3c14a-87fc-4506-870a-b75d773662f5",
	"00000000-0000-0000-0000-000000000000");
INSERT INTO ACT_SMT
	VALUES ("671774a0-bd7d-4d78-80ac-b305a68204e8",
	"0860ec17-f5a8-402b-ab0b-5b999160d40b",
	"00000000-0000-0000-0000-000000000000",
	9,
	3,
	'CustomerPort::CustomerInterface::checkOutGuest line: 9');
INSERT INTO ACT_SGN
	VALUES ("671774a0-bd7d-4d78-80ac-b305a68204e8",
	9,
	27,
	9,
	8,
	"ea81884e-62fa-4b89-8401-c96901c381b8",
	"00000000-0000-0000-0000-000000000000",
	"00000000-0000-0000-0000-000000000000");
INSERT INTO V_VAL
	VALUES ("12e756a4-fe91-45a5-8fc9-d28c18fda79e",
	0,
	0,
	9,
	63,
	75,
	0,
	0,
	0,
	0,
	"ba5eda7a-def5-0000-0000-000000000005",
	"0860ec17-f5a8-402b-ab0b-5b999160d40b");
INSERT INTO V_PVL
	VALUES ("12e756a4-fe91-45a5-8fc9-d28c18fda79e",
	"00000000-0000-0000-0000-000000000000",
	"00000000-0000-0000-0000-000000000000",
	"00000000-0000-0000-0000-000000000000",
	"4befec9f-399a-4670-b8e7-c15d5a08d5a1");
INSERT INTO V_PAR
	VALUES ("12e756a4-fe91-45a5-8fc9-d28c18fda79e",
	"671774a0-bd7d-4d78-80ac-b305a68204e8",
	"00000000-0000-0000-0000-000000000000",
	'bookingNumber',
	"97cbc318-61b7-42db-af67-80447fe37e9c",
	9,
	42);
INSERT INTO V_VAL
	VALUES ("97cbc318-61b7-42db-af67-80447fe37e9c",
	0,
	0,
	-1,
	-1,
	-1,
	0,
	0,
	0,
	0,
	"ba5eda7a-def5-0000-0000-000000000001",
	"0860ec17-f5a8-402b-ab0b-5b999160d40b");
INSERT INTO V_LBO
	VALUES ("97cbc318-61b7-42db-af67-80447fe37e9c",
	'FALSE');
INSERT INTO V_PAR
	VALUES ("97cbc318-61b7-42db-af67-80447fe37e9c",
	"671774a0-bd7d-4d78-80ac-b305a68204e8",
	"00000000-0000-0000-0000-000000000000",
	'success',
	"43b24ede-423d-4445-999a-94a8cc9fc56b",
	9,
	78);
INSERT INTO V_VAL
	VALUES ("bf7dbbe7-11ea-4152-9f3f-6ab8af480dd4",
	0,
	0,
	9,
	102,
	133,
	0,
	0,
	0,
	0,
	"ba5eda7a-def5-0000-0000-000000000004",
	"0860ec17-f5a8-402b-ab0b-5b999160d40b");
INSERT INTO V_LST
	VALUES ("bf7dbbe7-11ea-4152-9f3f-6ab8af480dd4",
	'could not find guest with name ');
INSERT INTO V_VAL
	VALUES ("43b24ede-423d-4445-999a-94a8cc9fc56b",
	0,
	0,
	-1,
	-1,
	-1,
	0,
	0,
	0,
	0,
	"ba5eda7a-def5-0000-0000-000000000004",
	"0860ec17-f5a8-402b-ab0b-5b999160d40b");
INSERT INTO V_BIN
	VALUES ("43b24ede-423d-4445-999a-94a8cc9fc56b",
	"3bd1d6c7-be54-448c-80a7-e7dd1ee6a3d5",
	"bf7dbbe7-11ea-4152-9f3f-6ab8af480dd4",
	'+');
INSERT INTO V_PAR
	VALUES ("43b24ede-423d-4445-999a-94a8cc9fc56b",
	"671774a0-bd7d-4d78-80ac-b305a68204e8",
	"00000000-0000-0000-0000-000000000000",
	'message',
	"00000000-0000-0000-0000-000000000000",
	9,
	93);
INSERT INTO V_VAL
	VALUES ("3bd1d6c7-be54-448c-80a7-e7dd1ee6a3d5",
	0,
	0,
	9,
	142,
	145,
	0,
	0,
	0,
	0,
	"ba5eda7a-def5-0000-0000-000000000004",
	"0860ec17-f5a8-402b-ab0b-5b999160d40b");
INSERT INTO V_PVL
	VALUES ("3bd1d6c7-be54-448c-80a7-e7dd1ee6a3d5",
	"00000000-0000-0000-0000-000000000000",
	"00000000-0000-0000-0000-000000000000",
	"00000000-0000-0000-0000-000000000000",
	"4b7c1627-118a-492a-a2b1-e54e635b8a98");
INSERT INTO ACT_BLK
	VALUES ("a855b820-e4fa-4450-b25d-e55c033e327d",
	1,
	0,
	0,
	'CustomerInterface',
	'',
	'',
	16,
	3,
	16,
	8,
	0,
	0,
	12,
	47,
	0,
	0,
	0,
	0,
	0,
	"c4e3c14a-87fc-4506-870a-b75d773662f5",
	"00000000-0000-0000-0000-000000000000");
INSERT INTO ACT_SMT
	VALUES ("eea4f9d4-0c79-4e1a-bf4a-60087dcf8251",
	"a855b820-e4fa-4450-b25d-e55c033e327d",
	"03181ace-5154-4617-abbc-3e1b6af9b989",
	11,
	3,
	'CustomerPort::CustomerInterface::checkOutGuest line: 11');
INSERT INTO ACT_AI
	VALUES ("eea4f9d4-0c79-4e1a-bf4a-60087dcf8251",
	"ab83c9eb-53cd-4ca8-af54-8b115dd84660",
	"4cc52250-9714-4ee9-8b00-0c079f273a3e",
	0,
	0);
INSERT INTO ACT_SMT
	VALUES ("03181ace-5154-4617-abbc-3e1b6af9b989",
	"a855b820-e4fa-4450-b25d-e55c033e327d",
	"fa176473-1002-4488-9d09-717be0816b1d",
	12,
	3,
	'CustomerPort::CustomerInterface::checkOutGuest line: 12');
INSERT INTO ACT_SEL
	VALUES ("03181ace-5154-4617-abbc-3e1b6af9b989",
	"1eddd45b-3878-47fd-b0a4-e22acb8c0fdd",
	1,
	'many',
	"543ced00-e3db-4e76-94b3-71b01ff85345");
INSERT INTO ACT_SR
	VALUES ("03181ace-5154-4617-abbc-3e1b6af9b989");
INSERT INTO ACT_LNK
	VALUES ("4161f1c5-3904-4b22-b9c3-1407ba79616c",
	'',
	"03181ace-5154-4617-abbc-3e1b6af9b989",
	"52b0eaa5-a352-460e-8eff-763b9460a089",
	"00000000-0000-0000-0000-000000000000",
	3,
	"4b839513-bd70-4d73-85ed-c06b10ee091a",
	12,
	38,
	12,
	47,
	0,
	0);
INSERT INTO ACT_SMT
	VALUES ("fa176473-1002-4488-9d09-717be0816b1d",
	"a855b820-e4fa-4450-b25d-e55c033e327d",
	"4f90d2e2-547b-488c-9c73-a59f3ffe60e9",
	13,
	3,
	'CustomerPort::CustomerInterface::checkOutGuest line: 13');
INSERT INTO ACT_FOR
	VALUES ("fa176473-1002-4488-9d09-717be0816b1d",
	"a3de1188-254b-4690-b70b-126558fcdbab",
	1,
	"1477ce19-c2d9-4e82-bdcf-6d3f28163cd9",
	"1eddd45b-3878-47fd-b0a4-e22acb8c0fdd",
	"4b839513-bd70-4d73-85ed-c06b10ee091a");
INSERT INTO ACT_SMT
	VALUES ("4f90d2e2-547b-488c-9c73-a59f3ffe60e9",
	"a855b820-e4fa-4450-b25d-e55c033e327d",
	"00000000-0000-0000-0000-000000000000",
	16,
	3,
	'CustomerPort::CustomerInterface::checkOutGuest line: 16');
INSERT INTO ACT_SGN
	VALUES ("4f90d2e2-547b-488c-9c73-a59f3ffe60e9",
	16,
	27,
	16,
	8,
	"ea81884e-62fa-4b89-8401-c96901c381b8",
	"00000000-0000-0000-0000-000000000000",
	"00000000-0000-0000-0000-000000000000");
INSERT INTO V_VAL
	VALUES ("69906b2f-712b-41f6-9b58-58ef938da872",
	1,
	0,
	11,
	3,
	7,
	0,
	0,
	0,
	0,
	"ba5eda7a-def5-0000-0000-000000000008",
	"a855b820-e4fa-4450-b25d-e55c033e327d");
INSERT INTO V_IRF
	VALUES ("69906b2f-712b-41f6-9b58-58ef938da872",
	"ecaa2538-b9c0-4e2e-8143-682ec888081f");
INSERT INTO V_VAL
	VALUES ("4cc52250-9714-4ee9-8b00-0c079f273a3e",
	1,
	0,
	11,
	9,
	18,
	0,
	0,
	0,
	0,
	"ba5eda7a-def5-0000-0000-000000000010",
	"a855b820-e4fa-4450-b25d-e55c033e327d");
INSERT INTO V_AVL
	VALUES ("4cc52250-9714-4ee9-8b00-0c079f273a3e",
	"69906b2f-712b-41f6-9b58-58ef938da872",
	"9309978f-bd81-4f9f-96e9-b124c945fbf1",
	"d5229f3c-55dc-4032-9fbc-8fa747fca3f4");
INSERT INTO V_VAL
	VALUES ("ab83c9eb-53cd-4ca8-af54-8b115dd84660",
	0,
	0,
	11,
	27,
	-1,
	0,
	0,
	0,
	0,
	"ba5eda7a-def5-0000-0000-00000000000e",
	"a855b820-e4fa-4450-b25d-e55c033e327d");
INSERT INTO V_BRV
	VALUES ("ab83c9eb-53cd-4ca8-af54-8b115dd84660",
	"b43ca519-9342-4581-9be9-ff6444d8faf5",
	1,
	11,
	22);
INSERT INTO V_VAL
	VALUES ("543ced00-e3db-4e76-94b3-71b01ff85345",
	0,
	0,
	12,
	31,
	35,
	0,
	0,
	0,
	0,
	"ba5eda7a-def5-0000-0000-000000000008",
	"a855b820-e4fa-4450-b25d-e55c033e327d");
INSERT INTO V_IRF
	VALUES ("543ced00-e3db-4e76-94b3-71b01ff85345",
	"ecaa2538-b9c0-4e2e-8143-682ec888081f");
INSERT INTO V_VAL
	VALUES ("b87f0af4-23c6-4503-a2ae-09ee01fe3990",
	0,
	0,
	16,
	63,
	75,
	0,
	0,
	0,
	0,
	"ba5eda7a-def5-0000-0000-000000000005",
	"a855b820-e4fa-4450-b25d-e55c033e327d");
INSERT INTO V_PVL
	VALUES ("b87f0af4-23c6-4503-a2ae-09ee01fe3990",
	"00000000-0000-0000-0000-000000000000",
	"00000000-0000-0000-0000-000000000000",
	"00000000-0000-0000-0000-000000000000",
	"4befec9f-399a-4670-b8e7-c15d5a08d5a1");
INSERT INTO V_PAR
	VALUES ("b87f0af4-23c6-4503-a2ae-09ee01fe3990",
	"4f90d2e2-547b-488c-9c73-a59f3ffe60e9",
	"00000000-0000-0000-0000-000000000000",
	'bookingNumber',
	"c27498a8-1689-4b26-a40a-fcdb8279701d",
	16,
	42);
INSERT INTO V_VAL
	VALUES ("c27498a8-1689-4b26-a40a-fcdb8279701d",
	0,
	0,
	-1,
	-1,
	-1,
	0,
	0,
	0,
	0,
	"ba5eda7a-def5-0000-0000-000000000001",
	"a855b820-e4fa-4450-b25d-e55c033e327d");
INSERT INTO V_LBO
	VALUES ("c27498a8-1689-4b26-a40a-fcdb8279701d",
	'TRUE');
INSERT INTO V_PAR
	VALUES ("c27498a8-1689-4b26-a40a-fcdb8279701d",
	"4f90d2e2-547b-488c-9c73-a59f3ffe60e9",
	"00000000-0000-0000-0000-000000000000",
	'success',
	"1d807653-ad5a-4925-872f-4a3ab211b760",
	16,
	78);
INSERT INTO V_VAL
	VALUES ("03e09537-f7e5-41df-a1c1-0571191a5163",
	0,
	0,
	16,
	101,
	126,
	0,
	0,
	0,
	0,
	"ba5eda7a-def5-0000-0000-000000000004",
	"a855b820-e4fa-4450-b25d-e55c033e327d");
INSERT INTO V_LST
	VALUES ("03e09537-f7e5-41df-a1c1-0571191a5163",
	'Successfully checked out ');
INSERT INTO V_VAL
	VALUES ("1d807653-ad5a-4925-872f-4a3ab211b760",
	0,
	0,
	-1,
	-1,
	-1,
	0,
	0,
	0,
	0,
	"ba5eda7a-def5-0000-0000-000000000004",
	"a855b820-e4fa-4450-b25d-e55c033e327d");
INSERT INTO V_BIN
	VALUES ("1d807653-ad5a-4925-872f-4a3ab211b760",
	"17b3a790-1ec4-44da-9292-eeb76ef08d6e",
	"03e09537-f7e5-41df-a1c1-0571191a5163",
	'+');
INSERT INTO V_PAR
	VALUES ("1d807653-ad5a-4925-872f-4a3ab211b760",
	"4f90d2e2-547b-488c-9c73-a59f3ffe60e9",
	"00000000-0000-0000-0000-000000000000",
	'message',
	"00000000-0000-0000-0000-000000000000",
	16,
	92);
INSERT INTO V_VAL
	VALUES ("17b3a790-1ec4-44da-9292-eeb76ef08d6e",
	0,
	0,
	16,
	135,
	138,
	0,
	0,
	0,
	0,
	"ba5eda7a-def5-0000-0000-000000000004",
	"a855b820-e4fa-4450-b25d-e55c033e327d");
INSERT INTO V_PVL
	VALUES ("17b3a790-1ec4-44da-9292-eeb76ef08d6e",
	"00000000-0000-0000-0000-000000000000",
	"00000000-0000-0000-0000-000000000000",
	"00000000-0000-0000-0000-000000000000",
	"4b7c1627-118a-492a-a2b1-e54e635b8a98");
INSERT INTO V_VAR
	VALUES ("1eddd45b-3878-47fd-b0a4-e22acb8c0fdd",
	"a855b820-e4fa-4450-b25d-e55c033e327d",
	'fset',
	1,
	"6557ebe6-ab9f-4355-8439-aba9a82c7dd3");
INSERT INTO V_INS
	VALUES ("1eddd45b-3878-47fd-b0a4-e22acb8c0fdd",
	"4b839513-bd70-4d73-85ed-c06b10ee091a");
INSERT INTO V_LOC
	VALUES ("2a6d94d1-a8b4-4ab8-8569-b0fa99b6cb5b",
	12,
	15,
	18,
	"1eddd45b-3878-47fd-b0a4-e22acb8c0fdd");
INSERT INTO V_LOC
	VALUES ("8dbe7732-059e-4dad-9b64-ce38399aa963",
	13,
	17,
	20,
	"1eddd45b-3878-47fd-b0a4-e22acb8c0fdd");
INSERT INTO V_VAR
	VALUES ("1477ce19-c2d9-4e82-bdcf-6d3f28163cd9",
	"a855b820-e4fa-4450-b25d-e55c033e327d",
	'f',
	1,
	"bd43dc09-3be2-4ae8-806d-bedb08b1e03c");
INSERT INTO V_INT
	VALUES ("1477ce19-c2d9-4e82-bdcf-6d3f28163cd9",
	1,
	"4b839513-bd70-4d73-85ed-c06b10ee091a");
INSERT INTO V_LOC
	VALUES ("8a5a6df1-a211-4e84-a4e5-a8426d425493",
	13,
	12,
	12,
	"1477ce19-c2d9-4e82-bdcf-6d3f28163cd9");
INSERT INTO V_LOC
	VALUES ("bf30d78f-f861-4560-a796-75d3e11fd183",
	14,
	4,
	4,
	"1477ce19-c2d9-4e82-bdcf-6d3f28163cd9");
INSERT INTO ACT_BLK
	VALUES ("a3de1188-254b-4690-b70b-126558fcdbab",
	0,
	0,
	0,
	'',
	'',
	'',
	14,
	4,
	0,
	0,
	0,
	0,
	0,
	0,
	0,
	0,
	0,
	0,
	0,
	"c4e3c14a-87fc-4506-870a-b75d773662f5",
	"00000000-0000-0000-0000-000000000000");
INSERT INTO ACT_SMT
	VALUES ("0425238b-6b76-4dfc-a8f7-060669b05893",
	"a3de1188-254b-4690-b70b-126558fcdbab",
	"00000000-0000-0000-0000-000000000000",
	14,
	4,
	'CustomerPort::CustomerInterface::checkOutGuest line: 14');
INSERT INTO ACT_AI
	VALUES ("0425238b-6b76-4dfc-a8f7-060669b05893",
	"297792d1-d773-4d05-ba57-4472d245afa4",
	"adb9a356-4a57-4d3b-9434-f6f9d422f2d1",
	0,
	0);
INSERT INTO V_VAL
	VALUES ("63f839ab-e482-49bb-999b-d1a3ca12a1d7",
	1,
	0,
	14,
	4,
	4,
	0,
	0,
	0,
	0,
	"bd43dc09-3be2-4ae8-806d-bedb08b1e03c",
	"a3de1188-254b-4690-b70b-126558fcdbab");
INSERT INTO V_IRF
	VALUES ("63f839ab-e482-49bb-999b-d1a3ca12a1d7",
	"1477ce19-c2d9-4e82-bdcf-6d3f28163cd9");
INSERT INTO V_VAL
	VALUES ("adb9a356-4a57-4d3b-9434-f6f9d422f2d1",
	1,
	0,
	14,
	6,
	15,
	0,
	0,
	0,
	0,
	"ba5eda7a-def5-0000-0000-000000000010",
	"a3de1188-254b-4690-b70b-126558fcdbab");
INSERT INTO V_AVL
	VALUES ("adb9a356-4a57-4d3b-9434-f6f9d422f2d1",
	"63f839ab-e482-49bb-999b-d1a3ca12a1d7",
	"4b839513-bd70-4d73-85ed-c06b10ee091a",
	"f68e319f-09bf-4974-af63-20ff8c0aa86d");
INSERT INTO V_VAL
	VALUES ("ce9534d6-16b1-42ed-8325-a734ed20d86a",
	0,
	0,
	14,
	19,
	23,
	0,
	0,
	0,
	0,
	"ba5eda7a-def5-0000-0000-000000000008",
	"a3de1188-254b-4690-b70b-126558fcdbab");
INSERT INTO V_IRF
	VALUES ("ce9534d6-16b1-42ed-8325-a734ed20d86a",
	"ecaa2538-b9c0-4e2e-8143-682ec888081f");
INSERT INTO V_VAL
	VALUES ("297792d1-d773-4d05-ba57-4472d245afa4",
	0,
	0,
	14,
	25,
	34,
	0,
	0,
	0,
	0,
	"ba5eda7a-def5-0000-0000-000000000010",
	"a3de1188-254b-4690-b70b-126558fcdbab");
INSERT INTO V_AVL
	VALUES ("297792d1-d773-4d05-ba57-4472d245afa4",
	"ce9534d6-16b1-42ed-8325-a734ed20d86a",
	"9309978f-bd81-4f9f-96e9-b124c945fbf1",
	"d5229f3c-55dc-4032-9fbc-8fa747fca3f4");
INSERT INTO SPR_PEP
	VALUES ("553a7000-b47f-44e0-922e-6c1db19bff9a",
	"b0219670-df70-4ff6-984b-04f391308d00",
	"45f6ed17-28eb-49b4-b51e-26daf29a0cb3");
INSERT INTO SPR_PS
	VALUES ("553a7000-b47f-44e0-922e-6c1db19bff9a",
	'checkInReturn',
	'',
	'',
	1);
INSERT INTO ACT_PSB
	VALUES ("01987488-8cff-485f-a220-dc040e90eed2",
	"553a7000-b47f-44e0-922e-6c1db19bff9a");
INSERT INTO ACT_ACT
	VALUES ("01987488-8cff-485f-a220-dc040e90eed2",
	'signal',
	0,
	"3629dc2d-b1ee-4564-9002-408fca485897",
	"00000000-0000-0000-0000-000000000000",
	0,
	'CustomerPort::CustomerInterface::checkInReturn',
	"00000000-0000-0000-0000-000000000000");
INSERT INTO ACT_BLK
	VALUES ("3629dc2d-b1ee-4564-9002-408fca485897",
	0,
	0,
	0,
	'',
	'',
	'',
	0,
	0,
	0,
	0,
	0,
	0,
	0,
	0,
	0,
	0,
	0,
	0,
	0,
	"01987488-8cff-485f-a220-dc040e90eed2",
	"00000000-0000-0000-0000-000000000000");
INSERT INTO SPR_PEP
	VALUES ("ea81884e-62fa-4b89-8401-c96901c381b8",
	"cb5b5b24-04f0-4601-b19b-0cf189cea793",
	"45f6ed17-28eb-49b4-b51e-26daf29a0cb3");
INSERT INTO SPR_PS
	VALUES ("ea81884e-62fa-4b89-8401-c96901c381b8",
	'checkOutReturn',
	'',
	'',
	1);
INSERT INTO ACT_PSB
	VALUES ("60360367-0f7e-43de-a660-7849656de522",
	"ea81884e-62fa-4b89-8401-c96901c381b8");
INSERT INTO ACT_ACT
	VALUES ("60360367-0f7e-43de-a660-7849656de522",
	'signal',
	0,
	"91b61809-4eef-461d-91cb-517287c59354",
	"00000000-0000-0000-0000-000000000000",
	0,
	'CustomerPort::CustomerInterface::checkOutReturn',
	"00000000-0000-0000-0000-000000000000");
INSERT INTO ACT_BLK
	VALUES ("91b61809-4eef-461d-91cb-517287c59354",
	0,
	0,
	0,
	'',
	'',
	'',
	0,
	0,
	0,
	0,
	0,
	0,
	0,
	0,
	0,
	0,
	0,
	0,
	0,
	"60360367-0f7e-43de-a660-7849656de522",
	"00000000-0000-0000-0000-000000000000");
INSERT INTO SPR_PEP
	VALUES ("98ee248d-f2c3-4987-9796-a6754ee7bbc7",
	"8328ef36-07dc-427a-b0b8-9f12e1b984b7",
	"45f6ed17-28eb-49b4-b51e-26daf29a0cb3");
INSERT INTO SPR_PS
	VALUES ("98ee248d-f2c3-4987-9796-a6754ee7bbc7",
	's1',
	'',
	'',
	1);
INSERT INTO ACT_PSB
	VALUES ("68e52c9e-feaa-4960-8b92-54952e4421df",
	"98ee248d-f2c3-4987-9796-a6754ee7bbc7");
INSERT INTO ACT_ACT
	VALUES ("68e52c9e-feaa-4960-8b92-54952e4421df",
	'signal',
	0,
	"e3e1b068-5118-46ce-ba1a-c2fc60b92f68",
	"00000000-0000-0000-0000-000000000000",
	0,
	'CustomerPort::CustomerInterface::s1',
	"00000000-0000-0000-0000-000000000000");
INSERT INTO ACT_BLK
	VALUES ("e3e1b068-5118-46ce-ba1a-c2fc60b92f68",
	0,
	0,
	0,
	'',
	'',
	'',
	0,
	0,
	0,
	0,
	0,
	0,
	0,
	0,
	0,
	0,
	0,
	0,
	0,
	"68e52c9e-feaa-4960-8b92-54952e4421df",
	"00000000-0000-0000-0000-000000000000");
INSERT INTO SPR_PEP
	VALUES ("ec484fa9-0cef-4cc6-aa10-cc7d2ea7dd33",
	"81dc0de0-c0d1-40f4-b861-04e7a9398949",
	"45f6ed17-28eb-49b4-b51e-26daf29a0cb3");
INSERT INTO SPR_PS
	VALUES ("ec484fa9-0cef-4cc6-aa10-cc7d2ea7dd33",
	's2',
	'',
	'',
	1);
INSERT INTO ACT_PSB
	VALUES ("eaf4eeaa-80cb-4a3b-bfaa-090630c1ab64",
	"ec484fa9-0cef-4cc6-aa10-cc7d2ea7dd33");
INSERT INTO ACT_ACT
	VALUES ("eaf4eeaa-80cb-4a3b-bfaa-090630c1ab64",
	'signal',
	0,
	"48e57fa6-302c-42ce-bd60-3e6fbc01ba66",
	"00000000-0000-0000-0000-000000000000",
	0,
	'CustomerPort::CustomerInterface::s2',
	"00000000-0000-0000-0000-000000000000");
INSERT INTO ACT_BLK
	VALUES ("48e57fa6-302c-42ce-bd60-3e6fbc01ba66",
	0,
	0,
	0,
	'',
	'',
	'',
	0,
	0,
	0,
	0,
	0,
	0,
	0,
	0,
	0,
	0,
	0,
	0,
	0,
	"eaf4eeaa-80cb-4a3b-bfaa-090630c1ab64",
	"00000000-0000-0000-0000-000000000000");
INSERT INTO SPR_PEP
	VALUES ("72f1b7a4-8cde-4f9b-8aca-051e01bf62cd",
	"748bf7ad-3d75-40b6-9747-281878d13d6b",
	"45f6ed17-28eb-49b4-b51e-26daf29a0cb3");
INSERT INTO SPR_PS
	VALUES ("72f1b7a4-8cde-4f9b-8aca-051e01bf62cd",
	's1',
	'',
	'',
	1);
INSERT INTO ACT_PSB
	VALUES ("984d4106-1ef9-42ea-a96e-f08eb2d11e0f",
	"72f1b7a4-8cde-4f9b-8aca-051e01bf62cd");
INSERT INTO ACT_ACT
	VALUES ("984d4106-1ef9-42ea-a96e-f08eb2d11e0f",
	'signal',
	0,
	"60ed19b4-cc62-498e-a0df-30c154794fbe",
	"00000000-0000-0000-0000-000000000000",
	0,
	'CustomerPort::CustomerInterface::s1',
	"00000000-0000-0000-0000-000000000000");
INSERT INTO ACT_BLK
	VALUES ("60ed19b4-cc62-498e-a0df-30c154794fbe",
	0,
	0,
	0,
	'',
	'',
	'',
	0,
	0,
	0,
	0,
	0,
	0,
	0,
	0,
	0,
	0,
	0,
	0,
	0,
	"984d4106-1ef9-42ea-a96e-f08eb2d11e0f",
	"00000000-0000-0000-0000-000000000000");
INSERT INTO SPR_PEP
	VALUES ("93f154b9-bfb9-4a8d-9efe-e0a71925a78e",
	"c446a9a5-de06-4b24-a8cc-957599ee3e34",
	"45f6ed17-28eb-49b4-b51e-26daf29a0cb3");
INSERT INTO SPR_PS
	VALUES ("93f154b9-bfb9-4a8d-9efe-e0a71925a78e",
	's2',
	'',
	'',
	1);
INSERT INTO ACT_PSB
	VALUES ("8ee55421-f8cd-4ae8-b3aa-b9babfa1d035",
	"93f154b9-bfb9-4a8d-9efe-e0a71925a78e");
INSERT INTO ACT_ACT
	VALUES ("8ee55421-f8cd-4ae8-b3aa-b9babfa1d035",
	'signal',
	0,
	"e1c9d5ed-9d91-4707-b627-121d2e06ebd2",
	"00000000-0000-0000-0000-000000000000",
	0,
	'CustomerPort::CustomerInterface::s2',
	"00000000-0000-0000-0000-000000000000");
INSERT INTO ACT_BLK
	VALUES ("e1c9d5ed-9d91-4707-b627-121d2e06ebd2",
	0,
	0,
	0,
	'',
	'',
	'',
	0,
	0,
	0,
	0,
	0,
	0,
	0,
	0,
	0,
	0,
	0,
	0,
	0,
	"8ee55421-f8cd-4ae8-b3aa-b9babfa1d035",
	"00000000-0000-0000-0000-000000000000");
INSERT INTO SPR_PEP
	VALUES ("eb1e3070-efe5-4284-9896-719709614b7d",
	"fa304608-7681-41c3-ad76-a0f6e8611f35",
	"45f6ed17-28eb-49b4-b51e-26daf29a0cb3");
INSERT INTO SPR_PS
	VALUES ("eb1e3070-efe5-4284-9896-719709614b7d",
	's1',
	'',
	'',
	1);
INSERT INTO ACT_PSB
	VALUES ("4a18aa2b-ca21-4b70-be5c-b70f6f069272",
	"eb1e3070-efe5-4284-9896-719709614b7d");
INSERT INTO ACT_ACT
	VALUES ("4a18aa2b-ca21-4b70-be5c-b70f6f069272",
	'signal',
	0,
	"b6d2e248-19e5-4da6-ab13-0e681fecce07",
	"00000000-0000-0000-0000-000000000000",
	0,
	'CustomerPort::CustomerInterface::s1',
	"00000000-0000-0000-0000-000000000000");
INSERT INTO ACT_BLK
	VALUES ("b6d2e248-19e5-4da6-ab13-0e681fecce07",
	0,
	0,
	0,
	'',
	'',
	'',
	0,
	0,
	0,
	0,
	0,
	0,
	0,
	0,
	0,
	0,
	0,
	0,
	0,
	"4a18aa2b-ca21-4b70-be5c-b70f6f069272",
	"00000000-0000-0000-0000-000000000000");
INSERT INTO SPR_PEP
	VALUES ("3141febd-97a7-423e-a7c2-fcecd63ab45e",
	"0184b93d-0963-496f-b323-26d0404529d6",
	"45f6ed17-28eb-49b4-b51e-26daf29a0cb3");
INSERT INTO SPR_PS
	VALUES ("3141febd-97a7-423e-a7c2-fcecd63ab45e",
	's2',
	'',
	'',
	1);
INSERT INTO ACT_PSB
	VALUES ("d4906bc9-2fd4-4472-84a2-788c0693053a",
	"3141febd-97a7-423e-a7c2-fcecd63ab45e");
INSERT INTO ACT_ACT
	VALUES ("d4906bc9-2fd4-4472-84a2-788c0693053a",
	'signal',
	0,
	"562a99cb-4264-49fd-a8d1-cf3c4dc98d8a",
	"00000000-0000-0000-0000-000000000000",
	0,
	'CustomerPort::CustomerInterface::s2',
	"00000000-0000-0000-0000-000000000000");
INSERT INTO ACT_BLK
	VALUES ("562a99cb-4264-49fd-a8d1-cf3c4dc98d8a",
	0,
	0,
	0,
	'',
	'',
	'',
	0,
	0,
	0,
	0,
	0,
	0,
	0,
	0,
	0,
	0,
	0,
	0,
	0,
	"d4906bc9-2fd4-4472-84a2-788c0693053a",
	"00000000-0000-0000-0000-000000000000");
INSERT INTO SPR_PEP
	VALUES ("a37e279b-5df3-4aa2-84a9-4f8e89d9191c",
	"b6137a20-d83a-4130-90cf-4bbff803d680",
	"45f6ed17-28eb-49b4-b51e-26daf29a0cb3");
INSERT INTO SPR_PS
	VALUES ("a37e279b-5df3-4aa2-84a9-4f8e89d9191c",
	's1',
	'',
	'',
	1);
INSERT INTO ACT_PSB
	VALUES ("a9b48443-3315-41c9-97f0-67139c498c61",
	"a37e279b-5df3-4aa2-84a9-4f8e89d9191c");
INSERT INTO ACT_ACT
	VALUES ("a9b48443-3315-41c9-97f0-67139c498c61",
	'signal',
	0,
	"91b42f21-a9f7-4787-8cba-d27c03f873b6",
	"00000000-0000-0000-0000-000000000000",
	0,
	'CustomerPort::CustomerInterface::s1',
	"00000000-0000-0000-0000-000000000000");
INSERT INTO ACT_BLK
	VALUES ("91b42f21-a9f7-4787-8cba-d27c03f873b6",
	0,
	0,
	0,
	'',
	'',
	'',
	0,
	0,
	0,
	0,
	0,
	0,
	0,
	0,
	0,
	0,
	0,
	0,
	0,
	"a9b48443-3315-41c9-97f0-67139c498c61",
	"00000000-0000-0000-0000-000000000000");
INSERT INTO SPR_PEP
	VALUES ("d86011ae-176d-4bbf-a12d-3fe4def5b1a8",
	"4955e92a-9d9e-450c-aa80-bb592becd350",
	"45f6ed17-28eb-49b4-b51e-26daf29a0cb3");
INSERT INTO SPR_PS
	VALUES ("d86011ae-176d-4bbf-a12d-3fe4def5b1a8",
	's2',
	'',
	'',
	1);
INSERT INTO ACT_PSB
	VALUES ("a7907787-cdd2-4a98-9f81-196420702ad6",
	"d86011ae-176d-4bbf-a12d-3fe4def5b1a8");
INSERT INTO ACT_ACT
	VALUES ("a7907787-cdd2-4a98-9f81-196420702ad6",
	'signal',
	0,
	"a271e0fb-2a20-4baa-8557-cddfacff8806",
	"00000000-0000-0000-0000-000000000000",
	0,
	'CustomerPort::CustomerInterface::s2',
	"00000000-0000-0000-0000-000000000000");
INSERT INTO ACT_BLK
	VALUES ("a271e0fb-2a20-4baa-8557-cddfacff8806",
	0,
	0,
	0,
	'',
	'',
	'',
	0,
	0,
	0,
	0,
	0,
	0,
	0,
	0,
	0,
	0,
	0,
	0,
	0,
	"a7907787-cdd2-4a98-9f81-196420702ad6",
	"00000000-0000-0000-0000-000000000000");
INSERT INTO SPR_PEP
	VALUES ("2fe988cc-8d04-4830-a961-332484bc4929",
	"e13258fc-6b0d-44ea-8ef2-7a156ee15593",
	"45f6ed17-28eb-49b4-b51e-26daf29a0cb3");
INSERT INTO SPR_PS
	VALUES ("2fe988cc-8d04-4830-a961-332484bc4929",
	's1',
	'',
	'',
	1);
INSERT INTO ACT_PSB
	VALUES ("48be74f7-2296-465e-9b07-730c36ae907e",
	"2fe988cc-8d04-4830-a961-332484bc4929");
INSERT INTO ACT_ACT
	VALUES ("48be74f7-2296-465e-9b07-730c36ae907e",
	'signal',
	0,
	"88cc5bb1-fcff-4e91-b6c8-5b9c88f4eb70",
	"00000000-0000-0000-0000-000000000000",
	0,
	'CustomerPort::CustomerInterface::s1',
	"00000000-0000-0000-0000-000000000000");
INSERT INTO ACT_BLK
	VALUES ("88cc5bb1-fcff-4e91-b6c8-5b9c88f4eb70",
	0,
	0,
	0,
	'',
	'',
	'',
	0,
	0,
	0,
	0,
	0,
	0,
	0,
	0,
	0,
	0,
	0,
	0,
	0,
	"48be74f7-2296-465e-9b07-730c36ae907e",
	"00000000-0000-0000-0000-000000000000");
INSERT INTO SPR_PEP
	VALUES ("91e3a84d-95fa-410d-a683-fc7f264737b0",
	"83944b64-b858-449a-8fc8-e20614b23693",
	"45f6ed17-28eb-49b4-b51e-26daf29a0cb3");
INSERT INTO SPR_PS
	VALUES ("91e3a84d-95fa-410d-a683-fc7f264737b0",
	's2',
	'',
	'',
	1);
INSERT INTO ACT_PSB
	VALUES ("a16c3a17-28c7-45ad-b8e2-d54a2fba4f91",
	"91e3a84d-95fa-410d-a683-fc7f264737b0");
INSERT INTO ACT_ACT
	VALUES ("a16c3a17-28c7-45ad-b8e2-d54a2fba4f91",
	'signal',
	0,
	"c840967a-f15b-42f2-9aa9-47c7442aac69",
	"00000000-0000-0000-0000-000000000000",
	0,
	'CustomerPort::CustomerInterface::s2',
	"00000000-0000-0000-0000-000000000000");
INSERT INTO ACT_BLK
	VALUES ("c840967a-f15b-42f2-9aa9-47c7442aac69",
	0,
	0,
	0,
	'',
	'',
	'',
	0,
	0,
	0,
	0,
	0,
	0,
	0,
	0,
	0,
	0,
	0,
	0,
	0,
	"a16c3a17-28c7-45ad-b8e2-d54a2fba4f91",
	"00000000-0000-0000-0000-000000000000");
INSERT INTO SPR_PEP
	VALUES ("ac25dae2-f502-49b0-a5b2-81e829899edb",
	"6849e51f-02ea-4e23-9ba2-af67a12531d4",
	"45f6ed17-28eb-49b4-b51e-26daf29a0cb3");
INSERT INTO SPR_PO
	VALUES ("ac25dae2-f502-49b0-a5b2-81e829899edb",
	'o1',
	'',
	'',
	1);
INSERT INTO ACT_POB
	VALUES ("9646db9b-bef4-4a40-bde9-6628d2042644",
	"ac25dae2-f502-49b0-a5b2-81e829899edb");
INSERT INTO ACT_ACT
	VALUES ("9646db9b-bef4-4a40-bde9-6628d2042644",
	'interface operation',
	0,
	"0f61ada8-f132-4075-a649-8536d187930c",
	"00000000-0000-0000-0000-000000000000",
	0,
	'CustomerPort::CustomerInterface::o1',
	"00000000-0000-0000-0000-000000000000");
INSERT INTO ACT_BLK
	VALUES ("0f61ada8-f132-4075-a649-8536d187930c",
	0,
	0,
	0,
	'',
	'',
	'',
	0,
	0,
	0,
	0,
	0,
	0,
	0,
	0,
	0,
	0,
	0,
	0,
	0,
	"9646db9b-bef4-4a40-bde9-6628d2042644",
	"00000000-0000-0000-0000-000000000000");
INSERT INTO SPR_PEP
	VALUES ("f7a0d3cf-0d17-488b-aaa1-edb02933dc59",
	"1a8e5c38-7020-4123-ba0e-67897534dc19",
	"45f6ed17-28eb-49b4-b51e-26daf29a0cb3");
INSERT INTO SPR_PO
	VALUES ("f7a0d3cf-0d17-488b-aaa1-edb02933dc59",
	'o2',
	'',
	'',
	1);
INSERT INTO ACT_POB
	VALUES ("bc29e86b-8396-4630-b1a1-2fd5884912c1",
	"f7a0d3cf-0d17-488b-aaa1-edb02933dc59");
INSERT INTO ACT_ACT
	VALUES ("bc29e86b-8396-4630-b1a1-2fd5884912c1",
	'interface operation',
	0,
	"c105c2d1-ee16-491f-9ca4-d37b936b980c",
	"00000000-0000-0000-0000-000000000000",
	0,
	'CustomerPort::CustomerInterface::o2',
	"00000000-0000-0000-0000-000000000000");
INSERT INTO ACT_BLK
	VALUES ("c105c2d1-ee16-491f-9ca4-d37b936b980c",
	0,
	0,
	0,
	'',
	'',
	'',
	0,
	0,
	0,
	0,
	0,
	0,
	0,
	0,
	0,
	0,
	0,
	0,
	0,
	"bc29e86b-8396-4630-b1a1-2fd5884912c1",
	"00000000-0000-0000-0000-000000000000");
INSERT INTO SPR_PEP
	VALUES ("7048a6f5-d0a5-4d71-90ca-b723482f3a3f",
	"83e74f67-f572-4d64-bf5f-6e4117a48ac4",
	"45f6ed17-28eb-49b4-b51e-26daf29a0cb3");
INSERT INTO SPR_PO
	VALUES ("7048a6f5-d0a5-4d71-90ca-b723482f3a3f",
	'o1',
	'',
	'',
	1);
INSERT INTO ACT_POB
	VALUES ("0d46d2d6-2650-4062-beb2-ff0da2180712",
	"7048a6f5-d0a5-4d71-90ca-b723482f3a3f");
INSERT INTO ACT_ACT
	VALUES ("0d46d2d6-2650-4062-beb2-ff0da2180712",
	'interface operation',
	0,
	"5b9ce1d7-f23c-4b77-b47b-bf71f39757df",
	"00000000-0000-0000-0000-000000000000",
	0,
	'CustomerPort::CustomerInterface::o1',
	"00000000-0000-0000-0000-000000000000");
INSERT INTO ACT_BLK
	VALUES ("5b9ce1d7-f23c-4b77-b47b-bf71f39757df",
	0,
	0,
	0,
	'',
	'',
	'',
	0,
	0,
	0,
	0,
	0,
	0,
	0,
	0,
	0,
	0,
	0,
	0,
	0,
	"0d46d2d6-2650-4062-beb2-ff0da2180712",
	"00000000-0000-0000-0000-000000000000");
INSERT INTO SPR_PEP
	VALUES ("4fdd339a-da43-4b2c-a5d1-4df700bcaafb",
	"ab21eaf4-6f87-4d16-adcd-35b43eab657c",
	"45f6ed17-28eb-49b4-b51e-26daf29a0cb3");
INSERT INTO SPR_PO
	VALUES ("4fdd339a-da43-4b2c-a5d1-4df700bcaafb",
	'o2',
	'',
	'',
	1);
INSERT INTO ACT_POB
	VALUES ("48dac2b2-e0e8-485d-bb62-58f6204967bf",
	"4fdd339a-da43-4b2c-a5d1-4df700bcaafb");
INSERT INTO ACT_ACT
	VALUES ("48dac2b2-e0e8-485d-bb62-58f6204967bf",
	'interface operation',
	0,
	"3aaebfcf-3aef-49e8-9ab0-b990c7e867f7",
	"00000000-0000-0000-0000-000000000000",
	0,
	'CustomerPort::CustomerInterface::o2',
	"00000000-0000-0000-0000-000000000000");
INSERT INTO ACT_BLK
	VALUES ("3aaebfcf-3aef-49e8-9ab0-b990c7e867f7",
	0,
	0,
	0,
	'',
	'',
	'',
	0,
	0,
	0,
	0,
	0,
	0,
	0,
	0,
	0,
	0,
	0,
	0,
	0,
	"48dac2b2-e0e8-485d-bb62-58f6204967bf",
	"00000000-0000-0000-0000-000000000000");
INSERT INTO SPR_PEP
	VALUES ("48176279-df42-4996-8c21-1426ad44d4f7",
	"249da9fe-e7f0-4173-8e09-ca48a3cd7d3c",
	"45f6ed17-28eb-49b4-b51e-26daf29a0cb3");
INSERT INTO SPR_PO
	VALUES ("48176279-df42-4996-8c21-1426ad44d4f7",
	'o1',
	'',
	'',
	1);
INSERT INTO ACT_POB
	VALUES ("0dce55f4-8588-429d-ab21-067f1360024b",
	"48176279-df42-4996-8c21-1426ad44d4f7");
INSERT INTO ACT_ACT
	VALUES ("0dce55f4-8588-429d-ab21-067f1360024b",
	'interface operation',
	0,
	"3622cfa4-1c92-4006-acd6-bb8baf8001b3",
	"00000000-0000-0000-0000-000000000000",
	0,
	'CustomerPort::CustomerInterface::o1',
	"00000000-0000-0000-0000-000000000000");
INSERT INTO ACT_BLK
	VALUES ("3622cfa4-1c92-4006-acd6-bb8baf8001b3",
	0,
	0,
	0,
	'',
	'',
	'',
	0,
	0,
	0,
	0,
	0,
	0,
	0,
	0,
	0,
	0,
	0,
	0,
	0,
	"0dce55f4-8588-429d-ab21-067f1360024b",
	"00000000-0000-0000-0000-000000000000");
INSERT INTO SPR_PEP
	VALUES ("16c3d116-faa6-48e8-80eb-3aaacc2af7f0",
	"1bdb7028-c766-4634-b100-e21c9da8a53a",
	"45f6ed17-28eb-49b4-b51e-26daf29a0cb3");
INSERT INTO SPR_PO
	VALUES ("16c3d116-faa6-48e8-80eb-3aaacc2af7f0",
	'o2',
	'',
	'',
	1);
INSERT INTO ACT_POB
	VALUES ("3f2a9bd1-a60b-4292-ae05-e4273299c9f8",
	"16c3d116-faa6-48e8-80eb-3aaacc2af7f0");
INSERT INTO ACT_ACT
	VALUES ("3f2a9bd1-a60b-4292-ae05-e4273299c9f8",
	'interface operation',
	0,
	"725d8523-f4c1-492d-8c38-9d67add2ea8b",
	"00000000-0000-0000-0000-000000000000",
	0,
	'CustomerPort::CustomerInterface::o2',
	"00000000-0000-0000-0000-000000000000");
INSERT INTO ACT_BLK
	VALUES ("725d8523-f4c1-492d-8c38-9d67add2ea8b",
	0,
	0,
	0,
	'',
	'',
	'',
	0,
	0,
	0,
	0,
	0,
	0,
	0,
	0,
	0,
	0,
	0,
	0,
	0,
	"3f2a9bd1-a60b-4292-ae05-e4273299c9f8",
	"00000000-0000-0000-0000-000000000000");
INSERT INTO SPR_PEP
	VALUES ("b3410308-deb9-4006-bb30-bb6c59000bce",
	"c1390e36-a425-496e-8f3a-2c42ea4f65e0",
	"45f6ed17-28eb-49b4-b51e-26daf29a0cb3");
INSERT INTO SPR_PO
	VALUES ("b3410308-deb9-4006-bb30-bb6c59000bce",
	'o1',
	'',
	'',
	1);
INSERT INTO ACT_POB
	VALUES ("ee69abfd-366f-4aa5-a645-361530127b80",
	"b3410308-deb9-4006-bb30-bb6c59000bce");
INSERT INTO ACT_ACT
	VALUES ("ee69abfd-366f-4aa5-a645-361530127b80",
	'interface operation',
	0,
	"ea2a83b6-eb92-470e-9f18-69f7269730f7",
	"00000000-0000-0000-0000-000000000000",
	0,
	'CustomerPort::CustomerInterface::o1',
	"00000000-0000-0000-0000-000000000000");
INSERT INTO ACT_BLK
	VALUES ("ea2a83b6-eb92-470e-9f18-69f7269730f7",
	0,
	0,
	0,
	'',
	'',
	'',
	0,
	0,
	0,
	0,
	0,
	0,
	0,
	0,
	0,
	0,
	0,
	0,
	0,
	"ee69abfd-366f-4aa5-a645-361530127b80",
	"00000000-0000-0000-0000-000000000000");
INSERT INTO SPR_PEP
	VALUES ("6f363673-7391-4ca9-8477-fbe082d6af20",
	"ca27b2e6-6400-41c8-a5a6-65e00a685cfb",
	"45f6ed17-28eb-49b4-b51e-26daf29a0cb3");
INSERT INTO SPR_PO
	VALUES ("6f363673-7391-4ca9-8477-fbe082d6af20",
	'o2',
	'',
	'',
	1);
INSERT INTO ACT_POB
	VALUES ("b6514a8d-7293-4144-be38-76ab932bd6f7",
	"6f363673-7391-4ca9-8477-fbe082d6af20");
INSERT INTO ACT_ACT
	VALUES ("b6514a8d-7293-4144-be38-76ab932bd6f7",
	'interface operation',
	0,
	"625c56c6-0733-4eb9-b41d-dd0256c475fd",
	"00000000-0000-0000-0000-000000000000",
	0,
	'CustomerPort::CustomerInterface::o2',
	"00000000-0000-0000-0000-000000000000");
INSERT INTO ACT_BLK
	VALUES ("625c56c6-0733-4eb9-b41d-dd0256c475fd",
	0,
	0,
	0,
	'',
	'',
	'',
	0,
	0,
	0,
	0,
	0,
	0,
	0,
	0,
	0,
	0,
	0,
	0,
	0,
	"b6514a8d-7293-4144-be38-76ab932bd6f7",
	"00000000-0000-0000-0000-000000000000");
INSERT INTO SPR_PEP
	VALUES ("bb1cf1ce-7590-4671-9e65-1495e2e4934f",
	"f4160a28-9e80-4907-a5b7-dd7069143dd9",
	"45f6ed17-28eb-49b4-b51e-26daf29a0cb3");
INSERT INTO SPR_PO
	VALUES ("bb1cf1ce-7590-4671-9e65-1495e2e4934f",
	'o1',
	'',
	'',
	1);
INSERT INTO ACT_POB
	VALUES ("8444930e-7b11-4b32-a1a0-1920a87ed352",
	"bb1cf1ce-7590-4671-9e65-1495e2e4934f");
INSERT INTO ACT_ACT
	VALUES ("8444930e-7b11-4b32-a1a0-1920a87ed352",
	'interface operation',
	0,
	"7977b1f8-2b9a-43fe-9792-4f494fa198e3",
	"00000000-0000-0000-0000-000000000000",
	0,
	'CustomerPort::CustomerInterface::o1',
	"00000000-0000-0000-0000-000000000000");
INSERT INTO ACT_BLK
	VALUES ("7977b1f8-2b9a-43fe-9792-4f494fa198e3",
	0,
	0,
	0,
	'',
	'',
	'',
	0,
	0,
	0,
	0,
	0,
	0,
	0,
	0,
	0,
	0,
	0,
	0,
	0,
	"8444930e-7b11-4b32-a1a0-1920a87ed352",
	"00000000-0000-0000-0000-000000000000");
INSERT INTO SPR_PEP
	VALUES ("85da1c4d-16c2-4326-a28c-44683118b637",
	"df0ef208-77f8-42fc-9ff9-dc714e539856",
	"45f6ed17-28eb-49b4-b51e-26daf29a0cb3");
INSERT INTO SPR_PO
	VALUES ("85da1c4d-16c2-4326-a28c-44683118b637",
	'o2',
	'',
	'',
	1);
INSERT INTO ACT_POB
	VALUES ("540734d4-ac1a-4e07-94ea-b2bf6cdc0d59",
	"85da1c4d-16c2-4326-a28c-44683118b637");
INSERT INTO ACT_ACT
	VALUES ("540734d4-ac1a-4e07-94ea-b2bf6cdc0d59",
	'interface operation',
	0,
	"d0715532-4e50-45ec-bf20-69d6f7e6b350",
	"00000000-0000-0000-0000-000000000000",
	0,
	'CustomerPort::CustomerInterface::o2',
	"00000000-0000-0000-0000-000000000000");
INSERT INTO ACT_BLK
	VALUES ("d0715532-4e50-45ec-bf20-69d6f7e6b350",
	0,
	0,
	0,
	'',
	'',
	'',
	0,
	0,
	0,
	0,
	0,
	0,
	0,
	0,
	0,
	0,
	0,
	0,
	0,
	"540734d4-ac1a-4e07-94ea-b2bf6cdc0d59",
	"00000000-0000-0000-0000-000000000000");
INSERT INTO C_PO
	VALUES ("f8523377-969b-4dac-8a14-33dec9b5257a",
	"ab2192c8-8390-4631-9e2c-fca2a1f30c08",
	'PaymentProviderPort',
	0,
	0);
INSERT INTO C_IR
	VALUES ("e5700c6d-f43b-47a0-ac2d-0a9428c49aaf",
	"611bea7a-9387-43ea-ba5d-394798e936a3",
	"00000000-0000-0000-0000-000000000000",
	"f8523377-969b-4dac-8a14-33dec9b5257a");
INSERT INTO C_R
	VALUES ("e5700c6d-f43b-47a0-ac2d-0a9428c49aaf",
	'PaymentProviderInterface',
	'',
	'Unnamed Interface',
	'HotelComponent::PaymentProviderPort::PaymentProviderInterface');
INSERT INTO SPR_REP
	VALUES ("8d34f116-01ee-4538-8974-0d535305eaa6",
	"7cafd22b-6779-4267-a861-d26be27bb0a1",
	"e5700c6d-f43b-47a0-ac2d-0a9428c49aaf");
INSERT INTO SPR_RS
	VALUES ("8d34f116-01ee-4538-8974-0d535305eaa6",
	'paymentInfo',
	'',
	'',
	1);
INSERT INTO ACT_RSB
	VALUES ("7290e919-b0ff-4468-89b9-b1a2d56b756c",
	"8d34f116-01ee-4538-8974-0d535305eaa6");
INSERT INTO ACT_ACT
	VALUES ("7290e919-b0ff-4468-89b9-b1a2d56b756c",
	'signal',
	0,
	"c7548cc7-e60f-4cba-b55d-c8b32a6eebd5",
	"00000000-0000-0000-0000-000000000000",
	0,
	'PaymentProviderPort::PaymentProviderInterface::paymentInfo',
	"00000000-0000-0000-0000-000000000000");
INSERT INTO ACT_BLK
	VALUES ("c7548cc7-e60f-4cba-b55d-c8b32a6eebd5",
	0,
	0,
	0,
	'',
	'',
	'',
	0,
	0,
	0,
	0,
	0,
	0,
	0,
	0,
	0,
	0,
	0,
	0,
	0,
	"7290e919-b0ff-4468-89b9-b1a2d56b756c",
	"00000000-0000-0000-0000-000000000000");
INSERT INTO SPR_REP
	VALUES ("0c4dde20-f824-4965-8ee8-1496b7c18b10",
	"2d9cd3fd-553c-48ce-b032-46811da9d137",
	"e5700c6d-f43b-47a0-ac2d-0a9428c49aaf");
INSERT INTO SPR_RS
	VALUES ("0c4dde20-f824-4965-8ee8-1496b7c18b10",
	'paymentValid',
	'',
	'

select any bs from instances of BOOKINGSESSION where selected.ID == param.sessionID;

if (not_empty bs)
	LOG::LogInfo(message: "H: paymentValidSignal: generating event");
	generate BOOKINGSESSION7:paymentConfirmedEvent(valid:param.valid) to bs;
else
	LOG::LogInfo(message: "H: paymentValidSignal: Session not found.");
end if;',
	1);
INSERT INTO ACT_RSB
	VALUES ("c09961a0-c11a-426b-aed3-8ee072f78219",
	"0c4dde20-f824-4965-8ee8-1496b7c18b10");
INSERT INTO ACT_ACT
	VALUES ("c09961a0-c11a-426b-aed3-8ee072f78219",
	'signal',
	0,
	"4c0cc3f3-86c1-4553-a9cc-c9ed59572093",
	"00000000-0000-0000-0000-000000000000",
	0,
	'PaymentProviderPort::PaymentProviderInterface::paymentValid',
	"00000000-0000-0000-0000-000000000000");
INSERT INTO ACT_BLK
	VALUES ("4c0cc3f3-86c1-4553-a9cc-c9ed59572093",
	1,
	0,
	1,
	'',
	'',
	'',
	8,
	1,
	3,
	33,
	0,
	0,
	0,
	0,
	0,
	0,
	0,
	0,
	0,
	"c09961a0-c11a-426b-aed3-8ee072f78219",
	"00000000-0000-0000-0000-000000000000");
INSERT INTO ACT_SMT
	VALUES ("febdcb28-6c95-4cf8-b6b2-ffdb8de64860",
	"4c0cc3f3-86c1-4553-a9cc-c9ed59572093",
	"65deba3b-10a7-4863-9ff4-7e106e78d5ca",
	3,
	1,
	'PaymentProviderPort::PaymentProviderInterface::paymentValid line: 3');
INSERT INTO ACT_FIW
	VALUES ("febdcb28-6c95-4cf8-b6b2-ffdb8de64860",
	"7e8fdf3b-6390-4dfa-8335-d102e32ab8fb",
	1,
	'any',
	"468fc170-170a-4f7e-a4ae-9b1a2d46dca8",
	"7137c09d-ba0e-406b-b3b5-76bb3cc48f3d",
	3,
	33);
INSERT INTO ACT_SMT
	VALUES ("65deba3b-10a7-4863-9ff4-7e106e78d5ca",
	"4c0cc3f3-86c1-4553-a9cc-c9ed59572093",
	"00000000-0000-0000-0000-000000000000",
	5,
	1,
	'PaymentProviderPort::PaymentProviderInterface::paymentValid line: 5');
INSERT INTO ACT_IF
	VALUES ("65deba3b-10a7-4863-9ff4-7e106e78d5ca",
	"ca00855d-be88-461f-b806-4690f78c3d2f",
	"0a8b7993-50b0-4294-8129-073b197eb45d",
	"00000000-0000-0000-0000-000000000000",
	"00000000-0000-0000-0000-000000000000");
INSERT INTO ACT_SMT
	VALUES ("179ef0e0-8257-4ade-975d-b6a60cdadbc3",
	"4c0cc3f3-86c1-4553-a9cc-c9ed59572093",
	"00000000-0000-0000-0000-000000000000",
	8,
	1,
	'PaymentProviderPort::PaymentProviderInterface::paymentValid line: 8');
INSERT INTO ACT_E
	VALUES ("179ef0e0-8257-4ade-975d-b6a60cdadbc3",
	"79aeb1d7-a45f-4b91-9218-107aa5819f2b",
	"65deba3b-10a7-4863-9ff4-7e106e78d5ca");
INSERT INTO V_VAL
	VALUES ("8b6a4f14-a043-4b64-a0eb-23b9e1cc16e8",
	0,
	0,
	3,
	54,
	-1,
	0,
	0,
	0,
	0,
	"ba5eda7a-def5-0000-0000-000000000008",
	"4c0cc3f3-86c1-4553-a9cc-c9ed59572093");
INSERT INTO V_SLR
	VALUES ("8b6a4f14-a043-4b64-a0eb-23b9e1cc16e8",
	"00000000-0000-0000-0000-000000000000",
	"00000000-0000-0000-0000-000000000000",
	"00000000-0000-0000-0000-000000000000");
INSERT INTO V_VAL
	VALUES ("2a9361d7-7641-4259-bf2f-fb821b5ed724",
	0,
	0,
	3,
	63,
	64,
	0,
	0,
	0,
	0,
	"ba5eda7a-def5-0000-0000-000000000005",
	"4c0cc3f3-86c1-4553-a9cc-c9ed59572093");
INSERT INTO V_AVL
	VALUES ("2a9361d7-7641-4259-bf2f-fb821b5ed724",
	"8b6a4f14-a043-4b64-a0eb-23b9e1cc16e8",
	"7137c09d-ba0e-406b-b3b5-76bb3cc48f3d",
	"df46d3b5-7060-4611-8908-d535d035865a");
INSERT INTO V_VAL
	VALUES ("468fc170-170a-4f7e-a4ae-9b1a2d46dca8",
	0,
	0,
	-1,
	-1,
	-1,
	0,
	0,
	0,
	0,
	"ba5eda7a-def5-0000-0000-000000000001",
	"4c0cc3f3-86c1-4553-a9cc-c9ed59572093");
INSERT INTO V_BIN
	VALUES ("468fc170-170a-4f7e-a4ae-9b1a2d46dca8",
	"224b2ab6-b06d-4a55-ada9-8865e85b961d",
	"2a9361d7-7641-4259-bf2f-fb821b5ed724",
	'==');
INSERT INTO V_VAL
	VALUES ("224b2ab6-b06d-4a55-ada9-8865e85b961d",
	0,
	0,
	3,
	75,
	83,
	0,
	0,
	0,
	0,
	"ba5eda7a-def5-0000-0000-000000000005",
	"4c0cc3f3-86c1-4553-a9cc-c9ed59572093");
INSERT INTO V_PVL
	VALUES ("224b2ab6-b06d-4a55-ada9-8865e85b961d",
	"00000000-0000-0000-0000-000000000000",
	"00000000-0000-0000-0000-000000000000",
	"00000000-0000-0000-0000-000000000000",
	"3c67296b-7a0c-4a7f-a53a-fa87f9307dfd");
INSERT INTO V_VAL
	VALUES ("733027ac-ac7b-4eff-9ade-4d48f9c71b88",
	0,
	0,
	5,
	15,
	16,
	0,
	0,
	0,
	0,
	"ba5eda7a-def5-0000-0000-000000000008",
	"4c0cc3f3-86c1-4553-a9cc-c9ed59572093");
INSERT INTO V_IRF
	VALUES ("733027ac-ac7b-4eff-9ade-4d48f9c71b88",
	"7e8fdf3b-6390-4dfa-8335-d102e32ab8fb");
INSERT INTO V_VAL
	VALUES ("0a8b7993-50b0-4294-8129-073b197eb45d",
	0,
	0,
	-1,
	-1,
	-1,
	0,
	0,
	0,
	0,
	"ba5eda7a-def5-0000-0000-000000000001",
	"4c0cc3f3-86c1-4553-a9cc-c9ed59572093");
INSERT INTO V_UNY
	VALUES ("0a8b7993-50b0-4294-8129-073b197eb45d",
	"733027ac-ac7b-4eff-9ade-4d48f9c71b88",
	'not_empty');
INSERT INTO V_VAR
	VALUES ("7e8fdf3b-6390-4dfa-8335-d102e32ab8fb",
	"4c0cc3f3-86c1-4553-a9cc-c9ed59572093",
	'bs',
	1,
	"ba5eda7a-def5-0000-0000-000000000008");
INSERT INTO V_INT
	VALUES ("7e8fdf3b-6390-4dfa-8335-d102e32ab8fb",
	0,
	"7137c09d-ba0e-406b-b3b5-76bb3cc48f3d");
INSERT INTO V_LOC
	VALUES ("5fc9c1e7-32ed-4323-8a2b-6d067d365dd7",
	3,
	12,
	13,
	"7e8fdf3b-6390-4dfa-8335-d102e32ab8fb");
INSERT INTO V_LOC
	VALUES ("dd6545ae-425d-45dc-bfe5-c3ba3c57c418",
	7,
	71,
	72,
	"7e8fdf3b-6390-4dfa-8335-d102e32ab8fb");
INSERT INTO ACT_BLK
	VALUES ("ca00855d-be88-461f-b806-4690f78c3d2f",
	0,
	0,
	0,
	'V_VAR.Var_ID',
	'valid',
	'valid',
	7,
	2,
	6,
	2,
	0,
	0,
	0,
	0,
	0,
	0,
	0,
	0,
	0,
	"c09961a0-c11a-426b-aed3-8ee072f78219",
	"00000000-0000-0000-0000-000000000000");
INSERT INTO ACT_SMT
	VALUES ("a065def2-ea5c-4bad-9a18-f4c4b7f4fa6f",
	"ca00855d-be88-461f-b806-4690f78c3d2f",
	"eae9afa3-31eb-4161-8d18-56287878ed92",
	6,
	2,
	'PaymentProviderPort::PaymentProviderInterface::paymentValid line: 6');
INSERT INTO ACT_BRG
	VALUES ("a065def2-ea5c-4bad-9a18-f4c4b7f4fa6f",
	"768e1cca-7403-495c-9b22-afd11a473eb6",
	6,
	7,
	6,
	2);
INSERT INTO ACT_SMT
	VALUES ("eae9afa3-31eb-4161-8d18-56287878ed92",
	"ca00855d-be88-461f-b806-4690f78c3d2f",
	"00000000-0000-0000-0000-000000000000",
	7,
	2,
	'PaymentProviderPort::PaymentProviderInterface::paymentValid line: 7');
INSERT INTO E_ESS
	VALUES ("eae9afa3-31eb-4161-8d18-56287878ed92",
	1,
	0,
	7,
	11,
	7,
	27,
	6,
	2,
	7,
	49,
	0,
	0);
INSERT INTO V_PAR
	VALUES ("9d01d819-26f9-45b3-8472-f1f50982cf08",
	"eae9afa3-31eb-4161-8d18-56287878ed92",
	"00000000-0000-0000-0000-000000000000",
	'valid',
	"00000000-0000-0000-0000-000000000000",
	7,
	49);
INSERT INTO E_GES
	VALUES ("eae9afa3-31eb-4161-8d18-56287878ed92");
INSERT INTO E_GSME
	VALUES ("eae9afa3-31eb-4161-8d18-56287878ed92",
	"2abc1152-f6f1-440f-8291-2896e45ba380");
INSERT INTO E_GEN
	VALUES ("eae9afa3-31eb-4161-8d18-56287878ed92",
	"7e8fdf3b-6390-4dfa-8335-d102e32ab8fb");
INSERT INTO V_VAL
	VALUES ("43a59868-f02d-450f-9401-f85a492b3fd5",
	0,
	0,
	6,
	24,
	63,
	0,
	0,
	0,
	0,
	"ba5eda7a-def5-0000-0000-000000000004",
	"ca00855d-be88-461f-b806-4690f78c3d2f");
INSERT INTO V_LST
	VALUES ("43a59868-f02d-450f-9401-f85a492b3fd5",
	'H: paymentValidSignal: generating event');
INSERT INTO V_PAR
	VALUES ("43a59868-f02d-450f-9401-f85a492b3fd5",
	"a065def2-ea5c-4bad-9a18-f4c4b7f4fa6f",
	"00000000-0000-0000-0000-000000000000",
	'message',
	"00000000-0000-0000-0000-000000000000",
	6,
	15);
INSERT INTO V_VAL
	VALUES ("9d01d819-26f9-45b3-8472-f1f50982cf08",
	0,
	0,
	7,
	61,
	65,
	0,
	0,
	0,
	0,
	"ba5eda7a-def5-0000-0000-000000000001",
	"ca00855d-be88-461f-b806-4690f78c3d2f");
INSERT INTO V_PVL
	VALUES ("9d01d819-26f9-45b3-8472-f1f50982cf08",
	"00000000-0000-0000-0000-000000000000",
	"00000000-0000-0000-0000-000000000000",
	"00000000-0000-0000-0000-000000000000",
	"b70b0790-90c1-4465-8ee8-3f87ff492a8c");
INSERT INTO ACT_BLK
	VALUES ("79aeb1d7-a45f-4b91-9218-107aa5819f2b",
	0,
	0,
	0,
	'LOG',
	'',
	'',
	9,
	2,
	9,
	2,
	0,
	0,
	0,
	0,
	0,
	0,
	0,
	0,
	0,
	"c09961a0-c11a-426b-aed3-8ee072f78219",
	"00000000-0000-0000-0000-000000000000");
INSERT INTO ACT_SMT
	VALUES ("ad38702a-ab55-41c1-83af-0ded7f4a2d7d",
	"79aeb1d7-a45f-4b91-9218-107aa5819f2b",
	"00000000-0000-0000-0000-000000000000",
	9,
	2,
	'PaymentProviderPort::PaymentProviderInterface::paymentValid line: 9');
INSERT INTO ACT_BRG
	VALUES ("ad38702a-ab55-41c1-83af-0ded7f4a2d7d",
	"768e1cca-7403-495c-9b22-afd11a473eb6",
	9,
	7,
	9,
	2);
INSERT INTO V_VAL
	VALUES ("cb037feb-4cb6-4723-8395-b902d21d08dd",
	0,
	0,
	9,
	24,
	65,
	0,
	0,
	0,
	0,
	"ba5eda7a-def5-0000-0000-000000000004",
	"79aeb1d7-a45f-4b91-9218-107aa5819f2b");
INSERT INTO V_LST
	VALUES ("cb037feb-4cb6-4723-8395-b902d21d08dd",
	'H: paymentValidSignal: Session not found.');
INSERT INTO V_PAR
	VALUES ("cb037feb-4cb6-4723-8395-b902d21d08dd",
	"ad38702a-ab55-41c1-83af-0ded7f4a2d7d",
	"00000000-0000-0000-0000-000000000000",
	'message',
	"00000000-0000-0000-0000-000000000000",
	9,
	15);
INSERT INTO SPR_REP
	VALUES ("769a003e-0907-4779-aa49-c79490d48c5b",
	"2a4861a8-ad7f-463c-8cd6-6e247346484f",
	"e5700c6d-f43b-47a0-ac2d-0a9428c49aaf");
INSERT INTO SPR_RS
	VALUES ("769a003e-0907-4779-aa49-c79490d48c5b",
	's1',
	'',
	'',
	1);
INSERT INTO ACT_RSB
	VALUES ("c5eac3e8-f184-4557-ac51-e6d3e2bb64ec",
	"769a003e-0907-4779-aa49-c79490d48c5b");
INSERT INTO ACT_ACT
	VALUES ("c5eac3e8-f184-4557-ac51-e6d3e2bb64ec",
	'signal',
	0,
	"1cc431c7-b5b0-4c2e-a9f7-0ff2335ca74e",
	"00000000-0000-0000-0000-000000000000",
	0,
	'PaymentProviderPort::PaymentProviderInterface::s1',
	"00000000-0000-0000-0000-000000000000");
INSERT INTO ACT_BLK
	VALUES ("1cc431c7-b5b0-4c2e-a9f7-0ff2335ca74e",
	0,
	0,
	0,
	'',
	'',
	'',
	0,
	0,
	0,
	0,
	0,
	0,
	0,
	0,
	0,
	0,
	0,
	0,
	0,
	"c5eac3e8-f184-4557-ac51-e6d3e2bb64ec",
	"00000000-0000-0000-0000-000000000000");
INSERT INTO SPR_REP
	VALUES ("947a6a62-745b-4af5-8764-ff3a6cc96a6d",
	"7d2bcad0-f2fe-466a-9f5c-5685971410a6",
	"e5700c6d-f43b-47a0-ac2d-0a9428c49aaf");
INSERT INTO SPR_RS
	VALUES ("947a6a62-745b-4af5-8764-ff3a6cc96a6d",
	's1',
	'',
	'',
	1);
INSERT INTO ACT_RSB
	VALUES ("a5e60fd1-e6bb-4a2f-a3fc-dbbed2edcb74",
	"947a6a62-745b-4af5-8764-ff3a6cc96a6d");
INSERT INTO ACT_ACT
	VALUES ("a5e60fd1-e6bb-4a2f-a3fc-dbbed2edcb74",
	'signal',
	0,
	"7b6558df-6f3c-4722-91fe-8b50109a7ad6",
	"00000000-0000-0000-0000-000000000000",
	0,
	'PaymentProviderPort::PaymentProviderInterface::s1',
	"00000000-0000-0000-0000-000000000000");
INSERT INTO ACT_BLK
	VALUES ("7b6558df-6f3c-4722-91fe-8b50109a7ad6",
	0,
	0,
	0,
	'',
	'',
	'',
	0,
	0,
	0,
	0,
	0,
	0,
	0,
	0,
	0,
	0,
	0,
	0,
	0,
	"a5e60fd1-e6bb-4a2f-a3fc-dbbed2edcb74",
	"00000000-0000-0000-0000-000000000000");
INSERT INTO SPR_REP
	VALUES ("2e52824c-612c-4a51-b2ad-beccee855b1e",
	"c99c125a-095f-4952-a629-0621c7dbdb11",
	"e5700c6d-f43b-47a0-ac2d-0a9428c49aaf");
INSERT INTO SPR_RS
	VALUES ("2e52824c-612c-4a51-b2ad-beccee855b1e",
	's1',
	'',
	'',
	1);
INSERT INTO ACT_RSB
	VALUES ("100b42b8-4106-40d2-835f-4bc5a95b81c6",
	"2e52824c-612c-4a51-b2ad-beccee855b1e");
INSERT INTO ACT_ACT
	VALUES ("100b42b8-4106-40d2-835f-4bc5a95b81c6",
	'signal',
	0,
	"481cc236-7567-4501-b348-4d363a243ceb",
	"00000000-0000-0000-0000-000000000000",
	0,
	'PaymentProviderPort::PaymentProviderInterface::s1',
	"00000000-0000-0000-0000-000000000000");
INSERT INTO ACT_BLK
	VALUES ("481cc236-7567-4501-b348-4d363a243ceb",
	0,
	0,
	0,
	'',
	'',
	'',
	0,
	0,
	0,
	0,
	0,
	0,
	0,
	0,
	0,
	0,
	0,
	0,
	0,
	"100b42b8-4106-40d2-835f-4bc5a95b81c6",
	"00000000-0000-0000-0000-000000000000");
INSERT INTO SPR_REP
	VALUES ("f4df6b21-18f4-4f8f-9f85-03750270796f",
	"6ff3a8a7-9b80-439a-8fb0-f17f749b7d3c",
	"e5700c6d-f43b-47a0-ac2d-0a9428c49aaf");
INSERT INTO SPR_RS
	VALUES ("f4df6b21-18f4-4f8f-9f85-03750270796f",
	's1',
	'',
	'',
	1);
INSERT INTO ACT_RSB
	VALUES ("0a961829-423d-424b-818f-23bb02fca83a",
	"f4df6b21-18f4-4f8f-9f85-03750270796f");
INSERT INTO ACT_ACT
	VALUES ("0a961829-423d-424b-818f-23bb02fca83a",
	'signal',
	0,
	"69e1cf92-2fef-4671-92c6-2247cbcd82f5",
	"00000000-0000-0000-0000-000000000000",
	0,
	'PaymentProviderPort::PaymentProviderInterface::s1',
	"00000000-0000-0000-0000-000000000000");
INSERT INTO ACT_BLK
	VALUES ("69e1cf92-2fef-4671-92c6-2247cbcd82f5",
	0,
	0,
	0,
	'',
	'',
	'',
	0,
	0,
	0,
	0,
	0,
	0,
	0,
	0,
	0,
	0,
	0,
	0,
	0,
	"0a961829-423d-424b-818f-23bb02fca83a",
	"00000000-0000-0000-0000-000000000000");
INSERT INTO SPR_REP
	VALUES ("13f74118-1e32-41e1-a36f-e740de18768a",
	"188f5759-e501-4f70-94fb-2bfb59a128ae",
	"e5700c6d-f43b-47a0-ac2d-0a9428c49aaf");
INSERT INTO SPR_RS
	VALUES ("13f74118-1e32-41e1-a36f-e740de18768a",
	's1',
	'',
	'',
	1);
INSERT INTO ACT_RSB
	VALUES ("71adc01f-7640-4613-ba78-b0b2bd9f6bda",
	"13f74118-1e32-41e1-a36f-e740de18768a");
INSERT INTO ACT_ACT
	VALUES ("71adc01f-7640-4613-ba78-b0b2bd9f6bda",
	'signal',
	0,
	"85a461e2-0743-4e09-990b-5c8fa790e9d3",
	"00000000-0000-0000-0000-000000000000",
	0,
	'PaymentProviderPort::PaymentProviderInterface::s1',
	"00000000-0000-0000-0000-000000000000");
INSERT INTO ACT_BLK
	VALUES ("85a461e2-0743-4e09-990b-5c8fa790e9d3",
	0,
	0,
	0,
	'',
	'',
	'',
	0,
	0,
	0,
	0,
	0,
	0,
	0,
	0,
	0,
	0,
	0,
	0,
	0,
	"71adc01f-7640-4613-ba78-b0b2bd9f6bda",
	"00000000-0000-0000-0000-000000000000");
INSERT INTO SPR_REP
	VALUES ("92d848c9-55c6-4705-b44d-66930b97563c",
	"a9cff890-a2c5-4f18-8bf3-c9a31e0eefc9",
	"e5700c6d-f43b-47a0-ac2d-0a9428c49aaf");
INSERT INTO SPR_RS
	VALUES ("92d848c9-55c6-4705-b44d-66930b97563c",
	's1',
	'',
	'',
	1);
INSERT INTO ACT_RSB
	VALUES ("0341e4e7-b047-47ab-8af5-9d4aa0d4737c",
	"92d848c9-55c6-4705-b44d-66930b97563c");
INSERT INTO ACT_ACT
	VALUES ("0341e4e7-b047-47ab-8af5-9d4aa0d4737c",
	'signal',
	0,
	"088170f2-6cf0-4c45-858d-275aa7283c57",
	"00000000-0000-0000-0000-000000000000",
	0,
	'PaymentProviderPort::PaymentProviderInterface::s1',
	"00000000-0000-0000-0000-000000000000");
INSERT INTO ACT_BLK
	VALUES ("088170f2-6cf0-4c45-858d-275aa7283c57",
	0,
	0,
	0,
	'',
	'',
	'',
	0,
	0,
	0,
	0,
	0,
	0,
	0,
	0,
	0,
	0,
	0,
	0,
	0,
	"0341e4e7-b047-47ab-8af5-9d4aa0d4737c",
	"00000000-0000-0000-0000-000000000000");
INSERT INTO SPR_REP
	VALUES ("bd66d0f5-1377-433f-9430-e274eb4e9a08",
	"503de9c4-232e-4cc9-a0f8-5ac6bffee450",
	"e5700c6d-f43b-47a0-ac2d-0a9428c49aaf");
INSERT INTO SPR_RS
	VALUES ("bd66d0f5-1377-433f-9430-e274eb4e9a08",
	's1',
	'',
	'',
	1);
INSERT INTO ACT_RSB
	VALUES ("0d784c7a-5a5f-45cf-b88f-1a6043a06e3d",
	"bd66d0f5-1377-433f-9430-e274eb4e9a08");
INSERT INTO ACT_ACT
	VALUES ("0d784c7a-5a5f-45cf-b88f-1a6043a06e3d",
	'signal',
	0,
	"cb0761f6-df0c-4f1c-8db8-db60e1934d06",
	"00000000-0000-0000-0000-000000000000",
	0,
	'PaymentProviderPort::PaymentProviderInterface::s1',
	"00000000-0000-0000-0000-000000000000");
INSERT INTO ACT_BLK
	VALUES ("cb0761f6-df0c-4f1c-8db8-db60e1934d06",
	0,
	0,
	0,
	'',
	'',
	'',
	0,
	0,
	0,
	0,
	0,
	0,
	0,
	0,
	0,
	0,
	0,
	0,
	0,
	"0d784c7a-5a5f-45cf-b88f-1a6043a06e3d",
	"00000000-0000-0000-0000-000000000000");
INSERT INTO SPR_REP
	VALUES ("723ab550-e26b-4fa3-ac44-8a70c35b9b77",
	"057381f7-153d-4176-80aa-f5f3b349020a",
	"e5700c6d-f43b-47a0-ac2d-0a9428c49aaf");
INSERT INTO SPR_RO
	VALUES ("723ab550-e26b-4fa3-ac44-8a70c35b9b77",
	'o1',
	'',
	'',
	1);
INSERT INTO ACT_ROB
	VALUES ("504cdc03-46b6-4b1d-bd7f-2c7c55c3475b",
	"723ab550-e26b-4fa3-ac44-8a70c35b9b77");
INSERT INTO ACT_ACT
	VALUES ("504cdc03-46b6-4b1d-bd7f-2c7c55c3475b",
	'interface operation',
	0,
	"93ce4235-8e54-433e-819c-bdde0dc109e4",
	"00000000-0000-0000-0000-000000000000",
	0,
	'PaymentProviderPort::PaymentProviderInterface::o1',
	"00000000-0000-0000-0000-000000000000");
INSERT INTO ACT_BLK
	VALUES ("93ce4235-8e54-433e-819c-bdde0dc109e4",
	0,
	0,
	0,
	'',
	'',
	'',
	0,
	0,
	0,
	0,
	0,
	0,
	0,
	0,
	0,
	0,
	0,
	0,
	0,
	"504cdc03-46b6-4b1d-bd7f-2c7c55c3475b",
	"00000000-0000-0000-0000-000000000000");
INSERT INTO SPR_REP
	VALUES ("af3da670-e67b-4294-98da-8d0c284140dc",
	"5fa0e52f-a290-4d43-b16c-693b93c717bd",
	"e5700c6d-f43b-47a0-ac2d-0a9428c49aaf");
INSERT INTO SPR_RO
	VALUES ("af3da670-e67b-4294-98da-8d0c284140dc",
	'o2',
	'',
	'',
	1);
INSERT INTO ACT_ROB
	VALUES ("395d9063-3dc7-4b80-8c22-797485a4edff",
	"af3da670-e67b-4294-98da-8d0c284140dc");
INSERT INTO ACT_ACT
	VALUES ("395d9063-3dc7-4b80-8c22-797485a4edff",
	'interface operation',
	0,
	"9c4ad08e-1805-401d-9d70-d262af314739",
	"00000000-0000-0000-0000-000000000000",
	0,
	'PaymentProviderPort::PaymentProviderInterface::o2',
	"00000000-0000-0000-0000-000000000000");
INSERT INTO ACT_BLK
	VALUES ("9c4ad08e-1805-401d-9d70-d262af314739",
	0,
	0,
	0,
	'',
	'',
	'',
	0,
	0,
	0,
	0,
	0,
	0,
	0,
	0,
	0,
	0,
	0,
	0,
	0,
	"395d9063-3dc7-4b80-8c22-797485a4edff",
	"00000000-0000-0000-0000-000000000000");
INSERT INTO SPR_REP
	VALUES ("5b579291-745c-4cdf-a381-25a601aba8e4",
	"e5dd7715-d98a-4b18-8017-fb338c438e2a",
	"e5700c6d-f43b-47a0-ac2d-0a9428c49aaf");
INSERT INTO SPR_RO
	VALUES ("5b579291-745c-4cdf-a381-25a601aba8e4",
	'o3',
	'',
	'',
	1);
INSERT INTO ACT_ROB
	VALUES ("ec7adf96-71a5-45e3-ae40-35608cabd5d6",
	"5b579291-745c-4cdf-a381-25a601aba8e4");
INSERT INTO ACT_ACT
	VALUES ("ec7adf96-71a5-45e3-ae40-35608cabd5d6",
	'interface operation',
	0,
	"8e11f76b-8d78-4fa5-89de-784a7cb01477",
	"00000000-0000-0000-0000-000000000000",
	0,
	'PaymentProviderPort::PaymentProviderInterface::o3',
	"00000000-0000-0000-0000-000000000000");
INSERT INTO ACT_BLK
	VALUES ("8e11f76b-8d78-4fa5-89de-784a7cb01477",
	0,
	0,
	0,
	'',
	'',
	'',
	0,
	0,
	0,
	0,
	0,
	0,
	0,
	0,
	0,
	0,
	0,
	0,
	0,
	"ec7adf96-71a5-45e3-ae40-35608cabd5d6",
	"00000000-0000-0000-0000-000000000000");
INSERT INTO SPR_REP
	VALUES ("16e8b945-4151-4bd2-92a8-373b54c1dfb6",
	"f35fc4e6-b36a-4435-8304-40b31cea0c6e",
	"e5700c6d-f43b-47a0-ac2d-0a9428c49aaf");
INSERT INTO SPR_RO
	VALUES ("16e8b945-4151-4bd2-92a8-373b54c1dfb6",
	'o4',
	'',
	'',
	1);
INSERT INTO ACT_ROB
	VALUES ("f9831e87-6feb-4be6-9d78-d7331b69993d",
	"16e8b945-4151-4bd2-92a8-373b54c1dfb6");
INSERT INTO ACT_ACT
	VALUES ("f9831e87-6feb-4be6-9d78-d7331b69993d",
	'interface operation',
	0,
	"af2d3283-3070-4ee3-96df-3a90bfb51029",
	"00000000-0000-0000-0000-000000000000",
	0,
	'PaymentProviderPort::PaymentProviderInterface::o4',
	"00000000-0000-0000-0000-000000000000");
INSERT INTO ACT_BLK
	VALUES ("af2d3283-3070-4ee3-96df-3a90bfb51029",
	0,
	0,
	0,
	'',
	'',
	'',
	0,
	0,
	0,
	0,
	0,
	0,
	0,
	0,
	0,
	0,
	0,
	0,
	0,
	"f9831e87-6feb-4be6-9d78-d7331b69993d",
	"00000000-0000-0000-0000-000000000000");
INSERT INTO SPR_REP
	VALUES ("f263fa51-938f-4861-be30-17b38e842a28",
	"3fdee974-5494-4d1a-8172-e9db9f8ae18d",
	"e5700c6d-f43b-47a0-ac2d-0a9428c49aaf");
INSERT INTO SPR_RO
	VALUES ("f263fa51-938f-4861-be30-17b38e842a28",
	'o1',
	'',
	'',
	1);
INSERT INTO ACT_ROB
	VALUES ("66acb429-77da-4141-b13b-527b319da1e5",
	"f263fa51-938f-4861-be30-17b38e842a28");
INSERT INTO ACT_ACT
	VALUES ("66acb429-77da-4141-b13b-527b319da1e5",
	'interface operation',
	0,
	"fcd6127b-b050-4090-bb86-69afb74d438b",
	"00000000-0000-0000-0000-000000000000",
	0,
	'PaymentProviderPort::PaymentProviderInterface::o1',
	"00000000-0000-0000-0000-000000000000");
INSERT INTO ACT_BLK
	VALUES ("fcd6127b-b050-4090-bb86-69afb74d438b",
	0,
	0,
	0,
	'',
	'',
	'',
	0,
	0,
	0,
	0,
	0,
	0,
	0,
	0,
	0,
	0,
	0,
	0,
	0,
	"66acb429-77da-4141-b13b-527b319da1e5",
	"00000000-0000-0000-0000-000000000000");
INSERT INTO SPR_REP
	VALUES ("b456e48c-587e-427a-a32d-9988d2ae86dc",
	"8b1a5345-340a-4d43-bb67-90ce4607fc5a",
	"e5700c6d-f43b-47a0-ac2d-0a9428c49aaf");
INSERT INTO SPR_RO
	VALUES ("b456e48c-587e-427a-a32d-9988d2ae86dc",
	'o2',
	'',
	'',
	1);
INSERT INTO ACT_ROB
	VALUES ("6ad8d2e1-070a-402c-b2d6-6f872aeb5b83",
	"b456e48c-587e-427a-a32d-9988d2ae86dc");
INSERT INTO ACT_ACT
	VALUES ("6ad8d2e1-070a-402c-b2d6-6f872aeb5b83",
	'interface operation',
	0,
	"e71ce7b1-abfe-44a8-aab9-2e0a76d8f0da",
	"00000000-0000-0000-0000-000000000000",
	0,
	'PaymentProviderPort::PaymentProviderInterface::o2',
	"00000000-0000-0000-0000-000000000000");
INSERT INTO ACT_BLK
	VALUES ("e71ce7b1-abfe-44a8-aab9-2e0a76d8f0da",
	0,
	0,
	0,
	'',
	'',
	'',
	0,
	0,
	0,
	0,
	0,
	0,
	0,
	0,
	0,
	0,
	0,
	0,
	0,
	"6ad8d2e1-070a-402c-b2d6-6f872aeb5b83",
	"00000000-0000-0000-0000-000000000000");
INSERT INTO SPR_REP
	VALUES ("b93a64f0-15d9-4369-ab10-63f0114791a8",
	"2832886f-8f87-4313-99c5-547439cd85f3",
	"e5700c6d-f43b-47a0-ac2d-0a9428c49aaf");
INSERT INTO SPR_RO
	VALUES ("b93a64f0-15d9-4369-ab10-63f0114791a8",
	'o3',
	'',
	'',
	1);
INSERT INTO ACT_ROB
	VALUES ("130ae87b-fe13-41ba-8657-121f6fb82ace",
	"b93a64f0-15d9-4369-ab10-63f0114791a8");
INSERT INTO ACT_ACT
	VALUES ("130ae87b-fe13-41ba-8657-121f6fb82ace",
	'interface operation',
	0,
	"bdb311c2-df55-44ce-ad0e-34078a1dfb62",
	"00000000-0000-0000-0000-000000000000",
	0,
	'PaymentProviderPort::PaymentProviderInterface::o3',
	"00000000-0000-0000-0000-000000000000");
INSERT INTO ACT_BLK
	VALUES ("bdb311c2-df55-44ce-ad0e-34078a1dfb62",
	0,
	0,
	0,
	'',
	'',
	'',
	0,
	0,
	0,
	0,
	0,
	0,
	0,
	0,
	0,
	0,
	0,
	0,
	0,
	"130ae87b-fe13-41ba-8657-121f6fb82ace",
	"00000000-0000-0000-0000-000000000000");
INSERT INTO SPR_REP
	VALUES ("d4099d2b-6f63-4873-b495-2f39f28d542b",
	"bf1855b8-817f-4c4d-9922-307c6ef9976e",
	"e5700c6d-f43b-47a0-ac2d-0a9428c49aaf");
INSERT INTO SPR_RO
	VALUES ("d4099d2b-6f63-4873-b495-2f39f28d542b",
	'o4',
	'',
	'',
	1);
INSERT INTO ACT_ROB
	VALUES ("2916dd9d-337f-4d12-a8b3-d26fce1e697b",
	"d4099d2b-6f63-4873-b495-2f39f28d542b");
INSERT INTO ACT_ACT
	VALUES ("2916dd9d-337f-4d12-a8b3-d26fce1e697b",
	'interface operation',
	0,
	"50af8ebb-da0b-4cc8-b59f-c72ba147da70",
	"00000000-0000-0000-0000-000000000000",
	0,
	'PaymentProviderPort::PaymentProviderInterface::o4',
	"00000000-0000-0000-0000-000000000000");
INSERT INTO ACT_BLK
	VALUES ("50af8ebb-da0b-4cc8-b59f-c72ba147da70",
	0,
	0,
	0,
	'',
	'',
	'',
	0,
	0,
	0,
	0,
	0,
	0,
	0,
	0,
	0,
	0,
	0,
	0,
	0,
	"2916dd9d-337f-4d12-a8b3-d26fce1e697b",
	"00000000-0000-0000-0000-000000000000");
INSERT INTO PE_PE
	VALUES ("960454f9-cf5f-4331-88bf-8023709586b1",
	1,
	"00000000-0000-0000-0000-000000000000",
	"ab2192c8-8390-4631-9e2c-fca2a1f30c08",
	7);
INSERT INTO EP_PKG
	VALUES ("960454f9-cf5f-4331-88bf-8023709586b1",
	"00000000-0000-0000-0000-000000000000",
	"77552e13-265a-4a67-beca-bb6af5f15d0b",
	'Hotel',
	'',
	0);
INSERT INTO PE_PE
	VALUES ("6557ebe6-ab9f-4355-8439-aba9a82c7dd3",
	1,
	"960454f9-cf5f-4331-88bf-8023709586b1",
	"00000000-0000-0000-0000-000000000000",
	3);
INSERT INTO S_DT
	VALUES ("6557ebe6-ab9f-4355-8439-aba9a82c7dd3",
	"00000000-0000-0000-0000-000000000000",
	'inst_ref_set<Facility>',
	'',
	'');
INSERT INTO S_IRDT
	VALUES ("6557ebe6-ab9f-4355-8439-aba9a82c7dd3",
	1,
	"4b839513-bd70-4d73-85ed-c06b10ee091a");
INSERT INTO PE_PE
	VALUES ("bd43dc09-3be2-4ae8-806d-bedb08b1e03c",
	1,
	"960454f9-cf5f-4331-88bf-8023709586b1",
	"00000000-0000-0000-0000-000000000000",
	3);
INSERT INTO S_DT
	VALUES ("bd43dc09-3be2-4ae8-806d-bedb08b1e03c",
	"00000000-0000-0000-0000-000000000000",
	'inst_ref<Facility>',
	'',
	'');
INSERT INTO S_IRDT
	VALUES ("bd43dc09-3be2-4ae8-806d-bedb08b1e03c",
	0,
	"4b839513-bd70-4d73-85ed-c06b10ee091a");
INSERT INTO PE_PE
	VALUES ("43b0cae0-5c1a-4413-9ef4-db5152923f7b",
	1,
	"960454f9-cf5f-4331-88bf-8023709586b1",
	"00000000-0000-0000-0000-000000000000",
	3);
INSERT INTO S_DT
	VALUES ("43b0cae0-5c1a-4413-9ef4-db5152923f7b",
	"00000000-0000-0000-0000-000000000000",
	'inst_ref_set<Booking>',
	'',
	'');
INSERT INTO S_IRDT
	VALUES ("43b0cae0-5c1a-4413-9ef4-db5152923f7b",
	1,
	"9a41fe9e-f547-4cde-b68d-f7db43c904dc");
INSERT INTO PE_PE
	VALUES ("433f7688-7b95-4f9c-89f1-cf076d691ab7",
	1,
	"960454f9-cf5f-4331-88bf-8023709586b1",
	"00000000-0000-0000-0000-000000000000",
	3);
INSERT INTO S_DT
	VALUES ("433f7688-7b95-4f9c-89f1-cf076d691ab7",
	"00000000-0000-0000-0000-000000000000",
	'inst_ref<Booking>',
	'',
	'');
INSERT INTO S_IRDT
	VALUES ("433f7688-7b95-4f9c-89f1-cf076d691ab7",
	0,
	"9a41fe9e-f547-4cde-b68d-f7db43c904dc");
INSERT INTO PE_PE
	VALUES ("df204ffe-8ba5-4335-839a-3b03a55091e7",
	1,
	"960454f9-cf5f-4331-88bf-8023709586b1",
	"00000000-0000-0000-0000-000000000000",
	3);
INSERT INTO S_DT
	VALUES ("df204ffe-8ba5-4335-839a-3b03a55091e7",
	"00000000-0000-0000-0000-000000000000",
	'inst_ref_set<Bookable>',
	'',
	'');
INSERT INTO S_IRDT
	VALUES ("df204ffe-8ba5-4335-839a-3b03a55091e7",
	1,
	"803702ba-1594-4405-b96a-8c76b6ef1c69");
INSERT INTO PE_PE
	VALUES ("bdce89ef-72f6-4386-ba13-b2d926836c80",
	1,
	"960454f9-cf5f-4331-88bf-8023709586b1",
	"00000000-0000-0000-0000-000000000000",
	3);
INSERT INTO S_DT
	VALUES ("bdce89ef-72f6-4386-ba13-b2d926836c80",
	"00000000-0000-0000-0000-000000000000",
	'inst_ref<Bookable>',
	'',
	'');
INSERT INTO S_IRDT
	VALUES ("bdce89ef-72f6-4386-ba13-b2d926836c80",
	0,
	"803702ba-1594-4405-b96a-8c76b6ef1c69");
INSERT INTO PE_PE
	VALUES ("ebb6007c-c361-40c7-ad5b-5b07d6a01d41",
	1,
	"960454f9-cf5f-4331-88bf-8023709586b1",
	"00000000-0000-0000-0000-000000000000",
	3);
INSERT INTO S_DT
	VALUES ("ebb6007c-c361-40c7-ad5b-5b07d6a01d41",
	"00000000-0000-0000-0000-000000000000",
	'inst_ref_set<FacilityType>',
	'',
	'');
INSERT INTO S_IRDT
	VALUES ("ebb6007c-c361-40c7-ad5b-5b07d6a01d41",
	1,
	"bafdc953-1881-43a3-a5f1-9dcc7e2d60c3");
INSERT INTO PE_PE
	VALUES ("99dc6d1a-909c-4bcb-a5b6-04d65b974e90",
	1,
	"960454f9-cf5f-4331-88bf-8023709586b1",
	"00000000-0000-0000-0000-000000000000",
	3);
INSERT INTO S_DT
	VALUES ("99dc6d1a-909c-4bcb-a5b6-04d65b974e90",
	"00000000-0000-0000-0000-000000000000",
	'inst_ref<FacilityType>',
	'',
	'');
INSERT INTO S_IRDT
	VALUES ("99dc6d1a-909c-4bcb-a5b6-04d65b974e90",
	0,
	"bafdc953-1881-43a3-a5f1-9dcc7e2d60c3");
INSERT INTO PE_PE
	VALUES ("c53c3d3d-c925-46df-8d23-da7e20b6f64c",
	1,
	"960454f9-cf5f-4331-88bf-8023709586b1",
	"00000000-0000-0000-0000-000000000000",
	3);
INSERT INTO S_DT
	VALUES ("c53c3d3d-c925-46df-8d23-da7e20b6f64c",
	"00000000-0000-0000-0000-000000000000",
	'inst_ref_set<Service>',
	'',
	'');
INSERT INTO S_IRDT
	VALUES ("c53c3d3d-c925-46df-8d23-da7e20b6f64c",
	1,
	"1efeba6e-0315-442d-8e70-729b05561bea");
INSERT INTO PE_PE
	VALUES ("41359d03-d56a-4b09-9529-4f2f2969949e",
	1,
	"960454f9-cf5f-4331-88bf-8023709586b1",
	"00000000-0000-0000-0000-000000000000",
	3);
INSERT INTO S_DT
	VALUES ("41359d03-d56a-4b09-9529-4f2f2969949e",
	"00000000-0000-0000-0000-000000000000",
	'inst_ref<Service>',
	'',
	'');
INSERT INTO S_IRDT
	VALUES ("41359d03-d56a-4b09-9529-4f2f2969949e",
	0,
	"1efeba6e-0315-442d-8e70-729b05561bea");
INSERT INTO PE_PE
	VALUES ("e8826e92-bfc8-4325-979a-2122f04032b6",
	1,
	"960454f9-cf5f-4331-88bf-8023709586b1",
	"00000000-0000-0000-0000-000000000000",
	9);
INSERT INTO R_REL
	VALUES ("e8826e92-bfc8-4325-979a-2122f04032b6",
	27,
	'',
	"00000000-0000-0000-0000-000000000000");
INSERT INTO R_SIMP
	VALUES ("e8826e92-bfc8-4325-979a-2122f04032b6");
INSERT INTO R_PART
	VALUES ("bd271967-a0a4-4bd7-9783-303111ffdc9b",
	"e8826e92-bfc8-4325-979a-2122f04032b6",
	"8fd6d4e6-2cf9-4cb6-b42f-dd04cc9d2bb4",
	0,
	0,
	'');
INSERT INTO R_RTO
	VALUES ("bd271967-a0a4-4bd7-9783-303111ffdc9b",
	"e8826e92-bfc8-4325-979a-2122f04032b6",
	"8fd6d4e6-2cf9-4cb6-b42f-dd04cc9d2bb4",
	-1);
INSERT INTO R_OIR
	VALUES ("bd271967-a0a4-4bd7-9783-303111ffdc9b",
	"e8826e92-bfc8-4325-979a-2122f04032b6",
	"8fd6d4e6-2cf9-4cb6-b42f-dd04cc9d2bb4",
	"00000000-0000-0000-0000-000000000000");
INSERT INTO R_PART
	VALUES ("7137c09d-ba0e-406b-b3b5-76bb3cc48f3d",
	"e8826e92-bfc8-4325-979a-2122f04032b6",
	"84f388ff-c5fa-46aa-bbcd-66ac73d3101c",
	0,
	0,
	'');
INSERT INTO R_RTO
	VALUES ("7137c09d-ba0e-406b-b3b5-76bb3cc48f3d",
	"e8826e92-bfc8-4325-979a-2122f04032b6",
	"84f388ff-c5fa-46aa-bbcd-66ac73d3101c",
	-1);
INSERT INTO R_OIR
	VALUES ("7137c09d-ba0e-406b-b3b5-76bb3cc48f3d",
	"e8826e92-bfc8-4325-979a-2122f04032b6",
	"84f388ff-c5fa-46aa-bbcd-66ac73d3101c",
	"00000000-0000-0000-0000-000000000000");
INSERT INTO PE_PE
	VALUES ("a30fd0d6-3586-438e-8d6d-b3d3b14c0f03",
	1,
	"960454f9-cf5f-4331-88bf-8023709586b1",
	"00000000-0000-0000-0000-000000000000",
	9);
INSERT INTO R_REL
	VALUES ("a30fd0d6-3586-438e-8d6d-b3d3b14c0f03",
	26,
	'',
	"00000000-0000-0000-0000-000000000000");
INSERT INTO R_SIMP
	VALUES ("a30fd0d6-3586-438e-8d6d-b3d3b14c0f03");
INSERT INTO R_PART
	VALUES ("9a41fe9e-f547-4cde-b68d-f7db43c904dc",
	"a30fd0d6-3586-438e-8d6d-b3d3b14c0f03",
	"30c64141-d0a5-47e7-afc3-fb1ec9e5775e",
	0,
	0,
	'');
INSERT INTO R_RTO
	VALUES ("9a41fe9e-f547-4cde-b68d-f7db43c904dc",
	"a30fd0d6-3586-438e-8d6d-b3d3b14c0f03",
	"30c64141-d0a5-47e7-afc3-fb1ec9e5775e",
	-1);
INSERT INTO R_OIR
	VALUES ("9a41fe9e-f547-4cde-b68d-f7db43c904dc",
	"a30fd0d6-3586-438e-8d6d-b3d3b14c0f03",
	"30c64141-d0a5-47e7-afc3-fb1ec9e5775e",
	"00000000-0000-0000-0000-000000000000");
INSERT INTO R_PART
	VALUES ("7137c09d-ba0e-406b-b3b5-76bb3cc48f3d",
	"a30fd0d6-3586-438e-8d6d-b3d3b14c0f03",
	"404c4b1d-c180-4c8b-a833-c61ea6f10d6c",
	0,
	0,
	'');
INSERT INTO R_RTO
	VALUES ("7137c09d-ba0e-406b-b3b5-76bb3cc48f3d",
	"a30fd0d6-3586-438e-8d6d-b3d3b14c0f03",
	"404c4b1d-c180-4c8b-a833-c61ea6f10d6c",
	-1);
INSERT INTO R_OIR
	VALUES ("7137c09d-ba0e-406b-b3b5-76bb3cc48f3d",
	"a30fd0d6-3586-438e-8d6d-b3d3b14c0f03",
	"404c4b1d-c180-4c8b-a833-c61ea6f10d6c",
	"00000000-0000-0000-0000-000000000000");
INSERT INTO PE_PE
	VALUES ("1a07e92a-4064-4fe6-82ed-e219bcad12d8",
	1,
	"960454f9-cf5f-4331-88bf-8023709586b1",
	"00000000-0000-0000-0000-000000000000",
	9);
INSERT INTO R_REL
	VALUES ("1a07e92a-4064-4fe6-82ed-e219bcad12d8",
	25,
	'',
	"00000000-0000-0000-0000-000000000000");
INSERT INTO R_SIMP
	VALUES ("1a07e92a-4064-4fe6-82ed-e219bcad12d8");
INSERT INTO R_PART
	VALUES ("803702ba-1594-4405-b96a-8c76b6ef1c69",
	"1a07e92a-4064-4fe6-82ed-e219bcad12d8",
	"ea3126f3-f5fb-4d96-b479-af29683a3964",
	1,
	0,
	'');
INSERT INTO R_RTO
	VALUES ("803702ba-1594-4405-b96a-8c76b6ef1c69",
	"1a07e92a-4064-4fe6-82ed-e219bcad12d8",
	"ea3126f3-f5fb-4d96-b479-af29683a3964",
	-1);
INSERT INTO R_OIR
	VALUES ("803702ba-1594-4405-b96a-8c76b6ef1c69",
	"1a07e92a-4064-4fe6-82ed-e219bcad12d8",
	"ea3126f3-f5fb-4d96-b479-af29683a3964",
	"00000000-0000-0000-0000-000000000000");
INSERT INTO R_PART
	VALUES ("b7e04034-9ae1-478b-b876-84a049865e77",
	"1a07e92a-4064-4fe6-82ed-e219bcad12d8",
	"c35bfe33-46b2-4153-be77-2450b41f0b03",
	1,
	0,
	'affects_price_of');
INSERT INTO R_RTO
	VALUES ("b7e04034-9ae1-478b-b876-84a049865e77",
	"1a07e92a-4064-4fe6-82ed-e219bcad12d8",
	"c35bfe33-46b2-4153-be77-2450b41f0b03",
	-1);
INSERT INTO R_OIR
	VALUES ("b7e04034-9ae1-478b-b876-84a049865e77",
	"1a07e92a-4064-4fe6-82ed-e219bcad12d8",
	"c35bfe33-46b2-4153-be77-2450b41f0b03",
	"00000000-0000-0000-0000-000000000000");
INSERT INTO PE_PE
	VALUES ("d0f8c2b3-33de-4e15-a759-da6c2e5f1356",
	1,
	"960454f9-cf5f-4331-88bf-8023709586b1",
	"00000000-0000-0000-0000-000000000000",
	9);
INSERT INTO R_REL
	VALUES ("d0f8c2b3-33de-4e15-a759-da6c2e5f1356",
	24,
	'',
	"00000000-0000-0000-0000-000000000000");
INSERT INTO R_SIMP
	VALUES ("d0f8c2b3-33de-4e15-a759-da6c2e5f1356");
INSERT INTO R_PART
	VALUES ("33325975-636b-4865-afdb-d6d8138b80fe",
	"d0f8c2b3-33de-4e15-a759-da6c2e5f1356",
	"31097f11-7095-44e0-9954-469e0023c372",
	0,
	0,
	'');
INSERT INTO R_RTO
	VALUES ("33325975-636b-4865-afdb-d6d8138b80fe",
	"d0f8c2b3-33de-4e15-a759-da6c2e5f1356",
	"31097f11-7095-44e0-9954-469e0023c372",
	-1);
INSERT INTO R_OIR
	VALUES ("33325975-636b-4865-afdb-d6d8138b80fe",
	"d0f8c2b3-33de-4e15-a759-da6c2e5f1356",
	"31097f11-7095-44e0-9954-469e0023c372",
	"00000000-0000-0000-0000-000000000000");
INSERT INTO R_PART
	VALUES ("b7e04034-9ae1-478b-b876-84a049865e77",
	"d0f8c2b3-33de-4e15-a759-da6c2e5f1356",
	"00002b38-6a02-4bbe-8dd4-ef69092fdd5e",
	1,
	1,
	'');
INSERT INTO R_RTO
	VALUES ("b7e04034-9ae1-478b-b876-84a049865e77",
	"d0f8c2b3-33de-4e15-a759-da6c2e5f1356",
	"00002b38-6a02-4bbe-8dd4-ef69092fdd5e",
	-1);
INSERT INTO R_OIR
	VALUES ("b7e04034-9ae1-478b-b876-84a049865e77",
	"d0f8c2b3-33de-4e15-a759-da6c2e5f1356",
	"00002b38-6a02-4bbe-8dd4-ef69092fdd5e",
	"00000000-0000-0000-0000-000000000000");
INSERT INTO PE_PE
	VALUES ("80e90b6a-30a0-41e8-b414-ac39ddd7f140",
	1,
	"960454f9-cf5f-4331-88bf-8023709586b1",
	"00000000-0000-0000-0000-000000000000",
	9);
INSERT INTO R_REL
	VALUES ("80e90b6a-30a0-41e8-b414-ac39ddd7f140",
	23,
	'',
	"00000000-0000-0000-0000-000000000000");
INSERT INTO R_SIMP
	VALUES ("80e90b6a-30a0-41e8-b414-ac39ddd7f140");
INSERT INTO R_PART
	VALUES ("bd271967-a0a4-4bd7-9783-303111ffdc9b",
	"80e90b6a-30a0-41e8-b414-ac39ddd7f140",
	"8dbdd0ee-1586-4767-a3e3-006183cb1823",
	1,
	1,
	'is_member_of');
INSERT INTO R_RTO
	VALUES ("bd271967-a0a4-4bd7-9783-303111ffdc9b",
	"80e90b6a-30a0-41e8-b414-ac39ddd7f140",
	"8dbdd0ee-1586-4767-a3e3-006183cb1823",
	-1);
INSERT INTO R_OIR
	VALUES ("bd271967-a0a4-4bd7-9783-303111ffdc9b",
	"80e90b6a-30a0-41e8-b414-ac39ddd7f140",
	"8dbdd0ee-1586-4767-a3e3-006183cb1823",
	"00000000-0000-0000-0000-000000000000");
INSERT INTO R_PART
	VALUES ("33325975-636b-4865-afdb-d6d8138b80fe",
	"80e90b6a-30a0-41e8-b414-ac39ddd7f140",
	"54d3bb98-7c23-4910-991f-8ccb0ddd3d25",
	1,
	1,
	'');
INSERT INTO R_RTO
	VALUES ("33325975-636b-4865-afdb-d6d8138b80fe",
	"80e90b6a-30a0-41e8-b414-ac39ddd7f140",
	"54d3bb98-7c23-4910-991f-8ccb0ddd3d25",
	-1);
INSERT INTO R_OIR
	VALUES ("33325975-636b-4865-afdb-d6d8138b80fe",
	"80e90b6a-30a0-41e8-b414-ac39ddd7f140",
	"54d3bb98-7c23-4910-991f-8ccb0ddd3d25",
	"00000000-0000-0000-0000-000000000000");
INSERT INTO PE_PE
	VALUES ("fb7ebd48-fca8-4db0-8828-bd411442c941",
	1,
	"960454f9-cf5f-4331-88bf-8023709586b1",
	"00000000-0000-0000-0000-000000000000",
	9);
INSERT INTO R_REL
	VALUES ("fb7ebd48-fca8-4db0-8828-bd411442c941",
	22,
	'',
	"00000000-0000-0000-0000-000000000000");
INSERT INTO R_ASSOC
	VALUES ("fb7ebd48-fca8-4db0-8828-bd411442c941");
INSERT INTO R_AOTH
	VALUES ("9a41fe9e-f547-4cde-b68d-f7db43c904dc",
	"fb7ebd48-fca8-4db0-8828-bd411442c941",
	"a8ecd928-0e48-41ac-8485-a6336b9bd404",
	0,
	0,
	'');
INSERT INTO R_RTO
	VALUES ("9a41fe9e-f547-4cde-b68d-f7db43c904dc",
	"fb7ebd48-fca8-4db0-8828-bd411442c941",
	"a8ecd928-0e48-41ac-8485-a6336b9bd404",
	-1);
INSERT INTO R_OIR
	VALUES ("9a41fe9e-f547-4cde-b68d-f7db43c904dc",
	"fb7ebd48-fca8-4db0-8828-bd411442c941",
	"a8ecd928-0e48-41ac-8485-a6336b9bd404",
	"00000000-0000-0000-0000-000000000000");
INSERT INTO R_AONE
	VALUES ("bd271967-a0a4-4bd7-9783-303111ffdc9b",
	"fb7ebd48-fca8-4db0-8828-bd411442c941",
	"34211b09-b258-4c6f-acbd-21357396ba0c",
	0,
	0,
	'makes_a');
INSERT INTO R_RTO
	VALUES ("bd271967-a0a4-4bd7-9783-303111ffdc9b",
	"fb7ebd48-fca8-4db0-8828-bd411442c941",
	"34211b09-b258-4c6f-acbd-21357396ba0c",
	-1);
INSERT INTO R_OIR
	VALUES ("bd271967-a0a4-4bd7-9783-303111ffdc9b",
	"fb7ebd48-fca8-4db0-8828-bd411442c941",
	"34211b09-b258-4c6f-acbd-21357396ba0c",
	"00000000-0000-0000-0000-000000000000");
INSERT INTO R_ASSR
	VALUES ("99c3a579-f918-44fd-916c-a41161cb6518",
	"fb7ebd48-fca8-4db0-8828-bd411442c941",
	"58f22f52-e1eb-4c83-899f-f42164ce5569",
	0);
INSERT INTO R_RGO
	VALUES ("99c3a579-f918-44fd-916c-a41161cb6518",
	"fb7ebd48-fca8-4db0-8828-bd411442c941",
	"58f22f52-e1eb-4c83-899f-f42164ce5569");
INSERT INTO R_OIR
	VALUES ("99c3a579-f918-44fd-916c-a41161cb6518",
	"fb7ebd48-fca8-4db0-8828-bd411442c941",
	"58f22f52-e1eb-4c83-899f-f42164ce5569",
	"00000000-0000-0000-0000-000000000000");
INSERT INTO PE_PE
	VALUES ("995332a0-bcad-41ba-84ba-f8f5200c08a9",
	1,
	"960454f9-cf5f-4331-88bf-8023709586b1",
	"00000000-0000-0000-0000-000000000000",
	9);
INSERT INTO R_REL
	VALUES ("995332a0-bcad-41ba-84ba-f8f5200c08a9",
	21,
	'',
	"00000000-0000-0000-0000-000000000000");
INSERT INTO R_SIMP
	VALUES ("995332a0-bcad-41ba-84ba-f8f5200c08a9");
INSERT INTO R_PART
	VALUES ("99c3a579-f918-44fd-916c-a41161cb6518",
	"995332a0-bcad-41ba-84ba-f8f5200c08a9",
	"3a307587-efbe-46b3-a1a6-5e9b0765c0ca",
	1,
	1,
	'');
INSERT INTO R_RTO
	VALUES ("99c3a579-f918-44fd-916c-a41161cb6518",
	"995332a0-bcad-41ba-84ba-f8f5200c08a9",
	"3a307587-efbe-46b3-a1a6-5e9b0765c0ca",
	-1);
INSERT INTO R_OIR
	VALUES ("99c3a579-f918-44fd-916c-a41161cb6518",
	"995332a0-bcad-41ba-84ba-f8f5200c08a9",
	"3a307587-efbe-46b3-a1a6-5e9b0765c0ca",
	"00000000-0000-0000-0000-000000000000");
INSERT INTO R_PART
	VALUES ("d26e1020-b532-43cc-aba6-3b584f19f179",
	"995332a0-bcad-41ba-84ba-f8f5200c08a9",
	"e33b9fea-6892-4298-9a8c-0f03ac39b370",
	0,
	0,
	'');
INSERT INTO R_RTO
	VALUES ("d26e1020-b532-43cc-aba6-3b584f19f179",
	"995332a0-bcad-41ba-84ba-f8f5200c08a9",
	"e33b9fea-6892-4298-9a8c-0f03ac39b370",
	-1);
INSERT INTO R_OIR
	VALUES ("d26e1020-b532-43cc-aba6-3b584f19f179",
	"995332a0-bcad-41ba-84ba-f8f5200c08a9",
	"e33b9fea-6892-4298-9a8c-0f03ac39b370",
	"00000000-0000-0000-0000-000000000000");
INSERT INTO PE_PE
	VALUES ("737fb9b4-6772-447a-9946-dea477ac7b1c",
	1,
	"960454f9-cf5f-4331-88bf-8023709586b1",
	"00000000-0000-0000-0000-000000000000",
	9);
INSERT INTO R_REL
	VALUES ("737fb9b4-6772-447a-9946-dea477ac7b1c",
	20,
	'',
	"00000000-0000-0000-0000-000000000000");
INSERT INTO R_SIMP
	VALUES ("737fb9b4-6772-447a-9946-dea477ac7b1c");
INSERT INTO R_PART
	VALUES ("37699420-e221-4e5c-800b-cf398f6e9803",
	"737fb9b4-6772-447a-9946-dea477ac7b1c",
	"7294955b-91f7-425d-850b-64f98ffa9908",
	1,
	0,
	'');
INSERT INTO R_RTO
	VALUES ("37699420-e221-4e5c-800b-cf398f6e9803",
	"737fb9b4-6772-447a-9946-dea477ac7b1c",
	"7294955b-91f7-425d-850b-64f98ffa9908",
	-1);
INSERT INTO R_OIR
	VALUES ("37699420-e221-4e5c-800b-cf398f6e9803",
	"737fb9b4-6772-447a-9946-dea477ac7b1c",
	"7294955b-91f7-425d-850b-64f98ffa9908",
	"00000000-0000-0000-0000-000000000000");
INSERT INTO R_PART
	VALUES ("99c3a579-f918-44fd-916c-a41161cb6518",
	"737fb9b4-6772-447a-9946-dea477ac7b1c",
	"353bef7d-d0ef-4253-8d57-e1f6fcb42b0c",
	0,
	0,
	'');
INSERT INTO R_RTO
	VALUES ("99c3a579-f918-44fd-916c-a41161cb6518",
	"737fb9b4-6772-447a-9946-dea477ac7b1c",
	"353bef7d-d0ef-4253-8d57-e1f6fcb42b0c",
	-1);
INSERT INTO R_OIR
	VALUES ("99c3a579-f918-44fd-916c-a41161cb6518",
	"737fb9b4-6772-447a-9946-dea477ac7b1c",
	"353bef7d-d0ef-4253-8d57-e1f6fcb42b0c",
	"00000000-0000-0000-0000-000000000000");
INSERT INTO PE_PE
	VALUES ("5b5a3175-13b4-4416-849f-5e76f1a4d678",
	1,
	"960454f9-cf5f-4331-88bf-8023709586b1",
	"00000000-0000-0000-0000-000000000000",
	9);
INSERT INTO R_REL
	VALUES ("5b5a3175-13b4-4416-849f-5e76f1a4d678",
	19,
	'',
	"00000000-0000-0000-0000-000000000000");
INSERT INTO R_SUBSUP
	VALUES ("5b5a3175-13b4-4416-849f-5e76f1a4d678");
INSERT INTO R_SUPER
	VALUES ("d26e1020-b532-43cc-aba6-3b584f19f179",
	"5b5a3175-13b4-4416-849f-5e76f1a4d678",
	"f76a8b5a-a168-4e59-b5c9-be355bf2289a");
INSERT INTO R_RTO
	VALUES ("d26e1020-b532-43cc-aba6-3b584f19f179",
	"5b5a3175-13b4-4416-849f-5e76f1a4d678",
	"f76a8b5a-a168-4e59-b5c9-be355bf2289a",
	-1);
INSERT INTO R_OIR
	VALUES ("d26e1020-b532-43cc-aba6-3b584f19f179",
	"5b5a3175-13b4-4416-849f-5e76f1a4d678",
	"f76a8b5a-a168-4e59-b5c9-be355bf2289a",
	"00000000-0000-0000-0000-000000000000");
INSERT INTO R_SUB
	VALUES ("80f12c98-ccb7-4bab-acab-351f7970a5eb",
	"5b5a3175-13b4-4416-849f-5e76f1a4d678",
	"1ba9dd84-92a7-4d7c-b780-859a5f45d542");
INSERT INTO R_RGO
	VALUES ("80f12c98-ccb7-4bab-acab-351f7970a5eb",
	"5b5a3175-13b4-4416-849f-5e76f1a4d678",
	"1ba9dd84-92a7-4d7c-b780-859a5f45d542");
INSERT INTO R_OIR
	VALUES ("80f12c98-ccb7-4bab-acab-351f7970a5eb",
	"5b5a3175-13b4-4416-849f-5e76f1a4d678",
	"1ba9dd84-92a7-4d7c-b780-859a5f45d542",
	"00000000-0000-0000-0000-000000000000");
INSERT INTO R_SUB
	VALUES ("3aa4c78b-6981-4249-a93a-87e0e14f07b3",
	"5b5a3175-13b4-4416-849f-5e76f1a4d678",
	"4c29aba1-6047-4a4f-8e11-fc7c983d6f8c");
INSERT INTO R_RGO
	VALUES ("3aa4c78b-6981-4249-a93a-87e0e14f07b3",
	"5b5a3175-13b4-4416-849f-5e76f1a4d678",
	"4c29aba1-6047-4a4f-8e11-fc7c983d6f8c");
INSERT INTO R_OIR
	VALUES ("3aa4c78b-6981-4249-a93a-87e0e14f07b3",
	"5b5a3175-13b4-4416-849f-5e76f1a4d678",
	"4c29aba1-6047-4a4f-8e11-fc7c983d6f8c",
	"00000000-0000-0000-0000-000000000000");
INSERT INTO R_SUB
	VALUES ("f7fdf9fb-1710-40c4-833a-7cddef46a59a",
	"5b5a3175-13b4-4416-849f-5e76f1a4d678",
	"2098beaf-324a-479a-97bd-0c72010067b2");
INSERT INTO R_RGO
	VALUES ("f7fdf9fb-1710-40c4-833a-7cddef46a59a",
	"5b5a3175-13b4-4416-849f-5e76f1a4d678",
	"2098beaf-324a-479a-97bd-0c72010067b2");
INSERT INTO R_OIR
	VALUES ("f7fdf9fb-1710-40c4-833a-7cddef46a59a",
	"5b5a3175-13b4-4416-849f-5e76f1a4d678",
	"2098beaf-324a-479a-97bd-0c72010067b2",
	"00000000-0000-0000-0000-000000000000");
INSERT INTO PE_PE
	VALUES ("27f82e85-9615-4283-a515-8b663c4c6678",
	1,
	"960454f9-cf5f-4331-88bf-8023709586b1",
	"00000000-0000-0000-0000-000000000000",
	9);
INSERT INTO R_REL
	VALUES ("27f82e85-9615-4283-a515-8b663c4c6678",
	18,
	'',
	"00000000-0000-0000-0000-000000000000");
INSERT INTO R_SIMP
	VALUES ("27f82e85-9615-4283-a515-8b663c4c6678");
INSERT INTO R_PART
	VALUES ("bb0b5c24-97a4-43d0-bb19-ce1683a93dc8",
	"27f82e85-9615-4283-a515-8b663c4c6678",
	"1202adb4-b546-4d2e-8522-1cd2b762eb0a",
	1,
	0,
	'');
INSERT INTO R_RTO
	VALUES ("bb0b5c24-97a4-43d0-bb19-ce1683a93dc8",
	"27f82e85-9615-4283-a515-8b663c4c6678",
	"1202adb4-b546-4d2e-8522-1cd2b762eb0a",
	-1);
INSERT INTO R_OIR
	VALUES ("bb0b5c24-97a4-43d0-bb19-ce1683a93dc8",
	"27f82e85-9615-4283-a515-8b663c4c6678",
	"1202adb4-b546-4d2e-8522-1cd2b762eb0a",
	"00000000-0000-0000-0000-000000000000");
INSERT INTO R_PART
	VALUES ("daf3cea3-b187-4d6a-9517-f12785ae9b3a",
	"27f82e85-9615-4283-a515-8b663c4c6678",
	"c78bc65d-b8e5-4b68-974d-19354e082db0",
	0,
	0,
	'');
INSERT INTO R_RTO
	VALUES ("daf3cea3-b187-4d6a-9517-f12785ae9b3a",
	"27f82e85-9615-4283-a515-8b663c4c6678",
	"c78bc65d-b8e5-4b68-974d-19354e082db0",
	-1);
INSERT INTO R_OIR
	VALUES ("daf3cea3-b187-4d6a-9517-f12785ae9b3a",
	"27f82e85-9615-4283-a515-8b663c4c6678",
	"c78bc65d-b8e5-4b68-974d-19354e082db0",
	"00000000-0000-0000-0000-000000000000");
INSERT INTO PE_PE
	VALUES ("17f1dd67-3fd4-46db-8752-891089e87a24",
	1,
	"960454f9-cf5f-4331-88bf-8023709586b1",
	"00000000-0000-0000-0000-000000000000",
	9);
INSERT INTO R_REL
	VALUES ("17f1dd67-3fd4-46db-8752-891089e87a24",
	17,
	'',
	"00000000-0000-0000-0000-000000000000");
INSERT INTO R_SIMP
	VALUES ("17f1dd67-3fd4-46db-8752-891089e87a24");
INSERT INTO R_PART
	VALUES ("daf3cea3-b187-4d6a-9517-f12785ae9b3a",
	"17f1dd67-3fd4-46db-8752-891089e87a24",
	"aef79ac8-231d-4295-a52d-a0148b9ed0b7",
	0,
	0,
	'');
INSERT INTO R_RTO
	VALUES ("daf3cea3-b187-4d6a-9517-f12785ae9b3a",
	"17f1dd67-3fd4-46db-8752-891089e87a24",
	"aef79ac8-231d-4295-a52d-a0148b9ed0b7",
	-1);
INSERT INTO R_OIR
	VALUES ("daf3cea3-b187-4d6a-9517-f12785ae9b3a",
	"17f1dd67-3fd4-46db-8752-891089e87a24",
	"aef79ac8-231d-4295-a52d-a0148b9ed0b7",
	"00000000-0000-0000-0000-000000000000");
INSERT INTO R_PART
	VALUES ("7137c09d-ba0e-406b-b3b5-76bb3cc48f3d",
	"17f1dd67-3fd4-46db-8752-891089e87a24",
	"98f02e38-3e58-4681-84cc-2eebc38ab253",
	1,
	0,
	'');
INSERT INTO R_RTO
	VALUES ("7137c09d-ba0e-406b-b3b5-76bb3cc48f3d",
	"17f1dd67-3fd4-46db-8752-891089e87a24",
	"98f02e38-3e58-4681-84cc-2eebc38ab253",
	-1);
INSERT INTO R_OIR
	VALUES ("7137c09d-ba0e-406b-b3b5-76bb3cc48f3d",
	"17f1dd67-3fd4-46db-8752-891089e87a24",
	"98f02e38-3e58-4681-84cc-2eebc38ab253",
	"00000000-0000-0000-0000-000000000000");
INSERT INTO PE_PE
	VALUES ("52b0eaa5-a352-460e-8eff-763b9460a089",
	1,
	"960454f9-cf5f-4331-88bf-8023709586b1",
	"00000000-0000-0000-0000-000000000000",
	9);
INSERT INTO R_REL
	VALUES ("52b0eaa5-a352-460e-8eff-763b9460a089",
	16,
	'',
	"00000000-0000-0000-0000-000000000000");
INSERT INTO R_SIMP
	VALUES ("52b0eaa5-a352-460e-8eff-763b9460a089");
INSERT INTO R_PART
	VALUES ("4b839513-bd70-4d73-85ed-c06b10ee091a",
	"52b0eaa5-a352-460e-8eff-763b9460a089",
	"25501ca8-a17d-4a63-b431-b3b0dcc8216c",
	1,
	0,
	'');
INSERT INTO R_RTO
	VALUES ("4b839513-bd70-4d73-85ed-c06b10ee091a",
	"52b0eaa5-a352-460e-8eff-763b9460a089",
	"25501ca8-a17d-4a63-b431-b3b0dcc8216c",
	-1);
INSERT INTO R_OIR
	VALUES ("4b839513-bd70-4d73-85ed-c06b10ee091a",
	"52b0eaa5-a352-460e-8eff-763b9460a089",
	"25501ca8-a17d-4a63-b431-b3b0dcc8216c",
	"00000000-0000-0000-0000-000000000000");
INSERT INTO R_PART
	VALUES ("9309978f-bd81-4f9f-96e9-b124c945fbf1",
	"52b0eaa5-a352-460e-8eff-763b9460a089",
	"1552b6fa-6820-4af7-82dc-be6c93f0ef5c",
	1,
	0,
	'stays_in');
INSERT INTO R_RTO
	VALUES ("9309978f-bd81-4f9f-96e9-b124c945fbf1",
	"52b0eaa5-a352-460e-8eff-763b9460a089",
	"1552b6fa-6820-4af7-82dc-be6c93f0ef5c",
	-1);
INSERT INTO R_OIR
	VALUES ("9309978f-bd81-4f9f-96e9-b124c945fbf1",
	"52b0eaa5-a352-460e-8eff-763b9460a089",
	"1552b6fa-6820-4af7-82dc-be6c93f0ef5c",
	"00000000-0000-0000-0000-000000000000");
INSERT INTO PE_PE
	VALUES ("04439075-ebac-4bb8-8ccd-793e4071228c",
	1,
	"960454f9-cf5f-4331-88bf-8023709586b1",
	"00000000-0000-0000-0000-000000000000",
	9);
INSERT INTO R_REL
	VALUES ("04439075-ebac-4bb8-8ccd-793e4071228c",
	15,
	'',
	"00000000-0000-0000-0000-000000000000");
INSERT INTO R_SIMP
	VALUES ("04439075-ebac-4bb8-8ccd-793e4071228c");
INSERT INTO R_PART
	VALUES ("9a41fe9e-f547-4cde-b68d-f7db43c904dc",
	"04439075-ebac-4bb8-8ccd-793e4071228c",
	"39bead95-08e1-44c3-ab0d-6d1bead6a294",
	1,
	0,
	'');
INSERT INTO R_RTO
	VALUES ("9a41fe9e-f547-4cde-b68d-f7db43c904dc",
	"04439075-ebac-4bb8-8ccd-793e4071228c",
	"39bead95-08e1-44c3-ab0d-6d1bead6a294",
	-1);
INSERT INTO R_OIR
	VALUES ("9a41fe9e-f547-4cde-b68d-f7db43c904dc",
	"04439075-ebac-4bb8-8ccd-793e4071228c",
	"39bead95-08e1-44c3-ab0d-6d1bead6a294",
	"00000000-0000-0000-0000-000000000000");
INSERT INTO R_PART
	VALUES ("9309978f-bd81-4f9f-96e9-b124c945fbf1",
	"04439075-ebac-4bb8-8ccd-793e4071228c",
	"ae27ca47-c396-4937-85d9-50896567cb6f",
	1,
	0,
	'use');
INSERT INTO R_RTO
	VALUES ("9309978f-bd81-4f9f-96e9-b124c945fbf1",
	"04439075-ebac-4bb8-8ccd-793e4071228c",
	"ae27ca47-c396-4937-85d9-50896567cb6f",
	-1);
INSERT INTO R_OIR
	VALUES ("9309978f-bd81-4f9f-96e9-b124c945fbf1",
	"04439075-ebac-4bb8-8ccd-793e4071228c",
	"ae27ca47-c396-4937-85d9-50896567cb6f",
	"00000000-0000-0000-0000-000000000000");
INSERT INTO PE_PE
	VALUES ("67bafe36-3499-4032-89f0-72889662bcf2",
	1,
	"960454f9-cf5f-4331-88bf-8023709586b1",
	"00000000-0000-0000-0000-000000000000",
	9);
INSERT INTO R_REL
	VALUES ("67bafe36-3499-4032-89f0-72889662bcf2",
	14,
	'',
	"00000000-0000-0000-0000-000000000000");
INSERT INTO R_SIMP
	VALUES ("67bafe36-3499-4032-89f0-72889662bcf2");
INSERT INTO R_PART
	VALUES ("4b839513-bd70-4d73-85ed-c06b10ee091a",
	"67bafe36-3499-4032-89f0-72889662bcf2",
	"0dc7c9cf-4e22-4985-8dc1-c23eabca04d8",
	1,
	1,
	'');
INSERT INTO R_RTO
	VALUES ("4b839513-bd70-4d73-85ed-c06b10ee091a",
	"67bafe36-3499-4032-89f0-72889662bcf2",
	"0dc7c9cf-4e22-4985-8dc1-c23eabca04d8",
	-1);
INSERT INTO R_OIR
	VALUES ("4b839513-bd70-4d73-85ed-c06b10ee091a",
	"67bafe36-3499-4032-89f0-72889662bcf2",
	"0dc7c9cf-4e22-4985-8dc1-c23eabca04d8",
	"00000000-0000-0000-0000-000000000000");
INSERT INTO R_PART
	VALUES ("9a41fe9e-f547-4cde-b68d-f7db43c904dc",
	"67bafe36-3499-4032-89f0-72889662bcf2",
	"b82ac6be-d970-48c5-9151-97d4f0db7548",
	1,
	1,
	'is_booked_in');
INSERT INTO R_RTO
	VALUES ("9a41fe9e-f547-4cde-b68d-f7db43c904dc",
	"67bafe36-3499-4032-89f0-72889662bcf2",
	"b82ac6be-d970-48c5-9151-97d4f0db7548",
	-1);
INSERT INTO R_OIR
	VALUES ("9a41fe9e-f547-4cde-b68d-f7db43c904dc",
	"67bafe36-3499-4032-89f0-72889662bcf2",
	"b82ac6be-d970-48c5-9151-97d4f0db7548",
	"00000000-0000-0000-0000-000000000000");
INSERT INTO PE_PE
	VALUES ("6b659d9b-9323-400f-bda2-168e1882b5ad",
	1,
	"960454f9-cf5f-4331-88bf-8023709586b1",
	"00000000-0000-0000-0000-000000000000",
	9);
INSERT INTO R_REL
	VALUES ("6b659d9b-9323-400f-bda2-168e1882b5ad",
	13,
	'',
	"00000000-0000-0000-0000-000000000000");
INSERT INTO R_SIMP
	VALUES ("6b659d9b-9323-400f-bda2-168e1882b5ad");
INSERT INTO R_PART
	VALUES ("daf3cea3-b187-4d6a-9517-f12785ae9b3a",
	"6b659d9b-9323-400f-bda2-168e1882b5ad",
	"a8431207-ca51-4e17-8338-6e6602c8d4e4",
	0,
	0,
	'remembers_all');
INSERT INTO R_RTO
	VALUES ("daf3cea3-b187-4d6a-9517-f12785ae9b3a",
	"6b659d9b-9323-400f-bda2-168e1882b5ad",
	"a8431207-ca51-4e17-8338-6e6602c8d4e4",
	-1);
INSERT INTO R_OIR
	VALUES ("daf3cea3-b187-4d6a-9517-f12785ae9b3a",
	"6b659d9b-9323-400f-bda2-168e1882b5ad",
	"a8431207-ca51-4e17-8338-6e6602c8d4e4",
	"00000000-0000-0000-0000-000000000000");
INSERT INTO R_PART
	VALUES ("9a41fe9e-f547-4cde-b68d-f7db43c904dc",
	"6b659d9b-9323-400f-bda2-168e1882b5ad",
	"519f603e-e0a2-4c7f-af0c-464e8166195f",
	1,
	1,
	'');
INSERT INTO R_RTO
	VALUES ("9a41fe9e-f547-4cde-b68d-f7db43c904dc",
	"6b659d9b-9323-400f-bda2-168e1882b5ad",
	"519f603e-e0a2-4c7f-af0c-464e8166195f",
	-1);
INSERT INTO R_OIR
	VALUES ("9a41fe9e-f547-4cde-b68d-f7db43c904dc",
	"6b659d9b-9323-400f-bda2-168e1882b5ad",
	"519f603e-e0a2-4c7f-af0c-464e8166195f",
	"00000000-0000-0000-0000-000000000000");
INSERT INTO PE_PE
	VALUES ("7d508746-e918-4ced-820e-e5203f63e646",
	1,
	"960454f9-cf5f-4331-88bf-8023709586b1",
	"00000000-0000-0000-0000-000000000000",
	9);
INSERT INTO R_REL
	VALUES ("7d508746-e918-4ced-820e-e5203f63e646",
	12,
	'',
	"00000000-0000-0000-0000-000000000000");
INSERT INTO R_SIMP
	VALUES ("7d508746-e918-4ced-820e-e5203f63e646");
INSERT INTO R_PART
	VALUES ("803702ba-1594-4405-b96a-8c76b6ef1c69",
	"7d508746-e918-4ced-820e-e5203f63e646",
	"adaefc2a-48da-4549-b346-3b926f9a26ab",
	1,
	0,
	'');
INSERT INTO R_RTO
	VALUES ("803702ba-1594-4405-b96a-8c76b6ef1c69",
	"7d508746-e918-4ced-820e-e5203f63e646",
	"adaefc2a-48da-4549-b346-3b926f9a26ab",
	-1);
INSERT INTO R_OIR
	VALUES ("803702ba-1594-4405-b96a-8c76b6ef1c69",
	"7d508746-e918-4ced-820e-e5203f63e646",
	"adaefc2a-48da-4549-b346-3b926f9a26ab",
	"00000000-0000-0000-0000-000000000000");
INSERT INTO R_PART
	VALUES ("9a41fe9e-f547-4cde-b68d-f7db43c904dc",
	"7d508746-e918-4ced-820e-e5203f63e646",
	"51a414ea-2589-47b7-87d5-e52346c1f4cf",
	1,
	0,
	'');
INSERT INTO R_RTO
	VALUES ("9a41fe9e-f547-4cde-b68d-f7db43c904dc",
	"7d508746-e918-4ced-820e-e5203f63e646",
	"51a414ea-2589-47b7-87d5-e52346c1f4cf",
	-1);
INSERT INTO R_OIR
	VALUES ("9a41fe9e-f547-4cde-b68d-f7db43c904dc",
	"7d508746-e918-4ced-820e-e5203f63e646",
	"51a414ea-2589-47b7-87d5-e52346c1f4cf",
	"00000000-0000-0000-0000-000000000000");
INSERT INTO PE_PE
	VALUES ("002fe6fb-c382-4ec0-81b2-d01180b5ec85",
	1,
	"960454f9-cf5f-4331-88bf-8023709586b1",
	"00000000-0000-0000-0000-000000000000",
	9);
INSERT INTO R_REL
	VALUES ("002fe6fb-c382-4ec0-81b2-d01180b5ec85",
	11,
	'',
	"00000000-0000-0000-0000-000000000000");
INSERT INTO R_SIMP
	VALUES ("002fe6fb-c382-4ec0-81b2-d01180b5ec85");
INSERT INTO R_PART
	VALUES ("20ba6bbe-cbf1-487f-84fe-b3855f86b898",
	"002fe6fb-c382-4ec0-81b2-d01180b5ec85",
	"e37ba630-26e3-4da2-89bf-0c9be7e97693",
	1,
	0,
	'is_assigned');
INSERT INTO R_RTO
	VALUES ("20ba6bbe-cbf1-487f-84fe-b3855f86b898",
	"002fe6fb-c382-4ec0-81b2-d01180b5ec85",
	"e37ba630-26e3-4da2-89bf-0c9be7e97693",
	-1);
INSERT INTO R_OIR
	VALUES ("20ba6bbe-cbf1-487f-84fe-b3855f86b898",
	"002fe6fb-c382-4ec0-81b2-d01180b5ec85",
	"e37ba630-26e3-4da2-89bf-0c9be7e97693",
	"00000000-0000-0000-0000-000000000000");
INSERT INTO R_PART
	VALUES ("d4920e0c-3487-44a7-8290-60ff9ed36c4e",
	"002fe6fb-c382-4ec0-81b2-d01180b5ec85",
	"973a1e30-66ee-4a9d-b2c6-38838a699d22",
	1,
	0,
	'privileges');
INSERT INTO R_RTO
	VALUES ("d4920e0c-3487-44a7-8290-60ff9ed36c4e",
	"002fe6fb-c382-4ec0-81b2-d01180b5ec85",
	"973a1e30-66ee-4a9d-b2c6-38838a699d22",
	-1);
INSERT INTO R_OIR
	VALUES ("d4920e0c-3487-44a7-8290-60ff9ed36c4e",
	"002fe6fb-c382-4ec0-81b2-d01180b5ec85",
	"973a1e30-66ee-4a9d-b2c6-38838a699d22",
	"00000000-0000-0000-0000-000000000000");
INSERT INTO PE_PE
	VALUES ("dc2eb1da-3e82-485a-a57f-8be99f6a17a6",
	1,
	"960454f9-cf5f-4331-88bf-8023709586b1",
	"00000000-0000-0000-0000-000000000000",
	9);
INSERT INTO R_REL
	VALUES ("dc2eb1da-3e82-485a-a57f-8be99f6a17a6",
	10,
	'',
	"00000000-0000-0000-0000-000000000000");
INSERT INTO R_SIMP
	VALUES ("dc2eb1da-3e82-485a-a57f-8be99f6a17a6");
INSERT INTO R_PART
	VALUES ("daf3cea3-b187-4d6a-9517-f12785ae9b3a",
	"dc2eb1da-3e82-485a-a57f-8be99f6a17a6",
	"5f0c1d18-c783-4861-bacd-157ac7c5eadd",
	0,
	0,
	'employ');
INSERT INTO R_RTO
	VALUES ("daf3cea3-b187-4d6a-9517-f12785ae9b3a",
	"dc2eb1da-3e82-485a-a57f-8be99f6a17a6",
	"5f0c1d18-c783-4861-bacd-157ac7c5eadd",
	-1);
INSERT INTO R_OIR
	VALUES ("daf3cea3-b187-4d6a-9517-f12785ae9b3a",
	"dc2eb1da-3e82-485a-a57f-8be99f6a17a6",
	"5f0c1d18-c783-4861-bacd-157ac7c5eadd",
	"00000000-0000-0000-0000-000000000000");
INSERT INTO R_PART
	VALUES ("20ba6bbe-cbf1-487f-84fe-b3855f86b898",
	"dc2eb1da-3e82-485a-a57f-8be99f6a17a6",
	"7f166105-f16c-4d27-ae5d-32b36de90c8a",
	1,
	0,
	'works_at');
INSERT INTO R_RTO
	VALUES ("20ba6bbe-cbf1-487f-84fe-b3855f86b898",
	"dc2eb1da-3e82-485a-a57f-8be99f6a17a6",
	"7f166105-f16c-4d27-ae5d-32b36de90c8a",
	-1);
INSERT INTO R_OIR
	VALUES ("20ba6bbe-cbf1-487f-84fe-b3855f86b898",
	"dc2eb1da-3e82-485a-a57f-8be99f6a17a6",
	"7f166105-f16c-4d27-ae5d-32b36de90c8a",
	"00000000-0000-0000-0000-000000000000");
INSERT INTO PE_PE
	VALUES ("8e6b9c28-ea1f-478f-8a85-37281a7e9221",
	1,
	"960454f9-cf5f-4331-88bf-8023709586b1",
	"00000000-0000-0000-0000-000000000000",
	9);
INSERT INTO R_REL
	VALUES ("8e6b9c28-ea1f-478f-8a85-37281a7e9221",
	9,
	'',
	"00000000-0000-0000-0000-000000000000");
INSERT INTO R_SIMP
	VALUES ("8e6b9c28-ea1f-478f-8a85-37281a7e9221");
INSERT INTO R_PART
	VALUES ("daf3cea3-b187-4d6a-9517-f12785ae9b3a",
	"8e6b9c28-ea1f-478f-8a85-37281a7e9221",
	"c7d6c68e-7ca4-4ed3-8a3c-1589fdcad15a",
	0,
	0,
	'provides');
INSERT INTO R_RTO
	VALUES ("daf3cea3-b187-4d6a-9517-f12785ae9b3a",
	"8e6b9c28-ea1f-478f-8a85-37281a7e9221",
	"c7d6c68e-7ca4-4ed3-8a3c-1589fdcad15a",
	-1);
INSERT INTO R_OIR
	VALUES ("daf3cea3-b187-4d6a-9517-f12785ae9b3a",
	"8e6b9c28-ea1f-478f-8a85-37281a7e9221",
	"c7d6c68e-7ca4-4ed3-8a3c-1589fdcad15a",
	"00000000-0000-0000-0000-000000000000");
INSERT INTO R_PART
	VALUES ("803702ba-1594-4405-b96a-8c76b6ef1c69",
	"8e6b9c28-ea1f-478f-8a85-37281a7e9221",
	"a8092995-9e47-4ea7-933f-1107687fa0c6",
	1,
	0,
	'');
INSERT INTO R_RTO
	VALUES ("803702ba-1594-4405-b96a-8c76b6ef1c69",
	"8e6b9c28-ea1f-478f-8a85-37281a7e9221",
	"a8092995-9e47-4ea7-933f-1107687fa0c6",
	-1);
INSERT INTO R_OIR
	VALUES ("803702ba-1594-4405-b96a-8c76b6ef1c69",
	"8e6b9c28-ea1f-478f-8a85-37281a7e9221",
	"a8092995-9e47-4ea7-933f-1107687fa0c6",
	"00000000-0000-0000-0000-000000000000");
INSERT INTO PE_PE
	VALUES ("3325f7b8-3264-421e-8761-e21c909a5629",
	1,
	"960454f9-cf5f-4331-88bf-8023709586b1",
	"00000000-0000-0000-0000-000000000000",
	9);
INSERT INTO R_REL
	VALUES ("3325f7b8-3264-421e-8761-e21c909a5629",
	8,
	'',
	"00000000-0000-0000-0000-000000000000");
INSERT INTO R_SIMP
	VALUES ("3325f7b8-3264-421e-8761-e21c909a5629");
INSERT INTO R_PART
	VALUES ("803702ba-1594-4405-b96a-8c76b6ef1c69",
	"3325f7b8-3264-421e-8761-e21c909a5629",
	"99e326a1-deb0-4b66-9607-92a946669c60",
	1,
	0,
	'members');
INSERT INTO R_RTO
	VALUES ("803702ba-1594-4405-b96a-8c76b6ef1c69",
	"3325f7b8-3264-421e-8761-e21c909a5629",
	"99e326a1-deb0-4b66-9607-92a946669c60",
	-1);
INSERT INTO R_OIR
	VALUES ("803702ba-1594-4405-b96a-8c76b6ef1c69",
	"3325f7b8-3264-421e-8761-e21c909a5629",
	"99e326a1-deb0-4b66-9607-92a946669c60",
	"00000000-0000-0000-0000-000000000000");
INSERT INTO R_PART
	VALUES ("7a1c6c92-00d7-49ac-a23b-cfb4d3362f53",
	"3325f7b8-3264-421e-8761-e21c909a5629",
	"a9258539-1b6e-4757-8379-14d15dc93273",
	0,
	0,
	'contains');
INSERT INTO R_RTO
	VALUES ("7a1c6c92-00d7-49ac-a23b-cfb4d3362f53",
	"3325f7b8-3264-421e-8761-e21c909a5629",
	"a9258539-1b6e-4757-8379-14d15dc93273",
	-1);
INSERT INTO R_OIR
	VALUES ("7a1c6c92-00d7-49ac-a23b-cfb4d3362f53",
	"3325f7b8-3264-421e-8761-e21c909a5629",
	"a9258539-1b6e-4757-8379-14d15dc93273",
	"00000000-0000-0000-0000-000000000000");
INSERT INTO PE_PE
	VALUES ("cb8d1a7f-fd3c-4429-a5dd-c6ef9102edff",
	1,
	"960454f9-cf5f-4331-88bf-8023709586b1",
	"00000000-0000-0000-0000-000000000000",
	9);
INSERT INTO R_REL
	VALUES ("cb8d1a7f-fd3c-4429-a5dd-c6ef9102edff",
	6,
	'',
	"00000000-0000-0000-0000-000000000000");
INSERT INTO R_SIMP
	VALUES ("cb8d1a7f-fd3c-4429-a5dd-c6ef9102edff");
INSERT INTO R_PART
	VALUES ("4b839513-bd70-4d73-85ed-c06b10ee091a",
	"cb8d1a7f-fd3c-4429-a5dd-c6ef9102edff",
	"77ff7653-0280-4f8e-8f16-d24ec7d664f2",
	1,
	1,
	'');
INSERT INTO R_RTO
	VALUES ("4b839513-bd70-4d73-85ed-c06b10ee091a",
	"cb8d1a7f-fd3c-4429-a5dd-c6ef9102edff",
	"77ff7653-0280-4f8e-8f16-d24ec7d664f2",
	-1);
INSERT INTO R_OIR
	VALUES ("4b839513-bd70-4d73-85ed-c06b10ee091a",
	"cb8d1a7f-fd3c-4429-a5dd-c6ef9102edff",
	"77ff7653-0280-4f8e-8f16-d24ec7d664f2",
	"00000000-0000-0000-0000-000000000000");
INSERT INTO R_PART
	VALUES ("bb0b5c24-97a4-43d0-bb19-ce1683a93dc8",
	"cb8d1a7f-fd3c-4429-a5dd-c6ef9102edff",
	"8995068b-da0d-4d41-90b9-d0db85a2cbb9",
	0,
	0,
	'contains');
INSERT INTO R_RTO
	VALUES ("bb0b5c24-97a4-43d0-bb19-ce1683a93dc8",
	"cb8d1a7f-fd3c-4429-a5dd-c6ef9102edff",
	"8995068b-da0d-4d41-90b9-d0db85a2cbb9",
	-1);
INSERT INTO R_OIR
	VALUES ("bb0b5c24-97a4-43d0-bb19-ce1683a93dc8",
	"cb8d1a7f-fd3c-4429-a5dd-c6ef9102edff",
	"8995068b-da0d-4d41-90b9-d0db85a2cbb9",
	"00000000-0000-0000-0000-000000000000");
INSERT INTO PE_PE
	VALUES ("2eefcfb6-146c-44cf-afc9-d135839bc442",
	1,
	"960454f9-cf5f-4331-88bf-8023709586b1",
	"00000000-0000-0000-0000-000000000000",
	9);
INSERT INTO R_REL
	VALUES ("2eefcfb6-146c-44cf-afc9-d135839bc442",
	5,
	'',
	"00000000-0000-0000-0000-000000000000");
INSERT INTO R_SIMP
	VALUES ("2eefcfb6-146c-44cf-afc9-d135839bc442");
INSERT INTO R_PART
	VALUES ("1efeba6e-0315-442d-8e70-729b05561bea",
	"2eefcfb6-146c-44cf-afc9-d135839bc442",
	"56a49bc0-2be0-492c-9e3e-1db099ed7826",
	1,
	0,
	'');
INSERT INTO R_RTO
	VALUES ("1efeba6e-0315-442d-8e70-729b05561bea",
	"2eefcfb6-146c-44cf-afc9-d135839bc442",
	"56a49bc0-2be0-492c-9e3e-1db099ed7826",
	-1);
INSERT INTO R_OIR
	VALUES ("1efeba6e-0315-442d-8e70-729b05561bea",
	"2eefcfb6-146c-44cf-afc9-d135839bc442",
	"56a49bc0-2be0-492c-9e3e-1db099ed7826",
	"00000000-0000-0000-0000-000000000000");
INSERT INTO R_PART
	VALUES ("bafdc953-1881-43a3-a5f1-9dcc7e2d60c3",
	"2eefcfb6-146c-44cf-afc9-d135839bc442",
	"1e23b346-2dac-4340-bd6e-c2cfcaf0971b",
	0,
	0,
	'can_be_complemented_with');
INSERT INTO R_RTO
	VALUES ("bafdc953-1881-43a3-a5f1-9dcc7e2d60c3",
	"2eefcfb6-146c-44cf-afc9-d135839bc442",
	"1e23b346-2dac-4340-bd6e-c2cfcaf0971b",
	-1);
INSERT INTO R_OIR
	VALUES ("bafdc953-1881-43a3-a5f1-9dcc7e2d60c3",
	"2eefcfb6-146c-44cf-afc9-d135839bc442",
	"1e23b346-2dac-4340-bd6e-c2cfcaf0971b",
	"00000000-0000-0000-0000-000000000000");
INSERT INTO PE_PE
	VALUES ("55c612ef-684e-4f08-8fd3-2f7baa4f6a03",
	1,
	"960454f9-cf5f-4331-88bf-8023709586b1",
	"00000000-0000-0000-0000-000000000000",
	9);
INSERT INTO R_REL
	VALUES ("55c612ef-684e-4f08-8fd3-2f7baa4f6a03",
	4,
	'',
	"00000000-0000-0000-0000-000000000000");
INSERT INTO R_SIMP
	VALUES ("55c612ef-684e-4f08-8fd3-2f7baa4f6a03");
INSERT INTO R_PART
	VALUES ("1efeba6e-0315-442d-8e70-729b05561bea",
	"55c612ef-684e-4f08-8fd3-2f7baa4f6a03",
	"e44658ba-0fba-4f4e-9ec5-84aa92cbb45c",
	1,
	0,
	'');
INSERT INTO R_RTO
	VALUES ("1efeba6e-0315-442d-8e70-729b05561bea",
	"55c612ef-684e-4f08-8fd3-2f7baa4f6a03",
	"e44658ba-0fba-4f4e-9ec5-84aa92cbb45c",
	-1);
INSERT INTO R_OIR
	VALUES ("1efeba6e-0315-442d-8e70-729b05561bea",
	"55c612ef-684e-4f08-8fd3-2f7baa4f6a03",
	"e44658ba-0fba-4f4e-9ec5-84aa92cbb45c",
	"00000000-0000-0000-0000-000000000000");
INSERT INTO R_PART
	VALUES ("bafdc953-1881-43a3-a5f1-9dcc7e2d60c3",
	"55c612ef-684e-4f08-8fd3-2f7baa4f6a03",
	"77de1e4f-f473-4327-8c37-26da30f816fc",
	0,
	0,
	'includes');
INSERT INTO R_RTO
	VALUES ("bafdc953-1881-43a3-a5f1-9dcc7e2d60c3",
	"55c612ef-684e-4f08-8fd3-2f7baa4f6a03",
	"77de1e4f-f473-4327-8c37-26da30f816fc",
	-1);
INSERT INTO R_OIR
	VALUES ("bafdc953-1881-43a3-a5f1-9dcc7e2d60c3",
	"55c612ef-684e-4f08-8fd3-2f7baa4f6a03",
	"77de1e4f-f473-4327-8c37-26da30f816fc",
	"00000000-0000-0000-0000-000000000000");
INSERT INTO PE_PE
	VALUES ("b6e0045d-1e07-4da1-89ae-bb851de5ae4a",
	1,
	"960454f9-cf5f-4331-88bf-8023709586b1",
	"00000000-0000-0000-0000-000000000000",
	9);
INSERT INTO R_REL
	VALUES ("b6e0045d-1e07-4da1-89ae-bb851de5ae4a",
	3,
	'',
	"00000000-0000-0000-0000-000000000000");
INSERT INTO R_SIMP
	VALUES ("b6e0045d-1e07-4da1-89ae-bb851de5ae4a");
INSERT INTO R_PART
	VALUES ("bb0b5c24-97a4-43d0-bb19-ce1683a93dc8",
	"b6e0045d-1e07-4da1-89ae-bb851de5ae4a",
	"c4dd5b77-1e25-440c-badd-f2b4a5448322",
	0,
	0,
	'has');
INSERT INTO R_RTO
	VALUES ("bb0b5c24-97a4-43d0-bb19-ce1683a93dc8",
	"b6e0045d-1e07-4da1-89ae-bb851de5ae4a",
	"c4dd5b77-1e25-440c-badd-f2b4a5448322",
	-1);
INSERT INTO R_OIR
	VALUES ("bb0b5c24-97a4-43d0-bb19-ce1683a93dc8",
	"b6e0045d-1e07-4da1-89ae-bb851de5ae4a",
	"c4dd5b77-1e25-440c-badd-f2b4a5448322",
	"00000000-0000-0000-0000-000000000000");
INSERT INTO R_PART
	VALUES ("bb0b5c24-97a4-43d0-bb19-ce1683a93dc8",
	"b6e0045d-1e07-4da1-89ae-bb851de5ae4a",
	"da5078a7-2cd7-4cf9-b068-a7698995668e",
	1,
	1,
	'in group');
INSERT INTO R_RTO
	VALUES ("bb0b5c24-97a4-43d0-bb19-ce1683a93dc8",
	"b6e0045d-1e07-4da1-89ae-bb851de5ae4a",
	"da5078a7-2cd7-4cf9-b068-a7698995668e",
	-1);
INSERT INTO R_OIR
	VALUES ("bb0b5c24-97a4-43d0-bb19-ce1683a93dc8",
	"b6e0045d-1e07-4da1-89ae-bb851de5ae4a",
	"da5078a7-2cd7-4cf9-b068-a7698995668e",
	"00000000-0000-0000-0000-000000000000");
INSERT INTO PE_PE
	VALUES ("655f93cd-124d-4c1c-8fee-9a2f5468ffe1",
	1,
	"960454f9-cf5f-4331-88bf-8023709586b1",
	"00000000-0000-0000-0000-000000000000",
	9);
INSERT INTO R_REL
	VALUES ("655f93cd-124d-4c1c-8fee-9a2f5468ffe1",
	2,
	'',
	"00000000-0000-0000-0000-000000000000");
INSERT INTO R_SUBSUP
	VALUES ("655f93cd-124d-4c1c-8fee-9a2f5468ffe1");
INSERT INTO R_SUPER
	VALUES ("803702ba-1594-4405-b96a-8c76b6ef1c69",
	"655f93cd-124d-4c1c-8fee-9a2f5468ffe1",
	"e77468f8-eb00-4953-b3f1-a7ad93b6c20e");
INSERT INTO R_RTO
	VALUES ("803702ba-1594-4405-b96a-8c76b6ef1c69",
	"655f93cd-124d-4c1c-8fee-9a2f5468ffe1",
	"e77468f8-eb00-4953-b3f1-a7ad93b6c20e",
	-1);
INSERT INTO R_OIR
	VALUES ("803702ba-1594-4405-b96a-8c76b6ef1c69",
	"655f93cd-124d-4c1c-8fee-9a2f5468ffe1",
	"e77468f8-eb00-4953-b3f1-a7ad93b6c20e",
	"00000000-0000-0000-0000-000000000000");
INSERT INTO R_SUB
	VALUES ("7a1c6c92-00d7-49ac-a23b-cfb4d3362f53",
	"655f93cd-124d-4c1c-8fee-9a2f5468ffe1",
	"436371eb-cbe1-40dd-aa41-77ae8abcc98f");
INSERT INTO R_RGO
	VALUES ("7a1c6c92-00d7-49ac-a23b-cfb4d3362f53",
	"655f93cd-124d-4c1c-8fee-9a2f5468ffe1",
	"436371eb-cbe1-40dd-aa41-77ae8abcc98f");
INSERT INTO R_OIR
	VALUES ("7a1c6c92-00d7-49ac-a23b-cfb4d3362f53",
	"655f93cd-124d-4c1c-8fee-9a2f5468ffe1",
	"436371eb-cbe1-40dd-aa41-77ae8abcc98f",
	"00000000-0000-0000-0000-000000000000");
INSERT INTO R_SUB
	VALUES ("1efeba6e-0315-442d-8e70-729b05561bea",
	"655f93cd-124d-4c1c-8fee-9a2f5468ffe1",
	"538375ec-701e-44a0-a2fa-dc7774434702");
INSERT INTO R_RGO
	VALUES ("1efeba6e-0315-442d-8e70-729b05561bea",
	"655f93cd-124d-4c1c-8fee-9a2f5468ffe1",
	"538375ec-701e-44a0-a2fa-dc7774434702");
INSERT INTO R_OIR
	VALUES ("1efeba6e-0315-442d-8e70-729b05561bea",
	"655f93cd-124d-4c1c-8fee-9a2f5468ffe1",
	"538375ec-701e-44a0-a2fa-dc7774434702",
	"00000000-0000-0000-0000-000000000000");
INSERT INTO R_SUB
	VALUES ("bafdc953-1881-43a3-a5f1-9dcc7e2d60c3",
	"655f93cd-124d-4c1c-8fee-9a2f5468ffe1",
	"0f3a975d-eb0e-4480-bbed-ae4648523ecf");
INSERT INTO R_RGO
	VALUES ("bafdc953-1881-43a3-a5f1-9dcc7e2d60c3",
	"655f93cd-124d-4c1c-8fee-9a2f5468ffe1",
	"0f3a975d-eb0e-4480-bbed-ae4648523ecf");
INSERT INTO R_OIR
	VALUES ("bafdc953-1881-43a3-a5f1-9dcc7e2d60c3",
	"655f93cd-124d-4c1c-8fee-9a2f5468ffe1",
	"0f3a975d-eb0e-4480-bbed-ae4648523ecf",
	"00000000-0000-0000-0000-000000000000");
INSERT INTO PE_PE
	VALUES ("861d98e9-8fb8-41c9-b775-c91333eaac35",
	1,
	"960454f9-cf5f-4331-88bf-8023709586b1",
	"00000000-0000-0000-0000-000000000000",
	9);
INSERT INTO R_REL
	VALUES ("861d98e9-8fb8-41c9-b775-c91333eaac35",
	1,
	'',
	"00000000-0000-0000-0000-000000000000");
INSERT INTO R_SIMP
	VALUES ("861d98e9-8fb8-41c9-b775-c91333eaac35");
INSERT INTO R_PART
	VALUES ("bafdc953-1881-43a3-a5f1-9dcc7e2d60c3",
	"861d98e9-8fb8-41c9-b775-c91333eaac35",
	"f3b58287-3254-4757-975d-c2512681cca4",
	0,
	0,
	'is_instance_of');
INSERT INTO R_RTO
	VALUES ("bafdc953-1881-43a3-a5f1-9dcc7e2d60c3",
	"861d98e9-8fb8-41c9-b775-c91333eaac35",
	"f3b58287-3254-4757-975d-c2512681cca4",
	-1);
INSERT INTO R_OIR
	VALUES ("bafdc953-1881-43a3-a5f1-9dcc7e2d60c3",
	"861d98e9-8fb8-41c9-b775-c91333eaac35",
	"f3b58287-3254-4757-975d-c2512681cca4",
	"00000000-0000-0000-0000-000000000000");
INSERT INTO R_PART
	VALUES ("4b839513-bd70-4d73-85ed-c06b10ee091a",
	"861d98e9-8fb8-41c9-b775-c91333eaac35",
	"86ac1080-593f-4e6f-8bbb-da9c3f370a67",
	1,
	0,
	'');
INSERT INTO R_RTO
	VALUES ("4b839513-bd70-4d73-85ed-c06b10ee091a",
	"861d98e9-8fb8-41c9-b775-c91333eaac35",
	"86ac1080-593f-4e6f-8bbb-da9c3f370a67",
	-1);
INSERT INTO R_OIR
	VALUES ("4b839513-bd70-4d73-85ed-c06b10ee091a",
	"861d98e9-8fb8-41c9-b775-c91333eaac35",
	"86ac1080-593f-4e6f-8bbb-da9c3f370a67",
	"00000000-0000-0000-0000-000000000000");
INSERT INTO PE_PE
	VALUES ("19b27525-ef50-4d33-ab2c-8b7895f454e1",
	1,
	"960454f9-cf5f-4331-88bf-8023709586b1",
	"00000000-0000-0000-0000-000000000000",
	1);
INSERT INTO S_SYNC
	VALUES ("19b27525-ef50-4d33-ab2c-8b7895f454e1",
	"00000000-0000-0000-0000-000000000000",
	'PopulateFacilityTypes',
	'',
	'
create object instance ft of FACILITYTYPE;
create object instance b of BOOKABLE;
relate ft to b across R2;

ft.approximateArea = "About 20 square meters";
b.price = 100;
b.description = "A double bed room";


create object instance f1 of FACILITY;
relate f1 to ft across R1;
f1.facilityID = "Room1";

create object instance f2 of FACILITY;
relate f2 to ft across R1;
f2.facilityID = "Room2";

create object instance f3 of FACILITY;
relate f3 to ft across R1;
f3.facilityID = "Room3";




	



',
	"ba5eda7a-def5-0000-0000-000000000000",
	1,
	'');
INSERT INTO ACT_FNB
	VALUES ("9604c95a-d39c-4989-8ab6-3a6ab3ff1a47",
	"19b27525-ef50-4d33-ab2c-8b7895f454e1");
INSERT INTO ACT_ACT
	VALUES ("9604c95a-d39c-4989-8ab6-3a6ab3ff1a47",
	'function',
	0,
	"cdcfbff2-cd86-4919-89cb-b1e2d993d284",
	"00000000-0000-0000-0000-000000000000",
	0,
	'PopulateFacilityTypes',
	"00000000-0000-0000-0000-000000000000");
INSERT INTO ACT_BLK
	VALUES ("cdcfbff2-cd86-4919-89cb-b1e2d993d284",
	0,
	0,
	0,
	'',
	'',
	'',
	21,
	1,
	19,
	30,
	0,
	0,
	20,
	24,
	0,
	0,
	0,
	0,
	0,
	"9604c95a-d39c-4989-8ab6-3a6ab3ff1a47",
	"00000000-0000-0000-0000-000000000000");
INSERT INTO ACT_SMT
	VALUES ("6f50fa7c-9e5a-4411-8e44-5c656c812784",
	"cdcfbff2-cd86-4919-89cb-b1e2d993d284",
	"4632aa5d-b66a-47d3-aa45-66ec8077078a",
	2,
	1,
	'PopulateFacilityTypes line: 2');
INSERT INTO ACT_CR
	VALUES ("6f50fa7c-9e5a-4411-8e44-5c656c812784",
	"2ffe7485-6050-4870-aabe-13109691f84b",
	1,
	"bafdc953-1881-43a3-a5f1-9dcc7e2d60c3",
	2,
	30);
INSERT INTO ACT_SMT
	VALUES ("4632aa5d-b66a-47d3-aa45-66ec8077078a",
	"cdcfbff2-cd86-4919-89cb-b1e2d993d284",
	"47fc3953-72a8-4ab6-bd9e-457b2f55abf7",
	3,
	1,
	'PopulateFacilityTypes line: 3');
INSERT INTO ACT_CR
	VALUES ("4632aa5d-b66a-47d3-aa45-66ec8077078a",
	"e5b6ef3a-cda4-447f-ae13-c0d4fabcd2f8",
	1,
	"803702ba-1594-4405-b96a-8c76b6ef1c69",
	3,
	29);
INSERT INTO ACT_SMT
	VALUES ("47fc3953-72a8-4ab6-bd9e-457b2f55abf7",
	"cdcfbff2-cd86-4919-89cb-b1e2d993d284",
	"35201bde-0db7-498b-af2e-691478d6864a",
	4,
	1,
	'PopulateFacilityTypes line: 4');
INSERT INTO ACT_REL
	VALUES ("47fc3953-72a8-4ab6-bd9e-457b2f55abf7",
	"2ffe7485-6050-4870-aabe-13109691f84b",
	"e5b6ef3a-cda4-447f-ae13-c0d4fabcd2f8",
	'',
	"655f93cd-124d-4c1c-8fee-9a2f5468ffe1",
	4,
	23,
	0,
	0);
INSERT INTO ACT_SMT
	VALUES ("35201bde-0db7-498b-af2e-691478d6864a",
	"cdcfbff2-cd86-4919-89cb-b1e2d993d284",
	"63dede89-b046-40cb-9925-0e0b97548fe1",
	6,
	1,
	'PopulateFacilityTypes line: 6');
INSERT INTO ACT_AI
	VALUES ("35201bde-0db7-498b-af2e-691478d6864a",
	"bd502513-1487-46a1-89e3-c992ce9686a3",
	"1889f954-d21b-4070-9816-6f70f6b6c091",
	0,
	0);
INSERT INTO ACT_SMT
	VALUES ("63dede89-b046-40cb-9925-0e0b97548fe1",
	"cdcfbff2-cd86-4919-89cb-b1e2d993d284",
	"6d870685-c24f-4c45-b47e-ac3cbdada270",
	7,
	1,
	'PopulateFacilityTypes line: 7');
INSERT INTO ACT_AI
	VALUES ("63dede89-b046-40cb-9925-0e0b97548fe1",
	"01519389-70d9-4567-9bec-2f5e1f3ff62d",
	"b5891d3f-b816-4d5b-aafc-ca0df41823d9",
	0,
	0);
INSERT INTO ACT_SMT
	VALUES ("6d870685-c24f-4c45-b47e-ac3cbdada270",
	"cdcfbff2-cd86-4919-89cb-b1e2d993d284",
	"f34ad36b-0c7f-4771-b6fe-a20c5bd05523",
	8,
	1,
	'PopulateFacilityTypes line: 8');
INSERT INTO ACT_AI
	VALUES ("6d870685-c24f-4c45-b47e-ac3cbdada270",
	"298a4cec-be8b-4188-9495-4ed945f68674",
	"f75f57a3-bd18-421e-8bf4-bc65821539a6",
	0,
	0);
INSERT INTO ACT_SMT
	VALUES ("f34ad36b-0c7f-4771-b6fe-a20c5bd05523",
	"cdcfbff2-cd86-4919-89cb-b1e2d993d284",
	"00e7ce33-28cd-4e40-a3f8-25aad416cdf4",
	11,
	1,
	'PopulateFacilityTypes line: 11');
INSERT INTO ACT_CR
	VALUES ("f34ad36b-0c7f-4771-b6fe-a20c5bd05523",
	"51728999-828f-4182-9e08-623dd5533c57",
	1,
	"4b839513-bd70-4d73-85ed-c06b10ee091a",
	11,
	30);
INSERT INTO ACT_SMT
	VALUES ("00e7ce33-28cd-4e40-a3f8-25aad416cdf4",
	"cdcfbff2-cd86-4919-89cb-b1e2d993d284",
	"5d518609-5924-4544-ac45-2916f9a5b708",
	12,
	1,
	'PopulateFacilityTypes line: 12');
INSERT INTO ACT_REL
	VALUES ("00e7ce33-28cd-4e40-a3f8-25aad416cdf4",
	"51728999-828f-4182-9e08-623dd5533c57",
	"2ffe7485-6050-4870-aabe-13109691f84b",
	'',
	"861d98e9-8fb8-41c9-b775-c91333eaac35",
	12,
	24,
	0,
	0);
INSERT INTO ACT_SMT
	VALUES ("5d518609-5924-4544-ac45-2916f9a5b708",
	"cdcfbff2-cd86-4919-89cb-b1e2d993d284",
	"81becb62-e2b8-462a-95d4-1ab2418fe278",
	13,
	1,
	'PopulateFacilityTypes line: 13');
INSERT INTO ACT_AI
	VALUES ("5d518609-5924-4544-ac45-2916f9a5b708",
	"8a146d19-90a6-468a-b3fc-27d6ab40be45",
	"d659313c-0166-4891-8f99-9a20abf6610c",
	0,
	0);
INSERT INTO ACT_SMT
	VALUES ("81becb62-e2b8-462a-95d4-1ab2418fe278",
	"cdcfbff2-cd86-4919-89cb-b1e2d993d284",
	"89de5673-1f9d-4194-bdeb-796ef9e0af54",
	15,
	1,
	'PopulateFacilityTypes line: 15');
INSERT INTO ACT_CR
	VALUES ("81becb62-e2b8-462a-95d4-1ab2418fe278",
	"fe9fd90b-b7c9-485f-80ea-b6b11ea76565",
	1,
	"4b839513-bd70-4d73-85ed-c06b10ee091a",
	15,
	30);
INSERT INTO ACT_SMT
	VALUES ("89de5673-1f9d-4194-bdeb-796ef9e0af54",
	"cdcfbff2-cd86-4919-89cb-b1e2d993d284",
	"8f1649f8-e02b-4580-b26a-6a907e21056b",
	16,
	1,
	'PopulateFacilityTypes line: 16');
INSERT INTO ACT_REL
	VALUES ("89de5673-1f9d-4194-bdeb-796ef9e0af54",
	"fe9fd90b-b7c9-485f-80ea-b6b11ea76565",
	"2ffe7485-6050-4870-aabe-13109691f84b",
	'',
	"861d98e9-8fb8-41c9-b775-c91333eaac35",
	16,
	24,
	0,
	0);
INSERT INTO ACT_SMT
	VALUES ("8f1649f8-e02b-4580-b26a-6a907e21056b",
	"cdcfbff2-cd86-4919-89cb-b1e2d993d284",
	"81005a80-2b89-4e31-af98-23423f9f7710",
	17,
	1,
	'PopulateFacilityTypes line: 17');
INSERT INTO ACT_AI
	VALUES ("8f1649f8-e02b-4580-b26a-6a907e21056b",
	"237c3e64-afc3-4dc6-8cc9-e33b58795515",
	"25115191-f1e2-4866-9646-b0c1cb025ca4",
	0,
	0);
INSERT INTO ACT_SMT
	VALUES ("81005a80-2b89-4e31-af98-23423f9f7710",
	"cdcfbff2-cd86-4919-89cb-b1e2d993d284",
	"356d4e54-ee90-4f2b-871d-b0697679ecf5",
	19,
	1,
	'PopulateFacilityTypes line: 19');
INSERT INTO ACT_CR
	VALUES ("81005a80-2b89-4e31-af98-23423f9f7710",
	"14473ec9-bfb2-4eaa-b42d-925b76eb5101",
	1,
	"4b839513-bd70-4d73-85ed-c06b10ee091a",
	19,
	30);
INSERT INTO ACT_SMT
	VALUES ("356d4e54-ee90-4f2b-871d-b0697679ecf5",
	"cdcfbff2-cd86-4919-89cb-b1e2d993d284",
	"c66f05fe-739a-4554-9ff4-92677fc9e0f0",
	20,
	1,
	'PopulateFacilityTypes line: 20');
INSERT INTO ACT_REL
	VALUES ("356d4e54-ee90-4f2b-871d-b0697679ecf5",
	"14473ec9-bfb2-4eaa-b42d-925b76eb5101",
	"2ffe7485-6050-4870-aabe-13109691f84b",
	'',
	"861d98e9-8fb8-41c9-b775-c91333eaac35",
	20,
	24,
	0,
	0);
INSERT INTO ACT_SMT
	VALUES ("c66f05fe-739a-4554-9ff4-92677fc9e0f0",
	"cdcfbff2-cd86-4919-89cb-b1e2d993d284",
	"00000000-0000-0000-0000-000000000000",
	21,
	1,
	'PopulateFacilityTypes line: 21');
INSERT INTO ACT_AI
	VALUES ("c66f05fe-739a-4554-9ff4-92677fc9e0f0",
	"c0877afc-5481-46e8-87bb-3340713b9264",
	"c23a02e1-356d-43ff-b34d-f02e39e8b041",
	0,
	0);
INSERT INTO V_VAL
	VALUES ("f3c42391-1529-4a21-8304-e619f8e8e618",
	1,
	0,
	6,
	1,
	2,
	0,
	0,
	0,
	0,
	"99dc6d1a-909c-4bcb-a5b6-04d65b974e90",
	"cdcfbff2-cd86-4919-89cb-b1e2d993d284");
INSERT INTO V_IRF
	VALUES ("f3c42391-1529-4a21-8304-e619f8e8e618",
	"2ffe7485-6050-4870-aabe-13109691f84b");
INSERT INTO V_VAL
	VALUES ("1889f954-d21b-4070-9816-6f70f6b6c091",
	1,
	0,
	6,
	4,
	18,
	0,
	0,
	0,
	0,
	"ba5eda7a-def5-0000-0000-000000000004",
	"cdcfbff2-cd86-4919-89cb-b1e2d993d284");
INSERT INTO V_AVL
	VALUES ("1889f954-d21b-4070-9816-6f70f6b6c091",
	"f3c42391-1529-4a21-8304-e619f8e8e618",
	"bafdc953-1881-43a3-a5f1-9dcc7e2d60c3",
	"839b61ce-d63e-49ba-a0ae-d1b0093bb680");
INSERT INTO V_VAL
	VALUES ("bd502513-1487-46a1-89e3-c992ce9686a3",
	0,
	0,
	6,
	22,
	44,
	0,
	0,
	0,
	0,
	"ba5eda7a-def5-0000-0000-000000000004",
	"cdcfbff2-cd86-4919-89cb-b1e2d993d284");
INSERT INTO V_LST
	VALUES ("bd502513-1487-46a1-89e3-c992ce9686a3",
	'About 20 square meters');
INSERT INTO V_VAL
	VALUES ("b183d167-07bc-4531-950a-7ffcb4d4e27c",
	1,
	0,
	7,
	1,
	1,
	0,
	0,
	0,
	0,
	"bdce89ef-72f6-4386-ba13-b2d926836c80",
	"cdcfbff2-cd86-4919-89cb-b1e2d993d284");
INSERT INTO V_IRF
	VALUES ("b183d167-07bc-4531-950a-7ffcb4d4e27c",
	"e5b6ef3a-cda4-447f-ae13-c0d4fabcd2f8");
INSERT INTO V_VAL
	VALUES ("b5891d3f-b816-4d5b-aafc-ca0df41823d9",
	1,
	0,
	7,
	3,
	7,
	0,
	0,
	0,
	0,
	"ba5eda7a-def5-0000-0000-000000000002",
	"cdcfbff2-cd86-4919-89cb-b1e2d993d284");
INSERT INTO V_AVL
	VALUES ("b5891d3f-b816-4d5b-aafc-ca0df41823d9",
	"b183d167-07bc-4531-950a-7ffcb4d4e27c",
	"803702ba-1594-4405-b96a-8c76b6ef1c69",
	"8ccbac66-5148-4ed4-bb36-09215ce15366");
INSERT INTO V_VAL
	VALUES ("01519389-70d9-4567-9bec-2f5e1f3ff62d",
	0,
	0,
	7,
	11,
	13,
	0,
	0,
	0,
	0,
	"ba5eda7a-def5-0000-0000-000000000002",
	"cdcfbff2-cd86-4919-89cb-b1e2d993d284");
INSERT INTO V_LIN
	VALUES ("01519389-70d9-4567-9bec-2f5e1f3ff62d",
	'100');
INSERT INTO V_VAL
	VALUES ("e893122d-27fc-4e18-a4f2-14e7411dca80",
	1,
	0,
	8,
	1,
	1,
	0,
	0,
	0,
	0,
	"bdce89ef-72f6-4386-ba13-b2d926836c80",
	"cdcfbff2-cd86-4919-89cb-b1e2d993d284");
INSERT INTO V_IRF
	VALUES ("e893122d-27fc-4e18-a4f2-14e7411dca80",
	"e5b6ef3a-cda4-447f-ae13-c0d4fabcd2f8");
INSERT INTO V_VAL
	VALUES ("f75f57a3-bd18-421e-8bf4-bc65821539a6",
	1,
	0,
	8,
	3,
	13,
	0,
	0,
	0,
	0,
	"ba5eda7a-def5-0000-0000-000000000004",
	"cdcfbff2-cd86-4919-89cb-b1e2d993d284");
INSERT INTO V_AVL
	VALUES ("f75f57a3-bd18-421e-8bf4-bc65821539a6",
	"e893122d-27fc-4e18-a4f2-14e7411dca80",
	"803702ba-1594-4405-b96a-8c76b6ef1c69",
	"7edb737c-eda0-435c-ab44-20ad0293ebdb");
INSERT INTO V_VAL
	VALUES ("298a4cec-be8b-4188-9495-4ed945f68674",
	0,
	0,
	8,
	17,
	34,
	0,
	0,
	0,
	0,
	"ba5eda7a-def5-0000-0000-000000000004",
	"cdcfbff2-cd86-4919-89cb-b1e2d993d284");
INSERT INTO V_LST
	VALUES ("298a4cec-be8b-4188-9495-4ed945f68674",
	'A double bed room');
INSERT INTO V_VAL
	VALUES ("f6d054d8-c164-46c2-ba9e-3b07529edbe9",
	1,
	0,
	13,
	1,
	2,
	0,
	0,
	0,
	0,
	"bd43dc09-3be2-4ae8-806d-bedb08b1e03c",
	"cdcfbff2-cd86-4919-89cb-b1e2d993d284");
INSERT INTO V_IRF
	VALUES ("f6d054d8-c164-46c2-ba9e-3b07529edbe9",
	"51728999-828f-4182-9e08-623dd5533c57");
INSERT INTO V_VAL
	VALUES ("d659313c-0166-4891-8f99-9a20abf6610c",
	1,
	0,
	13,
	4,
	13,
	0,
	0,
	0,
	0,
	"ba5eda7a-def5-0000-0000-000000000004",
	"cdcfbff2-cd86-4919-89cb-b1e2d993d284");
INSERT INTO V_AVL
	VALUES ("d659313c-0166-4891-8f99-9a20abf6610c",
	"f6d054d8-c164-46c2-ba9e-3b07529edbe9",
	"4b839513-bd70-4d73-85ed-c06b10ee091a",
	"e22cda36-25e1-4b81-aef1-d74c43020c14");
INSERT INTO V_VAL
	VALUES ("8a146d19-90a6-468a-b3fc-27d6ab40be45",
	0,
	0,
	13,
	17,
	22,
	0,
	0,
	0,
	0,
	"ba5eda7a-def5-0000-0000-000000000004",
	"cdcfbff2-cd86-4919-89cb-b1e2d993d284");
INSERT INTO V_LST
	VALUES ("8a146d19-90a6-468a-b3fc-27d6ab40be45",
	'Room1');
INSERT INTO V_VAL
	VALUES ("7e1acaef-09da-432d-8a25-ca47c2c48d92",
	1,
	0,
	17,
	1,
	2,
	0,
	0,
	0,
	0,
	"bd43dc09-3be2-4ae8-806d-bedb08b1e03c",
	"cdcfbff2-cd86-4919-89cb-b1e2d993d284");
INSERT INTO V_IRF
	VALUES ("7e1acaef-09da-432d-8a25-ca47c2c48d92",
	"fe9fd90b-b7c9-485f-80ea-b6b11ea76565");
INSERT INTO V_VAL
	VALUES ("25115191-f1e2-4866-9646-b0c1cb025ca4",
	1,
	0,
	17,
	4,
	13,
	0,
	0,
	0,
	0,
	"ba5eda7a-def5-0000-0000-000000000004",
	"cdcfbff2-cd86-4919-89cb-b1e2d993d284");
INSERT INTO V_AVL
	VALUES ("25115191-f1e2-4866-9646-b0c1cb025ca4",
	"7e1acaef-09da-432d-8a25-ca47c2c48d92",
	"4b839513-bd70-4d73-85ed-c06b10ee091a",
	"e22cda36-25e1-4b81-aef1-d74c43020c14");
INSERT INTO V_VAL
	VALUES ("237c3e64-afc3-4dc6-8cc9-e33b58795515",
	0,
	0,
	17,
	17,
	22,
	0,
	0,
	0,
	0,
	"ba5eda7a-def5-0000-0000-000000000004",
	"cdcfbff2-cd86-4919-89cb-b1e2d993d284");
INSERT INTO V_LST
	VALUES ("237c3e64-afc3-4dc6-8cc9-e33b58795515",
	'Room2');
INSERT INTO V_VAL
	VALUES ("e06ff2ec-9d7d-419a-80a0-337fdbf9ce64",
	1,
	0,
	21,
	1,
	2,
	0,
	0,
	0,
	0,
	"bd43dc09-3be2-4ae8-806d-bedb08b1e03c",
	"cdcfbff2-cd86-4919-89cb-b1e2d993d284");
INSERT INTO V_IRF
	VALUES ("e06ff2ec-9d7d-419a-80a0-337fdbf9ce64",
	"14473ec9-bfb2-4eaa-b42d-925b76eb5101");
INSERT INTO V_VAL
	VALUES ("c23a02e1-356d-43ff-b34d-f02e39e8b041",
	1,
	0,
	21,
	4,
	13,
	0,
	0,
	0,
	0,
	"ba5eda7a-def5-0000-0000-000000000004",
	"cdcfbff2-cd86-4919-89cb-b1e2d993d284");
INSERT INTO V_AVL
	VALUES ("c23a02e1-356d-43ff-b34d-f02e39e8b041",
	"e06ff2ec-9d7d-419a-80a0-337fdbf9ce64",
	"4b839513-bd70-4d73-85ed-c06b10ee091a",
	"e22cda36-25e1-4b81-aef1-d74c43020c14");
INSERT INTO V_VAL
	VALUES ("c0877afc-5481-46e8-87bb-3340713b9264",
	0,
	0,
	21,
	17,
	22,
	0,
	0,
	0,
	0,
	"ba5eda7a-def5-0000-0000-000000000004",
	"cdcfbff2-cd86-4919-89cb-b1e2d993d284");
INSERT INTO V_LST
	VALUES ("c0877afc-5481-46e8-87bb-3340713b9264",
	'Room3');
INSERT INTO V_VAR
	VALUES ("2ffe7485-6050-4870-aabe-13109691f84b",
	"cdcfbff2-cd86-4919-89cb-b1e2d993d284",
	'ft',
	1,
	"99dc6d1a-909c-4bcb-a5b6-04d65b974e90");
INSERT INTO V_INT
	VALUES ("2ffe7485-6050-4870-aabe-13109691f84b",
	0,
	"bafdc953-1881-43a3-a5f1-9dcc7e2d60c3");
INSERT INTO V_LOC
	VALUES ("ebb1ce72-ccc9-4afd-a742-2fa40d95688a",
	2,
	24,
	25,
	"2ffe7485-6050-4870-aabe-13109691f84b");
INSERT INTO V_LOC
	VALUES ("bf7c760e-e441-4be8-b57b-5d7f49cdf38f",
	4,
	8,
	9,
	"2ffe7485-6050-4870-aabe-13109691f84b");
INSERT INTO V_LOC
	VALUES ("84edb8f1-352d-43b3-8571-c6688f55886d",
	6,
	1,
	2,
	"2ffe7485-6050-4870-aabe-13109691f84b");
INSERT INTO V_LOC
	VALUES ("e0cc3091-8224-4b0f-9452-2a071ad2fc7b",
	12,
	14,
	15,
	"2ffe7485-6050-4870-aabe-13109691f84b");
INSERT INTO V_LOC
	VALUES ("f57d08b5-ce16-4960-9d1b-fe332bf6e1c3",
	16,
	14,
	15,
	"2ffe7485-6050-4870-aabe-13109691f84b");
INSERT INTO V_LOC
	VALUES ("c1a68e06-0b55-4a91-94be-9d6f46ab2444",
	20,
	14,
	15,
	"2ffe7485-6050-4870-aabe-13109691f84b");
INSERT INTO V_VAR
	VALUES ("e5b6ef3a-cda4-447f-ae13-c0d4fabcd2f8",
	"cdcfbff2-cd86-4919-89cb-b1e2d993d284",
	'b',
	1,
	"bdce89ef-72f6-4386-ba13-b2d926836c80");
INSERT INTO V_INT
	VALUES ("e5b6ef3a-cda4-447f-ae13-c0d4fabcd2f8",
	0,
	"803702ba-1594-4405-b96a-8c76b6ef1c69");
INSERT INTO V_LOC
	VALUES ("6e3bfc6a-83a5-4ea4-b65e-57fabb3f3c56",
	3,
	24,
	24,
	"e5b6ef3a-cda4-447f-ae13-c0d4fabcd2f8");
INSERT INTO V_LOC
	VALUES ("33e85206-9b88-40df-b6ca-1ef9d4a5a7ae",
	4,
	14,
	14,
	"e5b6ef3a-cda4-447f-ae13-c0d4fabcd2f8");
INSERT INTO V_LOC
	VALUES ("bc1cbce2-d9af-48b9-8c1e-c00865a966a2",
	7,
	1,
	1,
	"e5b6ef3a-cda4-447f-ae13-c0d4fabcd2f8");
INSERT INTO V_LOC
	VALUES ("8dcc5671-a663-4cab-9714-dfc291def353",
	8,
	1,
	1,
	"e5b6ef3a-cda4-447f-ae13-c0d4fabcd2f8");
INSERT INTO V_VAR
	VALUES ("51728999-828f-4182-9e08-623dd5533c57",
	"cdcfbff2-cd86-4919-89cb-b1e2d993d284",
	'f1',
	1,
	"bd43dc09-3be2-4ae8-806d-bedb08b1e03c");
INSERT INTO V_INT
	VALUES ("51728999-828f-4182-9e08-623dd5533c57",
	0,
	"4b839513-bd70-4d73-85ed-c06b10ee091a");
INSERT INTO V_LOC
	VALUES ("5261d055-e683-4478-917a-e163b075ad1c",
	11,
	24,
	25,
	"51728999-828f-4182-9e08-623dd5533c57");
INSERT INTO V_LOC
	VALUES ("26e32afb-c0b3-4866-89b3-0be2e5f23b3b",
	12,
	8,
	9,
	"51728999-828f-4182-9e08-623dd5533c57");
INSERT INTO V_LOC
	VALUES ("104377a2-6c6a-4b25-81a6-ce4d096210b2",
	13,
	1,
	2,
	"51728999-828f-4182-9e08-623dd5533c57");
INSERT INTO V_VAR
	VALUES ("fe9fd90b-b7c9-485f-80ea-b6b11ea76565",
	"cdcfbff2-cd86-4919-89cb-b1e2d993d284",
	'f2',
	1,
	"bd43dc09-3be2-4ae8-806d-bedb08b1e03c");
INSERT INTO V_INT
	VALUES ("fe9fd90b-b7c9-485f-80ea-b6b11ea76565",
	0,
	"4b839513-bd70-4d73-85ed-c06b10ee091a");
INSERT INTO V_LOC
	VALUES ("8a88ac4c-0361-42ba-a152-8c446d51cce8",
	15,
	24,
	25,
	"fe9fd90b-b7c9-485f-80ea-b6b11ea76565");
INSERT INTO V_LOC
	VALUES ("8d849aae-78b5-490c-92fa-f4519e6a55ad",
	16,
	8,
	9,
	"fe9fd90b-b7c9-485f-80ea-b6b11ea76565");
INSERT INTO V_LOC
	VALUES ("a288cf33-a3f5-4b15-88b7-af18afd36b5b",
	17,
	1,
	2,
	"fe9fd90b-b7c9-485f-80ea-b6b11ea76565");
INSERT INTO V_VAR
	VALUES ("14473ec9-bfb2-4eaa-b42d-925b76eb5101",
	"cdcfbff2-cd86-4919-89cb-b1e2d993d284",
	'f3',
	1,
	"bd43dc09-3be2-4ae8-806d-bedb08b1e03c");
INSERT INTO V_INT
	VALUES ("14473ec9-bfb2-4eaa-b42d-925b76eb5101",
	0,
	"4b839513-bd70-4d73-85ed-c06b10ee091a");
INSERT INTO V_LOC
	VALUES ("f76e6c89-c5b6-4f19-8ea4-583c2bbca4fd",
	19,
	24,
	25,
	"14473ec9-bfb2-4eaa-b42d-925b76eb5101");
INSERT INTO V_LOC
	VALUES ("f58724b6-0ab7-4ff6-9673-a8bfdb89cdf0",
	20,
	8,
	9,
	"14473ec9-bfb2-4eaa-b42d-925b76eb5101");
INSERT INTO V_LOC
	VALUES ("a03ebc8d-902f-4935-9d58-35cea10050a7",
	21,
	1,
	2,
	"14473ec9-bfb2-4eaa-b42d-925b76eb5101");
INSERT INTO PE_PE
	VALUES ("f225c177-c732-48ac-9a07-38cf87d924ac",
	1,
	"960454f9-cf5f-4331-88bf-8023709586b1",
	"00000000-0000-0000-0000-000000000000",
	1);
INSERT INTO S_SYNC
	VALUES ("f225c177-c732-48ac-9a07-38cf87d924ac",
	"00000000-0000-0000-0000-000000000000",
	'TestDateCompare',
	'',
	'select any b from instances of BOOKING;

select any bb from instances of BOOKING;

LOG::LogInfo(message: "Less success");
LOG::LogDate(d:b.toDate, message: "herp");
LOG::LogDate(d:bb.toDate, message: "herp1");

if(0 == ::compDate(d0:b.toDate,d1:bb.toDate))

	LOG::LogInfo(message: "our success");

end if;

LOG::LogInfo(message: "after our or not success");

if(b.toDate <= bb.toDate)

	LOG::LogInfo(message: "Less success");

end if;

	LOG::LogInfo(message: "derp  success");

select many testbs from instances of BOOKING;
			//where
			//	(
			//	((selected.toDate < b.toDate)));// and (selected.toDate > param.fromDate)))
			//	or 
			//	((selected.fromDate > param.toDate) and (selected.fromDate < param.fromDate))
			//	);

LOG::LogInfo(message: "after quarrrrrry success");
	',
	"ba5eda7a-def5-0000-0000-000000000000",
	1,
	'');
INSERT INTO ACT_FNB
	VALUES ("de99cbb7-0e8c-4c35-92a2-93ce049e5885",
	"f225c177-c732-48ac-9a07-38cf87d924ac");
INSERT INTO ACT_ACT
	VALUES ("de99cbb7-0e8c-4c35-92a2-93ce049e5885",
	'function',
	0,
	"fda32a29-8e57-4706-aeb4-a50592e5a37e",
	"00000000-0000-0000-0000-000000000000",
	0,
	'TestDateCompare',
	"00000000-0000-0000-0000-000000000000");
INSERT INTO ACT_BLK
	VALUES ("fda32a29-8e57-4706-aeb4-a50592e5a37e",
	1,
	0,
	0,
	'LOG',
	'',
	'',
	33,
	1,
	33,
	1,
	0,
	0,
	0,
	0,
	0,
	0,
	0,
	0,
	0,
	"de99cbb7-0e8c-4c35-92a2-93ce049e5885",
	"00000000-0000-0000-0000-000000000000");
INSERT INTO ACT_SMT
	VALUES ("4a8e8176-b308-4f9b-aaed-e3ef07dc37ee",
	"fda32a29-8e57-4706-aeb4-a50592e5a37e",
	"92e6f3a0-c1c4-4eb0-a8b9-9ad34b5ec84f",
	1,
	1,
	'TestDateCompare line: 1');
INSERT INTO ACT_FIO
	VALUES ("4a8e8176-b308-4f9b-aaed-e3ef07dc37ee",
	"71a3ea2e-f0b0-4903-b239-3e9d64fcc447",
	1,
	'any',
	"9a41fe9e-f547-4cde-b68d-f7db43c904dc",
	1,
	32);
INSERT INTO ACT_SMT
	VALUES ("92e6f3a0-c1c4-4eb0-a8b9-9ad34b5ec84f",
	"fda32a29-8e57-4706-aeb4-a50592e5a37e",
	"e1b1b31e-3a49-4ea3-86e1-901e51e056ff",
	3,
	1,
	'TestDateCompare line: 3');
INSERT INTO ACT_FIO
	VALUES ("92e6f3a0-c1c4-4eb0-a8b9-9ad34b5ec84f",
	"83031f3a-7c6d-4dc9-a1d0-355e6a3f0790",
	1,
	'any',
	"9a41fe9e-f547-4cde-b68d-f7db43c904dc",
	3,
	33);
INSERT INTO ACT_SMT
	VALUES ("e1b1b31e-3a49-4ea3-86e1-901e51e056ff",
	"fda32a29-8e57-4706-aeb4-a50592e5a37e",
	"fdff20c9-8e85-49ad-8e3b-c655894b58fe",
	5,
	1,
	'TestDateCompare line: 5');
INSERT INTO ACT_BRG
	VALUES ("e1b1b31e-3a49-4ea3-86e1-901e51e056ff",
	"768e1cca-7403-495c-9b22-afd11a473eb6",
	5,
	6,
	5,
	1);
INSERT INTO ACT_SMT
	VALUES ("fdff20c9-8e85-49ad-8e3b-c655894b58fe",
	"fda32a29-8e57-4706-aeb4-a50592e5a37e",
	"8808f971-d4a5-4b33-adea-df841c0596b2",
	6,
	1,
	'TestDateCompare line: 6');
INSERT INTO ACT_BRG
	VALUES ("fdff20c9-8e85-49ad-8e3b-c655894b58fe",
	"badb0c1c-59d4-4171-b6dc-4d014c05a69b",
	6,
	6,
	6,
	1);
INSERT INTO ACT_SMT
	VALUES ("8808f971-d4a5-4b33-adea-df841c0596b2",
	"fda32a29-8e57-4706-aeb4-a50592e5a37e",
	"bd1290f9-b8ec-44a7-89a7-527aee78d1b2",
	7,
	1,
	'TestDateCompare line: 7');
INSERT INTO ACT_BRG
	VALUES ("8808f971-d4a5-4b33-adea-df841c0596b2",
	"badb0c1c-59d4-4171-b6dc-4d014c05a69b",
	7,
	6,
	7,
	1);
INSERT INTO ACT_SMT
	VALUES ("bd1290f9-b8ec-44a7-89a7-527aee78d1b2",
	"fda32a29-8e57-4706-aeb4-a50592e5a37e",
	"83535891-cfe4-46b2-aa16-1b98530fe475",
	9,
	1,
	'TestDateCompare line: 9');
INSERT INTO ACT_IF
	VALUES ("bd1290f9-b8ec-44a7-89a7-527aee78d1b2",
	"151fa5e4-4f98-4594-8cde-4197b4c4e52d",
	"b696e3f3-bee6-42cb-8fd0-980f194837f3",
	"00000000-0000-0000-0000-000000000000",
	"00000000-0000-0000-0000-000000000000");
INSERT INTO ACT_SMT
	VALUES ("83535891-cfe4-46b2-aa16-1b98530fe475",
	"fda32a29-8e57-4706-aeb4-a50592e5a37e",
	"9c9e6e8c-ef3b-49ee-86f6-325c4b4ac4e9",
	15,
	1,
	'TestDateCompare line: 15');
INSERT INTO ACT_BRG
	VALUES ("83535891-cfe4-46b2-aa16-1b98530fe475",
	"768e1cca-7403-495c-9b22-afd11a473eb6",
	15,
	6,
	15,
	1);
INSERT INTO ACT_SMT
	VALUES ("9c9e6e8c-ef3b-49ee-86f6-325c4b4ac4e9",
	"fda32a29-8e57-4706-aeb4-a50592e5a37e",
	"dbebca19-5292-4fe1-a617-83dc9988bd29",
	17,
	1,
	'TestDateCompare line: 17');
INSERT INTO ACT_IF
	VALUES ("9c9e6e8c-ef3b-49ee-86f6-325c4b4ac4e9",
	"c958afa5-fdbc-4272-b52e-4af6ece4b86f",
	"d9262239-d019-4110-8630-d43d0c3062a9",
	"00000000-0000-0000-0000-000000000000",
	"00000000-0000-0000-0000-000000000000");
INSERT INTO ACT_SMT
	VALUES ("dbebca19-5292-4fe1-a617-83dc9988bd29",
	"fda32a29-8e57-4706-aeb4-a50592e5a37e",
	"43ea8663-8ff9-49d8-a24a-37fb50f5ec15",
	23,
	2,
	'TestDateCompare line: 23');
INSERT INTO ACT_BRG
	VALUES ("dbebca19-5292-4fe1-a617-83dc9988bd29",
	"768e1cca-7403-495c-9b22-afd11a473eb6",
	23,
	7,
	23,
	2);
INSERT INTO ACT_SMT
	VALUES ("43ea8663-8ff9-49d8-a24a-37fb50f5ec15",
	"fda32a29-8e57-4706-aeb4-a50592e5a37e",
	"de841901-b31c-4636-9189-2bc51fd101de",
	25,
	1,
	'TestDateCompare line: 25');
INSERT INTO ACT_FIO
	VALUES ("43ea8663-8ff9-49d8-a24a-37fb50f5ec15",
	"f5fa3672-7376-460f-9fd0-0a74501fa203",
	1,
	'many',
	"9a41fe9e-f547-4cde-b68d-f7db43c904dc",
	25,
	38);
INSERT INTO ACT_SMT
	VALUES ("de841901-b31c-4636-9189-2bc51fd101de",
	"fda32a29-8e57-4706-aeb4-a50592e5a37e",
	"00000000-0000-0000-0000-000000000000",
	33,
	1,
	'TestDateCompare line: 33');
INSERT INTO ACT_BRG
	VALUES ("de841901-b31c-4636-9189-2bc51fd101de",
	"768e1cca-7403-495c-9b22-afd11a473eb6",
	33,
	6,
	33,
	1);
INSERT INTO V_VAL
	VALUES ("1e2f8ff0-fed6-40b3-87a5-e645a8fd5b13",
	0,
	0,
	5,
	23,
	35,
	0,
	0,
	0,
	0,
	"ba5eda7a-def5-0000-0000-000000000004",
	"fda32a29-8e57-4706-aeb4-a50592e5a37e");
INSERT INTO V_LST
	VALUES ("1e2f8ff0-fed6-40b3-87a5-e645a8fd5b13",
	'Less success');
INSERT INTO V_PAR
	VALUES ("1e2f8ff0-fed6-40b3-87a5-e645a8fd5b13",
	"e1b1b31e-3a49-4ea3-86e1-901e51e056ff",
	"00000000-0000-0000-0000-000000000000",
	'message',
	"00000000-0000-0000-0000-000000000000",
	5,
	14);
INSERT INTO V_VAL
	VALUES ("b91c16d0-58d2-44d5-b07f-e787d89eebf6",
	0,
	0,
	6,
	16,
	16,
	0,
	0,
	0,
	0,
	"433f7688-7b95-4f9c-89f1-cf076d691ab7",
	"fda32a29-8e57-4706-aeb4-a50592e5a37e");
INSERT INTO V_IRF
	VALUES ("b91c16d0-58d2-44d5-b07f-e787d89eebf6",
	"71a3ea2e-f0b0-4903-b239-3e9d64fcc447");
INSERT INTO V_VAL
	VALUES ("3b2667b8-4e42-4c59-9548-824901672a55",
	0,
	0,
	6,
	18,
	23,
	0,
	0,
	0,
	0,
	"ba5eda7a-def5-0000-0000-000000000010",
	"fda32a29-8e57-4706-aeb4-a50592e5a37e");
INSERT INTO V_AVL
	VALUES ("3b2667b8-4e42-4c59-9548-824901672a55",
	"b91c16d0-58d2-44d5-b07f-e787d89eebf6",
	"9a41fe9e-f547-4cde-b68d-f7db43c904dc",
	"e8beb6ea-4122-426a-9215-3d8a7d8b3cc6");
INSERT INTO V_PAR
	VALUES ("3b2667b8-4e42-4c59-9548-824901672a55",
	"fdff20c9-8e85-49ad-8e3b-c655894b58fe",
	"00000000-0000-0000-0000-000000000000",
	'd',
	"a0f22bf6-50cf-4298-8f1b-e9c7e9517b18",
	6,
	14);
INSERT INTO V_VAL
	VALUES ("a0f22bf6-50cf-4298-8f1b-e9c7e9517b18",
	0,
	0,
	6,
	35,
	39,
	0,
	0,
	0,
	0,
	"ba5eda7a-def5-0000-0000-000000000004",
	"fda32a29-8e57-4706-aeb4-a50592e5a37e");
INSERT INTO V_LST
	VALUES ("a0f22bf6-50cf-4298-8f1b-e9c7e9517b18",
	'herp');
INSERT INTO V_PAR
	VALUES ("a0f22bf6-50cf-4298-8f1b-e9c7e9517b18",
	"fdff20c9-8e85-49ad-8e3b-c655894b58fe",
	"00000000-0000-0000-0000-000000000000",
	'message',
	"00000000-0000-0000-0000-000000000000",
	6,
	26);
INSERT INTO V_VAL
	VALUES ("0eca91c5-b7a8-4180-a38e-d81fb8689255",
	0,
	0,
	7,
	16,
	17,
	0,
	0,
	0,
	0,
	"433f7688-7b95-4f9c-89f1-cf076d691ab7",
	"fda32a29-8e57-4706-aeb4-a50592e5a37e");
INSERT INTO V_IRF
	VALUES ("0eca91c5-b7a8-4180-a38e-d81fb8689255",
	"83031f3a-7c6d-4dc9-a1d0-355e6a3f0790");
INSERT INTO V_VAL
	VALUES ("4778687e-12a7-4c37-86b4-b20d10520e2c",
	0,
	0,
	7,
	19,
	24,
	0,
	0,
	0,
	0,
	"ba5eda7a-def5-0000-0000-000000000010",
	"fda32a29-8e57-4706-aeb4-a50592e5a37e");
INSERT INTO V_AVL
	VALUES ("4778687e-12a7-4c37-86b4-b20d10520e2c",
	"0eca91c5-b7a8-4180-a38e-d81fb8689255",
	"9a41fe9e-f547-4cde-b68d-f7db43c904dc",
	"e8beb6ea-4122-426a-9215-3d8a7d8b3cc6");
INSERT INTO V_PAR
	VALUES ("4778687e-12a7-4c37-86b4-b20d10520e2c",
	"8808f971-d4a5-4b33-adea-df841c0596b2",
	"00000000-0000-0000-0000-000000000000",
	'd',
	"ccde67ab-d2b6-4887-9d3d-0cc6c6d21a97",
	7,
	14);
INSERT INTO V_VAL
	VALUES ("ccde67ab-d2b6-4887-9d3d-0cc6c6d21a97",
	0,
	0,
	7,
	36,
	41,
	0,
	0,
	0,
	0,
	"ba5eda7a-def5-0000-0000-000000000004",
	"fda32a29-8e57-4706-aeb4-a50592e5a37e");
INSERT INTO V_LST
	VALUES ("ccde67ab-d2b6-4887-9d3d-0cc6c6d21a97",
	'herp1');
INSERT INTO V_PAR
	VALUES ("ccde67ab-d2b6-4887-9d3d-0cc6c6d21a97",
	"8808f971-d4a5-4b33-adea-df841c0596b2",
	"00000000-0000-0000-0000-000000000000",
	'message',
	"00000000-0000-0000-0000-000000000000",
	7,
	27);
INSERT INTO V_VAL
	VALUES ("d494ed05-b6f2-40c0-a435-7f1fdb754a6c",
	0,
	0,
	9,
	4,
	4,
	0,
	0,
	0,
	0,
	"ba5eda7a-def5-0000-0000-000000000002",
	"fda32a29-8e57-4706-aeb4-a50592e5a37e");
INSERT INTO V_LIN
	VALUES ("d494ed05-b6f2-40c0-a435-7f1fdb754a6c",
	'0');
INSERT INTO V_VAL
	VALUES ("b696e3f3-bee6-42cb-8fd0-980f194837f3",
	0,
	0,
	-1,
	-1,
	-1,
	0,
	0,
	0,
	0,
	"ba5eda7a-def5-0000-0000-000000000001",
	"fda32a29-8e57-4706-aeb4-a50592e5a37e");
INSERT INTO V_BIN
	VALUES ("b696e3f3-bee6-42cb-8fd0-980f194837f3",
	"232c30e2-7df3-4197-a015-1169ce2b7bb8",
	"d494ed05-b6f2-40c0-a435-7f1fdb754a6c",
	'==');
INSERT INTO V_VAL
	VALUES ("232c30e2-7df3-4197-a015-1169ce2b7bb8",
	0,
	0,
	9,
	11,
	-1,
	9,
	20,
	9,
	32,
	"ba5eda7a-def5-0000-0000-000000000002",
	"fda32a29-8e57-4706-aeb4-a50592e5a37e");
INSERT INTO V_FNV
	VALUES ("232c30e2-7df3-4197-a015-1169ce2b7bb8",
	"52572cbd-c389-40eb-b763-ffc8f3afbb15",
	1);
INSERT INTO V_VAL
	VALUES ("4a8dc160-98d5-49be-9f10-2291bba6bee8",
	0,
	0,
	9,
	23,
	23,
	0,
	0,
	0,
	0,
	"433f7688-7b95-4f9c-89f1-cf076d691ab7",
	"fda32a29-8e57-4706-aeb4-a50592e5a37e");
INSERT INTO V_IRF
	VALUES ("4a8dc160-98d5-49be-9f10-2291bba6bee8",
	"71a3ea2e-f0b0-4903-b239-3e9d64fcc447");
INSERT INTO V_VAL
	VALUES ("dcb230fa-1c13-4747-b8c8-c165dc85bdc3",
	0,
	0,
	9,
	25,
	30,
	0,
	0,
	0,
	0,
	"ba5eda7a-def5-0000-0000-000000000010",
	"fda32a29-8e57-4706-aeb4-a50592e5a37e");
INSERT INTO V_AVL
	VALUES ("dcb230fa-1c13-4747-b8c8-c165dc85bdc3",
	"4a8dc160-98d5-49be-9f10-2291bba6bee8",
	"9a41fe9e-f547-4cde-b68d-f7db43c904dc",
	"e8beb6ea-4122-426a-9215-3d8a7d8b3cc6");
INSERT INTO V_PAR
	VALUES ("dcb230fa-1c13-4747-b8c8-c165dc85bdc3",
	"00000000-0000-0000-0000-000000000000",
	"232c30e2-7df3-4197-a015-1169ce2b7bb8",
	'd0',
	"79949731-cb0d-483b-b333-aefd996cbc00",
	9,
	20);
INSERT INTO V_VAL
	VALUES ("bd99aa2f-eddc-45a1-a3c2-8ff2721cac44",
	0,
	0,
	9,
	35,
	36,
	0,
	0,
	0,
	0,
	"433f7688-7b95-4f9c-89f1-cf076d691ab7",
	"fda32a29-8e57-4706-aeb4-a50592e5a37e");
INSERT INTO V_IRF
	VALUES ("bd99aa2f-eddc-45a1-a3c2-8ff2721cac44",
	"83031f3a-7c6d-4dc9-a1d0-355e6a3f0790");
INSERT INTO V_VAL
	VALUES ("79949731-cb0d-483b-b333-aefd996cbc00",
	0,
	0,
	9,
	38,
	43,
	0,
	0,
	0,
	0,
	"ba5eda7a-def5-0000-0000-000000000010",
	"fda32a29-8e57-4706-aeb4-a50592e5a37e");
INSERT INTO V_AVL
	VALUES ("79949731-cb0d-483b-b333-aefd996cbc00",
	"bd99aa2f-eddc-45a1-a3c2-8ff2721cac44",
	"9a41fe9e-f547-4cde-b68d-f7db43c904dc",
	"e8beb6ea-4122-426a-9215-3d8a7d8b3cc6");
INSERT INTO V_PAR
	VALUES ("79949731-cb0d-483b-b333-aefd996cbc00",
	"00000000-0000-0000-0000-000000000000",
	"232c30e2-7df3-4197-a015-1169ce2b7bb8",
	'd1',
	"00000000-0000-0000-0000-000000000000",
	9,
	32);
INSERT INTO V_VAL
	VALUES ("dd6bf7d0-7d7f-42d9-b8fa-37c90016045c",
	0,
	0,
	15,
	23,
	47,
	0,
	0,
	0,
	0,
	"ba5eda7a-def5-0000-0000-000000000004",
	"fda32a29-8e57-4706-aeb4-a50592e5a37e");
INSERT INTO V_LST
	VALUES ("dd6bf7d0-7d7f-42d9-b8fa-37c90016045c",
	'after our or not success');
INSERT INTO V_PAR
	VALUES ("dd6bf7d0-7d7f-42d9-b8fa-37c90016045c",
	"83535891-cfe4-46b2-aa16-1b98530fe475",
	"00000000-0000-0000-0000-000000000000",
	'message',
	"00000000-0000-0000-0000-000000000000",
	15,
	14);
INSERT INTO V_VAL
	VALUES ("f9da7376-0323-4478-b2fb-568fccc1d3ba",
	0,
	0,
	17,
	4,
	4,
	0,
	0,
	0,
	0,
	"433f7688-7b95-4f9c-89f1-cf076d691ab7",
	"fda32a29-8e57-4706-aeb4-a50592e5a37e");
INSERT INTO V_IRF
	VALUES ("f9da7376-0323-4478-b2fb-568fccc1d3ba",
	"71a3ea2e-f0b0-4903-b239-3e9d64fcc447");
INSERT INTO V_VAL
	VALUES ("73530b6b-1b25-493b-b040-c932d4786d7d",
	0,
	0,
	17,
	6,
	11,
	0,
	0,
	0,
	0,
	"ba5eda7a-def5-0000-0000-000000000010",
	"fda32a29-8e57-4706-aeb4-a50592e5a37e");
INSERT INTO V_AVL
	VALUES ("73530b6b-1b25-493b-b040-c932d4786d7d",
	"f9da7376-0323-4478-b2fb-568fccc1d3ba",
	"9a41fe9e-f547-4cde-b68d-f7db43c904dc",
	"e8beb6ea-4122-426a-9215-3d8a7d8b3cc6");
INSERT INTO V_VAL
	VALUES ("d9262239-d019-4110-8630-d43d0c3062a9",
	0,
	0,
	-1,
	-1,
	-1,
	0,
	0,
	0,
	0,
	"ba5eda7a-def5-0000-0000-000000000001",
	"fda32a29-8e57-4706-aeb4-a50592e5a37e");
INSERT INTO V_BIN
	VALUES ("d9262239-d019-4110-8630-d43d0c3062a9",
	"10d7bb3e-9e8c-4163-ba91-fce9da78c65f",
	"73530b6b-1b25-493b-b040-c932d4786d7d",
	'<=');
INSERT INTO V_VAL
	VALUES ("0c6a0ba6-f7c1-4c8b-b7ff-4bc6824a71d0",
	0,
	0,
	17,
	16,
	17,
	0,
	0,
	0,
	0,
	"433f7688-7b95-4f9c-89f1-cf076d691ab7",
	"fda32a29-8e57-4706-aeb4-a50592e5a37e");
INSERT INTO V_IRF
	VALUES ("0c6a0ba6-f7c1-4c8b-b7ff-4bc6824a71d0",
	"83031f3a-7c6d-4dc9-a1d0-355e6a3f0790");
INSERT INTO V_VAL
	VALUES ("10d7bb3e-9e8c-4163-ba91-fce9da78c65f",
	0,
	0,
	17,
	19,
	24,
	0,
	0,
	0,
	0,
	"ba5eda7a-def5-0000-0000-000000000010",
	"fda32a29-8e57-4706-aeb4-a50592e5a37e");
INSERT INTO V_AVL
	VALUES ("10d7bb3e-9e8c-4163-ba91-fce9da78c65f",
	"0c6a0ba6-f7c1-4c8b-b7ff-4bc6824a71d0",
	"9a41fe9e-f547-4cde-b68d-f7db43c904dc",
	"e8beb6ea-4122-426a-9215-3d8a7d8b3cc6");
INSERT INTO V_VAL
	VALUES ("cf6d3d46-45f3-4158-9bc4-360ae1efed9d",
	0,
	0,
	23,
	24,
	37,
	0,
	0,
	0,
	0,
	"ba5eda7a-def5-0000-0000-000000000004",
	"fda32a29-8e57-4706-aeb4-a50592e5a37e");
INSERT INTO V_LST
	VALUES ("cf6d3d46-45f3-4158-9bc4-360ae1efed9d",
	'derp  success');
INSERT INTO V_PAR
	VALUES ("cf6d3d46-45f3-4158-9bc4-360ae1efed9d",
	"dbebca19-5292-4fe1-a617-83dc9988bd29",
	"00000000-0000-0000-0000-000000000000",
	'message',
	"00000000-0000-0000-0000-000000000000",
	23,
	15);
INSERT INTO V_VAL
	VALUES ("0a9cd8ee-84f5-46b2-acf5-23bb4c1b30c2",
	0,
	0,
	33,
	23,
	47,
	0,
	0,
	0,
	0,
	"ba5eda7a-def5-0000-0000-000000000004",
	"fda32a29-8e57-4706-aeb4-a50592e5a37e");
INSERT INTO V_LST
	VALUES ("0a9cd8ee-84f5-46b2-acf5-23bb4c1b30c2",
	'after quarrrrrry success');
INSERT INTO V_PAR
	VALUES ("0a9cd8ee-84f5-46b2-acf5-23bb4c1b30c2",
	"de841901-b31c-4636-9189-2bc51fd101de",
	"00000000-0000-0000-0000-000000000000",
	'message',
	"00000000-0000-0000-0000-000000000000",
	33,
	14);
INSERT INTO V_VAR
	VALUES ("71a3ea2e-f0b0-4903-b239-3e9d64fcc447",
	"fda32a29-8e57-4706-aeb4-a50592e5a37e",
	'b',
	1,
	"433f7688-7b95-4f9c-89f1-cf076d691ab7");
INSERT INTO V_INT
	VALUES ("71a3ea2e-f0b0-4903-b239-3e9d64fcc447",
	0,
	"9a41fe9e-f547-4cde-b68d-f7db43c904dc");
INSERT INTO V_LOC
	VALUES ("94066950-afcd-484d-a124-349700b3ecfb",
	1,
	12,
	12,
	"71a3ea2e-f0b0-4903-b239-3e9d64fcc447");
INSERT INTO V_LOC
	VALUES ("83cb3681-a44c-4ec5-b75b-41ab073d520c",
	6,
	16,
	16,
	"71a3ea2e-f0b0-4903-b239-3e9d64fcc447");
INSERT INTO V_LOC
	VALUES ("d12a7aea-0c9d-4771-b6e2-55d12e950cc5",
	9,
	23,
	23,
	"71a3ea2e-f0b0-4903-b239-3e9d64fcc447");
INSERT INTO V_LOC
	VALUES ("d9fe3154-c95e-40f0-96e6-b62229b01341",
	17,
	4,
	4,
	"71a3ea2e-f0b0-4903-b239-3e9d64fcc447");
INSERT INTO V_VAR
	VALUES ("83031f3a-7c6d-4dc9-a1d0-355e6a3f0790",
	"fda32a29-8e57-4706-aeb4-a50592e5a37e",
	'bb',
	1,
	"433f7688-7b95-4f9c-89f1-cf076d691ab7");
INSERT INTO V_INT
	VALUES ("83031f3a-7c6d-4dc9-a1d0-355e6a3f0790",
	0,
	"9a41fe9e-f547-4cde-b68d-f7db43c904dc");
INSERT INTO V_LOC
	VALUES ("4ef541df-f4d9-498b-8982-0f4543328afc",
	3,
	12,
	13,
	"83031f3a-7c6d-4dc9-a1d0-355e6a3f0790");
INSERT INTO V_LOC
	VALUES ("e3ef8484-a815-42f6-8838-3618f0fe74f7",
	7,
	16,
	17,
	"83031f3a-7c6d-4dc9-a1d0-355e6a3f0790");
INSERT INTO V_LOC
	VALUES ("e52e2bbb-a313-4ff5-b4b3-fd4c38bfab76",
	9,
	35,
	36,
	"83031f3a-7c6d-4dc9-a1d0-355e6a3f0790");
INSERT INTO V_LOC
	VALUES ("6e599c61-7cc7-4b5c-a8a1-f098230365b3",
	17,
	16,
	17,
	"83031f3a-7c6d-4dc9-a1d0-355e6a3f0790");
INSERT INTO V_VAR
	VALUES ("f5fa3672-7376-460f-9fd0-0a74501fa203",
	"fda32a29-8e57-4706-aeb4-a50592e5a37e",
	'testbs',
	1,
	"43b0cae0-5c1a-4413-9ef4-db5152923f7b");
INSERT INTO V_INS
	VALUES ("f5fa3672-7376-460f-9fd0-0a74501fa203",
	"9a41fe9e-f547-4cde-b68d-f7db43c904dc");
INSERT INTO V_LOC
	VALUES ("23910cdb-5720-41b2-9cfb-c92e0a388367",
	25,
	13,
	18,
	"f5fa3672-7376-460f-9fd0-0a74501fa203");
INSERT INTO ACT_BLK
	VALUES ("151fa5e4-4f98-4594-8cde-4197b4c4e52d",
	0,
	0,
	0,
	'LOG',
	'',
	'',
	11,
	2,
	11,
	2,
	0,
	0,
	0,
	0,
	0,
	0,
	0,
	0,
	0,
	"de99cbb7-0e8c-4c35-92a2-93ce049e5885",
	"00000000-0000-0000-0000-000000000000");
INSERT INTO ACT_SMT
	VALUES ("a9835600-f08f-4c4a-a063-5e050afbec50",
	"151fa5e4-4f98-4594-8cde-4197b4c4e52d",
	"00000000-0000-0000-0000-000000000000",
	11,
	2,
	'TestDateCompare line: 11');
INSERT INTO ACT_BRG
	VALUES ("a9835600-f08f-4c4a-a063-5e050afbec50",
	"768e1cca-7403-495c-9b22-afd11a473eb6",
	11,
	7,
	11,
	2);
INSERT INTO V_VAL
	VALUES ("906c5f9b-fc1a-4a6e-b560-9dc7c6c51033",
	0,
	0,
	11,
	24,
	35,
	0,
	0,
	0,
	0,
	"ba5eda7a-def5-0000-0000-000000000004",
	"151fa5e4-4f98-4594-8cde-4197b4c4e52d");
INSERT INTO V_LST
	VALUES ("906c5f9b-fc1a-4a6e-b560-9dc7c6c51033",
	'our success');
INSERT INTO V_PAR
	VALUES ("906c5f9b-fc1a-4a6e-b560-9dc7c6c51033",
	"a9835600-f08f-4c4a-a063-5e050afbec50",
	"00000000-0000-0000-0000-000000000000",
	'message',
	"00000000-0000-0000-0000-000000000000",
	11,
	15);
INSERT INTO ACT_BLK
	VALUES ("c958afa5-fdbc-4272-b52e-4af6ece4b86f",
	0,
	0,
	0,
	'LOG',
	'',
	'',
	19,
	2,
	19,
	2,
	0,
	0,
	0,
	0,
	0,
	0,
	0,
	0,
	0,
	"de99cbb7-0e8c-4c35-92a2-93ce049e5885",
	"00000000-0000-0000-0000-000000000000");
INSERT INTO ACT_SMT
	VALUES ("90374323-103e-4e8c-be3a-96c2e01cd8e5",
	"c958afa5-fdbc-4272-b52e-4af6ece4b86f",
	"00000000-0000-0000-0000-000000000000",
	19,
	2,
	'TestDateCompare line: 19');
INSERT INTO ACT_BRG
	VALUES ("90374323-103e-4e8c-be3a-96c2e01cd8e5",
	"768e1cca-7403-495c-9b22-afd11a473eb6",
	19,
	7,
	19,
	2);
INSERT INTO V_VAL
	VALUES ("ba8d817b-3c7f-4b65-8cef-d85549b3992e",
	0,
	0,
	19,
	24,
	36,
	0,
	0,
	0,
	0,
	"ba5eda7a-def5-0000-0000-000000000004",
	"c958afa5-fdbc-4272-b52e-4af6ece4b86f");
INSERT INTO V_LST
	VALUES ("ba8d817b-3c7f-4b65-8cef-d85549b3992e",
	'Less success');
INSERT INTO V_PAR
	VALUES ("ba8d817b-3c7f-4b65-8cef-d85549b3992e",
	"90374323-103e-4e8c-be3a-96c2e01cd8e5",
	"00000000-0000-0000-0000-000000000000",
	'message',
	"00000000-0000-0000-0000-000000000000",
	19,
	15);
INSERT INTO PE_PE
	VALUES ("52572cbd-c389-40eb-b763-ffc8f3afbb15",
	1,
	"960454f9-cf5f-4331-88bf-8023709586b1",
	"00000000-0000-0000-0000-000000000000",
	1);
INSERT INTO S_SYNC
	VALUES ("52572cbd-c389-40eb-b763-ffc8f3afbb15",
	"00000000-0000-0000-0000-000000000000",
	'compDate',
	'',
	'y0 = TIM::get_year(date:param.d0);
y1 = TIM::get_year(date:param.d1);
if(y0 == y1)
	m0 = TIM::get_month(date:param.d0);
	m1 = TIM::get_month(date:param.d1);
	if(m0 == m1)
		day0 = TIM::get_day(date:param.d0);
		day1 = TIM::get_day(date:param.d1);
		if(day0 == day1)
			h0 = TIM::get_hour(date:param.d0);
			h1 = TIM::get_hour(date:param.d1);
			if(h0 == h1)
				return 0;
			else
				return h0 - h1;
			end if;
		else
			return day0 - day1;
		end if;
	else
		return m0 - m1;
	end if;
else
	return y0 - y1;
end if;

',
	"ba5eda7a-def5-0000-0000-000000000002",
	1,
	'');
INSERT INTO S_SPARM
	VALUES ("16113742-523c-4539-adbc-8bb7583eebcd",
	"52572cbd-c389-40eb-b763-ffc8f3afbb15",
	'd0',
	"ba5eda7a-def5-0000-0000-00000000000e",
	0,
	'',
	"00000000-0000-0000-0000-000000000000",
	'');
INSERT INTO S_SPARM
	VALUES ("ed922384-934e-4911-a21c-849e7ab1a27a",
	"52572cbd-c389-40eb-b763-ffc8f3afbb15",
	'd1',
	"ba5eda7a-def5-0000-0000-00000000000e",
	0,
	'',
	"16113742-523c-4539-adbc-8bb7583eebcd",
	'');
INSERT INTO ACT_FNB
	VALUES ("97117156-7c29-4e94-a07f-90681290fa25",
	"52572cbd-c389-40eb-b763-ffc8f3afbb15");
INSERT INTO ACT_ACT
	VALUES ("97117156-7c29-4e94-a07f-90681290fa25",
	'function',
	0,
	"6372c6f9-ba3c-46d3-8701-a1f817ab04bd",
	"00000000-0000-0000-0000-000000000000",
	0,
	'compDate',
	"00000000-0000-0000-0000-000000000000");
INSERT INTO ACT_BLK
	VALUES ("6372c6f9-ba3c-46d3-8701-a1f817ab04bd",
	0,
	0,
	0,
	'TIM',
	'',
	'',
	23,
	1,
	2,
	6,
	0,
	0,
	0,
	0,
	0,
	0,
	0,
	0,
	0,
	"97117156-7c29-4e94-a07f-90681290fa25",
	"00000000-0000-0000-0000-000000000000");
INSERT INTO ACT_SMT
	VALUES ("5e3078eb-a6ff-405d-8c95-ccd353e62dcd",
	"6372c6f9-ba3c-46d3-8701-a1f817ab04bd",
	"aa39781e-f1ba-45fb-8a01-57c0025efe1d",
	1,
	1,
	'compDate line: 1');
INSERT INTO ACT_AI
	VALUES ("5e3078eb-a6ff-405d-8c95-ccd353e62dcd",
	"cf27881d-9315-42d6-ae24-e8e3cbd32e67",
	"bb5a3c94-b0c4-4a6e-a609-da5f4c02631c",
	0,
	0);
INSERT INTO ACT_SMT
	VALUES ("aa39781e-f1ba-45fb-8a01-57c0025efe1d",
	"6372c6f9-ba3c-46d3-8701-a1f817ab04bd",
	"2e75d3f7-ac48-4aad-bab5-c2e8b5384428",
	2,
	1,
	'compDate line: 2');
INSERT INTO ACT_AI
	VALUES ("aa39781e-f1ba-45fb-8a01-57c0025efe1d",
	"da63c018-53ac-41c6-ac6f-abbf072477b1",
	"c404bf35-6246-4692-b501-d4975abbf81a",
	0,
	0);
INSERT INTO ACT_SMT
	VALUES ("2e75d3f7-ac48-4aad-bab5-c2e8b5384428",
	"6372c6f9-ba3c-46d3-8701-a1f817ab04bd",
	"00000000-0000-0000-0000-000000000000",
	3,
	1,
	'compDate line: 3');
INSERT INTO ACT_IF
	VALUES ("2e75d3f7-ac48-4aad-bab5-c2e8b5384428",
	"cbc8cb29-eaf4-4414-9515-d5b1c38d63db",
	"34fad997-ec94-4127-a94c-330de371e911",
	"00000000-0000-0000-0000-000000000000",
	"00000000-0000-0000-0000-000000000000");
INSERT INTO ACT_SMT
	VALUES ("cd362a47-f987-4fae-9813-195933bafbcf",
	"6372c6f9-ba3c-46d3-8701-a1f817ab04bd",
	"00000000-0000-0000-0000-000000000000",
	23,
	1,
	'compDate line: 23');
INSERT INTO ACT_E
	VALUES ("cd362a47-f987-4fae-9813-195933bafbcf",
	"e8637145-0ef1-4f40-908e-5e66309373da",
	"2e75d3f7-ac48-4aad-bab5-c2e8b5384428");
INSERT INTO V_VAL
	VALUES ("bb5a3c94-b0c4-4a6e-a609-da5f4c02631c",
	1,
	1,
	1,
	1,
	2,
	0,
	0,
	0,
	0,
	"ba5eda7a-def5-0000-0000-000000000002",
	"6372c6f9-ba3c-46d3-8701-a1f817ab04bd");
INSERT INTO V_TVL
	VALUES ("bb5a3c94-b0c4-4a6e-a609-da5f4c02631c",
	"8e8a9906-202c-4e92-8e1c-a345e54d7ed2");
INSERT INTO V_VAL
	VALUES ("cf27881d-9315-42d6-ae24-e8e3cbd32e67",
	0,
	0,
	1,
	11,
	-1,
	1,
	20,
	0,
	0,
	"ba5eda7a-def5-0000-0000-000000000002",
	"6372c6f9-ba3c-46d3-8701-a1f817ab04bd");
INSERT INTO V_BRV
	VALUES ("cf27881d-9315-42d6-ae24-e8e3cbd32e67",
	"7c1c684b-1141-4c29-85e4-5b923690152e",
	1,
	1,
	6);
INSERT INTO V_VAL
	VALUES ("0483cf41-64fb-4c20-a1dc-c4a886ba4b96",
	0,
	0,
	1,
	31,
	32,
	0,
	0,
	0,
	0,
	"ba5eda7a-def5-0000-0000-00000000000e",
	"6372c6f9-ba3c-46d3-8701-a1f817ab04bd");
INSERT INTO V_PVL
	VALUES ("0483cf41-64fb-4c20-a1dc-c4a886ba4b96",
	"00000000-0000-0000-0000-000000000000",
	"16113742-523c-4539-adbc-8bb7583eebcd",
	"00000000-0000-0000-0000-000000000000",
	"00000000-0000-0000-0000-000000000000");
INSERT INTO V_PAR
	VALUES ("0483cf41-64fb-4c20-a1dc-c4a886ba4b96",
	"00000000-0000-0000-0000-000000000000",
	"cf27881d-9315-42d6-ae24-e8e3cbd32e67",
	'date',
	"00000000-0000-0000-0000-000000000000",
	1,
	20);
INSERT INTO V_VAL
	VALUES ("c404bf35-6246-4692-b501-d4975abbf81a",
	1,
	1,
	2,
	1,
	2,
	0,
	0,
	0,
	0,
	"ba5eda7a-def5-0000-0000-000000000002",
	"6372c6f9-ba3c-46d3-8701-a1f817ab04bd");
INSERT INTO V_TVL
	VALUES ("c404bf35-6246-4692-b501-d4975abbf81a",
	"3cfca6a1-6699-4072-bd5a-ca75694b57f4");
INSERT INTO V_VAL
	VALUES ("da63c018-53ac-41c6-ac6f-abbf072477b1",
	0,
	0,
	2,
	11,
	-1,
	2,
	20,
	0,
	0,
	"ba5eda7a-def5-0000-0000-000000000002",
	"6372c6f9-ba3c-46d3-8701-a1f817ab04bd");
INSERT INTO V_BRV
	VALUES ("da63c018-53ac-41c6-ac6f-abbf072477b1",
	"7c1c684b-1141-4c29-85e4-5b923690152e",
	1,
	2,
	6);
INSERT INTO V_VAL
	VALUES ("afb76722-66a5-41b0-a8b7-91862b111ec7",
	0,
	0,
	2,
	31,
	32,
	0,
	0,
	0,
	0,
	"ba5eda7a-def5-0000-0000-00000000000e",
	"6372c6f9-ba3c-46d3-8701-a1f817ab04bd");
INSERT INTO V_PVL
	VALUES ("afb76722-66a5-41b0-a8b7-91862b111ec7",
	"00000000-0000-0000-0000-000000000000",
	"ed922384-934e-4911-a21c-849e7ab1a27a",
	"00000000-0000-0000-0000-000000000000",
	"00000000-0000-0000-0000-000000000000");
INSERT INTO V_PAR
	VALUES ("afb76722-66a5-41b0-a8b7-91862b111ec7",
	"00000000-0000-0000-0000-000000000000",
	"da63c018-53ac-41c6-ac6f-abbf072477b1",
	'date',
	"00000000-0000-0000-0000-000000000000",
	2,
	20);
INSERT INTO V_VAL
	VALUES ("8de404d5-dfd7-4a38-b1ed-de077166c36f",
	0,
	0,
	3,
	4,
	5,
	0,
	0,
	0,
	0,
	"ba5eda7a-def5-0000-0000-000000000002",
	"6372c6f9-ba3c-46d3-8701-a1f817ab04bd");
INSERT INTO V_TVL
	VALUES ("8de404d5-dfd7-4a38-b1ed-de077166c36f",
	"8e8a9906-202c-4e92-8e1c-a345e54d7ed2");
INSERT INTO V_VAL
	VALUES ("34fad997-ec94-4127-a94c-330de371e911",
	0,
	0,
	-1,
	-1,
	-1,
	0,
	0,
	0,
	0,
	"ba5eda7a-def5-0000-0000-000000000001",
	"6372c6f9-ba3c-46d3-8701-a1f817ab04bd");
INSERT INTO V_BIN
	VALUES ("34fad997-ec94-4127-a94c-330de371e911",
	"e7af3de0-d511-4881-bd42-9d7c9cd871ad",
	"8de404d5-dfd7-4a38-b1ed-de077166c36f",
	'==');
INSERT INTO V_VAL
	VALUES ("e7af3de0-d511-4881-bd42-9d7c9cd871ad",
	0,
	0,
	3,
	10,
	11,
	0,
	0,
	0,
	0,
	"ba5eda7a-def5-0000-0000-000000000002",
	"6372c6f9-ba3c-46d3-8701-a1f817ab04bd");
INSERT INTO V_TVL
	VALUES ("e7af3de0-d511-4881-bd42-9d7c9cd871ad",
	"3cfca6a1-6699-4072-bd5a-ca75694b57f4");
INSERT INTO V_VAR
	VALUES ("8e8a9906-202c-4e92-8e1c-a345e54d7ed2",
	"6372c6f9-ba3c-46d3-8701-a1f817ab04bd",
	'y0',
	1,
	"ba5eda7a-def5-0000-0000-000000000002");
INSERT INTO V_TRN
	VALUES ("8e8a9906-202c-4e92-8e1c-a345e54d7ed2",
	"00000000-0000-0000-0000-000000000000",
	'');
INSERT INTO V_LOC
	VALUES ("8e4566e9-457d-4b06-8ace-1f50626cc7e4",
	1,
	1,
	2,
	"8e8a9906-202c-4e92-8e1c-a345e54d7ed2");
INSERT INTO V_LOC
	VALUES ("7afd0c54-2506-4dc2-a2cf-6644e16b48d8",
	3,
	4,
	5,
	"8e8a9906-202c-4e92-8e1c-a345e54d7ed2");
INSERT INTO V_LOC
	VALUES ("78ecf570-9e2d-4ea3-9d89-90410c47c865",
	24,
	9,
	10,
	"8e8a9906-202c-4e92-8e1c-a345e54d7ed2");
INSERT INTO V_VAR
	VALUES ("3cfca6a1-6699-4072-bd5a-ca75694b57f4",
	"6372c6f9-ba3c-46d3-8701-a1f817ab04bd",
	'y1',
	1,
	"ba5eda7a-def5-0000-0000-000000000002");
INSERT INTO V_TRN
	VALUES ("3cfca6a1-6699-4072-bd5a-ca75694b57f4",
	"00000000-0000-0000-0000-000000000000",
	'');
INSERT INTO V_LOC
	VALUES ("4c620eb8-3277-4906-8ddd-6f98de7153b6",
	2,
	1,
	2,
	"3cfca6a1-6699-4072-bd5a-ca75694b57f4");
INSERT INTO V_LOC
	VALUES ("ec34a3b6-879f-4f92-933f-0d56bf45898f",
	3,
	10,
	11,
	"3cfca6a1-6699-4072-bd5a-ca75694b57f4");
INSERT INTO V_LOC
	VALUES ("8034927f-92aa-47f0-8fc4-025b581a43e9",
	24,
	14,
	15,
	"3cfca6a1-6699-4072-bd5a-ca75694b57f4");
INSERT INTO ACT_BLK
	VALUES ("cbc8cb29-eaf4-4414-9515-d5b1c38d63db",
	0,
	0,
	0,
	'TIM',
	'',
	'',
	20,
	2,
	5,
	7,
	0,
	0,
	0,
	0,
	0,
	0,
	0,
	0,
	0,
	"97117156-7c29-4e94-a07f-90681290fa25",
	"00000000-0000-0000-0000-000000000000");
INSERT INTO ACT_SMT
	VALUES ("46b8e441-4463-456a-b6a5-86de76f0df91",
	"cbc8cb29-eaf4-4414-9515-d5b1c38d63db",
	"1ab61793-f33b-45df-ad5b-b59543772416",
	4,
	2,
	'compDate line: 4');
INSERT INTO ACT_AI
	VALUES ("46b8e441-4463-456a-b6a5-86de76f0df91",
	"de2ea642-ae15-494d-b7c9-d3d40a3393de",
	"20d63034-c95b-48a0-b133-9b454921bd5c",
	0,
	0);
INSERT INTO ACT_SMT
	VALUES ("1ab61793-f33b-45df-ad5b-b59543772416",
	"cbc8cb29-eaf4-4414-9515-d5b1c38d63db",
	"3afe2c83-4621-4c91-b1c8-d4e2b2e30f4d",
	5,
	2,
	'compDate line: 5');
INSERT INTO ACT_AI
	VALUES ("1ab61793-f33b-45df-ad5b-b59543772416",
	"da7a30b6-ea7d-4072-887e-f67d480f7e8e",
	"e6ddf1a2-307a-422b-a1a6-cacb6b9f0d05",
	0,
	0);
INSERT INTO ACT_SMT
	VALUES ("3afe2c83-4621-4c91-b1c8-d4e2b2e30f4d",
	"cbc8cb29-eaf4-4414-9515-d5b1c38d63db",
	"00000000-0000-0000-0000-000000000000",
	6,
	2,
	'compDate line: 6');
INSERT INTO ACT_IF
	VALUES ("3afe2c83-4621-4c91-b1c8-d4e2b2e30f4d",
	"1d897d90-7bde-473c-9541-ae93b46763d5",
	"c98ca8d4-15b3-408c-b0fa-e6af68d8676f",
	"00000000-0000-0000-0000-000000000000",
	"00000000-0000-0000-0000-000000000000");
INSERT INTO ACT_SMT
	VALUES ("443be169-3ddd-4b92-895c-bc536c969d1c",
	"cbc8cb29-eaf4-4414-9515-d5b1c38d63db",
	"00000000-0000-0000-0000-000000000000",
	20,
	2,
	'compDate line: 20');
INSERT INTO ACT_E
	VALUES ("443be169-3ddd-4b92-895c-bc536c969d1c",
	"f32fed49-4d4a-46d2-9b80-05072dd73b12",
	"3afe2c83-4621-4c91-b1c8-d4e2b2e30f4d");
INSERT INTO V_VAL
	VALUES ("20d63034-c95b-48a0-b133-9b454921bd5c",
	1,
	1,
	4,
	2,
	3,
	0,
	0,
	0,
	0,
	"ba5eda7a-def5-0000-0000-000000000002",
	"cbc8cb29-eaf4-4414-9515-d5b1c38d63db");
INSERT INTO V_TVL
	VALUES ("20d63034-c95b-48a0-b133-9b454921bd5c",
	"f91f40fd-eb98-4a55-895b-8140a4d13ac4");
INSERT INTO V_VAL
	VALUES ("de2ea642-ae15-494d-b7c9-d3d40a3393de",
	0,
	0,
	4,
	12,
	-1,
	4,
	22,
	0,
	0,
	"ba5eda7a-def5-0000-0000-000000000002",
	"cbc8cb29-eaf4-4414-9515-d5b1c38d63db");
INSERT INTO V_BRV
	VALUES ("de2ea642-ae15-494d-b7c9-d3d40a3393de",
	"20059e2e-78d7-4303-8608-0a66bc7b6936",
	1,
	4,
	7);
INSERT INTO V_VAL
	VALUES ("12c1ce95-a4b1-4cfd-946b-6c320ede3604",
	0,
	0,
	4,
	33,
	34,
	0,
	0,
	0,
	0,
	"ba5eda7a-def5-0000-0000-00000000000e",
	"cbc8cb29-eaf4-4414-9515-d5b1c38d63db");
INSERT INTO V_PVL
	VALUES ("12c1ce95-a4b1-4cfd-946b-6c320ede3604",
	"00000000-0000-0000-0000-000000000000",
	"16113742-523c-4539-adbc-8bb7583eebcd",
	"00000000-0000-0000-0000-000000000000",
	"00000000-0000-0000-0000-000000000000");
INSERT INTO V_PAR
	VALUES ("12c1ce95-a4b1-4cfd-946b-6c320ede3604",
	"00000000-0000-0000-0000-000000000000",
	"de2ea642-ae15-494d-b7c9-d3d40a3393de",
	'date',
	"00000000-0000-0000-0000-000000000000",
	4,
	22);
INSERT INTO V_VAL
	VALUES ("e6ddf1a2-307a-422b-a1a6-cacb6b9f0d05",
	1,
	1,
	5,
	2,
	3,
	0,
	0,
	0,
	0,
	"ba5eda7a-def5-0000-0000-000000000002",
	"cbc8cb29-eaf4-4414-9515-d5b1c38d63db");
INSERT INTO V_TVL
	VALUES ("e6ddf1a2-307a-422b-a1a6-cacb6b9f0d05",
	"8a687554-5492-4700-85b8-9d1045c11c3b");
INSERT INTO V_VAL
	VALUES ("da7a30b6-ea7d-4072-887e-f67d480f7e8e",
	0,
	0,
	5,
	12,
	-1,
	5,
	22,
	0,
	0,
	"ba5eda7a-def5-0000-0000-000000000002",
	"cbc8cb29-eaf4-4414-9515-d5b1c38d63db");
INSERT INTO V_BRV
	VALUES ("da7a30b6-ea7d-4072-887e-f67d480f7e8e",
	"20059e2e-78d7-4303-8608-0a66bc7b6936",
	1,
	5,
	7);
INSERT INTO V_VAL
	VALUES ("ceba5920-c1ac-4bf4-bfd6-1d9cac7208de",
	0,
	0,
	5,
	33,
	34,
	0,
	0,
	0,
	0,
	"ba5eda7a-def5-0000-0000-00000000000e",
	"cbc8cb29-eaf4-4414-9515-d5b1c38d63db");
INSERT INTO V_PVL
	VALUES ("ceba5920-c1ac-4bf4-bfd6-1d9cac7208de",
	"00000000-0000-0000-0000-000000000000",
	"ed922384-934e-4911-a21c-849e7ab1a27a",
	"00000000-0000-0000-0000-000000000000",
	"00000000-0000-0000-0000-000000000000");
INSERT INTO V_PAR
	VALUES ("ceba5920-c1ac-4bf4-bfd6-1d9cac7208de",
	"00000000-0000-0000-0000-000000000000",
	"da7a30b6-ea7d-4072-887e-f67d480f7e8e",
	'date',
	"00000000-0000-0000-0000-000000000000",
	5,
	22);
INSERT INTO V_VAL
	VALUES ("00819cdb-db66-4588-8e92-e49ce4d2a115",
	0,
	0,
	6,
	5,
	6,
	0,
	0,
	0,
	0,
	"ba5eda7a-def5-0000-0000-000000000002",
	"cbc8cb29-eaf4-4414-9515-d5b1c38d63db");
INSERT INTO V_TVL
	VALUES ("00819cdb-db66-4588-8e92-e49ce4d2a115",
	"f91f40fd-eb98-4a55-895b-8140a4d13ac4");
INSERT INTO V_VAL
	VALUES ("c98ca8d4-15b3-408c-b0fa-e6af68d8676f",
	0,
	0,
	-1,
	-1,
	-1,
	0,
	0,
	0,
	0,
	"ba5eda7a-def5-0000-0000-000000000001",
	"cbc8cb29-eaf4-4414-9515-d5b1c38d63db");
INSERT INTO V_BIN
	VALUES ("c98ca8d4-15b3-408c-b0fa-e6af68d8676f",
	"0a8b77f6-37e2-4c9c-83f9-43f32f8072f7",
	"00819cdb-db66-4588-8e92-e49ce4d2a115",
	'==');
INSERT INTO V_VAL
	VALUES ("0a8b77f6-37e2-4c9c-83f9-43f32f8072f7",
	0,
	0,
	6,
	11,
	12,
	0,
	0,
	0,
	0,
	"ba5eda7a-def5-0000-0000-000000000002",
	"cbc8cb29-eaf4-4414-9515-d5b1c38d63db");
INSERT INTO V_TVL
	VALUES ("0a8b77f6-37e2-4c9c-83f9-43f32f8072f7",
	"8a687554-5492-4700-85b8-9d1045c11c3b");
INSERT INTO V_VAR
	VALUES ("f91f40fd-eb98-4a55-895b-8140a4d13ac4",
	"cbc8cb29-eaf4-4414-9515-d5b1c38d63db",
	'm0',
	1,
	"ba5eda7a-def5-0000-0000-000000000002");
INSERT INTO V_TRN
	VALUES ("f91f40fd-eb98-4a55-895b-8140a4d13ac4",
	"00000000-0000-0000-0000-000000000000",
	'');
INSERT INTO V_LOC
	VALUES ("694bf768-daef-4b8c-87c3-fdd5c72cf0a7",
	4,
	2,
	3,
	"f91f40fd-eb98-4a55-895b-8140a4d13ac4");
INSERT INTO V_LOC
	VALUES ("b1beaabe-12d2-4042-8a20-54be086c5343",
	6,
	5,
	6,
	"f91f40fd-eb98-4a55-895b-8140a4d13ac4");
INSERT INTO V_LOC
	VALUES ("27ca21e0-d3bd-483a-af1f-723ca1ddfe96",
	21,
	10,
	11,
	"f91f40fd-eb98-4a55-895b-8140a4d13ac4");
INSERT INTO V_VAR
	VALUES ("8a687554-5492-4700-85b8-9d1045c11c3b",
	"cbc8cb29-eaf4-4414-9515-d5b1c38d63db",
	'm1',
	1,
	"ba5eda7a-def5-0000-0000-000000000002");
INSERT INTO V_TRN
	VALUES ("8a687554-5492-4700-85b8-9d1045c11c3b",
	"00000000-0000-0000-0000-000000000000",
	'');
INSERT INTO V_LOC
	VALUES ("77a98c93-2ef0-4f7d-884a-775754d33ece",
	5,
	2,
	3,
	"8a687554-5492-4700-85b8-9d1045c11c3b");
INSERT INTO V_LOC
	VALUES ("a7000749-225e-4809-baad-476a241896d0",
	6,
	11,
	12,
	"8a687554-5492-4700-85b8-9d1045c11c3b");
INSERT INTO V_LOC
	VALUES ("defa8b00-b74c-4551-9e5f-6d75fd5e46d3",
	21,
	15,
	16,
	"8a687554-5492-4700-85b8-9d1045c11c3b");
INSERT INTO ACT_BLK
	VALUES ("1d897d90-7bde-473c-9541-ae93b46763d5",
	0,
	0,
	0,
	'TIM',
	'',
	'',
	17,
	3,
	8,
	10,
	0,
	0,
	0,
	0,
	0,
	0,
	0,
	0,
	0,
	"97117156-7c29-4e94-a07f-90681290fa25",
	"00000000-0000-0000-0000-000000000000");
INSERT INTO ACT_SMT
	VALUES ("916f14e9-bbed-4a95-84e0-66f27ea5a74d",
	"1d897d90-7bde-473c-9541-ae93b46763d5",
	"01faaba8-67af-4d39-ac1f-b59b7f0dee7d",
	7,
	3,
	'compDate line: 7');
INSERT INTO ACT_AI
	VALUES ("916f14e9-bbed-4a95-84e0-66f27ea5a74d",
	"cc497f4f-6691-47aa-b458-9d670bae5ca1",
	"ffb70835-aafa-4fae-993f-e0c62442f184",
	0,
	0);
INSERT INTO ACT_SMT
	VALUES ("01faaba8-67af-4d39-ac1f-b59b7f0dee7d",
	"1d897d90-7bde-473c-9541-ae93b46763d5",
	"3d8a7b74-f35f-45ae-8f4d-d6f58a161daf",
	8,
	3,
	'compDate line: 8');
INSERT INTO ACT_AI
	VALUES ("01faaba8-67af-4d39-ac1f-b59b7f0dee7d",
	"6a51f9c4-9254-4423-a75e-44c144800ba6",
	"58d98305-d592-47cd-88e9-c20457125f59",
	0,
	0);
INSERT INTO ACT_SMT
	VALUES ("3d8a7b74-f35f-45ae-8f4d-d6f58a161daf",
	"1d897d90-7bde-473c-9541-ae93b46763d5",
	"00000000-0000-0000-0000-000000000000",
	9,
	3,
	'compDate line: 9');
INSERT INTO ACT_IF
	VALUES ("3d8a7b74-f35f-45ae-8f4d-d6f58a161daf",
	"329e89f5-0dd5-4267-b332-74bf26efea84",
	"c880a5d5-3076-4a24-9e48-785978d74a41",
	"00000000-0000-0000-0000-000000000000",
	"00000000-0000-0000-0000-000000000000");
INSERT INTO ACT_SMT
	VALUES ("3c902243-af37-439a-8e75-6442347fe15a",
	"1d897d90-7bde-473c-9541-ae93b46763d5",
	"00000000-0000-0000-0000-000000000000",
	17,
	3,
	'compDate line: 17');
INSERT INTO ACT_E
	VALUES ("3c902243-af37-439a-8e75-6442347fe15a",
	"94701187-63ec-4151-a0e8-127ed15bcfd7",
	"3d8a7b74-f35f-45ae-8f4d-d6f58a161daf");
INSERT INTO V_VAL
	VALUES ("ffb70835-aafa-4fae-993f-e0c62442f184",
	1,
	1,
	7,
	3,
	6,
	0,
	0,
	0,
	0,
	"ba5eda7a-def5-0000-0000-000000000002",
	"1d897d90-7bde-473c-9541-ae93b46763d5");
INSERT INTO V_TVL
	VALUES ("ffb70835-aafa-4fae-993f-e0c62442f184",
	"348965a0-5472-4d03-8f0b-7d41ccf866f1");
INSERT INTO V_VAL
	VALUES ("cc497f4f-6691-47aa-b458-9d670bae5ca1",
	0,
	0,
	7,
	15,
	-1,
	7,
	23,
	0,
	0,
	"ba5eda7a-def5-0000-0000-000000000002",
	"1d897d90-7bde-473c-9541-ae93b46763d5");
INSERT INTO V_BRV
	VALUES ("cc497f4f-6691-47aa-b458-9d670bae5ca1",
	"7a83ce04-e3aa-4add-b4c3-2af162ad3fc3",
	1,
	7,
	10);
INSERT INTO V_VAL
	VALUES ("74a9f1bb-1c41-4ba9-8243-193ff9acedc0",
	0,
	0,
	7,
	34,
	35,
	0,
	0,
	0,
	0,
	"ba5eda7a-def5-0000-0000-00000000000e",
	"1d897d90-7bde-473c-9541-ae93b46763d5");
INSERT INTO V_PVL
	VALUES ("74a9f1bb-1c41-4ba9-8243-193ff9acedc0",
	"00000000-0000-0000-0000-000000000000",
	"16113742-523c-4539-adbc-8bb7583eebcd",
	"00000000-0000-0000-0000-000000000000",
	"00000000-0000-0000-0000-000000000000");
INSERT INTO V_PAR
	VALUES ("74a9f1bb-1c41-4ba9-8243-193ff9acedc0",
	"00000000-0000-0000-0000-000000000000",
	"cc497f4f-6691-47aa-b458-9d670bae5ca1",
	'date',
	"00000000-0000-0000-0000-000000000000",
	7,
	23);
INSERT INTO V_VAL
	VALUES ("58d98305-d592-47cd-88e9-c20457125f59",
	1,
	1,
	8,
	3,
	6,
	0,
	0,
	0,
	0,
	"ba5eda7a-def5-0000-0000-000000000002",
	"1d897d90-7bde-473c-9541-ae93b46763d5");
INSERT INTO V_TVL
	VALUES ("58d98305-d592-47cd-88e9-c20457125f59",
	"718461fb-e905-4892-b3a9-e51af212e0e5");
INSERT INTO V_VAL
	VALUES ("6a51f9c4-9254-4423-a75e-44c144800ba6",
	0,
	0,
	8,
	15,
	-1,
	8,
	23,
	0,
	0,
	"ba5eda7a-def5-0000-0000-000000000002",
	"1d897d90-7bde-473c-9541-ae93b46763d5");
INSERT INTO V_BRV
	VALUES ("6a51f9c4-9254-4423-a75e-44c144800ba6",
	"7a83ce04-e3aa-4add-b4c3-2af162ad3fc3",
	1,
	8,
	10);
INSERT INTO V_VAL
	VALUES ("d491d002-84d4-4f2e-bb7a-6f0c3b3666f1",
	0,
	0,
	8,
	34,
	35,
	0,
	0,
	0,
	0,
	"ba5eda7a-def5-0000-0000-00000000000e",
	"1d897d90-7bde-473c-9541-ae93b46763d5");
INSERT INTO V_PVL
	VALUES ("d491d002-84d4-4f2e-bb7a-6f0c3b3666f1",
	"00000000-0000-0000-0000-000000000000",
	"ed922384-934e-4911-a21c-849e7ab1a27a",
	"00000000-0000-0000-0000-000000000000",
	"00000000-0000-0000-0000-000000000000");
INSERT INTO V_PAR
	VALUES ("d491d002-84d4-4f2e-bb7a-6f0c3b3666f1",
	"00000000-0000-0000-0000-000000000000",
	"6a51f9c4-9254-4423-a75e-44c144800ba6",
	'date',
	"00000000-0000-0000-0000-000000000000",
	8,
	23);
INSERT INTO V_VAL
	VALUES ("59ecaba8-6af7-4ab4-a16d-03e01a5704c6",
	0,
	0,
	9,
	6,
	9,
	0,
	0,
	0,
	0,
	"ba5eda7a-def5-0000-0000-000000000002",
	"1d897d90-7bde-473c-9541-ae93b46763d5");
INSERT INTO V_TVL
	VALUES ("59ecaba8-6af7-4ab4-a16d-03e01a5704c6",
	"348965a0-5472-4d03-8f0b-7d41ccf866f1");
INSERT INTO V_VAL
	VALUES ("c880a5d5-3076-4a24-9e48-785978d74a41",
	0,
	0,
	-1,
	-1,
	-1,
	0,
	0,
	0,
	0,
	"ba5eda7a-def5-0000-0000-000000000001",
	"1d897d90-7bde-473c-9541-ae93b46763d5");
INSERT INTO V_BIN
	VALUES ("c880a5d5-3076-4a24-9e48-785978d74a41",
	"f00805be-f6b9-4389-8531-0966ac04e858",
	"59ecaba8-6af7-4ab4-a16d-03e01a5704c6",
	'==');
INSERT INTO V_VAL
	VALUES ("f00805be-f6b9-4389-8531-0966ac04e858",
	0,
	0,
	9,
	14,
	17,
	0,
	0,
	0,
	0,
	"ba5eda7a-def5-0000-0000-000000000002",
	"1d897d90-7bde-473c-9541-ae93b46763d5");
INSERT INTO V_TVL
	VALUES ("f00805be-f6b9-4389-8531-0966ac04e858",
	"718461fb-e905-4892-b3a9-e51af212e0e5");
INSERT INTO V_VAR
	VALUES ("348965a0-5472-4d03-8f0b-7d41ccf866f1",
	"1d897d90-7bde-473c-9541-ae93b46763d5",
	'day0',
	1,
	"ba5eda7a-def5-0000-0000-000000000002");
INSERT INTO V_TRN
	VALUES ("348965a0-5472-4d03-8f0b-7d41ccf866f1",
	"00000000-0000-0000-0000-000000000000",
	'');
INSERT INTO V_LOC
	VALUES ("a18ddb31-7ec8-4aef-913d-cd6aa7854200",
	7,
	3,
	6,
	"348965a0-5472-4d03-8f0b-7d41ccf866f1");
INSERT INTO V_LOC
	VALUES ("c3d172ea-c2ad-4e13-a199-6609a597f5d0",
	9,
	6,
	9,
	"348965a0-5472-4d03-8f0b-7d41ccf866f1");
INSERT INTO V_LOC
	VALUES ("4be0d297-0c05-42b4-8d84-a943dfe46d58",
	18,
	11,
	14,
	"348965a0-5472-4d03-8f0b-7d41ccf866f1");
INSERT INTO V_VAR
	VALUES ("718461fb-e905-4892-b3a9-e51af212e0e5",
	"1d897d90-7bde-473c-9541-ae93b46763d5",
	'day1',
	1,
	"ba5eda7a-def5-0000-0000-000000000002");
INSERT INTO V_TRN
	VALUES ("718461fb-e905-4892-b3a9-e51af212e0e5",
	"00000000-0000-0000-0000-000000000000",
	'');
INSERT INTO V_LOC
	VALUES ("8b0bbac1-a614-4eaa-8844-2004b014042c",
	8,
	3,
	6,
	"718461fb-e905-4892-b3a9-e51af212e0e5");
INSERT INTO V_LOC
	VALUES ("9107b43f-3d1d-4f56-8dd8-ac59771a554f",
	9,
	14,
	17,
	"718461fb-e905-4892-b3a9-e51af212e0e5");
INSERT INTO V_LOC
	VALUES ("dd4dbf00-f620-4483-850f-35cd863fccb5",
	18,
	18,
	21,
	"718461fb-e905-4892-b3a9-e51af212e0e5");
INSERT INTO ACT_BLK
	VALUES ("329e89f5-0dd5-4267-b332-74bf26efea84",
	0,
	0,
	0,
	'TIM',
	'',
	'',
	14,
	4,
	11,
	9,
	0,
	0,
	0,
	0,
	0,
	0,
	0,
	0,
	0,
	"97117156-7c29-4e94-a07f-90681290fa25",
	"00000000-0000-0000-0000-000000000000");
INSERT INTO ACT_SMT
	VALUES ("c5631a45-2fa7-4819-be2b-f5deb3db13bf",
	"329e89f5-0dd5-4267-b332-74bf26efea84",
	"ee6c0486-ca0b-4371-8586-79b7f1d25b74",
	10,
	4,
	'compDate line: 10');
INSERT INTO ACT_AI
	VALUES ("c5631a45-2fa7-4819-be2b-f5deb3db13bf",
	"79707123-7ca6-4eef-859d-2f5ee2b32aa4",
	"b6725058-2a4a-4fa2-9f43-e62658bf1044",
	0,
	0);
INSERT INTO ACT_SMT
	VALUES ("ee6c0486-ca0b-4371-8586-79b7f1d25b74",
	"329e89f5-0dd5-4267-b332-74bf26efea84",
	"fd86d530-3ef1-4557-bef2-80dbdb5caa38",
	11,
	4,
	'compDate line: 11');
INSERT INTO ACT_AI
	VALUES ("ee6c0486-ca0b-4371-8586-79b7f1d25b74",
	"4b68ca9f-8c36-400b-a47c-3553b2451b87",
	"b91689fe-1eec-4c11-bfca-439469334d2e",
	0,
	0);
INSERT INTO ACT_SMT
	VALUES ("fd86d530-3ef1-4557-bef2-80dbdb5caa38",
	"329e89f5-0dd5-4267-b332-74bf26efea84",
	"00000000-0000-0000-0000-000000000000",
	12,
	4,
	'compDate line: 12');
INSERT INTO ACT_IF
	VALUES ("fd86d530-3ef1-4557-bef2-80dbdb5caa38",
	"6ce71155-702a-4224-9526-699ca7c6a96d",
	"1abf91fd-1743-4a51-a7df-abb09b83d9e5",
	"00000000-0000-0000-0000-000000000000",
	"00000000-0000-0000-0000-000000000000");
INSERT INTO ACT_SMT
	VALUES ("2e90152f-0978-4841-b732-2da65d93b36e",
	"329e89f5-0dd5-4267-b332-74bf26efea84",
	"00000000-0000-0000-0000-000000000000",
	14,
	4,
	'compDate line: 14');
INSERT INTO ACT_E
	VALUES ("2e90152f-0978-4841-b732-2da65d93b36e",
	"22920609-8b70-4f6f-88df-fc8806208d8f",
	"fd86d530-3ef1-4557-bef2-80dbdb5caa38");
INSERT INTO V_VAL
	VALUES ("b6725058-2a4a-4fa2-9f43-e62658bf1044",
	1,
	1,
	10,
	4,
	5,
	0,
	0,
	0,
	0,
	"ba5eda7a-def5-0000-0000-000000000002",
	"329e89f5-0dd5-4267-b332-74bf26efea84");
INSERT INTO V_TVL
	VALUES ("b6725058-2a4a-4fa2-9f43-e62658bf1044",
	"2c92f6f0-be78-443e-a3ae-533ec161837b");
INSERT INTO V_VAL
	VALUES ("79707123-7ca6-4eef-859d-2f5ee2b32aa4",
	0,
	0,
	10,
	14,
	-1,
	10,
	23,
	0,
	0,
	"ba5eda7a-def5-0000-0000-000000000002",
	"329e89f5-0dd5-4267-b332-74bf26efea84");
INSERT INTO V_BRV
	VALUES ("79707123-7ca6-4eef-859d-2f5ee2b32aa4",
	"3d1a6e95-d19d-4c24-a8d5-7e2e7f38e5b5",
	1,
	10,
	9);
INSERT INTO V_VAL
	VALUES ("20368be0-6cdf-4717-b569-073cce62c5de",
	0,
	0,
	10,
	34,
	35,
	0,
	0,
	0,
	0,
	"ba5eda7a-def5-0000-0000-00000000000e",
	"329e89f5-0dd5-4267-b332-74bf26efea84");
INSERT INTO V_PVL
	VALUES ("20368be0-6cdf-4717-b569-073cce62c5de",
	"00000000-0000-0000-0000-000000000000",
	"16113742-523c-4539-adbc-8bb7583eebcd",
	"00000000-0000-0000-0000-000000000000",
	"00000000-0000-0000-0000-000000000000");
INSERT INTO V_PAR
	VALUES ("20368be0-6cdf-4717-b569-073cce62c5de",
	"00000000-0000-0000-0000-000000000000",
	"79707123-7ca6-4eef-859d-2f5ee2b32aa4",
	'date',
	"00000000-0000-0000-0000-000000000000",
	10,
	23);
INSERT INTO V_VAL
	VALUES ("b91689fe-1eec-4c11-bfca-439469334d2e",
	1,
	1,
	11,
	4,
	5,
	0,
	0,
	0,
	0,
	"ba5eda7a-def5-0000-0000-000000000002",
	"329e89f5-0dd5-4267-b332-74bf26efea84");
INSERT INTO V_TVL
	VALUES ("b91689fe-1eec-4c11-bfca-439469334d2e",
	"dacc8646-c352-486b-87ad-f86aeacd94cb");
INSERT INTO V_VAL
	VALUES ("4b68ca9f-8c36-400b-a47c-3553b2451b87",
	0,
	0,
	11,
	14,
	-1,
	11,
	23,
	0,
	0,
	"ba5eda7a-def5-0000-0000-000000000002",
	"329e89f5-0dd5-4267-b332-74bf26efea84");
INSERT INTO V_BRV
	VALUES ("4b68ca9f-8c36-400b-a47c-3553b2451b87",
	"3d1a6e95-d19d-4c24-a8d5-7e2e7f38e5b5",
	1,
	11,
	9);
INSERT INTO V_VAL
	VALUES ("d5995ee4-4a07-41f9-bd79-35cc742270ce",
	0,
	0,
	11,
	34,
	35,
	0,
	0,
	0,
	0,
	"ba5eda7a-def5-0000-0000-00000000000e",
	"329e89f5-0dd5-4267-b332-74bf26efea84");
INSERT INTO V_PVL
	VALUES ("d5995ee4-4a07-41f9-bd79-35cc742270ce",
	"00000000-0000-0000-0000-000000000000",
	"ed922384-934e-4911-a21c-849e7ab1a27a",
	"00000000-0000-0000-0000-000000000000",
	"00000000-0000-0000-0000-000000000000");
INSERT INTO V_PAR
	VALUES ("d5995ee4-4a07-41f9-bd79-35cc742270ce",
	"00000000-0000-0000-0000-000000000000",
	"4b68ca9f-8c36-400b-a47c-3553b2451b87",
	'date',
	"00000000-0000-0000-0000-000000000000",
	11,
	23);
INSERT INTO V_VAL
	VALUES ("e27f94cb-1636-43dd-a1e5-7590c0d06b9b",
	0,
	0,
	12,
	7,
	8,
	0,
	0,
	0,
	0,
	"ba5eda7a-def5-0000-0000-000000000002",
	"329e89f5-0dd5-4267-b332-74bf26efea84");
INSERT INTO V_TVL
	VALUES ("e27f94cb-1636-43dd-a1e5-7590c0d06b9b",
	"2c92f6f0-be78-443e-a3ae-533ec161837b");
INSERT INTO V_VAL
	VALUES ("1abf91fd-1743-4a51-a7df-abb09b83d9e5",
	0,
	0,
	-1,
	-1,
	-1,
	0,
	0,
	0,
	0,
	"ba5eda7a-def5-0000-0000-000000000001",
	"329e89f5-0dd5-4267-b332-74bf26efea84");
INSERT INTO V_BIN
	VALUES ("1abf91fd-1743-4a51-a7df-abb09b83d9e5",
	"f411ee7e-84c4-421a-85c2-a28e1461fadf",
	"e27f94cb-1636-43dd-a1e5-7590c0d06b9b",
	'==');
INSERT INTO V_VAL
	VALUES ("f411ee7e-84c4-421a-85c2-a28e1461fadf",
	0,
	0,
	12,
	13,
	14,
	0,
	0,
	0,
	0,
	"ba5eda7a-def5-0000-0000-000000000002",
	"329e89f5-0dd5-4267-b332-74bf26efea84");
INSERT INTO V_TVL
	VALUES ("f411ee7e-84c4-421a-85c2-a28e1461fadf",
	"dacc8646-c352-486b-87ad-f86aeacd94cb");
INSERT INTO V_VAR
	VALUES ("2c92f6f0-be78-443e-a3ae-533ec161837b",
	"329e89f5-0dd5-4267-b332-74bf26efea84",
	'h0',
	1,
	"ba5eda7a-def5-0000-0000-000000000002");
INSERT INTO V_TRN
	VALUES ("2c92f6f0-be78-443e-a3ae-533ec161837b",
	"00000000-0000-0000-0000-000000000000",
	'');
INSERT INTO V_LOC
	VALUES ("2189c48a-4380-4279-9b07-8465d84b9015",
	10,
	4,
	5,
	"2c92f6f0-be78-443e-a3ae-533ec161837b");
INSERT INTO V_LOC
	VALUES ("7835bd28-7694-4a3d-bcae-8a2b88dff454",
	12,
	7,
	8,
	"2c92f6f0-be78-443e-a3ae-533ec161837b");
INSERT INTO V_LOC
	VALUES ("f129e0e9-794a-42ea-a3a1-d0d9cea26d04",
	15,
	12,
	13,
	"2c92f6f0-be78-443e-a3ae-533ec161837b");
INSERT INTO V_VAR
	VALUES ("dacc8646-c352-486b-87ad-f86aeacd94cb",
	"329e89f5-0dd5-4267-b332-74bf26efea84",
	'h1',
	1,
	"ba5eda7a-def5-0000-0000-000000000002");
INSERT INTO V_TRN
	VALUES ("dacc8646-c352-486b-87ad-f86aeacd94cb",
	"00000000-0000-0000-0000-000000000000",
	'');
INSERT INTO V_LOC
	VALUES ("7eb1915b-1433-4f6b-b614-d6cacdb54f64",
	11,
	4,
	5,
	"dacc8646-c352-486b-87ad-f86aeacd94cb");
INSERT INTO V_LOC
	VALUES ("10960ee2-cf59-45c2-b073-b1227ef22c29",
	12,
	13,
	14,
	"dacc8646-c352-486b-87ad-f86aeacd94cb");
INSERT INTO V_LOC
	VALUES ("5bf4e019-a8eb-41df-bf92-6a9f5b22f70d",
	15,
	17,
	18,
	"dacc8646-c352-486b-87ad-f86aeacd94cb");
INSERT INTO ACT_BLK
	VALUES ("6ce71155-702a-4224-9526-699ca7c6a96d",
	0,
	0,
	0,
	'',
	'',
	'',
	13,
	5,
	0,
	0,
	0,
	0,
	0,
	0,
	0,
	0,
	0,
	0,
	0,
	"97117156-7c29-4e94-a07f-90681290fa25",
	"00000000-0000-0000-0000-000000000000");
INSERT INTO ACT_SMT
	VALUES ("57c77fb0-cd54-436e-9d1f-ed13c47369cb",
	"6ce71155-702a-4224-9526-699ca7c6a96d",
	"00000000-0000-0000-0000-000000000000",
	13,
	5,
	'compDate line: 13');
INSERT INTO ACT_RET
	VALUES ("57c77fb0-cd54-436e-9d1f-ed13c47369cb",
	"02a246c4-3096-4d8f-923d-bfe80345eaa6");
INSERT INTO V_VAL
	VALUES ("02a246c4-3096-4d8f-923d-bfe80345eaa6",
	0,
	0,
	13,
	12,
	12,
	0,
	0,
	0,
	0,
	"ba5eda7a-def5-0000-0000-000000000002",
	"6ce71155-702a-4224-9526-699ca7c6a96d");
INSERT INTO V_LIN
	VALUES ("02a246c4-3096-4d8f-923d-bfe80345eaa6",
	'0');
INSERT INTO ACT_BLK
	VALUES ("22920609-8b70-4f6f-88df-fc8806208d8f",
	0,
	0,
	0,
	'',
	'',
	'',
	15,
	5,
	0,
	0,
	0,
	0,
	0,
	0,
	0,
	0,
	0,
	0,
	0,
	"97117156-7c29-4e94-a07f-90681290fa25",
	"00000000-0000-0000-0000-000000000000");
INSERT INTO ACT_SMT
	VALUES ("60815642-9db8-4e5b-871d-76b60142a9ed",
	"22920609-8b70-4f6f-88df-fc8806208d8f",
	"00000000-0000-0000-0000-000000000000",
	15,
	5,
	'compDate line: 15');
INSERT INTO ACT_RET
	VALUES ("60815642-9db8-4e5b-871d-76b60142a9ed",
	"420b6122-6a12-41e5-bd3d-c46c6aa0a7f1");
INSERT INTO V_VAL
	VALUES ("555c7608-ec21-4b62-95a5-3332f14f94d3",
	0,
	0,
	15,
	12,
	13,
	0,
	0,
	0,
	0,
	"ba5eda7a-def5-0000-0000-000000000002",
	"22920609-8b70-4f6f-88df-fc8806208d8f");
INSERT INTO V_TVL
	VALUES ("555c7608-ec21-4b62-95a5-3332f14f94d3",
	"2c92f6f0-be78-443e-a3ae-533ec161837b");
INSERT INTO V_VAL
	VALUES ("420b6122-6a12-41e5-bd3d-c46c6aa0a7f1",
	0,
	0,
	-1,
	-1,
	-1,
	0,
	0,
	0,
	0,
	"ba5eda7a-def5-0000-0000-000000000002",
	"22920609-8b70-4f6f-88df-fc8806208d8f");
INSERT INTO V_BIN
	VALUES ("420b6122-6a12-41e5-bd3d-c46c6aa0a7f1",
	"b105ff5f-951b-4b55-b0e2-41ddb37bc1a6",
	"555c7608-ec21-4b62-95a5-3332f14f94d3",
	'-');
INSERT INTO V_VAL
	VALUES ("b105ff5f-951b-4b55-b0e2-41ddb37bc1a6",
	0,
	0,
	15,
	17,
	18,
	0,
	0,
	0,
	0,
	"ba5eda7a-def5-0000-0000-000000000002",
	"22920609-8b70-4f6f-88df-fc8806208d8f");
INSERT INTO V_TVL
	VALUES ("b105ff5f-951b-4b55-b0e2-41ddb37bc1a6",
	"dacc8646-c352-486b-87ad-f86aeacd94cb");
INSERT INTO ACT_BLK
	VALUES ("94701187-63ec-4151-a0e8-127ed15bcfd7",
	0,
	0,
	0,
	'',
	'',
	'',
	18,
	4,
	0,
	0,
	0,
	0,
	0,
	0,
	0,
	0,
	0,
	0,
	0,
	"97117156-7c29-4e94-a07f-90681290fa25",
	"00000000-0000-0000-0000-000000000000");
INSERT INTO ACT_SMT
	VALUES ("6ee7cfdb-9e31-4b7b-a114-82bee4e1bdca",
	"94701187-63ec-4151-a0e8-127ed15bcfd7",
	"00000000-0000-0000-0000-000000000000",
	18,
	4,
	'compDate line: 18');
INSERT INTO ACT_RET
	VALUES ("6ee7cfdb-9e31-4b7b-a114-82bee4e1bdca",
	"b9ce1275-0764-45db-a4d5-eaa5210c086a");
INSERT INTO V_VAL
	VALUES ("e0aed23c-1dab-4f7c-961e-c66f65437c5d",
	0,
	0,
	18,
	11,
	14,
	0,
	0,
	0,
	0,
	"ba5eda7a-def5-0000-0000-000000000002",
	"94701187-63ec-4151-a0e8-127ed15bcfd7");
INSERT INTO V_TVL
	VALUES ("e0aed23c-1dab-4f7c-961e-c66f65437c5d",
	"348965a0-5472-4d03-8f0b-7d41ccf866f1");
INSERT INTO V_VAL
	VALUES ("b9ce1275-0764-45db-a4d5-eaa5210c086a",
	0,
	0,
	-1,
	-1,
	-1,
	0,
	0,
	0,
	0,
	"ba5eda7a-def5-0000-0000-000000000002",
	"94701187-63ec-4151-a0e8-127ed15bcfd7");
INSERT INTO V_BIN
	VALUES ("b9ce1275-0764-45db-a4d5-eaa5210c086a",
	"7549988b-ef64-4c9e-9f6d-21e9a76f6f91",
	"e0aed23c-1dab-4f7c-961e-c66f65437c5d",
	'-');
INSERT INTO V_VAL
	VALUES ("7549988b-ef64-4c9e-9f6d-21e9a76f6f91",
	0,
	0,
	18,
	18,
	21,
	0,
	0,
	0,
	0,
	"ba5eda7a-def5-0000-0000-000000000002",
	"94701187-63ec-4151-a0e8-127ed15bcfd7");
INSERT INTO V_TVL
	VALUES ("7549988b-ef64-4c9e-9f6d-21e9a76f6f91",
	"718461fb-e905-4892-b3a9-e51af212e0e5");
INSERT INTO ACT_BLK
	VALUES ("f32fed49-4d4a-46d2-9b80-05072dd73b12",
	0,
	0,
	0,
	'',
	'',
	'',
	21,
	3,
	0,
	0,
	0,
	0,
	0,
	0,
	0,
	0,
	0,
	0,
	0,
	"97117156-7c29-4e94-a07f-90681290fa25",
	"00000000-0000-0000-0000-000000000000");
INSERT INTO ACT_SMT
	VALUES ("cf7b49a9-90cf-42ac-bd64-7d7ce1891463",
	"f32fed49-4d4a-46d2-9b80-05072dd73b12",
	"00000000-0000-0000-0000-000000000000",
	21,
	3,
	'compDate line: 21');
INSERT INTO ACT_RET
	VALUES ("cf7b49a9-90cf-42ac-bd64-7d7ce1891463",
	"c6f3bee3-0b36-4cb1-a8b1-2e2b73690fa0");
INSERT INTO V_VAL
	VALUES ("5c4774bd-c452-4c27-a35c-16591c01991c",
	0,
	0,
	21,
	10,
	11,
	0,
	0,
	0,
	0,
	"ba5eda7a-def5-0000-0000-000000000002",
	"f32fed49-4d4a-46d2-9b80-05072dd73b12");
INSERT INTO V_TVL
	VALUES ("5c4774bd-c452-4c27-a35c-16591c01991c",
	"f91f40fd-eb98-4a55-895b-8140a4d13ac4");
INSERT INTO V_VAL
	VALUES ("c6f3bee3-0b36-4cb1-a8b1-2e2b73690fa0",
	0,
	0,
	-1,
	-1,
	-1,
	0,
	0,
	0,
	0,
	"ba5eda7a-def5-0000-0000-000000000002",
	"f32fed49-4d4a-46d2-9b80-05072dd73b12");
INSERT INTO V_BIN
	VALUES ("c6f3bee3-0b36-4cb1-a8b1-2e2b73690fa0",
	"ec3b75e1-a143-4313-9a7f-3050baeb8fb1",
	"5c4774bd-c452-4c27-a35c-16591c01991c",
	'-');
INSERT INTO V_VAL
	VALUES ("ec3b75e1-a143-4313-9a7f-3050baeb8fb1",
	0,
	0,
	21,
	15,
	16,
	0,
	0,
	0,
	0,
	"ba5eda7a-def5-0000-0000-000000000002",
	"f32fed49-4d4a-46d2-9b80-05072dd73b12");
INSERT INTO V_TVL
	VALUES ("ec3b75e1-a143-4313-9a7f-3050baeb8fb1",
	"8a687554-5492-4700-85b8-9d1045c11c3b");
INSERT INTO ACT_BLK
	VALUES ("e8637145-0ef1-4f40-908e-5e66309373da",
	0,
	0,
	0,
	'',
	'',
	'',
	24,
	2,
	0,
	0,
	0,
	0,
	0,
	0,
	0,
	0,
	0,
	0,
	0,
	"97117156-7c29-4e94-a07f-90681290fa25",
	"00000000-0000-0000-0000-000000000000");
INSERT INTO ACT_SMT
	VALUES ("c69763c7-e38c-4d12-bb98-c18bf19737cd",
	"e8637145-0ef1-4f40-908e-5e66309373da",
	"00000000-0000-0000-0000-000000000000",
	24,
	2,
	'compDate line: 24');
INSERT INTO ACT_RET
	VALUES ("c69763c7-e38c-4d12-bb98-c18bf19737cd",
	"4040f63f-f5dd-4d5e-8805-769900008ec8");
INSERT INTO V_VAL
	VALUES ("513dab54-873e-4f39-a963-58e1a2c7cbc4",
	0,
	0,
	24,
	9,
	10,
	0,
	0,
	0,
	0,
	"ba5eda7a-def5-0000-0000-000000000002",
	"e8637145-0ef1-4f40-908e-5e66309373da");
INSERT INTO V_TVL
	VALUES ("513dab54-873e-4f39-a963-58e1a2c7cbc4",
	"8e8a9906-202c-4e92-8e1c-a345e54d7ed2");
INSERT INTO V_VAL
	VALUES ("4040f63f-f5dd-4d5e-8805-769900008ec8",
	0,
	0,
	-1,
	-1,
	-1,
	0,
	0,
	0,
	0,
	"ba5eda7a-def5-0000-0000-000000000002",
	"e8637145-0ef1-4f40-908e-5e66309373da");
INSERT INTO V_BIN
	VALUES ("4040f63f-f5dd-4d5e-8805-769900008ec8",
	"2917b84e-bdc1-4a79-b7ec-536382fee425",
	"513dab54-873e-4f39-a963-58e1a2c7cbc4",
	'-');
INSERT INTO V_VAL
	VALUES ("2917b84e-bdc1-4a79-b7ec-536382fee425",
	0,
	0,
	24,
	14,
	15,
	0,
	0,
	0,
	0,
	"ba5eda7a-def5-0000-0000-000000000002",
	"e8637145-0ef1-4f40-908e-5e66309373da");
INSERT INTO V_TVL
	VALUES ("2917b84e-bdc1-4a79-b7ec-536382fee425",
	"3cfca6a1-6699-4072-bd5a-ca75694b57f4");
INSERT INTO PE_PE
	VALUES ("cb5b6927-9dc4-40ee-95b9-44fa0ec712f8",
	1,
	"960454f9-cf5f-4331-88bf-8023709586b1",
	"00000000-0000-0000-0000-000000000000",
	1);
INSERT INTO S_SYNC
	VALUES ("cb5b6927-9dc4-40ee-95b9-44fa0ec712f8",
	"00000000-0000-0000-0000-000000000000",
	'TestIsAcceptableBooking',
	'',
	'create object instance  h of HOTEL;
create object instance bs of BOOKINGSESSION;
relate h to bs across R17;

f = TIM::create_date(day:1, month:1, year:2010, second:8, minute:12, hour:4);
t = TIM::create_date(day:3, month:2, year:2010, second:8, minute:12, hour:4);

bol = bs.isBookingTimeAcceptable(fromDate:f, toDate:t);

if(bol)
	LOG::LogInfo(message: "date okay");
else
	LOG::LogInfo(message: "date not okay");
end if;',
	"ba5eda7a-def5-0000-0000-000000000000",
	1,
	'');
INSERT INTO ACT_FNB
	VALUES ("8e9feef2-9868-41c8-92c3-7d678404c944",
	"cb5b6927-9dc4-40ee-95b9-44fa0ec712f8");
INSERT INTO ACT_ACT
	VALUES ("8e9feef2-9868-41c8-92c3-7d678404c944",
	'function',
	0,
	"90238a46-4811-40a2-8723-18ddfb328b30",
	"00000000-0000-0000-0000-000000000000",
	0,
	'TestIsAcceptableBooking',
	"00000000-0000-0000-0000-000000000000");
INSERT INTO ACT_BLK
	VALUES ("90238a46-4811-40a2-8723-18ddfb328b30",
	0,
	0,
	0,
	'TIM',
	'',
	'',
	12,
	1,
	6,
	5,
	0,
	0,
	3,
	23,
	0,
	0,
	0,
	0,
	0,
	"8e9feef2-9868-41c8-92c3-7d678404c944",
	"00000000-0000-0000-0000-000000000000");
INSERT INTO ACT_SMT
	VALUES ("f54394f4-775d-438f-8361-4cf4ecd7f0d3",
	"90238a46-4811-40a2-8723-18ddfb328b30",
	"35de4f58-8559-4d8e-ac60-b898f53187e3",
	1,
	1,
	'TestIsAcceptableBooking line: 1');
INSERT INTO ACT_CR
	VALUES ("f54394f4-775d-438f-8361-4cf4ecd7f0d3",
	"1ca4f317-1709-4f58-ad3d-761f93447be7",
	1,
	"daf3cea3-b187-4d6a-9517-f12785ae9b3a",
	1,
	30);
INSERT INTO ACT_SMT
	VALUES ("35de4f58-8559-4d8e-ac60-b898f53187e3",
	"90238a46-4811-40a2-8723-18ddfb328b30",
	"70d7161c-e490-48f6-b303-c192322d16a5",
	2,
	1,
	'TestIsAcceptableBooking line: 2');
INSERT INTO ACT_CR
	VALUES ("35de4f58-8559-4d8e-ac60-b898f53187e3",
	"9d0c385c-1e0b-4a06-82d2-09761ec2e515",
	1,
	"7137c09d-ba0e-406b-b3b5-76bb3cc48f3d",
	2,
	30);
INSERT INTO ACT_SMT
	VALUES ("70d7161c-e490-48f6-b303-c192322d16a5",
	"90238a46-4811-40a2-8723-18ddfb328b30",
	"447226af-d112-4716-a802-eabcc7ea9d6a",
	3,
	1,
	'TestIsAcceptableBooking line: 3');
INSERT INTO ACT_REL
	VALUES ("70d7161c-e490-48f6-b303-c192322d16a5",
	"1ca4f317-1709-4f58-ad3d-761f93447be7",
	"9d0c385c-1e0b-4a06-82d2-09761ec2e515",
	'',
	"17f1dd67-3fd4-46db-8752-891089e87a24",
	3,
	23,
	0,
	0);
INSERT INTO ACT_SMT
	VALUES ("447226af-d112-4716-a802-eabcc7ea9d6a",
	"90238a46-4811-40a2-8723-18ddfb328b30",
	"535e1ac4-c9e4-46fc-9639-d0f62ff75c7f",
	5,
	1,
	'TestIsAcceptableBooking line: 5');
INSERT INTO ACT_AI
	VALUES ("447226af-d112-4716-a802-eabcc7ea9d6a",
	"5c15e045-a786-4918-8c3f-c7d545c81110",
	"0b9f63bb-a11f-461e-b60e-56f2736a5806",
	0,
	0);
INSERT INTO ACT_SMT
	VALUES ("535e1ac4-c9e4-46fc-9639-d0f62ff75c7f",
	"90238a46-4811-40a2-8723-18ddfb328b30",
	"b9116ad8-e9f2-4e80-b6eb-6cd395ef4d16",
	6,
	1,
	'TestIsAcceptableBooking line: 6');
INSERT INTO ACT_AI
	VALUES ("535e1ac4-c9e4-46fc-9639-d0f62ff75c7f",
	"399a54ee-98be-48c2-98e9-1a5ba25ccf22",
	"9b4011dc-0ab6-438b-ac79-9efbd915bce9",
	0,
	0);
INSERT INTO ACT_SMT
	VALUES ("b9116ad8-e9f2-4e80-b6eb-6cd395ef4d16",
	"90238a46-4811-40a2-8723-18ddfb328b30",
	"996a0965-a947-4366-95de-39c15ea4b6d0",
	8,
	1,
	'TestIsAcceptableBooking line: 8');
INSERT INTO ACT_AI
	VALUES ("b9116ad8-e9f2-4e80-b6eb-6cd395ef4d16",
	"67175ffc-45c3-43d5-b381-1e9f63fb954f",
	"72ba755c-85ad-4d46-8e58-e71d168b934f",
	0,
	0);
INSERT INTO ACT_SMT
	VALUES ("996a0965-a947-4366-95de-39c15ea4b6d0",
	"90238a46-4811-40a2-8723-18ddfb328b30",
	"00000000-0000-0000-0000-000000000000",
	10,
	1,
	'TestIsAcceptableBooking line: 10');
INSERT INTO ACT_IF
	VALUES ("996a0965-a947-4366-95de-39c15ea4b6d0",
	"355284e7-3caf-48af-b17a-932e7a6430c8",
	"79fcd0db-03aa-48f1-a827-c17eef26e720",
	"00000000-0000-0000-0000-000000000000",
	"00000000-0000-0000-0000-000000000000");
INSERT INTO ACT_SMT
	VALUES ("346bdd34-3eea-4cbe-98b8-3526b47b11f4",
	"90238a46-4811-40a2-8723-18ddfb328b30",
	"00000000-0000-0000-0000-000000000000",
	12,
	1,
	'TestIsAcceptableBooking line: 12');
INSERT INTO ACT_E
	VALUES ("346bdd34-3eea-4cbe-98b8-3526b47b11f4",
	"6c1f2842-4380-4d69-be35-8d847cb816f7",
	"996a0965-a947-4366-95de-39c15ea4b6d0");
INSERT INTO V_VAL
	VALUES ("0b9f63bb-a11f-461e-b60e-56f2736a5806",
	1,
	1,
	5,
	1,
	1,
	0,
	0,
	0,
	0,
	"ba5eda7a-def5-0000-0000-00000000000e",
	"90238a46-4811-40a2-8723-18ddfb328b30");
INSERT INTO V_TVL
	VALUES ("0b9f63bb-a11f-461e-b60e-56f2736a5806",
	"89eeba3b-4ef3-4853-aa43-2f9c96a8bb7f");
INSERT INTO V_VAL
	VALUES ("5c15e045-a786-4918-8c3f-c7d545c81110",
	0,
	0,
	5,
	10,
	-1,
	5,
	22,
	5,
	70,
	"ba5eda7a-def5-0000-0000-00000000000e",
	"90238a46-4811-40a2-8723-18ddfb328b30");
INSERT INTO V_BRV
	VALUES ("5c15e045-a786-4918-8c3f-c7d545c81110",
	"46742184-2efc-49e2-9fe1-e62dcc44be84",
	1,
	5,
	5);
INSERT INTO V_VAL
	VALUES ("2707960d-9b5d-4571-ae68-71a9fefad16d",
	0,
	0,
	5,
	26,
	26,
	0,
	0,
	0,
	0,
	"ba5eda7a-def5-0000-0000-000000000002",
	"90238a46-4811-40a2-8723-18ddfb328b30");
INSERT INTO V_LIN
	VALUES ("2707960d-9b5d-4571-ae68-71a9fefad16d",
	'1');
INSERT INTO V_PAR
	VALUES ("2707960d-9b5d-4571-ae68-71a9fefad16d",
	"00000000-0000-0000-0000-000000000000",
	"5c15e045-a786-4918-8c3f-c7d545c81110",
	'day',
	"a363680e-6666-4a8a-b818-1f39d57d9e22",
	5,
	22);
INSERT INTO V_VAL
	VALUES ("a363680e-6666-4a8a-b818-1f39d57d9e22",
	0,
	0,
	5,
	35,
	35,
	0,
	0,
	0,
	0,
	"ba5eda7a-def5-0000-0000-000000000002",
	"90238a46-4811-40a2-8723-18ddfb328b30");
INSERT INTO V_LIN
	VALUES ("a363680e-6666-4a8a-b818-1f39d57d9e22",
	'1');
INSERT INTO V_PAR
	VALUES ("a363680e-6666-4a8a-b818-1f39d57d9e22",
	"00000000-0000-0000-0000-000000000000",
	"5c15e045-a786-4918-8c3f-c7d545c81110",
	'month',
	"94c0fafb-282a-4f84-b7a6-e0f90a611d3d",
	5,
	29);
INSERT INTO V_VAL
	VALUES ("94c0fafb-282a-4f84-b7a6-e0f90a611d3d",
	0,
	0,
	5,
	43,
	46,
	0,
	0,
	0,
	0,
	"ba5eda7a-def5-0000-0000-000000000002",
	"90238a46-4811-40a2-8723-18ddfb328b30");
INSERT INTO V_LIN
	VALUES ("94c0fafb-282a-4f84-b7a6-e0f90a611d3d",
	'2010');
INSERT INTO V_PAR
	VALUES ("94c0fafb-282a-4f84-b7a6-e0f90a611d3d",
	"00000000-0000-0000-0000-000000000000",
	"5c15e045-a786-4918-8c3f-c7d545c81110",
	'year',
	"903ab873-ff9e-44eb-b629-cf97a832b8c0",
	5,
	38);
INSERT INTO V_VAL
	VALUES ("903ab873-ff9e-44eb-b629-cf97a832b8c0",
	0,
	0,
	5,
	56,
	56,
	0,
	0,
	0,
	0,
	"ba5eda7a-def5-0000-0000-000000000002",
	"90238a46-4811-40a2-8723-18ddfb328b30");
INSERT INTO V_LIN
	VALUES ("903ab873-ff9e-44eb-b629-cf97a832b8c0",
	'8');
INSERT INTO V_PAR
	VALUES ("903ab873-ff9e-44eb-b629-cf97a832b8c0",
	"00000000-0000-0000-0000-000000000000",
	"5c15e045-a786-4918-8c3f-c7d545c81110",
	'second',
	"1b77bf44-574a-42b9-bb71-5114a1bc79c0",
	5,
	49);
INSERT INTO V_VAL
	VALUES ("1b77bf44-574a-42b9-bb71-5114a1bc79c0",
	0,
	0,
	5,
	66,
	67,
	0,
	0,
	0,
	0,
	"ba5eda7a-def5-0000-0000-000000000002",
	"90238a46-4811-40a2-8723-18ddfb328b30");
INSERT INTO V_LIN
	VALUES ("1b77bf44-574a-42b9-bb71-5114a1bc79c0",
	'12');
INSERT INTO V_PAR
	VALUES ("1b77bf44-574a-42b9-bb71-5114a1bc79c0",
	"00000000-0000-0000-0000-000000000000",
	"5c15e045-a786-4918-8c3f-c7d545c81110",
	'minute',
	"a3be6f46-9140-49cf-bf26-ff446436e924",
	5,
	59);
INSERT INTO V_VAL
	VALUES ("a3be6f46-9140-49cf-bf26-ff446436e924",
	0,
	0,
	5,
	75,
	75,
	0,
	0,
	0,
	0,
	"ba5eda7a-def5-0000-0000-000000000002",
	"90238a46-4811-40a2-8723-18ddfb328b30");
INSERT INTO V_LIN
	VALUES ("a3be6f46-9140-49cf-bf26-ff446436e924",
	'4');
INSERT INTO V_PAR
	VALUES ("a3be6f46-9140-49cf-bf26-ff446436e924",
	"00000000-0000-0000-0000-000000000000",
	"5c15e045-a786-4918-8c3f-c7d545c81110",
	'hour',
	"00000000-0000-0000-0000-000000000000",
	5,
	70);
INSERT INTO V_VAL
	VALUES ("9b4011dc-0ab6-438b-ac79-9efbd915bce9",
	1,
	1,
	6,
	1,
	1,
	0,
	0,
	0,
	0,
	"ba5eda7a-def5-0000-0000-00000000000e",
	"90238a46-4811-40a2-8723-18ddfb328b30");
INSERT INTO V_TVL
	VALUES ("9b4011dc-0ab6-438b-ac79-9efbd915bce9",
	"9f7af827-598a-4bce-b10e-983631d1d652");
INSERT INTO V_VAL
	VALUES ("399a54ee-98be-48c2-98e9-1a5ba25ccf22",
	0,
	0,
	6,
	10,
	-1,
	6,
	22,
	6,
	70,
	"ba5eda7a-def5-0000-0000-00000000000e",
	"90238a46-4811-40a2-8723-18ddfb328b30");
INSERT INTO V_BRV
	VALUES ("399a54ee-98be-48c2-98e9-1a5ba25ccf22",
	"46742184-2efc-49e2-9fe1-e62dcc44be84",
	1,
	6,
	5);
INSERT INTO V_VAL
	VALUES ("dc3f1948-a4b8-4016-a08e-0fd97a0b6c25",
	0,
	0,
	6,
	26,
	26,
	0,
	0,
	0,
	0,
	"ba5eda7a-def5-0000-0000-000000000002",
	"90238a46-4811-40a2-8723-18ddfb328b30");
INSERT INTO V_LIN
	VALUES ("dc3f1948-a4b8-4016-a08e-0fd97a0b6c25",
	'3');
INSERT INTO V_PAR
	VALUES ("dc3f1948-a4b8-4016-a08e-0fd97a0b6c25",
	"00000000-0000-0000-0000-000000000000",
	"399a54ee-98be-48c2-98e9-1a5ba25ccf22",
	'day',
	"c69c0ef0-15ad-46e7-ba10-b3e432adc106",
	6,
	22);
INSERT INTO V_VAL
	VALUES ("c69c0ef0-15ad-46e7-ba10-b3e432adc106",
	0,
	0,
	6,
	35,
	35,
	0,
	0,
	0,
	0,
	"ba5eda7a-def5-0000-0000-000000000002",
	"90238a46-4811-40a2-8723-18ddfb328b30");
INSERT INTO V_LIN
	VALUES ("c69c0ef0-15ad-46e7-ba10-b3e432adc106",
	'2');
INSERT INTO V_PAR
	VALUES ("c69c0ef0-15ad-46e7-ba10-b3e432adc106",
	"00000000-0000-0000-0000-000000000000",
	"399a54ee-98be-48c2-98e9-1a5ba25ccf22",
	'month',
	"912529b7-1804-4a9d-abb0-0fe07db2e3af",
	6,
	29);
INSERT INTO V_VAL
	VALUES ("912529b7-1804-4a9d-abb0-0fe07db2e3af",
	0,
	0,
	6,
	43,
	46,
	0,
	0,
	0,
	0,
	"ba5eda7a-def5-0000-0000-000000000002",
	"90238a46-4811-40a2-8723-18ddfb328b30");
INSERT INTO V_LIN
	VALUES ("912529b7-1804-4a9d-abb0-0fe07db2e3af",
	'2010');
INSERT INTO V_PAR
	VALUES ("912529b7-1804-4a9d-abb0-0fe07db2e3af",
	"00000000-0000-0000-0000-000000000000",
	"399a54ee-98be-48c2-98e9-1a5ba25ccf22",
	'year',
	"67cca839-2388-4c1f-921e-47d705feb145",
	6,
	38);
INSERT INTO V_VAL
	VALUES ("67cca839-2388-4c1f-921e-47d705feb145",
	0,
	0,
	6,
	56,
	56,
	0,
	0,
	0,
	0,
	"ba5eda7a-def5-0000-0000-000000000002",
	"90238a46-4811-40a2-8723-18ddfb328b30");
INSERT INTO V_LIN
	VALUES ("67cca839-2388-4c1f-921e-47d705feb145",
	'8');
INSERT INTO V_PAR
	VALUES ("67cca839-2388-4c1f-921e-47d705feb145",
	"00000000-0000-0000-0000-000000000000",
	"399a54ee-98be-48c2-98e9-1a5ba25ccf22",
	'second',
	"59efbe4d-be2a-4732-9d35-d429e3887d08",
	6,
	49);
INSERT INTO V_VAL
	VALUES ("59efbe4d-be2a-4732-9d35-d429e3887d08",
	0,
	0,
	6,
	66,
	67,
	0,
	0,
	0,
	0,
	"ba5eda7a-def5-0000-0000-000000000002",
	"90238a46-4811-40a2-8723-18ddfb328b30");
INSERT INTO V_LIN
	VALUES ("59efbe4d-be2a-4732-9d35-d429e3887d08",
	'12');
INSERT INTO V_PAR
	VALUES ("59efbe4d-be2a-4732-9d35-d429e3887d08",
	"00000000-0000-0000-0000-000000000000",
	"399a54ee-98be-48c2-98e9-1a5ba25ccf22",
	'minute',
	"b03e8dc8-5dfb-4211-bca5-78e4fb2edf2b",
	6,
	59);
INSERT INTO V_VAL
	VALUES ("b03e8dc8-5dfb-4211-bca5-78e4fb2edf2b",
	0,
	0,
	6,
	75,
	75,
	0,
	0,
	0,
	0,
	"ba5eda7a-def5-0000-0000-000000000002",
	"90238a46-4811-40a2-8723-18ddfb328b30");
INSERT INTO V_LIN
	VALUES ("b03e8dc8-5dfb-4211-bca5-78e4fb2edf2b",
	'4');
INSERT INTO V_PAR
	VALUES ("b03e8dc8-5dfb-4211-bca5-78e4fb2edf2b",
	"00000000-0000-0000-0000-000000000000",
	"399a54ee-98be-48c2-98e9-1a5ba25ccf22",
	'hour',
	"00000000-0000-0000-0000-000000000000",
	6,
	70);
INSERT INTO V_VAL
	VALUES ("72ba755c-85ad-4d46-8e58-e71d168b934f",
	1,
	1,
	8,
	1,
	3,
	0,
	0,
	0,
	0,
	"ba5eda7a-def5-0000-0000-000000000001",
	"90238a46-4811-40a2-8723-18ddfb328b30");
INSERT INTO V_TVL
	VALUES ("72ba755c-85ad-4d46-8e58-e71d168b934f",
	"2903ef17-72b0-4587-9f32-4a9a6b2b7e7c");
INSERT INTO V_VAL
	VALUES ("67175ffc-45c3-43d5-b381-1e9f63fb954f",
	0,
	0,
	8,
	10,
	-1,
	8,
	34,
	8,
	46,
	"ba5eda7a-def5-0000-0000-000000000001",
	"90238a46-4811-40a2-8723-18ddfb328b30");
INSERT INTO V_TRV
	VALUES ("67175ffc-45c3-43d5-b381-1e9f63fb954f",
	"771633a1-fc2a-417f-bc87-3c56b179c251",
	"9d0c385c-1e0b-4a06-82d2-09761ec2e515",
	1,
	0,
	0);
INSERT INTO V_VAL
	VALUES ("daf909c3-b848-481b-8c37-879c470e28c5",
	0,
	0,
	8,
	43,
	43,
	0,
	0,
	0,
	0,
	"ba5eda7a-def5-0000-0000-00000000000e",
	"90238a46-4811-40a2-8723-18ddfb328b30");
INSERT INTO V_TVL
	VALUES ("daf909c3-b848-481b-8c37-879c470e28c5",
	"89eeba3b-4ef3-4853-aa43-2f9c96a8bb7f");
INSERT INTO V_PAR
	VALUES ("daf909c3-b848-481b-8c37-879c470e28c5",
	"00000000-0000-0000-0000-000000000000",
	"67175ffc-45c3-43d5-b381-1e9f63fb954f",
	'fromDate',
	"e6848bf1-762d-4174-9805-022f38efb75d",
	8,
	34);
INSERT INTO V_VAL
	VALUES ("e6848bf1-762d-4174-9805-022f38efb75d",
	0,
	0,
	8,
	53,
	53,
	0,
	0,
	0,
	0,
	"ba5eda7a-def5-0000-0000-00000000000e",
	"90238a46-4811-40a2-8723-18ddfb328b30");
INSERT INTO V_TVL
	VALUES ("e6848bf1-762d-4174-9805-022f38efb75d",
	"9f7af827-598a-4bce-b10e-983631d1d652");
INSERT INTO V_PAR
	VALUES ("e6848bf1-762d-4174-9805-022f38efb75d",
	"00000000-0000-0000-0000-000000000000",
	"67175ffc-45c3-43d5-b381-1e9f63fb954f",
	'toDate',
	"00000000-0000-0000-0000-000000000000",
	8,
	46);
INSERT INTO V_VAL
	VALUES ("79fcd0db-03aa-48f1-a827-c17eef26e720",
	0,
	0,
	10,
	4,
	6,
	0,
	0,
	0,
	0,
	"ba5eda7a-def5-0000-0000-000000000001",
	"90238a46-4811-40a2-8723-18ddfb328b30");
INSERT INTO V_TVL
	VALUES ("79fcd0db-03aa-48f1-a827-c17eef26e720",
	"2903ef17-72b0-4587-9f32-4a9a6b2b7e7c");
INSERT INTO V_VAR
	VALUES ("1ca4f317-1709-4f58-ad3d-761f93447be7",
	"90238a46-4811-40a2-8723-18ddfb328b30",
	'h',
	1,
	"ba5eda7a-def5-0000-0000-000000000008");
INSERT INTO V_INT
	VALUES ("1ca4f317-1709-4f58-ad3d-761f93447be7",
	0,
	"daf3cea3-b187-4d6a-9517-f12785ae9b3a");
INSERT INTO V_LOC
	VALUES ("91a23d0d-9725-46a6-b287-d13ad293b20f",
	1,
	25,
	25,
	"1ca4f317-1709-4f58-ad3d-761f93447be7");
INSERT INTO V_LOC
	VALUES ("9cdfd203-4e74-4704-9a8e-633ff94c4cbf",
	3,
	8,
	8,
	"1ca4f317-1709-4f58-ad3d-761f93447be7");
INSERT INTO V_VAR
	VALUES ("9d0c385c-1e0b-4a06-82d2-09761ec2e515",
	"90238a46-4811-40a2-8723-18ddfb328b30",
	'bs',
	1,
	"ba5eda7a-def5-0000-0000-000000000008");
INSERT INTO V_INT
	VALUES ("9d0c385c-1e0b-4a06-82d2-09761ec2e515",
	0,
	"7137c09d-ba0e-406b-b3b5-76bb3cc48f3d");
INSERT INTO V_LOC
	VALUES ("c9529f86-19af-44e0-9b92-0d4572f526bd",
	2,
	24,
	25,
	"9d0c385c-1e0b-4a06-82d2-09761ec2e515");
INSERT INTO V_LOC
	VALUES ("1801e275-ab69-40f1-b428-e1615f8a0f0c",
	3,
	13,
	14,
	"9d0c385c-1e0b-4a06-82d2-09761ec2e515");
INSERT INTO V_LOC
	VALUES ("430d1b32-d65b-45f7-a8e6-22daf08f86df",
	8,
	7,
	8,
	"9d0c385c-1e0b-4a06-82d2-09761ec2e515");
INSERT INTO V_VAR
	VALUES ("89eeba3b-4ef3-4853-aa43-2f9c96a8bb7f",
	"90238a46-4811-40a2-8723-18ddfb328b30",
	'f',
	1,
	"ba5eda7a-def5-0000-0000-00000000000e");
INSERT INTO V_TRN
	VALUES ("89eeba3b-4ef3-4853-aa43-2f9c96a8bb7f",
	"00000000-0000-0000-0000-000000000000",
	'');
INSERT INTO V_LOC
	VALUES ("5114f209-7035-404d-91a0-28bed8e0734a",
	5,
	1,
	1,
	"89eeba3b-4ef3-4853-aa43-2f9c96a8bb7f");
INSERT INTO V_LOC
	VALUES ("1c39b362-9dce-488b-bac7-e789abb8979c",
	8,
	43,
	43,
	"89eeba3b-4ef3-4853-aa43-2f9c96a8bb7f");
INSERT INTO V_VAR
	VALUES ("9f7af827-598a-4bce-b10e-983631d1d652",
	"90238a46-4811-40a2-8723-18ddfb328b30",
	't',
	1,
	"ba5eda7a-def5-0000-0000-00000000000e");
INSERT INTO V_TRN
	VALUES ("9f7af827-598a-4bce-b10e-983631d1d652",
	"00000000-0000-0000-0000-000000000000",
	'');
INSERT INTO V_LOC
	VALUES ("d772e699-57ec-4654-9004-1be78ad3f2c1",
	6,
	1,
	1,
	"9f7af827-598a-4bce-b10e-983631d1d652");
INSERT INTO V_LOC
	VALUES ("c4279e00-465c-4b97-a1fb-6f61236c0f00",
	8,
	53,
	53,
	"9f7af827-598a-4bce-b10e-983631d1d652");
INSERT INTO V_VAR
	VALUES ("2903ef17-72b0-4587-9f32-4a9a6b2b7e7c",
	"90238a46-4811-40a2-8723-18ddfb328b30",
	'bol',
	1,
	"ba5eda7a-def5-0000-0000-000000000001");
INSERT INTO V_TRN
	VALUES ("2903ef17-72b0-4587-9f32-4a9a6b2b7e7c",
	"00000000-0000-0000-0000-000000000000",
	'');
INSERT INTO V_LOC
	VALUES ("c1cf386a-2be2-4d8b-9291-9fb689b23659",
	8,
	1,
	3,
	"2903ef17-72b0-4587-9f32-4a9a6b2b7e7c");
INSERT INTO V_LOC
	VALUES ("2ae279ea-85f9-4874-a0aa-a08d607426ea",
	10,
	4,
	6,
	"2903ef17-72b0-4587-9f32-4a9a6b2b7e7c");
INSERT INTO ACT_BLK
	VALUES ("355284e7-3caf-48af-b17a-932e7a6430c8",
	0,
	0,
	0,
	'LOG',
	'',
	'',
	11,
	2,
	11,
	2,
	0,
	0,
	0,
	0,
	0,
	0,
	0,
	0,
	0,
	"8e9feef2-9868-41c8-92c3-7d678404c944",
	"00000000-0000-0000-0000-000000000000");
INSERT INTO ACT_SMT
	VALUES ("b0466348-5516-42b3-adbb-45ec87c0e4a1",
	"355284e7-3caf-48af-b17a-932e7a6430c8",
	"00000000-0000-0000-0000-000000000000",
	11,
	2,
	'TestIsAcceptableBooking line: 11');
INSERT INTO ACT_BRG
	VALUES ("b0466348-5516-42b3-adbb-45ec87c0e4a1",
	"768e1cca-7403-495c-9b22-afd11a473eb6",
	11,
	7,
	11,
	2);
INSERT INTO V_VAL
	VALUES ("230982b3-09f4-4590-a573-fbff2ece099e",
	0,
	0,
	11,
	24,
	33,
	0,
	0,
	0,
	0,
	"ba5eda7a-def5-0000-0000-000000000004",
	"355284e7-3caf-48af-b17a-932e7a6430c8");
INSERT INTO V_LST
	VALUES ("230982b3-09f4-4590-a573-fbff2ece099e",
	'date okay');
INSERT INTO V_PAR
	VALUES ("230982b3-09f4-4590-a573-fbff2ece099e",
	"b0466348-5516-42b3-adbb-45ec87c0e4a1",
	"00000000-0000-0000-0000-000000000000",
	'message',
	"00000000-0000-0000-0000-000000000000",
	11,
	15);
INSERT INTO ACT_BLK
	VALUES ("6c1f2842-4380-4d69-be35-8d847cb816f7",
	0,
	0,
	0,
	'LOG',
	'',
	'',
	13,
	2,
	13,
	2,
	0,
	0,
	0,
	0,
	0,
	0,
	0,
	0,
	0,
	"8e9feef2-9868-41c8-92c3-7d678404c944",
	"00000000-0000-0000-0000-000000000000");
INSERT INTO ACT_SMT
	VALUES ("fb5bc1bc-57c6-4a46-9174-af7a6a613a76",
	"6c1f2842-4380-4d69-be35-8d847cb816f7",
	"00000000-0000-0000-0000-000000000000",
	13,
	2,
	'TestIsAcceptableBooking line: 13');
INSERT INTO ACT_BRG
	VALUES ("fb5bc1bc-57c6-4a46-9174-af7a6a613a76",
	"768e1cca-7403-495c-9b22-afd11a473eb6",
	13,
	7,
	13,
	2);
INSERT INTO V_VAL
	VALUES ("1b7c1ec3-f398-4ba5-bef3-95ea186e3093",
	0,
	0,
	13,
	24,
	37,
	0,
	0,
	0,
	0,
	"ba5eda7a-def5-0000-0000-000000000004",
	"6c1f2842-4380-4d69-be35-8d847cb816f7");
INSERT INTO V_LST
	VALUES ("1b7c1ec3-f398-4ba5-bef3-95ea186e3093",
	'date not okay');
INSERT INTO V_PAR
	VALUES ("1b7c1ec3-f398-4ba5-bef3-95ea186e3093",
	"fb5bc1bc-57c6-4a46-9174-af7a6a613a76",
	"00000000-0000-0000-0000-000000000000",
	'message',
	"00000000-0000-0000-0000-000000000000",
	13,
	15);
INSERT INTO PE_PE
	VALUES ("beeab516-6327-474a-ba57-051f94e39bf7",
	1,
	"960454f9-cf5f-4331-88bf-8023709586b1",
	"00000000-0000-0000-0000-000000000000",
	1);
INSERT INTO S_SYNC
	VALUES ("beeab516-6327-474a-ba57-051f94e39bf7",
	"00000000-0000-0000-0000-000000000000",
	'dateToInt',
	'',
	'd = 365 * TIM::get_year(date:param.date);
d = d + 31 * TIM::get_month(date:param.date);
d = d + TIM::get_day(date:param.date);

return d;',
	"ba5eda7a-def5-0000-0000-000000000002",
	1,
	'');
INSERT INTO S_SPARM
	VALUES ("6ca9cac9-932f-4315-a10f-d7a7de85d263",
	"beeab516-6327-474a-ba57-051f94e39bf7",
	'date',
	"ba5eda7a-def5-0000-0000-00000000000e",
	0,
	'',
	"00000000-0000-0000-0000-000000000000",
	'');
INSERT INTO ACT_FNB
	VALUES ("044c6c02-e64d-4619-a98d-a43b55a5bc8d",
	"beeab516-6327-474a-ba57-051f94e39bf7");
INSERT INTO ACT_ACT
	VALUES ("044c6c02-e64d-4619-a98d-a43b55a5bc8d",
	'function',
	0,
	"4391ba41-e71e-425c-bf47-c405573639d6",
	"00000000-0000-0000-0000-000000000000",
	0,
	'dateToInt',
	"00000000-0000-0000-0000-000000000000");
INSERT INTO ACT_BLK
	VALUES ("4391ba41-e71e-425c-bf47-c405573639d6",
	0,
	0,
	0,
	'TIM',
	'',
	'',
	5,
	1,
	3,
	9,
	0,
	0,
	0,
	0,
	0,
	0,
	0,
	0,
	0,
	"044c6c02-e64d-4619-a98d-a43b55a5bc8d",
	"00000000-0000-0000-0000-000000000000");
INSERT INTO ACT_SMT
	VALUES ("e51c9954-7f44-4e18-bcc4-d4c9a06fbb44",
	"4391ba41-e71e-425c-bf47-c405573639d6",
	"4c060eb6-b925-45e2-ae14-97d31179d12a",
	1,
	1,
	'dateToInt line: 1');
INSERT INTO ACT_AI
	VALUES ("e51c9954-7f44-4e18-bcc4-d4c9a06fbb44",
	"46258b7a-bda3-4c2f-a9d3-875cb89a1bd0",
	"98d11dab-4bf1-46f8-b9e3-1c81ade64700",
	0,
	0);
INSERT INTO ACT_SMT
	VALUES ("4c060eb6-b925-45e2-ae14-97d31179d12a",
	"4391ba41-e71e-425c-bf47-c405573639d6",
	"a76ca94b-415b-43e5-beba-d74d300c0f75",
	2,
	1,
	'dateToInt line: 2');
INSERT INTO ACT_AI
	VALUES ("4c060eb6-b925-45e2-ae14-97d31179d12a",
	"d7ce830b-8691-4eac-93bb-b50060e5f848",
	"26a3e11a-9cf4-4281-8d8a-18742307cc65",
	0,
	0);
INSERT INTO ACT_SMT
	VALUES ("a76ca94b-415b-43e5-beba-d74d300c0f75",
	"4391ba41-e71e-425c-bf47-c405573639d6",
	"b80c2c72-4b50-48e5-9a22-5552647f6796",
	3,
	1,
	'dateToInt line: 3');
INSERT INTO ACT_AI
	VALUES ("a76ca94b-415b-43e5-beba-d74d300c0f75",
	"5ddfa19b-860e-4e1e-8f78-5b88bc96abab",
	"7f73b2ea-7098-470f-88cf-b2c950675945",
	0,
	0);
INSERT INTO ACT_SMT
	VALUES ("b80c2c72-4b50-48e5-9a22-5552647f6796",
	"4391ba41-e71e-425c-bf47-c405573639d6",
	"00000000-0000-0000-0000-000000000000",
	5,
	1,
	'dateToInt line: 5');
INSERT INTO ACT_RET
	VALUES ("b80c2c72-4b50-48e5-9a22-5552647f6796",
	"1b633de3-b61c-4e13-8fb4-01fdeb3dae30");
INSERT INTO V_VAL
	VALUES ("98d11dab-4bf1-46f8-b9e3-1c81ade64700",
	1,
	1,
	1,
	1,
	1,
	0,
	0,
	0,
	0,
	"ba5eda7a-def5-0000-0000-000000000002",
	"4391ba41-e71e-425c-bf47-c405573639d6");
INSERT INTO V_TVL
	VALUES ("98d11dab-4bf1-46f8-b9e3-1c81ade64700",
	"f64dab5b-d274-43ed-b9d3-5e2b450c0e50");
INSERT INTO V_VAL
	VALUES ("79d1dd32-ba46-47c8-a53b-ecf1485476f9",
	0,
	0,
	1,
	5,
	7,
	0,
	0,
	0,
	0,
	"ba5eda7a-def5-0000-0000-000000000002",
	"4391ba41-e71e-425c-bf47-c405573639d6");
INSERT INTO V_LIN
	VALUES ("79d1dd32-ba46-47c8-a53b-ecf1485476f9",
	'365');
INSERT INTO V_VAL
	VALUES ("46258b7a-bda3-4c2f-a9d3-875cb89a1bd0",
	0,
	0,
	-1,
	-1,
	-1,
	0,
	0,
	0,
	0,
	"ba5eda7a-def5-0000-0000-000000000002",
	"4391ba41-e71e-425c-bf47-c405573639d6");
INSERT INTO V_BIN
	VALUES ("46258b7a-bda3-4c2f-a9d3-875cb89a1bd0",
	"48573027-6e72-4953-b853-204d3c0b6479",
	"79d1dd32-ba46-47c8-a53b-ecf1485476f9",
	'*');
INSERT INTO V_VAL
	VALUES ("48573027-6e72-4953-b853-204d3c0b6479",
	0,
	0,
	1,
	16,
	-1,
	1,
	25,
	0,
	0,
	"ba5eda7a-def5-0000-0000-000000000002",
	"4391ba41-e71e-425c-bf47-c405573639d6");
INSERT INTO V_BRV
	VALUES ("48573027-6e72-4953-b853-204d3c0b6479",
	"7c1c684b-1141-4c29-85e4-5b923690152e",
	1,
	1,
	11);
INSERT INTO V_VAL
	VALUES ("6b3c0495-f2e4-47d0-a330-e26f6d2d1b3b",
	0,
	0,
	1,
	36,
	39,
	0,
	0,
	0,
	0,
	"ba5eda7a-def5-0000-0000-00000000000e",
	"4391ba41-e71e-425c-bf47-c405573639d6");
INSERT INTO V_PVL
	VALUES ("6b3c0495-f2e4-47d0-a330-e26f6d2d1b3b",
	"00000000-0000-0000-0000-000000000000",
	"6ca9cac9-932f-4315-a10f-d7a7de85d263",
	"00000000-0000-0000-0000-000000000000",
	"00000000-0000-0000-0000-000000000000");
INSERT INTO V_PAR
	VALUES ("6b3c0495-f2e4-47d0-a330-e26f6d2d1b3b",
	"00000000-0000-0000-0000-000000000000",
	"48573027-6e72-4953-b853-204d3c0b6479",
	'date',
	"00000000-0000-0000-0000-000000000000",
	1,
	25);
INSERT INTO V_VAL
	VALUES ("26a3e11a-9cf4-4281-8d8a-18742307cc65",
	1,
	0,
	2,
	1,
	1,
	0,
	0,
	0,
	0,
	"ba5eda7a-def5-0000-0000-000000000002",
	"4391ba41-e71e-425c-bf47-c405573639d6");
INSERT INTO V_TVL
	VALUES ("26a3e11a-9cf4-4281-8d8a-18742307cc65",
	"f64dab5b-d274-43ed-b9d3-5e2b450c0e50");
INSERT INTO V_VAL
	VALUES ("5df63a72-8b48-44e4-96e0-3a50549a6a73",
	0,
	0,
	2,
	5,
	5,
	0,
	0,
	0,
	0,
	"ba5eda7a-def5-0000-0000-000000000002",
	"4391ba41-e71e-425c-bf47-c405573639d6");
INSERT INTO V_TVL
	VALUES ("5df63a72-8b48-44e4-96e0-3a50549a6a73",
	"f64dab5b-d274-43ed-b9d3-5e2b450c0e50");
INSERT INTO V_VAL
	VALUES ("d7ce830b-8691-4eac-93bb-b50060e5f848",
	0,
	0,
	-1,
	-1,
	-1,
	0,
	0,
	0,
	0,
	"ba5eda7a-def5-0000-0000-000000000002",
	"4391ba41-e71e-425c-bf47-c405573639d6");
INSERT INTO V_BIN
	VALUES ("d7ce830b-8691-4eac-93bb-b50060e5f848",
	"fc34d176-116c-40dc-a663-1d7f28edead6",
	"5df63a72-8b48-44e4-96e0-3a50549a6a73",
	'+');
INSERT INTO V_VAL
	VALUES ("8c137fa4-8597-4000-98ef-3e3e1c089488",
	0,
	0,
	2,
	9,
	10,
	0,
	0,
	0,
	0,
	"ba5eda7a-def5-0000-0000-000000000002",
	"4391ba41-e71e-425c-bf47-c405573639d6");
INSERT INTO V_LIN
	VALUES ("8c137fa4-8597-4000-98ef-3e3e1c089488",
	'31');
INSERT INTO V_VAL
	VALUES ("fc34d176-116c-40dc-a663-1d7f28edead6",
	0,
	0,
	-1,
	-1,
	-1,
	0,
	0,
	0,
	0,
	"ba5eda7a-def5-0000-0000-000000000002",
	"4391ba41-e71e-425c-bf47-c405573639d6");
INSERT INTO V_BIN
	VALUES ("fc34d176-116c-40dc-a663-1d7f28edead6",
	"7e0eba62-9811-40c5-b17f-f0c83cae5bab",
	"8c137fa4-8597-4000-98ef-3e3e1c089488",
	'*');
INSERT INTO V_VAL
	VALUES ("7e0eba62-9811-40c5-b17f-f0c83cae5bab",
	0,
	0,
	2,
	19,
	-1,
	2,
	29,
	0,
	0,
	"ba5eda7a-def5-0000-0000-000000000002",
	"4391ba41-e71e-425c-bf47-c405573639d6");
INSERT INTO V_BRV
	VALUES ("7e0eba62-9811-40c5-b17f-f0c83cae5bab",
	"20059e2e-78d7-4303-8608-0a66bc7b6936",
	1,
	2,
	14);
INSERT INTO V_VAL
	VALUES ("e9273f61-b6b2-40fd-8ffb-021bdc908235",
	0,
	0,
	2,
	40,
	43,
	0,
	0,
	0,
	0,
	"ba5eda7a-def5-0000-0000-00000000000e",
	"4391ba41-e71e-425c-bf47-c405573639d6");
INSERT INTO V_PVL
	VALUES ("e9273f61-b6b2-40fd-8ffb-021bdc908235",
	"00000000-0000-0000-0000-000000000000",
	"6ca9cac9-932f-4315-a10f-d7a7de85d263",
	"00000000-0000-0000-0000-000000000000",
	"00000000-0000-0000-0000-000000000000");
INSERT INTO V_PAR
	VALUES ("e9273f61-b6b2-40fd-8ffb-021bdc908235",
	"00000000-0000-0000-0000-000000000000",
	"7e0eba62-9811-40c5-b17f-f0c83cae5bab",
	'date',
	"00000000-0000-0000-0000-000000000000",
	2,
	29);
INSERT INTO V_VAL
	VALUES ("7f73b2ea-7098-470f-88cf-b2c950675945",
	1,
	0,
	3,
	1,
	1,
	0,
	0,
	0,
	0,
	"ba5eda7a-def5-0000-0000-000000000002",
	"4391ba41-e71e-425c-bf47-c405573639d6");
INSERT INTO V_TVL
	VALUES ("7f73b2ea-7098-470f-88cf-b2c950675945",
	"f64dab5b-d274-43ed-b9d3-5e2b450c0e50");
INSERT INTO V_VAL
	VALUES ("02b62ef6-b1da-44ae-a10b-fa14758c507c",
	0,
	0,
	3,
	5,
	5,
	0,
	0,
	0,
	0,
	"ba5eda7a-def5-0000-0000-000000000002",
	"4391ba41-e71e-425c-bf47-c405573639d6");
INSERT INTO V_TVL
	VALUES ("02b62ef6-b1da-44ae-a10b-fa14758c507c",
	"f64dab5b-d274-43ed-b9d3-5e2b450c0e50");
INSERT INTO V_VAL
	VALUES ("5ddfa19b-860e-4e1e-8f78-5b88bc96abab",
	0,
	0,
	-1,
	-1,
	-1,
	0,
	0,
	0,
	0,
	"ba5eda7a-def5-0000-0000-000000000002",
	"4391ba41-e71e-425c-bf47-c405573639d6");
INSERT INTO V_BIN
	VALUES ("5ddfa19b-860e-4e1e-8f78-5b88bc96abab",
	"36c519a7-a39f-4f8b-8c01-67f8c6528dcb",
	"02b62ef6-b1da-44ae-a10b-fa14758c507c",
	'+');
INSERT INTO V_VAL
	VALUES ("36c519a7-a39f-4f8b-8c01-67f8c6528dcb",
	0,
	0,
	3,
	14,
	-1,
	3,
	22,
	0,
	0,
	"ba5eda7a-def5-0000-0000-000000000002",
	"4391ba41-e71e-425c-bf47-c405573639d6");
INSERT INTO V_BRV
	VALUES ("36c519a7-a39f-4f8b-8c01-67f8c6528dcb",
	"7a83ce04-e3aa-4add-b4c3-2af162ad3fc3",
	1,
	3,
	9);
INSERT INTO V_VAL
	VALUES ("0dc00b50-5206-4fa9-8c11-974f737bcb90",
	0,
	0,
	3,
	33,
	36,
	0,
	0,
	0,
	0,
	"ba5eda7a-def5-0000-0000-00000000000e",
	"4391ba41-e71e-425c-bf47-c405573639d6");
INSERT INTO V_PVL
	VALUES ("0dc00b50-5206-4fa9-8c11-974f737bcb90",
	"00000000-0000-0000-0000-000000000000",
	"6ca9cac9-932f-4315-a10f-d7a7de85d263",
	"00000000-0000-0000-0000-000000000000",
	"00000000-0000-0000-0000-000000000000");
INSERT INTO V_PAR
	VALUES ("0dc00b50-5206-4fa9-8c11-974f737bcb90",
	"00000000-0000-0000-0000-000000000000",
	"36c519a7-a39f-4f8b-8c01-67f8c6528dcb",
	'date',
	"00000000-0000-0000-0000-000000000000",
	3,
	22);
INSERT INTO V_VAL
	VALUES ("1b633de3-b61c-4e13-8fb4-01fdeb3dae30",
	0,
	0,
	5,
	8,
	8,
	0,
	0,
	0,
	0,
	"ba5eda7a-def5-0000-0000-000000000002",
	"4391ba41-e71e-425c-bf47-c405573639d6");
INSERT INTO V_TVL
	VALUES ("1b633de3-b61c-4e13-8fb4-01fdeb3dae30",
	"f64dab5b-d274-43ed-b9d3-5e2b450c0e50");
INSERT INTO V_VAR
	VALUES ("f64dab5b-d274-43ed-b9d3-5e2b450c0e50",
	"4391ba41-e71e-425c-bf47-c405573639d6",
	'd',
	1,
	"ba5eda7a-def5-0000-0000-000000000002");
INSERT INTO V_TRN
	VALUES ("f64dab5b-d274-43ed-b9d3-5e2b450c0e50",
	"00000000-0000-0000-0000-000000000000",
	'');
INSERT INTO V_LOC
	VALUES ("660c0a95-6f4c-41ed-a47d-10217263ff86",
	1,
	1,
	1,
	"f64dab5b-d274-43ed-b9d3-5e2b450c0e50");
INSERT INTO V_LOC
	VALUES ("af4e8412-7167-4e41-b981-edd411d90662",
	2,
	1,
	1,
	"f64dab5b-d274-43ed-b9d3-5e2b450c0e50");
INSERT INTO V_LOC
	VALUES ("5ee960c6-6299-4d4d-8ae7-33f838a16e43",
	2,
	5,
	5,
	"f64dab5b-d274-43ed-b9d3-5e2b450c0e50");
INSERT INTO V_LOC
	VALUES ("f1f55286-198d-476f-9704-138beb198a6f",
	3,
	1,
	1,
	"f64dab5b-d274-43ed-b9d3-5e2b450c0e50");
INSERT INTO V_LOC
	VALUES ("3dd485f7-728b-4cf2-88e8-88f36b6a2610",
	3,
	5,
	5,
	"f64dab5b-d274-43ed-b9d3-5e2b450c0e50");
INSERT INTO V_LOC
	VALUES ("7ff7a9c2-6fb9-4266-b14a-b896923c2a7a",
	5,
	8,
	8,
	"f64dab5b-d274-43ed-b9d3-5e2b450c0e50");
INSERT INTO PE_PE
	VALUES ("868f2b41-a6e3-411b-a5ca-d9316c3fb5bc",
	1,
	"960454f9-cf5f-4331-88bf-8023709586b1",
	"00000000-0000-0000-0000-000000000000",
	6);
INSERT INTO C_I
	VALUES ("868f2b41-a6e3-411b-a5ca-d9316c3fb5bc",
	"00000000-0000-0000-0000-000000000000",
	'CustomerInterface',
	'');
INSERT INTO PE_PE
	VALUES ("b7e04034-9ae1-478b-b876-84a049865e77",
	1,
	"960454f9-cf5f-4331-88bf-8023709586b1",
	"00000000-0000-0000-0000-000000000000",
	4);
INSERT INTO O_OBJ
	VALUES ("b7e04034-9ae1-478b-b876-84a049865e77",
	'Benefit',
	19,
	'BENEFIT',
	'',
	"00000000-0000-0000-0000-000000000000");
INSERT INTO O_NBATTR
	VALUES ("8cf466c1-ef7d-46fc-a661-bd5641c8561e",
	"b7e04034-9ae1-478b-b876-84a049865e77");
INSERT INTO O_BATTR
	VALUES ("8cf466c1-ef7d-46fc-a661-bd5641c8561e",
	"b7e04034-9ae1-478b-b876-84a049865e77");
INSERT INTO O_ATTR
	VALUES ("8cf466c1-ef7d-46fc-a661-bd5641c8561e",
	"b7e04034-9ae1-478b-b876-84a049865e77",
	"00000000-0000-0000-0000-000000000000",
	'discountPercentage',
	'',
	'',
	'discountPercentage',
	0,
	"ba5eda7a-def5-0000-0000-000000000002",
	'',
	'');
INSERT INTO O_ID
	VALUES (2,
	"b7e04034-9ae1-478b-b876-84a049865e77");
INSERT INTO O_ID
	VALUES (1,
	"b7e04034-9ae1-478b-b876-84a049865e77");
INSERT INTO O_ID
	VALUES (0,
	"b7e04034-9ae1-478b-b876-84a049865e77");
INSERT INTO PE_PE
	VALUES ("99c3a579-f918-44fd-916c-a41161cb6518",
	1,
	"960454f9-cf5f-4331-88bf-8023709586b1",
	"00000000-0000-0000-0000-000000000000",
	4);
INSERT INTO O_OBJ
	VALUES ("99c3a579-f918-44fd-916c-a41161cb6518",
	'Billing',
	13,
	'BILLING',
	'',
	"00000000-0000-0000-0000-000000000000");
INSERT INTO O_TFR
	VALUES ("3320253a-8d00-44d8-bb17-47df7564b5c1",
	"99c3a579-f918-44fd-916c-a41161cb6518",
	'isPayed',
	'',
	"ba5eda7a-def5-0000-0000-000000000001",
	1,
	'',
	1,
	'',
	"2b5f0429-ceb9-45e5-8f10-1ca5f6b8bea4");
INSERT INTO ACT_OPB
	VALUES ("533bf9fb-60bd-4356-b0bc-0200538d69b0",
	"3320253a-8d00-44d8-bb17-47df7564b5c1");
INSERT INTO ACT_ACT
	VALUES ("533bf9fb-60bd-4356-b0bc-0200538d69b0",
	'operation',
	0,
	"76cac694-9ac8-4f41-86da-13cec77104c7",
	"00000000-0000-0000-0000-000000000000",
	0,
	'Billing::isPayed',
	"00000000-0000-0000-0000-000000000000");
INSERT INTO ACT_BLK
	VALUES ("76cac694-9ac8-4f41-86da-13cec77104c7",
	0,
	0,
	0,
	'',
	'',
	'',
	0,
	0,
	0,
	0,
	0,
	0,
	0,
	0,
	0,
	0,
	0,
	0,
	0,
	"533bf9fb-60bd-4356-b0bc-0200538d69b0",
	"00000000-0000-0000-0000-000000000000");
INSERT INTO O_TFR
	VALUES ("2b5f0429-ceb9-45e5-8f10-1ca5f6b8bea4",
	"99c3a579-f918-44fd-916c-a41161cb6518",
	'getCost',
	'',
	"ba5eda7a-def5-0000-0000-000000000002",
	1,
	'',
	1,
	'',
	"00000000-0000-0000-0000-000000000000");
INSERT INTO ACT_OPB
	VALUES ("d20a78d9-428d-44ed-884e-c8c16191b2e7",
	"2b5f0429-ceb9-45e5-8f10-1ca5f6b8bea4");
INSERT INTO ACT_ACT
	VALUES ("d20a78d9-428d-44ed-884e-c8c16191b2e7",
	'operation',
	0,
	"7e4e0faa-1e01-4011-97c6-60e3b495ec11",
	"00000000-0000-0000-0000-000000000000",
	0,
	'Billing::getCost',
	"00000000-0000-0000-0000-000000000000");
INSERT INTO ACT_BLK
	VALUES ("7e4e0faa-1e01-4011-97c6-60e3b495ec11",
	0,
	0,
	0,
	'',
	'',
	'',
	0,
	0,
	0,
	0,
	0,
	0,
	0,
	0,
	0,
	0,
	0,
	0,
	0,
	"d20a78d9-428d-44ed-884e-c8c16191b2e7",
	"00000000-0000-0000-0000-000000000000");
INSERT INTO O_NBATTR
	VALUES ("9fbcb3d8-ee3c-4fab-b468-a811d1524204",
	"99c3a579-f918-44fd-916c-a41161cb6518");
INSERT INTO O_BATTR
	VALUES ("9fbcb3d8-ee3c-4fab-b468-a811d1524204",
	"99c3a579-f918-44fd-916c-a41161cb6518");
INSERT INTO O_ATTR
	VALUES ("9fbcb3d8-ee3c-4fab-b468-a811d1524204",
	"99c3a579-f918-44fd-916c-a41161cb6518",
	"2246761d-31ce-42e6-8bf4-72041f212e7c",
	'isPayed',
	'',
	'',
	'isPayed',
	0,
	"ba5eda7a-def5-0000-0000-000000000001",
	'',
	'');
INSERT INTO O_NBATTR
	VALUES ("2246761d-31ce-42e6-8bf4-72041f212e7c",
	"99c3a579-f918-44fd-916c-a41161cb6518");
INSERT INTO O_BATTR
	VALUES ("2246761d-31ce-42e6-8bf4-72041f212e7c",
	"99c3a579-f918-44fd-916c-a41161cb6518");
INSERT INTO O_ATTR
	VALUES ("2246761d-31ce-42e6-8bf4-72041f212e7c",
	"99c3a579-f918-44fd-916c-a41161cb6518",
	"00000000-0000-0000-0000-000000000000",
	'paymentDate',
	'',
	'',
	'paymentDate',
	0,
	"ba5eda7a-def5-0000-0000-000000000010",
	'',
	'');
INSERT INTO O_ID
	VALUES (2,
	"99c3a579-f918-44fd-916c-a41161cb6518");
INSERT INTO O_ID
	VALUES (1,
	"99c3a579-f918-44fd-916c-a41161cb6518");
INSERT INTO O_ID
	VALUES (0,
	"99c3a579-f918-44fd-916c-a41161cb6518");
INSERT INTO PE_PE
	VALUES ("37699420-e221-4e5c-800b-cf398f6e9803",
	1,
	"960454f9-cf5f-4331-88bf-8023709586b1",
	"00000000-0000-0000-0000-000000000000",
	4);
INSERT INTO O_OBJ
	VALUES ("37699420-e221-4e5c-800b-cf398f6e9803",
	'BillingItem',
	14,
	'BILLINGITEM',
	'',
	"00000000-0000-0000-0000-000000000000");
INSERT INTO O_NBATTR
	VALUES ("5c630467-39da-4a2d-8ae2-e16ccda92fbb",
	"37699420-e221-4e5c-800b-cf398f6e9803");
INSERT INTO O_BATTR
	VALUES ("5c630467-39da-4a2d-8ae2-e16ccda92fbb",
	"37699420-e221-4e5c-800b-cf398f6e9803");
INSERT INTO O_ATTR
	VALUES ("5c630467-39da-4a2d-8ae2-e16ccda92fbb",
	"37699420-e221-4e5c-800b-cf398f6e9803",
	"9dd362c1-1938-444b-80a5-df8a36e62170",
	'description',
	'',
	'',
	'description',
	0,
	"ba5eda7a-def5-0000-0000-000000000004",
	'',
	'');
INSERT INTO O_NBATTR
	VALUES ("9dd362c1-1938-444b-80a5-df8a36e62170",
	"37699420-e221-4e5c-800b-cf398f6e9803");
INSERT INTO O_BATTR
	VALUES ("9dd362c1-1938-444b-80a5-df8a36e62170",
	"37699420-e221-4e5c-800b-cf398f6e9803");
INSERT INTO O_ATTR
	VALUES ("9dd362c1-1938-444b-80a5-df8a36e62170",
	"37699420-e221-4e5c-800b-cf398f6e9803",
	"00000000-0000-0000-0000-000000000000",
	'cost',
	'',
	'',
	'cost',
	0,
	"ba5eda7a-def5-0000-0000-000000000002",
	'',
	'');
INSERT INTO O_ID
	VALUES (2,
	"37699420-e221-4e5c-800b-cf398f6e9803");
INSERT INTO O_ID
	VALUES (1,
	"37699420-e221-4e5c-800b-cf398f6e9803");
INSERT INTO O_ID
	VALUES (0,
	"37699420-e221-4e5c-800b-cf398f6e9803");
INSERT INTO PE_PE
	VALUES ("803702ba-1594-4405-b96a-8c76b6ef1c69",
	1,
	"960454f9-cf5f-4331-88bf-8023709586b1",
	"00000000-0000-0000-0000-000000000000",
	4);
INSERT INTO O_OBJ
	VALUES ("803702ba-1594-4405-b96a-8c76b6ef1c69",
	'Bookable',
	5,
	'BOOKABLE',
	'',
	"00000000-0000-0000-0000-000000000000");
INSERT INTO O_TFR
	VALUES ("3a9b4376-648e-4e0e-91f4-8c8ff2abb7f5",
	"803702ba-1594-4405-b96a-8c76b6ef1c69",
	'isAvailable',
	'',
	"ba5eda7a-def5-0000-0000-000000000001",
	1,
	'',
	1,
	'',
	"00000000-0000-0000-0000-000000000000");
INSERT INTO O_TPARM
	VALUES ("07f1bda8-87af-4b8f-b9ca-15c0105e80e3",
	"3a9b4376-648e-4e0e-91f4-8c8ff2abb7f5",
	'filter',
	"ba5eda7a-def5-0000-0000-000000000002",
	0,
	'',
	"00000000-0000-0000-0000-000000000000",
	'');
INSERT INTO ACT_OPB
	VALUES ("54ac632f-1e61-4f0b-b7d8-dc93c4952c07",
	"3a9b4376-648e-4e0e-91f4-8c8ff2abb7f5");
INSERT INTO ACT_ACT
	VALUES ("54ac632f-1e61-4f0b-b7d8-dc93c4952c07",
	'operation',
	0,
	"4c176587-db49-4a98-94eb-8a84ff569625",
	"00000000-0000-0000-0000-000000000000",
	0,
	'Bookable::isAvailable',
	"00000000-0000-0000-0000-000000000000");
INSERT INTO ACT_BLK
	VALUES ("4c176587-db49-4a98-94eb-8a84ff569625",
	0,
	0,
	0,
	'',
	'',
	'',
	0,
	0,
	0,
	0,
	0,
	0,
	0,
	0,
	0,
	0,
	0,
	0,
	0,
	"54ac632f-1e61-4f0b-b7d8-dc93c4952c07",
	"00000000-0000-0000-0000-000000000000");
INSERT INTO O_TFR
	VALUES ("f5d8d2fd-312b-4ac1-b4e3-55f4241a2d58",
	"803702ba-1594-4405-b96a-8c76b6ef1c69",
	'getBookableRepresentation',
	'',
	"ba5eda7a-def5-0000-0000-000000000000",
	1,
	'',
	1,
	'',
	"3a9b4376-648e-4e0e-91f4-8c8ff2abb7f5");
INSERT INTO ACT_OPB
	VALUES ("e8027d62-62e8-4480-bce0-f17bbbff144e",
	"f5d8d2fd-312b-4ac1-b4e3-55f4241a2d58");
INSERT INTO ACT_ACT
	VALUES ("e8027d62-62e8-4480-bce0-f17bbbff144e",
	'operation',
	0,
	"4771cf9f-5632-49cc-8d66-c220f1e63967",
	"00000000-0000-0000-0000-000000000000",
	0,
	'Bookable::getBookableRepresentation',
	"00000000-0000-0000-0000-000000000000");
INSERT INTO ACT_BLK
	VALUES ("4771cf9f-5632-49cc-8d66-c220f1e63967",
	0,
	0,
	0,
	'',
	'',
	'',
	0,
	0,
	0,
	0,
	0,
	0,
	0,
	0,
	0,
	0,
	0,
	0,
	0,
	"e8027d62-62e8-4480-bce0-f17bbbff144e",
	"00000000-0000-0000-0000-000000000000");
INSERT INTO O_NBATTR
	VALUES ("7edb737c-eda0-435c-ab44-20ad0293ebdb",
	"803702ba-1594-4405-b96a-8c76b6ef1c69");
INSERT INTO O_BATTR
	VALUES ("7edb737c-eda0-435c-ab44-20ad0293ebdb",
	"803702ba-1594-4405-b96a-8c76b6ef1c69");
INSERT INTO O_ATTR
	VALUES ("7edb737c-eda0-435c-ab44-20ad0293ebdb",
	"803702ba-1594-4405-b96a-8c76b6ef1c69",
	"8ccbac66-5148-4ed4-bb36-09215ce15366",
	'description',
	'',
	'',
	'description',
	0,
	"ba5eda7a-def5-0000-0000-000000000004",
	'',
	'');
INSERT INTO O_NBATTR
	VALUES ("8ccbac66-5148-4ed4-bb36-09215ce15366",
	"803702ba-1594-4405-b96a-8c76b6ef1c69");
INSERT INTO O_BATTR
	VALUES ("8ccbac66-5148-4ed4-bb36-09215ce15366",
	"803702ba-1594-4405-b96a-8c76b6ef1c69");
INSERT INTO O_ATTR
	VALUES ("8ccbac66-5148-4ed4-bb36-09215ce15366",
	"803702ba-1594-4405-b96a-8c76b6ef1c69",
	"00000000-0000-0000-0000-000000000000",
	'price',
	'',
	'',
	'price',
	0,
	"ba5eda7a-def5-0000-0000-000000000002",
	'',
	'');
INSERT INTO O_NBATTR
	VALUES ("e81f13fc-76a3-4546-9580-b71352170e10",
	"803702ba-1594-4405-b96a-8c76b6ef1c69");
INSERT INTO O_BATTR
	VALUES ("e81f13fc-76a3-4546-9580-b71352170e10",
	"803702ba-1594-4405-b96a-8c76b6ef1c69");
INSERT INTO O_ATTR
	VALUES ("e81f13fc-76a3-4546-9580-b71352170e10",
	"803702ba-1594-4405-b96a-8c76b6ef1c69",
	"7edb737c-eda0-435c-ab44-20ad0293ebdb",
	'id',
	'',
	'',
	'id',
	0,
	"ba5eda7a-def5-0000-0000-000000000005",
	'',
	'');
INSERT INTO O_NBATTR
	VALUES ("3f2fc0b4-be17-44ca-a848-72144603506d",
	"803702ba-1594-4405-b96a-8c76b6ef1c69");
INSERT INTO O_BATTR
	VALUES ("3f2fc0b4-be17-44ca-a848-72144603506d",
	"803702ba-1594-4405-b96a-8c76b6ef1c69");
INSERT INTO O_ATTR
	VALUES ("3f2fc0b4-be17-44ca-a848-72144603506d",
	"803702ba-1594-4405-b96a-8c76b6ef1c69",
	"e81f13fc-76a3-4546-9580-b71352170e10",
	'name',
	'',
	'',
	'name',
	0,
	"ba5eda7a-def5-0000-0000-000000000004",
	'',
	'');
INSERT INTO O_ID
	VALUES (2,
	"803702ba-1594-4405-b96a-8c76b6ef1c69");
INSERT INTO O_ID
	VALUES (1,
	"803702ba-1594-4405-b96a-8c76b6ef1c69");
INSERT INTO O_ID
	VALUES (0,
	"803702ba-1594-4405-b96a-8c76b6ef1c69");
INSERT INTO PE_PE
	VALUES ("9a41fe9e-f547-4cde-b68d-f7db43c904dc",
	1,
	"960454f9-cf5f-4331-88bf-8023709586b1",
	"00000000-0000-0000-0000-000000000000",
	4);
INSERT INTO O_OBJ
	VALUES ("9a41fe9e-f547-4cde-b68d-f7db43c904dc",
	'Booking',
	10,
	'BOOKING',
	'',
	"00000000-0000-0000-0000-000000000000");
INSERT INTO O_TFR
	VALUES ("11a60648-7f28-4e24-93de-4da0ae187839",
	"9a41fe9e-f547-4cde-b68d-f7db43c904dc",
	'addGuest',
	'',
	"ba5eda7a-def5-0000-0000-000000000000",
	1,
	'',
	1,
	'',
	"70fa737a-e32e-4822-a845-fcdc3e41ae92");
INSERT INTO O_TPARM
	VALUES ("a8ec887e-f522-4ae0-947b-df7709a53686",
	"11a60648-7f28-4e24-93de-4da0ae187839",
	'age',
	"ba5eda7a-def5-0000-0000-000000000002",
	0,
	'',
	"9ef8b31c-b6a0-4abf-8cc7-5838a697ef30",
	'');
INSERT INTO O_TPARM
	VALUES ("9ef8b31c-b6a0-4abf-8cc7-5838a697ef30",
	"11a60648-7f28-4e24-93de-4da0ae187839",
	'name',
	"ba5eda7a-def5-0000-0000-000000000004",
	0,
	'',
	"00000000-0000-0000-0000-000000000000",
	'');
INSERT INTO ACT_OPB
	VALUES ("07246194-fd18-4d53-8e0c-45ab3f390cb4",
	"11a60648-7f28-4e24-93de-4da0ae187839");
INSERT INTO ACT_ACT
	VALUES ("07246194-fd18-4d53-8e0c-45ab3f390cb4",
	'operation',
	0,
	"f472f12e-0db9-4ba7-ab5c-5e817ffc120e",
	"00000000-0000-0000-0000-000000000000",
	0,
	'Booking::addGuest',
	"00000000-0000-0000-0000-000000000000");
INSERT INTO ACT_BLK
	VALUES ("f472f12e-0db9-4ba7-ab5c-5e817ffc120e",
	0,
	0,
	0,
	'',
	'',
	'',
	0,
	0,
	0,
	0,
	0,
	0,
	0,
	0,
	0,
	0,
	0,
	0,
	0,
	"07246194-fd18-4d53-8e0c-45ab3f390cb4",
	"00000000-0000-0000-0000-000000000000");
INSERT INTO O_TFR
	VALUES ("70fa737a-e32e-4822-a845-fcdc3e41ae92",
	"9a41fe9e-f547-4cde-b68d-f7db43c904dc",
	'getBookingInfo',
	'',
	"433f7688-7b95-4f9c-89f1-cf076d691ab7",
	1,
	'',
	1,
	'',
	"64d93b6f-5167-468a-93bf-ca92c8944e24");
INSERT INTO ACT_OPB
	VALUES ("895cccc9-a6b3-4c75-b0dd-4391d55bfe06",
	"70fa737a-e32e-4822-a845-fcdc3e41ae92");
INSERT INTO ACT_ACT
	VALUES ("895cccc9-a6b3-4c75-b0dd-4391d55bfe06",
	'operation',
	0,
	"a910157d-d050-4b4a-b903-e54ed5c88872",
	"00000000-0000-0000-0000-000000000000",
	0,
	'Booking::getBookingInfo',
	"00000000-0000-0000-0000-000000000000");
INSERT INTO ACT_BLK
	VALUES ("a910157d-d050-4b4a-b903-e54ed5c88872",
	0,
	0,
	0,
	'',
	'',
	'',
	0,
	0,
	0,
	0,
	0,
	0,
	0,
	0,
	0,
	0,
	0,
	0,
	0,
	"895cccc9-a6b3-4c75-b0dd-4391d55bfe06",
	"00000000-0000-0000-0000-000000000000");
INSERT INTO O_TFR
	VALUES ("64d93b6f-5167-468a-93bf-ca92c8944e24",
	"9a41fe9e-f547-4cde-b68d-f7db43c904dc",
	'setCustomer',
	'',
	"ba5eda7a-def5-0000-0000-000000000001",
	1,
	'',
	1,
	'',
	"52ca49b2-de88-4bb4-81b7-b995d78ecf81");
INSERT INTO O_TPARM
	VALUES ("25bbb532-f822-44c4-b310-00befa20b691",
	"64d93b6f-5167-468a-93bf-ca92c8944e24",
	'customer',
	"ba5eda7a-def5-0000-0000-000000000004",
	0,
	'',
	"00000000-0000-0000-0000-000000000000",
	'');
INSERT INTO ACT_OPB
	VALUES ("4df9c08d-ca40-4559-977a-9b41de31f82d",
	"64d93b6f-5167-468a-93bf-ca92c8944e24");
INSERT INTO ACT_ACT
	VALUES ("4df9c08d-ca40-4559-977a-9b41de31f82d",
	'operation',
	0,
	"99bac8e9-e35d-44a9-8133-65a9a2271be2",
	"00000000-0000-0000-0000-000000000000",
	0,
	'Booking::setCustomer',
	"00000000-0000-0000-0000-000000000000");
INSERT INTO ACT_BLK
	VALUES ("99bac8e9-e35d-44a9-8133-65a9a2271be2",
	0,
	0,
	0,
	'',
	'',
	'',
	0,
	0,
	0,
	0,
	0,
	0,
	0,
	0,
	0,
	0,
	0,
	0,
	0,
	"4df9c08d-ca40-4559-977a-9b41de31f82d",
	"00000000-0000-0000-0000-000000000000");
INSERT INTO O_TFR
	VALUES ("52ca49b2-de88-4bb4-81b7-b995d78ecf81",
	"9a41fe9e-f547-4cde-b68d-f7db43c904dc",
	'addBookable',
	'',
	"ba5eda7a-def5-0000-0000-000000000001",
	1,
	'',
	1,
	'',
	"ed50ea1b-06ab-4767-b877-4e21f462c911");
INSERT INTO O_TPARM
	VALUES ("76959683-30fb-4418-8077-ec8f4601ee42",
	"52ca49b2-de88-4bb4-81b7-b995d78ecf81",
	'bookable',
	"bdce89ef-72f6-4386-ba13-b2d926836c80",
	0,
	'',
	"00000000-0000-0000-0000-000000000000",
	'');
INSERT INTO ACT_OPB
	VALUES ("3531402d-401c-4d52-b975-4fe825613b15",
	"52ca49b2-de88-4bb4-81b7-b995d78ecf81");
INSERT INTO ACT_ACT
	VALUES ("3531402d-401c-4d52-b975-4fe825613b15",
	'operation',
	0,
	"e5d899a9-52d3-4557-8db2-a900b79b9af1",
	"00000000-0000-0000-0000-000000000000",
	0,
	'Booking::addBookable',
	"00000000-0000-0000-0000-000000000000");
INSERT INTO ACT_BLK
	VALUES ("e5d899a9-52d3-4557-8db2-a900b79b9af1",
	0,
	0,
	0,
	'',
	'',
	'',
	0,
	0,
	0,
	0,
	0,
	0,
	0,
	0,
	0,
	0,
	0,
	0,
	0,
	"3531402d-401c-4d52-b975-4fe825613b15",
	"00000000-0000-0000-0000-000000000000");
INSERT INTO O_TFR
	VALUES ("ed50ea1b-06ab-4767-b877-4e21f462c911",
	"9a41fe9e-f547-4cde-b68d-f7db43c904dc",
	'addService',
	'',
	"ba5eda7a-def5-0000-0000-000000000001",
	1,
	'',
	1,
	'',
	"00000000-0000-0000-0000-000000000000");
INSERT INTO O_TPARM
	VALUES ("ce51fdb2-9444-46b8-a1d3-2b5109206e14",
	"ed50ea1b-06ab-4767-b877-4e21f462c911",
	'bookable',
	"bdce89ef-72f6-4386-ba13-b2d926836c80",
	0,
	'',
	"00000000-0000-0000-0000-000000000000",
	'');
INSERT INTO ACT_OPB
	VALUES ("0757a828-662d-4a96-a03c-0b2da3d92621",
	"ed50ea1b-06ab-4767-b877-4e21f462c911");
INSERT INTO ACT_ACT
	VALUES ("0757a828-662d-4a96-a03c-0b2da3d92621",
	'operation',
	0,
	"1858fa14-9529-44bd-b8b8-ce7d95958907",
	"00000000-0000-0000-0000-000000000000",
	0,
	'Booking::addService',
	"00000000-0000-0000-0000-000000000000");
INSERT INTO ACT_BLK
	VALUES ("1858fa14-9529-44bd-b8b8-ce7d95958907",
	0,
	0,
	0,
	'',
	'',
	'',
	0,
	0,
	0,
	0,
	0,
	0,
	0,
	0,
	0,
	0,
	0,
	0,
	0,
	"0757a828-662d-4a96-a03c-0b2da3d92621",
	"00000000-0000-0000-0000-000000000000");
INSERT INTO O_TFR
	VALUES ("1f8ef3ba-9fc3-4d16-9f6c-2174a21ee4ac",
	"9a41fe9e-f547-4cde-b68d-f7db43c904dc",
	'getFromDate',
	'',
	"ba5eda7a-def5-0000-0000-000000000010",
	1,
	'return self.fromDate;',
	1,
	'',
	"11a60648-7f28-4e24-93de-4da0ae187839");
INSERT INTO ACT_OPB
	VALUES ("5edc182e-7d67-4bae-b0e0-d78db3709b27",
	"1f8ef3ba-9fc3-4d16-9f6c-2174a21ee4ac");
INSERT INTO ACT_ACT
	VALUES ("5edc182e-7d67-4bae-b0e0-d78db3709b27",
	'operation',
	0,
	"40f24134-cee1-4c7e-8677-6c356d034682",
	"00000000-0000-0000-0000-000000000000",
	0,
	'Booking::getFromDate',
	"00000000-0000-0000-0000-000000000000");
INSERT INTO ACT_BLK
	VALUES ("40f24134-cee1-4c7e-8677-6c356d034682",
	0,
	0,
	0,
	'',
	'',
	'',
	1,
	1,
	0,
	0,
	0,
	0,
	0,
	0,
	0,
	0,
	0,
	0,
	0,
	"5edc182e-7d67-4bae-b0e0-d78db3709b27",
	"00000000-0000-0000-0000-000000000000");
INSERT INTO ACT_SMT
	VALUES ("fda8d9fc-dbe8-4ec5-bd28-27f4d1231af5",
	"40f24134-cee1-4c7e-8677-6c356d034682",
	"00000000-0000-0000-0000-000000000000",
	1,
	1,
	'Booking::getFromDate line: 1');
INSERT INTO ACT_RET
	VALUES ("fda8d9fc-dbe8-4ec5-bd28-27f4d1231af5",
	"8a429de6-bd2d-4bce-8faf-57f135d2fb78");
INSERT INTO V_VAL
	VALUES ("da03417c-e34e-4909-8088-39f96345f854",
	0,
	0,
	1,
	8,
	11,
	0,
	0,
	0,
	0,
	"433f7688-7b95-4f9c-89f1-cf076d691ab7",
	"40f24134-cee1-4c7e-8677-6c356d034682");
INSERT INTO V_IRF
	VALUES ("da03417c-e34e-4909-8088-39f96345f854",
	"18495234-77c7-4a87-99d7-91d00a82a8c0");
INSERT INTO V_VAL
	VALUES ("8a429de6-bd2d-4bce-8faf-57f135d2fb78",
	0,
	0,
	1,
	13,
	20,
	0,
	0,
	0,
	0,
	"ba5eda7a-def5-0000-0000-000000000010",
	"40f24134-cee1-4c7e-8677-6c356d034682");
INSERT INTO V_AVL
	VALUES ("8a429de6-bd2d-4bce-8faf-57f135d2fb78",
	"da03417c-e34e-4909-8088-39f96345f854",
	"9a41fe9e-f547-4cde-b68d-f7db43c904dc",
	"1bbfeec7-96fb-4cc4-ae24-cc51dbf69bda");
INSERT INTO V_VAR
	VALUES ("18495234-77c7-4a87-99d7-91d00a82a8c0",
	"40f24134-cee1-4c7e-8677-6c356d034682",
	'self',
	1,
	"433f7688-7b95-4f9c-89f1-cf076d691ab7");
INSERT INTO V_INT
	VALUES ("18495234-77c7-4a87-99d7-91d00a82a8c0",
	0,
	"9a41fe9e-f547-4cde-b68d-f7db43c904dc");
INSERT INTO V_LOC
	VALUES ("2215706c-0a8a-4e3b-8007-f8918333414f",
	1,
	8,
	11,
	"18495234-77c7-4a87-99d7-91d00a82a8c0");
INSERT INTO O_TFR
	VALUES ("7503e4da-392a-4558-818f-2a672534716b",
	"9a41fe9e-f547-4cde-b68d-f7db43c904dc",
	'getToDate',
	'',
	"ba5eda7a-def5-0000-0000-000000000010",
	1,
	'return self.toDate;',
	1,
	'',
	"1f8ef3ba-9fc3-4d16-9f6c-2174a21ee4ac");
INSERT INTO ACT_OPB
	VALUES ("49678865-449f-498a-ab37-68aa367f22df",
	"7503e4da-392a-4558-818f-2a672534716b");
INSERT INTO ACT_ACT
	VALUES ("49678865-449f-498a-ab37-68aa367f22df",
	'operation',
	0,
	"bc92ccee-592d-47ee-8aa8-e64107239794",
	"00000000-0000-0000-0000-000000000000",
	0,
	'Booking::getToDate',
	"00000000-0000-0000-0000-000000000000");
INSERT INTO ACT_BLK
	VALUES ("bc92ccee-592d-47ee-8aa8-e64107239794",
	0,
	0,
	0,
	'',
	'',
	'',
	1,
	1,
	0,
	0,
	0,
	0,
	0,
	0,
	0,
	0,
	0,
	0,
	0,
	"49678865-449f-498a-ab37-68aa367f22df",
	"00000000-0000-0000-0000-000000000000");
INSERT INTO ACT_SMT
	VALUES ("f68031c1-8876-40d6-a5a1-669ad90adde7",
	"bc92ccee-592d-47ee-8aa8-e64107239794",
	"00000000-0000-0000-0000-000000000000",
	1,
	1,
	'Booking::getToDate line: 1');
INSERT INTO ACT_RET
	VALUES ("f68031c1-8876-40d6-a5a1-669ad90adde7",
	"77ca0fc6-7e8a-454a-96c3-6bc596c930e2");
INSERT INTO V_VAL
	VALUES ("457fb6f3-b73a-4b26-9c27-5420ef3be7d0",
	0,
	0,
	1,
	8,
	11,
	0,
	0,
	0,
	0,
	"433f7688-7b95-4f9c-89f1-cf076d691ab7",
	"bc92ccee-592d-47ee-8aa8-e64107239794");
INSERT INTO V_IRF
	VALUES ("457fb6f3-b73a-4b26-9c27-5420ef3be7d0",
	"7d04230c-0b60-430f-b465-294523c4e93c");
INSERT INTO V_VAL
	VALUES ("77ca0fc6-7e8a-454a-96c3-6bc596c930e2",
	0,
	0,
	1,
	13,
	18,
	0,
	0,
	0,
	0,
	"ba5eda7a-def5-0000-0000-000000000010",
	"bc92ccee-592d-47ee-8aa8-e64107239794");
INSERT INTO V_AVL
	VALUES ("77ca0fc6-7e8a-454a-96c3-6bc596c930e2",
	"457fb6f3-b73a-4b26-9c27-5420ef3be7d0",
	"9a41fe9e-f547-4cde-b68d-f7db43c904dc",
	"e8beb6ea-4122-426a-9215-3d8a7d8b3cc6");
INSERT INTO V_VAR
	VALUES ("7d04230c-0b60-430f-b465-294523c4e93c",
	"bc92ccee-592d-47ee-8aa8-e64107239794",
	'self',
	1,
	"433f7688-7b95-4f9c-89f1-cf076d691ab7");
INSERT INTO V_INT
	VALUES ("7d04230c-0b60-430f-b465-294523c4e93c",
	0,
	"9a41fe9e-f547-4cde-b68d-f7db43c904dc");
INSERT INTO V_LOC
	VALUES ("3cfe0ec8-c651-4203-b8b5-939c43983cbf",
	1,
	8,
	11,
	"7d04230c-0b60-430f-b465-294523c4e93c");
INSERT INTO O_TFR
	VALUES ("4390b438-a057-41d2-8fa5-6fa878c01048",
	"9a41fe9e-f547-4cde-b68d-f7db43c904dc",
	'setFromDate',
	'',
	"ba5eda7a-def5-0000-0000-000000000000",
	1,
	'self.fromDate = param.fromDate;',
	1,
	'',
	"7503e4da-392a-4558-818f-2a672534716b");
INSERT INTO O_TPARM
	VALUES ("6ad1cb3d-fa30-4ed7-bb6f-940de2ca223f",
	"4390b438-a057-41d2-8fa5-6fa878c01048",
	'fromDate',
	"ba5eda7a-def5-0000-0000-000000000010",
	0,
	'',
	"00000000-0000-0000-0000-000000000000",
	'');
INSERT INTO ACT_OPB
	VALUES ("f40a7780-562c-4afb-a808-8fb7928b71df",
	"4390b438-a057-41d2-8fa5-6fa878c01048");
INSERT INTO ACT_ACT
	VALUES ("f40a7780-562c-4afb-a808-8fb7928b71df",
	'operation',
	0,
	"bcbf11ef-455c-42d0-9e22-3927ca6489e7",
	"00000000-0000-0000-0000-000000000000",
	0,
	'Booking::setFromDate',
	"00000000-0000-0000-0000-000000000000");
INSERT INTO ACT_BLK
	VALUES ("bcbf11ef-455c-42d0-9e22-3927ca6489e7",
	0,
	0,
	0,
	'',
	'',
	'',
	1,
	1,
	0,
	0,
	0,
	0,
	0,
	0,
	0,
	0,
	0,
	0,
	0,
	"f40a7780-562c-4afb-a808-8fb7928b71df",
	"00000000-0000-0000-0000-000000000000");
INSERT INTO ACT_SMT
	VALUES ("87d2a6ba-2d61-49fc-b01a-bc9cc41b7676",
	"bcbf11ef-455c-42d0-9e22-3927ca6489e7",
	"00000000-0000-0000-0000-000000000000",
	1,
	1,
	'Booking::setFromDate line: 1');
INSERT INTO ACT_AI
	VALUES ("87d2a6ba-2d61-49fc-b01a-bc9cc41b7676",
	"691cca9f-9670-42df-a746-a11039a7a852",
	"06dbec4b-17c0-4f84-a9c4-f8512db2e5cb",
	0,
	0);
INSERT INTO V_VAL
	VALUES ("4de572e5-5761-4a47-8112-020b12f7dc07",
	1,
	0,
	1,
	1,
	4,
	0,
	0,
	0,
	0,
	"433f7688-7b95-4f9c-89f1-cf076d691ab7",
	"bcbf11ef-455c-42d0-9e22-3927ca6489e7");
INSERT INTO V_IRF
	VALUES ("4de572e5-5761-4a47-8112-020b12f7dc07",
	"b99cf83e-1ddd-4197-b68b-abdc37de117b");
INSERT INTO V_VAL
	VALUES ("06dbec4b-17c0-4f84-a9c4-f8512db2e5cb",
	1,
	0,
	1,
	6,
	13,
	0,
	0,
	0,
	0,
	"ba5eda7a-def5-0000-0000-000000000010",
	"bcbf11ef-455c-42d0-9e22-3927ca6489e7");
INSERT INTO V_AVL
	VALUES ("06dbec4b-17c0-4f84-a9c4-f8512db2e5cb",
	"4de572e5-5761-4a47-8112-020b12f7dc07",
	"9a41fe9e-f547-4cde-b68d-f7db43c904dc",
	"1bbfeec7-96fb-4cc4-ae24-cc51dbf69bda");
INSERT INTO V_VAL
	VALUES ("691cca9f-9670-42df-a746-a11039a7a852",
	0,
	0,
	1,
	23,
	30,
	0,
	0,
	0,
	0,
	"ba5eda7a-def5-0000-0000-000000000010",
	"bcbf11ef-455c-42d0-9e22-3927ca6489e7");
INSERT INTO V_PVL
	VALUES ("691cca9f-9670-42df-a746-a11039a7a852",
	"00000000-0000-0000-0000-000000000000",
	"00000000-0000-0000-0000-000000000000",
	"6ad1cb3d-fa30-4ed7-bb6f-940de2ca223f",
	"00000000-0000-0000-0000-000000000000");
INSERT INTO V_VAR
	VALUES ("b99cf83e-1ddd-4197-b68b-abdc37de117b",
	"bcbf11ef-455c-42d0-9e22-3927ca6489e7",
	'self',
	1,
	"433f7688-7b95-4f9c-89f1-cf076d691ab7");
INSERT INTO V_INT
	VALUES ("b99cf83e-1ddd-4197-b68b-abdc37de117b",
	0,
	"9a41fe9e-f547-4cde-b68d-f7db43c904dc");
INSERT INTO V_LOC
	VALUES ("d09809f3-1fd1-49dd-8089-29c22b8127f9",
	1,
	1,
	4,
	"b99cf83e-1ddd-4197-b68b-abdc37de117b");
INSERT INTO O_TFR
	VALUES ("5db01331-c943-4eb1-85fc-74511c86b2e8",
	"9a41fe9e-f547-4cde-b68d-f7db43c904dc",
	'setToDate',
	'',
	"ba5eda7a-def5-0000-0000-000000000000",
	1,
	'self.toDate = param.toDate;',
	1,
	'',
	"4390b438-a057-41d2-8fa5-6fa878c01048");
INSERT INTO O_TPARM
	VALUES ("485a6f9f-11bf-4ba4-a6e4-f3d6b98d10b3",
	"5db01331-c943-4eb1-85fc-74511c86b2e8",
	'toDate',
	"ba5eda7a-def5-0000-0000-000000000010",
	0,
	'',
	"00000000-0000-0000-0000-000000000000",
	'self.toDate = param.toDate;');
INSERT INTO ACT_OPB
	VALUES ("d84546b4-6a70-424c-979b-509541c799ca",
	"5db01331-c943-4eb1-85fc-74511c86b2e8");
INSERT INTO ACT_ACT
	VALUES ("d84546b4-6a70-424c-979b-509541c799ca",
	'operation',
	0,
	"5bf92038-6ec0-4a6b-859e-7b1b360f6f4f",
	"00000000-0000-0000-0000-000000000000",
	0,
	'Booking::setToDate',
	"00000000-0000-0000-0000-000000000000");
INSERT INTO ACT_BLK
	VALUES ("5bf92038-6ec0-4a6b-859e-7b1b360f6f4f",
	0,
	0,
	0,
	'',
	'',
	'',
	1,
	1,
	0,
	0,
	0,
	0,
	0,
	0,
	0,
	0,
	0,
	0,
	0,
	"d84546b4-6a70-424c-979b-509541c799ca",
	"00000000-0000-0000-0000-000000000000");
INSERT INTO ACT_SMT
	VALUES ("d9b71f18-2a7e-4835-ada3-9729e9ff59b5",
	"5bf92038-6ec0-4a6b-859e-7b1b360f6f4f",
	"00000000-0000-0000-0000-000000000000",
	1,
	1,
	'Booking::setToDate line: 1');
INSERT INTO ACT_AI
	VALUES ("d9b71f18-2a7e-4835-ada3-9729e9ff59b5",
	"a6cc335a-bc97-48b1-bd27-4c9ac8cd8674",
	"dc087bb5-460b-449a-88e4-d8c630a0451b",
	0,
	0);
INSERT INTO V_VAL
	VALUES ("682a2d42-4fff-44f1-a2c3-4a9598713aa0",
	1,
	0,
	1,
	1,
	4,
	0,
	0,
	0,
	0,
	"433f7688-7b95-4f9c-89f1-cf076d691ab7",
	"5bf92038-6ec0-4a6b-859e-7b1b360f6f4f");
INSERT INTO V_IRF
	VALUES ("682a2d42-4fff-44f1-a2c3-4a9598713aa0",
	"b43d6ae3-a60d-407c-8a6b-928665238adf");
INSERT INTO V_VAL
	VALUES ("dc087bb5-460b-449a-88e4-d8c630a0451b",
	1,
	0,
	1,
	6,
	11,
	0,
	0,
	0,
	0,
	"ba5eda7a-def5-0000-0000-000000000010",
	"5bf92038-6ec0-4a6b-859e-7b1b360f6f4f");
INSERT INTO V_AVL
	VALUES ("dc087bb5-460b-449a-88e4-d8c630a0451b",
	"682a2d42-4fff-44f1-a2c3-4a9598713aa0",
	"9a41fe9e-f547-4cde-b68d-f7db43c904dc",
	"e8beb6ea-4122-426a-9215-3d8a7d8b3cc6");
INSERT INTO V_VAL
	VALUES ("a6cc335a-bc97-48b1-bd27-4c9ac8cd8674",
	0,
	0,
	1,
	21,
	26,
	0,
	0,
	0,
	0,
	"ba5eda7a-def5-0000-0000-000000000010",
	"5bf92038-6ec0-4a6b-859e-7b1b360f6f4f");
INSERT INTO V_PVL
	VALUES ("a6cc335a-bc97-48b1-bd27-4c9ac8cd8674",
	"00000000-0000-0000-0000-000000000000",
	"00000000-0000-0000-0000-000000000000",
	"485a6f9f-11bf-4ba4-a6e4-f3d6b98d10b3",
	"00000000-0000-0000-0000-000000000000");
INSERT INTO V_VAR
	VALUES ("b43d6ae3-a60d-407c-8a6b-928665238adf",
	"5bf92038-6ec0-4a6b-859e-7b1b360f6f4f",
	'self',
	1,
	"433f7688-7b95-4f9c-89f1-cf076d691ab7");
INSERT INTO V_INT
	VALUES ("b43d6ae3-a60d-407c-8a6b-928665238adf",
	0,
	"9a41fe9e-f547-4cde-b68d-f7db43c904dc");
INSERT INTO V_LOC
	VALUES ("bfa5925c-c3f4-4b3d-9e9f-5ac70c5e40e5",
	1,
	1,
	4,
	"b43d6ae3-a60d-407c-8a6b-928665238adf");
INSERT INTO O_NBATTR
	VALUES ("de30d967-1c94-45a4-8e5f-b18dc80d1e04",
	"9a41fe9e-f547-4cde-b68d-f7db43c904dc");
INSERT INTO O_BATTR
	VALUES ("de30d967-1c94-45a4-8e5f-b18dc80d1e04",
	"9a41fe9e-f547-4cde-b68d-f7db43c904dc");
INSERT INTO O_ATTR
	VALUES ("de30d967-1c94-45a4-8e5f-b18dc80d1e04",
	"9a41fe9e-f547-4cde-b68d-f7db43c904dc",
	"00000000-0000-0000-0000-000000000000",
	'bookingNumber',
	'',
	'',
	'bookingNumber',
	0,
	"ba5eda7a-def5-0000-0000-000000000005",
	'',
	'');
INSERT INTO O_NBATTR
	VALUES ("1bbfeec7-96fb-4cc4-ae24-cc51dbf69bda",
	"9a41fe9e-f547-4cde-b68d-f7db43c904dc");
INSERT INTO O_BATTR
	VALUES ("1bbfeec7-96fb-4cc4-ae24-cc51dbf69bda",
	"9a41fe9e-f547-4cde-b68d-f7db43c904dc");
INSERT INTO O_ATTR
	VALUES ("1bbfeec7-96fb-4cc4-ae24-cc51dbf69bda",
	"9a41fe9e-f547-4cde-b68d-f7db43c904dc",
	"de30d967-1c94-45a4-8e5f-b18dc80d1e04",
	'fromDate',
	'',
	'',
	'fromDate',
	0,
	"ba5eda7a-def5-0000-0000-000000000010",
	'',
	'');
INSERT INTO O_NBATTR
	VALUES ("e8beb6ea-4122-426a-9215-3d8a7d8b3cc6",
	"9a41fe9e-f547-4cde-b68d-f7db43c904dc");
INSERT INTO O_BATTR
	VALUES ("e8beb6ea-4122-426a-9215-3d8a7d8b3cc6",
	"9a41fe9e-f547-4cde-b68d-f7db43c904dc");
INSERT INTO O_ATTR
	VALUES ("e8beb6ea-4122-426a-9215-3d8a7d8b3cc6",
	"9a41fe9e-f547-4cde-b68d-f7db43c904dc",
	"1bbfeec7-96fb-4cc4-ae24-cc51dbf69bda",
	'toDate',
	'',
	'',
	'toDate',
	0,
	"ba5eda7a-def5-0000-0000-000000000010",
	'',
	'');
INSERT INTO O_ID
	VALUES (2,
	"9a41fe9e-f547-4cde-b68d-f7db43c904dc");
INSERT INTO O_ID
	VALUES (1,
	"9a41fe9e-f547-4cde-b68d-f7db43c904dc");
INSERT INTO O_ID
	VALUES (0,
	"9a41fe9e-f547-4cde-b68d-f7db43c904dc");
INSERT INTO PE_PE
	VALUES ("7137c09d-ba0e-406b-b3b5-76bb3cc48f3d",
	1,
	"960454f9-cf5f-4331-88bf-8023709586b1",
	"00000000-0000-0000-0000-000000000000",
	4);
INSERT INTO O_OBJ
	VALUES ("7137c09d-ba0e-406b-b3b5-76bb3cc48f3d",
	'BookingSession',
	12,
	'BOOKINGSESSION',
	'',
	"00000000-0000-0000-0000-000000000000");
INSERT INTO O_TFR
	VALUES ("05de7466-0a07-4b67-9ee8-5f366e9f9749",
	"7137c09d-ba0e-406b-b3b5-76bb3cc48f3d",
	'addGuest',
	'',
	"433f7688-7b95-4f9c-89f1-cf076d691ab7",
	1,
	'',
	1,
	'',
	"973159ef-6d38-4a97-8d59-b677decdc9ad");
INSERT INTO O_TPARM
	VALUES ("2cd610e7-ad50-42c5-af6e-e3015f63da6c",
	"05de7466-0a07-4b67-9ee8-5f366e9f9749",
	'age',
	"ba5eda7a-def5-0000-0000-000000000002",
	0,
	'',
	"3d28979b-45fd-4184-b69b-97f728fee1b3",
	'');
INSERT INTO O_TPARM
	VALUES ("3d28979b-45fd-4184-b69b-97f728fee1b3",
	"05de7466-0a07-4b67-9ee8-5f366e9f9749",
	'name',
	"ba5eda7a-def5-0000-0000-000000000004",
	0,
	'',
	"b5a1913d-01c4-4e00-8ec7-60743582e763",
	'');
INSERT INTO O_TPARM
	VALUES ("b5a1913d-01c4-4e00-8ec7-60743582e763",
	"05de7466-0a07-4b67-9ee8-5f366e9f9749",
	'facility',
	"bd43dc09-3be2-4ae8-806d-bedb08b1e03c",
	0,
	'',
	"00000000-0000-0000-0000-000000000000",
	'');
INSERT INTO ACT_OPB
	VALUES ("e3751195-42f3-4b29-b8f4-a5cf2d73371d",
	"05de7466-0a07-4b67-9ee8-5f366e9f9749");
INSERT INTO ACT_ACT
	VALUES ("e3751195-42f3-4b29-b8f4-a5cf2d73371d",
	'operation',
	0,
	"01bf87bf-608a-4c8c-bba9-1c334b5768ec",
	"00000000-0000-0000-0000-000000000000",
	0,
	'BookingSession::addGuest',
	"00000000-0000-0000-0000-000000000000");
INSERT INTO ACT_BLK
	VALUES ("01bf87bf-608a-4c8c-bba9-1c334b5768ec",
	0,
	0,
	0,
	'',
	'',
	'',
	0,
	0,
	0,
	0,
	0,
	0,
	0,
	0,
	0,
	0,
	0,
	0,
	0,
	"e3751195-42f3-4b29-b8f4-a5cf2d73371d",
	"00000000-0000-0000-0000-000000000000");
INSERT INTO O_TFR
	VALUES ("973159ef-6d38-4a97-8d59-b677decdc9ad",
	"7137c09d-ba0e-406b-b3b5-76bb3cc48f3d",
	'createGuest',
	'',
	"ba5eda7a-def5-0000-0000-000000000001",
	1,
	'',
	1,
	'',
	"f499439d-d4fe-4c3b-a8d0-33d0d0ec3b9f");
INSERT INTO O_TPARM
	VALUES ("9a299bce-b8e7-4078-908e-bd495c0df698",
	"973159ef-6d38-4a97-8d59-b677decdc9ad",
	'age',
	"ba5eda7a-def5-0000-0000-000000000002",
	0,
	'',
	"66d4ce13-6a90-48f7-b3dd-37922f12da6b",
	'');
INSERT INTO O_TPARM
	VALUES ("66d4ce13-6a90-48f7-b3dd-37922f12da6b",
	"973159ef-6d38-4a97-8d59-b677decdc9ad",
	'name',
	"ba5eda7a-def5-0000-0000-000000000004",
	0,
	'',
	"00000000-0000-0000-0000-000000000000",
	'');
INSERT INTO ACT_OPB
	VALUES ("92834dac-622e-489f-80bf-952a3ecaf50f",
	"973159ef-6d38-4a97-8d59-b677decdc9ad");
INSERT INTO ACT_ACT
	VALUES ("92834dac-622e-489f-80bf-952a3ecaf50f",
	'operation',
	0,
	"3819f36a-26af-4c0e-9aac-5343aa2aae63",
	"00000000-0000-0000-0000-000000000000",
	0,
	'BookingSession::createGuest',
	"00000000-0000-0000-0000-000000000000");
INSERT INTO ACT_BLK
	VALUES ("3819f36a-26af-4c0e-9aac-5343aa2aae63",
	0,
	0,
	0,
	'',
	'',
	'',
	0,
	0,
	0,
	0,
	0,
	0,
	0,
	0,
	0,
	0,
	0,
	0,
	0,
	"92834dac-622e-489f-80bf-952a3ecaf50f",
	"00000000-0000-0000-0000-000000000000");
INSERT INTO O_TFR
	VALUES ("f499439d-d4fe-4c3b-a8d0-33d0d0ec3b9f",
	"7137c09d-ba0e-406b-b3b5-76bb3cc48f3d",
	'selectBookable',
	'',
	"df204ffe-8ba5-4335-839a-3b03a55091e7",
	1,
	'',
	1,
	'',
	"3c890d0f-ccdd-4ce5-a703-cbbc87bec2c9");
INSERT INTO O_TPARM
	VALUES ("dc38b8c8-4b8d-48df-9100-2164413d853e",
	"f499439d-d4fe-4c3b-a8d0-33d0d0ec3b9f",
	'facilityType',
	"99dc6d1a-909c-4bcb-a5b6-04d65b974e90",
	0,
	'',
	"00000000-0000-0000-0000-000000000000",
	'');
INSERT INTO ACT_OPB
	VALUES ("ad906995-e98a-47d2-a714-6def18837f80",
	"f499439d-d4fe-4c3b-a8d0-33d0d0ec3b9f");
INSERT INTO ACT_ACT
	VALUES ("ad906995-e98a-47d2-a714-6def18837f80",
	'operation',
	0,
	"da9b8896-b912-4737-abc4-2ad301de94e1",
	"00000000-0000-0000-0000-000000000000",
	0,
	'BookingSession::selectBookable',
	"00000000-0000-0000-0000-000000000000");
INSERT INTO ACT_BLK
	VALUES ("da9b8896-b912-4737-abc4-2ad301de94e1",
	0,
	0,
	0,
	'',
	'',
	'',
	0,
	0,
	0,
	0,
	0,
	0,
	0,
	0,
	0,
	0,
	0,
	0,
	0,
	"ad906995-e98a-47d2-a714-6def18837f80",
	"00000000-0000-0000-0000-000000000000");
INSERT INTO O_TFR
	VALUES ("3c890d0f-ccdd-4ce5-a703-cbbc87bec2c9",
	"7137c09d-ba0e-406b-b3b5-76bb3cc48f3d",
	'addService',
	'',
	"ba5eda7a-def5-0000-0000-000000000001",
	1,
	'',
	1,
	'',
	"4da49d83-26d3-43ca-8187-3975b38144e9");
INSERT INTO O_TPARM
	VALUES ("f076e994-905e-4365-996b-af1be541514e",
	"3c890d0f-ccdd-4ce5-a703-cbbc87bec2c9",
	'bookable',
	"bdce89ef-72f6-4386-ba13-b2d926836c80",
	0,
	'',
	"00000000-0000-0000-0000-000000000000",
	'');
INSERT INTO ACT_OPB
	VALUES ("da23b0a5-c8f8-40be-8707-604d66ab7a18",
	"3c890d0f-ccdd-4ce5-a703-cbbc87bec2c9");
INSERT INTO ACT_ACT
	VALUES ("da23b0a5-c8f8-40be-8707-604d66ab7a18",
	'operation',
	0,
	"b28d9b01-4bda-4b86-941a-57daca5b9f35",
	"00000000-0000-0000-0000-000000000000",
	0,
	'BookingSession::addService',
	"00000000-0000-0000-0000-000000000000");
INSERT INTO ACT_BLK
	VALUES ("b28d9b01-4bda-4b86-941a-57daca5b9f35",
	0,
	0,
	0,
	'',
	'',
	'',
	0,
	0,
	0,
	0,
	0,
	0,
	0,
	0,
	0,
	0,
	0,
	0,
	0,
	"da23b0a5-c8f8-40be-8707-604d66ab7a18",
	"00000000-0000-0000-0000-000000000000");
INSERT INTO O_TFR
	VALUES ("4da49d83-26d3-43ca-8187-3975b38144e9",
	"7137c09d-ba0e-406b-b3b5-76bb3cc48f3d",
	'createCustomer',
	'',
	"ba5eda7a-def5-0000-0000-000000000001",
	1,
	'',
	1,
	'',
	"00000000-0000-0000-0000-000000000000");
INSERT INTO O_TPARM
	VALUES ("85874f5e-8dce-4622-8f9e-a7d2cbf42842",
	"4da49d83-26d3-43ca-8187-3975b38144e9",
	'name',
	"ba5eda7a-def5-0000-0000-000000000004",
	0,
	'',
	"00000000-0000-0000-0000-000000000000",
	'');
INSERT INTO ACT_OPB
	VALUES ("f1210751-ccbe-4688-8ac8-9a129f945df8",
	"4da49d83-26d3-43ca-8187-3975b38144e9");
INSERT INTO ACT_ACT
	VALUES ("f1210751-ccbe-4688-8ac8-9a129f945df8",
	'operation',
	0,
	"b35b1bbf-d107-4112-9bc2-b7f0c5f392ed",
	"00000000-0000-0000-0000-000000000000",
	0,
	'BookingSession::createCustomer',
	"00000000-0000-0000-0000-000000000000");
INSERT INTO ACT_BLK
	VALUES ("b35b1bbf-d107-4112-9bc2-b7f0c5f392ed",
	0,
	0,
	0,
	'',
	'',
	'',
	0,
	0,
	0,
	0,
	0,
	0,
	0,
	0,
	0,
	0,
	0,
	0,
	0,
	"f1210751-ccbe-4688-8ac8-9a129f945df8",
	"00000000-0000-0000-0000-000000000000");
INSERT INTO O_TFR
	VALUES ("faff47c6-f77e-472d-b239-9cfba6db36c7",
	"7137c09d-ba0e-406b-b3b5-76bb3cc48f3d",
	'destroySession',
	'',
	"ba5eda7a-def5-0000-0000-000000000000",
	1,
	'
select one booking related by self->BOOKING[R26];
unrelate booking from self across R26;

select one customer related by self->CUSTOMER[R27];
unrelate customer from self across R27;

select one hotel related by self->HOTEL[R17];
unrelate hotel from self across R17;

delete object instance self;',
	1,
	'',
	"05de7466-0a07-4b67-9ee8-5f366e9f9749");
INSERT INTO ACT_OPB
	VALUES ("d52f9e4d-4558-4c7a-ab39-97ac7ffef80b",
	"faff47c6-f77e-472d-b239-9cfba6db36c7");
INSERT INTO ACT_ACT
	VALUES ("d52f9e4d-4558-4c7a-ab39-97ac7ffef80b",
	'operation',
	0,
	"70d38d41-b33b-42af-abcd-c6e656fc51b3",
	"00000000-0000-0000-0000-000000000000",
	0,
	'BookingSession::destroySession',
	"00000000-0000-0000-0000-000000000000");
INSERT INTO ACT_BLK
	VALUES ("70d38d41-b33b-42af-abcd-c6e656fc51b3",
	1,
	0,
	0,
	'',
	'',
	'',
	11,
	1,
	8,
	35,
	0,
	0,
	9,
	33,
	0,
	0,
	0,
	0,
	0,
	"d52f9e4d-4558-4c7a-ab39-97ac7ffef80b",
	"00000000-0000-0000-0000-000000000000");
INSERT INTO ACT_SMT
	VALUES ("8608fb0d-e323-4f11-a983-a103af55f003",
	"70d38d41-b33b-42af-abcd-c6e656fc51b3",
	"a91e0cf9-4ebb-46d9-82e4-5344287a36ca",
	2,
	1,
	'BookingSession::destroySession line: 2');
INSERT INTO ACT_SEL
	VALUES ("8608fb0d-e323-4f11-a983-a103af55f003",
	"6a3cc4f2-f4d5-458d-adf9-04e310ab6803",
	1,
	'one',
	"58627ebc-cab0-4776-8a06-6711e47ca914");
INSERT INTO ACT_SR
	VALUES ("8608fb0d-e323-4f11-a983-a103af55f003");
INSERT INTO ACT_LNK
	VALUES ("ae5561fa-6527-4794-b430-e64cc56f867a",
	'',
	"8608fb0d-e323-4f11-a983-a103af55f003",
	"a30fd0d6-3586-438e-8d6d-b3d3b14c0f03",
	"00000000-0000-0000-0000-000000000000",
	2,
	"9a41fe9e-f547-4cde-b68d-f7db43c904dc",
	2,
	37,
	2,
	45,
	0,
	0);
INSERT INTO ACT_SMT
	VALUES ("a91e0cf9-4ebb-46d9-82e4-5344287a36ca",
	"70d38d41-b33b-42af-abcd-c6e656fc51b3",
	"595577ab-d9ba-482d-baf7-4124f76c8e67",
	3,
	1,
	'BookingSession::destroySession line: 3');
INSERT INTO ACT_UNR
	VALUES ("a91e0cf9-4ebb-46d9-82e4-5344287a36ca",
	"6a3cc4f2-f4d5-458d-adf9-04e310ab6803",
	"92119c99-be94-4fa8-a4fc-bf2228eee91d",
	'',
	"a30fd0d6-3586-438e-8d6d-b3d3b14c0f03",
	3,
	35,
	0,
	0);
INSERT INTO ACT_SMT
	VALUES ("595577ab-d9ba-482d-baf7-4124f76c8e67",
	"70d38d41-b33b-42af-abcd-c6e656fc51b3",
	"1aed85f6-c90d-44bf-b7e9-bb8337162b03",
	5,
	1,
	'BookingSession::destroySession line: 5');
INSERT INTO ACT_SEL
	VALUES ("595577ab-d9ba-482d-baf7-4124f76c8e67",
	"c52c4a36-fec6-459f-8583-478d392b0d6c",
	1,
	'one',
	"c8218758-6183-4bdd-b8ac-fb2018d2cfe7");
INSERT INTO ACT_SR
	VALUES ("595577ab-d9ba-482d-baf7-4124f76c8e67");
INSERT INTO ACT_LNK
	VALUES ("41d10024-a0de-481d-a96c-4af90c3382d7",
	'',
	"595577ab-d9ba-482d-baf7-4124f76c8e67",
	"e8826e92-bfc8-4325-979a-2122f04032b6",
	"00000000-0000-0000-0000-000000000000",
	2,
	"bd271967-a0a4-4bd7-9783-303111ffdc9b",
	5,
	38,
	5,
	47,
	0,
	0);
INSERT INTO ACT_SMT
	VALUES ("1aed85f6-c90d-44bf-b7e9-bb8337162b03",
	"70d38d41-b33b-42af-abcd-c6e656fc51b3",
	"4885147c-4da8-45f0-b7b2-8068c81ada11",
	6,
	1,
	'BookingSession::destroySession line: 6');
INSERT INTO ACT_UNR
	VALUES ("1aed85f6-c90d-44bf-b7e9-bb8337162b03",
	"c52c4a36-fec6-459f-8583-478d392b0d6c",
	"92119c99-be94-4fa8-a4fc-bf2228eee91d",
	'',
	"e8826e92-bfc8-4325-979a-2122f04032b6",
	6,
	36,
	0,
	0);
INSERT INTO ACT_SMT
	VALUES ("4885147c-4da8-45f0-b7b2-8068c81ada11",
	"70d38d41-b33b-42af-abcd-c6e656fc51b3",
	"96dc0b33-eb6a-4750-a898-2a102174afa4",
	8,
	1,
	'BookingSession::destroySession line: 8');
INSERT INTO ACT_SEL
	VALUES ("4885147c-4da8-45f0-b7b2-8068c81ada11",
	"0a3e7757-bc16-453e-b4d3-44322ef15b8a",
	1,
	'one',
	"95a0877f-0222-4e87-87b0-8a57e8896f3c");
INSERT INTO ACT_SR
	VALUES ("4885147c-4da8-45f0-b7b2-8068c81ada11");
INSERT INTO ACT_LNK
	VALUES ("009831ef-1a2e-48ec-bedf-1fcb1c0245d2",
	'',
	"4885147c-4da8-45f0-b7b2-8068c81ada11",
	"17f1dd67-3fd4-46db-8752-891089e87a24",
	"00000000-0000-0000-0000-000000000000",
	2,
	"daf3cea3-b187-4d6a-9517-f12785ae9b3a",
	8,
	35,
	8,
	41,
	0,
	0);
INSERT INTO ACT_SMT
	VALUES ("96dc0b33-eb6a-4750-a898-2a102174afa4",
	"70d38d41-b33b-42af-abcd-c6e656fc51b3",
	"d924fdf7-3b93-4466-845b-63ae8f59e61f",
	9,
	1,
	'BookingSession::destroySession line: 9');
INSERT INTO ACT_UNR
	VALUES ("96dc0b33-eb6a-4750-a898-2a102174afa4",
	"0a3e7757-bc16-453e-b4d3-44322ef15b8a",
	"92119c99-be94-4fa8-a4fc-bf2228eee91d",
	'',
	"17f1dd67-3fd4-46db-8752-891089e87a24",
	9,
	33,
	0,
	0);
INSERT INTO ACT_SMT
	VALUES ("d924fdf7-3b93-4466-845b-63ae8f59e61f",
	"70d38d41-b33b-42af-abcd-c6e656fc51b3",
	"00000000-0000-0000-0000-000000000000",
	11,
	1,
	'BookingSession::destroySession line: 11');
INSERT INTO ACT_DEL
	VALUES ("d924fdf7-3b93-4466-845b-63ae8f59e61f",
	"92119c99-be94-4fa8-a4fc-bf2228eee91d");
INSERT INTO V_VAL
	VALUES ("58627ebc-cab0-4776-8a06-6711e47ca914",
	0,
	0,
	2,
	31,
	34,
	0,
	0,
	0,
	0,
	"ba5eda7a-def5-0000-0000-000000000008",
	"70d38d41-b33b-42af-abcd-c6e656fc51b3");
INSERT INTO V_IRF
	VALUES ("58627ebc-cab0-4776-8a06-6711e47ca914",
	"92119c99-be94-4fa8-a4fc-bf2228eee91d");
INSERT INTO V_VAL
	VALUES ("c8218758-6183-4bdd-b8ac-fb2018d2cfe7",
	0,
	0,
	5,
	32,
	35,
	0,
	0,
	0,
	0,
	"ba5eda7a-def5-0000-0000-000000000008",
	"70d38d41-b33b-42af-abcd-c6e656fc51b3");
INSERT INTO V_IRF
	VALUES ("c8218758-6183-4bdd-b8ac-fb2018d2cfe7",
	"92119c99-be94-4fa8-a4fc-bf2228eee91d");
INSERT INTO V_VAL
	VALUES ("95a0877f-0222-4e87-87b0-8a57e8896f3c",
	0,
	0,
	8,
	29,
	32,
	0,
	0,
	0,
	0,
	"ba5eda7a-def5-0000-0000-000000000008",
	"70d38d41-b33b-42af-abcd-c6e656fc51b3");
INSERT INTO V_IRF
	VALUES ("95a0877f-0222-4e87-87b0-8a57e8896f3c",
	"92119c99-be94-4fa8-a4fc-bf2228eee91d");
INSERT INTO V_VAR
	VALUES ("6a3cc4f2-f4d5-458d-adf9-04e310ab6803",
	"70d38d41-b33b-42af-abcd-c6e656fc51b3",
	'booking',
	1,
	"433f7688-7b95-4f9c-89f1-cf076d691ab7");
INSERT INTO V_INT
	VALUES ("6a3cc4f2-f4d5-458d-adf9-04e310ab6803",
	0,
	"9a41fe9e-f547-4cde-b68d-f7db43c904dc");
INSERT INTO V_LOC
	VALUES ("6e8e6c4a-8809-47dd-9b13-d659427196cc",
	2,
	12,
	18,
	"6a3cc4f2-f4d5-458d-adf9-04e310ab6803");
INSERT INTO V_LOC
	VALUES ("82828e90-9e81-48ed-aabd-9c54a9aef17c",
	3,
	10,
	16,
	"6a3cc4f2-f4d5-458d-adf9-04e310ab6803");
INSERT INTO V_VAR
	VALUES ("92119c99-be94-4fa8-a4fc-bf2228eee91d",
	"70d38d41-b33b-42af-abcd-c6e656fc51b3",
	'self',
	1,
	"ba5eda7a-def5-0000-0000-000000000008");
INSERT INTO V_INT
	VALUES ("92119c99-be94-4fa8-a4fc-bf2228eee91d",
	0,
	"7137c09d-ba0e-406b-b3b5-76bb3cc48f3d");
INSERT INTO V_LOC
	VALUES ("f64b857f-3a9c-499a-904c-8ac96736d73e",
	3,
	23,
	26,
	"92119c99-be94-4fa8-a4fc-bf2228eee91d");
INSERT INTO V_LOC
	VALUES ("a97429f3-d0f1-4fb5-b8e0-82fe37482ba1",
	6,
	24,
	27,
	"92119c99-be94-4fa8-a4fc-bf2228eee91d");
INSERT INTO V_LOC
	VALUES ("7cd0405f-d42a-41bd-a290-4b4a83d3fd8d",
	9,
	21,
	24,
	"92119c99-be94-4fa8-a4fc-bf2228eee91d");
INSERT INTO V_LOC
	VALUES ("3810a7ea-bbc3-4fb7-808e-20913bc27c19",
	11,
	24,
	27,
	"92119c99-be94-4fa8-a4fc-bf2228eee91d");
INSERT INTO V_VAR
	VALUES ("c52c4a36-fec6-459f-8583-478d392b0d6c",
	"70d38d41-b33b-42af-abcd-c6e656fc51b3",
	'customer',
	1,
	"ba5eda7a-def5-0000-0000-000000000008");
INSERT INTO V_INT
	VALUES ("c52c4a36-fec6-459f-8583-478d392b0d6c",
	0,
	"bd271967-a0a4-4bd7-9783-303111ffdc9b");
INSERT INTO V_LOC
	VALUES ("383aea3c-5080-4392-8d2c-d8686d2192c0",
	5,
	12,
	19,
	"c52c4a36-fec6-459f-8583-478d392b0d6c");
INSERT INTO V_LOC
	VALUES ("a5eec42c-92d3-4a51-94a6-c3f7c4f2e9b4",
	6,
	10,
	17,
	"c52c4a36-fec6-459f-8583-478d392b0d6c");
INSERT INTO V_VAR
	VALUES ("0a3e7757-bc16-453e-b4d3-44322ef15b8a",
	"70d38d41-b33b-42af-abcd-c6e656fc51b3",
	'hotel',
	1,
	"ba5eda7a-def5-0000-0000-000000000008");
INSERT INTO V_INT
	VALUES ("0a3e7757-bc16-453e-b4d3-44322ef15b8a",
	0,
	"daf3cea3-b187-4d6a-9517-f12785ae9b3a");
INSERT INTO V_LOC
	VALUES ("7d7eac59-405f-466d-bda3-05828e8eeaea",
	8,
	12,
	16,
	"0a3e7757-bc16-453e-b4d3-44322ef15b8a");
INSERT INTO V_LOC
	VALUES ("e299bbf7-1b01-4b24-aa60-560edbb1420a",
	9,
	10,
	14,
	"0a3e7757-bc16-453e-b4d3-44322ef15b8a");
INSERT INTO O_TFR
	VALUES ("8a869324-4507-4c19-8d93-a0cb8bac1c84",
	"7137c09d-ba0e-406b-b3b5-76bb3cc48f3d",
	'undoBookingSession',
	'',
	"ba5eda7a-def5-0000-0000-000000000000",
	1,
	'
select one booking related by self->BOOKING[R26];

select many bookables related by booking->BOOKABLE[R12];

for each b in bookables
	unrelate b from booking across R12;
end for;

select many facilities related by booking->FACILITY[R14];

for each f in facilities
	unrelate f from booking across R14;
end for;

select many guests related by booking->GUEST[R15];

for each g in guests
	unrelate g from booking across R15;
	g.destroyGuest();
end for;

select one customer related by self->CUSTOMER[R27];
unrelate customer from self across R27;

self.destroySession();',
	1,
	'',
	"faff47c6-f77e-472d-b239-9cfba6db36c7");
INSERT INTO ACT_OPB
	VALUES ("91b31a81-d1b8-43e3-a612-f8ffa60d2136",
	"8a869324-4507-4c19-8d93-a0cb8bac1c84");
INSERT INTO ACT_ACT
	VALUES ("91b31a81-d1b8-43e3-a612-f8ffa60d2136",
	'operation',
	0,
	"e8d9684a-0b43-4c02-861a-5e39421e449f",
	"00000000-0000-0000-0000-000000000000",
	0,
	'BookingSession::undoBookingSession',
	"00000000-0000-0000-0000-000000000000");
INSERT INTO ACT_BLK
	VALUES ("e8d9684a-0b43-4c02-861a-5e39421e449f",
	1,
	0,
	0,
	'',
	'',
	'',
	26,
	1,
	23,
	38,
	0,
	0,
	24,
	36,
	0,
	0,
	0,
	0,
	0,
	"91b31a81-d1b8-43e3-a612-f8ffa60d2136",
	"00000000-0000-0000-0000-000000000000");
INSERT INTO ACT_SMT
	VALUES ("a85ca0f2-4dd1-4e0e-8b72-a006bc0c34a1",
	"e8d9684a-0b43-4c02-861a-5e39421e449f",
	"6fca83c8-ec19-4680-b2a5-ddc5493aa478",
	2,
	1,
	'BookingSession::undoBookingSession line: 2');
INSERT INTO ACT_SEL
	VALUES ("a85ca0f2-4dd1-4e0e-8b72-a006bc0c34a1",
	"f752edda-d482-4b76-b34e-3eec6afc3416",
	1,
	'one',
	"aa26b000-ffeb-4bfb-9f68-33e399cdcbd1");
INSERT INTO ACT_SR
	VALUES ("a85ca0f2-4dd1-4e0e-8b72-a006bc0c34a1");
INSERT INTO ACT_LNK
	VALUES ("26e99454-e281-448b-9e71-85c71cf55fbe",
	'',
	"a85ca0f2-4dd1-4e0e-8b72-a006bc0c34a1",
	"a30fd0d6-3586-438e-8d6d-b3d3b14c0f03",
	"00000000-0000-0000-0000-000000000000",
	2,
	"9a41fe9e-f547-4cde-b68d-f7db43c904dc",
	2,
	37,
	2,
	45,
	0,
	0);
INSERT INTO ACT_SMT
	VALUES ("6fca83c8-ec19-4680-b2a5-ddc5493aa478",
	"e8d9684a-0b43-4c02-861a-5e39421e449f",
	"8dffee74-c25a-4a0f-867e-3fbd12c404fd",
	4,
	1,
	'BookingSession::undoBookingSession line: 4');
INSERT INTO ACT_SEL
	VALUES ("6fca83c8-ec19-4680-b2a5-ddc5493aa478",
	"867377ce-cc48-4dc0-914d-673a4e482205",
	1,
	'many',
	"cbe9aae2-116a-42b9-acb8-edb538d90015");
INSERT INTO ACT_SR
	VALUES ("6fca83c8-ec19-4680-b2a5-ddc5493aa478");
INSERT INTO ACT_LNK
	VALUES ("546de4f4-ea68-4df2-a415-3ffd5780702b",
	'',
	"6fca83c8-ec19-4680-b2a5-ddc5493aa478",
	"7d508746-e918-4ced-820e-e5203f63e646",
	"00000000-0000-0000-0000-000000000000",
	3,
	"803702ba-1594-4405-b96a-8c76b6ef1c69",
	4,
	43,
	4,
	52,
	0,
	0);
INSERT INTO ACT_SMT
	VALUES ("8dffee74-c25a-4a0f-867e-3fbd12c404fd",
	"e8d9684a-0b43-4c02-861a-5e39421e449f",
	"f06beb4e-3828-4401-98fb-c91d9480e3da",
	6,
	1,
	'BookingSession::undoBookingSession line: 6');
INSERT INTO ACT_FOR
	VALUES ("8dffee74-c25a-4a0f-867e-3fbd12c404fd",
	"a741d6a9-7e9d-4464-a573-55b28ad916c9",
	1,
	"1b12fa00-b917-4203-a567-454fc88fb37c",
	"867377ce-cc48-4dc0-914d-673a4e482205",
	"803702ba-1594-4405-b96a-8c76b6ef1c69");
INSERT INTO ACT_SMT
	VALUES ("f06beb4e-3828-4401-98fb-c91d9480e3da",
	"e8d9684a-0b43-4c02-861a-5e39421e449f",
	"c4f73623-e460-469f-99e1-4cdf7667206e",
	10,
	1,
	'BookingSession::undoBookingSession line: 10');
INSERT INTO ACT_SEL
	VALUES ("f06beb4e-3828-4401-98fb-c91d9480e3da",
	"08e54e03-f172-4fdf-8a39-a8da44e02cc9",
	1,
	'many',
	"ca9926fd-609c-40db-858f-452ef8edbd7f");
INSERT INTO ACT_SR
	VALUES ("f06beb4e-3828-4401-98fb-c91d9480e3da");
INSERT INTO ACT_LNK
	VALUES ("2f5b33dd-64f2-4f62-be7f-fa119fbad933",
	'',
	"f06beb4e-3828-4401-98fb-c91d9480e3da",
	"67bafe36-3499-4032-89f0-72889662bcf2",
	"00000000-0000-0000-0000-000000000000",
	3,
	"4b839513-bd70-4d73-85ed-c06b10ee091a",
	10,
	44,
	10,
	53,
	0,
	0);
INSERT INTO ACT_SMT
	VALUES ("c4f73623-e460-469f-99e1-4cdf7667206e",
	"e8d9684a-0b43-4c02-861a-5e39421e449f",
	"e34e6ce4-e60d-4191-9e98-7a8aa0b85009",
	12,
	1,
	'BookingSession::undoBookingSession line: 12');
INSERT INTO ACT_FOR
	VALUES ("c4f73623-e460-469f-99e1-4cdf7667206e",
	"10b111a3-5394-4741-99ec-b54f6be4f2bb",
	1,
	"4c633527-1ccd-4557-a7e6-f4234529c775",
	"08e54e03-f172-4fdf-8a39-a8da44e02cc9",
	"4b839513-bd70-4d73-85ed-c06b10ee091a");
INSERT INTO ACT_SMT
	VALUES ("e34e6ce4-e60d-4191-9e98-7a8aa0b85009",
	"e8d9684a-0b43-4c02-861a-5e39421e449f",
	"d17adf3d-6981-4095-ade4-c933ee6e390b",
	16,
	1,
	'BookingSession::undoBookingSession line: 16');
INSERT INTO ACT_SEL
	VALUES ("e34e6ce4-e60d-4191-9e98-7a8aa0b85009",
	"5f1841b4-7c46-44bd-851b-404b6014a958",
	1,
	'many',
	"246f021e-f49e-4491-a7f4-863f4080338e");
INSERT INTO ACT_SR
	VALUES ("e34e6ce4-e60d-4191-9e98-7a8aa0b85009");
INSERT INTO ACT_LNK
	VALUES ("0b9b7bcb-79ed-44de-9f82-30831afa8af0",
	'',
	"e34e6ce4-e60d-4191-9e98-7a8aa0b85009",
	"04439075-ebac-4bb8-8ccd-793e4071228c",
	"00000000-0000-0000-0000-000000000000",
	3,
	"9309978f-bd81-4f9f-96e9-b124c945fbf1",
	16,
	40,
	16,
	46,
	0,
	0);
INSERT INTO ACT_SMT
	VALUES ("d17adf3d-6981-4095-ade4-c933ee6e390b",
	"e8d9684a-0b43-4c02-861a-5e39421e449f",
	"6ceb8435-9de7-43a2-bc3d-3ad59e4dff2d",
	18,
	1,
	'BookingSession::undoBookingSession line: 18');
INSERT INTO ACT_FOR
	VALUES ("d17adf3d-6981-4095-ade4-c933ee6e390b",
	"9a4a4201-b7de-4db0-af15-f5022bbdae7b",
	1,
	"b5e85a32-7374-4924-83a8-e854628a5387",
	"5f1841b4-7c46-44bd-851b-404b6014a958",
	"9309978f-bd81-4f9f-96e9-b124c945fbf1");
INSERT INTO ACT_SMT
	VALUES ("6ceb8435-9de7-43a2-bc3d-3ad59e4dff2d",
	"e8d9684a-0b43-4c02-861a-5e39421e449f",
	"3c661d24-cf03-422e-bdbf-5f0d3f673c4e",
	23,
	1,
	'BookingSession::undoBookingSession line: 23');
INSERT INTO ACT_SEL
	VALUES ("6ceb8435-9de7-43a2-bc3d-3ad59e4dff2d",
	"8893f04e-4c83-4761-88f7-4a387ffc0b91",
	1,
	'one',
	"4ad7c8f2-b414-482c-8c9f-d403b00ee327");
INSERT INTO ACT_SR
	VALUES ("6ceb8435-9de7-43a2-bc3d-3ad59e4dff2d");
INSERT INTO ACT_LNK
	VALUES ("5bc6a830-4199-43e8-83fe-a14688f688ae",
	'',
	"6ceb8435-9de7-43a2-bc3d-3ad59e4dff2d",
	"e8826e92-bfc8-4325-979a-2122f04032b6",
	"00000000-0000-0000-0000-000000000000",
	2,
	"bd271967-a0a4-4bd7-9783-303111ffdc9b",
	23,
	38,
	23,
	47,
	0,
	0);
INSERT INTO ACT_SMT
	VALUES ("3c661d24-cf03-422e-bdbf-5f0d3f673c4e",
	"e8d9684a-0b43-4c02-861a-5e39421e449f",
	"a2767bbf-24e2-471d-a6c0-d27972bd783e",
	24,
	1,
	'BookingSession::undoBookingSession line: 24');
INSERT INTO ACT_UNR
	VALUES ("3c661d24-cf03-422e-bdbf-5f0d3f673c4e",
	"8893f04e-4c83-4761-88f7-4a387ffc0b91",
	"04b54a54-8931-4613-a4d3-cb570328e676",
	'',
	"e8826e92-bfc8-4325-979a-2122f04032b6",
	24,
	36,
	0,
	0);
INSERT INTO ACT_SMT
	VALUES ("a2767bbf-24e2-471d-a6c0-d27972bd783e",
	"e8d9684a-0b43-4c02-861a-5e39421e449f",
	"00000000-0000-0000-0000-000000000000",
	26,
	1,
	'BookingSession::undoBookingSession line: 26');
INSERT INTO ACT_TFM
	VALUES ("a2767bbf-24e2-471d-a6c0-d27972bd783e",
	"faff47c6-f77e-472d-b239-9cfba6db36c7",
	"04b54a54-8931-4613-a4d3-cb570328e676",
	26,
	6,
	0,
	0);
INSERT INTO V_VAL
	VALUES ("aa26b000-ffeb-4bfb-9f68-33e399cdcbd1",
	0,
	0,
	2,
	31,
	34,
	0,
	0,
	0,
	0,
	"ba5eda7a-def5-0000-0000-000000000008",
	"e8d9684a-0b43-4c02-861a-5e39421e449f");
INSERT INTO V_IRF
	VALUES ("aa26b000-ffeb-4bfb-9f68-33e399cdcbd1",
	"04b54a54-8931-4613-a4d3-cb570328e676");
INSERT INTO V_VAL
	VALUES ("cbe9aae2-116a-42b9-acb8-edb538d90015",
	0,
	0,
	4,
	34,
	40,
	0,
	0,
	0,
	0,
	"433f7688-7b95-4f9c-89f1-cf076d691ab7",
	"e8d9684a-0b43-4c02-861a-5e39421e449f");
INSERT INTO V_IRF
	VALUES ("cbe9aae2-116a-42b9-acb8-edb538d90015",
	"f752edda-d482-4b76-b34e-3eec6afc3416");
INSERT INTO V_VAL
	VALUES ("ca9926fd-609c-40db-858f-452ef8edbd7f",
	0,
	0,
	10,
	35,
	41,
	0,
	0,
	0,
	0,
	"433f7688-7b95-4f9c-89f1-cf076d691ab7",
	"e8d9684a-0b43-4c02-861a-5e39421e449f");
INSERT INTO V_IRF
	VALUES ("ca9926fd-609c-40db-858f-452ef8edbd7f",
	"f752edda-d482-4b76-b34e-3eec6afc3416");
INSERT INTO V_VAL
	VALUES ("246f021e-f49e-4491-a7f4-863f4080338e",
	0,
	0,
	16,
	31,
	37,
	0,
	0,
	0,
	0,
	"433f7688-7b95-4f9c-89f1-cf076d691ab7",
	"e8d9684a-0b43-4c02-861a-5e39421e449f");
INSERT INTO V_IRF
	VALUES ("246f021e-f49e-4491-a7f4-863f4080338e",
	"f752edda-d482-4b76-b34e-3eec6afc3416");
INSERT INTO V_VAL
	VALUES ("4ad7c8f2-b414-482c-8c9f-d403b00ee327",
	0,
	0,
	23,
	32,
	35,
	0,
	0,
	0,
	0,
	"ba5eda7a-def5-0000-0000-000000000008",
	"e8d9684a-0b43-4c02-861a-5e39421e449f");
INSERT INTO V_IRF
	VALUES ("4ad7c8f2-b414-482c-8c9f-d403b00ee327",
	"04b54a54-8931-4613-a4d3-cb570328e676");
INSERT INTO V_VAR
	VALUES ("f752edda-d482-4b76-b34e-3eec6afc3416",
	"e8d9684a-0b43-4c02-861a-5e39421e449f",
	'booking',
	1,
	"433f7688-7b95-4f9c-89f1-cf076d691ab7");
INSERT INTO V_INT
	VALUES ("f752edda-d482-4b76-b34e-3eec6afc3416",
	0,
	"9a41fe9e-f547-4cde-b68d-f7db43c904dc");
INSERT INTO V_LOC
	VALUES ("bc6ad227-945e-4aa2-a774-df18118cc3d9",
	2,
	12,
	18,
	"f752edda-d482-4b76-b34e-3eec6afc3416");
INSERT INTO V_LOC
	VALUES ("548d8d82-7685-4f41-9609-f24962f91781",
	7,
	18,
	24,
	"f752edda-d482-4b76-b34e-3eec6afc3416");
INSERT INTO V_LOC
	VALUES ("952a0682-9c70-460a-8926-a8165cfc4ea1",
	13,
	18,
	24,
	"f752edda-d482-4b76-b34e-3eec6afc3416");
INSERT INTO V_LOC
	VALUES ("d068f1c7-1114-441a-a960-1f4f3d2f5939",
	19,
	18,
	24,
	"f752edda-d482-4b76-b34e-3eec6afc3416");
INSERT INTO V_VAR
	VALUES ("04b54a54-8931-4613-a4d3-cb570328e676",
	"e8d9684a-0b43-4c02-861a-5e39421e449f",
	'self',
	1,
	"ba5eda7a-def5-0000-0000-000000000008");
INSERT INTO V_INT
	VALUES ("04b54a54-8931-4613-a4d3-cb570328e676",
	0,
	"7137c09d-ba0e-406b-b3b5-76bb3cc48f3d");
INSERT INTO V_LOC
	VALUES ("9d84fe93-7a1f-4be9-9fcd-a6711c1e88fd",
	24,
	24,
	27,
	"04b54a54-8931-4613-a4d3-cb570328e676");
INSERT INTO V_LOC
	VALUES ("24eb03c6-e155-43f9-91c9-2ccbb6589ca1",
	26,
	1,
	4,
	"04b54a54-8931-4613-a4d3-cb570328e676");
INSERT INTO V_VAR
	VALUES ("867377ce-cc48-4dc0-914d-673a4e482205",
	"e8d9684a-0b43-4c02-861a-5e39421e449f",
	'bookables',
	1,
	"df204ffe-8ba5-4335-839a-3b03a55091e7");
INSERT INTO V_INS
	VALUES ("867377ce-cc48-4dc0-914d-673a4e482205",
	"803702ba-1594-4405-b96a-8c76b6ef1c69");
INSERT INTO V_LOC
	VALUES ("78c5b786-433e-4e07-8853-83615bc7b2d1",
	4,
	13,
	21,
	"867377ce-cc48-4dc0-914d-673a4e482205");
INSERT INTO V_LOC
	VALUES ("c0ee64d0-19b9-4a64-8011-a8362a2124d2",
	6,
	15,
	23,
	"867377ce-cc48-4dc0-914d-673a4e482205");
INSERT INTO V_VAR
	VALUES ("1b12fa00-b917-4203-a567-454fc88fb37c",
	"e8d9684a-0b43-4c02-861a-5e39421e449f",
	'b',
	1,
	"bdce89ef-72f6-4386-ba13-b2d926836c80");
INSERT INTO V_INT
	VALUES ("1b12fa00-b917-4203-a567-454fc88fb37c",
	1,
	"803702ba-1594-4405-b96a-8c76b6ef1c69");
INSERT INTO V_LOC
	VALUES ("afcaab70-2dc4-49bb-aa35-289cf51fc58e",
	6,
	10,
	10,
	"1b12fa00-b917-4203-a567-454fc88fb37c");
INSERT INTO V_LOC
	VALUES ("4a540cc9-f6f5-45f7-b5cf-2760a06e68b4",
	7,
	11,
	11,
	"1b12fa00-b917-4203-a567-454fc88fb37c");
INSERT INTO V_VAR
	VALUES ("08e54e03-f172-4fdf-8a39-a8da44e02cc9",
	"e8d9684a-0b43-4c02-861a-5e39421e449f",
	'facilities',
	1,
	"6557ebe6-ab9f-4355-8439-aba9a82c7dd3");
INSERT INTO V_INS
	VALUES ("08e54e03-f172-4fdf-8a39-a8da44e02cc9",
	"4b839513-bd70-4d73-85ed-c06b10ee091a");
INSERT INTO V_LOC
	VALUES ("a535f0cd-09b0-456c-9aba-1f810d442426",
	10,
	13,
	22,
	"08e54e03-f172-4fdf-8a39-a8da44e02cc9");
INSERT INTO V_LOC
	VALUES ("a785227e-47bf-4f28-b7da-ebef3507ebc6",
	12,
	15,
	24,
	"08e54e03-f172-4fdf-8a39-a8da44e02cc9");
INSERT INTO V_VAR
	VALUES ("4c633527-1ccd-4557-a7e6-f4234529c775",
	"e8d9684a-0b43-4c02-861a-5e39421e449f",
	'f',
	1,
	"bd43dc09-3be2-4ae8-806d-bedb08b1e03c");
INSERT INTO V_INT
	VALUES ("4c633527-1ccd-4557-a7e6-f4234529c775",
	1,
	"4b839513-bd70-4d73-85ed-c06b10ee091a");
INSERT INTO V_LOC
	VALUES ("31d8397e-871f-43fa-b75d-261598a8985e",
	12,
	10,
	10,
	"4c633527-1ccd-4557-a7e6-f4234529c775");
INSERT INTO V_LOC
	VALUES ("f997bd2d-260a-40fa-bf80-349f7bdd8c37",
	13,
	11,
	11,
	"4c633527-1ccd-4557-a7e6-f4234529c775");
INSERT INTO V_VAR
	VALUES ("5f1841b4-7c46-44bd-851b-404b6014a958",
	"e8d9684a-0b43-4c02-861a-5e39421e449f",
	'guests',
	1,
	"ba5eda7a-def5-0000-0000-000000000009");
INSERT INTO V_INS
	VALUES ("5f1841b4-7c46-44bd-851b-404b6014a958",
	"9309978f-bd81-4f9f-96e9-b124c945fbf1");
INSERT INTO V_LOC
	VALUES ("d798c697-5ccb-47ec-b3dd-0c65b2917067",
	16,
	13,
	18,
	"5f1841b4-7c46-44bd-851b-404b6014a958");
INSERT INTO V_LOC
	VALUES ("378a1e72-1614-4608-a5ed-ea20e7f7885a",
	18,
	15,
	20,
	"5f1841b4-7c46-44bd-851b-404b6014a958");
INSERT INTO V_VAR
	VALUES ("b5e85a32-7374-4924-83a8-e854628a5387",
	"e8d9684a-0b43-4c02-861a-5e39421e449f",
	'g',
	1,
	"ba5eda7a-def5-0000-0000-000000000008");
INSERT INTO V_INT
	VALUES ("b5e85a32-7374-4924-83a8-e854628a5387",
	1,
	"9309978f-bd81-4f9f-96e9-b124c945fbf1");
INSERT INTO V_LOC
	VALUES ("e07fe25d-ab58-4ba2-91ce-58667c90fb0f",
	18,
	10,
	10,
	"b5e85a32-7374-4924-83a8-e854628a5387");
INSERT INTO V_LOC
	VALUES ("65ea51d1-0b8b-4569-a915-e58ec59886ff",
	19,
	11,
	11,
	"b5e85a32-7374-4924-83a8-e854628a5387");
INSERT INTO V_LOC
	VALUES ("d149f156-cfdd-4724-893b-f657acea8f46",
	20,
	2,
	2,
	"b5e85a32-7374-4924-83a8-e854628a5387");
INSERT INTO V_VAR
	VALUES ("8893f04e-4c83-4761-88f7-4a387ffc0b91",
	"e8d9684a-0b43-4c02-861a-5e39421e449f",
	'customer',
	1,
	"ba5eda7a-def5-0000-0000-000000000008");
INSERT INTO V_INT
	VALUES ("8893f04e-4c83-4761-88f7-4a387ffc0b91",
	0,
	"bd271967-a0a4-4bd7-9783-303111ffdc9b");
INSERT INTO V_LOC
	VALUES ("1d5a49b8-ee5a-47aa-86bf-c8cfdba9e5de",
	23,
	12,
	19,
	"8893f04e-4c83-4761-88f7-4a387ffc0b91");
INSERT INTO V_LOC
	VALUES ("dfff806e-9776-4a26-b62f-3fa64939fc07",
	24,
	10,
	17,
	"8893f04e-4c83-4761-88f7-4a387ffc0b91");
INSERT INTO ACT_BLK
	VALUES ("a741d6a9-7e9d-4464-a573-55b28ad916c9",
	0,
	0,
	0,
	'',
	'',
	'',
	7,
	2,
	0,
	0,
	0,
	0,
	7,
	33,
	0,
	0,
	0,
	0,
	0,
	"91b31a81-d1b8-43e3-a612-f8ffa60d2136",
	"00000000-0000-0000-0000-000000000000");
INSERT INTO ACT_SMT
	VALUES ("2fe9827d-d647-4eeb-9e4a-f2a45b32a905",
	"a741d6a9-7e9d-4464-a573-55b28ad916c9",
	"00000000-0000-0000-0000-000000000000",
	7,
	2,
	'BookingSession::undoBookingSession line: 7');
INSERT INTO ACT_UNR
	VALUES ("2fe9827d-d647-4eeb-9e4a-f2a45b32a905",
	"1b12fa00-b917-4203-a567-454fc88fb37c",
	"f752edda-d482-4b76-b34e-3eec6afc3416",
	'',
	"7d508746-e918-4ced-820e-e5203f63e646",
	7,
	33,
	0,
	0);
INSERT INTO ACT_BLK
	VALUES ("10b111a3-5394-4741-99ec-b54f6be4f2bb",
	0,
	0,
	0,
	'',
	'',
	'',
	13,
	2,
	0,
	0,
	0,
	0,
	13,
	33,
	0,
	0,
	0,
	0,
	0,
	"91b31a81-d1b8-43e3-a612-f8ffa60d2136",
	"00000000-0000-0000-0000-000000000000");
INSERT INTO ACT_SMT
	VALUES ("9a584805-cd79-49f8-8ec6-37e73f6addf6",
	"10b111a3-5394-4741-99ec-b54f6be4f2bb",
	"00000000-0000-0000-0000-000000000000",
	13,
	2,
	'BookingSession::undoBookingSession line: 13');
INSERT INTO ACT_UNR
	VALUES ("9a584805-cd79-49f8-8ec6-37e73f6addf6",
	"4c633527-1ccd-4557-a7e6-f4234529c775",
	"f752edda-d482-4b76-b34e-3eec6afc3416",
	'',
	"67bafe36-3499-4032-89f0-72889662bcf2",
	13,
	33,
	0,
	0);
INSERT INTO ACT_BLK
	VALUES ("9a4a4201-b7de-4db0-af15-f5022bbdae7b",
	0,
	0,
	0,
	'',
	'',
	'',
	20,
	2,
	0,
	0,
	0,
	0,
	19,
	33,
	0,
	0,
	0,
	0,
	0,
	"91b31a81-d1b8-43e3-a612-f8ffa60d2136",
	"00000000-0000-0000-0000-000000000000");
INSERT INTO ACT_SMT
	VALUES ("932d2f49-a19b-446c-92e5-da5890509b62",
	"9a4a4201-b7de-4db0-af15-f5022bbdae7b",
	"775eaf75-cd49-42dc-9b79-8e53c37382a6",
	19,
	2,
	'BookingSession::undoBookingSession line: 19');
INSERT INTO ACT_UNR
	VALUES ("932d2f49-a19b-446c-92e5-da5890509b62",
	"b5e85a32-7374-4924-83a8-e854628a5387",
	"f752edda-d482-4b76-b34e-3eec6afc3416",
	'',
	"04439075-ebac-4bb8-8ccd-793e4071228c",
	19,
	33,
	0,
	0);
INSERT INTO ACT_SMT
	VALUES ("775eaf75-cd49-42dc-9b79-8e53c37382a6",
	"9a4a4201-b7de-4db0-af15-f5022bbdae7b",
	"00000000-0000-0000-0000-000000000000",
	20,
	2,
	'BookingSession::undoBookingSession line: 20');
INSERT INTO ACT_TFM
	VALUES ("775eaf75-cd49-42dc-9b79-8e53c37382a6",
	"70d4e1e2-0f88-432e-9d6c-8f2f70b3a58d",
	"b5e85a32-7374-4924-83a8-e854628a5387",
	20,
	4,
	0,
	0);
INSERT INTO O_TFR
	VALUES ("771633a1-fc2a-417f-bc87-3c56b179c251",
	"7137c09d-ba0e-406b-b3b5-76bb3cc48f3d",
	'isBookingTimeAcceptable',
	'',
	"ba5eda7a-def5-0000-0000-000000000001",
	1,
	'

select one h related by self->HOTEL[R17];

day0 = ::dateToInt(date:param.fromDate);
day1 = ::dateToInt(date:param.toDate);

return (day1 - day0 <= h.getMaxBookingLength());
',
	1,
	'',
	"8a869324-4507-4c19-8d93-a0cb8bac1c84");
INSERT INTO O_TPARM
	VALUES ("a69548d1-8fa0-49ff-a4b6-83fca9757491",
	"771633a1-fc2a-417f-bc87-3c56b179c251",
	'fromDate',
	"ba5eda7a-def5-0000-0000-000000000010",
	0,
	'',
	"00000000-0000-0000-0000-000000000000",
	'');
INSERT INTO O_TPARM
	VALUES ("4b368e3d-3ce9-46d6-bbae-5cee6f541999",
	"771633a1-fc2a-417f-bc87-3c56b179c251",
	'toDate',
	"ba5eda7a-def5-0000-0000-000000000010",
	0,
	'',
	"a69548d1-8fa0-49ff-a4b6-83fca9757491",
	'');
INSERT INTO ACT_OPB
	VALUES ("87bcc1c5-a050-48cd-9549-dc1144f76b33",
	"771633a1-fc2a-417f-bc87-3c56b179c251");
INSERT INTO ACT_ACT
	VALUES ("87bcc1c5-a050-48cd-9549-dc1144f76b33",
	'operation',
	0,
	"23356e0d-8045-4c33-bdc1-1945f435fa45",
	"00000000-0000-0000-0000-000000000000",
	0,
	'BookingSession::isBookingTimeAcceptable',
	"00000000-0000-0000-0000-000000000000");
INSERT INTO ACT_BLK
	VALUES ("23356e0d-8045-4c33-bdc1-1945f435fa45",
	1,
	0,
	0,
	'',
	'',
	'',
	8,
	1,
	3,
	31,
	0,
	0,
	3,
	37,
	0,
	0,
	0,
	0,
	0,
	"87bcc1c5-a050-48cd-9549-dc1144f76b33",
	"00000000-0000-0000-0000-000000000000");
INSERT INTO ACT_SMT
	VALUES ("2662943e-39fb-4014-9b21-48eace379e4f",
	"23356e0d-8045-4c33-bdc1-1945f435fa45",
	"94b0fb73-7b6d-4233-a758-e31908b4b5a3",
	3,
	1,
	'BookingSession::isBookingTimeAcceptable line: 3');
INSERT INTO ACT_SEL
	VALUES ("2662943e-39fb-4014-9b21-48eace379e4f",
	"1d05fecb-e781-481c-860d-6d454a384aa6",
	1,
	'one',
	"b1335bd9-1c28-4179-a2fc-f14c99ba8f27");
INSERT INTO ACT_SR
	VALUES ("2662943e-39fb-4014-9b21-48eace379e4f");
INSERT INTO ACT_LNK
	VALUES ("15e06078-7579-4bc7-a91a-e58f87fecd27",
	'',
	"2662943e-39fb-4014-9b21-48eace379e4f",
	"17f1dd67-3fd4-46db-8752-891089e87a24",
	"00000000-0000-0000-0000-000000000000",
	2,
	"daf3cea3-b187-4d6a-9517-f12785ae9b3a",
	3,
	31,
	3,
	37,
	0,
	0);
INSERT INTO ACT_SMT
	VALUES ("94b0fb73-7b6d-4233-a758-e31908b4b5a3",
	"23356e0d-8045-4c33-bdc1-1945f435fa45",
	"2a6cd1a8-801e-44e2-a3d5-a5327a251751",
	5,
	1,
	'BookingSession::isBookingTimeAcceptable line: 5');
INSERT INTO ACT_AI
	VALUES ("94b0fb73-7b6d-4233-a758-e31908b4b5a3",
	"419af2a7-2d6b-4cda-97d8-c928aaa127cb",
	"758150a7-8016-411f-a8e5-adbca991990d",
	0,
	0);
INSERT INTO ACT_SMT
	VALUES ("2a6cd1a8-801e-44e2-a3d5-a5327a251751",
	"23356e0d-8045-4c33-bdc1-1945f435fa45",
	"45a7fae8-fbe0-4087-a8e7-1a753ffcd684",
	6,
	1,
	'BookingSession::isBookingTimeAcceptable line: 6');
INSERT INTO ACT_AI
	VALUES ("2a6cd1a8-801e-44e2-a3d5-a5327a251751",
	"d4ac9f8b-531a-4e55-8eb2-725ba03d8ef7",
	"8e913b21-578e-44e9-b52b-6b39aea6c489",
	0,
	0);
INSERT INTO ACT_SMT
	VALUES ("45a7fae8-fbe0-4087-a8e7-1a753ffcd684",
	"23356e0d-8045-4c33-bdc1-1945f435fa45",
	"00000000-0000-0000-0000-000000000000",
	8,
	1,
	'BookingSession::isBookingTimeAcceptable line: 8');
INSERT INTO ACT_RET
	VALUES ("45a7fae8-fbe0-4087-a8e7-1a753ffcd684",
	"da4bc7fe-c374-40c6-acc5-8d9daec372f5");
INSERT INTO V_VAL
	VALUES ("b1335bd9-1c28-4179-a2fc-f14c99ba8f27",
	0,
	0,
	3,
	25,
	28,
	0,
	0,
	0,
	0,
	"ba5eda7a-def5-0000-0000-000000000008",
	"23356e0d-8045-4c33-bdc1-1945f435fa45");
INSERT INTO V_IRF
	VALUES ("b1335bd9-1c28-4179-a2fc-f14c99ba8f27",
	"b8467f89-096a-4566-85c8-093e43ca79ad");
INSERT INTO V_VAL
	VALUES ("758150a7-8016-411f-a8e5-adbca991990d",
	1,
	1,
	5,
	1,
	4,
	0,
	0,
	0,
	0,
	"ba5eda7a-def5-0000-0000-000000000002",
	"23356e0d-8045-4c33-bdc1-1945f435fa45");
INSERT INTO V_TVL
	VALUES ("758150a7-8016-411f-a8e5-adbca991990d",
	"dac345f9-8a01-40cc-8112-706c9701bb63");
INSERT INTO V_VAL
	VALUES ("419af2a7-2d6b-4cda-97d8-c928aaa127cb",
	0,
	0,
	5,
	10,
	-1,
	5,
	20,
	0,
	0,
	"ba5eda7a-def5-0000-0000-000000000002",
	"23356e0d-8045-4c33-bdc1-1945f435fa45");
INSERT INTO V_FNV
	VALUES ("419af2a7-2d6b-4cda-97d8-c928aaa127cb",
	"beeab516-6327-474a-ba57-051f94e39bf7",
	1);
INSERT INTO V_VAL
	VALUES ("9dc56623-6993-49fd-b4a1-054b6c04f240",
	0,
	0,
	5,
	31,
	38,
	0,
	0,
	0,
	0,
	"ba5eda7a-def5-0000-0000-000000000010",
	"23356e0d-8045-4c33-bdc1-1945f435fa45");
INSERT INTO V_PVL
	VALUES ("9dc56623-6993-49fd-b4a1-054b6c04f240",
	"00000000-0000-0000-0000-000000000000",
	"00000000-0000-0000-0000-000000000000",
	"a69548d1-8fa0-49ff-a4b6-83fca9757491",
	"00000000-0000-0000-0000-000000000000");
INSERT INTO V_PAR
	VALUES ("9dc56623-6993-49fd-b4a1-054b6c04f240",
	"00000000-0000-0000-0000-000000000000",
	"419af2a7-2d6b-4cda-97d8-c928aaa127cb",
	'date',
	"00000000-0000-0000-0000-000000000000",
	5,
	20);
INSERT INTO V_VAL
	VALUES ("8e913b21-578e-44e9-b52b-6b39aea6c489",
	1,
	1,
	6,
	1,
	4,
	0,
	0,
	0,
	0,
	"ba5eda7a-def5-0000-0000-000000000002",
	"23356e0d-8045-4c33-bdc1-1945f435fa45");
INSERT INTO V_TVL
	VALUES ("8e913b21-578e-44e9-b52b-6b39aea6c489",
	"4daf6465-921a-4ef7-8c3e-3882126637ce");
INSERT INTO V_VAL
	VALUES ("d4ac9f8b-531a-4e55-8eb2-725ba03d8ef7",
	0,
	0,
	6,
	10,
	-1,
	6,
	20,
	0,
	0,
	"ba5eda7a-def5-0000-0000-000000000002",
	"23356e0d-8045-4c33-bdc1-1945f435fa45");
INSERT INTO V_FNV
	VALUES ("d4ac9f8b-531a-4e55-8eb2-725ba03d8ef7",
	"beeab516-6327-474a-ba57-051f94e39bf7",
	1);
INSERT INTO V_VAL
	VALUES ("15e14eef-b56d-45a3-9832-f0fe2aa05ea9",
	0,
	0,
	6,
	31,
	36,
	0,
	0,
	0,
	0,
	"ba5eda7a-def5-0000-0000-000000000010",
	"23356e0d-8045-4c33-bdc1-1945f435fa45");
INSERT INTO V_PVL
	VALUES ("15e14eef-b56d-45a3-9832-f0fe2aa05ea9",
	"00000000-0000-0000-0000-000000000000",
	"00000000-0000-0000-0000-000000000000",
	"4b368e3d-3ce9-46d6-bbae-5cee6f541999",
	"00000000-0000-0000-0000-000000000000");
INSERT INTO V_PAR
	VALUES ("15e14eef-b56d-45a3-9832-f0fe2aa05ea9",
	"00000000-0000-0000-0000-000000000000",
	"d4ac9f8b-531a-4e55-8eb2-725ba03d8ef7",
	'date',
	"00000000-0000-0000-0000-000000000000",
	6,
	20);
INSERT INTO V_VAL
	VALUES ("e300fd47-0424-48ea-a4d7-80bd3b7b0bd8",
	0,
	0,
	8,
	9,
	12,
	0,
	0,
	0,
	0,
	"ba5eda7a-def5-0000-0000-000000000002",
	"23356e0d-8045-4c33-bdc1-1945f435fa45");
INSERT INTO V_TVL
	VALUES ("e300fd47-0424-48ea-a4d7-80bd3b7b0bd8",
	"4daf6465-921a-4ef7-8c3e-3882126637ce");
INSERT INTO V_VAL
	VALUES ("4f7c8497-0ae1-4c3a-88b8-1a2a24b047ca",
	0,
	0,
	-1,
	-1,
	-1,
	0,
	0,
	0,
	0,
	"ba5eda7a-def5-0000-0000-000000000002",
	"23356e0d-8045-4c33-bdc1-1945f435fa45");
INSERT INTO V_BIN
	VALUES ("4f7c8497-0ae1-4c3a-88b8-1a2a24b047ca",
	"19dfb3ff-8568-4873-a3b9-ff14805037f4",
	"e300fd47-0424-48ea-a4d7-80bd3b7b0bd8",
	'-');
INSERT INTO V_VAL
	VALUES ("19dfb3ff-8568-4873-a3b9-ff14805037f4",
	0,
	0,
	8,
	16,
	19,
	0,
	0,
	0,
	0,
	"ba5eda7a-def5-0000-0000-000000000002",
	"23356e0d-8045-4c33-bdc1-1945f435fa45");
INSERT INTO V_TVL
	VALUES ("19dfb3ff-8568-4873-a3b9-ff14805037f4",
	"dac345f9-8a01-40cc-8112-706c9701bb63");
INSERT INTO V_VAL
	VALUES ("da4bc7fe-c374-40c6-acc5-8d9daec372f5",
	0,
	0,
	-1,
	-1,
	-1,
	0,
	0,
	0,
	0,
	"ba5eda7a-def5-0000-0000-000000000001",
	"23356e0d-8045-4c33-bdc1-1945f435fa45");
INSERT INTO V_BIN
	VALUES ("da4bc7fe-c374-40c6-acc5-8d9daec372f5",
	"de8540df-366f-4007-92f9-6e0899cd520a",
	"4f7c8497-0ae1-4c3a-88b8-1a2a24b047ca",
	'<=');
INSERT INTO V_VAL
	VALUES ("de8540df-366f-4007-92f9-6e0899cd520a",
	0,
	0,
	8,
	26,
	-1,
	0,
	0,
	0,
	0,
	"ba5eda7a-def5-0000-0000-000000000002",
	"23356e0d-8045-4c33-bdc1-1945f435fa45");
INSERT INTO V_TRV
	VALUES ("de8540df-366f-4007-92f9-6e0899cd520a",
	"ff22ccea-0178-466e-9918-c381c8b1fe20",
	"1d05fecb-e781-481c-860d-6d454a384aa6",
	1,
	0,
	0);
INSERT INTO V_VAR
	VALUES ("1d05fecb-e781-481c-860d-6d454a384aa6",
	"23356e0d-8045-4c33-bdc1-1945f435fa45",
	'h',
	1,
	"ba5eda7a-def5-0000-0000-000000000008");
INSERT INTO V_INT
	VALUES ("1d05fecb-e781-481c-860d-6d454a384aa6",
	0,
	"daf3cea3-b187-4d6a-9517-f12785ae9b3a");
INSERT INTO V_LOC
	VALUES ("df13bf51-9b3f-42b7-8f97-cc1d70bea37c",
	3,
	12,
	12,
	"1d05fecb-e781-481c-860d-6d454a384aa6");
INSERT INTO V_LOC
	VALUES ("17946ec0-1e1a-452a-a136-7b6ead63d781",
	8,
	24,
	24,
	"1d05fecb-e781-481c-860d-6d454a384aa6");
INSERT INTO V_VAR
	VALUES ("b8467f89-096a-4566-85c8-093e43ca79ad",
	"23356e0d-8045-4c33-bdc1-1945f435fa45",
	'self',
	1,
	"ba5eda7a-def5-0000-0000-000000000008");
INSERT INTO V_INT
	VALUES ("b8467f89-096a-4566-85c8-093e43ca79ad",
	0,
	"7137c09d-ba0e-406b-b3b5-76bb3cc48f3d");
INSERT INTO V_VAR
	VALUES ("dac345f9-8a01-40cc-8112-706c9701bb63",
	"23356e0d-8045-4c33-bdc1-1945f435fa45",
	'day0',
	1,
	"ba5eda7a-def5-0000-0000-000000000002");
INSERT INTO V_TRN
	VALUES ("dac345f9-8a01-40cc-8112-706c9701bb63",
	"00000000-0000-0000-0000-000000000000",
	'');
INSERT INTO V_LOC
	VALUES ("6275c530-a3d4-44ff-9b00-b779b66aaa8b",
	5,
	1,
	4,
	"dac345f9-8a01-40cc-8112-706c9701bb63");
INSERT INTO V_LOC
	VALUES ("92b9bd91-6439-43b6-be31-fa67602bbefa",
	8,
	16,
	19,
	"dac345f9-8a01-40cc-8112-706c9701bb63");
INSERT INTO V_VAR
	VALUES ("4daf6465-921a-4ef7-8c3e-3882126637ce",
	"23356e0d-8045-4c33-bdc1-1945f435fa45",
	'day1',
	1,
	"ba5eda7a-def5-0000-0000-000000000002");
INSERT INTO V_TRN
	VALUES ("4daf6465-921a-4ef7-8c3e-3882126637ce",
	"00000000-0000-0000-0000-000000000000",
	'');
INSERT INTO V_LOC
	VALUES ("b65d7939-f791-44a9-b785-167c3b4102a4",
	6,
	1,
	4,
	"4daf6465-921a-4ef7-8c3e-3882126637ce");
INSERT INTO V_LOC
	VALUES ("de721ad9-ea9d-439b-b477-be3bdf4ea800",
	8,
	9,
	12,
	"4daf6465-921a-4ef7-8c3e-3882126637ce");
INSERT INTO O_NBATTR
	VALUES ("df46d3b5-7060-4611-8908-d535d035865a",
	"7137c09d-ba0e-406b-b3b5-76bb3cc48f3d");
INSERT INTO O_BATTR
	VALUES ("df46d3b5-7060-4611-8908-d535d035865a",
	"7137c09d-ba0e-406b-b3b5-76bb3cc48f3d");
INSERT INTO O_ATTR
	VALUES ("df46d3b5-7060-4611-8908-d535d035865a",
	"7137c09d-ba0e-406b-b3b5-76bb3cc48f3d",
	"00000000-0000-0000-0000-000000000000",
	'ID',
	'',
	'',
	'ID',
	0,
	"ba5eda7a-def5-0000-0000-000000000005",
	'',
	'');
INSERT INTO O_NBATTR
	VALUES ("3a14ca04-48d1-4f7a-ae3f-730f9dcf0f47",
	"7137c09d-ba0e-406b-b3b5-76bb3cc48f3d");
INSERT INTO O_BATTR
	VALUES ("3a14ca04-48d1-4f7a-ae3f-730f9dcf0f47",
	"7137c09d-ba0e-406b-b3b5-76bb3cc48f3d");
INSERT INTO O_ATTR
	VALUES ("3a14ca04-48d1-4f7a-ae3f-730f9dcf0f47",
	"7137c09d-ba0e-406b-b3b5-76bb3cc48f3d",
	"df46d3b5-7060-4611-8908-d535d035865a",
	'current_state',
	'',
	'',
	'current_state',
	0,
	"ba5eda7a-def5-0000-0000-000000000006",
	'',
	'');
INSERT INTO O_NBATTR
	VALUES ("498195f4-1880-4554-8893-31dababdda26",
	"7137c09d-ba0e-406b-b3b5-76bb3cc48f3d");
INSERT INTO O_BATTR
	VALUES ("498195f4-1880-4554-8893-31dababdda26",
	"7137c09d-ba0e-406b-b3b5-76bb3cc48f3d");
INSERT INTO O_ATTR
	VALUES ("498195f4-1880-4554-8893-31dababdda26",
	"7137c09d-ba0e-406b-b3b5-76bb3cc48f3d",
	"3a14ca04-48d1-4f7a-ae3f-730f9dcf0f47",
	'tmpFacility',
	'',
	'',
	'tmpFacility',
	0,
	"bd43dc09-3be2-4ae8-806d-bedb08b1e03c",
	'',
	'');
INSERT INTO O_NBATTR
	VALUES ("c891ea35-d39e-4dda-b8cb-bf7a5a9f3519",
	"7137c09d-ba0e-406b-b3b5-76bb3cc48f3d");
INSERT INTO O_BATTR
	VALUES ("c891ea35-d39e-4dda-b8cb-bf7a5a9f3519",
	"7137c09d-ba0e-406b-b3b5-76bb3cc48f3d");
INSERT INTO O_ATTR
	VALUES ("c891ea35-d39e-4dda-b8cb-bf7a5a9f3519",
	"7137c09d-ba0e-406b-b3b5-76bb3cc48f3d",
	"498195f4-1880-4554-8893-31dababdda26",
	'facilityTypeSelected',
	'',
	'',
	'facilityTypeSelected',
	0,
	"ba5eda7a-def5-0000-0000-000000000002",
	'',
	'');
INSERT INTO O_NBATTR
	VALUES ("44019c1a-e63b-47df-ae57-90e39e485288",
	"7137c09d-ba0e-406b-b3b5-76bb3cc48f3d");
INSERT INTO O_BATTR
	VALUES ("44019c1a-e63b-47df-ae57-90e39e485288",
	"7137c09d-ba0e-406b-b3b5-76bb3cc48f3d");
INSERT INTO O_ATTR
	VALUES ("44019c1a-e63b-47df-ae57-90e39e485288",
	"7137c09d-ba0e-406b-b3b5-76bb3cc48f3d",
	"c891ea35-d39e-4dda-b8cb-bf7a5a9f3519",
	'waiting',
	'',
	'',
	'waiting',
	0,
	"ba5eda7a-def5-0000-0000-000000000001",
	'',
	'');
INSERT INTO O_ID
	VALUES (2,
	"7137c09d-ba0e-406b-b3b5-76bb3cc48f3d");
INSERT INTO O_ID
	VALUES (1,
	"7137c09d-ba0e-406b-b3b5-76bb3cc48f3d");
INSERT INTO O_ID
	VALUES (0,
	"7137c09d-ba0e-406b-b3b5-76bb3cc48f3d");
INSERT INTO SM_ISM
	VALUES ("c87b2dab-d00f-4d32-a5d3-d1e5b01c9cb3",
	"7137c09d-ba0e-406b-b3b5-76bb3cc48f3d");
INSERT INTO SM_SM
	VALUES ("c87b2dab-d00f-4d32-a5d3-d1e5b01c9cb3",
	'',
	0);
INSERT INTO SM_MOORE
	VALUES ("c87b2dab-d00f-4d32-a5d3-d1e5b01c9cb3");
INSERT INTO SM_EVTDI
	VALUES ("2d43d56d-0986-465f-a7e7-0a40c6ca6c73",
	"c87b2dab-d00f-4d32-a5d3-d1e5b01c9cb3",
	'id',
	'',
	"ba5eda7a-def5-0000-0000-000000000002",
	'',
	"463dc70c-f7bb-484c-8def-bd2056914139",
	"00000000-0000-0000-0000-000000000000");
INSERT INTO SM_EVTDI
	VALUES ("b599f39c-3ae8-47ef-af47-db13fca3f1cf",
	"c87b2dab-d00f-4d32-a5d3-d1e5b01c9cb3",
	'fromDate',
	'',
	"ba5eda7a-def5-0000-0000-000000000010",
	'',
	"42a35ac4-7d83-4153-8c24-cc4699f29672",
	"00000000-0000-0000-0000-000000000000");
INSERT INTO SM_EVTDI
	VALUES ("90ab0b0a-074e-482c-805b-874b479c239b",
	"c87b2dab-d00f-4d32-a5d3-d1e5b01c9cb3",
	'toDate',
	'',
	"ba5eda7a-def5-0000-0000-000000000010",
	'',
	"42a35ac4-7d83-4153-8c24-cc4699f29672",
	"b599f39c-3ae8-47ef-af47-db13fca3f1cf");
INSERT INTO SM_EVTDI
	VALUES ("0d93db72-2d98-490d-b997-cfb6221190be",
	"c87b2dab-d00f-4d32-a5d3-d1e5b01c9cb3",
	'name',
	'',
	"ba5eda7a-def5-0000-0000-000000000004",
	'',
	"2113072c-9fe7-4d67-8795-583d185185c1",
	"00000000-0000-0000-0000-000000000000");
INSERT INTO SM_EVTDI
	VALUES ("1a61f794-8699-4899-864e-ff962d264dd7",
	"c87b2dab-d00f-4d32-a5d3-d1e5b01c9cb3",
	'age',
	'',
	"ba5eda7a-def5-0000-0000-000000000002",
	'',
	"2113072c-9fe7-4d67-8795-583d185185c1",
	"0d93db72-2d98-490d-b997-cfb6221190be");
INSERT INTO SM_EVTDI
	VALUES ("aed00046-ec20-4fdb-9504-ff5ed824a993",
	"c87b2dab-d00f-4d32-a5d3-d1e5b01c9cb3",
	'name',
	'',
	"ba5eda7a-def5-0000-0000-000000000004",
	'',
	"153a511b-c927-49fe-95d5-db518898883d",
	"00000000-0000-0000-0000-000000000000");
INSERT INTO SM_EVTDI
	VALUES ("2d8307e0-d4a7-4a1d-a646-af64cd3a53b6",
	"c87b2dab-d00f-4d32-a5d3-d1e5b01c9cb3",
	'phoneNumber',
	'',
	"ba5eda7a-def5-0000-0000-000000000004",
	'',
	"153a511b-c927-49fe-95d5-db518898883d",
	"aed00046-ec20-4fdb-9504-ff5ed824a993");
INSERT INTO SM_EVTDI
	VALUES ("9a81d401-b5a6-4738-8935-2a321ce61612",
	"c87b2dab-d00f-4d32-a5d3-d1e5b01c9cb3",
	'info',
	'',
	"ba5eda7a-def5-0000-0000-000000000004",
	'',
	"459dadf1-a920-477f-b495-f73fd93f16e7",
	"00000000-0000-0000-0000-000000000000");
INSERT INTO SM_EVTDI
	VALUES ("d11d5c6a-5529-4294-b70f-50f121aa30de",
	"c87b2dab-d00f-4d32-a5d3-d1e5b01c9cb3",
	'valid',
	'',
	"ba5eda7a-def5-0000-0000-000000000001",
	'',
	"2abc1152-f6f1-440f-8291-2896e45ba380",
	"00000000-0000-0000-0000-000000000000");
INSERT INTO SM_EVTDI
	VALUES ("4abae54e-0c2d-4d10-9f89-d462d44f2834",
	"c87b2dab-d00f-4d32-a5d3-d1e5b01c9cb3",
	'message',
	'',
	"ba5eda7a-def5-0000-0000-000000000004",
	'',
	"42aa2589-c5b2-474c-857d-d7afec638cef",
	"00000000-0000-0000-0000-000000000000");
INSERT INTO SM_LEVT
	VALUES ("463dc70c-f7bb-484c-8def-bd2056914139",
	"c87b2dab-d00f-4d32-a5d3-d1e5b01c9cb3",
	"00000000-0000-0000-0000-000000000000");
INSERT INTO SM_SEVT
	VALUES ("463dc70c-f7bb-484c-8def-bd2056914139",
	"c87b2dab-d00f-4d32-a5d3-d1e5b01c9cb3",
	"00000000-0000-0000-0000-000000000000");
INSERT INTO SM_EVT
	VALUES ("463dc70c-f7bb-484c-8def-bd2056914139",
	"c87b2dab-d00f-4d32-a5d3-d1e5b01c9cb3",
	"00000000-0000-0000-0000-000000000000",
	1,
	'selectEvent',
	0,
	'',
	'BOOKINGSESSION1',
	'');
INSERT INTO SM_LEVT
	VALUES ("2113072c-9fe7-4d67-8795-583d185185c1",
	"c87b2dab-d00f-4d32-a5d3-d1e5b01c9cb3",
	"00000000-0000-0000-0000-000000000000");
INSERT INTO SM_SEVT
	VALUES ("2113072c-9fe7-4d67-8795-583d185185c1",
	"c87b2dab-d00f-4d32-a5d3-d1e5b01c9cb3",
	"00000000-0000-0000-0000-000000000000");
INSERT INTO SM_EVT
	VALUES ("2113072c-9fe7-4d67-8795-583d185185c1",
	"c87b2dab-d00f-4d32-a5d3-d1e5b01c9cb3",
	"00000000-0000-0000-0000-000000000000",
	2,
	'addGuestEvent',
	0,
	'',
	'BOOKINGSESSION2',
	'');
INSERT INTO SM_LEVT
	VALUES ("0e59bc59-c4a8-49b6-b5c2-bd2e2de4f771",
	"c87b2dab-d00f-4d32-a5d3-d1e5b01c9cb3",
	"00000000-0000-0000-0000-000000000000");
INSERT INTO SM_SEVT
	VALUES ("0e59bc59-c4a8-49b6-b5c2-bd2e2de4f771",
	"c87b2dab-d00f-4d32-a5d3-d1e5b01c9cb3",
	"00000000-0000-0000-0000-000000000000");
INSERT INTO SM_EVT
	VALUES ("0e59bc59-c4a8-49b6-b5c2-bd2e2de4f771",
	"c87b2dab-d00f-4d32-a5d3-d1e5b01c9cb3",
	"00000000-0000-0000-0000-000000000000",
	3,
	'addServiceEvent',
	0,
	'',
	'BOOKINGSESSION3',
	'');
INSERT INTO SM_LEVT
	VALUES ("9a883f49-b118-47b2-880c-373bfecf9218",
	"c87b2dab-d00f-4d32-a5d3-d1e5b01c9cb3",
	"00000000-0000-0000-0000-000000000000");
INSERT INTO SM_SEVT
	VALUES ("9a883f49-b118-47b2-880c-373bfecf9218",
	"c87b2dab-d00f-4d32-a5d3-d1e5b01c9cb3",
	"00000000-0000-0000-0000-000000000000");
INSERT INTO SM_EVT
	VALUES ("9a883f49-b118-47b2-880c-373bfecf9218",
	"c87b2dab-d00f-4d32-a5d3-d1e5b01c9cb3",
	"00000000-0000-0000-0000-000000000000",
	4,
	'confirmEvent',
	0,
	'',
	'BOOKINGSESSION4',
	'');
INSERT INTO SM_LEVT
	VALUES ("153a511b-c927-49fe-95d5-db518898883d",
	"c87b2dab-d00f-4d32-a5d3-d1e5b01c9cb3",
	"00000000-0000-0000-0000-000000000000");
INSERT INTO SM_SEVT
	VALUES ("153a511b-c927-49fe-95d5-db518898883d",
	"c87b2dab-d00f-4d32-a5d3-d1e5b01c9cb3",
	"00000000-0000-0000-0000-000000000000");
INSERT INTO SM_EVT
	VALUES ("153a511b-c927-49fe-95d5-db518898883d",
	"c87b2dab-d00f-4d32-a5d3-d1e5b01c9cb3",
	"00000000-0000-0000-0000-000000000000",
	5,
	'customerDetailsEvent',
	0,
	'',
	'BOOKINGSESSION5',
	'');
INSERT INTO SM_LEVT
	VALUES ("459dadf1-a920-477f-b495-f73fd93f16e7",
	"c87b2dab-d00f-4d32-a5d3-d1e5b01c9cb3",
	"00000000-0000-0000-0000-000000000000");
INSERT INTO SM_SEVT
	VALUES ("459dadf1-a920-477f-b495-f73fd93f16e7",
	"c87b2dab-d00f-4d32-a5d3-d1e5b01c9cb3",
	"00000000-0000-0000-0000-000000000000");
INSERT INTO SM_EVT
	VALUES ("459dadf1-a920-477f-b495-f73fd93f16e7",
	"c87b2dab-d00f-4d32-a5d3-d1e5b01c9cb3",
	"00000000-0000-0000-0000-000000000000",
	6,
	'paymentInfoEvent',
	0,
	'',
	'BOOKINGSESSION6',
	'');
INSERT INTO SM_LEVT
	VALUES ("2abc1152-f6f1-440f-8291-2896e45ba380",
	"c87b2dab-d00f-4d32-a5d3-d1e5b01c9cb3",
	"00000000-0000-0000-0000-000000000000");
INSERT INTO SM_SEVT
	VALUES ("2abc1152-f6f1-440f-8291-2896e45ba380",
	"c87b2dab-d00f-4d32-a5d3-d1e5b01c9cb3",
	"00000000-0000-0000-0000-000000000000");
INSERT INTO SM_EVT
	VALUES ("2abc1152-f6f1-440f-8291-2896e45ba380",
	"c87b2dab-d00f-4d32-a5d3-d1e5b01c9cb3",
	"00000000-0000-0000-0000-000000000000",
	7,
	'paymentConfirmedEvent',
	0,
	'',
	'BOOKINGSESSION7',
	'');
INSERT INTO SM_LEVT
	VALUES ("5d2bc261-464e-4c96-88a1-0dcf2267fd8b",
	"c87b2dab-d00f-4d32-a5d3-d1e5b01c9cb3",
	"00000000-0000-0000-0000-000000000000");
INSERT INTO SM_SEVT
	VALUES ("5d2bc261-464e-4c96-88a1-0dcf2267fd8b",
	"c87b2dab-d00f-4d32-a5d3-d1e5b01c9cb3",
	"00000000-0000-0000-0000-000000000000");
INSERT INTO SM_EVT
	VALUES ("5d2bc261-464e-4c96-88a1-0dcf2267fd8b",
	"c87b2dab-d00f-4d32-a5d3-d1e5b01c9cb3",
	"00000000-0000-0000-0000-000000000000",
	8,
	'cancelEvent',
	0,
	'',
	'BOOKINGSESSION8',
	'');
INSERT INTO SM_LEVT
	VALUES ("42a35ac4-7d83-4153-8c24-cc4699f29672",
	"c87b2dab-d00f-4d32-a5d3-d1e5b01c9cb3",
	"00000000-0000-0000-0000-000000000000");
INSERT INTO SM_SEVT
	VALUES ("42a35ac4-7d83-4153-8c24-cc4699f29672",
	"c87b2dab-d00f-4d32-a5d3-d1e5b01c9cb3",
	"00000000-0000-0000-0000-000000000000");
INSERT INTO SM_EVT
	VALUES ("42a35ac4-7d83-4153-8c24-cc4699f29672",
	"c87b2dab-d00f-4d32-a5d3-d1e5b01c9cb3",
	"00000000-0000-0000-0000-000000000000",
	9,
	'searchEvent',
	0,
	'',
	'BOOKINGSESSION9',
	'');
INSERT INTO SM_LEVT
	VALUES ("2997b42d-5a67-49a7-8755-03fcc1613959",
	"c87b2dab-d00f-4d32-a5d3-d1e5b01c9cb3",
	"00000000-0000-0000-0000-000000000000");
INSERT INTO SM_SEVT
	VALUES ("2997b42d-5a67-49a7-8755-03fcc1613959",
	"c87b2dab-d00f-4d32-a5d3-d1e5b01c9cb3",
	"00000000-0000-0000-0000-000000000000");
INSERT INTO SM_EVT
	VALUES ("2997b42d-5a67-49a7-8755-03fcc1613959",
	"c87b2dab-d00f-4d32-a5d3-d1e5b01c9cb3",
	"00000000-0000-0000-0000-000000000000",
	10,
	'seachMoreRoomEvent',
	0,
	'',
	'BOOKINGSESSION10',
	'');
INSERT INTO SM_LEVT
	VALUES ("42aa2589-c5b2-474c-857d-d7afec638cef",
	"c87b2dab-d00f-4d32-a5d3-d1e5b01c9cb3",
	"00000000-0000-0000-0000-000000000000");
INSERT INTO SM_SEVT
	VALUES ("42aa2589-c5b2-474c-857d-d7afec638cef",
	"c87b2dab-d00f-4d32-a5d3-d1e5b01c9cb3",
	"00000000-0000-0000-0000-000000000000");
INSERT INTO SM_EVT
	VALUES ("42aa2589-c5b2-474c-857d-d7afec638cef",
	"c87b2dab-d00f-4d32-a5d3-d1e5b01c9cb3",
	"00000000-0000-0000-0000-000000000000",
	11,
	'errorEvent',
	0,
	'',
	'BOOKINGSESSION11',
	'');
INSERT INTO SM_STATE
	VALUES ("abba5c5c-cc80-413e-acaf-3b88d5e3c3c6",
	"c87b2dab-d00f-4d32-a5d3-d1e5b01c9cb3",
	"00000000-0000-0000-0000-000000000000",
	'ready',
	1,
	0);
INSERT INTO SM_CH
	VALUES ("abba5c5c-cc80-413e-acaf-3b88d5e3c3c6",
	"463dc70c-f7bb-484c-8def-bd2056914139",
	"c87b2dab-d00f-4d32-a5d3-d1e5b01c9cb3",
	"00000000-0000-0000-0000-000000000000",
	'');
INSERT INTO SM_SEME
	VALUES ("abba5c5c-cc80-413e-acaf-3b88d5e3c3c6",
	"463dc70c-f7bb-484c-8def-bd2056914139",
	"c87b2dab-d00f-4d32-a5d3-d1e5b01c9cb3",
	"00000000-0000-0000-0000-000000000000");
INSERT INTO SM_CH
	VALUES ("abba5c5c-cc80-413e-acaf-3b88d5e3c3c6",
	"2113072c-9fe7-4d67-8795-583d185185c1",
	"c87b2dab-d00f-4d32-a5d3-d1e5b01c9cb3",
	"00000000-0000-0000-0000-000000000000",
	'');
INSERT INTO SM_SEME
	VALUES ("abba5c5c-cc80-413e-acaf-3b88d5e3c3c6",
	"2113072c-9fe7-4d67-8795-583d185185c1",
	"c87b2dab-d00f-4d32-a5d3-d1e5b01c9cb3",
	"00000000-0000-0000-0000-000000000000");
INSERT INTO SM_CH
	VALUES ("abba5c5c-cc80-413e-acaf-3b88d5e3c3c6",
	"0e59bc59-c4a8-49b6-b5c2-bd2e2de4f771",
	"c87b2dab-d00f-4d32-a5d3-d1e5b01c9cb3",
	"00000000-0000-0000-0000-000000000000",
	'');
INSERT INTO SM_SEME
	VALUES ("abba5c5c-cc80-413e-acaf-3b88d5e3c3c6",
	"0e59bc59-c4a8-49b6-b5c2-bd2e2de4f771",
	"c87b2dab-d00f-4d32-a5d3-d1e5b01c9cb3",
	"00000000-0000-0000-0000-000000000000");
INSERT INTO SM_CH
	VALUES ("abba5c5c-cc80-413e-acaf-3b88d5e3c3c6",
	"9a883f49-b118-47b2-880c-373bfecf9218",
	"c87b2dab-d00f-4d32-a5d3-d1e5b01c9cb3",
	"00000000-0000-0000-0000-000000000000",
	'');
INSERT INTO SM_SEME
	VALUES ("abba5c5c-cc80-413e-acaf-3b88d5e3c3c6",
	"9a883f49-b118-47b2-880c-373bfecf9218",
	"c87b2dab-d00f-4d32-a5d3-d1e5b01c9cb3",
	"00000000-0000-0000-0000-000000000000");
INSERT INTO SM_CH
	VALUES ("abba5c5c-cc80-413e-acaf-3b88d5e3c3c6",
	"153a511b-c927-49fe-95d5-db518898883d",
	"c87b2dab-d00f-4d32-a5d3-d1e5b01c9cb3",
	"00000000-0000-0000-0000-000000000000",
	'');
INSERT INTO SM_SEME
	VALUES ("abba5c5c-cc80-413e-acaf-3b88d5e3c3c6",
	"153a511b-c927-49fe-95d5-db518898883d",
	"c87b2dab-d00f-4d32-a5d3-d1e5b01c9cb3",
	"00000000-0000-0000-0000-000000000000");
INSERT INTO SM_CH
	VALUES ("abba5c5c-cc80-413e-acaf-3b88d5e3c3c6",
	"459dadf1-a920-477f-b495-f73fd93f16e7",
	"c87b2dab-d00f-4d32-a5d3-d1e5b01c9cb3",
	"00000000-0000-0000-0000-000000000000",
	'');
INSERT INTO SM_SEME
	VALUES ("abba5c5c-cc80-413e-acaf-3b88d5e3c3c6",
	"459dadf1-a920-477f-b495-f73fd93f16e7",
	"c87b2dab-d00f-4d32-a5d3-d1e5b01c9cb3",
	"00000000-0000-0000-0000-000000000000");
INSERT INTO SM_CH
	VALUES ("abba5c5c-cc80-413e-acaf-3b88d5e3c3c6",
	"2abc1152-f6f1-440f-8291-2896e45ba380",
	"c87b2dab-d00f-4d32-a5d3-d1e5b01c9cb3",
	"00000000-0000-0000-0000-000000000000",
	'');
INSERT INTO SM_SEME
	VALUES ("abba5c5c-cc80-413e-acaf-3b88d5e3c3c6",
	"2abc1152-f6f1-440f-8291-2896e45ba380",
	"c87b2dab-d00f-4d32-a5d3-d1e5b01c9cb3",
	"00000000-0000-0000-0000-000000000000");
INSERT INTO SM_CH
	VALUES ("abba5c5c-cc80-413e-acaf-3b88d5e3c3c6",
	"5d2bc261-464e-4c96-88a1-0dcf2267fd8b",
	"c87b2dab-d00f-4d32-a5d3-d1e5b01c9cb3",
	"00000000-0000-0000-0000-000000000000",
	'');
INSERT INTO SM_SEME
	VALUES ("abba5c5c-cc80-413e-acaf-3b88d5e3c3c6",
	"5d2bc261-464e-4c96-88a1-0dcf2267fd8b",
	"c87b2dab-d00f-4d32-a5d3-d1e5b01c9cb3",
	"00000000-0000-0000-0000-000000000000");
INSERT INTO SM_SEME
	VALUES ("abba5c5c-cc80-413e-acaf-3b88d5e3c3c6",
	"42a35ac4-7d83-4153-8c24-cc4699f29672",
	"c87b2dab-d00f-4d32-a5d3-d1e5b01c9cb3",
	"00000000-0000-0000-0000-000000000000");
INSERT INTO SM_CH
	VALUES ("abba5c5c-cc80-413e-acaf-3b88d5e3c3c6",
	"2997b42d-5a67-49a7-8755-03fcc1613959",
	"c87b2dab-d00f-4d32-a5d3-d1e5b01c9cb3",
	"00000000-0000-0000-0000-000000000000",
	'');
INSERT INTO SM_SEME
	VALUES ("abba5c5c-cc80-413e-acaf-3b88d5e3c3c6",
	"2997b42d-5a67-49a7-8755-03fcc1613959",
	"c87b2dab-d00f-4d32-a5d3-d1e5b01c9cb3",
	"00000000-0000-0000-0000-000000000000");
INSERT INTO SM_SEME
	VALUES ("abba5c5c-cc80-413e-acaf-3b88d5e3c3c6",
	"42aa2589-c5b2-474c-857d-d7afec638cef",
	"c87b2dab-d00f-4d32-a5d3-d1e5b01c9cb3",
	"00000000-0000-0000-0000-000000000000");
INSERT INTO SM_MOAH
	VALUES ("418295cd-5f23-4573-b0b2-f9fc1a7b797b",
	"c87b2dab-d00f-4d32-a5d3-d1e5b01c9cb3",
	"abba5c5c-cc80-413e-acaf-3b88d5e3c3c6");
INSERT INTO SM_AH
	VALUES ("418295cd-5f23-4573-b0b2-f9fc1a7b797b",
	"c87b2dab-d00f-4d32-a5d3-d1e5b01c9cb3");
INSERT INTO SM_ACT
	VALUES ("418295cd-5f23-4573-b0b2-f9fc1a7b797b",
	"c87b2dab-d00f-4d32-a5d3-d1e5b01c9cb3",
	1,
	'LOG::LogInfo(message: "Recieved session request");
',
	'');
INSERT INTO ACT_SAB
	VALUES ("579243c2-8446-49b7-b7f0-6eadd5ff583d",
	"c87b2dab-d00f-4d32-a5d3-d1e5b01c9cb3",
	"418295cd-5f23-4573-b0b2-f9fc1a7b797b");
INSERT INTO ACT_ACT
	VALUES ("579243c2-8446-49b7-b7f0-6eadd5ff583d",
	'state',
	0,
	"65f6c0dc-0945-4619-b34c-635182a22272",
	"00000000-0000-0000-0000-000000000000",
	0,
	'BookingSession::ready',
	"00000000-0000-0000-0000-000000000000");
INSERT INTO ACT_BLK
	VALUES ("65f6c0dc-0945-4619-b34c-635182a22272",
	0,
	0,
	0,
	'LOG',
	'',
	'',
	1,
	1,
	1,
	1,
	0,
	0,
	0,
	0,
	0,
	0,
	0,
	0,
	0,
	"579243c2-8446-49b7-b7f0-6eadd5ff583d",
	"00000000-0000-0000-0000-000000000000");
INSERT INTO ACT_SMT
	VALUES ("869be429-bcfb-4625-b4ad-0e7fc2c4328e",
	"65f6c0dc-0945-4619-b34c-635182a22272",
	"00000000-0000-0000-0000-000000000000",
	1,
	1,
	'BookingSession::ready line: 1');
INSERT INTO ACT_BRG
	VALUES ("869be429-bcfb-4625-b4ad-0e7fc2c4328e",
	"768e1cca-7403-495c-9b22-afd11a473eb6",
	1,
	6,
	1,
	1);
INSERT INTO V_VAL
	VALUES ("269dc004-681c-46ed-b6e4-9796058ff4bb",
	0,
	0,
	1,
	23,
	47,
	0,
	0,
	0,
	0,
	"ba5eda7a-def5-0000-0000-000000000004",
	"65f6c0dc-0945-4619-b34c-635182a22272");
INSERT INTO V_LST
	VALUES ("269dc004-681c-46ed-b6e4-9796058ff4bb",
	'Recieved session request');
INSERT INTO V_PAR
	VALUES ("269dc004-681c-46ed-b6e4-9796058ff4bb",
	"869be429-bcfb-4625-b4ad-0e7fc2c4328e",
	"00000000-0000-0000-0000-000000000000",
	'message',
	"00000000-0000-0000-0000-000000000000",
	1,
	14);
INSERT INTO SM_STATE
	VALUES ("379a455a-c9de-4de3-9d42-47151db4b5c1",
	"c87b2dab-d00f-4d32-a5d3-d1e5b01c9cb3",
	"00000000-0000-0000-0000-000000000000",
	'customerProvided',
	6,
	0);
INSERT INTO SM_CH
	VALUES ("379a455a-c9de-4de3-9d42-47151db4b5c1",
	"463dc70c-f7bb-484c-8def-bd2056914139",
	"c87b2dab-d00f-4d32-a5d3-d1e5b01c9cb3",
	"00000000-0000-0000-0000-000000000000",
	'');
INSERT INTO SM_SEME
	VALUES ("379a455a-c9de-4de3-9d42-47151db4b5c1",
	"463dc70c-f7bb-484c-8def-bd2056914139",
	"c87b2dab-d00f-4d32-a5d3-d1e5b01c9cb3",
	"00000000-0000-0000-0000-000000000000");
INSERT INTO SM_CH
	VALUES ("379a455a-c9de-4de3-9d42-47151db4b5c1",
	"2113072c-9fe7-4d67-8795-583d185185c1",
	"c87b2dab-d00f-4d32-a5d3-d1e5b01c9cb3",
	"00000000-0000-0000-0000-000000000000",
	'');
INSERT INTO SM_SEME
	VALUES ("379a455a-c9de-4de3-9d42-47151db4b5c1",
	"2113072c-9fe7-4d67-8795-583d185185c1",
	"c87b2dab-d00f-4d32-a5d3-d1e5b01c9cb3",
	"00000000-0000-0000-0000-000000000000");
INSERT INTO SM_CH
	VALUES ("379a455a-c9de-4de3-9d42-47151db4b5c1",
	"0e59bc59-c4a8-49b6-b5c2-bd2e2de4f771",
	"c87b2dab-d00f-4d32-a5d3-d1e5b01c9cb3",
	"00000000-0000-0000-0000-000000000000",
	'');
INSERT INTO SM_SEME
	VALUES ("379a455a-c9de-4de3-9d42-47151db4b5c1",
	"0e59bc59-c4a8-49b6-b5c2-bd2e2de4f771",
	"c87b2dab-d00f-4d32-a5d3-d1e5b01c9cb3",
	"00000000-0000-0000-0000-000000000000");
INSERT INTO SM_CH
	VALUES ("379a455a-c9de-4de3-9d42-47151db4b5c1",
	"9a883f49-b118-47b2-880c-373bfecf9218",
	"c87b2dab-d00f-4d32-a5d3-d1e5b01c9cb3",
	"00000000-0000-0000-0000-000000000000",
	'');
INSERT INTO SM_SEME
	VALUES ("379a455a-c9de-4de3-9d42-47151db4b5c1",
	"9a883f49-b118-47b2-880c-373bfecf9218",
	"c87b2dab-d00f-4d32-a5d3-d1e5b01c9cb3",
	"00000000-0000-0000-0000-000000000000");
INSERT INTO SM_CH
	VALUES ("379a455a-c9de-4de3-9d42-47151db4b5c1",
	"153a511b-c927-49fe-95d5-db518898883d",
	"c87b2dab-d00f-4d32-a5d3-d1e5b01c9cb3",
	"00000000-0000-0000-0000-000000000000",
	'');
INSERT INTO SM_SEME
	VALUES ("379a455a-c9de-4de3-9d42-47151db4b5c1",
	"153a511b-c927-49fe-95d5-db518898883d",
	"c87b2dab-d00f-4d32-a5d3-d1e5b01c9cb3",
	"00000000-0000-0000-0000-000000000000");
INSERT INTO SM_SEME
	VALUES ("379a455a-c9de-4de3-9d42-47151db4b5c1",
	"459dadf1-a920-477f-b495-f73fd93f16e7",
	"c87b2dab-d00f-4d32-a5d3-d1e5b01c9cb3",
	"00000000-0000-0000-0000-000000000000");
INSERT INTO SM_CH
	VALUES ("379a455a-c9de-4de3-9d42-47151db4b5c1",
	"2abc1152-f6f1-440f-8291-2896e45ba380",
	"c87b2dab-d00f-4d32-a5d3-d1e5b01c9cb3",
	"00000000-0000-0000-0000-000000000000",
	'');
INSERT INTO SM_SEME
	VALUES ("379a455a-c9de-4de3-9d42-47151db4b5c1",
	"2abc1152-f6f1-440f-8291-2896e45ba380",
	"c87b2dab-d00f-4d32-a5d3-d1e5b01c9cb3",
	"00000000-0000-0000-0000-000000000000");
INSERT INTO SM_CH
	VALUES ("379a455a-c9de-4de3-9d42-47151db4b5c1",
	"5d2bc261-464e-4c96-88a1-0dcf2267fd8b",
	"c87b2dab-d00f-4d32-a5d3-d1e5b01c9cb3",
	"00000000-0000-0000-0000-000000000000",
	'');
INSERT INTO SM_SEME
	VALUES ("379a455a-c9de-4de3-9d42-47151db4b5c1",
	"5d2bc261-464e-4c96-88a1-0dcf2267fd8b",
	"c87b2dab-d00f-4d32-a5d3-d1e5b01c9cb3",
	"00000000-0000-0000-0000-000000000000");
INSERT INTO SM_CH
	VALUES ("379a455a-c9de-4de3-9d42-47151db4b5c1",
	"42a35ac4-7d83-4153-8c24-cc4699f29672",
	"c87b2dab-d00f-4d32-a5d3-d1e5b01c9cb3",
	"00000000-0000-0000-0000-000000000000",
	'');
INSERT INTO SM_SEME
	VALUES ("379a455a-c9de-4de3-9d42-47151db4b5c1",
	"42a35ac4-7d83-4153-8c24-cc4699f29672",
	"c87b2dab-d00f-4d32-a5d3-d1e5b01c9cb3",
	"00000000-0000-0000-0000-000000000000");
INSERT INTO SM_CH
	VALUES ("379a455a-c9de-4de3-9d42-47151db4b5c1",
	"2997b42d-5a67-49a7-8755-03fcc1613959",
	"c87b2dab-d00f-4d32-a5d3-d1e5b01c9cb3",
	"00000000-0000-0000-0000-000000000000",
	'');
INSERT INTO SM_SEME
	VALUES ("379a455a-c9de-4de3-9d42-47151db4b5c1",
	"2997b42d-5a67-49a7-8755-03fcc1613959",
	"c87b2dab-d00f-4d32-a5d3-d1e5b01c9cb3",
	"00000000-0000-0000-0000-000000000000");
INSERT INTO SM_CH
	VALUES ("379a455a-c9de-4de3-9d42-47151db4b5c1",
	"42aa2589-c5b2-474c-857d-d7afec638cef",
	"c87b2dab-d00f-4d32-a5d3-d1e5b01c9cb3",
	"00000000-0000-0000-0000-000000000000",
	'');
INSERT INTO SM_SEME
	VALUES ("379a455a-c9de-4de3-9d42-47151db4b5c1",
	"42aa2589-c5b2-474c-857d-d7afec638cef",
	"c87b2dab-d00f-4d32-a5d3-d1e5b01c9cb3",
	"00000000-0000-0000-0000-000000000000");
INSERT INTO SM_MOAH
	VALUES ("c3158b28-1d86-4a56-9d32-e880d9a9c9fe",
	"c87b2dab-d00f-4d32-a5d3-d1e5b01c9cb3",
	"379a455a-c9de-4de3-9d42-47151db4b5c1");
INSERT INTO SM_AH
	VALUES ("c3158b28-1d86-4a56-9d32-e880d9a9c9fe",
	"c87b2dab-d00f-4d32-a5d3-d1e5b01c9cb3");
INSERT INTO SM_ACT
	VALUES ("c3158b28-1d86-4a56-9d32-e880d9a9c9fe",
	"c87b2dab-d00f-4d32-a5d3-d1e5b01c9cb3",
	1,
	'LOG::LogInfo(message: "H: customerProvided: Confirming...");

create object instance c of CUSTOMER;
c.name = rcvd_evt.name;
c.phoneNumber = rcvd_evt.phoneNumber;

relate self to c across R27;

send BookingProvider::confirmSignal(sessionID:self.ID,
									message:"Confirmed");',
	'');
INSERT INTO ACT_SAB
	VALUES ("4fc3ca3c-1c9f-4a62-b783-87f6d152dc6e",
	"c87b2dab-d00f-4d32-a5d3-d1e5b01c9cb3",
	"c3158b28-1d86-4a56-9d32-e880d9a9c9fe");
INSERT INTO ACT_ACT
	VALUES ("4fc3ca3c-1c9f-4a62-b783-87f6d152dc6e",
	'state',
	0,
	"2f524ccf-0ba9-4a9e-8d31-1c5d5635e133",
	"00000000-0000-0000-0000-000000000000",
	0,
	'BookingSession::customerProvided',
	"00000000-0000-0000-0000-000000000000");
INSERT INTO ACT_BLK
	VALUES ("2f524ccf-0ba9-4a9e-8d31-1c5d5635e133",
	0,
	0,
	0,
	'BookingProvider',
	'',
	'',
	9,
	1,
	9,
	6,
	0,
	0,
	7,
	25,
	0,
	0,
	0,
	0,
	0,
	"4fc3ca3c-1c9f-4a62-b783-87f6d152dc6e",
	"00000000-0000-0000-0000-000000000000");
INSERT INTO ACT_SMT
	VALUES ("59a93faa-7bc7-45dc-ba9c-414e1d1bcf41",
	"2f524ccf-0ba9-4a9e-8d31-1c5d5635e133",
	"4c4e8d2d-1910-47db-a4dc-c337cd538cbb",
	1,
	1,
	'BookingSession::customerProvided line: 1');
INSERT INTO ACT_BRG
	VALUES ("59a93faa-7bc7-45dc-ba9c-414e1d1bcf41",
	"768e1cca-7403-495c-9b22-afd11a473eb6",
	1,
	6,
	1,
	1);
INSERT INTO ACT_SMT
	VALUES ("4c4e8d2d-1910-47db-a4dc-c337cd538cbb",
	"2f524ccf-0ba9-4a9e-8d31-1c5d5635e133",
	"3d273f72-02d2-4ee5-8a4d-ccde84459a26",
	3,
	1,
	'BookingSession::customerProvided line: 3');
INSERT INTO ACT_CR
	VALUES ("4c4e8d2d-1910-47db-a4dc-c337cd538cbb",
	"f8d89ce3-c2f9-4e21-b51d-54c57181a375",
	1,
	"bd271967-a0a4-4bd7-9783-303111ffdc9b",
	3,
	29);
INSERT INTO ACT_SMT
	VALUES ("3d273f72-02d2-4ee5-8a4d-ccde84459a26",
	"2f524ccf-0ba9-4a9e-8d31-1c5d5635e133",
	"bef4c019-43a9-476b-97cc-a8369b6dfa47",
	4,
	1,
	'BookingSession::customerProvided line: 4');
INSERT INTO ACT_AI
	VALUES ("3d273f72-02d2-4ee5-8a4d-ccde84459a26",
	"44f9b969-de3a-4d91-a2b5-e5cf6bb58560",
	"b5fe1770-95ca-4209-a623-c2d7447a4964",
	0,
	0);
INSERT INTO ACT_SMT
	VALUES ("bef4c019-43a9-476b-97cc-a8369b6dfa47",
	"2f524ccf-0ba9-4a9e-8d31-1c5d5635e133",
	"35d25644-8a50-4d8b-8ebb-b97978effae7",
	5,
	1,
	'BookingSession::customerProvided line: 5');
INSERT INTO ACT_AI
	VALUES ("bef4c019-43a9-476b-97cc-a8369b6dfa47",
	"c7db6022-dcad-4860-8016-40fe4d5fd94a",
	"2f0f8f0d-0e55-41ab-84d9-cd9bf4aa82cd",
	0,
	0);
INSERT INTO ACT_SMT
	VALUES ("35d25644-8a50-4d8b-8ebb-b97978effae7",
	"2f524ccf-0ba9-4a9e-8d31-1c5d5635e133",
	"737e8f25-4000-4670-abdd-15df04793c7a",
	7,
	1,
	'BookingSession::customerProvided line: 7');
INSERT INTO ACT_REL
	VALUES ("35d25644-8a50-4d8b-8ebb-b97978effae7",
	"a57f6879-7408-475e-86d0-4d8babc1cae6",
	"f8d89ce3-c2f9-4e21-b51d-54c57181a375",
	'',
	"e8826e92-bfc8-4325-979a-2122f04032b6",
	7,
	25,
	0,
	0);
INSERT INTO ACT_SMT
	VALUES ("737e8f25-4000-4670-abdd-15df04793c7a",
	"2f524ccf-0ba9-4a9e-8d31-1c5d5635e133",
	"00000000-0000-0000-0000-000000000000",
	9,
	1,
	'BookingSession::customerProvided line: 9');
INSERT INTO ACT_SGN
	VALUES ("737e8f25-4000-4670-abdd-15df04793c7a",
	9,
	23,
	9,
	6,
	"adf84adb-26cf-413b-bd98-e3ff7028bfbd",
	"00000000-0000-0000-0000-000000000000",
	"00000000-0000-0000-0000-000000000000");
INSERT INTO V_VAL
	VALUES ("a8f5496b-d519-44e3-a57d-2ac84f6e1196",
	0,
	0,
	1,
	23,
	57,
	0,
	0,
	0,
	0,
	"ba5eda7a-def5-0000-0000-000000000004",
	"2f524ccf-0ba9-4a9e-8d31-1c5d5635e133");
INSERT INTO V_LST
	VALUES ("a8f5496b-d519-44e3-a57d-2ac84f6e1196",
	'H: customerProvided: Confirming...');
INSERT INTO V_PAR
	VALUES ("a8f5496b-d519-44e3-a57d-2ac84f6e1196",
	"59a93faa-7bc7-45dc-ba9c-414e1d1bcf41",
	"00000000-0000-0000-0000-000000000000",
	'message',
	"00000000-0000-0000-0000-000000000000",
	1,
	14);
INSERT INTO V_VAL
	VALUES ("9dd57bc8-3175-4489-aa28-f20d2aebc986",
	1,
	0,
	4,
	1,
	1,
	0,
	0,
	0,
	0,
	"ba5eda7a-def5-0000-0000-000000000008",
	"2f524ccf-0ba9-4a9e-8d31-1c5d5635e133");
INSERT INTO V_IRF
	VALUES ("9dd57bc8-3175-4489-aa28-f20d2aebc986",
	"f8d89ce3-c2f9-4e21-b51d-54c57181a375");
INSERT INTO V_VAL
	VALUES ("b5fe1770-95ca-4209-a623-c2d7447a4964",
	1,
	0,
	4,
	3,
	6,
	0,
	0,
	0,
	0,
	"ba5eda7a-def5-0000-0000-000000000004",
	"2f524ccf-0ba9-4a9e-8d31-1c5d5635e133");
INSERT INTO V_AVL
	VALUES ("b5fe1770-95ca-4209-a623-c2d7447a4964",
	"9dd57bc8-3175-4489-aa28-f20d2aebc986",
	"bd271967-a0a4-4bd7-9783-303111ffdc9b",
	"dc17542e-30df-48f7-8741-c6c824345a60");
INSERT INTO V_VAL
	VALUES ("44f9b969-de3a-4d91-a2b5-e5cf6bb58560",
	0,
	0,
	4,
	19,
	22,
	0,
	0,
	0,
	0,
	"ba5eda7a-def5-0000-0000-000000000004",
	"2f524ccf-0ba9-4a9e-8d31-1c5d5635e133");
INSERT INTO V_EDV
	VALUES ("44f9b969-de3a-4d91-a2b5-e5cf6bb58560");
INSERT INTO V_EPR
	VALUES ("44f9b969-de3a-4d91-a2b5-e5cf6bb58560",
	"c87b2dab-d00f-4d32-a5d3-d1e5b01c9cb3",
	"aed00046-ec20-4fdb-9504-ff5ed824a993",
	"00000000-0000-0000-0000-000000000000");
INSERT INTO V_VAL
	VALUES ("a333db88-ad32-4490-aa40-acf5f82345a5",
	1,
	0,
	5,
	1,
	1,
	0,
	0,
	0,
	0,
	"ba5eda7a-def5-0000-0000-000000000008",
	"2f524ccf-0ba9-4a9e-8d31-1c5d5635e133");
INSERT INTO V_IRF
	VALUES ("a333db88-ad32-4490-aa40-acf5f82345a5",
	"f8d89ce3-c2f9-4e21-b51d-54c57181a375");
INSERT INTO V_VAL
	VALUES ("2f0f8f0d-0e55-41ab-84d9-cd9bf4aa82cd",
	1,
	0,
	5,
	3,
	13,
	0,
	0,
	0,
	0,
	"ba5eda7a-def5-0000-0000-000000000004",
	"2f524ccf-0ba9-4a9e-8d31-1c5d5635e133");
INSERT INTO V_AVL
	VALUES ("2f0f8f0d-0e55-41ab-84d9-cd9bf4aa82cd",
	"a333db88-ad32-4490-aa40-acf5f82345a5",
	"bd271967-a0a4-4bd7-9783-303111ffdc9b",
	"c9074fca-e1c8-401e-bb71-202eff064dc4");
INSERT INTO V_VAL
	VALUES ("c7db6022-dcad-4860-8016-40fe4d5fd94a",
	0,
	0,
	5,
	26,
	36,
	0,
	0,
	0,
	0,
	"ba5eda7a-def5-0000-0000-000000000004",
	"2f524ccf-0ba9-4a9e-8d31-1c5d5635e133");
INSERT INTO V_EDV
	VALUES ("c7db6022-dcad-4860-8016-40fe4d5fd94a");
INSERT INTO V_EPR
	VALUES ("c7db6022-dcad-4860-8016-40fe4d5fd94a",
	"c87b2dab-d00f-4d32-a5d3-d1e5b01c9cb3",
	"2d8307e0-d4a7-4a1d-a646-af64cd3a53b6",
	"00000000-0000-0000-0000-000000000000");
INSERT INTO V_VAL
	VALUES ("75e1dedb-e098-4164-ab2c-aa23c740aba4",
	0,
	0,
	9,
	47,
	50,
	0,
	0,
	0,
	0,
	"ba5eda7a-def5-0000-0000-000000000008",
	"2f524ccf-0ba9-4a9e-8d31-1c5d5635e133");
INSERT INTO V_IRF
	VALUES ("75e1dedb-e098-4164-ab2c-aa23c740aba4",
	"a57f6879-7408-475e-86d0-4d8babc1cae6");
INSERT INTO V_VAL
	VALUES ("2662f46a-c591-4790-8cd5-4e0b8ce7a28f",
	0,
	0,
	9,
	52,
	53,
	0,
	0,
	0,
	0,
	"ba5eda7a-def5-0000-0000-000000000005",
	"2f524ccf-0ba9-4a9e-8d31-1c5d5635e133");
INSERT INTO V_AVL
	VALUES ("2662f46a-c591-4790-8cd5-4e0b8ce7a28f",
	"75e1dedb-e098-4164-ab2c-aa23c740aba4",
	"7137c09d-ba0e-406b-b3b5-76bb3cc48f3d",
	"df46d3b5-7060-4611-8908-d535d035865a");
INSERT INTO V_PAR
	VALUES ("2662f46a-c591-4790-8cd5-4e0b8ce7a28f",
	"737e8f25-4000-4670-abdd-15df04793c7a",
	"00000000-0000-0000-0000-000000000000",
	'sessionID',
	"4e23e898-ef5a-4b0d-9ec6-56f3dff1e526",
	9,
	37);
INSERT INTO V_VAL
	VALUES ("4e23e898-ef5a-4b0d-9ec6-56f3dff1e526",
	0,
	0,
	10,
	18,
	27,
	0,
	0,
	0,
	0,
	"ba5eda7a-def5-0000-0000-000000000004",
	"2f524ccf-0ba9-4a9e-8d31-1c5d5635e133");
INSERT INTO V_LST
	VALUES ("4e23e898-ef5a-4b0d-9ec6-56f3dff1e526",
	'Confirmed');
INSERT INTO V_PAR
	VALUES ("4e23e898-ef5a-4b0d-9ec6-56f3dff1e526",
	"737e8f25-4000-4670-abdd-15df04793c7a",
	"00000000-0000-0000-0000-000000000000",
	'message',
	"00000000-0000-0000-0000-000000000000",
	10,
	10);
INSERT INTO V_VAR
	VALUES ("f8d89ce3-c2f9-4e21-b51d-54c57181a375",
	"2f524ccf-0ba9-4a9e-8d31-1c5d5635e133",
	'c',
	1,
	"ba5eda7a-def5-0000-0000-000000000008");
INSERT INTO V_INT
	VALUES ("f8d89ce3-c2f9-4e21-b51d-54c57181a375",
	0,
	"bd271967-a0a4-4bd7-9783-303111ffdc9b");
INSERT INTO V_LOC
	VALUES ("386bd539-f2ce-45fb-92ab-d46f150ab851",
	3,
	24,
	24,
	"f8d89ce3-c2f9-4e21-b51d-54c57181a375");
INSERT INTO V_LOC
	VALUES ("c782b48f-e91b-451e-9dc8-2ac8cf588a33",
	4,
	1,
	1,
	"f8d89ce3-c2f9-4e21-b51d-54c57181a375");
INSERT INTO V_LOC
	VALUES ("188f6967-5716-4670-b85d-132d5333933a",
	5,
	1,
	1,
	"f8d89ce3-c2f9-4e21-b51d-54c57181a375");
INSERT INTO V_LOC
	VALUES ("c9d82a7d-a965-476f-8b8b-563ffb57a8e2",
	7,
	16,
	16,
	"f8d89ce3-c2f9-4e21-b51d-54c57181a375");
INSERT INTO V_VAR
	VALUES ("a57f6879-7408-475e-86d0-4d8babc1cae6",
	"2f524ccf-0ba9-4a9e-8d31-1c5d5635e133",
	'self',
	1,
	"ba5eda7a-def5-0000-0000-000000000008");
INSERT INTO V_INT
	VALUES ("a57f6879-7408-475e-86d0-4d8babc1cae6",
	0,
	"7137c09d-ba0e-406b-b3b5-76bb3cc48f3d");
INSERT INTO V_LOC
	VALUES ("c38b182c-5df4-4dec-b213-553e82c4ae48",
	7,
	8,
	11,
	"a57f6879-7408-475e-86d0-4d8babc1cae6");
INSERT INTO V_LOC
	VALUES ("318ffa30-2b9c-4ebe-ab29-3585bd7e67d9",
	9,
	47,
	50,
	"a57f6879-7408-475e-86d0-4d8babc1cae6");
INSERT INTO SM_STATE
	VALUES ("2f872649-fe94-4f31-b88d-635a7e02ac36",
	"c87b2dab-d00f-4d32-a5d3-d1e5b01c9cb3",
	"00000000-0000-0000-0000-000000000000",
	'finallyReady',
	5,
	0);
INSERT INTO SM_SEME
	VALUES ("2f872649-fe94-4f31-b88d-635a7e02ac36",
	"463dc70c-f7bb-484c-8def-bd2056914139",
	"c87b2dab-d00f-4d32-a5d3-d1e5b01c9cb3",
	"00000000-0000-0000-0000-000000000000");
INSERT INTO SM_CH
	VALUES ("2f872649-fe94-4f31-b88d-635a7e02ac36",
	"2113072c-9fe7-4d67-8795-583d185185c1",
	"c87b2dab-d00f-4d32-a5d3-d1e5b01c9cb3",
	"00000000-0000-0000-0000-000000000000",
	'');
INSERT INTO SM_SEME
	VALUES ("2f872649-fe94-4f31-b88d-635a7e02ac36",
	"2113072c-9fe7-4d67-8795-583d185185c1",
	"c87b2dab-d00f-4d32-a5d3-d1e5b01c9cb3",
	"00000000-0000-0000-0000-000000000000");
INSERT INTO SM_CH
	VALUES ("2f872649-fe94-4f31-b88d-635a7e02ac36",
	"0e59bc59-c4a8-49b6-b5c2-bd2e2de4f771",
	"c87b2dab-d00f-4d32-a5d3-d1e5b01c9cb3",
	"00000000-0000-0000-0000-000000000000",
	'');
INSERT INTO SM_SEME
	VALUES ("2f872649-fe94-4f31-b88d-635a7e02ac36",
	"0e59bc59-c4a8-49b6-b5c2-bd2e2de4f771",
	"c87b2dab-d00f-4d32-a5d3-d1e5b01c9cb3",
	"00000000-0000-0000-0000-000000000000");
INSERT INTO SM_CH
	VALUES ("2f872649-fe94-4f31-b88d-635a7e02ac36",
	"9a883f49-b118-47b2-880c-373bfecf9218",
	"c87b2dab-d00f-4d32-a5d3-d1e5b01c9cb3",
	"00000000-0000-0000-0000-000000000000",
	'');
INSERT INTO SM_SEME
	VALUES ("2f872649-fe94-4f31-b88d-635a7e02ac36",
	"9a883f49-b118-47b2-880c-373bfecf9218",
	"c87b2dab-d00f-4d32-a5d3-d1e5b01c9cb3",
	"00000000-0000-0000-0000-000000000000");
INSERT INTO SM_SEME
	VALUES ("2f872649-fe94-4f31-b88d-635a7e02ac36",
	"153a511b-c927-49fe-95d5-db518898883d",
	"c87b2dab-d00f-4d32-a5d3-d1e5b01c9cb3",
	"00000000-0000-0000-0000-000000000000");
INSERT INTO SM_CH
	VALUES ("2f872649-fe94-4f31-b88d-635a7e02ac36",
	"459dadf1-a920-477f-b495-f73fd93f16e7",
	"c87b2dab-d00f-4d32-a5d3-d1e5b01c9cb3",
	"00000000-0000-0000-0000-000000000000",
	'');
INSERT INTO SM_SEME
	VALUES ("2f872649-fe94-4f31-b88d-635a7e02ac36",
	"459dadf1-a920-477f-b495-f73fd93f16e7",
	"c87b2dab-d00f-4d32-a5d3-d1e5b01c9cb3",
	"00000000-0000-0000-0000-000000000000");
INSERT INTO SM_CH
	VALUES ("2f872649-fe94-4f31-b88d-635a7e02ac36",
	"2abc1152-f6f1-440f-8291-2896e45ba380",
	"c87b2dab-d00f-4d32-a5d3-d1e5b01c9cb3",
	"00000000-0000-0000-0000-000000000000",
	'');
INSERT INTO SM_SEME
	VALUES ("2f872649-fe94-4f31-b88d-635a7e02ac36",
	"2abc1152-f6f1-440f-8291-2896e45ba380",
	"c87b2dab-d00f-4d32-a5d3-d1e5b01c9cb3",
	"00000000-0000-0000-0000-000000000000");
INSERT INTO SM_CH
	VALUES ("2f872649-fe94-4f31-b88d-635a7e02ac36",
	"5d2bc261-464e-4c96-88a1-0dcf2267fd8b",
	"c87b2dab-d00f-4d32-a5d3-d1e5b01c9cb3",
	"00000000-0000-0000-0000-000000000000",
	'');
INSERT INTO SM_SEME
	VALUES ("2f872649-fe94-4f31-b88d-635a7e02ac36",
	"5d2bc261-464e-4c96-88a1-0dcf2267fd8b",
	"c87b2dab-d00f-4d32-a5d3-d1e5b01c9cb3",
	"00000000-0000-0000-0000-000000000000");
INSERT INTO SM_SEME
	VALUES ("2f872649-fe94-4f31-b88d-635a7e02ac36",
	"42a35ac4-7d83-4153-8c24-cc4699f29672",
	"c87b2dab-d00f-4d32-a5d3-d1e5b01c9cb3",
	"00000000-0000-0000-0000-000000000000");
INSERT INTO SM_CH
	VALUES ("2f872649-fe94-4f31-b88d-635a7e02ac36",
	"2997b42d-5a67-49a7-8755-03fcc1613959",
	"c87b2dab-d00f-4d32-a5d3-d1e5b01c9cb3",
	"00000000-0000-0000-0000-000000000000",
	'');
INSERT INTO SM_SEME
	VALUES ("2f872649-fe94-4f31-b88d-635a7e02ac36",
	"2997b42d-5a67-49a7-8755-03fcc1613959",
	"c87b2dab-d00f-4d32-a5d3-d1e5b01c9cb3",
	"00000000-0000-0000-0000-000000000000");
INSERT INTO SM_CH
	VALUES ("2f872649-fe94-4f31-b88d-635a7e02ac36",
	"42aa2589-c5b2-474c-857d-d7afec638cef",
	"c87b2dab-d00f-4d32-a5d3-d1e5b01c9cb3",
	"00000000-0000-0000-0000-000000000000",
	'');
INSERT INTO SM_SEME
	VALUES ("2f872649-fe94-4f31-b88d-635a7e02ac36",
	"42aa2589-c5b2-474c-857d-d7afec638cef",
	"c87b2dab-d00f-4d32-a5d3-d1e5b01c9cb3",
	"00000000-0000-0000-0000-000000000000");
INSERT INTO SM_MOAH
	VALUES ("a285934d-8100-43dc-b14a-9e01d6d279fd",
	"c87b2dab-d00f-4d32-a5d3-d1e5b01c9cb3",
	"2f872649-fe94-4f31-b88d-635a7e02ac36");
INSERT INTO SM_AH
	VALUES ("a285934d-8100-43dc-b14a-9e01d6d279fd",
	"c87b2dab-d00f-4d32-a5d3-d1e5b01c9cb3");
INSERT INTO SM_ACT
	VALUES ("a285934d-8100-43dc-b14a-9e01d6d279fd",
	"c87b2dab-d00f-4d32-a5d3-d1e5b01c9cb3",
	1,
	'
LOG::LogInfo(message: "H finallyReady, sending confirm");

send BookingProvider::confirmSignal(message: "Confirmed", 
									sessionID:self.ID);
									',
	'');
INSERT INTO ACT_SAB
	VALUES ("9162f688-e66d-4e03-9362-8b5e880cbba8",
	"c87b2dab-d00f-4d32-a5d3-d1e5b01c9cb3",
	"a285934d-8100-43dc-b14a-9e01d6d279fd");
INSERT INTO ACT_ACT
	VALUES ("9162f688-e66d-4e03-9362-8b5e880cbba8",
	'state',
	0,
	"f84e5cd0-ea0a-4e6c-a294-12cd4e6e20b1",
	"00000000-0000-0000-0000-000000000000",
	0,
	'BookingSession::finallyReady',
	"00000000-0000-0000-0000-000000000000");
INSERT INTO ACT_BLK
	VALUES ("f84e5cd0-ea0a-4e6c-a294-12cd4e6e20b1",
	0,
	0,
	0,
	'BookingProvider',
	'',
	'',
	4,
	1,
	4,
	6,
	0,
	0,
	0,
	0,
	0,
	0,
	0,
	0,
	0,
	"9162f688-e66d-4e03-9362-8b5e880cbba8",
	"00000000-0000-0000-0000-000000000000");
INSERT INTO ACT_SMT
	VALUES ("b46bc7a0-5d02-46a8-81d4-81ce3429cbd9",
	"f84e5cd0-ea0a-4e6c-a294-12cd4e6e20b1",
	"dbfdf769-3f47-4eba-bf06-f49cbd0dd8db",
	2,
	1,
	'BookingSession::finallyReady line: 2');
INSERT INTO ACT_BRG
	VALUES ("b46bc7a0-5d02-46a8-81d4-81ce3429cbd9",
	"768e1cca-7403-495c-9b22-afd11a473eb6",
	2,
	6,
	2,
	1);
INSERT INTO ACT_SMT
	VALUES ("dbfdf769-3f47-4eba-bf06-f49cbd0dd8db",
	"f84e5cd0-ea0a-4e6c-a294-12cd4e6e20b1",
	"00000000-0000-0000-0000-000000000000",
	4,
	1,
	'BookingSession::finallyReady line: 4');
INSERT INTO ACT_SGN
	VALUES ("dbfdf769-3f47-4eba-bf06-f49cbd0dd8db",
	4,
	23,
	4,
	6,
	"adf84adb-26cf-413b-bd98-e3ff7028bfbd",
	"00000000-0000-0000-0000-000000000000",
	"00000000-0000-0000-0000-000000000000");
INSERT INTO V_VAL
	VALUES ("9ab26021-5ccc-44e7-906e-c7cd62a1aea3",
	0,
	0,
	2,
	23,
	54,
	0,
	0,
	0,
	0,
	"ba5eda7a-def5-0000-0000-000000000004",
	"f84e5cd0-ea0a-4e6c-a294-12cd4e6e20b1");
INSERT INTO V_LST
	VALUES ("9ab26021-5ccc-44e7-906e-c7cd62a1aea3",
	'H finallyReady, sending confirm');
INSERT INTO V_PAR
	VALUES ("9ab26021-5ccc-44e7-906e-c7cd62a1aea3",
	"b46bc7a0-5d02-46a8-81d4-81ce3429cbd9",
	"00000000-0000-0000-0000-000000000000",
	'message',
	"00000000-0000-0000-0000-000000000000",
	2,
	14);
INSERT INTO V_VAL
	VALUES ("aabe2bce-93d8-407b-9140-80fc5946be33",
	0,
	0,
	4,
	46,
	55,
	0,
	0,
	0,
	0,
	"ba5eda7a-def5-0000-0000-000000000004",
	"f84e5cd0-ea0a-4e6c-a294-12cd4e6e20b1");
INSERT INTO V_LST
	VALUES ("aabe2bce-93d8-407b-9140-80fc5946be33",
	'Confirmed');
INSERT INTO V_PAR
	VALUES ("aabe2bce-93d8-407b-9140-80fc5946be33",
	"dbfdf769-3f47-4eba-bf06-f49cbd0dd8db",
	"00000000-0000-0000-0000-000000000000",
	'message',
	"e895f026-e358-4870-93b0-a96aa66ad63e",
	4,
	37);
INSERT INTO V_VAL
	VALUES ("61c6b2d3-da2d-42d7-bdc6-47b1eac8b63f",
	0,
	0,
	5,
	20,
	23,
	0,
	0,
	0,
	0,
	"ba5eda7a-def5-0000-0000-000000000008",
	"f84e5cd0-ea0a-4e6c-a294-12cd4e6e20b1");
INSERT INTO V_IRF
	VALUES ("61c6b2d3-da2d-42d7-bdc6-47b1eac8b63f",
	"f9dd9885-e513-46b8-8566-c892e0afe462");
INSERT INTO V_VAL
	VALUES ("e895f026-e358-4870-93b0-a96aa66ad63e",
	0,
	0,
	5,
	25,
	26,
	0,
	0,
	0,
	0,
	"ba5eda7a-def5-0000-0000-000000000005",
	"f84e5cd0-ea0a-4e6c-a294-12cd4e6e20b1");
INSERT INTO V_AVL
	VALUES ("e895f026-e358-4870-93b0-a96aa66ad63e",
	"61c6b2d3-da2d-42d7-bdc6-47b1eac8b63f",
	"7137c09d-ba0e-406b-b3b5-76bb3cc48f3d",
	"df46d3b5-7060-4611-8908-d535d035865a");
INSERT INTO V_PAR
	VALUES ("e895f026-e358-4870-93b0-a96aa66ad63e",
	"dbfdf769-3f47-4eba-bf06-f49cbd0dd8db",
	"00000000-0000-0000-0000-000000000000",
	'sessionID',
	"00000000-0000-0000-0000-000000000000",
	5,
	10);
INSERT INTO V_VAR
	VALUES ("f9dd9885-e513-46b8-8566-c892e0afe462",
	"f84e5cd0-ea0a-4e6c-a294-12cd4e6e20b1",
	'self',
	1,
	"ba5eda7a-def5-0000-0000-000000000008");
INSERT INTO V_INT
	VALUES ("f9dd9885-e513-46b8-8566-c892e0afe462",
	0,
	"7137c09d-ba0e-406b-b3b5-76bb3cc48f3d");
INSERT INTO V_LOC
	VALUES ("5c14c80b-40be-48c1-8018-ea2d422ecb15",
	5,
	20,
	23,
	"f9dd9885-e513-46b8-8566-c892e0afe462");
INSERT INTO SM_STATE
	VALUES ("ec664e05-8719-4277-966f-43d8cf4e3176",
	"c87b2dab-d00f-4d32-a5d3-d1e5b01c9cb3",
	"00000000-0000-0000-0000-000000000000",
	'selected',
	2,
	0);
INSERT INTO SM_CH
	VALUES ("ec664e05-8719-4277-966f-43d8cf4e3176",
	"463dc70c-f7bb-484c-8def-bd2056914139",
	"c87b2dab-d00f-4d32-a5d3-d1e5b01c9cb3",
	"00000000-0000-0000-0000-000000000000",
	'');
INSERT INTO SM_SEME
	VALUES ("ec664e05-8719-4277-966f-43d8cf4e3176",
	"463dc70c-f7bb-484c-8def-bd2056914139",
	"c87b2dab-d00f-4d32-a5d3-d1e5b01c9cb3",
	"00000000-0000-0000-0000-000000000000");
INSERT INTO SM_SEME
	VALUES ("ec664e05-8719-4277-966f-43d8cf4e3176",
	"2113072c-9fe7-4d67-8795-583d185185c1",
	"c87b2dab-d00f-4d32-a5d3-d1e5b01c9cb3",
	"00000000-0000-0000-0000-000000000000");
INSERT INTO SM_CH
	VALUES ("ec664e05-8719-4277-966f-43d8cf4e3176",
	"0e59bc59-c4a8-49b6-b5c2-bd2e2de4f771",
	"c87b2dab-d00f-4d32-a5d3-d1e5b01c9cb3",
	"00000000-0000-0000-0000-000000000000",
	'');
INSERT INTO SM_SEME
	VALUES ("ec664e05-8719-4277-966f-43d8cf4e3176",
	"0e59bc59-c4a8-49b6-b5c2-bd2e2de4f771",
	"c87b2dab-d00f-4d32-a5d3-d1e5b01c9cb3",
	"00000000-0000-0000-0000-000000000000");
INSERT INTO SM_CH
	VALUES ("ec664e05-8719-4277-966f-43d8cf4e3176",
	"9a883f49-b118-47b2-880c-373bfecf9218",
	"c87b2dab-d00f-4d32-a5d3-d1e5b01c9cb3",
	"00000000-0000-0000-0000-000000000000",
	'');
INSERT INTO SM_SEME
	VALUES ("ec664e05-8719-4277-966f-43d8cf4e3176",
	"9a883f49-b118-47b2-880c-373bfecf9218",
	"c87b2dab-d00f-4d32-a5d3-d1e5b01c9cb3",
	"00000000-0000-0000-0000-000000000000");
INSERT INTO SM_CH
	VALUES ("ec664e05-8719-4277-966f-43d8cf4e3176",
	"153a511b-c927-49fe-95d5-db518898883d",
	"c87b2dab-d00f-4d32-a5d3-d1e5b01c9cb3",
	"00000000-0000-0000-0000-000000000000",
	'');
INSERT INTO SM_SEME
	VALUES ("ec664e05-8719-4277-966f-43d8cf4e3176",
	"153a511b-c927-49fe-95d5-db518898883d",
	"c87b2dab-d00f-4d32-a5d3-d1e5b01c9cb3",
	"00000000-0000-0000-0000-000000000000");
INSERT INTO SM_CH
	VALUES ("ec664e05-8719-4277-966f-43d8cf4e3176",
	"459dadf1-a920-477f-b495-f73fd93f16e7",
	"c87b2dab-d00f-4d32-a5d3-d1e5b01c9cb3",
	"00000000-0000-0000-0000-000000000000",
	'');
INSERT INTO SM_SEME
	VALUES ("ec664e05-8719-4277-966f-43d8cf4e3176",
	"459dadf1-a920-477f-b495-f73fd93f16e7",
	"c87b2dab-d00f-4d32-a5d3-d1e5b01c9cb3",
	"00000000-0000-0000-0000-000000000000");
INSERT INTO SM_CH
	VALUES ("ec664e05-8719-4277-966f-43d8cf4e3176",
	"2abc1152-f6f1-440f-8291-2896e45ba380",
	"c87b2dab-d00f-4d32-a5d3-d1e5b01c9cb3",
	"00000000-0000-0000-0000-000000000000",
	'');
INSERT INTO SM_SEME
	VALUES ("ec664e05-8719-4277-966f-43d8cf4e3176",
	"2abc1152-f6f1-440f-8291-2896e45ba380",
	"c87b2dab-d00f-4d32-a5d3-d1e5b01c9cb3",
	"00000000-0000-0000-0000-000000000000");
INSERT INTO SM_CH
	VALUES ("ec664e05-8719-4277-966f-43d8cf4e3176",
	"5d2bc261-464e-4c96-88a1-0dcf2267fd8b",
	"c87b2dab-d00f-4d32-a5d3-d1e5b01c9cb3",
	"00000000-0000-0000-0000-000000000000",
	'');
INSERT INTO SM_SEME
	VALUES ("ec664e05-8719-4277-966f-43d8cf4e3176",
	"5d2bc261-464e-4c96-88a1-0dcf2267fd8b",
	"c87b2dab-d00f-4d32-a5d3-d1e5b01c9cb3",
	"00000000-0000-0000-0000-000000000000");
INSERT INTO SM_CH
	VALUES ("ec664e05-8719-4277-966f-43d8cf4e3176",
	"42a35ac4-7d83-4153-8c24-cc4699f29672",
	"c87b2dab-d00f-4d32-a5d3-d1e5b01c9cb3",
	"00000000-0000-0000-0000-000000000000",
	'');
INSERT INTO SM_SEME
	VALUES ("ec664e05-8719-4277-966f-43d8cf4e3176",
	"42a35ac4-7d83-4153-8c24-cc4699f29672",
	"c87b2dab-d00f-4d32-a5d3-d1e5b01c9cb3",
	"00000000-0000-0000-0000-000000000000");
INSERT INTO SM_CH
	VALUES ("ec664e05-8719-4277-966f-43d8cf4e3176",
	"2997b42d-5a67-49a7-8755-03fcc1613959",
	"c87b2dab-d00f-4d32-a5d3-d1e5b01c9cb3",
	"00000000-0000-0000-0000-000000000000",
	'');
INSERT INTO SM_SEME
	VALUES ("ec664e05-8719-4277-966f-43d8cf4e3176",
	"2997b42d-5a67-49a7-8755-03fcc1613959",
	"c87b2dab-d00f-4d32-a5d3-d1e5b01c9cb3",
	"00000000-0000-0000-0000-000000000000");
INSERT INTO SM_CH
	VALUES ("ec664e05-8719-4277-966f-43d8cf4e3176",
	"42aa2589-c5b2-474c-857d-d7afec638cef",
	"c87b2dab-d00f-4d32-a5d3-d1e5b01c9cb3",
	"00000000-0000-0000-0000-000000000000",
	'');
INSERT INTO SM_SEME
	VALUES ("ec664e05-8719-4277-966f-43d8cf4e3176",
	"42aa2589-c5b2-474c-857d-d7afec638cef",
	"c87b2dab-d00f-4d32-a5d3-d1e5b01c9cb3",
	"00000000-0000-0000-0000-000000000000");
INSERT INTO SM_MOAH
	VALUES ("e09f2adb-c3b8-49ef-82b6-8ce64830c08a",
	"c87b2dab-d00f-4d32-a5d3-d1e5b01c9cb3",
	"ec664e05-8719-4277-966f-43d8cf4e3176");
INSERT INTO SM_AH
	VALUES ("e09f2adb-c3b8-49ef-82b6-8ce64830c08a",
	"c87b2dab-d00f-4d32-a5d3-d1e5b01c9cb3");
INSERT INTO SM_ACT
	VALUES ("e09f2adb-c3b8-49ef-82b6-8ce64830c08a",
	"c87b2dab-d00f-4d32-a5d3-d1e5b01c9cb3",
	1,
	'select any ft from instances of FACILITYTYPE where selected.id == rcvd_evt.id;

self.facilityTypeSelected = rcvd_evt.id;
self.waiting = true;
generate BOOKINGSESSION_A2:requestSelectEvent(sessionID:self.ID) to  BOOKINGSESSION class;
',
	'');
INSERT INTO ACT_SAB
	VALUES ("c440092f-cd48-408b-b317-da1eb9904338",
	"c87b2dab-d00f-4d32-a5d3-d1e5b01c9cb3",
	"e09f2adb-c3b8-49ef-82b6-8ce64830c08a");
INSERT INTO ACT_ACT
	VALUES ("c440092f-cd48-408b-b317-da1eb9904338",
	'state',
	0,
	"237ebb21-4171-4a00-a10e-4b199dbd1eaa",
	"00000000-0000-0000-0000-000000000000",
	0,
	'BookingSession::selected',
	"00000000-0000-0000-0000-000000000000");
INSERT INTO ACT_BLK
	VALUES ("237ebb21-4171-4a00-a10e-4b199dbd1eaa",
	1,
	0,
	1,
	'',
	'sessionID',
	'sessionID',
	5,
	1,
	5,
	70,
	0,
	0,
	0,
	0,
	0,
	0,
	0,
	0,
	0,
	"c440092f-cd48-408b-b317-da1eb9904338",
	"00000000-0000-0000-0000-000000000000");
INSERT INTO ACT_SMT
	VALUES ("2902906c-be53-4d22-9ad0-bb9a10a71c77",
	"237ebb21-4171-4a00-a10e-4b199dbd1eaa",
	"b8652d47-bab4-4d3b-8b42-1d4b5de74067",
	1,
	1,
	'BookingSession::selected line: 1');
INSERT INTO ACT_FIW
	VALUES ("2902906c-be53-4d22-9ad0-bb9a10a71c77",
	"83204ffc-d12c-40ba-8f70-b3e9eb7caac2",
	1,
	'any',
	"a0e21bc1-2ea2-4ffb-b901-41b5a2bf27fa",
	"bafdc953-1881-43a3-a5f1-9dcc7e2d60c3",
	1,
	33);
INSERT INTO ACT_SMT
	VALUES ("b8652d47-bab4-4d3b-8b42-1d4b5de74067",
	"237ebb21-4171-4a00-a10e-4b199dbd1eaa",
	"88b6042a-4380-4c1d-9880-134704862aac",
	3,
	1,
	'BookingSession::selected line: 3');
INSERT INTO ACT_AI
	VALUES ("b8652d47-bab4-4d3b-8b42-1d4b5de74067",
	"eff59820-a2ef-466b-a7d0-adf6fca06b96",
	"ade488fd-62a9-47c2-88d8-55ba147ff4da",
	0,
	0);
INSERT INTO ACT_SMT
	VALUES ("88b6042a-4380-4c1d-9880-134704862aac",
	"237ebb21-4171-4a00-a10e-4b199dbd1eaa",
	"423a4cd6-0f34-49f8-85b2-a8e8518b17d3",
	4,
	1,
	'BookingSession::selected line: 4');
INSERT INTO ACT_AI
	VALUES ("88b6042a-4380-4c1d-9880-134704862aac",
	"f0025349-0f08-4430-a406-502d75f81c6f",
	"95e26504-f0b1-4a5c-a500-2325d3372638",
	0,
	0);
INSERT INTO ACT_SMT
	VALUES ("423a4cd6-0f34-49f8-85b2-a8e8518b17d3",
	"237ebb21-4171-4a00-a10e-4b199dbd1eaa",
	"00000000-0000-0000-0000-000000000000",
	5,
	1,
	'BookingSession::selected line: 5');
INSERT INTO E_ESS
	VALUES ("423a4cd6-0f34-49f8-85b2-a8e8518b17d3",
	1,
	0,
	5,
	10,
	5,
	28,
	5,
	70,
	5,
	47,
	0,
	0);
INSERT INTO V_PAR
	VALUES ("cb714ec5-393c-4530-9df8-66e7dae711e8",
	"423a4cd6-0f34-49f8-85b2-a8e8518b17d3",
	"00000000-0000-0000-0000-000000000000",
	'sessionID',
	"00000000-0000-0000-0000-000000000000",
	5,
	47);
INSERT INTO E_GES
	VALUES ("423a4cd6-0f34-49f8-85b2-a8e8518b17d3");
INSERT INTO E_GSME
	VALUES ("423a4cd6-0f34-49f8-85b2-a8e8518b17d3",
	"91b14f42-b9c7-401c-8dad-0d88e6c2ba0c");
INSERT INTO E_GAR
	VALUES ("423a4cd6-0f34-49f8-85b2-a8e8518b17d3");
INSERT INTO V_VAL
	VALUES ("ff1c745e-88f9-4696-a6eb-4ca3d9397570",
	0,
	0,
	1,
	52,
	-1,
	0,
	0,
	0,
	0,
	"ba5eda7a-def5-0000-0000-000000000008",
	"237ebb21-4171-4a00-a10e-4b199dbd1eaa");
INSERT INTO V_SLR
	VALUES ("ff1c745e-88f9-4696-a6eb-4ca3d9397570",
	"00000000-0000-0000-0000-000000000000",
	"00000000-0000-0000-0000-000000000000",
	"00000000-0000-0000-0000-000000000000");
INSERT INTO V_VAL
	VALUES ("85506ff4-196c-49f2-8148-31a9dc4fc81f",
	0,
	0,
	1,
	61,
	62,
	0,
	0,
	0,
	0,
	"ba5eda7a-def5-0000-0000-000000000002",
	"237ebb21-4171-4a00-a10e-4b199dbd1eaa");
INSERT INTO V_AVL
	VALUES ("85506ff4-196c-49f2-8148-31a9dc4fc81f",
	"ff1c745e-88f9-4696-a6eb-4ca3d9397570",
	"bafdc953-1881-43a3-a5f1-9dcc7e2d60c3",
	"c7050232-2f33-4247-8fc7-4866e3c7280d");
INSERT INTO V_VAL
	VALUES ("a0e21bc1-2ea2-4ffb-b901-41b5a2bf27fa",
	0,
	0,
	-1,
	-1,
	-1,
	0,
	0,
	0,
	0,
	"ba5eda7a-def5-0000-0000-000000000001",
	"237ebb21-4171-4a00-a10e-4b199dbd1eaa");
INSERT INTO V_BIN
	VALUES ("a0e21bc1-2ea2-4ffb-b901-41b5a2bf27fa",
	"cab1d0ba-0c43-48d4-b9f0-982abcd5b429",
	"85506ff4-196c-49f2-8148-31a9dc4fc81f",
	'==');
INSERT INTO V_VAL
	VALUES ("cab1d0ba-0c43-48d4-b9f0-982abcd5b429",
	0,
	0,
	1,
	76,
	77,
	0,
	0,
	0,
	0,
	"ba5eda7a-def5-0000-0000-000000000002",
	"237ebb21-4171-4a00-a10e-4b199dbd1eaa");
INSERT INTO V_EDV
	VALUES ("cab1d0ba-0c43-48d4-b9f0-982abcd5b429");
INSERT INTO V_EPR
	VALUES ("cab1d0ba-0c43-48d4-b9f0-982abcd5b429",
	"c87b2dab-d00f-4d32-a5d3-d1e5b01c9cb3",
	"2d43d56d-0986-465f-a7e7-0a40c6ca6c73",
	"00000000-0000-0000-0000-000000000000");
INSERT INTO V_EPR
	VALUES ("cab1d0ba-0c43-48d4-b9f0-982abcd5b429",
	"c87b2dab-d00f-4d32-a5d3-d1e5b01c9cb3",
	"2d43d56d-0986-465f-a7e7-0a40c6ca6c73",
	"00000000-0000-0000-0000-000000000000");
INSERT INTO V_VAL
	VALUES ("22d02c47-3807-4859-a668-ebe5e959754d",
	1,
	0,
	3,
	1,
	4,
	0,
	0,
	0,
	0,
	"ba5eda7a-def5-0000-0000-000000000008",
	"237ebb21-4171-4a00-a10e-4b199dbd1eaa");
INSERT INTO V_IRF
	VALUES ("22d02c47-3807-4859-a668-ebe5e959754d",
	"6104e1f3-1a39-4e62-8aba-607990b27735");
INSERT INTO V_VAL
	VALUES ("ade488fd-62a9-47c2-88d8-55ba147ff4da",
	1,
	0,
	3,
	6,
	25,
	0,
	0,
	0,
	0,
	"ba5eda7a-def5-0000-0000-000000000002",
	"237ebb21-4171-4a00-a10e-4b199dbd1eaa");
INSERT INTO V_AVL
	VALUES ("ade488fd-62a9-47c2-88d8-55ba147ff4da",
	"22d02c47-3807-4859-a668-ebe5e959754d",
	"7137c09d-ba0e-406b-b3b5-76bb3cc48f3d",
	"c891ea35-d39e-4dda-b8cb-bf7a5a9f3519");
INSERT INTO V_VAL
	VALUES ("eff59820-a2ef-466b-a7d0-adf6fca06b96",
	0,
	0,
	3,
	38,
	39,
	0,
	0,
	0,
	0,
	"ba5eda7a-def5-0000-0000-000000000002",
	"237ebb21-4171-4a00-a10e-4b199dbd1eaa");
INSERT INTO V_EDV
	VALUES ("eff59820-a2ef-466b-a7d0-adf6fca06b96");
INSERT INTO V_EPR
	VALUES ("eff59820-a2ef-466b-a7d0-adf6fca06b96",
	"c87b2dab-d00f-4d32-a5d3-d1e5b01c9cb3",
	"2d43d56d-0986-465f-a7e7-0a40c6ca6c73",
	"00000000-0000-0000-0000-000000000000");
INSERT INTO V_EPR
	VALUES ("eff59820-a2ef-466b-a7d0-adf6fca06b96",
	"c87b2dab-d00f-4d32-a5d3-d1e5b01c9cb3",
	"2d43d56d-0986-465f-a7e7-0a40c6ca6c73",
	"00000000-0000-0000-0000-000000000000");
INSERT INTO V_VAL
	VALUES ("fabb42ae-e60b-4100-86e9-a4249e503958",
	1,
	0,
	4,
	1,
	4,
	0,
	0,
	0,
	0,
	"ba5eda7a-def5-0000-0000-000000000008",
	"237ebb21-4171-4a00-a10e-4b199dbd1eaa");
INSERT INTO V_IRF
	VALUES ("fabb42ae-e60b-4100-86e9-a4249e503958",
	"6104e1f3-1a39-4e62-8aba-607990b27735");
INSERT INTO V_VAL
	VALUES ("95e26504-f0b1-4a5c-a500-2325d3372638",
	1,
	0,
	4,
	6,
	12,
	0,
	0,
	0,
	0,
	"ba5eda7a-def5-0000-0000-000000000001",
	"237ebb21-4171-4a00-a10e-4b199dbd1eaa");
INSERT INTO V_AVL
	VALUES ("95e26504-f0b1-4a5c-a500-2325d3372638",
	"fabb42ae-e60b-4100-86e9-a4249e503958",
	"7137c09d-ba0e-406b-b3b5-76bb3cc48f3d",
	"44019c1a-e63b-47df-ae57-90e39e485288");
INSERT INTO V_VAL
	VALUES ("f0025349-0f08-4430-a406-502d75f81c6f",
	0,
	0,
	-1,
	-1,
	-1,
	0,
	0,
	0,
	0,
	"ba5eda7a-def5-0000-0000-000000000001",
	"237ebb21-4171-4a00-a10e-4b199dbd1eaa");
INSERT INTO V_LBO
	VALUES ("f0025349-0f08-4430-a406-502d75f81c6f",
	'TRUE');
INSERT INTO V_VAL
	VALUES ("0f7df8a0-72df-447e-ba16-0a1e4d5f8c9d",
	0,
	0,
	5,
	57,
	60,
	0,
	0,
	0,
	0,
	"ba5eda7a-def5-0000-0000-000000000008",
	"237ebb21-4171-4a00-a10e-4b199dbd1eaa");
INSERT INTO V_IRF
	VALUES ("0f7df8a0-72df-447e-ba16-0a1e4d5f8c9d",
	"6104e1f3-1a39-4e62-8aba-607990b27735");
INSERT INTO V_VAL
	VALUES ("cb714ec5-393c-4530-9df8-66e7dae711e8",
	0,
	0,
	5,
	62,
	63,
	0,
	0,
	0,
	0,
	"ba5eda7a-def5-0000-0000-000000000005",
	"237ebb21-4171-4a00-a10e-4b199dbd1eaa");
INSERT INTO V_AVL
	VALUES ("cb714ec5-393c-4530-9df8-66e7dae711e8",
	"0f7df8a0-72df-447e-ba16-0a1e4d5f8c9d",
	"7137c09d-ba0e-406b-b3b5-76bb3cc48f3d",
	"df46d3b5-7060-4611-8908-d535d035865a");
INSERT INTO V_VAR
	VALUES ("83204ffc-d12c-40ba-8f70-b3e9eb7caac2",
	"237ebb21-4171-4a00-a10e-4b199dbd1eaa",
	'ft',
	1,
	"99dc6d1a-909c-4bcb-a5b6-04d65b974e90");
INSERT INTO V_INT
	VALUES ("83204ffc-d12c-40ba-8f70-b3e9eb7caac2",
	0,
	"bafdc953-1881-43a3-a5f1-9dcc7e2d60c3");
INSERT INTO V_LOC
	VALUES ("132589fa-d01b-44e2-b8fc-0d7312ae2537",
	1,
	12,
	13,
	"83204ffc-d12c-40ba-8f70-b3e9eb7caac2");
INSERT INTO V_VAR
	VALUES ("6104e1f3-1a39-4e62-8aba-607990b27735",
	"237ebb21-4171-4a00-a10e-4b199dbd1eaa",
	'self',
	1,
	"ba5eda7a-def5-0000-0000-000000000008");
INSERT INTO V_INT
	VALUES ("6104e1f3-1a39-4e62-8aba-607990b27735",
	0,
	"7137c09d-ba0e-406b-b3b5-76bb3cc48f3d");
INSERT INTO V_LOC
	VALUES ("59a960fc-3d0f-41b0-94a6-266b4d0db47c",
	3,
	1,
	4,
	"6104e1f3-1a39-4e62-8aba-607990b27735");
INSERT INTO V_LOC
	VALUES ("8826cf3e-9e1d-403a-ad15-4c5822c69686",
	4,
	1,
	4,
	"6104e1f3-1a39-4e62-8aba-607990b27735");
INSERT INTO V_LOC
	VALUES ("16ba2b50-462d-4d51-ae5a-195ccb94310e",
	5,
	57,
	60,
	"6104e1f3-1a39-4e62-8aba-607990b27735");
INSERT INTO SM_STATE
	VALUES ("0a2fd1bd-2d48-4562-b322-ca038ace3cef",
	"c87b2dab-d00f-4d32-a5d3-d1e5b01c9cb3",
	"00000000-0000-0000-0000-000000000000",
	'guestAdded',
	3,
	0);
INSERT INTO SM_CH
	VALUES ("0a2fd1bd-2d48-4562-b322-ca038ace3cef",
	"463dc70c-f7bb-484c-8def-bd2056914139",
	"c87b2dab-d00f-4d32-a5d3-d1e5b01c9cb3",
	"00000000-0000-0000-0000-000000000000",
	'');
INSERT INTO SM_SEME
	VALUES ("0a2fd1bd-2d48-4562-b322-ca038ace3cef",
	"463dc70c-f7bb-484c-8def-bd2056914139",
	"c87b2dab-d00f-4d32-a5d3-d1e5b01c9cb3",
	"00000000-0000-0000-0000-000000000000");
INSERT INTO SM_SEME
	VALUES ("0a2fd1bd-2d48-4562-b322-ca038ace3cef",
	"2113072c-9fe7-4d67-8795-583d185185c1",
	"c87b2dab-d00f-4d32-a5d3-d1e5b01c9cb3",
	"00000000-0000-0000-0000-000000000000");
INSERT INTO SM_SEME
	VALUES ("0a2fd1bd-2d48-4562-b322-ca038ace3cef",
	"0e59bc59-c4a8-49b6-b5c2-bd2e2de4f771",
	"c87b2dab-d00f-4d32-a5d3-d1e5b01c9cb3",
	"00000000-0000-0000-0000-000000000000");
INSERT INTO SM_SEME
	VALUES ("0a2fd1bd-2d48-4562-b322-ca038ace3cef",
	"9a883f49-b118-47b2-880c-373bfecf9218",
	"c87b2dab-d00f-4d32-a5d3-d1e5b01c9cb3",
	"00000000-0000-0000-0000-000000000000");
INSERT INTO SM_CH
	VALUES ("0a2fd1bd-2d48-4562-b322-ca038ace3cef",
	"153a511b-c927-49fe-95d5-db518898883d",
	"c87b2dab-d00f-4d32-a5d3-d1e5b01c9cb3",
	"00000000-0000-0000-0000-000000000000",
	'');
INSERT INTO SM_SEME
	VALUES ("0a2fd1bd-2d48-4562-b322-ca038ace3cef",
	"153a511b-c927-49fe-95d5-db518898883d",
	"c87b2dab-d00f-4d32-a5d3-d1e5b01c9cb3",
	"00000000-0000-0000-0000-000000000000");
INSERT INTO SM_CH
	VALUES ("0a2fd1bd-2d48-4562-b322-ca038ace3cef",
	"459dadf1-a920-477f-b495-f73fd93f16e7",
	"c87b2dab-d00f-4d32-a5d3-d1e5b01c9cb3",
	"00000000-0000-0000-0000-000000000000",
	'');
INSERT INTO SM_SEME
	VALUES ("0a2fd1bd-2d48-4562-b322-ca038ace3cef",
	"459dadf1-a920-477f-b495-f73fd93f16e7",
	"c87b2dab-d00f-4d32-a5d3-d1e5b01c9cb3",
	"00000000-0000-0000-0000-000000000000");
INSERT INTO SM_CH
	VALUES ("0a2fd1bd-2d48-4562-b322-ca038ace3cef",
	"2abc1152-f6f1-440f-8291-2896e45ba380",
	"c87b2dab-d00f-4d32-a5d3-d1e5b01c9cb3",
	"00000000-0000-0000-0000-000000000000",
	'');
INSERT INTO SM_SEME
	VALUES ("0a2fd1bd-2d48-4562-b322-ca038ace3cef",
	"2abc1152-f6f1-440f-8291-2896e45ba380",
	"c87b2dab-d00f-4d32-a5d3-d1e5b01c9cb3",
	"00000000-0000-0000-0000-000000000000");
INSERT INTO SM_CH
	VALUES ("0a2fd1bd-2d48-4562-b322-ca038ace3cef",
	"5d2bc261-464e-4c96-88a1-0dcf2267fd8b",
	"c87b2dab-d00f-4d32-a5d3-d1e5b01c9cb3",
	"00000000-0000-0000-0000-000000000000",
	'');
INSERT INTO SM_SEME
	VALUES ("0a2fd1bd-2d48-4562-b322-ca038ace3cef",
	"5d2bc261-464e-4c96-88a1-0dcf2267fd8b",
	"c87b2dab-d00f-4d32-a5d3-d1e5b01c9cb3",
	"00000000-0000-0000-0000-000000000000");
INSERT INTO SM_CH
	VALUES ("0a2fd1bd-2d48-4562-b322-ca038ace3cef",
	"42a35ac4-7d83-4153-8c24-cc4699f29672",
	"c87b2dab-d00f-4d32-a5d3-d1e5b01c9cb3",
	"00000000-0000-0000-0000-000000000000",
	'');
INSERT INTO SM_SEME
	VALUES ("0a2fd1bd-2d48-4562-b322-ca038ace3cef",
	"42a35ac4-7d83-4153-8c24-cc4699f29672",
	"c87b2dab-d00f-4d32-a5d3-d1e5b01c9cb3",
	"00000000-0000-0000-0000-000000000000");
INSERT INTO SM_CH
	VALUES ("0a2fd1bd-2d48-4562-b322-ca038ace3cef",
	"2997b42d-5a67-49a7-8755-03fcc1613959",
	"c87b2dab-d00f-4d32-a5d3-d1e5b01c9cb3",
	"00000000-0000-0000-0000-000000000000",
	'');
INSERT INTO SM_SEME
	VALUES ("0a2fd1bd-2d48-4562-b322-ca038ace3cef",
	"2997b42d-5a67-49a7-8755-03fcc1613959",
	"c87b2dab-d00f-4d32-a5d3-d1e5b01c9cb3",
	"00000000-0000-0000-0000-000000000000");
INSERT INTO SM_CH
	VALUES ("0a2fd1bd-2d48-4562-b322-ca038ace3cef",
	"42aa2589-c5b2-474c-857d-d7afec638cef",
	"c87b2dab-d00f-4d32-a5d3-d1e5b01c9cb3",
	"00000000-0000-0000-0000-000000000000",
	'');
INSERT INTO SM_SEME
	VALUES ("0a2fd1bd-2d48-4562-b322-ca038ace3cef",
	"42aa2589-c5b2-474c-857d-d7afec638cef",
	"c87b2dab-d00f-4d32-a5d3-d1e5b01c9cb3",
	"00000000-0000-0000-0000-000000000000");
INSERT INTO SM_MOAH
	VALUES ("2232bc33-de11-4ec7-b257-f8c79d218a20",
	"c87b2dab-d00f-4d32-a5d3-d1e5b01c9cb3",
	"0a2fd1bd-2d48-4562-b322-ca038ace3cef");
INSERT INTO SM_AH
	VALUES ("2232bc33-de11-4ec7-b257-f8c79d218a20",
	"c87b2dab-d00f-4d32-a5d3-d1e5b01c9cb3");
INSERT INTO SM_ACT
	VALUES ("2232bc33-de11-4ec7-b257-f8c79d218a20",
	"c87b2dab-d00f-4d32-a5d3-d1e5b01c9cb3",
	1,
	'create object instance g of GUEST;
g.age = rcvd_evt.age;
g.name = rcvd_evt.name;

select one b related by self->BOOKING[R26];

	relate g to b across R15;
	f = self.tmpFacility;
if(not empty f)
	relate f to g across R16;
	send BookingProvider::confirmSignal(sessionID:self.ID,
										message: "H: guestAddEvt: Success, added guest");
else
	send BookingProvider::errorSignal(sessionID:self.ID,
									  message: "H: guestAddedEvent: no facility selected, should never happen");
									  
end if;',
	'');
INSERT INTO ACT_SAB
	VALUES ("2b46bee8-cd98-4e14-b0b8-fb83c882611a",
	"c87b2dab-d00f-4d32-a5d3-d1e5b01c9cb3",
	"2232bc33-de11-4ec7-b257-f8c79d218a20");
INSERT INTO ACT_ACT
	VALUES ("2b46bee8-cd98-4e14-b0b8-fb83c882611a",
	'state',
	0,
	"7834eb7d-7f81-4944-92d1-e98336cae2f4",
	"00000000-0000-0000-0000-000000000000",
	0,
	'BookingSession::guestAdded',
	"00000000-0000-0000-0000-000000000000");
INSERT INTO ACT_BLK
	VALUES ("7834eb7d-7f81-4944-92d1-e98336cae2f4",
	1,
	0,
	0,
	'',
	'',
	'',
	13,
	1,
	5,
	31,
	0,
	0,
	7,
	23,
	0,
	0,
	0,
	0,
	0,
	"2b46bee8-cd98-4e14-b0b8-fb83c882611a",
	"00000000-0000-0000-0000-000000000000");
INSERT INTO ACT_SMT
	VALUES ("e0db0940-7a0f-40a1-bb98-b17d25b27f4e",
	"7834eb7d-7f81-4944-92d1-e98336cae2f4",
	"e721c1c7-e4ea-4e77-9d9b-2b072b907c12",
	1,
	1,
	'BookingSession::guestAdded line: 1');
INSERT INTO ACT_CR
	VALUES ("e0db0940-7a0f-40a1-bb98-b17d25b27f4e",
	"a873f963-52f6-4ddb-8f56-60c12f34ed1f",
	1,
	"9309978f-bd81-4f9f-96e9-b124c945fbf1",
	1,
	29);
INSERT INTO ACT_SMT
	VALUES ("e721c1c7-e4ea-4e77-9d9b-2b072b907c12",
	"7834eb7d-7f81-4944-92d1-e98336cae2f4",
	"7694a433-ef04-4f90-b254-107b2957eda6",
	2,
	1,
	'BookingSession::guestAdded line: 2');
INSERT INTO ACT_AI
	VALUES ("e721c1c7-e4ea-4e77-9d9b-2b072b907c12",
	"046c5ed3-bb00-4096-8a43-fb9e1c375528",
	"3e25bc9c-64ea-462b-9bc4-49f96912eb53",
	0,
	0);
INSERT INTO ACT_SMT
	VALUES ("7694a433-ef04-4f90-b254-107b2957eda6",
	"7834eb7d-7f81-4944-92d1-e98336cae2f4",
	"79bdb600-42b5-498a-8784-2fbfe040f0ed",
	3,
	1,
	'BookingSession::guestAdded line: 3');
INSERT INTO ACT_AI
	VALUES ("7694a433-ef04-4f90-b254-107b2957eda6",
	"fc29b06d-e56c-4c49-aa8c-5a276ebc0153",
	"d236655a-0123-4499-a2e4-6eee52d676ac",
	0,
	0);
INSERT INTO ACT_SMT
	VALUES ("79bdb600-42b5-498a-8784-2fbfe040f0ed",
	"7834eb7d-7f81-4944-92d1-e98336cae2f4",
	"3d171fba-6fc7-4d5b-b1a1-ccbff76617cd",
	5,
	1,
	'BookingSession::guestAdded line: 5');
INSERT INTO ACT_SEL
	VALUES ("79bdb600-42b5-498a-8784-2fbfe040f0ed",
	"02f9f202-bcf9-4096-b51e-5aa7fd88cb82",
	1,
	'one',
	"ee65fd8c-78db-4078-b3f4-61bebd18e662");
INSERT INTO ACT_SR
	VALUES ("79bdb600-42b5-498a-8784-2fbfe040f0ed");
INSERT INTO ACT_LNK
	VALUES ("984bb361-4cdc-43bd-b905-f3b7e54b00a6",
	'',
	"79bdb600-42b5-498a-8784-2fbfe040f0ed",
	"a30fd0d6-3586-438e-8d6d-b3d3b14c0f03",
	"00000000-0000-0000-0000-000000000000",
	2,
	"9a41fe9e-f547-4cde-b68d-f7db43c904dc",
	5,
	31,
	5,
	39,
	0,
	0);
INSERT INTO ACT_SMT
	VALUES ("3d171fba-6fc7-4d5b-b1a1-ccbff76617cd",
	"7834eb7d-7f81-4944-92d1-e98336cae2f4",
	"0a413c41-cf15-48a9-909a-ed32cc3c7dd4",
	7,
	2,
	'BookingSession::guestAdded line: 7');
INSERT INTO ACT_REL
	VALUES ("3d171fba-6fc7-4d5b-b1a1-ccbff76617cd",
	"a873f963-52f6-4ddb-8f56-60c12f34ed1f",
	"02f9f202-bcf9-4096-b51e-5aa7fd88cb82",
	'',
	"04439075-ebac-4bb8-8ccd-793e4071228c",
	7,
	23,
	0,
	0);
INSERT INTO ACT_SMT
	VALUES ("0a413c41-cf15-48a9-909a-ed32cc3c7dd4",
	"7834eb7d-7f81-4944-92d1-e98336cae2f4",
	"abfc4edb-8079-42a2-87e2-f43df3aec099",
	8,
	2,
	'BookingSession::guestAdded line: 8');
INSERT INTO ACT_AI
	VALUES ("0a413c41-cf15-48a9-909a-ed32cc3c7dd4",
	"807a898a-be35-4610-b7ea-387103341b4b",
	"e1817151-9883-4aab-93b9-ebbd2745ad46",
	0,
	0);
INSERT INTO ACT_SMT
	VALUES ("abfc4edb-8079-42a2-87e2-f43df3aec099",
	"7834eb7d-7f81-4944-92d1-e98336cae2f4",
	"00000000-0000-0000-0000-000000000000",
	9,
	1,
	'BookingSession::guestAdded line: 9');
INSERT INTO ACT_IF
	VALUES ("abfc4edb-8079-42a2-87e2-f43df3aec099",
	"53895a3a-7b62-4902-8865-2fb17bdfed6a",
	"56c14199-deff-44dd-a7a8-60529db30308",
	"00000000-0000-0000-0000-000000000000",
	"00000000-0000-0000-0000-000000000000");
INSERT INTO ACT_SMT
	VALUES ("cee73ebb-3cfc-49a0-823f-dfa09760469a",
	"7834eb7d-7f81-4944-92d1-e98336cae2f4",
	"00000000-0000-0000-0000-000000000000",
	13,
	1,
	'BookingSession::guestAdded line: 13');
INSERT INTO ACT_E
	VALUES ("cee73ebb-3cfc-49a0-823f-dfa09760469a",
	"714b2842-9cd1-45ed-9239-ca98db41c151",
	"abfc4edb-8079-42a2-87e2-f43df3aec099");
INSERT INTO V_VAL
	VALUES ("a6c5e603-70f7-4f34-85da-7a943c344893",
	1,
	0,
	2,
	1,
	1,
	0,
	0,
	0,
	0,
	"ba5eda7a-def5-0000-0000-000000000008",
	"7834eb7d-7f81-4944-92d1-e98336cae2f4");
INSERT INTO V_IRF
	VALUES ("a6c5e603-70f7-4f34-85da-7a943c344893",
	"a873f963-52f6-4ddb-8f56-60c12f34ed1f");
INSERT INTO V_VAL
	VALUES ("3e25bc9c-64ea-462b-9bc4-49f96912eb53",
	1,
	0,
	2,
	3,
	5,
	0,
	0,
	0,
	0,
	"ba5eda7a-def5-0000-0000-000000000002",
	"7834eb7d-7f81-4944-92d1-e98336cae2f4");
INSERT INTO V_AVL
	VALUES ("3e25bc9c-64ea-462b-9bc4-49f96912eb53",
	"a6c5e603-70f7-4f34-85da-7a943c344893",
	"9309978f-bd81-4f9f-96e9-b124c945fbf1",
	"559211bd-fddf-44c5-9d11-96cb7183956d");
INSERT INTO V_VAL
	VALUES ("046c5ed3-bb00-4096-8a43-fb9e1c375528",
	0,
	0,
	2,
	18,
	20,
	0,
	0,
	0,
	0,
	"ba5eda7a-def5-0000-0000-000000000002",
	"7834eb7d-7f81-4944-92d1-e98336cae2f4");
INSERT INTO V_EDV
	VALUES ("046c5ed3-bb00-4096-8a43-fb9e1c375528");
INSERT INTO V_EPR
	VALUES ("046c5ed3-bb00-4096-8a43-fb9e1c375528",
	"c87b2dab-d00f-4d32-a5d3-d1e5b01c9cb3",
	"1a61f794-8699-4899-864e-ff962d264dd7",
	"00000000-0000-0000-0000-000000000000");
INSERT INTO V_EPR
	VALUES ("046c5ed3-bb00-4096-8a43-fb9e1c375528",
	"c87b2dab-d00f-4d32-a5d3-d1e5b01c9cb3",
	"1a61f794-8699-4899-864e-ff962d264dd7",
	"00000000-0000-0000-0000-000000000000");
INSERT INTO V_VAL
	VALUES ("bc4bec25-93d9-40bc-9be1-47a4241481e3",
	1,
	0,
	3,
	1,
	1,
	0,
	0,
	0,
	0,
	"ba5eda7a-def5-0000-0000-000000000008",
	"7834eb7d-7f81-4944-92d1-e98336cae2f4");
INSERT INTO V_IRF
	VALUES ("bc4bec25-93d9-40bc-9be1-47a4241481e3",
	"a873f963-52f6-4ddb-8f56-60c12f34ed1f");
INSERT INTO V_VAL
	VALUES ("d236655a-0123-4499-a2e4-6eee52d676ac",
	1,
	0,
	3,
	3,
	6,
	0,
	0,
	0,
	0,
	"ba5eda7a-def5-0000-0000-000000000004",
	"7834eb7d-7f81-4944-92d1-e98336cae2f4");
INSERT INTO V_AVL
	VALUES ("d236655a-0123-4499-a2e4-6eee52d676ac",
	"bc4bec25-93d9-40bc-9be1-47a4241481e3",
	"9309978f-bd81-4f9f-96e9-b124c945fbf1",
	"36028530-8e9f-4cac-9d21-dc774eb26d1a");
INSERT INTO V_VAL
	VALUES ("fc29b06d-e56c-4c49-aa8c-5a276ebc0153",
	0,
	0,
	3,
	19,
	22,
	0,
	0,
	0,
	0,
	"ba5eda7a-def5-0000-0000-000000000004",
	"7834eb7d-7f81-4944-92d1-e98336cae2f4");
INSERT INTO V_EDV
	VALUES ("fc29b06d-e56c-4c49-aa8c-5a276ebc0153");
INSERT INTO V_EPR
	VALUES ("fc29b06d-e56c-4c49-aa8c-5a276ebc0153",
	"c87b2dab-d00f-4d32-a5d3-d1e5b01c9cb3",
	"0d93db72-2d98-490d-b997-cfb6221190be",
	"00000000-0000-0000-0000-000000000000");
INSERT INTO V_EPR
	VALUES ("fc29b06d-e56c-4c49-aa8c-5a276ebc0153",
	"c87b2dab-d00f-4d32-a5d3-d1e5b01c9cb3",
	"0d93db72-2d98-490d-b997-cfb6221190be",
	"00000000-0000-0000-0000-000000000000");
INSERT INTO V_VAL
	VALUES ("ee65fd8c-78db-4078-b3f4-61bebd18e662",
	0,
	0,
	5,
	25,
	28,
	0,
	0,
	0,
	0,
	"ba5eda7a-def5-0000-0000-000000000008",
	"7834eb7d-7f81-4944-92d1-e98336cae2f4");
INSERT INTO V_IRF
	VALUES ("ee65fd8c-78db-4078-b3f4-61bebd18e662",
	"aec2064f-eb7d-48e8-a4c8-7af7e152881a");
INSERT INTO V_VAL
	VALUES ("e1817151-9883-4aab-93b9-ebbd2745ad46",
	1,
	1,
	8,
	2,
	2,
	0,
	0,
	0,
	0,
	"bd43dc09-3be2-4ae8-806d-bedb08b1e03c",
	"7834eb7d-7f81-4944-92d1-e98336cae2f4");
INSERT INTO V_IRF
	VALUES ("e1817151-9883-4aab-93b9-ebbd2745ad46",
	"18f13966-03bd-446c-88b7-5fe3a993020a");
INSERT INTO V_VAL
	VALUES ("810107b1-e7d5-4b67-a436-9b7860947127",
	0,
	0,
	8,
	6,
	9,
	0,
	0,
	0,
	0,
	"ba5eda7a-def5-0000-0000-000000000008",
	"7834eb7d-7f81-4944-92d1-e98336cae2f4");
INSERT INTO V_IRF
	VALUES ("810107b1-e7d5-4b67-a436-9b7860947127",
	"aec2064f-eb7d-48e8-a4c8-7af7e152881a");
INSERT INTO V_VAL
	VALUES ("807a898a-be35-4610-b7ea-387103341b4b",
	0,
	0,
	8,
	11,
	21,
	0,
	0,
	0,
	0,
	"bd43dc09-3be2-4ae8-806d-bedb08b1e03c",
	"7834eb7d-7f81-4944-92d1-e98336cae2f4");
INSERT INTO V_AVL
	VALUES ("807a898a-be35-4610-b7ea-387103341b4b",
	"810107b1-e7d5-4b67-a436-9b7860947127",
	"7137c09d-ba0e-406b-b3b5-76bb3cc48f3d",
	"498195f4-1880-4554-8893-31dababdda26");
INSERT INTO V_VAL
	VALUES ("612c7db1-0afc-4155-910e-a67263bdc3ef",
	0,
	0,
	9,
	14,
	14,
	0,
	0,
	0,
	0,
	"bd43dc09-3be2-4ae8-806d-bedb08b1e03c",
	"7834eb7d-7f81-4944-92d1-e98336cae2f4");
INSERT INTO V_IRF
	VALUES ("612c7db1-0afc-4155-910e-a67263bdc3ef",
	"18f13966-03bd-446c-88b7-5fe3a993020a");
INSERT INTO V_VAL
	VALUES ("4bb83a01-1ce3-45ba-9ec4-b3e4410c78bf",
	0,
	0,
	-1,
	-1,
	-1,
	0,
	0,
	0,
	0,
	"ba5eda7a-def5-0000-0000-000000000001",
	"7834eb7d-7f81-4944-92d1-e98336cae2f4");
INSERT INTO V_UNY
	VALUES ("4bb83a01-1ce3-45ba-9ec4-b3e4410c78bf",
	"612c7db1-0afc-4155-910e-a67263bdc3ef",
	'empty');
INSERT INTO V_VAL
	VALUES ("56c14199-deff-44dd-a7a8-60529db30308",
	0,
	0,
	-1,
	-1,
	-1,
	0,
	0,
	0,
	0,
	"ba5eda7a-def5-0000-0000-000000000001",
	"7834eb7d-7f81-4944-92d1-e98336cae2f4");
INSERT INTO V_UNY
	VALUES ("56c14199-deff-44dd-a7a8-60529db30308",
	"4bb83a01-1ce3-45ba-9ec4-b3e4410c78bf",
	'not');
INSERT INTO V_VAR
	VALUES ("a873f963-52f6-4ddb-8f56-60c12f34ed1f",
	"7834eb7d-7f81-4944-92d1-e98336cae2f4",
	'g',
	1,
	"ba5eda7a-def5-0000-0000-000000000008");
INSERT INTO V_INT
	VALUES ("a873f963-52f6-4ddb-8f56-60c12f34ed1f",
	0,
	"9309978f-bd81-4f9f-96e9-b124c945fbf1");
INSERT INTO V_LOC
	VALUES ("51403be9-c049-49b8-8bd5-ba9abac4fdab",
	1,
	24,
	24,
	"a873f963-52f6-4ddb-8f56-60c12f34ed1f");
INSERT INTO V_LOC
	VALUES ("8c453668-2093-468e-b7bc-1cba95a9da17",
	2,
	1,
	1,
	"a873f963-52f6-4ddb-8f56-60c12f34ed1f");
INSERT INTO V_LOC
	VALUES ("168fb1a2-cf01-4b26-8958-8aca90b8a098",
	3,
	1,
	1,
	"a873f963-52f6-4ddb-8f56-60c12f34ed1f");
INSERT INTO V_LOC
	VALUES ("f9bede20-47ca-4c34-ba5b-767eb30fa6cb",
	7,
	9,
	9,
	"a873f963-52f6-4ddb-8f56-60c12f34ed1f");
INSERT INTO V_LOC
	VALUES ("4cf9ea28-0fed-48ff-a770-8091f6dfb278",
	10,
	14,
	14,
	"a873f963-52f6-4ddb-8f56-60c12f34ed1f");
INSERT INTO V_VAR
	VALUES ("02f9f202-bcf9-4096-b51e-5aa7fd88cb82",
	"7834eb7d-7f81-4944-92d1-e98336cae2f4",
	'b',
	1,
	"433f7688-7b95-4f9c-89f1-cf076d691ab7");
INSERT INTO V_INT
	VALUES ("02f9f202-bcf9-4096-b51e-5aa7fd88cb82",
	0,
	"9a41fe9e-f547-4cde-b68d-f7db43c904dc");
INSERT INTO V_LOC
	VALUES ("251e8c6e-8dfe-46ed-81ce-db5666f2cadd",
	5,
	12,
	12,
	"02f9f202-bcf9-4096-b51e-5aa7fd88cb82");
INSERT INTO V_LOC
	VALUES ("52e3f31e-a2c8-4665-bdc3-3b69fcdc790f",
	7,
	14,
	14,
	"02f9f202-bcf9-4096-b51e-5aa7fd88cb82");
INSERT INTO V_VAR
	VALUES ("aec2064f-eb7d-48e8-a4c8-7af7e152881a",
	"7834eb7d-7f81-4944-92d1-e98336cae2f4",
	'self',
	1,
	"ba5eda7a-def5-0000-0000-000000000008");
INSERT INTO V_INT
	VALUES ("aec2064f-eb7d-48e8-a4c8-7af7e152881a",
	0,
	"7137c09d-ba0e-406b-b3b5-76bb3cc48f3d");
INSERT INTO V_LOC
	VALUES ("890aea74-c686-458f-80a0-c19209929d49",
	8,
	6,
	9,
	"aec2064f-eb7d-48e8-a4c8-7af7e152881a");
INSERT INTO V_LOC
	VALUES ("b6f51b26-413d-45ec-a52d-3889354b083c",
	11,
	48,
	51,
	"aec2064f-eb7d-48e8-a4c8-7af7e152881a");
INSERT INTO V_LOC
	VALUES ("5b436e1b-ee5d-4fe1-9b1f-88086f349dc1",
	14,
	46,
	49,
	"aec2064f-eb7d-48e8-a4c8-7af7e152881a");
INSERT INTO V_VAR
	VALUES ("18f13966-03bd-446c-88b7-5fe3a993020a",
	"7834eb7d-7f81-4944-92d1-e98336cae2f4",
	'f',
	1,
	"bd43dc09-3be2-4ae8-806d-bedb08b1e03c");
INSERT INTO V_INT
	VALUES ("18f13966-03bd-446c-88b7-5fe3a993020a",
	0,
	"4b839513-bd70-4d73-85ed-c06b10ee091a");
INSERT INTO V_LOC
	VALUES ("2f61cc26-7076-4b11-a560-8b00b8e64cb4",
	8,
	2,
	2,
	"18f13966-03bd-446c-88b7-5fe3a993020a");
INSERT INTO V_LOC
	VALUES ("1aee6947-8ca5-434a-b980-a71d4bd3dc23",
	10,
	9,
	9,
	"18f13966-03bd-446c-88b7-5fe3a993020a");
INSERT INTO ACT_BLK
	VALUES ("53895a3a-7b62-4902-8865-2fb17bdfed6a",
	0,
	0,
	0,
	'BookingProvider',
	'',
	'',
	11,
	2,
	11,
	7,
	0,
	0,
	10,
	23,
	0,
	0,
	0,
	0,
	0,
	"2b46bee8-cd98-4e14-b0b8-fb83c882611a",
	"00000000-0000-0000-0000-000000000000");
INSERT INTO ACT_SMT
	VALUES ("9d30f935-610a-4c1b-b49d-1c0f1b3e8150",
	"53895a3a-7b62-4902-8865-2fb17bdfed6a",
	"3fc7fc2a-d1f7-46f7-9122-17f81ecd1227",
	10,
	2,
	'BookingSession::guestAdded line: 10');
INSERT INTO ACT_REL
	VALUES ("9d30f935-610a-4c1b-b49d-1c0f1b3e8150",
	"18f13966-03bd-446c-88b7-5fe3a993020a",
	"a873f963-52f6-4ddb-8f56-60c12f34ed1f",
	'',
	"52b0eaa5-a352-460e-8eff-763b9460a089",
	10,
	23,
	0,
	0);
INSERT INTO ACT_SMT
	VALUES ("3fc7fc2a-d1f7-46f7-9122-17f81ecd1227",
	"53895a3a-7b62-4902-8865-2fb17bdfed6a",
	"00000000-0000-0000-0000-000000000000",
	11,
	2,
	'BookingSession::guestAdded line: 11');
INSERT INTO ACT_SGN
	VALUES ("3fc7fc2a-d1f7-46f7-9122-17f81ecd1227",
	11,
	24,
	11,
	7,
	"adf84adb-26cf-413b-bd98-e3ff7028bfbd",
	"00000000-0000-0000-0000-000000000000",
	"00000000-0000-0000-0000-000000000000");
INSERT INTO V_VAL
	VALUES ("abf7ec86-76b0-482f-baea-eee8304b81d4",
	0,
	0,
	11,
	48,
	51,
	0,
	0,
	0,
	0,
	"ba5eda7a-def5-0000-0000-000000000008",
	"53895a3a-7b62-4902-8865-2fb17bdfed6a");
INSERT INTO V_IRF
	VALUES ("abf7ec86-76b0-482f-baea-eee8304b81d4",
	"aec2064f-eb7d-48e8-a4c8-7af7e152881a");
INSERT INTO V_VAL
	VALUES ("39a8f974-2cfb-43eb-9142-5c21ff26d0e6",
	0,
	0,
	11,
	53,
	54,
	0,
	0,
	0,
	0,
	"ba5eda7a-def5-0000-0000-000000000005",
	"53895a3a-7b62-4902-8865-2fb17bdfed6a");
INSERT INTO V_AVL
	VALUES ("39a8f974-2cfb-43eb-9142-5c21ff26d0e6",
	"abf7ec86-76b0-482f-baea-eee8304b81d4",
	"7137c09d-ba0e-406b-b3b5-76bb3cc48f3d",
	"df46d3b5-7060-4611-8908-d535d035865a");
INSERT INTO V_PAR
	VALUES ("39a8f974-2cfb-43eb-9142-5c21ff26d0e6",
	"3fc7fc2a-d1f7-46f7-9122-17f81ecd1227",
	"00000000-0000-0000-0000-000000000000",
	'sessionID',
	"13c3b999-0a4c-468d-9714-754e9f1a6eb2",
	11,
	38);
INSERT INTO V_VAL
	VALUES ("13c3b999-0a4c-468d-9714-754e9f1a6eb2",
	0,
	0,
	12,
	20,
	56,
	0,
	0,
	0,
	0,
	"ba5eda7a-def5-0000-0000-000000000004",
	"53895a3a-7b62-4902-8865-2fb17bdfed6a");
INSERT INTO V_LST
	VALUES ("13c3b999-0a4c-468d-9714-754e9f1a6eb2",
	'H: guestAddEvt: Success, added guest');
INSERT INTO V_PAR
	VALUES ("13c3b999-0a4c-468d-9714-754e9f1a6eb2",
	"3fc7fc2a-d1f7-46f7-9122-17f81ecd1227",
	"00000000-0000-0000-0000-000000000000",
	'message',
	"00000000-0000-0000-0000-000000000000",
	12,
	11);
INSERT INTO ACT_BLK
	VALUES ("714b2842-9cd1-45ed-9239-ca98db41c151",
	0,
	0,
	0,
	'BookingProvider',
	'',
	'',
	14,
	2,
	14,
	7,
	0,
	0,
	0,
	0,
	0,
	0,
	0,
	0,
	0,
	"2b46bee8-cd98-4e14-b0b8-fb83c882611a",
	"00000000-0000-0000-0000-000000000000");
INSERT INTO ACT_SMT
	VALUES ("ba2686be-928d-4ba5-b9c0-1da2b880d8f3",
	"714b2842-9cd1-45ed-9239-ca98db41c151",
	"00000000-0000-0000-0000-000000000000",
	14,
	2,
	'BookingSession::guestAdded line: 14');
INSERT INTO ACT_SGN
	VALUES ("ba2686be-928d-4ba5-b9c0-1da2b880d8f3",
	14,
	24,
	14,
	7,
	"6752f1fb-4d87-4e38-a4d2-a76b30240df9",
	"00000000-0000-0000-0000-000000000000",
	"00000000-0000-0000-0000-000000000000");
INSERT INTO V_VAL
	VALUES ("8736b71a-fdfa-4aea-a553-712452a48b7c",
	0,
	0,
	14,
	46,
	49,
	0,
	0,
	0,
	0,
	"ba5eda7a-def5-0000-0000-000000000008",
	"714b2842-9cd1-45ed-9239-ca98db41c151");
INSERT INTO V_IRF
	VALUES ("8736b71a-fdfa-4aea-a553-712452a48b7c",
	"aec2064f-eb7d-48e8-a4c8-7af7e152881a");
INSERT INTO V_VAL
	VALUES ("d715377f-bebd-41cd-8421-3793850b4f5d",
	0,
	0,
	14,
	51,
	52,
	0,
	0,
	0,
	0,
	"ba5eda7a-def5-0000-0000-000000000005",
	"714b2842-9cd1-45ed-9239-ca98db41c151");
INSERT INTO V_AVL
	VALUES ("d715377f-bebd-41cd-8421-3793850b4f5d",
	"8736b71a-fdfa-4aea-a553-712452a48b7c",
	"7137c09d-ba0e-406b-b3b5-76bb3cc48f3d",
	"df46d3b5-7060-4611-8908-d535d035865a");
INSERT INTO V_PAR
	VALUES ("d715377f-bebd-41cd-8421-3793850b4f5d",
	"ba2686be-928d-4ba5-b9c0-1da2b880d8f3",
	"00000000-0000-0000-0000-000000000000",
	'sessionID',
	"c6bba3f3-ea72-478b-b9f7-1d25c30d4f8b",
	14,
	36);
INSERT INTO V_VAL
	VALUES ("c6bba3f3-ea72-478b-b9f7-1d25c30d4f8b",
	0,
	0,
	15,
	21,
	82,
	0,
	0,
	0,
	0,
	"ba5eda7a-def5-0000-0000-000000000004",
	"714b2842-9cd1-45ed-9239-ca98db41c151");
INSERT INTO V_LST
	VALUES ("c6bba3f3-ea72-478b-b9f7-1d25c30d4f8b",
	'H: guestAddedEvent: no facility selected, should never happen');
INSERT INTO V_PAR
	VALUES ("c6bba3f3-ea72-478b-b9f7-1d25c30d4f8b",
	"ba2686be-928d-4ba5-b9c0-1da2b880d8f3",
	"00000000-0000-0000-0000-000000000000",
	'message',
	"00000000-0000-0000-0000-000000000000",
	15,
	12);
INSERT INTO SM_STATE
	VALUES ("5ba9883b-4a7b-40ed-a541-d3bba232f55a",
	"c87b2dab-d00f-4d32-a5d3-d1e5b01c9cb3",
	"00000000-0000-0000-0000-000000000000",
	'addService',
	4,
	0);
INSERT INTO SM_CH
	VALUES ("5ba9883b-4a7b-40ed-a541-d3bba232f55a",
	"463dc70c-f7bb-484c-8def-bd2056914139",
	"c87b2dab-d00f-4d32-a5d3-d1e5b01c9cb3",
	"00000000-0000-0000-0000-000000000000",
	'');
INSERT INTO SM_SEME
	VALUES ("5ba9883b-4a7b-40ed-a541-d3bba232f55a",
	"463dc70c-f7bb-484c-8def-bd2056914139",
	"c87b2dab-d00f-4d32-a5d3-d1e5b01c9cb3",
	"00000000-0000-0000-0000-000000000000");
INSERT INTO SM_CH
	VALUES ("5ba9883b-4a7b-40ed-a541-d3bba232f55a",
	"2113072c-9fe7-4d67-8795-583d185185c1",
	"c87b2dab-d00f-4d32-a5d3-d1e5b01c9cb3",
	"00000000-0000-0000-0000-000000000000",
	'');
INSERT INTO SM_SEME
	VALUES ("5ba9883b-4a7b-40ed-a541-d3bba232f55a",
	"2113072c-9fe7-4d67-8795-583d185185c1",
	"c87b2dab-d00f-4d32-a5d3-d1e5b01c9cb3",
	"00000000-0000-0000-0000-000000000000");
INSERT INTO SM_SEME
	VALUES ("5ba9883b-4a7b-40ed-a541-d3bba232f55a",
	"0e59bc59-c4a8-49b6-b5c2-bd2e2de4f771",
	"c87b2dab-d00f-4d32-a5d3-d1e5b01c9cb3",
	"00000000-0000-0000-0000-000000000000");
INSERT INTO SM_SEME
	VALUES ("5ba9883b-4a7b-40ed-a541-d3bba232f55a",
	"9a883f49-b118-47b2-880c-373bfecf9218",
	"c87b2dab-d00f-4d32-a5d3-d1e5b01c9cb3",
	"00000000-0000-0000-0000-000000000000");
INSERT INTO SM_CH
	VALUES ("5ba9883b-4a7b-40ed-a541-d3bba232f55a",
	"153a511b-c927-49fe-95d5-db518898883d",
	"c87b2dab-d00f-4d32-a5d3-d1e5b01c9cb3",
	"00000000-0000-0000-0000-000000000000",
	'');
INSERT INTO SM_SEME
	VALUES ("5ba9883b-4a7b-40ed-a541-d3bba232f55a",
	"153a511b-c927-49fe-95d5-db518898883d",
	"c87b2dab-d00f-4d32-a5d3-d1e5b01c9cb3",
	"00000000-0000-0000-0000-000000000000");
INSERT INTO SM_CH
	VALUES ("5ba9883b-4a7b-40ed-a541-d3bba232f55a",
	"459dadf1-a920-477f-b495-f73fd93f16e7",
	"c87b2dab-d00f-4d32-a5d3-d1e5b01c9cb3",
	"00000000-0000-0000-0000-000000000000",
	'');
INSERT INTO SM_SEME
	VALUES ("5ba9883b-4a7b-40ed-a541-d3bba232f55a",
	"459dadf1-a920-477f-b495-f73fd93f16e7",
	"c87b2dab-d00f-4d32-a5d3-d1e5b01c9cb3",
	"00000000-0000-0000-0000-000000000000");
INSERT INTO SM_CH
	VALUES ("5ba9883b-4a7b-40ed-a541-d3bba232f55a",
	"2abc1152-f6f1-440f-8291-2896e45ba380",
	"c87b2dab-d00f-4d32-a5d3-d1e5b01c9cb3",
	"00000000-0000-0000-0000-000000000000",
	'');
INSERT INTO SM_SEME
	VALUES ("5ba9883b-4a7b-40ed-a541-d3bba232f55a",
	"2abc1152-f6f1-440f-8291-2896e45ba380",
	"c87b2dab-d00f-4d32-a5d3-d1e5b01c9cb3",
	"00000000-0000-0000-0000-000000000000");
INSERT INTO SM_CH
	VALUES ("5ba9883b-4a7b-40ed-a541-d3bba232f55a",
	"5d2bc261-464e-4c96-88a1-0dcf2267fd8b",
	"c87b2dab-d00f-4d32-a5d3-d1e5b01c9cb3",
	"00000000-0000-0000-0000-000000000000",
	'');
INSERT INTO SM_SEME
	VALUES ("5ba9883b-4a7b-40ed-a541-d3bba232f55a",
	"5d2bc261-464e-4c96-88a1-0dcf2267fd8b",
	"c87b2dab-d00f-4d32-a5d3-d1e5b01c9cb3",
	"00000000-0000-0000-0000-000000000000");
INSERT INTO SM_CH
	VALUES ("5ba9883b-4a7b-40ed-a541-d3bba232f55a",
	"42a35ac4-7d83-4153-8c24-cc4699f29672",
	"c87b2dab-d00f-4d32-a5d3-d1e5b01c9cb3",
	"00000000-0000-0000-0000-000000000000",
	'');
INSERT INTO SM_SEME
	VALUES ("5ba9883b-4a7b-40ed-a541-d3bba232f55a",
	"42a35ac4-7d83-4153-8c24-cc4699f29672",
	"c87b2dab-d00f-4d32-a5d3-d1e5b01c9cb3",
	"00000000-0000-0000-0000-000000000000");
INSERT INTO SM_CH
	VALUES ("5ba9883b-4a7b-40ed-a541-d3bba232f55a",
	"2997b42d-5a67-49a7-8755-03fcc1613959",
	"c87b2dab-d00f-4d32-a5d3-d1e5b01c9cb3",
	"00000000-0000-0000-0000-000000000000",
	'');
INSERT INTO SM_SEME
	VALUES ("5ba9883b-4a7b-40ed-a541-d3bba232f55a",
	"2997b42d-5a67-49a7-8755-03fcc1613959",
	"c87b2dab-d00f-4d32-a5d3-d1e5b01c9cb3",
	"00000000-0000-0000-0000-000000000000");
INSERT INTO SM_CH
	VALUES ("5ba9883b-4a7b-40ed-a541-d3bba232f55a",
	"42aa2589-c5b2-474c-857d-d7afec638cef",
	"c87b2dab-d00f-4d32-a5d3-d1e5b01c9cb3",
	"00000000-0000-0000-0000-000000000000",
	'');
INSERT INTO SM_SEME
	VALUES ("5ba9883b-4a7b-40ed-a541-d3bba232f55a",
	"42aa2589-c5b2-474c-857d-d7afec638cef",
	"c87b2dab-d00f-4d32-a5d3-d1e5b01c9cb3",
	"00000000-0000-0000-0000-000000000000");
INSERT INTO SM_MOAH
	VALUES ("b96e84ea-d627-4e2e-a8b5-c9972e6aee35",
	"c87b2dab-d00f-4d32-a5d3-d1e5b01c9cb3",
	"5ba9883b-4a7b-40ed-a541-d3bba232f55a");
INSERT INTO SM_AH
	VALUES ("b96e84ea-d627-4e2e-a8b5-c9972e6aee35",
	"c87b2dab-d00f-4d32-a5d3-d1e5b01c9cb3");
INSERT INTO SM_ACT
	VALUES ("b96e84ea-d627-4e2e-a8b5-c9972e6aee35",
	"c87b2dab-d00f-4d32-a5d3-d1e5b01c9cb3",
	1,
	'',
	'');
INSERT INTO ACT_SAB
	VALUES ("7ad483ba-e3a6-49f0-b3ff-bd53ae9a4163",
	"c87b2dab-d00f-4d32-a5d3-d1e5b01c9cb3",
	"b96e84ea-d627-4e2e-a8b5-c9972e6aee35");
INSERT INTO ACT_ACT
	VALUES ("7ad483ba-e3a6-49f0-b3ff-bd53ae9a4163",
	'state',
	0,
	"28d12975-fff8-4d04-8d26-75c7dc37f7a7",
	"00000000-0000-0000-0000-000000000000",
	0,
	'BookingSession::addService',
	"00000000-0000-0000-0000-000000000000");
INSERT INTO ACT_BLK
	VALUES ("28d12975-fff8-4d04-8d26-75c7dc37f7a7",
	0,
	0,
	0,
	'',
	'',
	'',
	0,
	0,
	0,
	0,
	0,
	0,
	0,
	0,
	0,
	0,
	0,
	0,
	0,
	"7ad483ba-e3a6-49f0-b3ff-bd53ae9a4163",
	"00000000-0000-0000-0000-000000000000");
INSERT INTO SM_STATE
	VALUES ("16b76ff7-c8d4-4f88-81c4-f6f0a7d93a90",
	"c87b2dab-d00f-4d32-a5d3-d1e5b01c9cb3",
	"00000000-0000-0000-0000-000000000000",
	'paymentSuggested',
	7,
	0);
INSERT INTO SM_CH
	VALUES ("16b76ff7-c8d4-4f88-81c4-f6f0a7d93a90",
	"463dc70c-f7bb-484c-8def-bd2056914139",
	"c87b2dab-d00f-4d32-a5d3-d1e5b01c9cb3",
	"00000000-0000-0000-0000-000000000000",
	'');
INSERT INTO SM_SEME
	VALUES ("16b76ff7-c8d4-4f88-81c4-f6f0a7d93a90",
	"463dc70c-f7bb-484c-8def-bd2056914139",
	"c87b2dab-d00f-4d32-a5d3-d1e5b01c9cb3",
	"00000000-0000-0000-0000-000000000000");
INSERT INTO SM_CH
	VALUES ("16b76ff7-c8d4-4f88-81c4-f6f0a7d93a90",
	"2113072c-9fe7-4d67-8795-583d185185c1",
	"c87b2dab-d00f-4d32-a5d3-d1e5b01c9cb3",
	"00000000-0000-0000-0000-000000000000",
	'');
INSERT INTO SM_SEME
	VALUES ("16b76ff7-c8d4-4f88-81c4-f6f0a7d93a90",
	"2113072c-9fe7-4d67-8795-583d185185c1",
	"c87b2dab-d00f-4d32-a5d3-d1e5b01c9cb3",
	"00000000-0000-0000-0000-000000000000");
INSERT INTO SM_CH
	VALUES ("16b76ff7-c8d4-4f88-81c4-f6f0a7d93a90",
	"0e59bc59-c4a8-49b6-b5c2-bd2e2de4f771",
	"c87b2dab-d00f-4d32-a5d3-d1e5b01c9cb3",
	"00000000-0000-0000-0000-000000000000",
	'');
INSERT INTO SM_SEME
	VALUES ("16b76ff7-c8d4-4f88-81c4-f6f0a7d93a90",
	"0e59bc59-c4a8-49b6-b5c2-bd2e2de4f771",
	"c87b2dab-d00f-4d32-a5d3-d1e5b01c9cb3",
	"00000000-0000-0000-0000-000000000000");
INSERT INTO SM_CH
	VALUES ("16b76ff7-c8d4-4f88-81c4-f6f0a7d93a90",
	"9a883f49-b118-47b2-880c-373bfecf9218",
	"c87b2dab-d00f-4d32-a5d3-d1e5b01c9cb3",
	"00000000-0000-0000-0000-000000000000",
	'');
INSERT INTO SM_SEME
	VALUES ("16b76ff7-c8d4-4f88-81c4-f6f0a7d93a90",
	"9a883f49-b118-47b2-880c-373bfecf9218",
	"c87b2dab-d00f-4d32-a5d3-d1e5b01c9cb3",
	"00000000-0000-0000-0000-000000000000");
INSERT INTO SM_CH
	VALUES ("16b76ff7-c8d4-4f88-81c4-f6f0a7d93a90",
	"153a511b-c927-49fe-95d5-db518898883d",
	"c87b2dab-d00f-4d32-a5d3-d1e5b01c9cb3",
	"00000000-0000-0000-0000-000000000000",
	'');
INSERT INTO SM_SEME
	VALUES ("16b76ff7-c8d4-4f88-81c4-f6f0a7d93a90",
	"153a511b-c927-49fe-95d5-db518898883d",
	"c87b2dab-d00f-4d32-a5d3-d1e5b01c9cb3",
	"00000000-0000-0000-0000-000000000000");
INSERT INTO SM_CH
	VALUES ("16b76ff7-c8d4-4f88-81c4-f6f0a7d93a90",
	"459dadf1-a920-477f-b495-f73fd93f16e7",
	"c87b2dab-d00f-4d32-a5d3-d1e5b01c9cb3",
	"00000000-0000-0000-0000-000000000000",
	'');
INSERT INTO SM_SEME
	VALUES ("16b76ff7-c8d4-4f88-81c4-f6f0a7d93a90",
	"459dadf1-a920-477f-b495-f73fd93f16e7",
	"c87b2dab-d00f-4d32-a5d3-d1e5b01c9cb3",
	"00000000-0000-0000-0000-000000000000");
INSERT INTO SM_SEME
	VALUES ("16b76ff7-c8d4-4f88-81c4-f6f0a7d93a90",
	"2abc1152-f6f1-440f-8291-2896e45ba380",
	"c87b2dab-d00f-4d32-a5d3-d1e5b01c9cb3",
	"00000000-0000-0000-0000-000000000000");
INSERT INTO SM_CH
	VALUES ("16b76ff7-c8d4-4f88-81c4-f6f0a7d93a90",
	"5d2bc261-464e-4c96-88a1-0dcf2267fd8b",
	"c87b2dab-d00f-4d32-a5d3-d1e5b01c9cb3",
	"00000000-0000-0000-0000-000000000000",
	'');
INSERT INTO SM_SEME
	VALUES ("16b76ff7-c8d4-4f88-81c4-f6f0a7d93a90",
	"5d2bc261-464e-4c96-88a1-0dcf2267fd8b",
	"c87b2dab-d00f-4d32-a5d3-d1e5b01c9cb3",
	"00000000-0000-0000-0000-000000000000");
INSERT INTO SM_CH
	VALUES ("16b76ff7-c8d4-4f88-81c4-f6f0a7d93a90",
	"42a35ac4-7d83-4153-8c24-cc4699f29672",
	"c87b2dab-d00f-4d32-a5d3-d1e5b01c9cb3",
	"00000000-0000-0000-0000-000000000000",
	'');
INSERT INTO SM_SEME
	VALUES ("16b76ff7-c8d4-4f88-81c4-f6f0a7d93a90",
	"42a35ac4-7d83-4153-8c24-cc4699f29672",
	"c87b2dab-d00f-4d32-a5d3-d1e5b01c9cb3",
	"00000000-0000-0000-0000-000000000000");
INSERT INTO SM_CH
	VALUES ("16b76ff7-c8d4-4f88-81c4-f6f0a7d93a90",
	"2997b42d-5a67-49a7-8755-03fcc1613959",
	"c87b2dab-d00f-4d32-a5d3-d1e5b01c9cb3",
	"00000000-0000-0000-0000-000000000000",
	'');
INSERT INTO SM_SEME
	VALUES ("16b76ff7-c8d4-4f88-81c4-f6f0a7d93a90",
	"2997b42d-5a67-49a7-8755-03fcc1613959",
	"c87b2dab-d00f-4d32-a5d3-d1e5b01c9cb3",
	"00000000-0000-0000-0000-000000000000");
INSERT INTO SM_CH
	VALUES ("16b76ff7-c8d4-4f88-81c4-f6f0a7d93a90",
	"42aa2589-c5b2-474c-857d-d7afec638cef",
	"c87b2dab-d00f-4d32-a5d3-d1e5b01c9cb3",
	"00000000-0000-0000-0000-000000000000",
	'');
INSERT INTO SM_SEME
	VALUES ("16b76ff7-c8d4-4f88-81c4-f6f0a7d93a90",
	"42aa2589-c5b2-474c-857d-d7afec638cef",
	"c87b2dab-d00f-4d32-a5d3-d1e5b01c9cb3",
	"00000000-0000-0000-0000-000000000000");
INSERT INTO SM_MOAH
	VALUES ("caa79a10-5883-4625-ae61-2d96cda1fdae",
	"c87b2dab-d00f-4d32-a5d3-d1e5b01c9cb3",
	"16b76ff7-c8d4-4f88-81c4-f6f0a7d93a90");
INSERT INTO SM_AH
	VALUES ("caa79a10-5883-4625-ae61-2d96cda1fdae",
	"c87b2dab-d00f-4d32-a5d3-d1e5b01c9cb3");
INSERT INTO SM_ACT
	VALUES ("caa79a10-5883-4625-ae61-2d96cda1fdae",
	"c87b2dab-d00f-4d32-a5d3-d1e5b01c9cb3",
	1,
	'LOG::LogInfo(message: "H: paymentSuggested: sending to bank.");

send PaymentProviderInterface::paymentInfo(sessionID: self.ID,
											paymentMethod: rcvd_evt.info);',
	'');
INSERT INTO ACT_SAB
	VALUES ("4331e6d3-7d82-4f22-b6d5-2a8ec0a12e05",
	"c87b2dab-d00f-4d32-a5d3-d1e5b01c9cb3",
	"caa79a10-5883-4625-ae61-2d96cda1fdae");
INSERT INTO ACT_ACT
	VALUES ("4331e6d3-7d82-4f22-b6d5-2a8ec0a12e05",
	'state',
	0,
	"b769ac85-159b-468a-bd71-fff9fcd1fc4e",
	"00000000-0000-0000-0000-000000000000",
	0,
	'BookingSession::paymentSuggested',
	"00000000-0000-0000-0000-000000000000");
INSERT INTO ACT_BLK
	VALUES ("b769ac85-159b-468a-bd71-fff9fcd1fc4e",
	0,
	0,
	0,
	'PaymentProviderInterface',
	'',
	'',
	3,
	1,
	3,
	6,
	0,
	0,
	0,
	0,
	0,
	0,
	0,
	0,
	0,
	"4331e6d3-7d82-4f22-b6d5-2a8ec0a12e05",
	"00000000-0000-0000-0000-000000000000");
INSERT INTO ACT_SMT
	VALUES ("5a29580e-0659-4fcb-b27a-a8b70b763f45",
	"b769ac85-159b-468a-bd71-fff9fcd1fc4e",
	"27e8402d-9a05-4e60-84b8-39b2c350ad06",
	1,
	1,
	'BookingSession::paymentSuggested line: 1');
INSERT INTO ACT_BRG
	VALUES ("5a29580e-0659-4fcb-b27a-a8b70b763f45",
	"768e1cca-7403-495c-9b22-afd11a473eb6",
	1,
	6,
	1,
	1);
INSERT INTO ACT_SMT
	VALUES ("27e8402d-9a05-4e60-84b8-39b2c350ad06",
	"b769ac85-159b-468a-bd71-fff9fcd1fc4e",
	"00000000-0000-0000-0000-000000000000",
	3,
	1,
	'BookingSession::paymentSuggested line: 3');
INSERT INTO ACT_SGN
	VALUES ("27e8402d-9a05-4e60-84b8-39b2c350ad06",
	3,
	32,
	3,
	6,
	"00000000-0000-0000-0000-000000000000",
	"8d34f116-01ee-4538-8974-0d535305eaa6",
	"00000000-0000-0000-0000-000000000000");
INSERT INTO V_VAL
	VALUES ("bc11c2cb-592c-4f3d-ba61-af30c6367f86",
	0,
	0,
	1,
	23,
	60,
	0,
	0,
	0,
	0,
	"ba5eda7a-def5-0000-0000-000000000004",
	"b769ac85-159b-468a-bd71-fff9fcd1fc4e");
INSERT INTO V_LST
	VALUES ("bc11c2cb-592c-4f3d-ba61-af30c6367f86",
	'H: paymentSuggested: sending to bank.');
INSERT INTO V_PAR
	VALUES ("bc11c2cb-592c-4f3d-ba61-af30c6367f86",
	"5a29580e-0659-4fcb-b27a-a8b70b763f45",
	"00000000-0000-0000-0000-000000000000",
	'message',
	"00000000-0000-0000-0000-000000000000",
	1,
	14);
INSERT INTO V_VAL
	VALUES ("609af789-1a87-4a69-a512-e7f60f2dc90b",
	0,
	0,
	3,
	55,
	58,
	0,
	0,
	0,
	0,
	"ba5eda7a-def5-0000-0000-000000000008",
	"b769ac85-159b-468a-bd71-fff9fcd1fc4e");
INSERT INTO V_IRF
	VALUES ("609af789-1a87-4a69-a512-e7f60f2dc90b",
	"1b3297e7-933c-40ea-b845-95ae23536f2e");
INSERT INTO V_VAL
	VALUES ("30d63cba-d972-49ff-8b24-d4abf17fca55",
	0,
	0,
	3,
	60,
	61,
	0,
	0,
	0,
	0,
	"ba5eda7a-def5-0000-0000-000000000005",
	"b769ac85-159b-468a-bd71-fff9fcd1fc4e");
INSERT INTO V_AVL
	VALUES ("30d63cba-d972-49ff-8b24-d4abf17fca55",
	"609af789-1a87-4a69-a512-e7f60f2dc90b",
	"7137c09d-ba0e-406b-b3b5-76bb3cc48f3d",
	"df46d3b5-7060-4611-8908-d535d035865a");
INSERT INTO V_PAR
	VALUES ("30d63cba-d972-49ff-8b24-d4abf17fca55",
	"27e8402d-9a05-4e60-84b8-39b2c350ad06",
	"00000000-0000-0000-0000-000000000000",
	'sessionID',
	"7e644f1a-bdbb-4c31-86c2-71b9764b98f6",
	3,
	44);
INSERT INTO V_VAL
	VALUES ("7e644f1a-bdbb-4c31-86c2-71b9764b98f6",
	0,
	0,
	4,
	36,
	39,
	0,
	0,
	0,
	0,
	"ba5eda7a-def5-0000-0000-000000000004",
	"b769ac85-159b-468a-bd71-fff9fcd1fc4e");
INSERT INTO V_EDV
	VALUES ("7e644f1a-bdbb-4c31-86c2-71b9764b98f6");
INSERT INTO V_EPR
	VALUES ("7e644f1a-bdbb-4c31-86c2-71b9764b98f6",
	"c87b2dab-d00f-4d32-a5d3-d1e5b01c9cb3",
	"9a81d401-b5a6-4738-8935-2a321ce61612",
	"00000000-0000-0000-0000-000000000000");
INSERT INTO V_PAR
	VALUES ("7e644f1a-bdbb-4c31-86c2-71b9764b98f6",
	"27e8402d-9a05-4e60-84b8-39b2c350ad06",
	"00000000-0000-0000-0000-000000000000",
	'paymentMethod',
	"00000000-0000-0000-0000-000000000000",
	4,
	12);
INSERT INTO V_VAR
	VALUES ("1b3297e7-933c-40ea-b845-95ae23536f2e",
	"b769ac85-159b-468a-bd71-fff9fcd1fc4e",
	'self',
	1,
	"ba5eda7a-def5-0000-0000-000000000008");
INSERT INTO V_INT
	VALUES ("1b3297e7-933c-40ea-b845-95ae23536f2e",
	0,
	"7137c09d-ba0e-406b-b3b5-76bb3cc48f3d");
INSERT INTO V_LOC
	VALUES ("26ed1acf-a9c3-408d-8f76-20ef7b62d2a7",
	3,
	55,
	58,
	"1b3297e7-933c-40ea-b845-95ae23536f2e");
INSERT INTO SM_STATE
	VALUES ("72fee477-0c93-4c4b-a7f5-91fc26b56a7c",
	"c87b2dab-d00f-4d32-a5d3-d1e5b01c9cb3",
	"00000000-0000-0000-0000-000000000000",
	'confirmation',
	8,
	0);
INSERT INTO SM_CH
	VALUES ("72fee477-0c93-4c4b-a7f5-91fc26b56a7c",
	"463dc70c-f7bb-484c-8def-bd2056914139",
	"c87b2dab-d00f-4d32-a5d3-d1e5b01c9cb3",
	"00000000-0000-0000-0000-000000000000",
	'');
INSERT INTO SM_SEME
	VALUES ("72fee477-0c93-4c4b-a7f5-91fc26b56a7c",
	"463dc70c-f7bb-484c-8def-bd2056914139",
	"c87b2dab-d00f-4d32-a5d3-d1e5b01c9cb3",
	"00000000-0000-0000-0000-000000000000");
INSERT INTO SM_CH
	VALUES ("72fee477-0c93-4c4b-a7f5-91fc26b56a7c",
	"2113072c-9fe7-4d67-8795-583d185185c1",
	"c87b2dab-d00f-4d32-a5d3-d1e5b01c9cb3",
	"00000000-0000-0000-0000-000000000000",
	'');
INSERT INTO SM_SEME
	VALUES ("72fee477-0c93-4c4b-a7f5-91fc26b56a7c",
	"2113072c-9fe7-4d67-8795-583d185185c1",
	"c87b2dab-d00f-4d32-a5d3-d1e5b01c9cb3",
	"00000000-0000-0000-0000-000000000000");
INSERT INTO SM_CH
	VALUES ("72fee477-0c93-4c4b-a7f5-91fc26b56a7c",
	"0e59bc59-c4a8-49b6-b5c2-bd2e2de4f771",
	"c87b2dab-d00f-4d32-a5d3-d1e5b01c9cb3",
	"00000000-0000-0000-0000-000000000000",
	'');
INSERT INTO SM_SEME
	VALUES ("72fee477-0c93-4c4b-a7f5-91fc26b56a7c",
	"0e59bc59-c4a8-49b6-b5c2-bd2e2de4f771",
	"c87b2dab-d00f-4d32-a5d3-d1e5b01c9cb3",
	"00000000-0000-0000-0000-000000000000");
INSERT INTO SM_SEME
	VALUES ("72fee477-0c93-4c4b-a7f5-91fc26b56a7c",
	"9a883f49-b118-47b2-880c-373bfecf9218",
	"c87b2dab-d00f-4d32-a5d3-d1e5b01c9cb3",
	"00000000-0000-0000-0000-000000000000");
INSERT INTO SM_CH
	VALUES ("72fee477-0c93-4c4b-a7f5-91fc26b56a7c",
	"153a511b-c927-49fe-95d5-db518898883d",
	"c87b2dab-d00f-4d32-a5d3-d1e5b01c9cb3",
	"00000000-0000-0000-0000-000000000000",
	'');
INSERT INTO SM_SEME
	VALUES ("72fee477-0c93-4c4b-a7f5-91fc26b56a7c",
	"153a511b-c927-49fe-95d5-db518898883d",
	"c87b2dab-d00f-4d32-a5d3-d1e5b01c9cb3",
	"00000000-0000-0000-0000-000000000000");
INSERT INTO SM_CH
	VALUES ("72fee477-0c93-4c4b-a7f5-91fc26b56a7c",
	"459dadf1-a920-477f-b495-f73fd93f16e7",
	"c87b2dab-d00f-4d32-a5d3-d1e5b01c9cb3",
	"00000000-0000-0000-0000-000000000000",
	'');
INSERT INTO SM_SEME
	VALUES ("72fee477-0c93-4c4b-a7f5-91fc26b56a7c",
	"459dadf1-a920-477f-b495-f73fd93f16e7",
	"c87b2dab-d00f-4d32-a5d3-d1e5b01c9cb3",
	"00000000-0000-0000-0000-000000000000");
INSERT INTO SM_CH
	VALUES ("72fee477-0c93-4c4b-a7f5-91fc26b56a7c",
	"2abc1152-f6f1-440f-8291-2896e45ba380",
	"c87b2dab-d00f-4d32-a5d3-d1e5b01c9cb3",
	"00000000-0000-0000-0000-000000000000",
	'');
INSERT INTO SM_SEME
	VALUES ("72fee477-0c93-4c4b-a7f5-91fc26b56a7c",
	"2abc1152-f6f1-440f-8291-2896e45ba380",
	"c87b2dab-d00f-4d32-a5d3-d1e5b01c9cb3",
	"00000000-0000-0000-0000-000000000000");
INSERT INTO SM_SEME
	VALUES ("72fee477-0c93-4c4b-a7f5-91fc26b56a7c",
	"5d2bc261-464e-4c96-88a1-0dcf2267fd8b",
	"c87b2dab-d00f-4d32-a5d3-d1e5b01c9cb3",
	"00000000-0000-0000-0000-000000000000");
INSERT INTO SM_CH
	VALUES ("72fee477-0c93-4c4b-a7f5-91fc26b56a7c",
	"42a35ac4-7d83-4153-8c24-cc4699f29672",
	"c87b2dab-d00f-4d32-a5d3-d1e5b01c9cb3",
	"00000000-0000-0000-0000-000000000000",
	'');
INSERT INTO SM_SEME
	VALUES ("72fee477-0c93-4c4b-a7f5-91fc26b56a7c",
	"42a35ac4-7d83-4153-8c24-cc4699f29672",
	"c87b2dab-d00f-4d32-a5d3-d1e5b01c9cb3",
	"00000000-0000-0000-0000-000000000000");
INSERT INTO SM_CH
	VALUES ("72fee477-0c93-4c4b-a7f5-91fc26b56a7c",
	"2997b42d-5a67-49a7-8755-03fcc1613959",
	"c87b2dab-d00f-4d32-a5d3-d1e5b01c9cb3",
	"00000000-0000-0000-0000-000000000000",
	'');
INSERT INTO SM_SEME
	VALUES ("72fee477-0c93-4c4b-a7f5-91fc26b56a7c",
	"2997b42d-5a67-49a7-8755-03fcc1613959",
	"c87b2dab-d00f-4d32-a5d3-d1e5b01c9cb3",
	"00000000-0000-0000-0000-000000000000");
INSERT INTO SM_CH
	VALUES ("72fee477-0c93-4c4b-a7f5-91fc26b56a7c",
	"42aa2589-c5b2-474c-857d-d7afec638cef",
	"c87b2dab-d00f-4d32-a5d3-d1e5b01c9cb3",
	"00000000-0000-0000-0000-000000000000",
	'');
INSERT INTO SM_SEME
	VALUES ("72fee477-0c93-4c4b-a7f5-91fc26b56a7c",
	"42aa2589-c5b2-474c-857d-d7afec638cef",
	"c87b2dab-d00f-4d32-a5d3-d1e5b01c9cb3",
	"00000000-0000-0000-0000-000000000000");
INSERT INTO SM_MOAH
	VALUES ("453741f6-be0b-4208-a469-2f4c6fe47c87",
	"c87b2dab-d00f-4d32-a5d3-d1e5b01c9cb3",
	"72fee477-0c93-4c4b-a7f5-91fc26b56a7c");
INSERT INTO SM_AH
	VALUES ("453741f6-be0b-4208-a469-2f4c6fe47c87",
	"c87b2dab-d00f-4d32-a5d3-d1e5b01c9cb3");
INSERT INTO SM_ACT
	VALUES ("453741f6-be0b-4208-a469-2f4c6fe47c87",
	"c87b2dab-d00f-4d32-a5d3-d1e5b01c9cb3",
	1,
	'LOG::LogInfo(message: "H: confirmationState: Is payment valid?");

if(rcvd_evt.valid)
	LOG::LogInfo(message: "H: confirmationState: Is valid!");
	generate BOOKINGSESSION4:confirmEvent() to self;

else
	LOG::LogInfo(message: "H: confirmationState: Isn''t valid!");
	generate BOOKINGSESSION8:cancelEvent() to self;

end if;',
	'');
INSERT INTO ACT_SAB
	VALUES ("6ac5776f-fd62-4c16-a7f5-ca24c498389f",
	"c87b2dab-d00f-4d32-a5d3-d1e5b01c9cb3",
	"453741f6-be0b-4208-a469-2f4c6fe47c87");
INSERT INTO ACT_ACT
	VALUES ("6ac5776f-fd62-4c16-a7f5-ca24c498389f",
	'state',
	0,
	"97d614be-571b-4a2f-af0e-82b9a8247aa5",
	"00000000-0000-0000-0000-000000000000",
	0,
	'BookingSession::confirmation',
	"00000000-0000-0000-0000-000000000000");
INSERT INTO ACT_BLK
	VALUES ("97d614be-571b-4a2f-af0e-82b9a8247aa5",
	0,
	0,
	0,
	'LOG',
	'',
	'',
	7,
	1,
	1,
	1,
	0,
	0,
	0,
	0,
	0,
	0,
	0,
	0,
	0,
	"6ac5776f-fd62-4c16-a7f5-ca24c498389f",
	"00000000-0000-0000-0000-000000000000");
INSERT INTO ACT_SMT
	VALUES ("ea9f1e36-053c-4467-a3ff-e34b28bca0fa",
	"97d614be-571b-4a2f-af0e-82b9a8247aa5",
	"fc6bc47f-f1f7-4405-88e0-c8921350508f",
	1,
	1,
	'BookingSession::confirmation line: 1');
INSERT INTO ACT_BRG
	VALUES ("ea9f1e36-053c-4467-a3ff-e34b28bca0fa",
	"768e1cca-7403-495c-9b22-afd11a473eb6",
	1,
	6,
	1,
	1);
INSERT INTO ACT_SMT
	VALUES ("fc6bc47f-f1f7-4405-88e0-c8921350508f",
	"97d614be-571b-4a2f-af0e-82b9a8247aa5",
	"00000000-0000-0000-0000-000000000000",
	3,
	1,
	'BookingSession::confirmation line: 3');
INSERT INTO ACT_IF
	VALUES ("fc6bc47f-f1f7-4405-88e0-c8921350508f",
	"d4fdc6c8-0e55-40c4-b9c1-560d3006a402",
	"1638afb2-0051-4a9a-b898-916e2fefb832",
	"00000000-0000-0000-0000-000000000000",
	"00000000-0000-0000-0000-000000000000");
INSERT INTO ACT_SMT
	VALUES ("3f36a788-597f-4317-a97a-cc7c13407eb1",
	"97d614be-571b-4a2f-af0e-82b9a8247aa5",
	"00000000-0000-0000-0000-000000000000",
	7,
	1,
	'BookingSession::confirmation line: 7');
INSERT INTO ACT_E
	VALUES ("3f36a788-597f-4317-a97a-cc7c13407eb1",
	"24445cdd-284b-403a-a67e-b65ef44607f5",
	"fc6bc47f-f1f7-4405-88e0-c8921350508f");
INSERT INTO V_VAL
	VALUES ("e5709057-0adf-4534-b794-b9cbbba1aa9d",
	0,
	0,
	1,
	23,
	62,
	0,
	0,
	0,
	0,
	"ba5eda7a-def5-0000-0000-000000000004",
	"97d614be-571b-4a2f-af0e-82b9a8247aa5");
INSERT INTO V_LST
	VALUES ("e5709057-0adf-4534-b794-b9cbbba1aa9d",
	'H: confirmationState: Is payment valid?');
INSERT INTO V_PAR
	VALUES ("e5709057-0adf-4534-b794-b9cbbba1aa9d",
	"ea9f1e36-053c-4467-a3ff-e34b28bca0fa",
	"00000000-0000-0000-0000-000000000000",
	'message',
	"00000000-0000-0000-0000-000000000000",
	1,
	14);
INSERT INTO V_VAL
	VALUES ("1638afb2-0051-4a9a-b898-916e2fefb832",
	0,
	0,
	3,
	13,
	17,
	0,
	0,
	0,
	0,
	"ba5eda7a-def5-0000-0000-000000000001",
	"97d614be-571b-4a2f-af0e-82b9a8247aa5");
INSERT INTO V_EDV
	VALUES ("1638afb2-0051-4a9a-b898-916e2fefb832");
INSERT INTO V_EPR
	VALUES ("1638afb2-0051-4a9a-b898-916e2fefb832",
	"c87b2dab-d00f-4d32-a5d3-d1e5b01c9cb3",
	"d11d5c6a-5529-4294-b70f-50f121aa30de",
	"00000000-0000-0000-0000-000000000000");
INSERT INTO V_VAR
	VALUES ("ce82c4a7-0580-4950-933e-f0c8c6190c6c",
	"97d614be-571b-4a2f-af0e-82b9a8247aa5",
	'self',
	1,
	"ba5eda7a-def5-0000-0000-000000000008");
INSERT INTO V_INT
	VALUES ("ce82c4a7-0580-4950-933e-f0c8c6190c6c",
	0,
	"7137c09d-ba0e-406b-b3b5-76bb3cc48f3d");
INSERT INTO V_LOC
	VALUES ("10851aa6-0502-4b49-a0d8-1a4928291e51",
	5,
	45,
	48,
	"ce82c4a7-0580-4950-933e-f0c8c6190c6c");
INSERT INTO V_LOC
	VALUES ("870162ec-c587-4c01-a951-22beb1927a32",
	9,
	44,
	47,
	"ce82c4a7-0580-4950-933e-f0c8c6190c6c");
INSERT INTO ACT_BLK
	VALUES ("d4fdc6c8-0e55-40c4-b9c1-560d3006a402",
	0,
	0,
	0,
	'V_VAR.Var_ID',
	'',
	'',
	5,
	2,
	4,
	2,
	0,
	0,
	0,
	0,
	0,
	0,
	0,
	0,
	0,
	"6ac5776f-fd62-4c16-a7f5-ca24c498389f",
	"00000000-0000-0000-0000-000000000000");
INSERT INTO ACT_SMT
	VALUES ("54a638c9-4949-47d6-9260-3eddc2271080",
	"d4fdc6c8-0e55-40c4-b9c1-560d3006a402",
	"fd770e89-8ba9-45ab-a268-8740849f5112",
	4,
	2,
	'BookingSession::confirmation line: 4');
INSERT INTO ACT_BRG
	VALUES ("54a638c9-4949-47d6-9260-3eddc2271080",
	"768e1cca-7403-495c-9b22-afd11a473eb6",
	4,
	7,
	4,
	2);
INSERT INTO ACT_SMT
	VALUES ("fd770e89-8ba9-45ab-a268-8740849f5112",
	"d4fdc6c8-0e55-40c4-b9c1-560d3006a402",
	"00000000-0000-0000-0000-000000000000",
	5,
	2,
	'BookingSession::confirmation line: 5');
INSERT INTO E_ESS
	VALUES ("fd770e89-8ba9-45ab-a268-8740849f5112",
	1,
	0,
	5,
	11,
	5,
	27,
	4,
	2,
	0,
	0,
	0,
	0);
INSERT INTO E_GES
	VALUES ("fd770e89-8ba9-45ab-a268-8740849f5112");
INSERT INTO E_GSME
	VALUES ("fd770e89-8ba9-45ab-a268-8740849f5112",
	"9a883f49-b118-47b2-880c-373bfecf9218");
INSERT INTO E_GEN
	VALUES ("fd770e89-8ba9-45ab-a268-8740849f5112",
	"ce82c4a7-0580-4950-933e-f0c8c6190c6c");
INSERT INTO V_VAL
	VALUES ("16fbfd42-3b8f-4bdb-887a-4451cc6927c1",
	0,
	0,
	4,
	24,
	55,
	0,
	0,
	0,
	0,
	"ba5eda7a-def5-0000-0000-000000000004",
	"d4fdc6c8-0e55-40c4-b9c1-560d3006a402");
INSERT INTO V_LST
	VALUES ("16fbfd42-3b8f-4bdb-887a-4451cc6927c1",
	'H: confirmationState: Is valid!');
INSERT INTO V_PAR
	VALUES ("16fbfd42-3b8f-4bdb-887a-4451cc6927c1",
	"54a638c9-4949-47d6-9260-3eddc2271080",
	"00000000-0000-0000-0000-000000000000",
	'message',
	"00000000-0000-0000-0000-000000000000",
	4,
	15);
INSERT INTO ACT_BLK
	VALUES ("24445cdd-284b-403a-a67e-b65ef44607f5",
	0,
	0,
	0,
	'V_VAR.Var_ID',
	'',
	'',
	9,
	2,
	8,
	2,
	0,
	0,
	0,
	0,
	0,
	0,
	0,
	0,
	0,
	"6ac5776f-fd62-4c16-a7f5-ca24c498389f",
	"00000000-0000-0000-0000-000000000000");
INSERT INTO ACT_SMT
	VALUES ("a9162677-f0de-4417-aad1-7b5ca56cf586",
	"24445cdd-284b-403a-a67e-b65ef44607f5",
	"38eb32d4-87e7-40ce-bab5-89fab7adcbcd",
	8,
	2,
	'BookingSession::confirmation line: 8');
INSERT INTO ACT_BRG
	VALUES ("a9162677-f0de-4417-aad1-7b5ca56cf586",
	"768e1cca-7403-495c-9b22-afd11a473eb6",
	8,
	7,
	8,
	2);
INSERT INTO ACT_SMT
	VALUES ("38eb32d4-87e7-40ce-bab5-89fab7adcbcd",
	"24445cdd-284b-403a-a67e-b65ef44607f5",
	"00000000-0000-0000-0000-000000000000",
	9,
	2,
	'BookingSession::confirmation line: 9');
INSERT INTO E_ESS
	VALUES ("38eb32d4-87e7-40ce-bab5-89fab7adcbcd",
	1,
	0,
	9,
	11,
	9,
	27,
	8,
	2,
	0,
	0,
	0,
	0);
INSERT INTO E_GES
	VALUES ("38eb32d4-87e7-40ce-bab5-89fab7adcbcd");
INSERT INTO E_GSME
	VALUES ("38eb32d4-87e7-40ce-bab5-89fab7adcbcd",
	"5d2bc261-464e-4c96-88a1-0dcf2267fd8b");
INSERT INTO E_GEN
	VALUES ("38eb32d4-87e7-40ce-bab5-89fab7adcbcd",
	"ce82c4a7-0580-4950-933e-f0c8c6190c6c");
INSERT INTO V_VAL
	VALUES ("593c3fa8-07fd-479a-b65b-5aaa2d7b697d",
	0,
	0,
	8,
	24,
	58,
	0,
	0,
	0,
	0,
	"ba5eda7a-def5-0000-0000-000000000004",
	"24445cdd-284b-403a-a67e-b65ef44607f5");
INSERT INTO V_LST
	VALUES ("593c3fa8-07fd-479a-b65b-5aaa2d7b697d",
	'H: confirmationState: Isn''t valid!');
INSERT INTO V_PAR
	VALUES ("593c3fa8-07fd-479a-b65b-5aaa2d7b697d",
	"a9162677-f0de-4417-aad1-7b5ca56cf586",
	"00000000-0000-0000-0000-000000000000",
	'message',
	"00000000-0000-0000-0000-000000000000",
	8,
	15);
INSERT INTO SM_STATE
	VALUES ("c19dec2f-8b92-4dea-8ea8-e41ae60a6aa4",
	"c87b2dab-d00f-4d32-a5d3-d1e5b01c9cb3",
	"00000000-0000-0000-0000-000000000000",
	'accepted',
	9,
	0);
INSERT INTO SM_CH
	VALUES ("c19dec2f-8b92-4dea-8ea8-e41ae60a6aa4",
	"463dc70c-f7bb-484c-8def-bd2056914139",
	"c87b2dab-d00f-4d32-a5d3-d1e5b01c9cb3",
	"00000000-0000-0000-0000-000000000000",
	'');
INSERT INTO SM_SEME
	VALUES ("c19dec2f-8b92-4dea-8ea8-e41ae60a6aa4",
	"463dc70c-f7bb-484c-8def-bd2056914139",
	"c87b2dab-d00f-4d32-a5d3-d1e5b01c9cb3",
	"00000000-0000-0000-0000-000000000000");
INSERT INTO SM_CH
	VALUES ("c19dec2f-8b92-4dea-8ea8-e41ae60a6aa4",
	"2113072c-9fe7-4d67-8795-583d185185c1",
	"c87b2dab-d00f-4d32-a5d3-d1e5b01c9cb3",
	"00000000-0000-0000-0000-000000000000",
	'');
INSERT INTO SM_SEME
	VALUES ("c19dec2f-8b92-4dea-8ea8-e41ae60a6aa4",
	"2113072c-9fe7-4d67-8795-583d185185c1",
	"c87b2dab-d00f-4d32-a5d3-d1e5b01c9cb3",
	"00000000-0000-0000-0000-000000000000");
INSERT INTO SM_CH
	VALUES ("c19dec2f-8b92-4dea-8ea8-e41ae60a6aa4",
	"0e59bc59-c4a8-49b6-b5c2-bd2e2de4f771",
	"c87b2dab-d00f-4d32-a5d3-d1e5b01c9cb3",
	"00000000-0000-0000-0000-000000000000",
	'');
INSERT INTO SM_SEME
	VALUES ("c19dec2f-8b92-4dea-8ea8-e41ae60a6aa4",
	"0e59bc59-c4a8-49b6-b5c2-bd2e2de4f771",
	"c87b2dab-d00f-4d32-a5d3-d1e5b01c9cb3",
	"00000000-0000-0000-0000-000000000000");
INSERT INTO SM_CH
	VALUES ("c19dec2f-8b92-4dea-8ea8-e41ae60a6aa4",
	"9a883f49-b118-47b2-880c-373bfecf9218",
	"c87b2dab-d00f-4d32-a5d3-d1e5b01c9cb3",
	"00000000-0000-0000-0000-000000000000",
	'');
INSERT INTO SM_SEME
	VALUES ("c19dec2f-8b92-4dea-8ea8-e41ae60a6aa4",
	"9a883f49-b118-47b2-880c-373bfecf9218",
	"c87b2dab-d00f-4d32-a5d3-d1e5b01c9cb3",
	"00000000-0000-0000-0000-000000000000");
INSERT INTO SM_CH
	VALUES ("c19dec2f-8b92-4dea-8ea8-e41ae60a6aa4",
	"153a511b-c927-49fe-95d5-db518898883d",
	"c87b2dab-d00f-4d32-a5d3-d1e5b01c9cb3",
	"00000000-0000-0000-0000-000000000000",
	'');
INSERT INTO SM_SEME
	VALUES ("c19dec2f-8b92-4dea-8ea8-e41ae60a6aa4",
	"153a511b-c927-49fe-95d5-db518898883d",
	"c87b2dab-d00f-4d32-a5d3-d1e5b01c9cb3",
	"00000000-0000-0000-0000-000000000000");
INSERT INTO SM_CH
	VALUES ("c19dec2f-8b92-4dea-8ea8-e41ae60a6aa4",
	"459dadf1-a920-477f-b495-f73fd93f16e7",
	"c87b2dab-d00f-4d32-a5d3-d1e5b01c9cb3",
	"00000000-0000-0000-0000-000000000000",
	'');
INSERT INTO SM_SEME
	VALUES ("c19dec2f-8b92-4dea-8ea8-e41ae60a6aa4",
	"459dadf1-a920-477f-b495-f73fd93f16e7",
	"c87b2dab-d00f-4d32-a5d3-d1e5b01c9cb3",
	"00000000-0000-0000-0000-000000000000");
INSERT INTO SM_CH
	VALUES ("c19dec2f-8b92-4dea-8ea8-e41ae60a6aa4",
	"2abc1152-f6f1-440f-8291-2896e45ba380",
	"c87b2dab-d00f-4d32-a5d3-d1e5b01c9cb3",
	"00000000-0000-0000-0000-000000000000",
	'');
INSERT INTO SM_SEME
	VALUES ("c19dec2f-8b92-4dea-8ea8-e41ae60a6aa4",
	"2abc1152-f6f1-440f-8291-2896e45ba380",
	"c87b2dab-d00f-4d32-a5d3-d1e5b01c9cb3",
	"00000000-0000-0000-0000-000000000000");
INSERT INTO SM_CH
	VALUES ("c19dec2f-8b92-4dea-8ea8-e41ae60a6aa4",
	"5d2bc261-464e-4c96-88a1-0dcf2267fd8b",
	"c87b2dab-d00f-4d32-a5d3-d1e5b01c9cb3",
	"00000000-0000-0000-0000-000000000000",
	'');
INSERT INTO SM_SEME
	VALUES ("c19dec2f-8b92-4dea-8ea8-e41ae60a6aa4",
	"5d2bc261-464e-4c96-88a1-0dcf2267fd8b",
	"c87b2dab-d00f-4d32-a5d3-d1e5b01c9cb3",
	"00000000-0000-0000-0000-000000000000");
INSERT INTO SM_CH
	VALUES ("c19dec2f-8b92-4dea-8ea8-e41ae60a6aa4",
	"42a35ac4-7d83-4153-8c24-cc4699f29672",
	"c87b2dab-d00f-4d32-a5d3-d1e5b01c9cb3",
	"00000000-0000-0000-0000-000000000000",
	'');
INSERT INTO SM_SEME
	VALUES ("c19dec2f-8b92-4dea-8ea8-e41ae60a6aa4",
	"42a35ac4-7d83-4153-8c24-cc4699f29672",
	"c87b2dab-d00f-4d32-a5d3-d1e5b01c9cb3",
	"00000000-0000-0000-0000-000000000000");
INSERT INTO SM_CH
	VALUES ("c19dec2f-8b92-4dea-8ea8-e41ae60a6aa4",
	"2997b42d-5a67-49a7-8755-03fcc1613959",
	"c87b2dab-d00f-4d32-a5d3-d1e5b01c9cb3",
	"00000000-0000-0000-0000-000000000000",
	'');
INSERT INTO SM_SEME
	VALUES ("c19dec2f-8b92-4dea-8ea8-e41ae60a6aa4",
	"2997b42d-5a67-49a7-8755-03fcc1613959",
	"c87b2dab-d00f-4d32-a5d3-d1e5b01c9cb3",
	"00000000-0000-0000-0000-000000000000");
INSERT INTO SM_CH
	VALUES ("c19dec2f-8b92-4dea-8ea8-e41ae60a6aa4",
	"42aa2589-c5b2-474c-857d-d7afec638cef",
	"c87b2dab-d00f-4d32-a5d3-d1e5b01c9cb3",
	"00000000-0000-0000-0000-000000000000",
	'');
INSERT INTO SM_SEME
	VALUES ("c19dec2f-8b92-4dea-8ea8-e41ae60a6aa4",
	"42aa2589-c5b2-474c-857d-d7afec638cef",
	"c87b2dab-d00f-4d32-a5d3-d1e5b01c9cb3",
	"00000000-0000-0000-0000-000000000000");
INSERT INTO SM_MOAH
	VALUES ("9da23d14-d5bf-469e-943e-4c64857d6295",
	"c87b2dab-d00f-4d32-a5d3-d1e5b01c9cb3",
	"c19dec2f-8b92-4dea-8ea8-e41ae60a6aa4");
INSERT INTO SM_AH
	VALUES ("9da23d14-d5bf-469e-943e-4c64857d6295",
	"c87b2dab-d00f-4d32-a5d3-d1e5b01c9cb3");
INSERT INTO SM_ACT
	VALUES ("9da23d14-d5bf-469e-943e-4c64857d6295",
	"c87b2dab-d00f-4d32-a5d3-d1e5b01c9cb3",
	1,
	'
//Relate customer to booking properly
create object instance bill of BILLING;
bill.isPayed = false;

select one b related by self->BOOKING[R26];

select many facilities related by b->FACILITY[R14];

for each fac in facilities
	select one bookable related by fac->FACILITYTYPE[R1]->BOOKABLE[R2];
	create object instance billItem of BILLINGITEM;
	billItem.cost = bookable.price;
	billItem.description = bookable.name + " " + bookable.description; 
	relate billItem to bill across R20;
end for;

select one c related by self->CUSTOMER[R27];
relate c to b across R22 using bill;

select one b related by self->BOOKING[R26];
select any h from instances of HOTEL;
relate b to h across R13;
LOG::LogInfo(message: "H: WOHO BOOKING DONE!!!!!!!!!!!");
self.destroySession();
',
	'');
INSERT INTO ACT_SAB
	VALUES ("9f46a064-9558-489d-a9cd-fb390b4b9413",
	"c87b2dab-d00f-4d32-a5d3-d1e5b01c9cb3",
	"9da23d14-d5bf-469e-943e-4c64857d6295");
INSERT INTO ACT_ACT
	VALUES ("9f46a064-9558-489d-a9cd-fb390b4b9413",
	'state',
	0,
	"f99828bb-bcf9-4533-8291-a359e91d7978",
	"00000000-0000-0000-0000-000000000000",
	0,
	'BookingSession::accepted',
	"00000000-0000-0000-0000-000000000000");
INSERT INTO ACT_BLK
	VALUES ("f99828bb-bcf9-4533-8291-a359e91d7978",
	1,
	0,
	0,
	'LOG',
	'',
	'',
	25,
	1,
	24,
	1,
	0,
	0,
	23,
	22,
	0,
	0,
	0,
	0,
	0,
	"9f46a064-9558-489d-a9cd-fb390b4b9413",
	"00000000-0000-0000-0000-000000000000");
INSERT INTO ACT_SMT
	VALUES ("50b802e2-5586-486f-a9f5-253d56fcf826",
	"f99828bb-bcf9-4533-8291-a359e91d7978",
	"cc64f4bc-c9a3-4256-8302-670275421501",
	3,
	1,
	'BookingSession::accepted line: 3');
INSERT INTO ACT_CR
	VALUES ("50b802e2-5586-486f-a9f5-253d56fcf826",
	"99b75b98-4d93-40aa-8428-9f4c9dfc36c3",
	1,
	"99c3a579-f918-44fd-916c-a41161cb6518",
	3,
	32);
INSERT INTO ACT_SMT
	VALUES ("cc64f4bc-c9a3-4256-8302-670275421501",
	"f99828bb-bcf9-4533-8291-a359e91d7978",
	"8e36b5d7-a775-408a-b788-5075000e0971",
	4,
	1,
	'BookingSession::accepted line: 4');
INSERT INTO ACT_AI
	VALUES ("cc64f4bc-c9a3-4256-8302-670275421501",
	"87420a46-7913-471d-81fc-eea16be588b1",
	"a449b982-0d68-4871-85c6-fb234e47e256",
	0,
	0);
INSERT INTO ACT_SMT
	VALUES ("8e36b5d7-a775-408a-b788-5075000e0971",
	"f99828bb-bcf9-4533-8291-a359e91d7978",
	"dbbb68c9-9174-49aa-b3f1-a62e1183e204",
	6,
	1,
	'BookingSession::accepted line: 6');
INSERT INTO ACT_SEL
	VALUES ("8e36b5d7-a775-408a-b788-5075000e0971",
	"df0485b1-9382-42f4-b64f-7c0c9aa2f134",
	1,
	'one',
	"0a1b8d75-f677-45ad-b5e6-4d78c7a33fb2");
INSERT INTO ACT_SR
	VALUES ("8e36b5d7-a775-408a-b788-5075000e0971");
INSERT INTO ACT_LNK
	VALUES ("6a1bf9cb-f5b8-4aea-a2e4-acac5c71c925",
	'',
	"8e36b5d7-a775-408a-b788-5075000e0971",
	"a30fd0d6-3586-438e-8d6d-b3d3b14c0f03",
	"00000000-0000-0000-0000-000000000000",
	2,
	"9a41fe9e-f547-4cde-b68d-f7db43c904dc",
	6,
	31,
	6,
	39,
	0,
	0);
INSERT INTO ACT_SMT
	VALUES ("dbbb68c9-9174-49aa-b3f1-a62e1183e204",
	"f99828bb-bcf9-4533-8291-a359e91d7978",
	"88bc9359-7f8a-4a40-9d19-b86b4b6dfe88",
	8,
	1,
	'BookingSession::accepted line: 8');
INSERT INTO ACT_SEL
	VALUES ("dbbb68c9-9174-49aa-b3f1-a62e1183e204",
	"c1b99c02-ae6c-4c7c-9ad3-42920c5eaab3",
	1,
	'many',
	"8332cdbc-ffad-43b1-8891-4c2ac3375c70");
INSERT INTO ACT_SR
	VALUES ("dbbb68c9-9174-49aa-b3f1-a62e1183e204");
INSERT INTO ACT_LNK
	VALUES ("7d9d0fa2-3a92-438a-8311-ffaa93c23f69",
	'',
	"dbbb68c9-9174-49aa-b3f1-a62e1183e204",
	"67bafe36-3499-4032-89f0-72889662bcf2",
	"00000000-0000-0000-0000-000000000000",
	3,
	"4b839513-bd70-4d73-85ed-c06b10ee091a",
	8,
	38,
	8,
	47,
	0,
	0);
INSERT INTO ACT_SMT
	VALUES ("88bc9359-7f8a-4a40-9d19-b86b4b6dfe88",
	"f99828bb-bcf9-4533-8291-a359e91d7978",
	"0c574c67-f2a1-4c1d-b341-39de3399c604",
	10,
	1,
	'BookingSession::accepted line: 10');
INSERT INTO ACT_FOR
	VALUES ("88bc9359-7f8a-4a40-9d19-b86b4b6dfe88",
	"aa97948b-73ba-43a7-be05-5eeda7175614",
	1,
	"7a07c861-c864-49ea-95bd-c89bcce64232",
	"c1b99c02-ae6c-4c7c-9ad3-42920c5eaab3",
	"4b839513-bd70-4d73-85ed-c06b10ee091a");
INSERT INTO ACT_SMT
	VALUES ("0c574c67-f2a1-4c1d-b341-39de3399c604",
	"f99828bb-bcf9-4533-8291-a359e91d7978",
	"5118e64e-f04e-4dd2-9525-87adcd67e5e2",
	18,
	1,
	'BookingSession::accepted line: 18');
INSERT INTO ACT_SEL
	VALUES ("0c574c67-f2a1-4c1d-b341-39de3399c604",
	"abfd1373-bbd4-45e4-a13e-84f2610c36a3",
	1,
	'one',
	"65eaa51a-c270-4c89-a785-a0500776b96a");
INSERT INTO ACT_SR
	VALUES ("0c574c67-f2a1-4c1d-b341-39de3399c604");
INSERT INTO ACT_LNK
	VALUES ("39687276-0d0a-44ec-a54a-b6fa2b937468",
	'',
	"0c574c67-f2a1-4c1d-b341-39de3399c604",
	"e8826e92-bfc8-4325-979a-2122f04032b6",
	"00000000-0000-0000-0000-000000000000",
	2,
	"bd271967-a0a4-4bd7-9783-303111ffdc9b",
	18,
	31,
	18,
	40,
	0,
	0);
INSERT INTO ACT_SMT
	VALUES ("5118e64e-f04e-4dd2-9525-87adcd67e5e2",
	"f99828bb-bcf9-4533-8291-a359e91d7978",
	"5437e06d-1380-48ba-88e7-a5cc2d007059",
	19,
	1,
	'BookingSession::accepted line: 19');
INSERT INTO ACT_RU
	VALUES ("5118e64e-f04e-4dd2-9525-87adcd67e5e2",
	"abfd1373-bbd4-45e4-a13e-84f2610c36a3",
	"df0485b1-9382-42f4-b64f-7c0c9aa2f134",
	"99b75b98-4d93-40aa-8428-9f4c9dfc36c3",
	'',
	"fb7ebd48-fca8-4db0-8828-bd411442c941",
	19,
	22,
	0,
	0);
INSERT INTO ACT_SMT
	VALUES ("5437e06d-1380-48ba-88e7-a5cc2d007059",
	"f99828bb-bcf9-4533-8291-a359e91d7978",
	"92fdb36b-741d-4c30-9d93-35dff45923e2",
	21,
	1,
	'BookingSession::accepted line: 21');
INSERT INTO ACT_SEL
	VALUES ("5437e06d-1380-48ba-88e7-a5cc2d007059",
	"df0485b1-9382-42f4-b64f-7c0c9aa2f134",
	0,
	'one',
	"fc234bf2-3c08-40cb-a457-541abc167ca6");
INSERT INTO ACT_SR
	VALUES ("5437e06d-1380-48ba-88e7-a5cc2d007059");
INSERT INTO ACT_LNK
	VALUES ("36111963-516c-46fa-a309-334237d0ec2a",
	'',
	"5437e06d-1380-48ba-88e7-a5cc2d007059",
	"a30fd0d6-3586-438e-8d6d-b3d3b14c0f03",
	"00000000-0000-0000-0000-000000000000",
	2,
	"9a41fe9e-f547-4cde-b68d-f7db43c904dc",
	21,
	31,
	21,
	39,
	0,
	0);
INSERT INTO ACT_SMT
	VALUES ("92fdb36b-741d-4c30-9d93-35dff45923e2",
	"f99828bb-bcf9-4533-8291-a359e91d7978",
	"5acc12b4-d155-4718-a482-b23cdd0144eb",
	22,
	1,
	'BookingSession::accepted line: 22');
INSERT INTO ACT_FIO
	VALUES ("92fdb36b-741d-4c30-9d93-35dff45923e2",
	"6998c1be-02dd-47dd-9475-562088611ec6",
	1,
	'any',
	"daf3cea3-b187-4d6a-9517-f12785ae9b3a",
	22,
	32);
INSERT INTO ACT_SMT
	VALUES ("5acc12b4-d155-4718-a482-b23cdd0144eb",
	"f99828bb-bcf9-4533-8291-a359e91d7978",
	"4abf32ec-c6e3-40e3-b89d-cc5e3daa832b",
	23,
	1,
	'BookingSession::accepted line: 23');
INSERT INTO ACT_REL
	VALUES ("5acc12b4-d155-4718-a482-b23cdd0144eb",
	"df0485b1-9382-42f4-b64f-7c0c9aa2f134",
	"6998c1be-02dd-47dd-9475-562088611ec6",
	'',
	"6b659d9b-9323-400f-bda2-168e1882b5ad",
	23,
	22,
	0,
	0);
INSERT INTO ACT_SMT
	VALUES ("4abf32ec-c6e3-40e3-b89d-cc5e3daa832b",
	"f99828bb-bcf9-4533-8291-a359e91d7978",
	"db03e63c-d6e5-47d0-a0d3-06ac96907fab",
	24,
	1,
	'BookingSession::accepted line: 24');
INSERT INTO ACT_BRG
	VALUES ("4abf32ec-c6e3-40e3-b89d-cc5e3daa832b",
	"768e1cca-7403-495c-9b22-afd11a473eb6",
	24,
	6,
	24,
	1);
INSERT INTO ACT_SMT
	VALUES ("db03e63c-d6e5-47d0-a0d3-06ac96907fab",
	"f99828bb-bcf9-4533-8291-a359e91d7978",
	"00000000-0000-0000-0000-000000000000",
	25,
	1,
	'BookingSession::accepted line: 25');
INSERT INTO ACT_TFM
	VALUES ("db03e63c-d6e5-47d0-a0d3-06ac96907fab",
	"faff47c6-f77e-472d-b239-9cfba6db36c7",
	"aeb098b4-9716-40b1-8ec1-25c03246b4a1",
	25,
	6,
	0,
	0);
INSERT INTO V_VAL
	VALUES ("b0bdca8d-d2f5-44e6-a2ff-6f19add5167e",
	1,
	0,
	4,
	1,
	4,
	0,
	0,
	0,
	0,
	"ba5eda7a-def5-0000-0000-000000000008",
	"f99828bb-bcf9-4533-8291-a359e91d7978");
INSERT INTO V_IRF
	VALUES ("b0bdca8d-d2f5-44e6-a2ff-6f19add5167e",
	"99b75b98-4d93-40aa-8428-9f4c9dfc36c3");
INSERT INTO V_VAL
	VALUES ("a449b982-0d68-4871-85c6-fb234e47e256",
	1,
	0,
	4,
	6,
	12,
	0,
	0,
	0,
	0,
	"ba5eda7a-def5-0000-0000-000000000001",
	"f99828bb-bcf9-4533-8291-a359e91d7978");
INSERT INTO V_AVL
	VALUES ("a449b982-0d68-4871-85c6-fb234e47e256",
	"b0bdca8d-d2f5-44e6-a2ff-6f19add5167e",
	"99c3a579-f918-44fd-916c-a41161cb6518",
	"9fbcb3d8-ee3c-4fab-b468-a811d1524204");
INSERT INTO V_VAL
	VALUES ("87420a46-7913-471d-81fc-eea16be588b1",
	0,
	0,
	-1,
	-1,
	-1,
	0,
	0,
	0,
	0,
	"ba5eda7a-def5-0000-0000-000000000001",
	"f99828bb-bcf9-4533-8291-a359e91d7978");
INSERT INTO V_LBO
	VALUES ("87420a46-7913-471d-81fc-eea16be588b1",
	'FALSE');
INSERT INTO V_VAL
	VALUES ("0a1b8d75-f677-45ad-b5e6-4d78c7a33fb2",
	0,
	0,
	6,
	25,
	28,
	0,
	0,
	0,
	0,
	"ba5eda7a-def5-0000-0000-000000000008",
	"f99828bb-bcf9-4533-8291-a359e91d7978");
INSERT INTO V_IRF
	VALUES ("0a1b8d75-f677-45ad-b5e6-4d78c7a33fb2",
	"aeb098b4-9716-40b1-8ec1-25c03246b4a1");
INSERT INTO V_VAL
	VALUES ("8332cdbc-ffad-43b1-8891-4c2ac3375c70",
	0,
	0,
	8,
	35,
	35,
	0,
	0,
	0,
	0,
	"433f7688-7b95-4f9c-89f1-cf076d691ab7",
	"f99828bb-bcf9-4533-8291-a359e91d7978");
INSERT INTO V_IRF
	VALUES ("8332cdbc-ffad-43b1-8891-4c2ac3375c70",
	"df0485b1-9382-42f4-b64f-7c0c9aa2f134");
INSERT INTO V_VAL
	VALUES ("65eaa51a-c270-4c89-a785-a0500776b96a",
	0,
	0,
	18,
	25,
	28,
	0,
	0,
	0,
	0,
	"ba5eda7a-def5-0000-0000-000000000008",
	"f99828bb-bcf9-4533-8291-a359e91d7978");
INSERT INTO V_IRF
	VALUES ("65eaa51a-c270-4c89-a785-a0500776b96a",
	"aeb098b4-9716-40b1-8ec1-25c03246b4a1");
INSERT INTO V_VAL
	VALUES ("fc234bf2-3c08-40cb-a457-541abc167ca6",
	0,
	0,
	21,
	25,
	28,
	0,
	0,
	0,
	0,
	"ba5eda7a-def5-0000-0000-000000000008",
	"f99828bb-bcf9-4533-8291-a359e91d7978");
INSERT INTO V_IRF
	VALUES ("fc234bf2-3c08-40cb-a457-541abc167ca6",
	"aeb098b4-9716-40b1-8ec1-25c03246b4a1");
INSERT INTO V_VAL
	VALUES ("c8e3294d-600b-4980-8824-a210001d6a01",
	0,
	0,
	24,
	23,
	54,
	0,
	0,
	0,
	0,
	"ba5eda7a-def5-0000-0000-000000000004",
	"f99828bb-bcf9-4533-8291-a359e91d7978");
INSERT INTO V_LST
	VALUES ("c8e3294d-600b-4980-8824-a210001d6a01",
	'H: WOHO BOOKING DONE!!!!!!!!!!!');
INSERT INTO V_PAR
	VALUES ("c8e3294d-600b-4980-8824-a210001d6a01",
	"4abf32ec-c6e3-40e3-b89d-cc5e3daa832b",
	"00000000-0000-0000-0000-000000000000",
	'message',
	"00000000-0000-0000-0000-000000000000",
	24,
	14);
INSERT INTO V_VAR
	VALUES ("99b75b98-4d93-40aa-8428-9f4c9dfc36c3",
	"f99828bb-bcf9-4533-8291-a359e91d7978",
	'bill',
	1,
	"ba5eda7a-def5-0000-0000-000000000008");
INSERT INTO V_INT
	VALUES ("99b75b98-4d93-40aa-8428-9f4c9dfc36c3",
	0,
	"99c3a579-f918-44fd-916c-a41161cb6518");
INSERT INTO V_LOC
	VALUES ("4be6e2ad-2253-4dae-bc1d-0628828ce568",
	3,
	24,
	27,
	"99b75b98-4d93-40aa-8428-9f4c9dfc36c3");
INSERT INTO V_LOC
	VALUES ("59f306e0-bacd-4f2e-a604-87c15e43fef9",
	4,
	1,
	4,
	"99b75b98-4d93-40aa-8428-9f4c9dfc36c3");
INSERT INTO V_LOC
	VALUES ("039df7c1-bb77-4b21-be9a-25278840063f",
	15,
	21,
	24,
	"99b75b98-4d93-40aa-8428-9f4c9dfc36c3");
INSERT INTO V_LOC
	VALUES ("fd85eb25-1538-4bc7-a4fb-54868e653a5b",
	19,
	32,
	35,
	"99b75b98-4d93-40aa-8428-9f4c9dfc36c3");
INSERT INTO V_VAR
	VALUES ("df0485b1-9382-42f4-b64f-7c0c9aa2f134",
	"f99828bb-bcf9-4533-8291-a359e91d7978",
	'b',
	1,
	"433f7688-7b95-4f9c-89f1-cf076d691ab7");
INSERT INTO V_INT
	VALUES ("df0485b1-9382-42f4-b64f-7c0c9aa2f134",
	0,
	"9a41fe9e-f547-4cde-b68d-f7db43c904dc");
INSERT INTO V_LOC
	VALUES ("df2f5d1c-8bf2-463e-9d6b-bbd9a00445e0",
	6,
	12,
	12,
	"df0485b1-9382-42f4-b64f-7c0c9aa2f134");
INSERT INTO V_LOC
	VALUES ("6a3e78a9-6f84-48fb-9d6a-14418649ed78",
	19,
	13,
	13,
	"df0485b1-9382-42f4-b64f-7c0c9aa2f134");
INSERT INTO V_LOC
	VALUES ("5622d443-b377-4814-86fc-d4e327b8f4f7",
	21,
	12,
	12,
	"df0485b1-9382-42f4-b64f-7c0c9aa2f134");
INSERT INTO V_LOC
	VALUES ("c5171acd-c6ec-4d79-987b-9751d73a2bdb",
	23,
	8,
	8,
	"df0485b1-9382-42f4-b64f-7c0c9aa2f134");
INSERT INTO V_VAR
	VALUES ("aeb098b4-9716-40b1-8ec1-25c03246b4a1",
	"f99828bb-bcf9-4533-8291-a359e91d7978",
	'self',
	1,
	"ba5eda7a-def5-0000-0000-000000000008");
INSERT INTO V_INT
	VALUES ("aeb098b4-9716-40b1-8ec1-25c03246b4a1",
	0,
	"7137c09d-ba0e-406b-b3b5-76bb3cc48f3d");
INSERT INTO V_LOC
	VALUES ("66054a69-5269-47b2-97d3-1a9d73327fb4",
	25,
	1,
	4,
	"aeb098b4-9716-40b1-8ec1-25c03246b4a1");
INSERT INTO V_VAR
	VALUES ("c1b99c02-ae6c-4c7c-9ad3-42920c5eaab3",
	"f99828bb-bcf9-4533-8291-a359e91d7978",
	'facilities',
	1,
	"6557ebe6-ab9f-4355-8439-aba9a82c7dd3");
INSERT INTO V_INS
	VALUES ("c1b99c02-ae6c-4c7c-9ad3-42920c5eaab3",
	"4b839513-bd70-4d73-85ed-c06b10ee091a");
INSERT INTO V_LOC
	VALUES ("50083de4-7fab-402b-8b67-9a9e226eb566",
	8,
	13,
	22,
	"c1b99c02-ae6c-4c7c-9ad3-42920c5eaab3");
INSERT INTO V_LOC
	VALUES ("532c0f76-1b9b-42d5-bec0-8485b0ebee93",
	10,
	17,
	26,
	"c1b99c02-ae6c-4c7c-9ad3-42920c5eaab3");
INSERT INTO V_VAR
	VALUES ("7a07c861-c864-49ea-95bd-c89bcce64232",
	"f99828bb-bcf9-4533-8291-a359e91d7978",
	'fac',
	1,
	"bd43dc09-3be2-4ae8-806d-bedb08b1e03c");
INSERT INTO V_INT
	VALUES ("7a07c861-c864-49ea-95bd-c89bcce64232",
	1,
	"4b839513-bd70-4d73-85ed-c06b10ee091a");
INSERT INTO V_LOC
	VALUES ("d7e8150e-a742-440e-be62-81a694a89221",
	10,
	10,
	12,
	"7a07c861-c864-49ea-95bd-c89bcce64232");
INSERT INTO V_VAR
	VALUES ("abfd1373-bbd4-45e4-a13e-84f2610c36a3",
	"f99828bb-bcf9-4533-8291-a359e91d7978",
	'c',
	1,
	"ba5eda7a-def5-0000-0000-000000000008");
INSERT INTO V_INT
	VALUES ("abfd1373-bbd4-45e4-a13e-84f2610c36a3",
	0,
	"bd271967-a0a4-4bd7-9783-303111ffdc9b");
INSERT INTO V_LOC
	VALUES ("a5f6dcd7-1506-4ad3-9f14-14234a4e1733",
	18,
	12,
	12,
	"abfd1373-bbd4-45e4-a13e-84f2610c36a3");
INSERT INTO V_LOC
	VALUES ("f4f1a72e-de9a-462f-b791-9a6902e84336",
	19,
	8,
	8,
	"abfd1373-bbd4-45e4-a13e-84f2610c36a3");
INSERT INTO V_VAR
	VALUES ("6998c1be-02dd-47dd-9475-562088611ec6",
	"f99828bb-bcf9-4533-8291-a359e91d7978",
	'h',
	1,
	"ba5eda7a-def5-0000-0000-000000000008");
INSERT INTO V_INT
	VALUES ("6998c1be-02dd-47dd-9475-562088611ec6",
	0,
	"daf3cea3-b187-4d6a-9517-f12785ae9b3a");
INSERT INTO V_LOC
	VALUES ("4c222b08-9383-4c65-a707-408df478dbe1",
	22,
	12,
	12,
	"6998c1be-02dd-47dd-9475-562088611ec6");
INSERT INTO V_LOC
	VALUES ("29704b13-6a48-46a8-aad6-3b64940ab1a1",
	23,
	13,
	13,
	"6998c1be-02dd-47dd-9475-562088611ec6");
INSERT INTO ACT_BLK
	VALUES ("aa97948b-73ba-43a7-be05-5eeda7175614",
	1,
	0,
	0,
	'',
	'',
	'',
	15,
	2,
	12,
	37,
	0,
	0,
	15,
	33,
	0,
	0,
	0,
	0,
	0,
	"9f46a064-9558-489d-a9cd-fb390b4b9413",
	"00000000-0000-0000-0000-000000000000");
INSERT INTO ACT_SMT
	VALUES ("06f45f80-bec1-4502-9da2-7568ef8aa1e4",
	"aa97948b-73ba-43a7-be05-5eeda7175614",
	"74a529ec-3bb0-4c28-a99a-2f6f3057cd28",
	11,
	2,
	'BookingSession::accepted line: 11');
INSERT INTO ACT_SEL
	VALUES ("06f45f80-bec1-4502-9da2-7568ef8aa1e4",
	"f415c85f-f7be-41b8-9489-992951e6ad3a",
	1,
	'one',
	"03e91792-4af2-40cc-ab00-c284d1b9c8c7");
INSERT INTO ACT_SR
	VALUES ("06f45f80-bec1-4502-9da2-7568ef8aa1e4");
INSERT INTO ACT_LNK
	VALUES ("c3aa9a85-6eb3-4662-9c33-3e67c88237cf",
	'',
	"06f45f80-bec1-4502-9da2-7568ef8aa1e4",
	"861d98e9-8fb8-41c9-b775-c91333eaac35",
	"f2af3f08-0ba3-41ea-9502-b3695476208b",
	2,
	"bafdc953-1881-43a3-a5f1-9dcc7e2d60c3",
	11,
	38,
	11,
	51,
	0,
	0);
INSERT INTO ACT_LNK
	VALUES ("f2af3f08-0ba3-41ea-9502-b3695476208b",
	'',
	"00000000-0000-0000-0000-000000000000",
	"655f93cd-124d-4c1c-8fee-9a2f5468ffe1",
	"00000000-0000-0000-0000-000000000000",
	2,
	"803702ba-1594-4405-b96a-8c76b6ef1c69",
	11,
	56,
	11,
	65,
	0,
	0);
INSERT INTO ACT_SMT
	VALUES ("74a529ec-3bb0-4c28-a99a-2f6f3057cd28",
	"aa97948b-73ba-43a7-be05-5eeda7175614",
	"f6ccd89e-d968-41f0-9db3-e91003d713af",
	12,
	2,
	'BookingSession::accepted line: 12');
INSERT INTO ACT_CR
	VALUES ("74a529ec-3bb0-4c28-a99a-2f6f3057cd28",
	"ab55c8f3-2df7-4605-aeed-4ec9bbd2f2de",
	1,
	"37699420-e221-4e5c-800b-cf398f6e9803",
	12,
	37);
INSERT INTO ACT_SMT
	VALUES ("f6ccd89e-d968-41f0-9db3-e91003d713af",
	"aa97948b-73ba-43a7-be05-5eeda7175614",
	"46f7d6c4-1ed2-4e73-8469-a4fe8e43d76e",
	13,
	2,
	'BookingSession::accepted line: 13');
INSERT INTO ACT_AI
	VALUES ("f6ccd89e-d968-41f0-9db3-e91003d713af",
	"5d0ed808-7d96-4a6b-89fb-c5c45614242e",
	"3db2ca50-6113-4489-be3f-53046ca4432c",
	0,
	0);
INSERT INTO ACT_SMT
	VALUES ("46f7d6c4-1ed2-4e73-8469-a4fe8e43d76e",
	"aa97948b-73ba-43a7-be05-5eeda7175614",
	"53a02370-ead5-4b6a-9ded-52b9f9399901",
	14,
	2,
	'BookingSession::accepted line: 14');
INSERT INTO ACT_AI
	VALUES ("46f7d6c4-1ed2-4e73-8469-a4fe8e43d76e",
	"9f773f17-77f1-4233-bdd8-0f66b48bab98",
	"b90dbfc2-221b-42f2-918e-93b92e5efc01",
	0,
	0);
INSERT INTO ACT_SMT
	VALUES ("53a02370-ead5-4b6a-9ded-52b9f9399901",
	"aa97948b-73ba-43a7-be05-5eeda7175614",
	"00000000-0000-0000-0000-000000000000",
	15,
	2,
	'BookingSession::accepted line: 15');
INSERT INTO ACT_REL
	VALUES ("53a02370-ead5-4b6a-9ded-52b9f9399901",
	"ab55c8f3-2df7-4605-aeed-4ec9bbd2f2de",
	"99b75b98-4d93-40aa-8428-9f4c9dfc36c3",
	'',
	"737fb9b4-6772-447a-9946-dea477ac7b1c",
	15,
	33,
	0,
	0);
INSERT INTO V_VAL
	VALUES ("03e91792-4af2-40cc-ab00-c284d1b9c8c7",
	0,
	0,
	11,
	33,
	35,
	0,
	0,
	0,
	0,
	"bd43dc09-3be2-4ae8-806d-bedb08b1e03c",
	"aa97948b-73ba-43a7-be05-5eeda7175614");
INSERT INTO V_IRF
	VALUES ("03e91792-4af2-40cc-ab00-c284d1b9c8c7",
	"7a07c861-c864-49ea-95bd-c89bcce64232");
INSERT INTO V_VAL
	VALUES ("eeab8574-368e-4716-8700-2f0e0cbc1bdb",
	1,
	0,
	13,
	2,
	9,
	0,
	0,
	0,
	0,
	"ba5eda7a-def5-0000-0000-000000000008",
	"aa97948b-73ba-43a7-be05-5eeda7175614");
INSERT INTO V_IRF
	VALUES ("eeab8574-368e-4716-8700-2f0e0cbc1bdb",
	"ab55c8f3-2df7-4605-aeed-4ec9bbd2f2de");
INSERT INTO V_VAL
	VALUES ("3db2ca50-6113-4489-be3f-53046ca4432c",
	1,
	0,
	13,
	11,
	14,
	0,
	0,
	0,
	0,
	"ba5eda7a-def5-0000-0000-000000000002",
	"aa97948b-73ba-43a7-be05-5eeda7175614");
INSERT INTO V_AVL
	VALUES ("3db2ca50-6113-4489-be3f-53046ca4432c",
	"eeab8574-368e-4716-8700-2f0e0cbc1bdb",
	"37699420-e221-4e5c-800b-cf398f6e9803",
	"9dd362c1-1938-444b-80a5-df8a36e62170");
INSERT INTO V_VAL
	VALUES ("b407ea4e-2e56-4902-adb0-4d0a9ef4a726",
	0,
	0,
	13,
	18,
	25,
	0,
	0,
	0,
	0,
	"bdce89ef-72f6-4386-ba13-b2d926836c80",
	"aa97948b-73ba-43a7-be05-5eeda7175614");
INSERT INTO V_IRF
	VALUES ("b407ea4e-2e56-4902-adb0-4d0a9ef4a726",
	"f415c85f-f7be-41b8-9489-992951e6ad3a");
INSERT INTO V_VAL
	VALUES ("5d0ed808-7d96-4a6b-89fb-c5c45614242e",
	0,
	0,
	13,
	27,
	31,
	0,
	0,
	0,
	0,
	"ba5eda7a-def5-0000-0000-000000000002",
	"aa97948b-73ba-43a7-be05-5eeda7175614");
INSERT INTO V_AVL
	VALUES ("5d0ed808-7d96-4a6b-89fb-c5c45614242e",
	"b407ea4e-2e56-4902-adb0-4d0a9ef4a726",
	"803702ba-1594-4405-b96a-8c76b6ef1c69",
	"8ccbac66-5148-4ed4-bb36-09215ce15366");
INSERT INTO V_VAL
	VALUES ("15db8391-212c-48c0-a1d4-12aa4882d806",
	1,
	0,
	14,
	2,
	9,
	0,
	0,
	0,
	0,
	"ba5eda7a-def5-0000-0000-000000000008",
	"aa97948b-73ba-43a7-be05-5eeda7175614");
INSERT INTO V_IRF
	VALUES ("15db8391-212c-48c0-a1d4-12aa4882d806",
	"ab55c8f3-2df7-4605-aeed-4ec9bbd2f2de");
INSERT INTO V_VAL
	VALUES ("b90dbfc2-221b-42f2-918e-93b92e5efc01",
	1,
	0,
	14,
	11,
	21,
	0,
	0,
	0,
	0,
	"ba5eda7a-def5-0000-0000-000000000004",
	"aa97948b-73ba-43a7-be05-5eeda7175614");
INSERT INTO V_AVL
	VALUES ("b90dbfc2-221b-42f2-918e-93b92e5efc01",
	"15db8391-212c-48c0-a1d4-12aa4882d806",
	"37699420-e221-4e5c-800b-cf398f6e9803",
	"5c630467-39da-4a2d-8ae2-e16ccda92fbb");
INSERT INTO V_VAL
	VALUES ("29916eb4-51e9-4c31-b4ee-a988dae8dd72",
	0,
	0,
	14,
	25,
	32,
	0,
	0,
	0,
	0,
	"bdce89ef-72f6-4386-ba13-b2d926836c80",
	"aa97948b-73ba-43a7-be05-5eeda7175614");
INSERT INTO V_IRF
	VALUES ("29916eb4-51e9-4c31-b4ee-a988dae8dd72",
	"f415c85f-f7be-41b8-9489-992951e6ad3a");
INSERT INTO V_VAL
	VALUES ("07176425-e842-4e9b-b9bc-cb4a3ca2f48e",
	0,
	0,
	14,
	34,
	37,
	0,
	0,
	0,
	0,
	"ba5eda7a-def5-0000-0000-000000000004",
	"aa97948b-73ba-43a7-be05-5eeda7175614");
INSERT INTO V_AVL
	VALUES ("07176425-e842-4e9b-b9bc-cb4a3ca2f48e",
	"29916eb4-51e9-4c31-b4ee-a988dae8dd72",
	"803702ba-1594-4405-b96a-8c76b6ef1c69",
	"3f2fc0b4-be17-44ca-a848-72144603506d");
INSERT INTO V_VAL
	VALUES ("37bca1d2-5476-4cb0-bf14-7bd1bb7add0f",
	0,
	0,
	-1,
	-1,
	-1,
	0,
	0,
	0,
	0,
	"ba5eda7a-def5-0000-0000-000000000004",
	"aa97948b-73ba-43a7-be05-5eeda7175614");
INSERT INTO V_BIN
	VALUES ("37bca1d2-5476-4cb0-bf14-7bd1bb7add0f",
	"c8d76f96-1d14-4e9d-b503-34b58a578942",
	"07176425-e842-4e9b-b9bc-cb4a3ca2f48e",
	'+');
INSERT INTO V_VAL
	VALUES ("c8d76f96-1d14-4e9d-b503-34b58a578942",
	0,
	0,
	14,
	41,
	42,
	0,
	0,
	0,
	0,
	"ba5eda7a-def5-0000-0000-000000000004",
	"aa97948b-73ba-43a7-be05-5eeda7175614");
INSERT INTO V_LST
	VALUES ("c8d76f96-1d14-4e9d-b503-34b58a578942",
	' ');
INSERT INTO V_VAL
	VALUES ("9f773f17-77f1-4233-bdd8-0f66b48bab98",
	0,
	0,
	-1,
	-1,
	-1,
	0,
	0,
	0,
	0,
	"ba5eda7a-def5-0000-0000-000000000004",
	"aa97948b-73ba-43a7-be05-5eeda7175614");
INSERT INTO V_BIN
	VALUES ("9f773f17-77f1-4233-bdd8-0f66b48bab98",
	"e45cf406-f7f3-45f0-89ae-455e53991dd2",
	"37bca1d2-5476-4cb0-bf14-7bd1bb7add0f",
	'+');
INSERT INTO V_VAL
	VALUES ("fe54f8b0-0439-4419-ac0d-92e65940c49b",
	0,
	0,
	14,
	47,
	54,
	0,
	0,
	0,
	0,
	"bdce89ef-72f6-4386-ba13-b2d926836c80",
	"aa97948b-73ba-43a7-be05-5eeda7175614");
INSERT INTO V_IRF
	VALUES ("fe54f8b0-0439-4419-ac0d-92e65940c49b",
	"f415c85f-f7be-41b8-9489-992951e6ad3a");
INSERT INTO V_VAL
	VALUES ("e45cf406-f7f3-45f0-89ae-455e53991dd2",
	0,
	0,
	14,
	56,
	66,
	0,
	0,
	0,
	0,
	"ba5eda7a-def5-0000-0000-000000000004",
	"aa97948b-73ba-43a7-be05-5eeda7175614");
INSERT INTO V_AVL
	VALUES ("e45cf406-f7f3-45f0-89ae-455e53991dd2",
	"fe54f8b0-0439-4419-ac0d-92e65940c49b",
	"803702ba-1594-4405-b96a-8c76b6ef1c69",
	"7edb737c-eda0-435c-ab44-20ad0293ebdb");
INSERT INTO V_VAR
	VALUES ("f415c85f-f7be-41b8-9489-992951e6ad3a",
	"aa97948b-73ba-43a7-be05-5eeda7175614",
	'bookable',
	1,
	"bdce89ef-72f6-4386-ba13-b2d926836c80");
INSERT INTO V_INT
	VALUES ("f415c85f-f7be-41b8-9489-992951e6ad3a",
	0,
	"803702ba-1594-4405-b96a-8c76b6ef1c69");
INSERT INTO V_LOC
	VALUES ("8634886c-8c80-49a5-868d-c2614b574896",
	11,
	13,
	20,
	"f415c85f-f7be-41b8-9489-992951e6ad3a");
INSERT INTO V_LOC
	VALUES ("f2ad5199-377b-4a16-9fe0-53c2d6145d9f",
	13,
	18,
	25,
	"f415c85f-f7be-41b8-9489-992951e6ad3a");
INSERT INTO V_LOC
	VALUES ("0857137b-d567-4ad8-8e79-6e2ceda4e6ef",
	14,
	25,
	32,
	"f415c85f-f7be-41b8-9489-992951e6ad3a");
INSERT INTO V_LOC
	VALUES ("e2bcee90-4dd0-49c9-b884-0a1394efecf9",
	14,
	47,
	54,
	"f415c85f-f7be-41b8-9489-992951e6ad3a");
INSERT INTO V_VAR
	VALUES ("ab55c8f3-2df7-4605-aeed-4ec9bbd2f2de",
	"aa97948b-73ba-43a7-be05-5eeda7175614",
	'billItem',
	1,
	"ba5eda7a-def5-0000-0000-000000000008");
INSERT INTO V_INT
	VALUES ("ab55c8f3-2df7-4605-aeed-4ec9bbd2f2de",
	0,
	"37699420-e221-4e5c-800b-cf398f6e9803");
INSERT INTO V_LOC
	VALUES ("f47fcedf-a9cc-45c7-80b7-d9ea57d74cd6",
	12,
	25,
	32,
	"ab55c8f3-2df7-4605-aeed-4ec9bbd2f2de");
INSERT INTO V_LOC
	VALUES ("019299a3-0c58-4b06-a50b-fb4809ba0d61",
	13,
	2,
	9,
	"ab55c8f3-2df7-4605-aeed-4ec9bbd2f2de");
INSERT INTO V_LOC
	VALUES ("37a2b5f4-a831-4c5e-95e5-8c49fa840176",
	14,
	2,
	9,
	"ab55c8f3-2df7-4605-aeed-4ec9bbd2f2de");
INSERT INTO V_LOC
	VALUES ("77012b2a-feb8-4402-a44d-4567ee60468d",
	15,
	9,
	16,
	"ab55c8f3-2df7-4605-aeed-4ec9bbd2f2de");
INSERT INTO SM_STATE
	VALUES ("4aecb993-a30f-4e82-ae57-ca7b870f160e",
	"c87b2dab-d00f-4d32-a5d3-d1e5b01c9cb3",
	"00000000-0000-0000-0000-000000000000",
	'aborted',
	10,
	0);
INSERT INTO SM_CH
	VALUES ("4aecb993-a30f-4e82-ae57-ca7b870f160e",
	"463dc70c-f7bb-484c-8def-bd2056914139",
	"c87b2dab-d00f-4d32-a5d3-d1e5b01c9cb3",
	"00000000-0000-0000-0000-000000000000",
	'');
INSERT INTO SM_SEME
	VALUES ("4aecb993-a30f-4e82-ae57-ca7b870f160e",
	"463dc70c-f7bb-484c-8def-bd2056914139",
	"c87b2dab-d00f-4d32-a5d3-d1e5b01c9cb3",
	"00000000-0000-0000-0000-000000000000");
INSERT INTO SM_CH
	VALUES ("4aecb993-a30f-4e82-ae57-ca7b870f160e",
	"2113072c-9fe7-4d67-8795-583d185185c1",
	"c87b2dab-d00f-4d32-a5d3-d1e5b01c9cb3",
	"00000000-0000-0000-0000-000000000000",
	'');
INSERT INTO SM_SEME
	VALUES ("4aecb993-a30f-4e82-ae57-ca7b870f160e",
	"2113072c-9fe7-4d67-8795-583d185185c1",
	"c87b2dab-d00f-4d32-a5d3-d1e5b01c9cb3",
	"00000000-0000-0000-0000-000000000000");
INSERT INTO SM_CH
	VALUES ("4aecb993-a30f-4e82-ae57-ca7b870f160e",
	"0e59bc59-c4a8-49b6-b5c2-bd2e2de4f771",
	"c87b2dab-d00f-4d32-a5d3-d1e5b01c9cb3",
	"00000000-0000-0000-0000-000000000000",
	'');
INSERT INTO SM_SEME
	VALUES ("4aecb993-a30f-4e82-ae57-ca7b870f160e",
	"0e59bc59-c4a8-49b6-b5c2-bd2e2de4f771",
	"c87b2dab-d00f-4d32-a5d3-d1e5b01c9cb3",
	"00000000-0000-0000-0000-000000000000");
INSERT INTO SM_CH
	VALUES ("4aecb993-a30f-4e82-ae57-ca7b870f160e",
	"9a883f49-b118-47b2-880c-373bfecf9218",
	"c87b2dab-d00f-4d32-a5d3-d1e5b01c9cb3",
	"00000000-0000-0000-0000-000000000000",
	'');
INSERT INTO SM_SEME
	VALUES ("4aecb993-a30f-4e82-ae57-ca7b870f160e",
	"9a883f49-b118-47b2-880c-373bfecf9218",
	"c87b2dab-d00f-4d32-a5d3-d1e5b01c9cb3",
	"00000000-0000-0000-0000-000000000000");
INSERT INTO SM_CH
	VALUES ("4aecb993-a30f-4e82-ae57-ca7b870f160e",
	"153a511b-c927-49fe-95d5-db518898883d",
	"c87b2dab-d00f-4d32-a5d3-d1e5b01c9cb3",
	"00000000-0000-0000-0000-000000000000",
	'');
INSERT INTO SM_SEME
	VALUES ("4aecb993-a30f-4e82-ae57-ca7b870f160e",
	"153a511b-c927-49fe-95d5-db518898883d",
	"c87b2dab-d00f-4d32-a5d3-d1e5b01c9cb3",
	"00000000-0000-0000-0000-000000000000");
INSERT INTO SM_CH
	VALUES ("4aecb993-a30f-4e82-ae57-ca7b870f160e",
	"459dadf1-a920-477f-b495-f73fd93f16e7",
	"c87b2dab-d00f-4d32-a5d3-d1e5b01c9cb3",
	"00000000-0000-0000-0000-000000000000",
	'');
INSERT INTO SM_SEME
	VALUES ("4aecb993-a30f-4e82-ae57-ca7b870f160e",
	"459dadf1-a920-477f-b495-f73fd93f16e7",
	"c87b2dab-d00f-4d32-a5d3-d1e5b01c9cb3",
	"00000000-0000-0000-0000-000000000000");
INSERT INTO SM_CH
	VALUES ("4aecb993-a30f-4e82-ae57-ca7b870f160e",
	"2abc1152-f6f1-440f-8291-2896e45ba380",
	"c87b2dab-d00f-4d32-a5d3-d1e5b01c9cb3",
	"00000000-0000-0000-0000-000000000000",
	'');
INSERT INTO SM_SEME
	VALUES ("4aecb993-a30f-4e82-ae57-ca7b870f160e",
	"2abc1152-f6f1-440f-8291-2896e45ba380",
	"c87b2dab-d00f-4d32-a5d3-d1e5b01c9cb3",
	"00000000-0000-0000-0000-000000000000");
INSERT INTO SM_CH
	VALUES ("4aecb993-a30f-4e82-ae57-ca7b870f160e",
	"5d2bc261-464e-4c96-88a1-0dcf2267fd8b",
	"c87b2dab-d00f-4d32-a5d3-d1e5b01c9cb3",
	"00000000-0000-0000-0000-000000000000",
	'');
INSERT INTO SM_SEME
	VALUES ("4aecb993-a30f-4e82-ae57-ca7b870f160e",
	"5d2bc261-464e-4c96-88a1-0dcf2267fd8b",
	"c87b2dab-d00f-4d32-a5d3-d1e5b01c9cb3",
	"00000000-0000-0000-0000-000000000000");
INSERT INTO SM_CH
	VALUES ("4aecb993-a30f-4e82-ae57-ca7b870f160e",
	"42a35ac4-7d83-4153-8c24-cc4699f29672",
	"c87b2dab-d00f-4d32-a5d3-d1e5b01c9cb3",
	"00000000-0000-0000-0000-000000000000",
	'');
INSERT INTO SM_SEME
	VALUES ("4aecb993-a30f-4e82-ae57-ca7b870f160e",
	"42a35ac4-7d83-4153-8c24-cc4699f29672",
	"c87b2dab-d00f-4d32-a5d3-d1e5b01c9cb3",
	"00000000-0000-0000-0000-000000000000");
INSERT INTO SM_CH
	VALUES ("4aecb993-a30f-4e82-ae57-ca7b870f160e",
	"2997b42d-5a67-49a7-8755-03fcc1613959",
	"c87b2dab-d00f-4d32-a5d3-d1e5b01c9cb3",
	"00000000-0000-0000-0000-000000000000",
	'');
INSERT INTO SM_SEME
	VALUES ("4aecb993-a30f-4e82-ae57-ca7b870f160e",
	"2997b42d-5a67-49a7-8755-03fcc1613959",
	"c87b2dab-d00f-4d32-a5d3-d1e5b01c9cb3",
	"00000000-0000-0000-0000-000000000000");
INSERT INTO SM_CH
	VALUES ("4aecb993-a30f-4e82-ae57-ca7b870f160e",
	"42aa2589-c5b2-474c-857d-d7afec638cef",
	"c87b2dab-d00f-4d32-a5d3-d1e5b01c9cb3",
	"00000000-0000-0000-0000-000000000000",
	'');
INSERT INTO SM_SEME
	VALUES ("4aecb993-a30f-4e82-ae57-ca7b870f160e",
	"42aa2589-c5b2-474c-857d-d7afec638cef",
	"c87b2dab-d00f-4d32-a5d3-d1e5b01c9cb3",
	"00000000-0000-0000-0000-000000000000");
INSERT INTO SM_MOAH
	VALUES ("d79ba01f-2e1e-40c4-bf30-bf8ccd739bb5",
	"c87b2dab-d00f-4d32-a5d3-d1e5b01c9cb3",
	"4aecb993-a30f-4e82-ae57-ca7b870f160e");
INSERT INTO SM_AH
	VALUES ("d79ba01f-2e1e-40c4-bf30-bf8ccd739bb5",
	"c87b2dab-d00f-4d32-a5d3-d1e5b01c9cb3");
INSERT INTO SM_ACT
	VALUES ("d79ba01f-2e1e-40c4-bf30-bf8ccd739bb5",
	"c87b2dab-d00f-4d32-a5d3-d1e5b01c9cb3",
	1,
	'self.undoBookingSession();',
	'');
INSERT INTO ACT_SAB
	VALUES ("81fd8f50-f042-44da-903c-6e00efa1e9f9",
	"c87b2dab-d00f-4d32-a5d3-d1e5b01c9cb3",
	"d79ba01f-2e1e-40c4-bf30-bf8ccd739bb5");
INSERT INTO ACT_ACT
	VALUES ("81fd8f50-f042-44da-903c-6e00efa1e9f9",
	'state',
	0,
	"3cf51d42-7133-4b2e-9e36-28bc141da923",
	"00000000-0000-0000-0000-000000000000",
	0,
	'BookingSession::aborted',
	"00000000-0000-0000-0000-000000000000");
INSERT INTO ACT_BLK
	VALUES ("3cf51d42-7133-4b2e-9e36-28bc141da923",
	0,
	0,
	0,
	'',
	'',
	'',
	1,
	1,
	0,
	0,
	0,
	0,
	0,
	0,
	0,
	0,
	0,
	0,
	0,
	"81fd8f50-f042-44da-903c-6e00efa1e9f9",
	"00000000-0000-0000-0000-000000000000");
INSERT INTO ACT_SMT
	VALUES ("f4df5c38-91d6-493a-acf8-482d899d7d6c",
	"3cf51d42-7133-4b2e-9e36-28bc141da923",
	"00000000-0000-0000-0000-000000000000",
	1,
	1,
	'BookingSession::aborted line: 1');
INSERT INTO ACT_TFM
	VALUES ("f4df5c38-91d6-493a-acf8-482d899d7d6c",
	"8a869324-4507-4c19-8d93-a0cb8bac1c84",
	"7e34c93e-3d8a-4034-b7aa-f43fa81f111c",
	1,
	6,
	0,
	0);
INSERT INTO V_VAR
	VALUES ("7e34c93e-3d8a-4034-b7aa-f43fa81f111c",
	"3cf51d42-7133-4b2e-9e36-28bc141da923",
	'self',
	1,
	"ba5eda7a-def5-0000-0000-000000000008");
INSERT INTO V_INT
	VALUES ("7e34c93e-3d8a-4034-b7aa-f43fa81f111c",
	0,
	"7137c09d-ba0e-406b-b3b5-76bb3cc48f3d");
INSERT INTO V_LOC
	VALUES ("4ab1cab6-71f9-4ad6-953c-27f55e275340",
	1,
	1,
	4,
	"7e34c93e-3d8a-4034-b7aa-f43fa81f111c");
INSERT INTO SM_STATE
	VALUES ("82c06f18-ae14-4d95-9351-b2eea2fa5c2b",
	"c87b2dab-d00f-4d32-a5d3-d1e5b01c9cb3",
	"00000000-0000-0000-0000-000000000000",
	'searched',
	11,
	0);
INSERT INTO SM_SEME
	VALUES ("82c06f18-ae14-4d95-9351-b2eea2fa5c2b",
	"463dc70c-f7bb-484c-8def-bd2056914139",
	"c87b2dab-d00f-4d32-a5d3-d1e5b01c9cb3",
	"00000000-0000-0000-0000-000000000000");
INSERT INTO SM_CH
	VALUES ("82c06f18-ae14-4d95-9351-b2eea2fa5c2b",
	"2113072c-9fe7-4d67-8795-583d185185c1",
	"c87b2dab-d00f-4d32-a5d3-d1e5b01c9cb3",
	"00000000-0000-0000-0000-000000000000",
	'');
INSERT INTO SM_SEME
	VALUES ("82c06f18-ae14-4d95-9351-b2eea2fa5c2b",
	"2113072c-9fe7-4d67-8795-583d185185c1",
	"c87b2dab-d00f-4d32-a5d3-d1e5b01c9cb3",
	"00000000-0000-0000-0000-000000000000");
INSERT INTO SM_CH
	VALUES ("82c06f18-ae14-4d95-9351-b2eea2fa5c2b",
	"0e59bc59-c4a8-49b6-b5c2-bd2e2de4f771",
	"c87b2dab-d00f-4d32-a5d3-d1e5b01c9cb3",
	"00000000-0000-0000-0000-000000000000",
	'');
INSERT INTO SM_SEME
	VALUES ("82c06f18-ae14-4d95-9351-b2eea2fa5c2b",
	"0e59bc59-c4a8-49b6-b5c2-bd2e2de4f771",
	"c87b2dab-d00f-4d32-a5d3-d1e5b01c9cb3",
	"00000000-0000-0000-0000-000000000000");
INSERT INTO SM_CH
	VALUES ("82c06f18-ae14-4d95-9351-b2eea2fa5c2b",
	"9a883f49-b118-47b2-880c-373bfecf9218",
	"c87b2dab-d00f-4d32-a5d3-d1e5b01c9cb3",
	"00000000-0000-0000-0000-000000000000",
	'');
INSERT INTO SM_SEME
	VALUES ("82c06f18-ae14-4d95-9351-b2eea2fa5c2b",
	"9a883f49-b118-47b2-880c-373bfecf9218",
	"c87b2dab-d00f-4d32-a5d3-d1e5b01c9cb3",
	"00000000-0000-0000-0000-000000000000");
INSERT INTO SM_CH
	VALUES ("82c06f18-ae14-4d95-9351-b2eea2fa5c2b",
	"153a511b-c927-49fe-95d5-db518898883d",
	"c87b2dab-d00f-4d32-a5d3-d1e5b01c9cb3",
	"00000000-0000-0000-0000-000000000000",
	'');
INSERT INTO SM_SEME
	VALUES ("82c06f18-ae14-4d95-9351-b2eea2fa5c2b",
	"153a511b-c927-49fe-95d5-db518898883d",
	"c87b2dab-d00f-4d32-a5d3-d1e5b01c9cb3",
	"00000000-0000-0000-0000-000000000000");
INSERT INTO SM_CH
	VALUES ("82c06f18-ae14-4d95-9351-b2eea2fa5c2b",
	"459dadf1-a920-477f-b495-f73fd93f16e7",
	"c87b2dab-d00f-4d32-a5d3-d1e5b01c9cb3",
	"00000000-0000-0000-0000-000000000000",
	'');
INSERT INTO SM_SEME
	VALUES ("82c06f18-ae14-4d95-9351-b2eea2fa5c2b",
	"459dadf1-a920-477f-b495-f73fd93f16e7",
	"c87b2dab-d00f-4d32-a5d3-d1e5b01c9cb3",
	"00000000-0000-0000-0000-000000000000");
INSERT INTO SM_CH
	VALUES ("82c06f18-ae14-4d95-9351-b2eea2fa5c2b",
	"2abc1152-f6f1-440f-8291-2896e45ba380",
	"c87b2dab-d00f-4d32-a5d3-d1e5b01c9cb3",
	"00000000-0000-0000-0000-000000000000",
	'');
INSERT INTO SM_SEME
	VALUES ("82c06f18-ae14-4d95-9351-b2eea2fa5c2b",
	"2abc1152-f6f1-440f-8291-2896e45ba380",
	"c87b2dab-d00f-4d32-a5d3-d1e5b01c9cb3",
	"00000000-0000-0000-0000-000000000000");
INSERT INTO SM_CH
	VALUES ("82c06f18-ae14-4d95-9351-b2eea2fa5c2b",
	"5d2bc261-464e-4c96-88a1-0dcf2267fd8b",
	"c87b2dab-d00f-4d32-a5d3-d1e5b01c9cb3",
	"00000000-0000-0000-0000-000000000000",
	'');
INSERT INTO SM_SEME
	VALUES ("82c06f18-ae14-4d95-9351-b2eea2fa5c2b",
	"5d2bc261-464e-4c96-88a1-0dcf2267fd8b",
	"c87b2dab-d00f-4d32-a5d3-d1e5b01c9cb3",
	"00000000-0000-0000-0000-000000000000");
INSERT INTO SM_SEME
	VALUES ("82c06f18-ae14-4d95-9351-b2eea2fa5c2b",
	"42a35ac4-7d83-4153-8c24-cc4699f29672",
	"c87b2dab-d00f-4d32-a5d3-d1e5b01c9cb3",
	"00000000-0000-0000-0000-000000000000");
INSERT INTO SM_CH
	VALUES ("82c06f18-ae14-4d95-9351-b2eea2fa5c2b",
	"2997b42d-5a67-49a7-8755-03fcc1613959",
	"c87b2dab-d00f-4d32-a5d3-d1e5b01c9cb3",
	"00000000-0000-0000-0000-000000000000",
	'');
INSERT INTO SM_SEME
	VALUES ("82c06f18-ae14-4d95-9351-b2eea2fa5c2b",
	"2997b42d-5a67-49a7-8755-03fcc1613959",
	"c87b2dab-d00f-4d32-a5d3-d1e5b01c9cb3",
	"00000000-0000-0000-0000-000000000000");
INSERT INTO SM_SEME
	VALUES ("82c06f18-ae14-4d95-9351-b2eea2fa5c2b",
	"42aa2589-c5b2-474c-857d-d7afec638cef",
	"c87b2dab-d00f-4d32-a5d3-d1e5b01c9cb3",
	"00000000-0000-0000-0000-000000000000");
INSERT INTO SM_MOAH
	VALUES ("722f9888-a7b0-46e6-a540-ffd88ecf6551",
	"c87b2dab-d00f-4d32-a5d3-d1e5b01c9cb3",
	"82c06f18-ae14-4d95-9351-b2eea2fa5c2b");
INSERT INTO SM_AH
	VALUES ("722f9888-a7b0-46e6-a540-ffd88ecf6551",
	"c87b2dab-d00f-4d32-a5d3-d1e5b01c9cb3");
INSERT INTO SM_ACT
	VALUES ("722f9888-a7b0-46e6-a540-ffd88ecf6551",
	"c87b2dab-d00f-4d32-a5d3-d1e5b01c9cb3",
	1,
	'
',
	'');
INSERT INTO ACT_SAB
	VALUES ("cba6765d-93b4-41c8-b354-6c458e4b4737",
	"c87b2dab-d00f-4d32-a5d3-d1e5b01c9cb3",
	"722f9888-a7b0-46e6-a540-ffd88ecf6551");
INSERT INTO ACT_ACT
	VALUES ("cba6765d-93b4-41c8-b354-6c458e4b4737",
	'state',
	0,
	"075553be-ec4a-4569-a096-beb1b3956811",
	"00000000-0000-0000-0000-000000000000",
	0,
	'BookingSession::searched',
	"00000000-0000-0000-0000-000000000000");
INSERT INTO ACT_BLK
	VALUES ("075553be-ec4a-4569-a096-beb1b3956811",
	0,
	0,
	0,
	'',
	'',
	'',
	0,
	0,
	0,
	0,
	0,
	0,
	0,
	0,
	0,
	0,
	0,
	0,
	0,
	"cba6765d-93b4-41c8-b354-6c458e4b4737",
	"00000000-0000-0000-0000-000000000000");
INSERT INTO SM_CRTXN
	VALUES ("9fee36df-cfe0-4663-93c6-14edffbbab94",
	"c87b2dab-d00f-4d32-a5d3-d1e5b01c9cb3",
	"00000000-0000-0000-0000-000000000000",
	"00000000-0000-0000-0000-000000000000");
INSERT INTO SM_TAH
	VALUES ("f83245d0-2eff-40c0-af32-4ff256b63f63",
	"c87b2dab-d00f-4d32-a5d3-d1e5b01c9cb3",
	"9fee36df-cfe0-4663-93c6-14edffbbab94");
INSERT INTO SM_AH
	VALUES ("f83245d0-2eff-40c0-af32-4ff256b63f63",
	"c87b2dab-d00f-4d32-a5d3-d1e5b01c9cb3");
INSERT INTO SM_ACT
	VALUES ("f83245d0-2eff-40c0-af32-4ff256b63f63",
	"c87b2dab-d00f-4d32-a5d3-d1e5b01c9cb3",
	1,
	'',
	'');
INSERT INTO ACT_TAB
	VALUES ("ecc0b669-ada2-4f47-ad25-fabaaf754b9a",
	"c87b2dab-d00f-4d32-a5d3-d1e5b01c9cb3",
	"f83245d0-2eff-40c0-af32-4ff256b63f63");
INSERT INTO ACT_ACT
	VALUES ("ecc0b669-ada2-4f47-ad25-fabaaf754b9a",
	'transition',
	0,
	"03c2234a-7d33-4f7f-bfba-fd6462132d70",
	"00000000-0000-0000-0000-000000000000",
	0,
	'No Event Assigned',
	"00000000-0000-0000-0000-000000000000");
INSERT INTO ACT_BLK
	VALUES ("03c2234a-7d33-4f7f-bfba-fd6462132d70",
	0,
	0,
	0,
	'',
	'',
	'',
	0,
	0,
	0,
	0,
	0,
	0,
	0,
	0,
	0,
	0,
	0,
	0,
	0,
	"ecc0b669-ada2-4f47-ad25-fabaaf754b9a",
	"00000000-0000-0000-0000-000000000000");
INSERT INTO SM_TXN
	VALUES ("9fee36df-cfe0-4663-93c6-14edffbbab94",
	"c87b2dab-d00f-4d32-a5d3-d1e5b01c9cb3",
	"abba5c5c-cc80-413e-acaf-3b88d5e3c3c6",
	"00000000-0000-0000-0000-000000000000");
INSERT INTO SM_NSTXN
	VALUES ("d07c231f-e5cc-4d3e-95ac-da89a9677513",
	"c87b2dab-d00f-4d32-a5d3-d1e5b01c9cb3",
	"ec664e05-8719-4277-966f-43d8cf4e3176",
	"2113072c-9fe7-4d67-8795-583d185185c1",
	"00000000-0000-0000-0000-000000000000");
INSERT INTO SM_TAH
	VALUES ("5e4b5bf6-1f5a-4101-b8d9-776c13135615",
	"c87b2dab-d00f-4d32-a5d3-d1e5b01c9cb3",
	"d07c231f-e5cc-4d3e-95ac-da89a9677513");
INSERT INTO SM_AH
	VALUES ("5e4b5bf6-1f5a-4101-b8d9-776c13135615",
	"c87b2dab-d00f-4d32-a5d3-d1e5b01c9cb3");
INSERT INTO SM_ACT
	VALUES ("5e4b5bf6-1f5a-4101-b8d9-776c13135615",
	"c87b2dab-d00f-4d32-a5d3-d1e5b01c9cb3",
	1,
	'',
	'');
INSERT INTO ACT_TAB
	VALUES ("fd9a4b80-137f-4e7f-81d1-3af76f8ccb1c",
	"c87b2dab-d00f-4d32-a5d3-d1e5b01c9cb3",
	"5e4b5bf6-1f5a-4101-b8d9-776c13135615");
INSERT INTO ACT_ACT
	VALUES ("fd9a4b80-137f-4e7f-81d1-3af76f8ccb1c",
	'transition',
	0,
	"292c78ee-c61f-4fb6-94f9-3f2acbd94b07",
	"00000000-0000-0000-0000-000000000000",
	0,
	'BOOKINGSESSION2: addGuestEvent',
	"00000000-0000-0000-0000-000000000000");
INSERT INTO ACT_BLK
	VALUES ("292c78ee-c61f-4fb6-94f9-3f2acbd94b07",
	0,
	0,
	0,
	'',
	'',
	'',
	0,
	0,
	0,
	0,
	0,
	0,
	0,
	0,
	0,
	0,
	0,
	0,
	0,
	"fd9a4b80-137f-4e7f-81d1-3af76f8ccb1c",
	"00000000-0000-0000-0000-000000000000");
INSERT INTO SM_TXN
	VALUES ("d07c231f-e5cc-4d3e-95ac-da89a9677513",
	"c87b2dab-d00f-4d32-a5d3-d1e5b01c9cb3",
	"0a2fd1bd-2d48-4562-b322-ca038ace3cef",
	"00000000-0000-0000-0000-000000000000");
INSERT INTO SM_NSTXN
	VALUES ("d061b9c4-6276-4144-ac29-8c55ad2337cf",
	"c87b2dab-d00f-4d32-a5d3-d1e5b01c9cb3",
	"0a2fd1bd-2d48-4562-b322-ca038ace3cef",
	"0e59bc59-c4a8-49b6-b5c2-bd2e2de4f771",
	"00000000-0000-0000-0000-000000000000");
INSERT INTO SM_TAH
	VALUES ("954b2c9c-7f5c-4a11-acab-3151c21f2e51",
	"c87b2dab-d00f-4d32-a5d3-d1e5b01c9cb3",
	"d061b9c4-6276-4144-ac29-8c55ad2337cf");
INSERT INTO SM_AH
	VALUES ("954b2c9c-7f5c-4a11-acab-3151c21f2e51",
	"c87b2dab-d00f-4d32-a5d3-d1e5b01c9cb3");
INSERT INTO SM_ACT
	VALUES ("954b2c9c-7f5c-4a11-acab-3151c21f2e51",
	"c87b2dab-d00f-4d32-a5d3-d1e5b01c9cb3",
	1,
	'',
	'');
INSERT INTO ACT_TAB
	VALUES ("d72cccef-0fb8-4fd9-8eec-38c152fe75d1",
	"c87b2dab-d00f-4d32-a5d3-d1e5b01c9cb3",
	"954b2c9c-7f5c-4a11-acab-3151c21f2e51");
INSERT INTO ACT_ACT
	VALUES ("d72cccef-0fb8-4fd9-8eec-38c152fe75d1",
	'transition',
	0,
	"cf381ff5-20b9-4efd-b2a0-e601916be425",
	"00000000-0000-0000-0000-000000000000",
	0,
	'BOOKINGSESSION3: addServiceEvent',
	"00000000-0000-0000-0000-000000000000");
INSERT INTO ACT_BLK
	VALUES ("cf381ff5-20b9-4efd-b2a0-e601916be425",
	0,
	0,
	0,
	'',
	'',
	'',
	0,
	0,
	0,
	0,
	0,
	0,
	0,
	0,
	0,
	0,
	0,
	0,
	0,
	"d72cccef-0fb8-4fd9-8eec-38c152fe75d1",
	"00000000-0000-0000-0000-000000000000");
INSERT INTO SM_TXN
	VALUES ("d061b9c4-6276-4144-ac29-8c55ad2337cf",
	"c87b2dab-d00f-4d32-a5d3-d1e5b01c9cb3",
	"5ba9883b-4a7b-40ed-a541-d3bba232f55a",
	"00000000-0000-0000-0000-000000000000");
INSERT INTO SM_NSTXN
	VALUES ("8fa7516c-1495-49b9-bb66-14661e4ffa3a",
	"c87b2dab-d00f-4d32-a5d3-d1e5b01c9cb3",
	"0a2fd1bd-2d48-4562-b322-ca038ace3cef",
	"2113072c-9fe7-4d67-8795-583d185185c1",
	"00000000-0000-0000-0000-000000000000");
INSERT INTO SM_TAH
	VALUES ("2db25764-a9e0-45df-90f6-643801e20e10",
	"c87b2dab-d00f-4d32-a5d3-d1e5b01c9cb3",
	"8fa7516c-1495-49b9-bb66-14661e4ffa3a");
INSERT INTO SM_AH
	VALUES ("2db25764-a9e0-45df-90f6-643801e20e10",
	"c87b2dab-d00f-4d32-a5d3-d1e5b01c9cb3");
INSERT INTO SM_ACT
	VALUES ("2db25764-a9e0-45df-90f6-643801e20e10",
	"c87b2dab-d00f-4d32-a5d3-d1e5b01c9cb3",
	1,
	'',
	'');
INSERT INTO ACT_TAB
	VALUES ("f016697b-3f9f-418a-8144-5c0c408d2c98",
	"c87b2dab-d00f-4d32-a5d3-d1e5b01c9cb3",
	"2db25764-a9e0-45df-90f6-643801e20e10");
INSERT INTO ACT_ACT
	VALUES ("f016697b-3f9f-418a-8144-5c0c408d2c98",
	'transition',
	0,
	"93815753-df07-4cdc-ac36-12462e7128c3",
	"00000000-0000-0000-0000-000000000000",
	0,
	'BOOKINGSESSION2: addGuestEvent',
	"00000000-0000-0000-0000-000000000000");
INSERT INTO ACT_BLK
	VALUES ("93815753-df07-4cdc-ac36-12462e7128c3",
	0,
	0,
	0,
	'',
	'',
	'',
	0,
	0,
	0,
	0,
	0,
	0,
	0,
	0,
	0,
	0,
	0,
	0,
	0,
	"f016697b-3f9f-418a-8144-5c0c408d2c98",
	"00000000-0000-0000-0000-000000000000");
INSERT INTO SM_TXN
	VALUES ("8fa7516c-1495-49b9-bb66-14661e4ffa3a",
	"c87b2dab-d00f-4d32-a5d3-d1e5b01c9cb3",
	"0a2fd1bd-2d48-4562-b322-ca038ace3cef",
	"00000000-0000-0000-0000-000000000000");
INSERT INTO SM_NSTXN
	VALUES ("bca5f9b2-78a7-4087-886e-1d17e5ab62a3",
	"c87b2dab-d00f-4d32-a5d3-d1e5b01c9cb3",
	"5ba9883b-4a7b-40ed-a541-d3bba232f55a",
	"0e59bc59-c4a8-49b6-b5c2-bd2e2de4f771",
	"00000000-0000-0000-0000-000000000000");
INSERT INTO SM_TAH
	VALUES ("5c1f9670-7a4c-4f01-b4e2-324d523a0e84",
	"c87b2dab-d00f-4d32-a5d3-d1e5b01c9cb3",
	"bca5f9b2-78a7-4087-886e-1d17e5ab62a3");
INSERT INTO SM_AH
	VALUES ("5c1f9670-7a4c-4f01-b4e2-324d523a0e84",
	"c87b2dab-d00f-4d32-a5d3-d1e5b01c9cb3");
INSERT INTO SM_ACT
	VALUES ("5c1f9670-7a4c-4f01-b4e2-324d523a0e84",
	"c87b2dab-d00f-4d32-a5d3-d1e5b01c9cb3",
	1,
	'',
	'');
INSERT INTO ACT_TAB
	VALUES ("fb2cacdf-00d3-4e46-be66-6a286d49d882",
	"c87b2dab-d00f-4d32-a5d3-d1e5b01c9cb3",
	"5c1f9670-7a4c-4f01-b4e2-324d523a0e84");
INSERT INTO ACT_ACT
	VALUES ("fb2cacdf-00d3-4e46-be66-6a286d49d882",
	'transition',
	0,
	"f814859b-0883-4285-8937-3d0cf5593bf5",
	"00000000-0000-0000-0000-000000000000",
	0,
	'BOOKINGSESSION3: addServiceEvent',
	"00000000-0000-0000-0000-000000000000");
INSERT INTO ACT_BLK
	VALUES ("f814859b-0883-4285-8937-3d0cf5593bf5",
	0,
	0,
	0,
	'',
	'',
	'',
	0,
	0,
	0,
	0,
	0,
	0,
	0,
	0,
	0,
	0,
	0,
	0,
	0,
	"fb2cacdf-00d3-4e46-be66-6a286d49d882",
	"00000000-0000-0000-0000-000000000000");
INSERT INTO SM_TXN
	VALUES ("bca5f9b2-78a7-4087-886e-1d17e5ab62a3",
	"c87b2dab-d00f-4d32-a5d3-d1e5b01c9cb3",
	"5ba9883b-4a7b-40ed-a541-d3bba232f55a",
	"00000000-0000-0000-0000-000000000000");
INSERT INTO SM_NSTXN
	VALUES ("a824f355-940c-4185-aca4-ab6b81f07db6",
	"c87b2dab-d00f-4d32-a5d3-d1e5b01c9cb3",
	"5ba9883b-4a7b-40ed-a541-d3bba232f55a",
	"9a883f49-b118-47b2-880c-373bfecf9218",
	"00000000-0000-0000-0000-000000000000");
INSERT INTO SM_TAH
	VALUES ("92b379a3-161a-4907-869b-d3cce8eba8ed",
	"c87b2dab-d00f-4d32-a5d3-d1e5b01c9cb3",
	"a824f355-940c-4185-aca4-ab6b81f07db6");
INSERT INTO SM_AH
	VALUES ("92b379a3-161a-4907-869b-d3cce8eba8ed",
	"c87b2dab-d00f-4d32-a5d3-d1e5b01c9cb3");
INSERT INTO SM_ACT
	VALUES ("92b379a3-161a-4907-869b-d3cce8eba8ed",
	"c87b2dab-d00f-4d32-a5d3-d1e5b01c9cb3",
	1,
	'',
	'');
INSERT INTO ACT_TAB
	VALUES ("2252c1b3-678c-4256-8059-7e30cc06ea2b",
	"c87b2dab-d00f-4d32-a5d3-d1e5b01c9cb3",
	"92b379a3-161a-4907-869b-d3cce8eba8ed");
INSERT INTO ACT_ACT
	VALUES ("2252c1b3-678c-4256-8059-7e30cc06ea2b",
	'transition',
	0,
	"3fcb6ab0-4f82-4a2b-b2ed-52e80974f680",
	"00000000-0000-0000-0000-000000000000",
	0,
	'BOOKINGSESSION4: confirmEvent',
	"00000000-0000-0000-0000-000000000000");
INSERT INTO ACT_BLK
	VALUES ("3fcb6ab0-4f82-4a2b-b2ed-52e80974f680",
	0,
	0,
	0,
	'',
	'',
	'',
	0,
	0,
	0,
	0,
	0,
	0,
	0,
	0,
	0,
	0,
	0,
	0,
	0,
	"2252c1b3-678c-4256-8059-7e30cc06ea2b",
	"00000000-0000-0000-0000-000000000000");
INSERT INTO SM_TXN
	VALUES ("a824f355-940c-4185-aca4-ab6b81f07db6",
	"c87b2dab-d00f-4d32-a5d3-d1e5b01c9cb3",
	"2f872649-fe94-4f31-b88d-635a7e02ac36",
	"00000000-0000-0000-0000-000000000000");
INSERT INTO SM_NSTXN
	VALUES ("4e570a7c-9b19-4e01-9d88-fd0ebc5b4afa",
	"c87b2dab-d00f-4d32-a5d3-d1e5b01c9cb3",
	"0a2fd1bd-2d48-4562-b322-ca038ace3cef",
	"9a883f49-b118-47b2-880c-373bfecf9218",
	"00000000-0000-0000-0000-000000000000");
INSERT INTO SM_TAH
	VALUES ("bd7743ec-5b90-4217-828f-f1f93b04b228",
	"c87b2dab-d00f-4d32-a5d3-d1e5b01c9cb3",
	"4e570a7c-9b19-4e01-9d88-fd0ebc5b4afa");
INSERT INTO SM_AH
	VALUES ("bd7743ec-5b90-4217-828f-f1f93b04b228",
	"c87b2dab-d00f-4d32-a5d3-d1e5b01c9cb3");
INSERT INTO SM_ACT
	VALUES ("bd7743ec-5b90-4217-828f-f1f93b04b228",
	"c87b2dab-d00f-4d32-a5d3-d1e5b01c9cb3",
	1,
	'',
	'');
INSERT INTO ACT_TAB
	VALUES ("54d97edf-965e-43e2-8451-9bfdd8db135b",
	"c87b2dab-d00f-4d32-a5d3-d1e5b01c9cb3",
	"bd7743ec-5b90-4217-828f-f1f93b04b228");
INSERT INTO ACT_ACT
	VALUES ("54d97edf-965e-43e2-8451-9bfdd8db135b",
	'transition',
	0,
	"e6f92222-dcbe-43d4-90e3-8e058743f6d6",
	"00000000-0000-0000-0000-000000000000",
	0,
	'BOOKINGSESSION4: confirmEvent',
	"00000000-0000-0000-0000-000000000000");
INSERT INTO ACT_BLK
	VALUES ("e6f92222-dcbe-43d4-90e3-8e058743f6d6",
	0,
	0,
	0,
	'',
	'',
	'',
	0,
	0,
	0,
	0,
	0,
	0,
	0,
	0,
	0,
	0,
	0,
	0,
	0,
	"54d97edf-965e-43e2-8451-9bfdd8db135b",
	"00000000-0000-0000-0000-000000000000");
INSERT INTO SM_TXN
	VALUES ("4e570a7c-9b19-4e01-9d88-fd0ebc5b4afa",
	"c87b2dab-d00f-4d32-a5d3-d1e5b01c9cb3",
	"2f872649-fe94-4f31-b88d-635a7e02ac36",
	"00000000-0000-0000-0000-000000000000");
INSERT INTO SM_NSTXN
	VALUES ("7772ee11-1a82-4b38-b3ff-70fc22c6c75c",
	"c87b2dab-d00f-4d32-a5d3-d1e5b01c9cb3",
	"2f872649-fe94-4f31-b88d-635a7e02ac36",
	"153a511b-c927-49fe-95d5-db518898883d",
	"00000000-0000-0000-0000-000000000000");
INSERT INTO SM_TAH
	VALUES ("c038f923-d335-408d-9921-3bd3ba021585",
	"c87b2dab-d00f-4d32-a5d3-d1e5b01c9cb3",
	"7772ee11-1a82-4b38-b3ff-70fc22c6c75c");
INSERT INTO SM_AH
	VALUES ("c038f923-d335-408d-9921-3bd3ba021585",
	"c87b2dab-d00f-4d32-a5d3-d1e5b01c9cb3");
INSERT INTO SM_ACT
	VALUES ("c038f923-d335-408d-9921-3bd3ba021585",
	"c87b2dab-d00f-4d32-a5d3-d1e5b01c9cb3",
	1,
	'',
	'');
INSERT INTO ACT_TAB
	VALUES ("7598a6c5-acd0-40b8-b160-8ac3fdf06daa",
	"c87b2dab-d00f-4d32-a5d3-d1e5b01c9cb3",
	"c038f923-d335-408d-9921-3bd3ba021585");
INSERT INTO ACT_ACT
	VALUES ("7598a6c5-acd0-40b8-b160-8ac3fdf06daa",
	'transition',
	0,
	"d3908c0d-126e-4440-96c3-f0185e718846",
	"00000000-0000-0000-0000-000000000000",
	0,
	'BOOKINGSESSION5: customerDetailsEvent',
	"00000000-0000-0000-0000-000000000000");
INSERT INTO ACT_BLK
	VALUES ("d3908c0d-126e-4440-96c3-f0185e718846",
	0,
	0,
	0,
	'',
	'',
	'',
	0,
	0,
	0,
	0,
	0,
	0,
	0,
	0,
	0,
	0,
	0,
	0,
	0,
	"7598a6c5-acd0-40b8-b160-8ac3fdf06daa",
	"00000000-0000-0000-0000-000000000000");
INSERT INTO SM_TXN
	VALUES ("7772ee11-1a82-4b38-b3ff-70fc22c6c75c",
	"c87b2dab-d00f-4d32-a5d3-d1e5b01c9cb3",
	"379a455a-c9de-4de3-9d42-47151db4b5c1",
	"00000000-0000-0000-0000-000000000000");
INSERT INTO SM_NSTXN
	VALUES ("07e5917f-d314-4987-a2de-cd5ccc16bffb",
	"c87b2dab-d00f-4d32-a5d3-d1e5b01c9cb3",
	"379a455a-c9de-4de3-9d42-47151db4b5c1",
	"459dadf1-a920-477f-b495-f73fd93f16e7",
	"00000000-0000-0000-0000-000000000000");
INSERT INTO SM_TAH
	VALUES ("70af8250-2e39-45f2-913a-19033c5f505b",
	"c87b2dab-d00f-4d32-a5d3-d1e5b01c9cb3",
	"07e5917f-d314-4987-a2de-cd5ccc16bffb");
INSERT INTO SM_AH
	VALUES ("70af8250-2e39-45f2-913a-19033c5f505b",
	"c87b2dab-d00f-4d32-a5d3-d1e5b01c9cb3");
INSERT INTO SM_ACT
	VALUES ("70af8250-2e39-45f2-913a-19033c5f505b",
	"c87b2dab-d00f-4d32-a5d3-d1e5b01c9cb3",
	1,
	'',
	'');
INSERT INTO ACT_TAB
	VALUES ("d4578f02-d645-4434-9e61-9b8ba20339f5",
	"c87b2dab-d00f-4d32-a5d3-d1e5b01c9cb3",
	"70af8250-2e39-45f2-913a-19033c5f505b");
INSERT INTO ACT_ACT
	VALUES ("d4578f02-d645-4434-9e61-9b8ba20339f5",
	'transition',
	0,
	"8c4704ca-57a9-47ac-8887-da5f9304d372",
	"00000000-0000-0000-0000-000000000000",
	0,
	'BOOKINGSESSION6: paymentInfoEvent',
	"00000000-0000-0000-0000-000000000000");
INSERT INTO ACT_BLK
	VALUES ("8c4704ca-57a9-47ac-8887-da5f9304d372",
	0,
	0,
	0,
	'',
	'',
	'',
	0,
	0,
	0,
	0,
	0,
	0,
	0,
	0,
	0,
	0,
	0,
	0,
	0,
	"d4578f02-d645-4434-9e61-9b8ba20339f5",
	"00000000-0000-0000-0000-000000000000");
INSERT INTO SM_TXN
	VALUES ("07e5917f-d314-4987-a2de-cd5ccc16bffb",
	"c87b2dab-d00f-4d32-a5d3-d1e5b01c9cb3",
	"16b76ff7-c8d4-4f88-81c4-f6f0a7d93a90",
	"00000000-0000-0000-0000-000000000000");
INSERT INTO SM_NSTXN
	VALUES ("ce040e31-907f-4748-bd3a-a580e86be93f",
	"c87b2dab-d00f-4d32-a5d3-d1e5b01c9cb3",
	"16b76ff7-c8d4-4f88-81c4-f6f0a7d93a90",
	"2abc1152-f6f1-440f-8291-2896e45ba380",
	"00000000-0000-0000-0000-000000000000");
INSERT INTO SM_TAH
	VALUES ("bbe798a5-8b5f-4a30-9a80-23aa2e593954",
	"c87b2dab-d00f-4d32-a5d3-d1e5b01c9cb3",
	"ce040e31-907f-4748-bd3a-a580e86be93f");
INSERT INTO SM_AH
	VALUES ("bbe798a5-8b5f-4a30-9a80-23aa2e593954",
	"c87b2dab-d00f-4d32-a5d3-d1e5b01c9cb3");
INSERT INTO SM_ACT
	VALUES ("bbe798a5-8b5f-4a30-9a80-23aa2e593954",
	"c87b2dab-d00f-4d32-a5d3-d1e5b01c9cb3",
	1,
	'',
	'');
INSERT INTO ACT_TAB
	VALUES ("0477e3b5-d6e8-418a-9dc5-e089b03e5c39",
	"c87b2dab-d00f-4d32-a5d3-d1e5b01c9cb3",
	"bbe798a5-8b5f-4a30-9a80-23aa2e593954");
INSERT INTO ACT_ACT
	VALUES ("0477e3b5-d6e8-418a-9dc5-e089b03e5c39",
	'transition',
	0,
	"99ba01a9-24e1-4d90-8dea-527b218285d2",
	"00000000-0000-0000-0000-000000000000",
	0,
	'BOOKINGSESSION7: paymentConfirmedEvent',
	"00000000-0000-0000-0000-000000000000");
INSERT INTO ACT_BLK
	VALUES ("99ba01a9-24e1-4d90-8dea-527b218285d2",
	0,
	0,
	0,
	'',
	'',
	'',
	0,
	0,
	0,
	0,
	0,
	0,
	0,
	0,
	0,
	0,
	0,
	0,
	0,
	"0477e3b5-d6e8-418a-9dc5-e089b03e5c39",
	"00000000-0000-0000-0000-000000000000");
INSERT INTO SM_TXN
	VALUES ("ce040e31-907f-4748-bd3a-a580e86be93f",
	"c87b2dab-d00f-4d32-a5d3-d1e5b01c9cb3",
	"72fee477-0c93-4c4b-a7f5-91fc26b56a7c",
	"00000000-0000-0000-0000-000000000000");
INSERT INTO SM_NSTXN
	VALUES ("580ba611-db2b-4fe4-8f5b-cb5fdab70ba2",
	"c87b2dab-d00f-4d32-a5d3-d1e5b01c9cb3",
	"72fee477-0c93-4c4b-a7f5-91fc26b56a7c",
	"9a883f49-b118-47b2-880c-373bfecf9218",
	"00000000-0000-0000-0000-000000000000");
INSERT INTO SM_TAH
	VALUES ("4502ef61-4af2-442a-a088-8a6f6b5ca707",
	"c87b2dab-d00f-4d32-a5d3-d1e5b01c9cb3",
	"580ba611-db2b-4fe4-8f5b-cb5fdab70ba2");
INSERT INTO SM_AH
	VALUES ("4502ef61-4af2-442a-a088-8a6f6b5ca707",
	"c87b2dab-d00f-4d32-a5d3-d1e5b01c9cb3");
INSERT INTO SM_ACT
	VALUES ("4502ef61-4af2-442a-a088-8a6f6b5ca707",
	"c87b2dab-d00f-4d32-a5d3-d1e5b01c9cb3",
	1,
	'',
	'');
INSERT INTO ACT_TAB
	VALUES ("3d85b5a4-dccc-4673-8c56-c7ae44e94002",
	"c87b2dab-d00f-4d32-a5d3-d1e5b01c9cb3",
	"4502ef61-4af2-442a-a088-8a6f6b5ca707");
INSERT INTO ACT_ACT
	VALUES ("3d85b5a4-dccc-4673-8c56-c7ae44e94002",
	'transition',
	0,
	"1af36838-6a72-4b9c-af68-267957f9e25e",
	"00000000-0000-0000-0000-000000000000",
	0,
	'BOOKINGSESSION4: confirmEvent',
	"00000000-0000-0000-0000-000000000000");
INSERT INTO ACT_BLK
	VALUES ("1af36838-6a72-4b9c-af68-267957f9e25e",
	0,
	0,
	0,
	'',
	'',
	'',
	0,
	0,
	0,
	0,
	0,
	0,
	0,
	0,
	0,
	0,
	0,
	0,
	0,
	"3d85b5a4-dccc-4673-8c56-c7ae44e94002",
	"00000000-0000-0000-0000-000000000000");
INSERT INTO SM_TXN
	VALUES ("580ba611-db2b-4fe4-8f5b-cb5fdab70ba2",
	"c87b2dab-d00f-4d32-a5d3-d1e5b01c9cb3",
	"c19dec2f-8b92-4dea-8ea8-e41ae60a6aa4",
	"00000000-0000-0000-0000-000000000000");
INSERT INTO SM_NSTXN
	VALUES ("d7bba8e9-9132-4c23-8001-1f6d4c35dce3",
	"c87b2dab-d00f-4d32-a5d3-d1e5b01c9cb3",
	"72fee477-0c93-4c4b-a7f5-91fc26b56a7c",
	"5d2bc261-464e-4c96-88a1-0dcf2267fd8b",
	"00000000-0000-0000-0000-000000000000");
INSERT INTO SM_TAH
	VALUES ("0cc5fd5d-78d3-43df-82b9-4ff8797f6f75",
	"c87b2dab-d00f-4d32-a5d3-d1e5b01c9cb3",
	"d7bba8e9-9132-4c23-8001-1f6d4c35dce3");
INSERT INTO SM_AH
	VALUES ("0cc5fd5d-78d3-43df-82b9-4ff8797f6f75",
	"c87b2dab-d00f-4d32-a5d3-d1e5b01c9cb3");
INSERT INTO SM_ACT
	VALUES ("0cc5fd5d-78d3-43df-82b9-4ff8797f6f75",
	"c87b2dab-d00f-4d32-a5d3-d1e5b01c9cb3",
	1,
	'',
	'');
INSERT INTO ACT_TAB
	VALUES ("38903b69-e3e5-435f-854c-80c9c4318a9f",
	"c87b2dab-d00f-4d32-a5d3-d1e5b01c9cb3",
	"0cc5fd5d-78d3-43df-82b9-4ff8797f6f75");
INSERT INTO ACT_ACT
	VALUES ("38903b69-e3e5-435f-854c-80c9c4318a9f",
	'transition',
	0,
	"d4efb146-3491-46ea-9a2a-d18c24655cd8",
	"00000000-0000-0000-0000-000000000000",
	0,
	'BOOKINGSESSION8: cancelEvent',
	"00000000-0000-0000-0000-000000000000");
INSERT INTO ACT_BLK
	VALUES ("d4efb146-3491-46ea-9a2a-d18c24655cd8",
	0,
	0,
	0,
	'',
	'',
	'',
	0,
	0,
	0,
	0,
	0,
	0,
	0,
	0,
	0,
	0,
	0,
	0,
	0,
	"38903b69-e3e5-435f-854c-80c9c4318a9f",
	"00000000-0000-0000-0000-000000000000");
INSERT INTO SM_TXN
	VALUES ("d7bba8e9-9132-4c23-8001-1f6d4c35dce3",
	"c87b2dab-d00f-4d32-a5d3-d1e5b01c9cb3",
	"4aecb993-a30f-4e82-ae57-ca7b870f160e",
	"00000000-0000-0000-0000-000000000000");
INSERT INTO SM_NSTXN
	VALUES ("9def0dcb-a7de-410e-8a24-04d98a5006a1",
	"c87b2dab-d00f-4d32-a5d3-d1e5b01c9cb3",
	"2f872649-fe94-4f31-b88d-635a7e02ac36",
	"463dc70c-f7bb-484c-8def-bd2056914139",
	"00000000-0000-0000-0000-000000000000");
INSERT INTO SM_TAH
	VALUES ("5503c25c-8933-4dd4-875b-836fb1e2f6d4",
	"c87b2dab-d00f-4d32-a5d3-d1e5b01c9cb3",
	"9def0dcb-a7de-410e-8a24-04d98a5006a1");
INSERT INTO SM_AH
	VALUES ("5503c25c-8933-4dd4-875b-836fb1e2f6d4",
	"c87b2dab-d00f-4d32-a5d3-d1e5b01c9cb3");
INSERT INTO SM_ACT
	VALUES ("5503c25c-8933-4dd4-875b-836fb1e2f6d4",
	"c87b2dab-d00f-4d32-a5d3-d1e5b01c9cb3",
	1,
	'',
	'');
INSERT INTO ACT_TAB
	VALUES ("7a669a8e-75ea-449e-a679-3a102af1753e",
	"c87b2dab-d00f-4d32-a5d3-d1e5b01c9cb3",
	"5503c25c-8933-4dd4-875b-836fb1e2f6d4");
INSERT INTO ACT_ACT
	VALUES ("7a669a8e-75ea-449e-a679-3a102af1753e",
	'transition',
	0,
	"6f1ce0de-0e0c-4408-af46-50067ab401b3",
	"00000000-0000-0000-0000-000000000000",
	0,
	'BOOKINGSESSION1: selectEvent',
	"00000000-0000-0000-0000-000000000000");
INSERT INTO ACT_BLK
	VALUES ("6f1ce0de-0e0c-4408-af46-50067ab401b3",
	0,
	0,
	0,
	'',
	'',
	'',
	0,
	0,
	0,
	0,
	0,
	0,
	0,
	0,
	0,
	0,
	0,
	0,
	0,
	"7a669a8e-75ea-449e-a679-3a102af1753e",
	"00000000-0000-0000-0000-000000000000");
INSERT INTO SM_TXN
	VALUES ("9def0dcb-a7de-410e-8a24-04d98a5006a1",
	"c87b2dab-d00f-4d32-a5d3-d1e5b01c9cb3",
	"ec664e05-8719-4277-966f-43d8cf4e3176",
	"00000000-0000-0000-0000-000000000000");
INSERT INTO SM_NSTXN
	VALUES ("d0e26d94-bf1a-45d3-bdb1-e0f3d6f32599",
	"c87b2dab-d00f-4d32-a5d3-d1e5b01c9cb3",
	"82c06f18-ae14-4d95-9351-b2eea2fa5c2b",
	"463dc70c-f7bb-484c-8def-bd2056914139",
	"00000000-0000-0000-0000-000000000000");
INSERT INTO SM_TAH
	VALUES ("3bd450a6-95b5-47e3-8fab-3cc0e8e69f16",
	"c87b2dab-d00f-4d32-a5d3-d1e5b01c9cb3",
	"d0e26d94-bf1a-45d3-bdb1-e0f3d6f32599");
INSERT INTO SM_AH
	VALUES ("3bd450a6-95b5-47e3-8fab-3cc0e8e69f16",
	"c87b2dab-d00f-4d32-a5d3-d1e5b01c9cb3");
INSERT INTO SM_ACT
	VALUES ("3bd450a6-95b5-47e3-8fab-3cc0e8e69f16",
	"c87b2dab-d00f-4d32-a5d3-d1e5b01c9cb3",
	1,
	'',
	'');
INSERT INTO ACT_TAB
	VALUES ("8e2df455-f3bc-4372-91c7-76716d9b5738",
	"c87b2dab-d00f-4d32-a5d3-d1e5b01c9cb3",
	"3bd450a6-95b5-47e3-8fab-3cc0e8e69f16");
INSERT INTO ACT_ACT
	VALUES ("8e2df455-f3bc-4372-91c7-76716d9b5738",
	'transition',
	0,
	"d815707a-3054-406e-a7bf-32492dd70d34",
	"00000000-0000-0000-0000-000000000000",
	0,
	'BOOKINGSESSION1: selectEvent',
	"00000000-0000-0000-0000-000000000000");
INSERT INTO ACT_BLK
	VALUES ("d815707a-3054-406e-a7bf-32492dd70d34",
	0,
	0,
	0,
	'',
	'',
	'',
	0,
	0,
	0,
	0,
	0,
	0,
	0,
	0,
	0,
	0,
	0,
	0,
	0,
	"8e2df455-f3bc-4372-91c7-76716d9b5738",
	"00000000-0000-0000-0000-000000000000");
INSERT INTO SM_TXN
	VALUES ("d0e26d94-bf1a-45d3-bdb1-e0f3d6f32599",
	"c87b2dab-d00f-4d32-a5d3-d1e5b01c9cb3",
	"ec664e05-8719-4277-966f-43d8cf4e3176",
	"00000000-0000-0000-0000-000000000000");
INSERT INTO SM_NSTXN
	VALUES ("7d4f2898-2a1d-43e2-8766-ef1ea1383482",
	"c87b2dab-d00f-4d32-a5d3-d1e5b01c9cb3",
	"abba5c5c-cc80-413e-acaf-3b88d5e3c3c6",
	"42a35ac4-7d83-4153-8c24-cc4699f29672",
	"00000000-0000-0000-0000-000000000000");
INSERT INTO SM_TAH
	VALUES ("dde59609-4671-4f2b-8912-b12f1fb8543a",
	"c87b2dab-d00f-4d32-a5d3-d1e5b01c9cb3",
	"7d4f2898-2a1d-43e2-8766-ef1ea1383482");
INSERT INTO SM_AH
	VALUES ("dde59609-4671-4f2b-8912-b12f1fb8543a",
	"c87b2dab-d00f-4d32-a5d3-d1e5b01c9cb3");
INSERT INTO SM_ACT
	VALUES ("dde59609-4671-4f2b-8912-b12f1fb8543a",
	"c87b2dab-d00f-4d32-a5d3-d1e5b01c9cb3",
	1,
	'',
	'');
INSERT INTO ACT_TAB
	VALUES ("1e2815f3-52ee-4cdd-bda7-5b3e65ec300c",
	"c87b2dab-d00f-4d32-a5d3-d1e5b01c9cb3",
	"dde59609-4671-4f2b-8912-b12f1fb8543a");
INSERT INTO ACT_ACT
	VALUES ("1e2815f3-52ee-4cdd-bda7-5b3e65ec300c",
	'transition',
	0,
	"dd10e69d-8d33-43ab-a737-a58078833e9a",
	"00000000-0000-0000-0000-000000000000",
	0,
	'BOOKINGSESSION9: searchEvent',
	"00000000-0000-0000-0000-000000000000");
INSERT INTO ACT_BLK
	VALUES ("dd10e69d-8d33-43ab-a737-a58078833e9a",
	0,
	0,
	0,
	'',
	'',
	'',
	0,
	0,
	0,
	0,
	0,
	0,
	0,
	0,
	0,
	0,
	0,
	0,
	0,
	"1e2815f3-52ee-4cdd-bda7-5b3e65ec300c",
	"00000000-0000-0000-0000-000000000000");
INSERT INTO SM_TXN
	VALUES ("7d4f2898-2a1d-43e2-8766-ef1ea1383482",
	"c87b2dab-d00f-4d32-a5d3-d1e5b01c9cb3",
	"82c06f18-ae14-4d95-9351-b2eea2fa5c2b",
	"00000000-0000-0000-0000-000000000000");
INSERT INTO SM_NSTXN
	VALUES ("989444bb-d541-46e0-8153-6a2b76aada74",
	"c87b2dab-d00f-4d32-a5d3-d1e5b01c9cb3",
	"2f872649-fe94-4f31-b88d-635a7e02ac36",
	"42a35ac4-7d83-4153-8c24-cc4699f29672",
	"00000000-0000-0000-0000-000000000000");
INSERT INTO SM_TAH
	VALUES ("ab4fad15-d1e3-4102-bfbc-dfa7fca520dc",
	"c87b2dab-d00f-4d32-a5d3-d1e5b01c9cb3",
	"989444bb-d541-46e0-8153-6a2b76aada74");
INSERT INTO SM_AH
	VALUES ("ab4fad15-d1e3-4102-bfbc-dfa7fca520dc",
	"c87b2dab-d00f-4d32-a5d3-d1e5b01c9cb3");
INSERT INTO SM_ACT
	VALUES ("ab4fad15-d1e3-4102-bfbc-dfa7fca520dc",
	"c87b2dab-d00f-4d32-a5d3-d1e5b01c9cb3",
	1,
	'',
	'');
INSERT INTO ACT_TAB
	VALUES ("35f2ae1c-b1c6-45bb-93ec-458852b14f72",
	"c87b2dab-d00f-4d32-a5d3-d1e5b01c9cb3",
	"ab4fad15-d1e3-4102-bfbc-dfa7fca520dc");
INSERT INTO ACT_ACT
	VALUES ("35f2ae1c-b1c6-45bb-93ec-458852b14f72",
	'transition',
	0,
	"892f2d31-8315-4854-9557-5e3373cda7fe",
	"00000000-0000-0000-0000-000000000000",
	0,
	'BOOKINGSESSION9: searchEvent',
	"00000000-0000-0000-0000-000000000000");
INSERT INTO ACT_BLK
	VALUES ("892f2d31-8315-4854-9557-5e3373cda7fe",
	0,
	0,
	0,
	'',
	'',
	'',
	0,
	0,
	0,
	0,
	0,
	0,
	0,
	0,
	0,
	0,
	0,
	0,
	0,
	"35f2ae1c-b1c6-45bb-93ec-458852b14f72",
	"00000000-0000-0000-0000-000000000000");
INSERT INTO SM_TXN
	VALUES ("989444bb-d541-46e0-8153-6a2b76aada74",
	"c87b2dab-d00f-4d32-a5d3-d1e5b01c9cb3",
	"2f872649-fe94-4f31-b88d-635a7e02ac36",
	"00000000-0000-0000-0000-000000000000");
INSERT INTO SM_NSTXN
	VALUES ("58d246cd-d443-4fb0-8ac7-fd9123a35c23",
	"c87b2dab-d00f-4d32-a5d3-d1e5b01c9cb3",
	"82c06f18-ae14-4d95-9351-b2eea2fa5c2b",
	"42a35ac4-7d83-4153-8c24-cc4699f29672",
	"00000000-0000-0000-0000-000000000000");
INSERT INTO SM_TAH
	VALUES ("c95fdfb0-398f-43ec-9b84-c1134dd792d7",
	"c87b2dab-d00f-4d32-a5d3-d1e5b01c9cb3",
	"58d246cd-d443-4fb0-8ac7-fd9123a35c23");
INSERT INTO SM_AH
	VALUES ("c95fdfb0-398f-43ec-9b84-c1134dd792d7",
	"c87b2dab-d00f-4d32-a5d3-d1e5b01c9cb3");
INSERT INTO SM_ACT
	VALUES ("c95fdfb0-398f-43ec-9b84-c1134dd792d7",
	"c87b2dab-d00f-4d32-a5d3-d1e5b01c9cb3",
	1,
	'',
	'');
INSERT INTO ACT_TAB
	VALUES ("722523f5-c5fe-40f0-b1c3-1b15db29e2a3",
	"c87b2dab-d00f-4d32-a5d3-d1e5b01c9cb3",
	"c95fdfb0-398f-43ec-9b84-c1134dd792d7");
INSERT INTO ACT_ACT
	VALUES ("722523f5-c5fe-40f0-b1c3-1b15db29e2a3",
	'transition',
	0,
	"aee5d8bb-fe37-4008-aa16-ea36ce67ad02",
	"00000000-0000-0000-0000-000000000000",
	0,
	'BOOKINGSESSION9: searchEvent',
	"00000000-0000-0000-0000-000000000000");
INSERT INTO ACT_BLK
	VALUES ("aee5d8bb-fe37-4008-aa16-ea36ce67ad02",
	0,
	0,
	0,
	'',
	'',
	'',
	0,
	0,
	0,
	0,
	0,
	0,
	0,
	0,
	0,
	0,
	0,
	0,
	0,
	"722523f5-c5fe-40f0-b1c3-1b15db29e2a3",
	"00000000-0000-0000-0000-000000000000");
INSERT INTO SM_TXN
	VALUES ("58d246cd-d443-4fb0-8ac7-fd9123a35c23",
	"c87b2dab-d00f-4d32-a5d3-d1e5b01c9cb3",
	"82c06f18-ae14-4d95-9351-b2eea2fa5c2b",
	"00000000-0000-0000-0000-000000000000");
INSERT INTO SM_NSTXN
	VALUES ("b8f27f0e-1aa4-4c40-a4cb-ded8ddb39d23",
	"c87b2dab-d00f-4d32-a5d3-d1e5b01c9cb3",
	"82c06f18-ae14-4d95-9351-b2eea2fa5c2b",
	"42aa2589-c5b2-474c-857d-d7afec638cef",
	"00000000-0000-0000-0000-000000000000");
INSERT INTO SM_TAH
	VALUES ("14a24ba1-667b-4c29-bbee-ce5490dc680b",
	"c87b2dab-d00f-4d32-a5d3-d1e5b01c9cb3",
	"b8f27f0e-1aa4-4c40-a4cb-ded8ddb39d23");
INSERT INTO SM_AH
	VALUES ("14a24ba1-667b-4c29-bbee-ce5490dc680b",
	"c87b2dab-d00f-4d32-a5d3-d1e5b01c9cb3");
INSERT INTO SM_ACT
	VALUES ("14a24ba1-667b-4c29-bbee-ce5490dc680b",
	"c87b2dab-d00f-4d32-a5d3-d1e5b01c9cb3",
	1,
	'',
	'');
INSERT INTO ACT_TAB
	VALUES ("c3904763-b2ef-40ab-8074-815c02219032",
	"c87b2dab-d00f-4d32-a5d3-d1e5b01c9cb3",
	"14a24ba1-667b-4c29-bbee-ce5490dc680b");
INSERT INTO ACT_ACT
	VALUES ("c3904763-b2ef-40ab-8074-815c02219032",
	'transition',
	0,
	"5f2c8a1f-f63f-4589-a807-a7e2eae7dcce",
	"00000000-0000-0000-0000-000000000000",
	0,
	'BOOKINGSESSION11: errorEvent',
	"00000000-0000-0000-0000-000000000000");
INSERT INTO ACT_BLK
	VALUES ("5f2c8a1f-f63f-4589-a807-a7e2eae7dcce",
	0,
	0,
	0,
	'',
	'',
	'',
	0,
	0,
	0,
	0,
	0,
	0,
	0,
	0,
	0,
	0,
	0,
	0,
	0,
	"c3904763-b2ef-40ab-8074-815c02219032",
	"00000000-0000-0000-0000-000000000000");
INSERT INTO SM_TXN
	VALUES ("b8f27f0e-1aa4-4c40-a4cb-ded8ddb39d23",
	"c87b2dab-d00f-4d32-a5d3-d1e5b01c9cb3",
	"abba5c5c-cc80-413e-acaf-3b88d5e3c3c6",
	"00000000-0000-0000-0000-000000000000");
INSERT INTO SM_NSTXN
	VALUES ("64d00cce-ccce-49ff-8580-17a8cfb14cbe",
	"c87b2dab-d00f-4d32-a5d3-d1e5b01c9cb3",
	"abba5c5c-cc80-413e-acaf-3b88d5e3c3c6",
	"42aa2589-c5b2-474c-857d-d7afec638cef",
	"00000000-0000-0000-0000-000000000000");
INSERT INTO SM_TAH
	VALUES ("54dd1638-d142-45d3-8643-c4e553bda712",
	"c87b2dab-d00f-4d32-a5d3-d1e5b01c9cb3",
	"64d00cce-ccce-49ff-8580-17a8cfb14cbe");
INSERT INTO SM_AH
	VALUES ("54dd1638-d142-45d3-8643-c4e553bda712",
	"c87b2dab-d00f-4d32-a5d3-d1e5b01c9cb3");
INSERT INTO SM_ACT
	VALUES ("54dd1638-d142-45d3-8643-c4e553bda712",
	"c87b2dab-d00f-4d32-a5d3-d1e5b01c9cb3",
	1,
	'',
	'');
INSERT INTO ACT_TAB
	VALUES ("c5eb41ca-4ab4-4bee-81c8-d8e9590db6cc",
	"c87b2dab-d00f-4d32-a5d3-d1e5b01c9cb3",
	"54dd1638-d142-45d3-8643-c4e553bda712");
INSERT INTO ACT_ACT
	VALUES ("c5eb41ca-4ab4-4bee-81c8-d8e9590db6cc",
	'transition',
	0,
	"5f1211f9-3d75-4a63-ac0e-ffd64423162c",
	"00000000-0000-0000-0000-000000000000",
	0,
	'BOOKINGSESSION11: errorEvent',
	"00000000-0000-0000-0000-000000000000");
INSERT INTO ACT_BLK
	VALUES ("5f1211f9-3d75-4a63-ac0e-ffd64423162c",
	0,
	0,
	0,
	'',
	'',
	'',
	0,
	0,
	0,
	0,
	0,
	0,
	0,
	0,
	0,
	0,
	0,
	0,
	0,
	"c5eb41ca-4ab4-4bee-81c8-d8e9590db6cc",
	"00000000-0000-0000-0000-000000000000");
INSERT INTO SM_TXN
	VALUES ("64d00cce-ccce-49ff-8580-17a8cfb14cbe",
	"c87b2dab-d00f-4d32-a5d3-d1e5b01c9cb3",
	"abba5c5c-cc80-413e-acaf-3b88d5e3c3c6",
	"00000000-0000-0000-0000-000000000000");
INSERT INTO SM_ASM
	VALUES ("1cceaf51-6f2a-4dbc-806e-afb09371f60a",
	"7137c09d-ba0e-406b-b3b5-76bb3cc48f3d");
INSERT INTO SM_SM
	VALUES ("1cceaf51-6f2a-4dbc-806e-afb09371f60a",
	'',
	0);
INSERT INTO SM_MOORE
	VALUES ("1cceaf51-6f2a-4dbc-806e-afb09371f60a");
INSERT INTO SM_EVTDI
	VALUES ("961ae2cf-7959-492e-ae15-0063d20b50d7",
	"1cceaf51-6f2a-4dbc-806e-afb09371f60a",
	'sessionID',
	'',
	"ba5eda7a-def5-0000-0000-000000000005",
	'',
	"91b14f42-b9c7-401c-8dad-0d88e6c2ba0c",
	"00000000-0000-0000-0000-000000000000");
INSERT INTO SM_EVTDI
	VALUES ("53ab2477-cc39-47fe-a570-b248de3fab95",
	"1cceaf51-6f2a-4dbc-806e-afb09371f60a",
	'sessionID',
	'',
	"ba5eda7a-def5-0000-0000-000000000005",
	'',
	"f69097d8-0a45-46f4-abe8-c55668a9bc22",
	"00000000-0000-0000-0000-000000000000");
INSERT INTO SM_LEVT
	VALUES ("91b14f42-b9c7-401c-8dad-0d88e6c2ba0c",
	"1cceaf51-6f2a-4dbc-806e-afb09371f60a",
	"00000000-0000-0000-0000-000000000000");
INSERT INTO SM_SEVT
	VALUES ("91b14f42-b9c7-401c-8dad-0d88e6c2ba0c",
	"1cceaf51-6f2a-4dbc-806e-afb09371f60a",
	"00000000-0000-0000-0000-000000000000");
INSERT INTO SM_EVT
	VALUES ("91b14f42-b9c7-401c-8dad-0d88e6c2ba0c",
	"1cceaf51-6f2a-4dbc-806e-afb09371f60a",
	"00000000-0000-0000-0000-000000000000",
	2,
	'requestSelectEvent',
	0,
	'',
	'BOOKINGSESSION_A2',
	'');
INSERT INTO SM_LEVT
	VALUES ("957a8f2b-b171-4d7b-92a8-9c4f1d0870f5",
	"1cceaf51-6f2a-4dbc-806e-afb09371f60a",
	"00000000-0000-0000-0000-000000000000");
INSERT INTO SM_SEVT
	VALUES ("957a8f2b-b171-4d7b-92a8-9c4f1d0870f5",
	"1cceaf51-6f2a-4dbc-806e-afb09371f60a",
	"00000000-0000-0000-0000-000000000000");
INSERT INTO SM_EVT
	VALUES ("957a8f2b-b171-4d7b-92a8-9c4f1d0870f5",
	"1cceaf51-6f2a-4dbc-806e-afb09371f60a",
	"00000000-0000-0000-0000-000000000000",
	3,
	'taskDoneEvent',
	0,
	'',
	'BOOKINGSESSION_A3',
	'');
INSERT INTO SM_LEVT
	VALUES ("4927df2d-53f9-4b3e-9e89-a065ca066ef9",
	"1cceaf51-6f2a-4dbc-806e-afb09371f60a",
	"00000000-0000-0000-0000-000000000000");
INSERT INTO SM_SEVT
	VALUES ("4927df2d-53f9-4b3e-9e89-a065ca066ef9",
	"1cceaf51-6f2a-4dbc-806e-afb09371f60a",
	"00000000-0000-0000-0000-000000000000");
INSERT INTO SM_EVT
	VALUES ("4927df2d-53f9-4b3e-9e89-a065ca066ef9",
	"1cceaf51-6f2a-4dbc-806e-afb09371f60a",
	"00000000-0000-0000-0000-000000000000",
	4,
	'emptyQueueEvent',
	0,
	'',
	'BOOKINGSESSION_A4',
	'');
INSERT INTO SM_LEVT
	VALUES ("f69097d8-0a45-46f4-abe8-c55668a9bc22",
	"1cceaf51-6f2a-4dbc-806e-afb09371f60a",
	"00000000-0000-0000-0000-000000000000");
INSERT INTO SM_SEVT
	VALUES ("f69097d8-0a45-46f4-abe8-c55668a9bc22",
	"1cceaf51-6f2a-4dbc-806e-afb09371f60a",
	"00000000-0000-0000-0000-000000000000");
INSERT INTO SM_EVT
	VALUES ("f69097d8-0a45-46f4-abe8-c55668a9bc22",
	"1cceaf51-6f2a-4dbc-806e-afb09371f60a",
	"00000000-0000-0000-0000-000000000000",
	5,
	'taskFoundEvent',
	0,
	'',
	'BOOKINGSESSION_A5',
	'');
INSERT INTO SM_STATE
	VALUES ("41cae87c-efc9-4d47-82ed-23030b389384",
	"1cceaf51-6f2a-4dbc-806e-afb09371f60a",
	"00000000-0000-0000-0000-000000000000",
	'Standby',
	1,
	0);
INSERT INTO SM_SEME
	VALUES ("41cae87c-efc9-4d47-82ed-23030b389384",
	"91b14f42-b9c7-401c-8dad-0d88e6c2ba0c",
	"1cceaf51-6f2a-4dbc-806e-afb09371f60a",
	"00000000-0000-0000-0000-000000000000");
INSERT INTO SM_CH
	VALUES ("41cae87c-efc9-4d47-82ed-23030b389384",
	"957a8f2b-b171-4d7b-92a8-9c4f1d0870f5",
	"1cceaf51-6f2a-4dbc-806e-afb09371f60a",
	"00000000-0000-0000-0000-000000000000",
	'');
INSERT INTO SM_SEME
	VALUES ("41cae87c-efc9-4d47-82ed-23030b389384",
	"957a8f2b-b171-4d7b-92a8-9c4f1d0870f5",
	"1cceaf51-6f2a-4dbc-806e-afb09371f60a",
	"00000000-0000-0000-0000-000000000000");
INSERT INTO SM_CH
	VALUES ("41cae87c-efc9-4d47-82ed-23030b389384",
	"4927df2d-53f9-4b3e-9e89-a065ca066ef9",
	"1cceaf51-6f2a-4dbc-806e-afb09371f60a",
	"00000000-0000-0000-0000-000000000000",
	'');
INSERT INTO SM_SEME
	VALUES ("41cae87c-efc9-4d47-82ed-23030b389384",
	"4927df2d-53f9-4b3e-9e89-a065ca066ef9",
	"1cceaf51-6f2a-4dbc-806e-afb09371f60a",
	"00000000-0000-0000-0000-000000000000");
INSERT INTO SM_CH
	VALUES ("41cae87c-efc9-4d47-82ed-23030b389384",
	"f69097d8-0a45-46f4-abe8-c55668a9bc22",
	"1cceaf51-6f2a-4dbc-806e-afb09371f60a",
	"00000000-0000-0000-0000-000000000000",
	'');
INSERT INTO SM_SEME
	VALUES ("41cae87c-efc9-4d47-82ed-23030b389384",
	"f69097d8-0a45-46f4-abe8-c55668a9bc22",
	"1cceaf51-6f2a-4dbc-806e-afb09371f60a",
	"00000000-0000-0000-0000-000000000000");
INSERT INTO SM_MOAH
	VALUES ("45ab631e-8185-492b-b854-b894e9f7cb06",
	"1cceaf51-6f2a-4dbc-806e-afb09371f60a",
	"41cae87c-efc9-4d47-82ed-23030b389384");
INSERT INTO SM_AH
	VALUES ("45ab631e-8185-492b-b854-b894e9f7cb06",
	"1cceaf51-6f2a-4dbc-806e-afb09371f60a");
INSERT INTO SM_ACT
	VALUES ("45ab631e-8185-492b-b854-b894e9f7cb06",
	"1cceaf51-6f2a-4dbc-806e-afb09371f60a",
	1,
	'',
	'');
INSERT INTO ACT_SAB
	VALUES ("d4eb0a57-b765-4f79-89d1-e1cdc903bb7e",
	"1cceaf51-6f2a-4dbc-806e-afb09371f60a",
	"45ab631e-8185-492b-b854-b894e9f7cb06");
INSERT INTO ACT_ACT
	VALUES ("d4eb0a57-b765-4f79-89d1-e1cdc903bb7e",
	'class state',
	0,
	"3f8c754a-bdb8-4c77-8c73-54f32c14aaca",
	"00000000-0000-0000-0000-000000000000",
	0,
	'BookingSession::Standby',
	"00000000-0000-0000-0000-000000000000");
INSERT INTO ACT_BLK
	VALUES ("3f8c754a-bdb8-4c77-8c73-54f32c14aaca",
	0,
	0,
	0,
	'',
	'',
	'',
	0,
	0,
	0,
	0,
	0,
	0,
	0,
	0,
	0,
	0,
	0,
	0,
	0,
	"d4eb0a57-b765-4f79-89d1-e1cdc903bb7e",
	"00000000-0000-0000-0000-000000000000");
INSERT INTO SM_STATE
	VALUES ("977e6979-934c-48a3-b21b-c24490dc56e4",
	"1cceaf51-6f2a-4dbc-806e-afb09371f60a",
	"00000000-0000-0000-0000-000000000000",
	'Busy',
	2,
	0);
INSERT INTO SM_EIGN
	VALUES ("977e6979-934c-48a3-b21b-c24490dc56e4",
	"91b14f42-b9c7-401c-8dad-0d88e6c2ba0c",
	"1cceaf51-6f2a-4dbc-806e-afb09371f60a",
	"00000000-0000-0000-0000-000000000000",
	'');
INSERT INTO SM_SEME
	VALUES ("977e6979-934c-48a3-b21b-c24490dc56e4",
	"91b14f42-b9c7-401c-8dad-0d88e6c2ba0c",
	"1cceaf51-6f2a-4dbc-806e-afb09371f60a",
	"00000000-0000-0000-0000-000000000000");
INSERT INTO SM_SEME
	VALUES ("977e6979-934c-48a3-b21b-c24490dc56e4",
	"957a8f2b-b171-4d7b-92a8-9c4f1d0870f5",
	"1cceaf51-6f2a-4dbc-806e-afb09371f60a",
	"00000000-0000-0000-0000-000000000000");
INSERT INTO SM_CH
	VALUES ("977e6979-934c-48a3-b21b-c24490dc56e4",
	"4927df2d-53f9-4b3e-9e89-a065ca066ef9",
	"1cceaf51-6f2a-4dbc-806e-afb09371f60a",
	"00000000-0000-0000-0000-000000000000",
	'');
INSERT INTO SM_SEME
	VALUES ("977e6979-934c-48a3-b21b-c24490dc56e4",
	"4927df2d-53f9-4b3e-9e89-a065ca066ef9",
	"1cceaf51-6f2a-4dbc-806e-afb09371f60a",
	"00000000-0000-0000-0000-000000000000");
INSERT INTO SM_CH
	VALUES ("977e6979-934c-48a3-b21b-c24490dc56e4",
	"f69097d8-0a45-46f4-abe8-c55668a9bc22",
	"1cceaf51-6f2a-4dbc-806e-afb09371f60a",
	"00000000-0000-0000-0000-000000000000",
	'');
INSERT INTO SM_SEME
	VALUES ("977e6979-934c-48a3-b21b-c24490dc56e4",
	"f69097d8-0a45-46f4-abe8-c55668a9bc22",
	"1cceaf51-6f2a-4dbc-806e-afb09371f60a",
	"00000000-0000-0000-0000-000000000000");
INSERT INTO SM_MOAH
	VALUES ("84a2579e-7c2d-4f94-aefb-9e64465f6906",
	"1cceaf51-6f2a-4dbc-806e-afb09371f60a",
	"977e6979-934c-48a3-b21b-c24490dc56e4");
INSERT INTO SM_AH
	VALUES ("84a2579e-7c2d-4f94-aefb-9e64465f6906",
	"1cceaf51-6f2a-4dbc-806e-afb09371f60a");
INSERT INTO SM_ACT
	VALUES ("84a2579e-7c2d-4f94-aefb-9e64465f6906",
	"1cceaf51-6f2a-4dbc-806e-afb09371f60a",
	1,
	'select any session from instances of BOOKINGSESSION where selected.ID == rcvd_evt.sessionID;

select any ft from instances of FACILITYTYPE where selected.id == session.facilityTypeSelected;
select one hotel related by session-> HOTEL[R17];
if(not_empty session)
	session.waiting = false;
	LOG::LogInfo(message: "H: BusyClassMachine: Found session");
	if(not_empty ft)
		select one booking related by session->BOOKING[R26];
		LOG::LogInfo(message: "H: BusyClassMachine: ft not empty");
		
		
		f = hotel.searchFacility(fromDate: booking.getFromDate(), toDate: booking.getToDate(), facilityType:ft.id);
			LOG::LogInfo(message: "H: BusyClassMachine: after serachFacility");
		if(not_empty f)
			LOG::LogInfo(message: "H: BusyClassMachine: found room");
		 	session.tmpFacility = f;
		 	select one booking related by session->BOOKING[R26];
		 	relate f to booking across R14;
		 	select one bookable related by f->FACILITYTYPE[R1]->BOOKABLE[R2]; 
		 	relate booking to bookable across R12;
		 	LOG::LogInfo(message: "H: BusyClassMachine: Confirming facility.");
		 	send BookingProvider::confirmSignal(message: "H: BusyClassMachine signal: Confirming facility",
		 										sessionID: session.ID);
		
		else
			send BookingProvider::errorSignal(	message: "H: BusyClassMachine signal: Could not find any facilities",
											sessionID:session.ID);
			LOG::LogInfo(message: "H: BusyClassMachine: Could not find facility.");
		end if;
	else
		send BookingProvider::errorSignal(	message: "H: BusyClassMachine signal: Could not find selected facility type",
											sessionID:session.ID);
		LOG::LogInfo(message: "H: BusyClassMachine: Could not find facility type.");
	end if;
else
	send BookingProvider::errorSignal(	message: "H: selectted signal: Session not found",
											sessionID:session.ID);
	LOG::LogInfo(message: "H: BusyClassMachine: Could not find session");
end if;
generate BOOKINGSESSION_A3:taskDoneEvent to BOOKINGSESSION class;',
	'');
INSERT INTO ACT_SAB
	VALUES ("fbb4dfc1-da08-4963-b7c5-7a407ebc6e6b",
	"1cceaf51-6f2a-4dbc-806e-afb09371f60a",
	"84a2579e-7c2d-4f94-aefb-9e64465f6906");
INSERT INTO ACT_ACT
	VALUES ("fbb4dfc1-da08-4963-b7c5-7a407ebc6e6b",
	'class state',
	0,
	"0012e4f2-12dc-4fd1-a685-fc98d5ddc575",
	"00000000-0000-0000-0000-000000000000",
	0,
	'BookingSession::Busy',
	"00000000-0000-0000-0000-000000000000");
INSERT INTO ACT_BLK
	VALUES ("0012e4f2-12dc-4fd1-a685-fc98d5ddc575",
	1,
	0,
	1,
	'',
	'',
	'',
	41,
	1,
	41,
	45,
	0,
	0,
	4,
	45,
	0,
	0,
	0,
	0,
	0,
	"fbb4dfc1-da08-4963-b7c5-7a407ebc6e6b",
	"00000000-0000-0000-0000-000000000000");
INSERT INTO ACT_SMT
	VALUES ("d2044eeb-232f-4a5b-bcb3-4ed7e69b7bcb",
	"0012e4f2-12dc-4fd1-a685-fc98d5ddc575",
	"9a1c4613-325c-493a-9619-37c968cb0892",
	1,
	1,
	'BookingSession::Busy line: 1');
INSERT INTO ACT_FIW
	VALUES ("d2044eeb-232f-4a5b-bcb3-4ed7e69b7bcb",
	"9d8c5563-2751-4fba-8441-4f44b30703ed",
	1,
	'any',
	"58a4dc9a-abbb-4cc2-91f7-a2324e9dc9ac",
	"7137c09d-ba0e-406b-b3b5-76bb3cc48f3d",
	1,
	38);
INSERT INTO ACT_SMT
	VALUES ("9a1c4613-325c-493a-9619-37c968cb0892",
	"0012e4f2-12dc-4fd1-a685-fc98d5ddc575",
	"ada568bb-03dc-496d-af2a-6d809c6aa4ca",
	3,
	1,
	'BookingSession::Busy line: 3');
INSERT INTO ACT_FIW
	VALUES ("9a1c4613-325c-493a-9619-37c968cb0892",
	"48c21c10-3e44-438a-acc5-d951370f1832",
	1,
	'any',
	"cec8add5-8c24-4e85-b2b9-d416b846017e",
	"bafdc953-1881-43a3-a5f1-9dcc7e2d60c3",
	3,
	33);
INSERT INTO ACT_SMT
	VALUES ("ada568bb-03dc-496d-af2a-6d809c6aa4ca",
	"0012e4f2-12dc-4fd1-a685-fc98d5ddc575",
	"09e139a3-6357-4103-b115-2d5a629dc5e6",
	4,
	1,
	'BookingSession::Busy line: 4');
INSERT INTO ACT_SEL
	VALUES ("ada568bb-03dc-496d-af2a-6d809c6aa4ca",
	"5fb93b67-05e6-42d7-9b28-5bca6e277efb",
	1,
	'one',
	"d76323da-2b8c-4991-979f-966345bfdc58");
INSERT INTO ACT_SR
	VALUES ("ada568bb-03dc-496d-af2a-6d809c6aa4ca");
INSERT INTO ACT_LNK
	VALUES ("a3aec847-7d38-4192-93ba-5fbf7af80a29",
	'',
	"ada568bb-03dc-496d-af2a-6d809c6aa4ca",
	"17f1dd67-3fd4-46db-8752-891089e87a24",
	"00000000-0000-0000-0000-000000000000",
	2,
	"daf3cea3-b187-4d6a-9517-f12785ae9b3a",
	4,
	39,
	4,
	45,
	0,
	0);
INSERT INTO ACT_SMT
	VALUES ("09e139a3-6357-4103-b115-2d5a629dc5e6",
	"0012e4f2-12dc-4fd1-a685-fc98d5ddc575",
	"e467493e-d6c7-403a-a161-2ab7b38dcbaf",
	5,
	1,
	'BookingSession::Busy line: 5');
INSERT INTO ACT_IF
	VALUES ("09e139a3-6357-4103-b115-2d5a629dc5e6",
	"ee651b9f-395a-46d7-99c7-dc12aa512da3",
	"116a196d-2e1e-4e0a-ad21-d1ee1ec4eb6c",
	"00000000-0000-0000-0000-000000000000",
	"00000000-0000-0000-0000-000000000000");
INSERT INTO ACT_SMT
	VALUES ("874f5fee-3ab0-47be-85cd-400b880a3a98",
	"0012e4f2-12dc-4fd1-a685-fc98d5ddc575",
	"00000000-0000-0000-0000-000000000000",
	36,
	1,
	'BookingSession::Busy line: 36');
INSERT INTO ACT_E
	VALUES ("874f5fee-3ab0-47be-85cd-400b880a3a98",
	"252e4186-6b23-4954-9d3b-523f94e3c1e7",
	"09e139a3-6357-4103-b115-2d5a629dc5e6");
INSERT INTO ACT_SMT
	VALUES ("e467493e-d6c7-403a-a161-2ab7b38dcbaf",
	"0012e4f2-12dc-4fd1-a685-fc98d5ddc575",
	"00000000-0000-0000-0000-000000000000",
	41,
	1,
	'BookingSession::Busy line: 41');
INSERT INTO E_ESS
	VALUES ("e467493e-d6c7-403a-a161-2ab7b38dcbaf",
	1,
	0,
	41,
	10,
	41,
	28,
	41,
	45,
	0,
	0,
	0,
	0);
INSERT INTO E_GES
	VALUES ("e467493e-d6c7-403a-a161-2ab7b38dcbaf");
INSERT INTO E_GSME
	VALUES ("e467493e-d6c7-403a-a161-2ab7b38dcbaf",
	"957a8f2b-b171-4d7b-92a8-9c4f1d0870f5");
INSERT INTO E_GAR
	VALUES ("e467493e-d6c7-403a-a161-2ab7b38dcbaf");
INSERT INTO V_VAL
	VALUES ("b8008dcb-86da-4d57-a367-468dbcd515de",
	0,
	0,
	1,
	59,
	-1,
	0,
	0,
	0,
	0,
	"ba5eda7a-def5-0000-0000-000000000008",
	"0012e4f2-12dc-4fd1-a685-fc98d5ddc575");
INSERT INTO V_SLR
	VALUES ("b8008dcb-86da-4d57-a367-468dbcd515de",
	"00000000-0000-0000-0000-000000000000",
	"00000000-0000-0000-0000-000000000000",
	"00000000-0000-0000-0000-000000000000");
INSERT INTO V_VAL
	VALUES ("541162cc-2110-44fe-b923-3528620382bc",
	0,
	0,
	1,
	68,
	69,
	0,
	0,
	0,
	0,
	"ba5eda7a-def5-0000-0000-000000000005",
	"0012e4f2-12dc-4fd1-a685-fc98d5ddc575");
INSERT INTO V_AVL
	VALUES ("541162cc-2110-44fe-b923-3528620382bc",
	"b8008dcb-86da-4d57-a367-468dbcd515de",
	"7137c09d-ba0e-406b-b3b5-76bb3cc48f3d",
	"df46d3b5-7060-4611-8908-d535d035865a");
INSERT INTO V_VAL
	VALUES ("58a4dc9a-abbb-4cc2-91f7-a2324e9dc9ac",
	0,
	0,
	-1,
	-1,
	-1,
	0,
	0,
	0,
	0,
	"ba5eda7a-def5-0000-0000-000000000001",
	"0012e4f2-12dc-4fd1-a685-fc98d5ddc575");
INSERT INTO V_BIN
	VALUES ("58a4dc9a-abbb-4cc2-91f7-a2324e9dc9ac",
	"1be52013-e8dd-4cf0-963c-891b6f7e7fb4",
	"541162cc-2110-44fe-b923-3528620382bc",
	'==');
INSERT INTO V_VAL
	VALUES ("1be52013-e8dd-4cf0-963c-891b6f7e7fb4",
	0,
	0,
	1,
	83,
	91,
	0,
	0,
	0,
	0,
	"ba5eda7a-def5-0000-0000-000000000005",
	"0012e4f2-12dc-4fd1-a685-fc98d5ddc575");
INSERT INTO V_EDV
	VALUES ("1be52013-e8dd-4cf0-963c-891b6f7e7fb4");
INSERT INTO V_EPR
	VALUES ("1be52013-e8dd-4cf0-963c-891b6f7e7fb4",
	"1cceaf51-6f2a-4dbc-806e-afb09371f60a",
	"961ae2cf-7959-492e-ae15-0063d20b50d7",
	"00000000-0000-0000-0000-000000000000");
INSERT INTO V_EPR
	VALUES ("1be52013-e8dd-4cf0-963c-891b6f7e7fb4",
	"1cceaf51-6f2a-4dbc-806e-afb09371f60a",
	"53ab2477-cc39-47fe-a570-b248de3fab95",
	"00000000-0000-0000-0000-000000000000");
INSERT INTO V_VAL
	VALUES ("574c88b9-638a-4bbd-88c9-e9df9ec13a36",
	0,
	0,
	3,
	52,
	-1,
	0,
	0,
	0,
	0,
	"ba5eda7a-def5-0000-0000-000000000008",
	"0012e4f2-12dc-4fd1-a685-fc98d5ddc575");
INSERT INTO V_SLR
	VALUES ("574c88b9-638a-4bbd-88c9-e9df9ec13a36",
	"00000000-0000-0000-0000-000000000000",
	"00000000-0000-0000-0000-000000000000",
	"00000000-0000-0000-0000-000000000000");
INSERT INTO V_VAL
	VALUES ("bd655654-f948-4d0f-ad7b-0290da25557f",
	0,
	0,
	3,
	61,
	62,
	0,
	0,
	0,
	0,
	"ba5eda7a-def5-0000-0000-000000000002",
	"0012e4f2-12dc-4fd1-a685-fc98d5ddc575");
INSERT INTO V_AVL
	VALUES ("bd655654-f948-4d0f-ad7b-0290da25557f",
	"574c88b9-638a-4bbd-88c9-e9df9ec13a36",
	"bafdc953-1881-43a3-a5f1-9dcc7e2d60c3",
	"c7050232-2f33-4247-8fc7-4866e3c7280d");
INSERT INTO V_VAL
	VALUES ("cec8add5-8c24-4e85-b2b9-d416b846017e",
	0,
	0,
	-1,
	-1,
	-1,
	0,
	0,
	0,
	0,
	"ba5eda7a-def5-0000-0000-000000000001",
	"0012e4f2-12dc-4fd1-a685-fc98d5ddc575");
INSERT INTO V_BIN
	VALUES ("cec8add5-8c24-4e85-b2b9-d416b846017e",
	"ca319c4c-55ac-48ff-8ef2-819ff2ed451e",
	"bd655654-f948-4d0f-ad7b-0290da25557f",
	'==');
INSERT INTO V_VAL
	VALUES ("9de1108b-909b-425a-8c53-8dce5120bfb6",
	0,
	0,
	3,
	67,
	73,
	0,
	0,
	0,
	0,
	"ba5eda7a-def5-0000-0000-000000000008",
	"0012e4f2-12dc-4fd1-a685-fc98d5ddc575");
INSERT INTO V_IRF
	VALUES ("9de1108b-909b-425a-8c53-8dce5120bfb6",
	"9d8c5563-2751-4fba-8441-4f44b30703ed");
INSERT INTO V_VAL
	VALUES ("ca319c4c-55ac-48ff-8ef2-819ff2ed451e",
	0,
	0,
	3,
	75,
	94,
	0,
	0,
	0,
	0,
	"ba5eda7a-def5-0000-0000-000000000002",
	"0012e4f2-12dc-4fd1-a685-fc98d5ddc575");
INSERT INTO V_AVL
	VALUES ("ca319c4c-55ac-48ff-8ef2-819ff2ed451e",
	"9de1108b-909b-425a-8c53-8dce5120bfb6",
	"7137c09d-ba0e-406b-b3b5-76bb3cc48f3d",
	"c891ea35-d39e-4dda-b8cb-bf7a5a9f3519");
INSERT INTO V_VAL
	VALUES ("d76323da-2b8c-4991-979f-966345bfdc58",
	0,
	0,
	4,
	29,
	35,
	0,
	0,
	0,
	0,
	"ba5eda7a-def5-0000-0000-000000000008",
	"0012e4f2-12dc-4fd1-a685-fc98d5ddc575");
INSERT INTO V_IRF
	VALUES ("d76323da-2b8c-4991-979f-966345bfdc58",
	"9d8c5563-2751-4fba-8441-4f44b30703ed");
INSERT INTO V_VAL
	VALUES ("e076a3be-973f-454f-913f-5a41da46bf03",
	0,
	0,
	5,
	14,
	20,
	0,
	0,
	0,
	0,
	"ba5eda7a-def5-0000-0000-000000000008",
	"0012e4f2-12dc-4fd1-a685-fc98d5ddc575");
INSERT INTO V_IRF
	VALUES ("e076a3be-973f-454f-913f-5a41da46bf03",
	"9d8c5563-2751-4fba-8441-4f44b30703ed");
INSERT INTO V_VAL
	VALUES ("116a196d-2e1e-4e0a-ad21-d1ee1ec4eb6c",
	0,
	0,
	-1,
	-1,
	-1,
	0,
	0,
	0,
	0,
	"ba5eda7a-def5-0000-0000-000000000001",
	"0012e4f2-12dc-4fd1-a685-fc98d5ddc575");
INSERT INTO V_UNY
	VALUES ("116a196d-2e1e-4e0a-ad21-d1ee1ec4eb6c",
	"e076a3be-973f-454f-913f-5a41da46bf03",
	'not_empty');
INSERT INTO V_VAR
	VALUES ("9d8c5563-2751-4fba-8441-4f44b30703ed",
	"0012e4f2-12dc-4fd1-a685-fc98d5ddc575",
	'session',
	1,
	"ba5eda7a-def5-0000-0000-000000000008");
INSERT INTO V_INT
	VALUES ("9d8c5563-2751-4fba-8441-4f44b30703ed",
	0,
	"7137c09d-ba0e-406b-b3b5-76bb3cc48f3d");
INSERT INTO V_LOC
	VALUES ("60a09680-cab0-496e-bac4-97ed6736d148",
	1,
	12,
	18,
	"9d8c5563-2751-4fba-8441-4f44b30703ed");
INSERT INTO V_LOC
	VALUES ("c3f2a37a-3066-46c8-8ec7-f2925fe81228",
	3,
	67,
	73,
	"9d8c5563-2751-4fba-8441-4f44b30703ed");
INSERT INTO V_LOC
	VALUES ("38211f74-3aa3-4330-82f6-2102429a29d3",
	6,
	2,
	8,
	"9d8c5563-2751-4fba-8441-4f44b30703ed");
INSERT INTO V_LOC
	VALUES ("6f345a8f-0364-45dd-9e53-39b7b6c07e5a",
	17,
	5,
	11,
	"9d8c5563-2751-4fba-8441-4f44b30703ed");
INSERT INTO V_LOC
	VALUES ("fb34e67b-88f4-457d-90e1-a3c14ba91fe3",
	24,
	25,
	31,
	"9d8c5563-2751-4fba-8441-4f44b30703ed");
INSERT INTO V_LOC
	VALUES ("d42c2bf9-5e15-42c7-b08f-f85abebb33a2",
	28,
	22,
	28,
	"9d8c5563-2751-4fba-8441-4f44b30703ed");
INSERT INTO V_LOC
	VALUES ("9e11d9e7-229f-4d0b-8b7b-d313969d4eec",
	33,
	22,
	28,
	"9d8c5563-2751-4fba-8441-4f44b30703ed");
INSERT INTO V_LOC
	VALUES ("cac6f4c3-85a9-48f3-84d4-d110951ad6b9",
	38,
	22,
	28,
	"9d8c5563-2751-4fba-8441-4f44b30703ed");
INSERT INTO V_VAR
	VALUES ("48c21c10-3e44-438a-acc5-d951370f1832",
	"0012e4f2-12dc-4fd1-a685-fc98d5ddc575",
	'ft',
	1,
	"99dc6d1a-909c-4bcb-a5b6-04d65b974e90");
INSERT INTO V_INT
	VALUES ("48c21c10-3e44-438a-acc5-d951370f1832",
	0,
	"bafdc953-1881-43a3-a5f1-9dcc7e2d60c3");
INSERT INTO V_LOC
	VALUES ("53a18e4e-b25b-45a6-8de8-2c837b6789c6",
	3,
	12,
	13,
	"48c21c10-3e44-438a-acc5-d951370f1832");
INSERT INTO V_LOC
	VALUES ("222b00b2-1645-4bbe-87a1-a216d7c9d087",
	13,
	103,
	104,
	"48c21c10-3e44-438a-acc5-d951370f1832");
INSERT INTO V_VAR
	VALUES ("5fb93b67-05e6-42d7-9b28-5bca6e277efb",
	"0012e4f2-12dc-4fd1-a685-fc98d5ddc575",
	'hotel',
	1,
	"ba5eda7a-def5-0000-0000-000000000008");
INSERT INTO V_INT
	VALUES ("5fb93b67-05e6-42d7-9b28-5bca6e277efb",
	0,
	"daf3cea3-b187-4d6a-9517-f12785ae9b3a");
INSERT INTO V_LOC
	VALUES ("bd0714d4-38c4-40a8-b9da-365919774557",
	4,
	12,
	16,
	"5fb93b67-05e6-42d7-9b28-5bca6e277efb");
INSERT INTO V_LOC
	VALUES ("200310f2-2daa-44bb-a303-c9f9583d82c8",
	13,
	7,
	11,
	"5fb93b67-05e6-42d7-9b28-5bca6e277efb");
INSERT INTO ACT_BLK
	VALUES ("ee651b9f-395a-46d7-99c7-dc12aa512da3",
	0,
	0,
	0,
	'LOG',
	'',
	'',
	31,
	2,
	7,
	2,
	0,
	0,
	0,
	0,
	0,
	0,
	0,
	0,
	0,
	"fbb4dfc1-da08-4963-b7c5-7a407ebc6e6b",
	"00000000-0000-0000-0000-000000000000");
INSERT INTO ACT_SMT
	VALUES ("1033b24c-81d3-4372-a928-402e840c158c",
	"ee651b9f-395a-46d7-99c7-dc12aa512da3",
	"5666a67a-74c7-4af7-bd51-6868194ae25a",
	6,
	2,
	'BookingSession::Busy line: 6');
INSERT INTO ACT_AI
	VALUES ("1033b24c-81d3-4372-a928-402e840c158c",
	"b2cf193d-7748-43c1-a8bd-a4bceac745c7",
	"a6da62b6-c42c-4f1c-a4f0-0a6bcd4b4d2e",
	0,
	0);
INSERT INTO ACT_SMT
	VALUES ("5666a67a-74c7-4af7-bd51-6868194ae25a",
	"ee651b9f-395a-46d7-99c7-dc12aa512da3",
	"52e84702-c5f7-45e8-b1f3-dd63703fbb8d",
	7,
	2,
	'BookingSession::Busy line: 7');
INSERT INTO ACT_BRG
	VALUES ("5666a67a-74c7-4af7-bd51-6868194ae25a",
	"768e1cca-7403-495c-9b22-afd11a473eb6",
	7,
	7,
	7,
	2);
INSERT INTO ACT_SMT
	VALUES ("52e84702-c5f7-45e8-b1f3-dd63703fbb8d",
	"ee651b9f-395a-46d7-99c7-dc12aa512da3",
	"00000000-0000-0000-0000-000000000000",
	8,
	2,
	'BookingSession::Busy line: 8');
INSERT INTO ACT_IF
	VALUES ("52e84702-c5f7-45e8-b1f3-dd63703fbb8d",
	"6b8f78db-35df-463d-a8b2-3896462adf9a",
	"472b029b-a0a7-41a7-b75d-b381d290945d",
	"00000000-0000-0000-0000-000000000000",
	"00000000-0000-0000-0000-000000000000");
INSERT INTO ACT_SMT
	VALUES ("3db9de2e-d4e1-4a50-841c-805095326022",
	"ee651b9f-395a-46d7-99c7-dc12aa512da3",
	"00000000-0000-0000-0000-000000000000",
	31,
	2,
	'BookingSession::Busy line: 31');
INSERT INTO ACT_E
	VALUES ("3db9de2e-d4e1-4a50-841c-805095326022",
	"31a0ba96-67b7-49f2-8bc2-e0617679783b",
	"52e84702-c5f7-45e8-b1f3-dd63703fbb8d");
INSERT INTO V_VAL
	VALUES ("ac77890d-fa6f-430c-8a1b-e7a97f1aacd6",
	1,
	0,
	6,
	2,
	8,
	0,
	0,
	0,
	0,
	"ba5eda7a-def5-0000-0000-000000000008",
	"ee651b9f-395a-46d7-99c7-dc12aa512da3");
INSERT INTO V_IRF
	VALUES ("ac77890d-fa6f-430c-8a1b-e7a97f1aacd6",
	"9d8c5563-2751-4fba-8441-4f44b30703ed");
INSERT INTO V_VAL
	VALUES ("a6da62b6-c42c-4f1c-a4f0-0a6bcd4b4d2e",
	1,
	0,
	6,
	10,
	16,
	0,
	0,
	0,
	0,
	"ba5eda7a-def5-0000-0000-000000000001",
	"ee651b9f-395a-46d7-99c7-dc12aa512da3");
INSERT INTO V_AVL
	VALUES ("a6da62b6-c42c-4f1c-a4f0-0a6bcd4b4d2e",
	"ac77890d-fa6f-430c-8a1b-e7a97f1aacd6",
	"7137c09d-ba0e-406b-b3b5-76bb3cc48f3d",
	"44019c1a-e63b-47df-ae57-90e39e485288");
INSERT INTO V_VAL
	VALUES ("b2cf193d-7748-43c1-a8bd-a4bceac745c7",
	0,
	0,
	-1,
	-1,
	-1,
	0,
	0,
	0,
	0,
	"ba5eda7a-def5-0000-0000-000000000001",
	"ee651b9f-395a-46d7-99c7-dc12aa512da3");
INSERT INTO V_LBO
	VALUES ("b2cf193d-7748-43c1-a8bd-a4bceac745c7",
	'FALSE');
INSERT INTO V_VAL
	VALUES ("26331aea-f27d-4669-9e49-dd6315510988",
	0,
	0,
	7,
	24,
	58,
	0,
	0,
	0,
	0,
	"ba5eda7a-def5-0000-0000-000000000004",
	"ee651b9f-395a-46d7-99c7-dc12aa512da3");
INSERT INTO V_LST
	VALUES ("26331aea-f27d-4669-9e49-dd6315510988",
	'H: BusyClassMachine: Found session');
INSERT INTO V_PAR
	VALUES ("26331aea-f27d-4669-9e49-dd6315510988",
	"5666a67a-74c7-4af7-bd51-6868194ae25a",
	"00000000-0000-0000-0000-000000000000",
	'message',
	"00000000-0000-0000-0000-000000000000",
	7,
	15);
INSERT INTO V_VAL
	VALUES ("4f415bf5-c6e2-4b5c-bb06-3ed5baa56b6b",
	0,
	0,
	8,
	15,
	16,
	0,
	0,
	0,
	0,
	"99dc6d1a-909c-4bcb-a5b6-04d65b974e90",
	"ee651b9f-395a-46d7-99c7-dc12aa512da3");
INSERT INTO V_IRF
	VALUES ("4f415bf5-c6e2-4b5c-bb06-3ed5baa56b6b",
	"48c21c10-3e44-438a-acc5-d951370f1832");
INSERT INTO V_VAL
	VALUES ("472b029b-a0a7-41a7-b75d-b381d290945d",
	0,
	0,
	-1,
	-1,
	-1,
	0,
	0,
	0,
	0,
	"ba5eda7a-def5-0000-0000-000000000001",
	"ee651b9f-395a-46d7-99c7-dc12aa512da3");
INSERT INTO V_UNY
	VALUES ("472b029b-a0a7-41a7-b75d-b381d290945d",
	"4f415bf5-c6e2-4b5c-bb06-3ed5baa56b6b",
	'not_empty');
INSERT INTO ACT_BLK
	VALUES ("6b8f78db-35df-463d-a8b2-3896462adf9a",
	1,
	0,
	0,
	'LOG',
	'',
	'',
	26,
	3,
	14,
	4,
	0,
	0,
	9,
	50,
	0,
	0,
	0,
	0,
	0,
	"fbb4dfc1-da08-4963-b7c5-7a407ebc6e6b",
	"00000000-0000-0000-0000-000000000000");
INSERT INTO ACT_SMT
	VALUES ("b40cd96f-73bd-48c7-8f99-bfd67434f3ae",
	"6b8f78db-35df-463d-a8b2-3896462adf9a",
	"7813288d-ded3-48f7-9906-f924a82737e2",
	9,
	3,
	'BookingSession::Busy line: 9');
INSERT INTO ACT_SEL
	VALUES ("b40cd96f-73bd-48c7-8f99-bfd67434f3ae",
	"e66be9b1-815a-4cbf-938e-c38fea91388b",
	1,
	'one',
	"26b18359-e96c-4e63-90e6-84eeefe45c0d");
INSERT INTO ACT_SR
	VALUES ("b40cd96f-73bd-48c7-8f99-bfd67434f3ae");
INSERT INTO ACT_LNK
	VALUES ("a048dca8-c956-46e1-ae07-708bfd04da27",
	'',
	"b40cd96f-73bd-48c7-8f99-bfd67434f3ae",
	"a30fd0d6-3586-438e-8d6d-b3d3b14c0f03",
	"00000000-0000-0000-0000-000000000000",
	2,
	"9a41fe9e-f547-4cde-b68d-f7db43c904dc",
	9,
	42,
	9,
	50,
	0,
	0);
INSERT INTO ACT_SMT
	VALUES ("7813288d-ded3-48f7-9906-f924a82737e2",
	"6b8f78db-35df-463d-a8b2-3896462adf9a",
	"b08f48b3-74bc-41ff-a0f8-c6318e38181d",
	10,
	3,
	'BookingSession::Busy line: 10');
INSERT INTO ACT_BRG
	VALUES ("7813288d-ded3-48f7-9906-f924a82737e2",
	"768e1cca-7403-495c-9b22-afd11a473eb6",
	10,
	8,
	10,
	3);
INSERT INTO ACT_SMT
	VALUES ("b08f48b3-74bc-41ff-a0f8-c6318e38181d",
	"6b8f78db-35df-463d-a8b2-3896462adf9a",
	"517701ab-ef89-48af-9865-f15ef3e3dd8d",
	13,
	3,
	'BookingSession::Busy line: 13');
INSERT INTO ACT_AI
	VALUES ("b08f48b3-74bc-41ff-a0f8-c6318e38181d",
	"547734b7-d0ff-46ea-b067-e479b94c256e",
	"e08952c3-a682-4f17-8ece-5c56932fd7b2",
	0,
	0);
INSERT INTO ACT_SMT
	VALUES ("517701ab-ef89-48af-9865-f15ef3e3dd8d",
	"6b8f78db-35df-463d-a8b2-3896462adf9a",
	"ba86967a-4364-4e3d-98c4-4a469940166e",
	14,
	4,
	'BookingSession::Busy line: 14');
INSERT INTO ACT_BRG
	VALUES ("517701ab-ef89-48af-9865-f15ef3e3dd8d",
	"768e1cca-7403-495c-9b22-afd11a473eb6",
	14,
	9,
	14,
	4);
INSERT INTO ACT_SMT
	VALUES ("ba86967a-4364-4e3d-98c4-4a469940166e",
	"6b8f78db-35df-463d-a8b2-3896462adf9a",
	"00000000-0000-0000-0000-000000000000",
	15,
	3,
	'BookingSession::Busy line: 15');
INSERT INTO ACT_IF
	VALUES ("ba86967a-4364-4e3d-98c4-4a469940166e",
	"fc0d3ac2-0e9e-49c3-bbe2-8df8e2c38f3e",
	"93e1c13b-e9fa-4022-95aa-f1a8a8f743c7",
	"00000000-0000-0000-0000-000000000000",
	"00000000-0000-0000-0000-000000000000");
INSERT INTO ACT_SMT
	VALUES ("b377fe26-0ba3-4125-a6a1-6d3788e62a8b",
	"6b8f78db-35df-463d-a8b2-3896462adf9a",
	"00000000-0000-0000-0000-000000000000",
	26,
	3,
	'BookingSession::Busy line: 26');
INSERT INTO ACT_E
	VALUES ("b377fe26-0ba3-4125-a6a1-6d3788e62a8b",
	"22fdc3ba-e175-4f2a-aabc-94c0bddb83ac",
	"ba86967a-4364-4e3d-98c4-4a469940166e");
INSERT INTO V_VAL
	VALUES ("26b18359-e96c-4e63-90e6-84eeefe45c0d",
	0,
	0,
	9,
	33,
	39,
	0,
	0,
	0,
	0,
	"ba5eda7a-def5-0000-0000-000000000008",
	"6b8f78db-35df-463d-a8b2-3896462adf9a");
INSERT INTO V_IRF
	VALUES ("26b18359-e96c-4e63-90e6-84eeefe45c0d",
	"9d8c5563-2751-4fba-8441-4f44b30703ed");
INSERT INTO V_VAL
	VALUES ("f431b6c1-dffc-4dae-b4d6-b1d8976c6876",
	0,
	0,
	10,
	25,
	58,
	0,
	0,
	0,
	0,
	"ba5eda7a-def5-0000-0000-000000000004",
	"6b8f78db-35df-463d-a8b2-3896462adf9a");
INSERT INTO V_LST
	VALUES ("f431b6c1-dffc-4dae-b4d6-b1d8976c6876",
	'H: BusyClassMachine: ft not empty');
INSERT INTO V_PAR
	VALUES ("f431b6c1-dffc-4dae-b4d6-b1d8976c6876",
	"7813288d-ded3-48f7-9906-f924a82737e2",
	"00000000-0000-0000-0000-000000000000",
	'message',
	"00000000-0000-0000-0000-000000000000",
	10,
	16);
INSERT INTO V_VAL
	VALUES ("e08952c3-a682-4f17-8ece-5c56932fd7b2",
	1,
	1,
	13,
	3,
	3,
	0,
	0,
	0,
	0,
	"bd43dc09-3be2-4ae8-806d-bedb08b1e03c",
	"6b8f78db-35df-463d-a8b2-3896462adf9a");
INSERT INTO V_IRF
	VALUES ("e08952c3-a682-4f17-8ece-5c56932fd7b2",
	"46989016-ac5e-4cb2-b836-3d5d774ef222");
INSERT INTO V_VAL
	VALUES ("547734b7-d0ff-46ea-b067-e479b94c256e",
	0,
	0,
	13,
	13,
	-1,
	13,
	28,
	13,
	90,
	"bd43dc09-3be2-4ae8-806d-bedb08b1e03c",
	"6b8f78db-35df-463d-a8b2-3896462adf9a");
INSERT INTO V_TRV
	VALUES ("547734b7-d0ff-46ea-b067-e479b94c256e",
	"4607eedb-0ca4-43c8-aec8-28b9eb9efb11",
	"5fb93b67-05e6-42d7-9b28-5bca6e277efb",
	1,
	0,
	0);
INSERT INTO V_VAL
	VALUES ("0230651d-e27f-4f0b-afcd-3671ada2d71d",
	0,
	0,
	13,
	46,
	-1,
	0,
	0,
	0,
	0,
	"ba5eda7a-def5-0000-0000-000000000010",
	"6b8f78db-35df-463d-a8b2-3896462adf9a");
INSERT INTO V_TRV
	VALUES ("0230651d-e27f-4f0b-afcd-3671ada2d71d",
	"1f8ef3ba-9fc3-4d16-9f6c-2174a21ee4ac",
	"e66be9b1-815a-4cbf-938e-c38fea91388b",
	1,
	0,
	0);
INSERT INTO V_PAR
	VALUES ("0230651d-e27f-4f0b-afcd-3671ada2d71d",
	"00000000-0000-0000-0000-000000000000",
	"547734b7-d0ff-46ea-b067-e479b94c256e",
	'fromDate',
	"d32c5105-ab26-4677-ba69-3caaa731c3f8",
	13,
	28);
INSERT INTO V_VAL
	VALUES ("d32c5105-ab26-4677-ba69-3caaa731c3f8",
	0,
	0,
	13,
	77,
	-1,
	0,
	0,
	0,
	0,
	"ba5eda7a-def5-0000-0000-000000000010",
	"6b8f78db-35df-463d-a8b2-3896462adf9a");
INSERT INTO V_TRV
	VALUES ("d32c5105-ab26-4677-ba69-3caaa731c3f8",
	"7503e4da-392a-4558-818f-2a672534716b",
	"e66be9b1-815a-4cbf-938e-c38fea91388b",
	1,
	0,
	0);
INSERT INTO V_PAR
	VALUES ("d32c5105-ab26-4677-ba69-3caaa731c3f8",
	"00000000-0000-0000-0000-000000000000",
	"547734b7-d0ff-46ea-b067-e479b94c256e",
	'toDate',
	"9ab5c06b-ad91-4958-8715-ab72660139bf",
	13,
	61);
INSERT INTO V_VAL
	VALUES ("a4ce32f8-ea78-4ae1-bdac-e01f952f5323",
	0,
	0,
	13,
	103,
	104,
	0,
	0,
	0,
	0,
	"99dc6d1a-909c-4bcb-a5b6-04d65b974e90",
	"6b8f78db-35df-463d-a8b2-3896462adf9a");
INSERT INTO V_IRF
	VALUES ("a4ce32f8-ea78-4ae1-bdac-e01f952f5323",
	"48c21c10-3e44-438a-acc5-d951370f1832");
INSERT INTO V_VAL
	VALUES ("9ab5c06b-ad91-4958-8715-ab72660139bf",
	0,
	0,
	13,
	106,
	107,
	0,
	0,
	0,
	0,
	"ba5eda7a-def5-0000-0000-000000000002",
	"6b8f78db-35df-463d-a8b2-3896462adf9a");
INSERT INTO V_AVL
	VALUES ("9ab5c06b-ad91-4958-8715-ab72660139bf",
	"a4ce32f8-ea78-4ae1-bdac-e01f952f5323",
	"bafdc953-1881-43a3-a5f1-9dcc7e2d60c3",
	"c7050232-2f33-4247-8fc7-4866e3c7280d");
INSERT INTO V_PAR
	VALUES ("9ab5c06b-ad91-4958-8715-ab72660139bf",
	"00000000-0000-0000-0000-000000000000",
	"547734b7-d0ff-46ea-b067-e479b94c256e",
	'facilityType',
	"00000000-0000-0000-0000-000000000000",
	13,
	90);
INSERT INTO V_VAL
	VALUES ("7da96745-16a3-4cba-aa72-e32e126dd533",
	0,
	0,
	14,
	26,
	67,
	0,
	0,
	0,
	0,
	"ba5eda7a-def5-0000-0000-000000000004",
	"6b8f78db-35df-463d-a8b2-3896462adf9a");
INSERT INTO V_LST
	VALUES ("7da96745-16a3-4cba-aa72-e32e126dd533",
	'H: BusyClassMachine: after serachFacility');
INSERT INTO V_PAR
	VALUES ("7da96745-16a3-4cba-aa72-e32e126dd533",
	"517701ab-ef89-48af-9865-f15ef3e3dd8d",
	"00000000-0000-0000-0000-000000000000",
	'message',
	"00000000-0000-0000-0000-000000000000",
	14,
	17);
INSERT INTO V_VAL
	VALUES ("5465bac2-ea0c-4937-a0c3-f4316db4be6e",
	0,
	0,
	15,
	16,
	16,
	0,
	0,
	0,
	0,
	"bd43dc09-3be2-4ae8-806d-bedb08b1e03c",
	"6b8f78db-35df-463d-a8b2-3896462adf9a");
INSERT INTO V_IRF
	VALUES ("5465bac2-ea0c-4937-a0c3-f4316db4be6e",
	"46989016-ac5e-4cb2-b836-3d5d774ef222");
INSERT INTO V_VAL
	VALUES ("93e1c13b-e9fa-4022-95aa-f1a8a8f743c7",
	0,
	0,
	-1,
	-1,
	-1,
	0,
	0,
	0,
	0,
	"ba5eda7a-def5-0000-0000-000000000001",
	"6b8f78db-35df-463d-a8b2-3896462adf9a");
INSERT INTO V_UNY
	VALUES ("93e1c13b-e9fa-4022-95aa-f1a8a8f743c7",
	"5465bac2-ea0c-4937-a0c3-f4316db4be6e",
	'not_empty');
INSERT INTO V_VAR
	VALUES ("e66be9b1-815a-4cbf-938e-c38fea91388b",
	"6b8f78db-35df-463d-a8b2-3896462adf9a",
	'booking',
	1,
	"433f7688-7b95-4f9c-89f1-cf076d691ab7");
INSERT INTO V_INT
	VALUES ("e66be9b1-815a-4cbf-938e-c38fea91388b",
	0,
	"9a41fe9e-f547-4cde-b68d-f7db43c904dc");
INSERT INTO V_LOC
	VALUES ("c2b218f3-835f-4f57-b477-d0d564b474bb",
	9,
	14,
	20,
	"e66be9b1-815a-4cbf-938e-c38fea91388b");
INSERT INTO V_LOC
	VALUES ("b937d5e4-225c-4fa6-bda0-185caf3a5d32",
	13,
	38,
	44,
	"e66be9b1-815a-4cbf-938e-c38fea91388b");
INSERT INTO V_LOC
	VALUES ("fb16a5d3-f778-4728-a3dd-a7fc9ba3a869",
	13,
	69,
	75,
	"e66be9b1-815a-4cbf-938e-c38fea91388b");
INSERT INTO V_LOC
	VALUES ("a670e198-4fe6-41af-b731-5a7583a53ed6",
	18,
	16,
	22,
	"e66be9b1-815a-4cbf-938e-c38fea91388b");
INSERT INTO V_LOC
	VALUES ("8f91d750-852d-4938-925b-be4e7cf79d11",
	19,
	17,
	23,
	"e66be9b1-815a-4cbf-938e-c38fea91388b");
INSERT INTO V_LOC
	VALUES ("6cff84a2-fd50-43a2-ad81-c1390253bcee",
	21,
	12,
	18,
	"e66be9b1-815a-4cbf-938e-c38fea91388b");
INSERT INTO V_VAR
	VALUES ("46989016-ac5e-4cb2-b836-3d5d774ef222",
	"6b8f78db-35df-463d-a8b2-3896462adf9a",
	'f',
	1,
	"bd43dc09-3be2-4ae8-806d-bedb08b1e03c");
INSERT INTO V_INT
	VALUES ("46989016-ac5e-4cb2-b836-3d5d774ef222",
	0,
	"4b839513-bd70-4d73-85ed-c06b10ee091a");
INSERT INTO V_LOC
	VALUES ("90ab7a1b-b488-4572-8374-5c2ffad0b82f",
	13,
	3,
	3,
	"46989016-ac5e-4cb2-b836-3d5d774ef222");
INSERT INTO V_LOC
	VALUES ("c5a7b018-4728-4a5e-9ca6-6c80528fa7e2",
	17,
	27,
	27,
	"46989016-ac5e-4cb2-b836-3d5d774ef222");
INSERT INTO V_LOC
	VALUES ("41f2cf22-d8c9-4b2a-b9aa-2d4f68b5c5b0",
	19,
	12,
	12,
	"46989016-ac5e-4cb2-b836-3d5d774ef222");
INSERT INTO ACT_BLK
	VALUES ("fc0d3ac2-0e9e-49c3-bbe2-8df8e2c38f3e",
	1,
	0,
	0,
	'BookingProvider',
	'',
	'',
	23,
	5,
	23,
	10,
	0,
	0,
	21,
	39,
	0,
	0,
	0,
	0,
	0,
	"fbb4dfc1-da08-4963-b7c5-7a407ebc6e6b",
	"00000000-0000-0000-0000-000000000000");
INSERT INTO ACT_SMT
	VALUES ("d9374bc2-a7b8-4f7b-b83f-8652d6b95880",
	"fc0d3ac2-0e9e-49c3-bbe2-8df8e2c38f3e",
	"e82a1111-f652-4a4c-b348-868d3c6c69da",
	16,
	4,
	'BookingSession::Busy line: 16');
INSERT INTO ACT_BRG
	VALUES ("d9374bc2-a7b8-4f7b-b83f-8652d6b95880",
	"768e1cca-7403-495c-9b22-afd11a473eb6",
	16,
	9,
	16,
	4);
INSERT INTO ACT_SMT
	VALUES ("e82a1111-f652-4a4c-b348-868d3c6c69da",
	"fc0d3ac2-0e9e-49c3-bbe2-8df8e2c38f3e",
	"222e25e1-4b4c-4b3c-a600-4bfb462f23a6",
	17,
	5,
	'BookingSession::Busy line: 17');
INSERT INTO ACT_AI
	VALUES ("e82a1111-f652-4a4c-b348-868d3c6c69da",
	"0008790c-33a1-47dd-8cd1-9be0a339a3c7",
	"7427ebaa-1b08-4ed3-8f69-d84303cd990e",
	0,
	0);
INSERT INTO ACT_SMT
	VALUES ("222e25e1-4b4c-4b3c-a600-4bfb462f23a6",
	"fc0d3ac2-0e9e-49c3-bbe2-8df8e2c38f3e",
	"23e2ddc8-6634-46a6-b896-52400059bf75",
	18,
	5,
	'BookingSession::Busy line: 18');
INSERT INTO ACT_SEL
	VALUES ("222e25e1-4b4c-4b3c-a600-4bfb462f23a6",
	"e66be9b1-815a-4cbf-938e-c38fea91388b",
	0,
	'one',
	"e9ad306e-caab-47cd-aa78-90ba15a740ae");
INSERT INTO ACT_SR
	VALUES ("222e25e1-4b4c-4b3c-a600-4bfb462f23a6");
INSERT INTO ACT_LNK
	VALUES ("8c52a427-18b1-47f7-9bb3-1e7dfd2ff738",
	'',
	"222e25e1-4b4c-4b3c-a600-4bfb462f23a6",
	"a30fd0d6-3586-438e-8d6d-b3d3b14c0f03",
	"00000000-0000-0000-0000-000000000000",
	2,
	"9a41fe9e-f547-4cde-b68d-f7db43c904dc",
	18,
	44,
	18,
	52,
	0,
	0);
INSERT INTO ACT_SMT
	VALUES ("23e2ddc8-6634-46a6-b896-52400059bf75",
	"fc0d3ac2-0e9e-49c3-bbe2-8df8e2c38f3e",
	"0c15c587-85a1-4d84-a166-5ca4684cf045",
	19,
	5,
	'BookingSession::Busy line: 19');
INSERT INTO ACT_REL
	VALUES ("23e2ddc8-6634-46a6-b896-52400059bf75",
	"46989016-ac5e-4cb2-b836-3d5d774ef222",
	"e66be9b1-815a-4cbf-938e-c38fea91388b",
	'',
	"67bafe36-3499-4032-89f0-72889662bcf2",
	19,
	32,
	0,
	0);
INSERT INTO ACT_SMT
	VALUES ("0c15c587-85a1-4d84-a166-5ca4684cf045",
	"fc0d3ac2-0e9e-49c3-bbe2-8df8e2c38f3e",
	"3baba9b2-f43f-481f-9b3f-1a322b9c22f4",
	20,
	5,
	'BookingSession::Busy line: 20');
INSERT INTO ACT_SEL
	VALUES ("0c15c587-85a1-4d84-a166-5ca4684cf045",
	"a580fe53-35a0-49da-871a-18a76f492fb4",
	1,
	'one',
	"d9548cb3-580a-4b9c-b903-17e9f26f6037");
INSERT INTO ACT_SR
	VALUES ("0c15c587-85a1-4d84-a166-5ca4684cf045");
INSERT INTO ACT_LNK
	VALUES ("e8853a95-ba89-4040-b117-d6926e42ca26",
	'',
	"0c15c587-85a1-4d84-a166-5ca4684cf045",
	"861d98e9-8fb8-41c9-b775-c91333eaac35",
	"f8d6ba93-719d-47a9-8a59-6c9692e7a6d6",
	2,
	"bafdc953-1881-43a3-a5f1-9dcc7e2d60c3",
	20,
	39,
	20,
	52,
	0,
	0);
INSERT INTO ACT_LNK
	VALUES ("f8d6ba93-719d-47a9-8a59-6c9692e7a6d6",
	'',
	"00000000-0000-0000-0000-000000000000",
	"655f93cd-124d-4c1c-8fee-9a2f5468ffe1",
	"00000000-0000-0000-0000-000000000000",
	2,
	"803702ba-1594-4405-b96a-8c76b6ef1c69",
	20,
	57,
	20,
	66,
	0,
	0);
INSERT INTO ACT_SMT
	VALUES ("3baba9b2-f43f-481f-9b3f-1a322b9c22f4",
	"fc0d3ac2-0e9e-49c3-bbe2-8df8e2c38f3e",
	"bbba7570-740a-4aa3-b6c2-d1048eaddc94",
	21,
	5,
	'BookingSession::Busy line: 21');
INSERT INTO ACT_REL
	VALUES ("3baba9b2-f43f-481f-9b3f-1a322b9c22f4",
	"e66be9b1-815a-4cbf-938e-c38fea91388b",
	"a580fe53-35a0-49da-871a-18a76f492fb4",
	'',
	"7d508746-e918-4ced-820e-e5203f63e646",
	21,
	39,
	0,
	0);
INSERT INTO ACT_SMT
	VALUES ("bbba7570-740a-4aa3-b6c2-d1048eaddc94",
	"fc0d3ac2-0e9e-49c3-bbe2-8df8e2c38f3e",
	"4681d072-789d-4506-a406-8c172aa2f776",
	22,
	5,
	'BookingSession::Busy line: 22');
INSERT INTO ACT_BRG
	VALUES ("bbba7570-740a-4aa3-b6c2-d1048eaddc94",
	"768e1cca-7403-495c-9b22-afd11a473eb6",
	22,
	10,
	22,
	5);
INSERT INTO ACT_SMT
	VALUES ("4681d072-789d-4506-a406-8c172aa2f776",
	"fc0d3ac2-0e9e-49c3-bbe2-8df8e2c38f3e",
	"00000000-0000-0000-0000-000000000000",
	23,
	5,
	'BookingSession::Busy line: 23');
INSERT INTO ACT_SGN
	VALUES ("4681d072-789d-4506-a406-8c172aa2f776",
	23,
	27,
	23,
	10,
	"adf84adb-26cf-413b-bd98-e3ff7028bfbd",
	"00000000-0000-0000-0000-000000000000",
	"00000000-0000-0000-0000-000000000000");
INSERT INTO V_VAL
	VALUES ("035b231a-54cb-4c7c-a859-d175e074cedf",
	0,
	0,
	16,
	26,
	57,
	0,
	0,
	0,
	0,
	"ba5eda7a-def5-0000-0000-000000000004",
	"fc0d3ac2-0e9e-49c3-bbe2-8df8e2c38f3e");
INSERT INTO V_LST
	VALUES ("035b231a-54cb-4c7c-a859-d175e074cedf",
	'H: BusyClassMachine: found room');
INSERT INTO V_PAR
	VALUES ("035b231a-54cb-4c7c-a859-d175e074cedf",
	"d9374bc2-a7b8-4f7b-b83f-8652d6b95880",
	"00000000-0000-0000-0000-000000000000",
	'message',
	"00000000-0000-0000-0000-000000000000",
	16,
	17);
INSERT INTO V_VAL
	VALUES ("176aad08-a2f6-4b35-8914-edb1b5815d09",
	1,
	0,
	17,
	5,
	11,
	0,
	0,
	0,
	0,
	"ba5eda7a-def5-0000-0000-000000000008",
	"fc0d3ac2-0e9e-49c3-bbe2-8df8e2c38f3e");
INSERT INTO V_IRF
	VALUES ("176aad08-a2f6-4b35-8914-edb1b5815d09",
	"9d8c5563-2751-4fba-8441-4f44b30703ed");
INSERT INTO V_VAL
	VALUES ("7427ebaa-1b08-4ed3-8f69-d84303cd990e",
	1,
	0,
	17,
	13,
	23,
	0,
	0,
	0,
	0,
	"bd43dc09-3be2-4ae8-806d-bedb08b1e03c",
	"fc0d3ac2-0e9e-49c3-bbe2-8df8e2c38f3e");
INSERT INTO V_AVL
	VALUES ("7427ebaa-1b08-4ed3-8f69-d84303cd990e",
	"176aad08-a2f6-4b35-8914-edb1b5815d09",
	"7137c09d-ba0e-406b-b3b5-76bb3cc48f3d",
	"498195f4-1880-4554-8893-31dababdda26");
INSERT INTO V_VAL
	VALUES ("0008790c-33a1-47dd-8cd1-9be0a339a3c7",
	0,
	0,
	17,
	27,
	27,
	0,
	0,
	0,
	0,
	"bd43dc09-3be2-4ae8-806d-bedb08b1e03c",
	"fc0d3ac2-0e9e-49c3-bbe2-8df8e2c38f3e");
INSERT INTO V_IRF
	VALUES ("0008790c-33a1-47dd-8cd1-9be0a339a3c7",
	"46989016-ac5e-4cb2-b836-3d5d774ef222");
INSERT INTO V_VAL
	VALUES ("e9ad306e-caab-47cd-aa78-90ba15a740ae",
	0,
	0,
	18,
	35,
	41,
	0,
	0,
	0,
	0,
	"ba5eda7a-def5-0000-0000-000000000008",
	"fc0d3ac2-0e9e-49c3-bbe2-8df8e2c38f3e");
INSERT INTO V_IRF
	VALUES ("e9ad306e-caab-47cd-aa78-90ba15a740ae",
	"9d8c5563-2751-4fba-8441-4f44b30703ed");
INSERT INTO V_VAL
	VALUES ("d9548cb3-580a-4b9c-b903-17e9f26f6037",
	0,
	0,
	20,
	36,
	36,
	0,
	0,
	0,
	0,
	"bd43dc09-3be2-4ae8-806d-bedb08b1e03c",
	"fc0d3ac2-0e9e-49c3-bbe2-8df8e2c38f3e");
INSERT INTO V_IRF
	VALUES ("d9548cb3-580a-4b9c-b903-17e9f26f6037",
	"46989016-ac5e-4cb2-b836-3d5d774ef222");
INSERT INTO V_VAL
	VALUES ("5b58b3c2-d413-4efa-a613-19e103b20898",
	0,
	0,
	22,
	27,
	68,
	0,
	0,
	0,
	0,
	"ba5eda7a-def5-0000-0000-000000000004",
	"fc0d3ac2-0e9e-49c3-bbe2-8df8e2c38f3e");
INSERT INTO V_LST
	VALUES ("5b58b3c2-d413-4efa-a613-19e103b20898",
	'H: BusyClassMachine: Confirming facility.');
INSERT INTO V_PAR
	VALUES ("5b58b3c2-d413-4efa-a613-19e103b20898",
	"bbba7570-740a-4aa3-b6c2-d1048eaddc94",
	"00000000-0000-0000-0000-000000000000",
	'message',
	"00000000-0000-0000-0000-000000000000",
	22,
	18);
INSERT INTO V_VAL
	VALUES ("1561f686-0b31-4c5a-9b3d-0e99f776c217",
	0,
	0,
	23,
	50,
	97,
	0,
	0,
	0,
	0,
	"ba5eda7a-def5-0000-0000-000000000004",
	"fc0d3ac2-0e9e-49c3-bbe2-8df8e2c38f3e");
INSERT INTO V_LST
	VALUES ("1561f686-0b31-4c5a-9b3d-0e99f776c217",
	'H: BusyClassMachine signal: Confirming facility');
INSERT INTO V_PAR
	VALUES ("1561f686-0b31-4c5a-9b3d-0e99f776c217",
	"4681d072-789d-4506-a406-8c172aa2f776",
	"00000000-0000-0000-0000-000000000000",
	'message',
	"62ee4026-8451-4513-bbce-fb522d2d523d",
	23,
	41);
INSERT INTO V_VAL
	VALUES ("37f3a54e-3201-49f5-bf7d-ad8fdc6dc4a0",
	0,
	0,
	24,
	25,
	31,
	0,
	0,
	0,
	0,
	"ba5eda7a-def5-0000-0000-000000000008",
	"fc0d3ac2-0e9e-49c3-bbe2-8df8e2c38f3e");
INSERT INTO V_IRF
	VALUES ("37f3a54e-3201-49f5-bf7d-ad8fdc6dc4a0",
	"9d8c5563-2751-4fba-8441-4f44b30703ed");
INSERT INTO V_VAL
	VALUES ("62ee4026-8451-4513-bbce-fb522d2d523d",
	0,
	0,
	24,
	33,
	34,
	0,
	0,
	0,
	0,
	"ba5eda7a-def5-0000-0000-000000000005",
	"fc0d3ac2-0e9e-49c3-bbe2-8df8e2c38f3e");
INSERT INTO V_AVL
	VALUES ("62ee4026-8451-4513-bbce-fb522d2d523d",
	"37f3a54e-3201-49f5-bf7d-ad8fdc6dc4a0",
	"7137c09d-ba0e-406b-b3b5-76bb3cc48f3d",
	"df46d3b5-7060-4611-8908-d535d035865a");
INSERT INTO V_PAR
	VALUES ("62ee4026-8451-4513-bbce-fb522d2d523d",
	"4681d072-789d-4506-a406-8c172aa2f776",
	"00000000-0000-0000-0000-000000000000",
	'sessionID',
	"00000000-0000-0000-0000-000000000000",
	24,
	14);
INSERT INTO V_VAR
	VALUES ("a580fe53-35a0-49da-871a-18a76f492fb4",
	"fc0d3ac2-0e9e-49c3-bbe2-8df8e2c38f3e",
	'bookable',
	1,
	"bdce89ef-72f6-4386-ba13-b2d926836c80");
INSERT INTO V_INT
	VALUES ("a580fe53-35a0-49da-871a-18a76f492fb4",
	0,
	"803702ba-1594-4405-b96a-8c76b6ef1c69");
INSERT INTO V_LOC
	VALUES ("e4429b4c-5d49-4af8-9f29-879398eca576",
	20,
	16,
	23,
	"a580fe53-35a0-49da-871a-18a76f492fb4");
INSERT INTO V_LOC
	VALUES ("67228b10-2663-412a-8198-32826e61f9f3",
	21,
	23,
	30,
	"a580fe53-35a0-49da-871a-18a76f492fb4");
INSERT INTO ACT_BLK
	VALUES ("22fdc3ba-e175-4f2a-aabc-94c0bddb83ac",
	0,
	0,
	0,
	'LOG',
	'',
	'',
	29,
	4,
	29,
	4,
	0,
	0,
	0,
	0,
	0,
	0,
	0,
	0,
	0,
	"fbb4dfc1-da08-4963-b7c5-7a407ebc6e6b",
	"00000000-0000-0000-0000-000000000000");
INSERT INTO ACT_SMT
	VALUES ("5b828e80-9ef6-45bb-ac78-53d59eb3e032",
	"22fdc3ba-e175-4f2a-aabc-94c0bddb83ac",
	"103da8fe-b131-4ea0-8827-67dfc9f7ce62",
	27,
	4,
	'BookingSession::Busy line: 27');
INSERT INTO ACT_SGN
	VALUES ("5b828e80-9ef6-45bb-ac78-53d59eb3e032",
	27,
	26,
	27,
	9,
	"6752f1fb-4d87-4e38-a4d2-a76b30240df9",
	"00000000-0000-0000-0000-000000000000",
	"00000000-0000-0000-0000-000000000000");
INSERT INTO ACT_SMT
	VALUES ("103da8fe-b131-4ea0-8827-67dfc9f7ce62",
	"22fdc3ba-e175-4f2a-aabc-94c0bddb83ac",
	"00000000-0000-0000-0000-000000000000",
	29,
	4,
	'BookingSession::Busy line: 29');
INSERT INTO ACT_BRG
	VALUES ("103da8fe-b131-4ea0-8827-67dfc9f7ce62",
	"768e1cca-7403-495c-9b22-afd11a473eb6",
	29,
	9,
	29,
	4);
INSERT INTO V_VAL
	VALUES ("ac76ca20-12fd-4af4-bf3f-9c268978a217",
	0,
	0,
	27,
	48,
	105,
	0,
	0,
	0,
	0,
	"ba5eda7a-def5-0000-0000-000000000004",
	"22fdc3ba-e175-4f2a-aabc-94c0bddb83ac");
INSERT INTO V_LST
	VALUES ("ac76ca20-12fd-4af4-bf3f-9c268978a217",
	'H: BusyClassMachine signal: Could not find any facilities');
INSERT INTO V_PAR
	VALUES ("ac76ca20-12fd-4af4-bf3f-9c268978a217",
	"5b828e80-9ef6-45bb-ac78-53d59eb3e032",
	"00000000-0000-0000-0000-000000000000",
	'message',
	"2d2424ab-2835-4b7b-aec5-694de4fc22f4",
	27,
	39);
INSERT INTO V_VAL
	VALUES ("d1e61407-8ecb-427a-8873-0b6599d48e1c",
	0,
	0,
	28,
	22,
	28,
	0,
	0,
	0,
	0,
	"ba5eda7a-def5-0000-0000-000000000008",
	"22fdc3ba-e175-4f2a-aabc-94c0bddb83ac");
INSERT INTO V_IRF
	VALUES ("d1e61407-8ecb-427a-8873-0b6599d48e1c",
	"9d8c5563-2751-4fba-8441-4f44b30703ed");
INSERT INTO V_VAL
	VALUES ("2d2424ab-2835-4b7b-aec5-694de4fc22f4",
	0,
	0,
	28,
	30,
	31,
	0,
	0,
	0,
	0,
	"ba5eda7a-def5-0000-0000-000000000005",
	"22fdc3ba-e175-4f2a-aabc-94c0bddb83ac");
INSERT INTO V_AVL
	VALUES ("2d2424ab-2835-4b7b-aec5-694de4fc22f4",
	"d1e61407-8ecb-427a-8873-0b6599d48e1c",
	"7137c09d-ba0e-406b-b3b5-76bb3cc48f3d",
	"df46d3b5-7060-4611-8908-d535d035865a");
INSERT INTO V_PAR
	VALUES ("2d2424ab-2835-4b7b-aec5-694de4fc22f4",
	"5b828e80-9ef6-45bb-ac78-53d59eb3e032",
	"00000000-0000-0000-0000-000000000000",
	'sessionID',
	"00000000-0000-0000-0000-000000000000",
	28,
	12);
INSERT INTO V_VAL
	VALUES ("f0b0c1b2-3eec-4076-8c46-4b39b43edffc",
	0,
	0,
	29,
	26,
	71,
	0,
	0,
	0,
	0,
	"ba5eda7a-def5-0000-0000-000000000004",
	"22fdc3ba-e175-4f2a-aabc-94c0bddb83ac");
INSERT INTO V_LST
	VALUES ("f0b0c1b2-3eec-4076-8c46-4b39b43edffc",
	'H: BusyClassMachine: Could not find facility.');
INSERT INTO V_PAR
	VALUES ("f0b0c1b2-3eec-4076-8c46-4b39b43edffc",
	"103da8fe-b131-4ea0-8827-67dfc9f7ce62",
	"00000000-0000-0000-0000-000000000000",
	'message',
	"00000000-0000-0000-0000-000000000000",
	29,
	17);
INSERT INTO ACT_BLK
	VALUES ("31a0ba96-67b7-49f2-8bc2-e0617679783b",
	0,
	0,
	0,
	'LOG',
	'',
	'',
	34,
	3,
	34,
	3,
	0,
	0,
	0,
	0,
	0,
	0,
	0,
	0,
	0,
	"fbb4dfc1-da08-4963-b7c5-7a407ebc6e6b",
	"00000000-0000-0000-0000-000000000000");
INSERT INTO ACT_SMT
	VALUES ("d9c7c23a-2eed-4ad3-b4d9-66556485eed5",
	"31a0ba96-67b7-49f2-8bc2-e0617679783b",
	"0f4d1399-d7a8-422f-96d1-911cd6c99c01",
	32,
	3,
	'BookingSession::Busy line: 32');
INSERT INTO ACT_SGN
	VALUES ("d9c7c23a-2eed-4ad3-b4d9-66556485eed5",
	32,
	25,
	32,
	8,
	"6752f1fb-4d87-4e38-a4d2-a76b30240df9",
	"00000000-0000-0000-0000-000000000000",
	"00000000-0000-0000-0000-000000000000");
INSERT INTO ACT_SMT
	VALUES ("0f4d1399-d7a8-422f-96d1-911cd6c99c01",
	"31a0ba96-67b7-49f2-8bc2-e0617679783b",
	"00000000-0000-0000-0000-000000000000",
	34,
	3,
	'BookingSession::Busy line: 34');
INSERT INTO ACT_BRG
	VALUES ("0f4d1399-d7a8-422f-96d1-911cd6c99c01",
	"768e1cca-7403-495c-9b22-afd11a473eb6",
	34,
	8,
	34,
	3);
INSERT INTO V_VAL
	VALUES ("703537de-9e89-490d-93ab-ec12e4b6283b",
	0,
	0,
	32,
	47,
	112,
	0,
	0,
	0,
	0,
	"ba5eda7a-def5-0000-0000-000000000004",
	"31a0ba96-67b7-49f2-8bc2-e0617679783b");
INSERT INTO V_LST
	VALUES ("703537de-9e89-490d-93ab-ec12e4b6283b",
	'H: BusyClassMachine signal: Could not find selected facility type');
INSERT INTO V_PAR
	VALUES ("703537de-9e89-490d-93ab-ec12e4b6283b",
	"d9c7c23a-2eed-4ad3-b4d9-66556485eed5",
	"00000000-0000-0000-0000-000000000000",
	'message',
	"c755d676-ec8c-4e0a-8f11-2fd22fe4b898",
	32,
	38);
INSERT INTO V_VAL
	VALUES ("e8010620-6f1e-4722-ba7f-a3abe4ec9835",
	0,
	0,
	33,
	22,
	28,
	0,
	0,
	0,
	0,
	"ba5eda7a-def5-0000-0000-000000000008",
	"31a0ba96-67b7-49f2-8bc2-e0617679783b");
INSERT INTO V_IRF
	VALUES ("e8010620-6f1e-4722-ba7f-a3abe4ec9835",
	"9d8c5563-2751-4fba-8441-4f44b30703ed");
INSERT INTO V_VAL
	VALUES ("c755d676-ec8c-4e0a-8f11-2fd22fe4b898",
	0,
	0,
	33,
	30,
	31,
	0,
	0,
	0,
	0,
	"ba5eda7a-def5-0000-0000-000000000005",
	"31a0ba96-67b7-49f2-8bc2-e0617679783b");
INSERT INTO V_AVL
	VALUES ("c755d676-ec8c-4e0a-8f11-2fd22fe4b898",
	"e8010620-6f1e-4722-ba7f-a3abe4ec9835",
	"7137c09d-ba0e-406b-b3b5-76bb3cc48f3d",
	"df46d3b5-7060-4611-8908-d535d035865a");
INSERT INTO V_PAR
	VALUES ("c755d676-ec8c-4e0a-8f11-2fd22fe4b898",
	"d9c7c23a-2eed-4ad3-b4d9-66556485eed5",
	"00000000-0000-0000-0000-000000000000",
	'sessionID',
	"00000000-0000-0000-0000-000000000000",
	33,
	12);
INSERT INTO V_VAL
	VALUES ("3f4a4d98-8565-4191-a50a-dd93ffebb79b",
	0,
	0,
	34,
	25,
	75,
	0,
	0,
	0,
	0,
	"ba5eda7a-def5-0000-0000-000000000004",
	"31a0ba96-67b7-49f2-8bc2-e0617679783b");
INSERT INTO V_LST
	VALUES ("3f4a4d98-8565-4191-a50a-dd93ffebb79b",
	'H: BusyClassMachine: Could not find facility type.');
INSERT INTO V_PAR
	VALUES ("3f4a4d98-8565-4191-a50a-dd93ffebb79b",
	"0f4d1399-d7a8-422f-96d1-911cd6c99c01",
	"00000000-0000-0000-0000-000000000000",
	'message',
	"00000000-0000-0000-0000-000000000000",
	34,
	16);
INSERT INTO ACT_BLK
	VALUES ("252e4186-6b23-4954-9d3b-523f94e3c1e7",
	0,
	0,
	0,
	'LOG',
	'',
	'',
	39,
	2,
	39,
	2,
	0,
	0,
	0,
	0,
	0,
	0,
	0,
	0,
	0,
	"fbb4dfc1-da08-4963-b7c5-7a407ebc6e6b",
	"00000000-0000-0000-0000-000000000000");
INSERT INTO ACT_SMT
	VALUES ("7d1fc290-b137-4304-956e-7f88dca475aa",
	"252e4186-6b23-4954-9d3b-523f94e3c1e7",
	"7c5c92cc-51fd-47ea-8e5c-0d0bcb4af5b5",
	37,
	2,
	'BookingSession::Busy line: 37');
INSERT INTO ACT_SGN
	VALUES ("7d1fc290-b137-4304-956e-7f88dca475aa",
	37,
	24,
	37,
	7,
	"6752f1fb-4d87-4e38-a4d2-a76b30240df9",
	"00000000-0000-0000-0000-000000000000",
	"00000000-0000-0000-0000-000000000000");
INSERT INTO ACT_SMT
	VALUES ("7c5c92cc-51fd-47ea-8e5c-0d0bcb4af5b5",
	"252e4186-6b23-4954-9d3b-523f94e3c1e7",
	"00000000-0000-0000-0000-000000000000",
	39,
	2,
	'BookingSession::Busy line: 39');
INSERT INTO ACT_BRG
	VALUES ("7c5c92cc-51fd-47ea-8e5c-0d0bcb4af5b5",
	"768e1cca-7403-495c-9b22-afd11a473eb6",
	39,
	7,
	39,
	2);
INSERT INTO V_VAL
	VALUES ("291300f0-b7b4-4be6-888d-7586e8f51a81",
	0,
	0,
	37,
	46,
	84,
	0,
	0,
	0,
	0,
	"ba5eda7a-def5-0000-0000-000000000004",
	"252e4186-6b23-4954-9d3b-523f94e3c1e7");
INSERT INTO V_LST
	VALUES ("291300f0-b7b4-4be6-888d-7586e8f51a81",
	'H: selectted signal: Session not found');
INSERT INTO V_PAR
	VALUES ("291300f0-b7b4-4be6-888d-7586e8f51a81",
	"7d1fc290-b137-4304-956e-7f88dca475aa",
	"00000000-0000-0000-0000-000000000000",
	'message',
	"a30100ce-f96c-4795-b864-18248e867c16",
	37,
	37);
INSERT INTO V_VAL
	VALUES ("1c250ece-8ca8-4608-a8d0-2fa34a599126",
	0,
	0,
	38,
	22,
	28,
	0,
	0,
	0,
	0,
	"ba5eda7a-def5-0000-0000-000000000008",
	"252e4186-6b23-4954-9d3b-523f94e3c1e7");
INSERT INTO V_IRF
	VALUES ("1c250ece-8ca8-4608-a8d0-2fa34a599126",
	"9d8c5563-2751-4fba-8441-4f44b30703ed");
INSERT INTO V_VAL
	VALUES ("a30100ce-f96c-4795-b864-18248e867c16",
	0,
	0,
	38,
	30,
	31,
	0,
	0,
	0,
	0,
	"ba5eda7a-def5-0000-0000-000000000005",
	"252e4186-6b23-4954-9d3b-523f94e3c1e7");
INSERT INTO V_AVL
	VALUES ("a30100ce-f96c-4795-b864-18248e867c16",
	"1c250ece-8ca8-4608-a8d0-2fa34a599126",
	"7137c09d-ba0e-406b-b3b5-76bb3cc48f3d",
	"df46d3b5-7060-4611-8908-d535d035865a");
INSERT INTO V_PAR
	VALUES ("a30100ce-f96c-4795-b864-18248e867c16",
	"7d1fc290-b137-4304-956e-7f88dca475aa",
	"00000000-0000-0000-0000-000000000000",
	'sessionID',
	"00000000-0000-0000-0000-000000000000",
	38,
	12);
INSERT INTO V_VAL
	VALUES ("cf2a8847-34f9-4ddf-878b-0befee4e09e3",
	0,
	0,
	39,
	24,
	67,
	0,
	0,
	0,
	0,
	"ba5eda7a-def5-0000-0000-000000000004",
	"252e4186-6b23-4954-9d3b-523f94e3c1e7");
INSERT INTO V_LST
	VALUES ("cf2a8847-34f9-4ddf-878b-0befee4e09e3",
	'H: BusyClassMachine: Could not find session');
INSERT INTO V_PAR
	VALUES ("cf2a8847-34f9-4ddf-878b-0befee4e09e3",
	"7c5c92cc-51fd-47ea-8e5c-0d0bcb4af5b5",
	"00000000-0000-0000-0000-000000000000",
	'message',
	"00000000-0000-0000-0000-000000000000",
	39,
	15);
INSERT INTO SM_STATE
	VALUES ("f6faa9eb-cd8a-4f60-b313-d7654d30a38d",
	"1cceaf51-6f2a-4dbc-806e-afb09371f60a",
	"00000000-0000-0000-0000-000000000000",
	'ProcessQueue',
	3,
	0);
INSERT INTO SM_EIGN
	VALUES ("f6faa9eb-cd8a-4f60-b313-d7654d30a38d",
	"91b14f42-b9c7-401c-8dad-0d88e6c2ba0c",
	"1cceaf51-6f2a-4dbc-806e-afb09371f60a",
	"00000000-0000-0000-0000-000000000000",
	'');
INSERT INTO SM_SEME
	VALUES ("f6faa9eb-cd8a-4f60-b313-d7654d30a38d",
	"91b14f42-b9c7-401c-8dad-0d88e6c2ba0c",
	"1cceaf51-6f2a-4dbc-806e-afb09371f60a",
	"00000000-0000-0000-0000-000000000000");
INSERT INTO SM_CH
	VALUES ("f6faa9eb-cd8a-4f60-b313-d7654d30a38d",
	"957a8f2b-b171-4d7b-92a8-9c4f1d0870f5",
	"1cceaf51-6f2a-4dbc-806e-afb09371f60a",
	"00000000-0000-0000-0000-000000000000",
	'');
INSERT INTO SM_SEME
	VALUES ("f6faa9eb-cd8a-4f60-b313-d7654d30a38d",
	"957a8f2b-b171-4d7b-92a8-9c4f1d0870f5",
	"1cceaf51-6f2a-4dbc-806e-afb09371f60a",
	"00000000-0000-0000-0000-000000000000");
INSERT INTO SM_SEME
	VALUES ("f6faa9eb-cd8a-4f60-b313-d7654d30a38d",
	"4927df2d-53f9-4b3e-9e89-a065ca066ef9",
	"1cceaf51-6f2a-4dbc-806e-afb09371f60a",
	"00000000-0000-0000-0000-000000000000");
INSERT INTO SM_SEME
	VALUES ("f6faa9eb-cd8a-4f60-b313-d7654d30a38d",
	"f69097d8-0a45-46f4-abe8-c55668a9bc22",
	"1cceaf51-6f2a-4dbc-806e-afb09371f60a",
	"00000000-0000-0000-0000-000000000000");
INSERT INTO SM_MOAH
	VALUES ("a0b6bee9-23b9-4603-ac71-cbee673957c8",
	"1cceaf51-6f2a-4dbc-806e-afb09371f60a",
	"f6faa9eb-cd8a-4f60-b313-d7654d30a38d");
INSERT INTO SM_AH
	VALUES ("a0b6bee9-23b9-4603-ac71-cbee673957c8",
	"1cceaf51-6f2a-4dbc-806e-afb09371f60a");
INSERT INTO SM_ACT
	VALUES ("a0b6bee9-23b9-4603-ac71-cbee673957c8",
	"1cceaf51-6f2a-4dbc-806e-afb09371f60a",
	1,
	'select any session from instances of BOOKINGSESSION where selected.waiting == true;

if(not_empty session)
	session.waiting = false;
	generate BOOKINGSESSION_A5:taskFoundEvent(sessionID:session.ID) to BOOKINGSESSION class;
else
	generate BOOKINGSESSION_A4:emptyQueueEvent() to BOOKINGSESSION class;
end if;',
	'');
INSERT INTO ACT_SAB
	VALUES ("35ef3933-70b0-4e52-afeb-4f3e9694ab27",
	"1cceaf51-6f2a-4dbc-806e-afb09371f60a",
	"a0b6bee9-23b9-4603-ac71-cbee673957c8");
INSERT INTO ACT_ACT
	VALUES ("35ef3933-70b0-4e52-afeb-4f3e9694ab27",
	'class state',
	0,
	"bdae0c6a-4309-41a4-bad9-ae695d4ac703",
	"00000000-0000-0000-0000-000000000000",
	0,
	'BookingSession::ProcessQueue',
	"00000000-0000-0000-0000-000000000000");
INSERT INTO ACT_BLK
	VALUES ("bdae0c6a-4309-41a4-bad9-ae695d4ac703",
	1,
	0,
	1,
	'',
	'',
	'',
	6,
	1,
	1,
	38,
	0,
	0,
	0,
	0,
	0,
	0,
	0,
	0,
	0,
	"35ef3933-70b0-4e52-afeb-4f3e9694ab27",
	"00000000-0000-0000-0000-000000000000");
INSERT INTO ACT_SMT
	VALUES ("d390d325-5080-4a81-b564-d5d6603ea284",
	"bdae0c6a-4309-41a4-bad9-ae695d4ac703",
	"ef695c3a-99a8-4bf4-94f3-9eee5917ec76",
	1,
	1,
	'BookingSession::ProcessQueue line: 1');
INSERT INTO ACT_FIW
	VALUES ("d390d325-5080-4a81-b564-d5d6603ea284",
	"77bc77a9-d033-4ff8-98b8-cde5de64cadd",
	1,
	'any',
	"711c4d89-7325-45f0-b673-df729e55e4ad",
	"7137c09d-ba0e-406b-b3b5-76bb3cc48f3d",
	1,
	38);
INSERT INTO ACT_SMT
	VALUES ("ef695c3a-99a8-4bf4-94f3-9eee5917ec76",
	"bdae0c6a-4309-41a4-bad9-ae695d4ac703",
	"00000000-0000-0000-0000-000000000000",
	3,
	1,
	'BookingSession::ProcessQueue line: 3');
INSERT INTO ACT_IF
	VALUES ("ef695c3a-99a8-4bf4-94f3-9eee5917ec76",
	"b4e4d426-80f1-4736-8ff6-dcce2fd89d74",
	"347b0119-0c44-4459-9d0f-2b77909b4c22",
	"00000000-0000-0000-0000-000000000000",
	"00000000-0000-0000-0000-000000000000");
INSERT INTO ACT_SMT
	VALUES ("26ae236a-c577-4024-aae4-cfd3b80d41ee",
	"bdae0c6a-4309-41a4-bad9-ae695d4ac703",
	"00000000-0000-0000-0000-000000000000",
	6,
	1,
	'BookingSession::ProcessQueue line: 6');
INSERT INTO ACT_E
	VALUES ("26ae236a-c577-4024-aae4-cfd3b80d41ee",
	"050656e5-a3b9-4cda-8f56-52f82cd8944d",
	"ef695c3a-99a8-4bf4-94f3-9eee5917ec76");
INSERT INTO V_VAL
	VALUES ("35ac5e70-fa91-4257-a010-ab08672285ed",
	0,
	0,
	1,
	59,
	-1,
	0,
	0,
	0,
	0,
	"ba5eda7a-def5-0000-0000-000000000008",
	"bdae0c6a-4309-41a4-bad9-ae695d4ac703");
INSERT INTO V_SLR
	VALUES ("35ac5e70-fa91-4257-a010-ab08672285ed",
	"00000000-0000-0000-0000-000000000000",
	"00000000-0000-0000-0000-000000000000",
	"00000000-0000-0000-0000-000000000000");
INSERT INTO V_VAL
	VALUES ("cb9882e0-16c6-471b-ab9d-6103802293e6",
	0,
	0,
	1,
	68,
	74,
	0,
	0,
	0,
	0,
	"ba5eda7a-def5-0000-0000-000000000001",
	"bdae0c6a-4309-41a4-bad9-ae695d4ac703");
INSERT INTO V_AVL
	VALUES ("cb9882e0-16c6-471b-ab9d-6103802293e6",
	"35ac5e70-fa91-4257-a010-ab08672285ed",
	"7137c09d-ba0e-406b-b3b5-76bb3cc48f3d",
	"44019c1a-e63b-47df-ae57-90e39e485288");
INSERT INTO V_VAL
	VALUES ("711c4d89-7325-45f0-b673-df729e55e4ad",
	0,
	0,
	-1,
	-1,
	-1,
	0,
	0,
	0,
	0,
	"ba5eda7a-def5-0000-0000-000000000001",
	"bdae0c6a-4309-41a4-bad9-ae695d4ac703");
INSERT INTO V_BIN
	VALUES ("711c4d89-7325-45f0-b673-df729e55e4ad",
	"8cf838d3-33f2-4f50-9674-9dd1c25c48a1",
	"cb9882e0-16c6-471b-ab9d-6103802293e6",
	'==');
INSERT INTO V_VAL
	VALUES ("8cf838d3-33f2-4f50-9674-9dd1c25c48a1",
	0,
	0,
	-1,
	-1,
	-1,
	0,
	0,
	0,
	0,
	"ba5eda7a-def5-0000-0000-000000000001",
	"bdae0c6a-4309-41a4-bad9-ae695d4ac703");
INSERT INTO V_LBO
	VALUES ("8cf838d3-33f2-4f50-9674-9dd1c25c48a1",
	'TRUE');
INSERT INTO V_VAL
	VALUES ("703dd26b-194e-49bf-8754-f716a28a9b2f",
	0,
	0,
	3,
	14,
	20,
	0,
	0,
	0,
	0,
	"ba5eda7a-def5-0000-0000-000000000008",
	"bdae0c6a-4309-41a4-bad9-ae695d4ac703");
INSERT INTO V_IRF
	VALUES ("703dd26b-194e-49bf-8754-f716a28a9b2f",
	"77bc77a9-d033-4ff8-98b8-cde5de64cadd");
INSERT INTO V_VAL
	VALUES ("347b0119-0c44-4459-9d0f-2b77909b4c22",
	0,
	0,
	-1,
	-1,
	-1,
	0,
	0,
	0,
	0,
	"ba5eda7a-def5-0000-0000-000000000001",
	"bdae0c6a-4309-41a4-bad9-ae695d4ac703");
INSERT INTO V_UNY
	VALUES ("347b0119-0c44-4459-9d0f-2b77909b4c22",
	"703dd26b-194e-49bf-8754-f716a28a9b2f",
	'not_empty');
INSERT INTO V_VAR
	VALUES ("77bc77a9-d033-4ff8-98b8-cde5de64cadd",
	"bdae0c6a-4309-41a4-bad9-ae695d4ac703",
	'session',
	1,
	"ba5eda7a-def5-0000-0000-000000000008");
INSERT INTO V_INT
	VALUES ("77bc77a9-d033-4ff8-98b8-cde5de64cadd",
	0,
	"7137c09d-ba0e-406b-b3b5-76bb3cc48f3d");
INSERT INTO V_LOC
	VALUES ("f34af91f-6ede-415c-a0a9-7f156dba7494",
	1,
	12,
	18,
	"77bc77a9-d033-4ff8-98b8-cde5de64cadd");
INSERT INTO V_LOC
	VALUES ("58ea7dc1-e3af-4ecc-a8f8-7c037fd9442c",
	4,
	2,
	8,
	"77bc77a9-d033-4ff8-98b8-cde5de64cadd");
INSERT INTO V_LOC
	VALUES ("13a8cc64-a9d5-4454-8390-e294202962ae",
	5,
	54,
	60,
	"77bc77a9-d033-4ff8-98b8-cde5de64cadd");
INSERT INTO ACT_BLK
	VALUES ("b4e4d426-80f1-4736-8ff6-dcce2fd89d74",
	0,
	0,
	0,
	'',
	'sessionID',
	'sessionID',
	5,
	2,
	5,
	69,
	0,
	0,
	0,
	0,
	0,
	0,
	0,
	0,
	0,
	"35ef3933-70b0-4e52-afeb-4f3e9694ab27",
	"00000000-0000-0000-0000-000000000000");
INSERT INTO ACT_SMT
	VALUES ("4d11df4e-7cd4-4ad9-b463-4a504e81cc2b",
	"b4e4d426-80f1-4736-8ff6-dcce2fd89d74",
	"d3e2c6fd-ea74-4ef0-9094-e59531c33398",
	4,
	2,
	'BookingSession::ProcessQueue line: 4');
INSERT INTO ACT_AI
	VALUES ("4d11df4e-7cd4-4ad9-b463-4a504e81cc2b",
	"58822f37-9c44-459b-b814-c35956d08e20",
	"2dda09a2-2c4e-4da5-8c1c-8b90f72194fb",
	0,
	0);
INSERT INTO ACT_SMT
	VALUES ("d3e2c6fd-ea74-4ef0-9094-e59531c33398",
	"b4e4d426-80f1-4736-8ff6-dcce2fd89d74",
	"00000000-0000-0000-0000-000000000000",
	5,
	2,
	'BookingSession::ProcessQueue line: 5');
INSERT INTO E_ESS
	VALUES ("d3e2c6fd-ea74-4ef0-9094-e59531c33398",
	1,
	0,
	5,
	11,
	5,
	29,
	5,
	69,
	5,
	44,
	0,
	0);
INSERT INTO V_PAR
	VALUES ("b3f13566-3996-46fe-ac02-25d40a530f3d",
	"d3e2c6fd-ea74-4ef0-9094-e59531c33398",
	"00000000-0000-0000-0000-000000000000",
	'sessionID',
	"00000000-0000-0000-0000-000000000000",
	5,
	44);
INSERT INTO E_GES
	VALUES ("d3e2c6fd-ea74-4ef0-9094-e59531c33398");
INSERT INTO E_GSME
	VALUES ("d3e2c6fd-ea74-4ef0-9094-e59531c33398",
	"f69097d8-0a45-46f4-abe8-c55668a9bc22");
INSERT INTO E_GAR
	VALUES ("d3e2c6fd-ea74-4ef0-9094-e59531c33398");
INSERT INTO V_VAL
	VALUES ("ab228898-1d04-4edf-ade2-0fc5a02a083c",
	1,
	0,
	4,
	2,
	8,
	0,
	0,
	0,
	0,
	"ba5eda7a-def5-0000-0000-000000000008",
	"b4e4d426-80f1-4736-8ff6-dcce2fd89d74");
INSERT INTO V_IRF
	VALUES ("ab228898-1d04-4edf-ade2-0fc5a02a083c",
	"77bc77a9-d033-4ff8-98b8-cde5de64cadd");
INSERT INTO V_VAL
	VALUES ("2dda09a2-2c4e-4da5-8c1c-8b90f72194fb",
	1,
	0,
	4,
	10,
	16,
	0,
	0,
	0,
	0,
	"ba5eda7a-def5-0000-0000-000000000001",
	"b4e4d426-80f1-4736-8ff6-dcce2fd89d74");
INSERT INTO V_AVL
	VALUES ("2dda09a2-2c4e-4da5-8c1c-8b90f72194fb",
	"ab228898-1d04-4edf-ade2-0fc5a02a083c",
	"7137c09d-ba0e-406b-b3b5-76bb3cc48f3d",
	"44019c1a-e63b-47df-ae57-90e39e485288");
INSERT INTO V_VAL
	VALUES ("58822f37-9c44-459b-b814-c35956d08e20",
	0,
	0,
	-1,
	-1,
	-1,
	0,
	0,
	0,
	0,
	"ba5eda7a-def5-0000-0000-000000000001",
	"b4e4d426-80f1-4736-8ff6-dcce2fd89d74");
INSERT INTO V_LBO
	VALUES ("58822f37-9c44-459b-b814-c35956d08e20",
	'FALSE');
INSERT INTO V_VAL
	VALUES ("d0e08983-3abb-4c79-a5e8-7ffcbb9bbe1f",
	0,
	0,
	5,
	54,
	60,
	0,
	0,
	0,
	0,
	"ba5eda7a-def5-0000-0000-000000000008",
	"b4e4d426-80f1-4736-8ff6-dcce2fd89d74");
INSERT INTO V_IRF
	VALUES ("d0e08983-3abb-4c79-a5e8-7ffcbb9bbe1f",
	"77bc77a9-d033-4ff8-98b8-cde5de64cadd");
INSERT INTO V_VAL
	VALUES ("b3f13566-3996-46fe-ac02-25d40a530f3d",
	0,
	0,
	5,
	62,
	63,
	0,
	0,
	0,
	0,
	"ba5eda7a-def5-0000-0000-000000000005",
	"b4e4d426-80f1-4736-8ff6-dcce2fd89d74");
INSERT INTO V_AVL
	VALUES ("b3f13566-3996-46fe-ac02-25d40a530f3d",
	"d0e08983-3abb-4c79-a5e8-7ffcbb9bbe1f",
	"7137c09d-ba0e-406b-b3b5-76bb3cc48f3d",
	"df46d3b5-7060-4611-8908-d535d035865a");
INSERT INTO ACT_BLK
	VALUES ("050656e5-a3b9-4cda-8f56-52f82cd8944d",
	0,
	0,
	0,
	'',
	'',
	'',
	7,
	2,
	7,
	50,
	0,
	0,
	0,
	0,
	0,
	0,
	0,
	0,
	0,
	"35ef3933-70b0-4e52-afeb-4f3e9694ab27",
	"00000000-0000-0000-0000-000000000000");
INSERT INTO ACT_SMT
	VALUES ("0eaf5b32-7549-4300-83a1-f5e22d7618aa",
	"050656e5-a3b9-4cda-8f56-52f82cd8944d",
	"00000000-0000-0000-0000-000000000000",
	7,
	2,
	'BookingSession::ProcessQueue line: 7');
INSERT INTO E_ESS
	VALUES ("0eaf5b32-7549-4300-83a1-f5e22d7618aa",
	1,
	0,
	7,
	11,
	7,
	29,
	7,
	50,
	0,
	0,
	0,
	0);
INSERT INTO E_GES
	VALUES ("0eaf5b32-7549-4300-83a1-f5e22d7618aa");
INSERT INTO E_GSME
	VALUES ("0eaf5b32-7549-4300-83a1-f5e22d7618aa",
	"4927df2d-53f9-4b3e-9e89-a065ca066ef9");
INSERT INTO E_GAR
	VALUES ("0eaf5b32-7549-4300-83a1-f5e22d7618aa");
INSERT INTO SM_NSTXN
	VALUES ("1b6b7729-70e9-417d-9086-aba0c131b6c7",
	"1cceaf51-6f2a-4dbc-806e-afb09371f60a",
	"41cae87c-efc9-4d47-82ed-23030b389384",
	"91b14f42-b9c7-401c-8dad-0d88e6c2ba0c",
	"00000000-0000-0000-0000-000000000000");
INSERT INTO SM_TAH
	VALUES ("5a84f014-2019-4ea3-8b39-87e57c5edc3a",
	"1cceaf51-6f2a-4dbc-806e-afb09371f60a",
	"1b6b7729-70e9-417d-9086-aba0c131b6c7");
INSERT INTO SM_AH
	VALUES ("5a84f014-2019-4ea3-8b39-87e57c5edc3a",
	"1cceaf51-6f2a-4dbc-806e-afb09371f60a");
INSERT INTO SM_ACT
	VALUES ("5a84f014-2019-4ea3-8b39-87e57c5edc3a",
	"1cceaf51-6f2a-4dbc-806e-afb09371f60a",
	1,
	'',
	'');
INSERT INTO ACT_TAB
	VALUES ("23298c64-4fcf-45ee-82c4-ef78625cf930",
	"1cceaf51-6f2a-4dbc-806e-afb09371f60a",
	"5a84f014-2019-4ea3-8b39-87e57c5edc3a");
INSERT INTO ACT_ACT
	VALUES ("23298c64-4fcf-45ee-82c4-ef78625cf930",
	'class transition',
	0,
	"7bbf2b55-e796-4db6-830b-1f35cf856bf7",
	"00000000-0000-0000-0000-000000000000",
	0,
	'BOOKINGSESSION_A2: requestSelectEvent',
	"00000000-0000-0000-0000-000000000000");
INSERT INTO ACT_BLK
	VALUES ("7bbf2b55-e796-4db6-830b-1f35cf856bf7",
	0,
	0,
	0,
	'',
	'',
	'',
	0,
	0,
	0,
	0,
	0,
	0,
	0,
	0,
	0,
	0,
	0,
	0,
	0,
	"23298c64-4fcf-45ee-82c4-ef78625cf930",
	"00000000-0000-0000-0000-000000000000");
INSERT INTO SM_TXN
	VALUES ("1b6b7729-70e9-417d-9086-aba0c131b6c7",
	"1cceaf51-6f2a-4dbc-806e-afb09371f60a",
	"977e6979-934c-48a3-b21b-c24490dc56e4",
	"00000000-0000-0000-0000-000000000000");
INSERT INTO SM_NSTXN
	VALUES ("a99db6d0-8d7f-4652-b453-0f2dfc574a38",
	"1cceaf51-6f2a-4dbc-806e-afb09371f60a",
	"977e6979-934c-48a3-b21b-c24490dc56e4",
	"957a8f2b-b171-4d7b-92a8-9c4f1d0870f5",
	"00000000-0000-0000-0000-000000000000");
INSERT INTO SM_TAH
	VALUES ("977c1316-250e-4780-99bc-2fada8ba06d9",
	"1cceaf51-6f2a-4dbc-806e-afb09371f60a",
	"a99db6d0-8d7f-4652-b453-0f2dfc574a38");
INSERT INTO SM_AH
	VALUES ("977c1316-250e-4780-99bc-2fada8ba06d9",
	"1cceaf51-6f2a-4dbc-806e-afb09371f60a");
INSERT INTO SM_ACT
	VALUES ("977c1316-250e-4780-99bc-2fada8ba06d9",
	"1cceaf51-6f2a-4dbc-806e-afb09371f60a",
	1,
	'',
	'');
INSERT INTO ACT_TAB
	VALUES ("cac8f903-488d-4f12-b6ee-afa82567bf03",
	"1cceaf51-6f2a-4dbc-806e-afb09371f60a",
	"977c1316-250e-4780-99bc-2fada8ba06d9");
INSERT INTO ACT_ACT
	VALUES ("cac8f903-488d-4f12-b6ee-afa82567bf03",
	'class transition',
	0,
	"b0d80e59-4e85-4bee-9166-112d5166e2b5",
	"00000000-0000-0000-0000-000000000000",
	0,
	'BOOKINGSESSION_A3: taskDoneEvent',
	"00000000-0000-0000-0000-000000000000");
INSERT INTO ACT_BLK
	VALUES ("b0d80e59-4e85-4bee-9166-112d5166e2b5",
	0,
	0,
	0,
	'',
	'',
	'',
	0,
	0,
	0,
	0,
	0,
	0,
	0,
	0,
	0,
	0,
	0,
	0,
	0,
	"cac8f903-488d-4f12-b6ee-afa82567bf03",
	"00000000-0000-0000-0000-000000000000");
INSERT INTO SM_TXN
	VALUES ("a99db6d0-8d7f-4652-b453-0f2dfc574a38",
	"1cceaf51-6f2a-4dbc-806e-afb09371f60a",
	"f6faa9eb-cd8a-4f60-b313-d7654d30a38d",
	"00000000-0000-0000-0000-000000000000");
INSERT INTO SM_NSTXN
	VALUES ("9b0c026e-ebaf-4bac-913f-102d81b95817",
	"1cceaf51-6f2a-4dbc-806e-afb09371f60a",
	"f6faa9eb-cd8a-4f60-b313-d7654d30a38d",
	"4927df2d-53f9-4b3e-9e89-a065ca066ef9",
	"00000000-0000-0000-0000-000000000000");
INSERT INTO SM_TAH
	VALUES ("4bd10c1a-b8f4-4225-a1a2-25455dda8805",
	"1cceaf51-6f2a-4dbc-806e-afb09371f60a",
	"9b0c026e-ebaf-4bac-913f-102d81b95817");
INSERT INTO SM_AH
	VALUES ("4bd10c1a-b8f4-4225-a1a2-25455dda8805",
	"1cceaf51-6f2a-4dbc-806e-afb09371f60a");
INSERT INTO SM_ACT
	VALUES ("4bd10c1a-b8f4-4225-a1a2-25455dda8805",
	"1cceaf51-6f2a-4dbc-806e-afb09371f60a",
	1,
	'',
	'');
INSERT INTO ACT_TAB
	VALUES ("b40b6319-eb67-426c-b606-3dd89806e987",
	"1cceaf51-6f2a-4dbc-806e-afb09371f60a",
	"4bd10c1a-b8f4-4225-a1a2-25455dda8805");
INSERT INTO ACT_ACT
	VALUES ("b40b6319-eb67-426c-b606-3dd89806e987",
	'class transition',
	0,
	"89ed36dc-887e-4355-808f-af574c8981cb",
	"00000000-0000-0000-0000-000000000000",
	0,
	'BOOKINGSESSION_A4: emptyQueueEvent',
	"00000000-0000-0000-0000-000000000000");
INSERT INTO ACT_BLK
	VALUES ("89ed36dc-887e-4355-808f-af574c8981cb",
	0,
	0,
	0,
	'',
	'',
	'',
	0,
	0,
	0,
	0,
	0,
	0,
	0,
	0,
	0,
	0,
	0,
	0,
	0,
	"b40b6319-eb67-426c-b606-3dd89806e987",
	"00000000-0000-0000-0000-000000000000");
INSERT INTO SM_TXN
	VALUES ("9b0c026e-ebaf-4bac-913f-102d81b95817",
	"1cceaf51-6f2a-4dbc-806e-afb09371f60a",
	"41cae87c-efc9-4d47-82ed-23030b389384",
	"00000000-0000-0000-0000-000000000000");
INSERT INTO SM_NSTXN
	VALUES ("21cca666-0108-4e7e-96e8-548a56f13689",
	"1cceaf51-6f2a-4dbc-806e-afb09371f60a",
	"f6faa9eb-cd8a-4f60-b313-d7654d30a38d",
	"f69097d8-0a45-46f4-abe8-c55668a9bc22",
	"00000000-0000-0000-0000-000000000000");
INSERT INTO SM_TAH
	VALUES ("727278d3-ee8b-4ad2-b608-6863c799172b",
	"1cceaf51-6f2a-4dbc-806e-afb09371f60a",
	"21cca666-0108-4e7e-96e8-548a56f13689");
INSERT INTO SM_AH
	VALUES ("727278d3-ee8b-4ad2-b608-6863c799172b",
	"1cceaf51-6f2a-4dbc-806e-afb09371f60a");
INSERT INTO SM_ACT
	VALUES ("727278d3-ee8b-4ad2-b608-6863c799172b",
	"1cceaf51-6f2a-4dbc-806e-afb09371f60a",
	1,
	'',
	'');
INSERT INTO ACT_TAB
	VALUES ("4a1ee7f1-92d5-4fa6-9d3d-17b614785b5b",
	"1cceaf51-6f2a-4dbc-806e-afb09371f60a",
	"727278d3-ee8b-4ad2-b608-6863c799172b");
INSERT INTO ACT_ACT
	VALUES ("4a1ee7f1-92d5-4fa6-9d3d-17b614785b5b",
	'class transition',
	0,
	"61be7d71-5975-4640-abdf-43602a209a50",
	"00000000-0000-0000-0000-000000000000",
	0,
	'BOOKINGSESSION_A5: taskFoundEvent',
	"00000000-0000-0000-0000-000000000000");
INSERT INTO ACT_BLK
	VALUES ("61be7d71-5975-4640-abdf-43602a209a50",
	0,
	0,
	0,
	'',
	'',
	'',
	0,
	0,
	0,
	0,
	0,
	0,
	0,
	0,
	0,
	0,
	0,
	0,
	0,
	"4a1ee7f1-92d5-4fa6-9d3d-17b614785b5b",
	"00000000-0000-0000-0000-000000000000");
INSERT INTO SM_TXN
	VALUES ("21cca666-0108-4e7e-96e8-548a56f13689",
	"1cceaf51-6f2a-4dbc-806e-afb09371f60a",
	"977e6979-934c-48a3-b21b-c24490dc56e4",
	"00000000-0000-0000-0000-000000000000");
INSERT INTO PE_PE
	VALUES ("80f12c98-ccb7-4bab-acab-351f7970a5eb",
	1,
	"960454f9-cf5f-4331-88bf-8023709586b1",
	"00000000-0000-0000-0000-000000000000",
	4);
INSERT INTO O_OBJ
	VALUES ("80f12c98-ccb7-4bab-acab-351f7970a5eb",
	'Cash',
	16,
	'CASH',
	'',
	"00000000-0000-0000-0000-000000000000");
INSERT INTO O_ID
	VALUES (2,
	"80f12c98-ccb7-4bab-acab-351f7970a5eb");
INSERT INTO O_ID
	VALUES (1,
	"80f12c98-ccb7-4bab-acab-351f7970a5eb");
INSERT INTO O_ID
	VALUES (0,
	"80f12c98-ccb7-4bab-acab-351f7970a5eb");
INSERT INTO PE_PE
	VALUES ("33325975-636b-4865-afdb-d6d8138b80fe",
	1,
	"960454f9-cf5f-4331-88bf-8023709586b1",
	"00000000-0000-0000-0000-000000000000",
	4);
INSERT INTO O_OBJ
	VALUES ("33325975-636b-4865-afdb-d6d8138b80fe",
	'Club',
	21,
	'CLUB',
	'',
	"00000000-0000-0000-0000-000000000000");
INSERT INTO O_NBATTR
	VALUES ("f7156dde-f70b-4ca5-96b1-9eb8fe126ef1",
	"33325975-636b-4865-afdb-d6d8138b80fe");
INSERT INTO O_BATTR
	VALUES ("f7156dde-f70b-4ca5-96b1-9eb8fe126ef1",
	"33325975-636b-4865-afdb-d6d8138b80fe");
INSERT INTO O_ATTR
	VALUES ("f7156dde-f70b-4ca5-96b1-9eb8fe126ef1",
	"33325975-636b-4865-afdb-d6d8138b80fe",
	"00000000-0000-0000-0000-000000000000",
	'clubName',
	'',
	'',
	'clubName',
	0,
	"ba5eda7a-def5-0000-0000-000000000004",
	'',
	'');
INSERT INTO O_ID
	VALUES (2,
	"33325975-636b-4865-afdb-d6d8138b80fe");
INSERT INTO O_ID
	VALUES (1,
	"33325975-636b-4865-afdb-d6d8138b80fe");
INSERT INTO O_ID
	VALUES (0,
	"33325975-636b-4865-afdb-d6d8138b80fe");
INSERT INTO PE_PE
	VALUES ("3aa4c78b-6981-4249-a93a-87e0e14f07b3",
	1,
	"960454f9-cf5f-4331-88bf-8023709586b1",
	"00000000-0000-0000-0000-000000000000",
	4);
INSERT INTO O_OBJ
	VALUES ("3aa4c78b-6981-4249-a93a-87e0e14f07b3",
	'CreditCard',
	18,
	'CREDITCARD',
	'',
	"00000000-0000-0000-0000-000000000000");
INSERT INTO O_NBATTR
	VALUES ("1ecb3801-21b8-4bc9-980b-3ac37ca7195e",
	"3aa4c78b-6981-4249-a93a-87e0e14f07b3");
INSERT INTO O_BATTR
	VALUES ("1ecb3801-21b8-4bc9-980b-3ac37ca7195e",
	"3aa4c78b-6981-4249-a93a-87e0e14f07b3");
INSERT INTO O_ATTR
	VALUES ("1ecb3801-21b8-4bc9-980b-3ac37ca7195e",
	"3aa4c78b-6981-4249-a93a-87e0e14f07b3",
	"436a5009-62ed-4ae4-9c1b-4450511bd9bd",
	'cvcCode',
	'',
	'',
	'cvcCode',
	0,
	"ba5eda7a-def5-0000-0000-000000000002",
	'',
	'');
INSERT INTO O_NBATTR
	VALUES ("436a5009-62ed-4ae4-9c1b-4450511bd9bd",
	"3aa4c78b-6981-4249-a93a-87e0e14f07b3");
INSERT INTO O_BATTR
	VALUES ("436a5009-62ed-4ae4-9c1b-4450511bd9bd",
	"3aa4c78b-6981-4249-a93a-87e0e14f07b3");
INSERT INTO O_ATTR
	VALUES ("436a5009-62ed-4ae4-9c1b-4450511bd9bd",
	"3aa4c78b-6981-4249-a93a-87e0e14f07b3",
	"7b30fa3b-0ff7-4475-89d9-dfd446eba0d6",
	'expirationDate',
	'',
	'',
	'expirationDate',
	0,
	"ba5eda7a-def5-0000-0000-00000000000e",
	'',
	'');
INSERT INTO O_NBATTR
	VALUES ("7b30fa3b-0ff7-4475-89d9-dfd446eba0d6",
	"3aa4c78b-6981-4249-a93a-87e0e14f07b3");
INSERT INTO O_BATTR
	VALUES ("7b30fa3b-0ff7-4475-89d9-dfd446eba0d6",
	"3aa4c78b-6981-4249-a93a-87e0e14f07b3");
INSERT INTO O_ATTR
	VALUES ("7b30fa3b-0ff7-4475-89d9-dfd446eba0d6",
	"3aa4c78b-6981-4249-a93a-87e0e14f07b3",
	"00000000-0000-0000-0000-000000000000",
	'cardNumber',
	'',
	'',
	'cardNumber',
	0,
	"ba5eda7a-def5-0000-0000-000000000002",
	'',
	'');
INSERT INTO O_ID
	VALUES (2,
	"3aa4c78b-6981-4249-a93a-87e0e14f07b3");
INSERT INTO O_ID
	VALUES (1,
	"3aa4c78b-6981-4249-a93a-87e0e14f07b3");
INSERT INTO O_ID
	VALUES (0,
	"3aa4c78b-6981-4249-a93a-87e0e14f07b3");
INSERT INTO PE_PE
	VALUES ("bd271967-a0a4-4bd7-9783-303111ffdc9b",
	1,
	"960454f9-cf5f-4331-88bf-8023709586b1",
	"00000000-0000-0000-0000-000000000000",
	4);
INSERT INTO O_OBJ
	VALUES ("bd271967-a0a4-4bd7-9783-303111ffdc9b",
	'Customer',
	20,
	'CUSTOMER',
	'',
	"00000000-0000-0000-0000-000000000000");
INSERT INTO O_NBATTR
	VALUES ("d7ab9c18-4a8e-4361-919f-bf2193fc4147",
	"bd271967-a0a4-4bd7-9783-303111ffdc9b");
INSERT INTO O_BATTR
	VALUES ("d7ab9c18-4a8e-4361-919f-bf2193fc4147",
	"bd271967-a0a4-4bd7-9783-303111ffdc9b");
INSERT INTO O_ATTR
	VALUES ("d7ab9c18-4a8e-4361-919f-bf2193fc4147",
	"bd271967-a0a4-4bd7-9783-303111ffdc9b",
	"dc17542e-30df-48f7-8741-c6c824345a60",
	'customerID',
	'',
	'',
	'customerID',
	0,
	"ba5eda7a-def5-0000-0000-000000000005",
	'',
	'');
INSERT INTO O_NBATTR
	VALUES ("dc17542e-30df-48f7-8741-c6c824345a60",
	"bd271967-a0a4-4bd7-9783-303111ffdc9b");
INSERT INTO O_BATTR
	VALUES ("dc17542e-30df-48f7-8741-c6c824345a60",
	"bd271967-a0a4-4bd7-9783-303111ffdc9b");
INSERT INTO O_ATTR
	VALUES ("dc17542e-30df-48f7-8741-c6c824345a60",
	"bd271967-a0a4-4bd7-9783-303111ffdc9b",
	"00000000-0000-0000-0000-000000000000",
	'name',
	'',
	'',
	'name',
	0,
	"ba5eda7a-def5-0000-0000-000000000004",
	'',
	'');
INSERT INTO O_NBATTR
	VALUES ("c9074fca-e1c8-401e-bb71-202eff064dc4",
	"bd271967-a0a4-4bd7-9783-303111ffdc9b");
INSERT INTO O_BATTR
	VALUES ("c9074fca-e1c8-401e-bb71-202eff064dc4",
	"bd271967-a0a4-4bd7-9783-303111ffdc9b");
INSERT INTO O_ATTR
	VALUES ("c9074fca-e1c8-401e-bb71-202eff064dc4",
	"bd271967-a0a4-4bd7-9783-303111ffdc9b",
	"d7ab9c18-4a8e-4361-919f-bf2193fc4147",
	'phoneNumber',
	'',
	'',
	'phoneNumber',
	0,
	"ba5eda7a-def5-0000-0000-000000000004",
	'',
	'');
INSERT INTO O_ID
	VALUES (2,
	"bd271967-a0a4-4bd7-9783-303111ffdc9b");
INSERT INTO O_ID
	VALUES (1,
	"bd271967-a0a4-4bd7-9783-303111ffdc9b");
INSERT INTO O_ID
	VALUES (0,
	"bd271967-a0a4-4bd7-9783-303111ffdc9b");
INSERT INTO PE_PE
	VALUES ("4b839513-bd70-4d73-85ed-c06b10ee091a",
	1,
	"960454f9-cf5f-4331-88bf-8023709586b1",
	"00000000-0000-0000-0000-000000000000",
	4);
INSERT INTO O_OBJ
	VALUES ("4b839513-bd70-4d73-85ed-c06b10ee091a",
	'Facility',
	3,
	'FACILITY',
	'',
	"00000000-0000-0000-0000-000000000000");
INSERT INTO O_NBATTR
	VALUES ("f68e319f-09bf-4974-af63-20ff8c0aa86d",
	"4b839513-bd70-4d73-85ed-c06b10ee091a");
INSERT INTO O_BATTR
	VALUES ("f68e319f-09bf-4974-af63-20ff8c0aa86d",
	"4b839513-bd70-4d73-85ed-c06b10ee091a");
INSERT INTO O_ATTR
	VALUES ("f68e319f-09bf-4974-af63-20ff8c0aa86d",
	"4b839513-bd70-4d73-85ed-c06b10ee091a",
	"c291b39a-a3ce-4de8-94c2-657b168ceedd",
	'checkedOut',
	'',
	'',
	'checkedOut',
	0,
	"ba5eda7a-def5-0000-0000-000000000010",
	'',
	'');
INSERT INTO O_NBATTR
	VALUES ("c291b39a-a3ce-4de8-94c2-657b168ceedd",
	"4b839513-bd70-4d73-85ed-c06b10ee091a");
INSERT INTO O_BATTR
	VALUES ("c291b39a-a3ce-4de8-94c2-657b168ceedd",
	"4b839513-bd70-4d73-85ed-c06b10ee091a");
INSERT INTO O_ATTR
	VALUES ("c291b39a-a3ce-4de8-94c2-657b168ceedd",
	"4b839513-bd70-4d73-85ed-c06b10ee091a",
	"e22cda36-25e1-4b81-aef1-d74c43020c14",
	'checkedIn',
	'',
	'',
	'checkedIn',
	0,
	"ba5eda7a-def5-0000-0000-000000000010",
	'',
	'');
INSERT INTO O_NBATTR
	VALUES ("e22cda36-25e1-4b81-aef1-d74c43020c14",
	"4b839513-bd70-4d73-85ed-c06b10ee091a");
INSERT INTO O_BATTR
	VALUES ("e22cda36-25e1-4b81-aef1-d74c43020c14",
	"4b839513-bd70-4d73-85ed-c06b10ee091a");
INSERT INTO O_ATTR
	VALUES ("e22cda36-25e1-4b81-aef1-d74c43020c14",
	"4b839513-bd70-4d73-85ed-c06b10ee091a",
	"00000000-0000-0000-0000-000000000000",
	'facilityID',
	'',
	'',
	'facilityID',
	0,
	"ba5eda7a-def5-0000-0000-000000000004",
	'',
	'');
INSERT INTO O_ID
	VALUES (2,
	"4b839513-bd70-4d73-85ed-c06b10ee091a");
INSERT INTO O_ID
	VALUES (1,
	"4b839513-bd70-4d73-85ed-c06b10ee091a");
INSERT INTO O_ID
	VALUES (0,
	"4b839513-bd70-4d73-85ed-c06b10ee091a");
INSERT INTO PE_PE
	VALUES ("bb0b5c24-97a4-43d0-bb19-ce1683a93dc8",
	1,
	"960454f9-cf5f-4331-88bf-8023709586b1",
	"00000000-0000-0000-0000-000000000000",
	4);
INSERT INTO O_OBJ
	VALUES ("bb0b5c24-97a4-43d0-bb19-ce1683a93dc8",
	'FacilityGroup',
	4,
	'FACILITYGROUP',
	'',
	"00000000-0000-0000-0000-000000000000");
INSERT INTO O_NBATTR
	VALUES ("6b52b505-f421-4f29-9799-2e95cb2f7a89",
	"bb0b5c24-97a4-43d0-bb19-ce1683a93dc8");
INSERT INTO O_BATTR
	VALUES ("6b52b505-f421-4f29-9799-2e95cb2f7a89",
	"bb0b5c24-97a4-43d0-bb19-ce1683a93dc8");
INSERT INTO O_ATTR
	VALUES ("6b52b505-f421-4f29-9799-2e95cb2f7a89",
	"bb0b5c24-97a4-43d0-bb19-ce1683a93dc8",
	"00000000-0000-0000-0000-000000000000",
	'name',
	'',
	'',
	'name',
	0,
	"ba5eda7a-def5-0000-0000-000000000004",
	'',
	'');
INSERT INTO O_ID
	VALUES (2,
	"bb0b5c24-97a4-43d0-bb19-ce1683a93dc8");
INSERT INTO O_ID
	VALUES (1,
	"bb0b5c24-97a4-43d0-bb19-ce1683a93dc8");
INSERT INTO O_ID
	VALUES (0,
	"bb0b5c24-97a4-43d0-bb19-ce1683a93dc8");
INSERT INTO PE_PE
	VALUES ("bafdc953-1881-43a3-a5f1-9dcc7e2d60c3",
	1,
	"960454f9-cf5f-4331-88bf-8023709586b1",
	"00000000-0000-0000-0000-000000000000",
	4);
INSERT INTO O_OBJ
	VALUES ("bafdc953-1881-43a3-a5f1-9dcc7e2d60c3",
	'FacilityType',
	2,
	'FACILITYTYPE',
	'',
	"00000000-0000-0000-0000-000000000000");
INSERT INTO O_TFR
	VALUES ("7c6f1c17-66e4-4037-8be9-f2078ba06981",
	"bafdc953-1881-43a3-a5f1-9dcc7e2d60c3",
	'getPossibleExtras',
	'',
	"df204ffe-8ba5-4335-839a-3b03a55091e7",
	1,
	'',
	1,
	'',
	"00000000-0000-0000-0000-000000000000");
INSERT INTO ACT_OPB
	VALUES ("76c7febf-aac5-4dfc-899e-9c2e703248df",
	"7c6f1c17-66e4-4037-8be9-f2078ba06981");
INSERT INTO ACT_ACT
	VALUES ("76c7febf-aac5-4dfc-899e-9c2e703248df",
	'operation',
	0,
	"df136554-bdb7-4d2c-af63-1ca89cbb8854",
	"00000000-0000-0000-0000-000000000000",
	0,
	'FacilityType::getPossibleExtras',
	"00000000-0000-0000-0000-000000000000");
INSERT INTO ACT_BLK
	VALUES ("df136554-bdb7-4d2c-af63-1ca89cbb8854",
	0,
	0,
	0,
	'',
	'',
	'',
	0,
	0,
	0,
	0,
	0,
	0,
	0,
	0,
	0,
	0,
	0,
	0,
	0,
	"76c7febf-aac5-4dfc-899e-9c2e703248df",
	"00000000-0000-0000-0000-000000000000");
INSERT INTO O_NBATTR
	VALUES ("839b61ce-d63e-49ba-a0ae-d1b0093bb680",
	"bafdc953-1881-43a3-a5f1-9dcc7e2d60c3");
INSERT INTO O_BATTR
	VALUES ("839b61ce-d63e-49ba-a0ae-d1b0093bb680",
	"bafdc953-1881-43a3-a5f1-9dcc7e2d60c3");
INSERT INTO O_ATTR
	VALUES ("839b61ce-d63e-49ba-a0ae-d1b0093bb680",
	"bafdc953-1881-43a3-a5f1-9dcc7e2d60c3",
	"00000000-0000-0000-0000-000000000000",
	'approximateArea',
	'',
	'',
	'approximateArea',
	0,
	"ba5eda7a-def5-0000-0000-000000000004",
	'',
	'');
INSERT INTO O_NBATTR
	VALUES ("c7050232-2f33-4247-8fc7-4866e3c7280d",
	"bafdc953-1881-43a3-a5f1-9dcc7e2d60c3");
INSERT INTO O_BATTR
	VALUES ("c7050232-2f33-4247-8fc7-4866e3c7280d",
	"bafdc953-1881-43a3-a5f1-9dcc7e2d60c3");
INSERT INTO O_ATTR
	VALUES ("c7050232-2f33-4247-8fc7-4866e3c7280d",
	"bafdc953-1881-43a3-a5f1-9dcc7e2d60c3",
	"839b61ce-d63e-49ba-a0ae-d1b0093bb680",
	'id',
	'',
	'',
	'id',
	0,
	"ba5eda7a-def5-0000-0000-000000000002",
	'',
	'');
INSERT INTO O_ID
	VALUES (2,
	"bafdc953-1881-43a3-a5f1-9dcc7e2d60c3");
INSERT INTO O_ID
	VALUES (1,
	"bafdc953-1881-43a3-a5f1-9dcc7e2d60c3");
INSERT INTO O_ID
	VALUES (0,
	"bafdc953-1881-43a3-a5f1-9dcc7e2d60c3");
INSERT INTO PE_PE
	VALUES ("9309978f-bd81-4f9f-96e9-b124c945fbf1",
	1,
	"960454f9-cf5f-4331-88bf-8023709586b1",
	"00000000-0000-0000-0000-000000000000",
	4);
INSERT INTO O_OBJ
	VALUES ("9309978f-bd81-4f9f-96e9-b124c945fbf1",
	'Guest',
	11,
	'GUEST',
	'',
	"00000000-0000-0000-0000-000000000000");
INSERT INTO O_TFR
	VALUES ("0ad92127-a4ab-45f8-845e-1d70fa15b0c5",
	"9309978f-bd81-4f9f-96e9-b124c945fbf1",
	'setFacility',
	'',
	"ba5eda7a-def5-0000-0000-000000000001",
	1,
	'',
	1,
	'',
	"00000000-0000-0000-0000-000000000000");
INSERT INTO O_TPARM
	VALUES ("c1538823-c1f1-44b9-aaaf-e434940cf412",
	"0ad92127-a4ab-45f8-845e-1d70fa15b0c5",
	'facility',
	"bd43dc09-3be2-4ae8-806d-bedb08b1e03c",
	0,
	'',
	"00000000-0000-0000-0000-000000000000",
	'');
INSERT INTO ACT_OPB
	VALUES ("4362faaf-8a9e-4a47-bb95-3f75b8608357",
	"0ad92127-a4ab-45f8-845e-1d70fa15b0c5");
INSERT INTO ACT_ACT
	VALUES ("4362faaf-8a9e-4a47-bb95-3f75b8608357",
	'operation',
	0,
	"fc582c42-45db-4ff1-880c-5855e81d261e",
	"00000000-0000-0000-0000-000000000000",
	0,
	'Guest::setFacility',
	"00000000-0000-0000-0000-000000000000");
INSERT INTO ACT_BLK
	VALUES ("fc582c42-45db-4ff1-880c-5855e81d261e",
	0,
	0,
	0,
	'',
	'',
	'',
	0,
	0,
	0,
	0,
	0,
	0,
	0,
	0,
	0,
	0,
	0,
	0,
	0,
	"4362faaf-8a9e-4a47-bb95-3f75b8608357",
	"00000000-0000-0000-0000-000000000000");
INSERT INTO O_TFR
	VALUES ("70d4e1e2-0f88-432e-9d6c-8f2f70b3a58d",
	"9309978f-bd81-4f9f-96e9-b124c945fbf1",
	'destroyGuest',
	'',
	"ba5eda7a-def5-0000-0000-000000000000",
	1,
	'select many facilities related by self->FACILITY[R16];

for each f in facilities
	unrelate f from self across R16;
end for;

delete object instance self;',
	1,
	'',
	"0ad92127-a4ab-45f8-845e-1d70fa15b0c5");
INSERT INTO ACT_OPB
	VALUES ("80680c0a-4033-42c0-bc6e-cf3e7b6dd30a",
	"70d4e1e2-0f88-432e-9d6c-8f2f70b3a58d");
INSERT INTO ACT_ACT
	VALUES ("80680c0a-4033-42c0-bc6e-cf3e7b6dd30a",
	'operation',
	0,
	"d7a5e63a-e42e-494b-b9a3-2b909ff25fc2",
	"00000000-0000-0000-0000-000000000000",
	0,
	'Guest::destroyGuest',
	"00000000-0000-0000-0000-000000000000");
INSERT INTO ACT_BLK
	VALUES ("d7a5e63a-e42e-494b-b9a3-2b909ff25fc2",
	1,
	0,
	0,
	'',
	'',
	'',
	7,
	1,
	1,
	41,
	0,
	0,
	1,
	50,
	0,
	0,
	0,
	0,
	0,
	"80680c0a-4033-42c0-bc6e-cf3e7b6dd30a",
	"00000000-0000-0000-0000-000000000000");
INSERT INTO ACT_SMT
	VALUES ("e2ab1d46-52cf-4782-bd45-ac17d61ba6b5",
	"d7a5e63a-e42e-494b-b9a3-2b909ff25fc2",
	"c39ff9d9-2028-48f5-8555-f26260a7015c",
	1,
	1,
	'Guest::destroyGuest line: 1');
INSERT INTO ACT_SEL
	VALUES ("e2ab1d46-52cf-4782-bd45-ac17d61ba6b5",
	"f769b7d6-2080-485a-9603-9e2ab4b4715b",
	1,
	'many',
	"2c8931d1-30f8-41ed-83ba-3dde87f76c7b");
INSERT INTO ACT_SR
	VALUES ("e2ab1d46-52cf-4782-bd45-ac17d61ba6b5");
INSERT INTO ACT_LNK
	VALUES ("fa1b29fc-88e0-4fff-b550-8ecf57f64f3c",
	'',
	"e2ab1d46-52cf-4782-bd45-ac17d61ba6b5",
	"52b0eaa5-a352-460e-8eff-763b9460a089",
	"00000000-0000-0000-0000-000000000000",
	3,
	"4b839513-bd70-4d73-85ed-c06b10ee091a",
	1,
	41,
	1,
	50,
	0,
	0);
INSERT INTO ACT_SMT
	VALUES ("c39ff9d9-2028-48f5-8555-f26260a7015c",
	"d7a5e63a-e42e-494b-b9a3-2b909ff25fc2",
	"4a67c4ac-c43c-46cb-aacc-f08b44d4db5b",
	3,
	1,
	'Guest::destroyGuest line: 3');
INSERT INTO ACT_FOR
	VALUES ("c39ff9d9-2028-48f5-8555-f26260a7015c",
	"5d2b5050-5d60-486a-b321-bcdec76a43ca",
	1,
	"e371e202-7ed5-4d14-a7d2-29ae75181943",
	"f769b7d6-2080-485a-9603-9e2ab4b4715b",
	"4b839513-bd70-4d73-85ed-c06b10ee091a");
INSERT INTO ACT_SMT
	VALUES ("4a67c4ac-c43c-46cb-aacc-f08b44d4db5b",
	"d7a5e63a-e42e-494b-b9a3-2b909ff25fc2",
	"00000000-0000-0000-0000-000000000000",
	7,
	1,
	'Guest::destroyGuest line: 7');
INSERT INTO ACT_DEL
	VALUES ("4a67c4ac-c43c-46cb-aacc-f08b44d4db5b",
	"9e31bee0-7259-48a9-a6c0-80add3ef06ea");
INSERT INTO V_VAL
	VALUES ("2c8931d1-30f8-41ed-83ba-3dde87f76c7b",
	0,
	0,
	1,
	35,
	38,
	0,
	0,
	0,
	0,
	"ba5eda7a-def5-0000-0000-000000000008",
	"d7a5e63a-e42e-494b-b9a3-2b909ff25fc2");
INSERT INTO V_IRF
	VALUES ("2c8931d1-30f8-41ed-83ba-3dde87f76c7b",
	"9e31bee0-7259-48a9-a6c0-80add3ef06ea");
INSERT INTO V_VAR
	VALUES ("f769b7d6-2080-485a-9603-9e2ab4b4715b",
	"d7a5e63a-e42e-494b-b9a3-2b909ff25fc2",
	'facilities',
	1,
	"6557ebe6-ab9f-4355-8439-aba9a82c7dd3");
INSERT INTO V_INS
	VALUES ("f769b7d6-2080-485a-9603-9e2ab4b4715b",
	"4b839513-bd70-4d73-85ed-c06b10ee091a");
INSERT INTO V_LOC
	VALUES ("dd025aaa-1432-4ea6-a768-54b78a671e13",
	1,
	13,
	22,
	"f769b7d6-2080-485a-9603-9e2ab4b4715b");
INSERT INTO V_LOC
	VALUES ("6fdab66b-8e87-4af1-a016-18556b011f86",
	3,
	15,
	24,
	"f769b7d6-2080-485a-9603-9e2ab4b4715b");
INSERT INTO V_VAR
	VALUES ("9e31bee0-7259-48a9-a6c0-80add3ef06ea",
	"d7a5e63a-e42e-494b-b9a3-2b909ff25fc2",
	'self',
	1,
	"ba5eda7a-def5-0000-0000-000000000008");
INSERT INTO V_INT
	VALUES ("9e31bee0-7259-48a9-a6c0-80add3ef06ea",
	0,
	"9309978f-bd81-4f9f-96e9-b124c945fbf1");
INSERT INTO V_LOC
	VALUES ("532d9d90-f711-422b-92f4-58dc0ff97d62",
	4,
	18,
	21,
	"9e31bee0-7259-48a9-a6c0-80add3ef06ea");
INSERT INTO V_LOC
	VALUES ("5aca74f9-cae3-4609-9003-80811eda182e",
	7,
	24,
	27,
	"9e31bee0-7259-48a9-a6c0-80add3ef06ea");
INSERT INTO V_VAR
	VALUES ("e371e202-7ed5-4d14-a7d2-29ae75181943",
	"d7a5e63a-e42e-494b-b9a3-2b909ff25fc2",
	'f',
	1,
	"bd43dc09-3be2-4ae8-806d-bedb08b1e03c");
INSERT INTO V_INT
	VALUES ("e371e202-7ed5-4d14-a7d2-29ae75181943",
	1,
	"4b839513-bd70-4d73-85ed-c06b10ee091a");
INSERT INTO V_LOC
	VALUES ("4540e4ce-cb55-433b-aca7-f40450917a71",
	3,
	10,
	10,
	"e371e202-7ed5-4d14-a7d2-29ae75181943");
INSERT INTO V_LOC
	VALUES ("fcb4842d-b91b-4421-aac5-fe1325bb2442",
	4,
	11,
	11,
	"e371e202-7ed5-4d14-a7d2-29ae75181943");
INSERT INTO ACT_BLK
	VALUES ("5d2b5050-5d60-486a-b321-bcdec76a43ca",
	0,
	0,
	0,
	'',
	'',
	'',
	4,
	2,
	0,
	0,
	0,
	0,
	4,
	30,
	0,
	0,
	0,
	0,
	0,
	"80680c0a-4033-42c0-bc6e-cf3e7b6dd30a",
	"00000000-0000-0000-0000-000000000000");
INSERT INTO ACT_SMT
	VALUES ("647bc8c0-982d-4ef5-a821-a12af5ebc1b3",
	"5d2b5050-5d60-486a-b321-bcdec76a43ca",
	"00000000-0000-0000-0000-000000000000",
	4,
	2,
	'Guest::destroyGuest line: 4');
INSERT INTO ACT_UNR
	VALUES ("647bc8c0-982d-4ef5-a821-a12af5ebc1b3",
	"e371e202-7ed5-4d14-a7d2-29ae75181943",
	"9e31bee0-7259-48a9-a6c0-80add3ef06ea",
	'',
	"52b0eaa5-a352-460e-8eff-763b9460a089",
	4,
	30,
	0,
	0);
INSERT INTO O_NBATTR
	VALUES ("d5229f3c-55dc-4032-9fbc-8fa747fca3f4",
	"9309978f-bd81-4f9f-96e9-b124c945fbf1");
INSERT INTO O_BATTR
	VALUES ("d5229f3c-55dc-4032-9fbc-8fa747fca3f4",
	"9309978f-bd81-4f9f-96e9-b124c945fbf1");
INSERT INTO O_ATTR
	VALUES ("d5229f3c-55dc-4032-9fbc-8fa747fca3f4",
	"9309978f-bd81-4f9f-96e9-b124c945fbf1",
	"999973f9-f86f-464b-89b6-b6047a3c5b15",
	'checkedOut',
	'',
	'',
	'checkedOut',
	0,
	"ba5eda7a-def5-0000-0000-000000000010",
	'',
	'');
INSERT INTO O_NBATTR
	VALUES ("999973f9-f86f-464b-89b6-b6047a3c5b15",
	"9309978f-bd81-4f9f-96e9-b124c945fbf1");
INSERT INTO O_BATTR
	VALUES ("999973f9-f86f-464b-89b6-b6047a3c5b15",
	"9309978f-bd81-4f9f-96e9-b124c945fbf1");
INSERT INTO O_ATTR
	VALUES ("999973f9-f86f-464b-89b6-b6047a3c5b15",
	"9309978f-bd81-4f9f-96e9-b124c945fbf1",
	"559211bd-fddf-44c5-9d11-96cb7183956d",
	'checkedIn',
	'',
	'',
	'checkedIn',
	0,
	"ba5eda7a-def5-0000-0000-000000000010",
	'',
	'');
INSERT INTO O_NBATTR
	VALUES ("559211bd-fddf-44c5-9d11-96cb7183956d",
	"9309978f-bd81-4f9f-96e9-b124c945fbf1");
INSERT INTO O_BATTR
	VALUES ("559211bd-fddf-44c5-9d11-96cb7183956d",
	"9309978f-bd81-4f9f-96e9-b124c945fbf1");
INSERT INTO O_ATTR
	VALUES ("559211bd-fddf-44c5-9d11-96cb7183956d",
	"9309978f-bd81-4f9f-96e9-b124c945fbf1",
	"36028530-8e9f-4cac-9d21-dc774eb26d1a",
	'age',
	'',
	'',
	'age',
	0,
	"ba5eda7a-def5-0000-0000-000000000002",
	'',
	'');
INSERT INTO O_NBATTR
	VALUES ("36028530-8e9f-4cac-9d21-dc774eb26d1a",
	"9309978f-bd81-4f9f-96e9-b124c945fbf1");
INSERT INTO O_BATTR
	VALUES ("36028530-8e9f-4cac-9d21-dc774eb26d1a",
	"9309978f-bd81-4f9f-96e9-b124c945fbf1");
INSERT INTO O_ATTR
	VALUES ("36028530-8e9f-4cac-9d21-dc774eb26d1a",
	"9309978f-bd81-4f9f-96e9-b124c945fbf1",
	"00000000-0000-0000-0000-000000000000",
	'name',
	'',
	'',
	'name',
	0,
	"ba5eda7a-def5-0000-0000-000000000004",
	'',
	'');
INSERT INTO O_ID
	VALUES (2,
	"9309978f-bd81-4f9f-96e9-b124c945fbf1");
INSERT INTO O_ID
	VALUES (1,
	"9309978f-bd81-4f9f-96e9-b124c945fbf1");
INSERT INTO O_ID
	VALUES (0,
	"9309978f-bd81-4f9f-96e9-b124c945fbf1");
INSERT INTO PE_PE
	VALUES ("daf3cea3-b187-4d6a-9517-f12785ae9b3a",
	1,
	"960454f9-cf5f-4331-88bf-8023709586b1",
	"00000000-0000-0000-0000-000000000000",
	4);
INSERT INTO O_OBJ
	VALUES ("daf3cea3-b187-4d6a-9517-f12785ae9b3a",
	'Hotel',
	7,
	'HOTEL',
	'',
	"00000000-0000-0000-0000-000000000000");
INSERT INTO O_TFR
	VALUES ("e805ee2f-c747-462d-bf85-43728d65e110",
	"daf3cea3-b187-4d6a-9517-f12785ae9b3a",
	'createFacilityGroup',
	'',
	"ba5eda7a-def5-0000-0000-000000000001",
	1,
	'',
	1,
	'',
	"314bfd58-83f9-4991-98e8-ce0b92f901a4");
INSERT INTO O_TPARM
	VALUES ("bb08cb75-a1ac-4076-a950-d298e9c33a1b",
	"e805ee2f-c747-462d-bf85-43728d65e110",
	'name',
	"ba5eda7a-def5-0000-0000-000000000004",
	0,
	'',
	"00000000-0000-0000-0000-000000000000",
	'');
INSERT INTO ACT_OPB
	VALUES ("824f5eae-3484-4249-96a5-bb64d6a45fc7",
	"e805ee2f-c747-462d-bf85-43728d65e110");
INSERT INTO ACT_ACT
	VALUES ("824f5eae-3484-4249-96a5-bb64d6a45fc7",
	'operation',
	0,
	"fbf170de-f6fb-4c5a-8803-1143c8db0172",
	"00000000-0000-0000-0000-000000000000",
	0,
	'Hotel::createFacilityGroup',
	"00000000-0000-0000-0000-000000000000");
INSERT INTO ACT_BLK
	VALUES ("fbf170de-f6fb-4c5a-8803-1143c8db0172",
	0,
	0,
	0,
	'',
	'',
	'',
	0,
	0,
	0,
	0,
	0,
	0,
	0,
	0,
	0,
	0,
	0,
	0,
	0,
	"824f5eae-3484-4249-96a5-bb64d6a45fc7",
	"00000000-0000-0000-0000-000000000000");
INSERT INTO O_TFR
	VALUES ("314bfd58-83f9-4991-98e8-ce0b92f901a4",
	"daf3cea3-b187-4d6a-9517-f12785ae9b3a",
	'createStaff',
	'',
	"ba5eda7a-def5-0000-0000-000000000001",
	1,
	'',
	1,
	'',
	"a9d35b92-3364-4384-95f0-07b45f1a6ac2");
INSERT INTO O_TPARM
	VALUES ("fd291d23-a18f-4184-8351-7d2208f8d37f",
	"314bfd58-83f9-4991-98e8-ce0b92f901a4",
	'name',
	"ba5eda7a-def5-0000-0000-000000000004",
	0,
	'',
	"00000000-0000-0000-0000-000000000000",
	'');
INSERT INTO ACT_OPB
	VALUES ("a6a2d659-11e1-4e4a-bc6b-4194ab50c240",
	"314bfd58-83f9-4991-98e8-ce0b92f901a4");
INSERT INTO ACT_ACT
	VALUES ("a6a2d659-11e1-4e4a-bc6b-4194ab50c240",
	'operation',
	0,
	"b2965a81-6dc3-4b99-b899-56a909afc193",
	"00000000-0000-0000-0000-000000000000",
	0,
	'Hotel::createStaff',
	"00000000-0000-0000-0000-000000000000");
INSERT INTO ACT_BLK
	VALUES ("b2965a81-6dc3-4b99-b899-56a909afc193",
	0,
	0,
	0,
	'',
	'',
	'',
	0,
	0,
	0,
	0,
	0,
	0,
	0,
	0,
	0,
	0,
	0,
	0,
	0,
	"a6a2d659-11e1-4e4a-bc6b-4194ab50c240",
	"00000000-0000-0000-0000-000000000000");
INSERT INTO O_TFR
	VALUES ("a9d35b92-3364-4384-95f0-07b45f1a6ac2",
	"daf3cea3-b187-4d6a-9517-f12785ae9b3a",
	'createService',
	'',
	"ba5eda7a-def5-0000-0000-000000000001",
	1,
	'',
	1,
	'',
	"dcf32531-3848-47b9-921b-32e4d9282f80");
INSERT INTO O_TPARM
	VALUES ("e9957c9d-da65-489d-a71a-803e10832999",
	"a9d35b92-3364-4384-95f0-07b45f1a6ac2",
	'description',
	"ba5eda7a-def5-0000-0000-000000000004",
	0,
	'',
	"00000000-0000-0000-0000-000000000000",
	'');
INSERT INTO ACT_OPB
	VALUES ("65e414f1-f23d-4cfb-89e9-1b1386fbbefe",
	"a9d35b92-3364-4384-95f0-07b45f1a6ac2");
INSERT INTO ACT_ACT
	VALUES ("65e414f1-f23d-4cfb-89e9-1b1386fbbefe",
	'operation',
	0,
	"cf7a31d0-9dde-47fa-9f08-d7deff00dd2d",
	"00000000-0000-0000-0000-000000000000",
	0,
	'Hotel::createService',
	"00000000-0000-0000-0000-000000000000");
INSERT INTO ACT_BLK
	VALUES ("cf7a31d0-9dde-47fa-9f08-d7deff00dd2d",
	0,
	0,
	0,
	'',
	'',
	'',
	0,
	0,
	0,
	0,
	0,
	0,
	0,
	0,
	0,
	0,
	0,
	0,
	0,
	"65e414f1-f23d-4cfb-89e9-1b1386fbbefe",
	"00000000-0000-0000-0000-000000000000");
INSERT INTO O_TFR
	VALUES ("dcf32531-3848-47b9-921b-32e4d9282f80",
	"daf3cea3-b187-4d6a-9517-f12785ae9b3a",
	'createFacility',
	'',
	"ba5eda7a-def5-0000-0000-000000000001",
	1,
	'',
	1,
	'',
	"ccf03a92-529e-4e4e-9ad4-39e811fe957b");
INSERT INTO O_TPARM
	VALUES ("ee8d99a4-2851-4f34-af88-1ba65acd387e",
	"dcf32531-3848-47b9-921b-32e4d9282f80",
	'facilityID',
	"ba5eda7a-def5-0000-0000-000000000004",
	0,
	'',
	"00000000-0000-0000-0000-000000000000",
	'');
INSERT INTO ACT_OPB
	VALUES ("2783af4b-2230-4cc6-9330-2debf30b9f5b",
	"dcf32531-3848-47b9-921b-32e4d9282f80");
INSERT INTO ACT_ACT
	VALUES ("2783af4b-2230-4cc6-9330-2debf30b9f5b",
	'operation',
	0,
	"4136ece8-26c6-41b3-a88a-861090f139a7",
	"00000000-0000-0000-0000-000000000000",
	0,
	'Hotel::createFacility',
	"00000000-0000-0000-0000-000000000000");
INSERT INTO ACT_BLK
	VALUES ("4136ece8-26c6-41b3-a88a-861090f139a7",
	0,
	0,
	0,
	'',
	'',
	'',
	0,
	0,
	0,
	0,
	0,
	0,
	0,
	0,
	0,
	0,
	0,
	0,
	0,
	"2783af4b-2230-4cc6-9330-2debf30b9f5b",
	"00000000-0000-0000-0000-000000000000");
INSERT INTO O_TFR
	VALUES ("ccf03a92-529e-4e4e-9ad4-39e811fe957b",
	"daf3cea3-b187-4d6a-9517-f12785ae9b3a",
	'availableBookables',
	'',
	"df204ffe-8ba5-4335-839a-3b03a55091e7",
	1,
	'',
	1,
	'',
	"e63532ba-8f8f-46c0-9029-316eba07a309");
INSERT INTO O_TPARM
	VALUES ("80ae5404-e78a-4c3f-ae1a-c46137121f3b",
	"ccf03a92-529e-4e4e-9ad4-39e811fe957b",
	'filter',
	"ba5eda7a-def5-0000-0000-000000000002",
	0,
	'',
	"00000000-0000-0000-0000-000000000000",
	'');
INSERT INTO ACT_OPB
	VALUES ("8508ff19-3432-40ed-a4cb-22358f9853dd",
	"ccf03a92-529e-4e4e-9ad4-39e811fe957b");
INSERT INTO ACT_ACT
	VALUES ("8508ff19-3432-40ed-a4cb-22358f9853dd",
	'operation',
	0,
	"1892d1c6-483b-4e77-aadf-779f3e6f57db",
	"00000000-0000-0000-0000-000000000000",
	0,
	'Hotel::availableBookables',
	"00000000-0000-0000-0000-000000000000");
INSERT INTO ACT_BLK
	VALUES ("1892d1c6-483b-4e77-aadf-779f3e6f57db",
	0,
	0,
	0,
	'',
	'',
	'',
	0,
	0,
	0,
	0,
	0,
	0,
	0,
	0,
	0,
	0,
	0,
	0,
	0,
	"8508ff19-3432-40ed-a4cb-22358f9853dd",
	"00000000-0000-0000-0000-000000000000");
INSERT INTO O_TFR
	VALUES ("e63532ba-8f8f-46c0-9029-316eba07a309",
	"daf3cea3-b187-4d6a-9517-f12785ae9b3a",
	'addBooking',
	'',
	"ba5eda7a-def5-0000-0000-000000000001",
	1,
	'',
	1,
	'',
	"00000000-0000-0000-0000-000000000000");
INSERT INTO O_TPARM
	VALUES ("e87d143c-b35e-4000-9b94-7b4b3902cb9f",
	"e63532ba-8f8f-46c0-9029-316eba07a309",
	'booking',
	"433f7688-7b95-4f9c-89f1-cf076d691ab7",
	0,
	'',
	"00000000-0000-0000-0000-000000000000",
	'');
INSERT INTO ACT_OPB
	VALUES ("16fed708-8328-441d-a638-83cc79bdd31d",
	"e63532ba-8f8f-46c0-9029-316eba07a309");
INSERT INTO ACT_ACT
	VALUES ("16fed708-8328-441d-a638-83cc79bdd31d",
	'operation',
	0,
	"d42b9ed2-fe6d-44b6-8535-3dac3d8a574f",
	"00000000-0000-0000-0000-000000000000",
	0,
	'Hotel::addBooking',
	"00000000-0000-0000-0000-000000000000");
INSERT INTO ACT_BLK
	VALUES ("d42b9ed2-fe6d-44b6-8535-3dac3d8a574f",
	0,
	0,
	0,
	'',
	'',
	'',
	0,
	0,
	0,
	0,
	0,
	0,
	0,
	0,
	0,
	0,
	0,
	0,
	0,
	"16fed708-8328-441d-a638-83cc79bdd31d",
	"00000000-0000-0000-0000-000000000000");
INSERT INTO O_TFR
	VALUES ("4607eedb-0ca4-43c8-aec8-28b9eb9efb11",
	"daf3cea3-b187-4d6a-9517-f12785ae9b3a",
	'searchFacility',
	'',
	"bd43dc09-3be2-4ae8-806d-bedb08b1e03c",
	1,
	'
select any ft from instances of FACILITYTYPE where selected.id == param.facilityType;
				
select many allBookings from instances of BOOKING;

select many facilities related by ft->FACILITY[R1];
for each fc in facilities
	take = true;
	for each booking in allBookings
		if( (0 < ::compDate(d0: booking.toDate, d1:param.toDate)
			and
			0 > ::compDate(d0: booking.toDate, d1:param.fromDate))
			or
			(0 > ::compDate(d0: booking.fromDate, d1:param.toDate)
			and
			0 < ::compDate(d0: booking.fromDate, d1:param.fromDate))
		)
			continue;
		end if;
		select many fs related by booking->FACILITY[R14];
		for each f in fs
			if(f==fc)
				take = false;
				break;
			end if;
		end for;
		if(not take)
			break;
		end if;
	end for;
	if(take)
		LOG::LogInfo(message: "H: searchFacility: return "+fc.facilityID);
		return fc;
	end if; 
end for;
LOG::LogInfo(message: "H: searchFacility: about to return null");
select any cpalbin from instances of FACILITY where false;
	LOG::LogInfo(message: "H: searchFacility: return null");
return cpalbin;
',
	1,
	'',
	"e805ee2f-c747-462d-bf85-43728d65e110");
INSERT INTO O_TPARM
	VALUES ("edcbf21b-eeb0-49b3-b58e-9f4db5495c53",
	"4607eedb-0ca4-43c8-aec8-28b9eb9efb11",
	'fromDate',
	"ba5eda7a-def5-0000-0000-000000000010",
	0,
	'',
	"00000000-0000-0000-0000-000000000000",
	'');
INSERT INTO O_TPARM
	VALUES ("330961fc-e14a-4f4d-9839-d9485db515f8",
	"4607eedb-0ca4-43c8-aec8-28b9eb9efb11",
	'toDate',
	"ba5eda7a-def5-0000-0000-000000000010",
	0,
	'',
	"edcbf21b-eeb0-49b3-b58e-9f4db5495c53",
	'');
INSERT INTO O_TPARM
	VALUES ("cf64f946-cb6f-4340-b481-2229190c1340",
	"4607eedb-0ca4-43c8-aec8-28b9eb9efb11",
	'facilityType',
	"ba5eda7a-def5-0000-0000-000000000002",
	0,
	'',
	"330961fc-e14a-4f4d-9839-d9485db515f8",
	'');
INSERT INTO ACT_OPB
	VALUES ("f3b16bc0-c34e-4d64-b3e6-273d1c737986",
	"4607eedb-0ca4-43c8-aec8-28b9eb9efb11");
INSERT INTO ACT_ACT
	VALUES ("f3b16bc0-c34e-4d64-b3e6-273d1c737986",
	'operation',
	0,
	"7122f961-dac1-44b0-8fea-ce47634aa1b5",
	"00000000-0000-0000-0000-000000000000",
	0,
	'Hotel::searchFacility',
	"00000000-0000-0000-0000-000000000000");
INSERT INTO ACT_BLK
	VALUES ("7122f961-dac1-44b0-8fea-ce47634aa1b5",
	1,
	0,
	0,
	'LOG',
	'',
	'',
	39,
	1,
	38,
	2,
	0,
	0,
	6,
	48,
	0,
	0,
	0,
	0,
	0,
	"f3b16bc0-c34e-4d64-b3e6-273d1c737986",
	"00000000-0000-0000-0000-000000000000");
INSERT INTO ACT_SMT
	VALUES ("6b275a9b-1584-40f2-bb05-b446f61ebeaa",
	"7122f961-dac1-44b0-8fea-ce47634aa1b5",
	"9425c5a6-01b8-46e3-a30d-f1e9fc9bc0de",
	2,
	1,
	'Hotel::searchFacility line: 2');
INSERT INTO ACT_FIW
	VALUES ("6b275a9b-1584-40f2-bb05-b446f61ebeaa",
	"3ee7f539-754e-455b-aa20-afdfdc138814",
	1,
	'any',
	"410c37cf-7af8-4f01-aa67-2231589bf009",
	"bafdc953-1881-43a3-a5f1-9dcc7e2d60c3",
	2,
	33);
INSERT INTO ACT_SMT
	VALUES ("9425c5a6-01b8-46e3-a30d-f1e9fc9bc0de",
	"7122f961-dac1-44b0-8fea-ce47634aa1b5",
	"a9620ea5-c4ca-4c64-8113-664bf80e3dd5",
	4,
	1,
	'Hotel::searchFacility line: 4');
INSERT INTO ACT_FIO
	VALUES ("9425c5a6-01b8-46e3-a30d-f1e9fc9bc0de",
	"f1514ec4-f276-484f-aa56-97a5eeabaaf6",
	1,
	'many',
	"9a41fe9e-f547-4cde-b68d-f7db43c904dc",
	4,
	43);
INSERT INTO ACT_SMT
	VALUES ("a9620ea5-c4ca-4c64-8113-664bf80e3dd5",
	"7122f961-dac1-44b0-8fea-ce47634aa1b5",
	"4651e90b-3a6e-43a9-93e3-fcf08e1d5f3e",
	6,
	1,
	'Hotel::searchFacility line: 6');
INSERT INTO ACT_SEL
	VALUES ("a9620ea5-c4ca-4c64-8113-664bf80e3dd5",
	"59d6a65d-1c82-4fd0-b0d7-79938989e8f8",
	1,
	'many',
	"53cd9cbe-1891-449d-b847-b1cab5a4d90f");
INSERT INTO ACT_SR
	VALUES ("a9620ea5-c4ca-4c64-8113-664bf80e3dd5");
INSERT INTO ACT_LNK
	VALUES ("3a1f8d30-2f73-4feb-8f6a-c238684a9113",
	'',
	"a9620ea5-c4ca-4c64-8113-664bf80e3dd5",
	"861d98e9-8fb8-41c9-b775-c91333eaac35",
	"00000000-0000-0000-0000-000000000000",
	3,
	"4b839513-bd70-4d73-85ed-c06b10ee091a",
	6,
	39,
	6,
	48,
	0,
	0);
INSERT INTO ACT_SMT
	VALUES ("4651e90b-3a6e-43a9-93e3-fcf08e1d5f3e",
	"7122f961-dac1-44b0-8fea-ce47634aa1b5",
	"4f30e7e2-b51a-4f36-990c-709ede169ca1",
	7,
	1,
	'Hotel::searchFacility line: 7');
INSERT INTO ACT_FOR
	VALUES ("4651e90b-3a6e-43a9-93e3-fcf08e1d5f3e",
	"8db936b5-7938-4568-9499-92ce6fd37573",
	1,
	"04fb6989-0c90-4ff7-a9b5-02fe3631fd41",
	"59d6a65d-1c82-4fd0-b0d7-79938989e8f8",
	"4b839513-bd70-4d73-85ed-c06b10ee091a");
INSERT INTO ACT_SMT
	VALUES ("4f30e7e2-b51a-4f36-990c-709ede169ca1",
	"7122f961-dac1-44b0-8fea-ce47634aa1b5",
	"6c4b4c76-05a4-4977-a945-143f60a0c28c",
	36,
	1,
	'Hotel::searchFacility line: 36');
INSERT INTO ACT_BRG
	VALUES ("4f30e7e2-b51a-4f36-990c-709ede169ca1",
	"768e1cca-7403-495c-9b22-afd11a473eb6",
	36,
	6,
	36,
	1);
INSERT INTO ACT_SMT
	VALUES ("6c4b4c76-05a4-4977-a945-143f60a0c28c",
	"7122f961-dac1-44b0-8fea-ce47634aa1b5",
	"a116fe2e-a38d-4659-8ff4-2a6012d2fdd8",
	37,
	1,
	'Hotel::searchFacility line: 37');
INSERT INTO ACT_FIW
	VALUES ("6c4b4c76-05a4-4977-a945-143f60a0c28c",
	"43a41d73-92e1-4364-9d3c-3e24280d1339",
	1,
	'any',
	"25dae07a-16a8-4f57-8dec-ae583020c640",
	"4b839513-bd70-4d73-85ed-c06b10ee091a",
	37,
	38);
INSERT INTO ACT_SMT
	VALUES ("a116fe2e-a38d-4659-8ff4-2a6012d2fdd8",
	"7122f961-dac1-44b0-8fea-ce47634aa1b5",
	"192e01b8-7975-481c-8697-15a5bbe38bcd",
	38,
	2,
	'Hotel::searchFacility line: 38');
INSERT INTO ACT_BRG
	VALUES ("a116fe2e-a38d-4659-8ff4-2a6012d2fdd8",
	"768e1cca-7403-495c-9b22-afd11a473eb6",
	38,
	7,
	38,
	2);
INSERT INTO ACT_SMT
	VALUES ("192e01b8-7975-481c-8697-15a5bbe38bcd",
	"7122f961-dac1-44b0-8fea-ce47634aa1b5",
	"00000000-0000-0000-0000-000000000000",
	39,
	1,
	'Hotel::searchFacility line: 39');
INSERT INTO ACT_RET
	VALUES ("192e01b8-7975-481c-8697-15a5bbe38bcd",
	"d124418b-d345-4dbd-99eb-2f319047d236");
INSERT INTO V_VAL
	VALUES ("b6f41d1f-8599-4353-ba76-d15460935b8b",
	0,
	0,
	2,
	52,
	-1,
	0,
	0,
	0,
	0,
	"ba5eda7a-def5-0000-0000-000000000008",
	"7122f961-dac1-44b0-8fea-ce47634aa1b5");
INSERT INTO V_SLR
	VALUES ("b6f41d1f-8599-4353-ba76-d15460935b8b",
	"00000000-0000-0000-0000-000000000000",
	"00000000-0000-0000-0000-000000000000",
	"00000000-0000-0000-0000-000000000000");
INSERT INTO V_VAL
	VALUES ("18658614-f751-4075-99c4-380d2954ae27",
	0,
	0,
	2,
	61,
	62,
	0,
	0,
	0,
	0,
	"ba5eda7a-def5-0000-0000-000000000002",
	"7122f961-dac1-44b0-8fea-ce47634aa1b5");
INSERT INTO V_AVL
	VALUES ("18658614-f751-4075-99c4-380d2954ae27",
	"b6f41d1f-8599-4353-ba76-d15460935b8b",
	"bafdc953-1881-43a3-a5f1-9dcc7e2d60c3",
	"c7050232-2f33-4247-8fc7-4866e3c7280d");
INSERT INTO V_VAL
	VALUES ("410c37cf-7af8-4f01-aa67-2231589bf009",
	0,
	0,
	-1,
	-1,
	-1,
	0,
	0,
	0,
	0,
	"ba5eda7a-def5-0000-0000-000000000001",
	"7122f961-dac1-44b0-8fea-ce47634aa1b5");
INSERT INTO V_BIN
	VALUES ("410c37cf-7af8-4f01-aa67-2231589bf009",
	"b1d8eecd-773a-402f-94fe-9a1d3cb4f293",
	"18658614-f751-4075-99c4-380d2954ae27",
	'==');
INSERT INTO V_VAL
	VALUES ("b1d8eecd-773a-402f-94fe-9a1d3cb4f293",
	0,
	0,
	2,
	73,
	84,
	0,
	0,
	0,
	0,
	"ba5eda7a-def5-0000-0000-000000000002",
	"7122f961-dac1-44b0-8fea-ce47634aa1b5");
INSERT INTO V_PVL
	VALUES ("b1d8eecd-773a-402f-94fe-9a1d3cb4f293",
	"00000000-0000-0000-0000-000000000000",
	"00000000-0000-0000-0000-000000000000",
	"cf64f946-cb6f-4340-b481-2229190c1340",
	"00000000-0000-0000-0000-000000000000");
INSERT INTO V_VAL
	VALUES ("53cd9cbe-1891-449d-b847-b1cab5a4d90f",
	0,
	0,
	6,
	35,
	36,
	0,
	0,
	0,
	0,
	"99dc6d1a-909c-4bcb-a5b6-04d65b974e90",
	"7122f961-dac1-44b0-8fea-ce47634aa1b5");
INSERT INTO V_IRF
	VALUES ("53cd9cbe-1891-449d-b847-b1cab5a4d90f",
	"3ee7f539-754e-455b-aa20-afdfdc138814");
INSERT INTO V_VAL
	VALUES ("8c2c88a4-7db7-41bd-80ff-66d154795980",
	0,
	0,
	36,
	23,
	62,
	0,
	0,
	0,
	0,
	"ba5eda7a-def5-0000-0000-000000000004",
	"7122f961-dac1-44b0-8fea-ce47634aa1b5");
INSERT INTO V_LST
	VALUES ("8c2c88a4-7db7-41bd-80ff-66d154795980",
	'H: searchFacility: about to return null');
INSERT INTO V_PAR
	VALUES ("8c2c88a4-7db7-41bd-80ff-66d154795980",
	"4f30e7e2-b51a-4f36-990c-709ede169ca1",
	"00000000-0000-0000-0000-000000000000",
	'message',
	"00000000-0000-0000-0000-000000000000",
	36,
	14);
INSERT INTO V_VAL
	VALUES ("25dae07a-16a8-4f57-8dec-ae583020c640",
	0,
	0,
	-1,
	-1,
	-1,
	0,
	0,
	0,
	0,
	"ba5eda7a-def5-0000-0000-000000000001",
	"7122f961-dac1-44b0-8fea-ce47634aa1b5");
INSERT INTO V_LBO
	VALUES ("25dae07a-16a8-4f57-8dec-ae583020c640",
	'FALSE');
INSERT INTO V_VAL
	VALUES ("70a1e0eb-d91d-46fe-9448-6cf425792180",
	0,
	0,
	38,
	24,
	54,
	0,
	0,
	0,
	0,
	"ba5eda7a-def5-0000-0000-000000000004",
	"7122f961-dac1-44b0-8fea-ce47634aa1b5");
INSERT INTO V_LST
	VALUES ("70a1e0eb-d91d-46fe-9448-6cf425792180",
	'H: searchFacility: return null');
INSERT INTO V_PAR
	VALUES ("70a1e0eb-d91d-46fe-9448-6cf425792180",
	"a116fe2e-a38d-4659-8ff4-2a6012d2fdd8",
	"00000000-0000-0000-0000-000000000000",
	'message',
	"00000000-0000-0000-0000-000000000000",
	38,
	15);
INSERT INTO V_VAL
	VALUES ("d124418b-d345-4dbd-99eb-2f319047d236",
	0,
	0,
	39,
	8,
	14,
	0,
	0,
	0,
	0,
	"bd43dc09-3be2-4ae8-806d-bedb08b1e03c",
	"7122f961-dac1-44b0-8fea-ce47634aa1b5");
INSERT INTO V_IRF
	VALUES ("d124418b-d345-4dbd-99eb-2f319047d236",
	"43a41d73-92e1-4364-9d3c-3e24280d1339");
INSERT INTO V_VAR
	VALUES ("3ee7f539-754e-455b-aa20-afdfdc138814",
	"7122f961-dac1-44b0-8fea-ce47634aa1b5",
	'ft',
	1,
	"99dc6d1a-909c-4bcb-a5b6-04d65b974e90");
INSERT INTO V_INT
	VALUES ("3ee7f539-754e-455b-aa20-afdfdc138814",
	0,
	"bafdc953-1881-43a3-a5f1-9dcc7e2d60c3");
INSERT INTO V_LOC
	VALUES ("e63fc335-1d11-42cc-8e54-3c1ac108744c",
	2,
	12,
	13,
	"3ee7f539-754e-455b-aa20-afdfdc138814");
INSERT INTO V_VAR
	VALUES ("f1514ec4-f276-484f-aa56-97a5eeabaaf6",
	"7122f961-dac1-44b0-8fea-ce47634aa1b5",
	'allBookings',
	1,
	"43b0cae0-5c1a-4413-9ef4-db5152923f7b");
INSERT INTO V_INS
	VALUES ("f1514ec4-f276-484f-aa56-97a5eeabaaf6",
	"9a41fe9e-f547-4cde-b68d-f7db43c904dc");
INSERT INTO V_LOC
	VALUES ("50ee163e-c2bb-40a6-875b-042cf498ecef",
	4,
	13,
	23,
	"f1514ec4-f276-484f-aa56-97a5eeabaaf6");
INSERT INTO V_LOC
	VALUES ("143633a0-0ab1-476f-82d6-ff27c5a482e0",
	9,
	22,
	32,
	"f1514ec4-f276-484f-aa56-97a5eeabaaf6");
INSERT INTO V_VAR
	VALUES ("59d6a65d-1c82-4fd0-b0d7-79938989e8f8",
	"7122f961-dac1-44b0-8fea-ce47634aa1b5",
	'facilities',
	1,
	"6557ebe6-ab9f-4355-8439-aba9a82c7dd3");
INSERT INTO V_INS
	VALUES ("59d6a65d-1c82-4fd0-b0d7-79938989e8f8",
	"4b839513-bd70-4d73-85ed-c06b10ee091a");
INSERT INTO V_LOC
	VALUES ("289e4986-785f-4427-a294-b52fd39a4def",
	6,
	13,
	22,
	"59d6a65d-1c82-4fd0-b0d7-79938989e8f8");
INSERT INTO V_LOC
	VALUES ("e9253d26-7b55-4df0-9f78-26054ea9d48b",
	7,
	16,
	25,
	"59d6a65d-1c82-4fd0-b0d7-79938989e8f8");
INSERT INTO V_VAR
	VALUES ("04fb6989-0c90-4ff7-a9b5-02fe3631fd41",
	"7122f961-dac1-44b0-8fea-ce47634aa1b5",
	'fc',
	1,
	"bd43dc09-3be2-4ae8-806d-bedb08b1e03c");
INSERT INTO V_INT
	VALUES ("04fb6989-0c90-4ff7-a9b5-02fe3631fd41",
	1,
	"4b839513-bd70-4d73-85ed-c06b10ee091a");
INSERT INTO V_LOC
	VALUES ("c0ae47c9-b5c6-4385-9dfd-c4338cc4fa73",
	7,
	10,
	11,
	"04fb6989-0c90-4ff7-a9b5-02fe3631fd41");
INSERT INTO V_LOC
	VALUES ("931f26a9-4d88-4dd4-a1e4-f1633eb9f146",
	22,
	10,
	11,
	"04fb6989-0c90-4ff7-a9b5-02fe3631fd41");
INSERT INTO V_LOC
	VALUES ("8afe5d58-706e-4396-9328-2ffa042de10e",
	32,
	54,
	55,
	"04fb6989-0c90-4ff7-a9b5-02fe3631fd41");
INSERT INTO V_LOC
	VALUES ("b35fee84-1fa8-4352-96ba-642c3e52c3b4",
	33,
	10,
	11,
	"04fb6989-0c90-4ff7-a9b5-02fe3631fd41");
INSERT INTO V_VAR
	VALUES ("43a41d73-92e1-4364-9d3c-3e24280d1339",
	"7122f961-dac1-44b0-8fea-ce47634aa1b5",
	'cpalbin',
	1,
	"bd43dc09-3be2-4ae8-806d-bedb08b1e03c");
INSERT INTO V_INT
	VALUES ("43a41d73-92e1-4364-9d3c-3e24280d1339",
	0,
	"4b839513-bd70-4d73-85ed-c06b10ee091a");
INSERT INTO V_LOC
	VALUES ("5923f6af-975c-4e42-a425-9e334d18ecf7",
	37,
	12,
	18,
	"43a41d73-92e1-4364-9d3c-3e24280d1339");
INSERT INTO V_LOC
	VALUES ("57810b21-1165-4b9b-92f0-1b4270434a10",
	39,
	8,
	14,
	"43a41d73-92e1-4364-9d3c-3e24280d1339");
INSERT INTO ACT_BLK
	VALUES ("8db936b5-7938-4568-9499-92ce6fd37573",
	0,
	0,
	0,
	'',
	'',
	'',
	31,
	2,
	0,
	0,
	0,
	0,
	0,
	0,
	0,
	0,
	0,
	0,
	0,
	"f3b16bc0-c34e-4d64-b3e6-273d1c737986",
	"00000000-0000-0000-0000-000000000000");
INSERT INTO ACT_SMT
	VALUES ("3ef4a5bd-121b-4115-befa-6cc72982a3b3",
	"8db936b5-7938-4568-9499-92ce6fd37573",
	"69e60eee-c6c4-4a01-8265-934b8e865c65",
	8,
	2,
	'Hotel::searchFacility line: 8');
INSERT INTO ACT_AI
	VALUES ("3ef4a5bd-121b-4115-befa-6cc72982a3b3",
	"239490fd-c5e5-41c9-bc7a-9d7fcdc4fba7",
	"3f70a7c2-bd25-4893-b94c-bc60e8c345ad",
	0,
	0);
INSERT INTO ACT_SMT
	VALUES ("69e60eee-c6c4-4a01-8265-934b8e865c65",
	"8db936b5-7938-4568-9499-92ce6fd37573",
	"df9a657b-bf26-486a-86f4-9bffd95e18e1",
	9,
	2,
	'Hotel::searchFacility line: 9');
INSERT INTO ACT_FOR
	VALUES ("69e60eee-c6c4-4a01-8265-934b8e865c65",
	"568014e2-c095-4d74-9be4-d0776d20c973",
	1,
	"4aa7198f-ec8e-4de7-869d-1e66b73aa1fd",
	"f1514ec4-f276-484f-aa56-97a5eeabaaf6",
	"9a41fe9e-f547-4cde-b68d-f7db43c904dc");
INSERT INTO ACT_SMT
	VALUES ("df9a657b-bf26-486a-86f4-9bffd95e18e1",
	"8db936b5-7938-4568-9499-92ce6fd37573",
	"00000000-0000-0000-0000-000000000000",
	31,
	2,
	'Hotel::searchFacility line: 31');
INSERT INTO ACT_IF
	VALUES ("df9a657b-bf26-486a-86f4-9bffd95e18e1",
	"17037dfb-0ea3-4ec2-80f0-08f4ab61de46",
	"b1e1fb28-136f-4f86-9a79-21c615315f4f",
	"00000000-0000-0000-0000-000000000000",
	"00000000-0000-0000-0000-000000000000");
INSERT INTO V_VAL
	VALUES ("3f70a7c2-bd25-4893-b94c-bc60e8c345ad",
	1,
	1,
	8,
	2,
	5,
	0,
	0,
	0,
	0,
	"ba5eda7a-def5-0000-0000-000000000001",
	"8db936b5-7938-4568-9499-92ce6fd37573");
INSERT INTO V_TVL
	VALUES ("3f70a7c2-bd25-4893-b94c-bc60e8c345ad",
	"d8aac83a-7488-4b16-a17f-6bfe5ec49c47");
INSERT INTO V_VAL
	VALUES ("239490fd-c5e5-41c9-bc7a-9d7fcdc4fba7",
	0,
	0,
	-1,
	-1,
	-1,
	0,
	0,
	0,
	0,
	"ba5eda7a-def5-0000-0000-000000000001",
	"8db936b5-7938-4568-9499-92ce6fd37573");
INSERT INTO V_LBO
	VALUES ("239490fd-c5e5-41c9-bc7a-9d7fcdc4fba7",
	'TRUE');
INSERT INTO V_VAL
	VALUES ("b1e1fb28-136f-4f86-9a79-21c615315f4f",
	0,
	0,
	31,
	5,
	8,
	0,
	0,
	0,
	0,
	"ba5eda7a-def5-0000-0000-000000000001",
	"8db936b5-7938-4568-9499-92ce6fd37573");
INSERT INTO V_TVL
	VALUES ("b1e1fb28-136f-4f86-9a79-21c615315f4f",
	"d8aac83a-7488-4b16-a17f-6bfe5ec49c47");
INSERT INTO V_VAR
	VALUES ("d8aac83a-7488-4b16-a17f-6bfe5ec49c47",
	"8db936b5-7938-4568-9499-92ce6fd37573",
	'take',
	1,
	"ba5eda7a-def5-0000-0000-000000000001");
INSERT INTO V_TRN
	VALUES ("d8aac83a-7488-4b16-a17f-6bfe5ec49c47",
	"00000000-0000-0000-0000-000000000000",
	'');
INSERT INTO V_LOC
	VALUES ("b57010fe-cd47-45fe-8ad6-4b672791a4d6",
	8,
	2,
	5,
	"d8aac83a-7488-4b16-a17f-6bfe5ec49c47");
INSERT INTO V_LOC
	VALUES ("9d54e198-95f5-4d49-af92-f7cd990d6a08",
	23,
	5,
	8,
	"d8aac83a-7488-4b16-a17f-6bfe5ec49c47");
INSERT INTO V_LOC
	VALUES ("32dd7593-00cd-46f1-b02a-19e3d0401f69",
	27,
	10,
	13,
	"d8aac83a-7488-4b16-a17f-6bfe5ec49c47");
INSERT INTO V_LOC
	VALUES ("e496d379-882b-4527-9033-65a22bde36d7",
	31,
	5,
	8,
	"d8aac83a-7488-4b16-a17f-6bfe5ec49c47");
INSERT INTO V_VAR
	VALUES ("4aa7198f-ec8e-4de7-869d-1e66b73aa1fd",
	"8db936b5-7938-4568-9499-92ce6fd37573",
	'booking',
	1,
	"433f7688-7b95-4f9c-89f1-cf076d691ab7");
INSERT INTO V_INT
	VALUES ("4aa7198f-ec8e-4de7-869d-1e66b73aa1fd",
	1,
	"9a41fe9e-f547-4cde-b68d-f7db43c904dc");
INSERT INTO V_LOC
	VALUES ("7e1588c0-a63c-49a4-8b87-f0278eeba1ff",
	9,
	11,
	17,
	"4aa7198f-ec8e-4de7-869d-1e66b73aa1fd");
INSERT INTO V_LOC
	VALUES ("ee2f08a1-db3d-4168-b354-eccfdeeb2517",
	10,
	27,
	33,
	"4aa7198f-ec8e-4de7-869d-1e66b73aa1fd");
INSERT INTO V_LOC
	VALUES ("8a31372e-5e9e-4188-b92d-e293034add2b",
	12,
	23,
	29,
	"4aa7198f-ec8e-4de7-869d-1e66b73aa1fd");
INSERT INTO V_LOC
	VALUES ("1fbde32b-a0bf-46a2-b69a-a5e4e674bfa3",
	14,
	24,
	30,
	"4aa7198f-ec8e-4de7-869d-1e66b73aa1fd");
INSERT INTO V_LOC
	VALUES ("ec68c0e8-1a57-4e67-b287-8f663a9271c9",
	16,
	23,
	29,
	"4aa7198f-ec8e-4de7-869d-1e66b73aa1fd");
INSERT INTO ACT_BLK
	VALUES ("568014e2-c095-4d74-9be4-d0776d20c973",
	1,
	0,
	0,
	'',
	'',
	'',
	27,
	3,
	20,
	38,
	0,
	0,
	20,
	47,
	0,
	0,
	0,
	0,
	0,
	"f3b16bc0-c34e-4d64-b3e6-273d1c737986",
	"00000000-0000-0000-0000-000000000000");
INSERT INTO ACT_SMT
	VALUES ("b7cfe0df-8056-4c1d-a556-e69ccbb824e5",
	"568014e2-c095-4d74-9be4-d0776d20c973",
	"a92a8372-6555-448f-8c44-bd848d8742fd",
	10,
	3,
	'Hotel::searchFacility line: 10');
INSERT INTO ACT_IF
	VALUES ("b7cfe0df-8056-4c1d-a556-e69ccbb824e5",
	"6f7fd199-691a-4323-be30-37e99da7135d",
	"f6b357c2-4f90-4928-8826-fe83a0965d85",
	"00000000-0000-0000-0000-000000000000",
	"00000000-0000-0000-0000-000000000000");
INSERT INTO ACT_SMT
	VALUES ("a92a8372-6555-448f-8c44-bd848d8742fd",
	"568014e2-c095-4d74-9be4-d0776d20c973",
	"9f77b77f-d425-49c3-9a83-a1eb2cc8e0c9",
	20,
	3,
	'Hotel::searchFacility line: 20');
INSERT INTO ACT_SEL
	VALUES ("a92a8372-6555-448f-8c44-bd848d8742fd",
	"01013e14-6d60-4a27-913e-e641e37a23f9",
	1,
	'many',
	"588186dd-254c-4a7d-b4a9-f2d01fbbd0c4");
INSERT INTO ACT_SR
	VALUES ("a92a8372-6555-448f-8c44-bd848d8742fd");
INSERT INTO ACT_LNK
	VALUES ("97af0e4e-7f2e-4cb9-9b01-7991bd6a44f6",
	'',
	"a92a8372-6555-448f-8c44-bd848d8742fd",
	"67bafe36-3499-4032-89f0-72889662bcf2",
	"00000000-0000-0000-0000-000000000000",
	3,
	"4b839513-bd70-4d73-85ed-c06b10ee091a",
	20,
	38,
	20,
	47,
	0,
	0);
INSERT INTO ACT_SMT
	VALUES ("9f77b77f-d425-49c3-9a83-a1eb2cc8e0c9",
	"568014e2-c095-4d74-9be4-d0776d20c973",
	"4d634b90-98fa-430b-a737-7c21b436e70e",
	21,
	3,
	'Hotel::searchFacility line: 21');
INSERT INTO ACT_FOR
	VALUES ("9f77b77f-d425-49c3-9a83-a1eb2cc8e0c9",
	"dc944576-ce0f-4e06-bb5c-ee53e9747ab3",
	1,
	"fe39be4f-f5d7-4676-af22-648bd8781bbf",
	"01013e14-6d60-4a27-913e-e641e37a23f9",
	"4b839513-bd70-4d73-85ed-c06b10ee091a");
INSERT INTO ACT_SMT
	VALUES ("4d634b90-98fa-430b-a737-7c21b436e70e",
	"568014e2-c095-4d74-9be4-d0776d20c973",
	"00000000-0000-0000-0000-000000000000",
	27,
	3,
	'Hotel::searchFacility line: 27');
INSERT INTO ACT_IF
	VALUES ("4d634b90-98fa-430b-a737-7c21b436e70e",
	"37a38d57-f6b7-483b-bcaa-f0ad6bb74c06",
	"7fd3ce3b-8696-4fd5-a266-0aa3498f251e",
	"00000000-0000-0000-0000-000000000000",
	"00000000-0000-0000-0000-000000000000");
INSERT INTO V_VAL
	VALUES ("5b950139-a2a5-4cda-9173-bad8ada25c9b",
	0,
	0,
	10,
	8,
	8,
	0,
	0,
	0,
	0,
	"ba5eda7a-def5-0000-0000-000000000002",
	"568014e2-c095-4d74-9be4-d0776d20c973");
INSERT INTO V_LIN
	VALUES ("5b950139-a2a5-4cda-9173-bad8ada25c9b",
	'0');
INSERT INTO V_VAL
	VALUES ("acf121e5-b15c-45b4-9dd8-2480bcba5525",
	0,
	0,
	-1,
	-1,
	-1,
	0,
	0,
	0,
	0,
	"ba5eda7a-def5-0000-0000-000000000001",
	"568014e2-c095-4d74-9be4-d0776d20c973");
INSERT INTO V_BIN
	VALUES ("acf121e5-b15c-45b4-9dd8-2480bcba5525",
	"73d3f382-c857-4b32-9cb0-7cfa1b6ae7cb",
	"5b950139-a2a5-4cda-9173-bad8ada25c9b",
	'<');
INSERT INTO V_VAL
	VALUES ("73d3f382-c857-4b32-9cb0-7cfa1b6ae7cb",
	0,
	0,
	10,
	14,
	-1,
	10,
	23,
	10,
	43,
	"ba5eda7a-def5-0000-0000-000000000002",
	"568014e2-c095-4d74-9be4-d0776d20c973");
INSERT INTO V_FNV
	VALUES ("73d3f382-c857-4b32-9cb0-7cfa1b6ae7cb",
	"52572cbd-c389-40eb-b763-ffc8f3afbb15",
	1);
INSERT INTO V_VAL
	VALUES ("46557cde-b233-4e9f-92c1-d1eb01d51fee",
	0,
	0,
	10,
	27,
	33,
	0,
	0,
	0,
	0,
	"433f7688-7b95-4f9c-89f1-cf076d691ab7",
	"568014e2-c095-4d74-9be4-d0776d20c973");
INSERT INTO V_IRF
	VALUES ("46557cde-b233-4e9f-92c1-d1eb01d51fee",
	"4aa7198f-ec8e-4de7-869d-1e66b73aa1fd");
INSERT INTO V_VAL
	VALUES ("f6d2c290-2161-4547-b598-e50c51f65539",
	0,
	0,
	10,
	35,
	40,
	0,
	0,
	0,
	0,
	"ba5eda7a-def5-0000-0000-000000000010",
	"568014e2-c095-4d74-9be4-d0776d20c973");
INSERT INTO V_AVL
	VALUES ("f6d2c290-2161-4547-b598-e50c51f65539",
	"46557cde-b233-4e9f-92c1-d1eb01d51fee",
	"9a41fe9e-f547-4cde-b68d-f7db43c904dc",
	"e8beb6ea-4122-426a-9215-3d8a7d8b3cc6");
INSERT INTO V_PAR
	VALUES ("f6d2c290-2161-4547-b598-e50c51f65539",
	"00000000-0000-0000-0000-000000000000",
	"73d3f382-c857-4b32-9cb0-7cfa1b6ae7cb",
	'd0',
	"5ad57e58-a4c8-46b3-997b-b4fb2f509771",
	10,
	23);
INSERT INTO V_VAL
	VALUES ("5ad57e58-a4c8-46b3-997b-b4fb2f509771",
	0,
	0,
	10,
	52,
	57,
	0,
	0,
	0,
	0,
	"ba5eda7a-def5-0000-0000-000000000010",
	"568014e2-c095-4d74-9be4-d0776d20c973");
INSERT INTO V_PVL
	VALUES ("5ad57e58-a4c8-46b3-997b-b4fb2f509771",
	"00000000-0000-0000-0000-000000000000",
	"00000000-0000-0000-0000-000000000000",
	"330961fc-e14a-4f4d-9839-d9485db515f8",
	"00000000-0000-0000-0000-000000000000");
INSERT INTO V_PAR
	VALUES ("5ad57e58-a4c8-46b3-997b-b4fb2f509771",
	"00000000-0000-0000-0000-000000000000",
	"73d3f382-c857-4b32-9cb0-7cfa1b6ae7cb",
	'd1',
	"00000000-0000-0000-0000-000000000000",
	10,
	43);
INSERT INTO V_VAL
	VALUES ("5b3d18cd-8423-4bde-958e-3ada98104f60",
	0,
	0,
	12,
	4,
	4,
	0,
	0,
	0,
	0,
	"ba5eda7a-def5-0000-0000-000000000002",
	"568014e2-c095-4d74-9be4-d0776d20c973");
INSERT INTO V_LIN
	VALUES ("5b3d18cd-8423-4bde-958e-3ada98104f60",
	'0');
INSERT INTO V_VAL
	VALUES ("891f5a9e-7ca7-432a-9981-bf9d115862fa",
	0,
	0,
	-1,
	-1,
	-1,
	0,
	0,
	0,
	0,
	"ba5eda7a-def5-0000-0000-000000000001",
	"568014e2-c095-4d74-9be4-d0776d20c973");
INSERT INTO V_BIN
	VALUES ("891f5a9e-7ca7-432a-9981-bf9d115862fa",
	"97b7bfb6-e085-4e34-a411-883ed8481d37",
	"5b3d18cd-8423-4bde-958e-3ada98104f60",
	'>');
INSERT INTO V_VAL
	VALUES ("97b7bfb6-e085-4e34-a411-883ed8481d37",
	0,
	0,
	12,
	10,
	-1,
	12,
	19,
	12,
	39,
	"ba5eda7a-def5-0000-0000-000000000002",
	"568014e2-c095-4d74-9be4-d0776d20c973");
INSERT INTO V_FNV
	VALUES ("97b7bfb6-e085-4e34-a411-883ed8481d37",
	"52572cbd-c389-40eb-b763-ffc8f3afbb15",
	1);
INSERT INTO V_VAL
	VALUES ("34771060-03d4-4d34-b6d8-836768d6ff5f",
	0,
	0,
	12,
	23,
	29,
	0,
	0,
	0,
	0,
	"433f7688-7b95-4f9c-89f1-cf076d691ab7",
	"568014e2-c095-4d74-9be4-d0776d20c973");
INSERT INTO V_IRF
	VALUES ("34771060-03d4-4d34-b6d8-836768d6ff5f",
	"4aa7198f-ec8e-4de7-869d-1e66b73aa1fd");
INSERT INTO V_VAL
	VALUES ("8fbee49c-629a-4b7d-aa28-c194a5c9c97a",
	0,
	0,
	12,
	31,
	36,
	0,
	0,
	0,
	0,
	"ba5eda7a-def5-0000-0000-000000000010",
	"568014e2-c095-4d74-9be4-d0776d20c973");
INSERT INTO V_AVL
	VALUES ("8fbee49c-629a-4b7d-aa28-c194a5c9c97a",
	"34771060-03d4-4d34-b6d8-836768d6ff5f",
	"9a41fe9e-f547-4cde-b68d-f7db43c904dc",
	"e8beb6ea-4122-426a-9215-3d8a7d8b3cc6");
INSERT INTO V_PAR
	VALUES ("8fbee49c-629a-4b7d-aa28-c194a5c9c97a",
	"00000000-0000-0000-0000-000000000000",
	"97b7bfb6-e085-4e34-a411-883ed8481d37",
	'd0',
	"0746a3ed-ed3c-4aa4-be8f-217230ab3c93",
	12,
	19);
INSERT INTO V_VAL
	VALUES ("0746a3ed-ed3c-4aa4-be8f-217230ab3c93",
	0,
	0,
	12,
	48,
	55,
	0,
	0,
	0,
	0,
	"ba5eda7a-def5-0000-0000-000000000010",
	"568014e2-c095-4d74-9be4-d0776d20c973");
INSERT INTO V_PVL
	VALUES ("0746a3ed-ed3c-4aa4-be8f-217230ab3c93",
	"00000000-0000-0000-0000-000000000000",
	"00000000-0000-0000-0000-000000000000",
	"edcbf21b-eeb0-49b3-b58e-9f4db5495c53",
	"00000000-0000-0000-0000-000000000000");
INSERT INTO V_PAR
	VALUES ("0746a3ed-ed3c-4aa4-be8f-217230ab3c93",
	"00000000-0000-0000-0000-000000000000",
	"97b7bfb6-e085-4e34-a411-883ed8481d37",
	'd1',
	"00000000-0000-0000-0000-000000000000",
	12,
	39);
INSERT INTO V_VAL
	VALUES ("2e4b7295-c756-4bd2-82c0-73e9b0ffdde4",
	0,
	0,
	-1,
	-1,
	-1,
	0,
	0,
	0,
	0,
	"ba5eda7a-def5-0000-0000-000000000001",
	"568014e2-c095-4d74-9be4-d0776d20c973");
INSERT INTO V_BIN
	VALUES ("2e4b7295-c756-4bd2-82c0-73e9b0ffdde4",
	"891f5a9e-7ca7-432a-9981-bf9d115862fa",
	"acf121e5-b15c-45b4-9dd8-2480bcba5525",
	'and');
INSERT INTO V_VAL
	VALUES ("44ab2960-3508-4b67-9104-57b1f74d6e55",
	0,
	0,
	14,
	5,
	5,
	0,
	0,
	0,
	0,
	"ba5eda7a-def5-0000-0000-000000000002",
	"568014e2-c095-4d74-9be4-d0776d20c973");
INSERT INTO V_LIN
	VALUES ("44ab2960-3508-4b67-9104-57b1f74d6e55",
	'0');
INSERT INTO V_VAL
	VALUES ("3c63e2b8-9314-43e8-95df-a752c5202731",
	0,
	0,
	-1,
	-1,
	-1,
	0,
	0,
	0,
	0,
	"ba5eda7a-def5-0000-0000-000000000001",
	"568014e2-c095-4d74-9be4-d0776d20c973");
INSERT INTO V_BIN
	VALUES ("3c63e2b8-9314-43e8-95df-a752c5202731",
	"53c044f1-7a28-4f2b-9e2f-0ac73c8eac25",
	"44ab2960-3508-4b67-9104-57b1f74d6e55",
	'>');
INSERT INTO V_VAL
	VALUES ("53c044f1-7a28-4f2b-9e2f-0ac73c8eac25",
	0,
	0,
	14,
	11,
	-1,
	14,
	20,
	14,
	42,
	"ba5eda7a-def5-0000-0000-000000000002",
	"568014e2-c095-4d74-9be4-d0776d20c973");
INSERT INTO V_FNV
	VALUES ("53c044f1-7a28-4f2b-9e2f-0ac73c8eac25",
	"52572cbd-c389-40eb-b763-ffc8f3afbb15",
	1);
INSERT INTO V_VAL
	VALUES ("19a4ef7b-98b7-4123-8ec9-e3d586ab10f7",
	0,
	0,
	14,
	24,
	30,
	0,
	0,
	0,
	0,
	"433f7688-7b95-4f9c-89f1-cf076d691ab7",
	"568014e2-c095-4d74-9be4-d0776d20c973");
INSERT INTO V_IRF
	VALUES ("19a4ef7b-98b7-4123-8ec9-e3d586ab10f7",
	"4aa7198f-ec8e-4de7-869d-1e66b73aa1fd");
INSERT INTO V_VAL
	VALUES ("be148adf-67e9-43c4-a99e-6c2e8f7fa005",
	0,
	0,
	14,
	32,
	39,
	0,
	0,
	0,
	0,
	"ba5eda7a-def5-0000-0000-000000000010",
	"568014e2-c095-4d74-9be4-d0776d20c973");
INSERT INTO V_AVL
	VALUES ("be148adf-67e9-43c4-a99e-6c2e8f7fa005",
	"19a4ef7b-98b7-4123-8ec9-e3d586ab10f7",
	"9a41fe9e-f547-4cde-b68d-f7db43c904dc",
	"1bbfeec7-96fb-4cc4-ae24-cc51dbf69bda");
INSERT INTO V_PAR
	VALUES ("be148adf-67e9-43c4-a99e-6c2e8f7fa005",
	"00000000-0000-0000-0000-000000000000",
	"53c044f1-7a28-4f2b-9e2f-0ac73c8eac25",
	'd0',
	"cf5f7df2-a809-4138-9e23-82631af98599",
	14,
	20);
INSERT INTO V_VAL
	VALUES ("cf5f7df2-a809-4138-9e23-82631af98599",
	0,
	0,
	14,
	51,
	56,
	0,
	0,
	0,
	0,
	"ba5eda7a-def5-0000-0000-000000000010",
	"568014e2-c095-4d74-9be4-d0776d20c973");
INSERT INTO V_PVL
	VALUES ("cf5f7df2-a809-4138-9e23-82631af98599",
	"00000000-0000-0000-0000-000000000000",
	"00000000-0000-0000-0000-000000000000",
	"330961fc-e14a-4f4d-9839-d9485db515f8",
	"00000000-0000-0000-0000-000000000000");
INSERT INTO V_PAR
	VALUES ("cf5f7df2-a809-4138-9e23-82631af98599",
	"00000000-0000-0000-0000-000000000000",
	"53c044f1-7a28-4f2b-9e2f-0ac73c8eac25",
	'd1',
	"00000000-0000-0000-0000-000000000000",
	14,
	42);
INSERT INTO V_VAL
	VALUES ("df67a732-fbdd-4e1f-9d01-730305653dbf",
	0,
	0,
	16,
	4,
	4,
	0,
	0,
	0,
	0,
	"ba5eda7a-def5-0000-0000-000000000002",
	"568014e2-c095-4d74-9be4-d0776d20c973");
INSERT INTO V_LIN
	VALUES ("df67a732-fbdd-4e1f-9d01-730305653dbf",
	'0');
INSERT INTO V_VAL
	VALUES ("9ae753cf-2811-4fed-867c-9b23494773be",
	0,
	0,
	-1,
	-1,
	-1,
	0,
	0,
	0,
	0,
	"ba5eda7a-def5-0000-0000-000000000001",
	"568014e2-c095-4d74-9be4-d0776d20c973");
INSERT INTO V_BIN
	VALUES ("9ae753cf-2811-4fed-867c-9b23494773be",
	"260c1950-e7eb-4edc-a70a-b7382cb4f800",
	"df67a732-fbdd-4e1f-9d01-730305653dbf",
	'<');
INSERT INTO V_VAL
	VALUES ("260c1950-e7eb-4edc-a70a-b7382cb4f800",
	0,
	0,
	16,
	10,
	-1,
	16,
	19,
	16,
	41,
	"ba5eda7a-def5-0000-0000-000000000002",
	"568014e2-c095-4d74-9be4-d0776d20c973");
INSERT INTO V_FNV
	VALUES ("260c1950-e7eb-4edc-a70a-b7382cb4f800",
	"52572cbd-c389-40eb-b763-ffc8f3afbb15",
	1);
INSERT INTO V_VAL
	VALUES ("3a1a3cf5-f154-4162-affa-ebc0e8958af1",
	0,
	0,
	16,
	23,
	29,
	0,
	0,
	0,
	0,
	"433f7688-7b95-4f9c-89f1-cf076d691ab7",
	"568014e2-c095-4d74-9be4-d0776d20c973");
INSERT INTO V_IRF
	VALUES ("3a1a3cf5-f154-4162-affa-ebc0e8958af1",
	"4aa7198f-ec8e-4de7-869d-1e66b73aa1fd");
INSERT INTO V_VAL
	VALUES ("53fe9ca7-1d67-40f0-807b-a48fc1383a37",
	0,
	0,
	16,
	31,
	38,
	0,
	0,
	0,
	0,
	"ba5eda7a-def5-0000-0000-000000000010",
	"568014e2-c095-4d74-9be4-d0776d20c973");
INSERT INTO V_AVL
	VALUES ("53fe9ca7-1d67-40f0-807b-a48fc1383a37",
	"3a1a3cf5-f154-4162-affa-ebc0e8958af1",
	"9a41fe9e-f547-4cde-b68d-f7db43c904dc",
	"1bbfeec7-96fb-4cc4-ae24-cc51dbf69bda");
INSERT INTO V_PAR
	VALUES ("53fe9ca7-1d67-40f0-807b-a48fc1383a37",
	"00000000-0000-0000-0000-000000000000",
	"260c1950-e7eb-4edc-a70a-b7382cb4f800",
	'd0',
	"d6c46ca9-2914-46e0-8dc7-fc43efc22381",
	16,
	19);
INSERT INTO V_VAL
	VALUES ("d6c46ca9-2914-46e0-8dc7-fc43efc22381",
	0,
	0,
	16,
	50,
	57,
	0,
	0,
	0,
	0,
	"ba5eda7a-def5-0000-0000-000000000010",
	"568014e2-c095-4d74-9be4-d0776d20c973");
INSERT INTO V_PVL
	VALUES ("d6c46ca9-2914-46e0-8dc7-fc43efc22381",
	"00000000-0000-0000-0000-000000000000",
	"00000000-0000-0000-0000-000000000000",
	"edcbf21b-eeb0-49b3-b58e-9f4db5495c53",
	"00000000-0000-0000-0000-000000000000");
INSERT INTO V_PAR
	VALUES ("d6c46ca9-2914-46e0-8dc7-fc43efc22381",
	"00000000-0000-0000-0000-000000000000",
	"260c1950-e7eb-4edc-a70a-b7382cb4f800",
	'd1',
	"00000000-0000-0000-0000-000000000000",
	16,
	41);
INSERT INTO V_VAL
	VALUES ("10ecaea6-506b-46bb-b597-c4a95c2aa3d5",
	0,
	0,
	-1,
	-1,
	-1,
	0,
	0,
	0,
	0,
	"ba5eda7a-def5-0000-0000-000000000001",
	"568014e2-c095-4d74-9be4-d0776d20c973");
INSERT INTO V_BIN
	VALUES ("10ecaea6-506b-46bb-b597-c4a95c2aa3d5",
	"9ae753cf-2811-4fed-867c-9b23494773be",
	"3c63e2b8-9314-43e8-95df-a752c5202731",
	'and');
INSERT INTO V_VAL
	VALUES ("f6b357c2-4f90-4928-8826-fe83a0965d85",
	0,
	0,
	-1,
	-1,
	-1,
	0,
	0,
	0,
	0,
	"ba5eda7a-def5-0000-0000-000000000001",
	"568014e2-c095-4d74-9be4-d0776d20c973");
INSERT INTO V_BIN
	VALUES ("f6b357c2-4f90-4928-8826-fe83a0965d85",
	"10ecaea6-506b-46bb-b597-c4a95c2aa3d5",
	"2e4b7295-c756-4bd2-82c0-73e9b0ffdde4",
	'or');
INSERT INTO V_VAL
	VALUES ("588186dd-254c-4a7d-b4a9-f2d01fbbd0c4",
	0,
	0,
	20,
	29,
	35,
	0,
	0,
	0,
	0,
	"433f7688-7b95-4f9c-89f1-cf076d691ab7",
	"568014e2-c095-4d74-9be4-d0776d20c973");
INSERT INTO V_IRF
	VALUES ("588186dd-254c-4a7d-b4a9-f2d01fbbd0c4",
	"4aa7198f-ec8e-4de7-869d-1e66b73aa1fd");
INSERT INTO V_VAL
	VALUES ("c3502372-93e7-4361-b760-72ce8d88bf70",
	0,
	0,
	27,
	10,
	13,
	0,
	0,
	0,
	0,
	"ba5eda7a-def5-0000-0000-000000000001",
	"568014e2-c095-4d74-9be4-d0776d20c973");
INSERT INTO V_TVL
	VALUES ("c3502372-93e7-4361-b760-72ce8d88bf70",
	"d8aac83a-7488-4b16-a17f-6bfe5ec49c47");
INSERT INTO V_VAL
	VALUES ("7fd3ce3b-8696-4fd5-a266-0aa3498f251e",
	0,
	0,
	-1,
	-1,
	-1,
	0,
	0,
	0,
	0,
	"ba5eda7a-def5-0000-0000-000000000001",
	"568014e2-c095-4d74-9be4-d0776d20c973");
INSERT INTO V_UNY
	VALUES ("7fd3ce3b-8696-4fd5-a266-0aa3498f251e",
	"c3502372-93e7-4361-b760-72ce8d88bf70",
	'not');
INSERT INTO V_VAR
	VALUES ("01013e14-6d60-4a27-913e-e641e37a23f9",
	"568014e2-c095-4d74-9be4-d0776d20c973",
	'fs',
	1,
	"6557ebe6-ab9f-4355-8439-aba9a82c7dd3");
INSERT INTO V_INS
	VALUES ("01013e14-6d60-4a27-913e-e641e37a23f9",
	"4b839513-bd70-4d73-85ed-c06b10ee091a");
INSERT INTO V_LOC
	VALUES ("389922e0-d018-4446-8e5c-96e379fa3bb7",
	20,
	15,
	16,
	"01013e14-6d60-4a27-913e-e641e37a23f9");
INSERT INTO V_LOC
	VALUES ("43cb0b54-ca44-440d-a753-d266781105a9",
	21,
	17,
	18,
	"01013e14-6d60-4a27-913e-e641e37a23f9");
INSERT INTO V_VAR
	VALUES ("fe39be4f-f5d7-4676-af22-648bd8781bbf",
	"568014e2-c095-4d74-9be4-d0776d20c973",
	'f',
	1,
	"bd43dc09-3be2-4ae8-806d-bedb08b1e03c");
INSERT INTO V_INT
	VALUES ("fe39be4f-f5d7-4676-af22-648bd8781bbf",
	1,
	"4b839513-bd70-4d73-85ed-c06b10ee091a");
INSERT INTO V_LOC
	VALUES ("540afc89-18c5-4bfc-92bb-e77a9fed0b95",
	21,
	12,
	12,
	"fe39be4f-f5d7-4676-af22-648bd8781bbf");
INSERT INTO V_LOC
	VALUES ("7d9c265b-651b-4d59-beff-ad92e80f4e8c",
	22,
	7,
	7,
	"fe39be4f-f5d7-4676-af22-648bd8781bbf");
INSERT INTO ACT_BLK
	VALUES ("6f7fd199-691a-4323-be30-37e99da7135d",
	0,
	0,
	0,
	'',
	'',
	'',
	18,
	4,
	0,
	0,
	0,
	0,
	0,
	0,
	0,
	0,
	0,
	0,
	0,
	"f3b16bc0-c34e-4d64-b3e6-273d1c737986",
	"00000000-0000-0000-0000-000000000000");
INSERT INTO ACT_SMT
	VALUES ("ccb97214-5924-407e-943a-1a47cf723b69",
	"6f7fd199-691a-4323-be30-37e99da7135d",
	"00000000-0000-0000-0000-000000000000",
	18,
	4,
	'Hotel::searchFacility line: 18');
INSERT INTO ACT_CON
	VALUES ("ccb97214-5924-407e-943a-1a47cf723b69");
INSERT INTO ACT_BLK
	VALUES ("dc944576-ce0f-4e06-bb5c-ee53e9747ab3",
	0,
	0,
	0,
	'',
	'',
	'',
	22,
	4,
	0,
	0,
	0,
	0,
	0,
	0,
	0,
	0,
	0,
	0,
	0,
	"f3b16bc0-c34e-4d64-b3e6-273d1c737986",
	"00000000-0000-0000-0000-000000000000");
INSERT INTO ACT_SMT
	VALUES ("9a9e78e4-f739-4e6a-a299-30076dd2bb44",
	"dc944576-ce0f-4e06-bb5c-ee53e9747ab3",
	"00000000-0000-0000-0000-000000000000",
	22,
	4,
	'Hotel::searchFacility line: 22');
INSERT INTO ACT_IF
	VALUES ("9a9e78e4-f739-4e6a-a299-30076dd2bb44",
	"c2f3bdfb-6dfe-4610-aaa8-228a744cb1a3",
	"6024466b-5a67-442d-b263-4444a255934d",
	"00000000-0000-0000-0000-000000000000",
	"00000000-0000-0000-0000-000000000000");
INSERT INTO V_VAL
	VALUES ("c11c0561-0bd1-4e8a-96cc-2709405eb37e",
	0,
	0,
	22,
	7,
	7,
	0,
	0,
	0,
	0,
	"bd43dc09-3be2-4ae8-806d-bedb08b1e03c",
	"dc944576-ce0f-4e06-bb5c-ee53e9747ab3");
INSERT INTO V_IRF
	VALUES ("c11c0561-0bd1-4e8a-96cc-2709405eb37e",
	"fe39be4f-f5d7-4676-af22-648bd8781bbf");
INSERT INTO V_VAL
	VALUES ("6024466b-5a67-442d-b263-4444a255934d",
	0,
	0,
	-1,
	-1,
	-1,
	0,
	0,
	0,
	0,
	"ba5eda7a-def5-0000-0000-000000000001",
	"dc944576-ce0f-4e06-bb5c-ee53e9747ab3");
INSERT INTO V_BIN
	VALUES ("6024466b-5a67-442d-b263-4444a255934d",
	"2be14b89-bad1-4b8a-96db-767dd534f8bb",
	"c11c0561-0bd1-4e8a-96cc-2709405eb37e",
	'==');
INSERT INTO V_VAL
	VALUES ("2be14b89-bad1-4b8a-96db-767dd534f8bb",
	0,
	0,
	22,
	10,
	11,
	0,
	0,
	0,
	0,
	"bd43dc09-3be2-4ae8-806d-bedb08b1e03c",
	"dc944576-ce0f-4e06-bb5c-ee53e9747ab3");
INSERT INTO V_IRF
	VALUES ("2be14b89-bad1-4b8a-96db-767dd534f8bb",
	"04fb6989-0c90-4ff7-a9b5-02fe3631fd41");
INSERT INTO ACT_BLK
	VALUES ("c2f3bdfb-6dfe-4610-aaa8-228a744cb1a3",
	0,
	0,
	0,
	'',
	'',
	'',
	24,
	5,
	0,
	0,
	0,
	0,
	0,
	0,
	0,
	0,
	0,
	0,
	0,
	"f3b16bc0-c34e-4d64-b3e6-273d1c737986",
	"00000000-0000-0000-0000-000000000000");
INSERT INTO ACT_SMT
	VALUES ("d69c43a5-79ba-4611-a891-d3a174ad1940",
	"c2f3bdfb-6dfe-4610-aaa8-228a744cb1a3",
	"24ed7507-9da1-4f0b-b7e7-ed0c33d505d2",
	23,
	5,
	'Hotel::searchFacility line: 23');
INSERT INTO ACT_AI
	VALUES ("d69c43a5-79ba-4611-a891-d3a174ad1940",
	"28b00f18-e1ec-4f0c-8476-cd6a44a349c4",
	"af899cd3-5ad4-400b-aec6-d4a93c222f37",
	0,
	0);
INSERT INTO ACT_SMT
	VALUES ("24ed7507-9da1-4f0b-b7e7-ed0c33d505d2",
	"c2f3bdfb-6dfe-4610-aaa8-228a744cb1a3",
	"00000000-0000-0000-0000-000000000000",
	24,
	5,
	'Hotel::searchFacility line: 24');
INSERT INTO ACT_BRK
	VALUES ("24ed7507-9da1-4f0b-b7e7-ed0c33d505d2");
INSERT INTO V_VAL
	VALUES ("af899cd3-5ad4-400b-aec6-d4a93c222f37",
	1,
	0,
	23,
	5,
	8,
	0,
	0,
	0,
	0,
	"ba5eda7a-def5-0000-0000-000000000001",
	"c2f3bdfb-6dfe-4610-aaa8-228a744cb1a3");
INSERT INTO V_TVL
	VALUES ("af899cd3-5ad4-400b-aec6-d4a93c222f37",
	"d8aac83a-7488-4b16-a17f-6bfe5ec49c47");
INSERT INTO V_VAL
	VALUES ("28b00f18-e1ec-4f0c-8476-cd6a44a349c4",
	0,
	0,
	-1,
	-1,
	-1,
	0,
	0,
	0,
	0,
	"ba5eda7a-def5-0000-0000-000000000001",
	"c2f3bdfb-6dfe-4610-aaa8-228a744cb1a3");
INSERT INTO V_LBO
	VALUES ("28b00f18-e1ec-4f0c-8476-cd6a44a349c4",
	'FALSE');
INSERT INTO ACT_BLK
	VALUES ("37a38d57-f6b7-483b-bcaa-f0ad6bb74c06",
	0,
	0,
	0,
	'',
	'',
	'',
	28,
	4,
	0,
	0,
	0,
	0,
	0,
	0,
	0,
	0,
	0,
	0,
	0,
	"f3b16bc0-c34e-4d64-b3e6-273d1c737986",
	"00000000-0000-0000-0000-000000000000");
INSERT INTO ACT_SMT
	VALUES ("2dda062f-9818-4a9b-be76-8f1b5d3ed7c2",
	"37a38d57-f6b7-483b-bcaa-f0ad6bb74c06",
	"00000000-0000-0000-0000-000000000000",
	28,
	4,
	'Hotel::searchFacility line: 28');
INSERT INTO ACT_BRK
	VALUES ("2dda062f-9818-4a9b-be76-8f1b5d3ed7c2");
INSERT INTO ACT_BLK
	VALUES ("17037dfb-0ea3-4ec2-80f0-08f4ab61de46",
	0,
	0,
	0,
	'LOG',
	'',
	'',
	33,
	3,
	32,
	3,
	0,
	0,
	0,
	0,
	0,
	0,
	0,
	0,
	0,
	"f3b16bc0-c34e-4d64-b3e6-273d1c737986",
	"00000000-0000-0000-0000-000000000000");
INSERT INTO ACT_SMT
	VALUES ("8ed7e132-538c-47c2-bb7d-cdfb09a7bc0b",
	"17037dfb-0ea3-4ec2-80f0-08f4ab61de46",
	"4d3d64e5-35f0-4278-a094-72dd00394615",
	32,
	3,
	'Hotel::searchFacility line: 32');
INSERT INTO ACT_BRG
	VALUES ("8ed7e132-538c-47c2-bb7d-cdfb09a7bc0b",
	"768e1cca-7403-495c-9b22-afd11a473eb6",
	32,
	8,
	32,
	3);
INSERT INTO ACT_SMT
	VALUES ("4d3d64e5-35f0-4278-a094-72dd00394615",
	"17037dfb-0ea3-4ec2-80f0-08f4ab61de46",
	"00000000-0000-0000-0000-000000000000",
	33,
	3,
	'Hotel::searchFacility line: 33');
INSERT INTO ACT_RET
	VALUES ("4d3d64e5-35f0-4278-a094-72dd00394615",
	"6fe889a0-0157-4f79-9dd5-6263395c5141");
INSERT INTO V_VAL
	VALUES ("30597ed6-bdf2-436f-96b9-cc665082b8c5",
	0,
	0,
	32,
	25,
	51,
	0,
	0,
	0,
	0,
	"ba5eda7a-def5-0000-0000-000000000004",
	"17037dfb-0ea3-4ec2-80f0-08f4ab61de46");
INSERT INTO V_LST
	VALUES ("30597ed6-bdf2-436f-96b9-cc665082b8c5",
	'H: searchFacility: return ');
INSERT INTO V_VAL
	VALUES ("577fe5e1-72c1-4849-9f87-15d540a8ade9",
	0,
	0,
	-1,
	-1,
	-1,
	0,
	0,
	0,
	0,
	"ba5eda7a-def5-0000-0000-000000000004",
	"17037dfb-0ea3-4ec2-80f0-08f4ab61de46");
INSERT INTO V_BIN
	VALUES ("577fe5e1-72c1-4849-9f87-15d540a8ade9",
	"0f5adfc2-a791-4ca1-b47d-bc64fd79fd22",
	"30597ed6-bdf2-436f-96b9-cc665082b8c5",
	'+');
INSERT INTO V_PAR
	VALUES ("577fe5e1-72c1-4849-9f87-15d540a8ade9",
	"8ed7e132-538c-47c2-bb7d-cdfb09a7bc0b",
	"00000000-0000-0000-0000-000000000000",
	'message',
	"00000000-0000-0000-0000-000000000000",
	32,
	16);
INSERT INTO V_VAL
	VALUES ("72fcbb17-2711-4926-a15b-05bf583830c0",
	0,
	0,
	32,
	54,
	55,
	0,
	0,
	0,
	0,
	"bd43dc09-3be2-4ae8-806d-bedb08b1e03c",
	"17037dfb-0ea3-4ec2-80f0-08f4ab61de46");
INSERT INTO V_IRF
	VALUES ("72fcbb17-2711-4926-a15b-05bf583830c0",
	"04fb6989-0c90-4ff7-a9b5-02fe3631fd41");
INSERT INTO V_VAL
	VALUES ("0f5adfc2-a791-4ca1-b47d-bc64fd79fd22",
	0,
	0,
	32,
	57,
	66,
	0,
	0,
	0,
	0,
	"ba5eda7a-def5-0000-0000-000000000004",
	"17037dfb-0ea3-4ec2-80f0-08f4ab61de46");
INSERT INTO V_AVL
	VALUES ("0f5adfc2-a791-4ca1-b47d-bc64fd79fd22",
	"72fcbb17-2711-4926-a15b-05bf583830c0",
	"4b839513-bd70-4d73-85ed-c06b10ee091a",
	"e22cda36-25e1-4b81-aef1-d74c43020c14");
INSERT INTO V_VAL
	VALUES ("6fe889a0-0157-4f79-9dd5-6263395c5141",
	0,
	0,
	33,
	10,
	11,
	0,
	0,
	0,
	0,
	"bd43dc09-3be2-4ae8-806d-bedb08b1e03c",
	"17037dfb-0ea3-4ec2-80f0-08f4ab61de46");
INSERT INTO V_IRF
	VALUES ("6fe889a0-0157-4f79-9dd5-6263395c5141",
	"04fb6989-0c90-4ff7-a9b5-02fe3631fd41");
INSERT INTO O_TFR
	VALUES ("0cc47a0b-bb48-479c-ba44-ff9a0520b24e",
	"daf3cea3-b187-4d6a-9517-f12785ae9b3a",
	'searchFacilityTypes',
	'',
	"ebb6007c-c361-40c7-ad5b-5b07d6a01d41",
	1,
	'

//Should take toDate and fromDate into considiration... in next iteration?
select many ft from instances of FACILITYTYPE;
return ft;





',
	1,
	'',
	"4607eedb-0ca4-43c8-aec8-28b9eb9efb11");
INSERT INTO O_TPARM
	VALUES ("1970dbbb-58b9-4420-a8f6-ac912307a8ab",
	"0cc47a0b-bb48-479c-ba44-ff9a0520b24e",
	'fromDate',
	"ba5eda7a-def5-0000-0000-00000000000e",
	0,
	'',
	"00000000-0000-0000-0000-000000000000",
	'');
INSERT INTO O_TPARM
	VALUES ("75b29513-1cdb-4c23-ab12-468c310b2e05",
	"0cc47a0b-bb48-479c-ba44-ff9a0520b24e",
	'toDate',
	"ba5eda7a-def5-0000-0000-00000000000e",
	0,
	'',
	"1970dbbb-58b9-4420-a8f6-ac912307a8ab",
	'');
INSERT INTO ACT_OPB
	VALUES ("9b63bfb3-2b1d-4ad9-9386-4075259eb47f",
	"0cc47a0b-bb48-479c-ba44-ff9a0520b24e");
INSERT INTO ACT_ACT
	VALUES ("9b63bfb3-2b1d-4ad9-9386-4075259eb47f",
	'operation',
	0,
	"99612634-acb9-460a-881c-4584237c9b6b",
	"00000000-0000-0000-0000-000000000000",
	0,
	'Hotel::searchFacilityTypes',
	"00000000-0000-0000-0000-000000000000");
INSERT INTO ACT_BLK
	VALUES ("99612634-acb9-460a-881c-4584237c9b6b",
	1,
	0,
	0,
	'',
	'',
	'',
	5,
	1,
	4,
	34,
	0,
	0,
	0,
	0,
	0,
	0,
	0,
	0,
	0,
	"9b63bfb3-2b1d-4ad9-9386-4075259eb47f",
	"00000000-0000-0000-0000-000000000000");
INSERT INTO ACT_SMT
	VALUES ("4e5dd198-ed49-4760-8ffd-d72d6316d07f",
	"99612634-acb9-460a-881c-4584237c9b6b",
	"4d9ea4d4-fdda-4945-8bbc-35a014b68f55",
	4,
	1,
	'Hotel::searchFacilityTypes line: 4');
INSERT INTO ACT_FIO
	VALUES ("4e5dd198-ed49-4760-8ffd-d72d6316d07f",
	"ceb4dead-a95c-4a31-a052-70017ced6519",
	1,
	'many',
	"bafdc953-1881-43a3-a5f1-9dcc7e2d60c3",
	4,
	34);
INSERT INTO ACT_SMT
	VALUES ("4d9ea4d4-fdda-4945-8bbc-35a014b68f55",
	"99612634-acb9-460a-881c-4584237c9b6b",
	"00000000-0000-0000-0000-000000000000",
	5,
	1,
	'Hotel::searchFacilityTypes line: 5');
INSERT INTO ACT_RET
	VALUES ("4d9ea4d4-fdda-4945-8bbc-35a014b68f55",
	"2dc3ba35-0c41-4c47-b2ea-3f41228f36b4");
INSERT INTO V_VAL
	VALUES ("2dc3ba35-0c41-4c47-b2ea-3f41228f36b4",
	0,
	0,
	5,
	8,
	9,
	0,
	0,
	0,
	0,
	"ebb6007c-c361-40c7-ad5b-5b07d6a01d41",
	"99612634-acb9-460a-881c-4584237c9b6b");
INSERT INTO V_ISR
	VALUES ("2dc3ba35-0c41-4c47-b2ea-3f41228f36b4",
	"ceb4dead-a95c-4a31-a052-70017ced6519");
INSERT INTO V_VAR
	VALUES ("ceb4dead-a95c-4a31-a052-70017ced6519",
	"99612634-acb9-460a-881c-4584237c9b6b",
	'ft',
	1,
	"ebb6007c-c361-40c7-ad5b-5b07d6a01d41");
INSERT INTO V_INS
	VALUES ("ceb4dead-a95c-4a31-a052-70017ced6519",
	"bafdc953-1881-43a3-a5f1-9dcc7e2d60c3");
INSERT INTO V_LOC
	VALUES ("a32cf814-e5d2-479d-ae1f-29a9ed4e822e",
	4,
	13,
	14,
	"ceb4dead-a95c-4a31-a052-70017ced6519");
INSERT INTO V_LOC
	VALUES ("cf78ceb7-62ae-43d8-9dd9-c96c023119c5",
	5,
	8,
	9,
	"ceb4dead-a95c-4a31-a052-70017ced6519");
INSERT INTO O_TFR
	VALUES ("ff22ccea-0178-466e-9918-c381c8b1fe20",
	"daf3cea3-b187-4d6a-9517-f12785ae9b3a",
	'getMaxBookingLength',
	'',
	"ba5eda7a-def5-0000-0000-000000000002",
	1,
	'
return self.maxBookingLength;',
	1,
	'',
	"0cc47a0b-bb48-479c-ba44-ff9a0520b24e");
INSERT INTO ACT_OPB
	VALUES ("7fb0b59d-e537-46d6-ba39-32565773c300",
	"ff22ccea-0178-466e-9918-c381c8b1fe20");
INSERT INTO ACT_ACT
	VALUES ("7fb0b59d-e537-46d6-ba39-32565773c300",
	'operation',
	0,
	"b92a09ea-28cb-43ff-a9c4-d3956f62bd67",
	"00000000-0000-0000-0000-000000000000",
	0,
	'Hotel::getMaxBookingLength',
	"00000000-0000-0000-0000-000000000000");
INSERT INTO ACT_BLK
	VALUES ("b92a09ea-28cb-43ff-a9c4-d3956f62bd67",
	0,
	0,
	0,
	'',
	'',
	'',
	2,
	1,
	0,
	0,
	0,
	0,
	0,
	0,
	0,
	0,
	0,
	0,
	0,
	"7fb0b59d-e537-46d6-ba39-32565773c300",
	"00000000-0000-0000-0000-000000000000");
INSERT INTO ACT_SMT
	VALUES ("070d0f3d-5ce2-4401-96c5-0f23764025c7",
	"b92a09ea-28cb-43ff-a9c4-d3956f62bd67",
	"00000000-0000-0000-0000-000000000000",
	2,
	1,
	'Hotel::getMaxBookingLength line: 2');
INSERT INTO ACT_RET
	VALUES ("070d0f3d-5ce2-4401-96c5-0f23764025c7",
	"27f7e1f4-b070-4d9c-9832-acec3f2d3359");
INSERT INTO V_VAL
	VALUES ("ca51378b-db41-45ee-8c92-14e338c2eb3f",
	0,
	0,
	2,
	8,
	11,
	0,
	0,
	0,
	0,
	"ba5eda7a-def5-0000-0000-000000000008",
	"b92a09ea-28cb-43ff-a9c4-d3956f62bd67");
INSERT INTO V_IRF
	VALUES ("ca51378b-db41-45ee-8c92-14e338c2eb3f",
	"d328e097-c87c-4dd1-88ca-ccdf850a36b3");
INSERT INTO V_VAL
	VALUES ("27f7e1f4-b070-4d9c-9832-acec3f2d3359",
	0,
	0,
	2,
	13,
	28,
	0,
	0,
	0,
	0,
	"ba5eda7a-def5-0000-0000-000000000002",
	"b92a09ea-28cb-43ff-a9c4-d3956f62bd67");
INSERT INTO V_AVL
	VALUES ("27f7e1f4-b070-4d9c-9832-acec3f2d3359",
	"ca51378b-db41-45ee-8c92-14e338c2eb3f",
	"daf3cea3-b187-4d6a-9517-f12785ae9b3a",
	"9a6fc67d-1823-4e7b-98c9-54c29c188af4");
INSERT INTO V_VAR
	VALUES ("d328e097-c87c-4dd1-88ca-ccdf850a36b3",
	"b92a09ea-28cb-43ff-a9c4-d3956f62bd67",
	'self',
	1,
	"ba5eda7a-def5-0000-0000-000000000008");
INSERT INTO V_INT
	VALUES ("d328e097-c87c-4dd1-88ca-ccdf850a36b3",
	0,
	"daf3cea3-b187-4d6a-9517-f12785ae9b3a");
INSERT INTO V_LOC
	VALUES ("1d0d607c-5b05-41ab-a092-e2ce0c2ce11b",
	2,
	8,
	11,
	"d328e097-c87c-4dd1-88ca-ccdf850a36b3");
INSERT INTO O_NBATTR
	VALUES ("dd0944e9-2b79-4b67-b2d3-6a3f90157086",
	"daf3cea3-b187-4d6a-9517-f12785ae9b3a");
INSERT INTO O_BATTR
	VALUES ("dd0944e9-2b79-4b67-b2d3-6a3f90157086",
	"daf3cea3-b187-4d6a-9517-f12785ae9b3a");
INSERT INTO O_ATTR
	VALUES ("dd0944e9-2b79-4b67-b2d3-6a3f90157086",
	"daf3cea3-b187-4d6a-9517-f12785ae9b3a",
	"40bf02d7-fb68-44d4-98e2-ed5237db8d14",
	'description',
	'',
	'',
	'description',
	0,
	"ba5eda7a-def5-0000-0000-000000000004",
	'',
	'');
INSERT INTO O_NBATTR
	VALUES ("40bf02d7-fb68-44d4-98e2-ed5237db8d14",
	"daf3cea3-b187-4d6a-9517-f12785ae9b3a");
INSERT INTO O_BATTR
	VALUES ("40bf02d7-fb68-44d4-98e2-ed5237db8d14",
	"daf3cea3-b187-4d6a-9517-f12785ae9b3a");
INSERT INTO O_ATTR
	VALUES ("40bf02d7-fb68-44d4-98e2-ed5237db8d14",
	"daf3cea3-b187-4d6a-9517-f12785ae9b3a",
	"00000000-0000-0000-0000-000000000000",
	'adress',
	'',
	'',
	'adress',
	0,
	"ba5eda7a-def5-0000-0000-000000000004",
	'',
	'');
INSERT INTO O_NBATTR
	VALUES ("9a6fc67d-1823-4e7b-98c9-54c29c188af4",
	"daf3cea3-b187-4d6a-9517-f12785ae9b3a");
INSERT INTO O_BATTR
	VALUES ("9a6fc67d-1823-4e7b-98c9-54c29c188af4",
	"daf3cea3-b187-4d6a-9517-f12785ae9b3a");
INSERT INTO O_ATTR
	VALUES ("9a6fc67d-1823-4e7b-98c9-54c29c188af4",
	"daf3cea3-b187-4d6a-9517-f12785ae9b3a",
	"dd0944e9-2b79-4b67-b2d3-6a3f90157086",
	'maxBookingLength',
	'',
	'',
	'maxBookingLength',
	0,
	"ba5eda7a-def5-0000-0000-000000000002",
	'',
	'28');
INSERT INTO O_ID
	VALUES (2,
	"daf3cea3-b187-4d6a-9517-f12785ae9b3a");
INSERT INTO O_ID
	VALUES (1,
	"daf3cea3-b187-4d6a-9517-f12785ae9b3a");
INSERT INTO O_ID
	VALUES (0,
	"daf3cea3-b187-4d6a-9517-f12785ae9b3a");
INSERT INTO PE_PE
	VALUES ("f7fdf9fb-1710-40c4-833a-7cddef46a59a",
	1,
	"960454f9-cf5f-4331-88bf-8023709586b1",
	"00000000-0000-0000-0000-000000000000",
	4);
INSERT INTO O_OBJ
	VALUES ("f7fdf9fb-1710-40c4-833a-7cddef46a59a",
	'Invoice',
	17,
	'INVOICE',
	'',
	"00000000-0000-0000-0000-000000000000");
INSERT INTO O_NBATTR
	VALUES ("c7f83c2d-75a4-41e0-bcef-67fb46eb271f",
	"f7fdf9fb-1710-40c4-833a-7cddef46a59a");
INSERT INTO O_BATTR
	VALUES ("c7f83c2d-75a4-41e0-bcef-67fb46eb271f",
	"f7fdf9fb-1710-40c4-833a-7cddef46a59a");
INSERT INTO O_ATTR
	VALUES ("c7f83c2d-75a4-41e0-bcef-67fb46eb271f",
	"f7fdf9fb-1710-40c4-833a-7cddef46a59a",
	"00000000-0000-0000-0000-000000000000",
	'sentDate',
	'',
	'',
	'sentDate',
	0,
	"ba5eda7a-def5-0000-0000-000000000010",
	'',
	'');
INSERT INTO O_ID
	VALUES (2,
	"f7fdf9fb-1710-40c4-833a-7cddef46a59a");
INSERT INTO O_ID
	VALUES (1,
	"f7fdf9fb-1710-40c4-833a-7cddef46a59a");
INSERT INTO O_ID
	VALUES (0,
	"f7fdf9fb-1710-40c4-833a-7cddef46a59a");
INSERT INTO PE_PE
	VALUES ("7a1c6c92-00d7-49ac-a23b-cfb4d3362f53",
	1,
	"960454f9-cf5f-4331-88bf-8023709586b1",
	"00000000-0000-0000-0000-000000000000",
	4);
INSERT INTO O_OBJ
	VALUES ("7a1c6c92-00d7-49ac-a23b-cfb4d3362f53",
	'Package',
	6,
	'PACKAGE',
	'',
	"00000000-0000-0000-0000-000000000000");
INSERT INTO O_ID
	VALUES (2,
	"7a1c6c92-00d7-49ac-a23b-cfb4d3362f53");
INSERT INTO O_ID
	VALUES (1,
	"7a1c6c92-00d7-49ac-a23b-cfb4d3362f53");
INSERT INTO O_ID
	VALUES (0,
	"7a1c6c92-00d7-49ac-a23b-cfb4d3362f53");
INSERT INTO PE_PE
	VALUES ("d26e1020-b532-43cc-aba6-3b584f19f179",
	1,
	"960454f9-cf5f-4331-88bf-8023709586b1",
	"00000000-0000-0000-0000-000000000000",
	4);
INSERT INTO O_OBJ
	VALUES ("d26e1020-b532-43cc-aba6-3b584f19f179",
	'PaymentMethod',
	15,
	'PAYMENTMETHOD',
	'',
	"00000000-0000-0000-0000-000000000000");
INSERT INTO O_ID
	VALUES (2,
	"d26e1020-b532-43cc-aba6-3b584f19f179");
INSERT INTO O_ID
	VALUES (1,
	"d26e1020-b532-43cc-aba6-3b584f19f179");
INSERT INTO O_ID
	VALUES (0,
	"d26e1020-b532-43cc-aba6-3b584f19f179");
INSERT INTO PE_PE
	VALUES ("d4920e0c-3487-44a7-8290-60ff9ed36c4e",
	1,
	"960454f9-cf5f-4331-88bf-8023709586b1",
	"00000000-0000-0000-0000-000000000000",
	4);
INSERT INTO O_OBJ
	VALUES ("d4920e0c-3487-44a7-8290-60ff9ed36c4e",
	'Privilege',
	9,
	'PRIVILEGE',
	'',
	"00000000-0000-0000-0000-000000000000");
INSERT INTO O_ID
	VALUES (2,
	"d4920e0c-3487-44a7-8290-60ff9ed36c4e");
INSERT INTO O_ID
	VALUES (1,
	"d4920e0c-3487-44a7-8290-60ff9ed36c4e");
INSERT INTO O_ID
	VALUES (0,
	"d4920e0c-3487-44a7-8290-60ff9ed36c4e");
INSERT INTO PE_PE
	VALUES ("1efeba6e-0315-442d-8e70-729b05561bea",
	1,
	"960454f9-cf5f-4331-88bf-8023709586b1",
	"00000000-0000-0000-0000-000000000000",
	4);
INSERT INTO O_OBJ
	VALUES ("1efeba6e-0315-442d-8e70-729b05561bea",
	'Service',
	1,
	'SERVICE',
	'',
	"00000000-0000-0000-0000-000000000000");
INSERT INTO O_NBATTR
	VALUES ("94d24ba7-e81b-4033-ab80-f5b46aa981a3",
	"1efeba6e-0315-442d-8e70-729b05561bea");
INSERT INTO O_BATTR
	VALUES ("94d24ba7-e81b-4033-ab80-f5b46aa981a3",
	"1efeba6e-0315-442d-8e70-729b05561bea");
INSERT INTO O_ATTR
	VALUES ("94d24ba7-e81b-4033-ab80-f5b46aa981a3",
	"1efeba6e-0315-442d-8e70-729b05561bea",
	"f3b73f8a-d0a1-475e-9c5a-2c0b958d674d",
	'description',
	'',
	'',
	'description',
	0,
	"ba5eda7a-def5-0000-0000-000000000004",
	'',
	'');
INSERT INTO O_NBATTR
	VALUES ("f3b73f8a-d0a1-475e-9c5a-2c0b958d674d",
	"1efeba6e-0315-442d-8e70-729b05561bea");
INSERT INTO O_BATTR
	VALUES ("f3b73f8a-d0a1-475e-9c5a-2c0b958d674d",
	"1efeba6e-0315-442d-8e70-729b05561bea");
INSERT INTO O_ATTR
	VALUES ("f3b73f8a-d0a1-475e-9c5a-2c0b958d674d",
	"1efeba6e-0315-442d-8e70-729b05561bea",
	"00000000-0000-0000-0000-000000000000",
	'independent',
	'',
	'',
	'independent',
	0,
	"ba5eda7a-def5-0000-0000-000000000001",
	'',
	'');
INSERT INTO O_ID
	VALUES (2,
	"1efeba6e-0315-442d-8e70-729b05561bea");
INSERT INTO O_ID
	VALUES (1,
	"1efeba6e-0315-442d-8e70-729b05561bea");
INSERT INTO O_ID
	VALUES (0,
	"1efeba6e-0315-442d-8e70-729b05561bea");
INSERT INTO PE_PE
	VALUES ("20ba6bbe-cbf1-487f-84fe-b3855f86b898",
	1,
	"960454f9-cf5f-4331-88bf-8023709586b1",
	"00000000-0000-0000-0000-000000000000",
	4);
INSERT INTO O_OBJ
	VALUES ("20ba6bbe-cbf1-487f-84fe-b3855f86b898",
	'Staff',
	8,
	'STAFF',
	'',
	"00000000-0000-0000-0000-000000000000");
INSERT INTO O_NBATTR
	VALUES ("7f93fcbc-8a42-4885-9ff6-91ff5f717b5b",
	"20ba6bbe-cbf1-487f-84fe-b3855f86b898");
INSERT INTO O_BATTR
	VALUES ("7f93fcbc-8a42-4885-9ff6-91ff5f717b5b",
	"20ba6bbe-cbf1-487f-84fe-b3855f86b898");
INSERT INTO O_ATTR
	VALUES ("7f93fcbc-8a42-4885-9ff6-91ff5f717b5b",
	"20ba6bbe-cbf1-487f-84fe-b3855f86b898",
	"00000000-0000-0000-0000-000000000000",
	'name',
	'',
	'',
	'name',
	0,
	"ba5eda7a-def5-0000-0000-000000000004",
	'',
	'');
INSERT INTO O_ID
	VALUES (2,
	"20ba6bbe-cbf1-487f-84fe-b3855f86b898");
INSERT INTO O_ID
	VALUES (1,
	"20ba6bbe-cbf1-487f-84fe-b3855f86b898");
INSERT INTO O_ID
	VALUES (0,
	"20ba6bbe-cbf1-487f-84fe-b3855f86b898");
INSERT INTO PE_PE
	VALUES ("0f3bfbca-83c2-428b-8d47-eb45632d37c5",
	1,
	"08644b1f-a992-4e52-8ec3-1f5eff4dec19",
	"00000000-0000-0000-0000-000000000000",
	2);
INSERT INTO C_C
	VALUES ("0f3bfbca-83c2-428b-8d47-eb45632d37c5",
	"00000000-0000-0000-0000-000000000000",
	"00000000-0000-0000-0000-000000000000",
	'PaymentServiceProviderComponent',
	'',
	0,
	"00000000-0000-0000-0000-000000000000",
	0,
	'');
INSERT INTO C_PO
	VALUES ("91bcdda4-168b-4fca-bf0e-170f0a0e2ae4",
	"0f3bfbca-83c2-428b-8d47-eb45632d37c5",
	'Port1',
	0,
	0);
INSERT INTO C_IR
	VALUES ("a1f6da1a-693f-4e83-8ef3-260dc932b594",
	"611bea7a-9387-43ea-ba5d-394798e936a3",
	"00000000-0000-0000-0000-000000000000",
	"91bcdda4-168b-4fca-bf0e-170f0a0e2ae4");
INSERT INTO C_P
	VALUES ("a1f6da1a-693f-4e83-8ef3-260dc932b594",
	'PaymentProviderInterface',
	'Unnamed Interface',
	'',
	'PaymentServiceProviderComponent::Port1::PaymentProviderInterface');
INSERT INTO SPR_PEP
	VALUES ("ef096593-9013-4d4b-ba72-65ff142c7b36",
	"7cafd22b-6779-4267-a861-d26be27bb0a1",
	"a1f6da1a-693f-4e83-8ef3-260dc932b594");
INSERT INTO SPR_PS
	VALUES ("ef096593-9013-4d4b-ba72-65ff142c7b36",
	'paymentInfo',
	'',
	'',
	1);
INSERT INTO ACT_PSB
	VALUES ("9aade4e3-9cef-4c8f-a164-e72af1e9ff39",
	"ef096593-9013-4d4b-ba72-65ff142c7b36");
INSERT INTO ACT_ACT
	VALUES ("9aade4e3-9cef-4c8f-a164-e72af1e9ff39",
	'signal',
	0,
	"77657261-ab02-4be0-888e-e313e22df7ec",
	"00000000-0000-0000-0000-000000000000",
	0,
	'Port1::PaymentProviderInterface::paymentInfo',
	"00000000-0000-0000-0000-000000000000");
INSERT INTO ACT_BLK
	VALUES ("77657261-ab02-4be0-888e-e313e22df7ec",
	0,
	0,
	0,
	'',
	'',
	'',
	0,
	0,
	0,
	0,
	0,
	0,
	0,
	0,
	0,
	0,
	0,
	0,
	0,
	"9aade4e3-9cef-4c8f-a164-e72af1e9ff39",
	"00000000-0000-0000-0000-000000000000");
INSERT INTO SPR_PEP
	VALUES ("2549fd8f-5237-41d0-aae6-dcb807d6bc72",
	"2d9cd3fd-553c-48ce-b032-46811da9d137",
	"a1f6da1a-693f-4e83-8ef3-260dc932b594");
INSERT INTO SPR_PS
	VALUES ("2549fd8f-5237-41d0-aae6-dcb807d6bc72",
	'paymentValid',
	'',
	'',
	1);
INSERT INTO ACT_PSB
	VALUES ("bfd2e30f-4b76-4e37-8dad-e09a6c6ace51",
	"2549fd8f-5237-41d0-aae6-dcb807d6bc72");
INSERT INTO ACT_ACT
	VALUES ("bfd2e30f-4b76-4e37-8dad-e09a6c6ace51",
	'signal',
	0,
	"a6002bcc-5374-4a47-9e3c-180b7c316ac9",
	"00000000-0000-0000-0000-000000000000",
	0,
	'Port1::PaymentProviderInterface::paymentValid',
	"00000000-0000-0000-0000-000000000000");
INSERT INTO ACT_BLK
	VALUES ("a6002bcc-5374-4a47-9e3c-180b7c316ac9",
	0,
	0,
	0,
	'',
	'',
	'',
	0,
	0,
	0,
	0,
	0,
	0,
	0,
	0,
	0,
	0,
	0,
	0,
	0,
	"bfd2e30f-4b76-4e37-8dad-e09a6c6ace51",
	"00000000-0000-0000-0000-000000000000");
INSERT INTO SPR_PEP
	VALUES ("6d81fab7-e5cf-4848-84b7-46dcec8c542d",
	"2a4861a8-ad7f-463c-8cd6-6e247346484f",
	"a1f6da1a-693f-4e83-8ef3-260dc932b594");
INSERT INTO SPR_PS
	VALUES ("6d81fab7-e5cf-4848-84b7-46dcec8c542d",
	's1',
	'',
	'',
	1);
INSERT INTO ACT_PSB
	VALUES ("ae1f47de-be34-4b8d-a439-7f50d34651af",
	"6d81fab7-e5cf-4848-84b7-46dcec8c542d");
INSERT INTO ACT_ACT
	VALUES ("ae1f47de-be34-4b8d-a439-7f50d34651af",
	'signal',
	0,
	"5d1898fc-304d-41fb-891b-b5c2b7956adc",
	"00000000-0000-0000-0000-000000000000",
	0,
	'Port1::PaymentProviderInterface::s1',
	"00000000-0000-0000-0000-000000000000");
INSERT INTO ACT_BLK
	VALUES ("5d1898fc-304d-41fb-891b-b5c2b7956adc",
	0,
	0,
	0,
	'',
	'',
	'',
	0,
	0,
	0,
	0,
	0,
	0,
	0,
	0,
	0,
	0,
	0,
	0,
	0,
	"ae1f47de-be34-4b8d-a439-7f50d34651af",
	"00000000-0000-0000-0000-000000000000");
INSERT INTO SPR_PEP
	VALUES ("0195ddb9-7ba0-4c38-bbdb-8744c596940c",
	"7d2bcad0-f2fe-466a-9f5c-5685971410a6",
	"a1f6da1a-693f-4e83-8ef3-260dc932b594");
INSERT INTO SPR_PS
	VALUES ("0195ddb9-7ba0-4c38-bbdb-8744c596940c",
	's1',
	'',
	'',
	1);
INSERT INTO ACT_PSB
	VALUES ("736ce405-6920-492a-b1f0-8758ee5916f9",
	"0195ddb9-7ba0-4c38-bbdb-8744c596940c");
INSERT INTO ACT_ACT
	VALUES ("736ce405-6920-492a-b1f0-8758ee5916f9",
	'signal',
	0,
	"b810bfd7-3ddb-4cba-8c1f-3bb81f6133e2",
	"00000000-0000-0000-0000-000000000000",
	0,
	'Port1::PaymentProviderInterface::s1',
	"00000000-0000-0000-0000-000000000000");
INSERT INTO ACT_BLK
	VALUES ("b810bfd7-3ddb-4cba-8c1f-3bb81f6133e2",
	0,
	0,
	0,
	'',
	'',
	'',
	0,
	0,
	0,
	0,
	0,
	0,
	0,
	0,
	0,
	0,
	0,
	0,
	0,
	"736ce405-6920-492a-b1f0-8758ee5916f9",
	"00000000-0000-0000-0000-000000000000");
INSERT INTO SPR_PEP
	VALUES ("4b9ddf27-7cab-4261-af93-0b33fa20636b",
	"c99c125a-095f-4952-a629-0621c7dbdb11",
	"a1f6da1a-693f-4e83-8ef3-260dc932b594");
INSERT INTO SPR_PS
	VALUES ("4b9ddf27-7cab-4261-af93-0b33fa20636b",
	's1',
	'',
	'',
	1);
INSERT INTO ACT_PSB
	VALUES ("51a7cc48-77b0-4529-ae37-bb4facef0238",
	"4b9ddf27-7cab-4261-af93-0b33fa20636b");
INSERT INTO ACT_ACT
	VALUES ("51a7cc48-77b0-4529-ae37-bb4facef0238",
	'signal',
	0,
	"9f5fb5c7-5cfe-4528-9a6b-8e749be3a834",
	"00000000-0000-0000-0000-000000000000",
	0,
	'Port1::PaymentProviderInterface::s1',
	"00000000-0000-0000-0000-000000000000");
INSERT INTO ACT_BLK
	VALUES ("9f5fb5c7-5cfe-4528-9a6b-8e749be3a834",
	0,
	0,
	0,
	'',
	'',
	'',
	0,
	0,
	0,
	0,
	0,
	0,
	0,
	0,
	0,
	0,
	0,
	0,
	0,
	"51a7cc48-77b0-4529-ae37-bb4facef0238",
	"00000000-0000-0000-0000-000000000000");
INSERT INTO SPR_PEP
	VALUES ("8aec231f-a3c3-49b5-902f-95aeae1df086",
	"6ff3a8a7-9b80-439a-8fb0-f17f749b7d3c",
	"a1f6da1a-693f-4e83-8ef3-260dc932b594");
INSERT INTO SPR_PS
	VALUES ("8aec231f-a3c3-49b5-902f-95aeae1df086",
	's1',
	'',
	'',
	1);
INSERT INTO ACT_PSB
	VALUES ("fce51820-0771-4f30-b537-f34150ba003d",
	"8aec231f-a3c3-49b5-902f-95aeae1df086");
INSERT INTO ACT_ACT
	VALUES ("fce51820-0771-4f30-b537-f34150ba003d",
	'signal',
	0,
	"a46666fb-a00e-48b7-989d-1cf6240ab51b",
	"00000000-0000-0000-0000-000000000000",
	0,
	'Port1::PaymentProviderInterface::s1',
	"00000000-0000-0000-0000-000000000000");
INSERT INTO ACT_BLK
	VALUES ("a46666fb-a00e-48b7-989d-1cf6240ab51b",
	0,
	0,
	0,
	'',
	'',
	'',
	0,
	0,
	0,
	0,
	0,
	0,
	0,
	0,
	0,
	0,
	0,
	0,
	0,
	"fce51820-0771-4f30-b537-f34150ba003d",
	"00000000-0000-0000-0000-000000000000");
INSERT INTO SPR_PEP
	VALUES ("a9c623e3-5659-4a01-ba3b-a639a13fcf01",
	"188f5759-e501-4f70-94fb-2bfb59a128ae",
	"a1f6da1a-693f-4e83-8ef3-260dc932b594");
INSERT INTO SPR_PS
	VALUES ("a9c623e3-5659-4a01-ba3b-a639a13fcf01",
	's1',
	'',
	'',
	1);
INSERT INTO ACT_PSB
	VALUES ("0dd07504-f925-4916-845c-7a1bd481cfa1",
	"a9c623e3-5659-4a01-ba3b-a639a13fcf01");
INSERT INTO ACT_ACT
	VALUES ("0dd07504-f925-4916-845c-7a1bd481cfa1",
	'signal',
	0,
	"1d637cf0-177d-46ef-901b-8e246ca895fa",
	"00000000-0000-0000-0000-000000000000",
	0,
	'Port1::PaymentProviderInterface::s1',
	"00000000-0000-0000-0000-000000000000");
INSERT INTO ACT_BLK
	VALUES ("1d637cf0-177d-46ef-901b-8e246ca895fa",
	0,
	0,
	0,
	'',
	'',
	'',
	0,
	0,
	0,
	0,
	0,
	0,
	0,
	0,
	0,
	0,
	0,
	0,
	0,
	"0dd07504-f925-4916-845c-7a1bd481cfa1",
	"00000000-0000-0000-0000-000000000000");
INSERT INTO SPR_PEP
	VALUES ("1a1632d7-5dab-42cd-8aca-8db196110b32",
	"a9cff890-a2c5-4f18-8bf3-c9a31e0eefc9",
	"a1f6da1a-693f-4e83-8ef3-260dc932b594");
INSERT INTO SPR_PS
	VALUES ("1a1632d7-5dab-42cd-8aca-8db196110b32",
	's1',
	'',
	'',
	1);
INSERT INTO ACT_PSB
	VALUES ("97b5c958-0232-495a-892e-fd3e76b223a5",
	"1a1632d7-5dab-42cd-8aca-8db196110b32");
INSERT INTO ACT_ACT
	VALUES ("97b5c958-0232-495a-892e-fd3e76b223a5",
	'signal',
	0,
	"41976235-6b20-48bf-9317-403b84116088",
	"00000000-0000-0000-0000-000000000000",
	0,
	'Port1::PaymentProviderInterface::s1',
	"00000000-0000-0000-0000-000000000000");
INSERT INTO ACT_BLK
	VALUES ("41976235-6b20-48bf-9317-403b84116088",
	0,
	0,
	0,
	'',
	'',
	'',
	0,
	0,
	0,
	0,
	0,
	0,
	0,
	0,
	0,
	0,
	0,
	0,
	0,
	"97b5c958-0232-495a-892e-fd3e76b223a5",
	"00000000-0000-0000-0000-000000000000");
INSERT INTO SPR_PEP
	VALUES ("e9b49344-93c3-414a-9d1e-7211327d8edd",
	"503de9c4-232e-4cc9-a0f8-5ac6bffee450",
	"a1f6da1a-693f-4e83-8ef3-260dc932b594");
INSERT INTO SPR_PS
	VALUES ("e9b49344-93c3-414a-9d1e-7211327d8edd",
	's1',
	'',
	'',
	1);
INSERT INTO ACT_PSB
	VALUES ("d0592005-3db9-4a73-bbc6-2f049d20cb74",
	"e9b49344-93c3-414a-9d1e-7211327d8edd");
INSERT INTO ACT_ACT
	VALUES ("d0592005-3db9-4a73-bbc6-2f049d20cb74",
	'signal',
	0,
	"62e75aa3-33b8-46aa-94df-d8cdbdd248b1",
	"00000000-0000-0000-0000-000000000000",
	0,
	'Port1::PaymentProviderInterface::s1',
	"00000000-0000-0000-0000-000000000000");
INSERT INTO ACT_BLK
	VALUES ("62e75aa3-33b8-46aa-94df-d8cdbdd248b1",
	0,
	0,
	0,
	'',
	'',
	'',
	0,
	0,
	0,
	0,
	0,
	0,
	0,
	0,
	0,
	0,
	0,
	0,
	0,
	"d0592005-3db9-4a73-bbc6-2f049d20cb74",
	"00000000-0000-0000-0000-000000000000");
INSERT INTO SPR_PEP
	VALUES ("1ecf5ec0-7b63-4b78-b235-97c7163b7c3c",
	"057381f7-153d-4176-80aa-f5f3b349020a",
	"a1f6da1a-693f-4e83-8ef3-260dc932b594");
INSERT INTO SPR_PO
	VALUES ("1ecf5ec0-7b63-4b78-b235-97c7163b7c3c",
	'o1',
	'',
	'',
	1);
INSERT INTO ACT_POB
	VALUES ("9db110c5-b88f-4498-bbf0-b18371f5d326",
	"1ecf5ec0-7b63-4b78-b235-97c7163b7c3c");
INSERT INTO ACT_ACT
	VALUES ("9db110c5-b88f-4498-bbf0-b18371f5d326",
	'interface operation',
	0,
	"52c7d3c9-ba49-4064-8c25-2fa9897514eb",
	"00000000-0000-0000-0000-000000000000",
	0,
	'Port1::PaymentProviderInterface::o1',
	"00000000-0000-0000-0000-000000000000");
INSERT INTO ACT_BLK
	VALUES ("52c7d3c9-ba49-4064-8c25-2fa9897514eb",
	0,
	0,
	0,
	'',
	'',
	'',
	0,
	0,
	0,
	0,
	0,
	0,
	0,
	0,
	0,
	0,
	0,
	0,
	0,
	"9db110c5-b88f-4498-bbf0-b18371f5d326",
	"00000000-0000-0000-0000-000000000000");
INSERT INTO SPR_PEP
	VALUES ("2d1731df-d3f0-40c6-bbbc-c6728f7864a0",
	"5fa0e52f-a290-4d43-b16c-693b93c717bd",
	"a1f6da1a-693f-4e83-8ef3-260dc932b594");
INSERT INTO SPR_PO
	VALUES ("2d1731df-d3f0-40c6-bbbc-c6728f7864a0",
	'o2',
	'',
	'',
	1);
INSERT INTO ACT_POB
	VALUES ("d4d9afd7-976d-4a30-bca5-d46eccdfba5f",
	"2d1731df-d3f0-40c6-bbbc-c6728f7864a0");
INSERT INTO ACT_ACT
	VALUES ("d4d9afd7-976d-4a30-bca5-d46eccdfba5f",
	'interface operation',
	0,
	"b3e49c25-b43f-4daa-b0bf-a2bbfef0d070",
	"00000000-0000-0000-0000-000000000000",
	0,
	'Port1::PaymentProviderInterface::o2',
	"00000000-0000-0000-0000-000000000000");
INSERT INTO ACT_BLK
	VALUES ("b3e49c25-b43f-4daa-b0bf-a2bbfef0d070",
	0,
	0,
	0,
	'',
	'',
	'',
	0,
	0,
	0,
	0,
	0,
	0,
	0,
	0,
	0,
	0,
	0,
	0,
	0,
	"d4d9afd7-976d-4a30-bca5-d46eccdfba5f",
	"00000000-0000-0000-0000-000000000000");
INSERT INTO SPR_PEP
	VALUES ("800112da-f5dc-445e-8a72-84a4bd25113f",
	"e5dd7715-d98a-4b18-8017-fb338c438e2a",
	"a1f6da1a-693f-4e83-8ef3-260dc932b594");
INSERT INTO SPR_PO
	VALUES ("800112da-f5dc-445e-8a72-84a4bd25113f",
	'o3',
	'',
	'',
	1);
INSERT INTO ACT_POB
	VALUES ("3be50a33-df15-41b5-b003-616aa021c41c",
	"800112da-f5dc-445e-8a72-84a4bd25113f");
INSERT INTO ACT_ACT
	VALUES ("3be50a33-df15-41b5-b003-616aa021c41c",
	'interface operation',
	0,
	"01f45e9e-fa82-4fea-a015-8ccf2c3bbe3d",
	"00000000-0000-0000-0000-000000000000",
	0,
	'Port1::PaymentProviderInterface::o3',
	"00000000-0000-0000-0000-000000000000");
INSERT INTO ACT_BLK
	VALUES ("01f45e9e-fa82-4fea-a015-8ccf2c3bbe3d",
	0,
	0,
	0,
	'',
	'',
	'',
	0,
	0,
	0,
	0,
	0,
	0,
	0,
	0,
	0,
	0,
	0,
	0,
	0,
	"3be50a33-df15-41b5-b003-616aa021c41c",
	"00000000-0000-0000-0000-000000000000");
INSERT INTO SPR_PEP
	VALUES ("88834ee1-a5fd-42f0-a86a-041fd8614693",
	"f35fc4e6-b36a-4435-8304-40b31cea0c6e",
	"a1f6da1a-693f-4e83-8ef3-260dc932b594");
INSERT INTO SPR_PO
	VALUES ("88834ee1-a5fd-42f0-a86a-041fd8614693",
	'o4',
	'',
	'',
	1);
INSERT INTO ACT_POB
	VALUES ("6ec88aa0-bb85-40a1-a463-74ca6c1dc2e9",
	"88834ee1-a5fd-42f0-a86a-041fd8614693");
INSERT INTO ACT_ACT
	VALUES ("6ec88aa0-bb85-40a1-a463-74ca6c1dc2e9",
	'interface operation',
	0,
	"36fde8e0-10c5-48b0-b317-8e8784198793",
	"00000000-0000-0000-0000-000000000000",
	0,
	'Port1::PaymentProviderInterface::o4',
	"00000000-0000-0000-0000-000000000000");
INSERT INTO ACT_BLK
	VALUES ("36fde8e0-10c5-48b0-b317-8e8784198793",
	0,
	0,
	0,
	'',
	'',
	'',
	0,
	0,
	0,
	0,
	0,
	0,
	0,
	0,
	0,
	0,
	0,
	0,
	0,
	"6ec88aa0-bb85-40a1-a463-74ca6c1dc2e9",
	"00000000-0000-0000-0000-000000000000");
INSERT INTO SPR_PEP
	VALUES ("761a424d-1565-42d9-838f-7751e2f70d50",
	"3fdee974-5494-4d1a-8172-e9db9f8ae18d",
	"a1f6da1a-693f-4e83-8ef3-260dc932b594");
INSERT INTO SPR_PO
	VALUES ("761a424d-1565-42d9-838f-7751e2f70d50",
	'o1',
	'',
	'',
	1);
INSERT INTO ACT_POB
	VALUES ("4c902dc5-cd78-4a50-82c6-d5844addee11",
	"761a424d-1565-42d9-838f-7751e2f70d50");
INSERT INTO ACT_ACT
	VALUES ("4c902dc5-cd78-4a50-82c6-d5844addee11",
	'interface operation',
	0,
	"43ae09bb-43ba-4800-807d-cd019b646393",
	"00000000-0000-0000-0000-000000000000",
	0,
	'Port1::PaymentProviderInterface::o1',
	"00000000-0000-0000-0000-000000000000");
INSERT INTO ACT_BLK
	VALUES ("43ae09bb-43ba-4800-807d-cd019b646393",
	0,
	0,
	0,
	'',
	'',
	'',
	0,
	0,
	0,
	0,
	0,
	0,
	0,
	0,
	0,
	0,
	0,
	0,
	0,
	"4c902dc5-cd78-4a50-82c6-d5844addee11",
	"00000000-0000-0000-0000-000000000000");
INSERT INTO SPR_PEP
	VALUES ("ec9b2bee-7501-4d41-98b2-68d434c8a293",
	"8b1a5345-340a-4d43-bb67-90ce4607fc5a",
	"a1f6da1a-693f-4e83-8ef3-260dc932b594");
INSERT INTO SPR_PO
	VALUES ("ec9b2bee-7501-4d41-98b2-68d434c8a293",
	'o2',
	'',
	'',
	1);
INSERT INTO ACT_POB
	VALUES ("226acb44-f185-45ed-952e-b8688d6f1948",
	"ec9b2bee-7501-4d41-98b2-68d434c8a293");
INSERT INTO ACT_ACT
	VALUES ("226acb44-f185-45ed-952e-b8688d6f1948",
	'interface operation',
	0,
	"a6210736-176d-4148-9a95-263faf95d020",
	"00000000-0000-0000-0000-000000000000",
	0,
	'Port1::PaymentProviderInterface::o2',
	"00000000-0000-0000-0000-000000000000");
INSERT INTO ACT_BLK
	VALUES ("a6210736-176d-4148-9a95-263faf95d020",
	0,
	0,
	0,
	'',
	'',
	'',
	0,
	0,
	0,
	0,
	0,
	0,
	0,
	0,
	0,
	0,
	0,
	0,
	0,
	"226acb44-f185-45ed-952e-b8688d6f1948",
	"00000000-0000-0000-0000-000000000000");
INSERT INTO SPR_PEP
	VALUES ("b2285106-71e2-429b-870a-631fb5ce4f2e",
	"2832886f-8f87-4313-99c5-547439cd85f3",
	"a1f6da1a-693f-4e83-8ef3-260dc932b594");
INSERT INTO SPR_PO
	VALUES ("b2285106-71e2-429b-870a-631fb5ce4f2e",
	'o3',
	'',
	'',
	1);
INSERT INTO ACT_POB
	VALUES ("bdba4115-5f3b-4e74-b3c4-c26ad7cbdc4d",
	"b2285106-71e2-429b-870a-631fb5ce4f2e");
INSERT INTO ACT_ACT
	VALUES ("bdba4115-5f3b-4e74-b3c4-c26ad7cbdc4d",
	'interface operation',
	0,
	"84616502-27f4-4624-b260-e67b63f48486",
	"00000000-0000-0000-0000-000000000000",
	0,
	'Port1::PaymentProviderInterface::o3',
	"00000000-0000-0000-0000-000000000000");
INSERT INTO ACT_BLK
	VALUES ("84616502-27f4-4624-b260-e67b63f48486",
	0,
	0,
	0,
	'',
	'',
	'',
	0,
	0,
	0,
	0,
	0,
	0,
	0,
	0,
	0,
	0,
	0,
	0,
	0,
	"bdba4115-5f3b-4e74-b3c4-c26ad7cbdc4d",
	"00000000-0000-0000-0000-000000000000");
INSERT INTO SPR_PEP
	VALUES ("062a3f9e-2084-4fa9-82a1-fc4fdd153c0d",
	"bf1855b8-817f-4c4d-9922-307c6ef9976e",
	"a1f6da1a-693f-4e83-8ef3-260dc932b594");
INSERT INTO SPR_PO
	VALUES ("062a3f9e-2084-4fa9-82a1-fc4fdd153c0d",
	'o4',
	'',
	'',
	1);
INSERT INTO ACT_POB
	VALUES ("4de63b5a-61b5-4f4f-aa9d-8879b7634921",
	"062a3f9e-2084-4fa9-82a1-fc4fdd153c0d");
INSERT INTO ACT_ACT
	VALUES ("4de63b5a-61b5-4f4f-aa9d-8879b7634921",
	'interface operation',
	0,
	"42d20906-0d59-4fe2-a996-127b4214b1a5",
	"00000000-0000-0000-0000-000000000000",
	0,
	'Port1::PaymentProviderInterface::o4',
	"00000000-0000-0000-0000-000000000000");
INSERT INTO ACT_BLK
	VALUES ("42d20906-0d59-4fe2-a996-127b4214b1a5",
	0,
	0,
	0,
	'',
	'',
	'',
	0,
	0,
	0,
	0,
	0,
	0,
	0,
	0,
	0,
	0,
	0,
	0,
	0,
	"4de63b5a-61b5-4f4f-aa9d-8879b7634921",
	"00000000-0000-0000-0000-000000000000");
INSERT INTO PE_PE
	VALUES ("dcb27040-a506-4d06-8daf-9a61e7a3e940",
	1,
	"00000000-0000-0000-0000-000000000000",
	"0f3bfbca-83c2-428b-8d47-eb45632d37c5",
	7);
INSERT INTO EP_PKG
	VALUES ("dcb27040-a506-4d06-8daf-9a61e7a3e940",
	"00000000-0000-0000-0000-000000000000",
	"77552e13-265a-4a67-beca-bb6af5f15d0b",
	'PaymentServiceProvider',
	'',
	0);
INSERT INTO PE_PE
	VALUES ("b44a76ae-afc0-4d98-9919-aa9b86f43aa0",
	1,
	"dcb27040-a506-4d06-8daf-9a61e7a3e940",
	"00000000-0000-0000-0000-000000000000",
	4);
INSERT INTO O_OBJ
	VALUES ("b44a76ae-afc0-4d98-9919-aa9b86f43aa0",
	'Bank',
	1,
	'BANK',
	'',
	"00000000-0000-0000-0000-000000000000");
INSERT INTO O_ID
	VALUES (0,
	"b44a76ae-afc0-4d98-9919-aa9b86f43aa0");
INSERT INTO O_ID
	VALUES (1,
	"b44a76ae-afc0-4d98-9919-aa9b86f43aa0");
INSERT INTO O_ID
	VALUES (2,
	"b44a76ae-afc0-4d98-9919-aa9b86f43aa0");
INSERT INTO SM_ASM
	VALUES ("e1416da9-3a0d-48f1-b4fb-4ba2c02009c7",
	"b44a76ae-afc0-4d98-9919-aa9b86f43aa0");
INSERT INTO SM_SM
	VALUES ("e1416da9-3a0d-48f1-b4fb-4ba2c02009c7",
	'',
	0);
INSERT INTO SM_MOORE
	VALUES ("e1416da9-3a0d-48f1-b4fb-4ba2c02009c7");
INSERT INTO SM_SGEVT
	VALUES ("0a34c16f-b93e-4297-986f-38c2f2f14fef",
	"e1416da9-3a0d-48f1-b4fb-4ba2c02009c7",
	"00000000-0000-0000-0000-000000000000",
	"ef096593-9013-4d4b-ba72-65ff142c7b36",
	"00000000-0000-0000-0000-000000000000",
	'Port1::paymentInfo');
INSERT INTO SM_SEVT
	VALUES ("0a34c16f-b93e-4297-986f-38c2f2f14fef",
	"e1416da9-3a0d-48f1-b4fb-4ba2c02009c7",
	"00000000-0000-0000-0000-000000000000");
INSERT INTO SM_EVT
	VALUES ("0a34c16f-b93e-4297-986f-38c2f2f14fef",
	"e1416da9-3a0d-48f1-b4fb-4ba2c02009c7",
	"00000000-0000-0000-0000-000000000000",
	1,
	'paymentInfo',
	0,
	'',
	'Port1::paymentInfo',
	'');
INSERT INTO SM_STATE
	VALUES ("d0640932-4f4f-427e-9d36-e3141f66d8a6",
	"e1416da9-3a0d-48f1-b4fb-4ba2c02009c7",
	"00000000-0000-0000-0000-000000000000",
	'ready',
	1,
	0);
INSERT INTO SM_SEME
	VALUES ("d0640932-4f4f-427e-9d36-e3141f66d8a6",
	"0a34c16f-b93e-4297-986f-38c2f2f14fef",
	"e1416da9-3a0d-48f1-b4fb-4ba2c02009c7",
	"00000000-0000-0000-0000-000000000000");
INSERT INTO SM_MOAH
	VALUES ("cc4fa78f-ea93-40ae-ba0a-1a1a324fac49",
	"e1416da9-3a0d-48f1-b4fb-4ba2c02009c7",
	"d0640932-4f4f-427e-9d36-e3141f66d8a6");
INSERT INTO SM_AH
	VALUES ("cc4fa78f-ea93-40ae-ba0a-1a1a324fac49",
	"e1416da9-3a0d-48f1-b4fb-4ba2c02009c7");
INSERT INTO SM_ACT
	VALUES ("cc4fa78f-ea93-40ae-ba0a-1a1a324fac49",
	"e1416da9-3a0d-48f1-b4fb-4ba2c02009c7",
	1,
	'',
	'');
INSERT INTO ACT_SAB
	VALUES ("6be27955-3c87-4433-af88-3b52b6ded038",
	"e1416da9-3a0d-48f1-b4fb-4ba2c02009c7",
	"cc4fa78f-ea93-40ae-ba0a-1a1a324fac49");
INSERT INTO ACT_ACT
	VALUES ("6be27955-3c87-4433-af88-3b52b6ded038",
	'class state',
	0,
	"0cd25d8e-8469-414a-adfc-5bf1d99e5232",
	"00000000-0000-0000-0000-000000000000",
	0,
	'Bank::ready',
	"00000000-0000-0000-0000-000000000000");
INSERT INTO ACT_BLK
	VALUES ("0cd25d8e-8469-414a-adfc-5bf1d99e5232",
	0,
	0,
	0,
	'',
	'',
	'',
	0,
	0,
	0,
	0,
	0,
	0,
	0,
	0,
	0,
	0,
	0,
	0,
	0,
	"6be27955-3c87-4433-af88-3b52b6ded038",
	"00000000-0000-0000-0000-000000000000");
INSERT INTO SM_NSTXN
	VALUES ("d11c5281-e86f-4c0b-8411-4178b646094b",
	"e1416da9-3a0d-48f1-b4fb-4ba2c02009c7",
	"d0640932-4f4f-427e-9d36-e3141f66d8a6",
	"0a34c16f-b93e-4297-986f-38c2f2f14fef",
	"00000000-0000-0000-0000-000000000000");
INSERT INTO SM_TAH
	VALUES ("0ce6bf06-8fed-4287-a64a-f702654844f9",
	"e1416da9-3a0d-48f1-b4fb-4ba2c02009c7",
	"d11c5281-e86f-4c0b-8411-4178b646094b");
INSERT INTO SM_AH
	VALUES ("0ce6bf06-8fed-4287-a64a-f702654844f9",
	"e1416da9-3a0d-48f1-b4fb-4ba2c02009c7");
INSERT INTO SM_ACT
	VALUES ("0ce6bf06-8fed-4287-a64a-f702654844f9",
	"e1416da9-3a0d-48f1-b4fb-4ba2c02009c7",
	1,
	'LOG::LogInfo(message: "Bank paymentInfo: confirming valid payment");

send PaymentProviderInterface::paymentValid(sessionID: param.sessionID,
											valid:true);',
	'');
INSERT INTO ACT_TAB
	VALUES ("750c67b7-3bd5-42bc-872c-6a3d79ebbe3e",
	"e1416da9-3a0d-48f1-b4fb-4ba2c02009c7",
	"0ce6bf06-8fed-4287-a64a-f702654844f9");
INSERT INTO ACT_ACT
	VALUES ("750c67b7-3bd5-42bc-872c-6a3d79ebbe3e",
	'class transition',
	0,
	"04085796-03b2-47f7-b139-514625b67299",
	"00000000-0000-0000-0000-000000000000",
	0,
	'Port1::paymentInfo',
	"00000000-0000-0000-0000-000000000000");
INSERT INTO ACT_BLK
	VALUES ("04085796-03b2-47f7-b139-514625b67299",
	0,
	0,
	0,
	'PaymentProviderInterface',
	'',
	'',
	3,
	1,
	3,
	6,
	0,
	0,
	0,
	0,
	0,
	0,
	0,
	0,
	0,
	"750c67b7-3bd5-42bc-872c-6a3d79ebbe3e",
	"00000000-0000-0000-0000-000000000000");
INSERT INTO ACT_SMT
	VALUES ("a1c5ff17-46f3-4f63-960b-5f34053a5270",
	"04085796-03b2-47f7-b139-514625b67299",
	"8c7c990d-c14d-4dec-90c3-e1f6f2399335",
	1,
	1,
	'Port1::paymentInfo line: 1');
INSERT INTO ACT_BRG
	VALUES ("a1c5ff17-46f3-4f63-960b-5f34053a5270",
	"768e1cca-7403-495c-9b22-afd11a473eb6",
	1,
	6,
	1,
	1);
INSERT INTO ACT_SMT
	VALUES ("8c7c990d-c14d-4dec-90c3-e1f6f2399335",
	"04085796-03b2-47f7-b139-514625b67299",
	"00000000-0000-0000-0000-000000000000",
	3,
	1,
	'Port1::paymentInfo line: 3');
INSERT INTO ACT_SGN
	VALUES ("8c7c990d-c14d-4dec-90c3-e1f6f2399335",
	3,
	32,
	3,
	6,
	"2549fd8f-5237-41d0-aae6-dcb807d6bc72",
	"00000000-0000-0000-0000-000000000000",
	"00000000-0000-0000-0000-000000000000");
INSERT INTO V_VAL
	VALUES ("06e64df1-2d03-445d-839c-dfb58fb6d2aa",
	0,
	0,
	1,
	23,
	65,
	0,
	0,
	0,
	0,
	"ba5eda7a-def5-0000-0000-000000000004",
	"04085796-03b2-47f7-b139-514625b67299");
INSERT INTO V_LST
	VALUES ("06e64df1-2d03-445d-839c-dfb58fb6d2aa",
	'Bank paymentInfo: confirming valid payment');
INSERT INTO V_PAR
	VALUES ("06e64df1-2d03-445d-839c-dfb58fb6d2aa",
	"a1c5ff17-46f3-4f63-960b-5f34053a5270",
	"00000000-0000-0000-0000-000000000000",
	'message',
	"00000000-0000-0000-0000-000000000000",
	1,
	14);
INSERT INTO V_VAL
	VALUES ("fd0b4524-2c50-4eca-bfb0-064e4a43de07",
	0,
	0,
	3,
	62,
	70,
	0,
	0,
	0,
	0,
	"ba5eda7a-def5-0000-0000-000000000005",
	"04085796-03b2-47f7-b139-514625b67299");
INSERT INTO V_EDV
	VALUES ("fd0b4524-2c50-4eca-bfb0-064e4a43de07");
INSERT INTO V_EPR
	VALUES ("fd0b4524-2c50-4eca-bfb0-064e4a43de07",
	"00000000-0000-0000-0000-000000000000",
	"00000000-0000-0000-0000-000000000000",
	"3e11bd4d-9e37-43b1-8c96-4aa3f0a088c2");
INSERT INTO V_PAR
	VALUES ("fd0b4524-2c50-4eca-bfb0-064e4a43de07",
	"8c7c990d-c14d-4dec-90c3-e1f6f2399335",
	"00000000-0000-0000-0000-000000000000",
	'sessionID',
	"8b917e3f-c621-4289-bb9c-564668990cae",
	3,
	45);
INSERT INTO V_VAL
	VALUES ("8b917e3f-c621-4289-bb9c-564668990cae",
	0,
	0,
	-1,
	-1,
	-1,
	0,
	0,
	0,
	0,
	"ba5eda7a-def5-0000-0000-000000000001",
	"04085796-03b2-47f7-b139-514625b67299");
INSERT INTO V_LBO
	VALUES ("8b917e3f-c621-4289-bb9c-564668990cae",
	'TRUE');
INSERT INTO V_PAR
	VALUES ("8b917e3f-c621-4289-bb9c-564668990cae",
	"8c7c990d-c14d-4dec-90c3-e1f6f2399335",
	"00000000-0000-0000-0000-000000000000",
	'valid',
	"00000000-0000-0000-0000-000000000000",
	4,
	12);
INSERT INTO SM_TXN
	VALUES ("d11c5281-e86f-4c0b-8411-4178b646094b",
	"e1416da9-3a0d-48f1-b4fb-4ba2c02009c7",
	"d0640932-4f4f-427e-9d36-e3141f66d8a6",
	"00000000-0000-0000-0000-000000000000");
INSERT INTO PE_PE
	VALUES ("182dfb43-4b42-4388-a888-adc923ffd180",
	1,
	"08644b1f-a992-4e52-8ec3-1f5eff4dec19",
	"00000000-0000-0000-0000-000000000000",
	7);
INSERT INTO EP_PKG
	VALUES ("182dfb43-4b42-4388-a888-adc923ffd180",
	"00000000-0000-0000-0000-000000000000",
	"77552e13-265a-4a67-beca-bb6af5f15d0b",
	'Interfaces',
	'',
	0);
INSERT INTO PE_PE
	VALUES ("708e7060-3f4e-41ab-94ce-7b712ad36251",
	1,
	"182dfb43-4b42-4388-a888-adc923ffd180",
	"00000000-0000-0000-0000-000000000000",
	6);
INSERT INTO C_I
	VALUES ("708e7060-3f4e-41ab-94ce-7b712ad36251",
	"00000000-0000-0000-0000-000000000000",
	'BookingProvider',
	'');
INSERT INTO C_EP
	VALUES ("8500002a-94f3-4a61-bfa8-32f8fd7d89b4",
	"708e7060-3f4e-41ab-94ce-7b712ad36251",
	-1,
	'requestAvailableBookables',
	'');
INSERT INTO C_AS
	VALUES ("8500002a-94f3-4a61-bfa8-32f8fd7d89b4",
	'requestAvailableBookables',
	'',
	0,
	"00000000-0000-0000-0000-000000000000");
INSERT INTO C_PP
	VALUES ("440d61eb-481a-4ea0-b89c-0bc624d141a3",
	"8500002a-94f3-4a61-bfa8-32f8fd7d89b4",
	"ba5eda7a-def5-0000-0000-000000000005",
	'sessionID',
	'',
	0,
	'',
	"00000000-0000-0000-0000-000000000000");
INSERT INTO C_PP
	VALUES ("bb7fca6d-dbf4-4e65-bf71-bad1b55fe0c7",
	"8500002a-94f3-4a61-bfa8-32f8fd7d89b4",
	"ba5eda7a-def5-0000-0000-00000000000e",
	'fromDate',
	'',
	0,
	'',
	"440d61eb-481a-4ea0-b89c-0bc624d141a3");
INSERT INTO C_PP
	VALUES ("5b1beab7-9ad5-43f6-84fb-0e6f38b599d5",
	"8500002a-94f3-4a61-bfa8-32f8fd7d89b4",
	"ba5eda7a-def5-0000-0000-00000000000e",
	'toDate',
	'',
	0,
	'',
	"bb7fca6d-dbf4-4e65-bf71-bad1b55fe0c7");
INSERT INTO C_EP
	VALUES ("54d1cfcd-e847-40b5-be88-ddf038c56595",
	"708e7060-3f4e-41ab-94ce-7b712ad36251",
	-1,
	'available',
	'');
INSERT INTO C_AS
	VALUES ("54d1cfcd-e847-40b5-be88-ddf038c56595",
	'available',
	'',
	1,
	"8500002a-94f3-4a61-bfa8-32f8fd7d89b4");
INSERT INTO C_PP
	VALUES ("b99356fc-5e76-4f1f-9eda-76579565e657",
	"54d1cfcd-e847-40b5-be88-ddf038c56595",
	"ba5eda7a-def5-0000-0000-000000000002",
	'id',
	'',
	0,
	'',
	"00000000-0000-0000-0000-000000000000");
INSERT INTO C_PP
	VALUES ("5304459a-0f6b-48c5-b818-bc584864f61f",
	"54d1cfcd-e847-40b5-be88-ddf038c56595",
	"ba5eda7a-def5-0000-0000-000000000003",
	'price',
	'',
	0,
	'',
	"b99356fc-5e76-4f1f-9eda-76579565e657");
INSERT INTO C_PP
	VALUES ("56da61d1-d010-4a41-87cd-1b1b11d8b828",
	"54d1cfcd-e847-40b5-be88-ddf038c56595",
	"ba5eda7a-def5-0000-0000-000000000004",
	'description',
	'',
	0,
	'',
	"5304459a-0f6b-48c5-b818-bc584864f61f");
INSERT INTO C_PP
	VALUES ("b79bff53-be30-45a5-8923-7a3f5ab4710d",
	"54d1cfcd-e847-40b5-be88-ddf038c56595",
	"ba5eda7a-def5-0000-0000-000000000004",
	'aproximateArea',
	'',
	0,
	'',
	"56da61d1-d010-4a41-87cd-1b1b11d8b828");
INSERT INTO C_PP
	VALUES ("9a07908f-2d90-4fab-90c0-6d3e67ee8616",
	"54d1cfcd-e847-40b5-be88-ddf038c56595",
	"ba5eda7a-def5-0000-0000-000000000001",
	'independent',
	'',
	0,
	'',
	"b79bff53-be30-45a5-8923-7a3f5ab4710d");
INSERT INTO C_PP
	VALUES ("17a9f7ea-28a3-4e6d-b3f3-f63e218c3b1a",
	"54d1cfcd-e847-40b5-be88-ddf038c56595",
	"ba5eda7a-def5-0000-0000-000000000005",
	'sessionID',
	'',
	0,
	'',
	"9a07908f-2d90-4fab-90c0-6d3e67ee8616");
INSERT INTO C_EP
	VALUES ("55b848f9-d68a-4698-bf86-446ac83e49f5",
	"708e7060-3f4e-41ab-94ce-7b712ad36251",
	-1,
	'selectBookable',
	'');
INSERT INTO C_AS
	VALUES ("55b848f9-d68a-4698-bf86-446ac83e49f5",
	'selectBookable',
	'',
	0,
	"54d1cfcd-e847-40b5-be88-ddf038c56595");
INSERT INTO C_PP
	VALUES ("9e138e25-187d-45e0-b2e3-b5230d2a8883",
	"55b848f9-d68a-4698-bf86-446ac83e49f5",
	"ba5eda7a-def5-0000-0000-000000000002",
	'id',
	'',
	0,
	'',
	"00000000-0000-0000-0000-000000000000");
INSERT INTO C_PP
	VALUES ("eee16ca7-f592-4209-868f-d6a58e473aee",
	"55b848f9-d68a-4698-bf86-446ac83e49f5",
	"ba5eda7a-def5-0000-0000-000000000005",
	'sessionID',
	'',
	0,
	'',
	"9e138e25-187d-45e0-b2e3-b5230d2a8883");
INSERT INTO C_EP
	VALUES ("10d65452-16c4-45b0-ad3e-4dec03bb99a7",
	"708e7060-3f4e-41ab-94ce-7b712ad36251",
	-1,
	'extraServices',
	'');
INSERT INTO C_AS
	VALUES ("10d65452-16c4-45b0-ad3e-4dec03bb99a7",
	'extraServices',
	'',
	1,
	"55b848f9-d68a-4698-bf86-446ac83e49f5");
INSERT INTO C_PP
	VALUES ("3d2fc28f-324a-4e94-b3b6-330584f78523",
	"10d65452-16c4-45b0-ad3e-4dec03bb99a7",
	"ba5eda7a-def5-0000-0000-000000000005",
	'id',
	'',
	0,
	'',
	"00000000-0000-0000-0000-000000000000");
INSERT INTO C_PP
	VALUES ("785bb700-66e1-4fa9-9694-b929474e55ff",
	"10d65452-16c4-45b0-ad3e-4dec03bb99a7",
	"ba5eda7a-def5-0000-0000-000000000003",
	'price',
	'',
	0,
	'',
	"3d2fc28f-324a-4e94-b3b6-330584f78523");
INSERT INTO C_PP
	VALUES ("67bb21b4-4919-4a78-b72f-8b69e2cf5f97",
	"10d65452-16c4-45b0-ad3e-4dec03bb99a7",
	"ba5eda7a-def5-0000-0000-000000000004",
	'description',
	'',
	0,
	'',
	"785bb700-66e1-4fa9-9694-b929474e55ff");
INSERT INTO C_PP
	VALUES ("82ccc6c0-4b2c-4e41-b127-716f6e516d19",
	"10d65452-16c4-45b0-ad3e-4dec03bb99a7",
	"ba5eda7a-def5-0000-0000-000000000004",
	'aproximateArea',
	'',
	0,
	'',
	"67bb21b4-4919-4a78-b72f-8b69e2cf5f97");
INSERT INTO C_PP
	VALUES ("32560363-913f-4fe4-863c-37fa358ec8c0",
	"10d65452-16c4-45b0-ad3e-4dec03bb99a7",
	"ba5eda7a-def5-0000-0000-000000000001",
	'independent',
	'',
	0,
	'',
	"82ccc6c0-4b2c-4e41-b127-716f6e516d19");
INSERT INTO C_EP
	VALUES ("87ed1c56-1bee-4041-bca4-056967095bc2",
	"708e7060-3f4e-41ab-94ce-7b712ad36251",
	-1,
	'addServices',
	'');
INSERT INTO C_AS
	VALUES ("87ed1c56-1bee-4041-bca4-056967095bc2",
	'addServices',
	'',
	0,
	"10d65452-16c4-45b0-ad3e-4dec03bb99a7");
INSERT INTO C_PP
	VALUES ("074cc4f4-819e-47a2-9f21-e95a11815a59",
	"87ed1c56-1bee-4041-bca4-056967095bc2",
	"ba5eda7a-def5-0000-0000-000000000005",
	'sessionID',
	'',
	0,
	'',
	"00000000-0000-0000-0000-000000000000");
INSERT INTO C_PP
	VALUES ("d5983e81-05ed-401f-bccd-625543d07d85",
	"87ed1c56-1bee-4041-bca4-056967095bc2",
	"ba5eda7a-def5-0000-0000-000000000005",
	'desiredID',
	'',
	0,
	'',
	"074cc4f4-819e-47a2-9f21-e95a11815a59");
INSERT INTO C_EP
	VALUES ("57eb1124-4a29-48ad-8677-d8760788067a",
	"708e7060-3f4e-41ab-94ce-7b712ad36251",
	-1,
	'customerDetails',
	'');
INSERT INTO C_AS
	VALUES ("57eb1124-4a29-48ad-8677-d8760788067a",
	'customerDetails',
	'',
	0,
	"87ed1c56-1bee-4041-bca4-056967095bc2");
INSERT INTO C_PP
	VALUES ("9f35fb46-9c6b-4202-8310-888981c424af",
	"57eb1124-4a29-48ad-8677-d8760788067a",
	"ba5eda7a-def5-0000-0000-000000000005",
	'sessionID',
	'',
	0,
	'',
	"00000000-0000-0000-0000-000000000000");
INSERT INTO C_PP
	VALUES ("c2367ced-24e1-4602-a7c5-4001bd1043d4",
	"57eb1124-4a29-48ad-8677-d8760788067a",
	"ba5eda7a-def5-0000-0000-000000000004",
	'name',
	'',
	0,
	'',
	"9f35fb46-9c6b-4202-8310-888981c424af");
INSERT INTO C_PP
	VALUES ("180912be-1f82-4ef3-9fc2-a2acbf555b77",
	"57eb1124-4a29-48ad-8677-d8760788067a",
	"ba5eda7a-def5-0000-0000-000000000004",
	'phoneNumber',
	'',
	0,
	'',
	"c2367ced-24e1-4602-a7c5-4001bd1043d4");
INSERT INTO C_EP
	VALUES ("275df8ce-b628-4b96-85dd-66e9224fc9df",
	"708e7060-3f4e-41ab-94ce-7b712ad36251",
	-1,
	'addGuest',
	'');
INSERT INTO C_AS
	VALUES ("275df8ce-b628-4b96-85dd-66e9224fc9df",
	'addGuest',
	'',
	0,
	"57eb1124-4a29-48ad-8677-d8760788067a");
INSERT INTO C_PP
	VALUES ("5813d0b6-e9b6-4d9c-83b2-7539947713a0",
	"275df8ce-b628-4b96-85dd-66e9224fc9df",
	"ba5eda7a-def5-0000-0000-000000000005",
	'sessionID',
	'',
	0,
	'',
	"00000000-0000-0000-0000-000000000000");
INSERT INTO C_PP
	VALUES ("f2081eb7-638b-479f-bdef-a8d3d2aeb082",
	"275df8ce-b628-4b96-85dd-66e9224fc9df",
	"ba5eda7a-def5-0000-0000-000000000004",
	'guestName',
	'',
	0,
	'',
	"5813d0b6-e9b6-4d9c-83b2-7539947713a0");
INSERT INTO C_PP
	VALUES ("41edc071-08b3-4da2-a6d0-cab5122398ca",
	"275df8ce-b628-4b96-85dd-66e9224fc9df",
	"ba5eda7a-def5-0000-0000-000000000002",
	'guestAge',
	'',
	0,
	'',
	"f2081eb7-638b-479f-bdef-a8d3d2aeb082");
INSERT INTO C_EP
	VALUES ("40e06920-24e2-499d-b1c8-deb66c9637ec",
	"708e7060-3f4e-41ab-94ce-7b712ad36251",
	-1,
	'paymentInfo',
	'');
INSERT INTO C_AS
	VALUES ("40e06920-24e2-499d-b1c8-deb66c9637ec",
	'paymentInfo',
	'',
	0,
	"275df8ce-b628-4b96-85dd-66e9224fc9df");
INSERT INTO C_PP
	VALUES ("8aff4a0e-3cc5-4dad-93f0-c1749ecf9471",
	"40e06920-24e2-499d-b1c8-deb66c9637ec",
	"ba5eda7a-def5-0000-0000-000000000005",
	'sessionID',
	'',
	0,
	'',
	"00000000-0000-0000-0000-000000000000");
INSERT INTO C_PP
	VALUES ("78e48b64-919d-466a-bb65-ba1cb83b002f",
	"40e06920-24e2-499d-b1c8-deb66c9637ec",
	"ba5eda7a-def5-0000-0000-000000000004",
	'info',
	'',
	0,
	'',
	"8aff4a0e-3cc5-4dad-93f0-c1749ecf9471");
INSERT INTO C_EP
	VALUES ("19aa6808-338c-45b0-8a31-1b3efb70b47a",
	"708e7060-3f4e-41ab-94ce-7b712ad36251",
	-1,
	'confirmSignal',
	'');
INSERT INTO C_AS
	VALUES ("19aa6808-338c-45b0-8a31-1b3efb70b47a",
	'confirmSignal',
	'',
	1,
	"40e06920-24e2-499d-b1c8-deb66c9637ec");
INSERT INTO C_PP
	VALUES ("a3b665ee-74eb-4b72-82bd-d6fa5f6917b3",
	"19aa6808-338c-45b0-8a31-1b3efb70b47a",
	"ba5eda7a-def5-0000-0000-000000000004",
	'message',
	'',
	0,
	'',
	"00000000-0000-0000-0000-000000000000");
INSERT INTO C_PP
	VALUES ("72b44e45-7f11-4d56-b05a-ba5d1c400822",
	"19aa6808-338c-45b0-8a31-1b3efb70b47a",
	"ba5eda7a-def5-0000-0000-000000000005",
	'sessionID',
	'',
	0,
	'',
	"a3b665ee-74eb-4b72-82bd-d6fa5f6917b3");
INSERT INTO C_EP
	VALUES ("89169ec3-d50b-4b5b-95fa-d95fb15c3f98",
	"708e7060-3f4e-41ab-94ce-7b712ad36251",
	-1,
	'errorSignal',
	'');
INSERT INTO C_AS
	VALUES ("89169ec3-d50b-4b5b-95fa-d95fb15c3f98",
	'errorSignal',
	'',
	1,
	"19aa6808-338c-45b0-8a31-1b3efb70b47a");
INSERT INTO C_PP
	VALUES ("ed7f9ed0-5d21-4eea-b033-d488f64972b9",
	"89169ec3-d50b-4b5b-95fa-d95fb15c3f98",
	"ba5eda7a-def5-0000-0000-000000000004",
	'message',
	'',
	0,
	'',
	"00000000-0000-0000-0000-000000000000");
INSERT INTO C_PP
	VALUES ("b7eec5b3-9293-44d8-a8e2-b9f70df8f0cd",
	"89169ec3-d50b-4b5b-95fa-d95fb15c3f98",
	"ba5eda7a-def5-0000-0000-000000000005",
	'sessionID',
	'',
	0,
	'',
	"ed7f9ed0-5d21-4eea-b033-d488f64972b9");
INSERT INTO C_EP
	VALUES ("b21fad1b-897b-424f-84f8-01bdab76de49",
	"708e7060-3f4e-41ab-94ce-7b712ad36251",
	-1,
	'requestSession',
	'');
INSERT INTO C_AS
	VALUES ("b21fad1b-897b-424f-84f8-01bdab76de49",
	'requestSession',
	'',
	0,
	"89169ec3-d50b-4b5b-95fa-d95fb15c3f98");
INSERT INTO C_EP
	VALUES ("0a31b7ea-b3a4-43b3-bfab-1e664637468e",
	"708e7060-3f4e-41ab-94ce-7b712ad36251",
	-1,
	'session',
	'');
INSERT INTO C_AS
	VALUES ("0a31b7ea-b3a4-43b3-bfab-1e664637468e",
	'session',
	'',
	1,
	"b21fad1b-897b-424f-84f8-01bdab76de49");
INSERT INTO C_PP
	VALUES ("fec1123c-a15a-45df-adbc-758261d72c0f",
	"0a31b7ea-b3a4-43b3-bfab-1e664637468e",
	"ba5eda7a-def5-0000-0000-000000000005",
	'sessionID',
	'',
	0,
	'',
	"00000000-0000-0000-0000-000000000000");
INSERT INTO C_PP
	VALUES ("af240464-b25e-4de2-b8fb-ea32808b1dde",
	"0a31b7ea-b3a4-43b3-bfab-1e664637468e",
	"ba5eda7a-def5-0000-0000-000000000005",
	'bookingNumber',
	'',
	0,
	'',
	"fec1123c-a15a-45df-adbc-758261d72c0f");
INSERT INTO PE_PE
	VALUES ("7af64316-7236-4637-9c49-e47d2784ce9e",
	1,
	"182dfb43-4b42-4388-a888-adc923ffd180",
	"00000000-0000-0000-0000-000000000000",
	6);
INSERT INTO C_I
	VALUES ("7af64316-7236-4637-9c49-e47d2784ce9e",
	"00000000-0000-0000-0000-000000000000",
	'StaffInterface',
	'');
INSERT INTO C_EP
	VALUES ("c86ea0b4-abc2-4994-bee2-500e130b8b73",
	"7af64316-7236-4637-9c49-e47d2784ce9e",
	-1,
	'addFacility',
	'');
INSERT INTO C_AS
	VALUES ("c86ea0b4-abc2-4994-bee2-500e130b8b73",
	'addFacility',
	'',
	0,
	"00000000-0000-0000-0000-000000000000");
INSERT INTO C_PP
	VALUES ("5055dfea-acfb-446f-9a4a-c84ab94fb0c6",
	"c86ea0b4-abc2-4994-bee2-500e130b8b73",
	"ba5eda7a-def5-0000-0000-000000000004",
	'facilityID',
	'',
	0,
	'',
	"00000000-0000-0000-0000-000000000000");
INSERT INTO C_PP
	VALUES ("3ed552e5-044a-477f-847c-2beaa7359a32",
	"c86ea0b4-abc2-4994-bee2-500e130b8b73",
	"ba5eda7a-def5-0000-0000-000000000002",
	'facilityType',
	'',
	0,
	'',
	"5055dfea-acfb-446f-9a4a-c84ab94fb0c6");
INSERT INTO C_EP
	VALUES ("19f06228-e268-4733-9af7-92f3f313ceff",
	"7af64316-7236-4637-9c49-e47d2784ce9e",
	-1,
	'addFacilityType',
	'');
INSERT INTO C_AS
	VALUES ("19f06228-e268-4733-9af7-92f3f313ceff",
	'addFacilityType',
	'',
	0,
	"c86ea0b4-abc2-4994-bee2-500e130b8b73");
INSERT INTO C_PP
	VALUES ("fc57c5a9-de76-4b8c-a1eb-66202621f92f",
	"19f06228-e268-4733-9af7-92f3f313ceff",
	"ba5eda7a-def5-0000-0000-000000000004",
	'approximateArea',
	'',
	0,
	'',
	"00000000-0000-0000-0000-000000000000");
INSERT INTO C_PP
	VALUES ("ffbe64fe-56a6-4c62-b5e4-b28648e78656",
	"19f06228-e268-4733-9af7-92f3f313ceff",
	"ba5eda7a-def5-0000-0000-000000000004",
	'name',
	'',
	0,
	'',
	"fc57c5a9-de76-4b8c-a1eb-66202621f92f");
INSERT INTO C_PP
	VALUES ("de5edff6-21df-436a-baaf-ee1a13999228",
	"19f06228-e268-4733-9af7-92f3f313ceff",
	"ba5eda7a-def5-0000-0000-000000000003",
	'price',
	'',
	0,
	'',
	"ffbe64fe-56a6-4c62-b5e4-b28648e78656");
INSERT INTO C_PP
	VALUES ("ae84f3b2-9628-4fe2-abfc-6630078db393",
	"19f06228-e268-4733-9af7-92f3f313ceff",
	"ba5eda7a-def5-0000-0000-000000000004",
	'description',
	'',
	0,
	'',
	"de5edff6-21df-436a-baaf-ee1a13999228");
INSERT INTO C_PP
	VALUES ("168a7192-30ca-4de0-bf9d-037a1494e638",
	"19f06228-e268-4733-9af7-92f3f313ceff",
	"ba5eda7a-def5-0000-0000-000000000002",
	'id',
	'',
	0,
	'',
	"ae84f3b2-9628-4fe2-abfc-6630078db393");
INSERT INTO C_EP
	VALUES ("cd0882a7-a468-425e-a99e-c9480ba64c90",
	"7af64316-7236-4637-9c49-e47d2784ce9e",
	-1,
	'sendFacilityType',
	'');
INSERT INTO C_AS
	VALUES ("cd0882a7-a468-425e-a99e-c9480ba64c90",
	'sendFacilityType',
	'',
	1,
	"19f06228-e268-4733-9af7-92f3f313ceff");
INSERT INTO C_PP
	VALUES ("f9b7191e-c871-410b-a95e-320c345ff717",
	"cd0882a7-a468-425e-a99e-c9480ba64c90",
	"ba5eda7a-def5-0000-0000-000000000002",
	'facilityTypeID',
	'',
	0,
	'',
	"00000000-0000-0000-0000-000000000000");
INSERT INTO C_PP
	VALUES ("66f48a6d-8afc-4211-a78f-a96043aff758",
	"cd0882a7-a468-425e-a99e-c9480ba64c90",
	"ba5eda7a-def5-0000-0000-000000000004",
	'name',
	'',
	0,
	'',
	"f9b7191e-c871-410b-a95e-320c345ff717");
INSERT INTO PE_PE
	VALUES ("611bea7a-9387-43ea-ba5d-394798e936a3",
	1,
	"182dfb43-4b42-4388-a888-adc923ffd180",
	"00000000-0000-0000-0000-000000000000",
	6);
INSERT INTO C_I
	VALUES ("611bea7a-9387-43ea-ba5d-394798e936a3",
	"00000000-0000-0000-0000-000000000000",
	'PaymentProviderInterface',
	'');
INSERT INTO C_EP
	VALUES ("057381f7-153d-4176-80aa-f5f3b349020a",
	"611bea7a-9387-43ea-ba5d-394798e936a3",
	-1,
	'o1',
	'');
INSERT INTO C_IO
	VALUES ("057381f7-153d-4176-80aa-f5f3b349020a",
	"ba5eda7a-def5-0000-0000-000000000000",
	'o1',
	'',
	0,
	'',
	"00000000-0000-0000-0000-000000000000");
INSERT INTO C_EP
	VALUES ("5fa0e52f-a290-4d43-b16c-693b93c717bd",
	"611bea7a-9387-43ea-ba5d-394798e936a3",
	-1,
	'o2',
	'');
INSERT INTO C_IO
	VALUES ("5fa0e52f-a290-4d43-b16c-693b93c717bd",
	"ba5eda7a-def5-0000-0000-000000000000",
	'o2',
	'',
	0,
	'',
	"057381f7-153d-4176-80aa-f5f3b349020a");
INSERT INTO C_EP
	VALUES ("e5dd7715-d98a-4b18-8017-fb338c438e2a",
	"611bea7a-9387-43ea-ba5d-394798e936a3",
	-1,
	'o3',
	'');
INSERT INTO C_IO
	VALUES ("e5dd7715-d98a-4b18-8017-fb338c438e2a",
	"ba5eda7a-def5-0000-0000-000000000000",
	'o3',
	'',
	0,
	'',
	"5fa0e52f-a290-4d43-b16c-693b93c717bd");
INSERT INTO C_EP
	VALUES ("f35fc4e6-b36a-4435-8304-40b31cea0c6e",
	"611bea7a-9387-43ea-ba5d-394798e936a3",
	-1,
	'o4',
	'');
INSERT INTO C_IO
	VALUES ("f35fc4e6-b36a-4435-8304-40b31cea0c6e",
	"ba5eda7a-def5-0000-0000-000000000000",
	'o4',
	'',
	0,
	'',
	"e5dd7715-d98a-4b18-8017-fb338c438e2a");
INSERT INTO C_EP
	VALUES ("7cafd22b-6779-4267-a861-d26be27bb0a1",
	"611bea7a-9387-43ea-ba5d-394798e936a3",
	-1,
	'paymentInfo',
	'');
INSERT INTO C_AS
	VALUES ("7cafd22b-6779-4267-a861-d26be27bb0a1",
	'paymentInfo',
	'',
	0,
	"00000000-0000-0000-0000-000000000000");
INSERT INTO C_PP
	VALUES ("3e11bd4d-9e37-43b1-8c96-4aa3f0a088c2",
	"7cafd22b-6779-4267-a861-d26be27bb0a1",
	"ba5eda7a-def5-0000-0000-000000000005",
	'sessionID',
	'',
	0,
	'',
	"00000000-0000-0000-0000-000000000000");
INSERT INTO C_PP
	VALUES ("dd2424b5-077c-4249-989c-3df4dcf0ca8c",
	"7cafd22b-6779-4267-a861-d26be27bb0a1",
	"ba5eda7a-def5-0000-0000-000000000004",
	'paymentMethod',
	'',
	0,
	'',
	"3e11bd4d-9e37-43b1-8c96-4aa3f0a088c2");
INSERT INTO C_EP
	VALUES ("2d9cd3fd-553c-48ce-b032-46811da9d137",
	"611bea7a-9387-43ea-ba5d-394798e936a3",
	-1,
	'paymentValid',
	'');
INSERT INTO C_AS
	VALUES ("2d9cd3fd-553c-48ce-b032-46811da9d137",
	'paymentValid',
	'',
	1,
	"7cafd22b-6779-4267-a861-d26be27bb0a1");
INSERT INTO C_PP
	VALUES ("3c67296b-7a0c-4a7f-a53a-fa87f9307dfd",
	"2d9cd3fd-553c-48ce-b032-46811da9d137",
	"ba5eda7a-def5-0000-0000-000000000005",
	'sessionID',
	'',
	0,
	'',
	"00000000-0000-0000-0000-000000000000");
INSERT INTO C_PP
	VALUES ("b70b0790-90c1-4465-8ee8-3f87ff492a8c",
	"2d9cd3fd-553c-48ce-b032-46811da9d137",
	"ba5eda7a-def5-0000-0000-000000000001",
	'valid',
	'',
	0,
	'',
	"3c67296b-7a0c-4a7f-a53a-fa87f9307dfd");
INSERT INTO C_EP
	VALUES ("2a4861a8-ad7f-463c-8cd6-6e247346484f",
	"611bea7a-9387-43ea-ba5d-394798e936a3",
	-1,
	's1',
	'');
INSERT INTO C_AS
	VALUES ("2a4861a8-ad7f-463c-8cd6-6e247346484f",
	's1',
	'',
	0,
	"2d9cd3fd-553c-48ce-b032-46811da9d137");
INSERT INTO C_EP
	VALUES ("7d2bcad0-f2fe-466a-9f5c-5685971410a6",
	"611bea7a-9387-43ea-ba5d-394798e936a3",
	-1,
	's1',
	'');
INSERT INTO C_AS
	VALUES ("7d2bcad0-f2fe-466a-9f5c-5685971410a6",
	's1',
	'',
	0,
	"2a4861a8-ad7f-463c-8cd6-6e247346484f");
INSERT INTO C_EP
	VALUES ("c99c125a-095f-4952-a629-0621c7dbdb11",
	"611bea7a-9387-43ea-ba5d-394798e936a3",
	-1,
	's1',
	'');
INSERT INTO C_AS
	VALUES ("c99c125a-095f-4952-a629-0621c7dbdb11",
	's1',
	'',
	0,
	"7d2bcad0-f2fe-466a-9f5c-5685971410a6");
INSERT INTO C_EP
	VALUES ("6ff3a8a7-9b80-439a-8fb0-f17f749b7d3c",
	"611bea7a-9387-43ea-ba5d-394798e936a3",
	-1,
	's1',
	'');
INSERT INTO C_AS
	VALUES ("6ff3a8a7-9b80-439a-8fb0-f17f749b7d3c",
	's1',
	'',
	0,
	"c99c125a-095f-4952-a629-0621c7dbdb11");
INSERT INTO C_EP
	VALUES ("188f5759-e501-4f70-94fb-2bfb59a128ae",
	"611bea7a-9387-43ea-ba5d-394798e936a3",
	-1,
	's1',
	'');
INSERT INTO C_AS
	VALUES ("188f5759-e501-4f70-94fb-2bfb59a128ae",
	's1',
	'',
	0,
	"6ff3a8a7-9b80-439a-8fb0-f17f749b7d3c");
INSERT INTO C_EP
	VALUES ("a9cff890-a2c5-4f18-8bf3-c9a31e0eefc9",
	"611bea7a-9387-43ea-ba5d-394798e936a3",
	-1,
	's1',
	'');
INSERT INTO C_AS
	VALUES ("a9cff890-a2c5-4f18-8bf3-c9a31e0eefc9",
	's1',
	'',
	0,
	"188f5759-e501-4f70-94fb-2bfb59a128ae");
INSERT INTO C_EP
	VALUES ("503de9c4-232e-4cc9-a0f8-5ac6bffee450",
	"611bea7a-9387-43ea-ba5d-394798e936a3",
	-1,
	's1',
	'');
INSERT INTO C_AS
	VALUES ("503de9c4-232e-4cc9-a0f8-5ac6bffee450",
	's1',
	'',
	0,
	"a9cff890-a2c5-4f18-8bf3-c9a31e0eefc9");
INSERT INTO C_EP
	VALUES ("3fdee974-5494-4d1a-8172-e9db9f8ae18d",
	"611bea7a-9387-43ea-ba5d-394798e936a3",
	-1,
	'o1',
	'');
INSERT INTO C_IO
	VALUES ("3fdee974-5494-4d1a-8172-e9db9f8ae18d",
	"ba5eda7a-def5-0000-0000-000000000000",
	'o1',
	'',
	0,
	'',
	"f35fc4e6-b36a-4435-8304-40b31cea0c6e");
INSERT INTO C_EP
	VALUES ("8b1a5345-340a-4d43-bb67-90ce4607fc5a",
	"611bea7a-9387-43ea-ba5d-394798e936a3",
	-1,
	'o2',
	'');
INSERT INTO C_IO
	VALUES ("8b1a5345-340a-4d43-bb67-90ce4607fc5a",
	"ba5eda7a-def5-0000-0000-000000000000",
	'o2',
	'',
	0,
	'',
	"3fdee974-5494-4d1a-8172-e9db9f8ae18d");
INSERT INTO C_EP
	VALUES ("2832886f-8f87-4313-99c5-547439cd85f3",
	"611bea7a-9387-43ea-ba5d-394798e936a3",
	-1,
	'o3',
	'');
INSERT INTO C_IO
	VALUES ("2832886f-8f87-4313-99c5-547439cd85f3",
	"ba5eda7a-def5-0000-0000-000000000000",
	'o3',
	'',
	0,
	'',
	"8b1a5345-340a-4d43-bb67-90ce4607fc5a");
INSERT INTO C_EP
	VALUES ("bf1855b8-817f-4c4d-9922-307c6ef9976e",
	"611bea7a-9387-43ea-ba5d-394798e936a3",
	-1,
	'o4',
	'');
INSERT INTO C_IO
	VALUES ("bf1855b8-817f-4c4d-9922-307c6ef9976e",
	"ba5eda7a-def5-0000-0000-000000000000",
	'o4',
	'',
	0,
	'',
	"2832886f-8f87-4313-99c5-547439cd85f3");
INSERT INTO PE_PE
	VALUES ("d3b89130-5e09-458f-8658-ed03578dbab3",
	1,
	"182dfb43-4b42-4388-a888-adc923ffd180",
	"00000000-0000-0000-0000-000000000000",
	6);
INSERT INTO C_I
	VALUES ("d3b89130-5e09-458f-8658-ed03578dbab3",
	"00000000-0000-0000-0000-000000000000",
	'CustomerInterface',
	'');
INSERT INTO C_EP
	VALUES ("5a79bc11-70d7-456a-8187-45d268168aef",
	"d3b89130-5e09-458f-8658-ed03578dbab3",
	-1,
	'confirmSignal',
	'');
INSERT INTO C_AS
	VALUES ("5a79bc11-70d7-456a-8187-45d268168aef",
	'confirmSignal',
	'',
	0,
	"00000000-0000-0000-0000-000000000000");
INSERT INTO C_PP
	VALUES ("0c370872-4365-46c5-b66f-fb3edc2ab789",
	"5a79bc11-70d7-456a-8187-45d268168aef",
	"ba5eda7a-def5-0000-0000-000000000005",
	'sessionID',
	'',
	0,
	'',
	"00000000-0000-0000-0000-000000000000");
INSERT INTO C_PP
	VALUES ("a7ee52ac-1079-402e-9ca3-ec1b366efe2e",
	"5a79bc11-70d7-456a-8187-45d268168aef",
	"ba5eda7a-def5-0000-0000-000000000004",
	'message',
	'',
	0,
	'',
	"0c370872-4365-46c5-b66f-fb3edc2ab789");
INSERT INTO C_EP
	VALUES ("b6421df2-c058-463a-8282-eefa32587ce7",
	"d3b89130-5e09-458f-8658-ed03578dbab3",
	-1,
	'endOfList',
	'');
INSERT INTO C_AS
	VALUES ("b6421df2-c058-463a-8282-eefa32587ce7",
	'endOfList',
	'',
	1,
	"5a79bc11-70d7-456a-8187-45d268168aef");
INSERT INTO C_PP
	VALUES ("314080d8-a4bd-4f50-aa4b-c7da00e7a5bc",
	"b6421df2-c058-463a-8282-eefa32587ce7",
	"ba5eda7a-def5-0000-0000-000000000005",
	'sessionID',
	'',
	0,
	'',
	"00000000-0000-0000-0000-000000000000");
INSERT INTO C_EP
	VALUES ("da9dc9a3-9bf8-4e9e-8d76-0469a00019ef",
	"d3b89130-5e09-458f-8658-ed03578dbab3",
	-1,
	'checkInGuest',
	'');
INSERT INTO C_AS
	VALUES ("da9dc9a3-9bf8-4e9e-8d76-0469a00019ef",
	'checkInGuest',
	'',
	0,
	"b6421df2-c058-463a-8282-eefa32587ce7");
INSERT INTO C_PP
	VALUES ("325866d1-7daa-466e-84d1-e7a3f9920766",
	"da9dc9a3-9bf8-4e9e-8d76-0469a00019ef",
	"ba5eda7a-def5-0000-0000-000000000005",
	'bookingNumber',
	'',
	0,
	'',
	"00000000-0000-0000-0000-000000000000");
INSERT INTO C_PP
	VALUES ("581f6b8c-1d3b-4e04-b7f8-ed71e76de333",
	"da9dc9a3-9bf8-4e9e-8d76-0469a00019ef",
	"ba5eda7a-def5-0000-0000-000000000004",
	'name',
	'',
	0,
	'',
	"325866d1-7daa-466e-84d1-e7a3f9920766");
INSERT INTO C_PP
	VALUES ("8cdbdf2b-4b9e-4052-a9e9-163e24fb88be",
	"da9dc9a3-9bf8-4e9e-8d76-0469a00019ef",
	"ba5eda7a-def5-0000-0000-000000000002",
	'age',
	'',
	0,
	'',
	"581f6b8c-1d3b-4e04-b7f8-ed71e76de333");
INSERT INTO C_EP
	VALUES ("895459b4-8cad-487c-ac02-41f7392c1417",
	"d3b89130-5e09-458f-8658-ed03578dbab3",
	-1,
	'checkOutGuest',
	'');
INSERT INTO C_AS
	VALUES ("895459b4-8cad-487c-ac02-41f7392c1417",
	'checkOutGuest',
	'',
	0,
	"da9dc9a3-9bf8-4e9e-8d76-0469a00019ef");
INSERT INTO C_PP
	VALUES ("4befec9f-399a-4670-b8e7-c15d5a08d5a1",
	"895459b4-8cad-487c-ac02-41f7392c1417",
	"ba5eda7a-def5-0000-0000-000000000005",
	'bookingNumber',
	'',
	0,
	'',
	"00000000-0000-0000-0000-000000000000");
INSERT INTO C_PP
	VALUES ("4b7c1627-118a-492a-a2b1-e54e635b8a98",
	"895459b4-8cad-487c-ac02-41f7392c1417",
	"ba5eda7a-def5-0000-0000-000000000004",
	'name',
	'',
	0,
	'',
	"4befec9f-399a-4670-b8e7-c15d5a08d5a1");
INSERT INTO C_PP
	VALUES ("42eb7d72-49f9-49e7-a574-f7ab3ebacc84",
	"895459b4-8cad-487c-ac02-41f7392c1417",
	"ba5eda7a-def5-0000-0000-000000000002",
	'age',
	'',
	0,
	'',
	"4b7c1627-118a-492a-a2b1-e54e635b8a98");
INSERT INTO C_EP
	VALUES ("b0219670-df70-4ff6-984b-04f391308d00",
	"d3b89130-5e09-458f-8658-ed03578dbab3",
	-1,
	'checkInReturn',
	'');
INSERT INTO C_AS
	VALUES ("b0219670-df70-4ff6-984b-04f391308d00",
	'checkInReturn',
	'',
	1,
	"895459b4-8cad-487c-ac02-41f7392c1417");
INSERT INTO C_PP
	VALUES ("b15a444c-ef6e-480d-8661-659427d36335",
	"b0219670-df70-4ff6-984b-04f391308d00",
	"ba5eda7a-def5-0000-0000-000000000005",
	'bookingNumber',
	'',
	0,
	'',
	"00000000-0000-0000-0000-000000000000");
INSERT INTO C_PP
	VALUES ("bef0a46b-55c0-43c3-8c23-a3d7786777c7",
	"b0219670-df70-4ff6-984b-04f391308d00",
	"ba5eda7a-def5-0000-0000-000000000001",
	'success',
	'',
	0,
	'',
	"b15a444c-ef6e-480d-8661-659427d36335");
INSERT INTO C_PP
	VALUES ("15de035f-2dd5-4d8a-8c45-816e8b6b36c8",
	"b0219670-df70-4ff6-984b-04f391308d00",
	"ba5eda7a-def5-0000-0000-000000000004",
	'message',
	'',
	0,
	'',
	"bef0a46b-55c0-43c3-8c23-a3d7786777c7");
INSERT INTO C_EP
	VALUES ("cb5b5b24-04f0-4601-b19b-0cf189cea793",
	"d3b89130-5e09-458f-8658-ed03578dbab3",
	-1,
	'checkOutReturn',
	'');
INSERT INTO C_AS
	VALUES ("cb5b5b24-04f0-4601-b19b-0cf189cea793",
	'checkOutReturn',
	'',
	1,
	"b0219670-df70-4ff6-984b-04f391308d00");
INSERT INTO C_PP
	VALUES ("da2c2598-decc-4a40-b7fa-af1086c3027d",
	"cb5b5b24-04f0-4601-b19b-0cf189cea793",
	"ba5eda7a-def5-0000-0000-000000000005",
	'bookingNumber',
	'',
	0,
	'',
	"00000000-0000-0000-0000-000000000000");
INSERT INTO C_PP
	VALUES ("98a9d3ad-9f9c-40fa-9d4c-bc36ba5e6503",
	"cb5b5b24-04f0-4601-b19b-0cf189cea793",
	"ba5eda7a-def5-0000-0000-000000000001",
	'success',
	'',
	0,
	'',
	"da2c2598-decc-4a40-b7fa-af1086c3027d");
INSERT INTO C_PP
	VALUES ("c8e18d2c-0176-4ad6-b936-a14b1bf4a9a6",
	"cb5b5b24-04f0-4601-b19b-0cf189cea793",
	"ba5eda7a-def5-0000-0000-000000000004",
	'message',
	'',
	0,
	'',
	"98a9d3ad-9f9c-40fa-9d4c-bc36ba5e6503");
INSERT INTO C_EP
	VALUES ("8328ef36-07dc-427a-b0b8-9f12e1b984b7",
	"d3b89130-5e09-458f-8658-ed03578dbab3",
	-1,
	's1',
	'');
INSERT INTO C_AS
	VALUES ("8328ef36-07dc-427a-b0b8-9f12e1b984b7",
	's1',
	'',
	0,
	"cb5b5b24-04f0-4601-b19b-0cf189cea793");
INSERT INTO C_EP
	VALUES ("81dc0de0-c0d1-40f4-b861-04e7a9398949",
	"d3b89130-5e09-458f-8658-ed03578dbab3",
	-1,
	's2',
	'');
INSERT INTO C_AS
	VALUES ("81dc0de0-c0d1-40f4-b861-04e7a9398949",
	's2',
	'',
	0,
	"8328ef36-07dc-427a-b0b8-9f12e1b984b7");
INSERT INTO C_EP
	VALUES ("748bf7ad-3d75-40b6-9747-281878d13d6b",
	"d3b89130-5e09-458f-8658-ed03578dbab3",
	-1,
	's1',
	'');
INSERT INTO C_AS
	VALUES ("748bf7ad-3d75-40b6-9747-281878d13d6b",
	's1',
	'',
	0,
	"81dc0de0-c0d1-40f4-b861-04e7a9398949");
INSERT INTO C_EP
	VALUES ("c446a9a5-de06-4b24-a8cc-957599ee3e34",
	"d3b89130-5e09-458f-8658-ed03578dbab3",
	-1,
	's2',
	'');
INSERT INTO C_AS
	VALUES ("c446a9a5-de06-4b24-a8cc-957599ee3e34",
	's2',
	'',
	0,
	"748bf7ad-3d75-40b6-9747-281878d13d6b");
INSERT INTO C_EP
	VALUES ("fa304608-7681-41c3-ad76-a0f6e8611f35",
	"d3b89130-5e09-458f-8658-ed03578dbab3",
	-1,
	's1',
	'');
INSERT INTO C_AS
	VALUES ("fa304608-7681-41c3-ad76-a0f6e8611f35",
	's1',
	'',
	0,
	"c446a9a5-de06-4b24-a8cc-957599ee3e34");
INSERT INTO C_EP
	VALUES ("0184b93d-0963-496f-b323-26d0404529d6",
	"d3b89130-5e09-458f-8658-ed03578dbab3",
	-1,
	's2',
	'');
INSERT INTO C_AS
	VALUES ("0184b93d-0963-496f-b323-26d0404529d6",
	's2',
	'',
	0,
	"fa304608-7681-41c3-ad76-a0f6e8611f35");
INSERT INTO C_EP
	VALUES ("b6137a20-d83a-4130-90cf-4bbff803d680",
	"d3b89130-5e09-458f-8658-ed03578dbab3",
	-1,
	's1',
	'');
INSERT INTO C_AS
	VALUES ("b6137a20-d83a-4130-90cf-4bbff803d680",
	's1',
	'',
	0,
	"0184b93d-0963-496f-b323-26d0404529d6");
INSERT INTO C_EP
	VALUES ("4955e92a-9d9e-450c-aa80-bb592becd350",
	"d3b89130-5e09-458f-8658-ed03578dbab3",
	-1,
	's2',
	'');
INSERT INTO C_AS
	VALUES ("4955e92a-9d9e-450c-aa80-bb592becd350",
	's2',
	'',
	0,
	"b6137a20-d83a-4130-90cf-4bbff803d680");
INSERT INTO C_EP
	VALUES ("e13258fc-6b0d-44ea-8ef2-7a156ee15593",
	"d3b89130-5e09-458f-8658-ed03578dbab3",
	-1,
	's1',
	'');
INSERT INTO C_AS
	VALUES ("e13258fc-6b0d-44ea-8ef2-7a156ee15593",
	's1',
	'',
	0,
	"4955e92a-9d9e-450c-aa80-bb592becd350");
INSERT INTO C_EP
	VALUES ("83944b64-b858-449a-8fc8-e20614b23693",
	"d3b89130-5e09-458f-8658-ed03578dbab3",
	-1,
	's2',
	'');
INSERT INTO C_AS
	VALUES ("83944b64-b858-449a-8fc8-e20614b23693",
	's2',
	'',
	0,
	"e13258fc-6b0d-44ea-8ef2-7a156ee15593");
INSERT INTO C_EP
	VALUES ("6849e51f-02ea-4e23-9ba2-af67a12531d4",
	"d3b89130-5e09-458f-8658-ed03578dbab3",
	-1,
	'o1',
	'');
INSERT INTO C_IO
	VALUES ("6849e51f-02ea-4e23-9ba2-af67a12531d4",
	"ba5eda7a-def5-0000-0000-000000000000",
	'o1',
	'',
	0,
	'',
	"00000000-0000-0000-0000-000000000000");
INSERT INTO C_EP
	VALUES ("1a8e5c38-7020-4123-ba0e-67897534dc19",
	"d3b89130-5e09-458f-8658-ed03578dbab3",
	-1,
	'o2',
	'');
INSERT INTO C_IO
	VALUES ("1a8e5c38-7020-4123-ba0e-67897534dc19",
	"ba5eda7a-def5-0000-0000-000000000000",
	'o2',
	'',
	0,
	'',
	"6849e51f-02ea-4e23-9ba2-af67a12531d4");
INSERT INTO C_EP
	VALUES ("83e74f67-f572-4d64-bf5f-6e4117a48ac4",
	"d3b89130-5e09-458f-8658-ed03578dbab3",
	-1,
	'o1',
	'');
INSERT INTO C_IO
	VALUES ("83e74f67-f572-4d64-bf5f-6e4117a48ac4",
	"ba5eda7a-def5-0000-0000-000000000000",
	'o1',
	'',
	0,
	'',
	"1a8e5c38-7020-4123-ba0e-67897534dc19");
INSERT INTO C_EP
	VALUES ("ab21eaf4-6f87-4d16-adcd-35b43eab657c",
	"d3b89130-5e09-458f-8658-ed03578dbab3",
	-1,
	'o2',
	'');
INSERT INTO C_IO
	VALUES ("ab21eaf4-6f87-4d16-adcd-35b43eab657c",
	"ba5eda7a-def5-0000-0000-000000000000",
	'o2',
	'',
	0,
	'',
	"83e74f67-f572-4d64-bf5f-6e4117a48ac4");
INSERT INTO C_EP
	VALUES ("249da9fe-e7f0-4173-8e09-ca48a3cd7d3c",
	"d3b89130-5e09-458f-8658-ed03578dbab3",
	-1,
	'o1',
	'');
INSERT INTO C_IO
	VALUES ("249da9fe-e7f0-4173-8e09-ca48a3cd7d3c",
	"ba5eda7a-def5-0000-0000-000000000000",
	'o1',
	'',
	0,
	'',
	"ab21eaf4-6f87-4d16-adcd-35b43eab657c");
INSERT INTO C_EP
	VALUES ("1bdb7028-c766-4634-b100-e21c9da8a53a",
	"d3b89130-5e09-458f-8658-ed03578dbab3",
	-1,
	'o2',
	'');
INSERT INTO C_IO
	VALUES ("1bdb7028-c766-4634-b100-e21c9da8a53a",
	"ba5eda7a-def5-0000-0000-000000000000",
	'o2',
	'',
	0,
	'',
	"249da9fe-e7f0-4173-8e09-ca48a3cd7d3c");
INSERT INTO C_EP
	VALUES ("c1390e36-a425-496e-8f3a-2c42ea4f65e0",
	"d3b89130-5e09-458f-8658-ed03578dbab3",
	-1,
	'o1',
	'');
INSERT INTO C_IO
	VALUES ("c1390e36-a425-496e-8f3a-2c42ea4f65e0",
	"ba5eda7a-def5-0000-0000-000000000000",
	'o1',
	'',
	0,
	'',
	"1bdb7028-c766-4634-b100-e21c9da8a53a");
INSERT INTO C_EP
	VALUES ("ca27b2e6-6400-41c8-a5a6-65e00a685cfb",
	"d3b89130-5e09-458f-8658-ed03578dbab3",
	-1,
	'o2',
	'');
INSERT INTO C_IO
	VALUES ("ca27b2e6-6400-41c8-a5a6-65e00a685cfb",
	"ba5eda7a-def5-0000-0000-000000000000",
	'o2',
	'',
	0,
	'',
	"c1390e36-a425-496e-8f3a-2c42ea4f65e0");
INSERT INTO C_EP
	VALUES ("f4160a28-9e80-4907-a5b7-dd7069143dd9",
	"d3b89130-5e09-458f-8658-ed03578dbab3",
	-1,
	'o1',
	'');
INSERT INTO C_IO
	VALUES ("f4160a28-9e80-4907-a5b7-dd7069143dd9",
	"ba5eda7a-def5-0000-0000-000000000000",
	'o1',
	'',
	0,
	'',
	"ca27b2e6-6400-41c8-a5a6-65e00a685cfb");
INSERT INTO C_EP
	VALUES ("df0ef208-77f8-42fc-9ff9-dc714e539856",
	"d3b89130-5e09-458f-8658-ed03578dbab3",
	-1,
	'o2',
	'');
INSERT INTO C_IO
	VALUES ("df0ef208-77f8-42fc-9ff9-dc714e539856",
	"ba5eda7a-def5-0000-0000-000000000000",
	'o2',
	'',
	0,
	'',
	"f4160a28-9e80-4907-a5b7-dd7069143dd9");
INSERT INTO PE_PE
	VALUES ("0968771f-8553-4274-be70-86a03e4e6267",
	1,
	"08644b1f-a992-4e52-8ec3-1f5eff4dec19",
	"00000000-0000-0000-0000-000000000000",
	2);
INSERT INTO C_C
	VALUES ("0968771f-8553-4274-be70-86a03e4e6267",
	"00000000-0000-0000-0000-000000000000",
	"00000000-0000-0000-0000-000000000000",
	'UserComponent',
	'',
	0,
	"00000000-0000-0000-0000-000000000000",
	0,
	'');
INSERT INTO C_PO
	VALUES ("187ffcd4-1a0a-4d08-9368-d7eb60024fef",
	"0968771f-8553-4274-be70-86a03e4e6267",
	'UserInterface',
	0,
	0);
INSERT INTO C_IR
	VALUES ("59710e0c-1d62-4800-a82b-b80bbaed4667",
	"708e7060-3f4e-41ab-94ce-7b712ad36251",
	"00000000-0000-0000-0000-000000000000",
	"187ffcd4-1a0a-4d08-9368-d7eb60024fef");
INSERT INTO C_R
	VALUES ("59710e0c-1d62-4800-a82b-b80bbaed4667",
	'BookingProvider',
	'',
	'Unnamed Interface',
	'UserComponent::UserInterface::BookingProvider');
INSERT INTO SPR_REP
	VALUES ("0f4f0c74-9081-4693-8692-8e7887366c52",
	"8500002a-94f3-4a61-bfa8-32f8fd7d89b4",
	"59710e0c-1d62-4800-a82b-b80bbaed4667");
INSERT INTO SPR_RS
	VALUES ("0f4f0c74-9081-4693-8692-8e7887366c52",
	'requestAvailableBookables',
	'',
	'',
	1);
INSERT INTO ACT_RSB
	VALUES ("2d4db15d-cf35-4a19-8b92-cef9445b8da1",
	"0f4f0c74-9081-4693-8692-8e7887366c52");
INSERT INTO ACT_ACT
	VALUES ("2d4db15d-cf35-4a19-8b92-cef9445b8da1",
	'signal',
	0,
	"e9606a4e-86fd-43fb-bd1f-d955211e2417",
	"00000000-0000-0000-0000-000000000000",
	0,
	'UserInterface::BookingProvider::requestAvailableBookables',
	"00000000-0000-0000-0000-000000000000");
INSERT INTO ACT_BLK
	VALUES ("e9606a4e-86fd-43fb-bd1f-d955211e2417",
	0,
	0,
	0,
	'',
	'',
	'',
	0,
	0,
	0,
	0,
	0,
	0,
	0,
	0,
	0,
	0,
	0,
	0,
	0,
	"2d4db15d-cf35-4a19-8b92-cef9445b8da1",
	"00000000-0000-0000-0000-000000000000");
INSERT INTO SPR_REP
	VALUES ("3680a2b1-7282-4b1a-ac97-358f023efa4b",
	"54d1cfcd-e847-40b5-be88-ddf038c56595",
	"59710e0c-1d62-4800-a82b-b80bbaed4667");
INSERT INTO SPR_RS
	VALUES ("3680a2b1-7282-4b1a-ac97-358f023efa4b",
	'available',
	'',
	'select any st from instances of SIMPLETEST where selected.sessionID == param.sessionID;

if (not_empty st)
	generate SIMPLETEST3:availableEvent(id:param.id,
										price:param.price,
										description:param.description,
										aproximateArea:param.aproximateArea,
										independent:param.independent) to st;
else;
	LOG::LogInfo(message: "Error, no user session found");
end if;',
	1);
INSERT INTO ACT_RSB
	VALUES ("527ecb50-bba5-40d9-88e6-bcca52638e69",
	"3680a2b1-7282-4b1a-ac97-358f023efa4b");
INSERT INTO ACT_ACT
	VALUES ("527ecb50-bba5-40d9-88e6-bcca52638e69",
	'signal',
	0,
	"36baab26-30c7-484e-b96e-4b7dea55c8ff",
	"00000000-0000-0000-0000-000000000000",
	0,
	'UserInterface::BookingProvider::available',
	"00000000-0000-0000-0000-000000000000");
INSERT INTO ACT_BLK
	VALUES ("36baab26-30c7-484e-b96e-4b7dea55c8ff",
	1,
	0,
	1,
	'',
	'',
	'',
	9,
	1,
	1,
	33,
	0,
	0,
	0,
	0,
	0,
	0,
	0,
	0,
	0,
	"527ecb50-bba5-40d9-88e6-bcca52638e69",
	"00000000-0000-0000-0000-000000000000");
INSERT INTO ACT_SMT
	VALUES ("ba394a9f-5881-4d0b-8ae4-072b40837991",
	"36baab26-30c7-484e-b96e-4b7dea55c8ff",
	"8cb20298-1998-45d1-9e26-c36784acf55a",
	1,
	1,
	'UserInterface::BookingProvider::available line: 1');
INSERT INTO ACT_FIW
	VALUES ("ba394a9f-5881-4d0b-8ae4-072b40837991",
	"0f6e53bc-4699-40b2-81d5-1178b01ace9e",
	1,
	'any',
	"34a66107-2810-4d87-8f9d-868751083e4a",
	"6daee5e1-aefd-49c8-b18d-234fb0eb1928",
	1,
	33);
INSERT INTO ACT_SMT
	VALUES ("8cb20298-1998-45d1-9e26-c36784acf55a",
	"36baab26-30c7-484e-b96e-4b7dea55c8ff",
	"00000000-0000-0000-0000-000000000000",
	3,
	1,
	'UserInterface::BookingProvider::available line: 3');
INSERT INTO ACT_IF
	VALUES ("8cb20298-1998-45d1-9e26-c36784acf55a",
	"f9ce48b4-e0fb-4e65-88a9-543f20b240c0",
	"5ce77964-e17f-41d8-ab33-9eb2d848dd35",
	"00000000-0000-0000-0000-000000000000",
	"00000000-0000-0000-0000-000000000000");
INSERT INTO ACT_SMT
	VALUES ("35b0e97b-d924-47ee-992e-2cfa417582d5",
	"36baab26-30c7-484e-b96e-4b7dea55c8ff",
	"00000000-0000-0000-0000-000000000000",
	9,
	1,
	'UserInterface::BookingProvider::available line: 9');
INSERT INTO ACT_E
	VALUES ("35b0e97b-d924-47ee-992e-2cfa417582d5",
	"b1a03b15-f980-4cff-aa2a-8901ebacb452",
	"8cb20298-1998-45d1-9e26-c36784acf55a");
INSERT INTO V_VAL
	VALUES ("786cfbae-ac55-4d6f-b9bb-a69b1b0c0829",
	0,
	0,
	1,
	50,
	-1,
	0,
	0,
	0,
	0,
	"ba5eda7a-def5-0000-0000-000000000008",
	"36baab26-30c7-484e-b96e-4b7dea55c8ff");
INSERT INTO V_SLR
	VALUES ("786cfbae-ac55-4d6f-b9bb-a69b1b0c0829",
	"00000000-0000-0000-0000-000000000000",
	"00000000-0000-0000-0000-000000000000",
	"00000000-0000-0000-0000-000000000000");
INSERT INTO V_VAL
	VALUES ("e5ada23a-5747-4ef8-970c-c3b822aa0bad",
	0,
	0,
	1,
	59,
	67,
	0,
	0,
	0,
	0,
	"ba5eda7a-def5-0000-0000-000000000005",
	"36baab26-30c7-484e-b96e-4b7dea55c8ff");
INSERT INTO V_AVL
	VALUES ("e5ada23a-5747-4ef8-970c-c3b822aa0bad",
	"786cfbae-ac55-4d6f-b9bb-a69b1b0c0829",
	"6daee5e1-aefd-49c8-b18d-234fb0eb1928",
	"10645a6f-534c-4e7d-84b2-77d94f3125c4");
INSERT INTO V_VAL
	VALUES ("34a66107-2810-4d87-8f9d-868751083e4a",
	0,
	0,
	-1,
	-1,
	-1,
	0,
	0,
	0,
	0,
	"ba5eda7a-def5-0000-0000-000000000001",
	"36baab26-30c7-484e-b96e-4b7dea55c8ff");
INSERT INTO V_BIN
	VALUES ("34a66107-2810-4d87-8f9d-868751083e4a",
	"57ce5052-60e1-4888-be55-ca75fdc78249",
	"e5ada23a-5747-4ef8-970c-c3b822aa0bad",
	'==');
INSERT INTO V_VAL
	VALUES ("57ce5052-60e1-4888-be55-ca75fdc78249",
	0,
	0,
	1,
	78,
	86,
	0,
	0,
	0,
	0,
	"ba5eda7a-def5-0000-0000-000000000005",
	"36baab26-30c7-484e-b96e-4b7dea55c8ff");
INSERT INTO V_PVL
	VALUES ("57ce5052-60e1-4888-be55-ca75fdc78249",
	"00000000-0000-0000-0000-000000000000",
	"00000000-0000-0000-0000-000000000000",
	"00000000-0000-0000-0000-000000000000",
	"17a9f7ea-28a3-4e6d-b3f3-f63e218c3b1a");
INSERT INTO V_VAL
	VALUES ("3fb968cb-ee87-4ed3-bbb7-01adeb5530d3",
	0,
	0,
	3,
	15,
	16,
	0,
	0,
	0,
	0,
	"9db8c033-ff94-41f2-bd5c-36e5cdae0e4b",
	"36baab26-30c7-484e-b96e-4b7dea55c8ff");
INSERT INTO V_IRF
	VALUES ("3fb968cb-ee87-4ed3-bbb7-01adeb5530d3",
	"0f6e53bc-4699-40b2-81d5-1178b01ace9e");
INSERT INTO V_VAL
	VALUES ("5ce77964-e17f-41d8-ab33-9eb2d848dd35",
	0,
	0,
	-1,
	-1,
	-1,
	0,
	0,
	0,
	0,
	"ba5eda7a-def5-0000-0000-000000000001",
	"36baab26-30c7-484e-b96e-4b7dea55c8ff");
INSERT INTO V_UNY
	VALUES ("5ce77964-e17f-41d8-ab33-9eb2d848dd35",
	"3fb968cb-ee87-4ed3-bbb7-01adeb5530d3",
	'not_empty');
INSERT INTO V_VAR
	VALUES ("0f6e53bc-4699-40b2-81d5-1178b01ace9e",
	"36baab26-30c7-484e-b96e-4b7dea55c8ff",
	'st',
	1,
	"9db8c033-ff94-41f2-bd5c-36e5cdae0e4b");
INSERT INTO V_INT
	VALUES ("0f6e53bc-4699-40b2-81d5-1178b01ace9e",
	0,
	"6daee5e1-aefd-49c8-b18d-234fb0eb1928");
INSERT INTO V_LOC
	VALUES ("8979e331-ce2e-46cd-9cd2-885fb8abee39",
	1,
	12,
	13,
	"0f6e53bc-4699-40b2-81d5-1178b01ace9e");
INSERT INTO V_LOC
	VALUES ("0e814994-9340-44ff-b93b-fce165157613",
	8,
	45,
	46,
	"0f6e53bc-4699-40b2-81d5-1178b01ace9e");
INSERT INTO ACT_BLK
	VALUES ("f9ce48b4-e0fb-4e65-88a9-543f20b240c0",
	0,
	0,
	0,
	'V_VAR.Var_ID',
	'id',
	'independent',
	4,
	2,
	0,
	0,
	0,
	0,
	0,
	0,
	0,
	0,
	0,
	0,
	0,
	"527ecb50-bba5-40d9-88e6-bcca52638e69",
	"00000000-0000-0000-0000-000000000000");
INSERT INTO ACT_SMT
	VALUES ("d9e0025b-870d-4fd5-bad3-f0fa84754092",
	"f9ce48b4-e0fb-4e65-88a9-543f20b240c0",
	"00000000-0000-0000-0000-000000000000",
	4,
	2,
	'UserInterface::BookingProvider::available line: 4');
INSERT INTO E_ESS
	VALUES ("d9e0025b-870d-4fd5-bad3-f0fa84754092",
	1,
	0,
	4,
	11,
	4,
	23,
	0,
	0,
	4,
	38,
	8,
	11);
INSERT INTO V_PAR
	VALUES ("aca686df-ce42-4b72-b8b4-e3074b648c82",
	"d9e0025b-870d-4fd5-bad3-f0fa84754092",
	"00000000-0000-0000-0000-000000000000",
	'price',
	"3f7775bd-64bf-4e14-849f-6c21a741f066",
	5,
	11);
INSERT INTO V_PAR
	VALUES ("3f7775bd-64bf-4e14-849f-6c21a741f066",
	"d9e0025b-870d-4fd5-bad3-f0fa84754092",
	"00000000-0000-0000-0000-000000000000",
	'description',
	"46b366ac-d61c-4fa7-b8d6-3d2014b24368",
	6,
	11);
INSERT INTO V_PAR
	VALUES ("46b366ac-d61c-4fa7-b8d6-3d2014b24368",
	"d9e0025b-870d-4fd5-bad3-f0fa84754092",
	"00000000-0000-0000-0000-000000000000",
	'aproximateArea',
	"afbf493d-26cb-4f1e-a619-9bf62220778e",
	7,
	11);
INSERT INTO V_PAR
	VALUES ("afbf493d-26cb-4f1e-a619-9bf62220778e",
	"d9e0025b-870d-4fd5-bad3-f0fa84754092",
	"00000000-0000-0000-0000-000000000000",
	'independent',
	"00000000-0000-0000-0000-000000000000",
	8,
	11);
INSERT INTO V_PAR
	VALUES ("e4d32604-8a12-4e76-8908-a0031a322ebd",
	"d9e0025b-870d-4fd5-bad3-f0fa84754092",
	"00000000-0000-0000-0000-000000000000",
	'id',
	"aca686df-ce42-4b72-b8b4-e3074b648c82",
	4,
	38);
INSERT INTO E_GES
	VALUES ("d9e0025b-870d-4fd5-bad3-f0fa84754092");
INSERT INTO E_GSME
	VALUES ("d9e0025b-870d-4fd5-bad3-f0fa84754092",
	"eb6c99e7-c09f-4c32-96ec-e77623146056");
INSERT INTO E_GEN
	VALUES ("d9e0025b-870d-4fd5-bad3-f0fa84754092",
	"0f6e53bc-4699-40b2-81d5-1178b01ace9e");
INSERT INTO V_VAL
	VALUES ("e4d32604-8a12-4e76-8908-a0031a322ebd",
	0,
	0,
	4,
	47,
	48,
	0,
	0,
	0,
	0,
	"ba5eda7a-def5-0000-0000-000000000002",
	"f9ce48b4-e0fb-4e65-88a9-543f20b240c0");
INSERT INTO V_PVL
	VALUES ("e4d32604-8a12-4e76-8908-a0031a322ebd",
	"00000000-0000-0000-0000-000000000000",
	"00000000-0000-0000-0000-000000000000",
	"00000000-0000-0000-0000-000000000000",
	"b99356fc-5e76-4f1f-9eda-76579565e657");
INSERT INTO V_VAL
	VALUES ("aca686df-ce42-4b72-b8b4-e3074b648c82",
	0,
	0,
	5,
	23,
	27,
	0,
	0,
	0,
	0,
	"ba5eda7a-def5-0000-0000-000000000003",
	"f9ce48b4-e0fb-4e65-88a9-543f20b240c0");
INSERT INTO V_PVL
	VALUES ("aca686df-ce42-4b72-b8b4-e3074b648c82",
	"00000000-0000-0000-0000-000000000000",
	"00000000-0000-0000-0000-000000000000",
	"00000000-0000-0000-0000-000000000000",
	"5304459a-0f6b-48c5-b818-bc584864f61f");
INSERT INTO V_VAL
	VALUES ("3f7775bd-64bf-4e14-849f-6c21a741f066",
	0,
	0,
	6,
	29,
	39,
	0,
	0,
	0,
	0,
	"ba5eda7a-def5-0000-0000-000000000004",
	"f9ce48b4-e0fb-4e65-88a9-543f20b240c0");
INSERT INTO V_PVL
	VALUES ("3f7775bd-64bf-4e14-849f-6c21a741f066",
	"00000000-0000-0000-0000-000000000000",
	"00000000-0000-0000-0000-000000000000",
	"00000000-0000-0000-0000-000000000000",
	"56da61d1-d010-4a41-87cd-1b1b11d8b828");
INSERT INTO V_VAL
	VALUES ("46b366ac-d61c-4fa7-b8d6-3d2014b24368",
	0,
	0,
	7,
	32,
	45,
	0,
	0,
	0,
	0,
	"ba5eda7a-def5-0000-0000-000000000004",
	"f9ce48b4-e0fb-4e65-88a9-543f20b240c0");
INSERT INTO V_PVL
	VALUES ("46b366ac-d61c-4fa7-b8d6-3d2014b24368",
	"00000000-0000-0000-0000-000000000000",
	"00000000-0000-0000-0000-000000000000",
	"00000000-0000-0000-0000-000000000000",
	"b79bff53-be30-45a5-8923-7a3f5ab4710d");
INSERT INTO V_VAL
	VALUES ("afbf493d-26cb-4f1e-a619-9bf62220778e",
	0,
	0,
	8,
	29,
	39,
	0,
	0,
	0,
	0,
	"ba5eda7a-def5-0000-0000-000000000001",
	"f9ce48b4-e0fb-4e65-88a9-543f20b240c0");
INSERT INTO V_PVL
	VALUES ("afbf493d-26cb-4f1e-a619-9bf62220778e",
	"00000000-0000-0000-0000-000000000000",
	"00000000-0000-0000-0000-000000000000",
	"00000000-0000-0000-0000-000000000000",
	"9a07908f-2d90-4fab-90c0-6d3e67ee8616");
INSERT INTO ACT_BLK
	VALUES ("b1a03b15-f980-4cff-aa2a-8901ebacb452",
	0,
	0,
	0,
	'LOG',
	'',
	'',
	10,
	2,
	10,
	2,
	0,
	0,
	0,
	0,
	0,
	0,
	0,
	0,
	0,
	"527ecb50-bba5-40d9-88e6-bcca52638e69",
	"00000000-0000-0000-0000-000000000000");
INSERT INTO ACT_SMT
	VALUES ("d6e59c3d-c082-4db7-866b-e4580fabf79d",
	"b1a03b15-f980-4cff-aa2a-8901ebacb452",
	"00000000-0000-0000-0000-000000000000",
	10,
	2,
	'UserInterface::BookingProvider::available line: 10');
INSERT INTO ACT_BRG
	VALUES ("d6e59c3d-c082-4db7-866b-e4580fabf79d",
	"768e1cca-7403-495c-9b22-afd11a473eb6",
	10,
	7,
	10,
	2);
INSERT INTO V_VAL
	VALUES ("cc80775f-7e18-4b8e-a13f-b7a378d61224",
	0,
	0,
	10,
	24,
	52,
	0,
	0,
	0,
	0,
	"ba5eda7a-def5-0000-0000-000000000004",
	"b1a03b15-f980-4cff-aa2a-8901ebacb452");
INSERT INTO V_LST
	VALUES ("cc80775f-7e18-4b8e-a13f-b7a378d61224",
	'Error, no user session found');
INSERT INTO V_PAR
	VALUES ("cc80775f-7e18-4b8e-a13f-b7a378d61224",
	"d6e59c3d-c082-4db7-866b-e4580fabf79d",
	"00000000-0000-0000-0000-000000000000",
	'message',
	"00000000-0000-0000-0000-000000000000",
	10,
	15);
INSERT INTO SPR_REP
	VALUES ("a0805044-494e-48af-9a28-d1e60266c9e8",
	"55b848f9-d68a-4698-bf86-446ac83e49f5",
	"59710e0c-1d62-4800-a82b-b80bbaed4667");
INSERT INTO SPR_RS
	VALUES ("a0805044-494e-48af-9a28-d1e60266c9e8",
	'selectBookable',
	'',
	'',
	1);
INSERT INTO ACT_RSB
	VALUES ("46210b75-4375-45f3-bc12-f4de3e94bf2d",
	"a0805044-494e-48af-9a28-d1e60266c9e8");
INSERT INTO ACT_ACT
	VALUES ("46210b75-4375-45f3-bc12-f4de3e94bf2d",
	'signal',
	0,
	"205152b9-c26e-49bc-ad7a-5b9ad88efc66",
	"00000000-0000-0000-0000-000000000000",
	0,
	'UserInterface::BookingProvider::selectBookable',
	"00000000-0000-0000-0000-000000000000");
INSERT INTO ACT_BLK
	VALUES ("205152b9-c26e-49bc-ad7a-5b9ad88efc66",
	0,
	0,
	0,
	'',
	'',
	'',
	0,
	0,
	0,
	0,
	0,
	0,
	0,
	0,
	0,
	0,
	0,
	0,
	0,
	"46210b75-4375-45f3-bc12-f4de3e94bf2d",
	"00000000-0000-0000-0000-000000000000");
INSERT INTO SPR_REP
	VALUES ("ed1e87bc-d1d1-48c3-85ae-185abad87897",
	"10d65452-16c4-45b0-ad3e-4dec03bb99a7",
	"59710e0c-1d62-4800-a82b-b80bbaed4667");
INSERT INTO SPR_RS
	VALUES ("ed1e87bc-d1d1-48c3-85ae-185abad87897",
	'extraServices',
	'',
	'',
	1);
INSERT INTO ACT_RSB
	VALUES ("faed90b5-eec0-4e67-8442-fad748332b2e",
	"ed1e87bc-d1d1-48c3-85ae-185abad87897");
INSERT INTO ACT_ACT
	VALUES ("faed90b5-eec0-4e67-8442-fad748332b2e",
	'signal',
	0,
	"35e69c73-9d61-47ff-b1fb-cb2548c5ce1b",
	"00000000-0000-0000-0000-000000000000",
	0,
	'UserInterface::BookingProvider::extraServices',
	"00000000-0000-0000-0000-000000000000");
INSERT INTO ACT_BLK
	VALUES ("35e69c73-9d61-47ff-b1fb-cb2548c5ce1b",
	0,
	0,
	0,
	'',
	'',
	'',
	0,
	0,
	0,
	0,
	0,
	0,
	0,
	0,
	0,
	0,
	0,
	0,
	0,
	"faed90b5-eec0-4e67-8442-fad748332b2e",
	"00000000-0000-0000-0000-000000000000");
INSERT INTO SPR_REP
	VALUES ("5eb199d9-39f7-4ed5-a2cb-f0983a52bfa4",
	"87ed1c56-1bee-4041-bca4-056967095bc2",
	"59710e0c-1d62-4800-a82b-b80bbaed4667");
INSERT INTO SPR_RS
	VALUES ("5eb199d9-39f7-4ed5-a2cb-f0983a52bfa4",
	'addServices',
	'',
	'',
	1);
INSERT INTO ACT_RSB
	VALUES ("759a88ca-f013-4f9c-b97c-c20a399777ca",
	"5eb199d9-39f7-4ed5-a2cb-f0983a52bfa4");
INSERT INTO ACT_ACT
	VALUES ("759a88ca-f013-4f9c-b97c-c20a399777ca",
	'signal',
	0,
	"db9d6771-b37c-4745-a0f6-d3ba02038d2d",
	"00000000-0000-0000-0000-000000000000",
	0,
	'UserInterface::BookingProvider::addServices',
	"00000000-0000-0000-0000-000000000000");
INSERT INTO ACT_BLK
	VALUES ("db9d6771-b37c-4745-a0f6-d3ba02038d2d",
	0,
	0,
	0,
	'',
	'',
	'',
	0,
	0,
	0,
	0,
	0,
	0,
	0,
	0,
	0,
	0,
	0,
	0,
	0,
	"759a88ca-f013-4f9c-b97c-c20a399777ca",
	"00000000-0000-0000-0000-000000000000");
INSERT INTO SPR_REP
	VALUES ("d77be9c2-0803-460b-adcd-8208f0b3441b",
	"57eb1124-4a29-48ad-8677-d8760788067a",
	"59710e0c-1d62-4800-a82b-b80bbaed4667");
INSERT INTO SPR_RS
	VALUES ("d77be9c2-0803-460b-adcd-8208f0b3441b",
	'customerDetails',
	'',
	'',
	1);
INSERT INTO ACT_RSB
	VALUES ("26b52dfc-78f7-4baa-a0d7-5c82b59523be",
	"d77be9c2-0803-460b-adcd-8208f0b3441b");
INSERT INTO ACT_ACT
	VALUES ("26b52dfc-78f7-4baa-a0d7-5c82b59523be",
	'signal',
	0,
	"4299ef5e-acc8-4e4d-b6a2-e89a2461d0fb",
	"00000000-0000-0000-0000-000000000000",
	0,
	'UserInterface::BookingProvider::customerDetails',
	"00000000-0000-0000-0000-000000000000");
INSERT INTO ACT_BLK
	VALUES ("4299ef5e-acc8-4e4d-b6a2-e89a2461d0fb",
	0,
	0,
	0,
	'',
	'',
	'',
	0,
	0,
	0,
	0,
	0,
	0,
	0,
	0,
	0,
	0,
	0,
	0,
	0,
	"26b52dfc-78f7-4baa-a0d7-5c82b59523be",
	"00000000-0000-0000-0000-000000000000");
INSERT INTO SPR_REP
	VALUES ("ffb380d8-057b-4e3e-8756-add42a8f81d8",
	"275df8ce-b628-4b96-85dd-66e9224fc9df",
	"59710e0c-1d62-4800-a82b-b80bbaed4667");
INSERT INTO SPR_RS
	VALUES ("ffb380d8-057b-4e3e-8756-add42a8f81d8",
	'addGuest',
	'',
	'',
	1);
INSERT INTO ACT_RSB
	VALUES ("8f92918b-597e-4916-bfcd-8a1f486ffb67",
	"ffb380d8-057b-4e3e-8756-add42a8f81d8");
INSERT INTO ACT_ACT
	VALUES ("8f92918b-597e-4916-bfcd-8a1f486ffb67",
	'signal',
	0,
	"cffc7050-88fd-4b42-b7c9-0de7a7f6255e",
	"00000000-0000-0000-0000-000000000000",
	0,
	'UserInterface::BookingProvider::addGuest',
	"00000000-0000-0000-0000-000000000000");
INSERT INTO ACT_BLK
	VALUES ("cffc7050-88fd-4b42-b7c9-0de7a7f6255e",
	0,
	0,
	0,
	'',
	'',
	'',
	0,
	0,
	0,
	0,
	0,
	0,
	0,
	0,
	0,
	0,
	0,
	0,
	0,
	"8f92918b-597e-4916-bfcd-8a1f486ffb67",
	"00000000-0000-0000-0000-000000000000");
INSERT INTO SPR_REP
	VALUES ("4ff24761-bc79-4d00-be36-ac08fa93359b",
	"40e06920-24e2-499d-b1c8-deb66c9637ec",
	"59710e0c-1d62-4800-a82b-b80bbaed4667");
INSERT INTO SPR_RS
	VALUES ("4ff24761-bc79-4d00-be36-ac08fa93359b",
	'paymentInfo',
	'',
	'',
	1);
INSERT INTO ACT_RSB
	VALUES ("acf4fb83-1a3b-4b38-987e-c5264d0209e5",
	"4ff24761-bc79-4d00-be36-ac08fa93359b");
INSERT INTO ACT_ACT
	VALUES ("acf4fb83-1a3b-4b38-987e-c5264d0209e5",
	'signal',
	0,
	"3483fda5-c55e-4601-9145-6c3945024d93",
	"00000000-0000-0000-0000-000000000000",
	0,
	'UserInterface::BookingProvider::paymentInfo',
	"00000000-0000-0000-0000-000000000000");
INSERT INTO ACT_BLK
	VALUES ("3483fda5-c55e-4601-9145-6c3945024d93",
	0,
	0,
	0,
	'',
	'',
	'',
	0,
	0,
	0,
	0,
	0,
	0,
	0,
	0,
	0,
	0,
	0,
	0,
	0,
	"acf4fb83-1a3b-4b38-987e-c5264d0209e5",
	"00000000-0000-0000-0000-000000000000");
INSERT INTO SPR_REP
	VALUES ("562d9bef-da1e-4569-aa14-e81b3c6803b7",
	"19aa6808-338c-45b0-8a31-1b3efb70b47a",
	"59710e0c-1d62-4800-a82b-b80bbaed4667");
INSERT INTO SPR_RS
	VALUES ("562d9bef-da1e-4569-aa14-e81b3c6803b7",
	'confirmSignal',
	'',
	'LOG::LogInfo(message: "UC confSig: " + param.message);
select any st from instances of SIMPLETEST where selected.sessionID == param.sessionID;

if(not_empty st)
	
	generate SIMPLETEST4:confirmEvent(message: param.message) to st;

else
	LOG::LogInfo(message: "UC confSig: session not found");
end if;',
	1);
INSERT INTO ACT_RSB
	VALUES ("73fe3eb6-af97-4e5a-9d4d-5a483b82f58e",
	"562d9bef-da1e-4569-aa14-e81b3c6803b7");
INSERT INTO ACT_ACT
	VALUES ("73fe3eb6-af97-4e5a-9d4d-5a483b82f58e",
	'signal',
	0,
	"f42ea1e8-7086-4393-85f5-9205a406a230",
	"00000000-0000-0000-0000-000000000000",
	0,
	'UserInterface::BookingProvider::confirmSignal',
	"00000000-0000-0000-0000-000000000000");
INSERT INTO ACT_BLK
	VALUES ("f42ea1e8-7086-4393-85f5-9205a406a230",
	1,
	0,
	1,
	'LOG',
	'',
	'',
	8,
	1,
	2,
	33,
	0,
	0,
	0,
	0,
	0,
	0,
	0,
	0,
	0,
	"73fe3eb6-af97-4e5a-9d4d-5a483b82f58e",
	"00000000-0000-0000-0000-000000000000");
INSERT INTO ACT_SMT
	VALUES ("73595321-fa61-41e4-82eb-97bed4a263c7",
	"f42ea1e8-7086-4393-85f5-9205a406a230",
	"b48c524e-c0b3-47a4-ba4a-d18d9733698b",
	1,
	1,
	'UserInterface::BookingProvider::confirmSignal line: 1');
INSERT INTO ACT_BRG
	VALUES ("73595321-fa61-41e4-82eb-97bed4a263c7",
	"768e1cca-7403-495c-9b22-afd11a473eb6",
	1,
	6,
	1,
	1);
INSERT INTO ACT_SMT
	VALUES ("b48c524e-c0b3-47a4-ba4a-d18d9733698b",
	"f42ea1e8-7086-4393-85f5-9205a406a230",
	"8b352494-83db-416b-8915-d5783f3c92e6",
	2,
	1,
	'UserInterface::BookingProvider::confirmSignal line: 2');
INSERT INTO ACT_FIW
	VALUES ("b48c524e-c0b3-47a4-ba4a-d18d9733698b",
	"e083fe07-f0cd-4cf3-b50a-d677638511b1",
	1,
	'any',
	"60b78f95-f5ae-4a34-a8b3-55c447c9ceaf",
	"6daee5e1-aefd-49c8-b18d-234fb0eb1928",
	2,
	33);
INSERT INTO ACT_SMT
	VALUES ("8b352494-83db-416b-8915-d5783f3c92e6",
	"f42ea1e8-7086-4393-85f5-9205a406a230",
	"00000000-0000-0000-0000-000000000000",
	4,
	1,
	'UserInterface::BookingProvider::confirmSignal line: 4');
INSERT INTO ACT_IF
	VALUES ("8b352494-83db-416b-8915-d5783f3c92e6",
	"f26eb6fd-d58d-444f-8d46-8b27250d5cb4",
	"1775b7e9-b4b1-4ca4-bcae-0d7d73e7fa46",
	"00000000-0000-0000-0000-000000000000",
	"00000000-0000-0000-0000-000000000000");
INSERT INTO ACT_SMT
	VALUES ("3e1b2908-e1f9-4918-9920-40a5413e760c",
	"f42ea1e8-7086-4393-85f5-9205a406a230",
	"00000000-0000-0000-0000-000000000000",
	8,
	1,
	'UserInterface::BookingProvider::confirmSignal line: 8');
INSERT INTO ACT_E
	VALUES ("3e1b2908-e1f9-4918-9920-40a5413e760c",
	"00d456a6-cb9a-4aa4-b8fc-ab9e3cfc5ef3",
	"8b352494-83db-416b-8915-d5783f3c92e6");
INSERT INTO V_VAL
	VALUES ("c6280352-ce8e-45e5-aa34-5f5c5bac7b42",
	0,
	0,
	1,
	23,
	35,
	0,
	0,
	0,
	0,
	"ba5eda7a-def5-0000-0000-000000000004",
	"f42ea1e8-7086-4393-85f5-9205a406a230");
INSERT INTO V_LST
	VALUES ("c6280352-ce8e-45e5-aa34-5f5c5bac7b42",
	'UC confSig: ');
INSERT INTO V_VAL
	VALUES ("8df96648-1518-45c8-a25b-85854c190bb0",
	0,
	0,
	-1,
	-1,
	-1,
	0,
	0,
	0,
	0,
	"ba5eda7a-def5-0000-0000-000000000004",
	"f42ea1e8-7086-4393-85f5-9205a406a230");
INSERT INTO V_BIN
	VALUES ("8df96648-1518-45c8-a25b-85854c190bb0",
	"d5bb9f3b-fb07-45eb-9e9c-bab1cbd279f8",
	"c6280352-ce8e-45e5-aa34-5f5c5bac7b42",
	'+');
INSERT INTO V_PAR
	VALUES ("8df96648-1518-45c8-a25b-85854c190bb0",
	"73595321-fa61-41e4-82eb-97bed4a263c7",
	"00000000-0000-0000-0000-000000000000",
	'message',
	"00000000-0000-0000-0000-000000000000",
	1,
	14);
INSERT INTO V_VAL
	VALUES ("d5bb9f3b-fb07-45eb-9e9c-bab1cbd279f8",
	0,
	0,
	1,
	46,
	52,
	0,
	0,
	0,
	0,
	"ba5eda7a-def5-0000-0000-000000000004",
	"f42ea1e8-7086-4393-85f5-9205a406a230");
INSERT INTO V_PVL
	VALUES ("d5bb9f3b-fb07-45eb-9e9c-bab1cbd279f8",
	"00000000-0000-0000-0000-000000000000",
	"00000000-0000-0000-0000-000000000000",
	"00000000-0000-0000-0000-000000000000",
	"a3b665ee-74eb-4b72-82bd-d6fa5f6917b3");
INSERT INTO V_VAL
	VALUES ("c4b29a04-64b2-400a-b882-c96e5a2ddaca",
	0,
	0,
	2,
	50,
	-1,
	0,
	0,
	0,
	0,
	"ba5eda7a-def5-0000-0000-000000000008",
	"f42ea1e8-7086-4393-85f5-9205a406a230");
INSERT INTO V_SLR
	VALUES ("c4b29a04-64b2-400a-b882-c96e5a2ddaca",
	"00000000-0000-0000-0000-000000000000",
	"00000000-0000-0000-0000-000000000000",
	"00000000-0000-0000-0000-000000000000");
INSERT INTO V_VAL
	VALUES ("8c8c97b4-98fd-43fa-bf1b-91c638d7c262",
	0,
	0,
	2,
	59,
	67,
	0,
	0,
	0,
	0,
	"ba5eda7a-def5-0000-0000-000000000005",
	"f42ea1e8-7086-4393-85f5-9205a406a230");
INSERT INTO V_AVL
	VALUES ("8c8c97b4-98fd-43fa-bf1b-91c638d7c262",
	"c4b29a04-64b2-400a-b882-c96e5a2ddaca",
	"6daee5e1-aefd-49c8-b18d-234fb0eb1928",
	"10645a6f-534c-4e7d-84b2-77d94f3125c4");
INSERT INTO V_VAL
	VALUES ("60b78f95-f5ae-4a34-a8b3-55c447c9ceaf",
	0,
	0,
	-1,
	-1,
	-1,
	0,
	0,
	0,
	0,
	"ba5eda7a-def5-0000-0000-000000000001",
	"f42ea1e8-7086-4393-85f5-9205a406a230");
INSERT INTO V_BIN
	VALUES ("60b78f95-f5ae-4a34-a8b3-55c447c9ceaf",
	"394aff5f-eaae-42a9-b0c3-bf7e878039aa",
	"8c8c97b4-98fd-43fa-bf1b-91c638d7c262",
	'==');
INSERT INTO V_VAL
	VALUES ("394aff5f-eaae-42a9-b0c3-bf7e878039aa",
	0,
	0,
	2,
	78,
	86,
	0,
	0,
	0,
	0,
	"ba5eda7a-def5-0000-0000-000000000005",
	"f42ea1e8-7086-4393-85f5-9205a406a230");
INSERT INTO V_PVL
	VALUES ("394aff5f-eaae-42a9-b0c3-bf7e878039aa",
	"00000000-0000-0000-0000-000000000000",
	"00000000-0000-0000-0000-000000000000",
	"00000000-0000-0000-0000-000000000000",
	"72b44e45-7f11-4d56-b05a-ba5d1c400822");
INSERT INTO V_VAL
	VALUES ("e7bfb7fa-b0f4-4e3d-a547-3c1805a51b29",
	0,
	0,
	4,
	14,
	15,
	0,
	0,
	0,
	0,
	"9db8c033-ff94-41f2-bd5c-36e5cdae0e4b",
	"f42ea1e8-7086-4393-85f5-9205a406a230");
INSERT INTO V_IRF
	VALUES ("e7bfb7fa-b0f4-4e3d-a547-3c1805a51b29",
	"e083fe07-f0cd-4cf3-b50a-d677638511b1");
INSERT INTO V_VAL
	VALUES ("1775b7e9-b4b1-4ca4-bcae-0d7d73e7fa46",
	0,
	0,
	-1,
	-1,
	-1,
	0,
	0,
	0,
	0,
	"ba5eda7a-def5-0000-0000-000000000001",
	"f42ea1e8-7086-4393-85f5-9205a406a230");
INSERT INTO V_UNY
	VALUES ("1775b7e9-b4b1-4ca4-bcae-0d7d73e7fa46",
	"e7bfb7fa-b0f4-4e3d-a547-3c1805a51b29",
	'not_empty');
INSERT INTO V_VAR
	VALUES ("e083fe07-f0cd-4cf3-b50a-d677638511b1",
	"f42ea1e8-7086-4393-85f5-9205a406a230",
	'st',
	1,
	"9db8c033-ff94-41f2-bd5c-36e5cdae0e4b");
INSERT INTO V_INT
	VALUES ("e083fe07-f0cd-4cf3-b50a-d677638511b1",
	0,
	"6daee5e1-aefd-49c8-b18d-234fb0eb1928");
INSERT INTO V_LOC
	VALUES ("9815bf56-720a-4810-9d55-4462be6d5b63",
	2,
	12,
	13,
	"e083fe07-f0cd-4cf3-b50a-d677638511b1");
INSERT INTO V_LOC
	VALUES ("36d801da-a10d-4fcf-a4c7-7b32731dbb07",
	6,
	63,
	64,
	"e083fe07-f0cd-4cf3-b50a-d677638511b1");
INSERT INTO ACT_BLK
	VALUES ("f26eb6fd-d58d-444f-8d46-8b27250d5cb4",
	0,
	0,
	0,
	'V_VAR.Var_ID',
	'message',
	'message',
	6,
	2,
	0,
	0,
	0,
	0,
	0,
	0,
	0,
	0,
	0,
	0,
	0,
	"73fe3eb6-af97-4e5a-9d4d-5a483b82f58e",
	"00000000-0000-0000-0000-000000000000");
INSERT INTO ACT_SMT
	VALUES ("682e925f-cab4-47de-a604-76ac51f8d17f",
	"f26eb6fd-d58d-444f-8d46-8b27250d5cb4",
	"00000000-0000-0000-0000-000000000000",
	6,
	2,
	'UserInterface::BookingProvider::confirmSignal line: 6');
INSERT INTO E_ESS
	VALUES ("682e925f-cab4-47de-a604-76ac51f8d17f",
	1,
	0,
	6,
	11,
	6,
	23,
	0,
	0,
	6,
	36,
	0,
	0);
INSERT INTO V_PAR
	VALUES ("4bb38d77-14c6-49db-8258-d8b8753a40ca",
	"682e925f-cab4-47de-a604-76ac51f8d17f",
	"00000000-0000-0000-0000-000000000000",
	'message',
	"00000000-0000-0000-0000-000000000000",
	6,
	36);
INSERT INTO E_GES
	VALUES ("682e925f-cab4-47de-a604-76ac51f8d17f");
INSERT INTO E_GSME
	VALUES ("682e925f-cab4-47de-a604-76ac51f8d17f",
	"e60d8278-0abd-4435-be30-5fb8266237ab");
INSERT INTO E_GEN
	VALUES ("682e925f-cab4-47de-a604-76ac51f8d17f",
	"e083fe07-f0cd-4cf3-b50a-d677638511b1");
INSERT INTO V_VAL
	VALUES ("4bb38d77-14c6-49db-8258-d8b8753a40ca",
	0,
	0,
	6,
	51,
	57,
	0,
	0,
	0,
	0,
	"ba5eda7a-def5-0000-0000-000000000004",
	"f26eb6fd-d58d-444f-8d46-8b27250d5cb4");
INSERT INTO V_PVL
	VALUES ("4bb38d77-14c6-49db-8258-d8b8753a40ca",
	"00000000-0000-0000-0000-000000000000",
	"00000000-0000-0000-0000-000000000000",
	"00000000-0000-0000-0000-000000000000",
	"a3b665ee-74eb-4b72-82bd-d6fa5f6917b3");
INSERT INTO ACT_BLK
	VALUES ("00d456a6-cb9a-4aa4-b8fc-ab9e3cfc5ef3",
	0,
	0,
	0,
	'LOG',
	'',
	'',
	9,
	2,
	9,
	2,
	0,
	0,
	0,
	0,
	0,
	0,
	0,
	0,
	0,
	"73fe3eb6-af97-4e5a-9d4d-5a483b82f58e",
	"00000000-0000-0000-0000-000000000000");
INSERT INTO ACT_SMT
	VALUES ("928acaba-9c29-4ec6-a786-41f852237a53",
	"00d456a6-cb9a-4aa4-b8fc-ab9e3cfc5ef3",
	"00000000-0000-0000-0000-000000000000",
	9,
	2,
	'UserInterface::BookingProvider::confirmSignal line: 9');
INSERT INTO ACT_BRG
	VALUES ("928acaba-9c29-4ec6-a786-41f852237a53",
	"768e1cca-7403-495c-9b22-afd11a473eb6",
	9,
	7,
	9,
	2);
INSERT INTO V_VAL
	VALUES ("bd635839-f898-404f-ad5b-1516bb6e793a",
	0,
	0,
	9,
	24,
	53,
	0,
	0,
	0,
	0,
	"ba5eda7a-def5-0000-0000-000000000004",
	"00d456a6-cb9a-4aa4-b8fc-ab9e3cfc5ef3");
INSERT INTO V_LST
	VALUES ("bd635839-f898-404f-ad5b-1516bb6e793a",
	'UC confSig: session not found');
INSERT INTO V_PAR
	VALUES ("bd635839-f898-404f-ad5b-1516bb6e793a",
	"928acaba-9c29-4ec6-a786-41f852237a53",
	"00000000-0000-0000-0000-000000000000",
	'message',
	"00000000-0000-0000-0000-000000000000",
	9,
	15);
INSERT INTO SPR_REP
	VALUES ("a8898a52-2111-40f1-9da3-70247604dd4d",
	"89169ec3-d50b-4b5b-95fa-d95fb15c3f98",
	"59710e0c-1d62-4800-a82b-b80bbaed4667");
INSERT INTO SPR_RS
	VALUES ("a8898a52-2111-40f1-9da3-70247604dd4d",
	'errorSignal',
	'',
	'LOG::LogInfo(message: "UC: errorSignal: ERROR: " + param.message);

select any st from instances of SIMPLETEST where selected.sessionID == param.sessionID;

if (not_empty st)
	generate SIMPLETEST7:errorEvent(message:param.message) to st;
else;
	LOG::LogInfo(message: "UC: errorSignal:, no user session found");
end if;',
	1);
INSERT INTO ACT_RSB
	VALUES ("26ec9f87-8cf4-4cfe-9281-81443aef91b0",
	"a8898a52-2111-40f1-9da3-70247604dd4d");
INSERT INTO ACT_ACT
	VALUES ("26ec9f87-8cf4-4cfe-9281-81443aef91b0",
	'signal',
	0,
	"36175e44-3bf6-4fd7-8990-5da8076e817a",
	"00000000-0000-0000-0000-000000000000",
	0,
	'UserInterface::BookingProvider::errorSignal',
	"00000000-0000-0000-0000-000000000000");
INSERT INTO ACT_BLK
	VALUES ("36175e44-3bf6-4fd7-8990-5da8076e817a",
	1,
	0,
	1,
	'LOG',
	'',
	'',
	7,
	1,
	3,
	33,
	0,
	0,
	0,
	0,
	0,
	0,
	0,
	0,
	0,
	"26ec9f87-8cf4-4cfe-9281-81443aef91b0",
	"00000000-0000-0000-0000-000000000000");
INSERT INTO ACT_SMT
	VALUES ("b650a1a5-15e1-47af-b717-44c937714d7b",
	"36175e44-3bf6-4fd7-8990-5da8076e817a",
	"bc218e43-97e6-45fc-a78d-52fd96cf3706",
	1,
	1,
	'UserInterface::BookingProvider::errorSignal line: 1');
INSERT INTO ACT_BRG
	VALUES ("b650a1a5-15e1-47af-b717-44c937714d7b",
	"768e1cca-7403-495c-9b22-afd11a473eb6",
	1,
	6,
	1,
	1);
INSERT INTO ACT_SMT
	VALUES ("bc218e43-97e6-45fc-a78d-52fd96cf3706",
	"36175e44-3bf6-4fd7-8990-5da8076e817a",
	"1ffb110e-92e7-459e-919a-6463f8c7ef29",
	3,
	1,
	'UserInterface::BookingProvider::errorSignal line: 3');
INSERT INTO ACT_FIW
	VALUES ("bc218e43-97e6-45fc-a78d-52fd96cf3706",
	"999bc6c9-038a-449b-ad8b-5f4ce539accb",
	1,
	'any',
	"f59769fc-53ff-482f-bd15-b92bea5c7026",
	"6daee5e1-aefd-49c8-b18d-234fb0eb1928",
	3,
	33);
INSERT INTO ACT_SMT
	VALUES ("1ffb110e-92e7-459e-919a-6463f8c7ef29",
	"36175e44-3bf6-4fd7-8990-5da8076e817a",
	"00000000-0000-0000-0000-000000000000",
	5,
	1,
	'UserInterface::BookingProvider::errorSignal line: 5');
INSERT INTO ACT_IF
	VALUES ("1ffb110e-92e7-459e-919a-6463f8c7ef29",
	"2ed964c5-969d-49de-8dbb-571e71af8093",
	"3a036b8b-237e-4ac3-8ec2-81ac221c9db9",
	"00000000-0000-0000-0000-000000000000",
	"00000000-0000-0000-0000-000000000000");
INSERT INTO ACT_SMT
	VALUES ("4b09b405-6aea-4b99-b4ec-dc0bdb6e11cb",
	"36175e44-3bf6-4fd7-8990-5da8076e817a",
	"00000000-0000-0000-0000-000000000000",
	7,
	1,
	'UserInterface::BookingProvider::errorSignal line: 7');
INSERT INTO ACT_E
	VALUES ("4b09b405-6aea-4b99-b4ec-dc0bdb6e11cb",
	"b15edf86-99df-43a3-bf63-38bc92004215",
	"1ffb110e-92e7-459e-919a-6463f8c7ef29");
INSERT INTO V_VAL
	VALUES ("8bafd2f2-065d-4601-bec9-1e55b98f9c43",
	0,
	0,
	1,
	23,
	47,
	0,
	0,
	0,
	0,
	"ba5eda7a-def5-0000-0000-000000000004",
	"36175e44-3bf6-4fd7-8990-5da8076e817a");
INSERT INTO V_LST
	VALUES ("8bafd2f2-065d-4601-bec9-1e55b98f9c43",
	'UC: errorSignal: ERROR: ');
INSERT INTO V_VAL
	VALUES ("655f20f5-8e68-4df9-862f-d56dc843ee29",
	0,
	0,
	-1,
	-1,
	-1,
	0,
	0,
	0,
	0,
	"ba5eda7a-def5-0000-0000-000000000004",
	"36175e44-3bf6-4fd7-8990-5da8076e817a");
INSERT INTO V_BIN
	VALUES ("655f20f5-8e68-4df9-862f-d56dc843ee29",
	"171d9199-95f6-40b4-ad15-5345b361a644",
	"8bafd2f2-065d-4601-bec9-1e55b98f9c43",
	'+');
INSERT INTO V_PAR
	VALUES ("655f20f5-8e68-4df9-862f-d56dc843ee29",
	"b650a1a5-15e1-47af-b717-44c937714d7b",
	"00000000-0000-0000-0000-000000000000",
	'message',
	"00000000-0000-0000-0000-000000000000",
	1,
	14);
INSERT INTO V_VAL
	VALUES ("171d9199-95f6-40b4-ad15-5345b361a644",
	0,
	0,
	1,
	58,
	64,
	0,
	0,
	0,
	0,
	"ba5eda7a-def5-0000-0000-000000000004",
	"36175e44-3bf6-4fd7-8990-5da8076e817a");
INSERT INTO V_PVL
	VALUES ("171d9199-95f6-40b4-ad15-5345b361a644",
	"00000000-0000-0000-0000-000000000000",
	"00000000-0000-0000-0000-000000000000",
	"00000000-0000-0000-0000-000000000000",
	"ed7f9ed0-5d21-4eea-b033-d488f64972b9");
INSERT INTO V_VAL
	VALUES ("84a0d682-ca5d-4e02-a745-129949ada8a6",
	0,
	0,
	3,
	50,
	-1,
	0,
	0,
	0,
	0,
	"ba5eda7a-def5-0000-0000-000000000008",
	"36175e44-3bf6-4fd7-8990-5da8076e817a");
INSERT INTO V_SLR
	VALUES ("84a0d682-ca5d-4e02-a745-129949ada8a6",
	"00000000-0000-0000-0000-000000000000",
	"00000000-0000-0000-0000-000000000000",
	"00000000-0000-0000-0000-000000000000");
INSERT INTO V_VAL
	VALUES ("e7d3f358-59c7-4df1-99a4-8fc6ba847ce3",
	0,
	0,
	3,
	59,
	67,
	0,
	0,
	0,
	0,
	"ba5eda7a-def5-0000-0000-000000000005",
	"36175e44-3bf6-4fd7-8990-5da8076e817a");
INSERT INTO V_AVL
	VALUES ("e7d3f358-59c7-4df1-99a4-8fc6ba847ce3",
	"84a0d682-ca5d-4e02-a745-129949ada8a6",
	"6daee5e1-aefd-49c8-b18d-234fb0eb1928",
	"10645a6f-534c-4e7d-84b2-77d94f3125c4");
INSERT INTO V_VAL
	VALUES ("f59769fc-53ff-482f-bd15-b92bea5c7026",
	0,
	0,
	-1,
	-1,
	-1,
	0,
	0,
	0,
	0,
	"ba5eda7a-def5-0000-0000-000000000001",
	"36175e44-3bf6-4fd7-8990-5da8076e817a");
INSERT INTO V_BIN
	VALUES ("f59769fc-53ff-482f-bd15-b92bea5c7026",
	"82a1fad7-2b60-49ad-8a6d-b75c32b2d09f",
	"e7d3f358-59c7-4df1-99a4-8fc6ba847ce3",
	'==');
INSERT INTO V_VAL
	VALUES ("82a1fad7-2b60-49ad-8a6d-b75c32b2d09f",
	0,
	0,
	3,
	78,
	86,
	0,
	0,
	0,
	0,
	"ba5eda7a-def5-0000-0000-000000000005",
	"36175e44-3bf6-4fd7-8990-5da8076e817a");
INSERT INTO V_PVL
	VALUES ("82a1fad7-2b60-49ad-8a6d-b75c32b2d09f",
	"00000000-0000-0000-0000-000000000000",
	"00000000-0000-0000-0000-000000000000",
	"00000000-0000-0000-0000-000000000000",
	"b7eec5b3-9293-44d8-a8e2-b9f70df8f0cd");
INSERT INTO V_VAL
	VALUES ("8e76cd81-a535-43a5-9057-c7a563e528fd",
	0,
	0,
	5,
	15,
	16,
	0,
	0,
	0,
	0,
	"9db8c033-ff94-41f2-bd5c-36e5cdae0e4b",
	"36175e44-3bf6-4fd7-8990-5da8076e817a");
INSERT INTO V_IRF
	VALUES ("8e76cd81-a535-43a5-9057-c7a563e528fd",
	"999bc6c9-038a-449b-ad8b-5f4ce539accb");
INSERT INTO V_VAL
	VALUES ("3a036b8b-237e-4ac3-8ec2-81ac221c9db9",
	0,
	0,
	-1,
	-1,
	-1,
	0,
	0,
	0,
	0,
	"ba5eda7a-def5-0000-0000-000000000001",
	"36175e44-3bf6-4fd7-8990-5da8076e817a");
INSERT INTO V_UNY
	VALUES ("3a036b8b-237e-4ac3-8ec2-81ac221c9db9",
	"8e76cd81-a535-43a5-9057-c7a563e528fd",
	'not_empty');
INSERT INTO V_VAR
	VALUES ("999bc6c9-038a-449b-ad8b-5f4ce539accb",
	"36175e44-3bf6-4fd7-8990-5da8076e817a",
	'st',
	1,
	"9db8c033-ff94-41f2-bd5c-36e5cdae0e4b");
INSERT INTO V_INT
	VALUES ("999bc6c9-038a-449b-ad8b-5f4ce539accb",
	0,
	"6daee5e1-aefd-49c8-b18d-234fb0eb1928");
INSERT INTO V_LOC
	VALUES ("c196c7b6-9df5-454b-85a7-ec250b919604",
	3,
	12,
	13,
	"999bc6c9-038a-449b-ad8b-5f4ce539accb");
INSERT INTO V_LOC
	VALUES ("d99f6d62-9544-423c-a757-a5f30c9e23f7",
	6,
	60,
	61,
	"999bc6c9-038a-449b-ad8b-5f4ce539accb");
INSERT INTO ACT_BLK
	VALUES ("2ed964c5-969d-49de-8dbb-571e71af8093",
	0,
	0,
	0,
	'V_VAR.Var_ID',
	'message',
	'message',
	6,
	2,
	0,
	0,
	0,
	0,
	0,
	0,
	0,
	0,
	0,
	0,
	0,
	"26ec9f87-8cf4-4cfe-9281-81443aef91b0",
	"00000000-0000-0000-0000-000000000000");
INSERT INTO ACT_SMT
	VALUES ("97a632d7-62b6-4c62-a563-268fd48ea869",
	"2ed964c5-969d-49de-8dbb-571e71af8093",
	"00000000-0000-0000-0000-000000000000",
	6,
	2,
	'UserInterface::BookingProvider::errorSignal line: 6');
INSERT INTO E_ESS
	VALUES ("97a632d7-62b6-4c62-a563-268fd48ea869",
	1,
	0,
	6,
	11,
	6,
	23,
	0,
	0,
	6,
	34,
	0,
	0);
INSERT INTO V_PAR
	VALUES ("2f2390b7-5589-4998-95a3-322e263f7202",
	"97a632d7-62b6-4c62-a563-268fd48ea869",
	"00000000-0000-0000-0000-000000000000",
	'message',
	"00000000-0000-0000-0000-000000000000",
	6,
	34);
INSERT INTO E_GES
	VALUES ("97a632d7-62b6-4c62-a563-268fd48ea869");
INSERT INTO E_GSME
	VALUES ("97a632d7-62b6-4c62-a563-268fd48ea869",
	"db689256-8056-41cd-abf0-1804a111281b");
INSERT INTO E_GEN
	VALUES ("97a632d7-62b6-4c62-a563-268fd48ea869",
	"999bc6c9-038a-449b-ad8b-5f4ce539accb");
INSERT INTO V_VAL
	VALUES ("2f2390b7-5589-4998-95a3-322e263f7202",
	0,
	0,
	6,
	48,
	54,
	0,
	0,
	0,
	0,
	"ba5eda7a-def5-0000-0000-000000000004",
	"2ed964c5-969d-49de-8dbb-571e71af8093");
INSERT INTO V_PVL
	VALUES ("2f2390b7-5589-4998-95a3-322e263f7202",
	"00000000-0000-0000-0000-000000000000",
	"00000000-0000-0000-0000-000000000000",
	"00000000-0000-0000-0000-000000000000",
	"ed7f9ed0-5d21-4eea-b033-d488f64972b9");
INSERT INTO ACT_BLK
	VALUES ("b15edf86-99df-43a3-bf63-38bc92004215",
	0,
	0,
	0,
	'LOG',
	'',
	'',
	8,
	2,
	8,
	2,
	0,
	0,
	0,
	0,
	0,
	0,
	0,
	0,
	0,
	"26ec9f87-8cf4-4cfe-9281-81443aef91b0",
	"00000000-0000-0000-0000-000000000000");
INSERT INTO ACT_SMT
	VALUES ("21bb61c2-8c6a-4a43-be05-e9814a1120a9",
	"b15edf86-99df-43a3-bf63-38bc92004215",
	"00000000-0000-0000-0000-000000000000",
	8,
	2,
	'UserInterface::BookingProvider::errorSignal line: 8');
INSERT INTO ACT_BRG
	VALUES ("21bb61c2-8c6a-4a43-be05-e9814a1120a9",
	"768e1cca-7403-495c-9b22-afd11a473eb6",
	8,
	7,
	8,
	2);
INSERT INTO V_VAL
	VALUES ("60c73c2d-e5d5-4b80-a82b-6e696a7a4362",
	0,
	0,
	8,
	24,
	63,
	0,
	0,
	0,
	0,
	"ba5eda7a-def5-0000-0000-000000000004",
	"b15edf86-99df-43a3-bf63-38bc92004215");
INSERT INTO V_LST
	VALUES ("60c73c2d-e5d5-4b80-a82b-6e696a7a4362",
	'UC: errorSignal:, no user session found');
INSERT INTO V_PAR
	VALUES ("60c73c2d-e5d5-4b80-a82b-6e696a7a4362",
	"21bb61c2-8c6a-4a43-be05-e9814a1120a9",
	"00000000-0000-0000-0000-000000000000",
	'message',
	"00000000-0000-0000-0000-000000000000",
	8,
	15);
INSERT INTO SPR_REP
	VALUES ("4008216b-9430-4340-b497-4f91f4977fec",
	"b21fad1b-897b-424f-84f8-01bdab76de49",
	"59710e0c-1d62-4800-a82b-b80bbaed4667");
INSERT INTO SPR_RS
	VALUES ("4008216b-9430-4340-b497-4f91f4977fec",
	'requestSession',
	'',
	'',
	1);
INSERT INTO ACT_RSB
	VALUES ("08930615-4892-47ee-bef3-d6f2efc687d4",
	"4008216b-9430-4340-b497-4f91f4977fec");
INSERT INTO ACT_ACT
	VALUES ("08930615-4892-47ee-bef3-d6f2efc687d4",
	'signal',
	0,
	"2788abdd-1b71-4097-9461-57712e601853",
	"00000000-0000-0000-0000-000000000000",
	0,
	'UserInterface::BookingProvider::requestSession',
	"00000000-0000-0000-0000-000000000000");
INSERT INTO ACT_BLK
	VALUES ("2788abdd-1b71-4097-9461-57712e601853",
	0,
	0,
	0,
	'',
	'',
	'',
	0,
	0,
	0,
	0,
	0,
	0,
	0,
	0,
	0,
	0,
	0,
	0,
	0,
	"08930615-4892-47ee-bef3-d6f2efc687d4",
	"00000000-0000-0000-0000-000000000000");
INSERT INTO SPR_REP
	VALUES ("8a7f3173-16b8-460c-b31e-aab059b3d85e",
	"0a31b7ea-b3a4-43b3-bfab-1e664637468e",
	"59710e0c-1d62-4800-a82b-b80bbaed4667");
INSERT INTO SPR_RS
	VALUES ("8a7f3173-16b8-460c-b31e-aab059b3d85e",
	'session',
	'',
	'LOG::LogInfo(message: "Got session ID");
select any st from instances of SIMPLETEST where selected.active==false;
st.active=true;
generate SIMPLETEST2:sessionEvent(sessionID: param.sessionID, bookingNumber: param.bookingNumber) to st;
',
	1);
INSERT INTO ACT_RSB
	VALUES ("fe5841bb-c73c-472e-a2ed-f242205f38d2",
	"8a7f3173-16b8-460c-b31e-aab059b3d85e");
INSERT INTO ACT_ACT
	VALUES ("fe5841bb-c73c-472e-a2ed-f242205f38d2",
	'signal',
	0,
	"5965fa70-de57-4797-b624-e3499e858692",
	"00000000-0000-0000-0000-000000000000",
	0,
	'UserInterface::BookingProvider::session',
	"00000000-0000-0000-0000-000000000000");
INSERT INTO ACT_BLK
	VALUES ("5965fa70-de57-4797-b624-e3499e858692",
	1,
	0,
	1,
	'V_VAR.Var_ID',
	'sessionID',
	'bookingNumber',
	4,
	1,
	2,
	33,
	0,
	0,
	0,
	0,
	0,
	0,
	0,
	0,
	0,
	"fe5841bb-c73c-472e-a2ed-f242205f38d2",
	"00000000-0000-0000-0000-000000000000");
INSERT INTO ACT_SMT
	VALUES ("81b5a8c9-b9dc-4807-910e-e68f3e30dad7",
	"5965fa70-de57-4797-b624-e3499e858692",
	"ca03a917-0324-4e0c-82e2-c113a251f4f0",
	1,
	1,
	'UserInterface::BookingProvider::session line: 1');
INSERT INTO ACT_BRG
	VALUES ("81b5a8c9-b9dc-4807-910e-e68f3e30dad7",
	"768e1cca-7403-495c-9b22-afd11a473eb6",
	1,
	6,
	1,
	1);
INSERT INTO ACT_SMT
	VALUES ("ca03a917-0324-4e0c-82e2-c113a251f4f0",
	"5965fa70-de57-4797-b624-e3499e858692",
	"e399530b-3d6a-4fe7-9892-3f1919950f7d",
	2,
	1,
	'UserInterface::BookingProvider::session line: 2');
INSERT INTO ACT_FIW
	VALUES ("ca03a917-0324-4e0c-82e2-c113a251f4f0",
	"5f30252f-95e9-43d4-83d9-8b4adaf4a642",
	1,
	'any',
	"9c0788a3-7686-486c-8bff-38f8eaf78fd4",
	"6daee5e1-aefd-49c8-b18d-234fb0eb1928",
	2,
	33);
INSERT INTO ACT_SMT
	VALUES ("e399530b-3d6a-4fe7-9892-3f1919950f7d",
	"5965fa70-de57-4797-b624-e3499e858692",
	"5e93f881-180f-4ffa-8556-05a557ae82cc",
	3,
	1,
	'UserInterface::BookingProvider::session line: 3');
INSERT INTO ACT_AI
	VALUES ("e399530b-3d6a-4fe7-9892-3f1919950f7d",
	"a424d80d-209e-457a-a3ea-d25bdcd806e9",
	"8bfde3eb-afed-4623-b3c7-5b073b9ed832",
	0,
	0);
INSERT INTO ACT_SMT
	VALUES ("5e93f881-180f-4ffa-8556-05a557ae82cc",
	"5965fa70-de57-4797-b624-e3499e858692",
	"00000000-0000-0000-0000-000000000000",
	4,
	1,
	'UserInterface::BookingProvider::session line: 4');
INSERT INTO E_ESS
	VALUES ("5e93f881-180f-4ffa-8556-05a557ae82cc",
	1,
	0,
	4,
	10,
	4,
	22,
	2,
	33,
	4,
	35,
	4,
	63);
INSERT INTO V_PAR
	VALUES ("789167cd-d486-4d3f-b34f-be3133f9d861",
	"5e93f881-180f-4ffa-8556-05a557ae82cc",
	"00000000-0000-0000-0000-000000000000",
	'bookingNumber',
	"00000000-0000-0000-0000-000000000000",
	4,
	63);
INSERT INTO V_PAR
	VALUES ("f22d74f2-6164-4c77-a8b6-9e1e2c1f1e2b",
	"5e93f881-180f-4ffa-8556-05a557ae82cc",
	"00000000-0000-0000-0000-000000000000",
	'sessionID',
	"789167cd-d486-4d3f-b34f-be3133f9d861",
	4,
	35);
INSERT INTO E_GES
	VALUES ("5e93f881-180f-4ffa-8556-05a557ae82cc");
INSERT INTO E_GSME
	VALUES ("5e93f881-180f-4ffa-8556-05a557ae82cc",
	"2a21dfc2-cf8a-496d-91fa-d6cd6995d113");
INSERT INTO E_GEN
	VALUES ("5e93f881-180f-4ffa-8556-05a557ae82cc",
	"5f30252f-95e9-43d4-83d9-8b4adaf4a642");
INSERT INTO V_VAL
	VALUES ("dac2d39e-82cf-45d8-a692-274698584949",
	0,
	0,
	1,
	23,
	37,
	0,
	0,
	0,
	0,
	"ba5eda7a-def5-0000-0000-000000000004",
	"5965fa70-de57-4797-b624-e3499e858692");
INSERT INTO V_LST
	VALUES ("dac2d39e-82cf-45d8-a692-274698584949",
	'Got session ID');
INSERT INTO V_PAR
	VALUES ("dac2d39e-82cf-45d8-a692-274698584949",
	"81b5a8c9-b9dc-4807-910e-e68f3e30dad7",
	"00000000-0000-0000-0000-000000000000",
	'message',
	"00000000-0000-0000-0000-000000000000",
	1,
	14);
INSERT INTO V_VAL
	VALUES ("c6c8ecea-b809-459b-ab90-755e4cb5b51b",
	0,
	0,
	2,
	50,
	-1,
	0,
	0,
	0,
	0,
	"ba5eda7a-def5-0000-0000-000000000008",
	"5965fa70-de57-4797-b624-e3499e858692");
INSERT INTO V_SLR
	VALUES ("c6c8ecea-b809-459b-ab90-755e4cb5b51b",
	"00000000-0000-0000-0000-000000000000",
	"00000000-0000-0000-0000-000000000000",
	"00000000-0000-0000-0000-000000000000");
INSERT INTO V_VAL
	VALUES ("ab11111f-b7fa-4b49-9d7c-1f0513553bf5",
	0,
	0,
	2,
	59,
	64,
	0,
	0,
	0,
	0,
	"ba5eda7a-def5-0000-0000-000000000001",
	"5965fa70-de57-4797-b624-e3499e858692");
INSERT INTO V_AVL
	VALUES ("ab11111f-b7fa-4b49-9d7c-1f0513553bf5",
	"c6c8ecea-b809-459b-ab90-755e4cb5b51b",
	"6daee5e1-aefd-49c8-b18d-234fb0eb1928",
	"7c32a24f-66a2-4ce6-a429-f3045074312c");
INSERT INTO V_VAL
	VALUES ("9c0788a3-7686-486c-8bff-38f8eaf78fd4",
	0,
	0,
	-1,
	-1,
	-1,
	0,
	0,
	0,
	0,
	"ba5eda7a-def5-0000-0000-000000000001",
	"5965fa70-de57-4797-b624-e3499e858692");
INSERT INTO V_BIN
	VALUES ("9c0788a3-7686-486c-8bff-38f8eaf78fd4",
	"9430e642-e4fd-443c-8476-457ab82b4dbf",
	"ab11111f-b7fa-4b49-9d7c-1f0513553bf5",
	'==');
INSERT INTO V_VAL
	VALUES ("9430e642-e4fd-443c-8476-457ab82b4dbf",
	0,
	0,
	-1,
	-1,
	-1,
	0,
	0,
	0,
	0,
	"ba5eda7a-def5-0000-0000-000000000001",
	"5965fa70-de57-4797-b624-e3499e858692");
INSERT INTO V_LBO
	VALUES ("9430e642-e4fd-443c-8476-457ab82b4dbf",
	'FALSE');
INSERT INTO V_VAL
	VALUES ("e1be3850-c4f6-430c-b721-0c61b1ac2b4b",
	1,
	0,
	3,
	1,
	2,
	0,
	0,
	0,
	0,
	"9db8c033-ff94-41f2-bd5c-36e5cdae0e4b",
	"5965fa70-de57-4797-b624-e3499e858692");
INSERT INTO V_IRF
	VALUES ("e1be3850-c4f6-430c-b721-0c61b1ac2b4b",
	"5f30252f-95e9-43d4-83d9-8b4adaf4a642");
INSERT INTO V_VAL
	VALUES ("8bfde3eb-afed-4623-b3c7-5b073b9ed832",
	1,
	0,
	3,
	4,
	9,
	0,
	0,
	0,
	0,
	"ba5eda7a-def5-0000-0000-000000000001",
	"5965fa70-de57-4797-b624-e3499e858692");
INSERT INTO V_AVL
	VALUES ("8bfde3eb-afed-4623-b3c7-5b073b9ed832",
	"e1be3850-c4f6-430c-b721-0c61b1ac2b4b",
	"6daee5e1-aefd-49c8-b18d-234fb0eb1928",
	"7c32a24f-66a2-4ce6-a429-f3045074312c");
INSERT INTO V_VAL
	VALUES ("a424d80d-209e-457a-a3ea-d25bdcd806e9",
	0,
	0,
	-1,
	-1,
	-1,
	0,
	0,
	0,
	0,
	"ba5eda7a-def5-0000-0000-000000000001",
	"5965fa70-de57-4797-b624-e3499e858692");
INSERT INTO V_LBO
	VALUES ("a424d80d-209e-457a-a3ea-d25bdcd806e9",
	'TRUE');
INSERT INTO V_VAL
	VALUES ("f22d74f2-6164-4c77-a8b6-9e1e2c1f1e2b",
	0,
	0,
	4,
	52,
	60,
	0,
	0,
	0,
	0,
	"ba5eda7a-def5-0000-0000-000000000005",
	"5965fa70-de57-4797-b624-e3499e858692");
INSERT INTO V_PVL
	VALUES ("f22d74f2-6164-4c77-a8b6-9e1e2c1f1e2b",
	"00000000-0000-0000-0000-000000000000",
	"00000000-0000-0000-0000-000000000000",
	"00000000-0000-0000-0000-000000000000",
	"fec1123c-a15a-45df-adbc-758261d72c0f");
INSERT INTO V_VAL
	VALUES ("789167cd-d486-4d3f-b34f-be3133f9d861",
	0,
	0,
	4,
	84,
	96,
	0,
	0,
	0,
	0,
	"ba5eda7a-def5-0000-0000-000000000005",
	"5965fa70-de57-4797-b624-e3499e858692");
INSERT INTO V_PVL
	VALUES ("789167cd-d486-4d3f-b34f-be3133f9d861",
	"00000000-0000-0000-0000-000000000000",
	"00000000-0000-0000-0000-000000000000",
	"00000000-0000-0000-0000-000000000000",
	"af240464-b25e-4de2-b8fb-ea32808b1dde");
INSERT INTO V_VAR
	VALUES ("5f30252f-95e9-43d4-83d9-8b4adaf4a642",
	"5965fa70-de57-4797-b624-e3499e858692",
	'st',
	1,
	"9db8c033-ff94-41f2-bd5c-36e5cdae0e4b");
INSERT INTO V_INT
	VALUES ("5f30252f-95e9-43d4-83d9-8b4adaf4a642",
	0,
	"6daee5e1-aefd-49c8-b18d-234fb0eb1928");
INSERT INTO V_LOC
	VALUES ("cd5dad69-a9e9-43dd-907b-a190f658c204",
	2,
	12,
	13,
	"5f30252f-95e9-43d4-83d9-8b4adaf4a642");
INSERT INTO V_LOC
	VALUES ("ce0268b6-4c0d-47ec-9b5a-8fc40193666d",
	3,
	1,
	2,
	"5f30252f-95e9-43d4-83d9-8b4adaf4a642");
INSERT INTO V_LOC
	VALUES ("7409096f-28e4-4ee5-99d3-a17d34bc20a6",
	4,
	102,
	103,
	"5f30252f-95e9-43d4-83d9-8b4adaf4a642");
INSERT INTO C_PO
	VALUES ("1b3b7d15-d7bf-4f0c-bb84-bd2864dd8865",
	"0968771f-8553-4274-be70-86a03e4e6267",
	'Port1',
	0,
	0);
INSERT INTO C_IR
	VALUES ("9a341639-f7bf-4aa4-8144-2c10b6728e8f",
	"7af64316-7236-4637-9c49-e47d2784ce9e",
	"00000000-0000-0000-0000-000000000000",
	"1b3b7d15-d7bf-4f0c-bb84-bd2864dd8865");
INSERT INTO C_R
	VALUES ("9a341639-f7bf-4aa4-8144-2c10b6728e8f",
	'StaffInterface',
	'',
	'Unnamed Interface',
	'UserComponent::Port1::StaffInterface');
INSERT INTO SPR_REP
	VALUES ("e6181567-d769-42fe-9d0b-d198e6a37dc0",
	"c86ea0b4-abc2-4994-bee2-500e130b8b73",
	"9a341639-f7bf-4aa4-8144-2c10b6728e8f");
INSERT INTO SPR_RS
	VALUES ("e6181567-d769-42fe-9d0b-d198e6a37dc0",
	'addFacility',
	'',
	'',
	1);
INSERT INTO ACT_RSB
	VALUES ("0cc7f753-c5c3-4abd-b6b8-9a1795eab88b",
	"e6181567-d769-42fe-9d0b-d198e6a37dc0");
INSERT INTO ACT_ACT
	VALUES ("0cc7f753-c5c3-4abd-b6b8-9a1795eab88b",
	'signal',
	0,
	"0722e80e-91ea-4820-9e26-5fafbe29dca0",
	"00000000-0000-0000-0000-000000000000",
	0,
	'Port1::StaffInterface::addFacility',
	"00000000-0000-0000-0000-000000000000");
INSERT INTO ACT_BLK
	VALUES ("0722e80e-91ea-4820-9e26-5fafbe29dca0",
	0,
	0,
	0,
	'',
	'',
	'',
	0,
	0,
	0,
	0,
	0,
	0,
	0,
	0,
	0,
	0,
	0,
	0,
	0,
	"0cc7f753-c5c3-4abd-b6b8-9a1795eab88b",
	"00000000-0000-0000-0000-000000000000");
INSERT INTO SPR_REP
	VALUES ("a8594653-92b4-4a46-a04e-ec4cff538621",
	"19f06228-e268-4733-9af7-92f3f313ceff",
	"9a341639-f7bf-4aa4-8144-2c10b6728e8f");
INSERT INTO SPR_RS
	VALUES ("a8594653-92b4-4a46-a04e-ec4cff538621",
	'addFacilityType',
	'',
	'',
	1);
INSERT INTO ACT_RSB
	VALUES ("3249818c-c612-4ee0-bfa4-f292d0227526",
	"a8594653-92b4-4a46-a04e-ec4cff538621");
INSERT INTO ACT_ACT
	VALUES ("3249818c-c612-4ee0-bfa4-f292d0227526",
	'signal',
	0,
	"88aa2124-2e10-4681-ae32-c9b5b05def0c",
	"00000000-0000-0000-0000-000000000000",
	0,
	'Port1::StaffInterface::addFacilityType',
	"00000000-0000-0000-0000-000000000000");
INSERT INTO ACT_BLK
	VALUES ("88aa2124-2e10-4681-ae32-c9b5b05def0c",
	0,
	0,
	0,
	'',
	'',
	'',
	0,
	0,
	0,
	0,
	0,
	0,
	0,
	0,
	0,
	0,
	0,
	0,
	0,
	"3249818c-c612-4ee0-bfa4-f292d0227526",
	"00000000-0000-0000-0000-000000000000");
INSERT INTO SPR_REP
	VALUES ("f3d4f341-8fa5-42f3-9d09-5288a3d21a18",
	"cd0882a7-a468-425e-a99e-c9480ba64c90",
	"9a341639-f7bf-4aa4-8144-2c10b6728e8f");
INSERT INTO SPR_RS
	VALUES ("f3d4f341-8fa5-42f3-9d09-5288a3d21a18",
	'sendFacilityType',
	'',
	'select any setup from instances of SETUP;

generate SETUP1:facilityTypeAdded(facilityType: param.facilityTypeID) to setup;',
	1);
INSERT INTO ACT_RSB
	VALUES ("194631bd-9afc-435c-bb0a-114235c1f270",
	"f3d4f341-8fa5-42f3-9d09-5288a3d21a18");
INSERT INTO ACT_ACT
	VALUES ("194631bd-9afc-435c-bb0a-114235c1f270",
	'signal',
	0,
	"8ea91bb4-61d3-4222-9790-cc2c3c3e64f0",
	"00000000-0000-0000-0000-000000000000",
	0,
	'Port1::StaffInterface::sendFacilityType',
	"00000000-0000-0000-0000-000000000000");
INSERT INTO ACT_BLK
	VALUES ("8ea91bb4-61d3-4222-9790-cc2c3c3e64f0",
	1,
	0,
	0,
	'V_VAR.Var_ID',
	'facilityType',
	'facilityType',
	3,
	1,
	1,
	36,
	0,
	0,
	0,
	0,
	0,
	0,
	0,
	0,
	0,
	"194631bd-9afc-435c-bb0a-114235c1f270",
	"00000000-0000-0000-0000-000000000000");
INSERT INTO ACT_SMT
	VALUES ("88472a04-d768-48a0-9d7c-2a47e5f4c483",
	"8ea91bb4-61d3-4222-9790-cc2c3c3e64f0",
	"138108ca-bd7a-4cdb-a379-17ad631f1369",
	1,
	1,
	'Port1::StaffInterface::sendFacilityType line: 1');
INSERT INTO ACT_FIO
	VALUES ("88472a04-d768-48a0-9d7c-2a47e5f4c483",
	"c01374a8-8722-4324-af34-5c592a6fa761",
	1,
	'any',
	"1a7e6244-76d4-4656-b802-6270c53bb941",
	1,
	36);
INSERT INTO ACT_SMT
	VALUES ("138108ca-bd7a-4cdb-a379-17ad631f1369",
	"8ea91bb4-61d3-4222-9790-cc2c3c3e64f0",
	"00000000-0000-0000-0000-000000000000",
	3,
	1,
	'Port1::StaffInterface::sendFacilityType line: 3');
INSERT INTO E_ESS
	VALUES ("138108ca-bd7a-4cdb-a379-17ad631f1369",
	1,
	0,
	3,
	10,
	3,
	17,
	1,
	36,
	3,
	35,
	0,
	0);
INSERT INTO V_PAR
	VALUES ("be824b2e-0e34-497b-9fe1-209fed6c5ca9",
	"138108ca-bd7a-4cdb-a379-17ad631f1369",
	"00000000-0000-0000-0000-000000000000",
	'facilityType',
	"00000000-0000-0000-0000-000000000000",
	3,
	35);
INSERT INTO E_GES
	VALUES ("138108ca-bd7a-4cdb-a379-17ad631f1369");
INSERT INTO E_GSME
	VALUES ("138108ca-bd7a-4cdb-a379-17ad631f1369",
	"7172f41b-b749-4042-97a8-a497e403224c");
INSERT INTO E_GEN
	VALUES ("138108ca-bd7a-4cdb-a379-17ad631f1369",
	"c01374a8-8722-4324-af34-5c592a6fa761");
INSERT INTO V_VAL
	VALUES ("be824b2e-0e34-497b-9fe1-209fed6c5ca9",
	0,
	0,
	3,
	55,
	68,
	0,
	0,
	0,
	0,
	"ba5eda7a-def5-0000-0000-000000000002",
	"8ea91bb4-61d3-4222-9790-cc2c3c3e64f0");
INSERT INTO V_PVL
	VALUES ("be824b2e-0e34-497b-9fe1-209fed6c5ca9",
	"00000000-0000-0000-0000-000000000000",
	"00000000-0000-0000-0000-000000000000",
	"00000000-0000-0000-0000-000000000000",
	"f9b7191e-c871-410b-a95e-320c345ff717");
INSERT INTO V_VAR
	VALUES ("c01374a8-8722-4324-af34-5c592a6fa761",
	"8ea91bb4-61d3-4222-9790-cc2c3c3e64f0",
	'setup',
	1,
	"ba5eda7a-def5-0000-0000-000000000008");
INSERT INTO V_INT
	VALUES ("c01374a8-8722-4324-af34-5c592a6fa761",
	0,
	"1a7e6244-76d4-4656-b802-6270c53bb941");
INSERT INTO V_LOC
	VALUES ("6a69bc83-d144-4d0e-af32-64e8a9be9051",
	1,
	12,
	16,
	"c01374a8-8722-4324-af34-5c592a6fa761");
INSERT INTO V_LOC
	VALUES ("0a5f60b4-20f1-4481-8278-4a67c618dc85",
	3,
	74,
	78,
	"c01374a8-8722-4324-af34-5c592a6fa761");
INSERT INTO C_PO
	VALUES ("e4f85bb6-3043-429a-abd9-ee2300a56812",
	"0968771f-8553-4274-be70-86a03e4e6267",
	'Port2',
	0,
	0);
INSERT INTO C_IR
	VALUES ("76f56aa8-4b72-455e-9cb5-fde86fd2a663",
	"d3b89130-5e09-458f-8658-ed03578dbab3",
	"00000000-0000-0000-0000-000000000000",
	"e4f85bb6-3043-429a-abd9-ee2300a56812");
INSERT INTO C_R
	VALUES ("76f56aa8-4b72-455e-9cb5-fde86fd2a663",
	'CustomerInterface',
	'',
	'Unnamed Interface',
	'UserComponent::Port2::CustomerInterface');
INSERT INTO SPR_REP
	VALUES ("86e438a6-c8b8-4441-85d1-42be6446724a",
	"5a79bc11-70d7-456a-8187-45d268168aef",
	"76f56aa8-4b72-455e-9cb5-fde86fd2a663");
INSERT INTO SPR_RS
	VALUES ("86e438a6-c8b8-4441-85d1-42be6446724a",
	'confirmSignal',
	'',
	'',
	1);
INSERT INTO ACT_RSB
	VALUES ("ca1d58f7-56f4-46e4-8726-4eb2ea1f8737",
	"86e438a6-c8b8-4441-85d1-42be6446724a");
INSERT INTO ACT_ACT
	VALUES ("ca1d58f7-56f4-46e4-8726-4eb2ea1f8737",
	'signal',
	0,
	"e2ba49e8-5ef0-4e44-aa88-8a196bf58c41",
	"00000000-0000-0000-0000-000000000000",
	0,
	'Port2::CustomerInterface::confirmSignal',
	"00000000-0000-0000-0000-000000000000");
INSERT INTO ACT_BLK
	VALUES ("e2ba49e8-5ef0-4e44-aa88-8a196bf58c41",
	0,
	0,
	0,
	'',
	'',
	'',
	0,
	0,
	0,
	0,
	0,
	0,
	0,
	0,
	0,
	0,
	0,
	0,
	0,
	"ca1d58f7-56f4-46e4-8726-4eb2ea1f8737",
	"00000000-0000-0000-0000-000000000000");
INSERT INTO SPR_REP
	VALUES ("f25fe22e-4b26-417b-8f3d-fc99f1b1135a",
	"b6421df2-c058-463a-8282-eefa32587ce7",
	"76f56aa8-4b72-455e-9cb5-fde86fd2a663");
INSERT INTO SPR_RS
	VALUES ("f25fe22e-4b26-417b-8f3d-fc99f1b1135a",
	'endOfList',
	'',
	'
select any st from instances of SIMPLETEST
	where selected.sessionID==param.sessionID;
	
generate SIMPLETEST5:endOfListEvent() to st;',
	1);
INSERT INTO ACT_RSB
	VALUES ("d6c22dc4-158c-4382-bf19-0158fffa0b03",
	"f25fe22e-4b26-417b-8f3d-fc99f1b1135a");
INSERT INTO ACT_ACT
	VALUES ("d6c22dc4-158c-4382-bf19-0158fffa0b03",
	'signal',
	0,
	"f38c2d80-95c7-48c3-b4b9-e0cc74c44a01",
	"00000000-0000-0000-0000-000000000000",
	0,
	'Port2::CustomerInterface::endOfList',
	"00000000-0000-0000-0000-000000000000");
INSERT INTO ACT_BLK
	VALUES ("f38c2d80-95c7-48c3-b4b9-e0cc74c44a01",
	1,
	0,
	1,
	'V_VAR.Var_ID',
	'',
	'',
	5,
	1,
	2,
	33,
	0,
	0,
	0,
	0,
	0,
	0,
	0,
	0,
	0,
	"d6c22dc4-158c-4382-bf19-0158fffa0b03",
	"00000000-0000-0000-0000-000000000000");
INSERT INTO ACT_SMT
	VALUES ("ab89d551-552f-44b7-bc56-31dce2d02fee",
	"f38c2d80-95c7-48c3-b4b9-e0cc74c44a01",
	"b0531059-d40a-45fb-bda3-250acf9a104d",
	2,
	1,
	'Port2::CustomerInterface::endOfList line: 2');
INSERT INTO ACT_FIW
	VALUES ("ab89d551-552f-44b7-bc56-31dce2d02fee",
	"1749ca42-d3af-40c5-957c-269d9b57249b",
	1,
	'any',
	"3e1ffe4f-7079-41e4-ae0a-c5bb2d643f47",
	"6daee5e1-aefd-49c8-b18d-234fb0eb1928",
	2,
	33);
INSERT INTO ACT_SMT
	VALUES ("b0531059-d40a-45fb-bda3-250acf9a104d",
	"f38c2d80-95c7-48c3-b4b9-e0cc74c44a01",
	"00000000-0000-0000-0000-000000000000",
	5,
	1,
	'Port2::CustomerInterface::endOfList line: 5');
INSERT INTO E_ESS
	VALUES ("b0531059-d40a-45fb-bda3-250acf9a104d",
	1,
	0,
	5,
	10,
	5,
	22,
	2,
	33,
	0,
	0,
	0,
	0);
INSERT INTO E_GES
	VALUES ("b0531059-d40a-45fb-bda3-250acf9a104d");
INSERT INTO E_GSME
	VALUES ("b0531059-d40a-45fb-bda3-250acf9a104d",
	"a8d07c15-c55f-45d9-899b-3d15c92b3882");
INSERT INTO E_GEN
	VALUES ("b0531059-d40a-45fb-bda3-250acf9a104d",
	"1749ca42-d3af-40c5-957c-269d9b57249b");
INSERT INTO V_VAL
	VALUES ("d26f54df-da61-4f29-9763-3467354f4915",
	0,
	0,
	3,
	8,
	-1,
	0,
	0,
	0,
	0,
	"ba5eda7a-def5-0000-0000-000000000008",
	"f38c2d80-95c7-48c3-b4b9-e0cc74c44a01");
INSERT INTO V_SLR
	VALUES ("d26f54df-da61-4f29-9763-3467354f4915",
	"00000000-0000-0000-0000-000000000000",
	"00000000-0000-0000-0000-000000000000",
	"00000000-0000-0000-0000-000000000000");
INSERT INTO V_VAL
	VALUES ("e36a4952-a94d-436e-b35a-3b2488f65708",
	0,
	0,
	3,
	17,
	25,
	0,
	0,
	0,
	0,
	"ba5eda7a-def5-0000-0000-000000000005",
	"f38c2d80-95c7-48c3-b4b9-e0cc74c44a01");
INSERT INTO V_AVL
	VALUES ("e36a4952-a94d-436e-b35a-3b2488f65708",
	"d26f54df-da61-4f29-9763-3467354f4915",
	"6daee5e1-aefd-49c8-b18d-234fb0eb1928",
	"10645a6f-534c-4e7d-84b2-77d94f3125c4");
INSERT INTO V_VAL
	VALUES ("3e1ffe4f-7079-41e4-ae0a-c5bb2d643f47",
	0,
	0,
	-1,
	-1,
	-1,
	0,
	0,
	0,
	0,
	"ba5eda7a-def5-0000-0000-000000000001",
	"f38c2d80-95c7-48c3-b4b9-e0cc74c44a01");
INSERT INTO V_BIN
	VALUES ("3e1ffe4f-7079-41e4-ae0a-c5bb2d643f47",
	"d43c6189-8078-4a64-8756-0658b388c1aa",
	"e36a4952-a94d-436e-b35a-3b2488f65708",
	'==');
INSERT INTO V_VAL
	VALUES ("d43c6189-8078-4a64-8756-0658b388c1aa",
	0,
	0,
	3,
	34,
	42,
	0,
	0,
	0,
	0,
	"ba5eda7a-def5-0000-0000-000000000005",
	"f38c2d80-95c7-48c3-b4b9-e0cc74c44a01");
INSERT INTO V_PVL
	VALUES ("d43c6189-8078-4a64-8756-0658b388c1aa",
	"00000000-0000-0000-0000-000000000000",
	"00000000-0000-0000-0000-000000000000",
	"00000000-0000-0000-0000-000000000000",
	"314080d8-a4bd-4f50-aa4b-c7da00e7a5bc");
INSERT INTO V_VAR
	VALUES ("1749ca42-d3af-40c5-957c-269d9b57249b",
	"f38c2d80-95c7-48c3-b4b9-e0cc74c44a01",
	'st',
	1,
	"9db8c033-ff94-41f2-bd5c-36e5cdae0e4b");
INSERT INTO V_INT
	VALUES ("1749ca42-d3af-40c5-957c-269d9b57249b",
	0,
	"6daee5e1-aefd-49c8-b18d-234fb0eb1928");
INSERT INTO V_LOC
	VALUES ("d7394e2c-7676-46c4-b840-52119e4fe0cc",
	2,
	12,
	13,
	"1749ca42-d3af-40c5-957c-269d9b57249b");
INSERT INTO V_LOC
	VALUES ("b976bc97-fee3-45a2-b3a0-d17e059a2f87",
	5,
	42,
	43,
	"1749ca42-d3af-40c5-957c-269d9b57249b");
INSERT INTO SPR_REP
	VALUES ("f30c2881-8a51-4b19-bb97-f0eda8311ba9",
	"da9dc9a3-9bf8-4e9e-8d76-0469a00019ef",
	"76f56aa8-4b72-455e-9cb5-fde86fd2a663");
INSERT INTO SPR_RS
	VALUES ("f30c2881-8a51-4b19-bb97-f0eda8311ba9",
	'checkInGuest',
	'',
	'',
	1);
INSERT INTO ACT_RSB
	VALUES ("6b697023-3ddf-4c4d-8d2d-a7da4858cdf5",
	"f30c2881-8a51-4b19-bb97-f0eda8311ba9");
INSERT INTO ACT_ACT
	VALUES ("6b697023-3ddf-4c4d-8d2d-a7da4858cdf5",
	'signal',
	0,
	"a156da8f-0637-4efa-ae2e-8b795a7e7c36",
	"00000000-0000-0000-0000-000000000000",
	0,
	'Port2::CustomerInterface::checkInGuest',
	"00000000-0000-0000-0000-000000000000");
INSERT INTO ACT_BLK
	VALUES ("a156da8f-0637-4efa-ae2e-8b795a7e7c36",
	0,
	0,
	0,
	'',
	'',
	'',
	0,
	0,
	0,
	0,
	0,
	0,
	0,
	0,
	0,
	0,
	0,
	0,
	0,
	"6b697023-3ddf-4c4d-8d2d-a7da4858cdf5",
	"00000000-0000-0000-0000-000000000000");
INSERT INTO SPR_REP
	VALUES ("8c254f78-9738-4981-b276-cb82fcc5f912",
	"895459b4-8cad-487c-ac02-41f7392c1417",
	"76f56aa8-4b72-455e-9cb5-fde86fd2a663");
INSERT INTO SPR_RS
	VALUES ("8c254f78-9738-4981-b276-cb82fcc5f912",
	'checkOutGuest',
	'',
	'',
	1);
INSERT INTO ACT_RSB
	VALUES ("27ae1a38-03cc-4c9c-a97f-5530c9520848",
	"8c254f78-9738-4981-b276-cb82fcc5f912");
INSERT INTO ACT_ACT
	VALUES ("27ae1a38-03cc-4c9c-a97f-5530c9520848",
	'signal',
	0,
	"c2df21ca-f92c-4978-b734-2c63280d3247",
	"00000000-0000-0000-0000-000000000000",
	0,
	'Port2::CustomerInterface::checkOutGuest',
	"00000000-0000-0000-0000-000000000000");
INSERT INTO ACT_BLK
	VALUES ("c2df21ca-f92c-4978-b734-2c63280d3247",
	0,
	0,
	0,
	'',
	'',
	'',
	0,
	0,
	0,
	0,
	0,
	0,
	0,
	0,
	0,
	0,
	0,
	0,
	0,
	"27ae1a38-03cc-4c9c-a97f-5530c9520848",
	"00000000-0000-0000-0000-000000000000");
INSERT INTO SPR_REP
	VALUES ("a20e0278-2b71-4814-9b04-548e5dd1e2f6",
	"b0219670-df70-4ff6-984b-04f391308d00",
	"76f56aa8-4b72-455e-9cb5-fde86fd2a663");
INSERT INTO SPR_RS
	VALUES ("a20e0278-2b71-4814-9b04-548e5dd1e2f6",
	'checkInReturn',
	'',
	'//TODO not any
select any t from instances of CHECKINTEST where selected.bookingNumber == param.bookingNumber;

if(not param.success)
	LOG::LogInfo(message: "UC checkInReturn singal: failure, "+param.message);
end if;

generate CHECKINTEST3:checkInReturnEvent(success: param.success) to t;',
	1);
INSERT INTO ACT_RSB
	VALUES ("b7772019-bdcc-4100-a742-d11a098109e3",
	"a20e0278-2b71-4814-9b04-548e5dd1e2f6");
INSERT INTO ACT_ACT
	VALUES ("b7772019-bdcc-4100-a742-d11a098109e3",
	'signal',
	0,
	"4d6b6470-ab90-4a89-955b-c120a71fcf1f",
	"00000000-0000-0000-0000-000000000000",
	0,
	'Port2::CustomerInterface::checkInReturn',
	"00000000-0000-0000-0000-000000000000");
INSERT INTO ACT_BLK
	VALUES ("4d6b6470-ab90-4a89-955b-c120a71fcf1f",
	1,
	0,
	1,
	'V_VAR.Var_ID',
	'success',
	'success',
	8,
	1,
	2,
	32,
	0,
	0,
	0,
	0,
	0,
	0,
	0,
	0,
	0,
	"b7772019-bdcc-4100-a742-d11a098109e3",
	"00000000-0000-0000-0000-000000000000");
INSERT INTO ACT_SMT
	VALUES ("c87d5f31-145d-4122-ae7f-aca715228a70",
	"4d6b6470-ab90-4a89-955b-c120a71fcf1f",
	"0da12baa-990f-4d46-bfb2-2018af07b1ab",
	2,
	1,
	'Port2::CustomerInterface::checkInReturn line: 2');
INSERT INTO ACT_FIW
	VALUES ("c87d5f31-145d-4122-ae7f-aca715228a70",
	"a3c9cde1-f174-4c52-aad2-31a1c1ef3d09",
	1,
	'any',
	"c3a4d66f-517b-4fcc-a678-de8d411ee45f",
	"168d7ccc-518f-47eb-b748-33ae3e10fea1",
	2,
	32);
INSERT INTO ACT_SMT
	VALUES ("0da12baa-990f-4d46-bfb2-2018af07b1ab",
	"4d6b6470-ab90-4a89-955b-c120a71fcf1f",
	"9b2776d7-899b-45ed-9171-89d7f3dbab0a",
	4,
	1,
	'Port2::CustomerInterface::checkInReturn line: 4');
INSERT INTO ACT_IF
	VALUES ("0da12baa-990f-4d46-bfb2-2018af07b1ab",
	"7d327dea-1a53-42b0-b7c7-1645cf4447c1",
	"d859d01d-bccb-4b75-bba1-8c1bb450cdf7",
	"00000000-0000-0000-0000-000000000000",
	"00000000-0000-0000-0000-000000000000");
INSERT INTO ACT_SMT
	VALUES ("9b2776d7-899b-45ed-9171-89d7f3dbab0a",
	"4d6b6470-ab90-4a89-955b-c120a71fcf1f",
	"00000000-0000-0000-0000-000000000000",
	8,
	1,
	'Port2::CustomerInterface::checkInReturn line: 8');
INSERT INTO E_ESS
	VALUES ("9b2776d7-899b-45ed-9171-89d7f3dbab0a",
	1,
	0,
	8,
	10,
	8,
	23,
	2,
	32,
	8,
	42,
	0,
	0);
INSERT INTO V_PAR
	VALUES ("4d2e8bae-5364-4faa-b8e5-3416b9e6c69f",
	"9b2776d7-899b-45ed-9171-89d7f3dbab0a",
	"00000000-0000-0000-0000-000000000000",
	'success',
	"00000000-0000-0000-0000-000000000000",
	8,
	42);
INSERT INTO E_GES
	VALUES ("9b2776d7-899b-45ed-9171-89d7f3dbab0a");
INSERT INTO E_GSME
	VALUES ("9b2776d7-899b-45ed-9171-89d7f3dbab0a",
	"1e137fa3-e8d3-4b29-91fd-68571509b34f");
INSERT INTO E_GEN
	VALUES ("9b2776d7-899b-45ed-9171-89d7f3dbab0a",
	"a3c9cde1-f174-4c52-aad2-31a1c1ef3d09");
INSERT INTO V_VAL
	VALUES ("36b7832c-03d9-4c70-9e36-cfb2bf131b59",
	0,
	0,
	2,
	50,
	-1,
	0,
	0,
	0,
	0,
	"ba5eda7a-def5-0000-0000-000000000008",
	"4d6b6470-ab90-4a89-955b-c120a71fcf1f");
INSERT INTO V_SLR
	VALUES ("36b7832c-03d9-4c70-9e36-cfb2bf131b59",
	"00000000-0000-0000-0000-000000000000",
	"00000000-0000-0000-0000-000000000000",
	"00000000-0000-0000-0000-000000000000");
INSERT INTO V_VAL
	VALUES ("a86ecdad-87d7-4118-894b-9f700c2068aa",
	0,
	0,
	2,
	59,
	71,
	0,
	0,
	0,
	0,
	"ba5eda7a-def5-0000-0000-000000000005",
	"4d6b6470-ab90-4a89-955b-c120a71fcf1f");
INSERT INTO V_AVL
	VALUES ("a86ecdad-87d7-4118-894b-9f700c2068aa",
	"36b7832c-03d9-4c70-9e36-cfb2bf131b59",
	"168d7ccc-518f-47eb-b748-33ae3e10fea1",
	"0d59ee65-f2db-4e24-9c1b-b36c8f4b9238");
INSERT INTO V_VAL
	VALUES ("c3a4d66f-517b-4fcc-a678-de8d411ee45f",
	0,
	0,
	-1,
	-1,
	-1,
	0,
	0,
	0,
	0,
	"ba5eda7a-def5-0000-0000-000000000001",
	"4d6b6470-ab90-4a89-955b-c120a71fcf1f");
INSERT INTO V_BIN
	VALUES ("c3a4d66f-517b-4fcc-a678-de8d411ee45f",
	"11c41a0b-8409-4561-b4e5-f0ea3ddbafd9",
	"a86ecdad-87d7-4118-894b-9f700c2068aa",
	'==');
INSERT INTO V_VAL
	VALUES ("11c41a0b-8409-4561-b4e5-f0ea3ddbafd9",
	0,
	0,
	2,
	82,
	94,
	0,
	0,
	0,
	0,
	"ba5eda7a-def5-0000-0000-000000000005",
	"4d6b6470-ab90-4a89-955b-c120a71fcf1f");
INSERT INTO V_PVL
	VALUES ("11c41a0b-8409-4561-b4e5-f0ea3ddbafd9",
	"00000000-0000-0000-0000-000000000000",
	"00000000-0000-0000-0000-000000000000",
	"00000000-0000-0000-0000-000000000000",
	"b15a444c-ef6e-480d-8661-659427d36335");
INSERT INTO V_VAL
	VALUES ("588690fd-90b7-4691-9adb-4ff6a802affc",
	0,
	0,
	4,
	14,
	20,
	0,
	0,
	0,
	0,
	"ba5eda7a-def5-0000-0000-000000000001",
	"4d6b6470-ab90-4a89-955b-c120a71fcf1f");
INSERT INTO V_PVL
	VALUES ("588690fd-90b7-4691-9adb-4ff6a802affc",
	"00000000-0000-0000-0000-000000000000",
	"00000000-0000-0000-0000-000000000000",
	"00000000-0000-0000-0000-000000000000",
	"bef0a46b-55c0-43c3-8c23-a3d7786777c7");
INSERT INTO V_VAL
	VALUES ("d859d01d-bccb-4b75-bba1-8c1bb450cdf7",
	0,
	0,
	-1,
	-1,
	-1,
	0,
	0,
	0,
	0,
	"ba5eda7a-def5-0000-0000-000000000001",
	"4d6b6470-ab90-4a89-955b-c120a71fcf1f");
INSERT INTO V_UNY
	VALUES ("d859d01d-bccb-4b75-bba1-8c1bb450cdf7",
	"588690fd-90b7-4691-9adb-4ff6a802affc",
	'not');
INSERT INTO V_VAL
	VALUES ("4d2e8bae-5364-4faa-b8e5-3416b9e6c69f",
	0,
	0,
	8,
	57,
	63,
	0,
	0,
	0,
	0,
	"ba5eda7a-def5-0000-0000-000000000001",
	"4d6b6470-ab90-4a89-955b-c120a71fcf1f");
INSERT INTO V_PVL
	VALUES ("4d2e8bae-5364-4faa-b8e5-3416b9e6c69f",
	"00000000-0000-0000-0000-000000000000",
	"00000000-0000-0000-0000-000000000000",
	"00000000-0000-0000-0000-000000000000",
	"bef0a46b-55c0-43c3-8c23-a3d7786777c7");
INSERT INTO V_VAR
	VALUES ("a3c9cde1-f174-4c52-aad2-31a1c1ef3d09",
	"4d6b6470-ab90-4a89-955b-c120a71fcf1f",
	't',
	1,
	"ba5eda7a-def5-0000-0000-000000000008");
INSERT INTO V_INT
	VALUES ("a3c9cde1-f174-4c52-aad2-31a1c1ef3d09",
	0,
	"168d7ccc-518f-47eb-b748-33ae3e10fea1");
INSERT INTO V_LOC
	VALUES ("0b7f9539-8485-4ac5-b2c3-ac67e2e4940c",
	2,
	12,
	12,
	"a3c9cde1-f174-4c52-aad2-31a1c1ef3d09");
INSERT INTO V_LOC
	VALUES ("dd20d110-999b-4407-b823-38c6a7626e23",
	8,
	69,
	69,
	"a3c9cde1-f174-4c52-aad2-31a1c1ef3d09");
INSERT INTO ACT_BLK
	VALUES ("7d327dea-1a53-42b0-b7c7-1645cf4447c1",
	0,
	0,
	0,
	'LOG',
	'',
	'',
	5,
	2,
	5,
	2,
	0,
	0,
	0,
	0,
	0,
	0,
	0,
	0,
	0,
	"b7772019-bdcc-4100-a742-d11a098109e3",
	"00000000-0000-0000-0000-000000000000");
INSERT INTO ACT_SMT
	VALUES ("1c5c8f0a-df6a-436a-971f-06e0e3c7aba4",
	"7d327dea-1a53-42b0-b7c7-1645cf4447c1",
	"00000000-0000-0000-0000-000000000000",
	5,
	2,
	'Port2::CustomerInterface::checkInReturn line: 5');
INSERT INTO ACT_BRG
	VALUES ("1c5c8f0a-df6a-436a-971f-06e0e3c7aba4",
	"768e1cca-7403-495c-9b22-afd11a473eb6",
	5,
	7,
	5,
	2);
INSERT INTO V_VAL
	VALUES ("1a1ef9b3-6c10-4927-83ec-1dc4f274179b",
	0,
	0,
	5,
	24,
	58,
	0,
	0,
	0,
	0,
	"ba5eda7a-def5-0000-0000-000000000004",
	"7d327dea-1a53-42b0-b7c7-1645cf4447c1");
INSERT INTO V_LST
	VALUES ("1a1ef9b3-6c10-4927-83ec-1dc4f274179b",
	'UC checkInReturn singal: failure, ');
INSERT INTO V_VAL
	VALUES ("75d83963-f314-47a5-aa2d-90a9323793cb",
	0,
	0,
	-1,
	-1,
	-1,
	0,
	0,
	0,
	0,
	"ba5eda7a-def5-0000-0000-000000000004",
	"7d327dea-1a53-42b0-b7c7-1645cf4447c1");
INSERT INTO V_BIN
	VALUES ("75d83963-f314-47a5-aa2d-90a9323793cb",
	"9329029d-7ec5-4a27-aac2-1b793c77b9ec",
	"1a1ef9b3-6c10-4927-83ec-1dc4f274179b",
	'+');
INSERT INTO V_PAR
	VALUES ("75d83963-f314-47a5-aa2d-90a9323793cb",
	"1c5c8f0a-df6a-436a-971f-06e0e3c7aba4",
	"00000000-0000-0000-0000-000000000000",
	'message',
	"00000000-0000-0000-0000-000000000000",
	5,
	15);
INSERT INTO V_VAL
	VALUES ("9329029d-7ec5-4a27-aac2-1b793c77b9ec",
	0,
	0,
	5,
	67,
	73,
	0,
	0,
	0,
	0,
	"ba5eda7a-def5-0000-0000-000000000004",
	"7d327dea-1a53-42b0-b7c7-1645cf4447c1");
INSERT INTO V_PVL
	VALUES ("9329029d-7ec5-4a27-aac2-1b793c77b9ec",
	"00000000-0000-0000-0000-000000000000",
	"00000000-0000-0000-0000-000000000000",
	"00000000-0000-0000-0000-000000000000",
	"15de035f-2dd5-4d8a-8c45-816e8b6b36c8");
INSERT INTO SPR_REP
	VALUES ("177c5d46-e467-4c97-8502-e9490287e6fd",
	"cb5b5b24-04f0-4601-b19b-0cf189cea793",
	"76f56aa8-4b72-455e-9cb5-fde86fd2a663");
INSERT INTO SPR_RS
	VALUES ("177c5d46-e467-4c97-8502-e9490287e6fd",
	'checkOutReturn',
	'',
	'
select any ct from instances of CHECKOUTTEST where selected.bookingNumber==param.bookingNumber;

if(not param.success)
	LOG::LogInfo(message: "UC checkOutReturn signal: failure, "+param.message);
end if;

generate CHECKOUTTEST2:checkOutReturnEvent(success: param.success) to ct;',
	1);
INSERT INTO ACT_RSB
	VALUES ("33391474-f3cf-4bd3-b93d-f49df7b60403",
	"177c5d46-e467-4c97-8502-e9490287e6fd");
INSERT INTO ACT_ACT
	VALUES ("33391474-f3cf-4bd3-b93d-f49df7b60403",
	'signal',
	0,
	"d5ec4d7a-ddc8-4a3c-b26d-3ac7fec68f84",
	"00000000-0000-0000-0000-000000000000",
	0,
	'Port2::CustomerInterface::checkOutReturn',
	"00000000-0000-0000-0000-000000000000");
INSERT INTO ACT_BLK
	VALUES ("d5ec4d7a-ddc8-4a3c-b26d-3ac7fec68f84",
	1,
	0,
	1,
	'V_VAR.Var_ID',
	'success',
	'success',
	8,
	1,
	2,
	33,
	0,
	0,
	0,
	0,
	0,
	0,
	0,
	0,
	0,
	"33391474-f3cf-4bd3-b93d-f49df7b60403",
	"00000000-0000-0000-0000-000000000000");
INSERT INTO ACT_SMT
	VALUES ("63109b4c-fb0d-4cce-b8ad-834a98ac7b18",
	"d5ec4d7a-ddc8-4a3c-b26d-3ac7fec68f84",
	"0872cc34-e4cf-43f8-8db0-d2e9e1db2eca",
	2,
	1,
	'Port2::CustomerInterface::checkOutReturn line: 2');
INSERT INTO ACT_FIW
	VALUES ("63109b4c-fb0d-4cce-b8ad-834a98ac7b18",
	"4baa6b30-781f-4b81-a081-7866149ea891",
	1,
	'any',
	"c8857e79-9cbb-46b0-bfff-6f94d13e9ad4",
	"14a3c035-bb40-4274-ad9f-044e28028219",
	2,
	33);
INSERT INTO ACT_SMT
	VALUES ("0872cc34-e4cf-43f8-8db0-d2e9e1db2eca",
	"d5ec4d7a-ddc8-4a3c-b26d-3ac7fec68f84",
	"d7c0f88c-80f5-43a2-aef2-d04c8c2d01f8",
	4,
	1,
	'Port2::CustomerInterface::checkOutReturn line: 4');
INSERT INTO ACT_IF
	VALUES ("0872cc34-e4cf-43f8-8db0-d2e9e1db2eca",
	"4a32e256-a91d-450f-826c-82841644b6c1",
	"958c20b4-8782-4684-85f4-2fa207dafd87",
	"00000000-0000-0000-0000-000000000000",
	"00000000-0000-0000-0000-000000000000");
INSERT INTO ACT_SMT
	VALUES ("d7c0f88c-80f5-43a2-aef2-d04c8c2d01f8",
	"d5ec4d7a-ddc8-4a3c-b26d-3ac7fec68f84",
	"00000000-0000-0000-0000-000000000000",
	8,
	1,
	'Port2::CustomerInterface::checkOutReturn line: 8');
INSERT INTO E_ESS
	VALUES ("d7c0f88c-80f5-43a2-aef2-d04c8c2d01f8",
	1,
	0,
	8,
	10,
	8,
	24,
	2,
	33,
	8,
	44,
	0,
	0);
INSERT INTO V_PAR
	VALUES ("da8b5fef-95f0-48f0-b682-e1506318a1e3",
	"d7c0f88c-80f5-43a2-aef2-d04c8c2d01f8",
	"00000000-0000-0000-0000-000000000000",
	'success',
	"00000000-0000-0000-0000-000000000000",
	8,
	44);
INSERT INTO E_GES
	VALUES ("d7c0f88c-80f5-43a2-aef2-d04c8c2d01f8");
INSERT INTO E_GSME
	VALUES ("d7c0f88c-80f5-43a2-aef2-d04c8c2d01f8",
	"85f0d067-d3e6-4271-b0a8-8dc972efb74c");
INSERT INTO E_GEN
	VALUES ("d7c0f88c-80f5-43a2-aef2-d04c8c2d01f8",
	"4baa6b30-781f-4b81-a081-7866149ea891");
INSERT INTO V_VAL
	VALUES ("e24a494a-d72f-406b-97e7-c82a4364bfca",
	0,
	0,
	2,
	52,
	-1,
	0,
	0,
	0,
	0,
	"ba5eda7a-def5-0000-0000-000000000008",
	"d5ec4d7a-ddc8-4a3c-b26d-3ac7fec68f84");
INSERT INTO V_SLR
	VALUES ("e24a494a-d72f-406b-97e7-c82a4364bfca",
	"00000000-0000-0000-0000-000000000000",
	"00000000-0000-0000-0000-000000000000",
	"00000000-0000-0000-0000-000000000000");
INSERT INTO V_VAL
	VALUES ("32f7fe0f-39a6-407b-ae06-294dcd146a5e",
	0,
	0,
	2,
	61,
	73,
	0,
	0,
	0,
	0,
	"ba5eda7a-def5-0000-0000-000000000005",
	"d5ec4d7a-ddc8-4a3c-b26d-3ac7fec68f84");
INSERT INTO V_AVL
	VALUES ("32f7fe0f-39a6-407b-ae06-294dcd146a5e",
	"e24a494a-d72f-406b-97e7-c82a4364bfca",
	"14a3c035-bb40-4274-ad9f-044e28028219",
	"31168037-2e3c-4b27-86ff-e1b447630b28");
INSERT INTO V_VAL
	VALUES ("c8857e79-9cbb-46b0-bfff-6f94d13e9ad4",
	0,
	0,
	-1,
	-1,
	-1,
	0,
	0,
	0,
	0,
	"ba5eda7a-def5-0000-0000-000000000001",
	"d5ec4d7a-ddc8-4a3c-b26d-3ac7fec68f84");
INSERT INTO V_BIN
	VALUES ("c8857e79-9cbb-46b0-bfff-6f94d13e9ad4",
	"17d7d9f2-c82f-4218-a35e-2bf3511c16c9",
	"32f7fe0f-39a6-407b-ae06-294dcd146a5e",
	'==');
INSERT INTO V_VAL
	VALUES ("17d7d9f2-c82f-4218-a35e-2bf3511c16c9",
	0,
	0,
	2,
	82,
	94,
	0,
	0,
	0,
	0,
	"ba5eda7a-def5-0000-0000-000000000005",
	"d5ec4d7a-ddc8-4a3c-b26d-3ac7fec68f84");
INSERT INTO V_PVL
	VALUES ("17d7d9f2-c82f-4218-a35e-2bf3511c16c9",
	"00000000-0000-0000-0000-000000000000",
	"00000000-0000-0000-0000-000000000000",
	"00000000-0000-0000-0000-000000000000",
	"da2c2598-decc-4a40-b7fa-af1086c3027d");
INSERT INTO V_VAL
	VALUES ("d289c2b8-5b8f-40f1-a15a-d1bb85e1c75a",
	0,
	0,
	4,
	14,
	20,
	0,
	0,
	0,
	0,
	"ba5eda7a-def5-0000-0000-000000000001",
	"d5ec4d7a-ddc8-4a3c-b26d-3ac7fec68f84");
INSERT INTO V_PVL
	VALUES ("d289c2b8-5b8f-40f1-a15a-d1bb85e1c75a",
	"00000000-0000-0000-0000-000000000000",
	"00000000-0000-0000-0000-000000000000",
	"00000000-0000-0000-0000-000000000000",
	"98a9d3ad-9f9c-40fa-9d4c-bc36ba5e6503");
INSERT INTO V_VAL
	VALUES ("958c20b4-8782-4684-85f4-2fa207dafd87",
	0,
	0,
	-1,
	-1,
	-1,
	0,
	0,
	0,
	0,
	"ba5eda7a-def5-0000-0000-000000000001",
	"d5ec4d7a-ddc8-4a3c-b26d-3ac7fec68f84");
INSERT INTO V_UNY
	VALUES ("958c20b4-8782-4684-85f4-2fa207dafd87",
	"d289c2b8-5b8f-40f1-a15a-d1bb85e1c75a",
	'not');
INSERT INTO V_VAL
	VALUES ("da8b5fef-95f0-48f0-b682-e1506318a1e3",
	0,
	0,
	8,
	59,
	65,
	0,
	0,
	0,
	0,
	"ba5eda7a-def5-0000-0000-000000000001",
	"d5ec4d7a-ddc8-4a3c-b26d-3ac7fec68f84");
INSERT INTO V_PVL
	VALUES ("da8b5fef-95f0-48f0-b682-e1506318a1e3",
	"00000000-0000-0000-0000-000000000000",
	"00000000-0000-0000-0000-000000000000",
	"00000000-0000-0000-0000-000000000000",
	"98a9d3ad-9f9c-40fa-9d4c-bc36ba5e6503");
INSERT INTO V_VAR
	VALUES ("4baa6b30-781f-4b81-a081-7866149ea891",
	"d5ec4d7a-ddc8-4a3c-b26d-3ac7fec68f84",
	'ct',
	1,
	"ba5eda7a-def5-0000-0000-000000000008");
INSERT INTO V_INT
	VALUES ("4baa6b30-781f-4b81-a081-7866149ea891",
	0,
	"14a3c035-bb40-4274-ad9f-044e28028219");
INSERT INTO V_LOC
	VALUES ("b95b7747-a12e-40a7-acf7-61699b7e825a",
	2,
	12,
	13,
	"4baa6b30-781f-4b81-a081-7866149ea891");
INSERT INTO V_LOC
	VALUES ("653cc72c-6c72-474e-9645-2fb3db2f6c67",
	8,
	71,
	72,
	"4baa6b30-781f-4b81-a081-7866149ea891");
INSERT INTO ACT_BLK
	VALUES ("4a32e256-a91d-450f-826c-82841644b6c1",
	0,
	0,
	0,
	'LOG',
	'',
	'',
	5,
	2,
	5,
	2,
	0,
	0,
	0,
	0,
	0,
	0,
	0,
	0,
	0,
	"33391474-f3cf-4bd3-b93d-f49df7b60403",
	"00000000-0000-0000-0000-000000000000");
INSERT INTO ACT_SMT
	VALUES ("2d04bc25-61a8-4b7a-92a0-ae38061dff61",
	"4a32e256-a91d-450f-826c-82841644b6c1",
	"00000000-0000-0000-0000-000000000000",
	5,
	2,
	'Port2::CustomerInterface::checkOutReturn line: 5');
INSERT INTO ACT_BRG
	VALUES ("2d04bc25-61a8-4b7a-92a0-ae38061dff61",
	"768e1cca-7403-495c-9b22-afd11a473eb6",
	5,
	7,
	5,
	2);
INSERT INTO V_VAL
	VALUES ("09de684e-711b-4c12-8a8c-79abc7f4a8a2",
	0,
	0,
	5,
	24,
	59,
	0,
	0,
	0,
	0,
	"ba5eda7a-def5-0000-0000-000000000004",
	"4a32e256-a91d-450f-826c-82841644b6c1");
INSERT INTO V_LST
	VALUES ("09de684e-711b-4c12-8a8c-79abc7f4a8a2",
	'UC checkOutReturn signal: failure, ');
INSERT INTO V_VAL
	VALUES ("54c09c17-ad48-4dec-8be2-1f6d00e10332",
	0,
	0,
	-1,
	-1,
	-1,
	0,
	0,
	0,
	0,
	"ba5eda7a-def5-0000-0000-000000000004",
	"4a32e256-a91d-450f-826c-82841644b6c1");
INSERT INTO V_BIN
	VALUES ("54c09c17-ad48-4dec-8be2-1f6d00e10332",
	"8182f647-c5e2-441f-876a-a65489a91d88",
	"09de684e-711b-4c12-8a8c-79abc7f4a8a2",
	'+');
INSERT INTO V_PAR
	VALUES ("54c09c17-ad48-4dec-8be2-1f6d00e10332",
	"2d04bc25-61a8-4b7a-92a0-ae38061dff61",
	"00000000-0000-0000-0000-000000000000",
	'message',
	"00000000-0000-0000-0000-000000000000",
	5,
	15);
INSERT INTO V_VAL
	VALUES ("8182f647-c5e2-441f-876a-a65489a91d88",
	0,
	0,
	5,
	68,
	74,
	0,
	0,
	0,
	0,
	"ba5eda7a-def5-0000-0000-000000000004",
	"4a32e256-a91d-450f-826c-82841644b6c1");
INSERT INTO V_PVL
	VALUES ("8182f647-c5e2-441f-876a-a65489a91d88",
	"00000000-0000-0000-0000-000000000000",
	"00000000-0000-0000-0000-000000000000",
	"00000000-0000-0000-0000-000000000000",
	"c8e18d2c-0176-4ad6-b936-a14b1bf4a9a6");
INSERT INTO SPR_REP
	VALUES ("02f7c795-15a7-4498-a810-4dd6936fc104",
	"8328ef36-07dc-427a-b0b8-9f12e1b984b7",
	"76f56aa8-4b72-455e-9cb5-fde86fd2a663");
INSERT INTO SPR_RS
	VALUES ("02f7c795-15a7-4498-a810-4dd6936fc104",
	's1',
	'',
	'',
	1);
INSERT INTO ACT_RSB
	VALUES ("b3914c75-f51a-4070-8614-29b06e389bc2",
	"02f7c795-15a7-4498-a810-4dd6936fc104");
INSERT INTO ACT_ACT
	VALUES ("b3914c75-f51a-4070-8614-29b06e389bc2",
	'signal',
	0,
	"c0f2c7eb-12e3-43f5-bce9-e17252293444",
	"00000000-0000-0000-0000-000000000000",
	0,
	'Port2::CustomerInterface::s1',
	"00000000-0000-0000-0000-000000000000");
INSERT INTO ACT_BLK
	VALUES ("c0f2c7eb-12e3-43f5-bce9-e17252293444",
	0,
	0,
	0,
	'',
	'',
	'',
	0,
	0,
	0,
	0,
	0,
	0,
	0,
	0,
	0,
	0,
	0,
	0,
	0,
	"b3914c75-f51a-4070-8614-29b06e389bc2",
	"00000000-0000-0000-0000-000000000000");
INSERT INTO SPR_REP
	VALUES ("77385a64-3a09-4fa3-aab7-11a299e77bc9",
	"81dc0de0-c0d1-40f4-b861-04e7a9398949",
	"76f56aa8-4b72-455e-9cb5-fde86fd2a663");
INSERT INTO SPR_RS
	VALUES ("77385a64-3a09-4fa3-aab7-11a299e77bc9",
	's2',
	'',
	'',
	1);
INSERT INTO ACT_RSB
	VALUES ("2addea69-331e-4260-938b-c5539d22159d",
	"77385a64-3a09-4fa3-aab7-11a299e77bc9");
INSERT INTO ACT_ACT
	VALUES ("2addea69-331e-4260-938b-c5539d22159d",
	'signal',
	0,
	"2de9ca9e-35bc-4fdd-b664-6564eacd4df4",
	"00000000-0000-0000-0000-000000000000",
	0,
	'Port2::CustomerInterface::s2',
	"00000000-0000-0000-0000-000000000000");
INSERT INTO ACT_BLK
	VALUES ("2de9ca9e-35bc-4fdd-b664-6564eacd4df4",
	0,
	0,
	0,
	'',
	'',
	'',
	0,
	0,
	0,
	0,
	0,
	0,
	0,
	0,
	0,
	0,
	0,
	0,
	0,
	"2addea69-331e-4260-938b-c5539d22159d",
	"00000000-0000-0000-0000-000000000000");
INSERT INTO SPR_REP
	VALUES ("e94e87a3-f9c9-460d-8999-7bbf9f980bb1",
	"748bf7ad-3d75-40b6-9747-281878d13d6b",
	"76f56aa8-4b72-455e-9cb5-fde86fd2a663");
INSERT INTO SPR_RS
	VALUES ("e94e87a3-f9c9-460d-8999-7bbf9f980bb1",
	's1',
	'',
	'',
	1);
INSERT INTO ACT_RSB
	VALUES ("017b0e0e-48d7-4b99-8560-b1bec6f4fa8f",
	"e94e87a3-f9c9-460d-8999-7bbf9f980bb1");
INSERT INTO ACT_ACT
	VALUES ("017b0e0e-48d7-4b99-8560-b1bec6f4fa8f",
	'signal',
	0,
	"3763d09a-f0b2-4fd2-b5df-d642e620558f",
	"00000000-0000-0000-0000-000000000000",
	0,
	'Port2::CustomerInterface::s1',
	"00000000-0000-0000-0000-000000000000");
INSERT INTO ACT_BLK
	VALUES ("3763d09a-f0b2-4fd2-b5df-d642e620558f",
	0,
	0,
	0,
	'',
	'',
	'',
	0,
	0,
	0,
	0,
	0,
	0,
	0,
	0,
	0,
	0,
	0,
	0,
	0,
	"017b0e0e-48d7-4b99-8560-b1bec6f4fa8f",
	"00000000-0000-0000-0000-000000000000");
INSERT INTO SPR_REP
	VALUES ("a88cf4c6-4461-49bd-ba61-f314eb53e6a9",
	"c446a9a5-de06-4b24-a8cc-957599ee3e34",
	"76f56aa8-4b72-455e-9cb5-fde86fd2a663");
INSERT INTO SPR_RS
	VALUES ("a88cf4c6-4461-49bd-ba61-f314eb53e6a9",
	's2',
	'',
	'',
	1);
INSERT INTO ACT_RSB
	VALUES ("47658163-3bcf-4825-8122-385f5b445bc5",
	"a88cf4c6-4461-49bd-ba61-f314eb53e6a9");
INSERT INTO ACT_ACT
	VALUES ("47658163-3bcf-4825-8122-385f5b445bc5",
	'signal',
	0,
	"0c68ecf7-d2e2-42fc-b0f5-3d9391fdce43",
	"00000000-0000-0000-0000-000000000000",
	0,
	'Port2::CustomerInterface::s2',
	"00000000-0000-0000-0000-000000000000");
INSERT INTO ACT_BLK
	VALUES ("0c68ecf7-d2e2-42fc-b0f5-3d9391fdce43",
	0,
	0,
	0,
	'',
	'',
	'',
	0,
	0,
	0,
	0,
	0,
	0,
	0,
	0,
	0,
	0,
	0,
	0,
	0,
	"47658163-3bcf-4825-8122-385f5b445bc5",
	"00000000-0000-0000-0000-000000000000");
INSERT INTO SPR_REP
	VALUES ("c256c521-3631-4388-a726-ec9c5f953947",
	"fa304608-7681-41c3-ad76-a0f6e8611f35",
	"76f56aa8-4b72-455e-9cb5-fde86fd2a663");
INSERT INTO SPR_RS
	VALUES ("c256c521-3631-4388-a726-ec9c5f953947",
	's1',
	'',
	'',
	1);
INSERT INTO ACT_RSB
	VALUES ("49888350-fc60-47cd-a92e-c5f1010e4057",
	"c256c521-3631-4388-a726-ec9c5f953947");
INSERT INTO ACT_ACT
	VALUES ("49888350-fc60-47cd-a92e-c5f1010e4057",
	'signal',
	0,
	"457824bd-e136-478b-992f-943252ef1bd7",
	"00000000-0000-0000-0000-000000000000",
	0,
	'Port2::CustomerInterface::s1',
	"00000000-0000-0000-0000-000000000000");
INSERT INTO ACT_BLK
	VALUES ("457824bd-e136-478b-992f-943252ef1bd7",
	0,
	0,
	0,
	'',
	'',
	'',
	0,
	0,
	0,
	0,
	0,
	0,
	0,
	0,
	0,
	0,
	0,
	0,
	0,
	"49888350-fc60-47cd-a92e-c5f1010e4057",
	"00000000-0000-0000-0000-000000000000");
INSERT INTO SPR_REP
	VALUES ("02b1a70a-98f8-408c-b510-c1c4200fa4b7",
	"0184b93d-0963-496f-b323-26d0404529d6",
	"76f56aa8-4b72-455e-9cb5-fde86fd2a663");
INSERT INTO SPR_RS
	VALUES ("02b1a70a-98f8-408c-b510-c1c4200fa4b7",
	's2',
	'',
	'',
	1);
INSERT INTO ACT_RSB
	VALUES ("0b41fb49-81f7-43e8-a637-49b60d4b7ace",
	"02b1a70a-98f8-408c-b510-c1c4200fa4b7");
INSERT INTO ACT_ACT
	VALUES ("0b41fb49-81f7-43e8-a637-49b60d4b7ace",
	'signal',
	0,
	"adb3e716-80aa-4625-89cc-a752099c743a",
	"00000000-0000-0000-0000-000000000000",
	0,
	'Port2::CustomerInterface::s2',
	"00000000-0000-0000-0000-000000000000");
INSERT INTO ACT_BLK
	VALUES ("adb3e716-80aa-4625-89cc-a752099c743a",
	0,
	0,
	0,
	'',
	'',
	'',
	0,
	0,
	0,
	0,
	0,
	0,
	0,
	0,
	0,
	0,
	0,
	0,
	0,
	"0b41fb49-81f7-43e8-a637-49b60d4b7ace",
	"00000000-0000-0000-0000-000000000000");
INSERT INTO SPR_REP
	VALUES ("1f954e37-2f05-4454-bc73-e2c94105537e",
	"b6137a20-d83a-4130-90cf-4bbff803d680",
	"76f56aa8-4b72-455e-9cb5-fde86fd2a663");
INSERT INTO SPR_RS
	VALUES ("1f954e37-2f05-4454-bc73-e2c94105537e",
	's1',
	'',
	'',
	1);
INSERT INTO ACT_RSB
	VALUES ("a2cef92b-f7f8-4e7c-8915-9a88536d5ab8",
	"1f954e37-2f05-4454-bc73-e2c94105537e");
INSERT INTO ACT_ACT
	VALUES ("a2cef92b-f7f8-4e7c-8915-9a88536d5ab8",
	'signal',
	0,
	"404f4952-e7ee-4b91-95b1-d4aced2b296b",
	"00000000-0000-0000-0000-000000000000",
	0,
	'Port2::CustomerInterface::s1',
	"00000000-0000-0000-0000-000000000000");
INSERT INTO ACT_BLK
	VALUES ("404f4952-e7ee-4b91-95b1-d4aced2b296b",
	0,
	0,
	0,
	'',
	'',
	'',
	0,
	0,
	0,
	0,
	0,
	0,
	0,
	0,
	0,
	0,
	0,
	0,
	0,
	"a2cef92b-f7f8-4e7c-8915-9a88536d5ab8",
	"00000000-0000-0000-0000-000000000000");
INSERT INTO SPR_REP
	VALUES ("730e21e9-8711-40b9-8e2c-b18fdb472649",
	"4955e92a-9d9e-450c-aa80-bb592becd350",
	"76f56aa8-4b72-455e-9cb5-fde86fd2a663");
INSERT INTO SPR_RS
	VALUES ("730e21e9-8711-40b9-8e2c-b18fdb472649",
	's2',
	'',
	'',
	1);
INSERT INTO ACT_RSB
	VALUES ("375ac654-c7af-4ec0-b7b6-acdf03fc6206",
	"730e21e9-8711-40b9-8e2c-b18fdb472649");
INSERT INTO ACT_ACT
	VALUES ("375ac654-c7af-4ec0-b7b6-acdf03fc6206",
	'signal',
	0,
	"48b5415e-d979-47cf-9405-cf53acc0b2ea",
	"00000000-0000-0000-0000-000000000000",
	0,
	'Port2::CustomerInterface::s2',
	"00000000-0000-0000-0000-000000000000");
INSERT INTO ACT_BLK
	VALUES ("48b5415e-d979-47cf-9405-cf53acc0b2ea",
	0,
	0,
	0,
	'',
	'',
	'',
	0,
	0,
	0,
	0,
	0,
	0,
	0,
	0,
	0,
	0,
	0,
	0,
	0,
	"375ac654-c7af-4ec0-b7b6-acdf03fc6206",
	"00000000-0000-0000-0000-000000000000");
INSERT INTO SPR_REP
	VALUES ("f1653ff8-7bff-4e4a-b717-46547b1c4c87",
	"e13258fc-6b0d-44ea-8ef2-7a156ee15593",
	"76f56aa8-4b72-455e-9cb5-fde86fd2a663");
INSERT INTO SPR_RS
	VALUES ("f1653ff8-7bff-4e4a-b717-46547b1c4c87",
	's1',
	'',
	'',
	1);
INSERT INTO ACT_RSB
	VALUES ("28b6dadd-6d97-47f1-9f18-b68ac3229d69",
	"f1653ff8-7bff-4e4a-b717-46547b1c4c87");
INSERT INTO ACT_ACT
	VALUES ("28b6dadd-6d97-47f1-9f18-b68ac3229d69",
	'signal',
	0,
	"de073dd5-1210-4afa-b0ec-d70425d839d2",
	"00000000-0000-0000-0000-000000000000",
	0,
	'Port2::CustomerInterface::s1',
	"00000000-0000-0000-0000-000000000000");
INSERT INTO ACT_BLK
	VALUES ("de073dd5-1210-4afa-b0ec-d70425d839d2",
	0,
	0,
	0,
	'',
	'',
	'',
	0,
	0,
	0,
	0,
	0,
	0,
	0,
	0,
	0,
	0,
	0,
	0,
	0,
	"28b6dadd-6d97-47f1-9f18-b68ac3229d69",
	"00000000-0000-0000-0000-000000000000");
INSERT INTO SPR_REP
	VALUES ("0989ba1a-693d-43a3-b0ff-b3f5d6ebc2df",
	"83944b64-b858-449a-8fc8-e20614b23693",
	"76f56aa8-4b72-455e-9cb5-fde86fd2a663");
INSERT INTO SPR_RS
	VALUES ("0989ba1a-693d-43a3-b0ff-b3f5d6ebc2df",
	's2',
	'',
	'',
	1);
INSERT INTO ACT_RSB
	VALUES ("1a9fbd17-bc18-4ce9-a000-fa30145e7701",
	"0989ba1a-693d-43a3-b0ff-b3f5d6ebc2df");
INSERT INTO ACT_ACT
	VALUES ("1a9fbd17-bc18-4ce9-a000-fa30145e7701",
	'signal',
	0,
	"8f00b257-1c51-4c65-a470-10d8eef7ab63",
	"00000000-0000-0000-0000-000000000000",
	0,
	'Port2::CustomerInterface::s2',
	"00000000-0000-0000-0000-000000000000");
INSERT INTO ACT_BLK
	VALUES ("8f00b257-1c51-4c65-a470-10d8eef7ab63",
	0,
	0,
	0,
	'',
	'',
	'',
	0,
	0,
	0,
	0,
	0,
	0,
	0,
	0,
	0,
	0,
	0,
	0,
	0,
	"1a9fbd17-bc18-4ce9-a000-fa30145e7701",
	"00000000-0000-0000-0000-000000000000");
INSERT INTO SPR_REP
	VALUES ("541b4ee9-311a-4a5c-b609-bf92630475a7",
	"6849e51f-02ea-4e23-9ba2-af67a12531d4",
	"76f56aa8-4b72-455e-9cb5-fde86fd2a663");
INSERT INTO SPR_RO
	VALUES ("541b4ee9-311a-4a5c-b609-bf92630475a7",
	'o1',
	'',
	'',
	1);
INSERT INTO ACT_ROB
	VALUES ("59b9516d-c2e0-4f7f-80fb-5627d775fedc",
	"541b4ee9-311a-4a5c-b609-bf92630475a7");
INSERT INTO ACT_ACT
	VALUES ("59b9516d-c2e0-4f7f-80fb-5627d775fedc",
	'interface operation',
	0,
	"89b6ef30-7718-4f62-b910-01b0232c9475",
	"00000000-0000-0000-0000-000000000000",
	0,
	'Port2::CustomerInterface::o1',
	"00000000-0000-0000-0000-000000000000");
INSERT INTO ACT_BLK
	VALUES ("89b6ef30-7718-4f62-b910-01b0232c9475",
	0,
	0,
	0,
	'',
	'',
	'',
	0,
	0,
	0,
	0,
	0,
	0,
	0,
	0,
	0,
	0,
	0,
	0,
	0,
	"59b9516d-c2e0-4f7f-80fb-5627d775fedc",
	"00000000-0000-0000-0000-000000000000");
INSERT INTO SPR_REP
	VALUES ("f5f52c55-d3bc-4e88-bf0c-838e4c74c3f8",
	"1a8e5c38-7020-4123-ba0e-67897534dc19",
	"76f56aa8-4b72-455e-9cb5-fde86fd2a663");
INSERT INTO SPR_RO
	VALUES ("f5f52c55-d3bc-4e88-bf0c-838e4c74c3f8",
	'o2',
	'',
	'',
	1);
INSERT INTO ACT_ROB
	VALUES ("fa617231-6de9-4235-9c61-3e31f7975eef",
	"f5f52c55-d3bc-4e88-bf0c-838e4c74c3f8");
INSERT INTO ACT_ACT
	VALUES ("fa617231-6de9-4235-9c61-3e31f7975eef",
	'interface operation',
	0,
	"91fb61a0-8efe-46ba-a187-ef5f37cefdaf",
	"00000000-0000-0000-0000-000000000000",
	0,
	'Port2::CustomerInterface::o2',
	"00000000-0000-0000-0000-000000000000");
INSERT INTO ACT_BLK
	VALUES ("91fb61a0-8efe-46ba-a187-ef5f37cefdaf",
	0,
	0,
	0,
	'',
	'',
	'',
	0,
	0,
	0,
	0,
	0,
	0,
	0,
	0,
	0,
	0,
	0,
	0,
	0,
	"fa617231-6de9-4235-9c61-3e31f7975eef",
	"00000000-0000-0000-0000-000000000000");
INSERT INTO SPR_REP
	VALUES ("0033f001-e1be-4db0-b902-4fe57f220104",
	"83e74f67-f572-4d64-bf5f-6e4117a48ac4",
	"76f56aa8-4b72-455e-9cb5-fde86fd2a663");
INSERT INTO SPR_RO
	VALUES ("0033f001-e1be-4db0-b902-4fe57f220104",
	'o1',
	'',
	'',
	1);
INSERT INTO ACT_ROB
	VALUES ("ebdae9ba-f35f-4d63-afc7-7c83e50a5b8c",
	"0033f001-e1be-4db0-b902-4fe57f220104");
INSERT INTO ACT_ACT
	VALUES ("ebdae9ba-f35f-4d63-afc7-7c83e50a5b8c",
	'interface operation',
	0,
	"68e06d79-6bc2-4381-ab8a-dd537e82eeb7",
	"00000000-0000-0000-0000-000000000000",
	0,
	'Port2::CustomerInterface::o1',
	"00000000-0000-0000-0000-000000000000");
INSERT INTO ACT_BLK
	VALUES ("68e06d79-6bc2-4381-ab8a-dd537e82eeb7",
	0,
	0,
	0,
	'',
	'',
	'',
	0,
	0,
	0,
	0,
	0,
	0,
	0,
	0,
	0,
	0,
	0,
	0,
	0,
	"ebdae9ba-f35f-4d63-afc7-7c83e50a5b8c",
	"00000000-0000-0000-0000-000000000000");
INSERT INTO SPR_REP
	VALUES ("5b53c215-3d99-4c03-9597-61a3bd37e456",
	"ab21eaf4-6f87-4d16-adcd-35b43eab657c",
	"76f56aa8-4b72-455e-9cb5-fde86fd2a663");
INSERT INTO SPR_RO
	VALUES ("5b53c215-3d99-4c03-9597-61a3bd37e456",
	'o2',
	'',
	'',
	1);
INSERT INTO ACT_ROB
	VALUES ("21081468-2a4a-44f0-94f8-bd806a4be791",
	"5b53c215-3d99-4c03-9597-61a3bd37e456");
INSERT INTO ACT_ACT
	VALUES ("21081468-2a4a-44f0-94f8-bd806a4be791",
	'interface operation',
	0,
	"11831804-bcc6-4918-aad2-6a235cfa1430",
	"00000000-0000-0000-0000-000000000000",
	0,
	'Port2::CustomerInterface::o2',
	"00000000-0000-0000-0000-000000000000");
INSERT INTO ACT_BLK
	VALUES ("11831804-bcc6-4918-aad2-6a235cfa1430",
	0,
	0,
	0,
	'',
	'',
	'',
	0,
	0,
	0,
	0,
	0,
	0,
	0,
	0,
	0,
	0,
	0,
	0,
	0,
	"21081468-2a4a-44f0-94f8-bd806a4be791",
	"00000000-0000-0000-0000-000000000000");
INSERT INTO SPR_REP
	VALUES ("1b459275-b37e-49b2-8de2-b6b3e6863f5b",
	"249da9fe-e7f0-4173-8e09-ca48a3cd7d3c",
	"76f56aa8-4b72-455e-9cb5-fde86fd2a663");
INSERT INTO SPR_RO
	VALUES ("1b459275-b37e-49b2-8de2-b6b3e6863f5b",
	'o1',
	'',
	'',
	1);
INSERT INTO ACT_ROB
	VALUES ("2ea2fc7a-9599-47e4-9da8-e5f8d16a35da",
	"1b459275-b37e-49b2-8de2-b6b3e6863f5b");
INSERT INTO ACT_ACT
	VALUES ("2ea2fc7a-9599-47e4-9da8-e5f8d16a35da",
	'interface operation',
	0,
	"56ad4269-20d8-431d-ac5c-2b53c601156a",
	"00000000-0000-0000-0000-000000000000",
	0,
	'Port2::CustomerInterface::o1',
	"00000000-0000-0000-0000-000000000000");
INSERT INTO ACT_BLK
	VALUES ("56ad4269-20d8-431d-ac5c-2b53c601156a",
	0,
	0,
	0,
	'',
	'',
	'',
	0,
	0,
	0,
	0,
	0,
	0,
	0,
	0,
	0,
	0,
	0,
	0,
	0,
	"2ea2fc7a-9599-47e4-9da8-e5f8d16a35da",
	"00000000-0000-0000-0000-000000000000");
INSERT INTO SPR_REP
	VALUES ("6cc21272-6cf1-4ec0-9a94-568d593894b5",
	"1bdb7028-c766-4634-b100-e21c9da8a53a",
	"76f56aa8-4b72-455e-9cb5-fde86fd2a663");
INSERT INTO SPR_RO
	VALUES ("6cc21272-6cf1-4ec0-9a94-568d593894b5",
	'o2',
	'',
	'',
	1);
INSERT INTO ACT_ROB
	VALUES ("f3155605-0721-4534-b0b0-f021e9899ee0",
	"6cc21272-6cf1-4ec0-9a94-568d593894b5");
INSERT INTO ACT_ACT
	VALUES ("f3155605-0721-4534-b0b0-f021e9899ee0",
	'interface operation',
	0,
	"df419e6f-176b-4658-b250-d8aef1d3b6cd",
	"00000000-0000-0000-0000-000000000000",
	0,
	'Port2::CustomerInterface::o2',
	"00000000-0000-0000-0000-000000000000");
INSERT INTO ACT_BLK
	VALUES ("df419e6f-176b-4658-b250-d8aef1d3b6cd",
	0,
	0,
	0,
	'',
	'',
	'',
	0,
	0,
	0,
	0,
	0,
	0,
	0,
	0,
	0,
	0,
	0,
	0,
	0,
	"f3155605-0721-4534-b0b0-f021e9899ee0",
	"00000000-0000-0000-0000-000000000000");
INSERT INTO SPR_REP
	VALUES ("c8eec36a-c1c7-42e3-9bc6-cf1b280b675e",
	"c1390e36-a425-496e-8f3a-2c42ea4f65e0",
	"76f56aa8-4b72-455e-9cb5-fde86fd2a663");
INSERT INTO SPR_RO
	VALUES ("c8eec36a-c1c7-42e3-9bc6-cf1b280b675e",
	'o1',
	'',
	'',
	1);
INSERT INTO ACT_ROB
	VALUES ("48539161-46fb-4acf-9175-81470a8ac16b",
	"c8eec36a-c1c7-42e3-9bc6-cf1b280b675e");
INSERT INTO ACT_ACT
	VALUES ("48539161-46fb-4acf-9175-81470a8ac16b",
	'interface operation',
	0,
	"0ad5c977-5245-49e2-a41c-a201df9441a6",
	"00000000-0000-0000-0000-000000000000",
	0,
	'Port2::CustomerInterface::o1',
	"00000000-0000-0000-0000-000000000000");
INSERT INTO ACT_BLK
	VALUES ("0ad5c977-5245-49e2-a41c-a201df9441a6",
	0,
	0,
	0,
	'',
	'',
	'',
	0,
	0,
	0,
	0,
	0,
	0,
	0,
	0,
	0,
	0,
	0,
	0,
	0,
	"48539161-46fb-4acf-9175-81470a8ac16b",
	"00000000-0000-0000-0000-000000000000");
INSERT INTO SPR_REP
	VALUES ("f488a9a8-2409-4d5c-93c1-6a815cb2f373",
	"ca27b2e6-6400-41c8-a5a6-65e00a685cfb",
	"76f56aa8-4b72-455e-9cb5-fde86fd2a663");
INSERT INTO SPR_RO
	VALUES ("f488a9a8-2409-4d5c-93c1-6a815cb2f373",
	'o2',
	'',
	'',
	1);
INSERT INTO ACT_ROB
	VALUES ("d65a6a3c-4453-40ea-ba44-cb083321e2d8",
	"f488a9a8-2409-4d5c-93c1-6a815cb2f373");
INSERT INTO ACT_ACT
	VALUES ("d65a6a3c-4453-40ea-ba44-cb083321e2d8",
	'interface operation',
	0,
	"b5513c77-8a97-45eb-9dc1-aee821ae3807",
	"00000000-0000-0000-0000-000000000000",
	0,
	'Port2::CustomerInterface::o2',
	"00000000-0000-0000-0000-000000000000");
INSERT INTO ACT_BLK
	VALUES ("b5513c77-8a97-45eb-9dc1-aee821ae3807",
	0,
	0,
	0,
	'',
	'',
	'',
	0,
	0,
	0,
	0,
	0,
	0,
	0,
	0,
	0,
	0,
	0,
	0,
	0,
	"d65a6a3c-4453-40ea-ba44-cb083321e2d8",
	"00000000-0000-0000-0000-000000000000");
INSERT INTO SPR_REP
	VALUES ("dab8d975-2658-4fdb-9693-6ce70985fc77",
	"f4160a28-9e80-4907-a5b7-dd7069143dd9",
	"76f56aa8-4b72-455e-9cb5-fde86fd2a663");
INSERT INTO SPR_RO
	VALUES ("dab8d975-2658-4fdb-9693-6ce70985fc77",
	'o1',
	'',
	'',
	1);
INSERT INTO ACT_ROB
	VALUES ("5ca6798f-532f-458e-8940-f4bf98f02fb6",
	"dab8d975-2658-4fdb-9693-6ce70985fc77");
INSERT INTO ACT_ACT
	VALUES ("5ca6798f-532f-458e-8940-f4bf98f02fb6",
	'interface operation',
	0,
	"66111703-ce39-4c9a-a669-e91bea4cb73b",
	"00000000-0000-0000-0000-000000000000",
	0,
	'Port2::CustomerInterface::o1',
	"00000000-0000-0000-0000-000000000000");
INSERT INTO ACT_BLK
	VALUES ("66111703-ce39-4c9a-a669-e91bea4cb73b",
	0,
	0,
	0,
	'',
	'',
	'',
	0,
	0,
	0,
	0,
	0,
	0,
	0,
	0,
	0,
	0,
	0,
	0,
	0,
	"5ca6798f-532f-458e-8940-f4bf98f02fb6",
	"00000000-0000-0000-0000-000000000000");
INSERT INTO SPR_REP
	VALUES ("4a78235b-6ab5-49df-bf77-58f8a55735dc",
	"df0ef208-77f8-42fc-9ff9-dc714e539856",
	"76f56aa8-4b72-455e-9cb5-fde86fd2a663");
INSERT INTO SPR_RO
	VALUES ("4a78235b-6ab5-49df-bf77-58f8a55735dc",
	'o2',
	'',
	'',
	1);
INSERT INTO ACT_ROB
	VALUES ("98e22ea8-6831-4cf7-8569-c5d6918f9264",
	"4a78235b-6ab5-49df-bf77-58f8a55735dc");
INSERT INTO ACT_ACT
	VALUES ("98e22ea8-6831-4cf7-8569-c5d6918f9264",
	'interface operation',
	0,
	"f49f06d1-beba-4800-803c-0577c810cdf9",
	"00000000-0000-0000-0000-000000000000",
	0,
	'Port2::CustomerInterface::o2',
	"00000000-0000-0000-0000-000000000000");
INSERT INTO ACT_BLK
	VALUES ("f49f06d1-beba-4800-803c-0577c810cdf9",
	0,
	0,
	0,
	'',
	'',
	'',
	0,
	0,
	0,
	0,
	0,
	0,
	0,
	0,
	0,
	0,
	0,
	0,
	0,
	"98e22ea8-6831-4cf7-8569-c5d6918f9264",
	"00000000-0000-0000-0000-000000000000");
INSERT INTO PE_PE
	VALUES ("dcd45889-1e8f-44ce-a0ac-90e67ced68c3",
	1,
	"00000000-0000-0000-0000-000000000000",
	"0968771f-8553-4274-be70-86a03e4e6267",
	7);
INSERT INTO EP_PKG
	VALUES ("dcd45889-1e8f-44ce-a0ac-90e67ced68c3",
	"00000000-0000-0000-0000-000000000000",
	"77552e13-265a-4a67-beca-bb6af5f15d0b",
	'TestCases',
	'',
	0);
INSERT INTO PE_PE
	VALUES ("3b6ab3cd-ea6e-4950-b3b5-4414cd4a5d43",
	1,
	"dcd45889-1e8f-44ce-a0ac-90e67ced68c3",
	"00000000-0000-0000-0000-000000000000",
	3);
INSERT INTO S_DT
	VALUES ("3b6ab3cd-ea6e-4950-b3b5-4414cd4a5d43",
	"00000000-0000-0000-0000-000000000000",
	'inst_ref_set<SimpleTest>',
	'',
	'');
INSERT INTO S_IRDT
	VALUES ("3b6ab3cd-ea6e-4950-b3b5-4414cd4a5d43",
	1,
	"6daee5e1-aefd-49c8-b18d-234fb0eb1928");
INSERT INTO PE_PE
	VALUES ("9db8c033-ff94-41f2-bd5c-36e5cdae0e4b",
	1,
	"dcd45889-1e8f-44ce-a0ac-90e67ced68c3",
	"00000000-0000-0000-0000-000000000000",
	3);
INSERT INTO S_DT
	VALUES ("9db8c033-ff94-41f2-bd5c-36e5cdae0e4b",
	"00000000-0000-0000-0000-000000000000",
	'inst_ref<SimpleTest>',
	'',
	'');
INSERT INTO S_IRDT
	VALUES ("9db8c033-ff94-41f2-bd5c-36e5cdae0e4b",
	0,
	"6daee5e1-aefd-49c8-b18d-234fb0eb1928");
INSERT INTO PE_PE
	VALUES ("68467367-5409-4c38-b4e4-909abfbab8a5",
	1,
	"dcd45889-1e8f-44ce-a0ac-90e67ced68c3",
	"00000000-0000-0000-0000-000000000000",
	1);
INSERT INTO S_SYNC
	VALUES ("68467367-5409-4c38-b4e4-909abfbab8a5",
	"00000000-0000-0000-0000-000000000000",
	'startSimpleTest',
	'',
	'LOG::LogInfo(message: "Starting simpleTest ;");
create object instance st of SIMPLETEST;
LOG::LogInfo(message: "Setup sent, starting test");


generate SIMPLETEST1:start(desiredType: param.desiredType, fromDate: param.fromDate, toDate: param.toDate) to st;',
	"ba5eda7a-def5-0000-0000-000000000000",
	1,
	'');
INSERT INTO S_SPARM
	VALUES ("03a5bcda-103d-4d12-8978-58ea020445d9",
	"68467367-5409-4c38-b4e4-909abfbab8a5",
	'desiredType',
	"ba5eda7a-def5-0000-0000-000000000002",
	0,
	'',
	"00000000-0000-0000-0000-000000000000",
	'');
INSERT INTO S_SPARM
	VALUES ("30f6ce3b-2cb7-41d4-90d7-9f7bfdebf872",
	"68467367-5409-4c38-b4e4-909abfbab8a5",
	'toDate',
	"ba5eda7a-def5-0000-0000-00000000000e",
	0,
	'',
	"03a5bcda-103d-4d12-8978-58ea020445d9",
	'');
INSERT INTO S_SPARM
	VALUES ("69675680-e238-4d3b-85b4-e8ce4b07af8a",
	"68467367-5409-4c38-b4e4-909abfbab8a5",
	'fromDate',
	"ba5eda7a-def5-0000-0000-00000000000e",
	0,
	'',
	"30f6ce3b-2cb7-41d4-90d7-9f7bfdebf872",
	'');
INSERT INTO ACT_FNB
	VALUES ("761dc88e-2ffb-4659-a55d-c4e88a049fb7",
	"68467367-5409-4c38-b4e4-909abfbab8a5");
INSERT INTO ACT_ACT
	VALUES ("761dc88e-2ffb-4659-a55d-c4e88a049fb7",
	'function',
	0,
	"586113fb-deb6-4fe2-a585-32208e60e2c7",
	"00000000-0000-0000-0000-000000000000",
	0,
	'startSimpleTest',
	"00000000-0000-0000-0000-000000000000");
INSERT INTO ACT_BLK
	VALUES ("586113fb-deb6-4fe2-a585-32208e60e2c7",
	0,
	0,
	0,
	'V_VAR.Var_ID',
	'desiredType',
	'toDate',
	6,
	1,
	3,
	1,
	0,
	0,
	0,
	0,
	0,
	0,
	0,
	0,
	0,
	"761dc88e-2ffb-4659-a55d-c4e88a049fb7",
	"00000000-0000-0000-0000-000000000000");
INSERT INTO ACT_SMT
	VALUES ("82004a3d-2c0c-4a94-8067-4208bb428247",
	"586113fb-deb6-4fe2-a585-32208e60e2c7",
	"ec9e1235-02a5-492b-bc5d-685bf29af4c1",
	1,
	1,
	'startSimpleTest line: 1');
INSERT INTO ACT_BRG
	VALUES ("82004a3d-2c0c-4a94-8067-4208bb428247",
	"768e1cca-7403-495c-9b22-afd11a473eb6",
	1,
	6,
	1,
	1);
INSERT INTO ACT_SMT
	VALUES ("ec9e1235-02a5-492b-bc5d-685bf29af4c1",
	"586113fb-deb6-4fe2-a585-32208e60e2c7",
	"f530132b-9837-450d-a7b0-9e724d792326",
	2,
	1,
	'startSimpleTest line: 2');
INSERT INTO ACT_CR
	VALUES ("ec9e1235-02a5-492b-bc5d-685bf29af4c1",
	"8d31f9b0-4511-456b-b9a5-447418a6c565",
	1,
	"6daee5e1-aefd-49c8-b18d-234fb0eb1928",
	2,
	30);
INSERT INTO ACT_SMT
	VALUES ("f530132b-9837-450d-a7b0-9e724d792326",
	"586113fb-deb6-4fe2-a585-32208e60e2c7",
	"39917ff3-dc43-4632-b9bc-b4f0629bf7a2",
	3,
	1,
	'startSimpleTest line: 3');
INSERT INTO ACT_BRG
	VALUES ("f530132b-9837-450d-a7b0-9e724d792326",
	"768e1cca-7403-495c-9b22-afd11a473eb6",
	3,
	6,
	3,
	1);
INSERT INTO ACT_SMT
	VALUES ("39917ff3-dc43-4632-b9bc-b4f0629bf7a2",
	"586113fb-deb6-4fe2-a585-32208e60e2c7",
	"00000000-0000-0000-0000-000000000000",
	6,
	1,
	'startSimpleTest line: 6');
INSERT INTO E_ESS
	VALUES ("39917ff3-dc43-4632-b9bc-b4f0629bf7a2",
	1,
	0,
	6,
	10,
	6,
	22,
	3,
	1,
	6,
	28,
	6,
	86);
INSERT INTO V_PAR
	VALUES ("17a689c2-d29d-49e5-b89d-a90485dbc5ea",
	"39917ff3-dc43-4632-b9bc-b4f0629bf7a2",
	"00000000-0000-0000-0000-000000000000",
	'fromDate',
	"fb6f047a-08c9-4f11-a42a-534ffa0ece3f",
	6,
	60);
INSERT INTO V_PAR
	VALUES ("fb6f047a-08c9-4f11-a42a-534ffa0ece3f",
	"39917ff3-dc43-4632-b9bc-b4f0629bf7a2",
	"00000000-0000-0000-0000-000000000000",
	'toDate',
	"00000000-0000-0000-0000-000000000000",
	6,
	86);
INSERT INTO V_PAR
	VALUES ("1a8735c4-98fe-4d3e-a14f-19bd291b2168",
	"39917ff3-dc43-4632-b9bc-b4f0629bf7a2",
	"00000000-0000-0000-0000-000000000000",
	'desiredType',
	"17a689c2-d29d-49e5-b89d-a90485dbc5ea",
	6,
	28);
INSERT INTO E_GES
	VALUES ("39917ff3-dc43-4632-b9bc-b4f0629bf7a2");
INSERT INTO E_GSME
	VALUES ("39917ff3-dc43-4632-b9bc-b4f0629bf7a2",
	"571ae000-303e-4af6-9350-7f3c94749e60");
INSERT INTO E_GEN
	VALUES ("39917ff3-dc43-4632-b9bc-b4f0629bf7a2",
	"8d31f9b0-4511-456b-b9a5-447418a6c565");
INSERT INTO V_VAL
	VALUES ("0e6dceaf-bbca-4f9d-b6dd-4f7c437370cd",
	0,
	0,
	1,
	23,
	44,
	0,
	0,
	0,
	0,
	"ba5eda7a-def5-0000-0000-000000000004",
	"586113fb-deb6-4fe2-a585-32208e60e2c7");
INSERT INTO V_LST
	VALUES ("0e6dceaf-bbca-4f9d-b6dd-4f7c437370cd",
	'Starting simpleTest ;');
INSERT INTO V_PAR
	VALUES ("0e6dceaf-bbca-4f9d-b6dd-4f7c437370cd",
	"82004a3d-2c0c-4a94-8067-4208bb428247",
	"00000000-0000-0000-0000-000000000000",
	'message',
	"00000000-0000-0000-0000-000000000000",
	1,
	14);
INSERT INTO V_VAL
	VALUES ("d870cad3-7a56-4391-848d-6c596f71440c",
	0,
	0,
	3,
	23,
	48,
	0,
	0,
	0,
	0,
	"ba5eda7a-def5-0000-0000-000000000004",
	"586113fb-deb6-4fe2-a585-32208e60e2c7");
INSERT INTO V_LST
	VALUES ("d870cad3-7a56-4391-848d-6c596f71440c",
	'Setup sent, starting test');
INSERT INTO V_PAR
	VALUES ("d870cad3-7a56-4391-848d-6c596f71440c",
	"f530132b-9837-450d-a7b0-9e724d792326",
	"00000000-0000-0000-0000-000000000000",
	'message',
	"00000000-0000-0000-0000-000000000000",
	3,
	14);
INSERT INTO V_VAL
	VALUES ("1a8735c4-98fe-4d3e-a14f-19bd291b2168",
	0,
	0,
	6,
	47,
	57,
	0,
	0,
	0,
	0,
	"ba5eda7a-def5-0000-0000-000000000002",
	"586113fb-deb6-4fe2-a585-32208e60e2c7");
INSERT INTO V_PVL
	VALUES ("1a8735c4-98fe-4d3e-a14f-19bd291b2168",
	"00000000-0000-0000-0000-000000000000",
	"03a5bcda-103d-4d12-8978-58ea020445d9",
	"00000000-0000-0000-0000-000000000000",
	"00000000-0000-0000-0000-000000000000");
INSERT INTO V_VAL
	VALUES ("17a689c2-d29d-49e5-b89d-a90485dbc5ea",
	0,
	0,
	6,
	76,
	83,
	0,
	0,
	0,
	0,
	"ba5eda7a-def5-0000-0000-00000000000e",
	"586113fb-deb6-4fe2-a585-32208e60e2c7");
INSERT INTO V_PVL
	VALUES ("17a689c2-d29d-49e5-b89d-a90485dbc5ea",
	"00000000-0000-0000-0000-000000000000",
	"69675680-e238-4d3b-85b4-e8ce4b07af8a",
	"00000000-0000-0000-0000-000000000000",
	"00000000-0000-0000-0000-000000000000");
INSERT INTO V_VAL
	VALUES ("fb6f047a-08c9-4f11-a42a-534ffa0ece3f",
	0,
	0,
	6,
	100,
	105,
	0,
	0,
	0,
	0,
	"ba5eda7a-def5-0000-0000-00000000000e",
	"586113fb-deb6-4fe2-a585-32208e60e2c7");
INSERT INTO V_PVL
	VALUES ("fb6f047a-08c9-4f11-a42a-534ffa0ece3f",
	"00000000-0000-0000-0000-000000000000",
	"30f6ce3b-2cb7-41d4-90d7-9f7bfdebf872",
	"00000000-0000-0000-0000-000000000000",
	"00000000-0000-0000-0000-000000000000");
INSERT INTO V_VAR
	VALUES ("8d31f9b0-4511-456b-b9a5-447418a6c565",
	"586113fb-deb6-4fe2-a585-32208e60e2c7",
	'st',
	1,
	"9db8c033-ff94-41f2-bd5c-36e5cdae0e4b");
INSERT INTO V_INT
	VALUES ("8d31f9b0-4511-456b-b9a5-447418a6c565",
	0,
	"6daee5e1-aefd-49c8-b18d-234fb0eb1928");
INSERT INTO V_LOC
	VALUES ("37322876-bfc3-4cf5-abde-da11cd4a0184",
	2,
	24,
	25,
	"8d31f9b0-4511-456b-b9a5-447418a6c565");
INSERT INTO V_LOC
	VALUES ("4c6d8088-fdbf-4f61-8e9f-805c0fa97c9d",
	6,
	111,
	112,
	"8d31f9b0-4511-456b-b9a5-447418a6c565");
INSERT INTO PE_PE
	VALUES ("9ddde04f-5a51-4a29-b090-221a084b1875",
	1,
	"dcd45889-1e8f-44ce-a0ac-90e67ced68c3",
	"00000000-0000-0000-0000-000000000000",
	1);
INSERT INTO S_SYNC
	VALUES ("9ddde04f-5a51-4a29-b090-221a084b1875",
	"00000000-0000-0000-0000-000000000000",
	'initBookingConcurrencyTest',
	'',
	'
fromDate = TIM::create_date(day:1, month:1, year:2010, second:8, minute:12, hour:4);
toDate = TIM::create_date(day:2, month:1, year:2010, second:8, minute:12, hour:4);

::startSimpleTest(desiredType:0, fromDate: fromDate, toDate: toDate);
::startSimpleTest(desiredType:0, fromDate: fromDate, toDate: toDate);
::startSimpleTest(desiredType:0, fromDate: fromDate, toDate: toDate);
::startSimpleTest(desiredType:0, fromDate: fromDate, toDate: toDate);

::startSimpleTest(desiredType:1, fromDate: fromDate, toDate: toDate);
::startSimpleTest(desiredType:1, fromDate: fromDate, toDate: toDate);
::startSimpleTest(desiredType:1, fromDate: fromDate, toDate: toDate);
::startSimpleTest(desiredType:1, fromDate: fromDate, toDate: toDate);

',
	"ba5eda7a-def5-0000-0000-000000000000",
	1,
	'');
INSERT INTO ACT_FNB
	VALUES ("b2aabe94-f7a4-44e2-bf0a-432f08e2f1fe",
	"9ddde04f-5a51-4a29-b090-221a084b1875");
INSERT INTO ACT_ACT
	VALUES ("b2aabe94-f7a4-44e2-bf0a-432f08e2f1fe",
	'function',
	0,
	"a104fe76-a851-433f-8c0e-b2b4a7e57796",
	"00000000-0000-0000-0000-000000000000",
	0,
	'initBookingConcurrencyTest',
	"00000000-0000-0000-0000-000000000000");
INSERT INTO ACT_BLK
	VALUES ("a104fe76-a851-433f-8c0e-b2b4a7e57796",
	0,
	0,
	0,
	'TIM',
	'',
	'',
	13,
	1,
	3,
	10,
	0,
	0,
	0,
	0,
	0,
	0,
	0,
	0,
	0,
	"b2aabe94-f7a4-44e2-bf0a-432f08e2f1fe",
	"00000000-0000-0000-0000-000000000000");
INSERT INTO ACT_SMT
	VALUES ("9e7afb03-3397-4141-bc66-5cf54bc2b4ae",
	"a104fe76-a851-433f-8c0e-b2b4a7e57796",
	"6d76aa05-5773-4398-ab36-16c9ebed4c81",
	2,
	1,
	'initBookingConcurrencyTest line: 2');
INSERT INTO ACT_AI
	VALUES ("9e7afb03-3397-4141-bc66-5cf54bc2b4ae",
	"f34a9f72-702a-47fb-b39e-b7e38428715a",
	"ae1168f3-c303-4af0-9a9b-0225a868d18d",
	0,
	0);
INSERT INTO ACT_SMT
	VALUES ("6d76aa05-5773-4398-ab36-16c9ebed4c81",
	"a104fe76-a851-433f-8c0e-b2b4a7e57796",
	"36017dd5-b389-4f2d-b8c9-4402e6f1eecb",
	3,
	1,
	'initBookingConcurrencyTest line: 3');
INSERT INTO ACT_AI
	VALUES ("6d76aa05-5773-4398-ab36-16c9ebed4c81",
	"0687e8ba-a5b5-4467-be63-ca98b7dbef75",
	"6414d565-6a86-465b-8bd9-bcf2a2447407",
	0,
	0);
INSERT INTO ACT_SMT
	VALUES ("36017dd5-b389-4f2d-b8c9-4402e6f1eecb",
	"a104fe76-a851-433f-8c0e-b2b4a7e57796",
	"d55cc235-d237-4c11-bf8d-8bdeed600e45",
	5,
	1,
	'initBookingConcurrencyTest line: 5');
INSERT INTO ACT_FNC
	VALUES ("36017dd5-b389-4f2d-b8c9-4402e6f1eecb",
	"68467367-5409-4c38-b4e4-909abfbab8a5",
	5,
	3);
INSERT INTO ACT_SMT
	VALUES ("d55cc235-d237-4c11-bf8d-8bdeed600e45",
	"a104fe76-a851-433f-8c0e-b2b4a7e57796",
	"f2555b7f-913d-4919-b436-7f4a91b2b92d",
	6,
	1,
	'initBookingConcurrencyTest line: 6');
INSERT INTO ACT_FNC
	VALUES ("d55cc235-d237-4c11-bf8d-8bdeed600e45",
	"68467367-5409-4c38-b4e4-909abfbab8a5",
	6,
	3);
INSERT INTO ACT_SMT
	VALUES ("f2555b7f-913d-4919-b436-7f4a91b2b92d",
	"a104fe76-a851-433f-8c0e-b2b4a7e57796",
	"ba454595-1c9b-4446-acc0-f17d1a855ffd",
	7,
	1,
	'initBookingConcurrencyTest line: 7');
INSERT INTO ACT_FNC
	VALUES ("f2555b7f-913d-4919-b436-7f4a91b2b92d",
	"68467367-5409-4c38-b4e4-909abfbab8a5",
	7,
	3);
INSERT INTO ACT_SMT
	VALUES ("ba454595-1c9b-4446-acc0-f17d1a855ffd",
	"a104fe76-a851-433f-8c0e-b2b4a7e57796",
	"5b872b51-2e0f-4281-9e80-7db51c624f26",
	8,
	1,
	'initBookingConcurrencyTest line: 8');
INSERT INTO ACT_FNC
	VALUES ("ba454595-1c9b-4446-acc0-f17d1a855ffd",
	"68467367-5409-4c38-b4e4-909abfbab8a5",
	8,
	3);
INSERT INTO ACT_SMT
	VALUES ("5b872b51-2e0f-4281-9e80-7db51c624f26",
	"a104fe76-a851-433f-8c0e-b2b4a7e57796",
	"443c75d5-ba92-4648-878d-1e4ca613f081",
	10,
	1,
	'initBookingConcurrencyTest line: 10');
INSERT INTO ACT_FNC
	VALUES ("5b872b51-2e0f-4281-9e80-7db51c624f26",
	"68467367-5409-4c38-b4e4-909abfbab8a5",
	10,
	3);
INSERT INTO ACT_SMT
	VALUES ("443c75d5-ba92-4648-878d-1e4ca613f081",
	"a104fe76-a851-433f-8c0e-b2b4a7e57796",
	"e339b48d-4376-44af-8ea1-42624af9f284",
	11,
	1,
	'initBookingConcurrencyTest line: 11');
INSERT INTO ACT_FNC
	VALUES ("443c75d5-ba92-4648-878d-1e4ca613f081",
	"68467367-5409-4c38-b4e4-909abfbab8a5",
	11,
	3);
INSERT INTO ACT_SMT
	VALUES ("e339b48d-4376-44af-8ea1-42624af9f284",
	"a104fe76-a851-433f-8c0e-b2b4a7e57796",
	"c93c5215-6b57-431d-9d34-5b758ee6d2d2",
	12,
	1,
	'initBookingConcurrencyTest line: 12');
INSERT INTO ACT_FNC
	VALUES ("e339b48d-4376-44af-8ea1-42624af9f284",
	"68467367-5409-4c38-b4e4-909abfbab8a5",
	12,
	3);
INSERT INTO ACT_SMT
	VALUES ("c93c5215-6b57-431d-9d34-5b758ee6d2d2",
	"a104fe76-a851-433f-8c0e-b2b4a7e57796",
	"00000000-0000-0000-0000-000000000000",
	13,
	1,
	'initBookingConcurrencyTest line: 13');
INSERT INTO ACT_FNC
	VALUES ("c93c5215-6b57-431d-9d34-5b758ee6d2d2",
	"68467367-5409-4c38-b4e4-909abfbab8a5",
	13,
	3);
INSERT INTO V_VAL
	VALUES ("ae1168f3-c303-4af0-9a9b-0225a868d18d",
	1,
	1,
	2,
	1,
	8,
	0,
	0,
	0,
	0,
	"ba5eda7a-def5-0000-0000-00000000000e",
	"a104fe76-a851-433f-8c0e-b2b4a7e57796");
INSERT INTO V_TVL
	VALUES ("ae1168f3-c303-4af0-9a9b-0225a868d18d",
	"339bb278-92c6-4ade-ad00-80584eec2a9b");
INSERT INTO V_VAL
	VALUES ("f34a9f72-702a-47fb-b39e-b7e38428715a",
	0,
	0,
	2,
	17,
	-1,
	2,
	29,
	2,
	77,
	"ba5eda7a-def5-0000-0000-00000000000e",
	"a104fe76-a851-433f-8c0e-b2b4a7e57796");
INSERT INTO V_BRV
	VALUES ("f34a9f72-702a-47fb-b39e-b7e38428715a",
	"46742184-2efc-49e2-9fe1-e62dcc44be84",
	1,
	2,
	12);
INSERT INTO V_VAL
	VALUES ("fe1a9cb0-1e14-40ab-8e71-8f74516cb85d",
	0,
	0,
	2,
	33,
	33,
	0,
	0,
	0,
	0,
	"ba5eda7a-def5-0000-0000-000000000002",
	"a104fe76-a851-433f-8c0e-b2b4a7e57796");
INSERT INTO V_LIN
	VALUES ("fe1a9cb0-1e14-40ab-8e71-8f74516cb85d",
	'1');
INSERT INTO V_PAR
	VALUES ("fe1a9cb0-1e14-40ab-8e71-8f74516cb85d",
	"00000000-0000-0000-0000-000000000000",
	"f34a9f72-702a-47fb-b39e-b7e38428715a",
	'day',
	"9d1b80c4-ced7-4d55-b5dc-134777750ab6",
	2,
	29);
INSERT INTO V_VAL
	VALUES ("9d1b80c4-ced7-4d55-b5dc-134777750ab6",
	0,
	0,
	2,
	42,
	42,
	0,
	0,
	0,
	0,
	"ba5eda7a-def5-0000-0000-000000000002",
	"a104fe76-a851-433f-8c0e-b2b4a7e57796");
INSERT INTO V_LIN
	VALUES ("9d1b80c4-ced7-4d55-b5dc-134777750ab6",
	'1');
INSERT INTO V_PAR
	VALUES ("9d1b80c4-ced7-4d55-b5dc-134777750ab6",
	"00000000-0000-0000-0000-000000000000",
	"f34a9f72-702a-47fb-b39e-b7e38428715a",
	'month',
	"523e09e3-d423-4564-adaa-42fbf3b215a5",
	2,
	36);
INSERT INTO V_VAL
	VALUES ("523e09e3-d423-4564-adaa-42fbf3b215a5",
	0,
	0,
	2,
	50,
	53,
	0,
	0,
	0,
	0,
	"ba5eda7a-def5-0000-0000-000000000002",
	"a104fe76-a851-433f-8c0e-b2b4a7e57796");
INSERT INTO V_LIN
	VALUES ("523e09e3-d423-4564-adaa-42fbf3b215a5",
	'2010');
INSERT INTO V_PAR
	VALUES ("523e09e3-d423-4564-adaa-42fbf3b215a5",
	"00000000-0000-0000-0000-000000000000",
	"f34a9f72-702a-47fb-b39e-b7e38428715a",
	'year',
	"cd8621aa-0204-4120-a8d4-69342b2568c0",
	2,
	45);
INSERT INTO V_VAL
	VALUES ("cd8621aa-0204-4120-a8d4-69342b2568c0",
	0,
	0,
	2,
	63,
	63,
	0,
	0,
	0,
	0,
	"ba5eda7a-def5-0000-0000-000000000002",
	"a104fe76-a851-433f-8c0e-b2b4a7e57796");
INSERT INTO V_LIN
	VALUES ("cd8621aa-0204-4120-a8d4-69342b2568c0",
	'8');
INSERT INTO V_PAR
	VALUES ("cd8621aa-0204-4120-a8d4-69342b2568c0",
	"00000000-0000-0000-0000-000000000000",
	"f34a9f72-702a-47fb-b39e-b7e38428715a",
	'second',
	"5d81c5d4-e60b-476f-964f-dcb6fb041029",
	2,
	56);
INSERT INTO V_VAL
	VALUES ("5d81c5d4-e60b-476f-964f-dcb6fb041029",
	0,
	0,
	2,
	73,
	74,
	0,
	0,
	0,
	0,
	"ba5eda7a-def5-0000-0000-000000000002",
	"a104fe76-a851-433f-8c0e-b2b4a7e57796");
INSERT INTO V_LIN
	VALUES ("5d81c5d4-e60b-476f-964f-dcb6fb041029",
	'12');
INSERT INTO V_PAR
	VALUES ("5d81c5d4-e60b-476f-964f-dcb6fb041029",
	"00000000-0000-0000-0000-000000000000",
	"f34a9f72-702a-47fb-b39e-b7e38428715a",
	'minute',
	"652713c8-8fc8-464d-892f-e8849885a031",
	2,
	66);
INSERT INTO V_VAL
	VALUES ("652713c8-8fc8-464d-892f-e8849885a031",
	0,
	0,
	2,
	82,
	82,
	0,
	0,
	0,
	0,
	"ba5eda7a-def5-0000-0000-000000000002",
	"a104fe76-a851-433f-8c0e-b2b4a7e57796");
INSERT INTO V_LIN
	VALUES ("652713c8-8fc8-464d-892f-e8849885a031",
	'4');
INSERT INTO V_PAR
	VALUES ("652713c8-8fc8-464d-892f-e8849885a031",
	"00000000-0000-0000-0000-000000000000",
	"f34a9f72-702a-47fb-b39e-b7e38428715a",
	'hour',
	"00000000-0000-0000-0000-000000000000",
	2,
	77);
INSERT INTO V_VAL
	VALUES ("6414d565-6a86-465b-8bd9-bcf2a2447407",
	1,
	1,
	3,
	1,
	6,
	0,
	0,
	0,
	0,
	"ba5eda7a-def5-0000-0000-00000000000e",
	"a104fe76-a851-433f-8c0e-b2b4a7e57796");
INSERT INTO V_TVL
	VALUES ("6414d565-6a86-465b-8bd9-bcf2a2447407",
	"6eef4dd6-5716-451b-b0cb-d75fac1c5b8e");
INSERT INTO V_VAL
	VALUES ("0687e8ba-a5b5-4467-be63-ca98b7dbef75",
	0,
	0,
	3,
	15,
	-1,
	3,
	27,
	3,
	75,
	"ba5eda7a-def5-0000-0000-00000000000e",
	"a104fe76-a851-433f-8c0e-b2b4a7e57796");
INSERT INTO V_BRV
	VALUES ("0687e8ba-a5b5-4467-be63-ca98b7dbef75",
	"46742184-2efc-49e2-9fe1-e62dcc44be84",
	1,
	3,
	10);
INSERT INTO V_VAL
	VALUES ("2e75ee54-9d92-496c-bbbf-19cf6df49af0",
	0,
	0,
	3,
	31,
	31,
	0,
	0,
	0,
	0,
	"ba5eda7a-def5-0000-0000-000000000002",
	"a104fe76-a851-433f-8c0e-b2b4a7e57796");
INSERT INTO V_LIN
	VALUES ("2e75ee54-9d92-496c-bbbf-19cf6df49af0",
	'2');
INSERT INTO V_PAR
	VALUES ("2e75ee54-9d92-496c-bbbf-19cf6df49af0",
	"00000000-0000-0000-0000-000000000000",
	"0687e8ba-a5b5-4467-be63-ca98b7dbef75",
	'day',
	"746fef93-e20f-449d-8d6a-bf19246941c4",
	3,
	27);
INSERT INTO V_VAL
	VALUES ("746fef93-e20f-449d-8d6a-bf19246941c4",
	0,
	0,
	3,
	40,
	40,
	0,
	0,
	0,
	0,
	"ba5eda7a-def5-0000-0000-000000000002",
	"a104fe76-a851-433f-8c0e-b2b4a7e57796");
INSERT INTO V_LIN
	VALUES ("746fef93-e20f-449d-8d6a-bf19246941c4",
	'1');
INSERT INTO V_PAR
	VALUES ("746fef93-e20f-449d-8d6a-bf19246941c4",
	"00000000-0000-0000-0000-000000000000",
	"0687e8ba-a5b5-4467-be63-ca98b7dbef75",
	'month',
	"7ee7a773-c152-4dba-8596-edce91edf0f8",
	3,
	34);
INSERT INTO V_VAL
	VALUES ("7ee7a773-c152-4dba-8596-edce91edf0f8",
	0,
	0,
	3,
	48,
	51,
	0,
	0,
	0,
	0,
	"ba5eda7a-def5-0000-0000-000000000002",
	"a104fe76-a851-433f-8c0e-b2b4a7e57796");
INSERT INTO V_LIN
	VALUES ("7ee7a773-c152-4dba-8596-edce91edf0f8",
	'2010');
INSERT INTO V_PAR
	VALUES ("7ee7a773-c152-4dba-8596-edce91edf0f8",
	"00000000-0000-0000-0000-000000000000",
	"0687e8ba-a5b5-4467-be63-ca98b7dbef75",
	'year',
	"089e71aa-f9d4-4dbb-bb59-5bb5155a0653",
	3,
	43);
INSERT INTO V_VAL
	VALUES ("089e71aa-f9d4-4dbb-bb59-5bb5155a0653",
	0,
	0,
	3,
	61,
	61,
	0,
	0,
	0,
	0,
	"ba5eda7a-def5-0000-0000-000000000002",
	"a104fe76-a851-433f-8c0e-b2b4a7e57796");
INSERT INTO V_LIN
	VALUES ("089e71aa-f9d4-4dbb-bb59-5bb5155a0653",
	'8');
INSERT INTO V_PAR
	VALUES ("089e71aa-f9d4-4dbb-bb59-5bb5155a0653",
	"00000000-0000-0000-0000-000000000000",
	"0687e8ba-a5b5-4467-be63-ca98b7dbef75",
	'second',
	"df845e38-9824-4579-9777-8f04a7024e7d",
	3,
	54);
INSERT INTO V_VAL
	VALUES ("df845e38-9824-4579-9777-8f04a7024e7d",
	0,
	0,
	3,
	71,
	72,
	0,
	0,
	0,
	0,
	"ba5eda7a-def5-0000-0000-000000000002",
	"a104fe76-a851-433f-8c0e-b2b4a7e57796");
INSERT INTO V_LIN
	VALUES ("df845e38-9824-4579-9777-8f04a7024e7d",
	'12');
INSERT INTO V_PAR
	VALUES ("df845e38-9824-4579-9777-8f04a7024e7d",
	"00000000-0000-0000-0000-000000000000",
	"0687e8ba-a5b5-4467-be63-ca98b7dbef75",
	'minute',
	"1dadbb7b-87c7-43cf-b982-fabd9a9991a1",
	3,
	64);
INSERT INTO V_VAL
	VALUES ("1dadbb7b-87c7-43cf-b982-fabd9a9991a1",
	0,
	0,
	3,
	80,
	80,
	0,
	0,
	0,
	0,
	"ba5eda7a-def5-0000-0000-000000000002",
	"a104fe76-a851-433f-8c0e-b2b4a7e57796");
INSERT INTO V_LIN
	VALUES ("1dadbb7b-87c7-43cf-b982-fabd9a9991a1",
	'4');
INSERT INTO V_PAR
	VALUES ("1dadbb7b-87c7-43cf-b982-fabd9a9991a1",
	"00000000-0000-0000-0000-000000000000",
	"0687e8ba-a5b5-4467-be63-ca98b7dbef75",
	'hour',
	"00000000-0000-0000-0000-000000000000",
	3,
	75);
INSERT INTO V_VAL
	VALUES ("9eb66941-2237-421d-8853-c218082a3ae9",
	0,
	0,
	5,
	31,
	31,
	0,
	0,
	0,
	0,
	"ba5eda7a-def5-0000-0000-000000000002",
	"a104fe76-a851-433f-8c0e-b2b4a7e57796");
INSERT INTO V_LIN
	VALUES ("9eb66941-2237-421d-8853-c218082a3ae9",
	'0');
INSERT INTO V_PAR
	VALUES ("9eb66941-2237-421d-8853-c218082a3ae9",
	"36017dd5-b389-4f2d-b8c9-4402e6f1eecb",
	"00000000-0000-0000-0000-000000000000",
	'desiredType',
	"d3b1689b-462d-4cb4-bd3a-7cb38868d86b",
	5,
	19);
INSERT INTO V_VAL
	VALUES ("d3b1689b-462d-4cb4-bd3a-7cb38868d86b",
	0,
	0,
	5,
	44,
	51,
	0,
	0,
	0,
	0,
	"ba5eda7a-def5-0000-0000-00000000000e",
	"a104fe76-a851-433f-8c0e-b2b4a7e57796");
INSERT INTO V_TVL
	VALUES ("d3b1689b-462d-4cb4-bd3a-7cb38868d86b",
	"339bb278-92c6-4ade-ad00-80584eec2a9b");
INSERT INTO V_PAR
	VALUES ("d3b1689b-462d-4cb4-bd3a-7cb38868d86b",
	"36017dd5-b389-4f2d-b8c9-4402e6f1eecb",
	"00000000-0000-0000-0000-000000000000",
	'fromDate',
	"9d544f5d-8d81-45b0-8b04-b3a2038e6600",
	5,
	34);
INSERT INTO V_VAL
	VALUES ("9d544f5d-8d81-45b0-8b04-b3a2038e6600",
	0,
	0,
	5,
	62,
	67,
	0,
	0,
	0,
	0,
	"ba5eda7a-def5-0000-0000-00000000000e",
	"a104fe76-a851-433f-8c0e-b2b4a7e57796");
INSERT INTO V_TVL
	VALUES ("9d544f5d-8d81-45b0-8b04-b3a2038e6600",
	"6eef4dd6-5716-451b-b0cb-d75fac1c5b8e");
INSERT INTO V_PAR
	VALUES ("9d544f5d-8d81-45b0-8b04-b3a2038e6600",
	"36017dd5-b389-4f2d-b8c9-4402e6f1eecb",
	"00000000-0000-0000-0000-000000000000",
	'toDate',
	"00000000-0000-0000-0000-000000000000",
	5,
	54);
INSERT INTO V_VAL
	VALUES ("930f38d1-d1e1-42a6-acd7-a7651c530ffd",
	0,
	0,
	6,
	31,
	31,
	0,
	0,
	0,
	0,
	"ba5eda7a-def5-0000-0000-000000000002",
	"a104fe76-a851-433f-8c0e-b2b4a7e57796");
INSERT INTO V_LIN
	VALUES ("930f38d1-d1e1-42a6-acd7-a7651c530ffd",
	'0');
INSERT INTO V_PAR
	VALUES ("930f38d1-d1e1-42a6-acd7-a7651c530ffd",
	"d55cc235-d237-4c11-bf8d-8bdeed600e45",
	"00000000-0000-0000-0000-000000000000",
	'desiredType',
	"28d6cf56-7719-4888-a7fa-c0f5301ed252",
	6,
	19);
INSERT INTO V_VAL
	VALUES ("28d6cf56-7719-4888-a7fa-c0f5301ed252",
	0,
	0,
	6,
	44,
	51,
	0,
	0,
	0,
	0,
	"ba5eda7a-def5-0000-0000-00000000000e",
	"a104fe76-a851-433f-8c0e-b2b4a7e57796");
INSERT INTO V_TVL
	VALUES ("28d6cf56-7719-4888-a7fa-c0f5301ed252",
	"339bb278-92c6-4ade-ad00-80584eec2a9b");
INSERT INTO V_PAR
	VALUES ("28d6cf56-7719-4888-a7fa-c0f5301ed252",
	"d55cc235-d237-4c11-bf8d-8bdeed600e45",
	"00000000-0000-0000-0000-000000000000",
	'fromDate',
	"6c1d321d-7dc8-4836-a1f0-83a546fe4e99",
	6,
	34);
INSERT INTO V_VAL
	VALUES ("6c1d321d-7dc8-4836-a1f0-83a546fe4e99",
	0,
	0,
	6,
	62,
	67,
	0,
	0,
	0,
	0,
	"ba5eda7a-def5-0000-0000-00000000000e",
	"a104fe76-a851-433f-8c0e-b2b4a7e57796");
INSERT INTO V_TVL
	VALUES ("6c1d321d-7dc8-4836-a1f0-83a546fe4e99",
	"6eef4dd6-5716-451b-b0cb-d75fac1c5b8e");
INSERT INTO V_PAR
	VALUES ("6c1d321d-7dc8-4836-a1f0-83a546fe4e99",
	"d55cc235-d237-4c11-bf8d-8bdeed600e45",
	"00000000-0000-0000-0000-000000000000",
	'toDate',
	"00000000-0000-0000-0000-000000000000",
	6,
	54);
INSERT INTO V_VAL
	VALUES ("e7bbe6cc-0094-4c9e-8e5e-ff1021a17bb5",
	0,
	0,
	7,
	31,
	31,
	0,
	0,
	0,
	0,
	"ba5eda7a-def5-0000-0000-000000000002",
	"a104fe76-a851-433f-8c0e-b2b4a7e57796");
INSERT INTO V_LIN
	VALUES ("e7bbe6cc-0094-4c9e-8e5e-ff1021a17bb5",
	'0');
INSERT INTO V_PAR
	VALUES ("e7bbe6cc-0094-4c9e-8e5e-ff1021a17bb5",
	"f2555b7f-913d-4919-b436-7f4a91b2b92d",
	"00000000-0000-0000-0000-000000000000",
	'desiredType',
	"f7d827be-b834-4bee-9491-73000acc31f4",
	7,
	19);
INSERT INTO V_VAL
	VALUES ("f7d827be-b834-4bee-9491-73000acc31f4",
	0,
	0,
	7,
	44,
	51,
	0,
	0,
	0,
	0,
	"ba5eda7a-def5-0000-0000-00000000000e",
	"a104fe76-a851-433f-8c0e-b2b4a7e57796");
INSERT INTO V_TVL
	VALUES ("f7d827be-b834-4bee-9491-73000acc31f4",
	"339bb278-92c6-4ade-ad00-80584eec2a9b");
INSERT INTO V_PAR
	VALUES ("f7d827be-b834-4bee-9491-73000acc31f4",
	"f2555b7f-913d-4919-b436-7f4a91b2b92d",
	"00000000-0000-0000-0000-000000000000",
	'fromDate',
	"d1f9e862-7451-4515-97d5-a0c4ae569918",
	7,
	34);
INSERT INTO V_VAL
	VALUES ("d1f9e862-7451-4515-97d5-a0c4ae569918",
	0,
	0,
	7,
	62,
	67,
	0,
	0,
	0,
	0,
	"ba5eda7a-def5-0000-0000-00000000000e",
	"a104fe76-a851-433f-8c0e-b2b4a7e57796");
INSERT INTO V_TVL
	VALUES ("d1f9e862-7451-4515-97d5-a0c4ae569918",
	"6eef4dd6-5716-451b-b0cb-d75fac1c5b8e");
INSERT INTO V_PAR
	VALUES ("d1f9e862-7451-4515-97d5-a0c4ae569918",
	"f2555b7f-913d-4919-b436-7f4a91b2b92d",
	"00000000-0000-0000-0000-000000000000",
	'toDate',
	"00000000-0000-0000-0000-000000000000",
	7,
	54);
INSERT INTO V_VAL
	VALUES ("7e9680bd-195b-4a47-a6e5-abfd8b4b505e",
	0,
	0,
	8,
	31,
	31,
	0,
	0,
	0,
	0,
	"ba5eda7a-def5-0000-0000-000000000002",
	"a104fe76-a851-433f-8c0e-b2b4a7e57796");
INSERT INTO V_LIN
	VALUES ("7e9680bd-195b-4a47-a6e5-abfd8b4b505e",
	'0');
INSERT INTO V_PAR
	VALUES ("7e9680bd-195b-4a47-a6e5-abfd8b4b505e",
	"ba454595-1c9b-4446-acc0-f17d1a855ffd",
	"00000000-0000-0000-0000-000000000000",
	'desiredType',
	"35dfbf39-76ed-4205-add1-ff1ffcdecd9b",
	8,
	19);
INSERT INTO V_VAL
	VALUES ("35dfbf39-76ed-4205-add1-ff1ffcdecd9b",
	0,
	0,
	8,
	44,
	51,
	0,
	0,
	0,
	0,
	"ba5eda7a-def5-0000-0000-00000000000e",
	"a104fe76-a851-433f-8c0e-b2b4a7e57796");
INSERT INTO V_TVL
	VALUES ("35dfbf39-76ed-4205-add1-ff1ffcdecd9b",
	"339bb278-92c6-4ade-ad00-80584eec2a9b");
INSERT INTO V_PAR
	VALUES ("35dfbf39-76ed-4205-add1-ff1ffcdecd9b",
	"ba454595-1c9b-4446-acc0-f17d1a855ffd",
	"00000000-0000-0000-0000-000000000000",
	'fromDate',
	"0da407a7-3f02-4900-8a29-f34aaf6a45aa",
	8,
	34);
INSERT INTO V_VAL
	VALUES ("0da407a7-3f02-4900-8a29-f34aaf6a45aa",
	0,
	0,
	8,
	62,
	67,
	0,
	0,
	0,
	0,
	"ba5eda7a-def5-0000-0000-00000000000e",
	"a104fe76-a851-433f-8c0e-b2b4a7e57796");
INSERT INTO V_TVL
	VALUES ("0da407a7-3f02-4900-8a29-f34aaf6a45aa",
	"6eef4dd6-5716-451b-b0cb-d75fac1c5b8e");
INSERT INTO V_PAR
	VALUES ("0da407a7-3f02-4900-8a29-f34aaf6a45aa",
	"ba454595-1c9b-4446-acc0-f17d1a855ffd",
	"00000000-0000-0000-0000-000000000000",
	'toDate',
	"00000000-0000-0000-0000-000000000000",
	8,
	54);
INSERT INTO V_VAL
	VALUES ("f517d38c-216e-4815-8693-a67f3338800b",
	0,
	0,
	10,
	31,
	31,
	0,
	0,
	0,
	0,
	"ba5eda7a-def5-0000-0000-000000000002",
	"a104fe76-a851-433f-8c0e-b2b4a7e57796");
INSERT INTO V_LIN
	VALUES ("f517d38c-216e-4815-8693-a67f3338800b",
	'1');
INSERT INTO V_PAR
	VALUES ("f517d38c-216e-4815-8693-a67f3338800b",
	"5b872b51-2e0f-4281-9e80-7db51c624f26",
	"00000000-0000-0000-0000-000000000000",
	'desiredType',
	"6d357796-757d-4985-9a36-c950704fb580",
	10,
	19);
INSERT INTO V_VAL
	VALUES ("6d357796-757d-4985-9a36-c950704fb580",
	0,
	0,
	10,
	44,
	51,
	0,
	0,
	0,
	0,
	"ba5eda7a-def5-0000-0000-00000000000e",
	"a104fe76-a851-433f-8c0e-b2b4a7e57796");
INSERT INTO V_TVL
	VALUES ("6d357796-757d-4985-9a36-c950704fb580",
	"339bb278-92c6-4ade-ad00-80584eec2a9b");
INSERT INTO V_PAR
	VALUES ("6d357796-757d-4985-9a36-c950704fb580",
	"5b872b51-2e0f-4281-9e80-7db51c624f26",
	"00000000-0000-0000-0000-000000000000",
	'fromDate',
	"8e5c92d7-2d05-4754-bb65-41b002d8604f",
	10,
	34);
INSERT INTO V_VAL
	VALUES ("8e5c92d7-2d05-4754-bb65-41b002d8604f",
	0,
	0,
	10,
	62,
	67,
	0,
	0,
	0,
	0,
	"ba5eda7a-def5-0000-0000-00000000000e",
	"a104fe76-a851-433f-8c0e-b2b4a7e57796");
INSERT INTO V_TVL
	VALUES ("8e5c92d7-2d05-4754-bb65-41b002d8604f",
	"6eef4dd6-5716-451b-b0cb-d75fac1c5b8e");
INSERT INTO V_PAR
	VALUES ("8e5c92d7-2d05-4754-bb65-41b002d8604f",
	"5b872b51-2e0f-4281-9e80-7db51c624f26",
	"00000000-0000-0000-0000-000000000000",
	'toDate',
	"00000000-0000-0000-0000-000000000000",
	10,
	54);
INSERT INTO V_VAL
	VALUES ("d447c026-85d8-4176-8d40-b4b41735b0ed",
	0,
	0,
	11,
	31,
	31,
	0,
	0,
	0,
	0,
	"ba5eda7a-def5-0000-0000-000000000002",
	"a104fe76-a851-433f-8c0e-b2b4a7e57796");
INSERT INTO V_LIN
	VALUES ("d447c026-85d8-4176-8d40-b4b41735b0ed",
	'1');
INSERT INTO V_PAR
	VALUES ("d447c026-85d8-4176-8d40-b4b41735b0ed",
	"443c75d5-ba92-4648-878d-1e4ca613f081",
	"00000000-0000-0000-0000-000000000000",
	'desiredType',
	"f3abba21-9013-4871-9419-09e1213e257d",
	11,
	19);
INSERT INTO V_VAL
	VALUES ("f3abba21-9013-4871-9419-09e1213e257d",
	0,
	0,
	11,
	44,
	51,
	0,
	0,
	0,
	0,
	"ba5eda7a-def5-0000-0000-00000000000e",
	"a104fe76-a851-433f-8c0e-b2b4a7e57796");
INSERT INTO V_TVL
	VALUES ("f3abba21-9013-4871-9419-09e1213e257d",
	"339bb278-92c6-4ade-ad00-80584eec2a9b");
INSERT INTO V_PAR
	VALUES ("f3abba21-9013-4871-9419-09e1213e257d",
	"443c75d5-ba92-4648-878d-1e4ca613f081",
	"00000000-0000-0000-0000-000000000000",
	'fromDate',
	"c8c8c967-7d4f-43f9-bc5c-81daff80e262",
	11,
	34);
INSERT INTO V_VAL
	VALUES ("c8c8c967-7d4f-43f9-bc5c-81daff80e262",
	0,
	0,
	11,
	62,
	67,
	0,
	0,
	0,
	0,
	"ba5eda7a-def5-0000-0000-00000000000e",
	"a104fe76-a851-433f-8c0e-b2b4a7e57796");
INSERT INTO V_TVL
	VALUES ("c8c8c967-7d4f-43f9-bc5c-81daff80e262",
	"6eef4dd6-5716-451b-b0cb-d75fac1c5b8e");
INSERT INTO V_PAR
	VALUES ("c8c8c967-7d4f-43f9-bc5c-81daff80e262",
	"443c75d5-ba92-4648-878d-1e4ca613f081",
	"00000000-0000-0000-0000-000000000000",
	'toDate',
	"00000000-0000-0000-0000-000000000000",
	11,
	54);
INSERT INTO V_VAL
	VALUES ("33897484-4160-4fac-8538-40000140a9b2",
	0,
	0,
	12,
	31,
	31,
	0,
	0,
	0,
	0,
	"ba5eda7a-def5-0000-0000-000000000002",
	"a104fe76-a851-433f-8c0e-b2b4a7e57796");
INSERT INTO V_LIN
	VALUES ("33897484-4160-4fac-8538-40000140a9b2",
	'1');
INSERT INTO V_PAR
	VALUES ("33897484-4160-4fac-8538-40000140a9b2",
	"e339b48d-4376-44af-8ea1-42624af9f284",
	"00000000-0000-0000-0000-000000000000",
	'desiredType',
	"64e89bcd-62eb-4879-8c42-4f7bd77893c9",
	12,
	19);
INSERT INTO V_VAL
	VALUES ("64e89bcd-62eb-4879-8c42-4f7bd77893c9",
	0,
	0,
	12,
	44,
	51,
	0,
	0,
	0,
	0,
	"ba5eda7a-def5-0000-0000-00000000000e",
	"a104fe76-a851-433f-8c0e-b2b4a7e57796");
INSERT INTO V_TVL
	VALUES ("64e89bcd-62eb-4879-8c42-4f7bd77893c9",
	"339bb278-92c6-4ade-ad00-80584eec2a9b");
INSERT INTO V_PAR
	VALUES ("64e89bcd-62eb-4879-8c42-4f7bd77893c9",
	"e339b48d-4376-44af-8ea1-42624af9f284",
	"00000000-0000-0000-0000-000000000000",
	'fromDate',
	"2bdd4806-e34a-436f-ba15-27a44bbc7fd0",
	12,
	34);
INSERT INTO V_VAL
	VALUES ("2bdd4806-e34a-436f-ba15-27a44bbc7fd0",
	0,
	0,
	12,
	62,
	67,
	0,
	0,
	0,
	0,
	"ba5eda7a-def5-0000-0000-00000000000e",
	"a104fe76-a851-433f-8c0e-b2b4a7e57796");
INSERT INTO V_TVL
	VALUES ("2bdd4806-e34a-436f-ba15-27a44bbc7fd0",
	"6eef4dd6-5716-451b-b0cb-d75fac1c5b8e");
INSERT INTO V_PAR
	VALUES ("2bdd4806-e34a-436f-ba15-27a44bbc7fd0",
	"e339b48d-4376-44af-8ea1-42624af9f284",
	"00000000-0000-0000-0000-000000000000",
	'toDate',
	"00000000-0000-0000-0000-000000000000",
	12,
	54);
INSERT INTO V_VAL
	VALUES ("e5c55376-6ab0-4ac0-86ab-f32f08669f52",
	0,
	0,
	13,
	31,
	31,
	0,
	0,
	0,
	0,
	"ba5eda7a-def5-0000-0000-000000000002",
	"a104fe76-a851-433f-8c0e-b2b4a7e57796");
INSERT INTO V_LIN
	VALUES ("e5c55376-6ab0-4ac0-86ab-f32f08669f52",
	'1');
INSERT INTO V_PAR
	VALUES ("e5c55376-6ab0-4ac0-86ab-f32f08669f52",
	"c93c5215-6b57-431d-9d34-5b758ee6d2d2",
	"00000000-0000-0000-0000-000000000000",
	'desiredType',
	"80f3d7e4-4b75-4fe8-bfbd-875eecec149e",
	13,
	19);
INSERT INTO V_VAL
	VALUES ("80f3d7e4-4b75-4fe8-bfbd-875eecec149e",
	0,
	0,
	13,
	44,
	51,
	0,
	0,
	0,
	0,
	"ba5eda7a-def5-0000-0000-00000000000e",
	"a104fe76-a851-433f-8c0e-b2b4a7e57796");
INSERT INTO V_TVL
	VALUES ("80f3d7e4-4b75-4fe8-bfbd-875eecec149e",
	"339bb278-92c6-4ade-ad00-80584eec2a9b");
INSERT INTO V_PAR
	VALUES ("80f3d7e4-4b75-4fe8-bfbd-875eecec149e",
	"c93c5215-6b57-431d-9d34-5b758ee6d2d2",
	"00000000-0000-0000-0000-000000000000",
	'fromDate',
	"2ae98fdc-995d-4286-a175-35afa62f6c4c",
	13,
	34);
INSERT INTO V_VAL
	VALUES ("2ae98fdc-995d-4286-a175-35afa62f6c4c",
	0,
	0,
	13,
	62,
	67,
	0,
	0,
	0,
	0,
	"ba5eda7a-def5-0000-0000-00000000000e",
	"a104fe76-a851-433f-8c0e-b2b4a7e57796");
INSERT INTO V_TVL
	VALUES ("2ae98fdc-995d-4286-a175-35afa62f6c4c",
	"6eef4dd6-5716-451b-b0cb-d75fac1c5b8e");
INSERT INTO V_PAR
	VALUES ("2ae98fdc-995d-4286-a175-35afa62f6c4c",
	"c93c5215-6b57-431d-9d34-5b758ee6d2d2",
	"00000000-0000-0000-0000-000000000000",
	'toDate',
	"00000000-0000-0000-0000-000000000000",
	13,
	54);
INSERT INTO V_VAR
	VALUES ("339bb278-92c6-4ade-ad00-80584eec2a9b",
	"a104fe76-a851-433f-8c0e-b2b4a7e57796",
	'fromDate',
	1,
	"ba5eda7a-def5-0000-0000-00000000000e");
INSERT INTO V_TRN
	VALUES ("339bb278-92c6-4ade-ad00-80584eec2a9b",
	"00000000-0000-0000-0000-000000000000",
	'');
INSERT INTO V_LOC
	VALUES ("373dbe96-fb44-438e-b36a-1ef478c268b3",
	2,
	1,
	8,
	"339bb278-92c6-4ade-ad00-80584eec2a9b");
INSERT INTO V_LOC
	VALUES ("f359f0a1-bcef-4297-844a-992c9349766c",
	5,
	44,
	51,
	"339bb278-92c6-4ade-ad00-80584eec2a9b");
INSERT INTO V_LOC
	VALUES ("ac332670-005b-4ae7-bcf4-25e7338f90ee",
	6,
	44,
	51,
	"339bb278-92c6-4ade-ad00-80584eec2a9b");
INSERT INTO V_LOC
	VALUES ("ca96ec39-8705-4407-b73e-931b9ec8ca57",
	7,
	44,
	51,
	"339bb278-92c6-4ade-ad00-80584eec2a9b");
INSERT INTO V_LOC
	VALUES ("efbaaddf-9666-4c90-b7cb-ec88589a100c",
	8,
	44,
	51,
	"339bb278-92c6-4ade-ad00-80584eec2a9b");
INSERT INTO V_LOC
	VALUES ("6c27043e-d218-41d8-8925-ee68e2e3508b",
	10,
	44,
	51,
	"339bb278-92c6-4ade-ad00-80584eec2a9b");
INSERT INTO V_LOC
	VALUES ("0c4e3577-d82e-493c-9dfc-96195434a448",
	11,
	44,
	51,
	"339bb278-92c6-4ade-ad00-80584eec2a9b");
INSERT INTO V_LOC
	VALUES ("e301423d-1df4-4ffa-84b8-60bd0948e6d4",
	12,
	44,
	51,
	"339bb278-92c6-4ade-ad00-80584eec2a9b");
INSERT INTO V_LOC
	VALUES ("bffe627b-8eb3-46c8-bf03-c20ee4f6090c",
	13,
	44,
	51,
	"339bb278-92c6-4ade-ad00-80584eec2a9b");
INSERT INTO V_VAR
	VALUES ("6eef4dd6-5716-451b-b0cb-d75fac1c5b8e",
	"a104fe76-a851-433f-8c0e-b2b4a7e57796",
	'toDate',
	1,
	"ba5eda7a-def5-0000-0000-00000000000e");
INSERT INTO V_TRN
	VALUES ("6eef4dd6-5716-451b-b0cb-d75fac1c5b8e",
	"00000000-0000-0000-0000-000000000000",
	'');
INSERT INTO V_LOC
	VALUES ("810a1020-b05c-4502-ad59-ed16438184f2",
	3,
	1,
	6,
	"6eef4dd6-5716-451b-b0cb-d75fac1c5b8e");
INSERT INTO V_LOC
	VALUES ("bc57e5ba-d6fb-4d02-95c7-669eb4bc90bc",
	5,
	62,
	67,
	"6eef4dd6-5716-451b-b0cb-d75fac1c5b8e");
INSERT INTO V_LOC
	VALUES ("d2f5ed6a-5253-408b-a582-d20433a5eab3",
	6,
	62,
	67,
	"6eef4dd6-5716-451b-b0cb-d75fac1c5b8e");
INSERT INTO V_LOC
	VALUES ("a3f0a5d8-bbc9-4b20-bcf2-672ccfd109ed",
	7,
	62,
	67,
	"6eef4dd6-5716-451b-b0cb-d75fac1c5b8e");
INSERT INTO V_LOC
	VALUES ("cc7e4c12-b4b3-4bcb-bad5-a480f65013aa",
	8,
	62,
	67,
	"6eef4dd6-5716-451b-b0cb-d75fac1c5b8e");
INSERT INTO V_LOC
	VALUES ("337a1782-6786-4481-a5a9-6f75b4b42ba1",
	10,
	62,
	67,
	"6eef4dd6-5716-451b-b0cb-d75fac1c5b8e");
INSERT INTO V_LOC
	VALUES ("5120cb37-7232-4afa-875b-ce84424a5684",
	11,
	62,
	67,
	"6eef4dd6-5716-451b-b0cb-d75fac1c5b8e");
INSERT INTO V_LOC
	VALUES ("ad22a874-3114-45ca-9672-82e6c00184fd",
	12,
	62,
	67,
	"6eef4dd6-5716-451b-b0cb-d75fac1c5b8e");
INSERT INTO V_LOC
	VALUES ("b2b08618-ad4e-47ed-82e2-6ae132f49eab",
	13,
	62,
	67,
	"6eef4dd6-5716-451b-b0cb-d75fac1c5b8e");
INSERT INTO PE_PE
	VALUES ("49f70ff6-382b-4698-b113-fcbae0a4c2cd",
	1,
	"dcd45889-1e8f-44ce-a0ac-90e67ced68c3",
	"00000000-0000-0000-0000-000000000000",
	1);
INSERT INTO S_SYNC
	VALUES ("49f70ff6-382b-4698-b113-fcbae0a4c2cd",
	"00000000-0000-0000-0000-000000000000",
	'startSingleSimpleTest',
	'',
	'
fromDate = TIM::create_date(day:1, month:1, year:2010, second:8, minute:12, hour:4);
toDate = TIM::create_date(day:2, month:1, year:2010, second:8, minute:12, hour:4);

::startSimpleTest(desiredType:1, fromDate: fromDate, toDate: toDate);',
	"ba5eda7a-def5-0000-0000-000000000000",
	1,
	'');
INSERT INTO ACT_FNB
	VALUES ("632abdfb-08ee-4388-8e1b-b12492311d97",
	"49f70ff6-382b-4698-b113-fcbae0a4c2cd");
INSERT INTO ACT_ACT
	VALUES ("632abdfb-08ee-4388-8e1b-b12492311d97",
	'function',
	0,
	"b595f6b4-5f36-45f6-af63-2a9d91026754",
	"00000000-0000-0000-0000-000000000000",
	0,
	'startSingleSimpleTest',
	"00000000-0000-0000-0000-000000000000");
INSERT INTO ACT_BLK
	VALUES ("b595f6b4-5f36-45f6-af63-2a9d91026754",
	0,
	0,
	0,
	'TIM',
	'',
	'',
	5,
	1,
	3,
	10,
	0,
	0,
	0,
	0,
	0,
	0,
	0,
	0,
	0,
	"632abdfb-08ee-4388-8e1b-b12492311d97",
	"00000000-0000-0000-0000-000000000000");
INSERT INTO ACT_SMT
	VALUES ("02e55cc7-a6a1-49be-8172-188a7f4daba3",
	"b595f6b4-5f36-45f6-af63-2a9d91026754",
	"5b86c0a9-3074-452c-8354-9d31b78e19cc",
	2,
	1,
	'startSingleSimpleTest line: 2');
INSERT INTO ACT_AI
	VALUES ("02e55cc7-a6a1-49be-8172-188a7f4daba3",
	"171b9a65-83b6-4177-a9cc-0eba5b36435e",
	"684be231-85f8-46d2-8ba7-0cec392d45c3",
	0,
	0);
INSERT INTO ACT_SMT
	VALUES ("5b86c0a9-3074-452c-8354-9d31b78e19cc",
	"b595f6b4-5f36-45f6-af63-2a9d91026754",
	"7870ca58-7ddc-425b-aabb-a8221c48baf3",
	3,
	1,
	'startSingleSimpleTest line: 3');
INSERT INTO ACT_AI
	VALUES ("5b86c0a9-3074-452c-8354-9d31b78e19cc",
	"5cf86d57-6eac-4716-8cec-c47683283e5c",
	"1954e1eb-a7fb-49d9-98c2-003a5046a0d7",
	0,
	0);
INSERT INTO ACT_SMT
	VALUES ("7870ca58-7ddc-425b-aabb-a8221c48baf3",
	"b595f6b4-5f36-45f6-af63-2a9d91026754",
	"00000000-0000-0000-0000-000000000000",
	5,
	1,
	'startSingleSimpleTest line: 5');
INSERT INTO ACT_FNC
	VALUES ("7870ca58-7ddc-425b-aabb-a8221c48baf3",
	"68467367-5409-4c38-b4e4-909abfbab8a5",
	5,
	3);
INSERT INTO V_VAL
	VALUES ("684be231-85f8-46d2-8ba7-0cec392d45c3",
	1,
	1,
	2,
	1,
	8,
	0,
	0,
	0,
	0,
	"ba5eda7a-def5-0000-0000-00000000000e",
	"b595f6b4-5f36-45f6-af63-2a9d91026754");
INSERT INTO V_TVL
	VALUES ("684be231-85f8-46d2-8ba7-0cec392d45c3",
	"0acdd429-14ab-49a4-8eaa-05e8bf1dfb86");
INSERT INTO V_VAL
	VALUES ("171b9a65-83b6-4177-a9cc-0eba5b36435e",
	0,
	0,
	2,
	17,
	-1,
	2,
	29,
	2,
	77,
	"ba5eda7a-def5-0000-0000-00000000000e",
	"b595f6b4-5f36-45f6-af63-2a9d91026754");
INSERT INTO V_BRV
	VALUES ("171b9a65-83b6-4177-a9cc-0eba5b36435e",
	"46742184-2efc-49e2-9fe1-e62dcc44be84",
	1,
	2,
	12);
INSERT INTO V_VAL
	VALUES ("3b29efba-24ac-4acd-b216-fc921e8df16c",
	0,
	0,
	2,
	33,
	33,
	0,
	0,
	0,
	0,
	"ba5eda7a-def5-0000-0000-000000000002",
	"b595f6b4-5f36-45f6-af63-2a9d91026754");
INSERT INTO V_LIN
	VALUES ("3b29efba-24ac-4acd-b216-fc921e8df16c",
	'1');
INSERT INTO V_PAR
	VALUES ("3b29efba-24ac-4acd-b216-fc921e8df16c",
	"00000000-0000-0000-0000-000000000000",
	"171b9a65-83b6-4177-a9cc-0eba5b36435e",
	'day',
	"ec938b96-4c59-457b-9422-360dfe20bfc2",
	2,
	29);
INSERT INTO V_VAL
	VALUES ("ec938b96-4c59-457b-9422-360dfe20bfc2",
	0,
	0,
	2,
	42,
	42,
	0,
	0,
	0,
	0,
	"ba5eda7a-def5-0000-0000-000000000002",
	"b595f6b4-5f36-45f6-af63-2a9d91026754");
INSERT INTO V_LIN
	VALUES ("ec938b96-4c59-457b-9422-360dfe20bfc2",
	'1');
INSERT INTO V_PAR
	VALUES ("ec938b96-4c59-457b-9422-360dfe20bfc2",
	"00000000-0000-0000-0000-000000000000",
	"171b9a65-83b6-4177-a9cc-0eba5b36435e",
	'month',
	"bf0942eb-68ff-4a20-9522-e853f55be28b",
	2,
	36);
INSERT INTO V_VAL
	VALUES ("bf0942eb-68ff-4a20-9522-e853f55be28b",
	0,
	0,
	2,
	50,
	53,
	0,
	0,
	0,
	0,
	"ba5eda7a-def5-0000-0000-000000000002",
	"b595f6b4-5f36-45f6-af63-2a9d91026754");
INSERT INTO V_LIN
	VALUES ("bf0942eb-68ff-4a20-9522-e853f55be28b",
	'2010');
INSERT INTO V_PAR
	VALUES ("bf0942eb-68ff-4a20-9522-e853f55be28b",
	"00000000-0000-0000-0000-000000000000",
	"171b9a65-83b6-4177-a9cc-0eba5b36435e",
	'year',
	"dbe53b09-3033-404f-8ba5-c97194589f9d",
	2,
	45);
INSERT INTO V_VAL
	VALUES ("dbe53b09-3033-404f-8ba5-c97194589f9d",
	0,
	0,
	2,
	63,
	63,
	0,
	0,
	0,
	0,
	"ba5eda7a-def5-0000-0000-000000000002",
	"b595f6b4-5f36-45f6-af63-2a9d91026754");
INSERT INTO V_LIN
	VALUES ("dbe53b09-3033-404f-8ba5-c97194589f9d",
	'8');
INSERT INTO V_PAR
	VALUES ("dbe53b09-3033-404f-8ba5-c97194589f9d",
	"00000000-0000-0000-0000-000000000000",
	"171b9a65-83b6-4177-a9cc-0eba5b36435e",
	'second',
	"588ec60c-6bc4-4052-aee2-72ae17ea2f90",
	2,
	56);
INSERT INTO V_VAL
	VALUES ("588ec60c-6bc4-4052-aee2-72ae17ea2f90",
	0,
	0,
	2,
	73,
	74,
	0,
	0,
	0,
	0,
	"ba5eda7a-def5-0000-0000-000000000002",
	"b595f6b4-5f36-45f6-af63-2a9d91026754");
INSERT INTO V_LIN
	VALUES ("588ec60c-6bc4-4052-aee2-72ae17ea2f90",
	'12');
INSERT INTO V_PAR
	VALUES ("588ec60c-6bc4-4052-aee2-72ae17ea2f90",
	"00000000-0000-0000-0000-000000000000",
	"171b9a65-83b6-4177-a9cc-0eba5b36435e",
	'minute',
	"a163e6f1-740a-47a8-b1a2-d83bbcb45e7f",
	2,
	66);
INSERT INTO V_VAL
	VALUES ("a163e6f1-740a-47a8-b1a2-d83bbcb45e7f",
	0,
	0,
	2,
	82,
	82,
	0,
	0,
	0,
	0,
	"ba5eda7a-def5-0000-0000-000000000002",
	"b595f6b4-5f36-45f6-af63-2a9d91026754");
INSERT INTO V_LIN
	VALUES ("a163e6f1-740a-47a8-b1a2-d83bbcb45e7f",
	'4');
INSERT INTO V_PAR
	VALUES ("a163e6f1-740a-47a8-b1a2-d83bbcb45e7f",
	"00000000-0000-0000-0000-000000000000",
	"171b9a65-83b6-4177-a9cc-0eba5b36435e",
	'hour',
	"00000000-0000-0000-0000-000000000000",
	2,
	77);
INSERT INTO V_VAL
	VALUES ("1954e1eb-a7fb-49d9-98c2-003a5046a0d7",
	1,
	1,
	3,
	1,
	6,
	0,
	0,
	0,
	0,
	"ba5eda7a-def5-0000-0000-00000000000e",
	"b595f6b4-5f36-45f6-af63-2a9d91026754");
INSERT INTO V_TVL
	VALUES ("1954e1eb-a7fb-49d9-98c2-003a5046a0d7",
	"5ff78578-ec44-4d4b-a5bf-31b7c5b30a47");
INSERT INTO V_VAL
	VALUES ("5cf86d57-6eac-4716-8cec-c47683283e5c",
	0,
	0,
	3,
	15,
	-1,
	3,
	27,
	3,
	75,
	"ba5eda7a-def5-0000-0000-00000000000e",
	"b595f6b4-5f36-45f6-af63-2a9d91026754");
INSERT INTO V_BRV
	VALUES ("5cf86d57-6eac-4716-8cec-c47683283e5c",
	"46742184-2efc-49e2-9fe1-e62dcc44be84",
	1,
	3,
	10);
INSERT INTO V_VAL
	VALUES ("18ed9013-2b21-4035-962b-ecc79686b21e",
	0,
	0,
	3,
	31,
	31,
	0,
	0,
	0,
	0,
	"ba5eda7a-def5-0000-0000-000000000002",
	"b595f6b4-5f36-45f6-af63-2a9d91026754");
INSERT INTO V_LIN
	VALUES ("18ed9013-2b21-4035-962b-ecc79686b21e",
	'2');
INSERT INTO V_PAR
	VALUES ("18ed9013-2b21-4035-962b-ecc79686b21e",
	"00000000-0000-0000-0000-000000000000",
	"5cf86d57-6eac-4716-8cec-c47683283e5c",
	'day',
	"3e33028b-f920-48c5-b791-e655e6bbdf11",
	3,
	27);
INSERT INTO V_VAL
	VALUES ("3e33028b-f920-48c5-b791-e655e6bbdf11",
	0,
	0,
	3,
	40,
	40,
	0,
	0,
	0,
	0,
	"ba5eda7a-def5-0000-0000-000000000002",
	"b595f6b4-5f36-45f6-af63-2a9d91026754");
INSERT INTO V_LIN
	VALUES ("3e33028b-f920-48c5-b791-e655e6bbdf11",
	'1');
INSERT INTO V_PAR
	VALUES ("3e33028b-f920-48c5-b791-e655e6bbdf11",
	"00000000-0000-0000-0000-000000000000",
	"5cf86d57-6eac-4716-8cec-c47683283e5c",
	'month',
	"bbe2a834-9c89-4b75-98d5-ca1b0f3614c6",
	3,
	34);
INSERT INTO V_VAL
	VALUES ("bbe2a834-9c89-4b75-98d5-ca1b0f3614c6",
	0,
	0,
	3,
	48,
	51,
	0,
	0,
	0,
	0,
	"ba5eda7a-def5-0000-0000-000000000002",
	"b595f6b4-5f36-45f6-af63-2a9d91026754");
INSERT INTO V_LIN
	VALUES ("bbe2a834-9c89-4b75-98d5-ca1b0f3614c6",
	'2010');
INSERT INTO V_PAR
	VALUES ("bbe2a834-9c89-4b75-98d5-ca1b0f3614c6",
	"00000000-0000-0000-0000-000000000000",
	"5cf86d57-6eac-4716-8cec-c47683283e5c",
	'year',
	"66f6ea06-d15b-4aca-b5cd-73275ca7ecfd",
	3,
	43);
INSERT INTO V_VAL
	VALUES ("66f6ea06-d15b-4aca-b5cd-73275ca7ecfd",
	0,
	0,
	3,
	61,
	61,
	0,
	0,
	0,
	0,
	"ba5eda7a-def5-0000-0000-000000000002",
	"b595f6b4-5f36-45f6-af63-2a9d91026754");
INSERT INTO V_LIN
	VALUES ("66f6ea06-d15b-4aca-b5cd-73275ca7ecfd",
	'8');
INSERT INTO V_PAR
	VALUES ("66f6ea06-d15b-4aca-b5cd-73275ca7ecfd",
	"00000000-0000-0000-0000-000000000000",
	"5cf86d57-6eac-4716-8cec-c47683283e5c",
	'second',
	"f83fe339-1698-475c-9855-5d77e8eab153",
	3,
	54);
INSERT INTO V_VAL
	VALUES ("f83fe339-1698-475c-9855-5d77e8eab153",
	0,
	0,
	3,
	71,
	72,
	0,
	0,
	0,
	0,
	"ba5eda7a-def5-0000-0000-000000000002",
	"b595f6b4-5f36-45f6-af63-2a9d91026754");
INSERT INTO V_LIN
	VALUES ("f83fe339-1698-475c-9855-5d77e8eab153",
	'12');
INSERT INTO V_PAR
	VALUES ("f83fe339-1698-475c-9855-5d77e8eab153",
	"00000000-0000-0000-0000-000000000000",
	"5cf86d57-6eac-4716-8cec-c47683283e5c",
	'minute',
	"2639de66-2da5-4bef-860e-d0b3f417ce29",
	3,
	64);
INSERT INTO V_VAL
	VALUES ("2639de66-2da5-4bef-860e-d0b3f417ce29",
	0,
	0,
	3,
	80,
	80,
	0,
	0,
	0,
	0,
	"ba5eda7a-def5-0000-0000-000000000002",
	"b595f6b4-5f36-45f6-af63-2a9d91026754");
INSERT INTO V_LIN
	VALUES ("2639de66-2da5-4bef-860e-d0b3f417ce29",
	'4');
INSERT INTO V_PAR
	VALUES ("2639de66-2da5-4bef-860e-d0b3f417ce29",
	"00000000-0000-0000-0000-000000000000",
	"5cf86d57-6eac-4716-8cec-c47683283e5c",
	'hour',
	"00000000-0000-0000-0000-000000000000",
	3,
	75);
INSERT INTO V_VAL
	VALUES ("8efd5e29-909e-4f04-afa3-f82573c8bba6",
	0,
	0,
	5,
	31,
	31,
	0,
	0,
	0,
	0,
	"ba5eda7a-def5-0000-0000-000000000002",
	"b595f6b4-5f36-45f6-af63-2a9d91026754");
INSERT INTO V_LIN
	VALUES ("8efd5e29-909e-4f04-afa3-f82573c8bba6",
	'1');
INSERT INTO V_PAR
	VALUES ("8efd5e29-909e-4f04-afa3-f82573c8bba6",
	"7870ca58-7ddc-425b-aabb-a8221c48baf3",
	"00000000-0000-0000-0000-000000000000",
	'desiredType',
	"fc3d2791-e13a-4121-8685-d7c0e1ef3cf2",
	5,
	19);
INSERT INTO V_VAL
	VALUES ("fc3d2791-e13a-4121-8685-d7c0e1ef3cf2",
	0,
	0,
	5,
	44,
	51,
	0,
	0,
	0,
	0,
	"ba5eda7a-def5-0000-0000-00000000000e",
	"b595f6b4-5f36-45f6-af63-2a9d91026754");
INSERT INTO V_TVL
	VALUES ("fc3d2791-e13a-4121-8685-d7c0e1ef3cf2",
	"0acdd429-14ab-49a4-8eaa-05e8bf1dfb86");
INSERT INTO V_PAR
	VALUES ("fc3d2791-e13a-4121-8685-d7c0e1ef3cf2",
	"7870ca58-7ddc-425b-aabb-a8221c48baf3",
	"00000000-0000-0000-0000-000000000000",
	'fromDate',
	"b0218cb4-0eea-41c1-b476-fda1d5b93ff8",
	5,
	34);
INSERT INTO V_VAL
	VALUES ("b0218cb4-0eea-41c1-b476-fda1d5b93ff8",
	0,
	0,
	5,
	62,
	67,
	0,
	0,
	0,
	0,
	"ba5eda7a-def5-0000-0000-00000000000e",
	"b595f6b4-5f36-45f6-af63-2a9d91026754");
INSERT INTO V_TVL
	VALUES ("b0218cb4-0eea-41c1-b476-fda1d5b93ff8",
	"5ff78578-ec44-4d4b-a5bf-31b7c5b30a47");
INSERT INTO V_PAR
	VALUES ("b0218cb4-0eea-41c1-b476-fda1d5b93ff8",
	"7870ca58-7ddc-425b-aabb-a8221c48baf3",
	"00000000-0000-0000-0000-000000000000",
	'toDate',
	"00000000-0000-0000-0000-000000000000",
	5,
	54);
INSERT INTO V_VAR
	VALUES ("0acdd429-14ab-49a4-8eaa-05e8bf1dfb86",
	"b595f6b4-5f36-45f6-af63-2a9d91026754",
	'fromDate',
	1,
	"ba5eda7a-def5-0000-0000-00000000000e");
INSERT INTO V_TRN
	VALUES ("0acdd429-14ab-49a4-8eaa-05e8bf1dfb86",
	"00000000-0000-0000-0000-000000000000",
	'');
INSERT INTO V_LOC
	VALUES ("11979be4-f77a-4ff2-963d-e6e5dadc55ce",
	2,
	1,
	8,
	"0acdd429-14ab-49a4-8eaa-05e8bf1dfb86");
INSERT INTO V_LOC
	VALUES ("6f68ab6a-676f-423b-a019-29fac7d54f11",
	5,
	44,
	51,
	"0acdd429-14ab-49a4-8eaa-05e8bf1dfb86");
INSERT INTO V_VAR
	VALUES ("5ff78578-ec44-4d4b-a5bf-31b7c5b30a47",
	"b595f6b4-5f36-45f6-af63-2a9d91026754",
	'toDate',
	1,
	"ba5eda7a-def5-0000-0000-00000000000e");
INSERT INTO V_TRN
	VALUES ("5ff78578-ec44-4d4b-a5bf-31b7c5b30a47",
	"00000000-0000-0000-0000-000000000000",
	'');
INSERT INTO V_LOC
	VALUES ("594ad7fe-2885-4ea9-a17b-05481dee5911",
	3,
	1,
	6,
	"5ff78578-ec44-4d4b-a5bf-31b7c5b30a47");
INSERT INTO V_LOC
	VALUES ("03207103-e0ef-433d-87b1-ba67240d56d9",
	5,
	62,
	67,
	"5ff78578-ec44-4d4b-a5bf-31b7c5b30a47");
INSERT INTO PE_PE
	VALUES ("957fb126-ef8d-425f-9468-0fae325b4780",
	1,
	"dcd45889-1e8f-44ce-a0ac-90e67ced68c3",
	"00000000-0000-0000-0000-000000000000",
	1);
INSERT INTO S_SYNC
	VALUES ("957fb126-ef8d-425f-9468-0fae325b4780",
	"00000000-0000-0000-0000-000000000000",
	'checkInGuestTest',
	'',
	'select any st from instances of SIMPLETEST;

create object instance ct of CHECKINTEST;
generate CHECKINTEST4:start(bookingNumber: st.bookingNumber) to ct;',
	"ba5eda7a-def5-0000-0000-000000000000",
	1,
	'');
INSERT INTO ACT_FNB
	VALUES ("b44de7cd-759f-4296-b076-e3ba7b640825",
	"957fb126-ef8d-425f-9468-0fae325b4780");
INSERT INTO ACT_ACT
	VALUES ("b44de7cd-759f-4296-b076-e3ba7b640825",
	'function',
	0,
	"7a7d4179-f308-45c5-8598-9c644ae159b4",
	"00000000-0000-0000-0000-000000000000",
	0,
	'checkInGuestTest',
	"00000000-0000-0000-0000-000000000000");
INSERT INTO ACT_BLK
	VALUES ("7a7d4179-f308-45c5-8598-9c644ae159b4",
	1,
	0,
	0,
	'V_VAR.Var_ID',
	'bookingNumber',
	'bookingNumber',
	4,
	1,
	3,
	30,
	0,
	0,
	0,
	0,
	0,
	0,
	0,
	0,
	0,
	"b44de7cd-759f-4296-b076-e3ba7b640825",
	"00000000-0000-0000-0000-000000000000");
INSERT INTO ACT_SMT
	VALUES ("ce7ab9a4-f6a8-4b31-95f9-5be8bf2e31aa",
	"7a7d4179-f308-45c5-8598-9c644ae159b4",
	"8b013b1d-3120-4e89-ab7b-69707a53c215",
	1,
	1,
	'checkInGuestTest line: 1');
INSERT INTO ACT_FIO
	VALUES ("ce7ab9a4-f6a8-4b31-95f9-5be8bf2e31aa",
	"638184da-8cd4-4d20-9cd9-69e208a20334",
	1,
	'any',
	"6daee5e1-aefd-49c8-b18d-234fb0eb1928",
	1,
	33);
INSERT INTO ACT_SMT
	VALUES ("8b013b1d-3120-4e89-ab7b-69707a53c215",
	"7a7d4179-f308-45c5-8598-9c644ae159b4",
	"f4e4515a-c74f-4515-984f-a6ed3054ab23",
	3,
	1,
	'checkInGuestTest line: 3');
INSERT INTO ACT_CR
	VALUES ("8b013b1d-3120-4e89-ab7b-69707a53c215",
	"43e2fcbb-b320-4ef9-85f2-e79c8855963b",
	1,
	"168d7ccc-518f-47eb-b748-33ae3e10fea1",
	3,
	30);
INSERT INTO ACT_SMT
	VALUES ("f4e4515a-c74f-4515-984f-a6ed3054ab23",
	"7a7d4179-f308-45c5-8598-9c644ae159b4",
	"00000000-0000-0000-0000-000000000000",
	4,
	1,
	'checkInGuestTest line: 4');
INSERT INTO E_ESS
	VALUES ("f4e4515a-c74f-4515-984f-a6ed3054ab23",
	1,
	0,
	4,
	10,
	4,
	23,
	3,
	30,
	4,
	29,
	0,
	0);
INSERT INTO V_PAR
	VALUES ("4b9912a2-d4be-4c11-a3a5-26012cae4699",
	"f4e4515a-c74f-4515-984f-a6ed3054ab23",
	"00000000-0000-0000-0000-000000000000",
	'bookingNumber',
	"00000000-0000-0000-0000-000000000000",
	4,
	29);
INSERT INTO E_GES
	VALUES ("f4e4515a-c74f-4515-984f-a6ed3054ab23");
INSERT INTO E_GSME
	VALUES ("f4e4515a-c74f-4515-984f-a6ed3054ab23",
	"d54bbb50-1cf8-4d66-ba71-88f824f1afac");
INSERT INTO E_GEN
	VALUES ("f4e4515a-c74f-4515-984f-a6ed3054ab23",
	"43e2fcbb-b320-4ef9-85f2-e79c8855963b");
INSERT INTO V_VAL
	VALUES ("571d1d06-0334-4f61-a2dd-e220dff64c28",
	0,
	0,
	4,
	44,
	45,
	0,
	0,
	0,
	0,
	"9db8c033-ff94-41f2-bd5c-36e5cdae0e4b",
	"7a7d4179-f308-45c5-8598-9c644ae159b4");
INSERT INTO V_IRF
	VALUES ("571d1d06-0334-4f61-a2dd-e220dff64c28",
	"638184da-8cd4-4d20-9cd9-69e208a20334");
INSERT INTO V_VAL
	VALUES ("4b9912a2-d4be-4c11-a3a5-26012cae4699",
	0,
	0,
	4,
	47,
	59,
	0,
	0,
	0,
	0,
	"ba5eda7a-def5-0000-0000-000000000005",
	"7a7d4179-f308-45c5-8598-9c644ae159b4");
INSERT INTO V_AVL
	VALUES ("4b9912a2-d4be-4c11-a3a5-26012cae4699",
	"571d1d06-0334-4f61-a2dd-e220dff64c28",
	"6daee5e1-aefd-49c8-b18d-234fb0eb1928",
	"77000cab-0612-4e4f-84c3-348ad71a5fed");
INSERT INTO V_VAR
	VALUES ("638184da-8cd4-4d20-9cd9-69e208a20334",
	"7a7d4179-f308-45c5-8598-9c644ae159b4",
	'st',
	1,
	"9db8c033-ff94-41f2-bd5c-36e5cdae0e4b");
INSERT INTO V_INT
	VALUES ("638184da-8cd4-4d20-9cd9-69e208a20334",
	0,
	"6daee5e1-aefd-49c8-b18d-234fb0eb1928");
INSERT INTO V_LOC
	VALUES ("0b146bf5-d624-4fec-9a7e-da6d666d60d9",
	1,
	12,
	13,
	"638184da-8cd4-4d20-9cd9-69e208a20334");
INSERT INTO V_LOC
	VALUES ("342f9583-5ce1-42d0-be4d-87d92e00e46d",
	4,
	44,
	45,
	"638184da-8cd4-4d20-9cd9-69e208a20334");
INSERT INTO V_VAR
	VALUES ("43e2fcbb-b320-4ef9-85f2-e79c8855963b",
	"7a7d4179-f308-45c5-8598-9c644ae159b4",
	'ct',
	1,
	"ba5eda7a-def5-0000-0000-000000000008");
INSERT INTO V_INT
	VALUES ("43e2fcbb-b320-4ef9-85f2-e79c8855963b",
	0,
	"168d7ccc-518f-47eb-b748-33ae3e10fea1");
INSERT INTO V_LOC
	VALUES ("e71b64aa-ca9b-4c9c-8596-ae43fdfb6cc9",
	3,
	24,
	25,
	"43e2fcbb-b320-4ef9-85f2-e79c8855963b");
INSERT INTO V_LOC
	VALUES ("e10bb784-3729-4293-9fe2-5e8e07d74b68",
	4,
	65,
	66,
	"43e2fcbb-b320-4ef9-85f2-e79c8855963b");
INSERT INTO PE_PE
	VALUES ("43b76d01-6573-4c8e-a92a-81838016a915",
	1,
	"dcd45889-1e8f-44ce-a0ac-90e67ced68c3",
	"00000000-0000-0000-0000-000000000000",
	1);
INSERT INTO S_SYNC
	VALUES ("43b76d01-6573-4c8e-a92a-81838016a915",
	"00000000-0000-0000-0000-000000000000",
	'checkOutGuestTest',
	'',
	'
name = "Glenn Goe";
age = 13;

select any st from instances of SIMPLETEST;

create object instance ct of CHECKOUTTEST;

generate CHECKOUTTEST1:start(bookingNumber: st.bookingNumber, name: name, age: age) to ct;',
	"ba5eda7a-def5-0000-0000-000000000000",
	1,
	'');
INSERT INTO ACT_FNB
	VALUES ("de99f9b3-2320-47aa-b166-3b0ea7e75c01",
	"43b76d01-6573-4c8e-a92a-81838016a915");
INSERT INTO ACT_ACT
	VALUES ("de99f9b3-2320-47aa-b166-3b0ea7e75c01",
	'function',
	0,
	"2e8b6013-af7c-4dc9-ac33-e48ae4f02aaa",
	"00000000-0000-0000-0000-000000000000",
	0,
	'checkOutGuestTest',
	"00000000-0000-0000-0000-000000000000");
INSERT INTO ACT_BLK
	VALUES ("2e8b6013-af7c-4dc9-ac33-e48ae4f02aaa",
	1,
	0,
	0,
	'V_VAR.Var_ID',
	'bookingNumber',
	'age',
	9,
	1,
	7,
	30,
	0,
	0,
	0,
	0,
	0,
	0,
	0,
	0,
	0,
	"de99f9b3-2320-47aa-b166-3b0ea7e75c01",
	"00000000-0000-0000-0000-000000000000");
INSERT INTO ACT_SMT
	VALUES ("cf5156f8-9813-47f0-b6c6-8a13e734b4ec",
	"2e8b6013-af7c-4dc9-ac33-e48ae4f02aaa",
	"6e64e2c1-8cdf-4450-8e93-231c18d2eac1",
	2,
	1,
	'checkOutGuestTest line: 2');
INSERT INTO ACT_AI
	VALUES ("cf5156f8-9813-47f0-b6c6-8a13e734b4ec",
	"7cfb952c-1818-4bb2-b208-65936504a63f",
	"0b2cc186-fb36-4ccf-ac68-8eb591fc1225",
	0,
	0);
INSERT INTO ACT_SMT
	VALUES ("6e64e2c1-8cdf-4450-8e93-231c18d2eac1",
	"2e8b6013-af7c-4dc9-ac33-e48ae4f02aaa",
	"1899aec6-20d7-4ddb-966a-b06db70971f5",
	3,
	1,
	'checkOutGuestTest line: 3');
INSERT INTO ACT_AI
	VALUES ("6e64e2c1-8cdf-4450-8e93-231c18d2eac1",
	"a714479b-31a6-460e-92b3-b39f699ac938",
	"5c829ecb-26d4-4570-82a7-ccfa4ed93f46",
	0,
	0);
INSERT INTO ACT_SMT
	VALUES ("1899aec6-20d7-4ddb-966a-b06db70971f5",
	"2e8b6013-af7c-4dc9-ac33-e48ae4f02aaa",
	"64909f5e-40bf-40d9-85a9-ed95f047e598",
	5,
	1,
	'checkOutGuestTest line: 5');
INSERT INTO ACT_FIO
	VALUES ("1899aec6-20d7-4ddb-966a-b06db70971f5",
	"10bb8c5c-3721-4100-a1db-8f52c331ba9a",
	1,
	'any',
	"6daee5e1-aefd-49c8-b18d-234fb0eb1928",
	5,
	33);
INSERT INTO ACT_SMT
	VALUES ("64909f5e-40bf-40d9-85a9-ed95f047e598",
	"2e8b6013-af7c-4dc9-ac33-e48ae4f02aaa",
	"8caf531b-5bdd-4a37-b546-c5ae8c6a8670",
	7,
	1,
	'checkOutGuestTest line: 7');
INSERT INTO ACT_CR
	VALUES ("64909f5e-40bf-40d9-85a9-ed95f047e598",
	"98ce95d8-77af-45e0-afd0-de10e5d9c88c",
	1,
	"14a3c035-bb40-4274-ad9f-044e28028219",
	7,
	30);
INSERT INTO ACT_SMT
	VALUES ("8caf531b-5bdd-4a37-b546-c5ae8c6a8670",
	"2e8b6013-af7c-4dc9-ac33-e48ae4f02aaa",
	"00000000-0000-0000-0000-000000000000",
	9,
	1,
	'checkOutGuestTest line: 9');
INSERT INTO E_ESS
	VALUES ("8caf531b-5bdd-4a37-b546-c5ae8c6a8670",
	1,
	0,
	9,
	10,
	9,
	24,
	7,
	30,
	9,
	30,
	9,
	75);
INSERT INTO V_PAR
	VALUES ("7fa75104-f72b-4b06-bbce-564e9c81d9a2",
	"8caf531b-5bdd-4a37-b546-c5ae8c6a8670",
	"00000000-0000-0000-0000-000000000000",
	'name',
	"68e6d88f-8abb-40fc-a2ea-8b37ec86f1bf",
	9,
	63);
INSERT INTO V_PAR
	VALUES ("68e6d88f-8abb-40fc-a2ea-8b37ec86f1bf",
	"8caf531b-5bdd-4a37-b546-c5ae8c6a8670",
	"00000000-0000-0000-0000-000000000000",
	'age',
	"00000000-0000-0000-0000-000000000000",
	9,
	75);
INSERT INTO V_PAR
	VALUES ("fb753379-245c-4677-94c2-a482369ca4d2",
	"8caf531b-5bdd-4a37-b546-c5ae8c6a8670",
	"00000000-0000-0000-0000-000000000000",
	'bookingNumber',
	"7fa75104-f72b-4b06-bbce-564e9c81d9a2",
	9,
	30);
INSERT INTO E_GES
	VALUES ("8caf531b-5bdd-4a37-b546-c5ae8c6a8670");
INSERT INTO E_GSME
	VALUES ("8caf531b-5bdd-4a37-b546-c5ae8c6a8670",
	"47c1a162-7eff-4072-89d4-dc3b56e972f9");
INSERT INTO E_GEN
	VALUES ("8caf531b-5bdd-4a37-b546-c5ae8c6a8670",
	"98ce95d8-77af-45e0-afd0-de10e5d9c88c");
INSERT INTO V_VAL
	VALUES ("0b2cc186-fb36-4ccf-ac68-8eb591fc1225",
	1,
	1,
	2,
	1,
	4,
	0,
	0,
	0,
	0,
	"ba5eda7a-def5-0000-0000-000000000004",
	"2e8b6013-af7c-4dc9-ac33-e48ae4f02aaa");
INSERT INTO V_TVL
	VALUES ("0b2cc186-fb36-4ccf-ac68-8eb591fc1225",
	"a2bbe46b-7314-4017-baea-80d216a98051");
INSERT INTO V_VAL
	VALUES ("7cfb952c-1818-4bb2-b208-65936504a63f",
	0,
	0,
	2,
	8,
	17,
	0,
	0,
	0,
	0,
	"ba5eda7a-def5-0000-0000-000000000004",
	"2e8b6013-af7c-4dc9-ac33-e48ae4f02aaa");
INSERT INTO V_LST
	VALUES ("7cfb952c-1818-4bb2-b208-65936504a63f",
	'Glenn Goe');
INSERT INTO V_VAL
	VALUES ("5c829ecb-26d4-4570-82a7-ccfa4ed93f46",
	1,
	1,
	3,
	1,
	3,
	0,
	0,
	0,
	0,
	"ba5eda7a-def5-0000-0000-000000000002",
	"2e8b6013-af7c-4dc9-ac33-e48ae4f02aaa");
INSERT INTO V_TVL
	VALUES ("5c829ecb-26d4-4570-82a7-ccfa4ed93f46",
	"b0512b3f-04b5-4a1d-9677-67c1b28dc6c6");
INSERT INTO V_VAL
	VALUES ("a714479b-31a6-460e-92b3-b39f699ac938",
	0,
	0,
	3,
	7,
	8,
	0,
	0,
	0,
	0,
	"ba5eda7a-def5-0000-0000-000000000002",
	"2e8b6013-af7c-4dc9-ac33-e48ae4f02aaa");
INSERT INTO V_LIN
	VALUES ("a714479b-31a6-460e-92b3-b39f699ac938",
	'13');
INSERT INTO V_VAL
	VALUES ("9ddf8d0c-e08d-4d99-ab96-78d87a823122",
	0,
	0,
	9,
	45,
	46,
	0,
	0,
	0,
	0,
	"9db8c033-ff94-41f2-bd5c-36e5cdae0e4b",
	"2e8b6013-af7c-4dc9-ac33-e48ae4f02aaa");
INSERT INTO V_IRF
	VALUES ("9ddf8d0c-e08d-4d99-ab96-78d87a823122",
	"10bb8c5c-3721-4100-a1db-8f52c331ba9a");
INSERT INTO V_VAL
	VALUES ("fb753379-245c-4677-94c2-a482369ca4d2",
	0,
	0,
	9,
	48,
	60,
	0,
	0,
	0,
	0,
	"ba5eda7a-def5-0000-0000-000000000005",
	"2e8b6013-af7c-4dc9-ac33-e48ae4f02aaa");
INSERT INTO V_AVL
	VALUES ("fb753379-245c-4677-94c2-a482369ca4d2",
	"9ddf8d0c-e08d-4d99-ab96-78d87a823122",
	"6daee5e1-aefd-49c8-b18d-234fb0eb1928",
	"77000cab-0612-4e4f-84c3-348ad71a5fed");
INSERT INTO V_VAL
	VALUES ("7fa75104-f72b-4b06-bbce-564e9c81d9a2",
	0,
	0,
	9,
	69,
	72,
	0,
	0,
	0,
	0,
	"ba5eda7a-def5-0000-0000-000000000004",
	"2e8b6013-af7c-4dc9-ac33-e48ae4f02aaa");
INSERT INTO V_TVL
	VALUES ("7fa75104-f72b-4b06-bbce-564e9c81d9a2",
	"a2bbe46b-7314-4017-baea-80d216a98051");
INSERT INTO V_VAL
	VALUES ("68e6d88f-8abb-40fc-a2ea-8b37ec86f1bf",
	0,
	0,
	9,
	80,
	82,
	0,
	0,
	0,
	0,
	"ba5eda7a-def5-0000-0000-000000000002",
	"2e8b6013-af7c-4dc9-ac33-e48ae4f02aaa");
INSERT INTO V_TVL
	VALUES ("68e6d88f-8abb-40fc-a2ea-8b37ec86f1bf",
	"b0512b3f-04b5-4a1d-9677-67c1b28dc6c6");
INSERT INTO V_VAR
	VALUES ("a2bbe46b-7314-4017-baea-80d216a98051",
	"2e8b6013-af7c-4dc9-ac33-e48ae4f02aaa",
	'name',
	1,
	"ba5eda7a-def5-0000-0000-000000000004");
INSERT INTO V_TRN
	VALUES ("a2bbe46b-7314-4017-baea-80d216a98051",
	"00000000-0000-0000-0000-000000000000",
	'');
INSERT INTO V_LOC
	VALUES ("d7be5a28-8810-48d8-94b1-ea54499f2644",
	2,
	1,
	4,
	"a2bbe46b-7314-4017-baea-80d216a98051");
INSERT INTO V_LOC
	VALUES ("0b2ad20b-bae3-4af1-b3a8-bcfaaca24e96",
	9,
	69,
	72,
	"a2bbe46b-7314-4017-baea-80d216a98051");
INSERT INTO V_VAR
	VALUES ("b0512b3f-04b5-4a1d-9677-67c1b28dc6c6",
	"2e8b6013-af7c-4dc9-ac33-e48ae4f02aaa",
	'age',
	1,
	"ba5eda7a-def5-0000-0000-000000000002");
INSERT INTO V_TRN
	VALUES ("b0512b3f-04b5-4a1d-9677-67c1b28dc6c6",
	"00000000-0000-0000-0000-000000000000",
	'');
INSERT INTO V_LOC
	VALUES ("43c0a09c-47fc-440d-a18f-384035ceb64b",
	3,
	1,
	3,
	"b0512b3f-04b5-4a1d-9677-67c1b28dc6c6");
INSERT INTO V_LOC
	VALUES ("b679bd1a-aa53-450a-86c3-ed435e2f06f3",
	9,
	80,
	82,
	"b0512b3f-04b5-4a1d-9677-67c1b28dc6c6");
INSERT INTO V_VAR
	VALUES ("10bb8c5c-3721-4100-a1db-8f52c331ba9a",
	"2e8b6013-af7c-4dc9-ac33-e48ae4f02aaa",
	'st',
	1,
	"9db8c033-ff94-41f2-bd5c-36e5cdae0e4b");
INSERT INTO V_INT
	VALUES ("10bb8c5c-3721-4100-a1db-8f52c331ba9a",
	0,
	"6daee5e1-aefd-49c8-b18d-234fb0eb1928");
INSERT INTO V_LOC
	VALUES ("d4285dc5-037b-4c7d-87c9-cd6301abab56",
	5,
	12,
	13,
	"10bb8c5c-3721-4100-a1db-8f52c331ba9a");
INSERT INTO V_LOC
	VALUES ("702fa01a-59ad-4967-847c-da2c70424899",
	9,
	45,
	46,
	"10bb8c5c-3721-4100-a1db-8f52c331ba9a");
INSERT INTO V_VAR
	VALUES ("98ce95d8-77af-45e0-afd0-de10e5d9c88c",
	"2e8b6013-af7c-4dc9-ac33-e48ae4f02aaa",
	'ct',
	1,
	"ba5eda7a-def5-0000-0000-000000000008");
INSERT INTO V_INT
	VALUES ("98ce95d8-77af-45e0-afd0-de10e5d9c88c",
	0,
	"14a3c035-bb40-4274-ad9f-044e28028219");
INSERT INTO V_LOC
	VALUES ("fc0e1ca0-fcf6-4bd0-846d-291d069e5d25",
	7,
	24,
	25,
	"98ce95d8-77af-45e0-afd0-de10e5d9c88c");
INSERT INTO V_LOC
	VALUES ("5fc100fb-919d-4720-86e4-3cb3014c1eed",
	9,
	88,
	89,
	"98ce95d8-77af-45e0-afd0-de10e5d9c88c");
INSERT INTO PE_PE
	VALUES ("a790572e-d006-40cf-8a64-2476c3cda8c2",
	1,
	"dcd45889-1e8f-44ce-a0ac-90e67ced68c3",
	"00000000-0000-0000-0000-000000000000",
	1);
INSERT INTO S_SYNC
	VALUES ("a790572e-d006-40cf-8a64-2476c3cda8c2",
	"00000000-0000-0000-0000-000000000000",
	'init',
	'',
	'create object instance setup of SETUP;
generate SETUP2:createInstances to setup;',
	"ba5eda7a-def5-0000-0000-000000000000",
	1,
	'');
INSERT INTO ACT_FNB
	VALUES ("ee7867fc-9654-4e28-b77b-afcee68424e4",
	"a790572e-d006-40cf-8a64-2476c3cda8c2");
INSERT INTO ACT_ACT
	VALUES ("ee7867fc-9654-4e28-b77b-afcee68424e4",
	'function',
	0,
	"c5823f9e-00ed-4fdd-9cc4-553a09d0b103",
	"00000000-0000-0000-0000-000000000000",
	0,
	'init',
	"00000000-0000-0000-0000-000000000000");
INSERT INTO ACT_BLK
	VALUES ("c5823f9e-00ed-4fdd-9cc4-553a09d0b103",
	0,
	0,
	0,
	'V_VAR.Var_ID',
	'',
	'',
	2,
	1,
	1,
	33,
	0,
	0,
	0,
	0,
	0,
	0,
	0,
	0,
	0,
	"ee7867fc-9654-4e28-b77b-afcee68424e4",
	"00000000-0000-0000-0000-000000000000");
INSERT INTO ACT_SMT
	VALUES ("fab88cab-16cf-4251-926b-1eac92527457",
	"c5823f9e-00ed-4fdd-9cc4-553a09d0b103",
	"264586b9-290f-4ed6-8f24-896acc5933a5",
	1,
	1,
	'init line: 1');
INSERT INTO ACT_CR
	VALUES ("fab88cab-16cf-4251-926b-1eac92527457",
	"7e966a7f-13a6-47e9-900d-cfd5b03cbf36",
	1,
	"1a7e6244-76d4-4656-b802-6270c53bb941",
	1,
	33);
INSERT INTO ACT_SMT
	VALUES ("264586b9-290f-4ed6-8f24-896acc5933a5",
	"c5823f9e-00ed-4fdd-9cc4-553a09d0b103",
	"00000000-0000-0000-0000-000000000000",
	2,
	1,
	'init line: 2');
INSERT INTO E_ESS
	VALUES ("264586b9-290f-4ed6-8f24-896acc5933a5",
	1,
	0,
	2,
	10,
	2,
	17,
	1,
	33,
	0,
	0,
	0,
	0);
INSERT INTO E_GES
	VALUES ("264586b9-290f-4ed6-8f24-896acc5933a5");
INSERT INTO E_GSME
	VALUES ("264586b9-290f-4ed6-8f24-896acc5933a5",
	"65b12753-4b67-46c6-8fbe-1c8c64a7e603");
INSERT INTO E_GEN
	VALUES ("264586b9-290f-4ed6-8f24-896acc5933a5",
	"7e966a7f-13a6-47e9-900d-cfd5b03cbf36");
INSERT INTO V_VAR
	VALUES ("7e966a7f-13a6-47e9-900d-cfd5b03cbf36",
	"c5823f9e-00ed-4fdd-9cc4-553a09d0b103",
	'setup',
	1,
	"ba5eda7a-def5-0000-0000-000000000008");
INSERT INTO V_INT
	VALUES ("7e966a7f-13a6-47e9-900d-cfd5b03cbf36",
	0,
	"1a7e6244-76d4-4656-b802-6270c53bb941");
INSERT INTO V_LOC
	VALUES ("89017215-bb4c-4e10-8809-1ca15649b499",
	1,
	24,
	28,
	"7e966a7f-13a6-47e9-900d-cfd5b03cbf36");
INSERT INTO V_LOC
	VALUES ("8e5a215d-0387-424e-af67-e5fedbcbd7a3",
	2,
	36,
	40,
	"7e966a7f-13a6-47e9-900d-cfd5b03cbf36");
INSERT INTO PE_PE
	VALUES ("8c11c5c0-c3b5-4800-8e4c-b1dd4ad597c2",
	1,
	"dcd45889-1e8f-44ce-a0ac-90e67ced68c3",
	"00000000-0000-0000-0000-000000000000",
	4);
INSERT INTO O_OBJ
	VALUES ("8c11c5c0-c3b5-4800-8e4c-b1dd4ad597c2",
	'BPUnit',
	5,
	'BPUNIT',
	'',
	"00000000-0000-0000-0000-000000000000");
INSERT INTO O_ID
	VALUES (0,
	"8c11c5c0-c3b5-4800-8e4c-b1dd4ad597c2");
INSERT INTO O_ID
	VALUES (1,
	"8c11c5c0-c3b5-4800-8e4c-b1dd4ad597c2");
INSERT INTO O_ID
	VALUES (2,
	"8c11c5c0-c3b5-4800-8e4c-b1dd4ad597c2");
INSERT INTO SM_ASM
	VALUES ("c110368c-cd2f-42b7-b8c8-eabbf567eebc",
	"8c11c5c0-c3b5-4800-8e4c-b1dd4ad597c2");
INSERT INTO SM_SM
	VALUES ("c110368c-cd2f-42b7-b8c8-eabbf567eebc",
	'',
	0);
INSERT INTO SM_MOORE
	VALUES ("c110368c-cd2f-42b7-b8c8-eabbf567eebc");
INSERT INTO SM_STATE
	VALUES ("fdfe7d4b-bad1-4b4a-80f5-0b220afc3e59",
	"c110368c-cd2f-42b7-b8c8-eabbf567eebc",
	"00000000-0000-0000-0000-000000000000",
	'Standby',
	1,
	0);
INSERT INTO SM_MOAH
	VALUES ("1a4cc497-f8d2-438d-9e1d-e7e45de21651",
	"c110368c-cd2f-42b7-b8c8-eabbf567eebc",
	"fdfe7d4b-bad1-4b4a-80f5-0b220afc3e59");
INSERT INTO SM_AH
	VALUES ("1a4cc497-f8d2-438d-9e1d-e7e45de21651",
	"c110368c-cd2f-42b7-b8c8-eabbf567eebc");
INSERT INTO SM_ACT
	VALUES ("1a4cc497-f8d2-438d-9e1d-e7e45de21651",
	"c110368c-cd2f-42b7-b8c8-eabbf567eebc",
	1,
	'',
	'');
INSERT INTO ACT_SAB
	VALUES ("c3ada34d-6daf-4e41-88c0-85984ce37874",
	"c110368c-cd2f-42b7-b8c8-eabbf567eebc",
	"1a4cc497-f8d2-438d-9e1d-e7e45de21651");
INSERT INTO ACT_ACT
	VALUES ("c3ada34d-6daf-4e41-88c0-85984ce37874",
	'class state',
	0,
	"d7d4618d-868d-4b71-b22a-84cef4c9bd2c",
	"00000000-0000-0000-0000-000000000000",
	0,
	'BPUnit::Standby',
	"00000000-0000-0000-0000-000000000000");
INSERT INTO ACT_BLK
	VALUES ("d7d4618d-868d-4b71-b22a-84cef4c9bd2c",
	0,
	0,
	0,
	'',
	'',
	'',
	0,
	0,
	0,
	0,
	0,
	0,
	0,
	0,
	0,
	0,
	0,
	0,
	0,
	"c3ada34d-6daf-4e41-88c0-85984ce37874",
	"00000000-0000-0000-0000-000000000000");
INSERT INTO PE_PE
	VALUES ("168d7ccc-518f-47eb-b748-33ae3e10fea1",
	1,
	"dcd45889-1e8f-44ce-a0ac-90e67ced68c3",
	"00000000-0000-0000-0000-000000000000",
	4);
INSERT INTO O_OBJ
	VALUES ("168d7ccc-518f-47eb-b748-33ae3e10fea1",
	'CheckInTest',
	3,
	'CHECKINTEST',
	'',
	"00000000-0000-0000-0000-000000000000");
INSERT INTO O_NBATTR
	VALUES ("0d59ee65-f2db-4e24-9c1b-b36c8f4b9238",
	"168d7ccc-518f-47eb-b748-33ae3e10fea1");
INSERT INTO O_BATTR
	VALUES ("0d59ee65-f2db-4e24-9c1b-b36c8f4b9238",
	"168d7ccc-518f-47eb-b748-33ae3e10fea1");
INSERT INTO O_ATTR
	VALUES ("0d59ee65-f2db-4e24-9c1b-b36c8f4b9238",
	"168d7ccc-518f-47eb-b748-33ae3e10fea1",
	"00000000-0000-0000-0000-000000000000",
	'bookingNumber',
	'',
	'',
	'bookingNumber',
	0,
	"ba5eda7a-def5-0000-0000-000000000005",
	'',
	'');
INSERT INTO O_NBATTR
	VALUES ("f091d73c-fe3e-4d75-9c76-e1f148bd54ff",
	"168d7ccc-518f-47eb-b748-33ae3e10fea1");
INSERT INTO O_BATTR
	VALUES ("f091d73c-fe3e-4d75-9c76-e1f148bd54ff",
	"168d7ccc-518f-47eb-b748-33ae3e10fea1");
INSERT INTO O_ATTR
	VALUES ("f091d73c-fe3e-4d75-9c76-e1f148bd54ff",
	"168d7ccc-518f-47eb-b748-33ae3e10fea1",
	"0d59ee65-f2db-4e24-9c1b-b36c8f4b9238",
	'current_state',
	'',
	'',
	'current_state',
	0,
	"ba5eda7a-def5-0000-0000-000000000006",
	'',
	'');
INSERT INTO O_ID
	VALUES (0,
	"168d7ccc-518f-47eb-b748-33ae3e10fea1");
INSERT INTO O_ID
	VALUES (1,
	"168d7ccc-518f-47eb-b748-33ae3e10fea1");
INSERT INTO O_ID
	VALUES (2,
	"168d7ccc-518f-47eb-b748-33ae3e10fea1");
INSERT INTO SM_ISM
	VALUES ("d15dcff0-0ef5-4680-be8b-e7b74ce307be",
	"168d7ccc-518f-47eb-b748-33ae3e10fea1");
INSERT INTO SM_SM
	VALUES ("d15dcff0-0ef5-4680-be8b-e7b74ce307be",
	'',
	0);
INSERT INTO SM_MOORE
	VALUES ("d15dcff0-0ef5-4680-be8b-e7b74ce307be");
INSERT INTO SM_EVTDI
	VALUES ("8df5979a-ceee-40df-8765-65bd78b1353f",
	"d15dcff0-0ef5-4680-be8b-e7b74ce307be",
	'bookingNumber',
	'',
	"ba5eda7a-def5-0000-0000-000000000005",
	'',
	"d54bbb50-1cf8-4d66-ba71-88f824f1afac",
	"00000000-0000-0000-0000-000000000000");
INSERT INTO SM_EVTDI
	VALUES ("f93c6c9f-13d8-4ebb-a8fd-630688b71184",
	"d15dcff0-0ef5-4680-be8b-e7b74ce307be",
	'success',
	'',
	"ba5eda7a-def5-0000-0000-000000000001",
	'',
	"1e137fa3-e8d3-4b29-91fd-68571509b34f",
	"00000000-0000-0000-0000-000000000000");
INSERT INTO SM_LEVT
	VALUES ("6b1758a7-67cc-4e54-9326-1526e2200e19",
	"d15dcff0-0ef5-4680-be8b-e7b74ce307be",
	"00000000-0000-0000-0000-000000000000");
INSERT INTO SM_SEVT
	VALUES ("6b1758a7-67cc-4e54-9326-1526e2200e19",
	"d15dcff0-0ef5-4680-be8b-e7b74ce307be",
	"00000000-0000-0000-0000-000000000000");
INSERT INTO SM_EVT
	VALUES ("6b1758a7-67cc-4e54-9326-1526e2200e19",
	"d15dcff0-0ef5-4680-be8b-e7b74ce307be",
	"00000000-0000-0000-0000-000000000000",
	1,
	'failEvent',
	0,
	'',
	'CHECKINTEST1',
	'');
INSERT INTO SM_LEVT
	VALUES ("7251ad52-bdad-4dc4-87b8-4960629d4619",
	"d15dcff0-0ef5-4680-be8b-e7b74ce307be",
	"00000000-0000-0000-0000-000000000000");
INSERT INTO SM_SEVT
	VALUES ("7251ad52-bdad-4dc4-87b8-4960629d4619",
	"d15dcff0-0ef5-4680-be8b-e7b74ce307be",
	"00000000-0000-0000-0000-000000000000");
INSERT INTO SM_EVT
	VALUES ("7251ad52-bdad-4dc4-87b8-4960629d4619",
	"d15dcff0-0ef5-4680-be8b-e7b74ce307be",
	"00000000-0000-0000-0000-000000000000",
	2,
	'successEvent',
	0,
	'',
	'CHECKINTEST2',
	'');
INSERT INTO SM_LEVT
	VALUES ("1e137fa3-e8d3-4b29-91fd-68571509b34f",
	"d15dcff0-0ef5-4680-be8b-e7b74ce307be",
	"00000000-0000-0000-0000-000000000000");
INSERT INTO SM_SEVT
	VALUES ("1e137fa3-e8d3-4b29-91fd-68571509b34f",
	"d15dcff0-0ef5-4680-be8b-e7b74ce307be",
	"00000000-0000-0000-0000-000000000000");
INSERT INTO SM_EVT
	VALUES ("1e137fa3-e8d3-4b29-91fd-68571509b34f",
	"d15dcff0-0ef5-4680-be8b-e7b74ce307be",
	"00000000-0000-0000-0000-000000000000",
	3,
	'checkInReturnEvent',
	0,
	'',
	'CHECKINTEST3',
	'');
INSERT INTO SM_LEVT
	VALUES ("d54bbb50-1cf8-4d66-ba71-88f824f1afac",
	"d15dcff0-0ef5-4680-be8b-e7b74ce307be",
	"00000000-0000-0000-0000-000000000000");
INSERT INTO SM_SEVT
	VALUES ("d54bbb50-1cf8-4d66-ba71-88f824f1afac",
	"d15dcff0-0ef5-4680-be8b-e7b74ce307be",
	"00000000-0000-0000-0000-000000000000");
INSERT INTO SM_EVT
	VALUES ("d54bbb50-1cf8-4d66-ba71-88f824f1afac",
	"d15dcff0-0ef5-4680-be8b-e7b74ce307be",
	"00000000-0000-0000-0000-000000000000",
	4,
	'start',
	0,
	'',
	'CHECKINTEST4',
	'');
INSERT INTO SM_STATE
	VALUES ("8b9104f5-daeb-45d5-a61b-bfd482afe2cf",
	"d15dcff0-0ef5-4680-be8b-e7b74ce307be",
	"00000000-0000-0000-0000-000000000000",
	'booked',
	1,
	0);
INSERT INTO SM_CH
	VALUES ("8b9104f5-daeb-45d5-a61b-bfd482afe2cf",
	"6b1758a7-67cc-4e54-9326-1526e2200e19",
	"d15dcff0-0ef5-4680-be8b-e7b74ce307be",
	"00000000-0000-0000-0000-000000000000",
	'');
INSERT INTO SM_SEME
	VALUES ("8b9104f5-daeb-45d5-a61b-bfd482afe2cf",
	"6b1758a7-67cc-4e54-9326-1526e2200e19",
	"d15dcff0-0ef5-4680-be8b-e7b74ce307be",
	"00000000-0000-0000-0000-000000000000");
INSERT INTO SM_CH
	VALUES ("8b9104f5-daeb-45d5-a61b-bfd482afe2cf",
	"7251ad52-bdad-4dc4-87b8-4960629d4619",
	"d15dcff0-0ef5-4680-be8b-e7b74ce307be",
	"00000000-0000-0000-0000-000000000000",
	'');
INSERT INTO SM_SEME
	VALUES ("8b9104f5-daeb-45d5-a61b-bfd482afe2cf",
	"7251ad52-bdad-4dc4-87b8-4960629d4619",
	"d15dcff0-0ef5-4680-be8b-e7b74ce307be",
	"00000000-0000-0000-0000-000000000000");
INSERT INTO SM_CH
	VALUES ("8b9104f5-daeb-45d5-a61b-bfd482afe2cf",
	"1e137fa3-e8d3-4b29-91fd-68571509b34f",
	"d15dcff0-0ef5-4680-be8b-e7b74ce307be",
	"00000000-0000-0000-0000-000000000000",
	'');
INSERT INTO SM_SEME
	VALUES ("8b9104f5-daeb-45d5-a61b-bfd482afe2cf",
	"1e137fa3-e8d3-4b29-91fd-68571509b34f",
	"d15dcff0-0ef5-4680-be8b-e7b74ce307be",
	"00000000-0000-0000-0000-000000000000");
INSERT INTO SM_SEME
	VALUES ("8b9104f5-daeb-45d5-a61b-bfd482afe2cf",
	"d54bbb50-1cf8-4d66-ba71-88f824f1afac",
	"d15dcff0-0ef5-4680-be8b-e7b74ce307be",
	"00000000-0000-0000-0000-000000000000");
INSERT INTO SM_MOAH
	VALUES ("a15e84ea-8d19-4d6f-b157-76a72f9c4bc0",
	"d15dcff0-0ef5-4680-be8b-e7b74ce307be",
	"8b9104f5-daeb-45d5-a61b-bfd482afe2cf");
INSERT INTO SM_AH
	VALUES ("a15e84ea-8d19-4d6f-b157-76a72f9c4bc0",
	"d15dcff0-0ef5-4680-be8b-e7b74ce307be");
INSERT INTO SM_ACT
	VALUES ("a15e84ea-8d19-4d6f-b157-76a72f9c4bc0",
	"d15dcff0-0ef5-4680-be8b-e7b74ce307be",
	1,
	'',
	'');
INSERT INTO ACT_SAB
	VALUES ("655c8b82-ed1f-4d07-8910-57e0abaa739a",
	"d15dcff0-0ef5-4680-be8b-e7b74ce307be",
	"a15e84ea-8d19-4d6f-b157-76a72f9c4bc0");
INSERT INTO ACT_ACT
	VALUES ("655c8b82-ed1f-4d07-8910-57e0abaa739a",
	'state',
	0,
	"cb548258-0e0e-4e1d-94e7-102a06fa4896",
	"00000000-0000-0000-0000-000000000000",
	0,
	'CheckInTest::booked',
	"00000000-0000-0000-0000-000000000000");
INSERT INTO ACT_BLK
	VALUES ("cb548258-0e0e-4e1d-94e7-102a06fa4896",
	0,
	0,
	0,
	'',
	'',
	'',
	0,
	0,
	0,
	0,
	0,
	0,
	0,
	0,
	0,
	0,
	0,
	0,
	0,
	"655c8b82-ed1f-4d07-8910-57e0abaa739a",
	"00000000-0000-0000-0000-000000000000");
INSERT INTO SM_STATE
	VALUES ("eb12c7f6-5914-4c44-80a8-174019492365",
	"d15dcff0-0ef5-4680-be8b-e7b74ce307be",
	"00000000-0000-0000-0000-000000000000",
	'attemptCheckIn',
	2,
	0);
INSERT INTO SM_CH
	VALUES ("eb12c7f6-5914-4c44-80a8-174019492365",
	"6b1758a7-67cc-4e54-9326-1526e2200e19",
	"d15dcff0-0ef5-4680-be8b-e7b74ce307be",
	"00000000-0000-0000-0000-000000000000",
	'');
INSERT INTO SM_SEME
	VALUES ("eb12c7f6-5914-4c44-80a8-174019492365",
	"6b1758a7-67cc-4e54-9326-1526e2200e19",
	"d15dcff0-0ef5-4680-be8b-e7b74ce307be",
	"00000000-0000-0000-0000-000000000000");
INSERT INTO SM_CH
	VALUES ("eb12c7f6-5914-4c44-80a8-174019492365",
	"7251ad52-bdad-4dc4-87b8-4960629d4619",
	"d15dcff0-0ef5-4680-be8b-e7b74ce307be",
	"00000000-0000-0000-0000-000000000000",
	'');
INSERT INTO SM_SEME
	VALUES ("eb12c7f6-5914-4c44-80a8-174019492365",
	"7251ad52-bdad-4dc4-87b8-4960629d4619",
	"d15dcff0-0ef5-4680-be8b-e7b74ce307be",
	"00000000-0000-0000-0000-000000000000");
INSERT INTO SM_SEME
	VALUES ("eb12c7f6-5914-4c44-80a8-174019492365",
	"1e137fa3-e8d3-4b29-91fd-68571509b34f",
	"d15dcff0-0ef5-4680-be8b-e7b74ce307be",
	"00000000-0000-0000-0000-000000000000");
INSERT INTO SM_CH
	VALUES ("eb12c7f6-5914-4c44-80a8-174019492365",
	"d54bbb50-1cf8-4d66-ba71-88f824f1afac",
	"d15dcff0-0ef5-4680-be8b-e7b74ce307be",
	"00000000-0000-0000-0000-000000000000",
	'');
INSERT INTO SM_SEME
	VALUES ("eb12c7f6-5914-4c44-80a8-174019492365",
	"d54bbb50-1cf8-4d66-ba71-88f824f1afac",
	"d15dcff0-0ef5-4680-be8b-e7b74ce307be",
	"00000000-0000-0000-0000-000000000000");
INSERT INTO SM_MOAH
	VALUES ("6c6df97a-e2dc-466c-a528-502fcc9fc63b",
	"d15dcff0-0ef5-4680-be8b-e7b74ce307be",
	"eb12c7f6-5914-4c44-80a8-174019492365");
INSERT INTO SM_AH
	VALUES ("6c6df97a-e2dc-466c-a528-502fcc9fc63b",
	"d15dcff0-0ef5-4680-be8b-e7b74ce307be");
INSERT INTO SM_ACT
	VALUES ("6c6df97a-e2dc-466c-a528-502fcc9fc63b",
	"d15dcff0-0ef5-4680-be8b-e7b74ce307be",
	1,
	'
self.bookingNumber = rcvd_evt.bookingNumber;

send CustomerInterface::checkInGuest(name: "Glenn Goe",age:13, bookingNumber: self.bookingNumber);',
	'');
INSERT INTO ACT_SAB
	VALUES ("4e9799c6-8109-4cd1-a683-86a626336e16",
	"d15dcff0-0ef5-4680-be8b-e7b74ce307be",
	"6c6df97a-e2dc-466c-a528-502fcc9fc63b");
INSERT INTO ACT_ACT
	VALUES ("4e9799c6-8109-4cd1-a683-86a626336e16",
	'state',
	0,
	"f30ab4f1-f4d8-4878-b8a7-ca234b9fdfe4",
	"00000000-0000-0000-0000-000000000000",
	0,
	'CheckInTest::attemptCheckIn',
	"00000000-0000-0000-0000-000000000000");
INSERT INTO ACT_BLK
	VALUES ("f30ab4f1-f4d8-4878-b8a7-ca234b9fdfe4",
	0,
	0,
	0,
	'CustomerInterface',
	'',
	'',
	4,
	1,
	4,
	6,
	0,
	0,
	0,
	0,
	0,
	0,
	0,
	0,
	0,
	"4e9799c6-8109-4cd1-a683-86a626336e16",
	"00000000-0000-0000-0000-000000000000");
INSERT INTO ACT_SMT
	VALUES ("be16d4cb-86a4-480e-b06c-31e83662f3d7",
	"f30ab4f1-f4d8-4878-b8a7-ca234b9fdfe4",
	"bf1cb69f-9bd0-42a0-9885-8acb5b307da4",
	2,
	1,
	'CheckInTest::attemptCheckIn line: 2');
INSERT INTO ACT_AI
	VALUES ("be16d4cb-86a4-480e-b06c-31e83662f3d7",
	"47126ab2-9703-4e54-aeab-fbfad3f329ea",
	"bd1616ed-4efe-45cc-b7ab-43aaa9f2edbf",
	0,
	0);
INSERT INTO ACT_SMT
	VALUES ("bf1cb69f-9bd0-42a0-9885-8acb5b307da4",
	"f30ab4f1-f4d8-4878-b8a7-ca234b9fdfe4",
	"00000000-0000-0000-0000-000000000000",
	4,
	1,
	'CheckInTest::attemptCheckIn line: 4');
INSERT INTO ACT_SGN
	VALUES ("bf1cb69f-9bd0-42a0-9885-8acb5b307da4",
	4,
	25,
	4,
	6,
	"00000000-0000-0000-0000-000000000000",
	"f30c2881-8a51-4b19-bb97-f0eda8311ba9",
	"00000000-0000-0000-0000-000000000000");
INSERT INTO V_VAL
	VALUES ("a14320fe-5018-4b5c-ad73-e2b1ba4cd3ca",
	1,
	0,
	2,
	1,
	4,
	0,
	0,
	0,
	0,
	"ba5eda7a-def5-0000-0000-000000000008",
	"f30ab4f1-f4d8-4878-b8a7-ca234b9fdfe4");
INSERT INTO V_IRF
	VALUES ("a14320fe-5018-4b5c-ad73-e2b1ba4cd3ca",
	"e137fbcf-3c0e-4ee9-8e11-01ba797b7f54");
INSERT INTO V_VAL
	VALUES ("bd1616ed-4efe-45cc-b7ab-43aaa9f2edbf",
	1,
	0,
	2,
	6,
	18,
	0,
	0,
	0,
	0,
	"ba5eda7a-def5-0000-0000-000000000005",
	"f30ab4f1-f4d8-4878-b8a7-ca234b9fdfe4");
INSERT INTO V_AVL
	VALUES ("bd1616ed-4efe-45cc-b7ab-43aaa9f2edbf",
	"a14320fe-5018-4b5c-ad73-e2b1ba4cd3ca",
	"168d7ccc-518f-47eb-b748-33ae3e10fea1",
	"0d59ee65-f2db-4e24-9c1b-b36c8f4b9238");
INSERT INTO V_VAL
	VALUES ("47126ab2-9703-4e54-aeab-fbfad3f329ea",
	0,
	0,
	2,
	31,
	43,
	0,
	0,
	0,
	0,
	"ba5eda7a-def5-0000-0000-000000000005",
	"f30ab4f1-f4d8-4878-b8a7-ca234b9fdfe4");
INSERT INTO V_EDV
	VALUES ("47126ab2-9703-4e54-aeab-fbfad3f329ea");
INSERT INTO V_EPR
	VALUES ("47126ab2-9703-4e54-aeab-fbfad3f329ea",
	"d15dcff0-0ef5-4680-be8b-e7b74ce307be",
	"8df5979a-ceee-40df-8765-65bd78b1353f",
	"00000000-0000-0000-0000-000000000000");
INSERT INTO V_VAL
	VALUES ("f86821f2-fc3a-48e1-a0a6-dba0a1a44279",
	0,
	0,
	4,
	44,
	53,
	0,
	0,
	0,
	0,
	"ba5eda7a-def5-0000-0000-000000000004",
	"f30ab4f1-f4d8-4878-b8a7-ca234b9fdfe4");
INSERT INTO V_LST
	VALUES ("f86821f2-fc3a-48e1-a0a6-dba0a1a44279",
	'Glenn Goe');
INSERT INTO V_PAR
	VALUES ("f86821f2-fc3a-48e1-a0a6-dba0a1a44279",
	"bf1cb69f-9bd0-42a0-9885-8acb5b307da4",
	"00000000-0000-0000-0000-000000000000",
	'name',
	"c08d4ec6-a6c3-4348-b770-3c209d260971",
	4,
	38);
INSERT INTO V_VAL
	VALUES ("c08d4ec6-a6c3-4348-b770-3c209d260971",
	0,
	0,
	4,
	60,
	61,
	0,
	0,
	0,
	0,
	"ba5eda7a-def5-0000-0000-000000000002",
	"f30ab4f1-f4d8-4878-b8a7-ca234b9fdfe4");
INSERT INTO V_LIN
	VALUES ("c08d4ec6-a6c3-4348-b770-3c209d260971",
	'13');
INSERT INTO V_PAR
	VALUES ("c08d4ec6-a6c3-4348-b770-3c209d260971",
	"bf1cb69f-9bd0-42a0-9885-8acb5b307da4",
	"00000000-0000-0000-0000-000000000000",
	'age',
	"3895e86b-0399-4de4-8400-f0cf029149b1",
	4,
	56);
INSERT INTO V_VAL
	VALUES ("d2a9790c-aa64-499f-9447-ab28004ec910",
	0,
	0,
	4,
	79,
	82,
	0,
	0,
	0,
	0,
	"ba5eda7a-def5-0000-0000-000000000008",
	"f30ab4f1-f4d8-4878-b8a7-ca234b9fdfe4");
INSERT INTO V_IRF
	VALUES ("d2a9790c-aa64-499f-9447-ab28004ec910",
	"e137fbcf-3c0e-4ee9-8e11-01ba797b7f54");
INSERT INTO V_VAL
	VALUES ("3895e86b-0399-4de4-8400-f0cf029149b1",
	0,
	0,
	4,
	84,
	96,
	0,
	0,
	0,
	0,
	"ba5eda7a-def5-0000-0000-000000000005",
	"f30ab4f1-f4d8-4878-b8a7-ca234b9fdfe4");
INSERT INTO V_AVL
	VALUES ("3895e86b-0399-4de4-8400-f0cf029149b1",
	"d2a9790c-aa64-499f-9447-ab28004ec910",
	"168d7ccc-518f-47eb-b748-33ae3e10fea1",
	"0d59ee65-f2db-4e24-9c1b-b36c8f4b9238");
INSERT INTO V_PAR
	VALUES ("3895e86b-0399-4de4-8400-f0cf029149b1",
	"bf1cb69f-9bd0-42a0-9885-8acb5b307da4",
	"00000000-0000-0000-0000-000000000000",
	'bookingNumber',
	"00000000-0000-0000-0000-000000000000",
	4,
	64);
INSERT INTO V_VAR
	VALUES ("e137fbcf-3c0e-4ee9-8e11-01ba797b7f54",
	"f30ab4f1-f4d8-4878-b8a7-ca234b9fdfe4",
	'self',
	1,
	"ba5eda7a-def5-0000-0000-000000000008");
INSERT INTO V_INT
	VALUES ("e137fbcf-3c0e-4ee9-8e11-01ba797b7f54",
	0,
	"168d7ccc-518f-47eb-b748-33ae3e10fea1");
INSERT INTO V_LOC
	VALUES ("c061db25-a2ab-4136-a501-e221e71eb4d8",
	2,
	1,
	4,
	"e137fbcf-3c0e-4ee9-8e11-01ba797b7f54");
INSERT INTO V_LOC
	VALUES ("81d7df13-5736-415c-b681-815922493e51",
	4,
	79,
	82,
	"e137fbcf-3c0e-4ee9-8e11-01ba797b7f54");
INSERT INTO SM_STATE
	VALUES ("8a1ed561-9f6a-4a13-befe-eb13f4e5ade8",
	"d15dcff0-0ef5-4680-be8b-e7b74ce307be",
	"00000000-0000-0000-0000-000000000000",
	'returnedCheckIn',
	3,
	0);
INSERT INTO SM_SEME
	VALUES ("8a1ed561-9f6a-4a13-befe-eb13f4e5ade8",
	"6b1758a7-67cc-4e54-9326-1526e2200e19",
	"d15dcff0-0ef5-4680-be8b-e7b74ce307be",
	"00000000-0000-0000-0000-000000000000");
INSERT INTO SM_SEME
	VALUES ("8a1ed561-9f6a-4a13-befe-eb13f4e5ade8",
	"7251ad52-bdad-4dc4-87b8-4960629d4619",
	"d15dcff0-0ef5-4680-be8b-e7b74ce307be",
	"00000000-0000-0000-0000-000000000000");
INSERT INTO SM_CH
	VALUES ("8a1ed561-9f6a-4a13-befe-eb13f4e5ade8",
	"1e137fa3-e8d3-4b29-91fd-68571509b34f",
	"d15dcff0-0ef5-4680-be8b-e7b74ce307be",
	"00000000-0000-0000-0000-000000000000",
	'');
INSERT INTO SM_SEME
	VALUES ("8a1ed561-9f6a-4a13-befe-eb13f4e5ade8",
	"1e137fa3-e8d3-4b29-91fd-68571509b34f",
	"d15dcff0-0ef5-4680-be8b-e7b74ce307be",
	"00000000-0000-0000-0000-000000000000");
INSERT INTO SM_CH
	VALUES ("8a1ed561-9f6a-4a13-befe-eb13f4e5ade8",
	"d54bbb50-1cf8-4d66-ba71-88f824f1afac",
	"d15dcff0-0ef5-4680-be8b-e7b74ce307be",
	"00000000-0000-0000-0000-000000000000",
	'');
INSERT INTO SM_SEME
	VALUES ("8a1ed561-9f6a-4a13-befe-eb13f4e5ade8",
	"d54bbb50-1cf8-4d66-ba71-88f824f1afac",
	"d15dcff0-0ef5-4680-be8b-e7b74ce307be",
	"00000000-0000-0000-0000-000000000000");
INSERT INTO SM_MOAH
	VALUES ("fb9eefcb-366d-43d0-bb39-690313a05144",
	"d15dcff0-0ef5-4680-be8b-e7b74ce307be",
	"8a1ed561-9f6a-4a13-befe-eb13f4e5ade8");
INSERT INTO SM_AH
	VALUES ("fb9eefcb-366d-43d0-bb39-690313a05144",
	"d15dcff0-0ef5-4680-be8b-e7b74ce307be");
INSERT INTO SM_ACT
	VALUES ("fb9eefcb-366d-43d0-bb39-690313a05144",
	"d15dcff0-0ef5-4680-be8b-e7b74ce307be",
	1,
	'
success = rcvd_evt.success;

if(success)
	generate CHECKINTEST2:successEvent() to self;
else
	generate CHECKINTEST1:failEvent() to self;
end if;',
	'');
INSERT INTO ACT_SAB
	VALUES ("6afbf101-115f-45ee-9234-3244e5abe8a0",
	"d15dcff0-0ef5-4680-be8b-e7b74ce307be",
	"fb9eefcb-366d-43d0-bb39-690313a05144");
INSERT INTO ACT_ACT
	VALUES ("6afbf101-115f-45ee-9234-3244e5abe8a0",
	'state',
	0,
	"a435491b-d0e5-4706-bc06-384905c4efe6",
	"00000000-0000-0000-0000-000000000000",
	0,
	'CheckInTest::returnedCheckIn',
	"00000000-0000-0000-0000-000000000000");
INSERT INTO ACT_BLK
	VALUES ("a435491b-d0e5-4706-bc06-384905c4efe6",
	0,
	0,
	0,
	'',
	'',
	'',
	6,
	1,
	0,
	0,
	0,
	0,
	0,
	0,
	0,
	0,
	0,
	0,
	0,
	"6afbf101-115f-45ee-9234-3244e5abe8a0",
	"00000000-0000-0000-0000-000000000000");
INSERT INTO ACT_SMT
	VALUES ("3544ee58-7005-4d67-aca3-b6ab51465c85",
	"a435491b-d0e5-4706-bc06-384905c4efe6",
	"162d11a2-7150-4fd4-8c01-50b6eb47eff1",
	2,
	1,
	'CheckInTest::returnedCheckIn line: 2');
INSERT INTO ACT_AI
	VALUES ("3544ee58-7005-4d67-aca3-b6ab51465c85",
	"ff6b7981-27e1-42ee-8430-8ca2e15c1e5b",
	"6d00ad14-9074-4f60-abe4-f30fa0d3952c",
	0,
	0);
INSERT INTO ACT_SMT
	VALUES ("162d11a2-7150-4fd4-8c01-50b6eb47eff1",
	"a435491b-d0e5-4706-bc06-384905c4efe6",
	"00000000-0000-0000-0000-000000000000",
	4,
	1,
	'CheckInTest::returnedCheckIn line: 4');
INSERT INTO ACT_IF
	VALUES ("162d11a2-7150-4fd4-8c01-50b6eb47eff1",
	"8a86109b-b6fd-4708-afaf-12383ecaf77b",
	"b8c22a7d-1212-497f-8858-a8e04e01f06c",
	"00000000-0000-0000-0000-000000000000",
	"00000000-0000-0000-0000-000000000000");
INSERT INTO ACT_SMT
	VALUES ("b056d90d-318d-4a00-aab9-323760d6817d",
	"a435491b-d0e5-4706-bc06-384905c4efe6",
	"00000000-0000-0000-0000-000000000000",
	6,
	1,
	'CheckInTest::returnedCheckIn line: 6');
INSERT INTO ACT_E
	VALUES ("b056d90d-318d-4a00-aab9-323760d6817d",
	"29e0fbc1-b020-4ea6-930e-30ca604c130f",
	"162d11a2-7150-4fd4-8c01-50b6eb47eff1");
INSERT INTO V_VAL
	VALUES ("6d00ad14-9074-4f60-abe4-f30fa0d3952c",
	1,
	1,
	2,
	1,
	7,
	0,
	0,
	0,
	0,
	"ba5eda7a-def5-0000-0000-000000000001",
	"a435491b-d0e5-4706-bc06-384905c4efe6");
INSERT INTO V_TVL
	VALUES ("6d00ad14-9074-4f60-abe4-f30fa0d3952c",
	"3059067b-36ec-46a9-9603-10170dd155da");
INSERT INTO V_VAL
	VALUES ("ff6b7981-27e1-42ee-8430-8ca2e15c1e5b",
	0,
	0,
	2,
	20,
	26,
	0,
	0,
	0,
	0,
	"ba5eda7a-def5-0000-0000-000000000001",
	"a435491b-d0e5-4706-bc06-384905c4efe6");
INSERT INTO V_EDV
	VALUES ("ff6b7981-27e1-42ee-8430-8ca2e15c1e5b");
INSERT INTO V_EPR
	VALUES ("ff6b7981-27e1-42ee-8430-8ca2e15c1e5b",
	"d15dcff0-0ef5-4680-be8b-e7b74ce307be",
	"f93c6c9f-13d8-4ebb-a8fd-630688b71184",
	"00000000-0000-0000-0000-000000000000");
INSERT INTO V_VAL
	VALUES ("b8c22a7d-1212-497f-8858-a8e04e01f06c",
	0,
	0,
	4,
	4,
	10,
	0,
	0,
	0,
	0,
	"ba5eda7a-def5-0000-0000-000000000001",
	"a435491b-d0e5-4706-bc06-384905c4efe6");
INSERT INTO V_TVL
	VALUES ("b8c22a7d-1212-497f-8858-a8e04e01f06c",
	"3059067b-36ec-46a9-9603-10170dd155da");
INSERT INTO V_VAR
	VALUES ("3059067b-36ec-46a9-9603-10170dd155da",
	"a435491b-d0e5-4706-bc06-384905c4efe6",
	'success',
	1,
	"ba5eda7a-def5-0000-0000-000000000001");
INSERT INTO V_TRN
	VALUES ("3059067b-36ec-46a9-9603-10170dd155da",
	"00000000-0000-0000-0000-000000000000",
	'');
INSERT INTO V_LOC
	VALUES ("5fc26cb0-d079-458b-bc36-eeecbd8e6df9",
	2,
	1,
	7,
	"3059067b-36ec-46a9-9603-10170dd155da");
INSERT INTO V_LOC
	VALUES ("e959c4f4-f8b8-4c8e-84bc-736b86e1b445",
	4,
	4,
	10,
	"3059067b-36ec-46a9-9603-10170dd155da");
INSERT INTO V_VAR
	VALUES ("862806aa-81c3-4766-841d-f0b87c92d811",
	"a435491b-d0e5-4706-bc06-384905c4efe6",
	'self',
	1,
	"ba5eda7a-def5-0000-0000-000000000008");
INSERT INTO V_INT
	VALUES ("862806aa-81c3-4766-841d-f0b87c92d811",
	0,
	"168d7ccc-518f-47eb-b748-33ae3e10fea1");
INSERT INTO V_LOC
	VALUES ("bb5a220f-7d64-4d2a-92bb-bda8a737c9a8",
	5,
	42,
	45,
	"862806aa-81c3-4766-841d-f0b87c92d811");
INSERT INTO V_LOC
	VALUES ("ce31aede-1903-4558-a55b-a2a9000f24b1",
	7,
	39,
	42,
	"862806aa-81c3-4766-841d-f0b87c92d811");
INSERT INTO ACT_BLK
	VALUES ("8a86109b-b6fd-4708-afaf-12383ecaf77b",
	0,
	0,
	0,
	'V_VAR.Var_ID',
	'',
	'',
	5,
	2,
	0,
	0,
	0,
	0,
	0,
	0,
	0,
	0,
	0,
	0,
	0,
	"6afbf101-115f-45ee-9234-3244e5abe8a0",
	"00000000-0000-0000-0000-000000000000");
INSERT INTO ACT_SMT
	VALUES ("9ae5a216-24de-4bc8-8543-b39c2b4bd6ff",
	"8a86109b-b6fd-4708-afaf-12383ecaf77b",
	"00000000-0000-0000-0000-000000000000",
	5,
	2,
	'CheckInTest::returnedCheckIn line: 5');
INSERT INTO E_ESS
	VALUES ("9ae5a216-24de-4bc8-8543-b39c2b4bd6ff",
	1,
	0,
	5,
	11,
	5,
	24,
	0,
	0,
	0,
	0,
	0,
	0);
INSERT INTO E_GES
	VALUES ("9ae5a216-24de-4bc8-8543-b39c2b4bd6ff");
INSERT INTO E_GSME
	VALUES ("9ae5a216-24de-4bc8-8543-b39c2b4bd6ff",
	"7251ad52-bdad-4dc4-87b8-4960629d4619");
INSERT INTO E_GEN
	VALUES ("9ae5a216-24de-4bc8-8543-b39c2b4bd6ff",
	"862806aa-81c3-4766-841d-f0b87c92d811");
INSERT INTO ACT_BLK
	VALUES ("29e0fbc1-b020-4ea6-930e-30ca604c130f",
	0,
	0,
	0,
	'V_VAR.Var_ID',
	'',
	'',
	7,
	2,
	0,
	0,
	0,
	0,
	0,
	0,
	0,
	0,
	0,
	0,
	0,
	"6afbf101-115f-45ee-9234-3244e5abe8a0",
	"00000000-0000-0000-0000-000000000000");
INSERT INTO ACT_SMT
	VALUES ("60a87c55-6da5-4c1f-930e-1f460adb5470",
	"29e0fbc1-b020-4ea6-930e-30ca604c130f",
	"00000000-0000-0000-0000-000000000000",
	7,
	2,
	'CheckInTest::returnedCheckIn line: 7');
INSERT INTO E_ESS
	VALUES ("60a87c55-6da5-4c1f-930e-1f460adb5470",
	1,
	0,
	7,
	11,
	7,
	24,
	0,
	0,
	0,
	0,
	0,
	0);
INSERT INTO E_GES
	VALUES ("60a87c55-6da5-4c1f-930e-1f460adb5470");
INSERT INTO E_GSME
	VALUES ("60a87c55-6da5-4c1f-930e-1f460adb5470",
	"6b1758a7-67cc-4e54-9326-1526e2200e19");
INSERT INTO E_GEN
	VALUES ("60a87c55-6da5-4c1f-930e-1f460adb5470",
	"862806aa-81c3-4766-841d-f0b87c92d811");
INSERT INTO SM_STATE
	VALUES ("3ba8d550-1e0f-4785-87e7-c00d4d0ed6cf",
	"d15dcff0-0ef5-4680-be8b-e7b74ce307be",
	"00000000-0000-0000-0000-000000000000",
	'testSuccess',
	4,
	0);
INSERT INTO SM_CH
	VALUES ("3ba8d550-1e0f-4785-87e7-c00d4d0ed6cf",
	"6b1758a7-67cc-4e54-9326-1526e2200e19",
	"d15dcff0-0ef5-4680-be8b-e7b74ce307be",
	"00000000-0000-0000-0000-000000000000",
	'');
INSERT INTO SM_SEME
	VALUES ("3ba8d550-1e0f-4785-87e7-c00d4d0ed6cf",
	"6b1758a7-67cc-4e54-9326-1526e2200e19",
	"d15dcff0-0ef5-4680-be8b-e7b74ce307be",
	"00000000-0000-0000-0000-000000000000");
INSERT INTO SM_CH
	VALUES ("3ba8d550-1e0f-4785-87e7-c00d4d0ed6cf",
	"7251ad52-bdad-4dc4-87b8-4960629d4619",
	"d15dcff0-0ef5-4680-be8b-e7b74ce307be",
	"00000000-0000-0000-0000-000000000000",
	'');
INSERT INTO SM_SEME
	VALUES ("3ba8d550-1e0f-4785-87e7-c00d4d0ed6cf",
	"7251ad52-bdad-4dc4-87b8-4960629d4619",
	"d15dcff0-0ef5-4680-be8b-e7b74ce307be",
	"00000000-0000-0000-0000-000000000000");
INSERT INTO SM_CH
	VALUES ("3ba8d550-1e0f-4785-87e7-c00d4d0ed6cf",
	"1e137fa3-e8d3-4b29-91fd-68571509b34f",
	"d15dcff0-0ef5-4680-be8b-e7b74ce307be",
	"00000000-0000-0000-0000-000000000000",
	'');
INSERT INTO SM_SEME
	VALUES ("3ba8d550-1e0f-4785-87e7-c00d4d0ed6cf",
	"1e137fa3-e8d3-4b29-91fd-68571509b34f",
	"d15dcff0-0ef5-4680-be8b-e7b74ce307be",
	"00000000-0000-0000-0000-000000000000");
INSERT INTO SM_CH
	VALUES ("3ba8d550-1e0f-4785-87e7-c00d4d0ed6cf",
	"d54bbb50-1cf8-4d66-ba71-88f824f1afac",
	"d15dcff0-0ef5-4680-be8b-e7b74ce307be",
	"00000000-0000-0000-0000-000000000000",
	'');
INSERT INTO SM_SEME
	VALUES ("3ba8d550-1e0f-4785-87e7-c00d4d0ed6cf",
	"d54bbb50-1cf8-4d66-ba71-88f824f1afac",
	"d15dcff0-0ef5-4680-be8b-e7b74ce307be",
	"00000000-0000-0000-0000-000000000000");
INSERT INTO SM_MOAH
	VALUES ("bd4aceac-ae83-4087-8f9f-d012fa7283a1",
	"d15dcff0-0ef5-4680-be8b-e7b74ce307be",
	"3ba8d550-1e0f-4785-87e7-c00d4d0ed6cf");
INSERT INTO SM_AH
	VALUES ("bd4aceac-ae83-4087-8f9f-d012fa7283a1",
	"d15dcff0-0ef5-4680-be8b-e7b74ce307be");
INSERT INTO SM_ACT
	VALUES ("bd4aceac-ae83-4087-8f9f-d012fa7283a1",
	"d15dcff0-0ef5-4680-be8b-e7b74ce307be",
	1,
	'',
	'');
INSERT INTO ACT_SAB
	VALUES ("79b39b34-91a2-4e93-8253-8d20485c8aeb",
	"d15dcff0-0ef5-4680-be8b-e7b74ce307be",
	"bd4aceac-ae83-4087-8f9f-d012fa7283a1");
INSERT INTO ACT_ACT
	VALUES ("79b39b34-91a2-4e93-8253-8d20485c8aeb",
	'state',
	0,
	"42ecf290-da13-4ffa-b68d-be4e8df91390",
	"00000000-0000-0000-0000-000000000000",
	0,
	'CheckInTest::testSuccess',
	"00000000-0000-0000-0000-000000000000");
INSERT INTO ACT_BLK
	VALUES ("42ecf290-da13-4ffa-b68d-be4e8df91390",
	0,
	0,
	0,
	'',
	'',
	'',
	0,
	0,
	0,
	0,
	0,
	0,
	0,
	0,
	0,
	0,
	0,
	0,
	0,
	"79b39b34-91a2-4e93-8253-8d20485c8aeb",
	"00000000-0000-0000-0000-000000000000");
INSERT INTO SM_STATE
	VALUES ("63de1ce5-8162-4ee0-b501-10f0029432b8",
	"d15dcff0-0ef5-4680-be8b-e7b74ce307be",
	"00000000-0000-0000-0000-000000000000",
	'testFailed',
	5,
	0);
INSERT INTO SM_CH
	VALUES ("63de1ce5-8162-4ee0-b501-10f0029432b8",
	"6b1758a7-67cc-4e54-9326-1526e2200e19",
	"d15dcff0-0ef5-4680-be8b-e7b74ce307be",
	"00000000-0000-0000-0000-000000000000",
	'');
INSERT INTO SM_SEME
	VALUES ("63de1ce5-8162-4ee0-b501-10f0029432b8",
	"6b1758a7-67cc-4e54-9326-1526e2200e19",
	"d15dcff0-0ef5-4680-be8b-e7b74ce307be",
	"00000000-0000-0000-0000-000000000000");
INSERT INTO SM_CH
	VALUES ("63de1ce5-8162-4ee0-b501-10f0029432b8",
	"7251ad52-bdad-4dc4-87b8-4960629d4619",
	"d15dcff0-0ef5-4680-be8b-e7b74ce307be",
	"00000000-0000-0000-0000-000000000000",
	'');
INSERT INTO SM_SEME
	VALUES ("63de1ce5-8162-4ee0-b501-10f0029432b8",
	"7251ad52-bdad-4dc4-87b8-4960629d4619",
	"d15dcff0-0ef5-4680-be8b-e7b74ce307be",
	"00000000-0000-0000-0000-000000000000");
INSERT INTO SM_CH
	VALUES ("63de1ce5-8162-4ee0-b501-10f0029432b8",
	"1e137fa3-e8d3-4b29-91fd-68571509b34f",
	"d15dcff0-0ef5-4680-be8b-e7b74ce307be",
	"00000000-0000-0000-0000-000000000000",
	'');
INSERT INTO SM_SEME
	VALUES ("63de1ce5-8162-4ee0-b501-10f0029432b8",
	"1e137fa3-e8d3-4b29-91fd-68571509b34f",
	"d15dcff0-0ef5-4680-be8b-e7b74ce307be",
	"00000000-0000-0000-0000-000000000000");
INSERT INTO SM_CH
	VALUES ("63de1ce5-8162-4ee0-b501-10f0029432b8",
	"d54bbb50-1cf8-4d66-ba71-88f824f1afac",
	"d15dcff0-0ef5-4680-be8b-e7b74ce307be",
	"00000000-0000-0000-0000-000000000000",
	'');
INSERT INTO SM_SEME
	VALUES ("63de1ce5-8162-4ee0-b501-10f0029432b8",
	"d54bbb50-1cf8-4d66-ba71-88f824f1afac",
	"d15dcff0-0ef5-4680-be8b-e7b74ce307be",
	"00000000-0000-0000-0000-000000000000");
INSERT INTO SM_MOAH
	VALUES ("f2b261aa-4c28-4259-aae3-165966d26a71",
	"d15dcff0-0ef5-4680-be8b-e7b74ce307be",
	"63de1ce5-8162-4ee0-b501-10f0029432b8");
INSERT INTO SM_AH
	VALUES ("f2b261aa-4c28-4259-aae3-165966d26a71",
	"d15dcff0-0ef5-4680-be8b-e7b74ce307be");
INSERT INTO SM_ACT
	VALUES ("f2b261aa-4c28-4259-aae3-165966d26a71",
	"d15dcff0-0ef5-4680-be8b-e7b74ce307be",
	1,
	'',
	'');
INSERT INTO ACT_SAB
	VALUES ("8246c75e-8632-4b11-97fc-f9cc7a97a9e0",
	"d15dcff0-0ef5-4680-be8b-e7b74ce307be",
	"f2b261aa-4c28-4259-aae3-165966d26a71");
INSERT INTO ACT_ACT
	VALUES ("8246c75e-8632-4b11-97fc-f9cc7a97a9e0",
	'state',
	0,
	"f3e024c9-cf47-43dd-be75-9690c3b4d44f",
	"00000000-0000-0000-0000-000000000000",
	0,
	'CheckInTest::testFailed',
	"00000000-0000-0000-0000-000000000000");
INSERT INTO ACT_BLK
	VALUES ("f3e024c9-cf47-43dd-be75-9690c3b4d44f",
	0,
	0,
	0,
	'',
	'',
	'',
	0,
	0,
	0,
	0,
	0,
	0,
	0,
	0,
	0,
	0,
	0,
	0,
	0,
	"8246c75e-8632-4b11-97fc-f9cc7a97a9e0",
	"00000000-0000-0000-0000-000000000000");
INSERT INTO SM_CRTXN
	VALUES ("711ed159-402e-458a-8e98-a466b599c9b1",
	"d15dcff0-0ef5-4680-be8b-e7b74ce307be",
	"00000000-0000-0000-0000-000000000000",
	"00000000-0000-0000-0000-000000000000");
INSERT INTO SM_TAH
	VALUES ("2c9bad5b-4fb2-4b41-a388-0fb5e309310a",
	"d15dcff0-0ef5-4680-be8b-e7b74ce307be",
	"711ed159-402e-458a-8e98-a466b599c9b1");
INSERT INTO SM_AH
	VALUES ("2c9bad5b-4fb2-4b41-a388-0fb5e309310a",
	"d15dcff0-0ef5-4680-be8b-e7b74ce307be");
INSERT INTO SM_ACT
	VALUES ("2c9bad5b-4fb2-4b41-a388-0fb5e309310a",
	"d15dcff0-0ef5-4680-be8b-e7b74ce307be",
	1,
	'',
	'');
INSERT INTO ACT_TAB
	VALUES ("ea0b25c1-7de5-4031-9afc-91da8b165803",
	"d15dcff0-0ef5-4680-be8b-e7b74ce307be",
	"2c9bad5b-4fb2-4b41-a388-0fb5e309310a");
INSERT INTO ACT_ACT
	VALUES ("ea0b25c1-7de5-4031-9afc-91da8b165803",
	'transition',
	0,
	"f96100eb-76e5-4286-bc30-56511b5fb4f5",
	"00000000-0000-0000-0000-000000000000",
	0,
	'No Event Assigned',
	"00000000-0000-0000-0000-000000000000");
INSERT INTO ACT_BLK
	VALUES ("f96100eb-76e5-4286-bc30-56511b5fb4f5",
	0,
	0,
	0,
	'',
	'',
	'',
	0,
	0,
	0,
	0,
	0,
	0,
	0,
	0,
	0,
	0,
	0,
	0,
	0,
	"ea0b25c1-7de5-4031-9afc-91da8b165803",
	"00000000-0000-0000-0000-000000000000");
INSERT INTO SM_TXN
	VALUES ("711ed159-402e-458a-8e98-a466b599c9b1",
	"d15dcff0-0ef5-4680-be8b-e7b74ce307be",
	"8b9104f5-daeb-45d5-a61b-bfd482afe2cf",
	"00000000-0000-0000-0000-000000000000");
INSERT INTO SM_NSTXN
	VALUES ("23be09c0-e1f9-4206-8f85-5533f34250a9",
	"d15dcff0-0ef5-4680-be8b-e7b74ce307be",
	"8b9104f5-daeb-45d5-a61b-bfd482afe2cf",
	"d54bbb50-1cf8-4d66-ba71-88f824f1afac",
	"00000000-0000-0000-0000-000000000000");
INSERT INTO SM_TAH
	VALUES ("38e80ba5-7f5f-4193-ba55-c598bfb06870",
	"d15dcff0-0ef5-4680-be8b-e7b74ce307be",
	"23be09c0-e1f9-4206-8f85-5533f34250a9");
INSERT INTO SM_AH
	VALUES ("38e80ba5-7f5f-4193-ba55-c598bfb06870",
	"d15dcff0-0ef5-4680-be8b-e7b74ce307be");
INSERT INTO SM_ACT
	VALUES ("38e80ba5-7f5f-4193-ba55-c598bfb06870",
	"d15dcff0-0ef5-4680-be8b-e7b74ce307be",
	1,
	'',
	'');
INSERT INTO ACT_TAB
	VALUES ("99a0e45b-13ce-4535-9df5-7d45ecd150de",
	"d15dcff0-0ef5-4680-be8b-e7b74ce307be",
	"38e80ba5-7f5f-4193-ba55-c598bfb06870");
INSERT INTO ACT_ACT
	VALUES ("99a0e45b-13ce-4535-9df5-7d45ecd150de",
	'transition',
	0,
	"0ce57d8d-bf16-470f-a812-b1765e6dec52",
	"00000000-0000-0000-0000-000000000000",
	0,
	'CHECKINTEST4: start',
	"00000000-0000-0000-0000-000000000000");
INSERT INTO ACT_BLK
	VALUES ("0ce57d8d-bf16-470f-a812-b1765e6dec52",
	0,
	0,
	0,
	'',
	'',
	'',
	0,
	0,
	0,
	0,
	0,
	0,
	0,
	0,
	0,
	0,
	0,
	0,
	0,
	"99a0e45b-13ce-4535-9df5-7d45ecd150de",
	"00000000-0000-0000-0000-000000000000");
INSERT INTO SM_TXN
	VALUES ("23be09c0-e1f9-4206-8f85-5533f34250a9",
	"d15dcff0-0ef5-4680-be8b-e7b74ce307be",
	"eb12c7f6-5914-4c44-80a8-174019492365",
	"00000000-0000-0000-0000-000000000000");
INSERT INTO SM_NSTXN
	VALUES ("64f5a522-1b60-4cec-9730-84a316a939bc",
	"d15dcff0-0ef5-4680-be8b-e7b74ce307be",
	"eb12c7f6-5914-4c44-80a8-174019492365",
	"1e137fa3-e8d3-4b29-91fd-68571509b34f",
	"00000000-0000-0000-0000-000000000000");
INSERT INTO SM_TAH
	VALUES ("9632f471-7d9e-45f3-a51b-6ab014eefcdd",
	"d15dcff0-0ef5-4680-be8b-e7b74ce307be",
	"64f5a522-1b60-4cec-9730-84a316a939bc");
INSERT INTO SM_AH
	VALUES ("9632f471-7d9e-45f3-a51b-6ab014eefcdd",
	"d15dcff0-0ef5-4680-be8b-e7b74ce307be");
INSERT INTO SM_ACT
	VALUES ("9632f471-7d9e-45f3-a51b-6ab014eefcdd",
	"d15dcff0-0ef5-4680-be8b-e7b74ce307be",
	1,
	'',
	'');
INSERT INTO ACT_TAB
	VALUES ("86097605-d54b-4b00-9ee8-e89c2b58306c",
	"d15dcff0-0ef5-4680-be8b-e7b74ce307be",
	"9632f471-7d9e-45f3-a51b-6ab014eefcdd");
INSERT INTO ACT_ACT
	VALUES ("86097605-d54b-4b00-9ee8-e89c2b58306c",
	'transition',
	0,
	"6635e88e-2773-48ef-b790-2885c2cd0458",
	"00000000-0000-0000-0000-000000000000",
	0,
	'CHECKINTEST3: checkInReturnEvent',
	"00000000-0000-0000-0000-000000000000");
INSERT INTO ACT_BLK
	VALUES ("6635e88e-2773-48ef-b790-2885c2cd0458",
	0,
	0,
	0,
	'',
	'',
	'',
	0,
	0,
	0,
	0,
	0,
	0,
	0,
	0,
	0,
	0,
	0,
	0,
	0,
	"86097605-d54b-4b00-9ee8-e89c2b58306c",
	"00000000-0000-0000-0000-000000000000");
INSERT INTO SM_TXN
	VALUES ("64f5a522-1b60-4cec-9730-84a316a939bc",
	"d15dcff0-0ef5-4680-be8b-e7b74ce307be",
	"8a1ed561-9f6a-4a13-befe-eb13f4e5ade8",
	"00000000-0000-0000-0000-000000000000");
INSERT INTO SM_NSTXN
	VALUES ("cdb1c600-4b0d-4f9d-9392-04605154960f",
	"d15dcff0-0ef5-4680-be8b-e7b74ce307be",
	"8a1ed561-9f6a-4a13-befe-eb13f4e5ade8",
	"6b1758a7-67cc-4e54-9326-1526e2200e19",
	"00000000-0000-0000-0000-000000000000");
INSERT INTO SM_TAH
	VALUES ("93f9af79-622c-4629-8d31-63bd54504a86",
	"d15dcff0-0ef5-4680-be8b-e7b74ce307be",
	"cdb1c600-4b0d-4f9d-9392-04605154960f");
INSERT INTO SM_AH
	VALUES ("93f9af79-622c-4629-8d31-63bd54504a86",
	"d15dcff0-0ef5-4680-be8b-e7b74ce307be");
INSERT INTO SM_ACT
	VALUES ("93f9af79-622c-4629-8d31-63bd54504a86",
	"d15dcff0-0ef5-4680-be8b-e7b74ce307be",
	1,
	'',
	'');
INSERT INTO ACT_TAB
	VALUES ("122ce12b-2989-462c-b941-ae1167569991",
	"d15dcff0-0ef5-4680-be8b-e7b74ce307be",
	"93f9af79-622c-4629-8d31-63bd54504a86");
INSERT INTO ACT_ACT
	VALUES ("122ce12b-2989-462c-b941-ae1167569991",
	'transition',
	0,
	"c5800d0e-2f99-4c15-94e4-1683d5df2dea",
	"00000000-0000-0000-0000-000000000000",
	0,
	'CHECKINTEST1: failEvent',
	"00000000-0000-0000-0000-000000000000");
INSERT INTO ACT_BLK
	VALUES ("c5800d0e-2f99-4c15-94e4-1683d5df2dea",
	0,
	0,
	0,
	'',
	'',
	'',
	0,
	0,
	0,
	0,
	0,
	0,
	0,
	0,
	0,
	0,
	0,
	0,
	0,
	"122ce12b-2989-462c-b941-ae1167569991",
	"00000000-0000-0000-0000-000000000000");
INSERT INTO SM_TXN
	VALUES ("cdb1c600-4b0d-4f9d-9392-04605154960f",
	"d15dcff0-0ef5-4680-be8b-e7b74ce307be",
	"63de1ce5-8162-4ee0-b501-10f0029432b8",
	"00000000-0000-0000-0000-000000000000");
INSERT INTO SM_NSTXN
	VALUES ("b15a3560-c86e-4a06-8dff-1d032f5dc675",
	"d15dcff0-0ef5-4680-be8b-e7b74ce307be",
	"8a1ed561-9f6a-4a13-befe-eb13f4e5ade8",
	"7251ad52-bdad-4dc4-87b8-4960629d4619",
	"00000000-0000-0000-0000-000000000000");
INSERT INTO SM_TAH
	VALUES ("614b474d-67bb-45c9-816d-033391374ca3",
	"d15dcff0-0ef5-4680-be8b-e7b74ce307be",
	"b15a3560-c86e-4a06-8dff-1d032f5dc675");
INSERT INTO SM_AH
	VALUES ("614b474d-67bb-45c9-816d-033391374ca3",
	"d15dcff0-0ef5-4680-be8b-e7b74ce307be");
INSERT INTO SM_ACT
	VALUES ("614b474d-67bb-45c9-816d-033391374ca3",
	"d15dcff0-0ef5-4680-be8b-e7b74ce307be",
	1,
	'',
	'');
INSERT INTO ACT_TAB
	VALUES ("24e325ff-a775-4873-9c3d-60077de4d202",
	"d15dcff0-0ef5-4680-be8b-e7b74ce307be",
	"614b474d-67bb-45c9-816d-033391374ca3");
INSERT INTO ACT_ACT
	VALUES ("24e325ff-a775-4873-9c3d-60077de4d202",
	'transition',
	0,
	"2c7aefea-60ab-46c7-a68d-a6835d7d7c02",
	"00000000-0000-0000-0000-000000000000",
	0,
	'CHECKINTEST2: successEvent',
	"00000000-0000-0000-0000-000000000000");
INSERT INTO ACT_BLK
	VALUES ("2c7aefea-60ab-46c7-a68d-a6835d7d7c02",
	0,
	0,
	0,
	'',
	'',
	'',
	0,
	0,
	0,
	0,
	0,
	0,
	0,
	0,
	0,
	0,
	0,
	0,
	0,
	"24e325ff-a775-4873-9c3d-60077de4d202",
	"00000000-0000-0000-0000-000000000000");
INSERT INTO SM_TXN
	VALUES ("b15a3560-c86e-4a06-8dff-1d032f5dc675",
	"d15dcff0-0ef5-4680-be8b-e7b74ce307be",
	"3ba8d550-1e0f-4785-87e7-c00d4d0ed6cf",
	"00000000-0000-0000-0000-000000000000");
INSERT INTO PE_PE
	VALUES ("14a3c035-bb40-4274-ad9f-044e28028219",
	1,
	"dcd45889-1e8f-44ce-a0ac-90e67ced68c3",
	"00000000-0000-0000-0000-000000000000",
	4);
INSERT INTO O_OBJ
	VALUES ("14a3c035-bb40-4274-ad9f-044e28028219",
	'CheckOutTest',
	4,
	'CHECKOUTTEST',
	'',
	"00000000-0000-0000-0000-000000000000");
INSERT INTO O_NBATTR
	VALUES ("dc5ddd4e-5a68-45df-bef6-b347b0cdbc31",
	"14a3c035-bb40-4274-ad9f-044e28028219");
INSERT INTO O_BATTR
	VALUES ("dc5ddd4e-5a68-45df-bef6-b347b0cdbc31",
	"14a3c035-bb40-4274-ad9f-044e28028219");
INSERT INTO O_ATTR
	VALUES ("dc5ddd4e-5a68-45df-bef6-b347b0cdbc31",
	"14a3c035-bb40-4274-ad9f-044e28028219",
	"00000000-0000-0000-0000-000000000000",
	'current_state',
	'',
	'',
	'current_state',
	0,
	"ba5eda7a-def5-0000-0000-000000000006",
	'',
	'');
INSERT INTO O_NBATTR
	VALUES ("31168037-2e3c-4b27-86ff-e1b447630b28",
	"14a3c035-bb40-4274-ad9f-044e28028219");
INSERT INTO O_BATTR
	VALUES ("31168037-2e3c-4b27-86ff-e1b447630b28",
	"14a3c035-bb40-4274-ad9f-044e28028219");
INSERT INTO O_ATTR
	VALUES ("31168037-2e3c-4b27-86ff-e1b447630b28",
	"14a3c035-bb40-4274-ad9f-044e28028219",
	"dc5ddd4e-5a68-45df-bef6-b347b0cdbc31",
	'bookingNumber',
	'',
	'',
	'bookingNumber',
	0,
	"ba5eda7a-def5-0000-0000-000000000005",
	'',
	'');
INSERT INTO O_ID
	VALUES (0,
	"14a3c035-bb40-4274-ad9f-044e28028219");
INSERT INTO O_ID
	VALUES (1,
	"14a3c035-bb40-4274-ad9f-044e28028219");
INSERT INTO O_ID
	VALUES (2,
	"14a3c035-bb40-4274-ad9f-044e28028219");
INSERT INTO SM_ISM
	VALUES ("861334a9-d973-426f-8e84-cf45da0a1aa8",
	"14a3c035-bb40-4274-ad9f-044e28028219");
INSERT INTO SM_SM
	VALUES ("861334a9-d973-426f-8e84-cf45da0a1aa8",
	'',
	0);
INSERT INTO SM_MOORE
	VALUES ("861334a9-d973-426f-8e84-cf45da0a1aa8");
INSERT INTO SM_EVTDI
	VALUES ("66d2a2bb-d7d2-4650-b7ee-2b4d355914c0",
	"861334a9-d973-426f-8e84-cf45da0a1aa8",
	'bookingNumber',
	'',
	"ba5eda7a-def5-0000-0000-000000000005",
	'',
	"47c1a162-7eff-4072-89d4-dc3b56e972f9",
	"00000000-0000-0000-0000-000000000000");
INSERT INTO SM_EVTDI
	VALUES ("dc7a8f5e-26d6-4cd9-827d-9422530557eb",
	"861334a9-d973-426f-8e84-cf45da0a1aa8",
	'name',
	'',
	"ba5eda7a-def5-0000-0000-000000000004",
	'',
	"47c1a162-7eff-4072-89d4-dc3b56e972f9",
	"66d2a2bb-d7d2-4650-b7ee-2b4d355914c0");
INSERT INTO SM_EVTDI
	VALUES ("0a7bece0-994a-4efd-92ea-6c5dada87b33",
	"861334a9-d973-426f-8e84-cf45da0a1aa8",
	'age',
	'',
	"ba5eda7a-def5-0000-0000-000000000002",
	'',
	"47c1a162-7eff-4072-89d4-dc3b56e972f9",
	"dc7a8f5e-26d6-4cd9-827d-9422530557eb");
INSERT INTO SM_EVTDI
	VALUES ("f20126e2-1088-4eb3-9a54-d424c8d3a047",
	"861334a9-d973-426f-8e84-cf45da0a1aa8",
	'success',
	'',
	"ba5eda7a-def5-0000-0000-000000000001",
	'',
	"85f0d067-d3e6-4271-b0a8-8dc972efb74c",
	"00000000-0000-0000-0000-000000000000");
INSERT INTO SM_LEVT
	VALUES ("47c1a162-7eff-4072-89d4-dc3b56e972f9",
	"861334a9-d973-426f-8e84-cf45da0a1aa8",
	"00000000-0000-0000-0000-000000000000");
INSERT INTO SM_SEVT
	VALUES ("47c1a162-7eff-4072-89d4-dc3b56e972f9",
	"861334a9-d973-426f-8e84-cf45da0a1aa8",
	"00000000-0000-0000-0000-000000000000");
INSERT INTO SM_EVT
	VALUES ("47c1a162-7eff-4072-89d4-dc3b56e972f9",
	"861334a9-d973-426f-8e84-cf45da0a1aa8",
	"00000000-0000-0000-0000-000000000000",
	1,
	'start',
	0,
	'',
	'CHECKOUTTEST1',
	'');
INSERT INTO SM_LEVT
	VALUES ("85f0d067-d3e6-4271-b0a8-8dc972efb74c",
	"861334a9-d973-426f-8e84-cf45da0a1aa8",
	"00000000-0000-0000-0000-000000000000");
INSERT INTO SM_SEVT
	VALUES ("85f0d067-d3e6-4271-b0a8-8dc972efb74c",
	"861334a9-d973-426f-8e84-cf45da0a1aa8",
	"00000000-0000-0000-0000-000000000000");
INSERT INTO SM_EVT
	VALUES ("85f0d067-d3e6-4271-b0a8-8dc972efb74c",
	"861334a9-d973-426f-8e84-cf45da0a1aa8",
	"00000000-0000-0000-0000-000000000000",
	2,
	'checkOutReturnEvent',
	0,
	'',
	'CHECKOUTTEST2',
	'');
INSERT INTO SM_LEVT
	VALUES ("7ffccfc6-e1ba-407e-a61b-5f104c55c48c",
	"861334a9-d973-426f-8e84-cf45da0a1aa8",
	"00000000-0000-0000-0000-000000000000");
INSERT INTO SM_SEVT
	VALUES ("7ffccfc6-e1ba-407e-a61b-5f104c55c48c",
	"861334a9-d973-426f-8e84-cf45da0a1aa8",
	"00000000-0000-0000-0000-000000000000");
INSERT INTO SM_EVT
	VALUES ("7ffccfc6-e1ba-407e-a61b-5f104c55c48c",
	"861334a9-d973-426f-8e84-cf45da0a1aa8",
	"00000000-0000-0000-0000-000000000000",
	3,
	'failEvent',
	0,
	'',
	'CHECKOUTTEST3',
	'');
INSERT INTO SM_LEVT
	VALUES ("5d7cedb7-68ac-4481-808a-724f0122c58a",
	"861334a9-d973-426f-8e84-cf45da0a1aa8",
	"00000000-0000-0000-0000-000000000000");
INSERT INTO SM_SEVT
	VALUES ("5d7cedb7-68ac-4481-808a-724f0122c58a",
	"861334a9-d973-426f-8e84-cf45da0a1aa8",
	"00000000-0000-0000-0000-000000000000");
INSERT INTO SM_EVT
	VALUES ("5d7cedb7-68ac-4481-808a-724f0122c58a",
	"861334a9-d973-426f-8e84-cf45da0a1aa8",
	"00000000-0000-0000-0000-000000000000",
	4,
	'successEvent',
	0,
	'',
	'CHECKOUTTEST4',
	'');
INSERT INTO SM_STATE
	VALUES ("046db5c7-3a25-4843-b535-e665541a987e",
	"861334a9-d973-426f-8e84-cf45da0a1aa8",
	"00000000-0000-0000-0000-000000000000",
	'checkedIn',
	1,
	0);
INSERT INTO SM_SEME
	VALUES ("046db5c7-3a25-4843-b535-e665541a987e",
	"47c1a162-7eff-4072-89d4-dc3b56e972f9",
	"861334a9-d973-426f-8e84-cf45da0a1aa8",
	"00000000-0000-0000-0000-000000000000");
INSERT INTO SM_CH
	VALUES ("046db5c7-3a25-4843-b535-e665541a987e",
	"85f0d067-d3e6-4271-b0a8-8dc972efb74c",
	"861334a9-d973-426f-8e84-cf45da0a1aa8",
	"00000000-0000-0000-0000-000000000000",
	'');
INSERT INTO SM_SEME
	VALUES ("046db5c7-3a25-4843-b535-e665541a987e",
	"85f0d067-d3e6-4271-b0a8-8dc972efb74c",
	"861334a9-d973-426f-8e84-cf45da0a1aa8",
	"00000000-0000-0000-0000-000000000000");
INSERT INTO SM_CH
	VALUES ("046db5c7-3a25-4843-b535-e665541a987e",
	"7ffccfc6-e1ba-407e-a61b-5f104c55c48c",
	"861334a9-d973-426f-8e84-cf45da0a1aa8",
	"00000000-0000-0000-0000-000000000000",
	'');
INSERT INTO SM_SEME
	VALUES ("046db5c7-3a25-4843-b535-e665541a987e",
	"7ffccfc6-e1ba-407e-a61b-5f104c55c48c",
	"861334a9-d973-426f-8e84-cf45da0a1aa8",
	"00000000-0000-0000-0000-000000000000");
INSERT INTO SM_CH
	VALUES ("046db5c7-3a25-4843-b535-e665541a987e",
	"5d7cedb7-68ac-4481-808a-724f0122c58a",
	"861334a9-d973-426f-8e84-cf45da0a1aa8",
	"00000000-0000-0000-0000-000000000000",
	'');
INSERT INTO SM_SEME
	VALUES ("046db5c7-3a25-4843-b535-e665541a987e",
	"5d7cedb7-68ac-4481-808a-724f0122c58a",
	"861334a9-d973-426f-8e84-cf45da0a1aa8",
	"00000000-0000-0000-0000-000000000000");
INSERT INTO SM_MOAH
	VALUES ("433600cf-cddf-4429-8876-fc8d0499302f",
	"861334a9-d973-426f-8e84-cf45da0a1aa8",
	"046db5c7-3a25-4843-b535-e665541a987e");
INSERT INTO SM_AH
	VALUES ("433600cf-cddf-4429-8876-fc8d0499302f",
	"861334a9-d973-426f-8e84-cf45da0a1aa8");
INSERT INTO SM_ACT
	VALUES ("433600cf-cddf-4429-8876-fc8d0499302f",
	"861334a9-d973-426f-8e84-cf45da0a1aa8",
	1,
	'',
	'');
INSERT INTO ACT_SAB
	VALUES ("a4a65ebb-c692-472e-af34-adf204558740",
	"861334a9-d973-426f-8e84-cf45da0a1aa8",
	"433600cf-cddf-4429-8876-fc8d0499302f");
INSERT INTO ACT_ACT
	VALUES ("a4a65ebb-c692-472e-af34-adf204558740",
	'state',
	0,
	"22629930-3283-42e7-aff4-f95a771486d4",
	"00000000-0000-0000-0000-000000000000",
	0,
	'CheckOutTest::checkedIn',
	"00000000-0000-0000-0000-000000000000");
INSERT INTO ACT_BLK
	VALUES ("22629930-3283-42e7-aff4-f95a771486d4",
	0,
	0,
	0,
	'',
	'',
	'',
	0,
	0,
	0,
	0,
	0,
	0,
	0,
	0,
	0,
	0,
	0,
	0,
	0,
	"a4a65ebb-c692-472e-af34-adf204558740",
	"00000000-0000-0000-0000-000000000000");
INSERT INTO SM_STATE
	VALUES ("16873d32-88ea-4dfe-89a6-f09324e6450b",
	"861334a9-d973-426f-8e84-cf45da0a1aa8",
	"00000000-0000-0000-0000-000000000000",
	'attemptCheckOut',
	2,
	0);
INSERT INTO SM_CH
	VALUES ("16873d32-88ea-4dfe-89a6-f09324e6450b",
	"47c1a162-7eff-4072-89d4-dc3b56e972f9",
	"861334a9-d973-426f-8e84-cf45da0a1aa8",
	"00000000-0000-0000-0000-000000000000",
	'');
INSERT INTO SM_SEME
	VALUES ("16873d32-88ea-4dfe-89a6-f09324e6450b",
	"47c1a162-7eff-4072-89d4-dc3b56e972f9",
	"861334a9-d973-426f-8e84-cf45da0a1aa8",
	"00000000-0000-0000-0000-000000000000");
INSERT INTO SM_SEME
	VALUES ("16873d32-88ea-4dfe-89a6-f09324e6450b",
	"85f0d067-d3e6-4271-b0a8-8dc972efb74c",
	"861334a9-d973-426f-8e84-cf45da0a1aa8",
	"00000000-0000-0000-0000-000000000000");
INSERT INTO SM_CH
	VALUES ("16873d32-88ea-4dfe-89a6-f09324e6450b",
	"7ffccfc6-e1ba-407e-a61b-5f104c55c48c",
	"861334a9-d973-426f-8e84-cf45da0a1aa8",
	"00000000-0000-0000-0000-000000000000",
	'');
INSERT INTO SM_SEME
	VALUES ("16873d32-88ea-4dfe-89a6-f09324e6450b",
	"7ffccfc6-e1ba-407e-a61b-5f104c55c48c",
	"861334a9-d973-426f-8e84-cf45da0a1aa8",
	"00000000-0000-0000-0000-000000000000");
INSERT INTO SM_CH
	VALUES ("16873d32-88ea-4dfe-89a6-f09324e6450b",
	"5d7cedb7-68ac-4481-808a-724f0122c58a",
	"861334a9-d973-426f-8e84-cf45da0a1aa8",
	"00000000-0000-0000-0000-000000000000",
	'');
INSERT INTO SM_SEME
	VALUES ("16873d32-88ea-4dfe-89a6-f09324e6450b",
	"5d7cedb7-68ac-4481-808a-724f0122c58a",
	"861334a9-d973-426f-8e84-cf45da0a1aa8",
	"00000000-0000-0000-0000-000000000000");
INSERT INTO SM_MOAH
	VALUES ("62f38b40-b5c4-4675-88f2-f39fbff573cf",
	"861334a9-d973-426f-8e84-cf45da0a1aa8",
	"16873d32-88ea-4dfe-89a6-f09324e6450b");
INSERT INTO SM_AH
	VALUES ("62f38b40-b5c4-4675-88f2-f39fbff573cf",
	"861334a9-d973-426f-8e84-cf45da0a1aa8");
INSERT INTO SM_ACT
	VALUES ("62f38b40-b5c4-4675-88f2-f39fbff573cf",
	"861334a9-d973-426f-8e84-cf45da0a1aa8",
	1,
	'
self.bookingNumber = param.bookingNumber;

send CustomerInterface::checkOutGuest(bookingNumber: self.bookingNumber,name:param.name, age: param.age);',
	'');
INSERT INTO ACT_SAB
	VALUES ("efbb2522-fe05-406d-b140-4e22c6683f51",
	"861334a9-d973-426f-8e84-cf45da0a1aa8",
	"62f38b40-b5c4-4675-88f2-f39fbff573cf");
INSERT INTO ACT_ACT
	VALUES ("efbb2522-fe05-406d-b140-4e22c6683f51",
	'state',
	0,
	"b53af2fd-ebff-4bbe-bae2-fb319c7492c3",
	"00000000-0000-0000-0000-000000000000",
	0,
	'CheckOutTest::attemptCheckOut',
	"00000000-0000-0000-0000-000000000000");
INSERT INTO ACT_BLK
	VALUES ("b53af2fd-ebff-4bbe-bae2-fb319c7492c3",
	0,
	0,
	0,
	'CustomerInterface',
	'',
	'',
	4,
	1,
	4,
	6,
	0,
	0,
	0,
	0,
	0,
	0,
	0,
	0,
	0,
	"efbb2522-fe05-406d-b140-4e22c6683f51",
	"00000000-0000-0000-0000-000000000000");
INSERT INTO ACT_SMT
	VALUES ("df104a48-418e-4a4f-aa5c-9d123afd1cab",
	"b53af2fd-ebff-4bbe-bae2-fb319c7492c3",
	"d3e3ec93-31d6-4cc7-b87c-9896df55ec69",
	2,
	1,
	'CheckOutTest::attemptCheckOut line: 2');
INSERT INTO ACT_AI
	VALUES ("df104a48-418e-4a4f-aa5c-9d123afd1cab",
	"1c0e0b63-843c-426b-a975-f60305df268c",
	"e0921606-9307-409c-acbb-1ab68f47e230",
	0,
	0);
INSERT INTO ACT_SMT
	VALUES ("d3e3ec93-31d6-4cc7-b87c-9896df55ec69",
	"b53af2fd-ebff-4bbe-bae2-fb319c7492c3",
	"00000000-0000-0000-0000-000000000000",
	4,
	1,
	'CheckOutTest::attemptCheckOut line: 4');
INSERT INTO ACT_SGN
	VALUES ("d3e3ec93-31d6-4cc7-b87c-9896df55ec69",
	4,
	25,
	4,
	6,
	"00000000-0000-0000-0000-000000000000",
	"8c254f78-9738-4981-b276-cb82fcc5f912",
	"00000000-0000-0000-0000-000000000000");
INSERT INTO V_VAL
	VALUES ("bcf57dd0-3cc1-4cc4-89d6-0e479f394866",
	1,
	0,
	2,
	1,
	4,
	0,
	0,
	0,
	0,
	"ba5eda7a-def5-0000-0000-000000000008",
	"b53af2fd-ebff-4bbe-bae2-fb319c7492c3");
INSERT INTO V_IRF
	VALUES ("bcf57dd0-3cc1-4cc4-89d6-0e479f394866",
	"398e61f5-5e29-4c4f-b5de-9d460f6d0c79");
INSERT INTO V_VAL
	VALUES ("e0921606-9307-409c-acbb-1ab68f47e230",
	1,
	0,
	2,
	6,
	18,
	0,
	0,
	0,
	0,
	"ba5eda7a-def5-0000-0000-000000000005",
	"b53af2fd-ebff-4bbe-bae2-fb319c7492c3");
INSERT INTO V_AVL
	VALUES ("e0921606-9307-409c-acbb-1ab68f47e230",
	"bcf57dd0-3cc1-4cc4-89d6-0e479f394866",
	"14a3c035-bb40-4274-ad9f-044e28028219",
	"31168037-2e3c-4b27-86ff-e1b447630b28");
INSERT INTO V_VAL
	VALUES ("1c0e0b63-843c-426b-a975-f60305df268c",
	0,
	0,
	2,
	28,
	40,
	0,
	0,
	0,
	0,
	"ba5eda7a-def5-0000-0000-000000000005",
	"b53af2fd-ebff-4bbe-bae2-fb319c7492c3");
INSERT INTO V_EDV
	VALUES ("1c0e0b63-843c-426b-a975-f60305df268c");
INSERT INTO V_EPR
	VALUES ("1c0e0b63-843c-426b-a975-f60305df268c",
	"861334a9-d973-426f-8e84-cf45da0a1aa8",
	"66d2a2bb-d7d2-4650-b7ee-2b4d355914c0",
	"00000000-0000-0000-0000-000000000000");
INSERT INTO V_VAL
	VALUES ("0fa94c4e-c504-41dd-b91a-36273f30bad0",
	0,
	0,
	4,
	54,
	57,
	0,
	0,
	0,
	0,
	"ba5eda7a-def5-0000-0000-000000000008",
	"b53af2fd-ebff-4bbe-bae2-fb319c7492c3");
INSERT INTO V_IRF
	VALUES ("0fa94c4e-c504-41dd-b91a-36273f30bad0",
	"398e61f5-5e29-4c4f-b5de-9d460f6d0c79");
INSERT INTO V_VAL
	VALUES ("6c8c6e83-9e1d-4eb3-9375-343e0e4fb6b8",
	0,
	0,
	4,
	59,
	71,
	0,
	0,
	0,
	0,
	"ba5eda7a-def5-0000-0000-000000000005",
	"b53af2fd-ebff-4bbe-bae2-fb319c7492c3");
INSERT INTO V_AVL
	VALUES ("6c8c6e83-9e1d-4eb3-9375-343e0e4fb6b8",
	"0fa94c4e-c504-41dd-b91a-36273f30bad0",
	"14a3c035-bb40-4274-ad9f-044e28028219",
	"31168037-2e3c-4b27-86ff-e1b447630b28");
INSERT INTO V_PAR
	VALUES ("6c8c6e83-9e1d-4eb3-9375-343e0e4fb6b8",
	"d3e3ec93-31d6-4cc7-b87c-9896df55ec69",
	"00000000-0000-0000-0000-000000000000",
	'bookingNumber',
	"d339daf8-98e7-43cc-a808-2541dd72c745",
	4,
	39);
INSERT INTO V_VAL
	VALUES ("d339daf8-98e7-43cc-a808-2541dd72c745",
	0,
	0,
	4,
	84,
	87,
	0,
	0,
	0,
	0,
	"ba5eda7a-def5-0000-0000-000000000004",
	"b53af2fd-ebff-4bbe-bae2-fb319c7492c3");
INSERT INTO V_EDV
	VALUES ("d339daf8-98e7-43cc-a808-2541dd72c745");
INSERT INTO V_EPR
	VALUES ("d339daf8-98e7-43cc-a808-2541dd72c745",
	"861334a9-d973-426f-8e84-cf45da0a1aa8",
	"dc7a8f5e-26d6-4cd9-827d-9422530557eb",
	"00000000-0000-0000-0000-000000000000");
INSERT INTO V_PAR
	VALUES ("d339daf8-98e7-43cc-a808-2541dd72c745",
	"d3e3ec93-31d6-4cc7-b87c-9896df55ec69",
	"00000000-0000-0000-0000-000000000000",
	'name',
	"207f4f4a-1460-4801-a046-11bc0ddd7234",
	4,
	73);
INSERT INTO V_VAL
	VALUES ("207f4f4a-1460-4801-a046-11bc0ddd7234",
	0,
	0,
	4,
	101,
	103,
	0,
	0,
	0,
	0,
	"ba5eda7a-def5-0000-0000-000000000002",
	"b53af2fd-ebff-4bbe-bae2-fb319c7492c3");
INSERT INTO V_EDV
	VALUES ("207f4f4a-1460-4801-a046-11bc0ddd7234");
INSERT INTO V_EPR
	VALUES ("207f4f4a-1460-4801-a046-11bc0ddd7234",
	"861334a9-d973-426f-8e84-cf45da0a1aa8",
	"0a7bece0-994a-4efd-92ea-6c5dada87b33",
	"00000000-0000-0000-0000-000000000000");
INSERT INTO V_PAR
	VALUES ("207f4f4a-1460-4801-a046-11bc0ddd7234",
	"d3e3ec93-31d6-4cc7-b87c-9896df55ec69",
	"00000000-0000-0000-0000-000000000000",
	'age',
	"00000000-0000-0000-0000-000000000000",
	4,
	90);
INSERT INTO V_VAR
	VALUES ("398e61f5-5e29-4c4f-b5de-9d460f6d0c79",
	"b53af2fd-ebff-4bbe-bae2-fb319c7492c3",
	'self',
	1,
	"ba5eda7a-def5-0000-0000-000000000008");
INSERT INTO V_INT
	VALUES ("398e61f5-5e29-4c4f-b5de-9d460f6d0c79",
	0,
	"14a3c035-bb40-4274-ad9f-044e28028219");
INSERT INTO V_LOC
	VALUES ("6675dc56-6fca-4ad0-bebf-6ac987c533b1",
	2,
	1,
	4,
	"398e61f5-5e29-4c4f-b5de-9d460f6d0c79");
INSERT INTO V_LOC
	VALUES ("51f32a07-6b40-43f6-adb7-3b41a68955fd",
	4,
	54,
	57,
	"398e61f5-5e29-4c4f-b5de-9d460f6d0c79");
INSERT INTO SM_STATE
	VALUES ("0b273c09-242b-44b7-a061-377bd6cd47cb",
	"861334a9-d973-426f-8e84-cf45da0a1aa8",
	"00000000-0000-0000-0000-000000000000",
	'returnedCheckOut',
	3,
	0);
INSERT INTO SM_CH
	VALUES ("0b273c09-242b-44b7-a061-377bd6cd47cb",
	"47c1a162-7eff-4072-89d4-dc3b56e972f9",
	"861334a9-d973-426f-8e84-cf45da0a1aa8",
	"00000000-0000-0000-0000-000000000000",
	'');
INSERT INTO SM_SEME
	VALUES ("0b273c09-242b-44b7-a061-377bd6cd47cb",
	"47c1a162-7eff-4072-89d4-dc3b56e972f9",
	"861334a9-d973-426f-8e84-cf45da0a1aa8",
	"00000000-0000-0000-0000-000000000000");
INSERT INTO SM_CH
	VALUES ("0b273c09-242b-44b7-a061-377bd6cd47cb",
	"85f0d067-d3e6-4271-b0a8-8dc972efb74c",
	"861334a9-d973-426f-8e84-cf45da0a1aa8",
	"00000000-0000-0000-0000-000000000000",
	'');
INSERT INTO SM_SEME
	VALUES ("0b273c09-242b-44b7-a061-377bd6cd47cb",
	"85f0d067-d3e6-4271-b0a8-8dc972efb74c",
	"861334a9-d973-426f-8e84-cf45da0a1aa8",
	"00000000-0000-0000-0000-000000000000");
INSERT INTO SM_SEME
	VALUES ("0b273c09-242b-44b7-a061-377bd6cd47cb",
	"7ffccfc6-e1ba-407e-a61b-5f104c55c48c",
	"861334a9-d973-426f-8e84-cf45da0a1aa8",
	"00000000-0000-0000-0000-000000000000");
INSERT INTO SM_SEME
	VALUES ("0b273c09-242b-44b7-a061-377bd6cd47cb",
	"5d7cedb7-68ac-4481-808a-724f0122c58a",
	"861334a9-d973-426f-8e84-cf45da0a1aa8",
	"00000000-0000-0000-0000-000000000000");
INSERT INTO SM_MOAH
	VALUES ("37def2d2-a9ee-4d31-a1c2-f64fc27fbbac",
	"861334a9-d973-426f-8e84-cf45da0a1aa8",
	"0b273c09-242b-44b7-a061-377bd6cd47cb");
INSERT INTO SM_AH
	VALUES ("37def2d2-a9ee-4d31-a1c2-f64fc27fbbac",
	"861334a9-d973-426f-8e84-cf45da0a1aa8");
INSERT INTO SM_ACT
	VALUES ("37def2d2-a9ee-4d31-a1c2-f64fc27fbbac",
	"861334a9-d973-426f-8e84-cf45da0a1aa8",
	1,
	'
success = rcvd_evt.success;

if(success)
	generate CHECKOUTTEST4:successEvent to self;
else
	generate CHECKOUTTEST3:failEvent to self;
end if;',
	'');
INSERT INTO ACT_SAB
	VALUES ("65b4a195-e537-4786-bf52-916ff26ec3e0",
	"861334a9-d973-426f-8e84-cf45da0a1aa8",
	"37def2d2-a9ee-4d31-a1c2-f64fc27fbbac");
INSERT INTO ACT_ACT
	VALUES ("65b4a195-e537-4786-bf52-916ff26ec3e0",
	'state',
	0,
	"8cfd6598-c5a1-43ba-8413-2b5ed50e6cff",
	"00000000-0000-0000-0000-000000000000",
	0,
	'CheckOutTest::returnedCheckOut',
	"00000000-0000-0000-0000-000000000000");
INSERT INTO ACT_BLK
	VALUES ("8cfd6598-c5a1-43ba-8413-2b5ed50e6cff",
	0,
	0,
	0,
	'',
	'',
	'',
	6,
	1,
	0,
	0,
	0,
	0,
	0,
	0,
	0,
	0,
	0,
	0,
	0,
	"65b4a195-e537-4786-bf52-916ff26ec3e0",
	"00000000-0000-0000-0000-000000000000");
INSERT INTO ACT_SMT
	VALUES ("b348e101-cd62-4f0e-997c-c4e1dae696fc",
	"8cfd6598-c5a1-43ba-8413-2b5ed50e6cff",
	"5e41ab47-9c66-49a7-b76b-1781c148bfd4",
	2,
	1,
	'CheckOutTest::returnedCheckOut line: 2');
INSERT INTO ACT_AI
	VALUES ("b348e101-cd62-4f0e-997c-c4e1dae696fc",
	"d8aedaff-ebee-427e-8791-a1e46d7efadb",
	"35fc7803-a6c0-4d1f-a66b-157a18d3077c",
	0,
	0);
INSERT INTO ACT_SMT
	VALUES ("5e41ab47-9c66-49a7-b76b-1781c148bfd4",
	"8cfd6598-c5a1-43ba-8413-2b5ed50e6cff",
	"00000000-0000-0000-0000-000000000000",
	4,
	1,
	'CheckOutTest::returnedCheckOut line: 4');
INSERT INTO ACT_IF
	VALUES ("5e41ab47-9c66-49a7-b76b-1781c148bfd4",
	"cde47c5e-5a3a-4464-934d-722b03186965",
	"a599867f-ebac-460f-a5ae-66c32b7f9a9b",
	"00000000-0000-0000-0000-000000000000",
	"00000000-0000-0000-0000-000000000000");
INSERT INTO ACT_SMT
	VALUES ("c31258e5-55ed-4865-8857-8db651876e2a",
	"8cfd6598-c5a1-43ba-8413-2b5ed50e6cff",
	"00000000-0000-0000-0000-000000000000",
	6,
	1,
	'CheckOutTest::returnedCheckOut line: 6');
INSERT INTO ACT_E
	VALUES ("c31258e5-55ed-4865-8857-8db651876e2a",
	"31d3a694-5385-4329-80cf-267110faa296",
	"5e41ab47-9c66-49a7-b76b-1781c148bfd4");
INSERT INTO V_VAL
	VALUES ("35fc7803-a6c0-4d1f-a66b-157a18d3077c",
	1,
	1,
	2,
	1,
	7,
	0,
	0,
	0,
	0,
	"ba5eda7a-def5-0000-0000-000000000001",
	"8cfd6598-c5a1-43ba-8413-2b5ed50e6cff");
INSERT INTO V_TVL
	VALUES ("35fc7803-a6c0-4d1f-a66b-157a18d3077c",
	"26af94ed-339b-42bb-87d7-a5a69566db6a");
INSERT INTO V_VAL
	VALUES ("d8aedaff-ebee-427e-8791-a1e46d7efadb",
	0,
	0,
	2,
	20,
	26,
	0,
	0,
	0,
	0,
	"ba5eda7a-def5-0000-0000-000000000001",
	"8cfd6598-c5a1-43ba-8413-2b5ed50e6cff");
INSERT INTO V_EDV
	VALUES ("d8aedaff-ebee-427e-8791-a1e46d7efadb");
INSERT INTO V_EPR
	VALUES ("d8aedaff-ebee-427e-8791-a1e46d7efadb",
	"861334a9-d973-426f-8e84-cf45da0a1aa8",
	"f20126e2-1088-4eb3-9a54-d424c8d3a047",
	"00000000-0000-0000-0000-000000000000");
INSERT INTO V_VAL
	VALUES ("a599867f-ebac-460f-a5ae-66c32b7f9a9b",
	0,
	0,
	4,
	4,
	10,
	0,
	0,
	0,
	0,
	"ba5eda7a-def5-0000-0000-000000000001",
	"8cfd6598-c5a1-43ba-8413-2b5ed50e6cff");
INSERT INTO V_TVL
	VALUES ("a599867f-ebac-460f-a5ae-66c32b7f9a9b",
	"26af94ed-339b-42bb-87d7-a5a69566db6a");
INSERT INTO V_VAR
	VALUES ("26af94ed-339b-42bb-87d7-a5a69566db6a",
	"8cfd6598-c5a1-43ba-8413-2b5ed50e6cff",
	'success',
	1,
	"ba5eda7a-def5-0000-0000-000000000001");
INSERT INTO V_TRN
	VALUES ("26af94ed-339b-42bb-87d7-a5a69566db6a",
	"00000000-0000-0000-0000-000000000000",
	'');
INSERT INTO V_LOC
	VALUES ("477e2c0b-6ccb-4ef3-8e86-3acc10f2801d",
	2,
	1,
	7,
	"26af94ed-339b-42bb-87d7-a5a69566db6a");
INSERT INTO V_LOC
	VALUES ("d8457634-009c-45df-86be-a36ccdbdbb51",
	4,
	4,
	10,
	"26af94ed-339b-42bb-87d7-a5a69566db6a");
INSERT INTO V_VAR
	VALUES ("788a874a-6163-4ee3-9283-8d195b78cdc2",
	"8cfd6598-c5a1-43ba-8413-2b5ed50e6cff",
	'self',
	1,
	"ba5eda7a-def5-0000-0000-000000000008");
INSERT INTO V_INT
	VALUES ("788a874a-6163-4ee3-9283-8d195b78cdc2",
	0,
	"14a3c035-bb40-4274-ad9f-044e28028219");
INSERT INTO V_LOC
	VALUES ("da1ae97d-1a8c-4497-8312-da76640b8a6b",
	5,
	41,
	44,
	"788a874a-6163-4ee3-9283-8d195b78cdc2");
INSERT INTO V_LOC
	VALUES ("4b966441-90ce-43b4-9b1d-4036aa750602",
	7,
	38,
	41,
	"788a874a-6163-4ee3-9283-8d195b78cdc2");
INSERT INTO ACT_BLK
	VALUES ("cde47c5e-5a3a-4464-934d-722b03186965",
	0,
	0,
	0,
	'V_VAR.Var_ID',
	'',
	'',
	5,
	2,
	0,
	0,
	0,
	0,
	0,
	0,
	0,
	0,
	0,
	0,
	0,
	"65b4a195-e537-4786-bf52-916ff26ec3e0",
	"00000000-0000-0000-0000-000000000000");
INSERT INTO ACT_SMT
	VALUES ("d5bffd9e-6523-4640-9664-8d4472ffa1fe",
	"cde47c5e-5a3a-4464-934d-722b03186965",
	"00000000-0000-0000-0000-000000000000",
	5,
	2,
	'CheckOutTest::returnedCheckOut line: 5');
INSERT INTO E_ESS
	VALUES ("d5bffd9e-6523-4640-9664-8d4472ffa1fe",
	1,
	0,
	5,
	11,
	5,
	25,
	0,
	0,
	0,
	0,
	0,
	0);
INSERT INTO E_GES
	VALUES ("d5bffd9e-6523-4640-9664-8d4472ffa1fe");
INSERT INTO E_GSME
	VALUES ("d5bffd9e-6523-4640-9664-8d4472ffa1fe",
	"5d7cedb7-68ac-4481-808a-724f0122c58a");
INSERT INTO E_GEN
	VALUES ("d5bffd9e-6523-4640-9664-8d4472ffa1fe",
	"788a874a-6163-4ee3-9283-8d195b78cdc2");
INSERT INTO ACT_BLK
	VALUES ("31d3a694-5385-4329-80cf-267110faa296",
	0,
	0,
	0,
	'V_VAR.Var_ID',
	'',
	'',
	7,
	2,
	0,
	0,
	0,
	0,
	0,
	0,
	0,
	0,
	0,
	0,
	0,
	"65b4a195-e537-4786-bf52-916ff26ec3e0",
	"00000000-0000-0000-0000-000000000000");
INSERT INTO ACT_SMT
	VALUES ("7b6bd989-cdb7-430b-a79d-d1b460a82235",
	"31d3a694-5385-4329-80cf-267110faa296",
	"00000000-0000-0000-0000-000000000000",
	7,
	2,
	'CheckOutTest::returnedCheckOut line: 7');
INSERT INTO E_ESS
	VALUES ("7b6bd989-cdb7-430b-a79d-d1b460a82235",
	1,
	0,
	7,
	11,
	7,
	25,
	0,
	0,
	0,
	0,
	0,
	0);
INSERT INTO E_GES
	VALUES ("7b6bd989-cdb7-430b-a79d-d1b460a82235");
INSERT INTO E_GSME
	VALUES ("7b6bd989-cdb7-430b-a79d-d1b460a82235",
	"7ffccfc6-e1ba-407e-a61b-5f104c55c48c");
INSERT INTO E_GEN
	VALUES ("7b6bd989-cdb7-430b-a79d-d1b460a82235",
	"788a874a-6163-4ee3-9283-8d195b78cdc2");
INSERT INTO SM_STATE
	VALUES ("b0f7743c-d929-4b08-afcf-5755fac035d9",
	"861334a9-d973-426f-8e84-cf45da0a1aa8",
	"00000000-0000-0000-0000-000000000000",
	'successState',
	4,
	0);
INSERT INTO SM_CH
	VALUES ("b0f7743c-d929-4b08-afcf-5755fac035d9",
	"47c1a162-7eff-4072-89d4-dc3b56e972f9",
	"861334a9-d973-426f-8e84-cf45da0a1aa8",
	"00000000-0000-0000-0000-000000000000",
	'');
INSERT INTO SM_SEME
	VALUES ("b0f7743c-d929-4b08-afcf-5755fac035d9",
	"47c1a162-7eff-4072-89d4-dc3b56e972f9",
	"861334a9-d973-426f-8e84-cf45da0a1aa8",
	"00000000-0000-0000-0000-000000000000");
INSERT INTO SM_CH
	VALUES ("b0f7743c-d929-4b08-afcf-5755fac035d9",
	"85f0d067-d3e6-4271-b0a8-8dc972efb74c",
	"861334a9-d973-426f-8e84-cf45da0a1aa8",
	"00000000-0000-0000-0000-000000000000",
	'');
INSERT INTO SM_SEME
	VALUES ("b0f7743c-d929-4b08-afcf-5755fac035d9",
	"85f0d067-d3e6-4271-b0a8-8dc972efb74c",
	"861334a9-d973-426f-8e84-cf45da0a1aa8",
	"00000000-0000-0000-0000-000000000000");
INSERT INTO SM_CH
	VALUES ("b0f7743c-d929-4b08-afcf-5755fac035d9",
	"7ffccfc6-e1ba-407e-a61b-5f104c55c48c",
	"861334a9-d973-426f-8e84-cf45da0a1aa8",
	"00000000-0000-0000-0000-000000000000",
	'');
INSERT INTO SM_SEME
	VALUES ("b0f7743c-d929-4b08-afcf-5755fac035d9",
	"7ffccfc6-e1ba-407e-a61b-5f104c55c48c",
	"861334a9-d973-426f-8e84-cf45da0a1aa8",
	"00000000-0000-0000-0000-000000000000");
INSERT INTO SM_CH
	VALUES ("b0f7743c-d929-4b08-afcf-5755fac035d9",
	"5d7cedb7-68ac-4481-808a-724f0122c58a",
	"861334a9-d973-426f-8e84-cf45da0a1aa8",
	"00000000-0000-0000-0000-000000000000",
	'');
INSERT INTO SM_SEME
	VALUES ("b0f7743c-d929-4b08-afcf-5755fac035d9",
	"5d7cedb7-68ac-4481-808a-724f0122c58a",
	"861334a9-d973-426f-8e84-cf45da0a1aa8",
	"00000000-0000-0000-0000-000000000000");
INSERT INTO SM_MOAH
	VALUES ("d5c6545d-320c-4f17-9e8f-81c484eeee5b",
	"861334a9-d973-426f-8e84-cf45da0a1aa8",
	"b0f7743c-d929-4b08-afcf-5755fac035d9");
INSERT INTO SM_AH
	VALUES ("d5c6545d-320c-4f17-9e8f-81c484eeee5b",
	"861334a9-d973-426f-8e84-cf45da0a1aa8");
INSERT INTO SM_ACT
	VALUES ("d5c6545d-320c-4f17-9e8f-81c484eeee5b",
	"861334a9-d973-426f-8e84-cf45da0a1aa8",
	1,
	'',
	'');
INSERT INTO ACT_SAB
	VALUES ("c3257b90-90ba-4c16-9fd9-52360f2ebd28",
	"861334a9-d973-426f-8e84-cf45da0a1aa8",
	"d5c6545d-320c-4f17-9e8f-81c484eeee5b");
INSERT INTO ACT_ACT
	VALUES ("c3257b90-90ba-4c16-9fd9-52360f2ebd28",
	'state',
	0,
	"7e2c1364-9d07-4d18-b627-e8269d4ded11",
	"00000000-0000-0000-0000-000000000000",
	0,
	'CheckOutTest::successState',
	"00000000-0000-0000-0000-000000000000");
INSERT INTO ACT_BLK
	VALUES ("7e2c1364-9d07-4d18-b627-e8269d4ded11",
	0,
	0,
	0,
	'',
	'',
	'',
	0,
	0,
	0,
	0,
	0,
	0,
	0,
	0,
	0,
	0,
	0,
	0,
	0,
	"c3257b90-90ba-4c16-9fd9-52360f2ebd28",
	"00000000-0000-0000-0000-000000000000");
INSERT INTO SM_STATE
	VALUES ("82d787f5-952d-4293-9d84-9b167affbb87",
	"861334a9-d973-426f-8e84-cf45da0a1aa8",
	"00000000-0000-0000-0000-000000000000",
	'failEvent',
	5,
	0);
INSERT INTO SM_CH
	VALUES ("82d787f5-952d-4293-9d84-9b167affbb87",
	"47c1a162-7eff-4072-89d4-dc3b56e972f9",
	"861334a9-d973-426f-8e84-cf45da0a1aa8",
	"00000000-0000-0000-0000-000000000000",
	'');
INSERT INTO SM_SEME
	VALUES ("82d787f5-952d-4293-9d84-9b167affbb87",
	"47c1a162-7eff-4072-89d4-dc3b56e972f9",
	"861334a9-d973-426f-8e84-cf45da0a1aa8",
	"00000000-0000-0000-0000-000000000000");
INSERT INTO SM_CH
	VALUES ("82d787f5-952d-4293-9d84-9b167affbb87",
	"85f0d067-d3e6-4271-b0a8-8dc972efb74c",
	"861334a9-d973-426f-8e84-cf45da0a1aa8",
	"00000000-0000-0000-0000-000000000000",
	'');
INSERT INTO SM_SEME
	VALUES ("82d787f5-952d-4293-9d84-9b167affbb87",
	"85f0d067-d3e6-4271-b0a8-8dc972efb74c",
	"861334a9-d973-426f-8e84-cf45da0a1aa8",
	"00000000-0000-0000-0000-000000000000");
INSERT INTO SM_CH
	VALUES ("82d787f5-952d-4293-9d84-9b167affbb87",
	"7ffccfc6-e1ba-407e-a61b-5f104c55c48c",
	"861334a9-d973-426f-8e84-cf45da0a1aa8",
	"00000000-0000-0000-0000-000000000000",
	'');
INSERT INTO SM_SEME
	VALUES ("82d787f5-952d-4293-9d84-9b167affbb87",
	"7ffccfc6-e1ba-407e-a61b-5f104c55c48c",
	"861334a9-d973-426f-8e84-cf45da0a1aa8",
	"00000000-0000-0000-0000-000000000000");
INSERT INTO SM_CH
	VALUES ("82d787f5-952d-4293-9d84-9b167affbb87",
	"5d7cedb7-68ac-4481-808a-724f0122c58a",
	"861334a9-d973-426f-8e84-cf45da0a1aa8",
	"00000000-0000-0000-0000-000000000000",
	'');
INSERT INTO SM_SEME
	VALUES ("82d787f5-952d-4293-9d84-9b167affbb87",
	"5d7cedb7-68ac-4481-808a-724f0122c58a",
	"861334a9-d973-426f-8e84-cf45da0a1aa8",
	"00000000-0000-0000-0000-000000000000");
INSERT INTO SM_MOAH
	VALUES ("d4a8b083-85ed-486f-9ab7-c35d47197807",
	"861334a9-d973-426f-8e84-cf45da0a1aa8",
	"82d787f5-952d-4293-9d84-9b167affbb87");
INSERT INTO SM_AH
	VALUES ("d4a8b083-85ed-486f-9ab7-c35d47197807",
	"861334a9-d973-426f-8e84-cf45da0a1aa8");
INSERT INTO SM_ACT
	VALUES ("d4a8b083-85ed-486f-9ab7-c35d47197807",
	"861334a9-d973-426f-8e84-cf45da0a1aa8",
	1,
	'',
	'');
INSERT INTO ACT_SAB
	VALUES ("c7c69ff9-9365-496a-8239-a9408b1be812",
	"861334a9-d973-426f-8e84-cf45da0a1aa8",
	"d4a8b083-85ed-486f-9ab7-c35d47197807");
INSERT INTO ACT_ACT
	VALUES ("c7c69ff9-9365-496a-8239-a9408b1be812",
	'state',
	0,
	"0b2213dd-bcd8-418f-aca9-54d20aa67406",
	"00000000-0000-0000-0000-000000000000",
	0,
	'CheckOutTest::failEvent',
	"00000000-0000-0000-0000-000000000000");
INSERT INTO ACT_BLK
	VALUES ("0b2213dd-bcd8-418f-aca9-54d20aa67406",
	0,
	0,
	0,
	'',
	'',
	'',
	0,
	0,
	0,
	0,
	0,
	0,
	0,
	0,
	0,
	0,
	0,
	0,
	0,
	"c7c69ff9-9365-496a-8239-a9408b1be812",
	"00000000-0000-0000-0000-000000000000");
INSERT INTO SM_CRTXN
	VALUES ("95bbc3b8-259d-4af0-bbcd-97d2f7449bf9",
	"861334a9-d973-426f-8e84-cf45da0a1aa8",
	"00000000-0000-0000-0000-000000000000",
	"00000000-0000-0000-0000-000000000000");
INSERT INTO SM_TAH
	VALUES ("f6e52de6-a850-4110-9bc8-de3651db0502",
	"861334a9-d973-426f-8e84-cf45da0a1aa8",
	"95bbc3b8-259d-4af0-bbcd-97d2f7449bf9");
INSERT INTO SM_AH
	VALUES ("f6e52de6-a850-4110-9bc8-de3651db0502",
	"861334a9-d973-426f-8e84-cf45da0a1aa8");
INSERT INTO SM_ACT
	VALUES ("f6e52de6-a850-4110-9bc8-de3651db0502",
	"861334a9-d973-426f-8e84-cf45da0a1aa8",
	1,
	'',
	'');
INSERT INTO ACT_TAB
	VALUES ("0c9a4fb4-9b4b-4653-a7b9-c5936d4be65a",
	"861334a9-d973-426f-8e84-cf45da0a1aa8",
	"f6e52de6-a850-4110-9bc8-de3651db0502");
INSERT INTO ACT_ACT
	VALUES ("0c9a4fb4-9b4b-4653-a7b9-c5936d4be65a",
	'transition',
	0,
	"ef35fb81-060f-4c2b-ac65-8e4b73729631",
	"00000000-0000-0000-0000-000000000000",
	0,
	'No Event Assigned',
	"00000000-0000-0000-0000-000000000000");
INSERT INTO ACT_BLK
	VALUES ("ef35fb81-060f-4c2b-ac65-8e4b73729631",
	0,
	0,
	0,
	'',
	'',
	'',
	0,
	0,
	0,
	0,
	0,
	0,
	0,
	0,
	0,
	0,
	0,
	0,
	0,
	"0c9a4fb4-9b4b-4653-a7b9-c5936d4be65a",
	"00000000-0000-0000-0000-000000000000");
INSERT INTO SM_TXN
	VALUES ("95bbc3b8-259d-4af0-bbcd-97d2f7449bf9",
	"861334a9-d973-426f-8e84-cf45da0a1aa8",
	"046db5c7-3a25-4843-b535-e665541a987e",
	"00000000-0000-0000-0000-000000000000");
INSERT INTO SM_NSTXN
	VALUES ("86043542-467e-425c-a58b-0e5fd5e879f2",
	"861334a9-d973-426f-8e84-cf45da0a1aa8",
	"046db5c7-3a25-4843-b535-e665541a987e",
	"47c1a162-7eff-4072-89d4-dc3b56e972f9",
	"00000000-0000-0000-0000-000000000000");
INSERT INTO SM_TAH
	VALUES ("7c8ab1a2-bb10-4c82-a281-2f03f2fcaa07",
	"861334a9-d973-426f-8e84-cf45da0a1aa8",
	"86043542-467e-425c-a58b-0e5fd5e879f2");
INSERT INTO SM_AH
	VALUES ("7c8ab1a2-bb10-4c82-a281-2f03f2fcaa07",
	"861334a9-d973-426f-8e84-cf45da0a1aa8");
INSERT INTO SM_ACT
	VALUES ("7c8ab1a2-bb10-4c82-a281-2f03f2fcaa07",
	"861334a9-d973-426f-8e84-cf45da0a1aa8",
	1,
	'',
	'');
INSERT INTO ACT_TAB
	VALUES ("db292766-419e-4f74-a2d4-91c9fc23108f",
	"861334a9-d973-426f-8e84-cf45da0a1aa8",
	"7c8ab1a2-bb10-4c82-a281-2f03f2fcaa07");
INSERT INTO ACT_ACT
	VALUES ("db292766-419e-4f74-a2d4-91c9fc23108f",
	'transition',
	0,
	"c72ab200-eeaa-4781-af75-0d85f4882a00",
	"00000000-0000-0000-0000-000000000000",
	0,
	'CHECKOUTTEST1: start',
	"00000000-0000-0000-0000-000000000000");
INSERT INTO ACT_BLK
	VALUES ("c72ab200-eeaa-4781-af75-0d85f4882a00",
	0,
	0,
	0,
	'',
	'',
	'',
	0,
	0,
	0,
	0,
	0,
	0,
	0,
	0,
	0,
	0,
	0,
	0,
	0,
	"db292766-419e-4f74-a2d4-91c9fc23108f",
	"00000000-0000-0000-0000-000000000000");
INSERT INTO SM_TXN
	VALUES ("86043542-467e-425c-a58b-0e5fd5e879f2",
	"861334a9-d973-426f-8e84-cf45da0a1aa8",
	"16873d32-88ea-4dfe-89a6-f09324e6450b",
	"00000000-0000-0000-0000-000000000000");
INSERT INTO SM_NSTXN
	VALUES ("3a1fd135-0d66-49fd-b9db-a88962861182",
	"861334a9-d973-426f-8e84-cf45da0a1aa8",
	"16873d32-88ea-4dfe-89a6-f09324e6450b",
	"85f0d067-d3e6-4271-b0a8-8dc972efb74c",
	"00000000-0000-0000-0000-000000000000");
INSERT INTO SM_TAH
	VALUES ("cd217ed6-fb51-4416-88a1-444e4d44accd",
	"861334a9-d973-426f-8e84-cf45da0a1aa8",
	"3a1fd135-0d66-49fd-b9db-a88962861182");
INSERT INTO SM_AH
	VALUES ("cd217ed6-fb51-4416-88a1-444e4d44accd",
	"861334a9-d973-426f-8e84-cf45da0a1aa8");
INSERT INTO SM_ACT
	VALUES ("cd217ed6-fb51-4416-88a1-444e4d44accd",
	"861334a9-d973-426f-8e84-cf45da0a1aa8",
	1,
	'',
	'');
INSERT INTO ACT_TAB
	VALUES ("3cf7f089-2a01-49e9-905f-837017fb1caf",
	"861334a9-d973-426f-8e84-cf45da0a1aa8",
	"cd217ed6-fb51-4416-88a1-444e4d44accd");
INSERT INTO ACT_ACT
	VALUES ("3cf7f089-2a01-49e9-905f-837017fb1caf",
	'transition',
	0,
	"68e2b342-e6c5-4bc3-ab5e-ae59abb34ad2",
	"00000000-0000-0000-0000-000000000000",
	0,
	'CHECKOUTTEST2: checkOutReturnEvent',
	"00000000-0000-0000-0000-000000000000");
INSERT INTO ACT_BLK
	VALUES ("68e2b342-e6c5-4bc3-ab5e-ae59abb34ad2",
	0,
	0,
	0,
	'',
	'',
	'',
	0,
	0,
	0,
	0,
	0,
	0,
	0,
	0,
	0,
	0,
	0,
	0,
	0,
	"3cf7f089-2a01-49e9-905f-837017fb1caf",
	"00000000-0000-0000-0000-000000000000");
INSERT INTO SM_TXN
	VALUES ("3a1fd135-0d66-49fd-b9db-a88962861182",
	"861334a9-d973-426f-8e84-cf45da0a1aa8",
	"0b273c09-242b-44b7-a061-377bd6cd47cb",
	"00000000-0000-0000-0000-000000000000");
INSERT INTO SM_NSTXN
	VALUES ("21adb869-30cb-4b78-808c-0a087030ae5e",
	"861334a9-d973-426f-8e84-cf45da0a1aa8",
	"0b273c09-242b-44b7-a061-377bd6cd47cb",
	"7ffccfc6-e1ba-407e-a61b-5f104c55c48c",
	"00000000-0000-0000-0000-000000000000");
INSERT INTO SM_TAH
	VALUES ("3cfbb21b-25ea-4c72-829a-8a86bae0c8b9",
	"861334a9-d973-426f-8e84-cf45da0a1aa8",
	"21adb869-30cb-4b78-808c-0a087030ae5e");
INSERT INTO SM_AH
	VALUES ("3cfbb21b-25ea-4c72-829a-8a86bae0c8b9",
	"861334a9-d973-426f-8e84-cf45da0a1aa8");
INSERT INTO SM_ACT
	VALUES ("3cfbb21b-25ea-4c72-829a-8a86bae0c8b9",
	"861334a9-d973-426f-8e84-cf45da0a1aa8",
	1,
	'',
	'');
INSERT INTO ACT_TAB
	VALUES ("0e54876f-6eca-4e84-9a96-d1c7bc9ff8aa",
	"861334a9-d973-426f-8e84-cf45da0a1aa8",
	"3cfbb21b-25ea-4c72-829a-8a86bae0c8b9");
INSERT INTO ACT_ACT
	VALUES ("0e54876f-6eca-4e84-9a96-d1c7bc9ff8aa",
	'transition',
	0,
	"2112d3f1-a0fd-4b75-a3ce-93710ca54c92",
	"00000000-0000-0000-0000-000000000000",
	0,
	'CHECKOUTTEST3: failEvent',
	"00000000-0000-0000-0000-000000000000");
INSERT INTO ACT_BLK
	VALUES ("2112d3f1-a0fd-4b75-a3ce-93710ca54c92",
	0,
	0,
	0,
	'',
	'',
	'',
	0,
	0,
	0,
	0,
	0,
	0,
	0,
	0,
	0,
	0,
	0,
	0,
	0,
	"0e54876f-6eca-4e84-9a96-d1c7bc9ff8aa",
	"00000000-0000-0000-0000-000000000000");
INSERT INTO SM_TXN
	VALUES ("21adb869-30cb-4b78-808c-0a087030ae5e",
	"861334a9-d973-426f-8e84-cf45da0a1aa8",
	"82d787f5-952d-4293-9d84-9b167affbb87",
	"00000000-0000-0000-0000-000000000000");
INSERT INTO SM_NSTXN
	VALUES ("cdb73ca2-60cf-413e-b8ab-b148bb907334",
	"861334a9-d973-426f-8e84-cf45da0a1aa8",
	"0b273c09-242b-44b7-a061-377bd6cd47cb",
	"5d7cedb7-68ac-4481-808a-724f0122c58a",
	"00000000-0000-0000-0000-000000000000");
INSERT INTO SM_TAH
	VALUES ("bd2eb4f8-f72d-4e5b-a804-36fe43bb8642",
	"861334a9-d973-426f-8e84-cf45da0a1aa8",
	"cdb73ca2-60cf-413e-b8ab-b148bb907334");
INSERT INTO SM_AH
	VALUES ("bd2eb4f8-f72d-4e5b-a804-36fe43bb8642",
	"861334a9-d973-426f-8e84-cf45da0a1aa8");
INSERT INTO SM_ACT
	VALUES ("bd2eb4f8-f72d-4e5b-a804-36fe43bb8642",
	"861334a9-d973-426f-8e84-cf45da0a1aa8",
	1,
	'',
	'');
INSERT INTO ACT_TAB
	VALUES ("e46194f3-2857-4059-bca5-549ae56ce609",
	"861334a9-d973-426f-8e84-cf45da0a1aa8",
	"bd2eb4f8-f72d-4e5b-a804-36fe43bb8642");
INSERT INTO ACT_ACT
	VALUES ("e46194f3-2857-4059-bca5-549ae56ce609",
	'transition',
	0,
	"76b7e551-ffed-4228-9160-c4004003427c",
	"00000000-0000-0000-0000-000000000000",
	0,
	'CHECKOUTTEST4: successEvent',
	"00000000-0000-0000-0000-000000000000");
INSERT INTO ACT_BLK
	VALUES ("76b7e551-ffed-4228-9160-c4004003427c",
	0,
	0,
	0,
	'',
	'',
	'',
	0,
	0,
	0,
	0,
	0,
	0,
	0,
	0,
	0,
	0,
	0,
	0,
	0,
	"e46194f3-2857-4059-bca5-549ae56ce609",
	"00000000-0000-0000-0000-000000000000");
INSERT INTO SM_TXN
	VALUES ("cdb73ca2-60cf-413e-b8ab-b148bb907334",
	"861334a9-d973-426f-8e84-cf45da0a1aa8",
	"b0f7743c-d929-4b08-afcf-5755fac035d9",
	"00000000-0000-0000-0000-000000000000");
INSERT INTO PE_PE
	VALUES ("1a7e6244-76d4-4656-b802-6270c53bb941",
	1,
	"dcd45889-1e8f-44ce-a0ac-90e67ced68c3",
	"00000000-0000-0000-0000-000000000000",
	4);
INSERT INTO O_OBJ
	VALUES ("1a7e6244-76d4-4656-b802-6270c53bb941",
	'Setup',
	2,
	'SETUP',
	'',
	"00000000-0000-0000-0000-000000000000");
INSERT INTO O_NBATTR
	VALUES ("6b012fb4-170b-474e-b625-6d11f2fed1d2",
	"1a7e6244-76d4-4656-b802-6270c53bb941");
INSERT INTO O_BATTR
	VALUES ("6b012fb4-170b-474e-b625-6d11f2fed1d2",
	"1a7e6244-76d4-4656-b802-6270c53bb941");
INSERT INTO O_ATTR
	VALUES ("6b012fb4-170b-474e-b625-6d11f2fed1d2",
	"1a7e6244-76d4-4656-b802-6270c53bb941",
	"00000000-0000-0000-0000-000000000000",
	'current_state',
	'',
	'',
	'current_state',
	0,
	"ba5eda7a-def5-0000-0000-000000000006",
	'',
	'');
INSERT INTO O_ID
	VALUES (0,
	"1a7e6244-76d4-4656-b802-6270c53bb941");
INSERT INTO O_ID
	VALUES (1,
	"1a7e6244-76d4-4656-b802-6270c53bb941");
INSERT INTO O_ID
	VALUES (2,
	"1a7e6244-76d4-4656-b802-6270c53bb941");
INSERT INTO SM_ISM
	VALUES ("04df3e9d-5386-4a1e-befa-8ef3c8f1edb3",
	"1a7e6244-76d4-4656-b802-6270c53bb941");
INSERT INTO SM_SM
	VALUES ("04df3e9d-5386-4a1e-befa-8ef3c8f1edb3",
	'',
	0);
INSERT INTO SM_MOORE
	VALUES ("04df3e9d-5386-4a1e-befa-8ef3c8f1edb3");
INSERT INTO SM_EVTDI
	VALUES ("8ccb55f4-957e-442e-bb9d-16bbe737f3b2",
	"04df3e9d-5386-4a1e-befa-8ef3c8f1edb3",
	'facilityType',
	'',
	"ba5eda7a-def5-0000-0000-000000000002",
	'',
	"7172f41b-b749-4042-97a8-a497e403224c",
	"00000000-0000-0000-0000-000000000000");
INSERT INTO SM_LEVT
	VALUES ("7172f41b-b749-4042-97a8-a497e403224c",
	"04df3e9d-5386-4a1e-befa-8ef3c8f1edb3",
	"00000000-0000-0000-0000-000000000000");
INSERT INTO SM_SEVT
	VALUES ("7172f41b-b749-4042-97a8-a497e403224c",
	"04df3e9d-5386-4a1e-befa-8ef3c8f1edb3",
	"00000000-0000-0000-0000-000000000000");
INSERT INTO SM_EVT
	VALUES ("7172f41b-b749-4042-97a8-a497e403224c",
	"04df3e9d-5386-4a1e-befa-8ef3c8f1edb3",
	"00000000-0000-0000-0000-000000000000",
	1,
	'facilityTypeAdded',
	0,
	'',
	'SETUP1',
	'');
INSERT INTO SM_LEVT
	VALUES ("65b12753-4b67-46c6-8fbe-1c8c64a7e603",
	"04df3e9d-5386-4a1e-befa-8ef3c8f1edb3",
	"00000000-0000-0000-0000-000000000000");
INSERT INTO SM_SEVT
	VALUES ("65b12753-4b67-46c6-8fbe-1c8c64a7e603",
	"04df3e9d-5386-4a1e-befa-8ef3c8f1edb3",
	"00000000-0000-0000-0000-000000000000");
INSERT INTO SM_EVT
	VALUES ("65b12753-4b67-46c6-8fbe-1c8c64a7e603",
	"04df3e9d-5386-4a1e-befa-8ef3c8f1edb3",
	"00000000-0000-0000-0000-000000000000",
	2,
	'createInstances',
	0,
	'',
	'SETUP2',
	'');
INSERT INTO SM_STATE
	VALUES ("72d1d647-ba9c-4993-9e23-2d8e2599bf4a",
	"04df3e9d-5386-4a1e-befa-8ef3c8f1edb3",
	"00000000-0000-0000-0000-000000000000",
	'SetupState',
	3,
	0);
INSERT INTO SM_SEME
	VALUES ("72d1d647-ba9c-4993-9e23-2d8e2599bf4a",
	"7172f41b-b749-4042-97a8-a497e403224c",
	"04df3e9d-5386-4a1e-befa-8ef3c8f1edb3",
	"00000000-0000-0000-0000-000000000000");
INSERT INTO SM_CH
	VALUES ("72d1d647-ba9c-4993-9e23-2d8e2599bf4a",
	"65b12753-4b67-46c6-8fbe-1c8c64a7e603",
	"04df3e9d-5386-4a1e-befa-8ef3c8f1edb3",
	"00000000-0000-0000-0000-000000000000",
	'');
INSERT INTO SM_SEME
	VALUES ("72d1d647-ba9c-4993-9e23-2d8e2599bf4a",
	"65b12753-4b67-46c6-8fbe-1c8c64a7e603",
	"04df3e9d-5386-4a1e-befa-8ef3c8f1edb3",
	"00000000-0000-0000-0000-000000000000");
INSERT INTO SM_MOAH
	VALUES ("4680226d-1e90-4298-ab71-0971b54aadba",
	"04df3e9d-5386-4a1e-befa-8ef3c8f1edb3",
	"72d1d647-ba9c-4993-9e23-2d8e2599bf4a");
INSERT INTO SM_AH
	VALUES ("4680226d-1e90-4298-ab71-0971b54aadba",
	"04df3e9d-5386-4a1e-befa-8ef3c8f1edb3");
INSERT INTO SM_ACT
	VALUES ("4680226d-1e90-4298-ab71-0971b54aadba",
	"04df3e9d-5386-4a1e-befa-8ef3c8f1edb3",
	1,
	'
send StaffInterface::addFacilityType(approximateArea: "10-12 m^2", name: "Single Room", price: 1500, description: "ASBRA", id:0);
send StaffInterface::addFacilityType(approximateArea: "12-14 m^2", name: "Double Room", price: 2500, description: "DLIGT", id:1);
',
	'');
INSERT INTO ACT_SAB
	VALUES ("bbf79a54-7c71-43d2-bee3-f3e53ad5f975",
	"04df3e9d-5386-4a1e-befa-8ef3c8f1edb3",
	"4680226d-1e90-4298-ab71-0971b54aadba");
INSERT INTO ACT_ACT
	VALUES ("bbf79a54-7c71-43d2-bee3-f3e53ad5f975",
	'state',
	0,
	"900964e5-e919-43c4-8d49-7241e6fd4c69",
	"00000000-0000-0000-0000-000000000000",
	0,
	'Setup::SetupState',
	"00000000-0000-0000-0000-000000000000");
INSERT INTO ACT_BLK
	VALUES ("900964e5-e919-43c4-8d49-7241e6fd4c69",
	0,
	0,
	0,
	'StaffInterface',
	'',
	'',
	3,
	1,
	3,
	6,
	0,
	0,
	0,
	0,
	0,
	0,
	0,
	0,
	0,
	"bbf79a54-7c71-43d2-bee3-f3e53ad5f975",
	"00000000-0000-0000-0000-000000000000");
INSERT INTO ACT_SMT
	VALUES ("9af51d16-ea8c-40ef-ab01-83bdcebc5306",
	"900964e5-e919-43c4-8d49-7241e6fd4c69",
	"bee8502d-a824-4873-8444-a9685bcb7cea",
	2,
	1,
	'Setup::SetupState line: 2');
INSERT INTO ACT_SGN
	VALUES ("9af51d16-ea8c-40ef-ab01-83bdcebc5306",
	2,
	22,
	2,
	6,
	"00000000-0000-0000-0000-000000000000",
	"a8594653-92b4-4a46-a04e-ec4cff538621",
	"00000000-0000-0000-0000-000000000000");
INSERT INTO ACT_SMT
	VALUES ("bee8502d-a824-4873-8444-a9685bcb7cea",
	"900964e5-e919-43c4-8d49-7241e6fd4c69",
	"00000000-0000-0000-0000-000000000000",
	3,
	1,
	'Setup::SetupState line: 3');
INSERT INTO ACT_SGN
	VALUES ("bee8502d-a824-4873-8444-a9685bcb7cea",
	3,
	22,
	3,
	6,
	"00000000-0000-0000-0000-000000000000",
	"a8594653-92b4-4a46-a04e-ec4cff538621",
	"00000000-0000-0000-0000-000000000000");
INSERT INTO V_VAL
	VALUES ("2be017a5-9717-4c18-a165-f4bd6f91bfab",
	0,
	0,
	2,
	55,
	64,
	0,
	0,
	0,
	0,
	"ba5eda7a-def5-0000-0000-000000000004",
	"900964e5-e919-43c4-8d49-7241e6fd4c69");
INSERT INTO V_LST
	VALUES ("2be017a5-9717-4c18-a165-f4bd6f91bfab",
	'10-12 m^2');
INSERT INTO V_PAR
	VALUES ("2be017a5-9717-4c18-a165-f4bd6f91bfab",
	"9af51d16-ea8c-40ef-ab01-83bdcebc5306",
	"00000000-0000-0000-0000-000000000000",
	'approximateArea',
	"3092bb2f-920d-4188-9aa6-5ff570050beb",
	2,
	38);
INSERT INTO V_VAL
	VALUES ("3092bb2f-920d-4188-9aa6-5ff570050beb",
	0,
	0,
	2,
	74,
	85,
	0,
	0,
	0,
	0,
	"ba5eda7a-def5-0000-0000-000000000004",
	"900964e5-e919-43c4-8d49-7241e6fd4c69");
INSERT INTO V_LST
	VALUES ("3092bb2f-920d-4188-9aa6-5ff570050beb",
	'Single Room');
INSERT INTO V_PAR
	VALUES ("3092bb2f-920d-4188-9aa6-5ff570050beb",
	"9af51d16-ea8c-40ef-ab01-83bdcebc5306",
	"00000000-0000-0000-0000-000000000000",
	'name',
	"c4e9651a-1ef4-4834-8baa-3986c590dec9",
	2,
	68);
INSERT INTO V_VAL
	VALUES ("c4e9651a-1ef4-4834-8baa-3986c590dec9",
	0,
	0,
	2,
	96,
	99,
	0,
	0,
	0,
	0,
	"ba5eda7a-def5-0000-0000-000000000002",
	"900964e5-e919-43c4-8d49-7241e6fd4c69");
INSERT INTO V_LIN
	VALUES ("c4e9651a-1ef4-4834-8baa-3986c590dec9",
	'1500');
INSERT INTO V_PAR
	VALUES ("c4e9651a-1ef4-4834-8baa-3986c590dec9",
	"9af51d16-ea8c-40ef-ab01-83bdcebc5306",
	"00000000-0000-0000-0000-000000000000",
	'price',
	"70bf07f8-ac21-41b6-8b9a-470b5f5420c6",
	2,
	89);
INSERT INTO V_VAL
	VALUES ("70bf07f8-ac21-41b6-8b9a-470b5f5420c6",
	0,
	0,
	2,
	115,
	120,
	0,
	0,
	0,
	0,
	"ba5eda7a-def5-0000-0000-000000000004",
	"900964e5-e919-43c4-8d49-7241e6fd4c69");
INSERT INTO V_LST
	VALUES ("70bf07f8-ac21-41b6-8b9a-470b5f5420c6",
	'ASBRA');
INSERT INTO V_PAR
	VALUES ("70bf07f8-ac21-41b6-8b9a-470b5f5420c6",
	"9af51d16-ea8c-40ef-ab01-83bdcebc5306",
	"00000000-0000-0000-0000-000000000000",
	'description',
	"55da5f40-0d36-4b50-8126-da2da1e7aa63",
	2,
	102);
INSERT INTO V_VAL
	VALUES ("55da5f40-0d36-4b50-8126-da2da1e7aa63",
	0,
	0,
	2,
	127,
	127,
	0,
	0,
	0,
	0,
	"ba5eda7a-def5-0000-0000-000000000002",
	"900964e5-e919-43c4-8d49-7241e6fd4c69");
INSERT INTO V_LIN
	VALUES ("55da5f40-0d36-4b50-8126-da2da1e7aa63",
	'0');
INSERT INTO V_PAR
	VALUES ("55da5f40-0d36-4b50-8126-da2da1e7aa63",
	"9af51d16-ea8c-40ef-ab01-83bdcebc5306",
	"00000000-0000-0000-0000-000000000000",
	'id',
	"00000000-0000-0000-0000-000000000000",
	2,
	124);
INSERT INTO V_VAL
	VALUES ("0970e144-0c45-4a0f-ab8c-cc232dfccc6f",
	0,
	0,
	3,
	55,
	64,
	0,
	0,
	0,
	0,
	"ba5eda7a-def5-0000-0000-000000000004",
	"900964e5-e919-43c4-8d49-7241e6fd4c69");
INSERT INTO V_LST
	VALUES ("0970e144-0c45-4a0f-ab8c-cc232dfccc6f",
	'12-14 m^2');
INSERT INTO V_PAR
	VALUES ("0970e144-0c45-4a0f-ab8c-cc232dfccc6f",
	"bee8502d-a824-4873-8444-a9685bcb7cea",
	"00000000-0000-0000-0000-000000000000",
	'approximateArea',
	"8e2bcd4b-ec8a-49d5-8d34-56eff99fb387",
	3,
	38);
INSERT INTO V_VAL
	VALUES ("8e2bcd4b-ec8a-49d5-8d34-56eff99fb387",
	0,
	0,
	3,
	74,
	85,
	0,
	0,
	0,
	0,
	"ba5eda7a-def5-0000-0000-000000000004",
	"900964e5-e919-43c4-8d49-7241e6fd4c69");
INSERT INTO V_LST
	VALUES ("8e2bcd4b-ec8a-49d5-8d34-56eff99fb387",
	'Double Room');
INSERT INTO V_PAR
	VALUES ("8e2bcd4b-ec8a-49d5-8d34-56eff99fb387",
	"bee8502d-a824-4873-8444-a9685bcb7cea",
	"00000000-0000-0000-0000-000000000000",
	'name',
	"1545b901-911d-437e-82bf-020f39832d6c",
	3,
	68);
INSERT INTO V_VAL
	VALUES ("1545b901-911d-437e-82bf-020f39832d6c",
	0,
	0,
	3,
	96,
	99,
	0,
	0,
	0,
	0,
	"ba5eda7a-def5-0000-0000-000000000002",
	"900964e5-e919-43c4-8d49-7241e6fd4c69");
INSERT INTO V_LIN
	VALUES ("1545b901-911d-437e-82bf-020f39832d6c",
	'2500');
INSERT INTO V_PAR
	VALUES ("1545b901-911d-437e-82bf-020f39832d6c",
	"bee8502d-a824-4873-8444-a9685bcb7cea",
	"00000000-0000-0000-0000-000000000000",
	'price',
	"988ffe44-ade2-4321-90de-424f23c97df9",
	3,
	89);
INSERT INTO V_VAL
	VALUES ("988ffe44-ade2-4321-90de-424f23c97df9",
	0,
	0,
	3,
	115,
	121,
	0,
	0,
	0,
	0,
	"ba5eda7a-def5-0000-0000-000000000004",
	"900964e5-e919-43c4-8d49-7241e6fd4c69");
INSERT INTO V_LST
	VALUES ("988ffe44-ade2-4321-90de-424f23c97df9",
	'DLIGT');
INSERT INTO V_PAR
	VALUES ("988ffe44-ade2-4321-90de-424f23c97df9",
	"bee8502d-a824-4873-8444-a9685bcb7cea",
	"00000000-0000-0000-0000-000000000000",
	'description',
	"2a1c8c11-3ea0-4a18-98c2-40ada64db705",
	3,
	102);
INSERT INTO V_VAL
	VALUES ("2a1c8c11-3ea0-4a18-98c2-40ada64db705",
	0,
	0,
	3,
	128,
	128,
	0,
	0,
	0,
	0,
	"ba5eda7a-def5-0000-0000-000000000002",
	"900964e5-e919-43c4-8d49-7241e6fd4c69");
INSERT INTO V_LIN
	VALUES ("2a1c8c11-3ea0-4a18-98c2-40ada64db705",
	'1');
INSERT INTO V_PAR
	VALUES ("2a1c8c11-3ea0-4a18-98c2-40ada64db705",
	"bee8502d-a824-4873-8444-a9685bcb7cea",
	"00000000-0000-0000-0000-000000000000",
	'id',
	"00000000-0000-0000-0000-000000000000",
	3,
	125);
INSERT INTO SM_STATE
	VALUES ("0d39ddc7-f557-4477-a172-b8b6c4d49c73",
	"04df3e9d-5386-4a1e-befa-8ef3c8f1edb3",
	"00000000-0000-0000-0000-000000000000",
	'CreateFacilities',
	2,
	0);
INSERT INTO SM_SEME
	VALUES ("0d39ddc7-f557-4477-a172-b8b6c4d49c73",
	"7172f41b-b749-4042-97a8-a497e403224c",
	"04df3e9d-5386-4a1e-befa-8ef3c8f1edb3",
	"00000000-0000-0000-0000-000000000000");
INSERT INTO SM_CH
	VALUES ("0d39ddc7-f557-4477-a172-b8b6c4d49c73",
	"65b12753-4b67-46c6-8fbe-1c8c64a7e603",
	"04df3e9d-5386-4a1e-befa-8ef3c8f1edb3",
	"00000000-0000-0000-0000-000000000000",
	'');
INSERT INTO SM_SEME
	VALUES ("0d39ddc7-f557-4477-a172-b8b6c4d49c73",
	"65b12753-4b67-46c6-8fbe-1c8c64a7e603",
	"04df3e9d-5386-4a1e-befa-8ef3c8f1edb3",
	"00000000-0000-0000-0000-000000000000");
INSERT INTO SM_MOAH
	VALUES ("688fabc7-b549-493b-b87b-e1249778a5d8",
	"04df3e9d-5386-4a1e-befa-8ef3c8f1edb3",
	"0d39ddc7-f557-4477-a172-b8b6c4d49c73");
INSERT INTO SM_AH
	VALUES ("688fabc7-b549-493b-b87b-e1249778a5d8",
	"04df3e9d-5386-4a1e-befa-8ef3c8f1edb3");
INSERT INTO SM_ACT
	VALUES ("688fabc7-b549-493b-b87b-e1249778a5d8",
	"04df3e9d-5386-4a1e-befa-8ef3c8f1edb3",
	1,
	'
LOG::LogInfo(message: "creating facilities");
send StaffInterface::addFacility(facilityID: "1215D", facilityType: param.facilityType);
send StaffInterface::addFacility(facilityID: "1215A", facilityType: param.facilityType);
send StaffInterface::addFacility(facilityID: "1215C", facilityType: param.facilityType);',
	'');
INSERT INTO ACT_SAB
	VALUES ("87e47add-438b-4b34-8e45-513308d30c61",
	"04df3e9d-5386-4a1e-befa-8ef3c8f1edb3",
	"688fabc7-b549-493b-b87b-e1249778a5d8");
INSERT INTO ACT_ACT
	VALUES ("87e47add-438b-4b34-8e45-513308d30c61",
	'state',
	0,
	"78fc6c44-2a61-4dd3-8f41-0efa6372adad",
	"00000000-0000-0000-0000-000000000000",
	0,
	'Setup::CreateFacilities',
	"00000000-0000-0000-0000-000000000000");
INSERT INTO ACT_BLK
	VALUES ("78fc6c44-2a61-4dd3-8f41-0efa6372adad",
	0,
	0,
	0,
	'StaffInterface',
	'',
	'',
	5,
	1,
	5,
	6,
	0,
	0,
	0,
	0,
	0,
	0,
	0,
	0,
	0,
	"87e47add-438b-4b34-8e45-513308d30c61",
	"00000000-0000-0000-0000-000000000000");
INSERT INTO ACT_SMT
	VALUES ("5026e82b-9607-4a57-93a2-ba6a9720aa46",
	"78fc6c44-2a61-4dd3-8f41-0efa6372adad",
	"3ed717c1-8ca9-42de-8a22-1313d4e584f1",
	2,
	1,
	'Setup::CreateFacilities line: 2');
INSERT INTO ACT_BRG
	VALUES ("5026e82b-9607-4a57-93a2-ba6a9720aa46",
	"768e1cca-7403-495c-9b22-afd11a473eb6",
	2,
	6,
	2,
	1);
INSERT INTO ACT_SMT
	VALUES ("3ed717c1-8ca9-42de-8a22-1313d4e584f1",
	"78fc6c44-2a61-4dd3-8f41-0efa6372adad",
	"cf747021-f6b9-4e36-9b54-3c971d093cb7",
	3,
	1,
	'Setup::CreateFacilities line: 3');
INSERT INTO ACT_SGN
	VALUES ("3ed717c1-8ca9-42de-8a22-1313d4e584f1",
	3,
	22,
	3,
	6,
	"00000000-0000-0000-0000-000000000000",
	"e6181567-d769-42fe-9d0b-d198e6a37dc0",
	"00000000-0000-0000-0000-000000000000");
INSERT INTO ACT_SMT
	VALUES ("cf747021-f6b9-4e36-9b54-3c971d093cb7",
	"78fc6c44-2a61-4dd3-8f41-0efa6372adad",
	"9282cd9e-a779-4e72-9809-0a6ce430c271",
	4,
	1,
	'Setup::CreateFacilities line: 4');
INSERT INTO ACT_SGN
	VALUES ("cf747021-f6b9-4e36-9b54-3c971d093cb7",
	4,
	22,
	4,
	6,
	"00000000-0000-0000-0000-000000000000",
	"e6181567-d769-42fe-9d0b-d198e6a37dc0",
	"00000000-0000-0000-0000-000000000000");
INSERT INTO ACT_SMT
	VALUES ("9282cd9e-a779-4e72-9809-0a6ce430c271",
	"78fc6c44-2a61-4dd3-8f41-0efa6372adad",
	"00000000-0000-0000-0000-000000000000",
	5,
	1,
	'Setup::CreateFacilities line: 5');
INSERT INTO ACT_SGN
	VALUES ("9282cd9e-a779-4e72-9809-0a6ce430c271",
	5,
	22,
	5,
	6,
	"00000000-0000-0000-0000-000000000000",
	"e6181567-d769-42fe-9d0b-d198e6a37dc0",
	"00000000-0000-0000-0000-000000000000");
INSERT INTO V_VAL
	VALUES ("cc155780-2eb0-4e97-b77e-6ed7bd35faf9",
	0,
	0,
	2,
	23,
	42,
	0,
	0,
	0,
	0,
	"ba5eda7a-def5-0000-0000-000000000004",
	"78fc6c44-2a61-4dd3-8f41-0efa6372adad");
INSERT INTO V_LST
	VALUES ("cc155780-2eb0-4e97-b77e-6ed7bd35faf9",
	'creating facilities');
INSERT INTO V_PAR
	VALUES ("cc155780-2eb0-4e97-b77e-6ed7bd35faf9",
	"5026e82b-9607-4a57-93a2-ba6a9720aa46",
	"00000000-0000-0000-0000-000000000000",
	'message',
	"00000000-0000-0000-0000-000000000000",
	2,
	14);
INSERT INTO V_VAL
	VALUES ("988d554a-7d23-4480-ac26-09a3fc97abd3",
	0,
	0,
	3,
	46,
	51,
	0,
	0,
	0,
	0,
	"ba5eda7a-def5-0000-0000-000000000004",
	"78fc6c44-2a61-4dd3-8f41-0efa6372adad");
INSERT INTO V_LST
	VALUES ("988d554a-7d23-4480-ac26-09a3fc97abd3",
	'1215D');
INSERT INTO V_PAR
	VALUES ("988d554a-7d23-4480-ac26-09a3fc97abd3",
	"3ed717c1-8ca9-42de-8a22-1313d4e584f1",
	"00000000-0000-0000-0000-000000000000",
	'facilityID',
	"3ed1db88-def8-4d30-9fa8-eb6af9afe566",
	3,
	34);
INSERT INTO V_VAL
	VALUES ("3ed1db88-def8-4d30-9fa8-eb6af9afe566",
	0,
	0,
	3,
	75,
	86,
	0,
	0,
	0,
	0,
	"ba5eda7a-def5-0000-0000-000000000002",
	"78fc6c44-2a61-4dd3-8f41-0efa6372adad");
INSERT INTO V_EDV
	VALUES ("3ed1db88-def8-4d30-9fa8-eb6af9afe566");
INSERT INTO V_EPR
	VALUES ("3ed1db88-def8-4d30-9fa8-eb6af9afe566",
	"04df3e9d-5386-4a1e-befa-8ef3c8f1edb3",
	"8ccb55f4-957e-442e-bb9d-16bbe737f3b2",
	"00000000-0000-0000-0000-000000000000");
INSERT INTO V_EPR
	VALUES ("3ed1db88-def8-4d30-9fa8-eb6af9afe566",
	"04df3e9d-5386-4a1e-befa-8ef3c8f1edb3",
	"8ccb55f4-957e-442e-bb9d-16bbe737f3b2",
	"00000000-0000-0000-0000-000000000000");
INSERT INTO V_PAR
	VALUES ("3ed1db88-def8-4d30-9fa8-eb6af9afe566",
	"3ed717c1-8ca9-42de-8a22-1313d4e584f1",
	"00000000-0000-0000-0000-000000000000",
	'facilityType',
	"00000000-0000-0000-0000-000000000000",
	3,
	55);
INSERT INTO V_VAL
	VALUES ("73ac8e0d-9cca-4654-b737-90637abef12d",
	0,
	0,
	4,
	46,
	51,
	0,
	0,
	0,
	0,
	"ba5eda7a-def5-0000-0000-000000000004",
	"78fc6c44-2a61-4dd3-8f41-0efa6372adad");
INSERT INTO V_LST
	VALUES ("73ac8e0d-9cca-4654-b737-90637abef12d",
	'1215A');
INSERT INTO V_PAR
	VALUES ("73ac8e0d-9cca-4654-b737-90637abef12d",
	"cf747021-f6b9-4e36-9b54-3c971d093cb7",
	"00000000-0000-0000-0000-000000000000",
	'facilityID',
	"1849ac5a-9fa1-4381-ba8a-20a5daa4e237",
	4,
	34);
INSERT INTO V_VAL
	VALUES ("1849ac5a-9fa1-4381-ba8a-20a5daa4e237",
	0,
	0,
	4,
	75,
	86,
	0,
	0,
	0,
	0,
	"ba5eda7a-def5-0000-0000-000000000002",
	"78fc6c44-2a61-4dd3-8f41-0efa6372adad");
INSERT INTO V_EDV
	VALUES ("1849ac5a-9fa1-4381-ba8a-20a5daa4e237");
INSERT INTO V_EPR
	VALUES ("1849ac5a-9fa1-4381-ba8a-20a5daa4e237",
	"04df3e9d-5386-4a1e-befa-8ef3c8f1edb3",
	"8ccb55f4-957e-442e-bb9d-16bbe737f3b2",
	"00000000-0000-0000-0000-000000000000");
INSERT INTO V_EPR
	VALUES ("1849ac5a-9fa1-4381-ba8a-20a5daa4e237",
	"04df3e9d-5386-4a1e-befa-8ef3c8f1edb3",
	"8ccb55f4-957e-442e-bb9d-16bbe737f3b2",
	"00000000-0000-0000-0000-000000000000");
INSERT INTO V_PAR
	VALUES ("1849ac5a-9fa1-4381-ba8a-20a5daa4e237",
	"cf747021-f6b9-4e36-9b54-3c971d093cb7",
	"00000000-0000-0000-0000-000000000000",
	'facilityType',
	"00000000-0000-0000-0000-000000000000",
	4,
	55);
INSERT INTO V_VAL
	VALUES ("d736fbfe-e367-4b97-8e0d-90e20b3e6928",
	0,
	0,
	5,
	46,
	51,
	0,
	0,
	0,
	0,
	"ba5eda7a-def5-0000-0000-000000000004",
	"78fc6c44-2a61-4dd3-8f41-0efa6372adad");
INSERT INTO V_LST
	VALUES ("d736fbfe-e367-4b97-8e0d-90e20b3e6928",
	'1215C');
INSERT INTO V_PAR
	VALUES ("d736fbfe-e367-4b97-8e0d-90e20b3e6928",
	"9282cd9e-a779-4e72-9809-0a6ce430c271",
	"00000000-0000-0000-0000-000000000000",
	'facilityID',
	"09358f78-fc85-4040-9a82-10cffd9f7553",
	5,
	34);
INSERT INTO V_VAL
	VALUES ("09358f78-fc85-4040-9a82-10cffd9f7553",
	0,
	0,
	5,
	75,
	86,
	0,
	0,
	0,
	0,
	"ba5eda7a-def5-0000-0000-000000000002",
	"78fc6c44-2a61-4dd3-8f41-0efa6372adad");
INSERT INTO V_EDV
	VALUES ("09358f78-fc85-4040-9a82-10cffd9f7553");
INSERT INTO V_EPR
	VALUES ("09358f78-fc85-4040-9a82-10cffd9f7553",
	"04df3e9d-5386-4a1e-befa-8ef3c8f1edb3",
	"8ccb55f4-957e-442e-bb9d-16bbe737f3b2",
	"00000000-0000-0000-0000-000000000000");
INSERT INTO V_EPR
	VALUES ("09358f78-fc85-4040-9a82-10cffd9f7553",
	"04df3e9d-5386-4a1e-befa-8ef3c8f1edb3",
	"8ccb55f4-957e-442e-bb9d-16bbe737f3b2",
	"00000000-0000-0000-0000-000000000000");
INSERT INTO V_PAR
	VALUES ("09358f78-fc85-4040-9a82-10cffd9f7553",
	"9282cd9e-a779-4e72-9809-0a6ce430c271",
	"00000000-0000-0000-0000-000000000000",
	'facilityType',
	"00000000-0000-0000-0000-000000000000",
	5,
	55);
INSERT INTO SM_STATE
	VALUES ("1ebdc899-819e-463b-b51c-984681e35c43",
	"04df3e9d-5386-4a1e-befa-8ef3c8f1edb3",
	"00000000-0000-0000-0000-000000000000",
	'Startup',
	1,
	0);
INSERT INTO SM_CH
	VALUES ("1ebdc899-819e-463b-b51c-984681e35c43",
	"7172f41b-b749-4042-97a8-a497e403224c",
	"04df3e9d-5386-4a1e-befa-8ef3c8f1edb3",
	"00000000-0000-0000-0000-000000000000",
	'');
INSERT INTO SM_SEME
	VALUES ("1ebdc899-819e-463b-b51c-984681e35c43",
	"7172f41b-b749-4042-97a8-a497e403224c",
	"04df3e9d-5386-4a1e-befa-8ef3c8f1edb3",
	"00000000-0000-0000-0000-000000000000");
INSERT INTO SM_SEME
	VALUES ("1ebdc899-819e-463b-b51c-984681e35c43",
	"65b12753-4b67-46c6-8fbe-1c8c64a7e603",
	"04df3e9d-5386-4a1e-befa-8ef3c8f1edb3",
	"00000000-0000-0000-0000-000000000000");
INSERT INTO SM_MOAH
	VALUES ("04d9a4b8-7c91-4d12-882a-9e19e6a5eb19",
	"04df3e9d-5386-4a1e-befa-8ef3c8f1edb3",
	"1ebdc899-819e-463b-b51c-984681e35c43");
INSERT INTO SM_AH
	VALUES ("04d9a4b8-7c91-4d12-882a-9e19e6a5eb19",
	"04df3e9d-5386-4a1e-befa-8ef3c8f1edb3");
INSERT INTO SM_ACT
	VALUES ("04d9a4b8-7c91-4d12-882a-9e19e6a5eb19",
	"04df3e9d-5386-4a1e-befa-8ef3c8f1edb3",
	1,
	'LOG::LogInfo(message: "StartUp at  SetupClass ;");',
	'');
INSERT INTO ACT_SAB
	VALUES ("feea91d2-adc4-4b6c-8284-0f6045654376",
	"04df3e9d-5386-4a1e-befa-8ef3c8f1edb3",
	"04d9a4b8-7c91-4d12-882a-9e19e6a5eb19");
INSERT INTO ACT_ACT
	VALUES ("feea91d2-adc4-4b6c-8284-0f6045654376",
	'state',
	0,
	"9dac6ac7-f2fc-48a1-9429-8bd474d49caa",
	"00000000-0000-0000-0000-000000000000",
	0,
	'Setup::Startup',
	"00000000-0000-0000-0000-000000000000");
INSERT INTO ACT_BLK
	VALUES ("9dac6ac7-f2fc-48a1-9429-8bd474d49caa",
	0,
	0,
	0,
	'LOG',
	'',
	'',
	1,
	1,
	1,
	1,
	0,
	0,
	0,
	0,
	0,
	0,
	0,
	0,
	0,
	"feea91d2-adc4-4b6c-8284-0f6045654376",
	"00000000-0000-0000-0000-000000000000");
INSERT INTO ACT_SMT
	VALUES ("fe064709-d5f3-4dd8-86ae-21d67345a8c8",
	"9dac6ac7-f2fc-48a1-9429-8bd474d49caa",
	"00000000-0000-0000-0000-000000000000",
	1,
	1,
	'Setup::Startup line: 1');
INSERT INTO ACT_BRG
	VALUES ("fe064709-d5f3-4dd8-86ae-21d67345a8c8",
	"768e1cca-7403-495c-9b22-afd11a473eb6",
	1,
	6,
	1,
	1);
INSERT INTO V_VAL
	VALUES ("af519aec-94e5-436a-bf50-c817907d72a8",
	0,
	0,
	1,
	23,
	47,
	0,
	0,
	0,
	0,
	"ba5eda7a-def5-0000-0000-000000000004",
	"9dac6ac7-f2fc-48a1-9429-8bd474d49caa");
INSERT INTO V_LST
	VALUES ("af519aec-94e5-436a-bf50-c817907d72a8",
	'StartUp at  SetupClass ;');
INSERT INTO V_PAR
	VALUES ("af519aec-94e5-436a-bf50-c817907d72a8",
	"fe064709-d5f3-4dd8-86ae-21d67345a8c8",
	"00000000-0000-0000-0000-000000000000",
	'message',
	"00000000-0000-0000-0000-000000000000",
	1,
	14);
INSERT INTO SM_NSTXN
	VALUES ("ef9a56d7-46a9-4ac0-8375-d560e572ae52",
	"04df3e9d-5386-4a1e-befa-8ef3c8f1edb3",
	"72d1d647-ba9c-4993-9e23-2d8e2599bf4a",
	"7172f41b-b749-4042-97a8-a497e403224c",
	"00000000-0000-0000-0000-000000000000");
INSERT INTO SM_TAH
	VALUES ("732839b4-cd9d-475d-acf4-742320f0882e",
	"04df3e9d-5386-4a1e-befa-8ef3c8f1edb3",
	"ef9a56d7-46a9-4ac0-8375-d560e572ae52");
INSERT INTO SM_AH
	VALUES ("732839b4-cd9d-475d-acf4-742320f0882e",
	"04df3e9d-5386-4a1e-befa-8ef3c8f1edb3");
INSERT INTO SM_ACT
	VALUES ("732839b4-cd9d-475d-acf4-742320f0882e",
	"04df3e9d-5386-4a1e-befa-8ef3c8f1edb3",
	1,
	'',
	'');
INSERT INTO ACT_TAB
	VALUES ("f66652d7-e544-4590-ad03-7e0d9c016f8a",
	"04df3e9d-5386-4a1e-befa-8ef3c8f1edb3",
	"732839b4-cd9d-475d-acf4-742320f0882e");
INSERT INTO ACT_ACT
	VALUES ("f66652d7-e544-4590-ad03-7e0d9c016f8a",
	'transition',
	0,
	"4f0a3034-77c9-431c-872e-73853e4611bd",
	"00000000-0000-0000-0000-000000000000",
	0,
	'SETUP1: facilityTypeAdded',
	"00000000-0000-0000-0000-000000000000");
INSERT INTO ACT_BLK
	VALUES ("4f0a3034-77c9-431c-872e-73853e4611bd",
	0,
	0,
	0,
	'',
	'',
	'',
	0,
	0,
	0,
	0,
	0,
	0,
	0,
	0,
	0,
	0,
	0,
	0,
	0,
	"f66652d7-e544-4590-ad03-7e0d9c016f8a",
	"00000000-0000-0000-0000-000000000000");
INSERT INTO SM_TXN
	VALUES ("ef9a56d7-46a9-4ac0-8375-d560e572ae52",
	"04df3e9d-5386-4a1e-befa-8ef3c8f1edb3",
	"0d39ddc7-f557-4477-a172-b8b6c4d49c73",
	"00000000-0000-0000-0000-000000000000");
INSERT INTO SM_NSTXN
	VALUES ("a3cb1caf-8901-4df6-938a-f432ab3d4419",
	"04df3e9d-5386-4a1e-befa-8ef3c8f1edb3",
	"0d39ddc7-f557-4477-a172-b8b6c4d49c73",
	"7172f41b-b749-4042-97a8-a497e403224c",
	"00000000-0000-0000-0000-000000000000");
INSERT INTO SM_TAH
	VALUES ("0ad55a37-7a30-4ad6-bd67-21dbec4c12fc",
	"04df3e9d-5386-4a1e-befa-8ef3c8f1edb3",
	"a3cb1caf-8901-4df6-938a-f432ab3d4419");
INSERT INTO SM_AH
	VALUES ("0ad55a37-7a30-4ad6-bd67-21dbec4c12fc",
	"04df3e9d-5386-4a1e-befa-8ef3c8f1edb3");
INSERT INTO SM_ACT
	VALUES ("0ad55a37-7a30-4ad6-bd67-21dbec4c12fc",
	"04df3e9d-5386-4a1e-befa-8ef3c8f1edb3",
	1,
	'',
	'');
INSERT INTO ACT_TAB
	VALUES ("bc66c579-7bd1-4d01-b63d-ec25fb3ee9f7",
	"04df3e9d-5386-4a1e-befa-8ef3c8f1edb3",
	"0ad55a37-7a30-4ad6-bd67-21dbec4c12fc");
INSERT INTO ACT_ACT
	VALUES ("bc66c579-7bd1-4d01-b63d-ec25fb3ee9f7",
	'transition',
	0,
	"63ab7ca2-c7a1-4082-a98d-9f1f561b1a10",
	"00000000-0000-0000-0000-000000000000",
	0,
	'SETUP1: facilityTypeAdded',
	"00000000-0000-0000-0000-000000000000");
INSERT INTO ACT_BLK
	VALUES ("63ab7ca2-c7a1-4082-a98d-9f1f561b1a10",
	0,
	0,
	0,
	'',
	'',
	'',
	0,
	0,
	0,
	0,
	0,
	0,
	0,
	0,
	0,
	0,
	0,
	0,
	0,
	"bc66c579-7bd1-4d01-b63d-ec25fb3ee9f7",
	"00000000-0000-0000-0000-000000000000");
INSERT INTO SM_TXN
	VALUES ("a3cb1caf-8901-4df6-938a-f432ab3d4419",
	"04df3e9d-5386-4a1e-befa-8ef3c8f1edb3",
	"0d39ddc7-f557-4477-a172-b8b6c4d49c73",
	"00000000-0000-0000-0000-000000000000");
INSERT INTO SM_CRTXN
	VALUES ("d2d1593d-8b59-4abf-8ee1-d46b805c3acf",
	"04df3e9d-5386-4a1e-befa-8ef3c8f1edb3",
	"00000000-0000-0000-0000-000000000000",
	"00000000-0000-0000-0000-000000000000");
INSERT INTO SM_TAH
	VALUES ("d3bb3ee0-42c0-49a2-9655-89440f26296f",
	"04df3e9d-5386-4a1e-befa-8ef3c8f1edb3",
	"d2d1593d-8b59-4abf-8ee1-d46b805c3acf");
INSERT INTO SM_AH
	VALUES ("d3bb3ee0-42c0-49a2-9655-89440f26296f",
	"04df3e9d-5386-4a1e-befa-8ef3c8f1edb3");
INSERT INTO SM_ACT
	VALUES ("d3bb3ee0-42c0-49a2-9655-89440f26296f",
	"04df3e9d-5386-4a1e-befa-8ef3c8f1edb3",
	1,
	'',
	'');
INSERT INTO ACT_TAB
	VALUES ("40fca6d7-6eae-4148-bc30-c42916012550",
	"04df3e9d-5386-4a1e-befa-8ef3c8f1edb3",
	"d3bb3ee0-42c0-49a2-9655-89440f26296f");
INSERT INTO ACT_ACT
	VALUES ("40fca6d7-6eae-4148-bc30-c42916012550",
	'transition',
	0,
	"f0061dc1-f76e-4186-92fa-5689d58e9735",
	"00000000-0000-0000-0000-000000000000",
	0,
	'No Event Assigned',
	"00000000-0000-0000-0000-000000000000");
INSERT INTO ACT_BLK
	VALUES ("f0061dc1-f76e-4186-92fa-5689d58e9735",
	0,
	0,
	0,
	'',
	'',
	'',
	0,
	0,
	0,
	0,
	0,
	0,
	0,
	0,
	0,
	0,
	0,
	0,
	0,
	"40fca6d7-6eae-4148-bc30-c42916012550",
	"00000000-0000-0000-0000-000000000000");
INSERT INTO SM_TXN
	VALUES ("d2d1593d-8b59-4abf-8ee1-d46b805c3acf",
	"04df3e9d-5386-4a1e-befa-8ef3c8f1edb3",
	"1ebdc899-819e-463b-b51c-984681e35c43",
	"00000000-0000-0000-0000-000000000000");
INSERT INTO SM_NSTXN
	VALUES ("df61ae13-dce0-4b3f-ac9d-488566f0d0e8",
	"04df3e9d-5386-4a1e-befa-8ef3c8f1edb3",
	"1ebdc899-819e-463b-b51c-984681e35c43",
	"65b12753-4b67-46c6-8fbe-1c8c64a7e603",
	"00000000-0000-0000-0000-000000000000");
INSERT INTO SM_TAH
	VALUES ("0605bcec-8a93-4338-a260-02df04d68794",
	"04df3e9d-5386-4a1e-befa-8ef3c8f1edb3",
	"df61ae13-dce0-4b3f-ac9d-488566f0d0e8");
INSERT INTO SM_AH
	VALUES ("0605bcec-8a93-4338-a260-02df04d68794",
	"04df3e9d-5386-4a1e-befa-8ef3c8f1edb3");
INSERT INTO SM_ACT
	VALUES ("0605bcec-8a93-4338-a260-02df04d68794",
	"04df3e9d-5386-4a1e-befa-8ef3c8f1edb3",
	1,
	'',
	'');
INSERT INTO ACT_TAB
	VALUES ("03f7bc4e-4e7f-4533-901a-f96246d6176e",
	"04df3e9d-5386-4a1e-befa-8ef3c8f1edb3",
	"0605bcec-8a93-4338-a260-02df04d68794");
INSERT INTO ACT_ACT
	VALUES ("03f7bc4e-4e7f-4533-901a-f96246d6176e",
	'transition',
	0,
	"39db0caa-9efb-4f2d-86ca-5c85ac7fc6e5",
	"00000000-0000-0000-0000-000000000000",
	0,
	'SETUP2: createInstances',
	"00000000-0000-0000-0000-000000000000");
INSERT INTO ACT_BLK
	VALUES ("39db0caa-9efb-4f2d-86ca-5c85ac7fc6e5",
	0,
	0,
	0,
	'',
	'',
	'',
	0,
	0,
	0,
	0,
	0,
	0,
	0,
	0,
	0,
	0,
	0,
	0,
	0,
	"03f7bc4e-4e7f-4533-901a-f96246d6176e",
	"00000000-0000-0000-0000-000000000000");
INSERT INTO SM_TXN
	VALUES ("df61ae13-dce0-4b3f-ac9d-488566f0d0e8",
	"04df3e9d-5386-4a1e-befa-8ef3c8f1edb3",
	"72d1d647-ba9c-4993-9e23-2d8e2599bf4a",
	"00000000-0000-0000-0000-000000000000");
INSERT INTO PE_PE
	VALUES ("6daee5e1-aefd-49c8-b18d-234fb0eb1928",
	1,
	"dcd45889-1e8f-44ce-a0ac-90e67ced68c3",
	"00000000-0000-0000-0000-000000000000",
	4);
INSERT INTO O_OBJ
	VALUES ("6daee5e1-aefd-49c8-b18d-234fb0eb1928",
	'SimpleTest',
	1,
	'SIMPLETEST',
	'

This test is a (hopefully) success scenario of the Use Case "Customer creates a Booking"
',
	"00000000-0000-0000-0000-000000000000");
INSERT INTO O_NBATTR
	VALUES ("10645a6f-534c-4e7d-84b2-77d94f3125c4",
	"6daee5e1-aefd-49c8-b18d-234fb0eb1928");
INSERT INTO O_BATTR
	VALUES ("10645a6f-534c-4e7d-84b2-77d94f3125c4",
	"6daee5e1-aefd-49c8-b18d-234fb0eb1928");
INSERT INTO O_ATTR
	VALUES ("10645a6f-534c-4e7d-84b2-77d94f3125c4",
	"6daee5e1-aefd-49c8-b18d-234fb0eb1928",
	"fa000d2e-0253-4293-bd82-1e0913c0904f",
	'sessionID',
	'',
	'',
	'sessionID',
	0,
	"ba5eda7a-def5-0000-0000-000000000005",
	'',
	'');
INSERT INTO O_NBATTR
	VALUES ("fa000d2e-0253-4293-bd82-1e0913c0904f",
	"6daee5e1-aefd-49c8-b18d-234fb0eb1928");
INSERT INTO O_BATTR
	VALUES ("fa000d2e-0253-4293-bd82-1e0913c0904f",
	"6daee5e1-aefd-49c8-b18d-234fb0eb1928");
INSERT INTO O_ATTR
	VALUES ("fa000d2e-0253-4293-bd82-1e0913c0904f",
	"6daee5e1-aefd-49c8-b18d-234fb0eb1928",
	"00000000-0000-0000-0000-000000000000",
	'current_state',
	'',
	'',
	'current_state',
	0,
	"ba5eda7a-def5-0000-0000-000000000006",
	'',
	'');
INSERT INTO O_NBATTR
	VALUES ("aba71a03-0b8d-483b-a010-98e1110307e9",
	"6daee5e1-aefd-49c8-b18d-234fb0eb1928");
INSERT INTO O_BATTR
	VALUES ("aba71a03-0b8d-483b-a010-98e1110307e9",
	"6daee5e1-aefd-49c8-b18d-234fb0eb1928");
INSERT INTO O_ATTR
	VALUES ("aba71a03-0b8d-483b-a010-98e1110307e9",
	"6daee5e1-aefd-49c8-b18d-234fb0eb1928",
	"10645a6f-534c-4e7d-84b2-77d94f3125c4",
	'desiredType',
	'',
	'',
	'desiredType',
	0,
	"ba5eda7a-def5-0000-0000-000000000002",
	'',
	'');
INSERT INTO O_NBATTR
	VALUES ("7c32a24f-66a2-4ce6-a429-f3045074312c",
	"6daee5e1-aefd-49c8-b18d-234fb0eb1928");
INSERT INTO O_BATTR
	VALUES ("7c32a24f-66a2-4ce6-a429-f3045074312c",
	"6daee5e1-aefd-49c8-b18d-234fb0eb1928");
INSERT INTO O_ATTR
	VALUES ("7c32a24f-66a2-4ce6-a429-f3045074312c",
	"6daee5e1-aefd-49c8-b18d-234fb0eb1928",
	"aba71a03-0b8d-483b-a010-98e1110307e9",
	'active',
	'',
	'',
	'active',
	0,
	"ba5eda7a-def5-0000-0000-000000000001",
	'',
	'false');
INSERT INTO O_NBATTR
	VALUES ("77000cab-0612-4e4f-84c3-348ad71a5fed",
	"6daee5e1-aefd-49c8-b18d-234fb0eb1928");
INSERT INTO O_BATTR
	VALUES ("77000cab-0612-4e4f-84c3-348ad71a5fed",
	"6daee5e1-aefd-49c8-b18d-234fb0eb1928");
INSERT INTO O_ATTR
	VALUES ("77000cab-0612-4e4f-84c3-348ad71a5fed",
	"6daee5e1-aefd-49c8-b18d-234fb0eb1928",
	"7c32a24f-66a2-4ce6-a429-f3045074312c",
	'bookingNumber',
	'',
	'',
	'bookingNumber',
	0,
	"ba5eda7a-def5-0000-0000-000000000005",
	'',
	'');
INSERT INTO O_NBATTR
	VALUES ("c13308d1-b6ac-4eda-800e-16c710f72409",
	"6daee5e1-aefd-49c8-b18d-234fb0eb1928");
INSERT INTO O_BATTR
	VALUES ("c13308d1-b6ac-4eda-800e-16c710f72409",
	"6daee5e1-aefd-49c8-b18d-234fb0eb1928");
INSERT INTO O_ATTR
	VALUES ("c13308d1-b6ac-4eda-800e-16c710f72409",
	"6daee5e1-aefd-49c8-b18d-234fb0eb1928",
	"77000cab-0612-4e4f-84c3-348ad71a5fed",
	'fromDate',
	'',
	'',
	'fromDate',
	0,
	"ba5eda7a-def5-0000-0000-00000000000e",
	'',
	'');
INSERT INTO O_NBATTR
	VALUES ("1e7a9360-ac85-4bab-8dd7-5cd856eb8306",
	"6daee5e1-aefd-49c8-b18d-234fb0eb1928");
INSERT INTO O_BATTR
	VALUES ("1e7a9360-ac85-4bab-8dd7-5cd856eb8306",
	"6daee5e1-aefd-49c8-b18d-234fb0eb1928");
INSERT INTO O_ATTR
	VALUES ("1e7a9360-ac85-4bab-8dd7-5cd856eb8306",
	"6daee5e1-aefd-49c8-b18d-234fb0eb1928",
	"c13308d1-b6ac-4eda-800e-16c710f72409",
	'toDate',
	'',
	'',
	'toDate',
	0,
	"ba5eda7a-def5-0000-0000-00000000000e",
	'',
	'');
INSERT INTO O_ID
	VALUES (2,
	"6daee5e1-aefd-49c8-b18d-234fb0eb1928");
INSERT INTO O_ID
	VALUES (1,
	"6daee5e1-aefd-49c8-b18d-234fb0eb1928");
INSERT INTO O_ID
	VALUES (0,
	"6daee5e1-aefd-49c8-b18d-234fb0eb1928");
INSERT INTO SM_ISM
	VALUES ("ff73a57e-de54-43da-89b9-7fc18e7e85a5",
	"6daee5e1-aefd-49c8-b18d-234fb0eb1928");
INSERT INTO SM_SM
	VALUES ("ff73a57e-de54-43da-89b9-7fc18e7e85a5",
	'',
	0);
INSERT INTO SM_MOORE
	VALUES ("ff73a57e-de54-43da-89b9-7fc18e7e85a5");
INSERT INTO SM_EVTDI
	VALUES ("cf45ac62-45f1-44bc-b7a3-c755aacea2a2",
	"ff73a57e-de54-43da-89b9-7fc18e7e85a5",
	'sessionID',
	'',
	"ba5eda7a-def5-0000-0000-000000000005",
	'',
	"2a21dfc2-cf8a-496d-91fa-d6cd6995d113",
	"00000000-0000-0000-0000-000000000000");
INSERT INTO SM_EVTDI
	VALUES ("1c77257f-c003-41c6-bb95-b52dae2b9ca2",
	"ff73a57e-de54-43da-89b9-7fc18e7e85a5",
	'id',
	'',
	"ba5eda7a-def5-0000-0000-000000000002",
	'',
	"eb6c99e7-c09f-4c32-96ec-e77623146056",
	"00000000-0000-0000-0000-000000000000");
INSERT INTO SM_EVTDI
	VALUES ("5052c63d-4625-40da-9e2f-fa456efcbc2e",
	"ff73a57e-de54-43da-89b9-7fc18e7e85a5",
	'price',
	'',
	"ba5eda7a-def5-0000-0000-000000000003",
	'',
	"eb6c99e7-c09f-4c32-96ec-e77623146056",
	"1c77257f-c003-41c6-bb95-b52dae2b9ca2");
INSERT INTO SM_EVTDI
	VALUES ("8ba5930f-e0dd-40cf-a921-bcbe2e894ffc",
	"ff73a57e-de54-43da-89b9-7fc18e7e85a5",
	'description',
	'',
	"ba5eda7a-def5-0000-0000-000000000004",
	'',
	"eb6c99e7-c09f-4c32-96ec-e77623146056",
	"5052c63d-4625-40da-9e2f-fa456efcbc2e");
INSERT INTO SM_EVTDI
	VALUES ("75ca7653-a8a1-4b38-ac5f-352bcf270273",
	"ff73a57e-de54-43da-89b9-7fc18e7e85a5",
	'aproximateArea',
	'',
	"ba5eda7a-def5-0000-0000-000000000004",
	'',
	"eb6c99e7-c09f-4c32-96ec-e77623146056",
	"8ba5930f-e0dd-40cf-a921-bcbe2e894ffc");
INSERT INTO SM_EVTDI
	VALUES ("d72ae57a-4ae9-4c36-a467-58ada230a8ff",
	"ff73a57e-de54-43da-89b9-7fc18e7e85a5",
	'independent',
	'',
	"ba5eda7a-def5-0000-0000-000000000001",
	'',
	"eb6c99e7-c09f-4c32-96ec-e77623146056",
	"75ca7653-a8a1-4b38-ac5f-352bcf270273");
INSERT INTO SM_EVTDI
	VALUES ("ce135fc1-94a4-4d13-9df8-b4274540e9ed",
	"ff73a57e-de54-43da-89b9-7fc18e7e85a5",
	'message',
	'',
	"ba5eda7a-def5-0000-0000-000000000004",
	'',
	"e60d8278-0abd-4435-be30-5fb8266237ab",
	"00000000-0000-0000-0000-000000000000");
INSERT INTO SM_EVTDI
	VALUES ("9f777d81-28c8-4dc2-869b-a98bc7abfa52",
	"ff73a57e-de54-43da-89b9-7fc18e7e85a5",
	'desiredType',
	'',
	"ba5eda7a-def5-0000-0000-000000000002",
	'',
	"571ae000-303e-4af6-9350-7f3c94749e60",
	"00000000-0000-0000-0000-000000000000");
INSERT INTO SM_EVTDI
	VALUES ("60145f47-3c7f-406a-b7e7-d16fd48530f9",
	"ff73a57e-de54-43da-89b9-7fc18e7e85a5",
	'message',
	'',
	"ba5eda7a-def5-0000-0000-000000000004",
	'',
	"db689256-8056-41cd-abf0-1804a111281b",
	"00000000-0000-0000-0000-000000000000");
INSERT INTO SM_EVTDI
	VALUES ("5c347094-0c57-4230-873c-144361e3bd3b",
	"ff73a57e-de54-43da-89b9-7fc18e7e85a5",
	'bookingNumber',
	'',
	"ba5eda7a-def5-0000-0000-000000000005",
	'',
	"2a21dfc2-cf8a-496d-91fa-d6cd6995d113",
	"cf45ac62-45f1-44bc-b7a3-c755aacea2a2");
INSERT INTO SM_EVTDI
	VALUES ("37b76012-8c26-4cab-96fa-88f20fd0f56b",
	"ff73a57e-de54-43da-89b9-7fc18e7e85a5",
	'fromDate',
	'',
	"ba5eda7a-def5-0000-0000-00000000000e",
	'',
	"571ae000-303e-4af6-9350-7f3c94749e60",
	"9f777d81-28c8-4dc2-869b-a98bc7abfa52");
INSERT INTO SM_EVTDI
	VALUES ("bf8aafa0-e9e0-4667-aba0-cf6ab6f69282",
	"ff73a57e-de54-43da-89b9-7fc18e7e85a5",
	'toDate',
	'',
	"ba5eda7a-def5-0000-0000-00000000000e",
	'',
	"571ae000-303e-4af6-9350-7f3c94749e60",
	"37b76012-8c26-4cab-96fa-88f20fd0f56b");
INSERT INTO SM_LEVT
	VALUES ("571ae000-303e-4af6-9350-7f3c94749e60",
	"ff73a57e-de54-43da-89b9-7fc18e7e85a5",
	"00000000-0000-0000-0000-000000000000");
INSERT INTO SM_SEVT
	VALUES ("571ae000-303e-4af6-9350-7f3c94749e60",
	"ff73a57e-de54-43da-89b9-7fc18e7e85a5",
	"00000000-0000-0000-0000-000000000000");
INSERT INTO SM_EVT
	VALUES ("571ae000-303e-4af6-9350-7f3c94749e60",
	"ff73a57e-de54-43da-89b9-7fc18e7e85a5",
	"00000000-0000-0000-0000-000000000000",
	1,
	'start',
	0,
	'',
	'SIMPLETEST1',
	'');
INSERT INTO SM_LEVT
	VALUES ("2a21dfc2-cf8a-496d-91fa-d6cd6995d113",
	"ff73a57e-de54-43da-89b9-7fc18e7e85a5",
	"00000000-0000-0000-0000-000000000000");
INSERT INTO SM_SEVT
	VALUES ("2a21dfc2-cf8a-496d-91fa-d6cd6995d113",
	"ff73a57e-de54-43da-89b9-7fc18e7e85a5",
	"00000000-0000-0000-0000-000000000000");
INSERT INTO SM_EVT
	VALUES ("2a21dfc2-cf8a-496d-91fa-d6cd6995d113",
	"ff73a57e-de54-43da-89b9-7fc18e7e85a5",
	"00000000-0000-0000-0000-000000000000",
	2,
	'sessionEvent',
	0,
	'',
	'SIMPLETEST2',
	'');
INSERT INTO SM_LEVT
	VALUES ("eb6c99e7-c09f-4c32-96ec-e77623146056",
	"ff73a57e-de54-43da-89b9-7fc18e7e85a5",
	"00000000-0000-0000-0000-000000000000");
INSERT INTO SM_SEVT
	VALUES ("eb6c99e7-c09f-4c32-96ec-e77623146056",
	"ff73a57e-de54-43da-89b9-7fc18e7e85a5",
	"00000000-0000-0000-0000-000000000000");
INSERT INTO SM_EVT
	VALUES ("eb6c99e7-c09f-4c32-96ec-e77623146056",
	"ff73a57e-de54-43da-89b9-7fc18e7e85a5",
	"00000000-0000-0000-0000-000000000000",
	3,
	'availableEvent',
	0,
	'',
	'SIMPLETEST3',
	'');
INSERT INTO SM_LEVT
	VALUES ("e60d8278-0abd-4435-be30-5fb8266237ab",
	"ff73a57e-de54-43da-89b9-7fc18e7e85a5",
	"00000000-0000-0000-0000-000000000000");
INSERT INTO SM_SEVT
	VALUES ("e60d8278-0abd-4435-be30-5fb8266237ab",
	"ff73a57e-de54-43da-89b9-7fc18e7e85a5",
	"00000000-0000-0000-0000-000000000000");
INSERT INTO SM_EVT
	VALUES ("e60d8278-0abd-4435-be30-5fb8266237ab",
	"ff73a57e-de54-43da-89b9-7fc18e7e85a5",
	"00000000-0000-0000-0000-000000000000",
	4,
	'confirmEvent',
	0,
	'',
	'SIMPLETEST4',
	'');
INSERT INTO SM_LEVT
	VALUES ("a8d07c15-c55f-45d9-899b-3d15c92b3882",
	"ff73a57e-de54-43da-89b9-7fc18e7e85a5",
	"00000000-0000-0000-0000-000000000000");
INSERT INTO SM_SEVT
	VALUES ("a8d07c15-c55f-45d9-899b-3d15c92b3882",
	"ff73a57e-de54-43da-89b9-7fc18e7e85a5",
	"00000000-0000-0000-0000-000000000000");
INSERT INTO SM_EVT
	VALUES ("a8d07c15-c55f-45d9-899b-3d15c92b3882",
	"ff73a57e-de54-43da-89b9-7fc18e7e85a5",
	"00000000-0000-0000-0000-000000000000",
	5,
	'endOfListEvent',
	0,
	'',
	'SIMPLETEST5',
	'');
INSERT INTO SM_LEVT
	VALUES ("b215e1a1-e928-44a2-b827-815cde5d4b84",
	"ff73a57e-de54-43da-89b9-7fc18e7e85a5",
	"00000000-0000-0000-0000-000000000000");
INSERT INTO SM_SEVT
	VALUES ("b215e1a1-e928-44a2-b827-815cde5d4b84",
	"ff73a57e-de54-43da-89b9-7fc18e7e85a5",
	"00000000-0000-0000-0000-000000000000");
INSERT INTO SM_EVT
	VALUES ("b215e1a1-e928-44a2-b827-815cde5d4b84",
	"ff73a57e-de54-43da-89b9-7fc18e7e85a5",
	"00000000-0000-0000-0000-000000000000",
	6,
	'foundDesiredRoomEvent',
	0,
	'',
	'SIMPLETEST6',
	'');
INSERT INTO SM_LEVT
	VALUES ("db689256-8056-41cd-abf0-1804a111281b",
	"ff73a57e-de54-43da-89b9-7fc18e7e85a5",
	"00000000-0000-0000-0000-000000000000");
INSERT INTO SM_SEVT
	VALUES ("db689256-8056-41cd-abf0-1804a111281b",
	"ff73a57e-de54-43da-89b9-7fc18e7e85a5",
	"00000000-0000-0000-0000-000000000000");
INSERT INTO SM_EVT
	VALUES ("db689256-8056-41cd-abf0-1804a111281b",
	"ff73a57e-de54-43da-89b9-7fc18e7e85a5",
	"00000000-0000-0000-0000-000000000000",
	7,
	'errorEvent',
	0,
	'',
	'SIMPLETEST7',
	'');
INSERT INTO SM_STATE
	VALUES ("ff3aa0df-09b3-4d91-b2a7-212ccf415d16",
	"ff73a57e-de54-43da-89b9-7fc18e7e85a5",
	"00000000-0000-0000-0000-000000000000",
	'entryPoint',
	1,
	0);
INSERT INTO SM_SEME
	VALUES ("ff3aa0df-09b3-4d91-b2a7-212ccf415d16",
	"571ae000-303e-4af6-9350-7f3c94749e60",
	"ff73a57e-de54-43da-89b9-7fc18e7e85a5",
	"00000000-0000-0000-0000-000000000000");
INSERT INTO SM_CH
	VALUES ("ff3aa0df-09b3-4d91-b2a7-212ccf415d16",
	"2a21dfc2-cf8a-496d-91fa-d6cd6995d113",
	"ff73a57e-de54-43da-89b9-7fc18e7e85a5",
	"00000000-0000-0000-0000-000000000000",
	'');
INSERT INTO SM_SEME
	VALUES ("ff3aa0df-09b3-4d91-b2a7-212ccf415d16",
	"2a21dfc2-cf8a-496d-91fa-d6cd6995d113",
	"ff73a57e-de54-43da-89b9-7fc18e7e85a5",
	"00000000-0000-0000-0000-000000000000");
INSERT INTO SM_CH
	VALUES ("ff3aa0df-09b3-4d91-b2a7-212ccf415d16",
	"eb6c99e7-c09f-4c32-96ec-e77623146056",
	"ff73a57e-de54-43da-89b9-7fc18e7e85a5",
	"00000000-0000-0000-0000-000000000000",
	'');
INSERT INTO SM_SEME
	VALUES ("ff3aa0df-09b3-4d91-b2a7-212ccf415d16",
	"eb6c99e7-c09f-4c32-96ec-e77623146056",
	"ff73a57e-de54-43da-89b9-7fc18e7e85a5",
	"00000000-0000-0000-0000-000000000000");
INSERT INTO SM_CH
	VALUES ("ff3aa0df-09b3-4d91-b2a7-212ccf415d16",
	"e60d8278-0abd-4435-be30-5fb8266237ab",
	"ff73a57e-de54-43da-89b9-7fc18e7e85a5",
	"00000000-0000-0000-0000-000000000000",
	'');
INSERT INTO SM_SEME
	VALUES ("ff3aa0df-09b3-4d91-b2a7-212ccf415d16",
	"e60d8278-0abd-4435-be30-5fb8266237ab",
	"ff73a57e-de54-43da-89b9-7fc18e7e85a5",
	"00000000-0000-0000-0000-000000000000");
INSERT INTO SM_CH
	VALUES ("ff3aa0df-09b3-4d91-b2a7-212ccf415d16",
	"a8d07c15-c55f-45d9-899b-3d15c92b3882",
	"ff73a57e-de54-43da-89b9-7fc18e7e85a5",
	"00000000-0000-0000-0000-000000000000",
	'');
INSERT INTO SM_SEME
	VALUES ("ff3aa0df-09b3-4d91-b2a7-212ccf415d16",
	"a8d07c15-c55f-45d9-899b-3d15c92b3882",
	"ff73a57e-de54-43da-89b9-7fc18e7e85a5",
	"00000000-0000-0000-0000-000000000000");
INSERT INTO SM_CH
	VALUES ("ff3aa0df-09b3-4d91-b2a7-212ccf415d16",
	"b215e1a1-e928-44a2-b827-815cde5d4b84",
	"ff73a57e-de54-43da-89b9-7fc18e7e85a5",
	"00000000-0000-0000-0000-000000000000",
	'');
INSERT INTO SM_SEME
	VALUES ("ff3aa0df-09b3-4d91-b2a7-212ccf415d16",
	"b215e1a1-e928-44a2-b827-815cde5d4b84",
	"ff73a57e-de54-43da-89b9-7fc18e7e85a5",
	"00000000-0000-0000-0000-000000000000");
INSERT INTO SM_CH
	VALUES ("ff3aa0df-09b3-4d91-b2a7-212ccf415d16",
	"db689256-8056-41cd-abf0-1804a111281b",
	"ff73a57e-de54-43da-89b9-7fc18e7e85a5",
	"00000000-0000-0000-0000-000000000000",
	'');
INSERT INTO SM_SEME
	VALUES ("ff3aa0df-09b3-4d91-b2a7-212ccf415d16",
	"db689256-8056-41cd-abf0-1804a111281b",
	"ff73a57e-de54-43da-89b9-7fc18e7e85a5",
	"00000000-0000-0000-0000-000000000000");
INSERT INTO SM_MOAH
	VALUES ("cb212bf5-d2bb-45da-8e27-c663ec05029f",
	"ff73a57e-de54-43da-89b9-7fc18e7e85a5",
	"ff3aa0df-09b3-4d91-b2a7-212ccf415d16");
INSERT INTO SM_AH
	VALUES ("cb212bf5-d2bb-45da-8e27-c663ec05029f",
	"ff73a57e-de54-43da-89b9-7fc18e7e85a5");
INSERT INTO SM_ACT
	VALUES ("cb212bf5-d2bb-45da-8e27-c663ec05029f",
	"ff73a57e-de54-43da-89b9-7fc18e7e85a5",
	1,
	'LOG::LogInfo(message: "Starting simple test... woopido");
',
	'');
INSERT INTO ACT_SAB
	VALUES ("34727330-2318-479b-8c8f-475f29fb3f04",
	"ff73a57e-de54-43da-89b9-7fc18e7e85a5",
	"cb212bf5-d2bb-45da-8e27-c663ec05029f");
INSERT INTO ACT_ACT
	VALUES ("34727330-2318-479b-8c8f-475f29fb3f04",
	'state',
	0,
	"fecb7277-4340-41ea-a882-c15d2d1c2da6",
	"00000000-0000-0000-0000-000000000000",
	0,
	'SimpleTest::entryPoint',
	"00000000-0000-0000-0000-000000000000");
INSERT INTO ACT_BLK
	VALUES ("fecb7277-4340-41ea-a882-c15d2d1c2da6",
	0,
	0,
	0,
	'LOG',
	'',
	'',
	1,
	1,
	1,
	1,
	0,
	0,
	0,
	0,
	0,
	0,
	0,
	0,
	0,
	"34727330-2318-479b-8c8f-475f29fb3f04",
	"00000000-0000-0000-0000-000000000000");
INSERT INTO ACT_SMT
	VALUES ("e5b8a38f-aa40-4b9a-a066-ffeb9e1819f5",
	"fecb7277-4340-41ea-a882-c15d2d1c2da6",
	"00000000-0000-0000-0000-000000000000",
	1,
	1,
	'SimpleTest::entryPoint line: 1');
INSERT INTO ACT_BRG
	VALUES ("e5b8a38f-aa40-4b9a-a066-ffeb9e1819f5",
	"768e1cca-7403-495c-9b22-afd11a473eb6",
	1,
	6,
	1,
	1);
INSERT INTO V_VAL
	VALUES ("2b82379b-5f11-4130-b52f-065f788b1c3d",
	0,
	0,
	1,
	23,
	54,
	0,
	0,
	0,
	0,
	"ba5eda7a-def5-0000-0000-000000000004",
	"fecb7277-4340-41ea-a882-c15d2d1c2da6");
INSERT INTO V_LST
	VALUES ("2b82379b-5f11-4130-b52f-065f788b1c3d",
	'Starting simple test... woopido');
INSERT INTO V_PAR
	VALUES ("2b82379b-5f11-4130-b52f-065f788b1c3d",
	"e5b8a38f-aa40-4b9a-a066-ffeb9e1819f5",
	"00000000-0000-0000-0000-000000000000",
	'message',
	"00000000-0000-0000-0000-000000000000",
	1,
	14);
INSERT INTO SM_STATE
	VALUES ("69ed6288-8a7a-4a78-8509-c5afa7b80900",
	"ff73a57e-de54-43da-89b9-7fc18e7e85a5",
	"00000000-0000-0000-0000-000000000000",
	'requestSession',
	2,
	0);
INSERT INTO SM_CH
	VALUES ("69ed6288-8a7a-4a78-8509-c5afa7b80900",
	"571ae000-303e-4af6-9350-7f3c94749e60",
	"ff73a57e-de54-43da-89b9-7fc18e7e85a5",
	"00000000-0000-0000-0000-000000000000",
	'');
INSERT INTO SM_SEME
	VALUES ("69ed6288-8a7a-4a78-8509-c5afa7b80900",
	"571ae000-303e-4af6-9350-7f3c94749e60",
	"ff73a57e-de54-43da-89b9-7fc18e7e85a5",
	"00000000-0000-0000-0000-000000000000");
INSERT INTO SM_SEME
	VALUES ("69ed6288-8a7a-4a78-8509-c5afa7b80900",
	"2a21dfc2-cf8a-496d-91fa-d6cd6995d113",
	"ff73a57e-de54-43da-89b9-7fc18e7e85a5",
	"00000000-0000-0000-0000-000000000000");
INSERT INTO SM_CH
	VALUES ("69ed6288-8a7a-4a78-8509-c5afa7b80900",
	"eb6c99e7-c09f-4c32-96ec-e77623146056",
	"ff73a57e-de54-43da-89b9-7fc18e7e85a5",
	"00000000-0000-0000-0000-000000000000",
	'');
INSERT INTO SM_SEME
	VALUES ("69ed6288-8a7a-4a78-8509-c5afa7b80900",
	"eb6c99e7-c09f-4c32-96ec-e77623146056",
	"ff73a57e-de54-43da-89b9-7fc18e7e85a5",
	"00000000-0000-0000-0000-000000000000");
INSERT INTO SM_CH
	VALUES ("69ed6288-8a7a-4a78-8509-c5afa7b80900",
	"e60d8278-0abd-4435-be30-5fb8266237ab",
	"ff73a57e-de54-43da-89b9-7fc18e7e85a5",
	"00000000-0000-0000-0000-000000000000",
	'');
INSERT INTO SM_SEME
	VALUES ("69ed6288-8a7a-4a78-8509-c5afa7b80900",
	"e60d8278-0abd-4435-be30-5fb8266237ab",
	"ff73a57e-de54-43da-89b9-7fc18e7e85a5",
	"00000000-0000-0000-0000-000000000000");
INSERT INTO SM_CH
	VALUES ("69ed6288-8a7a-4a78-8509-c5afa7b80900",
	"a8d07c15-c55f-45d9-899b-3d15c92b3882",
	"ff73a57e-de54-43da-89b9-7fc18e7e85a5",
	"00000000-0000-0000-0000-000000000000",
	'');
INSERT INTO SM_SEME
	VALUES ("69ed6288-8a7a-4a78-8509-c5afa7b80900",
	"a8d07c15-c55f-45d9-899b-3d15c92b3882",
	"ff73a57e-de54-43da-89b9-7fc18e7e85a5",
	"00000000-0000-0000-0000-000000000000");
INSERT INTO SM_CH
	VALUES ("69ed6288-8a7a-4a78-8509-c5afa7b80900",
	"b215e1a1-e928-44a2-b827-815cde5d4b84",
	"ff73a57e-de54-43da-89b9-7fc18e7e85a5",
	"00000000-0000-0000-0000-000000000000",
	'');
INSERT INTO SM_SEME
	VALUES ("69ed6288-8a7a-4a78-8509-c5afa7b80900",
	"b215e1a1-e928-44a2-b827-815cde5d4b84",
	"ff73a57e-de54-43da-89b9-7fc18e7e85a5",
	"00000000-0000-0000-0000-000000000000");
INSERT INTO SM_CH
	VALUES ("69ed6288-8a7a-4a78-8509-c5afa7b80900",
	"db689256-8056-41cd-abf0-1804a111281b",
	"ff73a57e-de54-43da-89b9-7fc18e7e85a5",
	"00000000-0000-0000-0000-000000000000",
	'');
INSERT INTO SM_SEME
	VALUES ("69ed6288-8a7a-4a78-8509-c5afa7b80900",
	"db689256-8056-41cd-abf0-1804a111281b",
	"ff73a57e-de54-43da-89b9-7fc18e7e85a5",
	"00000000-0000-0000-0000-000000000000");
INSERT INTO SM_MOAH
	VALUES ("7bfddb0f-c3e6-4837-b6e1-2f61082ec5e2",
	"ff73a57e-de54-43da-89b9-7fc18e7e85a5",
	"69ed6288-8a7a-4a78-8509-c5afa7b80900");
INSERT INTO SM_AH
	VALUES ("7bfddb0f-c3e6-4837-b6e1-2f61082ec5e2",
	"ff73a57e-de54-43da-89b9-7fc18e7e85a5");
INSERT INTO SM_ACT
	VALUES ("7bfddb0f-c3e6-4837-b6e1-2f61082ec5e2",
	"ff73a57e-de54-43da-89b9-7fc18e7e85a5",
	1,
	'LOG::LogInfo(message: "Starting simple test... requesting session");
self.desiredType = rcvd_evt.desiredType;
self.fromDate = param.fromDate;
self.toDate = param.toDate;

send BookingProvider::requestSession();',
	'');
INSERT INTO ACT_SAB
	VALUES ("2db24715-4946-4430-b441-39d3dfb09309",
	"ff73a57e-de54-43da-89b9-7fc18e7e85a5",
	"7bfddb0f-c3e6-4837-b6e1-2f61082ec5e2");
INSERT INTO ACT_ACT
	VALUES ("2db24715-4946-4430-b441-39d3dfb09309",
	'state',
	0,
	"87ad86f8-e283-46f3-9ab8-4f8e65d25253",
	"00000000-0000-0000-0000-000000000000",
	0,
	'SimpleTest::requestSession',
	"00000000-0000-0000-0000-000000000000");
INSERT INTO ACT_BLK
	VALUES ("87ad86f8-e283-46f3-9ab8-4f8e65d25253",
	0,
	0,
	0,
	'BookingProvider',
	'',
	'',
	6,
	1,
	6,
	6,
	0,
	0,
	0,
	0,
	0,
	0,
	0,
	0,
	0,
	"2db24715-4946-4430-b441-39d3dfb09309",
	"00000000-0000-0000-0000-000000000000");
INSERT INTO ACT_SMT
	VALUES ("59b3ce24-bc4e-44b9-b598-9773770c86e4",
	"87ad86f8-e283-46f3-9ab8-4f8e65d25253",
	"ddd2408c-fef7-44f3-bb7e-1f91a02edd7c",
	1,
	1,
	'SimpleTest::requestSession line: 1');
INSERT INTO ACT_BRG
	VALUES ("59b3ce24-bc4e-44b9-b598-9773770c86e4",
	"768e1cca-7403-495c-9b22-afd11a473eb6",
	1,
	6,
	1,
	1);
INSERT INTO ACT_SMT
	VALUES ("ddd2408c-fef7-44f3-bb7e-1f91a02edd7c",
	"87ad86f8-e283-46f3-9ab8-4f8e65d25253",
	"52962462-6998-4a84-b987-bc2696fd468d",
	2,
	1,
	'SimpleTest::requestSession line: 2');
INSERT INTO ACT_AI
	VALUES ("ddd2408c-fef7-44f3-bb7e-1f91a02edd7c",
	"36543f24-26a3-4c19-ae9a-bcec617c4863",
	"56e170a7-e5fa-4108-aabc-68ff232918be",
	0,
	0);
INSERT INTO ACT_SMT
	VALUES ("52962462-6998-4a84-b987-bc2696fd468d",
	"87ad86f8-e283-46f3-9ab8-4f8e65d25253",
	"530fff1f-9196-4337-b42c-9cb0e15f7ba4",
	3,
	1,
	'SimpleTest::requestSession line: 3');
INSERT INTO ACT_AI
	VALUES ("52962462-6998-4a84-b987-bc2696fd468d",
	"d2709c05-296c-40ff-86a4-8fd38328eab9",
	"95a67c49-3b53-49c3-8fee-ebd89bed0ab4",
	0,
	0);
INSERT INTO ACT_SMT
	VALUES ("530fff1f-9196-4337-b42c-9cb0e15f7ba4",
	"87ad86f8-e283-46f3-9ab8-4f8e65d25253",
	"c14421d1-e597-4988-b712-73a9bd262e47",
	4,
	1,
	'SimpleTest::requestSession line: 4');
INSERT INTO ACT_AI
	VALUES ("530fff1f-9196-4337-b42c-9cb0e15f7ba4",
	"75e0236f-be5b-4790-b9ab-3660fa1dc040",
	"20e81bc6-a3b6-4b38-9b77-e49396763137",
	0,
	0);
INSERT INTO ACT_SMT
	VALUES ("c14421d1-e597-4988-b712-73a9bd262e47",
	"87ad86f8-e283-46f3-9ab8-4f8e65d25253",
	"00000000-0000-0000-0000-000000000000",
	6,
	1,
	'SimpleTest::requestSession line: 6');
INSERT INTO ACT_SGN
	VALUES ("c14421d1-e597-4988-b712-73a9bd262e47",
	6,
	23,
	6,
	6,
	"00000000-0000-0000-0000-000000000000",
	"4008216b-9430-4340-b497-4f91f4977fec",
	"00000000-0000-0000-0000-000000000000");
INSERT INTO V_VAL
	VALUES ("48f529bf-b50f-4734-9896-803ad7f7a511",
	0,
	0,
	1,
	23,
	65,
	0,
	0,
	0,
	0,
	"ba5eda7a-def5-0000-0000-000000000004",
	"87ad86f8-e283-46f3-9ab8-4f8e65d25253");
INSERT INTO V_LST
	VALUES ("48f529bf-b50f-4734-9896-803ad7f7a511",
	'Starting simple test... requesting session');
INSERT INTO V_PAR
	VALUES ("48f529bf-b50f-4734-9896-803ad7f7a511",
	"59b3ce24-bc4e-44b9-b598-9773770c86e4",
	"00000000-0000-0000-0000-000000000000",
	'message',
	"00000000-0000-0000-0000-000000000000",
	1,
	14);
INSERT INTO V_VAL
	VALUES ("e475aadc-8b37-479c-ad18-bbbac453b2ff",
	1,
	0,
	2,
	1,
	4,
	0,
	0,
	0,
	0,
	"9db8c033-ff94-41f2-bd5c-36e5cdae0e4b",
	"87ad86f8-e283-46f3-9ab8-4f8e65d25253");
INSERT INTO V_IRF
	VALUES ("e475aadc-8b37-479c-ad18-bbbac453b2ff",
	"f2068971-b5ed-4af3-bebf-32ddbd8c1e8f");
INSERT INTO V_VAL
	VALUES ("56e170a7-e5fa-4108-aabc-68ff232918be",
	1,
	0,
	2,
	6,
	16,
	0,
	0,
	0,
	0,
	"ba5eda7a-def5-0000-0000-000000000002",
	"87ad86f8-e283-46f3-9ab8-4f8e65d25253");
INSERT INTO V_AVL
	VALUES ("56e170a7-e5fa-4108-aabc-68ff232918be",
	"e475aadc-8b37-479c-ad18-bbbac453b2ff",
	"6daee5e1-aefd-49c8-b18d-234fb0eb1928",
	"aba71a03-0b8d-483b-a010-98e1110307e9");
INSERT INTO V_VAL
	VALUES ("36543f24-26a3-4c19-ae9a-bcec617c4863",
	0,
	0,
	2,
	29,
	39,
	0,
	0,
	0,
	0,
	"ba5eda7a-def5-0000-0000-000000000002",
	"87ad86f8-e283-46f3-9ab8-4f8e65d25253");
INSERT INTO V_EDV
	VALUES ("36543f24-26a3-4c19-ae9a-bcec617c4863");
INSERT INTO V_EPR
	VALUES ("36543f24-26a3-4c19-ae9a-bcec617c4863",
	"ff73a57e-de54-43da-89b9-7fc18e7e85a5",
	"9f777d81-28c8-4dc2-869b-a98bc7abfa52",
	"00000000-0000-0000-0000-000000000000");
INSERT INTO V_VAL
	VALUES ("fbb41670-acab-4412-831a-7bfab0d78b5c",
	1,
	0,
	3,
	1,
	4,
	0,
	0,
	0,
	0,
	"9db8c033-ff94-41f2-bd5c-36e5cdae0e4b",
	"87ad86f8-e283-46f3-9ab8-4f8e65d25253");
INSERT INTO V_IRF
	VALUES ("fbb41670-acab-4412-831a-7bfab0d78b5c",
	"f2068971-b5ed-4af3-bebf-32ddbd8c1e8f");
INSERT INTO V_VAL
	VALUES ("95a67c49-3b53-49c3-8fee-ebd89bed0ab4",
	1,
	0,
	3,
	6,
	13,
	0,
	0,
	0,
	0,
	"ba5eda7a-def5-0000-0000-00000000000e",
	"87ad86f8-e283-46f3-9ab8-4f8e65d25253");
INSERT INTO V_AVL
	VALUES ("95a67c49-3b53-49c3-8fee-ebd89bed0ab4",
	"fbb41670-acab-4412-831a-7bfab0d78b5c",
	"6daee5e1-aefd-49c8-b18d-234fb0eb1928",
	"c13308d1-b6ac-4eda-800e-16c710f72409");
INSERT INTO V_VAL
	VALUES ("d2709c05-296c-40ff-86a4-8fd38328eab9",
	0,
	0,
	3,
	23,
	30,
	0,
	0,
	0,
	0,
	"ba5eda7a-def5-0000-0000-00000000000e",
	"87ad86f8-e283-46f3-9ab8-4f8e65d25253");
INSERT INTO V_EDV
	VALUES ("d2709c05-296c-40ff-86a4-8fd38328eab9");
INSERT INTO V_EPR
	VALUES ("d2709c05-296c-40ff-86a4-8fd38328eab9",
	"ff73a57e-de54-43da-89b9-7fc18e7e85a5",
	"37b76012-8c26-4cab-96fa-88f20fd0f56b",
	"00000000-0000-0000-0000-000000000000");
INSERT INTO V_VAL
	VALUES ("64ad7284-b4d3-4f68-9453-31e56537db46",
	1,
	0,
	4,
	1,
	4,
	0,
	0,
	0,
	0,
	"9db8c033-ff94-41f2-bd5c-36e5cdae0e4b",
	"87ad86f8-e283-46f3-9ab8-4f8e65d25253");
INSERT INTO V_IRF
	VALUES ("64ad7284-b4d3-4f68-9453-31e56537db46",
	"f2068971-b5ed-4af3-bebf-32ddbd8c1e8f");
INSERT INTO V_VAL
	VALUES ("20e81bc6-a3b6-4b38-9b77-e49396763137",
	1,
	0,
	4,
	6,
	11,
	0,
	0,
	0,
	0,
	"ba5eda7a-def5-0000-0000-00000000000e",
	"87ad86f8-e283-46f3-9ab8-4f8e65d25253");
INSERT INTO V_AVL
	VALUES ("20e81bc6-a3b6-4b38-9b77-e49396763137",
	"64ad7284-b4d3-4f68-9453-31e56537db46",
	"6daee5e1-aefd-49c8-b18d-234fb0eb1928",
	"1e7a9360-ac85-4bab-8dd7-5cd856eb8306");
INSERT INTO V_VAL
	VALUES ("75e0236f-be5b-4790-b9ab-3660fa1dc040",
	0,
	0,
	4,
	21,
	26,
	0,
	0,
	0,
	0,
	"ba5eda7a-def5-0000-0000-00000000000e",
	"87ad86f8-e283-46f3-9ab8-4f8e65d25253");
INSERT INTO V_EDV
	VALUES ("75e0236f-be5b-4790-b9ab-3660fa1dc040");
INSERT INTO V_EPR
	VALUES ("75e0236f-be5b-4790-b9ab-3660fa1dc040",
	"ff73a57e-de54-43da-89b9-7fc18e7e85a5",
	"bf8aafa0-e9e0-4667-aba0-cf6ab6f69282",
	"00000000-0000-0000-0000-000000000000");
INSERT INTO V_VAR
	VALUES ("f2068971-b5ed-4af3-bebf-32ddbd8c1e8f",
	"87ad86f8-e283-46f3-9ab8-4f8e65d25253",
	'self',
	1,
	"9db8c033-ff94-41f2-bd5c-36e5cdae0e4b");
INSERT INTO V_INT
	VALUES ("f2068971-b5ed-4af3-bebf-32ddbd8c1e8f",
	0,
	"6daee5e1-aefd-49c8-b18d-234fb0eb1928");
INSERT INTO V_LOC
	VALUES ("8e59648d-085b-4587-a430-63e245319da2",
	2,
	1,
	4,
	"f2068971-b5ed-4af3-bebf-32ddbd8c1e8f");
INSERT INTO V_LOC
	VALUES ("de7dc3cd-1839-4171-a4f8-f88530701cf8",
	3,
	1,
	4,
	"f2068971-b5ed-4af3-bebf-32ddbd8c1e8f");
INSERT INTO V_LOC
	VALUES ("4e0c7b1e-a25b-4add-b424-1fc7814a0683",
	4,
	1,
	4,
	"f2068971-b5ed-4af3-bebf-32ddbd8c1e8f");
INSERT INTO SM_STATE
	VALUES ("8fac4aec-97cb-4a48-8f6e-ef08889c723a",
	"ff73a57e-de54-43da-89b9-7fc18e7e85a5",
	"00000000-0000-0000-0000-000000000000",
	'requestAvailableBookables',
	3,
	0);
INSERT INTO SM_CH
	VALUES ("8fac4aec-97cb-4a48-8f6e-ef08889c723a",
	"571ae000-303e-4af6-9350-7f3c94749e60",
	"ff73a57e-de54-43da-89b9-7fc18e7e85a5",
	"00000000-0000-0000-0000-000000000000",
	'');
INSERT INTO SM_SEME
	VALUES ("8fac4aec-97cb-4a48-8f6e-ef08889c723a",
	"571ae000-303e-4af6-9350-7f3c94749e60",
	"ff73a57e-de54-43da-89b9-7fc18e7e85a5",
	"00000000-0000-0000-0000-000000000000");
INSERT INTO SM_CH
	VALUES ("8fac4aec-97cb-4a48-8f6e-ef08889c723a",
	"2a21dfc2-cf8a-496d-91fa-d6cd6995d113",
	"ff73a57e-de54-43da-89b9-7fc18e7e85a5",
	"00000000-0000-0000-0000-000000000000",
	'');
INSERT INTO SM_SEME
	VALUES ("8fac4aec-97cb-4a48-8f6e-ef08889c723a",
	"2a21dfc2-cf8a-496d-91fa-d6cd6995d113",
	"ff73a57e-de54-43da-89b9-7fc18e7e85a5",
	"00000000-0000-0000-0000-000000000000");
INSERT INTO SM_SEME
	VALUES ("8fac4aec-97cb-4a48-8f6e-ef08889c723a",
	"eb6c99e7-c09f-4c32-96ec-e77623146056",
	"ff73a57e-de54-43da-89b9-7fc18e7e85a5",
	"00000000-0000-0000-0000-000000000000");
INSERT INTO SM_CH
	VALUES ("8fac4aec-97cb-4a48-8f6e-ef08889c723a",
	"e60d8278-0abd-4435-be30-5fb8266237ab",
	"ff73a57e-de54-43da-89b9-7fc18e7e85a5",
	"00000000-0000-0000-0000-000000000000",
	'');
INSERT INTO SM_SEME
	VALUES ("8fac4aec-97cb-4a48-8f6e-ef08889c723a",
	"e60d8278-0abd-4435-be30-5fb8266237ab",
	"ff73a57e-de54-43da-89b9-7fc18e7e85a5",
	"00000000-0000-0000-0000-000000000000");
INSERT INTO SM_SEME
	VALUES ("8fac4aec-97cb-4a48-8f6e-ef08889c723a",
	"a8d07c15-c55f-45d9-899b-3d15c92b3882",
	"ff73a57e-de54-43da-89b9-7fc18e7e85a5",
	"00000000-0000-0000-0000-000000000000");
INSERT INTO SM_CH
	VALUES ("8fac4aec-97cb-4a48-8f6e-ef08889c723a",
	"b215e1a1-e928-44a2-b827-815cde5d4b84",
	"ff73a57e-de54-43da-89b9-7fc18e7e85a5",
	"00000000-0000-0000-0000-000000000000",
	'');
INSERT INTO SM_SEME
	VALUES ("8fac4aec-97cb-4a48-8f6e-ef08889c723a",
	"b215e1a1-e928-44a2-b827-815cde5d4b84",
	"ff73a57e-de54-43da-89b9-7fc18e7e85a5",
	"00000000-0000-0000-0000-000000000000");
INSERT INTO SM_SEME
	VALUES ("8fac4aec-97cb-4a48-8f6e-ef08889c723a",
	"db689256-8056-41cd-abf0-1804a111281b",
	"ff73a57e-de54-43da-89b9-7fc18e7e85a5",
	"00000000-0000-0000-0000-000000000000");
INSERT INTO SM_MOAH
	VALUES ("e12e3fe8-5c7c-4fbf-8611-5a11885ce338",
	"ff73a57e-de54-43da-89b9-7fc18e7e85a5",
	"8fac4aec-97cb-4a48-8f6e-ef08889c723a");
INSERT INTO SM_AH
	VALUES ("e12e3fe8-5c7c-4fbf-8611-5a11885ce338",
	"ff73a57e-de54-43da-89b9-7fc18e7e85a5");
INSERT INTO SM_ACT
	VALUES ("e12e3fe8-5c7c-4fbf-8611-5a11885ce338",
	"ff73a57e-de54-43da-89b9-7fc18e7e85a5",
	1,
	'LOG::LogInfo(message: "Session recieved");
self.sessionID = param.sessionID;
self.bookingNumber = param.bookingNumber;

LOG::LogInfo(message: "Requesting available bookables...");
send BookingProvider::requestAvailableBookables(sessionID: self.sessionID,
												fromDate: self.fromDate,
												toDate: self.toDate); 
												',
	'');
INSERT INTO ACT_SAB
	VALUES ("9ab6a2bc-6680-481b-8590-7c7fdb39771c",
	"ff73a57e-de54-43da-89b9-7fc18e7e85a5",
	"e12e3fe8-5c7c-4fbf-8611-5a11885ce338");
INSERT INTO ACT_ACT
	VALUES ("9ab6a2bc-6680-481b-8590-7c7fdb39771c",
	'state',
	0,
	"866e656e-e1ad-4883-bdaa-a741c3d6048e",
	"00000000-0000-0000-0000-000000000000",
	0,
	'SimpleTest::requestAvailableBookables',
	"00000000-0000-0000-0000-000000000000");
INSERT INTO ACT_BLK
	VALUES ("866e656e-e1ad-4883-bdaa-a741c3d6048e",
	0,
	0,
	0,
	'BookingProvider',
	'',
	'',
	6,
	1,
	6,
	6,
	0,
	0,
	0,
	0,
	0,
	0,
	0,
	0,
	0,
	"9ab6a2bc-6680-481b-8590-7c7fdb39771c",
	"00000000-0000-0000-0000-000000000000");
INSERT INTO ACT_SMT
	VALUES ("72cf6215-54fe-4eee-b8e4-f211d52edbba",
	"866e656e-e1ad-4883-bdaa-a741c3d6048e",
	"822d23da-6e90-4703-8555-adee44bb7991",
	1,
	1,
	'SimpleTest::requestAvailableBookables line: 1');
INSERT INTO ACT_BRG
	VALUES ("72cf6215-54fe-4eee-b8e4-f211d52edbba",
	"768e1cca-7403-495c-9b22-afd11a473eb6",
	1,
	6,
	1,
	1);
INSERT INTO ACT_SMT
	VALUES ("822d23da-6e90-4703-8555-adee44bb7991",
	"866e656e-e1ad-4883-bdaa-a741c3d6048e",
	"11780025-f1b9-48da-9f17-ec3bc9d23eb8",
	2,
	1,
	'SimpleTest::requestAvailableBookables line: 2');
INSERT INTO ACT_AI
	VALUES ("822d23da-6e90-4703-8555-adee44bb7991",
	"b6d48a0a-0b80-4d38-a033-90c0f62c48c0",
	"d7d65700-3f57-4214-9338-79371bcd19db",
	0,
	0);
INSERT INTO ACT_SMT
	VALUES ("11780025-f1b9-48da-9f17-ec3bc9d23eb8",
	"866e656e-e1ad-4883-bdaa-a741c3d6048e",
	"4cd9f0bf-0f78-465d-9491-952e91be9840",
	3,
	1,
	'SimpleTest::requestAvailableBookables line: 3');
INSERT INTO ACT_AI
	VALUES ("11780025-f1b9-48da-9f17-ec3bc9d23eb8",
	"807b5414-14ab-4d70-8183-c869adcf7e08",
	"9c4f92ce-ed82-43dd-8051-0f73be569816",
	0,
	0);
INSERT INTO ACT_SMT
	VALUES ("4cd9f0bf-0f78-465d-9491-952e91be9840",
	"866e656e-e1ad-4883-bdaa-a741c3d6048e",
	"a78ffc3e-6311-4b64-97bc-6a1ff0c06942",
	5,
	1,
	'SimpleTest::requestAvailableBookables line: 5');
INSERT INTO ACT_BRG
	VALUES ("4cd9f0bf-0f78-465d-9491-952e91be9840",
	"768e1cca-7403-495c-9b22-afd11a473eb6",
	5,
	6,
	5,
	1);
INSERT INTO ACT_SMT
	VALUES ("a78ffc3e-6311-4b64-97bc-6a1ff0c06942",
	"866e656e-e1ad-4883-bdaa-a741c3d6048e",
	"00000000-0000-0000-0000-000000000000",
	6,
	1,
	'SimpleTest::requestAvailableBookables line: 6');
INSERT INTO ACT_SGN
	VALUES ("a78ffc3e-6311-4b64-97bc-6a1ff0c06942",
	6,
	23,
	6,
	6,
	"00000000-0000-0000-0000-000000000000",
	"0f4f0c74-9081-4693-8692-8e7887366c52",
	"00000000-0000-0000-0000-000000000000");
INSERT INTO V_VAL
	VALUES ("6484a11e-bcbd-4821-8677-147599adbe81",
	0,
	0,
	1,
	23,
	39,
	0,
	0,
	0,
	0,
	"ba5eda7a-def5-0000-0000-000000000004",
	"866e656e-e1ad-4883-bdaa-a741c3d6048e");
INSERT INTO V_LST
	VALUES ("6484a11e-bcbd-4821-8677-147599adbe81",
	'Session recieved');
INSERT INTO V_PAR
	VALUES ("6484a11e-bcbd-4821-8677-147599adbe81",
	"72cf6215-54fe-4eee-b8e4-f211d52edbba",
	"00000000-0000-0000-0000-000000000000",
	'message',
	"00000000-0000-0000-0000-000000000000",
	1,
	14);
INSERT INTO V_VAL
	VALUES ("6273a3ce-f7ce-44b7-9ef7-54145320aa1a",
	1,
	0,
	2,
	1,
	4,
	0,
	0,
	0,
	0,
	"9db8c033-ff94-41f2-bd5c-36e5cdae0e4b",
	"866e656e-e1ad-4883-bdaa-a741c3d6048e");
INSERT INTO V_IRF
	VALUES ("6273a3ce-f7ce-44b7-9ef7-54145320aa1a",
	"66475f5b-f20d-4303-a7cc-9aadf7e4baf0");
INSERT INTO V_VAL
	VALUES ("d7d65700-3f57-4214-9338-79371bcd19db",
	1,
	0,
	2,
	6,
	14,
	0,
	0,
	0,
	0,
	"ba5eda7a-def5-0000-0000-000000000005",
	"866e656e-e1ad-4883-bdaa-a741c3d6048e");
INSERT INTO V_AVL
	VALUES ("d7d65700-3f57-4214-9338-79371bcd19db",
	"6273a3ce-f7ce-44b7-9ef7-54145320aa1a",
	"6daee5e1-aefd-49c8-b18d-234fb0eb1928",
	"10645a6f-534c-4e7d-84b2-77d94f3125c4");
INSERT INTO V_VAL
	VALUES ("b6d48a0a-0b80-4d38-a033-90c0f62c48c0",
	0,
	0,
	2,
	24,
	32,
	0,
	0,
	0,
	0,
	"ba5eda7a-def5-0000-0000-000000000005",
	"866e656e-e1ad-4883-bdaa-a741c3d6048e");
INSERT INTO V_EDV
	VALUES ("b6d48a0a-0b80-4d38-a033-90c0f62c48c0");
INSERT INTO V_EPR
	VALUES ("b6d48a0a-0b80-4d38-a033-90c0f62c48c0",
	"ff73a57e-de54-43da-89b9-7fc18e7e85a5",
	"cf45ac62-45f1-44bc-b7a3-c755aacea2a2",
	"00000000-0000-0000-0000-000000000000");
INSERT INTO V_VAL
	VALUES ("377589dc-79f7-4fff-a2ac-02a291f26ef0",
	1,
	0,
	3,
	1,
	4,
	0,
	0,
	0,
	0,
	"9db8c033-ff94-41f2-bd5c-36e5cdae0e4b",
	"866e656e-e1ad-4883-bdaa-a741c3d6048e");
INSERT INTO V_IRF
	VALUES ("377589dc-79f7-4fff-a2ac-02a291f26ef0",
	"66475f5b-f20d-4303-a7cc-9aadf7e4baf0");
INSERT INTO V_VAL
	VALUES ("9c4f92ce-ed82-43dd-8051-0f73be569816",
	1,
	0,
	3,
	6,
	18,
	0,
	0,
	0,
	0,
	"ba5eda7a-def5-0000-0000-000000000005",
	"866e656e-e1ad-4883-bdaa-a741c3d6048e");
INSERT INTO V_AVL
	VALUES ("9c4f92ce-ed82-43dd-8051-0f73be569816",
	"377589dc-79f7-4fff-a2ac-02a291f26ef0",
	"6daee5e1-aefd-49c8-b18d-234fb0eb1928",
	"77000cab-0612-4e4f-84c3-348ad71a5fed");
INSERT INTO V_VAL
	VALUES ("807b5414-14ab-4d70-8183-c869adcf7e08",
	0,
	0,
	3,
	28,
	40,
	0,
	0,
	0,
	0,
	"ba5eda7a-def5-0000-0000-000000000005",
	"866e656e-e1ad-4883-bdaa-a741c3d6048e");
INSERT INTO V_EDV
	VALUES ("807b5414-14ab-4d70-8183-c869adcf7e08");
INSERT INTO V_EPR
	VALUES ("807b5414-14ab-4d70-8183-c869adcf7e08",
	"ff73a57e-de54-43da-89b9-7fc18e7e85a5",
	"5c347094-0c57-4230-873c-144361e3bd3b",
	"00000000-0000-0000-0000-000000000000");
INSERT INTO V_VAL
	VALUES ("aacf169b-e162-40d7-adec-162bf236281d",
	0,
	0,
	5,
	23,
	56,
	0,
	0,
	0,
	0,
	"ba5eda7a-def5-0000-0000-000000000004",
	"866e656e-e1ad-4883-bdaa-a741c3d6048e");
INSERT INTO V_LST
	VALUES ("aacf169b-e162-40d7-adec-162bf236281d",
	'Requesting available bookables...');
INSERT INTO V_PAR
	VALUES ("aacf169b-e162-40d7-adec-162bf236281d",
	"4cd9f0bf-0f78-465d-9491-952e91be9840",
	"00000000-0000-0000-0000-000000000000",
	'message',
	"00000000-0000-0000-0000-000000000000",
	5,
	14);
INSERT INTO V_VAL
	VALUES ("4f50bf20-5b86-49e8-8d0c-84cf3ab086e2",
	0,
	0,
	6,
	60,
	63,
	0,
	0,
	0,
	0,
	"9db8c033-ff94-41f2-bd5c-36e5cdae0e4b",
	"866e656e-e1ad-4883-bdaa-a741c3d6048e");
INSERT INTO V_IRF
	VALUES ("4f50bf20-5b86-49e8-8d0c-84cf3ab086e2",
	"66475f5b-f20d-4303-a7cc-9aadf7e4baf0");
INSERT INTO V_VAL
	VALUES ("2ea4d6a4-d081-4e44-8289-de68c92f3b76",
	0,
	0,
	6,
	65,
	73,
	0,
	0,
	0,
	0,
	"ba5eda7a-def5-0000-0000-000000000005",
	"866e656e-e1ad-4883-bdaa-a741c3d6048e");
INSERT INTO V_AVL
	VALUES ("2ea4d6a4-d081-4e44-8289-de68c92f3b76",
	"4f50bf20-5b86-49e8-8d0c-84cf3ab086e2",
	"6daee5e1-aefd-49c8-b18d-234fb0eb1928",
	"10645a6f-534c-4e7d-84b2-77d94f3125c4");
INSERT INTO V_PAR
	VALUES ("2ea4d6a4-d081-4e44-8289-de68c92f3b76",
	"a78ffc3e-6311-4b64-97bc-6a1ff0c06942",
	"00000000-0000-0000-0000-000000000000",
	'sessionID',
	"60bb2bb8-752e-4508-a747-a83bcdb2ee2f",
	6,
	49);
INSERT INTO V_VAL
	VALUES ("bd8eeb1c-120c-4164-adfe-847f652ec51f",
	0,
	0,
	7,
	23,
	26,
	0,
	0,
	0,
	0,
	"9db8c033-ff94-41f2-bd5c-36e5cdae0e4b",
	"866e656e-e1ad-4883-bdaa-a741c3d6048e");
INSERT INTO V_IRF
	VALUES ("bd8eeb1c-120c-4164-adfe-847f652ec51f",
	"66475f5b-f20d-4303-a7cc-9aadf7e4baf0");
INSERT INTO V_VAL
	VALUES ("60bb2bb8-752e-4508-a747-a83bcdb2ee2f",
	0,
	0,
	7,
	28,
	35,
	0,
	0,
	0,
	0,
	"ba5eda7a-def5-0000-0000-00000000000e",
	"866e656e-e1ad-4883-bdaa-a741c3d6048e");
INSERT INTO V_AVL
	VALUES ("60bb2bb8-752e-4508-a747-a83bcdb2ee2f",
	"bd8eeb1c-120c-4164-adfe-847f652ec51f",
	"6daee5e1-aefd-49c8-b18d-234fb0eb1928",
	"c13308d1-b6ac-4eda-800e-16c710f72409");
INSERT INTO V_PAR
	VALUES ("60bb2bb8-752e-4508-a747-a83bcdb2ee2f",
	"a78ffc3e-6311-4b64-97bc-6a1ff0c06942",
	"00000000-0000-0000-0000-000000000000",
	'fromDate',
	"2c5e2d69-0aa9-4e71-8428-54542306bc67",
	7,
	13);
INSERT INTO V_VAL
	VALUES ("fe6c84f0-37f4-49e0-af19-118979cd8a73",
	0,
	0,
	8,
	21,
	24,
	0,
	0,
	0,
	0,
	"9db8c033-ff94-41f2-bd5c-36e5cdae0e4b",
	"866e656e-e1ad-4883-bdaa-a741c3d6048e");
INSERT INTO V_IRF
	VALUES ("fe6c84f0-37f4-49e0-af19-118979cd8a73",
	"66475f5b-f20d-4303-a7cc-9aadf7e4baf0");
INSERT INTO V_VAL
	VALUES ("2c5e2d69-0aa9-4e71-8428-54542306bc67",
	0,
	0,
	8,
	26,
	31,
	0,
	0,
	0,
	0,
	"ba5eda7a-def5-0000-0000-00000000000e",
	"866e656e-e1ad-4883-bdaa-a741c3d6048e");
INSERT INTO V_AVL
	VALUES ("2c5e2d69-0aa9-4e71-8428-54542306bc67",
	"fe6c84f0-37f4-49e0-af19-118979cd8a73",
	"6daee5e1-aefd-49c8-b18d-234fb0eb1928",
	"1e7a9360-ac85-4bab-8dd7-5cd856eb8306");
INSERT INTO V_PAR
	VALUES ("2c5e2d69-0aa9-4e71-8428-54542306bc67",
	"a78ffc3e-6311-4b64-97bc-6a1ff0c06942",
	"00000000-0000-0000-0000-000000000000",
	'toDate',
	"00000000-0000-0000-0000-000000000000",
	8,
	13);
INSERT INTO V_VAR
	VALUES ("66475f5b-f20d-4303-a7cc-9aadf7e4baf0",
	"866e656e-e1ad-4883-bdaa-a741c3d6048e",
	'self',
	1,
	"9db8c033-ff94-41f2-bd5c-36e5cdae0e4b");
INSERT INTO V_INT
	VALUES ("66475f5b-f20d-4303-a7cc-9aadf7e4baf0",
	0,
	"6daee5e1-aefd-49c8-b18d-234fb0eb1928");
INSERT INTO V_LOC
	VALUES ("17c21902-a0b8-478f-8e13-9cc2e670a704",
	2,
	1,
	4,
	"66475f5b-f20d-4303-a7cc-9aadf7e4baf0");
INSERT INTO V_LOC
	VALUES ("4635add8-5f09-4ac1-9ebf-ed48b2027f71",
	3,
	1,
	4,
	"66475f5b-f20d-4303-a7cc-9aadf7e4baf0");
INSERT INTO V_LOC
	VALUES ("66b4fe1c-4066-4235-8da0-781f4f3d7929",
	6,
	60,
	63,
	"66475f5b-f20d-4303-a7cc-9aadf7e4baf0");
INSERT INTO V_LOC
	VALUES ("8a6517cc-9ef5-4216-889b-7ad6a6083861",
	7,
	23,
	26,
	"66475f5b-f20d-4303-a7cc-9aadf7e4baf0");
INSERT INTO V_LOC
	VALUES ("b38618cf-78d4-4732-98e7-f94589675c1a",
	8,
	21,
	24,
	"66475f5b-f20d-4303-a7cc-9aadf7e4baf0");
INSERT INTO SM_STATE
	VALUES ("45a31318-cb77-4398-871f-6d0d356015c3",
	"ff73a57e-de54-43da-89b9-7fc18e7e85a5",
	"00000000-0000-0000-0000-000000000000",
	'selectRooms',
	4,
	0);
INSERT INTO SM_CH
	VALUES ("45a31318-cb77-4398-871f-6d0d356015c3",
	"571ae000-303e-4af6-9350-7f3c94749e60",
	"ff73a57e-de54-43da-89b9-7fc18e7e85a5",
	"00000000-0000-0000-0000-000000000000",
	'');
INSERT INTO SM_SEME
	VALUES ("45a31318-cb77-4398-871f-6d0d356015c3",
	"571ae000-303e-4af6-9350-7f3c94749e60",
	"ff73a57e-de54-43da-89b9-7fc18e7e85a5",
	"00000000-0000-0000-0000-000000000000");
INSERT INTO SM_CH
	VALUES ("45a31318-cb77-4398-871f-6d0d356015c3",
	"2a21dfc2-cf8a-496d-91fa-d6cd6995d113",
	"ff73a57e-de54-43da-89b9-7fc18e7e85a5",
	"00000000-0000-0000-0000-000000000000",
	'');
INSERT INTO SM_SEME
	VALUES ("45a31318-cb77-4398-871f-6d0d356015c3",
	"2a21dfc2-cf8a-496d-91fa-d6cd6995d113",
	"ff73a57e-de54-43da-89b9-7fc18e7e85a5",
	"00000000-0000-0000-0000-000000000000");
INSERT INTO SM_SEME
	VALUES ("45a31318-cb77-4398-871f-6d0d356015c3",
	"eb6c99e7-c09f-4c32-96ec-e77623146056",
	"ff73a57e-de54-43da-89b9-7fc18e7e85a5",
	"00000000-0000-0000-0000-000000000000");
INSERT INTO SM_CH
	VALUES ("45a31318-cb77-4398-871f-6d0d356015c3",
	"e60d8278-0abd-4435-be30-5fb8266237ab",
	"ff73a57e-de54-43da-89b9-7fc18e7e85a5",
	"00000000-0000-0000-0000-000000000000",
	'');
INSERT INTO SM_SEME
	VALUES ("45a31318-cb77-4398-871f-6d0d356015c3",
	"e60d8278-0abd-4435-be30-5fb8266237ab",
	"ff73a57e-de54-43da-89b9-7fc18e7e85a5",
	"00000000-0000-0000-0000-000000000000");
INSERT INTO SM_SEME
	VALUES ("45a31318-cb77-4398-871f-6d0d356015c3",
	"a8d07c15-c55f-45d9-899b-3d15c92b3882",
	"ff73a57e-de54-43da-89b9-7fc18e7e85a5",
	"00000000-0000-0000-0000-000000000000");
INSERT INTO SM_SEME
	VALUES ("45a31318-cb77-4398-871f-6d0d356015c3",
	"b215e1a1-e928-44a2-b827-815cde5d4b84",
	"ff73a57e-de54-43da-89b9-7fc18e7e85a5",
	"00000000-0000-0000-0000-000000000000");
INSERT INTO SM_CH
	VALUES ("45a31318-cb77-4398-871f-6d0d356015c3",
	"db689256-8056-41cd-abf0-1804a111281b",
	"ff73a57e-de54-43da-89b9-7fc18e7e85a5",
	"00000000-0000-0000-0000-000000000000",
	'');
INSERT INTO SM_SEME
	VALUES ("45a31318-cb77-4398-871f-6d0d356015c3",
	"db689256-8056-41cd-abf0-1804a111281b",
	"ff73a57e-de54-43da-89b9-7fc18e7e85a5",
	"00000000-0000-0000-0000-000000000000");
INSERT INTO SM_MOAH
	VALUES ("bae9a788-8cc5-4574-a62e-698711a495dc",
	"ff73a57e-de54-43da-89b9-7fc18e7e85a5",
	"45a31318-cb77-4398-871f-6d0d356015c3");
INSERT INTO SM_AH
	VALUES ("bae9a788-8cc5-4574-a62e-698711a495dc",
	"ff73a57e-de54-43da-89b9-7fc18e7e85a5");
INSERT INTO SM_ACT
	VALUES ("bae9a788-8cc5-4574-a62e-698711a495dc",
	"ff73a57e-de54-43da-89b9-7fc18e7e85a5",
	1,
	'LOG::LogInfo(message: "UC selectRooms: Received available, selecting...");

id = rcvd_evt.id;

if (id == self.desiredType)
	LOG::LogInteger(message: id);
	generate SIMPLETEST6:foundDesiredRoomEvent to self;
end if;',
	'');
INSERT INTO ACT_SAB
	VALUES ("197702da-8e1e-4da1-803f-0d98a21b0aca",
	"ff73a57e-de54-43da-89b9-7fc18e7e85a5",
	"bae9a788-8cc5-4574-a62e-698711a495dc");
INSERT INTO ACT_ACT
	VALUES ("197702da-8e1e-4da1-803f-0d98a21b0aca",
	'state',
	0,
	"ee698b30-4cd5-4ff0-bb09-267f1bd27602",
	"00000000-0000-0000-0000-000000000000",
	0,
	'SimpleTest::selectRooms',
	"00000000-0000-0000-0000-000000000000");
INSERT INTO ACT_BLK
	VALUES ("ee698b30-4cd5-4ff0-bb09-267f1bd27602",
	0,
	0,
	0,
	'LOG',
	'',
	'',
	5,
	1,
	1,
	1,
	0,
	0,
	0,
	0,
	0,
	0,
	0,
	0,
	0,
	"197702da-8e1e-4da1-803f-0d98a21b0aca",
	"00000000-0000-0000-0000-000000000000");
INSERT INTO ACT_SMT
	VALUES ("bb56d780-539a-4e8f-b7c0-8f4057a6b21a",
	"ee698b30-4cd5-4ff0-bb09-267f1bd27602",
	"9b66259e-45da-40d2-8edf-5d440d7c774b",
	1,
	1,
	'SimpleTest::selectRooms line: 1');
INSERT INTO ACT_BRG
	VALUES ("bb56d780-539a-4e8f-b7c0-8f4057a6b21a",
	"768e1cca-7403-495c-9b22-afd11a473eb6",
	1,
	6,
	1,
	1);
INSERT INTO ACT_SMT
	VALUES ("9b66259e-45da-40d2-8edf-5d440d7c774b",
	"ee698b30-4cd5-4ff0-bb09-267f1bd27602",
	"d0c6ab07-f719-459e-9e7c-d8a6d7875d7f",
	3,
	1,
	'SimpleTest::selectRooms line: 3');
INSERT INTO ACT_AI
	VALUES ("9b66259e-45da-40d2-8edf-5d440d7c774b",
	"ff337e34-0b5a-475a-8ca1-00a34d936648",
	"763351a0-3ba0-406a-ad5a-f26b6209b26d",
	0,
	0);
INSERT INTO ACT_SMT
	VALUES ("d0c6ab07-f719-459e-9e7c-d8a6d7875d7f",
	"ee698b30-4cd5-4ff0-bb09-267f1bd27602",
	"00000000-0000-0000-0000-000000000000",
	5,
	1,
	'SimpleTest::selectRooms line: 5');
INSERT INTO ACT_IF
	VALUES ("d0c6ab07-f719-459e-9e7c-d8a6d7875d7f",
	"ae7202a5-c917-49b1-89f1-cc01b5b07b33",
	"e9f44b40-4244-4dc2-89ea-a65bf754d9e5",
	"00000000-0000-0000-0000-000000000000",
	"00000000-0000-0000-0000-000000000000");
INSERT INTO V_VAL
	VALUES ("2b30179e-d8b3-495e-9801-cbf11ced6ee1",
	0,
	0,
	1,
	23,
	71,
	0,
	0,
	0,
	0,
	"ba5eda7a-def5-0000-0000-000000000004",
	"ee698b30-4cd5-4ff0-bb09-267f1bd27602");
INSERT INTO V_LST
	VALUES ("2b30179e-d8b3-495e-9801-cbf11ced6ee1",
	'UC selectRooms: Received available, selecting...');
INSERT INTO V_PAR
	VALUES ("2b30179e-d8b3-495e-9801-cbf11ced6ee1",
	"bb56d780-539a-4e8f-b7c0-8f4057a6b21a",
	"00000000-0000-0000-0000-000000000000",
	'message',
	"00000000-0000-0000-0000-000000000000",
	1,
	14);
INSERT INTO V_VAL
	VALUES ("763351a0-3ba0-406a-ad5a-f26b6209b26d",
	1,
	1,
	3,
	1,
	2,
	0,
	0,
	0,
	0,
	"ba5eda7a-def5-0000-0000-000000000002",
	"ee698b30-4cd5-4ff0-bb09-267f1bd27602");
INSERT INTO V_TVL
	VALUES ("763351a0-3ba0-406a-ad5a-f26b6209b26d",
	"e367d53b-ff24-47eb-8a2d-f970f2a15105");
INSERT INTO V_VAL
	VALUES ("ff337e34-0b5a-475a-8ca1-00a34d936648",
	0,
	0,
	3,
	15,
	16,
	0,
	0,
	0,
	0,
	"ba5eda7a-def5-0000-0000-000000000002",
	"ee698b30-4cd5-4ff0-bb09-267f1bd27602");
INSERT INTO V_EDV
	VALUES ("ff337e34-0b5a-475a-8ca1-00a34d936648");
INSERT INTO V_EPR
	VALUES ("ff337e34-0b5a-475a-8ca1-00a34d936648",
	"ff73a57e-de54-43da-89b9-7fc18e7e85a5",
	"1c77257f-c003-41c6-bb95-b52dae2b9ca2",
	"00000000-0000-0000-0000-000000000000");
INSERT INTO V_EPR
	VALUES ("ff337e34-0b5a-475a-8ca1-00a34d936648",
	"ff73a57e-de54-43da-89b9-7fc18e7e85a5",
	"1c77257f-c003-41c6-bb95-b52dae2b9ca2",
	"00000000-0000-0000-0000-000000000000");
INSERT INTO V_VAL
	VALUES ("4bfc49f7-553c-4512-afbe-06fc2ba57739",
	0,
	0,
	5,
	5,
	6,
	0,
	0,
	0,
	0,
	"ba5eda7a-def5-0000-0000-000000000002",
	"ee698b30-4cd5-4ff0-bb09-267f1bd27602");
INSERT INTO V_TVL
	VALUES ("4bfc49f7-553c-4512-afbe-06fc2ba57739",
	"e367d53b-ff24-47eb-8a2d-f970f2a15105");
INSERT INTO V_VAL
	VALUES ("e9f44b40-4244-4dc2-89ea-a65bf754d9e5",
	0,
	0,
	-1,
	-1,
	-1,
	0,
	0,
	0,
	0,
	"ba5eda7a-def5-0000-0000-000000000001",
	"ee698b30-4cd5-4ff0-bb09-267f1bd27602");
INSERT INTO V_BIN
	VALUES ("e9f44b40-4244-4dc2-89ea-a65bf754d9e5",
	"868b8491-2d06-4db4-9b6b-62caa4ad20f4",
	"4bfc49f7-553c-4512-afbe-06fc2ba57739",
	'==');
INSERT INTO V_VAL
	VALUES ("3d30be4f-824d-4d11-a5c6-d220ed2fc1d7",
	0,
	0,
	5,
	11,
	14,
	0,
	0,
	0,
	0,
	"9db8c033-ff94-41f2-bd5c-36e5cdae0e4b",
	"ee698b30-4cd5-4ff0-bb09-267f1bd27602");
INSERT INTO V_IRF
	VALUES ("3d30be4f-824d-4d11-a5c6-d220ed2fc1d7",
	"7436a583-a8e8-4eba-b0c8-fbcd0fee49ca");
INSERT INTO V_VAL
	VALUES ("868b8491-2d06-4db4-9b6b-62caa4ad20f4",
	0,
	0,
	5,
	16,
	26,
	0,
	0,
	0,
	0,
	"ba5eda7a-def5-0000-0000-000000000002",
	"ee698b30-4cd5-4ff0-bb09-267f1bd27602");
INSERT INTO V_AVL
	VALUES ("868b8491-2d06-4db4-9b6b-62caa4ad20f4",
	"3d30be4f-824d-4d11-a5c6-d220ed2fc1d7",
	"6daee5e1-aefd-49c8-b18d-234fb0eb1928",
	"aba71a03-0b8d-483b-a010-98e1110307e9");
INSERT INTO V_VAR
	VALUES ("e367d53b-ff24-47eb-8a2d-f970f2a15105",
	"ee698b30-4cd5-4ff0-bb09-267f1bd27602",
	'id',
	1,
	"ba5eda7a-def5-0000-0000-000000000002");
INSERT INTO V_TRN
	VALUES ("e367d53b-ff24-47eb-8a2d-f970f2a15105",
	"00000000-0000-0000-0000-000000000000",
	'');
INSERT INTO V_LOC
	VALUES ("faa3cce8-c1ee-4060-b831-3d730d4a3d9a",
	3,
	1,
	2,
	"e367d53b-ff24-47eb-8a2d-f970f2a15105");
INSERT INTO V_LOC
	VALUES ("20df8821-5bc1-4fda-8c80-7c2d59886554",
	5,
	5,
	6,
	"e367d53b-ff24-47eb-8a2d-f970f2a15105");
INSERT INTO V_LOC
	VALUES ("3e180822-66f6-4dac-a46c-03e830ad5cd7",
	6,
	27,
	28,
	"e367d53b-ff24-47eb-8a2d-f970f2a15105");
INSERT INTO V_VAR
	VALUES ("7436a583-a8e8-4eba-b0c8-fbcd0fee49ca",
	"ee698b30-4cd5-4ff0-bb09-267f1bd27602",
	'self',
	1,
	"9db8c033-ff94-41f2-bd5c-36e5cdae0e4b");
INSERT INTO V_INT
	VALUES ("7436a583-a8e8-4eba-b0c8-fbcd0fee49ca",
	0,
	"6daee5e1-aefd-49c8-b18d-234fb0eb1928");
INSERT INTO V_LOC
	VALUES ("b3c9500e-2b6e-4d75-b11a-d805312a79de",
	5,
	11,
	14,
	"7436a583-a8e8-4eba-b0c8-fbcd0fee49ca");
INSERT INTO V_LOC
	VALUES ("31b18cea-3d4f-418b-bd1e-7115cbc997b1",
	7,
	48,
	51,
	"7436a583-a8e8-4eba-b0c8-fbcd0fee49ca");
INSERT INTO ACT_BLK
	VALUES ("ae7202a5-c917-49b1-89f1-cc01b5b07b33",
	0,
	0,
	0,
	'V_VAR.Var_ID',
	'',
	'',
	7,
	2,
	6,
	2,
	0,
	0,
	0,
	0,
	0,
	0,
	0,
	0,
	0,
	"197702da-8e1e-4da1-803f-0d98a21b0aca",
	"00000000-0000-0000-0000-000000000000");
INSERT INTO ACT_SMT
	VALUES ("093250b0-5986-4d4c-9fff-4045404c0cd9",
	"ae7202a5-c917-49b1-89f1-cc01b5b07b33",
	"88abc8ff-faaf-4be3-9d07-57aceaf52441",
	6,
	2,
	'SimpleTest::selectRooms line: 6');
INSERT INTO ACT_BRG
	VALUES ("093250b0-5986-4d4c-9fff-4045404c0cd9",
	"f042e0db-8b5c-46dd-910f-2c376ca7fb93",
	6,
	7,
	6,
	2);
INSERT INTO ACT_SMT
	VALUES ("88abc8ff-faaf-4be3-9d07-57aceaf52441",
	"ae7202a5-c917-49b1-89f1-cc01b5b07b33",
	"00000000-0000-0000-0000-000000000000",
	7,
	2,
	'SimpleTest::selectRooms line: 7');
INSERT INTO E_ESS
	VALUES ("88abc8ff-faaf-4be3-9d07-57aceaf52441",
	1,
	0,
	7,
	11,
	7,
	23,
	6,
	2,
	0,
	0,
	0,
	0);
INSERT INTO E_GES
	VALUES ("88abc8ff-faaf-4be3-9d07-57aceaf52441");
INSERT INTO E_GSME
	VALUES ("88abc8ff-faaf-4be3-9d07-57aceaf52441",
	"b215e1a1-e928-44a2-b827-815cde5d4b84");
INSERT INTO E_GEN
	VALUES ("88abc8ff-faaf-4be3-9d07-57aceaf52441",
	"7436a583-a8e8-4eba-b0c8-fbcd0fee49ca");
INSERT INTO V_VAL
	VALUES ("1fefb4aa-8ead-4c3e-8278-15c092468f81",
	0,
	0,
	6,
	27,
	28,
	0,
	0,
	0,
	0,
	"ba5eda7a-def5-0000-0000-000000000002",
	"ae7202a5-c917-49b1-89f1-cc01b5b07b33");
INSERT INTO V_TVL
	VALUES ("1fefb4aa-8ead-4c3e-8278-15c092468f81",
	"e367d53b-ff24-47eb-8a2d-f970f2a15105");
INSERT INTO V_PAR
	VALUES ("1fefb4aa-8ead-4c3e-8278-15c092468f81",
	"093250b0-5986-4d4c-9fff-4045404c0cd9",
	"00000000-0000-0000-0000-000000000000",
	'message',
	"00000000-0000-0000-0000-000000000000",
	6,
	18);
INSERT INTO SM_STATE
	VALUES ("6945a0b4-8c16-4f77-97c6-756422754215",
	"ff73a57e-de54-43da-89b9-7fc18e7e85a5",
	"00000000-0000-0000-0000-000000000000",
	'addGuest',
	5,
	0);
INSERT INTO SM_CH
	VALUES ("6945a0b4-8c16-4f77-97c6-756422754215",
	"571ae000-303e-4af6-9350-7f3c94749e60",
	"ff73a57e-de54-43da-89b9-7fc18e7e85a5",
	"00000000-0000-0000-0000-000000000000",
	'');
INSERT INTO SM_SEME
	VALUES ("6945a0b4-8c16-4f77-97c6-756422754215",
	"571ae000-303e-4af6-9350-7f3c94749e60",
	"ff73a57e-de54-43da-89b9-7fc18e7e85a5",
	"00000000-0000-0000-0000-000000000000");
INSERT INTO SM_CH
	VALUES ("6945a0b4-8c16-4f77-97c6-756422754215",
	"2a21dfc2-cf8a-496d-91fa-d6cd6995d113",
	"ff73a57e-de54-43da-89b9-7fc18e7e85a5",
	"00000000-0000-0000-0000-000000000000",
	'');
INSERT INTO SM_SEME
	VALUES ("6945a0b4-8c16-4f77-97c6-756422754215",
	"2a21dfc2-cf8a-496d-91fa-d6cd6995d113",
	"ff73a57e-de54-43da-89b9-7fc18e7e85a5",
	"00000000-0000-0000-0000-000000000000");
INSERT INTO SM_CH
	VALUES ("6945a0b4-8c16-4f77-97c6-756422754215",
	"eb6c99e7-c09f-4c32-96ec-e77623146056",
	"ff73a57e-de54-43da-89b9-7fc18e7e85a5",
	"00000000-0000-0000-0000-000000000000",
	'');
INSERT INTO SM_SEME
	VALUES ("6945a0b4-8c16-4f77-97c6-756422754215",
	"eb6c99e7-c09f-4c32-96ec-e77623146056",
	"ff73a57e-de54-43da-89b9-7fc18e7e85a5",
	"00000000-0000-0000-0000-000000000000");
INSERT INTO SM_SEME
	VALUES ("6945a0b4-8c16-4f77-97c6-756422754215",
	"e60d8278-0abd-4435-be30-5fb8266237ab",
	"ff73a57e-de54-43da-89b9-7fc18e7e85a5",
	"00000000-0000-0000-0000-000000000000");
INSERT INTO SM_CH
	VALUES ("6945a0b4-8c16-4f77-97c6-756422754215",
	"a8d07c15-c55f-45d9-899b-3d15c92b3882",
	"ff73a57e-de54-43da-89b9-7fc18e7e85a5",
	"00000000-0000-0000-0000-000000000000",
	'');
INSERT INTO SM_SEME
	VALUES ("6945a0b4-8c16-4f77-97c6-756422754215",
	"a8d07c15-c55f-45d9-899b-3d15c92b3882",
	"ff73a57e-de54-43da-89b9-7fc18e7e85a5",
	"00000000-0000-0000-0000-000000000000");
INSERT INTO SM_CH
	VALUES ("6945a0b4-8c16-4f77-97c6-756422754215",
	"b215e1a1-e928-44a2-b827-815cde5d4b84",
	"ff73a57e-de54-43da-89b9-7fc18e7e85a5",
	"00000000-0000-0000-0000-000000000000",
	'');
INSERT INTO SM_SEME
	VALUES ("6945a0b4-8c16-4f77-97c6-756422754215",
	"b215e1a1-e928-44a2-b827-815cde5d4b84",
	"ff73a57e-de54-43da-89b9-7fc18e7e85a5",
	"00000000-0000-0000-0000-000000000000");
INSERT INTO SM_CH
	VALUES ("6945a0b4-8c16-4f77-97c6-756422754215",
	"db689256-8056-41cd-abf0-1804a111281b",
	"ff73a57e-de54-43da-89b9-7fc18e7e85a5",
	"00000000-0000-0000-0000-000000000000",
	'');
INSERT INTO SM_SEME
	VALUES ("6945a0b4-8c16-4f77-97c6-756422754215",
	"db689256-8056-41cd-abf0-1804a111281b",
	"ff73a57e-de54-43da-89b9-7fc18e7e85a5",
	"00000000-0000-0000-0000-000000000000");
INSERT INTO SM_MOAH
	VALUES ("1a414ab2-0a4d-4f5c-ab3f-50b9736c9a92",
	"ff73a57e-de54-43da-89b9-7fc18e7e85a5",
	"6945a0b4-8c16-4f77-97c6-756422754215");
INSERT INTO SM_AH
	VALUES ("1a414ab2-0a4d-4f5c-ab3f-50b9736c9a92",
	"ff73a57e-de54-43da-89b9-7fc18e7e85a5");
INSERT INTO SM_ACT
	VALUES ("1a414ab2-0a4d-4f5c-ab3f-50b9736c9a92",
	"ff73a57e-de54-43da-89b9-7fc18e7e85a5",
	1,
	'
LOG::LogInfo(message: "UC ST, adding guest");
send BookingProvider::addGuest(sessionID:self.sessionID,
								guestName: "Glenn Goe",
								guestAge: 13);
',
	'');
INSERT INTO ACT_SAB
	VALUES ("b25c38df-5c3b-4db2-ae06-ecf7bbd00cda",
	"ff73a57e-de54-43da-89b9-7fc18e7e85a5",
	"1a414ab2-0a4d-4f5c-ab3f-50b9736c9a92");
INSERT INTO ACT_ACT
	VALUES ("b25c38df-5c3b-4db2-ae06-ecf7bbd00cda",
	'state',
	0,
	"166f7bf4-cca8-4cc7-b903-8977996dc4ab",
	"00000000-0000-0000-0000-000000000000",
	0,
	'SimpleTest::addGuest',
	"00000000-0000-0000-0000-000000000000");
INSERT INTO ACT_BLK
	VALUES ("166f7bf4-cca8-4cc7-b903-8977996dc4ab",
	0,
	0,
	0,
	'BookingProvider',
	'',
	'',
	3,
	1,
	3,
	6,
	0,
	0,
	0,
	0,
	0,
	0,
	0,
	0,
	0,
	"b25c38df-5c3b-4db2-ae06-ecf7bbd00cda",
	"00000000-0000-0000-0000-000000000000");
INSERT INTO ACT_SMT
	VALUES ("e9b7beaf-9343-47e2-b874-e73324f7ed96",
	"166f7bf4-cca8-4cc7-b903-8977996dc4ab",
	"4b459d2b-2d03-4997-9627-35f9087b3e39",
	2,
	1,
	'SimpleTest::addGuest line: 2');
INSERT INTO ACT_BRG
	VALUES ("e9b7beaf-9343-47e2-b874-e73324f7ed96",
	"768e1cca-7403-495c-9b22-afd11a473eb6",
	2,
	6,
	2,
	1);
INSERT INTO ACT_SMT
	VALUES ("4b459d2b-2d03-4997-9627-35f9087b3e39",
	"166f7bf4-cca8-4cc7-b903-8977996dc4ab",
	"00000000-0000-0000-0000-000000000000",
	3,
	1,
	'SimpleTest::addGuest line: 3');
INSERT INTO ACT_SGN
	VALUES ("4b459d2b-2d03-4997-9627-35f9087b3e39",
	3,
	23,
	3,
	6,
	"00000000-0000-0000-0000-000000000000",
	"ffb380d8-057b-4e3e-8756-add42a8f81d8",
	"00000000-0000-0000-0000-000000000000");
INSERT INTO V_VAL
	VALUES ("e05d61eb-cc74-40ef-8e32-771f8f76c1ad",
	0,
	0,
	2,
	23,
	42,
	0,
	0,
	0,
	0,
	"ba5eda7a-def5-0000-0000-000000000004",
	"166f7bf4-cca8-4cc7-b903-8977996dc4ab");
INSERT INTO V_LST
	VALUES ("e05d61eb-cc74-40ef-8e32-771f8f76c1ad",
	'UC ST, adding guest');
INSERT INTO V_PAR
	VALUES ("e05d61eb-cc74-40ef-8e32-771f8f76c1ad",
	"e9b7beaf-9343-47e2-b874-e73324f7ed96",
	"00000000-0000-0000-0000-000000000000",
	'message',
	"00000000-0000-0000-0000-000000000000",
	2,
	14);
INSERT INTO V_VAL
	VALUES ("04deab1f-7941-4b8d-9c65-f270d94c5872",
	0,
	0,
	3,
	42,
	45,
	0,
	0,
	0,
	0,
	"9db8c033-ff94-41f2-bd5c-36e5cdae0e4b",
	"166f7bf4-cca8-4cc7-b903-8977996dc4ab");
INSERT INTO V_IRF
	VALUES ("04deab1f-7941-4b8d-9c65-f270d94c5872",
	"2d7a9b0d-512d-4275-b7f3-3345c1a1382b");
INSERT INTO V_VAL
	VALUES ("21c9f8cf-5886-46b9-89d4-c36069bb81e0",
	0,
	0,
	3,
	47,
	55,
	0,
	0,
	0,
	0,
	"ba5eda7a-def5-0000-0000-000000000005",
	"166f7bf4-cca8-4cc7-b903-8977996dc4ab");
INSERT INTO V_AVL
	VALUES ("21c9f8cf-5886-46b9-89d4-c36069bb81e0",
	"04deab1f-7941-4b8d-9c65-f270d94c5872",
	"6daee5e1-aefd-49c8-b18d-234fb0eb1928",
	"10645a6f-534c-4e7d-84b2-77d94f3125c4");
INSERT INTO V_PAR
	VALUES ("21c9f8cf-5886-46b9-89d4-c36069bb81e0",
	"4b459d2b-2d03-4997-9627-35f9087b3e39",
	"00000000-0000-0000-0000-000000000000",
	'sessionID',
	"24d4ba4f-f209-49af-a7b6-6e5c8916b2c1",
	3,
	32);
INSERT INTO V_VAL
	VALUES ("24d4ba4f-f209-49af-a7b6-6e5c8916b2c1",
	0,
	0,
	4,
	20,
	29,
	0,
	0,
	0,
	0,
	"ba5eda7a-def5-0000-0000-000000000004",
	"166f7bf4-cca8-4cc7-b903-8977996dc4ab");
INSERT INTO V_LST
	VALUES ("24d4ba4f-f209-49af-a7b6-6e5c8916b2c1",
	'Glenn Goe');
INSERT INTO V_PAR
	VALUES ("24d4ba4f-f209-49af-a7b6-6e5c8916b2c1",
	"4b459d2b-2d03-4997-9627-35f9087b3e39",
	"00000000-0000-0000-0000-000000000000",
	'guestName',
	"eb079708-a200-4dca-adeb-9572c912f775",
	4,
	9);
INSERT INTO V_VAL
	VALUES ("eb079708-a200-4dca-adeb-9572c912f775",
	0,
	0,
	5,
	19,
	20,
	0,
	0,
	0,
	0,
	"ba5eda7a-def5-0000-0000-000000000002",
	"166f7bf4-cca8-4cc7-b903-8977996dc4ab");
INSERT INTO V_LIN
	VALUES ("eb079708-a200-4dca-adeb-9572c912f775",
	'13');
INSERT INTO V_PAR
	VALUES ("eb079708-a200-4dca-adeb-9572c912f775",
	"4b459d2b-2d03-4997-9627-35f9087b3e39",
	"00000000-0000-0000-0000-000000000000",
	'guestAge',
	"00000000-0000-0000-0000-000000000000",
	5,
	9);
INSERT INTO V_VAR
	VALUES ("2d7a9b0d-512d-4275-b7f3-3345c1a1382b",
	"166f7bf4-cca8-4cc7-b903-8977996dc4ab",
	'self',
	1,
	"9db8c033-ff94-41f2-bd5c-36e5cdae0e4b");
INSERT INTO V_INT
	VALUES ("2d7a9b0d-512d-4275-b7f3-3345c1a1382b",
	0,
	"6daee5e1-aefd-49c8-b18d-234fb0eb1928");
INSERT INTO V_LOC
	VALUES ("2ac654c1-398a-445c-b005-3cb0c84e5512",
	3,
	42,
	45,
	"2d7a9b0d-512d-4275-b7f3-3345c1a1382b");
INSERT INTO SM_STATE
	VALUES ("b4f9b3dc-d0ea-414f-87c1-b4305608e9d3",
	"ff73a57e-de54-43da-89b9-7fc18e7e85a5",
	"00000000-0000-0000-0000-000000000000",
	'confirmBooking',
	6,
	0);
INSERT INTO SM_CH
	VALUES ("b4f9b3dc-d0ea-414f-87c1-b4305608e9d3",
	"571ae000-303e-4af6-9350-7f3c94749e60",
	"ff73a57e-de54-43da-89b9-7fc18e7e85a5",
	"00000000-0000-0000-0000-000000000000",
	'');
INSERT INTO SM_SEME
	VALUES ("b4f9b3dc-d0ea-414f-87c1-b4305608e9d3",
	"571ae000-303e-4af6-9350-7f3c94749e60",
	"ff73a57e-de54-43da-89b9-7fc18e7e85a5",
	"00000000-0000-0000-0000-000000000000");
INSERT INTO SM_CH
	VALUES ("b4f9b3dc-d0ea-414f-87c1-b4305608e9d3",
	"2a21dfc2-cf8a-496d-91fa-d6cd6995d113",
	"ff73a57e-de54-43da-89b9-7fc18e7e85a5",
	"00000000-0000-0000-0000-000000000000",
	'');
INSERT INTO SM_SEME
	VALUES ("b4f9b3dc-d0ea-414f-87c1-b4305608e9d3",
	"2a21dfc2-cf8a-496d-91fa-d6cd6995d113",
	"ff73a57e-de54-43da-89b9-7fc18e7e85a5",
	"00000000-0000-0000-0000-000000000000");
INSERT INTO SM_CH
	VALUES ("b4f9b3dc-d0ea-414f-87c1-b4305608e9d3",
	"eb6c99e7-c09f-4c32-96ec-e77623146056",
	"ff73a57e-de54-43da-89b9-7fc18e7e85a5",
	"00000000-0000-0000-0000-000000000000",
	'');
INSERT INTO SM_SEME
	VALUES ("b4f9b3dc-d0ea-414f-87c1-b4305608e9d3",
	"eb6c99e7-c09f-4c32-96ec-e77623146056",
	"ff73a57e-de54-43da-89b9-7fc18e7e85a5",
	"00000000-0000-0000-0000-000000000000");
INSERT INTO SM_SEME
	VALUES ("b4f9b3dc-d0ea-414f-87c1-b4305608e9d3",
	"e60d8278-0abd-4435-be30-5fb8266237ab",
	"ff73a57e-de54-43da-89b9-7fc18e7e85a5",
	"00000000-0000-0000-0000-000000000000");
INSERT INTO SM_CH
	VALUES ("b4f9b3dc-d0ea-414f-87c1-b4305608e9d3",
	"a8d07c15-c55f-45d9-899b-3d15c92b3882",
	"ff73a57e-de54-43da-89b9-7fc18e7e85a5",
	"00000000-0000-0000-0000-000000000000",
	'');
INSERT INTO SM_SEME
	VALUES ("b4f9b3dc-d0ea-414f-87c1-b4305608e9d3",
	"a8d07c15-c55f-45d9-899b-3d15c92b3882",
	"ff73a57e-de54-43da-89b9-7fc18e7e85a5",
	"00000000-0000-0000-0000-000000000000");
INSERT INTO SM_CH
	VALUES ("b4f9b3dc-d0ea-414f-87c1-b4305608e9d3",
	"b215e1a1-e928-44a2-b827-815cde5d4b84",
	"ff73a57e-de54-43da-89b9-7fc18e7e85a5",
	"00000000-0000-0000-0000-000000000000",
	'');
INSERT INTO SM_SEME
	VALUES ("b4f9b3dc-d0ea-414f-87c1-b4305608e9d3",
	"b215e1a1-e928-44a2-b827-815cde5d4b84",
	"ff73a57e-de54-43da-89b9-7fc18e7e85a5",
	"00000000-0000-0000-0000-000000000000");
INSERT INTO SM_CH
	VALUES ("b4f9b3dc-d0ea-414f-87c1-b4305608e9d3",
	"db689256-8056-41cd-abf0-1804a111281b",
	"ff73a57e-de54-43da-89b9-7fc18e7e85a5",
	"00000000-0000-0000-0000-000000000000",
	'');
INSERT INTO SM_SEME
	VALUES ("b4f9b3dc-d0ea-414f-87c1-b4305608e9d3",
	"db689256-8056-41cd-abf0-1804a111281b",
	"ff73a57e-de54-43da-89b9-7fc18e7e85a5",
	"00000000-0000-0000-0000-000000000000");
INSERT INTO SM_MOAH
	VALUES ("b1bfaeb4-a8a5-4d66-9620-71a08b854c9c",
	"ff73a57e-de54-43da-89b9-7fc18e7e85a5",
	"b4f9b3dc-d0ea-414f-87c1-b4305608e9d3");
INSERT INTO SM_AH
	VALUES ("b1bfaeb4-a8a5-4d66-9620-71a08b854c9c",
	"ff73a57e-de54-43da-89b9-7fc18e7e85a5");
INSERT INTO SM_ACT
	VALUES ("b1bfaeb4-a8a5-4d66-9620-71a08b854c9c",
	"ff73a57e-de54-43da-89b9-7fc18e7e85a5",
	1,
	'
LOG::LogInfo(message: "UC confirmBooking, sending confirm back");

send CustomerInterface::confirmSignal(sessionID: self.sessionID,
										message: "Confirmed!");
										
										
',
	'');
INSERT INTO ACT_SAB
	VALUES ("217a54be-d383-423d-9a94-242b2bb2cdba",
	"ff73a57e-de54-43da-89b9-7fc18e7e85a5",
	"b1bfaeb4-a8a5-4d66-9620-71a08b854c9c");
INSERT INTO ACT_ACT
	VALUES ("217a54be-d383-423d-9a94-242b2bb2cdba",
	'state',
	0,
	"ea577d3f-f684-4730-8895-8c6e6a6282ff",
	"00000000-0000-0000-0000-000000000000",
	0,
	'SimpleTest::confirmBooking',
	"00000000-0000-0000-0000-000000000000");
INSERT INTO ACT_BLK
	VALUES ("ea577d3f-f684-4730-8895-8c6e6a6282ff",
	0,
	0,
	0,
	'CustomerInterface',
	'',
	'',
	4,
	1,
	4,
	6,
	0,
	0,
	0,
	0,
	0,
	0,
	0,
	0,
	0,
	"217a54be-d383-423d-9a94-242b2bb2cdba",
	"00000000-0000-0000-0000-000000000000");
INSERT INTO ACT_SMT
	VALUES ("7ac3324d-60a4-4ef8-aed9-5941a3134aec",
	"ea577d3f-f684-4730-8895-8c6e6a6282ff",
	"27cb6283-41b1-49a3-8777-79f4cf1d58d0",
	2,
	1,
	'SimpleTest::confirmBooking line: 2');
INSERT INTO ACT_BRG
	VALUES ("7ac3324d-60a4-4ef8-aed9-5941a3134aec",
	"768e1cca-7403-495c-9b22-afd11a473eb6",
	2,
	6,
	2,
	1);
INSERT INTO ACT_SMT
	VALUES ("27cb6283-41b1-49a3-8777-79f4cf1d58d0",
	"ea577d3f-f684-4730-8895-8c6e6a6282ff",
	"00000000-0000-0000-0000-000000000000",
	4,
	1,
	'SimpleTest::confirmBooking line: 4');
INSERT INTO ACT_SGN
	VALUES ("27cb6283-41b1-49a3-8777-79f4cf1d58d0",
	4,
	25,
	4,
	6,
	"00000000-0000-0000-0000-000000000000",
	"86e438a6-c8b8-4441-85d1-42be6446724a",
	"00000000-0000-0000-0000-000000000000");
INSERT INTO V_VAL
	VALUES ("5a54a0e3-34ea-4b5f-ac6e-64c92e476569",
	0,
	0,
	2,
	23,
	62,
	0,
	0,
	0,
	0,
	"ba5eda7a-def5-0000-0000-000000000004",
	"ea577d3f-f684-4730-8895-8c6e6a6282ff");
INSERT INTO V_LST
	VALUES ("5a54a0e3-34ea-4b5f-ac6e-64c92e476569",
	'UC confirmBooking, sending confirm back');
INSERT INTO V_PAR
	VALUES ("5a54a0e3-34ea-4b5f-ac6e-64c92e476569",
	"7ac3324d-60a4-4ef8-aed9-5941a3134aec",
	"00000000-0000-0000-0000-000000000000",
	'message',
	"00000000-0000-0000-0000-000000000000",
	2,
	14);
INSERT INTO V_VAL
	VALUES ("940e421e-85b8-4913-95e8-b31578764698",
	0,
	0,
	4,
	50,
	53,
	0,
	0,
	0,
	0,
	"9db8c033-ff94-41f2-bd5c-36e5cdae0e4b",
	"ea577d3f-f684-4730-8895-8c6e6a6282ff");
INSERT INTO V_IRF
	VALUES ("940e421e-85b8-4913-95e8-b31578764698",
	"64b6f0e8-a37e-4fca-a81b-d84ce1f36899");
INSERT INTO V_VAL
	VALUES ("34a240ec-fdb3-4e2d-b4a7-2eefec3bc969",
	0,
	0,
	4,
	55,
	63,
	0,
	0,
	0,
	0,
	"ba5eda7a-def5-0000-0000-000000000005",
	"ea577d3f-f684-4730-8895-8c6e6a6282ff");
INSERT INTO V_AVL
	VALUES ("34a240ec-fdb3-4e2d-b4a7-2eefec3bc969",
	"940e421e-85b8-4913-95e8-b31578764698",
	"6daee5e1-aefd-49c8-b18d-234fb0eb1928",
	"10645a6f-534c-4e7d-84b2-77d94f3125c4");
INSERT INTO V_PAR
	VALUES ("34a240ec-fdb3-4e2d-b4a7-2eefec3bc969",
	"27cb6283-41b1-49a3-8777-79f4cf1d58d0",
	"00000000-0000-0000-0000-000000000000",
	'sessionID',
	"59007cad-67dd-4f9d-a799-5a6e3e0c67ff",
	4,
	39);
INSERT INTO V_VAL
	VALUES ("59007cad-67dd-4f9d-a799-5a6e3e0c67ff",
	0,
	0,
	5,
	20,
	30,
	0,
	0,
	0,
	0,
	"ba5eda7a-def5-0000-0000-000000000004",
	"ea577d3f-f684-4730-8895-8c6e6a6282ff");
INSERT INTO V_LST
	VALUES ("59007cad-67dd-4f9d-a799-5a6e3e0c67ff",
	'Confirmed!');
INSERT INTO V_PAR
	VALUES ("59007cad-67dd-4f9d-a799-5a6e3e0c67ff",
	"27cb6283-41b1-49a3-8777-79f4cf1d58d0",
	"00000000-0000-0000-0000-000000000000",
	'message',
	"00000000-0000-0000-0000-000000000000",
	5,
	11);
INSERT INTO V_VAR
	VALUES ("64b6f0e8-a37e-4fca-a81b-d84ce1f36899",
	"ea577d3f-f684-4730-8895-8c6e6a6282ff",
	'self',
	1,
	"9db8c033-ff94-41f2-bd5c-36e5cdae0e4b");
INSERT INTO V_INT
	VALUES ("64b6f0e8-a37e-4fca-a81b-d84ce1f36899",
	0,
	"6daee5e1-aefd-49c8-b18d-234fb0eb1928");
INSERT INTO V_LOC
	VALUES ("b0f89cc7-c5cd-4ab3-bafa-26aea39ea5e4",
	4,
	50,
	53,
	"64b6f0e8-a37e-4fca-a81b-d84ce1f36899");
INSERT INTO SM_STATE
	VALUES ("114bbc3b-72e1-4b39-aa4a-f16e758cd7e3",
	"ff73a57e-de54-43da-89b9-7fc18e7e85a5",
	"00000000-0000-0000-0000-000000000000",
	'sendCustomerDetails',
	7,
	0);
INSERT INTO SM_CH
	VALUES ("114bbc3b-72e1-4b39-aa4a-f16e758cd7e3",
	"571ae000-303e-4af6-9350-7f3c94749e60",
	"ff73a57e-de54-43da-89b9-7fc18e7e85a5",
	"00000000-0000-0000-0000-000000000000",
	'');
INSERT INTO SM_SEME
	VALUES ("114bbc3b-72e1-4b39-aa4a-f16e758cd7e3",
	"571ae000-303e-4af6-9350-7f3c94749e60",
	"ff73a57e-de54-43da-89b9-7fc18e7e85a5",
	"00000000-0000-0000-0000-000000000000");
INSERT INTO SM_CH
	VALUES ("114bbc3b-72e1-4b39-aa4a-f16e758cd7e3",
	"2a21dfc2-cf8a-496d-91fa-d6cd6995d113",
	"ff73a57e-de54-43da-89b9-7fc18e7e85a5",
	"00000000-0000-0000-0000-000000000000",
	'');
INSERT INTO SM_SEME
	VALUES ("114bbc3b-72e1-4b39-aa4a-f16e758cd7e3",
	"2a21dfc2-cf8a-496d-91fa-d6cd6995d113",
	"ff73a57e-de54-43da-89b9-7fc18e7e85a5",
	"00000000-0000-0000-0000-000000000000");
INSERT INTO SM_CH
	VALUES ("114bbc3b-72e1-4b39-aa4a-f16e758cd7e3",
	"eb6c99e7-c09f-4c32-96ec-e77623146056",
	"ff73a57e-de54-43da-89b9-7fc18e7e85a5",
	"00000000-0000-0000-0000-000000000000",
	'');
INSERT INTO SM_SEME
	VALUES ("114bbc3b-72e1-4b39-aa4a-f16e758cd7e3",
	"eb6c99e7-c09f-4c32-96ec-e77623146056",
	"ff73a57e-de54-43da-89b9-7fc18e7e85a5",
	"00000000-0000-0000-0000-000000000000");
INSERT INTO SM_SEME
	VALUES ("114bbc3b-72e1-4b39-aa4a-f16e758cd7e3",
	"e60d8278-0abd-4435-be30-5fb8266237ab",
	"ff73a57e-de54-43da-89b9-7fc18e7e85a5",
	"00000000-0000-0000-0000-000000000000");
INSERT INTO SM_CH
	VALUES ("114bbc3b-72e1-4b39-aa4a-f16e758cd7e3",
	"a8d07c15-c55f-45d9-899b-3d15c92b3882",
	"ff73a57e-de54-43da-89b9-7fc18e7e85a5",
	"00000000-0000-0000-0000-000000000000",
	'');
INSERT INTO SM_SEME
	VALUES ("114bbc3b-72e1-4b39-aa4a-f16e758cd7e3",
	"a8d07c15-c55f-45d9-899b-3d15c92b3882",
	"ff73a57e-de54-43da-89b9-7fc18e7e85a5",
	"00000000-0000-0000-0000-000000000000");
INSERT INTO SM_CH
	VALUES ("114bbc3b-72e1-4b39-aa4a-f16e758cd7e3",
	"b215e1a1-e928-44a2-b827-815cde5d4b84",
	"ff73a57e-de54-43da-89b9-7fc18e7e85a5",
	"00000000-0000-0000-0000-000000000000",
	'');
INSERT INTO SM_SEME
	VALUES ("114bbc3b-72e1-4b39-aa4a-f16e758cd7e3",
	"b215e1a1-e928-44a2-b827-815cde5d4b84",
	"ff73a57e-de54-43da-89b9-7fc18e7e85a5",
	"00000000-0000-0000-0000-000000000000");
INSERT INTO SM_CH
	VALUES ("114bbc3b-72e1-4b39-aa4a-f16e758cd7e3",
	"db689256-8056-41cd-abf0-1804a111281b",
	"ff73a57e-de54-43da-89b9-7fc18e7e85a5",
	"00000000-0000-0000-0000-000000000000",
	'');
INSERT INTO SM_SEME
	VALUES ("114bbc3b-72e1-4b39-aa4a-f16e758cd7e3",
	"db689256-8056-41cd-abf0-1804a111281b",
	"ff73a57e-de54-43da-89b9-7fc18e7e85a5",
	"00000000-0000-0000-0000-000000000000");
INSERT INTO SM_MOAH
	VALUES ("b6fa6b51-c458-4e8a-b55b-86a56392a170",
	"ff73a57e-de54-43da-89b9-7fc18e7e85a5",
	"114bbc3b-72e1-4b39-aa4a-f16e758cd7e3");
INSERT INTO SM_AH
	VALUES ("b6fa6b51-c458-4e8a-b55b-86a56392a170",
	"ff73a57e-de54-43da-89b9-7fc18e7e85a5");
INSERT INTO SM_ACT
	VALUES ("b6fa6b51-c458-4e8a-b55b-86a56392a170",
	"ff73a57e-de54-43da-89b9-7fc18e7e85a5",
	1,
	'
LOG::LogInfo(message: "UC sendCustomerDetails, sending customer details");

send BookingProvider::customerDetails(sessionID:self.sessionID,
										name:"Geisha",
										phoneNumber: "123123123");',
	'');
INSERT INTO ACT_SAB
	VALUES ("ff5d7be8-261d-489b-a1ae-da770f6eaf74",
	"ff73a57e-de54-43da-89b9-7fc18e7e85a5",
	"b6fa6b51-c458-4e8a-b55b-86a56392a170");
INSERT INTO ACT_ACT
	VALUES ("ff5d7be8-261d-489b-a1ae-da770f6eaf74",
	'state',
	0,
	"3bcb6dd9-7e36-43f4-a1b8-acab4b644fe7",
	"00000000-0000-0000-0000-000000000000",
	0,
	'SimpleTest::sendCustomerDetails',
	"00000000-0000-0000-0000-000000000000");
INSERT INTO ACT_BLK
	VALUES ("3bcb6dd9-7e36-43f4-a1b8-acab4b644fe7",
	0,
	0,
	0,
	'BookingProvider',
	'',
	'',
	4,
	1,
	4,
	6,
	0,
	0,
	0,
	0,
	0,
	0,
	0,
	0,
	0,
	"ff5d7be8-261d-489b-a1ae-da770f6eaf74",
	"00000000-0000-0000-0000-000000000000");
INSERT INTO ACT_SMT
	VALUES ("624f152c-0a43-4173-a2cf-e716a3f3c0a3",
	"3bcb6dd9-7e36-43f4-a1b8-acab4b644fe7",
	"e3bcb30d-e1f5-446f-a4b3-f48853dcf151",
	2,
	1,
	'SimpleTest::sendCustomerDetails line: 2');
INSERT INTO ACT_BRG
	VALUES ("624f152c-0a43-4173-a2cf-e716a3f3c0a3",
	"768e1cca-7403-495c-9b22-afd11a473eb6",
	2,
	6,
	2,
	1);
INSERT INTO ACT_SMT
	VALUES ("e3bcb30d-e1f5-446f-a4b3-f48853dcf151",
	"3bcb6dd9-7e36-43f4-a1b8-acab4b644fe7",
	"00000000-0000-0000-0000-000000000000",
	4,
	1,
	'SimpleTest::sendCustomerDetails line: 4');
INSERT INTO ACT_SGN
	VALUES ("e3bcb30d-e1f5-446f-a4b3-f48853dcf151",
	4,
	23,
	4,
	6,
	"00000000-0000-0000-0000-000000000000",
	"d77be9c2-0803-460b-adcd-8208f0b3441b",
	"00000000-0000-0000-0000-000000000000");
INSERT INTO V_VAL
	VALUES ("638725de-e702-4b44-a086-279359ea31ee",
	0,
	0,
	2,
	23,
	71,
	0,
	0,
	0,
	0,
	"ba5eda7a-def5-0000-0000-000000000004",
	"3bcb6dd9-7e36-43f4-a1b8-acab4b644fe7");
INSERT INTO V_LST
	VALUES ("638725de-e702-4b44-a086-279359ea31ee",
	'UC sendCustomerDetails, sending customer details');
INSERT INTO V_PAR
	VALUES ("638725de-e702-4b44-a086-279359ea31ee",
	"624f152c-0a43-4173-a2cf-e716a3f3c0a3",
	"00000000-0000-0000-0000-000000000000",
	'message',
	"00000000-0000-0000-0000-000000000000",
	2,
	14);
INSERT INTO V_VAL
	VALUES ("4eb2641c-41b0-4143-abbe-e928b866b47f",
	0,
	0,
	4,
	49,
	52,
	0,
	0,
	0,
	0,
	"9db8c033-ff94-41f2-bd5c-36e5cdae0e4b",
	"3bcb6dd9-7e36-43f4-a1b8-acab4b644fe7");
INSERT INTO V_IRF
	VALUES ("4eb2641c-41b0-4143-abbe-e928b866b47f",
	"43baf361-8ab1-4062-a410-95b8bc8e9962");
INSERT INTO V_VAL
	VALUES ("34941bdc-f30b-43ae-b3f3-653537b9e512",
	0,
	0,
	4,
	54,
	62,
	0,
	0,
	0,
	0,
	"ba5eda7a-def5-0000-0000-000000000005",
	"3bcb6dd9-7e36-43f4-a1b8-acab4b644fe7");
INSERT INTO V_AVL
	VALUES ("34941bdc-f30b-43ae-b3f3-653537b9e512",
	"4eb2641c-41b0-4143-abbe-e928b866b47f",
	"6daee5e1-aefd-49c8-b18d-234fb0eb1928",
	"10645a6f-534c-4e7d-84b2-77d94f3125c4");
INSERT INTO V_PAR
	VALUES ("34941bdc-f30b-43ae-b3f3-653537b9e512",
	"e3bcb30d-e1f5-446f-a4b3-f48853dcf151",
	"00000000-0000-0000-0000-000000000000",
	'sessionID',
	"d665d6b0-27b6-486d-85b9-03430ba392bf",
	4,
	39);
INSERT INTO V_VAL
	VALUES ("d665d6b0-27b6-486d-85b9-03430ba392bf",
	0,
	0,
	5,
	16,
	22,
	0,
	0,
	0,
	0,
	"ba5eda7a-def5-0000-0000-000000000004",
	"3bcb6dd9-7e36-43f4-a1b8-acab4b644fe7");
INSERT INTO V_LST
	VALUES ("d665d6b0-27b6-486d-85b9-03430ba392bf",
	'Geisha');
INSERT INTO V_PAR
	VALUES ("d665d6b0-27b6-486d-85b9-03430ba392bf",
	"e3bcb30d-e1f5-446f-a4b3-f48853dcf151",
	"00000000-0000-0000-0000-000000000000",
	'name',
	"762cc278-f837-414e-babc-67b3e8cc2fe5",
	5,
	11);
INSERT INTO V_VAL
	VALUES ("762cc278-f837-414e-babc-67b3e8cc2fe5",
	0,
	0,
	6,
	24,
	33,
	0,
	0,
	0,
	0,
	"ba5eda7a-def5-0000-0000-000000000004",
	"3bcb6dd9-7e36-43f4-a1b8-acab4b644fe7");
INSERT INTO V_LST
	VALUES ("762cc278-f837-414e-babc-67b3e8cc2fe5",
	'123123123');
INSERT INTO V_PAR
	VALUES ("762cc278-f837-414e-babc-67b3e8cc2fe5",
	"e3bcb30d-e1f5-446f-a4b3-f48853dcf151",
	"00000000-0000-0000-0000-000000000000",
	'phoneNumber',
	"00000000-0000-0000-0000-000000000000",
	6,
	11);
INSERT INTO V_VAR
	VALUES ("43baf361-8ab1-4062-a410-95b8bc8e9962",
	"3bcb6dd9-7e36-43f4-a1b8-acab4b644fe7",
	'self',
	1,
	"9db8c033-ff94-41f2-bd5c-36e5cdae0e4b");
INSERT INTO V_INT
	VALUES ("43baf361-8ab1-4062-a410-95b8bc8e9962",
	0,
	"6daee5e1-aefd-49c8-b18d-234fb0eb1928");
INSERT INTO V_LOC
	VALUES ("bcab7c0a-cdb4-4c27-a015-2fea2a38aa7c",
	4,
	49,
	52,
	"43baf361-8ab1-4062-a410-95b8bc8e9962");
INSERT INTO SM_STATE
	VALUES ("5911dbb7-18dc-4ae6-bfb4-a9a5216843d7",
	"ff73a57e-de54-43da-89b9-7fc18e7e85a5",
	"00000000-0000-0000-0000-000000000000",
	'sendPaymentInfo',
	8,
	0);
INSERT INTO SM_CH
	VALUES ("5911dbb7-18dc-4ae6-bfb4-a9a5216843d7",
	"571ae000-303e-4af6-9350-7f3c94749e60",
	"ff73a57e-de54-43da-89b9-7fc18e7e85a5",
	"00000000-0000-0000-0000-000000000000",
	'');
INSERT INTO SM_SEME
	VALUES ("5911dbb7-18dc-4ae6-bfb4-a9a5216843d7",
	"571ae000-303e-4af6-9350-7f3c94749e60",
	"ff73a57e-de54-43da-89b9-7fc18e7e85a5",
	"00000000-0000-0000-0000-000000000000");
INSERT INTO SM_CH
	VALUES ("5911dbb7-18dc-4ae6-bfb4-a9a5216843d7",
	"2a21dfc2-cf8a-496d-91fa-d6cd6995d113",
	"ff73a57e-de54-43da-89b9-7fc18e7e85a5",
	"00000000-0000-0000-0000-000000000000",
	'');
INSERT INTO SM_SEME
	VALUES ("5911dbb7-18dc-4ae6-bfb4-a9a5216843d7",
	"2a21dfc2-cf8a-496d-91fa-d6cd6995d113",
	"ff73a57e-de54-43da-89b9-7fc18e7e85a5",
	"00000000-0000-0000-0000-000000000000");
INSERT INTO SM_CH
	VALUES ("5911dbb7-18dc-4ae6-bfb4-a9a5216843d7",
	"eb6c99e7-c09f-4c32-96ec-e77623146056",
	"ff73a57e-de54-43da-89b9-7fc18e7e85a5",
	"00000000-0000-0000-0000-000000000000",
	'');
INSERT INTO SM_SEME
	VALUES ("5911dbb7-18dc-4ae6-bfb4-a9a5216843d7",
	"eb6c99e7-c09f-4c32-96ec-e77623146056",
	"ff73a57e-de54-43da-89b9-7fc18e7e85a5",
	"00000000-0000-0000-0000-000000000000");
INSERT INTO SM_CH
	VALUES ("5911dbb7-18dc-4ae6-bfb4-a9a5216843d7",
	"e60d8278-0abd-4435-be30-5fb8266237ab",
	"ff73a57e-de54-43da-89b9-7fc18e7e85a5",
	"00000000-0000-0000-0000-000000000000",
	'');
INSERT INTO SM_SEME
	VALUES ("5911dbb7-18dc-4ae6-bfb4-a9a5216843d7",
	"e60d8278-0abd-4435-be30-5fb8266237ab",
	"ff73a57e-de54-43da-89b9-7fc18e7e85a5",
	"00000000-0000-0000-0000-000000000000");
INSERT INTO SM_CH
	VALUES ("5911dbb7-18dc-4ae6-bfb4-a9a5216843d7",
	"a8d07c15-c55f-45d9-899b-3d15c92b3882",
	"ff73a57e-de54-43da-89b9-7fc18e7e85a5",
	"00000000-0000-0000-0000-000000000000",
	'');
INSERT INTO SM_SEME
	VALUES ("5911dbb7-18dc-4ae6-bfb4-a9a5216843d7",
	"a8d07c15-c55f-45d9-899b-3d15c92b3882",
	"ff73a57e-de54-43da-89b9-7fc18e7e85a5",
	"00000000-0000-0000-0000-000000000000");
INSERT INTO SM_CH
	VALUES ("5911dbb7-18dc-4ae6-bfb4-a9a5216843d7",
	"b215e1a1-e928-44a2-b827-815cde5d4b84",
	"ff73a57e-de54-43da-89b9-7fc18e7e85a5",
	"00000000-0000-0000-0000-000000000000",
	'');
INSERT INTO SM_SEME
	VALUES ("5911dbb7-18dc-4ae6-bfb4-a9a5216843d7",
	"b215e1a1-e928-44a2-b827-815cde5d4b84",
	"ff73a57e-de54-43da-89b9-7fc18e7e85a5",
	"00000000-0000-0000-0000-000000000000");
INSERT INTO SM_CH
	VALUES ("5911dbb7-18dc-4ae6-bfb4-a9a5216843d7",
	"db689256-8056-41cd-abf0-1804a111281b",
	"ff73a57e-de54-43da-89b9-7fc18e7e85a5",
	"00000000-0000-0000-0000-000000000000",
	'');
INSERT INTO SM_SEME
	VALUES ("5911dbb7-18dc-4ae6-bfb4-a9a5216843d7",
	"db689256-8056-41cd-abf0-1804a111281b",
	"ff73a57e-de54-43da-89b9-7fc18e7e85a5",
	"00000000-0000-0000-0000-000000000000");
INSERT INTO SM_MOAH
	VALUES ("4b246fae-05f6-406e-b931-810ed9d66fbf",
	"ff73a57e-de54-43da-89b9-7fc18e7e85a5",
	"5911dbb7-18dc-4ae6-bfb4-a9a5216843d7");
INSERT INTO SM_AH
	VALUES ("4b246fae-05f6-406e-b931-810ed9d66fbf",
	"ff73a57e-de54-43da-89b9-7fc18e7e85a5");
INSERT INTO SM_ACT
	VALUES ("4b246fae-05f6-406e-b931-810ed9d66fbf",
	"ff73a57e-de54-43da-89b9-7fc18e7e85a5",
	1,
	'LOG::LogInfo(message: "UC sendPaymentInfo, sending paymentinfo...");

send BookingProvider::paymentInfo(sessionID: self.sessionID,
								  info: "Stolen credit card");',
	'');
INSERT INTO ACT_SAB
	VALUES ("7e616eef-72e7-43b3-8527-26d7beddb25c",
	"ff73a57e-de54-43da-89b9-7fc18e7e85a5",
	"4b246fae-05f6-406e-b931-810ed9d66fbf");
INSERT INTO ACT_ACT
	VALUES ("7e616eef-72e7-43b3-8527-26d7beddb25c",
	'state',
	0,
	"266159f2-7e63-493c-851f-fa19de6c9d0c",
	"00000000-0000-0000-0000-000000000000",
	0,
	'SimpleTest::sendPaymentInfo',
	"00000000-0000-0000-0000-000000000000");
INSERT INTO ACT_BLK
	VALUES ("266159f2-7e63-493c-851f-fa19de6c9d0c",
	0,
	0,
	0,
	'BookingProvider',
	'',
	'',
	3,
	1,
	3,
	6,
	0,
	0,
	0,
	0,
	0,
	0,
	0,
	0,
	0,
	"7e616eef-72e7-43b3-8527-26d7beddb25c",
	"00000000-0000-0000-0000-000000000000");
INSERT INTO ACT_SMT
	VALUES ("0f98d7e6-1c60-4e8f-ae31-4069220d1dad",
	"266159f2-7e63-493c-851f-fa19de6c9d0c",
	"86ce6c29-a5c9-4608-9e8d-16e54b668285",
	1,
	1,
	'SimpleTest::sendPaymentInfo line: 1');
INSERT INTO ACT_BRG
	VALUES ("0f98d7e6-1c60-4e8f-ae31-4069220d1dad",
	"768e1cca-7403-495c-9b22-afd11a473eb6",
	1,
	6,
	1,
	1);
INSERT INTO ACT_SMT
	VALUES ("86ce6c29-a5c9-4608-9e8d-16e54b668285",
	"266159f2-7e63-493c-851f-fa19de6c9d0c",
	"00000000-0000-0000-0000-000000000000",
	3,
	1,
	'SimpleTest::sendPaymentInfo line: 3');
INSERT INTO ACT_SGN
	VALUES ("86ce6c29-a5c9-4608-9e8d-16e54b668285",
	3,
	23,
	3,
	6,
	"00000000-0000-0000-0000-000000000000",
	"4ff24761-bc79-4d00-be36-ac08fa93359b",
	"00000000-0000-0000-0000-000000000000");
INSERT INTO V_VAL
	VALUES ("bd969495-f69f-4452-bd66-c94df53d28fd",
	0,
	0,
	1,
	23,
	65,
	0,
	0,
	0,
	0,
	"ba5eda7a-def5-0000-0000-000000000004",
	"266159f2-7e63-493c-851f-fa19de6c9d0c");
INSERT INTO V_LST
	VALUES ("bd969495-f69f-4452-bd66-c94df53d28fd",
	'UC sendPaymentInfo, sending paymentinfo...');
INSERT INTO V_PAR
	VALUES ("bd969495-f69f-4452-bd66-c94df53d28fd",
	"0f98d7e6-1c60-4e8f-ae31-4069220d1dad",
	"00000000-0000-0000-0000-000000000000",
	'message',
	"00000000-0000-0000-0000-000000000000",
	1,
	14);
INSERT INTO V_VAL
	VALUES ("3d683cba-c3f3-4900-9a62-f814b0e3926f",
	0,
	0,
	3,
	46,
	49,
	0,
	0,
	0,
	0,
	"9db8c033-ff94-41f2-bd5c-36e5cdae0e4b",
	"266159f2-7e63-493c-851f-fa19de6c9d0c");
INSERT INTO V_IRF
	VALUES ("3d683cba-c3f3-4900-9a62-f814b0e3926f",
	"067d5d61-254d-4d45-970b-49ae336c313f");
INSERT INTO V_VAL
	VALUES ("667bd819-d3db-489a-9c68-eab1ec797f06",
	0,
	0,
	3,
	51,
	59,
	0,
	0,
	0,
	0,
	"ba5eda7a-def5-0000-0000-000000000005",
	"266159f2-7e63-493c-851f-fa19de6c9d0c");
INSERT INTO V_AVL
	VALUES ("667bd819-d3db-489a-9c68-eab1ec797f06",
	"3d683cba-c3f3-4900-9a62-f814b0e3926f",
	"6daee5e1-aefd-49c8-b18d-234fb0eb1928",
	"10645a6f-534c-4e7d-84b2-77d94f3125c4");
INSERT INTO V_PAR
	VALUES ("667bd819-d3db-489a-9c68-eab1ec797f06",
	"86ce6c29-a5c9-4608-9e8d-16e54b668285",
	"00000000-0000-0000-0000-000000000000",
	'sessionID',
	"8efddf7f-3dc7-4258-92c5-0c95d68748c1",
	3,
	35);
INSERT INTO V_VAL
	VALUES ("8efddf7f-3dc7-4258-92c5-0c95d68748c1",
	0,
	0,
	4,
	17,
	35,
	0,
	0,
	0,
	0,
	"ba5eda7a-def5-0000-0000-000000000004",
	"266159f2-7e63-493c-851f-fa19de6c9d0c");
INSERT INTO V_LST
	VALUES ("8efddf7f-3dc7-4258-92c5-0c95d68748c1",
	'Stolen credit card');
INSERT INTO V_PAR
	VALUES ("8efddf7f-3dc7-4258-92c5-0c95d68748c1",
	"86ce6c29-a5c9-4608-9e8d-16e54b668285",
	"00000000-0000-0000-0000-000000000000",
	'info',
	"00000000-0000-0000-0000-000000000000",
	4,
	11);
INSERT INTO V_VAR
	VALUES ("067d5d61-254d-4d45-970b-49ae336c313f",
	"266159f2-7e63-493c-851f-fa19de6c9d0c",
	'self',
	1,
	"9db8c033-ff94-41f2-bd5c-36e5cdae0e4b");
INSERT INTO V_INT
	VALUES ("067d5d61-254d-4d45-970b-49ae336c313f",
	0,
	"6daee5e1-aefd-49c8-b18d-234fb0eb1928");
INSERT INTO V_LOC
	VALUES ("c915a140-b082-4a62-9214-85b54ce127ab",
	3,
	46,
	49,
	"067d5d61-254d-4d45-970b-49ae336c313f");
INSERT INTO SM_STATE
	VALUES ("50908c87-b356-4ca1-bd8c-4d35cdd5bae1",
	"ff73a57e-de54-43da-89b9-7fc18e7e85a5",
	"00000000-0000-0000-0000-000000000000",
	'endOfListState',
	9,
	0);
INSERT INTO SM_CH
	VALUES ("50908c87-b356-4ca1-bd8c-4d35cdd5bae1",
	"571ae000-303e-4af6-9350-7f3c94749e60",
	"ff73a57e-de54-43da-89b9-7fc18e7e85a5",
	"00000000-0000-0000-0000-000000000000",
	'');
INSERT INTO SM_SEME
	VALUES ("50908c87-b356-4ca1-bd8c-4d35cdd5bae1",
	"571ae000-303e-4af6-9350-7f3c94749e60",
	"ff73a57e-de54-43da-89b9-7fc18e7e85a5",
	"00000000-0000-0000-0000-000000000000");
INSERT INTO SM_CH
	VALUES ("50908c87-b356-4ca1-bd8c-4d35cdd5bae1",
	"2a21dfc2-cf8a-496d-91fa-d6cd6995d113",
	"ff73a57e-de54-43da-89b9-7fc18e7e85a5",
	"00000000-0000-0000-0000-000000000000",
	'');
INSERT INTO SM_SEME
	VALUES ("50908c87-b356-4ca1-bd8c-4d35cdd5bae1",
	"2a21dfc2-cf8a-496d-91fa-d6cd6995d113",
	"ff73a57e-de54-43da-89b9-7fc18e7e85a5",
	"00000000-0000-0000-0000-000000000000");
INSERT INTO SM_EIGN
	VALUES ("50908c87-b356-4ca1-bd8c-4d35cdd5bae1",
	"eb6c99e7-c09f-4c32-96ec-e77623146056",
	"ff73a57e-de54-43da-89b9-7fc18e7e85a5",
	"00000000-0000-0000-0000-000000000000",
	'');
INSERT INTO SM_SEME
	VALUES ("50908c87-b356-4ca1-bd8c-4d35cdd5bae1",
	"eb6c99e7-c09f-4c32-96ec-e77623146056",
	"ff73a57e-de54-43da-89b9-7fc18e7e85a5",
	"00000000-0000-0000-0000-000000000000");
INSERT INTO SM_SEME
	VALUES ("50908c87-b356-4ca1-bd8c-4d35cdd5bae1",
	"e60d8278-0abd-4435-be30-5fb8266237ab",
	"ff73a57e-de54-43da-89b9-7fc18e7e85a5",
	"00000000-0000-0000-0000-000000000000");
INSERT INTO SM_EIGN
	VALUES ("50908c87-b356-4ca1-bd8c-4d35cdd5bae1",
	"a8d07c15-c55f-45d9-899b-3d15c92b3882",
	"ff73a57e-de54-43da-89b9-7fc18e7e85a5",
	"00000000-0000-0000-0000-000000000000",
	'');
INSERT INTO SM_SEME
	VALUES ("50908c87-b356-4ca1-bd8c-4d35cdd5bae1",
	"a8d07c15-c55f-45d9-899b-3d15c92b3882",
	"ff73a57e-de54-43da-89b9-7fc18e7e85a5",
	"00000000-0000-0000-0000-000000000000");
INSERT INTO SM_CH
	VALUES ("50908c87-b356-4ca1-bd8c-4d35cdd5bae1",
	"b215e1a1-e928-44a2-b827-815cde5d4b84",
	"ff73a57e-de54-43da-89b9-7fc18e7e85a5",
	"00000000-0000-0000-0000-000000000000",
	'');
INSERT INTO SM_SEME
	VALUES ("50908c87-b356-4ca1-bd8c-4d35cdd5bae1",
	"b215e1a1-e928-44a2-b827-815cde5d4b84",
	"ff73a57e-de54-43da-89b9-7fc18e7e85a5",
	"00000000-0000-0000-0000-000000000000");
INSERT INTO SM_SEME
	VALUES ("50908c87-b356-4ca1-bd8c-4d35cdd5bae1",
	"db689256-8056-41cd-abf0-1804a111281b",
	"ff73a57e-de54-43da-89b9-7fc18e7e85a5",
	"00000000-0000-0000-0000-000000000000");
INSERT INTO SM_MOAH
	VALUES ("35e272d8-641e-426f-8b23-d29508e40292",
	"ff73a57e-de54-43da-89b9-7fc18e7e85a5",
	"50908c87-b356-4ca1-bd8c-4d35cdd5bae1");
INSERT INTO SM_AH
	VALUES ("35e272d8-641e-426f-8b23-d29508e40292",
	"ff73a57e-de54-43da-89b9-7fc18e7e85a5");
INSERT INTO SM_ACT
	VALUES ("35e272d8-641e-426f-8b23-d29508e40292",
	"ff73a57e-de54-43da-89b9-7fc18e7e85a5",
	1,
	'LOG::LogInfo(message: "UC: EndOfListState found desired facilitytype");
	send BookingProvider::selectBookable(id:self.desiredType,
										sessionID:self.sessionID);
',
	'');
INSERT INTO ACT_SAB
	VALUES ("2495de83-ad9a-44ae-b292-9362f7909399",
	"ff73a57e-de54-43da-89b9-7fc18e7e85a5",
	"35e272d8-641e-426f-8b23-d29508e40292");
INSERT INTO ACT_ACT
	VALUES ("2495de83-ad9a-44ae-b292-9362f7909399",
	'state',
	0,
	"5bc854e6-c84e-4d54-8181-84834e691fb0",
	"00000000-0000-0000-0000-000000000000",
	0,
	'SimpleTest::endOfListState',
	"00000000-0000-0000-0000-000000000000");
INSERT INTO ACT_BLK
	VALUES ("5bc854e6-c84e-4d54-8181-84834e691fb0",
	0,
	0,
	0,
	'BookingProvider',
	'',
	'',
	2,
	2,
	2,
	7,
	0,
	0,
	0,
	0,
	0,
	0,
	0,
	0,
	0,
	"2495de83-ad9a-44ae-b292-9362f7909399",
	"00000000-0000-0000-0000-000000000000");
INSERT INTO ACT_SMT
	VALUES ("ca188e1a-d24d-4297-b23d-4ff7e7b93c81",
	"5bc854e6-c84e-4d54-8181-84834e691fb0",
	"e5398beb-177b-4dd1-9017-b32315c18fd9",
	1,
	1,
	'SimpleTest::endOfListState line: 1');
INSERT INTO ACT_BRG
	VALUES ("ca188e1a-d24d-4297-b23d-4ff7e7b93c81",
	"768e1cca-7403-495c-9b22-afd11a473eb6",
	1,
	6,
	1,
	1);
INSERT INTO ACT_SMT
	VALUES ("e5398beb-177b-4dd1-9017-b32315c18fd9",
	"5bc854e6-c84e-4d54-8181-84834e691fb0",
	"00000000-0000-0000-0000-000000000000",
	2,
	2,
	'SimpleTest::endOfListState line: 2');
INSERT INTO ACT_SGN
	VALUES ("e5398beb-177b-4dd1-9017-b32315c18fd9",
	2,
	24,
	2,
	7,
	"00000000-0000-0000-0000-000000000000",
	"a0805044-494e-48af-9a28-d1e60266c9e8",
	"00000000-0000-0000-0000-000000000000");
INSERT INTO V_VAL
	VALUES ("02092789-2b20-492d-9cd9-6946422fbfbc",
	0,
	0,
	1,
	23,
	68,
	0,
	0,
	0,
	0,
	"ba5eda7a-def5-0000-0000-000000000004",
	"5bc854e6-c84e-4d54-8181-84834e691fb0");
INSERT INTO V_LST
	VALUES ("02092789-2b20-492d-9cd9-6946422fbfbc",
	'UC: EndOfListState found desired facilitytype');
INSERT INTO V_PAR
	VALUES ("02092789-2b20-492d-9cd9-6946422fbfbc",
	"ca188e1a-d24d-4297-b23d-4ff7e7b93c81",
	"00000000-0000-0000-0000-000000000000",
	'message',
	"00000000-0000-0000-0000-000000000000",
	1,
	14);
INSERT INTO V_VAL
	VALUES ("bcc359ea-1823-46ab-bfc4-3a28c72ddd90",
	0,
	0,
	2,
	42,
	45,
	0,
	0,
	0,
	0,
	"9db8c033-ff94-41f2-bd5c-36e5cdae0e4b",
	"5bc854e6-c84e-4d54-8181-84834e691fb0");
INSERT INTO V_IRF
	VALUES ("bcc359ea-1823-46ab-bfc4-3a28c72ddd90",
	"9b558c82-6522-4eb8-b590-64d0f90dd7ee");
INSERT INTO V_VAL
	VALUES ("e1dfe3ca-fd29-4338-864c-a1f8bb84a34b",
	0,
	0,
	2,
	47,
	57,
	0,
	0,
	0,
	0,
	"ba5eda7a-def5-0000-0000-000000000002",
	"5bc854e6-c84e-4d54-8181-84834e691fb0");
INSERT INTO V_AVL
	VALUES ("e1dfe3ca-fd29-4338-864c-a1f8bb84a34b",
	"bcc359ea-1823-46ab-bfc4-3a28c72ddd90",
	"6daee5e1-aefd-49c8-b18d-234fb0eb1928",
	"aba71a03-0b8d-483b-a010-98e1110307e9");
INSERT INTO V_PAR
	VALUES ("e1dfe3ca-fd29-4338-864c-a1f8bb84a34b",
	"e5398beb-177b-4dd1-9017-b32315c18fd9",
	"00000000-0000-0000-0000-000000000000",
	'id',
	"577012eb-016e-423c-abbe-9b0fa15f39bf",
	2,
	39);
INSERT INTO V_VAL
	VALUES ("7f0ae291-f943-4073-8328-32a280a9fbc5",
	0,
	0,
	3,
	21,
	24,
	0,
	0,
	0,
	0,
	"9db8c033-ff94-41f2-bd5c-36e5cdae0e4b",
	"5bc854e6-c84e-4d54-8181-84834e691fb0");
INSERT INTO V_IRF
	VALUES ("7f0ae291-f943-4073-8328-32a280a9fbc5",
	"9b558c82-6522-4eb8-b590-64d0f90dd7ee");
INSERT INTO V_VAL
	VALUES ("577012eb-016e-423c-abbe-9b0fa15f39bf",
	0,
	0,
	3,
	26,
	34,
	0,
	0,
	0,
	0,
	"ba5eda7a-def5-0000-0000-000000000005",
	"5bc854e6-c84e-4d54-8181-84834e691fb0");
INSERT INTO V_AVL
	VALUES ("577012eb-016e-423c-abbe-9b0fa15f39bf",
	"7f0ae291-f943-4073-8328-32a280a9fbc5",
	"6daee5e1-aefd-49c8-b18d-234fb0eb1928",
	"10645a6f-534c-4e7d-84b2-77d94f3125c4");
INSERT INTO V_PAR
	VALUES ("577012eb-016e-423c-abbe-9b0fa15f39bf",
	"e5398beb-177b-4dd1-9017-b32315c18fd9",
	"00000000-0000-0000-0000-000000000000",
	'sessionID',
	"00000000-0000-0000-0000-000000000000",
	3,
	11);
INSERT INTO V_VAR
	VALUES ("9b558c82-6522-4eb8-b590-64d0f90dd7ee",
	"5bc854e6-c84e-4d54-8181-84834e691fb0",
	'self',
	1,
	"9db8c033-ff94-41f2-bd5c-36e5cdae0e4b");
INSERT INTO V_INT
	VALUES ("9b558c82-6522-4eb8-b590-64d0f90dd7ee",
	0,
	"6daee5e1-aefd-49c8-b18d-234fb0eb1928");
INSERT INTO V_LOC
	VALUES ("0caf440a-dc28-4d63-8329-5fe8ae6fc135",
	2,
	42,
	45,
	"9b558c82-6522-4eb8-b590-64d0f90dd7ee");
INSERT INTO V_LOC
	VALUES ("a15f20fa-f662-4eb5-b85d-a96a0b67ab7a",
	3,
	21,
	24,
	"9b558c82-6522-4eb8-b590-64d0f90dd7ee");
INSERT INTO SM_STATE
	VALUES ("2efccd73-deb5-49ea-8acc-51942953d608",
	"ff73a57e-de54-43da-89b9-7fc18e7e85a5",
	"00000000-0000-0000-0000-000000000000",
	'failedTest',
	10,
	0);
INSERT INTO SM_CH
	VALUES ("2efccd73-deb5-49ea-8acc-51942953d608",
	"571ae000-303e-4af6-9350-7f3c94749e60",
	"ff73a57e-de54-43da-89b9-7fc18e7e85a5",
	"00000000-0000-0000-0000-000000000000",
	'');
INSERT INTO SM_SEME
	VALUES ("2efccd73-deb5-49ea-8acc-51942953d608",
	"571ae000-303e-4af6-9350-7f3c94749e60",
	"ff73a57e-de54-43da-89b9-7fc18e7e85a5",
	"00000000-0000-0000-0000-000000000000");
INSERT INTO SM_CH
	VALUES ("2efccd73-deb5-49ea-8acc-51942953d608",
	"2a21dfc2-cf8a-496d-91fa-d6cd6995d113",
	"ff73a57e-de54-43da-89b9-7fc18e7e85a5",
	"00000000-0000-0000-0000-000000000000",
	'');
INSERT INTO SM_SEME
	VALUES ("2efccd73-deb5-49ea-8acc-51942953d608",
	"2a21dfc2-cf8a-496d-91fa-d6cd6995d113",
	"ff73a57e-de54-43da-89b9-7fc18e7e85a5",
	"00000000-0000-0000-0000-000000000000");
INSERT INTO SM_CH
	VALUES ("2efccd73-deb5-49ea-8acc-51942953d608",
	"eb6c99e7-c09f-4c32-96ec-e77623146056",
	"ff73a57e-de54-43da-89b9-7fc18e7e85a5",
	"00000000-0000-0000-0000-000000000000",
	'');
INSERT INTO SM_SEME
	VALUES ("2efccd73-deb5-49ea-8acc-51942953d608",
	"eb6c99e7-c09f-4c32-96ec-e77623146056",
	"ff73a57e-de54-43da-89b9-7fc18e7e85a5",
	"00000000-0000-0000-0000-000000000000");
INSERT INTO SM_CH
	VALUES ("2efccd73-deb5-49ea-8acc-51942953d608",
	"e60d8278-0abd-4435-be30-5fb8266237ab",
	"ff73a57e-de54-43da-89b9-7fc18e7e85a5",
	"00000000-0000-0000-0000-000000000000",
	'');
INSERT INTO SM_SEME
	VALUES ("2efccd73-deb5-49ea-8acc-51942953d608",
	"e60d8278-0abd-4435-be30-5fb8266237ab",
	"ff73a57e-de54-43da-89b9-7fc18e7e85a5",
	"00000000-0000-0000-0000-000000000000");
INSERT INTO SM_CH
	VALUES ("2efccd73-deb5-49ea-8acc-51942953d608",
	"a8d07c15-c55f-45d9-899b-3d15c92b3882",
	"ff73a57e-de54-43da-89b9-7fc18e7e85a5",
	"00000000-0000-0000-0000-000000000000",
	'');
INSERT INTO SM_SEME
	VALUES ("2efccd73-deb5-49ea-8acc-51942953d608",
	"a8d07c15-c55f-45d9-899b-3d15c92b3882",
	"ff73a57e-de54-43da-89b9-7fc18e7e85a5",
	"00000000-0000-0000-0000-000000000000");
INSERT INTO SM_CH
	VALUES ("2efccd73-deb5-49ea-8acc-51942953d608",
	"b215e1a1-e928-44a2-b827-815cde5d4b84",
	"ff73a57e-de54-43da-89b9-7fc18e7e85a5",
	"00000000-0000-0000-0000-000000000000",
	'');
INSERT INTO SM_SEME
	VALUES ("2efccd73-deb5-49ea-8acc-51942953d608",
	"b215e1a1-e928-44a2-b827-815cde5d4b84",
	"ff73a57e-de54-43da-89b9-7fc18e7e85a5",
	"00000000-0000-0000-0000-000000000000");
INSERT INTO SM_CH
	VALUES ("2efccd73-deb5-49ea-8acc-51942953d608",
	"db689256-8056-41cd-abf0-1804a111281b",
	"ff73a57e-de54-43da-89b9-7fc18e7e85a5",
	"00000000-0000-0000-0000-000000000000",
	'');
INSERT INTO SM_SEME
	VALUES ("2efccd73-deb5-49ea-8acc-51942953d608",
	"db689256-8056-41cd-abf0-1804a111281b",
	"ff73a57e-de54-43da-89b9-7fc18e7e85a5",
	"00000000-0000-0000-0000-000000000000");
INSERT INTO SM_MOAH
	VALUES ("c4f11bea-0e33-40be-9b40-433e87bc95e7",
	"ff73a57e-de54-43da-89b9-7fc18e7e85a5",
	"2efccd73-deb5-49ea-8acc-51942953d608");
INSERT INTO SM_AH
	VALUES ("c4f11bea-0e33-40be-9b40-433e87bc95e7",
	"ff73a57e-de54-43da-89b9-7fc18e7e85a5");
INSERT INTO SM_ACT
	VALUES ("c4f11bea-0e33-40be-9b40-433e87bc95e7",
	"ff73a57e-de54-43da-89b9-7fc18e7e85a5",
	1,
	'LOG::LogInfo(message: "Test failed.");',
	'');
INSERT INTO ACT_SAB
	VALUES ("36c937d7-e609-4800-a424-f1ffe5520a9f",
	"ff73a57e-de54-43da-89b9-7fc18e7e85a5",
	"c4f11bea-0e33-40be-9b40-433e87bc95e7");
INSERT INTO ACT_ACT
	VALUES ("36c937d7-e609-4800-a424-f1ffe5520a9f",
	'state',
	0,
	"0711344f-5355-4fea-959e-0b29ed3f8075",
	"00000000-0000-0000-0000-000000000000",
	0,
	'SimpleTest::failedTest',
	"00000000-0000-0000-0000-000000000000");
INSERT INTO ACT_BLK
	VALUES ("0711344f-5355-4fea-959e-0b29ed3f8075",
	0,
	0,
	0,
	'LOG',
	'',
	'',
	1,
	1,
	1,
	1,
	0,
	0,
	0,
	0,
	0,
	0,
	0,
	0,
	0,
	"36c937d7-e609-4800-a424-f1ffe5520a9f",
	"00000000-0000-0000-0000-000000000000");
INSERT INTO ACT_SMT
	VALUES ("b7d40db3-6bd1-4a02-998e-fee84125c1a4",
	"0711344f-5355-4fea-959e-0b29ed3f8075",
	"00000000-0000-0000-0000-000000000000",
	1,
	1,
	'SimpleTest::failedTest line: 1');
INSERT INTO ACT_BRG
	VALUES ("b7d40db3-6bd1-4a02-998e-fee84125c1a4",
	"768e1cca-7403-495c-9b22-afd11a473eb6",
	1,
	6,
	1,
	1);
INSERT INTO V_VAL
	VALUES ("702e6887-b629-4736-a9db-7b93fb235c2d",
	0,
	0,
	1,
	23,
	35,
	0,
	0,
	0,
	0,
	"ba5eda7a-def5-0000-0000-000000000004",
	"0711344f-5355-4fea-959e-0b29ed3f8075");
INSERT INTO V_LST
	VALUES ("702e6887-b629-4736-a9db-7b93fb235c2d",
	'Test failed.');
INSERT INTO V_PAR
	VALUES ("702e6887-b629-4736-a9db-7b93fb235c2d",
	"b7d40db3-6bd1-4a02-998e-fee84125c1a4",
	"00000000-0000-0000-0000-000000000000",
	'message',
	"00000000-0000-0000-0000-000000000000",
	1,
	14);
INSERT INTO SM_CRTXN
	VALUES ("5d4c75a5-ca8e-4a22-a325-1e2fb4b2bd0f",
	"ff73a57e-de54-43da-89b9-7fc18e7e85a5",
	"00000000-0000-0000-0000-000000000000",
	"00000000-0000-0000-0000-000000000000");
INSERT INTO SM_TAH
	VALUES ("85bb9e42-b91b-4e88-b799-f796536b3d92",
	"ff73a57e-de54-43da-89b9-7fc18e7e85a5",
	"5d4c75a5-ca8e-4a22-a325-1e2fb4b2bd0f");
INSERT INTO SM_AH
	VALUES ("85bb9e42-b91b-4e88-b799-f796536b3d92",
	"ff73a57e-de54-43da-89b9-7fc18e7e85a5");
INSERT INTO SM_ACT
	VALUES ("85bb9e42-b91b-4e88-b799-f796536b3d92",
	"ff73a57e-de54-43da-89b9-7fc18e7e85a5",
	1,
	'',
	'');
INSERT INTO ACT_TAB
	VALUES ("aadb1160-aac1-4a76-af71-b70e828cbd1b",
	"ff73a57e-de54-43da-89b9-7fc18e7e85a5",
	"85bb9e42-b91b-4e88-b799-f796536b3d92");
INSERT INTO ACT_ACT
	VALUES ("aadb1160-aac1-4a76-af71-b70e828cbd1b",
	'transition',
	0,
	"507a6753-6a9c-4da7-b8b8-2a73ccb2a0dd",
	"00000000-0000-0000-0000-000000000000",
	0,
	'No Event Assigned',
	"00000000-0000-0000-0000-000000000000");
INSERT INTO ACT_BLK
	VALUES ("507a6753-6a9c-4da7-b8b8-2a73ccb2a0dd",
	0,
	0,
	0,
	'',
	'',
	'',
	0,
	0,
	0,
	0,
	0,
	0,
	0,
	0,
	0,
	0,
	0,
	0,
	0,
	"aadb1160-aac1-4a76-af71-b70e828cbd1b",
	"00000000-0000-0000-0000-000000000000");
INSERT INTO SM_TXN
	VALUES ("5d4c75a5-ca8e-4a22-a325-1e2fb4b2bd0f",
	"ff73a57e-de54-43da-89b9-7fc18e7e85a5",
	"ff3aa0df-09b3-4d91-b2a7-212ccf415d16",
	"00000000-0000-0000-0000-000000000000");
INSERT INTO SM_NSTXN
	VALUES ("37a78df7-872d-4fbf-908e-618445b592ba",
	"ff73a57e-de54-43da-89b9-7fc18e7e85a5",
	"ff3aa0df-09b3-4d91-b2a7-212ccf415d16",
	"571ae000-303e-4af6-9350-7f3c94749e60",
	"00000000-0000-0000-0000-000000000000");
INSERT INTO SM_TAH
	VALUES ("aab67572-8ef9-43c5-9aac-3d4b755821f4",
	"ff73a57e-de54-43da-89b9-7fc18e7e85a5",
	"37a78df7-872d-4fbf-908e-618445b592ba");
INSERT INTO SM_AH
	VALUES ("aab67572-8ef9-43c5-9aac-3d4b755821f4",
	"ff73a57e-de54-43da-89b9-7fc18e7e85a5");
INSERT INTO SM_ACT
	VALUES ("aab67572-8ef9-43c5-9aac-3d4b755821f4",
	"ff73a57e-de54-43da-89b9-7fc18e7e85a5",
	1,
	'',
	'');
INSERT INTO ACT_TAB
	VALUES ("3e3eca20-3ad1-46c7-8823-6ba84dfd9b9f",
	"ff73a57e-de54-43da-89b9-7fc18e7e85a5",
	"aab67572-8ef9-43c5-9aac-3d4b755821f4");
INSERT INTO ACT_ACT
	VALUES ("3e3eca20-3ad1-46c7-8823-6ba84dfd9b9f",
	'transition',
	0,
	"8071079d-bcb0-40fc-bacc-a2058369346d",
	"00000000-0000-0000-0000-000000000000",
	0,
	'SIMPLETEST1: start',
	"00000000-0000-0000-0000-000000000000");
INSERT INTO ACT_BLK
	VALUES ("8071079d-bcb0-40fc-bacc-a2058369346d",
	0,
	0,
	0,
	'',
	'',
	'',
	0,
	0,
	0,
	0,
	0,
	0,
	0,
	0,
	0,
	0,
	0,
	0,
	0,
	"3e3eca20-3ad1-46c7-8823-6ba84dfd9b9f",
	"00000000-0000-0000-0000-000000000000");
INSERT INTO SM_TXN
	VALUES ("37a78df7-872d-4fbf-908e-618445b592ba",
	"ff73a57e-de54-43da-89b9-7fc18e7e85a5",
	"69ed6288-8a7a-4a78-8509-c5afa7b80900",
	"00000000-0000-0000-0000-000000000000");
INSERT INTO SM_NSTXN
	VALUES ("0f04dfa6-dac0-47a0-b8c3-d4d13cc2f1f7",
	"ff73a57e-de54-43da-89b9-7fc18e7e85a5",
	"69ed6288-8a7a-4a78-8509-c5afa7b80900",
	"2a21dfc2-cf8a-496d-91fa-d6cd6995d113",
	"00000000-0000-0000-0000-000000000000");
INSERT INTO SM_TAH
	VALUES ("dc6f4ce0-453b-4bad-b2e4-768df5994abc",
	"ff73a57e-de54-43da-89b9-7fc18e7e85a5",
	"0f04dfa6-dac0-47a0-b8c3-d4d13cc2f1f7");
INSERT INTO SM_AH
	VALUES ("dc6f4ce0-453b-4bad-b2e4-768df5994abc",
	"ff73a57e-de54-43da-89b9-7fc18e7e85a5");
INSERT INTO SM_ACT
	VALUES ("dc6f4ce0-453b-4bad-b2e4-768df5994abc",
	"ff73a57e-de54-43da-89b9-7fc18e7e85a5",
	1,
	'',
	'');
INSERT INTO ACT_TAB
	VALUES ("c4736c93-52bc-425d-bbb6-58e3ac2161f0",
	"ff73a57e-de54-43da-89b9-7fc18e7e85a5",
	"dc6f4ce0-453b-4bad-b2e4-768df5994abc");
INSERT INTO ACT_ACT
	VALUES ("c4736c93-52bc-425d-bbb6-58e3ac2161f0",
	'transition',
	0,
	"83fe4e5b-7092-4995-9fd9-3fd92fba0fb9",
	"00000000-0000-0000-0000-000000000000",
	0,
	'SIMPLETEST2: sessionEvent',
	"00000000-0000-0000-0000-000000000000");
INSERT INTO ACT_BLK
	VALUES ("83fe4e5b-7092-4995-9fd9-3fd92fba0fb9",
	0,
	0,
	0,
	'',
	'',
	'',
	0,
	0,
	0,
	0,
	0,
	0,
	0,
	0,
	0,
	0,
	0,
	0,
	0,
	"c4736c93-52bc-425d-bbb6-58e3ac2161f0",
	"00000000-0000-0000-0000-000000000000");
INSERT INTO SM_TXN
	VALUES ("0f04dfa6-dac0-47a0-b8c3-d4d13cc2f1f7",
	"ff73a57e-de54-43da-89b9-7fc18e7e85a5",
	"8fac4aec-97cb-4a48-8f6e-ef08889c723a",
	"00000000-0000-0000-0000-000000000000");
INSERT INTO SM_NSTXN
	VALUES ("a1bc1e29-b89e-488f-84a8-4c76ca6e4597",
	"ff73a57e-de54-43da-89b9-7fc18e7e85a5",
	"8fac4aec-97cb-4a48-8f6e-ef08889c723a",
	"eb6c99e7-c09f-4c32-96ec-e77623146056",
	"00000000-0000-0000-0000-000000000000");
INSERT INTO SM_TAH
	VALUES ("b6317a41-0972-4dce-ba49-b95c4ac114e7",
	"ff73a57e-de54-43da-89b9-7fc18e7e85a5",
	"a1bc1e29-b89e-488f-84a8-4c76ca6e4597");
INSERT INTO SM_AH
	VALUES ("b6317a41-0972-4dce-ba49-b95c4ac114e7",
	"ff73a57e-de54-43da-89b9-7fc18e7e85a5");
INSERT INTO SM_ACT
	VALUES ("b6317a41-0972-4dce-ba49-b95c4ac114e7",
	"ff73a57e-de54-43da-89b9-7fc18e7e85a5",
	1,
	'',
	'');
INSERT INTO ACT_TAB
	VALUES ("7f7bb1e7-51ba-48e7-8749-ec3ea7012326",
	"ff73a57e-de54-43da-89b9-7fc18e7e85a5",
	"b6317a41-0972-4dce-ba49-b95c4ac114e7");
INSERT INTO ACT_ACT
	VALUES ("7f7bb1e7-51ba-48e7-8749-ec3ea7012326",
	'transition',
	0,
	"4487f85b-0c96-4c41-baff-725032727979",
	"00000000-0000-0000-0000-000000000000",
	0,
	'SIMPLETEST3: availableEvent',
	"00000000-0000-0000-0000-000000000000");
INSERT INTO ACT_BLK
	VALUES ("4487f85b-0c96-4c41-baff-725032727979",
	0,
	0,
	0,
	'',
	'',
	'',
	0,
	0,
	0,
	0,
	0,
	0,
	0,
	0,
	0,
	0,
	0,
	0,
	0,
	"7f7bb1e7-51ba-48e7-8749-ec3ea7012326",
	"00000000-0000-0000-0000-000000000000");
INSERT INTO SM_TXN
	VALUES ("a1bc1e29-b89e-488f-84a8-4c76ca6e4597",
	"ff73a57e-de54-43da-89b9-7fc18e7e85a5",
	"45a31318-cb77-4398-871f-6d0d356015c3",
	"00000000-0000-0000-0000-000000000000");
INSERT INTO SM_NSTXN
	VALUES ("c627585d-b335-4f81-b781-0a8d1a635ce9",
	"ff73a57e-de54-43da-89b9-7fc18e7e85a5",
	"6945a0b4-8c16-4f77-97c6-756422754215",
	"e60d8278-0abd-4435-be30-5fb8266237ab",
	"00000000-0000-0000-0000-000000000000");
INSERT INTO SM_TAH
	VALUES ("c0909533-d140-46dc-b45e-aa0c4c2ff368",
	"ff73a57e-de54-43da-89b9-7fc18e7e85a5",
	"c627585d-b335-4f81-b781-0a8d1a635ce9");
INSERT INTO SM_AH
	VALUES ("c0909533-d140-46dc-b45e-aa0c4c2ff368",
	"ff73a57e-de54-43da-89b9-7fc18e7e85a5");
INSERT INTO SM_ACT
	VALUES ("c0909533-d140-46dc-b45e-aa0c4c2ff368",
	"ff73a57e-de54-43da-89b9-7fc18e7e85a5",
	1,
	'',
	'');
INSERT INTO ACT_TAB
	VALUES ("20e2f5db-681b-4b3f-9a01-cb48aa851602",
	"ff73a57e-de54-43da-89b9-7fc18e7e85a5",
	"c0909533-d140-46dc-b45e-aa0c4c2ff368");
INSERT INTO ACT_ACT
	VALUES ("20e2f5db-681b-4b3f-9a01-cb48aa851602",
	'transition',
	0,
	"58e31b74-1988-4873-ac48-6890eaa9a794",
	"00000000-0000-0000-0000-000000000000",
	0,
	'SIMPLETEST4: confirmEvent',
	"00000000-0000-0000-0000-000000000000");
INSERT INTO ACT_BLK
	VALUES ("58e31b74-1988-4873-ac48-6890eaa9a794",
	0,
	0,
	0,
	'',
	'',
	'',
	0,
	0,
	0,
	0,
	0,
	0,
	0,
	0,
	0,
	0,
	0,
	0,
	0,
	"20e2f5db-681b-4b3f-9a01-cb48aa851602",
	"00000000-0000-0000-0000-000000000000");
INSERT INTO SM_TXN
	VALUES ("c627585d-b335-4f81-b781-0a8d1a635ce9",
	"ff73a57e-de54-43da-89b9-7fc18e7e85a5",
	"b4f9b3dc-d0ea-414f-87c1-b4305608e9d3",
	"00000000-0000-0000-0000-000000000000");
INSERT INTO SM_NSTXN
	VALUES ("0c0a89c3-1ff1-4829-a55f-236f4f330127",
	"ff73a57e-de54-43da-89b9-7fc18e7e85a5",
	"b4f9b3dc-d0ea-414f-87c1-b4305608e9d3",
	"e60d8278-0abd-4435-be30-5fb8266237ab",
	"00000000-0000-0000-0000-000000000000");
INSERT INTO SM_TAH
	VALUES ("245e0e8c-8b4f-4dc7-86b7-53c314c6ac11",
	"ff73a57e-de54-43da-89b9-7fc18e7e85a5",
	"0c0a89c3-1ff1-4829-a55f-236f4f330127");
INSERT INTO SM_AH
	VALUES ("245e0e8c-8b4f-4dc7-86b7-53c314c6ac11",
	"ff73a57e-de54-43da-89b9-7fc18e7e85a5");
INSERT INTO SM_ACT
	VALUES ("245e0e8c-8b4f-4dc7-86b7-53c314c6ac11",
	"ff73a57e-de54-43da-89b9-7fc18e7e85a5",
	1,
	'',
	'');
INSERT INTO ACT_TAB
	VALUES ("b530f20a-1ead-4543-b923-87206f54ab05",
	"ff73a57e-de54-43da-89b9-7fc18e7e85a5",
	"245e0e8c-8b4f-4dc7-86b7-53c314c6ac11");
INSERT INTO ACT_ACT
	VALUES ("b530f20a-1ead-4543-b923-87206f54ab05",
	'transition',
	0,
	"fbaece4e-b957-453e-a08c-381ebd38a47e",
	"00000000-0000-0000-0000-000000000000",
	0,
	'SIMPLETEST4: confirmEvent',
	"00000000-0000-0000-0000-000000000000");
INSERT INTO ACT_BLK
	VALUES ("fbaece4e-b957-453e-a08c-381ebd38a47e",
	0,
	0,
	0,
	'',
	'',
	'',
	0,
	0,
	0,
	0,
	0,
	0,
	0,
	0,
	0,
	0,
	0,
	0,
	0,
	"b530f20a-1ead-4543-b923-87206f54ab05",
	"00000000-0000-0000-0000-000000000000");
INSERT INTO SM_TXN
	VALUES ("0c0a89c3-1ff1-4829-a55f-236f4f330127",
	"ff73a57e-de54-43da-89b9-7fc18e7e85a5",
	"114bbc3b-72e1-4b39-aa4a-f16e758cd7e3",
	"00000000-0000-0000-0000-000000000000");
INSERT INTO SM_NSTXN
	VALUES ("90d0d201-9bb1-42f3-b08a-bf0e27f130ba",
	"ff73a57e-de54-43da-89b9-7fc18e7e85a5",
	"114bbc3b-72e1-4b39-aa4a-f16e758cd7e3",
	"e60d8278-0abd-4435-be30-5fb8266237ab",
	"00000000-0000-0000-0000-000000000000");
INSERT INTO SM_TAH
	VALUES ("07065313-15eb-455a-8311-bd93e811cba6",
	"ff73a57e-de54-43da-89b9-7fc18e7e85a5",
	"90d0d201-9bb1-42f3-b08a-bf0e27f130ba");
INSERT INTO SM_AH
	VALUES ("07065313-15eb-455a-8311-bd93e811cba6",
	"ff73a57e-de54-43da-89b9-7fc18e7e85a5");
INSERT INTO SM_ACT
	VALUES ("07065313-15eb-455a-8311-bd93e811cba6",
	"ff73a57e-de54-43da-89b9-7fc18e7e85a5",
	1,
	'',
	'');
INSERT INTO ACT_TAB
	VALUES ("0876ce1e-9631-462e-a1cb-c575db936995",
	"ff73a57e-de54-43da-89b9-7fc18e7e85a5",
	"07065313-15eb-455a-8311-bd93e811cba6");
INSERT INTO ACT_ACT
	VALUES ("0876ce1e-9631-462e-a1cb-c575db936995",
	'transition',
	0,
	"76f21bb5-530a-459f-9c58-1c6349e8d53e",
	"00000000-0000-0000-0000-000000000000",
	0,
	'SIMPLETEST4: confirmEvent',
	"00000000-0000-0000-0000-000000000000");
INSERT INTO ACT_BLK
	VALUES ("76f21bb5-530a-459f-9c58-1c6349e8d53e",
	0,
	0,
	0,
	'',
	'',
	'',
	0,
	0,
	0,
	0,
	0,
	0,
	0,
	0,
	0,
	0,
	0,
	0,
	0,
	"0876ce1e-9631-462e-a1cb-c575db936995",
	"00000000-0000-0000-0000-000000000000");
INSERT INTO SM_TXN
	VALUES ("90d0d201-9bb1-42f3-b08a-bf0e27f130ba",
	"ff73a57e-de54-43da-89b9-7fc18e7e85a5",
	"5911dbb7-18dc-4ae6-bfb4-a9a5216843d7",
	"00000000-0000-0000-0000-000000000000");
INSERT INTO SM_NSTXN
	VALUES ("2afdb634-f1ff-4d67-bc4a-fea9a8bccb8a",
	"ff73a57e-de54-43da-89b9-7fc18e7e85a5",
	"45a31318-cb77-4398-871f-6d0d356015c3",
	"eb6c99e7-c09f-4c32-96ec-e77623146056",
	"00000000-0000-0000-0000-000000000000");
INSERT INTO SM_TAH
	VALUES ("72c29fe2-0ca4-4d93-b18b-21333c3e09a2",
	"ff73a57e-de54-43da-89b9-7fc18e7e85a5",
	"2afdb634-f1ff-4d67-bc4a-fea9a8bccb8a");
INSERT INTO SM_AH
	VALUES ("72c29fe2-0ca4-4d93-b18b-21333c3e09a2",
	"ff73a57e-de54-43da-89b9-7fc18e7e85a5");
INSERT INTO SM_ACT
	VALUES ("72c29fe2-0ca4-4d93-b18b-21333c3e09a2",
	"ff73a57e-de54-43da-89b9-7fc18e7e85a5",
	1,
	'',
	'');
INSERT INTO ACT_TAB
	VALUES ("e92a86ac-2b6b-4a2e-90d2-18a2fbe003f5",
	"ff73a57e-de54-43da-89b9-7fc18e7e85a5",
	"72c29fe2-0ca4-4d93-b18b-21333c3e09a2");
INSERT INTO ACT_ACT
	VALUES ("e92a86ac-2b6b-4a2e-90d2-18a2fbe003f5",
	'transition',
	0,
	"80b6176c-4a0f-47d3-b78c-f546be91db6d",
	"00000000-0000-0000-0000-000000000000",
	0,
	'SIMPLETEST3: availableEvent',
	"00000000-0000-0000-0000-000000000000");
INSERT INTO ACT_BLK
	VALUES ("80b6176c-4a0f-47d3-b78c-f546be91db6d",
	0,
	0,
	0,
	'',
	'',
	'',
	0,
	0,
	0,
	0,
	0,
	0,
	0,
	0,
	0,
	0,
	0,
	0,
	0,
	"e92a86ac-2b6b-4a2e-90d2-18a2fbe003f5",
	"00000000-0000-0000-0000-000000000000");
INSERT INTO SM_TXN
	VALUES ("2afdb634-f1ff-4d67-bc4a-fea9a8bccb8a",
	"ff73a57e-de54-43da-89b9-7fc18e7e85a5",
	"45a31318-cb77-4398-871f-6d0d356015c3",
	"00000000-0000-0000-0000-000000000000");
INSERT INTO SM_NSTXN
	VALUES ("e9d07d8a-71d6-4c3f-80a0-de836564a794",
	"ff73a57e-de54-43da-89b9-7fc18e7e85a5",
	"45a31318-cb77-4398-871f-6d0d356015c3",
	"b215e1a1-e928-44a2-b827-815cde5d4b84",
	"00000000-0000-0000-0000-000000000000");
INSERT INTO SM_TAH
	VALUES ("994dace0-c37f-4784-8d36-589567e7039d",
	"ff73a57e-de54-43da-89b9-7fc18e7e85a5",
	"e9d07d8a-71d6-4c3f-80a0-de836564a794");
INSERT INTO SM_AH
	VALUES ("994dace0-c37f-4784-8d36-589567e7039d",
	"ff73a57e-de54-43da-89b9-7fc18e7e85a5");
INSERT INTO SM_ACT
	VALUES ("994dace0-c37f-4784-8d36-589567e7039d",
	"ff73a57e-de54-43da-89b9-7fc18e7e85a5",
	1,
	'',
	'');
INSERT INTO ACT_TAB
	VALUES ("e4c34c49-dd71-45bf-b1ea-c43271e22456",
	"ff73a57e-de54-43da-89b9-7fc18e7e85a5",
	"994dace0-c37f-4784-8d36-589567e7039d");
INSERT INTO ACT_ACT
	VALUES ("e4c34c49-dd71-45bf-b1ea-c43271e22456",
	'transition',
	0,
	"ec71b609-aec5-4f7d-b75c-c80233969d61",
	"00000000-0000-0000-0000-000000000000",
	0,
	'SIMPLETEST6: foundDesiredRoomEvent',
	"00000000-0000-0000-0000-000000000000");
INSERT INTO ACT_BLK
	VALUES ("ec71b609-aec5-4f7d-b75c-c80233969d61",
	0,
	0,
	0,
	'',
	'',
	'',
	0,
	0,
	0,
	0,
	0,
	0,
	0,
	0,
	0,
	0,
	0,
	0,
	0,
	"e4c34c49-dd71-45bf-b1ea-c43271e22456",
	"00000000-0000-0000-0000-000000000000");
INSERT INTO SM_TXN
	VALUES ("e9d07d8a-71d6-4c3f-80a0-de836564a794",
	"ff73a57e-de54-43da-89b9-7fc18e7e85a5",
	"50908c87-b356-4ca1-bd8c-4d35cdd5bae1",
	"00000000-0000-0000-0000-000000000000");
INSERT INTO SM_NSTXN
	VALUES ("0536e29a-68fa-4fe6-b40c-a256690d123a",
	"ff73a57e-de54-43da-89b9-7fc18e7e85a5",
	"50908c87-b356-4ca1-bd8c-4d35cdd5bae1",
	"e60d8278-0abd-4435-be30-5fb8266237ab",
	"00000000-0000-0000-0000-000000000000");
INSERT INTO SM_TAH
	VALUES ("9d69068f-e750-4c5d-a2ce-fa05f878435a",
	"ff73a57e-de54-43da-89b9-7fc18e7e85a5",
	"0536e29a-68fa-4fe6-b40c-a256690d123a");
INSERT INTO SM_AH
	VALUES ("9d69068f-e750-4c5d-a2ce-fa05f878435a",
	"ff73a57e-de54-43da-89b9-7fc18e7e85a5");
INSERT INTO SM_ACT
	VALUES ("9d69068f-e750-4c5d-a2ce-fa05f878435a",
	"ff73a57e-de54-43da-89b9-7fc18e7e85a5",
	1,
	'',
	'');
INSERT INTO ACT_TAB
	VALUES ("78ace8f7-9d85-4b47-a5e0-9d5ff8a36b0f",
	"ff73a57e-de54-43da-89b9-7fc18e7e85a5",
	"9d69068f-e750-4c5d-a2ce-fa05f878435a");
INSERT INTO ACT_ACT
	VALUES ("78ace8f7-9d85-4b47-a5e0-9d5ff8a36b0f",
	'transition',
	0,
	"4120d490-fd9f-4def-b5f2-f51a9efc4898",
	"00000000-0000-0000-0000-000000000000",
	0,
	'SIMPLETEST4: confirmEvent',
	"00000000-0000-0000-0000-000000000000");
INSERT INTO ACT_BLK
	VALUES ("4120d490-fd9f-4def-b5f2-f51a9efc4898",
	0,
	0,
	0,
	'',
	'',
	'',
	0,
	0,
	0,
	0,
	0,
	0,
	0,
	0,
	0,
	0,
	0,
	0,
	0,
	"78ace8f7-9d85-4b47-a5e0-9d5ff8a36b0f",
	"00000000-0000-0000-0000-000000000000");
INSERT INTO SM_TXN
	VALUES ("0536e29a-68fa-4fe6-b40c-a256690d123a",
	"ff73a57e-de54-43da-89b9-7fc18e7e85a5",
	"6945a0b4-8c16-4f77-97c6-756422754215",
	"00000000-0000-0000-0000-000000000000");
INSERT INTO SM_NSTXN
	VALUES ("a5e89887-c2a8-4cd6-9dfc-80c9018022f1",
	"ff73a57e-de54-43da-89b9-7fc18e7e85a5",
	"8fac4aec-97cb-4a48-8f6e-ef08889c723a",
	"a8d07c15-c55f-45d9-899b-3d15c92b3882",
	"00000000-0000-0000-0000-000000000000");
INSERT INTO SM_TAH
	VALUES ("b8fab72a-9f19-439f-9c4a-3f8133b1419a",
	"ff73a57e-de54-43da-89b9-7fc18e7e85a5",
	"a5e89887-c2a8-4cd6-9dfc-80c9018022f1");
INSERT INTO SM_AH
	VALUES ("b8fab72a-9f19-439f-9c4a-3f8133b1419a",
	"ff73a57e-de54-43da-89b9-7fc18e7e85a5");
INSERT INTO SM_ACT
	VALUES ("b8fab72a-9f19-439f-9c4a-3f8133b1419a",
	"ff73a57e-de54-43da-89b9-7fc18e7e85a5",
	1,
	'',
	'');
INSERT INTO ACT_TAB
	VALUES ("ccc5a16d-f0ea-4a07-ae9a-e8398f3f9ba7",
	"ff73a57e-de54-43da-89b9-7fc18e7e85a5",
	"b8fab72a-9f19-439f-9c4a-3f8133b1419a");
INSERT INTO ACT_ACT
	VALUES ("ccc5a16d-f0ea-4a07-ae9a-e8398f3f9ba7",
	'transition',
	0,
	"43d99a89-1b2f-4579-81d3-21cdbc5ae789",
	"00000000-0000-0000-0000-000000000000",
	0,
	'SIMPLETEST5: endOfListEvent',
	"00000000-0000-0000-0000-000000000000");
INSERT INTO ACT_BLK
	VALUES ("43d99a89-1b2f-4579-81d3-21cdbc5ae789",
	0,
	0,
	0,
	'',
	'',
	'',
	0,
	0,
	0,
	0,
	0,
	0,
	0,
	0,
	0,
	0,
	0,
	0,
	0,
	"ccc5a16d-f0ea-4a07-ae9a-e8398f3f9ba7",
	"00000000-0000-0000-0000-000000000000");
INSERT INTO SM_TXN
	VALUES ("a5e89887-c2a8-4cd6-9dfc-80c9018022f1",
	"ff73a57e-de54-43da-89b9-7fc18e7e85a5",
	"2efccd73-deb5-49ea-8acc-51942953d608",
	"00000000-0000-0000-0000-000000000000");
INSERT INTO SM_NSTXN
	VALUES ("9446fdee-595d-4440-831e-e886e5102cb7",
	"ff73a57e-de54-43da-89b9-7fc18e7e85a5",
	"45a31318-cb77-4398-871f-6d0d356015c3",
	"a8d07c15-c55f-45d9-899b-3d15c92b3882",
	"00000000-0000-0000-0000-000000000000");
INSERT INTO SM_TAH
	VALUES ("6c92cef4-5332-4c01-b39b-e5eb725d35b4",
	"ff73a57e-de54-43da-89b9-7fc18e7e85a5",
	"9446fdee-595d-4440-831e-e886e5102cb7");
INSERT INTO SM_AH
	VALUES ("6c92cef4-5332-4c01-b39b-e5eb725d35b4",
	"ff73a57e-de54-43da-89b9-7fc18e7e85a5");
INSERT INTO SM_ACT
	VALUES ("6c92cef4-5332-4c01-b39b-e5eb725d35b4",
	"ff73a57e-de54-43da-89b9-7fc18e7e85a5",
	1,
	'',
	'');
INSERT INTO ACT_TAB
	VALUES ("31d27066-344f-4420-b21d-a7f06d7c4628",
	"ff73a57e-de54-43da-89b9-7fc18e7e85a5",
	"6c92cef4-5332-4c01-b39b-e5eb725d35b4");
INSERT INTO ACT_ACT
	VALUES ("31d27066-344f-4420-b21d-a7f06d7c4628",
	'transition',
	0,
	"01f8ebe3-cae4-4547-bd64-6c3c00710446",
	"00000000-0000-0000-0000-000000000000",
	0,
	'SIMPLETEST5: endOfListEvent',
	"00000000-0000-0000-0000-000000000000");
INSERT INTO ACT_BLK
	VALUES ("01f8ebe3-cae4-4547-bd64-6c3c00710446",
	0,
	0,
	0,
	'',
	'',
	'',
	0,
	0,
	0,
	0,
	0,
	0,
	0,
	0,
	0,
	0,
	0,
	0,
	0,
	"31d27066-344f-4420-b21d-a7f06d7c4628",
	"00000000-0000-0000-0000-000000000000");
INSERT INTO SM_TXN
	VALUES ("9446fdee-595d-4440-831e-e886e5102cb7",
	"ff73a57e-de54-43da-89b9-7fc18e7e85a5",
	"2efccd73-deb5-49ea-8acc-51942953d608",
	"00000000-0000-0000-0000-000000000000");
INSERT INTO SM_NSTXN
	VALUES ("e1683c46-caf0-435b-98da-69a7e420dd4b",
	"ff73a57e-de54-43da-89b9-7fc18e7e85a5",
	"50908c87-b356-4ca1-bd8c-4d35cdd5bae1",
	"db689256-8056-41cd-abf0-1804a111281b",
	"00000000-0000-0000-0000-000000000000");
INSERT INTO SM_TAH
	VALUES ("12dcf793-86d4-453a-a58a-67d865441fd6",
	"ff73a57e-de54-43da-89b9-7fc18e7e85a5",
	"e1683c46-caf0-435b-98da-69a7e420dd4b");
INSERT INTO SM_AH
	VALUES ("12dcf793-86d4-453a-a58a-67d865441fd6",
	"ff73a57e-de54-43da-89b9-7fc18e7e85a5");
INSERT INTO SM_ACT
	VALUES ("12dcf793-86d4-453a-a58a-67d865441fd6",
	"ff73a57e-de54-43da-89b9-7fc18e7e85a5",
	1,
	'',
	'');
INSERT INTO ACT_TAB
	VALUES ("a9465272-f537-466a-a304-f8022e726c48",
	"ff73a57e-de54-43da-89b9-7fc18e7e85a5",
	"12dcf793-86d4-453a-a58a-67d865441fd6");
INSERT INTO ACT_ACT
	VALUES ("a9465272-f537-466a-a304-f8022e726c48",
	'transition',
	0,
	"d9402dfe-b9b0-4bbf-8254-a5e6e1a9f487",
	"00000000-0000-0000-0000-000000000000",
	0,
	'SIMPLETEST7: errorEvent',
	"00000000-0000-0000-0000-000000000000");
INSERT INTO ACT_BLK
	VALUES ("d9402dfe-b9b0-4bbf-8254-a5e6e1a9f487",
	0,
	0,
	0,
	'',
	'',
	'',
	0,
	0,
	0,
	0,
	0,
	0,
	0,
	0,
	0,
	0,
	0,
	0,
	0,
	"a9465272-f537-466a-a304-f8022e726c48",
	"00000000-0000-0000-0000-000000000000");
INSERT INTO SM_TXN
	VALUES ("e1683c46-caf0-435b-98da-69a7e420dd4b",
	"ff73a57e-de54-43da-89b9-7fc18e7e85a5",
	"2efccd73-deb5-49ea-8acc-51942953d608",
	"00000000-0000-0000-0000-000000000000");
INSERT INTO SM_NSTXN
	VALUES ("254c4367-179d-4ea0-a689-a31d23de1fbb",
	"ff73a57e-de54-43da-89b9-7fc18e7e85a5",
	"8fac4aec-97cb-4a48-8f6e-ef08889c723a",
	"db689256-8056-41cd-abf0-1804a111281b",
	"00000000-0000-0000-0000-000000000000");
INSERT INTO SM_TAH
	VALUES ("67c0de52-46e5-49cf-bc17-16f08a694067",
	"ff73a57e-de54-43da-89b9-7fc18e7e85a5",
	"254c4367-179d-4ea0-a689-a31d23de1fbb");
INSERT INTO SM_AH
	VALUES ("67c0de52-46e5-49cf-bc17-16f08a694067",
	"ff73a57e-de54-43da-89b9-7fc18e7e85a5");
INSERT INTO SM_ACT
	VALUES ("67c0de52-46e5-49cf-bc17-16f08a694067",
	"ff73a57e-de54-43da-89b9-7fc18e7e85a5",
	1,
	'',
	'');
INSERT INTO ACT_TAB
	VALUES ("f4ce1690-83ff-4630-8803-7e2815f7b6d9",
	"ff73a57e-de54-43da-89b9-7fc18e7e85a5",
	"67c0de52-46e5-49cf-bc17-16f08a694067");
INSERT INTO ACT_ACT
	VALUES ("f4ce1690-83ff-4630-8803-7e2815f7b6d9",
	'transition',
	0,
	"29512194-9ab1-47b3-a2c6-bcb7eb69b1b5",
	"00000000-0000-0000-0000-000000000000",
	0,
	'SIMPLETEST7: errorEvent',
	"00000000-0000-0000-0000-000000000000");
INSERT INTO ACT_BLK
	VALUES ("29512194-9ab1-47b3-a2c6-bcb7eb69b1b5",
	0,
	0,
	0,
	'',
	'',
	'',
	0,
	0,
	0,
	0,
	0,
	0,
	0,
	0,
	0,
	0,
	0,
	0,
	0,
	"f4ce1690-83ff-4630-8803-7e2815f7b6d9",
	"00000000-0000-0000-0000-000000000000");
INSERT INTO SM_TXN
	VALUES ("254c4367-179d-4ea0-a689-a31d23de1fbb",
	"ff73a57e-de54-43da-89b9-7fc18e7e85a5",
	"2efccd73-deb5-49ea-8acc-51942953d608",
	"00000000-0000-0000-0000-000000000000");
INSERT INTO SM_ASM
	VALUES ("96895ef9-6c20-43e9-ac42-4a9d9b10dc18",
	"6daee5e1-aefd-49c8-b18d-234fb0eb1928");
INSERT INTO SM_SM
	VALUES ("96895ef9-6c20-43e9-ac42-4a9d9b10dc18",
	'',
	0);
INSERT INTO SM_MOORE
	VALUES ("96895ef9-6c20-43e9-ac42-4a9d9b10dc18");
INSERT INTO EP_PKG
	VALUES ("7ab991a5-3958-4a50-bf82-5b2da16ecd76",
	"77552e13-265a-4a67-beca-bb6af5f15d0b",
	"77552e13-265a-4a67-beca-bb6af5f15d0b",
	'Shared EEs',
	'',
	0);
INSERT INTO PE_PE
	VALUES ("fad39749-df67-43e1-8b90-799862a3757c",
	1,
	"7ab991a5-3958-4a50-bf82-5b2da16ecd76",
	"00000000-0000-0000-0000-000000000000",
	5);
INSERT INTO S_EE
	VALUES ("fad39749-df67-43e1-8b90-799862a3757c",
	'Logging',
	'',
	'LOG',
	"00000000-0000-0000-0000-000000000000",
	'',
	'Logging');
INSERT INTO S_BRG
	VALUES ("21801458-b22d-439e-a399-3ef5384aaf91",
	"fad39749-df67-43e1-8b90-799862a3757c",
	'LogSuccess',
	'',
	0,
	"ba5eda7a-def5-0000-0000-000000000000",
	'',
	1,
	'');
INSERT INTO S_BPARM
	VALUES ("4f3dc2d0-bef8-43e0-8748-16ddb80b9ebc",
	"21801458-b22d-439e-a399-3ef5384aaf91",
	'message',
	"ba5eda7a-def5-0000-0000-000000000004",
	0,
	'',
	"00000000-0000-0000-0000-000000000000",
	'');
INSERT INTO ACT_BRB
	VALUES ("5df1fdf3-56d0-4612-9bb0-b793ee077594",
	"21801458-b22d-439e-a399-3ef5384aaf91");
INSERT INTO ACT_ACT
	VALUES ("5df1fdf3-56d0-4612-9bb0-b793ee077594",
	'bridge',
	0,
	"d944628f-6edb-4757-9714-a63070cf58b2",
	"00000000-0000-0000-0000-000000000000",
	0,
	'Logging::LogSuccess',
	"00000000-0000-0000-0000-000000000000");
INSERT INTO ACT_BLK
	VALUES ("d944628f-6edb-4757-9714-a63070cf58b2",
	0,
	0,
	0,
	'',
	'',
	'',
	0,
	0,
	0,
	0,
	0,
	0,
	0,
	0,
	0,
	0,
	0,
	0,
	0,
	"5df1fdf3-56d0-4612-9bb0-b793ee077594",
	"00000000-0000-0000-0000-000000000000");
INSERT INTO S_BRG
	VALUES ("43685d54-3033-4e04-b853-5510e9a6781b",
	"fad39749-df67-43e1-8b90-799862a3757c",
	'LogFailure',
	'',
	0,
	"ba5eda7a-def5-0000-0000-000000000000",
	'',
	1,
	'');
INSERT INTO S_BPARM
	VALUES ("fa599f4c-fe9c-4b1e-815d-c98ebdc65d9f",
	"43685d54-3033-4e04-b853-5510e9a6781b",
	'message',
	"ba5eda7a-def5-0000-0000-000000000004",
	0,
	'',
	"00000000-0000-0000-0000-000000000000",
	'');
INSERT INTO ACT_BRB
	VALUES ("ea8706ea-9e78-41dd-9e54-dac32ddb8e9b",
	"43685d54-3033-4e04-b853-5510e9a6781b");
INSERT INTO ACT_ACT
	VALUES ("ea8706ea-9e78-41dd-9e54-dac32ddb8e9b",
	'bridge',
	0,
	"65579ae3-b45f-4843-8c20-0a58a1638870",
	"00000000-0000-0000-0000-000000000000",
	0,
	'Logging::LogFailure',
	"00000000-0000-0000-0000-000000000000");
INSERT INTO ACT_BLK
	VALUES ("65579ae3-b45f-4843-8c20-0a58a1638870",
	0,
	0,
	0,
	'',
	'',
	'',
	0,
	0,
	0,
	0,
	0,
	0,
	0,
	0,
	0,
	0,
	0,
	0,
	0,
	"ea8706ea-9e78-41dd-9e54-dac32ddb8e9b",
	"00000000-0000-0000-0000-000000000000");
INSERT INTO S_BRG
	VALUES ("768e1cca-7403-495c-9b22-afd11a473eb6",
	"fad39749-df67-43e1-8b90-799862a3757c",
	'LogInfo',
	'',
	0,
	"ba5eda7a-def5-0000-0000-000000000000",
	'',
	1,
	'');
INSERT INTO S_BPARM
	VALUES ("f676d1cb-709e-45ec-b3cd-5cd645f64b51",
	"768e1cca-7403-495c-9b22-afd11a473eb6",
	'message',
	"ba5eda7a-def5-0000-0000-000000000004",
	0,
	'',
	"00000000-0000-0000-0000-000000000000",
	'');
INSERT INTO ACT_BRB
	VALUES ("3bfe973d-5c80-44e7-a0a5-0b0dfcbb3ca1",
	"768e1cca-7403-495c-9b22-afd11a473eb6");
INSERT INTO ACT_ACT
	VALUES ("3bfe973d-5c80-44e7-a0a5-0b0dfcbb3ca1",
	'bridge',
	0,
	"0cacdf44-d729-4a58-8a18-cfec8acfbc02",
	"00000000-0000-0000-0000-000000000000",
	0,
	'Logging::LogInfo',
	"00000000-0000-0000-0000-000000000000");
INSERT INTO ACT_BLK
	VALUES ("0cacdf44-d729-4a58-8a18-cfec8acfbc02",
	0,
	0,
	0,
	'',
	'',
	'',
	0,
	0,
	0,
	0,
	0,
	0,
	0,
	0,
	0,
	0,
	0,
	0,
	0,
	"3bfe973d-5c80-44e7-a0a5-0b0dfcbb3ca1",
	"00000000-0000-0000-0000-000000000000");
INSERT INTO S_BRG
	VALUES ("badb0c1c-59d4-4171-b6dc-4d014c05a69b",
	"fad39749-df67-43e1-8b90-799862a3757c",
	'LogDate',
	'',
	0,
	"ba5eda7a-def5-0000-0000-000000000000",
	'',
	1,
	'');
INSERT INTO S_BPARM
	VALUES ("2bd39248-c021-4cd4-bee9-0d1d6e7eb9aa",
	"badb0c1c-59d4-4171-b6dc-4d014c05a69b",
	'd',
	"ba5eda7a-def5-0000-0000-00000000000e",
	0,
	'',
	"00000000-0000-0000-0000-000000000000",
	'');
INSERT INTO S_BPARM
	VALUES ("83234d50-594b-458b-a62b-f47b31effc32",
	"badb0c1c-59d4-4171-b6dc-4d014c05a69b",
	'message',
	"ba5eda7a-def5-0000-0000-000000000004",
	0,
	'',
	"2bd39248-c021-4cd4-bee9-0d1d6e7eb9aa",
	'');
INSERT INTO ACT_BRB
	VALUES ("5c27b8a1-dfc0-465e-9deb-1272ab6bb330",
	"badb0c1c-59d4-4171-b6dc-4d014c05a69b");
INSERT INTO ACT_ACT
	VALUES ("5c27b8a1-dfc0-465e-9deb-1272ab6bb330",
	'bridge',
	0,
	"f17178b3-43ec-4086-95f1-34239f2dac12",
	"00000000-0000-0000-0000-000000000000",
	0,
	'Logging::LogDate',
	"00000000-0000-0000-0000-000000000000");
INSERT INTO ACT_BLK
	VALUES ("f17178b3-43ec-4086-95f1-34239f2dac12",
	0,
	0,
	0,
	'',
	'',
	'',
	0,
	0,
	0,
	0,
	0,
	0,
	0,
	0,
	0,
	0,
	0,
	0,
	0,
	"5c27b8a1-dfc0-465e-9deb-1272ab6bb330",
	"00000000-0000-0000-0000-000000000000");
INSERT INTO S_BRG
	VALUES ("0b1d27b9-3158-473f-bb9b-8c8be6e0634e",
	"fad39749-df67-43e1-8b90-799862a3757c",
	'LogTime',
	'',
	0,
	"ba5eda7a-def5-0000-0000-000000000000",
	'',
	1,
	'');
INSERT INTO S_BPARM
	VALUES ("a06921df-e610-47e1-8e10-8486d9032cbc",
	"0b1d27b9-3158-473f-bb9b-8c8be6e0634e",
	't',
	"ba5eda7a-def5-0000-0000-000000000010",
	0,
	'',
	"faac3627-d51c-4ea8-bc3a-2111aa687e5d",
	'');
INSERT INTO S_BPARM
	VALUES ("faac3627-d51c-4ea8-bc3a-2111aa687e5d",
	"0b1d27b9-3158-473f-bb9b-8c8be6e0634e",
	'message',
	"ba5eda7a-def5-0000-0000-000000000004",
	0,
	'',
	"00000000-0000-0000-0000-000000000000",
	'');
INSERT INTO ACT_BRB
	VALUES ("7bfd78a9-4d43-48ac-89e9-0f7631eeaba2",
	"0b1d27b9-3158-473f-bb9b-8c8be6e0634e");
INSERT INTO ACT_ACT
	VALUES ("7bfd78a9-4d43-48ac-89e9-0f7631eeaba2",
	'bridge',
	0,
	"ebe388d0-51d0-49a4-ac3c-e7bb6a9654ec",
	"00000000-0000-0000-0000-000000000000",
	0,
	'Logging::LogTime',
	"00000000-0000-0000-0000-000000000000");
INSERT INTO ACT_BLK
	VALUES ("ebe388d0-51d0-49a4-ac3c-e7bb6a9654ec",
	0,
	0,
	0,
	'',
	'',
	'',
	0,
	0,
	0,
	0,
	0,
	0,
	0,
	0,
	0,
	0,
	0,
	0,
	0,
	"7bfd78a9-4d43-48ac-89e9-0f7631eeaba2",
	"00000000-0000-0000-0000-000000000000");
INSERT INTO S_BRG
	VALUES ("7ef21ad9-927c-4b1b-92a2-85003af84ab1",
	"fad39749-df67-43e1-8b90-799862a3757c",
	'LogReal',
	'',
	0,
	"ba5eda7a-def5-0000-0000-000000000000",
	'',
	1,
	'');
INSERT INTO S_BPARM
	VALUES ("648d875e-c1c6-4f8b-83f7-353ca551df2d",
	"7ef21ad9-927c-4b1b-92a2-85003af84ab1",
	'r',
	"ba5eda7a-def5-0000-0000-000000000003",
	0,
	'',
	"cf3ad5fd-6bd3-443d-bdee-959aedc60b72",
	'');
INSERT INTO S_BPARM
	VALUES ("cf3ad5fd-6bd3-443d-bdee-959aedc60b72",
	"7ef21ad9-927c-4b1b-92a2-85003af84ab1",
	'message',
	"ba5eda7a-def5-0000-0000-000000000004",
	0,
	'',
	"00000000-0000-0000-0000-000000000000",
	'');
INSERT INTO ACT_BRB
	VALUES ("d9e06d55-f79e-4ed1-8c78-f09d5f19c572",
	"7ef21ad9-927c-4b1b-92a2-85003af84ab1");
INSERT INTO ACT_ACT
	VALUES ("d9e06d55-f79e-4ed1-8c78-f09d5f19c572",
	'bridge',
	0,
	"8b2e6e71-b24e-490d-962e-1999d1d19f26",
	"00000000-0000-0000-0000-000000000000",
	0,
	'Logging::LogReal',
	"00000000-0000-0000-0000-000000000000");
INSERT INTO ACT_BLK
	VALUES ("8b2e6e71-b24e-490d-962e-1999d1d19f26",
	0,
	0,
	0,
	'',
	'',
	'',
	0,
	0,
	0,
	0,
	0,
	0,
	0,
	0,
	0,
	0,
	0,
	0,
	0,
	"d9e06d55-f79e-4ed1-8c78-f09d5f19c572",
	"00000000-0000-0000-0000-000000000000");
INSERT INTO S_BRG
	VALUES ("f042e0db-8b5c-46dd-910f-2c376ca7fb93",
	"fad39749-df67-43e1-8b90-799862a3757c",
	'LogInteger',
	'',
	0,
	"ba5eda7a-def5-0000-0000-000000000000",
	'',
	0,
	'');
INSERT INTO S_BPARM
	VALUES ("10aa8954-4293-4341-bbfe-cc1a144eceb4",
	"f042e0db-8b5c-46dd-910f-2c376ca7fb93",
	'message',
	"ba5eda7a-def5-0000-0000-000000000002",
	0,
	'',
	"00000000-0000-0000-0000-000000000000",
	'');
INSERT INTO PE_PE
	VALUES ("f219567e-d9b0-4046-8d52-913e07a80d8b",
	1,
	"7ab991a5-3958-4a50-bf82-5b2da16ecd76",
	"00000000-0000-0000-0000-000000000000",
	5);
INSERT INTO S_EE
	VALUES ("f219567e-d9b0-4046-8d52-913e07a80d8b",
	'Time',
	'The Time external entity provides date, timestamp, and timer related operations.',
	'TIM',
	"00000000-0000-0000-0000-000000000000",
	'',
	'Time');
INSERT INTO S_BRG
	VALUES ("b43ca519-9342-4581-9be9-ff6444d8faf5",
	"f219567e-d9b0-4046-8d52-913e07a80d8b",
	'current_date',
	'',
	1,
	"ba5eda7a-def5-0000-0000-00000000000e",
	'',
	0,
	'');
INSERT INTO S_BRG
	VALUES ("46742184-2efc-49e2-9fe1-e62dcc44be84",
	"f219567e-d9b0-4046-8d52-913e07a80d8b",
	'create_date',
	'',
	1,
	"ba5eda7a-def5-0000-0000-00000000000e",
	'',
	0,
	'');
INSERT INTO S_BPARM
	VALUES ("c89c5709-ca37-42cc-8e50-bffb64e16300",
	"46742184-2efc-49e2-9fe1-e62dcc44be84",
	'second',
	"ba5eda7a-def5-0000-0000-000000000002",
	0,
	'',
	"4d785b69-d809-432d-b173-e3a554a9e8a3",
	'');
INSERT INTO S_BPARM
	VALUES ("1488d6f9-7ba7-438d-bd0b-1bb2572acc58",
	"46742184-2efc-49e2-9fe1-e62dcc44be84",
	'minute',
	"ba5eda7a-def5-0000-0000-000000000002",
	0,
	'',
	"d3168719-391f-43fe-88b8-9237046f9d14",
	'');
INSERT INTO S_BPARM
	VALUES ("d3168719-391f-43fe-88b8-9237046f9d14",
	"46742184-2efc-49e2-9fe1-e62dcc44be84",
	'hour',
	"ba5eda7a-def5-0000-0000-000000000002",
	0,
	'',
	"24b8a055-e7a4-458f-8768-0b7203c072b6",
	'');
INSERT INTO S_BPARM
	VALUES ("24b8a055-e7a4-458f-8768-0b7203c072b6",
	"46742184-2efc-49e2-9fe1-e62dcc44be84",
	'day',
	"ba5eda7a-def5-0000-0000-000000000002",
	0,
	'',
	"00000000-0000-0000-0000-000000000000",
	'');
INSERT INTO S_BPARM
	VALUES ("4d785b69-d809-432d-b173-e3a554a9e8a3",
	"46742184-2efc-49e2-9fe1-e62dcc44be84",
	'month',
	"ba5eda7a-def5-0000-0000-000000000002",
	0,
	'',
	"1488d6f9-7ba7-438d-bd0b-1bb2572acc58",
	'');
INSERT INTO S_BPARM
	VALUES ("b08d9ec5-77d6-4a43-a8aa-238b467ac633",
	"46742184-2efc-49e2-9fe1-e62dcc44be84",
	'year',
	"ba5eda7a-def5-0000-0000-000000000002",
	0,
	'',
	"c89c5709-ca37-42cc-8e50-bffb64e16300",
	'');
INSERT INTO S_BRG
	VALUES ("e966a0d6-a15b-4d82-9537-46efa92e8029",
	"f219567e-d9b0-4046-8d52-913e07a80d8b",
	'get_second',
	'',
	1,
	"ba5eda7a-def5-0000-0000-000000000002",
	'',
	0,
	'');
INSERT INTO S_BPARM
	VALUES ("9513ed8a-c7d6-4390-a068-d34f8adf444b",
	"e966a0d6-a15b-4d82-9537-46efa92e8029",
	'date',
	"ba5eda7a-def5-0000-0000-00000000000e",
	0,
	'',
	"00000000-0000-0000-0000-000000000000",
	'');
INSERT INTO S_BRG
	VALUES ("f1918392-977c-4346-af9c-2c3a3d5f6307",
	"f219567e-d9b0-4046-8d52-913e07a80d8b",
	'get_minute',
	'',
	1,
	"ba5eda7a-def5-0000-0000-000000000002",
	'',
	0,
	'');
INSERT INTO S_BPARM
	VALUES ("f585c15e-7f66-4e26-a41a-56d9fd41b60e",
	"f1918392-977c-4346-af9c-2c3a3d5f6307",
	'date',
	"ba5eda7a-def5-0000-0000-00000000000e",
	0,
	'',
	"00000000-0000-0000-0000-000000000000",
	'');
INSERT INTO S_BRG
	VALUES ("3d1a6e95-d19d-4c24-a8d5-7e2e7f38e5b5",
	"f219567e-d9b0-4046-8d52-913e07a80d8b",
	'get_hour',
	'',
	1,
	"ba5eda7a-def5-0000-0000-000000000002",
	'',
	0,
	'');
INSERT INTO S_BPARM
	VALUES ("d3f3682a-b8b0-497c-8b9a-64295501fbaf",
	"3d1a6e95-d19d-4c24-a8d5-7e2e7f38e5b5",
	'date',
	"ba5eda7a-def5-0000-0000-00000000000e",
	0,
	'',
	"00000000-0000-0000-0000-000000000000",
	'');
INSERT INTO S_BRG
	VALUES ("7a83ce04-e3aa-4add-b4c3-2af162ad3fc3",
	"f219567e-d9b0-4046-8d52-913e07a80d8b",
	'get_day',
	'',
	1,
	"ba5eda7a-def5-0000-0000-000000000002",
	'',
	0,
	'');
INSERT INTO S_BPARM
	VALUES ("919a1871-cd66-492d-8a11-17b645e13092",
	"7a83ce04-e3aa-4add-b4c3-2af162ad3fc3",
	'date',
	"ba5eda7a-def5-0000-0000-00000000000e",
	0,
	'',
	"00000000-0000-0000-0000-000000000000",
	'');
INSERT INTO S_BRG
	VALUES ("20059e2e-78d7-4303-8608-0a66bc7b6936",
	"f219567e-d9b0-4046-8d52-913e07a80d8b",
	'get_month',
	'',
	1,
	"ba5eda7a-def5-0000-0000-000000000002",
	'',
	0,
	'');
INSERT INTO S_BPARM
	VALUES ("f325e91d-2586-4702-b161-24c4f77361d6",
	"20059e2e-78d7-4303-8608-0a66bc7b6936",
	'date',
	"ba5eda7a-def5-0000-0000-00000000000e",
	0,
	'',
	"00000000-0000-0000-0000-000000000000",
	'');
INSERT INTO S_BRG
	VALUES ("7c1c684b-1141-4c29-85e4-5b923690152e",
	"f219567e-d9b0-4046-8d52-913e07a80d8b",
	'get_year',
	'',
	1,
	"ba5eda7a-def5-0000-0000-000000000002",
	'',
	0,
	'');
INSERT INTO S_BPARM
	VALUES ("08ea60b5-b73c-42f7-afc1-91d8f27e5d27",
	"7c1c684b-1141-4c29-85e4-5b923690152e",
	'date',
	"ba5eda7a-def5-0000-0000-00000000000e",
	0,
	'',
	"00000000-0000-0000-0000-000000000000",
	'');
INSERT INTO S_BRG
	VALUES ("b128bd65-8b8b-4404-bfb7-8ebf4b5e6bfb",
	"f219567e-d9b0-4046-8d52-913e07a80d8b",
	'current_clock',
	'',
	1,
	"ba5eda7a-def5-0000-0000-000000000010",
	'',
	0,
	'');
INSERT INTO S_BRG
	VALUES ("b05f18a0-922d-48f0-b803-c3a1ec374dcd",
	"f219567e-d9b0-4046-8d52-913e07a80d8b",
	'timer_start',
	'This bridge operation starts a timer set to expire in the specified number of
microseconds, generating the passed event upon expiration. Returns the instance
handle of the timer.',
	1,
	"ba5eda7a-def5-0000-0000-00000000000f",
	'',
	0,
	'');
INSERT INTO S_BPARM
	VALUES ("6cd415a0-900e-4f06-a6cd-0a6501a9812c",
	"b05f18a0-922d-48f0-b803-c3a1ec374dcd",
	'microseconds',
	"ba5eda7a-def5-0000-0000-000000000002",
	0,
	'',
	"0e0aada6-6d34-4ed0-b5f2-99258f34fd48",
	'');
INSERT INTO S_BPARM
	VALUES ("0e0aada6-6d34-4ed0-b5f2-99258f34fd48",
	"b05f18a0-922d-48f0-b803-c3a1ec374dcd",
	'event_inst',
	"ba5eda7a-def5-0000-0000-00000000000a",
	0,
	'',
	"00000000-0000-0000-0000-000000000000",
	'');
INSERT INTO S_BRG
	VALUES ("05ff4b10-dd8c-4e19-9c95-345f5d3e109c",
	"f219567e-d9b0-4046-8d52-913e07a80d8b",
	'timer_start_recurring',
	'This bridge operation starts a timer set to expire in the specified number of
microseconds, generating the passed event upon expiration. Upon expiration, the
timer will be restarted and fire again in the specified number of microseconds
generating the passed event. This bridge operation returns the instance handle
of the timer.',
	1,
	"ba5eda7a-def5-0000-0000-00000000000f",
	'',
	0,
	'');
INSERT INTO S_BPARM
	VALUES ("018acfbc-cddc-4269-99e0-3ee97e629ddf",
	"05ff4b10-dd8c-4e19-9c95-345f5d3e109c",
	'microseconds',
	"ba5eda7a-def5-0000-0000-000000000002",
	0,
	'',
	"9d665631-9af8-48f4-abdc-7ba4a10307ad",
	'');
INSERT INTO S_BPARM
	VALUES ("9d665631-9af8-48f4-abdc-7ba4a10307ad",
	"05ff4b10-dd8c-4e19-9c95-345f5d3e109c",
	'event_inst',
	"ba5eda7a-def5-0000-0000-00000000000a",
	0,
	'',
	"00000000-0000-0000-0000-000000000000",
	'');
INSERT INTO S_BRG
	VALUES ("4eb83c3f-f6d4-4cfc-8813-a1c0f646aedf",
	"f219567e-d9b0-4046-8d52-913e07a80d8b",
	'timer_remaining_time',
	'Returns the time remaining (in microseconds) for the passed timer instance. If
the timer has expired, a zero value is returned.',
	1,
	"ba5eda7a-def5-0000-0000-000000000002",
	'',
	0,
	'');
INSERT INTO S_BPARM
	VALUES ("4b49b9eb-53a2-440a-80d9-95f724edef49",
	"4eb83c3f-f6d4-4cfc-8813-a1c0f646aedf",
	'timer_inst_ref',
	"ba5eda7a-def5-0000-0000-00000000000f",
	0,
	'',
	"00000000-0000-0000-0000-000000000000",
	'');
INSERT INTO S_BRG
	VALUES ("70f0f6a4-bd7b-4d73-818b-4f63757fa667",
	"f219567e-d9b0-4046-8d52-913e07a80d8b",
	'timer_reset_time',
	'This bridge operation attempts to set the passed existing timer to expire in
the specified number of microseconds. If the timer exists (that is, it has not
expired), a TRUE value is returned. If the timer no longer exists, a FALSE value
is returned.',
	1,
	"ba5eda7a-def5-0000-0000-000000000001",
	'',
	0,
	'');
INSERT INTO S_BPARM
	VALUES ("e3ed223d-b381-47e8-9e97-745aca0c8060",
	"70f0f6a4-bd7b-4d73-818b-4f63757fa667",
	'timer_inst_ref',
	"ba5eda7a-def5-0000-0000-00000000000f",
	0,
	'',
	"70076f85-922c-4a8e-aafd-c7a87d19ffc8",
	'');
INSERT INTO S_BPARM
	VALUES ("70076f85-922c-4a8e-aafd-c7a87d19ffc8",
	"70f0f6a4-bd7b-4d73-818b-4f63757fa667",
	'microseconds',
	"ba5eda7a-def5-0000-0000-000000000002",
	0,
	'',
	"00000000-0000-0000-0000-000000000000",
	'');
INSERT INTO S_BRG
	VALUES ("7ebf3eb6-48b0-41db-9b19-eb459a53b1ca",
	"f219567e-d9b0-4046-8d52-913e07a80d8b",
	'timer_add_time',
	'This bridge operation attempts to add the specified number of microseconds to a
passed existing timer. If the timer exists (that is, it has not expired), a TRUE
value is returned. If the timer no longer exists, a FALSE value is returned.',
	1,
	"ba5eda7a-def5-0000-0000-000000000001",
	'',
	0,
	'');
INSERT INTO S_BPARM
	VALUES ("5cb8158f-d756-4746-a883-c2cb14a296f8",
	"7ebf3eb6-48b0-41db-9b19-eb459a53b1ca",
	'timer_inst_ref',
	"ba5eda7a-def5-0000-0000-00000000000f",
	0,
	'',
	"d7af908f-f891-45c2-bf9e-f825df45ca13",
	'');
INSERT INTO S_BPARM
	VALUES ("d7af908f-f891-45c2-bf9e-f825df45ca13",
	"7ebf3eb6-48b0-41db-9b19-eb459a53b1ca",
	'microseconds',
	"ba5eda7a-def5-0000-0000-000000000002",
	0,
	'',
	"00000000-0000-0000-0000-000000000000",
	'');
INSERT INTO S_BRG
	VALUES ("5eaf1550-c0f3-4005-aa70-ce76a54e7b59",
	"f219567e-d9b0-4046-8d52-913e07a80d8b",
	'timer_cancel',
	'This bridge operation cancels and deletes the passed timer instance. If the 
timer exists (that is, it had not expired), a TRUE value is returned. If the
timer no longer exists, a FALSE value is returned.',
	1,
	"ba5eda7a-def5-0000-0000-000000000001",
	'',
	0,
	'');
INSERT INTO S_BPARM
	VALUES ("b194e863-2d9a-4f17-bde6-2651b4c7d93a",
	"5eaf1550-c0f3-4005-aa70-ce76a54e7b59",
	'timer_inst_ref',
	"ba5eda7a-def5-0000-0000-00000000000f",
	0,
	'',
	"00000000-0000-0000-0000-000000000000",
	'');
INSERT INTO EP_PKG
	VALUES ("83d1f9e7-250e-4a5d-ba9a-b668467be094",
	"77552e13-265a-4a67-beca-bb6af5f15d0b",
	"77552e13-265a-4a67-beca-bb6af5f15d0b",
	'System',
	'',
	0);
INSERT INTO PE_PE
	VALUES ("b87fa9df-8932-48e6-af31-9da765dda9b6",
	1,
	"83d1f9e7-250e-4a5d-ba9a-b668467be094",
	"00000000-0000-0000-0000-000000000000",
	21);
INSERT INTO CL_IC
	VALUES ("b87fa9df-8932-48e6-af31-9da765dda9b6",
	"0968771f-8553-4274-be70-86a03e4e6267",
	"00000000-0000-0000-0000-000000000000",
	"00000000-0000-0000-0000-000000000000",
	0,
	'',
	'Hotel::Library::UserComponent',
	'');
INSERT INTO CL_IIR
	VALUES ("7ef91a63-fa66-4ad8-869b-003653653ceb",
	"59710e0c-1d62-4800-a82b-b80bbaed4667",
	"b87fa9df-8932-48e6-af31-9da765dda9b6",
	"00000000-0000-0000-0000-000000000000",
	'BookingProvider',
	'');
INSERT INTO CL_IR
	VALUES ("7ef91a63-fa66-4ad8-869b-003653653ceb",
	"e2fb5911-0168-4ff7-b1e9-42edb6b302fb",
	'BookingProvider',
	'');
INSERT INTO CL_IIR
	VALUES ("d2fb95e5-75a5-4c6d-9050-f0da0f0d03ee",
	"9a341639-f7bf-4aa4-8144-2c10b6728e8f",
	"b87fa9df-8932-48e6-af31-9da765dda9b6",
	"00000000-0000-0000-0000-000000000000",
	'StaffInterface',
	'');
INSERT INTO CL_IR
	VALUES ("d2fb95e5-75a5-4c6d-9050-f0da0f0d03ee",
	"2f139914-8bb3-4d43-b77f-464abd28ccf4",
	'StaffInterface',
	'');
INSERT INTO CL_IIR
	VALUES ("9cb3dfe4-bb09-48e5-af99-d7a65751402d",
	"76f56aa8-4b72-455e-9cb5-fde86fd2a663",
	"b87fa9df-8932-48e6-af31-9da765dda9b6",
	"00000000-0000-0000-0000-000000000000",
	'CustomerInterface',
	'');
INSERT INTO CL_IR
	VALUES ("9cb3dfe4-bb09-48e5-af99-d7a65751402d",
	"5df08f2b-e197-43da-9f6a-44222c1ddd16",
	'CustomerInterface',
	'');
INSERT INTO PE_PE
	VALUES ("bbe11919-26ee-49b9-aa56-ab2e61e7277d",
	1,
	"83d1f9e7-250e-4a5d-ba9a-b668467be094",
	"00000000-0000-0000-0000-000000000000",
	21);
INSERT INTO CL_IC
	VALUES ("bbe11919-26ee-49b9-aa56-ab2e61e7277d",
	"ab2192c8-8390-4631-9e2c-fca2a1f30c08",
	"00000000-0000-0000-0000-000000000000",
	"00000000-0000-0000-0000-000000000000",
	0,
	'',
	'Hotel::Library::HotelComponent',
	'');
INSERT INTO CL_IIR
	VALUES ("dc3be18f-aacc-4934-82c7-08cdee6be792",
	"36293ad6-77b6-4c0b-a2dd-f02064f6189a",
	"bbe11919-26ee-49b9-aa56-ab2e61e7277d",
	"00000000-0000-0000-0000-000000000000",
	'BookingProvider',
	'');
INSERT INTO CL_IP
	VALUES ("dc3be18f-aacc-4934-82c7-08cdee6be792",
	'BookingProvider',
	'');
INSERT INTO CL_IPINS
	VALUES ("e2fb5911-0168-4ff7-b1e9-42edb6b302fb",
	"dc3be18f-aacc-4934-82c7-08cdee6be792");
INSERT INTO CL_IIR
	VALUES ("862fcfc8-27f6-4e42-8d82-2a77151a51a8",
	"9d173fe3-55ba-463f-a9f9-a5b42dd200a2",
	"bbe11919-26ee-49b9-aa56-ab2e61e7277d",
	"00000000-0000-0000-0000-000000000000",
	'StaffInterface',
	'');
INSERT INTO CL_IP
	VALUES ("862fcfc8-27f6-4e42-8d82-2a77151a51a8",
	'StaffInterface',
	'');
INSERT INTO CL_IPINS
	VALUES ("2f139914-8bb3-4d43-b77f-464abd28ccf4",
	"862fcfc8-27f6-4e42-8d82-2a77151a51a8");
INSERT INTO CL_IIR
	VALUES ("d2687404-1b40-4923-b60f-50052d29c8ef",
	"45f6ed17-28eb-49b4-b51e-26daf29a0cb3",
	"bbe11919-26ee-49b9-aa56-ab2e61e7277d",
	"00000000-0000-0000-0000-000000000000",
	'CustomerInterface',
	'');
INSERT INTO CL_IP
	VALUES ("d2687404-1b40-4923-b60f-50052d29c8ef",
	'CustomerInterface',
	'');
INSERT INTO CL_IPINS
	VALUES ("5df08f2b-e197-43da-9f6a-44222c1ddd16",
	"d2687404-1b40-4923-b60f-50052d29c8ef");
INSERT INTO CL_IIR
	VALUES ("8a9aa328-c849-4546-b704-8aa53c470a3d",
	"e5700c6d-f43b-47a0-ac2d-0a9428c49aaf",
	"bbe11919-26ee-49b9-aa56-ab2e61e7277d",
	"00000000-0000-0000-0000-000000000000",
	'PaymentProviderInterface',
	'');
INSERT INTO CL_IR
	VALUES ("8a9aa328-c849-4546-b704-8aa53c470a3d",
	"60546209-48da-46ef-bbd6-db955da1a0aa",
	'PaymentProviderInterface',
	'');
INSERT INTO PE_PE
	VALUES ("2efbdf33-133e-4e63-96fc-dd2955bd0db4",
	1,
	"83d1f9e7-250e-4a5d-ba9a-b668467be094",
	"00000000-0000-0000-0000-000000000000",
	21);
INSERT INTO CL_IC
	VALUES ("2efbdf33-133e-4e63-96fc-dd2955bd0db4",
	"0f3bfbca-83c2-428b-8d47-eb45632d37c5",
	"00000000-0000-0000-0000-000000000000",
	"00000000-0000-0000-0000-000000000000",
	0,
	'',
	'Hotel::Library::PaymentServiceProviderComponent',
	'');
INSERT INTO CL_IIR
	VALUES ("b2ed17e5-2a1e-4082-bfeb-e0ac5785b60a",
	"a1f6da1a-693f-4e83-8ef3-260dc932b594",
	"2efbdf33-133e-4e63-96fc-dd2955bd0db4",
	"00000000-0000-0000-0000-000000000000",
	'PaymentProviderInterface',
	'');
INSERT INTO CL_IP
	VALUES ("b2ed17e5-2a1e-4082-bfeb-e0ac5785b60a",
	'PaymentProviderInterface',
	'');
INSERT INTO CL_IPINS
	VALUES ("60546209-48da-46ef-bbd6-db955da1a0aa",
	"b2ed17e5-2a1e-4082-bfeb-e0ac5785b60a");
INSERT INTO PE_PE
	VALUES ("2f139914-8bb3-4d43-b77f-464abd28ccf4",
	1,
	"83d1f9e7-250e-4a5d-ba9a-b668467be094",
	"00000000-0000-0000-0000-000000000000",
	22);
INSERT INTO C_SF
	VALUES ("2f139914-8bb3-4d43-b77f-464abd28ccf4",
	"9a341639-f7bf-4aa4-8144-2c10b6728e8f",
	"9d173fe3-55ba-463f-a9f9-a5b42dd200a2",
	'',
	'HotelComponent::StaffPort::StaffInterface -o)- UserComponent::Port1::StaffInterface');
INSERT INTO PE_PE
	VALUES ("e2fb5911-0168-4ff7-b1e9-42edb6b302fb",
	1,
	"83d1f9e7-250e-4a5d-ba9a-b668467be094",
	"00000000-0000-0000-0000-000000000000",
	22);
INSERT INTO C_SF
	VALUES ("e2fb5911-0168-4ff7-b1e9-42edb6b302fb",
	"59710e0c-1d62-4800-a82b-b80bbaed4667",
	"36293ad6-77b6-4c0b-a2dd-f02064f6189a",
	'',
	'HotelComponent::UserInterface::BookingProvider -o)- UserComponent::UserInterface::BookingProvider');
INSERT INTO PE_PE
	VALUES ("5df08f2b-e197-43da-9f6a-44222c1ddd16",
	1,
	"83d1f9e7-250e-4a5d-ba9a-b668467be094",
	"00000000-0000-0000-0000-000000000000",
	22);
INSERT INTO C_SF
	VALUES ("5df08f2b-e197-43da-9f6a-44222c1ddd16",
	"76f56aa8-4b72-455e-9cb5-fde86fd2a663",
	"45f6ed17-28eb-49b4-b51e-26daf29a0cb3",
	'',
	'HotelComponent::CustomerPort::CustomerInterface -o)- UserComponent::Port2::CustomerInterface');
INSERT INTO PE_PE
	VALUES ("60546209-48da-46ef-bbd6-db955da1a0aa",
	1,
	"83d1f9e7-250e-4a5d-ba9a-b668467be094",
	"00000000-0000-0000-0000-000000000000",
	22);
INSERT INTO C_SF
	VALUES ("60546209-48da-46ef-bbd6-db955da1a0aa",
	"e5700c6d-f43b-47a0-ac2d-0a9428c49aaf",
	"a1f6da1a-693f-4e83-8ef3-260dc932b594",
	'',
	'PaymentServiceProviderComponent::Port1::PaymentProviderInterface -o)- HotelComponent::PaymentProviderPort::PaymentProviderInterface');
INSERT INTO PE_PE
	VALUES ("ba5eda7a-def5-0000-0000-000000000000",
	1,
	"00000000-0000-0000-0000-000000000000",
	"00000000-0000-0000-0000-000000000000",
	3);
INSERT INTO S_DT
	VALUES ("ba5eda7a-def5-0000-0000-000000000000",
	"00000000-0000-0000-0000-000000000000",
	'void',
	'',
	'');
INSERT INTO S_CDT
	VALUES ("ba5eda7a-def5-0000-0000-000000000000",
	0);
INSERT INTO PE_PE
	VALUES ("ba5eda7a-def5-0000-0000-000000000001",
	1,
	"00000000-0000-0000-0000-000000000000",
	"00000000-0000-0000-0000-000000000000",
	3);
INSERT INTO S_DT
	VALUES ("ba5eda7a-def5-0000-0000-000000000001",
	"00000000-0000-0000-0000-000000000000",
	'boolean',
	'',
	'');
INSERT INTO S_CDT
	VALUES ("ba5eda7a-def5-0000-0000-000000000001",
	1);
INSERT INTO PE_PE
	VALUES ("ba5eda7a-def5-0000-0000-000000000002",
	1,
	"00000000-0000-0000-0000-000000000000",
	"00000000-0000-0000-0000-000000000000",
	3);
INSERT INTO S_DT
	VALUES ("ba5eda7a-def5-0000-0000-000000000002",
	"00000000-0000-0000-0000-000000000000",
	'integer',
	'',
	'');
INSERT INTO S_CDT
	VALUES ("ba5eda7a-def5-0000-0000-000000000002",
	2);
INSERT INTO PE_PE
	VALUES ("ba5eda7a-def5-0000-0000-000000000003",
	1,
	"00000000-0000-0000-0000-000000000000",
	"00000000-0000-0000-0000-000000000000",
	3);
INSERT INTO S_DT
	VALUES ("ba5eda7a-def5-0000-0000-000000000003",
	"00000000-0000-0000-0000-000000000000",
	'real',
	'',
	'');
INSERT INTO S_CDT
	VALUES ("ba5eda7a-def5-0000-0000-000000000003",
	3);
INSERT INTO PE_PE
	VALUES ("ba5eda7a-def5-0000-0000-000000000004",
	1,
	"00000000-0000-0000-0000-000000000000",
	"00000000-0000-0000-0000-000000000000",
	3);
INSERT INTO S_DT
	VALUES ("ba5eda7a-def5-0000-0000-000000000004",
	"00000000-0000-0000-0000-000000000000",
	'string',
	'',
	'');
INSERT INTO S_CDT
	VALUES ("ba5eda7a-def5-0000-0000-000000000004",
	4);
INSERT INTO PE_PE
	VALUES ("ba5eda7a-def5-0000-0000-000000000005",
	1,
	"00000000-0000-0000-0000-000000000000",
	"00000000-0000-0000-0000-000000000000",
	3);
INSERT INTO S_DT
	VALUES ("ba5eda7a-def5-0000-0000-000000000005",
	"00000000-0000-0000-0000-000000000000",
	'unique_id',
	'',
	'');
INSERT INTO S_CDT
	VALUES ("ba5eda7a-def5-0000-0000-000000000005",
	5);
INSERT INTO PE_PE
	VALUES ("ba5eda7a-def5-0000-0000-000000000006",
	1,
	"00000000-0000-0000-0000-000000000000",
	"00000000-0000-0000-0000-000000000000",
	3);
INSERT INTO S_DT
	VALUES ("ba5eda7a-def5-0000-0000-000000000006",
	"00000000-0000-0000-0000-000000000000",
	'state<State_Model>',
	'',
	'');
INSERT INTO S_CDT
	VALUES ("ba5eda7a-def5-0000-0000-000000000006",
	6);
INSERT INTO PE_PE
	VALUES ("ba5eda7a-def5-0000-0000-000000000007",
	1,
	"00000000-0000-0000-0000-000000000000",
	"00000000-0000-0000-0000-000000000000",
	3);
INSERT INTO S_DT
	VALUES ("ba5eda7a-def5-0000-0000-000000000007",
	"00000000-0000-0000-0000-000000000000",
	'same_as<Base_Attribute>',
	'',
	'');
INSERT INTO S_CDT
	VALUES ("ba5eda7a-def5-0000-0000-000000000007",
	7);
INSERT INTO PE_PE
	VALUES ("ba5eda7a-def5-0000-0000-000000000008",
	1,
	"00000000-0000-0000-0000-000000000000",
	"00000000-0000-0000-0000-000000000000",
	3);
INSERT INTO S_DT
	VALUES ("ba5eda7a-def5-0000-0000-000000000008",
	"00000000-0000-0000-0000-000000000000",
	'inst_ref<Object>',
	'',
	'');
INSERT INTO S_CDT
	VALUES ("ba5eda7a-def5-0000-0000-000000000008",
	8);
INSERT INTO PE_PE
	VALUES ("ba5eda7a-def5-0000-0000-000000000009",
	1,
	"00000000-0000-0000-0000-000000000000",
	"00000000-0000-0000-0000-000000000000",
	3);
INSERT INTO S_DT
	VALUES ("ba5eda7a-def5-0000-0000-000000000009",
	"00000000-0000-0000-0000-000000000000",
	'inst_ref_set<Object>',
	'',
	'');
INSERT INTO S_CDT
	VALUES ("ba5eda7a-def5-0000-0000-000000000009",
	9);
INSERT INTO PE_PE
	VALUES ("ba5eda7a-def5-0000-0000-00000000000a",
	1,
	"00000000-0000-0000-0000-000000000000",
	"00000000-0000-0000-0000-000000000000",
	3);
INSERT INTO S_DT
	VALUES ("ba5eda7a-def5-0000-0000-00000000000a",
	"00000000-0000-0000-0000-000000000000",
	'inst<Event>',
	'',
	'');
INSERT INTO S_CDT
	VALUES ("ba5eda7a-def5-0000-0000-00000000000a",
	10);
INSERT INTO PE_PE
	VALUES ("ba5eda7a-def5-0000-0000-00000000000b",
	1,
	"00000000-0000-0000-0000-000000000000",
	"00000000-0000-0000-0000-000000000000",
	3);
INSERT INTO S_DT
	VALUES ("ba5eda7a-def5-0000-0000-00000000000b",
	"00000000-0000-0000-0000-000000000000",
	'inst<Mapping>',
	'',
	'');
INSERT INTO S_CDT
	VALUES ("ba5eda7a-def5-0000-0000-00000000000b",
	11);
INSERT INTO PE_PE
	VALUES ("ba5eda7a-def5-0000-0000-00000000000c",
	1,
	"00000000-0000-0000-0000-000000000000",
	"00000000-0000-0000-0000-000000000000",
	3);
INSERT INTO S_DT
	VALUES ("ba5eda7a-def5-0000-0000-00000000000c",
	"00000000-0000-0000-0000-000000000000",
	'inst_ref<Mapping>',
	'',
	'');
INSERT INTO S_CDT
	VALUES ("ba5eda7a-def5-0000-0000-00000000000c",
	12);
INSERT INTO PE_PE
	VALUES ("ba5eda7a-def5-0000-0000-00000000000d",
	1,
	"00000000-0000-0000-0000-000000000000",
	"00000000-0000-0000-0000-000000000000",
	3);
INSERT INTO S_DT
	VALUES ("ba5eda7a-def5-0000-0000-00000000000d",
	"00000000-0000-0000-0000-000000000000",
	'component_ref',
	'',
	'');
INSERT INTO S_CDT
	VALUES ("ba5eda7a-def5-0000-0000-00000000000d",
	13);
INSERT INTO PE_PE
	VALUES ("ba5eda7a-def5-0000-0000-00000000000e",
	1,
	"00000000-0000-0000-0000-000000000000",
	"00000000-0000-0000-0000-000000000000",
	3);
INSERT INTO S_DT
	VALUES ("ba5eda7a-def5-0000-0000-00000000000e",
	"00000000-0000-0000-0000-000000000000",
	'date',
	'',
	'');
INSERT INTO S_UDT
	VALUES ("ba5eda7a-def5-0000-0000-00000000000e",
	"ba5eda7a-def5-0000-0000-00000000000b",
	1);
INSERT INTO PE_PE
	VALUES ("ba5eda7a-def5-0000-0000-00000000000f",
	1,
	"00000000-0000-0000-0000-000000000000",
	"00000000-0000-0000-0000-000000000000",
	3);
INSERT INTO S_DT
	VALUES ("ba5eda7a-def5-0000-0000-00000000000f",
	"00000000-0000-0000-0000-000000000000",
	'inst_ref<Timer>',
	'',
	'');
INSERT INTO S_UDT
	VALUES ("ba5eda7a-def5-0000-0000-00000000000f",
	"ba5eda7a-def5-0000-0000-00000000000c",
	3);
INSERT INTO PE_PE
	VALUES ("ba5eda7a-def5-0000-0000-000000000010",
	1,
	"00000000-0000-0000-0000-000000000000",
	"00000000-0000-0000-0000-000000000000",
	3);
INSERT INTO S_DT
	VALUES ("ba5eda7a-def5-0000-0000-000000000010",
	"00000000-0000-0000-0000-000000000000",
	'timestamp',
	'',
	'');
INSERT INTO S_UDT
	VALUES ("ba5eda7a-def5-0000-0000-000000000010",
	"ba5eda7a-def5-0000-0000-00000000000b",
	2);
